ISO-10303-21;
HEADER;
/* Generated by software containing ST-Developer
 * from STEP Tools, Inc. (www.steptools.com) 
 */

FILE_DESCRIPTION(
/* description */ (''),
/* implementation_level */ '2;1');

FILE_NAME(
/* name */ 'keystone_plate_2_gang.step',
/* time_stamp */ '2023-09-12T06:47:32-04:00',
/* author */ (''),
/* organization */ (''),
/* preprocessor_version */ 'ST-DEVELOPER v20',
/* originating_system */ 'Autodesk Translation Framework v12.9.0.99',
/* authorisation */ '');

FILE_SCHEMA (('AUTOMOTIVE_DESIGN { 1 0 10303 214 3 1 1 }'));
ENDSEC;

DATA;
#10=MECHANICAL_DESIGN_GEOMETRIC_PRESENTATION_REPRESENTATION('',(#13),#2371);
#11=SHAPE_REPRESENTATION_RELATIONSHIP('SRR','None',#2378,#12);
#12=ADVANCED_BREP_SHAPE_REPRESENTATION('',(#14),#2370);
#13=STYLED_ITEM('',(#2391),#14);
#14=MANIFOLD_SOLID_BREP('2_gang_plate (1)',#1203);
#15=CONICAL_SURFACE('',#1297,2.746248,0.715584993317677);
#16=CONICAL_SURFACE('',#1303,2.746248,0.715584993317677);
#17=CONICAL_SURFACE('',#1309,2.746248,0.715584993317677);
#18=CONICAL_SURFACE('',#1315,2.746248,0.715584993317677);
#19=B_SPLINE_SURFACE_WITH_KNOTS('',3,3,((#1858,#1859,#1860,#1861,#1862,
#1863,#1864,#1865),(#1866,#1867,#1868,#1869,#1870,#1871,#1872,#1873),(#1874,
#1875,#1876,#1877,#1878,#1879,#1880,#1881),(#1882,#1883,#1884,#1885,#1886,
#1887,#1888,#1889),(#1890,#1891,#1892,#1893,#1894,#1895,#1896,#1897)),
 .UNSPECIFIED.,.F.,.F.,.F.,(4,1,4),(4,1,1,1,1,4),(0.,0.571428571428571,
1.),(3.11628668923717,3.28554571054406,3.45480473185095,3.6804834269268,
3.79332277446473,3.90616212200266),.UNSPECIFIED.);
#20=B_SPLINE_SURFACE_WITH_KNOTS('',3,3,((#1937,#1938,#1939,#1940,#1941,
#1942,#1943,#1944),(#1945,#1946,#1947,#1948,#1949,#1950,#1951,#1952),(#1953,
#1954,#1955,#1956,#1957,#1958,#1959,#1960),(#1961,#1962,#1963,#1964,#1965,
#1966,#1967,#1968),(#1969,#1970,#1971,#1972,#1973,#1974,#1975,#1976)),
 .UNSPECIFIED.,.F.,.F.,.F.,(4,1,4),(4,1,1,1,1,4),(0.,0.571428571428571,
1.),(0.226081991278787,0.338921338822257,0.451760686365726,0.564600033909196,
0.790278728996136,1.01595742408308),.UNSPECIFIED.);
#21=B_SPLINE_SURFACE_WITH_KNOTS('',3,3,((#2043,#2044,#2045,#2046,#2047,
#2048),(#2049,#2050,#2051,#2052,#2053,#2054),(#2055,#2056,#2057,#2058,#2059,
#2060),(#2061,#2062,#2063,#2064,#2065,#2066)),.UNSPECIFIED.,.F.,.F.,.F.,
(4,4),(4,2,4),(0.,1.),(-0.0278531659838158,0.,0.000159534762452457),
 .UNSPECIFIED.);
#22=B_SPLINE_SURFACE_WITH_KNOTS('',3,3,((#2068,#2069,#2070,#2071,#2072,
#2073),(#2074,#2075,#2076,#2077,#2078,#2079),(#2080,#2081,#2082,#2083,#2084,
#2085),(#2086,#2087,#2088,#2089,#2090,#2091)),.UNSPECIFIED.,.F.,.F.,.F.,
(4,4),(4,2,4),(0.,1.),(-0.0280126622145977,-0.0278530851853238,-3.03392881254489E-7),
 .UNSPECIFIED.);
#23=B_SPLINE_SURFACE_WITH_KNOTS('',3,3,((#2093,#2094,#2095,#2096),(#2097,
#2098,#2099,#2100),(#2101,#2102,#2103,#2104),(#2105,#2106,#2107,#2108)),
 .UNSPECIFIED.,.F.,.F.,.F.,(4,4),(4,4),(0.,1.),(-0.604953599740454,-0.533536256802793),
 .UNSPECIFIED.);
#24=B_SPLINE_SURFACE_WITH_KNOTS('',3,3,((#2110,#2111,#2112,#2113),(#2114,
#2115,#2116,#2117),(#2118,#2119,#2120,#2121),(#2122,#2123,#2124,#2125)),
 .UNSPECIFIED.,.F.,.F.,.F.,(4,4),(4,4),(0.,1.),(-0.906539595237198,-0.835253814151979),
 .UNSPECIFIED.);
#25=B_SPLINE_SURFACE_WITH_KNOTS('',3,3,((#2127,#2128,#2129,#2130,#2131),
(#2132,#2133,#2134,#2135,#2136),(#2137,#2138,#2139,#2140,#2141),(#2142,
#2143,#2144,#2145,#2146)),.UNSPECIFIED.,.F.,.F.,.F.,(4,4),(4,1,4),(0.,1.),
(-0.838755754575682,-0.740371765991995,-0.609193114547078),
 .UNSPECIFIED.);
#26=TOROIDAL_SURFACE('',#1234,3.24999999999997,1.5);
#27=TOROIDAL_SURFACE('',#1242,3.24999999999999,1.5);
#28=TOROIDAL_SURFACE('',#1248,5.99999999999999,1.5);
#29=B_SPLINE_CURVE_WITH_KNOTS('',3,(#1722,#1723,#1724,#1725),
 .UNSPECIFIED.,.F.,.F.,(4,4),(1.47134979061172,1.4907627078964),
 .UNSPECIFIED.);
#30=B_SPLINE_CURVE_WITH_KNOTS('',3,(#1734,#1735,#1736,#1737,#1738,#1739,
#1740,#1741,#1742,#1743,#1744,#1745,#1746,#1747),.UNSPECIFIED.,.F.,.F.,
(4,2,2,2,2,2,4),(-0.000605874506178082,0.,0.0380067574049808,0.0758812836903353,
0.138035126999669,0.194058243275683,0.247116646898622),.UNSPECIFIED.);
#31=B_SPLINE_CURVE_WITH_KNOTS('',3,(#1783,#1784,#1785,#1786,#1787,#1788,
#1789,#1790,#1791,#1792,#1793,#1794,#1795,#1796),.UNSPECIFIED.,.F.,.F.,
(4,2,2,2,2,2,4),(-0.000605874518553416,0.,0.0380068764924301,0.0758815203728092,
0.138035340672746,0.194058439126336,0.247116841127803),.UNSPECIFIED.);
#32=B_SPLINE_CURVE_WITH_KNOTS('',3,(#1798,#1799,#1800,#1801,#1802,#1803,
#1804,#1805,#1806,#1807,#1808,#1809,#1810,#1811),.UNSPECIFIED.,.F.,.F.,
(4,2,2,2,2,2,4),(-0.247007608046237,-0.246403482059999,-0.208506410035159,
-0.17074118751668,-0.10876671672671,-0.0529052800343588,0.),
 .UNSPECIFIED.);
#33=B_SPLINE_CURVE_WITH_KNOTS('',3,(#1814,#1815,#1816,#1817,#1818,#1819,
#1820,#1821,#1822,#1823,#1824,#1825,#1826,#1827),.UNSPECIFIED.,.F.,.F.,
(4,2,2,2,2,2,4),(-0.247007799769596,-0.246403673775868,-0.208506483305756,
-0.17074114383125,-0.108766696475976,-0.0529052779978154,0.),
 .UNSPECIFIED.);
#34=B_SPLINE_CURVE_WITH_KNOTS('',3,(#1836,#1837,#1838,#1839,#1840,#1841,
#1842,#1843),.UNSPECIFIED.,.F.,.F.,(4,1,1,1,1,4),(3.11628668923717,3.28554571054406,
3.45480473185095,3.6804834269268,3.79332277446473,3.90616212200266),
 .UNSPECIFIED.);
#35=B_SPLINE_CURVE_WITH_KNOTS('',3,(#1845,#1846,#1847,#1848,#1849,#1850,
#1851,#1852),.UNSPECIFIED.,.F.,.F.,(4,1,1,1,1,4),(0.226081991278787,0.338921338822257,
0.451760686365726,0.564600033909196,0.790278728996136,1.01595742408308),
 .UNSPECIFIED.);
#36=B_SPLINE_CURVE_WITH_KNOTS('',3,(#1899,#1900,#1901,#1902,#1903,#1904,
#1905,#1906,#1907,#1908,#1909,#1910,#1911,#1912,#1913,#1914,#1915,#1916,
#1917,#1918,#1919,#1920),.UNSPECIFIED.,.F.,.F.,(4,3,3,3,3,3,3,4),(0.,0.0100998752441285,
0.0197712423282381,0.024927481125633,0.0355197510151991,0.0371111321792436,
0.0494469475021012,0.0529477134332503),.UNSPECIFIED.);
#37=B_SPLINE_CURVE_WITH_KNOTS('',3,(#1921,#1922,#1923,#1924,#1925,#1926,
#1927,#1928,#1929,#1930,#1931,#1932,#1933,#1934,#1935,#1936),
 .UNSPECIFIED.,.F.,.F.,(4,3,3,3,3,4),(-3.87813484321958,-3.79344603478966,
-3.68058614386424,-3.45486636201341,-3.28557652562529,-3.11628668923717),
 .UNSPECIFIED.);
#38=B_SPLINE_CURVE_WITH_KNOTS('',3,(#1978,#1979,#1980,#1981,#1982,#1983,
#1984,#1985,#1986,#1987,#1988,#1989,#1990,#1991,#1992,#1993),
 .UNSPECIFIED.,.F.,.F.,(4,3,3,3,3,4),(-1.01595742408307,-0.790234534267289,
-0.564511644451504,-0.451650199543611,-0.338788754635719,-0.254109269814257),
 .UNSPECIFIED.);
#39=B_SPLINE_CURVE_WITH_KNOTS('',3,(#1994,#1995,#1996,#1997,#1998,#1999,
#2000),.UNSPECIFIED.,.F.,.F.,(4,3,4),(0.,0.0526679160004961,0.0529695823702329),
 .UNSPECIFIED.);
#40=B_SPLINE_CURVE_WITH_KNOTS('',3,(#2010,#2011,#2012,#2013,#2014),
 .UNSPECIFIED.,.F.,.F.,(4,1,4),(0.609193114547078,0.740371765991995,0.838755754575682),
 .UNSPECIFIED.);
#41=B_SPLINE_CURVE_WITH_KNOTS('',3,(#2019,#2020,#2021,#2022,#2023,#2024),
 .UNSPECIFIED.,.F.,.F.,(4,2,4),(3.03392881254489E-7,0.0278530851853238,
0.0280126617145089),.UNSPECIFIED.);
#42=B_SPLINE_CURVE_WITH_KNOTS('',3,(#2025,#2026,#2027,#2028),
 .UNSPECIFIED.,.F.,.F.,(4,4),(0.835253814151979,0.906539595237198),
 .UNSPECIFIED.);
#43=B_SPLINE_CURVE_WITH_KNOTS('',3,(#2032,#2033,#2034,#2035,#2036,#2037),
 .UNSPECIFIED.,.F.,.F.,(4,2,4),(-0.0001595339760684,0.,0.0278531659838158),
 .UNSPECIFIED.);
#44=B_SPLINE_CURVE_WITH_KNOTS('',3,(#2039,#2040,#2041,#2042),
 .UNSPECIFIED.,.F.,.F.,(4,4),(0.533536256802793,0.604953599740454),
 .UNSPECIFIED.);
#45=B_SPLINE_CURVE_WITH_KNOTS('',3,(#2159,#2160,#2161,#2162,#2163,#2164),
 .UNSPECIFIED.,.F.,.F.,(4,2,4),(2.02762549321508,2.15535292585852,2.20578114064905),
 .UNSPECIFIED.);
#46=B_SPLINE_CURVE_WITH_KNOTS('',3,(#2166,#2167,#2168,#2169,#2170,#2171),
 .UNSPECIFIED.,.F.,.F.,(4,2,4),(1.84946984578112,1.89989806057165,2.02762549321508),
 .UNSPECIFIED.);
#47=B_SPLINE_CURVE_WITH_KNOTS('',3,(#2190,#2191,#2192,#2193),
 .UNSPECIFIED.,.F.,.F.,(4,4),(0.479256457998924,0.49866937528335),
 .UNSPECIFIED.);
#48=B_SPLINE_CURVE_WITH_KNOTS('',3,(#2206,#2207,#2208,#2209,#2210,#2211,
#2212,#2213,#2214,#2215,#2216),.UNSPECIFIED.,.F.,.F.,(4,2,3,2,4),(2.52319625248076,
2.55816493236415,2.70350065762011,2.84883638287607,2.88380506275946),
 .UNSPECIFIED.);
#49=ELLIPSE('',#1225,4.24264068711927,2.99999999999999);
#50=ELLIPSE('',#1226,4.24264068711927,2.99999999999999);
#51=ELLIPSE('',#1228,4.24264068711928,2.99999999999999);
#52=ELLIPSE('',#1229,4.24264068711927,2.99999999999999);
#53=FACE_BOUND('',#158,.T.);
#54=FACE_BOUND('',#195,.T.);
#55=FACE_BOUND('',#196,.T.);
#56=FACE_BOUND('',#197,.T.);
#57=FACE_BOUND('',#198,.T.);
#58=FACE_BOUND('',#199,.T.);
#59=FACE_BOUND('',#200,.T.);
#60=FACE_BOUND('',#202,.T.);
#61=FACE_BOUND('',#203,.T.);
#62=FACE_BOUND('',#204,.T.);
#63=FACE_BOUND('',#205,.T.);
#64=FACE_BOUND('',#206,.T.);
#65=FACE_BOUND('',#207,.T.);
#66=FACE_BOUND('',#224,.T.);
#67=PLANE('',#1220);
#68=PLANE('',#1222);
#69=PLANE('',#1223);
#70=PLANE('',#1263);
#71=PLANE('',#1270);
#72=PLANE('',#1274);
#73=PLANE('',#1278);
#74=PLANE('',#1279);
#75=PLANE('',#1284);
#76=PLANE('',#1285);
#77=PLANE('',#1287);
#78=PLANE('',#1292);
#79=PLANE('',#1325);
#80=PLANE('',#1326);
#81=PLANE('',#1327);
#82=PLANE('',#1328);
#83=PLANE('',#1329);
#84=PLANE('',#1330);
#85=PLANE('',#1331);
#86=PLANE('',#1332);
#87=PLANE('',#1333);
#88=PLANE('',#1334);
#89=PLANE('',#1335);
#90=PLANE('',#1336);
#91=PLANE('',#1337);
#92=FACE_OUTER_BOUND('',#156,.T.);
#93=FACE_OUTER_BOUND('',#157,.T.);
#94=FACE_OUTER_BOUND('',#159,.T.);
#95=FACE_OUTER_BOUND('',#160,.T.);
#96=FACE_OUTER_BOUND('',#161,.T.);
#97=FACE_OUTER_BOUND('',#162,.T.);
#98=FACE_OUTER_BOUND('',#163,.T.);
#99=FACE_OUTER_BOUND('',#164,.T.);
#100=FACE_OUTER_BOUND('',#165,.T.);
#101=FACE_OUTER_BOUND('',#166,.T.);
#102=FACE_OUTER_BOUND('',#167,.T.);
#103=FACE_OUTER_BOUND('',#168,.T.);
#104=FACE_OUTER_BOUND('',#169,.T.);
#105=FACE_OUTER_BOUND('',#170,.T.);
#106=FACE_OUTER_BOUND('',#171,.T.);
#107=FACE_OUTER_BOUND('',#172,.T.);
#108=FACE_OUTER_BOUND('',#173,.T.);
#109=FACE_OUTER_BOUND('',#174,.T.);
#110=FACE_OUTER_BOUND('',#175,.T.);
#111=FACE_OUTER_BOUND('',#176,.T.);
#112=FACE_OUTER_BOUND('',#177,.T.);
#113=FACE_OUTER_BOUND('',#178,.T.);
#114=FACE_OUTER_BOUND('',#179,.T.);
#115=FACE_OUTER_BOUND('',#180,.T.);
#116=FACE_OUTER_BOUND('',#181,.T.);
#117=FACE_OUTER_BOUND('',#182,.T.);
#118=FACE_OUTER_BOUND('',#183,.T.);
#119=FACE_OUTER_BOUND('',#184,.T.);
#120=FACE_OUTER_BOUND('',#185,.T.);
#121=FACE_OUTER_BOUND('',#186,.T.);
#122=FACE_OUTER_BOUND('',#187,.T.);
#123=FACE_OUTER_BOUND('',#188,.T.);
#124=FACE_OUTER_BOUND('',#189,.T.);
#125=FACE_OUTER_BOUND('',#190,.T.);
#126=FACE_OUTER_BOUND('',#191,.T.);
#127=FACE_OUTER_BOUND('',#192,.T.);
#128=FACE_OUTER_BOUND('',#193,.T.);
#129=FACE_OUTER_BOUND('',#194,.T.);
#130=FACE_OUTER_BOUND('',#201,.T.);
#131=FACE_OUTER_BOUND('',#208,.T.);
#132=FACE_OUTER_BOUND('',#209,.T.);
#133=FACE_OUTER_BOUND('',#210,.T.);
#134=FACE_OUTER_BOUND('',#211,.T.);
#135=FACE_OUTER_BOUND('',#212,.T.);
#136=FACE_OUTER_BOUND('',#213,.T.);
#137=FACE_OUTER_BOUND('',#214,.T.);
#138=FACE_OUTER_BOUND('',#215,.T.);
#139=FACE_OUTER_BOUND('',#216,.T.);
#140=FACE_OUTER_BOUND('',#217,.T.);
#141=FACE_OUTER_BOUND('',#218,.T.);
#142=FACE_OUTER_BOUND('',#219,.T.);
#143=FACE_OUTER_BOUND('',#220,.T.);
#144=FACE_OUTER_BOUND('',#221,.T.);
#145=FACE_OUTER_BOUND('',#222,.T.);
#146=FACE_OUTER_BOUND('',#223,.T.);
#147=FACE_OUTER_BOUND('',#225,.T.);
#148=FACE_OUTER_BOUND('',#226,.T.);
#149=FACE_OUTER_BOUND('',#227,.T.);
#150=FACE_OUTER_BOUND('',#228,.T.);
#151=FACE_OUTER_BOUND('',#229,.T.);
#152=FACE_OUTER_BOUND('',#230,.T.);
#153=FACE_OUTER_BOUND('',#231,.T.);
#154=FACE_OUTER_BOUND('',#232,.T.);
#155=FACE_OUTER_BOUND('',#233,.T.);
#156=EDGE_LOOP('',(#764,#765,#766,#767));
#157=EDGE_LOOP('',(#768,#769,#770,#771));
#158=EDGE_LOOP('',(#772));
#159=EDGE_LOOP('',(#773,#774,#775,#776));
#160=EDGE_LOOP('',(#777,#778,#779,#780));
#161=EDGE_LOOP('',(#781,#782,#783,#784));
#162=EDGE_LOOP('',(#785,#786,#787,#788));
#163=EDGE_LOOP('',(#789,#790,#791,#792,#793));
#164=EDGE_LOOP('',(#794,#795,#796,#797));
#165=EDGE_LOOP('',(#798,#799,#800,#801,#802,#803));
#166=EDGE_LOOP('',(#804,#805,#806,#807));
#167=EDGE_LOOP('',(#808,#809,#810,#811,#812,#813));
#168=EDGE_LOOP('',(#814,#815,#816,#817,#818,#819,#820,#821,#822,#823));
#169=EDGE_LOOP('',(#824,#825,#826,#827));
#170=EDGE_LOOP('',(#828,#829,#830,#831,#832,#833));
#171=EDGE_LOOP('',(#834,#835,#836,#837));
#172=EDGE_LOOP('',(#838,#839,#840,#841));
#173=EDGE_LOOP('',(#842,#843,#844,#845));
#174=EDGE_LOOP('',(#846,#847,#848,#849));
#175=EDGE_LOOP('',(#850,#851,#852,#853));
#176=EDGE_LOOP('',(#854,#855,#856,#857,#858,#859));
#177=EDGE_LOOP('',(#860,#861,#862,#863,#864,#865));
#178=EDGE_LOOP('',(#866,#867,#868,#869,#870,#871));
#179=EDGE_LOOP('',(#872,#873,#874));
#180=EDGE_LOOP('',(#875,#876,#877));
#181=EDGE_LOOP('',(#878,#879,#880,#881));
#182=EDGE_LOOP('',(#882,#883,#884,#885));
#183=EDGE_LOOP('',(#886,#887,#888,#889));
#184=EDGE_LOOP('',(#890,#891,#892,#893));
#185=EDGE_LOOP('',(#894,#895,#896,#897,#898,#899,#900,#901));
#186=EDGE_LOOP('',(#902,#903,#904,#905,#906,#907));
#187=EDGE_LOOP('',(#908,#909,#910,#911,#912));
#188=EDGE_LOOP('',(#913,#914,#915,#916));
#189=EDGE_LOOP('',(#917,#918,#919,#920,#921,#922,#923,#924));
#190=EDGE_LOOP('',(#925,#926,#927,#928,#929,#930,#931,#932));
#191=EDGE_LOOP('',(#933,#934,#935,#936));
#192=EDGE_LOOP('',(#937,#938,#939,#940));
#193=EDGE_LOOP('',(#941,#942,#943,#944,#945,#946,#947));
#194=EDGE_LOOP('',(#948,#949,#950,#951));
#195=EDGE_LOOP('',(#952,#953,#954,#955,#956,#957));
#196=EDGE_LOOP('',(#958));
#197=EDGE_LOOP('',(#959));
#198=EDGE_LOOP('',(#960));
#199=EDGE_LOOP('',(#961));
#200=EDGE_LOOP('',(#962));
#201=EDGE_LOOP('',(#963,#964,#965,#966));
#202=EDGE_LOOP('',(#967));
#203=EDGE_LOOP('',(#968,#969,#970,#971,#972,#973,#974,#975,#976,#977,#978,
#979,#980,#981,#982,#983));
#204=EDGE_LOOP('',(#984));
#205=EDGE_LOOP('',(#985));
#206=EDGE_LOOP('',(#986));
#207=EDGE_LOOP('',(#987));
#208=EDGE_LOOP('',(#988,#989,#990,#991,#992,#993));
#209=EDGE_LOOP('',(#994,#995,#996,#997,#998));
#210=EDGE_LOOP('',(#999,#1000,#1001,#1002,#1003,#1004));
#211=EDGE_LOOP('',(#1005,#1006,#1007,#1008,#1009));
#212=EDGE_LOOP('',(#1010,#1011,#1012,#1013,#1014,#1015));
#213=EDGE_LOOP('',(#1016,#1017,#1018,#1019,#1020));
#214=EDGE_LOOP('',(#1021,#1022,#1023,#1024,#1025,#1026));
#215=EDGE_LOOP('',(#1027,#1028,#1029,#1030,#1031));
#216=EDGE_LOOP('',(#1032,#1033,#1034,#1035,#1036));
#217=EDGE_LOOP('',(#1037,#1038,#1039,#1040,#1041));
#218=EDGE_LOOP('',(#1042,#1043,#1044,#1045,#1046));
#219=EDGE_LOOP('',(#1047,#1048,#1049,#1050,#1051));
#220=EDGE_LOOP('',(#1052,#1053,#1054,#1055));
#221=EDGE_LOOP('',(#1056,#1057,#1058,#1059,#1060,#1061));
#222=EDGE_LOOP('',(#1062,#1063,#1064,#1065));
#223=EDGE_LOOP('',(#1066,#1067,#1068,#1069));
#224=EDGE_LOOP('',(#1070,#1071,#1072,#1073));
#225=EDGE_LOOP('',(#1074,#1075,#1076,#1077));
#226=EDGE_LOOP('',(#1078,#1079,#1080,#1081));
#227=EDGE_LOOP('',(#1082,#1083,#1084,#1085));
#228=EDGE_LOOP('',(#1086,#1087,#1088,#1089,#1090));
#229=EDGE_LOOP('',(#1091,#1092,#1093,#1094));
#230=EDGE_LOOP('',(#1095,#1096,#1097,#1098));
#231=EDGE_LOOP('',(#1099,#1100,#1101,#1102,#1103));
#232=EDGE_LOOP('',(#1104,#1105,#1106,#1107));
#233=EDGE_LOOP('',(#1108,#1109,#1110,#1111,#1112,#1113));
#234=LINE('',#1678,#325);
#235=LINE('',#1683,#326);
#236=LINE('',#1685,#327);
#237=LINE('',#1687,#328);
#238=LINE('',#1688,#329);
#239=LINE('',#1694,#330);
#240=LINE('',#1695,#331);
#241=LINE('',#1696,#332);
#242=LINE('',#1700,#333);
#243=LINE('',#1701,#334);
#244=LINE('',#1702,#335);
#245=LINE('',#1706,#336);
#246=LINE('',#1712,#337);
#247=LINE('',#1717,#338);
#248=LINE('',#1719,#339);
#249=LINE('',#1729,#340);
#250=LINE('',#1733,#341);
#251=LINE('',#1760,#342);
#252=LINE('',#1763,#343);
#253=LINE('',#1832,#344);
#254=LINE('',#1833,#345);
#255=LINE('',#2002,#346);
#256=LINE('',#2004,#347);
#257=LINE('',#2006,#348);
#258=LINE('',#2015,#349);
#259=LINE('',#2016,#350);
#260=LINE('',#2029,#351);
#261=LINE('',#2038,#352);
#262=LINE('',#2149,#353);
#263=LINE('',#2151,#354);
#264=LINE('',#2152,#355);
#265=LINE('',#2157,#356);
#266=LINE('',#2173,#357);
#267=LINE('',#2179,#358);
#268=LINE('',#2181,#359);
#269=LINE('',#2182,#360);
#270=LINE('',#2187,#361);
#271=LINE('',#2189,#362);
#272=LINE('',#2195,#363);
#273=LINE('',#2196,#364);
#274=LINE('',#2199,#365);
#275=LINE('',#2202,#366);
#276=LINE('',#2219,#367);
#277=LINE('',#2221,#368);
#278=LINE('',#2226,#369);
#279=LINE('',#2228,#370);
#280=LINE('',#2230,#371);
#281=LINE('',#2231,#372);
#282=LINE('',#2243,#373);
#283=LINE('',#2245,#374);
#284=LINE('',#2247,#375);
#285=LINE('',#2248,#376);
#286=LINE('',#2263,#377);
#287=LINE('',#2268,#378);
#288=LINE('',#2275,#379);
#289=LINE('',#2280,#380);
#290=LINE('',#2287,#381);
#291=LINE('',#2292,#382);
#292=LINE('',#2299,#383);
#293=LINE('',#2304,#384);
#294=LINE('',#2306,#385);
#295=LINE('',#2308,#386);
#296=LINE('',#2310,#387);
#297=LINE('',#2312,#388);
#298=LINE('',#2316,#389);
#299=LINE('',#2318,#390);
#300=LINE('',#2320,#391);
#301=LINE('',#2321,#392);
#302=LINE('',#2324,#393);
#303=LINE('',#2326,#394);
#304=LINE('',#2328,#395);
#305=LINE('',#2330,#396);
#306=LINE('',#2331,#397);
#307=LINE('',#2334,#398);
#308=LINE('',#2336,#399);
#309=LINE('',#2337,#400);
#310=LINE('',#2340,#401);
#311=LINE('',#2341,#402);
#312=LINE('',#2343,#403);
#313=LINE('',#2345,#404);
#314=LINE('',#2346,#405);
#315=LINE('',#2348,#406);
#316=LINE('',#2350,#407);
#317=LINE('',#2353,#408);
#318=LINE('',#2354,#409);
#319=LINE('',#2357,#410);
#320=LINE('',#2358,#411);
#321=LINE('',#2361,#412);
#322=LINE('',#2362,#413);
#323=LINE('',#2364,#414);
#324=LINE('',#2366,#415);
#325=VECTOR('',#1344,3.);
#326=VECTOR('',#1349,10.);
#327=VECTOR('',#1350,10.);
#328=VECTOR('',#1351,10.);
#329=VECTOR('',#1352,10.);
#330=VECTOR('',#1357,10.);
#331=VECTOR('',#1358,10.);
#332=VECTOR('',#1359,10.);
#333=VECTOR('',#1362,10.);
#334=VECTOR('',#1363,10.);
#335=VECTOR('',#1364,10.);
#336=VECTOR('',#1367,10.);
#337=VECTOR('',#1374,10.);
#338=VECTOR('',#1381,10.);
#339=VECTOR('',#1382,10.);
#340=VECTOR('',#1387,10.);
#341=VECTOR('',#1390,10.);
#342=VECTOR('',#1405,10.);
#343=VECTOR('',#1408,10.);
#344=VECTOR('',#1437,10.);
#345=VECTOR('',#1438,10.);
#346=VECTOR('',#1449,10.);
#347=VECTOR('',#1452,10.);
#348=VECTOR('',#1455,10.);
#349=VECTOR('',#1458,10.);
#350=VECTOR('',#1459,10.);
#351=VECTOR('',#1462,10.);
#352=VECTOR('',#1465,10.);
#353=VECTOR('',#1476,10.);
#354=VECTOR('',#1477,10.);
#355=VECTOR('',#1478,10.);
#356=VECTOR('',#1483,10.);
#357=VECTOR('',#1484,10.);
#358=VECTOR('',#1491,10.);
#359=VECTOR('',#1492,10.);
#360=VECTOR('',#1493,10.);
#361=VECTOR('',#1498,10.);
#362=VECTOR('',#1499,10.);
#363=VECTOR('',#1502,10.);
#364=VECTOR('',#1503,10.);
#365=VECTOR('',#1506,10.);
#366=VECTOR('',#1511,3.);
#367=VECTOR('',#1518,10.);
#368=VECTOR('',#1521,10.);
#369=VECTOR('',#1526,10.);
#370=VECTOR('',#1527,10.);
#371=VECTOR('',#1528,10.);
#372=VECTOR('',#1529,10.);
#373=VECTOR('',#1540,10.);
#374=VECTOR('',#1541,10.);
#375=VECTOR('',#1542,10.);
#376=VECTOR('',#1543,10.);
#377=VECTOR('',#1558,2.746248);
#378=VECTOR('',#1565,2.746248);
#379=VECTOR('',#1572,2.746248);
#380=VECTOR('',#1579,2.746248);
#381=VECTOR('',#1586,2.746248);
#382=VECTOR('',#1593,2.746248);
#383=VECTOR('',#1600,2.746248);
#384=VECTOR('',#1607,2.746248);
#385=VECTOR('',#1610,1.5);
#386=VECTOR('',#1613,1.5);
#387=VECTOR('',#1616,1.5);
#388=VECTOR('',#1619,1.5);
#389=VECTOR('',#1622,10.);
#390=VECTOR('',#1623,10.);
#391=VECTOR('',#1624,10.);
#392=VECTOR('',#1625,10.);
#393=VECTOR('',#1628,10.);
#394=VECTOR('',#1629,10.);
#395=VECTOR('',#1630,10.);
#396=VECTOR('',#1631,10.);
#397=VECTOR('',#1632,10.);
#398=VECTOR('',#1635,10.);
#399=VECTOR('',#1636,10.);
#400=VECTOR('',#1637,10.);
#401=VECTOR('',#1640,10.);
#402=VECTOR('',#1641,10.);
#403=VECTOR('',#1642,10.);
#404=VECTOR('',#1643,10.);
#405=VECTOR('',#1644,10.);
#406=VECTOR('',#1647,10.);
#407=VECTOR('',#1650,10.);
#408=VECTOR('',#1653,10.);
#409=VECTOR('',#1654,10.);
#410=VECTOR('',#1657,10.);
#411=VECTOR('',#1658,10.);
#412=VECTOR('',#1663,10.);
#413=VECTOR('',#1664,10.);
#414=VECTOR('',#1667,10.);
#415=VECTOR('',#1670,10.);
#416=CIRCLE('',#1218,3.);
#417=CIRCLE('',#1219,3.);
#418=CIRCLE('',#1221,3.);
#419=CIRCLE('',#1231,2.99999999999999);
#420=CIRCLE('',#1233,1.5);
#421=CIRCLE('',#1235,3.24999999999997);
#422=CIRCLE('',#1236,1.5);
#423=CIRCLE('',#1237,1.50000000000122);
#424=CIRCLE('',#1238,3.24999999999997);
#425=CIRCLE('',#1239,1.50000000000122);
#426=CIRCLE('',#1241,1.5);
#427=CIRCLE('',#1243,3.24999999999999);
#428=CIRCLE('',#1244,1.49999999999999);
#429=CIRCLE('',#1245,1.50000000000122);
#430=CIRCLE('',#1246,3.24999999999999);
#431=CIRCLE('',#1247,1.50000000000122);
#432=CIRCLE('',#1249,4.49999999999999);
#433=CIRCLE('',#1250,1.5);
#434=CIRCLE('',#1251,5.99999999999999);
#435=CIRCLE('',#1252,5.99999999999999);
#436=CIRCLE('',#1253,5.99999999999999);
#437=CIRCLE('',#1254,1.5000000000003);
#438=CIRCLE('',#1257,4.49999999999999);
#439=CIRCLE('',#1258,4.49999999999999);
#440=CIRCLE('',#1259,4.49999999999999);
#441=CIRCLE('',#1266,1.5);
#442=CIRCLE('',#1267,1.5);
#443=CIRCLE('',#1268,1.5);
#444=CIRCLE('',#1269,1.5);
#445=CIRCLE('',#1272,3.);
#446=CIRCLE('',#1273,3.);
#447=CIRCLE('',#1275,3.);
#448=CIRCLE('',#1277,2.99999999999999);
#449=CIRCLE('',#1280,3.);
#450=CIRCLE('',#1282,3.);
#451=CIRCLE('',#1283,3.);
#452=CIRCLE('',#1288,2.746248);
#453=CIRCLE('',#1289,2.746248);
#454=CIRCLE('',#1290,2.746248);
#455=CIRCLE('',#1291,2.746248);
#456=CIRCLE('',#1293,1.5);
#457=CIRCLE('',#1294,1.5);
#458=CIRCLE('',#1295,1.5);
#459=CIRCLE('',#1296,1.5);
#460=CIRCLE('',#1298,1.5);
#461=CIRCLE('',#1299,1.5);
#462=CIRCLE('',#1300,2.746248);
#463=CIRCLE('',#1301,2.746248);
#464=CIRCLE('',#1304,1.5);
#465=CIRCLE('',#1305,1.5);
#466=CIRCLE('',#1306,2.746248);
#467=CIRCLE('',#1307,2.746248);
#468=CIRCLE('',#1310,1.5);
#469=CIRCLE('',#1311,1.5);
#470=CIRCLE('',#1312,2.746248);
#471=CIRCLE('',#1313,2.746248);
#472=CIRCLE('',#1316,1.5);
#473=CIRCLE('',#1317,1.5);
#474=CIRCLE('',#1318,2.746248);
#475=CIRCLE('',#1319,2.746248);
#476=VERTEX_POINT('',#1675);
#477=VERTEX_POINT('',#1677);
#478=VERTEX_POINT('',#1681);
#479=VERTEX_POINT('',#1682);
#480=VERTEX_POINT('',#1684);
#481=VERTEX_POINT('',#1686);
#482=VERTEX_POINT('',#1689);
#483=VERTEX_POINT('',#1692);
#484=VERTEX_POINT('',#1693);
#485=VERTEX_POINT('',#1698);
#486=VERTEX_POINT('',#1699);
#487=VERTEX_POINT('',#1704);
#488=VERTEX_POINT('',#1705);
#489=VERTEX_POINT('',#1710);
#490=VERTEX_POINT('',#1711);
#491=VERTEX_POINT('',#1716);
#492=VERTEX_POINT('',#1718);
#493=VERTEX_POINT('',#1720);
#494=VERTEX_POINT('',#1727);
#495=VERTEX_POINT('',#1728);
#496=VERTEX_POINT('',#1730);
#497=VERTEX_POINT('',#1732);
#498=VERTEX_POINT('',#1749);
#499=VERTEX_POINT('',#1751);
#500=VERTEX_POINT('',#1753);
#501=VERTEX_POINT('',#1755);
#502=VERTEX_POINT('',#1759);
#503=VERTEX_POINT('',#1761);
#504=VERTEX_POINT('',#1765);
#505=VERTEX_POINT('',#1767);
#506=VERTEX_POINT('',#1769);
#507=VERTEX_POINT('',#1771);
#508=VERTEX_POINT('',#1775);
#509=VERTEX_POINT('',#1776);
#510=VERTEX_POINT('',#1778);
#511=VERTEX_POINT('',#1780);
#512=VERTEX_POINT('',#1782);
#513=VERTEX_POINT('',#1797);
#514=VERTEX_POINT('',#1813);
#515=VERTEX_POINT('',#1828);
#516=VERTEX_POINT('',#1835);
#517=VERTEX_POINT('',#1844);
#518=VERTEX_POINT('',#1853);
#519=VERTEX_POINT('',#1855);
#520=VERTEX_POINT('',#1898);
#521=VERTEX_POINT('',#1977);
#522=VERTEX_POINT('',#2008);
#523=VERTEX_POINT('',#2009);
#524=VERTEX_POINT('',#2018);
#525=VERTEX_POINT('',#2031);
#526=VERTEX_POINT('',#2148);
#527=VERTEX_POINT('',#2150);
#528=VERTEX_POINT('',#2154);
#529=VERTEX_POINT('',#2156);
#530=VERTEX_POINT('',#2158);
#531=VERTEX_POINT('',#2165);
#532=VERTEX_POINT('',#2172);
#533=VERTEX_POINT('',#2176);
#534=VERTEX_POINT('',#2177);
#535=VERTEX_POINT('',#2180);
#536=VERTEX_POINT('',#2184);
#537=VERTEX_POINT('',#2185);
#538=VERTEX_POINT('',#2188);
#539=VERTEX_POINT('',#2198);
#540=VERTEX_POINT('',#2203);
#541=VERTEX_POINT('',#2205);
#542=VERTEX_POINT('',#2224);
#543=VERTEX_POINT('',#2225);
#544=VERTEX_POINT('',#2227);
#545=VERTEX_POINT('',#2229);
#546=VERTEX_POINT('',#2232);
#547=VERTEX_POINT('',#2234);
#548=VERTEX_POINT('',#2236);
#549=VERTEX_POINT('',#2238);
#550=VERTEX_POINT('',#2241);
#551=VERTEX_POINT('',#2242);
#552=VERTEX_POINT('',#2244);
#553=VERTEX_POINT('',#2246);
#554=VERTEX_POINT('',#2249);
#555=VERTEX_POINT('',#2251);
#556=VERTEX_POINT('',#2253);
#557=VERTEX_POINT('',#2255);
#558=VERTEX_POINT('',#2258);
#559=VERTEX_POINT('',#2259);
#560=VERTEX_POINT('',#2262);
#561=VERTEX_POINT('',#2264);
#562=VERTEX_POINT('',#2270);
#563=VERTEX_POINT('',#2271);
#564=VERTEX_POINT('',#2274);
#565=VERTEX_POINT('',#2276);
#566=VERTEX_POINT('',#2282);
#567=VERTEX_POINT('',#2283);
#568=VERTEX_POINT('',#2286);
#569=VERTEX_POINT('',#2288);
#570=VERTEX_POINT('',#2294);
#571=VERTEX_POINT('',#2295);
#572=VERTEX_POINT('',#2298);
#573=VERTEX_POINT('',#2300);
#574=VERTEX_POINT('',#2314);
#575=VERTEX_POINT('',#2315);
#576=VERTEX_POINT('',#2317);
#577=VERTEX_POINT('',#2319);
#578=VERTEX_POINT('',#2323);
#579=VERTEX_POINT('',#2325);
#580=VERTEX_POINT('',#2327);
#581=VERTEX_POINT('',#2329);
#582=VERTEX_POINT('',#2333);
#583=VERTEX_POINT('',#2335);
#584=VERTEX_POINT('',#2339);
#585=VERTEX_POINT('',#2342);
#586=VERTEX_POINT('',#2344);
#587=VERTEX_POINT('',#2352);
#588=VERTEX_POINT('',#2356);
#589=EDGE_CURVE('',#476,#476,#416,.T.);
#590=EDGE_CURVE('',#476,#477,#234,.T.);
#591=EDGE_CURVE('',#477,#477,#417,.T.);
#592=EDGE_CURVE('',#478,#479,#235,.T.);
#593=EDGE_CURVE('',#479,#480,#236,.T.);
#594=EDGE_CURVE('',#480,#481,#237,.T.);
#595=EDGE_CURVE('',#481,#478,#238,.T.);
#596=EDGE_CURVE('',#482,#482,#418,.T.);
#597=EDGE_CURVE('',#483,#484,#239,.T.);
#598=EDGE_CURVE('',#483,#479,#240,.T.);
#599=EDGE_CURVE('',#484,#478,#241,.T.);
#600=EDGE_CURVE('',#485,#486,#242,.T.);
#601=EDGE_CURVE('',#485,#481,#243,.T.);
#602=EDGE_CURVE('',#486,#480,#244,.T.);
#603=EDGE_CURVE('',#487,#488,#245,.T.);
#604=EDGE_CURVE('',#485,#488,#49,.T.);
#605=EDGE_CURVE('',#486,#487,#50,.T.);
#606=EDGE_CURVE('',#489,#490,#246,.T.);
#607=EDGE_CURVE('',#483,#490,#51,.T.);
#608=EDGE_CURVE('',#489,#484,#52,.T.);
#609=EDGE_CURVE('',#491,#483,#247,.F.);
#610=EDGE_CURVE('',#490,#492,#248,.T.);
#611=EDGE_CURVE('',#493,#492,#419,.F.);
#612=EDGE_CURVE('',#493,#491,#29,.F.);
#613=EDGE_CURVE('',#494,#495,#249,.T.);
#614=EDGE_CURVE('',#496,#495,#420,.T.);
#615=EDGE_CURVE('',#496,#497,#250,.T.);
#616=EDGE_CURVE('',#494,#497,#30,.T.);
#617=EDGE_CURVE('',#495,#498,#421,.T.);
#618=EDGE_CURVE('',#499,#498,#422,.T.);
#619=EDGE_CURVE('',#499,#500,#423,.T.);
#620=EDGE_CURVE('',#500,#501,#424,.T.);
#621=EDGE_CURVE('',#496,#501,#425,.T.);
#622=EDGE_CURVE('',#498,#502,#251,.T.);
#623=EDGE_CURVE('',#503,#502,#426,.T.);
#624=EDGE_CURVE('',#503,#499,#252,.T.);
#625=EDGE_CURVE('',#502,#504,#427,.T.);
#626=EDGE_CURVE('',#505,#504,#428,.T.);
#627=EDGE_CURVE('',#505,#506,#429,.T.);
#628=EDGE_CURVE('',#506,#507,#430,.T.);
#629=EDGE_CURVE('',#503,#507,#431,.T.);
#630=EDGE_CURVE('',#508,#509,#432,.T.);
#631=EDGE_CURVE('',#509,#510,#433,.T.);
#632=EDGE_CURVE('',#510,#511,#434,.T.);
#633=EDGE_CURVE('',#511,#512,#31,.T.);
#634=EDGE_CURVE('',#513,#512,#32,.T.);
#635=EDGE_CURVE('',#513,#494,#435,.T.);
#636=EDGE_CURVE('',#514,#497,#33,.T.);
#637=EDGE_CURVE('',#514,#515,#436,.T.);
#638=EDGE_CURVE('',#508,#515,#437,.T.);
#639=EDGE_CURVE('',#512,#505,#253,.T.);
#640=EDGE_CURVE('',#504,#513,#254,.T.);
#641=EDGE_CURVE('',#509,#516,#34,.T.);
#642=EDGE_CURVE('',#517,#508,#35,.T.);
#643=EDGE_CURVE('',#517,#518,#438,.T.);
#644=EDGE_CURVE('',#518,#519,#439,.T.);
#645=EDGE_CURVE('',#519,#516,#440,.T.);
#646=EDGE_CURVE('',#516,#520,#36,.F.);
#647=EDGE_CURVE('',#520,#510,#37,.T.);
#648=EDGE_CURVE('',#515,#521,#38,.T.);
#649=EDGE_CURVE('',#521,#517,#39,.F.);
#650=EDGE_CURVE('',#511,#506,#255,.T.);
#651=EDGE_CURVE('',#507,#500,#256,.T.);
#652=EDGE_CURVE('',#501,#514,#257,.T.);
#653=EDGE_CURVE('',#522,#523,#40,.T.);
#654=EDGE_CURVE('',#484,#522,#258,.T.);
#655=EDGE_CURVE('',#523,#485,#259,.T.);
#656=EDGE_CURVE('',#524,#520,#41,.T.);
#657=EDGE_CURVE('',#523,#524,#42,.T.);
#658=EDGE_CURVE('',#488,#510,#260,.T.);
#659=EDGE_CURVE('',#521,#525,#43,.T.);
#660=EDGE_CURVE('',#515,#489,#261,.T.);
#661=EDGE_CURVE('',#525,#522,#44,.T.);
#662=EDGE_CURVE('',#517,#525,#441,.T.);
#663=EDGE_CURVE('',#524,#516,#442,.T.);
#664=EDGE_CURVE('',#518,#522,#443,.T.);
#665=EDGE_CURVE('',#523,#519,#444,.T.);
#666=EDGE_CURVE('',#493,#526,#262,.T.);
#667=EDGE_CURVE('',#527,#492,#263,.T.);
#668=EDGE_CURVE('',#527,#526,#264,.T.);
#669=EDGE_CURVE('',#528,#526,#445,.T.);
#670=EDGE_CURVE('',#528,#529,#265,.T.);
#671=EDGE_CURVE('',#530,#529,#45,.T.);
#672=EDGE_CURVE('',#531,#530,#46,.T.);
#673=EDGE_CURVE('',#531,#532,#266,.T.);
#674=EDGE_CURVE('',#491,#532,#446,.F.);
#675=EDGE_CURVE('',#533,#534,#447,.T.);
#676=EDGE_CURVE('',#534,#528,#267,.T.);
#677=EDGE_CURVE('',#535,#527,#268,.T.);
#678=EDGE_CURVE('',#535,#533,#269,.T.);
#679=EDGE_CURVE('',#536,#537,#448,.T.);
#680=EDGE_CURVE('',#537,#487,#270,.T.);
#681=EDGE_CURVE('',#538,#486,#271,.T.);
#682=EDGE_CURVE('',#536,#538,#47,.T.);
#683=EDGE_CURVE('',#533,#536,#272,.T.);
#684=EDGE_CURVE('',#537,#535,#273,.T.);
#685=EDGE_CURVE('',#532,#539,#274,.T.);
#686=EDGE_CURVE('',#538,#539,#449,.T.);
#687=EDGE_CURVE('',#482,#530,#275,.T.);
#688=EDGE_CURVE('',#529,#540,#450,.T.);
#689=EDGE_CURVE('',#540,#541,#48,.F.);
#690=EDGE_CURVE('',#541,#531,#451,.T.);
#691=EDGE_CURVE('',#540,#534,#276,.T.);
#692=EDGE_CURVE('',#539,#541,#277,.T.);
#693=EDGE_CURVE('',#542,#543,#278,.T.);
#694=EDGE_CURVE('',#544,#543,#279,.T.);
#695=EDGE_CURVE('',#545,#544,#280,.T.);
#696=EDGE_CURVE('',#545,#542,#281,.T.);
#697=EDGE_CURVE('',#546,#546,#452,.T.);
#698=EDGE_CURVE('',#547,#547,#453,.T.);
#699=EDGE_CURVE('',#548,#548,#454,.T.);
#700=EDGE_CURVE('',#549,#549,#455,.T.);
#701=EDGE_CURVE('',#550,#551,#282,.T.);
#702=EDGE_CURVE('',#551,#552,#283,.T.);
#703=EDGE_CURVE('',#552,#553,#284,.T.);
#704=EDGE_CURVE('',#553,#550,#285,.T.);
#705=EDGE_CURVE('',#554,#554,#456,.T.);
#706=EDGE_CURVE('',#555,#555,#457,.T.);
#707=EDGE_CURVE('',#556,#556,#458,.T.);
#708=EDGE_CURVE('',#557,#557,#459,.T.);
#709=EDGE_CURVE('',#558,#559,#460,.T.);
#710=EDGE_CURVE('',#559,#558,#461,.T.);
#711=EDGE_CURVE('',#559,#560,#286,.T.);
#712=EDGE_CURVE('',#561,#560,#462,.T.);
#713=EDGE_CURVE('',#560,#561,#463,.T.);
#714=EDGE_CURVE('',#561,#546,#287,.T.);
#715=EDGE_CURVE('',#562,#563,#464,.T.);
#716=EDGE_CURVE('',#563,#562,#465,.T.);
#717=EDGE_CURVE('',#563,#564,#288,.T.);
#718=EDGE_CURVE('',#565,#564,#466,.T.);
#719=EDGE_CURVE('',#564,#565,#467,.T.);
#720=EDGE_CURVE('',#565,#547,#289,.T.);
#721=EDGE_CURVE('',#566,#567,#468,.T.);
#722=EDGE_CURVE('',#567,#566,#469,.T.);
#723=EDGE_CURVE('',#567,#568,#290,.T.);
#724=EDGE_CURVE('',#569,#568,#470,.T.);
#725=EDGE_CURVE('',#568,#569,#471,.T.);
#726=EDGE_CURVE('',#569,#548,#291,.T.);
#727=EDGE_CURVE('',#570,#571,#472,.T.);
#728=EDGE_CURVE('',#571,#570,#473,.T.);
#729=EDGE_CURVE('',#571,#572,#292,.T.);
#730=EDGE_CURVE('',#573,#572,#474,.T.);
#731=EDGE_CURVE('',#572,#573,#475,.T.);
#732=EDGE_CURVE('',#573,#549,#293,.T.);
#733=EDGE_CURVE('',#557,#558,#294,.T.);
#734=EDGE_CURVE('',#556,#570,#295,.T.);
#735=EDGE_CURVE('',#555,#566,#296,.T.);
#736=EDGE_CURVE('',#554,#562,#297,.T.);
#737=EDGE_CURVE('',#574,#575,#298,.T.);
#738=EDGE_CURVE('',#575,#576,#299,.T.);
#739=EDGE_CURVE('',#577,#576,#300,.T.);
#740=EDGE_CURVE('',#574,#577,#301,.T.);
#741=EDGE_CURVE('',#577,#578,#302,.T.);
#742=EDGE_CURVE('',#579,#578,#303,.T.);
#743=EDGE_CURVE('',#579,#580,#304,.T.);
#744=EDGE_CURVE('',#580,#581,#305,.T.);
#745=EDGE_CURVE('',#574,#581,#306,.T.);
#746=EDGE_CURVE('',#582,#550,#307,.T.);
#747=EDGE_CURVE('',#553,#583,#308,.T.);
#748=EDGE_CURVE('',#582,#583,#309,.T.);
#749=EDGE_CURVE('',#581,#584,#310,.T.);
#750=EDGE_CURVE('',#575,#584,#311,.T.);
#751=EDGE_CURVE('',#583,#585,#312,.T.);
#752=EDGE_CURVE('',#586,#585,#313,.T.);
#753=EDGE_CURVE('',#582,#586,#314,.T.);
#754=EDGE_CURVE('',#551,#586,#315,.T.);
#755=EDGE_CURVE('',#552,#585,#316,.T.);
#756=EDGE_CURVE('',#580,#587,#317,.T.);
#757=EDGE_CURVE('',#584,#587,#318,.T.);
#758=EDGE_CURVE('',#588,#587,#319,.T.);
#759=EDGE_CURVE('',#576,#588,#320,.T.);
#760=EDGE_CURVE('',#578,#543,#321,.T.);
#761=EDGE_CURVE('',#542,#579,#322,.T.);
#762=EDGE_CURVE('',#545,#587,#323,.T.);
#763=EDGE_CURVE('',#544,#588,#324,.T.);
#764=ORIENTED_EDGE('',*,*,#589,.F.);
#765=ORIENTED_EDGE('',*,*,#590,.T.);
#766=ORIENTED_EDGE('',*,*,#591,.F.);
#767=ORIENTED_EDGE('',*,*,#590,.F.);
#768=ORIENTED_EDGE('',*,*,#592,.T.);
#769=ORIENTED_EDGE('',*,*,#593,.T.);
#770=ORIENTED_EDGE('',*,*,#594,.T.);
#771=ORIENTED_EDGE('',*,*,#595,.T.);
#772=ORIENTED_EDGE('',*,*,#596,.T.);
#773=ORIENTED_EDGE('',*,*,#597,.F.);
#774=ORIENTED_EDGE('',*,*,#598,.T.);
#775=ORIENTED_EDGE('',*,*,#592,.F.);
#776=ORIENTED_EDGE('',*,*,#599,.F.);
#777=ORIENTED_EDGE('',*,*,#600,.F.);
#778=ORIENTED_EDGE('',*,*,#601,.T.);
#779=ORIENTED_EDGE('',*,*,#594,.F.);
#780=ORIENTED_EDGE('',*,*,#602,.F.);
#781=ORIENTED_EDGE('',*,*,#603,.T.);
#782=ORIENTED_EDGE('',*,*,#604,.F.);
#783=ORIENTED_EDGE('',*,*,#600,.T.);
#784=ORIENTED_EDGE('',*,*,#605,.T.);
#785=ORIENTED_EDGE('',*,*,#606,.T.);
#786=ORIENTED_EDGE('',*,*,#607,.F.);
#787=ORIENTED_EDGE('',*,*,#597,.T.);
#788=ORIENTED_EDGE('',*,*,#608,.F.);
#789=ORIENTED_EDGE('',*,*,#609,.T.);
#790=ORIENTED_EDGE('',*,*,#607,.T.);
#791=ORIENTED_EDGE('',*,*,#610,.T.);
#792=ORIENTED_EDGE('',*,*,#611,.F.);
#793=ORIENTED_EDGE('',*,*,#612,.T.);
#794=ORIENTED_EDGE('',*,*,#613,.T.);
#795=ORIENTED_EDGE('',*,*,#614,.F.);
#796=ORIENTED_EDGE('',*,*,#615,.T.);
#797=ORIENTED_EDGE('',*,*,#616,.F.);
#798=ORIENTED_EDGE('',*,*,#614,.T.);
#799=ORIENTED_EDGE('',*,*,#617,.T.);
#800=ORIENTED_EDGE('',*,*,#618,.F.);
#801=ORIENTED_EDGE('',*,*,#619,.T.);
#802=ORIENTED_EDGE('',*,*,#620,.T.);
#803=ORIENTED_EDGE('',*,*,#621,.F.);
#804=ORIENTED_EDGE('',*,*,#618,.T.);
#805=ORIENTED_EDGE('',*,*,#622,.T.);
#806=ORIENTED_EDGE('',*,*,#623,.F.);
#807=ORIENTED_EDGE('',*,*,#624,.T.);
#808=ORIENTED_EDGE('',*,*,#623,.T.);
#809=ORIENTED_EDGE('',*,*,#625,.T.);
#810=ORIENTED_EDGE('',*,*,#626,.F.);
#811=ORIENTED_EDGE('',*,*,#627,.T.);
#812=ORIENTED_EDGE('',*,*,#628,.T.);
#813=ORIENTED_EDGE('',*,*,#629,.F.);
#814=ORIENTED_EDGE('',*,*,#630,.T.);
#815=ORIENTED_EDGE('',*,*,#631,.T.);
#816=ORIENTED_EDGE('',*,*,#632,.T.);
#817=ORIENTED_EDGE('',*,*,#633,.T.);
#818=ORIENTED_EDGE('',*,*,#634,.F.);
#819=ORIENTED_EDGE('',*,*,#635,.T.);
#820=ORIENTED_EDGE('',*,*,#616,.T.);
#821=ORIENTED_EDGE('',*,*,#636,.F.);
#822=ORIENTED_EDGE('',*,*,#637,.T.);
#823=ORIENTED_EDGE('',*,*,#638,.F.);
#824=ORIENTED_EDGE('',*,*,#639,.T.);
#825=ORIENTED_EDGE('',*,*,#626,.T.);
#826=ORIENTED_EDGE('',*,*,#640,.T.);
#827=ORIENTED_EDGE('',*,*,#634,.T.);
#828=ORIENTED_EDGE('',*,*,#641,.F.);
#829=ORIENTED_EDGE('',*,*,#630,.F.);
#830=ORIENTED_EDGE('',*,*,#642,.F.);
#831=ORIENTED_EDGE('',*,*,#643,.T.);
#832=ORIENTED_EDGE('',*,*,#644,.T.);
#833=ORIENTED_EDGE('',*,*,#645,.T.);
#834=ORIENTED_EDGE('',*,*,#646,.T.);
#835=ORIENTED_EDGE('',*,*,#647,.T.);
#836=ORIENTED_EDGE('',*,*,#631,.F.);
#837=ORIENTED_EDGE('',*,*,#641,.T.);
#838=ORIENTED_EDGE('',*,*,#638,.T.);
#839=ORIENTED_EDGE('',*,*,#648,.T.);
#840=ORIENTED_EDGE('',*,*,#649,.T.);
#841=ORIENTED_EDGE('',*,*,#642,.T.);
#842=ORIENTED_EDGE('',*,*,#650,.T.);
#843=ORIENTED_EDGE('',*,*,#627,.F.);
#844=ORIENTED_EDGE('',*,*,#639,.F.);
#845=ORIENTED_EDGE('',*,*,#633,.F.);
#846=ORIENTED_EDGE('',*,*,#619,.F.);
#847=ORIENTED_EDGE('',*,*,#624,.F.);
#848=ORIENTED_EDGE('',*,*,#629,.T.);
#849=ORIENTED_EDGE('',*,*,#651,.T.);
#850=ORIENTED_EDGE('',*,*,#615,.F.);
#851=ORIENTED_EDGE('',*,*,#621,.T.);
#852=ORIENTED_EDGE('',*,*,#652,.T.);
#853=ORIENTED_EDGE('',*,*,#636,.T.);
#854=ORIENTED_EDGE('',*,*,#653,.F.);
#855=ORIENTED_EDGE('',*,*,#654,.F.);
#856=ORIENTED_EDGE('',*,*,#599,.T.);
#857=ORIENTED_EDGE('',*,*,#595,.F.);
#858=ORIENTED_EDGE('',*,*,#601,.F.);
#859=ORIENTED_EDGE('',*,*,#655,.F.);
#860=ORIENTED_EDGE('',*,*,#656,.F.);
#861=ORIENTED_EDGE('',*,*,#657,.F.);
#862=ORIENTED_EDGE('',*,*,#655,.T.);
#863=ORIENTED_EDGE('',*,*,#604,.T.);
#864=ORIENTED_EDGE('',*,*,#658,.T.);
#865=ORIENTED_EDGE('',*,*,#647,.F.);
#866=ORIENTED_EDGE('',*,*,#659,.F.);
#867=ORIENTED_EDGE('',*,*,#648,.F.);
#868=ORIENTED_EDGE('',*,*,#660,.T.);
#869=ORIENTED_EDGE('',*,*,#608,.T.);
#870=ORIENTED_EDGE('',*,*,#654,.T.);
#871=ORIENTED_EDGE('',*,*,#661,.F.);
#872=ORIENTED_EDGE('',*,*,#662,.F.);
#873=ORIENTED_EDGE('',*,*,#649,.F.);
#874=ORIENTED_EDGE('',*,*,#659,.T.);
#875=ORIENTED_EDGE('',*,*,#663,.F.);
#876=ORIENTED_EDGE('',*,*,#656,.T.);
#877=ORIENTED_EDGE('',*,*,#646,.F.);
#878=ORIENTED_EDGE('',*,*,#662,.T.);
#879=ORIENTED_EDGE('',*,*,#661,.T.);
#880=ORIENTED_EDGE('',*,*,#664,.F.);
#881=ORIENTED_EDGE('',*,*,#643,.F.);
#882=ORIENTED_EDGE('',*,*,#663,.T.);
#883=ORIENTED_EDGE('',*,*,#645,.F.);
#884=ORIENTED_EDGE('',*,*,#665,.F.);
#885=ORIENTED_EDGE('',*,*,#657,.T.);
#886=ORIENTED_EDGE('',*,*,#665,.T.);
#887=ORIENTED_EDGE('',*,*,#644,.F.);
#888=ORIENTED_EDGE('',*,*,#664,.T.);
#889=ORIENTED_EDGE('',*,*,#653,.T.);
#890=ORIENTED_EDGE('',*,*,#666,.F.);
#891=ORIENTED_EDGE('',*,*,#611,.T.);
#892=ORIENTED_EDGE('',*,*,#667,.F.);
#893=ORIENTED_EDGE('',*,*,#668,.T.);
#894=ORIENTED_EDGE('',*,*,#612,.F.);
#895=ORIENTED_EDGE('',*,*,#666,.T.);
#896=ORIENTED_EDGE('',*,*,#669,.F.);
#897=ORIENTED_EDGE('',*,*,#670,.T.);
#898=ORIENTED_EDGE('',*,*,#671,.F.);
#899=ORIENTED_EDGE('',*,*,#672,.F.);
#900=ORIENTED_EDGE('',*,*,#673,.T.);
#901=ORIENTED_EDGE('',*,*,#674,.F.);
#902=ORIENTED_EDGE('',*,*,#675,.T.);
#903=ORIENTED_EDGE('',*,*,#676,.T.);
#904=ORIENTED_EDGE('',*,*,#669,.T.);
#905=ORIENTED_EDGE('',*,*,#668,.F.);
#906=ORIENTED_EDGE('',*,*,#677,.F.);
#907=ORIENTED_EDGE('',*,*,#678,.T.);
#908=ORIENTED_EDGE('',*,*,#679,.T.);
#909=ORIENTED_EDGE('',*,*,#680,.T.);
#910=ORIENTED_EDGE('',*,*,#605,.F.);
#911=ORIENTED_EDGE('',*,*,#681,.F.);
#912=ORIENTED_EDGE('',*,*,#682,.F.);
#913=ORIENTED_EDGE('',*,*,#683,.F.);
#914=ORIENTED_EDGE('',*,*,#678,.F.);
#915=ORIENTED_EDGE('',*,*,#684,.F.);
#916=ORIENTED_EDGE('',*,*,#679,.F.);
#917=ORIENTED_EDGE('',*,*,#681,.T.);
#918=ORIENTED_EDGE('',*,*,#602,.T.);
#919=ORIENTED_EDGE('',*,*,#593,.F.);
#920=ORIENTED_EDGE('',*,*,#598,.F.);
#921=ORIENTED_EDGE('',*,*,#609,.F.);
#922=ORIENTED_EDGE('',*,*,#674,.T.);
#923=ORIENTED_EDGE('',*,*,#685,.T.);
#924=ORIENTED_EDGE('',*,*,#686,.F.);
#925=ORIENTED_EDGE('',*,*,#596,.F.);
#926=ORIENTED_EDGE('',*,*,#687,.T.);
#927=ORIENTED_EDGE('',*,*,#671,.T.);
#928=ORIENTED_EDGE('',*,*,#688,.T.);
#929=ORIENTED_EDGE('',*,*,#689,.T.);
#930=ORIENTED_EDGE('',*,*,#690,.T.);
#931=ORIENTED_EDGE('',*,*,#672,.T.);
#932=ORIENTED_EDGE('',*,*,#687,.F.);
#933=ORIENTED_EDGE('',*,*,#691,.F.);
#934=ORIENTED_EDGE('',*,*,#688,.F.);
#935=ORIENTED_EDGE('',*,*,#670,.F.);
#936=ORIENTED_EDGE('',*,*,#676,.F.);
#937=ORIENTED_EDGE('',*,*,#692,.F.);
#938=ORIENTED_EDGE('',*,*,#685,.F.);
#939=ORIENTED_EDGE('',*,*,#673,.F.);
#940=ORIENTED_EDGE('',*,*,#690,.F.);
#941=ORIENTED_EDGE('',*,*,#689,.F.);
#942=ORIENTED_EDGE('',*,*,#691,.T.);
#943=ORIENTED_EDGE('',*,*,#675,.F.);
#944=ORIENTED_EDGE('',*,*,#683,.T.);
#945=ORIENTED_EDGE('',*,*,#682,.T.);
#946=ORIENTED_EDGE('',*,*,#686,.T.);
#947=ORIENTED_EDGE('',*,*,#692,.T.);
#948=ORIENTED_EDGE('',*,*,#693,.T.);
#949=ORIENTED_EDGE('',*,*,#694,.F.);
#950=ORIENTED_EDGE('',*,*,#695,.F.);
#951=ORIENTED_EDGE('',*,*,#696,.T.);
#952=ORIENTED_EDGE('',*,*,#640,.F.);
#953=ORIENTED_EDGE('',*,*,#625,.F.);
#954=ORIENTED_EDGE('',*,*,#622,.F.);
#955=ORIENTED_EDGE('',*,*,#617,.F.);
#956=ORIENTED_EDGE('',*,*,#613,.F.);
#957=ORIENTED_EDGE('',*,*,#635,.F.);
#958=ORIENTED_EDGE('',*,*,#591,.T.);
#959=ORIENTED_EDGE('',*,*,#697,.T.);
#960=ORIENTED_EDGE('',*,*,#698,.T.);
#961=ORIENTED_EDGE('',*,*,#699,.T.);
#962=ORIENTED_EDGE('',*,*,#700,.T.);
#963=ORIENTED_EDGE('',*,*,#701,.T.);
#964=ORIENTED_EDGE('',*,*,#702,.T.);
#965=ORIENTED_EDGE('',*,*,#703,.T.);
#966=ORIENTED_EDGE('',*,*,#704,.T.);
#967=ORIENTED_EDGE('',*,*,#589,.T.);
#968=ORIENTED_EDGE('',*,*,#632,.F.);
#969=ORIENTED_EDGE('',*,*,#658,.F.);
#970=ORIENTED_EDGE('',*,*,#603,.F.);
#971=ORIENTED_EDGE('',*,*,#680,.F.);
#972=ORIENTED_EDGE('',*,*,#684,.T.);
#973=ORIENTED_EDGE('',*,*,#677,.T.);
#974=ORIENTED_EDGE('',*,*,#667,.T.);
#975=ORIENTED_EDGE('',*,*,#610,.F.);
#976=ORIENTED_EDGE('',*,*,#606,.F.);
#977=ORIENTED_EDGE('',*,*,#660,.F.);
#978=ORIENTED_EDGE('',*,*,#637,.F.);
#979=ORIENTED_EDGE('',*,*,#652,.F.);
#980=ORIENTED_EDGE('',*,*,#620,.F.);
#981=ORIENTED_EDGE('',*,*,#651,.F.);
#982=ORIENTED_EDGE('',*,*,#628,.F.);
#983=ORIENTED_EDGE('',*,*,#650,.F.);
#984=ORIENTED_EDGE('',*,*,#705,.T.);
#985=ORIENTED_EDGE('',*,*,#706,.T.);
#986=ORIENTED_EDGE('',*,*,#707,.T.);
#987=ORIENTED_EDGE('',*,*,#708,.T.);
#988=ORIENTED_EDGE('',*,*,#709,.F.);
#989=ORIENTED_EDGE('',*,*,#710,.F.);
#990=ORIENTED_EDGE('',*,*,#711,.T.);
#991=ORIENTED_EDGE('',*,*,#712,.F.);
#992=ORIENTED_EDGE('',*,*,#713,.F.);
#993=ORIENTED_EDGE('',*,*,#711,.F.);
#994=ORIENTED_EDGE('',*,*,#712,.T.);
#995=ORIENTED_EDGE('',*,*,#713,.T.);
#996=ORIENTED_EDGE('',*,*,#714,.T.);
#997=ORIENTED_EDGE('',*,*,#697,.F.);
#998=ORIENTED_EDGE('',*,*,#714,.F.);
#999=ORIENTED_EDGE('',*,*,#715,.F.);
#1000=ORIENTED_EDGE('',*,*,#716,.F.);
#1001=ORIENTED_EDGE('',*,*,#717,.T.);
#1002=ORIENTED_EDGE('',*,*,#718,.F.);
#1003=ORIENTED_EDGE('',*,*,#719,.F.);
#1004=ORIENTED_EDGE('',*,*,#717,.F.);
#1005=ORIENTED_EDGE('',*,*,#718,.T.);
#1006=ORIENTED_EDGE('',*,*,#719,.T.);
#1007=ORIENTED_EDGE('',*,*,#720,.T.);
#1008=ORIENTED_EDGE('',*,*,#698,.F.);
#1009=ORIENTED_EDGE('',*,*,#720,.F.);
#1010=ORIENTED_EDGE('',*,*,#721,.F.);
#1011=ORIENTED_EDGE('',*,*,#722,.F.);
#1012=ORIENTED_EDGE('',*,*,#723,.T.);
#1013=ORIENTED_EDGE('',*,*,#724,.F.);
#1014=ORIENTED_EDGE('',*,*,#725,.F.);
#1015=ORIENTED_EDGE('',*,*,#723,.F.);
#1016=ORIENTED_EDGE('',*,*,#724,.T.);
#1017=ORIENTED_EDGE('',*,*,#725,.T.);
#1018=ORIENTED_EDGE('',*,*,#726,.T.);
#1019=ORIENTED_EDGE('',*,*,#699,.F.);
#1020=ORIENTED_EDGE('',*,*,#726,.F.);
#1021=ORIENTED_EDGE('',*,*,#727,.F.);
#1022=ORIENTED_EDGE('',*,*,#728,.F.);
#1023=ORIENTED_EDGE('',*,*,#729,.T.);
#1024=ORIENTED_EDGE('',*,*,#730,.F.);
#1025=ORIENTED_EDGE('',*,*,#731,.F.);
#1026=ORIENTED_EDGE('',*,*,#729,.F.);
#1027=ORIENTED_EDGE('',*,*,#730,.T.);
#1028=ORIENTED_EDGE('',*,*,#731,.T.);
#1029=ORIENTED_EDGE('',*,*,#732,.T.);
#1030=ORIENTED_EDGE('',*,*,#700,.F.);
#1031=ORIENTED_EDGE('',*,*,#732,.F.);
#1032=ORIENTED_EDGE('',*,*,#708,.F.);
#1033=ORIENTED_EDGE('',*,*,#733,.T.);
#1034=ORIENTED_EDGE('',*,*,#709,.T.);
#1035=ORIENTED_EDGE('',*,*,#710,.T.);
#1036=ORIENTED_EDGE('',*,*,#733,.F.);
#1037=ORIENTED_EDGE('',*,*,#707,.F.);
#1038=ORIENTED_EDGE('',*,*,#734,.T.);
#1039=ORIENTED_EDGE('',*,*,#727,.T.);
#1040=ORIENTED_EDGE('',*,*,#728,.T.);
#1041=ORIENTED_EDGE('',*,*,#734,.F.);
#1042=ORIENTED_EDGE('',*,*,#706,.F.);
#1043=ORIENTED_EDGE('',*,*,#735,.T.);
#1044=ORIENTED_EDGE('',*,*,#721,.T.);
#1045=ORIENTED_EDGE('',*,*,#722,.T.);
#1046=ORIENTED_EDGE('',*,*,#735,.F.);
#1047=ORIENTED_EDGE('',*,*,#705,.F.);
#1048=ORIENTED_EDGE('',*,*,#736,.T.);
#1049=ORIENTED_EDGE('',*,*,#715,.T.);
#1050=ORIENTED_EDGE('',*,*,#716,.T.);
#1051=ORIENTED_EDGE('',*,*,#736,.F.);
#1052=ORIENTED_EDGE('',*,*,#737,.T.);
#1053=ORIENTED_EDGE('',*,*,#738,.T.);
#1054=ORIENTED_EDGE('',*,*,#739,.F.);
#1055=ORIENTED_EDGE('',*,*,#740,.F.);
#1056=ORIENTED_EDGE('',*,*,#740,.T.);
#1057=ORIENTED_EDGE('',*,*,#741,.T.);
#1058=ORIENTED_EDGE('',*,*,#742,.F.);
#1059=ORIENTED_EDGE('',*,*,#743,.T.);
#1060=ORIENTED_EDGE('',*,*,#744,.T.);
#1061=ORIENTED_EDGE('',*,*,#745,.F.);
#1062=ORIENTED_EDGE('',*,*,#746,.T.);
#1063=ORIENTED_EDGE('',*,*,#704,.F.);
#1064=ORIENTED_EDGE('',*,*,#747,.T.);
#1065=ORIENTED_EDGE('',*,*,#748,.F.);
#1066=ORIENTED_EDGE('',*,*,#745,.T.);
#1067=ORIENTED_EDGE('',*,*,#749,.T.);
#1068=ORIENTED_EDGE('',*,*,#750,.F.);
#1069=ORIENTED_EDGE('',*,*,#737,.F.);
#1070=ORIENTED_EDGE('',*,*,#748,.T.);
#1071=ORIENTED_EDGE('',*,*,#751,.T.);
#1072=ORIENTED_EDGE('',*,*,#752,.F.);
#1073=ORIENTED_EDGE('',*,*,#753,.F.);
#1074=ORIENTED_EDGE('',*,*,#753,.T.);
#1075=ORIENTED_EDGE('',*,*,#754,.F.);
#1076=ORIENTED_EDGE('',*,*,#701,.F.);
#1077=ORIENTED_EDGE('',*,*,#746,.F.);
#1078=ORIENTED_EDGE('',*,*,#702,.F.);
#1079=ORIENTED_EDGE('',*,*,#754,.T.);
#1080=ORIENTED_EDGE('',*,*,#752,.T.);
#1081=ORIENTED_EDGE('',*,*,#755,.F.);
#1082=ORIENTED_EDGE('',*,*,#756,.T.);
#1083=ORIENTED_EDGE('',*,*,#757,.F.);
#1084=ORIENTED_EDGE('',*,*,#749,.F.);
#1085=ORIENTED_EDGE('',*,*,#744,.F.);
#1086=ORIENTED_EDGE('',*,*,#757,.T.);
#1087=ORIENTED_EDGE('',*,*,#758,.F.);
#1088=ORIENTED_EDGE('',*,*,#759,.F.);
#1089=ORIENTED_EDGE('',*,*,#738,.F.);
#1090=ORIENTED_EDGE('',*,*,#750,.T.);
#1091=ORIENTED_EDGE('',*,*,#755,.T.);
#1092=ORIENTED_EDGE('',*,*,#751,.F.);
#1093=ORIENTED_EDGE('',*,*,#747,.F.);
#1094=ORIENTED_EDGE('',*,*,#703,.F.);
#1095=ORIENTED_EDGE('',*,*,#760,.T.);
#1096=ORIENTED_EDGE('',*,*,#693,.F.);
#1097=ORIENTED_EDGE('',*,*,#761,.T.);
#1098=ORIENTED_EDGE('',*,*,#742,.T.);
#1099=ORIENTED_EDGE('',*,*,#761,.F.);
#1100=ORIENTED_EDGE('',*,*,#696,.F.);
#1101=ORIENTED_EDGE('',*,*,#762,.T.);
#1102=ORIENTED_EDGE('',*,*,#756,.F.);
#1103=ORIENTED_EDGE('',*,*,#743,.F.);
#1104=ORIENTED_EDGE('',*,*,#762,.F.);
#1105=ORIENTED_EDGE('',*,*,#695,.T.);
#1106=ORIENTED_EDGE('',*,*,#763,.T.);
#1107=ORIENTED_EDGE('',*,*,#758,.T.);
#1108=ORIENTED_EDGE('',*,*,#763,.F.);
#1109=ORIENTED_EDGE('',*,*,#694,.T.);
#1110=ORIENTED_EDGE('',*,*,#760,.F.);
#1111=ORIENTED_EDGE('',*,*,#741,.F.);
#1112=ORIENTED_EDGE('',*,*,#739,.T.);
#1113=ORIENTED_EDGE('',*,*,#759,.T.);
#1114=CYLINDRICAL_SURFACE('',#1217,3.);
#1115=CYLINDRICAL_SURFACE('',#1224,2.99999999999999);
#1116=CYLINDRICAL_SURFACE('',#1227,2.99999999999999);
#1117=CYLINDRICAL_SURFACE('',#1230,2.99999999999999);
#1118=CYLINDRICAL_SURFACE('',#1232,1.5);
#1119=CYLINDRICAL_SURFACE('',#1240,1.5);
#1120=CYLINDRICAL_SURFACE('',#1255,1.5);
#1121=CYLINDRICAL_SURFACE('',#1256,4.49999999999999);
#1122=CYLINDRICAL_SURFACE('',#1260,1.5);
#1123=CYLINDRICAL_SURFACE('',#1261,1.5);
#1124=CYLINDRICAL_SURFACE('',#1262,1.5);
#1125=CYLINDRICAL_SURFACE('',#1264,2.99999999999999);
#1126=CYLINDRICAL_SURFACE('',#1265,2.99999999999999);
#1127=CYLINDRICAL_SURFACE('',#1271,3.);
#1128=CYLINDRICAL_SURFACE('',#1276,2.99999999999999);
#1129=CYLINDRICAL_SURFACE('',#1281,3.);
#1130=CYLINDRICAL_SURFACE('',#1286,3.);
#1131=CYLINDRICAL_SURFACE('',#1302,2.746248);
#1132=CYLINDRICAL_SURFACE('',#1308,2.746248);
#1133=CYLINDRICAL_SURFACE('',#1314,2.746248);
#1134=CYLINDRICAL_SURFACE('',#1320,2.746248);
#1135=CYLINDRICAL_SURFACE('',#1321,1.5);
#1136=CYLINDRICAL_SURFACE('',#1322,1.5);
#1137=CYLINDRICAL_SURFACE('',#1323,1.5);
#1138=CYLINDRICAL_SURFACE('',#1324,1.5);
#1139=ADVANCED_FACE('',(#92),#1114,.F.);
#1140=ADVANCED_FACE('',(#93,#53),#67,.T.);
#1141=ADVANCED_FACE('',(#94),#68,.T.);
#1142=ADVANCED_FACE('',(#95),#69,.T.);
#1143=ADVANCED_FACE('',(#96),#1115,.F.);
#1144=ADVANCED_FACE('',(#97),#1116,.F.);
#1145=ADVANCED_FACE('',(#98),#1117,.F.);
#1146=ADVANCED_FACE('',(#99),#1118,.T.);
#1147=ADVANCED_FACE('',(#100),#26,.T.);
#1148=ADVANCED_FACE('',(#101),#1119,.T.);
#1149=ADVANCED_FACE('',(#102),#27,.T.);
#1150=ADVANCED_FACE('',(#103),#28,.T.);
#1151=ADVANCED_FACE('',(#104),#1120,.T.);
#1152=ADVANCED_FACE('',(#105),#1121,.F.);
#1153=ADVANCED_FACE('',(#106),#19,.F.);
#1154=ADVANCED_FACE('',(#107),#20,.F.);
#1155=ADVANCED_FACE('',(#108),#1122,.T.);
#1156=ADVANCED_FACE('',(#109),#1123,.T.);
#1157=ADVANCED_FACE('',(#110),#1124,.T.);
#1158=ADVANCED_FACE('',(#111),#70,.T.);
#1159=ADVANCED_FACE('',(#112),#1125,.F.);
#1160=ADVANCED_FACE('',(#113),#1126,.F.);
#1161=ADVANCED_FACE('',(#114),#21,.F.);
#1162=ADVANCED_FACE('',(#115),#22,.F.);
#1163=ADVANCED_FACE('',(#116),#23,.F.);
#1164=ADVANCED_FACE('',(#117),#24,.F.);
#1165=ADVANCED_FACE('',(#118),#25,.F.);
#1166=ADVANCED_FACE('',(#119),#71,.F.);
#1167=ADVANCED_FACE('',(#120),#1127,.F.);
#1168=ADVANCED_FACE('',(#121),#72,.F.);
#1169=ADVANCED_FACE('',(#122),#1128,.F.);
#1170=ADVANCED_FACE('',(#123),#73,.F.);
#1171=ADVANCED_FACE('',(#124),#74,.T.);
#1172=ADVANCED_FACE('',(#125),#1129,.F.);
#1173=ADVANCED_FACE('',(#126),#75,.F.);
#1174=ADVANCED_FACE('',(#127),#76,.F.);
#1175=ADVANCED_FACE('',(#128),#1130,.F.);
#1176=ADVANCED_FACE('',(#129,#54,#55,#56,#57,#58,#59),#77,.T.);
#1177=ADVANCED_FACE('',(#130,#60,#61,#62,#63,#64,#65),#78,.T.);
#1178=ADVANCED_FACE('',(#131),#15,.F.);
#1179=ADVANCED_FACE('',(#132),#1131,.F.);
#1180=ADVANCED_FACE('',(#133),#16,.F.);
#1181=ADVANCED_FACE('',(#134),#1132,.F.);
#1182=ADVANCED_FACE('',(#135),#17,.F.);
#1183=ADVANCED_FACE('',(#136),#1133,.F.);
#1184=ADVANCED_FACE('',(#137),#18,.F.);
#1185=ADVANCED_FACE('',(#138),#1134,.F.);
#1186=ADVANCED_FACE('',(#139),#1135,.F.);
#1187=ADVANCED_FACE('',(#140),#1136,.F.);
#1188=ADVANCED_FACE('',(#141),#1137,.F.);
#1189=ADVANCED_FACE('',(#142),#1138,.F.);
#1190=ADVANCED_FACE('',(#143),#79,.T.);
#1191=ADVANCED_FACE('',(#144),#80,.T.);
#1192=ADVANCED_FACE('',(#145),#81,.T.);
#1193=ADVANCED_FACE('',(#146,#66),#82,.T.);
#1194=ADVANCED_FACE('',(#147),#83,.T.);
#1195=ADVANCED_FACE('',(#148),#84,.T.);
#1196=ADVANCED_FACE('',(#149),#85,.T.);
#1197=ADVANCED_FACE('',(#150),#86,.T.);
#1198=ADVANCED_FACE('',(#151),#87,.T.);
#1199=ADVANCED_FACE('',(#152),#88,.T.);
#1200=ADVANCED_FACE('',(#153),#89,.T.);
#1201=ADVANCED_FACE('',(#154),#90,.T.);
#1202=ADVANCED_FACE('',(#155),#91,.T.);
#1203=CLOSED_SHELL('',(#1139,#1140,#1141,#1142,#1143,#1144,#1145,#1146,
#1147,#1148,#1149,#1150,#1151,#1152,#1153,#1154,#1155,#1156,#1157,#1158,
#1159,#1160,#1161,#1162,#1163,#1164,#1165,#1166,#1167,#1168,#1169,#1170,
#1171,#1172,#1173,#1174,#1175,#1176,#1177,#1178,#1179,#1180,#1181,#1182,
#1183,#1184,#1185,#1186,#1187,#1188,#1189,#1190,#1191,#1192,#1193,#1194,
#1195,#1196,#1197,#1198,#1199,#1200,#1201,#1202));
#1204=DERIVED_UNIT_ELEMENT(#1206,1.);
#1205=DERIVED_UNIT_ELEMENT(#2373,-3.);
#1206=(
MASS_UNIT()
NAMED_UNIT(*)
SI_UNIT(.KILO.,.GRAM.)
);
#1207=DERIVED_UNIT((#1204,#1205));
#1208=MEASURE_REPRESENTATION_ITEM('density measure',
POSITIVE_RATIO_MEASURE(7850.),#1207);
#1209=PROPERTY_DEFINITION_REPRESENTATION(#1214,#1211);
#1210=PROPERTY_DEFINITION_REPRESENTATION(#1215,#1212);
#1211=REPRESENTATION('material name',(#1213),#2370);
#1212=REPRESENTATION('density',(#1208),#2370);
#1213=DESCRIPTIVE_REPRESENTATION_ITEM('Steel','Steel');
#1214=PROPERTY_DEFINITION('material property','material name',#2380);
#1215=PROPERTY_DEFINITION('material property','density of part',#2380);
#1216=AXIS2_PLACEMENT_3D('',#1673,#1338,#1339);
#1217=AXIS2_PLACEMENT_3D('',#1674,#1340,#1341);
#1218=AXIS2_PLACEMENT_3D('',#1676,#1342,#1343);
#1219=AXIS2_PLACEMENT_3D('',#1679,#1345,#1346);
#1220=AXIS2_PLACEMENT_3D('',#1680,#1347,#1348);
#1221=AXIS2_PLACEMENT_3D('',#1690,#1353,#1354);
#1222=AXIS2_PLACEMENT_3D('',#1691,#1355,#1356);
#1223=AXIS2_PLACEMENT_3D('',#1697,#1360,#1361);
#1224=AXIS2_PLACEMENT_3D('',#1703,#1365,#1366);
#1225=AXIS2_PLACEMENT_3D('',#1707,#1368,#1369);
#1226=AXIS2_PLACEMENT_3D('',#1708,#1370,#1371);
#1227=AXIS2_PLACEMENT_3D('',#1709,#1372,#1373);
#1228=AXIS2_PLACEMENT_3D('',#1713,#1375,#1376);
#1229=AXIS2_PLACEMENT_3D('',#1714,#1377,#1378);
#1230=AXIS2_PLACEMENT_3D('',#1715,#1379,#1380);
#1231=AXIS2_PLACEMENT_3D('',#1721,#1383,#1384);
#1232=AXIS2_PLACEMENT_3D('',#1726,#1385,#1386);
#1233=AXIS2_PLACEMENT_3D('',#1731,#1388,#1389);
#1234=AXIS2_PLACEMENT_3D('',#1748,#1391,#1392);
#1235=AXIS2_PLACEMENT_3D('',#1750,#1393,#1394);
#1236=AXIS2_PLACEMENT_3D('',#1752,#1395,#1396);
#1237=AXIS2_PLACEMENT_3D('',#1754,#1397,#1398);
#1238=AXIS2_PLACEMENT_3D('',#1756,#1399,#1400);
#1239=AXIS2_PLACEMENT_3D('',#1757,#1401,#1402);
#1240=AXIS2_PLACEMENT_3D('',#1758,#1403,#1404);
#1241=AXIS2_PLACEMENT_3D('',#1762,#1406,#1407);
#1242=AXIS2_PLACEMENT_3D('',#1764,#1409,#1410);
#1243=AXIS2_PLACEMENT_3D('',#1766,#1411,#1412);
#1244=AXIS2_PLACEMENT_3D('',#1768,#1413,#1414);
#1245=AXIS2_PLACEMENT_3D('',#1770,#1415,#1416);
#1246=AXIS2_PLACEMENT_3D('',#1772,#1417,#1418);
#1247=AXIS2_PLACEMENT_3D('',#1773,#1419,#1420);
#1248=AXIS2_PLACEMENT_3D('',#1774,#1421,#1422);
#1249=AXIS2_PLACEMENT_3D('',#1777,#1423,#1424);
#1250=AXIS2_PLACEMENT_3D('',#1779,#1425,#1426);
#1251=AXIS2_PLACEMENT_3D('',#1781,#1427,#1428);
#1252=AXIS2_PLACEMENT_3D('',#1812,#1429,#1430);
#1253=AXIS2_PLACEMENT_3D('',#1829,#1431,#1432);
#1254=AXIS2_PLACEMENT_3D('',#1830,#1433,#1434);
#1255=AXIS2_PLACEMENT_3D('',#1831,#1435,#1436);
#1256=AXIS2_PLACEMENT_3D('',#1834,#1439,#1440);
#1257=AXIS2_PLACEMENT_3D('',#1854,#1441,#1442);
#1258=AXIS2_PLACEMENT_3D('',#1856,#1443,#1444);
#1259=AXIS2_PLACEMENT_3D('',#1857,#1445,#1446);
#1260=AXIS2_PLACEMENT_3D('',#2001,#1447,#1448);
#1261=AXIS2_PLACEMENT_3D('',#2003,#1450,#1451);
#1262=AXIS2_PLACEMENT_3D('',#2005,#1453,#1454);
#1263=AXIS2_PLACEMENT_3D('',#2007,#1456,#1457);
#1264=AXIS2_PLACEMENT_3D('',#2017,#1460,#1461);
#1265=AXIS2_PLACEMENT_3D('',#2030,#1463,#1464);
#1266=AXIS2_PLACEMENT_3D('',#2067,#1466,#1467);
#1267=AXIS2_PLACEMENT_3D('',#2092,#1468,#1469);
#1268=AXIS2_PLACEMENT_3D('',#2109,#1470,#1471);
#1269=AXIS2_PLACEMENT_3D('',#2126,#1472,#1473);
#1270=AXIS2_PLACEMENT_3D('',#2147,#1474,#1475);
#1271=AXIS2_PLACEMENT_3D('',#2153,#1479,#1480);
#1272=AXIS2_PLACEMENT_3D('',#2155,#1481,#1482);
#1273=AXIS2_PLACEMENT_3D('',#2174,#1485,#1486);
#1274=AXIS2_PLACEMENT_3D('',#2175,#1487,#1488);
#1275=AXIS2_PLACEMENT_3D('',#2178,#1489,#1490);
#1276=AXIS2_PLACEMENT_3D('',#2183,#1494,#1495);
#1277=AXIS2_PLACEMENT_3D('',#2186,#1496,#1497);
#1278=AXIS2_PLACEMENT_3D('',#2194,#1500,#1501);
#1279=AXIS2_PLACEMENT_3D('',#2197,#1504,#1505);
#1280=AXIS2_PLACEMENT_3D('',#2200,#1507,#1508);
#1281=AXIS2_PLACEMENT_3D('',#2201,#1509,#1510);
#1282=AXIS2_PLACEMENT_3D('',#2204,#1512,#1513);
#1283=AXIS2_PLACEMENT_3D('',#2217,#1514,#1515);
#1284=AXIS2_PLACEMENT_3D('',#2218,#1516,#1517);
#1285=AXIS2_PLACEMENT_3D('',#2220,#1519,#1520);
#1286=AXIS2_PLACEMENT_3D('',#2222,#1522,#1523);
#1287=AXIS2_PLACEMENT_3D('',#2223,#1524,#1525);
#1288=AXIS2_PLACEMENT_3D('',#2233,#1530,#1531);
#1289=AXIS2_PLACEMENT_3D('',#2235,#1532,#1533);
#1290=AXIS2_PLACEMENT_3D('',#2237,#1534,#1535);
#1291=AXIS2_PLACEMENT_3D('',#2239,#1536,#1537);
#1292=AXIS2_PLACEMENT_3D('',#2240,#1538,#1539);
#1293=AXIS2_PLACEMENT_3D('',#2250,#1544,#1545);
#1294=AXIS2_PLACEMENT_3D('',#2252,#1546,#1547);
#1295=AXIS2_PLACEMENT_3D('',#2254,#1548,#1549);
#1296=AXIS2_PLACEMENT_3D('',#2256,#1550,#1551);
#1297=AXIS2_PLACEMENT_3D('',#2257,#1552,#1553);
#1298=AXIS2_PLACEMENT_3D('',#2260,#1554,#1555);
#1299=AXIS2_PLACEMENT_3D('',#2261,#1556,#1557);
#1300=AXIS2_PLACEMENT_3D('',#2265,#1559,#1560);
#1301=AXIS2_PLACEMENT_3D('',#2266,#1561,#1562);
#1302=AXIS2_PLACEMENT_3D('',#2267,#1563,#1564);
#1303=AXIS2_PLACEMENT_3D('',#2269,#1566,#1567);
#1304=AXIS2_PLACEMENT_3D('',#2272,#1568,#1569);
#1305=AXIS2_PLACEMENT_3D('',#2273,#1570,#1571);
#1306=AXIS2_PLACEMENT_3D('',#2277,#1573,#1574);
#1307=AXIS2_PLACEMENT_3D('',#2278,#1575,#1576);
#1308=AXIS2_PLACEMENT_3D('',#2279,#1577,#1578);
#1309=AXIS2_PLACEMENT_3D('',#2281,#1580,#1581);
#1310=AXIS2_PLACEMENT_3D('',#2284,#1582,#1583);
#1311=AXIS2_PLACEMENT_3D('',#2285,#1584,#1585);
#1312=AXIS2_PLACEMENT_3D('',#2289,#1587,#1588);
#1313=AXIS2_PLACEMENT_3D('',#2290,#1589,#1590);
#1314=AXIS2_PLACEMENT_3D('',#2291,#1591,#1592);
#1315=AXIS2_PLACEMENT_3D('',#2293,#1594,#1595);
#1316=AXIS2_PLACEMENT_3D('',#2296,#1596,#1597);
#1317=AXIS2_PLACEMENT_3D('',#2297,#1598,#1599);
#1318=AXIS2_PLACEMENT_3D('',#2301,#1601,#1602);
#1319=AXIS2_PLACEMENT_3D('',#2302,#1603,#1604);
#1320=AXIS2_PLACEMENT_3D('',#2303,#1605,#1606);
#1321=AXIS2_PLACEMENT_3D('',#2305,#1608,#1609);
#1322=AXIS2_PLACEMENT_3D('',#2307,#1611,#1612);
#1323=AXIS2_PLACEMENT_3D('',#2309,#1614,#1615);
#1324=AXIS2_PLACEMENT_3D('',#2311,#1617,#1618);
#1325=AXIS2_PLACEMENT_3D('',#2313,#1620,#1621);
#1326=AXIS2_PLACEMENT_3D('',#2322,#1626,#1627);
#1327=AXIS2_PLACEMENT_3D('',#2332,#1633,#1634);
#1328=AXIS2_PLACEMENT_3D('',#2338,#1638,#1639);
#1329=AXIS2_PLACEMENT_3D('',#2347,#1645,#1646);
#1330=AXIS2_PLACEMENT_3D('',#2349,#1648,#1649);
#1331=AXIS2_PLACEMENT_3D('',#2351,#1651,#1652);
#1332=AXIS2_PLACEMENT_3D('',#2355,#1655,#1656);
#1333=AXIS2_PLACEMENT_3D('',#2359,#1659,#1660);
#1334=AXIS2_PLACEMENT_3D('',#2360,#1661,#1662);
#1335=AXIS2_PLACEMENT_3D('',#2363,#1665,#1666);
#1336=AXIS2_PLACEMENT_3D('',#2365,#1668,#1669);
#1337=AXIS2_PLACEMENT_3D('',#2367,#1671,#1672);
#1338=DIRECTION('axis',(0.,0.,1.));
#1339=DIRECTION('refdir',(1.,0.,0.));
#1340=DIRECTION('center_axis',(0.,-1.22464679914735E-16,-1.));
#1341=DIRECTION('ref_axis',(-1.,1.89038858262133E-32,0.));
#1342=DIRECTION('center_axis',(0.,-2.44929359829471E-16,-1.));
#1343=DIRECTION('ref_axis',(-1.,1.89038858262133E-32,0.));
#1344=DIRECTION('',(0.,-1.22464679914735E-16,-1.));
#1345=DIRECTION('center_axis',(0.,2.44929359829471E-16,1.));
#1346=DIRECTION('ref_axis',(-1.,1.89038858262133E-32,0.));
#1347=DIRECTION('center_axis',(0.,2.44929359829471E-16,1.));
#1348=DIRECTION('ref_axis',(-1.,1.06865847301611E-32,0.));
#1349=DIRECTION('',(5.55111512312577E-16,1.,-2.44929359829471E-16));
#1350=DIRECTION('',(-1.,1.06865847301611E-32,0.));
#1351=DIRECTION('',(6.66027136847206E-48,-1.,2.44929359829471E-16));
#1352=DIRECTION('',(1.,-1.06865847301611E-32,0.));
#1353=DIRECTION('center_axis',(0.,-2.44929359829471E-16,-1.));
#1354=DIRECTION('ref_axis',(-1.,1.89038858262133E-32,0.));
#1355=DIRECTION('center_axis',(1.,-5.55111512312577E-16,9.86076131526265E-32));
#1356=DIRECTION('ref_axis',(5.55111512312577E-16,1.,-2.44929359829471E-16));
#1357=DIRECTION('',(-5.55111512312577E-16,-1.,2.44929359829471E-16));
#1358=DIRECTION('',(0.,1.22464679914735E-16,1.));
#1359=DIRECTION('',(0.,1.22464679914735E-16,1.));
#1360=DIRECTION('center_axis',(-1.,1.06865847301611E-32,0.));
#1361=DIRECTION('ref_axis',(6.66027136847206E-48,-1.,2.44929359829471E-16));
#1362=DIRECTION('',(-6.66027136847206E-48,1.,-2.44929359829471E-16));
#1363=DIRECTION('',(0.,1.22464679914735E-16,1.));
#1364=DIRECTION('',(0.,1.22464679914735E-16,1.));
#1365=DIRECTION('center_axis',(-6.66027136847206E-48,1.,-2.44929359829471E-16));
#1366=DIRECTION('ref_axis',(0.707106781186548,-8.65956056235493E-17,-0.707106781186548));
#1367=DIRECTION('',(6.66027136847206E-48,-1.,2.44929359829471E-16));
#1368=DIRECTION('center_axis',(-0.707106781186548,0.707106781186548,-8.65956056235493E-17));
#1369=DIRECTION('ref_axis',(0.707106781186548,0.707106781186548,-8.65956056235493E-17));
#1370=DIRECTION('center_axis',(0.707106781186548,0.707106781186548,-8.65956056235493E-17));
#1371=DIRECTION('ref_axis',(0.707106781186548,-0.707106781186548,2.59786816870648E-16));
#1372=DIRECTION('center_axis',(-5.55111512312577E-16,-1.,2.44929359829471E-16));
#1373=DIRECTION('ref_axis',(-0.707106781186548,-8.65956056235493E-17,-0.707106781186548));
#1374=DIRECTION('',(5.55111512312577E-16,1.,-2.44929359829471E-16));
#1375=DIRECTION('center_axis',(0.707106781186547,-0.707106781186549,8.65956056235494E-17));
#1376=DIRECTION('ref_axis',(-0.707106781186548,-0.707106781186546,8.65956056235492E-17));
#1377=DIRECTION('center_axis',(0.707106781186548,0.707106781186548,-8.65956056235493E-17));
#1378=DIRECTION('ref_axis',(0.707106781186548,-0.707106781186548,8.65956056235493E-17));
#1379=DIRECTION('center_axis',(1.,-1.06865847301611E-32,0.));
#1380=DIRECTION('ref_axis',(0.,-0.70710678118655,-0.707106781186545));
#1381=DIRECTION('',(-1.,1.06865847301611E-32,0.));
#1382=DIRECTION('',(-1.,1.06865847301611E-32,0.));
#1383=DIRECTION('center_axis',(-1.,-8.88178419700126E-16,1.4791141972894E-31));
#1384=DIRECTION('ref_axis',(0.,-0.70710678118655,-0.707106781186545));
#1385=DIRECTION('center_axis',(-6.66027136847206E-48,1.,-2.44929359829471E-16));
#1386=DIRECTION('ref_axis',(-0.707106781186548,-8.65956056235492E-17,-0.707106781186547));
#1387=DIRECTION('',(6.66027136847206E-48,-1.,2.44929359829471E-16));
#1388=DIRECTION('center_axis',(-1.93086109230761E-32,-1.,1.22464679914735E-16));
#1389=DIRECTION('ref_axis',(-1.,-9.42176153726346E-33,-1.15648231731787E-16));
#1390=DIRECTION('',(-6.66027136847206E-48,1.,-2.44929359829471E-16));
#1391=DIRECTION('center_axis',(0.,-2.44929359829471E-16,-1.));
#1392=DIRECTION('ref_axis',(-1.,0.,0.));
#1393=DIRECTION('center_axis',(0.,-2.44929359829471E-16,-1.));
#1394=DIRECTION('ref_axis',(0.707106781186548,-0.707106781186547,1.73191211247099E-16));
#1395=DIRECTION('center_axis',(-1.,1.06865847301611E-32,0.));
#1396=DIRECTION('ref_axis',(1.39238745633715E-32,1.,-1.34029503087914E-16));
#1397=DIRECTION('center_axis',(1.,-1.06865847301611E-32,0.));
#1398=DIRECTION('ref_axis',(2.87279848060126E-32,0.999999999999192,-1.27156575854941E-6));
#1399=DIRECTION('center_axis',(0.,2.44929359829471E-16,1.));
#1400=DIRECTION('ref_axis',(0.707106781186547,-0.707106781186548,1.73191211247099E-16));
#1401=DIRECTION('center_axis',(1.93086109230761E-32,1.,-1.22464679914735E-16));
#1402=DIRECTION('ref_axis',(-0.999999999999192,-1.55721894461156E-22,-1.27156576568966E-6));
#1403=DIRECTION('center_axis',(1.,-1.06865847301611E-32,0.));
#1404=DIRECTION('ref_axis',(2.05432527401305E-32,0.707106781186548,-0.707106781186547));
#1405=DIRECTION('',(-1.,1.06865847301611E-32,0.));
#1406=DIRECTION('center_axis',(-1.,1.06865847301611E-32,0.));
#1407=DIRECTION('ref_axis',(1.53258401283258E-32,1.,-3.07501850685594E-16));
#1408=DIRECTION('',(1.,-1.06865847301611E-32,0.));
#1409=DIRECTION('center_axis',(0.,-2.44929359829471E-16,-1.));
#1410=DIRECTION('ref_axis',(-1.,0.,0.));
#1411=DIRECTION('center_axis',(0.,-2.44929359829471E-16,-1.));
#1412=DIRECTION('ref_axis',(-0.707106781186548,-0.707106781186548,1.73191211247099E-16));
#1413=DIRECTION('center_axis',(1.93086109230761E-32,1.,-1.22464679914735E-16));
#1414=DIRECTION('ref_axis',(1.,3.75663206456847E-33,9.251858538543E-17));
#1415=DIRECTION('center_axis',(-1.93086109230761E-32,-1.,1.22464679914735E-16));
#1416=DIRECTION('ref_axis',(0.999999999999192,-1.55721893607021E-22,-1.27156575835756E-6));
#1417=DIRECTION('center_axis',(0.,2.44929359829471E-16,1.));
#1418=DIRECTION('ref_axis',(-0.707106781186547,-0.707106781186548,1.73191211247099E-16));
#1419=DIRECTION('center_axis',(1.,-1.06865847301611E-32,0.));
#1420=DIRECTION('ref_axis',(2.52654878293784E-32,0.999999999999192,-1.27156576591621E-6));
#1421=DIRECTION('center_axis',(0.,2.44929359829471E-16,1.));
#1422=DIRECTION('ref_axis',(-4.736951571734E-15,1.,-2.44249065417534E-16));
#1423=DIRECTION('center_axis',(0.,2.44929359829471E-16,1.));
#1424=DIRECTION('ref_axis',(2.18828201138243E-34,1.,-2.45822793761975E-16));
#1425=DIRECTION('center_axis',(-0.217995538058459,-0.975949765811029,7.64915817331044E-16));
#1426=DIRECTION('ref_axis',(0.975949765811029,-0.217995538058459,3.82615769643483E-17));
#1427=DIRECTION('center_axis',(0.,2.44929359829471E-16,1.));
#1428=DIRECTION('ref_axis',(-0.952574957531118,-0.304304042504515,7.45329943241509E-17));
#1429=DIRECTION('center_axis',(0.,-2.44929359829471E-16,-1.));
#1430=DIRECTION('ref_axis',(4.10865054802611E-32,1.,-2.44929359829471E-16));
#1431=DIRECTION('center_axis',(0.,2.44929359829471E-16,1.));
#1432=DIRECTION('ref_axis',(0.952574957531118,-0.304304042504515,7.45329943241509E-17));
#1433=DIRECTION('center_axis',(-0.217995538058459,0.975949765811029,1.17127350761336E-15));
#1434=DIRECTION('ref_axis',(-0.975949765810832,-0.217995538058415,-6.35782882309666E-7));
#1435=DIRECTION('center_axis',(5.91133723594092E-16,-1.,2.44929359829471E-16));
#1436=DIRECTION('ref_axis',(0.707106781186546,-8.65956056235495E-17,-0.707106781186549));
#1437=DIRECTION('',(5.91133723594092E-16,-1.,2.44929359829471E-16));
#1438=DIRECTION('',(-5.91133723594092E-16,1.,-2.44929359829471E-16));
#1439=DIRECTION('center_axis',(0.,1.22464679914735E-16,1.));
#1440=DIRECTION('ref_axis',(1.,-5.20838399945952E-33,-2.73910036535074E-32));
#1441=DIRECTION('center_axis',(0.,2.44929359829471E-16,1.));
#1442=DIRECTION('ref_axis',(1.,-5.20838399945952E-33,-2.73910036535074E-32));
#1443=DIRECTION('center_axis',(0.,2.44929359829471E-16,1.));
#1444=DIRECTION('ref_axis',(1.,-5.20838399945952E-33,-2.73910036535074E-32));
#1445=DIRECTION('center_axis',(0.,2.44929359829471E-16,1.));
#1446=DIRECTION('ref_axis',(1.,-5.20838399945952E-33,-2.73910036535074E-32));
#1447=DIRECTION('center_axis',(-5.91133723594092E-16,1.,-2.44929359829471E-16));
#1448=DIRECTION('ref_axis',(0.707106781186546,8.65956056235494E-17,0.707106781186549));
#1449=DIRECTION('',(5.91133723594092E-16,-1.,2.44929359829471E-16));
#1450=DIRECTION('center_axis',(-1.,1.06865847301611E-32,0.));
#1451=DIRECTION('ref_axis',(2.05432527401305E-32,0.707106781186548,0.707106781186547));
#1452=DIRECTION('',(1.,-1.06865847301611E-32,0.));
#1453=DIRECTION('center_axis',(6.66027136847206E-48,-1.,2.44929359829471E-16));
#1454=DIRECTION('ref_axis',(-0.707106781186548,8.65956056235492E-17,0.707106781186547));
#1455=DIRECTION('',(-6.66027136847206E-48,1.,-2.44929359829471E-16));
#1456=DIRECTION('center_axis',(-1.93086109230761E-32,-1.,1.22464679914735E-16));
#1457=DIRECTION('ref_axis',(1.,-1.06865847301611E-32,0.));
#1458=DIRECTION('',(-1.,1.06865847301611E-32,0.));
#1459=DIRECTION('',(-1.,1.06865847301611E-32,0.));
#1460=DIRECTION('center_axis',(-1.,1.06865847301611E-32,0.));
#1461=DIRECTION('ref_axis',(0.,0.707106781186547,-0.707106781186548));
#1462=DIRECTION('',(1.,-1.06865847301611E-32,0.));
#1463=DIRECTION('center_axis',(-1.,1.06865847301611E-32,0.));
#1464=DIRECTION('ref_axis',(0.,0.707106781186547,-0.707106781186548));
#1465=DIRECTION('',(1.,-1.06865847301611E-32,0.));
#1466=DIRECTION('center_axis',(-0.370622144357301,0.103198586270049,0.92303265267479));
#1467=DIRECTION('ref_axis',(-0.268242235713671,-0.963351495031451,-2.5894385939494E-10));
#1468=DIRECTION('center_axis',(0.370617429937467,0.10319937345791,0.923034457614905));
#1469=DIRECTION('ref_axis',(-3.08148791101958E-32,-0.993807873033478,0.111112157285662));
#1470=DIRECTION('center_axis',(-0.882220112502443,7.54640001178835E-16,
0.470837204452002));
#1471=DIRECTION('ref_axis',(-0.177899292130868,-0.925872498261022,-0.333334604899087));
#1472=DIRECTION('center_axis',(0.882220112158024,-2.74143669778202E-15,
0.470837205097349));
#1473=DIRECTION('ref_axis',(-7.08825590815345E-11,-1.,1.32808701413756E-10));
#1474=DIRECTION('center_axis',(1.,8.88178419700126E-16,-1.4791141972894E-31));
#1475=DIRECTION('ref_axis',(-8.88178419700126E-16,1.,-2.44929359829471E-16));
#1476=DIRECTION('',(8.88178419700126E-16,-1.,2.44929359829471E-16));
#1477=DIRECTION('',(-8.88178419700126E-16,1.,-2.44929359829471E-16));
#1478=DIRECTION('',(0.,1.22464679914735E-16,1.));
#1479=DIRECTION('center_axis',(-8.88178419700126E-16,1.,-2.44929359829471E-16));
#1480=DIRECTION('ref_axis',(0.707106781186548,8.65956056235492E-17,0.707106781186547));
#1481=DIRECTION('center_axis',(1.93086109230761E-32,1.,-1.22464679914735E-16));
#1482=DIRECTION('ref_axis',(0.707106781186548,8.65956056235492E-17,0.707106781186547));
#1483=DIRECTION('',(-8.88178419700126E-16,1.,-2.44929359829471E-16));
#1484=DIRECTION('',(-8.88178419700126E-16,1.,-2.44929359829471E-16));
#1485=DIRECTION('center_axis',(1.93086109230761E-32,1.,-1.22464679914735E-16));
#1486=DIRECTION('ref_axis',(0.707106781186548,8.65956056235492E-17,0.707106781186547));
#1487=DIRECTION('center_axis',(-1.93086109230761E-32,-1.,1.22464679914735E-16));
#1488=DIRECTION('ref_axis',(1.,-1.06865847301611E-32,0.));
#1489=DIRECTION('center_axis',(1.93086109230761E-32,1.,-1.22464679914735E-16));
#1490=DIRECTION('ref_axis',(-0.707106781186549,8.65956056235492E-17,0.707106781186546));
#1491=DIRECTION('',(1.,-1.06865847301611E-32,0.));
#1492=DIRECTION('',(1.,-1.06865847301611E-32,0.));
#1493=DIRECTION('',(0.,1.22464679914735E-16,1.));
#1494=DIRECTION('center_axis',(1.,-1.06865847301611E-32,0.));
#1495=DIRECTION('ref_axis',(0.,-0.70710678118655,-0.707106781186545));
#1496=DIRECTION('center_axis',(1.,-4.44089209850063E-16,4.93038065763132E-32));
#1497=DIRECTION('ref_axis',(0.,-0.70710678118655,-0.707106781186545));
#1498=DIRECTION('',(-1.,1.06865847301611E-32,0.));
#1499=DIRECTION('',(-1.,1.06865847301611E-32,0.));
#1500=DIRECTION('center_axis',(-1.,4.44089209850063E-16,-4.93038065763132E-32));
#1501=DIRECTION('ref_axis',(-4.44089209850063E-16,-1.,2.44929359829471E-16));
#1502=DIRECTION('',(4.44089209850063E-16,1.,-2.44929359829471E-16));
#1503=DIRECTION('',(-4.44089209850063E-16,-1.,2.44929359829471E-16));
#1504=DIRECTION('center_axis',(1.93086109230761E-32,1.,-1.22464679914735E-16));
#1505=DIRECTION('ref_axis',(-1.,1.06865847301611E-32,0.));
#1506=DIRECTION('',(-1.,1.06865847301611E-32,0.));
#1507=DIRECTION('center_axis',(1.93086109230761E-32,1.,-1.22464679914735E-16));
#1508=DIRECTION('ref_axis',(-0.707106781186549,8.65956056235492E-17,0.707106781186546));
#1509=DIRECTION('center_axis',(0.,1.22464679914735E-16,1.));
#1510=DIRECTION('ref_axis',(-1.,1.89038858262133E-32,0.));
#1511=DIRECTION('',(0.,-1.22464679914735E-16,-1.));
#1512=DIRECTION('center_axis',(0.,-2.44929359829471E-16,-1.));
#1513=DIRECTION('ref_axis',(-1.,1.89038858262133E-32,0.));
#1514=DIRECTION('center_axis',(0.,-2.44929359829471E-16,-1.));
#1515=DIRECTION('ref_axis',(-1.,1.89038858262133E-32,0.));
#1516=DIRECTION('center_axis',(0.,2.44929359829471E-16,1.));
#1517=DIRECTION('ref_axis',(-1.,1.06865847301611E-32,0.));
#1518=DIRECTION('',(-4.44089209850063E-16,-1.,2.44929359829471E-16));
#1519=DIRECTION('center_axis',(0.,2.44929359829471E-16,1.));
#1520=DIRECTION('ref_axis',(-1.,1.06865847301611E-32,0.));
#1521=DIRECTION('',(-4.44089209850063E-16,-1.,2.44929359829471E-16));
#1522=DIRECTION('center_axis',(4.44089209850063E-16,1.,-2.44929359829471E-16));
#1523=DIRECTION('ref_axis',(-0.707106781186549,8.65956056235492E-17,0.707106781186546));
#1524=DIRECTION('center_axis',(1.22464679914735E-16,-2.44929359829471E-16,
-1.));
#1525=DIRECTION('ref_axis',(2.22044604925031E-16,1.,-2.44929359829471E-16));
#1526=DIRECTION('',(2.22044604925031E-16,1.,-2.44929359829471E-16));
#1527=DIRECTION('',(-1.,2.22044604925031E-16,-1.22464679914735E-16));
#1528=DIRECTION('',(2.22044604925031E-16,1.,-2.44929359829471E-16));
#1529=DIRECTION('',(-1.,2.22044604925031E-16,-1.22464679914735E-16));
#1530=DIRECTION('center_axis',(-1.22464679914735E-16,2.44929359829471E-16,
1.));
#1531=DIRECTION('ref_axis',(2.22044604925031E-16,1.,-2.44929359829471E-16));
#1532=DIRECTION('center_axis',(-1.22464679914735E-16,2.44929359829471E-16,
1.));
#1533=DIRECTION('ref_axis',(2.22044604925031E-16,1.,-2.44929359829471E-16));
#1534=DIRECTION('center_axis',(-1.22464679914735E-16,2.44929359829471E-16,
1.));
#1535=DIRECTION('ref_axis',(2.22044604925031E-16,1.,-2.44929359829471E-16));
#1536=DIRECTION('center_axis',(-1.22464679914735E-16,2.44929359829471E-16,
1.));
#1537=DIRECTION('ref_axis',(2.22044604925031E-16,1.,-2.44929359829471E-16));
#1538=DIRECTION('center_axis',(-1.22464679914735E-16,2.44929359829471E-16,
1.));
#1539=DIRECTION('ref_axis',(-2.22044604925031E-16,-1.,2.44929359829471E-16));
#1540=DIRECTION('',(-2.22044604925031E-16,-1.,2.44929359829471E-16));
#1541=DIRECTION('',(1.,-2.22044604925031E-16,1.22464679914735E-16));
#1542=DIRECTION('',(2.22044604925031E-16,1.,-2.44929359829471E-16));
#1543=DIRECTION('',(-1.,2.22044604925031E-16,-1.22464679914735E-16));
#1544=DIRECTION('center_axis',(1.22464679914735E-16,-2.44929359829471E-16,
-1.));
#1545=DIRECTION('ref_axis',(2.22044604925031E-16,1.,-2.44929359829471E-16));
#1546=DIRECTION('center_axis',(1.22464679914735E-16,-2.44929359829471E-16,
-1.));
#1547=DIRECTION('ref_axis',(2.22044604925031E-16,1.,-2.44929359829471E-16));
#1548=DIRECTION('center_axis',(1.22464679914735E-16,-2.44929359829471E-16,
-1.));
#1549=DIRECTION('ref_axis',(2.22044604925031E-16,1.,-2.44929359829471E-16));
#1550=DIRECTION('center_axis',(1.22464679914735E-16,-2.44929359829471E-16,
-1.));
#1551=DIRECTION('ref_axis',(2.22044604925031E-16,1.,-2.44929359829471E-16));
#1552=DIRECTION('center_axis',(3.65591411891255E-16,-2.44929359829471E-16,
-1.));
#1553=DIRECTION('ref_axis',(-2.22044604925031E-16,-1.,2.44929359829471E-16));
#1554=DIRECTION('center_axis',(2.44929359829471E-16,-2.44929359829471E-16,
-1.));
#1555=DIRECTION('ref_axis',(2.22044604925031E-16,1.,-2.44929359829471E-16));
#1556=DIRECTION('center_axis',(2.44929359829471E-16,-2.44929359829471E-16,
-1.));
#1557=DIRECTION('ref_axis',(2.22044604925031E-16,1.,-2.44929359829471E-16));
#1558=DIRECTION('',(5.01933767891691E-16,0.656059028990508,-0.754709580222771));
#1559=DIRECTION('center_axis',(-3.65591411891255E-16,2.44929359829471E-16,
1.));
#1560=DIRECTION('ref_axis',(2.22044604925031E-16,1.,-2.44929359829471E-16));
#1561=DIRECTION('center_axis',(-3.65591411891255E-16,2.44929359829471E-16,
1.));
#1562=DIRECTION('ref_axis',(2.22044604925031E-16,1.,-2.44929359829471E-16));
#1563=DIRECTION('center_axis',(3.67394039744206E-16,-2.44929359829471E-16,
-1.));
#1564=DIRECTION('ref_axis',(2.22044604925031E-16,1.,-2.44929359829471E-16));
#1565=DIRECTION('',(3.67394039744206E-16,-2.44929359829471E-16,-1.));
#1566=DIRECTION('center_axis',(2.4312673197652E-16,-2.44929359829471E-16,
-1.));
#1567=DIRECTION('ref_axis',(-2.22044604925031E-16,-1.,2.44929359829471E-16));
#1568=DIRECTION('center_axis',(2.44929359829471E-16,-2.44929359829471E-16,
-1.));
#1569=DIRECTION('ref_axis',(2.22044604925031E-16,1.,-2.44929359829471E-16));
#1570=DIRECTION('center_axis',(2.44929359829471E-16,-2.44929359829471E-16,
-1.));
#1571=DIRECTION('ref_axis',(2.22044604925031E-16,1.,-2.44929359829471E-16));
#1572=DIRECTION('',(4.09508500721125E-16,0.656059028990508,-0.754709580222771));
#1573=DIRECTION('center_axis',(-2.4312673197652E-16,2.44929359829471E-16,
1.));
#1574=DIRECTION('ref_axis',(2.22044604925031E-16,1.,-2.44929359829471E-16));
#1575=DIRECTION('center_axis',(-2.4312673197652E-16,2.44929359829471E-16,
1.));
#1576=DIRECTION('ref_axis',(2.22044604925031E-16,1.,-2.44929359829471E-16));
#1577=DIRECTION('center_axis',(2.44929359829471E-16,-2.44929359829471E-16,
-1.));
#1578=DIRECTION('ref_axis',(2.22044604925031E-16,1.,-2.44929359829471E-16));
#1579=DIRECTION('',(2.44929359829471E-16,-2.44929359829471E-16,-1.));
#1580=DIRECTION('center_axis',(1.20662052061785E-16,-2.44929359829471E-16,
-1.));
#1581=DIRECTION('ref_axis',(-2.22044604925031E-16,-1.,2.44929359829471E-16));
#1582=DIRECTION('center_axis',(2.28847549044393E-17,-2.44929359829471E-16,
-1.));
#1583=DIRECTION('ref_axis',(2.22044604925031E-16,1.,-2.44929359829471E-16));
#1584=DIRECTION('center_axis',(2.28847549044393E-17,-2.44929359829471E-16,
-1.));
#1585=DIRECTION('ref_axis',(2.22044604925031E-16,1.,-2.44929359829471E-16));
#1586=DIRECTION('',(3.17083233550559E-16,0.656059028990508,-0.754709580222771));
#1587=DIRECTION('center_axis',(-1.20662052061785E-16,2.44929359829471E-16,
1.));
#1588=DIRECTION('ref_axis',(2.22044604925031E-16,1.,-2.44929359829471E-16));
#1589=DIRECTION('center_axis',(-1.20662052061785E-16,2.44929359829471E-16,
1.));
#1590=DIRECTION('ref_axis',(2.22044604925031E-16,1.,-2.44929359829471E-16));
#1591=DIRECTION('center_axis',(1.22464679914735E-16,-2.44929359829471E-16,
-1.));
#1592=DIRECTION('ref_axis',(2.22044604925031E-16,1.,-2.44929359829471E-16));
#1593=DIRECTION('',(1.22464679914735E-16,-2.44929359829471E-16,-1.));
#1594=DIRECTION('center_axis',(1.43546806966224E-16,-2.44929359829471E-16,
-1.));
#1595=DIRECTION('ref_axis',(-2.22044604925031E-16,-1.,2.44929359829471E-16));
#1596=DIRECTION('center_axis',(2.28847549044393E-17,-2.44929359829471E-16,
-1.));
#1597=DIRECTION('ref_axis',(2.22044604925031E-16,1.,-2.44929359829471E-16));
#1598=DIRECTION('center_axis',(2.28847549044393E-17,-2.44929359829471E-16,
-1.));
#1599=DIRECTION('ref_axis',(2.22044604925031E-16,1.,-2.44929359829471E-16));
#1600=DIRECTION('',(3.3435457731799E-16,0.656059028990508,-0.754709580222771));
#1601=DIRECTION('center_axis',(-1.43546806966224E-16,2.44929359829471E-16,
1.));
#1602=DIRECTION('ref_axis',(2.22044604925031E-16,1.,-2.44929359829471E-16));
#1603=DIRECTION('center_axis',(-1.43546806966224E-16,2.44929359829471E-16,
1.));
#1604=DIRECTION('ref_axis',(2.22044604925031E-16,1.,-2.44929359829471E-16));
#1605=DIRECTION('center_axis',(1.45349434819175E-16,-2.44929359829471E-16,
-1.));
#1606=DIRECTION('ref_axis',(2.22044604925031E-16,1.,-2.44929359829471E-16));
#1607=DIRECTION('',(1.45349434819175E-16,-2.44929359829471E-16,-1.));
#1608=DIRECTION('center_axis',(2.44929359829471E-16,-2.44929359829471E-16,
-1.));
#1609=DIRECTION('ref_axis',(2.22044604925031E-16,1.,-2.44929359829471E-16));
#1610=DIRECTION('',(2.44929359829471E-16,-2.44929359829471E-16,-1.));
#1611=DIRECTION('center_axis',(2.28847549044393E-17,-2.44929359829471E-16,
-1.));
#1612=DIRECTION('ref_axis',(2.22044604925031E-16,1.,-2.44929359829471E-16));
#1613=DIRECTION('',(2.28847549044393E-17,-2.44929359829471E-16,-1.));
#1614=DIRECTION('center_axis',(2.28847549044393E-17,-2.44929359829471E-16,
-1.));
#1615=DIRECTION('ref_axis',(2.22044604925031E-16,1.,-2.44929359829471E-16));
#1616=DIRECTION('',(2.28847549044393E-17,-2.44929359829471E-16,-1.));
#1617=DIRECTION('center_axis',(2.44929359829471E-16,-2.44929359829471E-16,
-1.));
#1618=DIRECTION('ref_axis',(2.22044604925031E-16,1.,-2.44929359829471E-16));
#1619=DIRECTION('',(2.44929359829471E-16,-2.44929359829471E-16,-1.));
#1620=DIRECTION('center_axis',(2.22044604925031E-16,1.,-2.44929359829471E-16));
#1621=DIRECTION('ref_axis',(-1.22464679914735E-16,2.44929359829471E-16,
1.));
#1622=DIRECTION('',(1.,-2.22044604925031E-16,1.22464679914735E-16));
#1623=DIRECTION('',(1.22464679914735E-16,-2.44929359829471E-16,-1.));
#1624=DIRECTION('',(1.,-2.22044604925031E-16,1.22464679914735E-16));
#1625=DIRECTION('',(1.22464679914735E-16,-2.44929359829471E-16,-1.));
#1626=DIRECTION('center_axis',(-1.,2.22044604925031E-16,-1.22464679914735E-16));
#1627=DIRECTION('ref_axis',(1.22464679914735E-16,-2.44929359829471E-16,
-1.));
#1628=DIRECTION('',(-7.04136402448282E-17,-0.707106781186548,-0.707106781186547));
#1629=DIRECTION('',(2.22044604925031E-16,1.,-2.44929359829471E-16));
#1630=DIRECTION('',(-2.4360964716957E-16,-0.707154944301946,0.707058614790395));
#1631=DIRECTION('',(-1.22464679914735E-16,2.44929359829471E-16,1.));
#1632=DIRECTION('',(-2.22044604925031E-16,-1.,2.44929359829471E-16));
#1633=DIRECTION('center_axis',(-2.45340880548804E-16,-0.725119561643288,
0.688622989249013));
#1634=DIRECTION('ref_axis',(-6.41034845735326E-17,-0.688622989249013,-0.725119561643288));
#1635=DIRECTION('',(0.56729126455986,-0.567092893713711,-0.597148449762272));
#1636=DIRECTION('',(0.56729126455986,0.567092893713711,0.597148449762272));
#1637=DIRECTION('',(1.,-2.22044604925031E-16,1.22464679914735E-16));
#1638=DIRECTION('center_axis',(-1.22464679914735E-16,2.44929359829471E-16,
1.));
#1639=DIRECTION('ref_axis',(-2.22044604925031E-16,-1.,2.44929359829471E-16));
#1640=DIRECTION('',(1.,-2.22044604925031E-16,1.22464679914735E-16));
#1641=DIRECTION('',(-2.22044604925031E-16,-1.,2.44929359829471E-16));
#1642=DIRECTION('',(-2.22044604925031E-16,-1.,2.44929359829471E-16));
#1643=DIRECTION('',(1.,-2.22044604925031E-16,1.22464679914735E-16));
#1644=DIRECTION('',(-2.22044604925031E-16,-1.,2.44929359829471E-16));
#1645=DIRECTION('center_axis',(0.724999289739127,7.7128210174223E-18,0.688749613341279));
#1646=DIRECTION('ref_axis',(-2.22044604925031E-16,-1.,2.44929359829471E-16));
#1647=DIRECTION('',(-0.567227446909511,-0.56722744690951,0.597081273316319));
#1648=DIRECTION('center_axis',(7.66346799218152E-17,0.724999289739127,0.688749613341279));
#1649=DIRECTION('ref_axis',(-2.41719941742945E-16,-0.688749613341279,0.724999289739127));
#1650=DIRECTION('',(0.56722744690951,-0.567227446909511,0.597081273316319));
#1651=DIRECTION('center_axis',(-2.22044604925031E-16,-1.,2.44929359829471E-16));
#1652=DIRECTION('ref_axis',(1.22464679914735E-16,-2.44929359829471E-16,
-1.));
#1653=DIRECTION('',(1.,-2.22044604925031E-16,1.22464679914735E-16));
#1654=DIRECTION('',(1.22464679914735E-16,-2.44929359829471E-16,-1.));
#1655=DIRECTION('center_axis',(1.,-2.22044604925031E-16,1.22464679914735E-16));
#1656=DIRECTION('ref_axis',(-1.22464679914735E-16,2.44929359829471E-16,
1.));
#1657=DIRECTION('',(-2.22044604925031E-16,-1.,2.44929359829471E-16));
#1658=DIRECTION('',(-7.04136402448282E-17,-0.707106781186548,-0.707106781186547));
#1659=DIRECTION('center_axis',(-0.724999289739127,3.29677182739528E-16,
0.688749613341279));
#1660=DIRECTION('ref_axis',(-2.22044604925031E-16,-1.,2.44929359829471E-16));
#1661=DIRECTION('center_axis',(-0.707107207990226,-1.61817660724521E-17,
-0.707106354382611));
#1662=DIRECTION('ref_axis',(2.22044604925031E-16,1.,-2.44929359829471E-16));
#1663=DIRECTION('',(0.577349804544493,-0.577350501512052,-0.577350501512052));
#1664=DIRECTION('',(-0.577349804544493,-0.577350501512052,0.577350501512052));
#1665=DIRECTION('center_axis',(-7.04136402448282E-17,-0.707106781186548,
-0.707106781186547));
#1666=DIRECTION('ref_axis',(2.43604851491927E-16,0.707106781186547,-0.707106781186548));
#1667=DIRECTION('',(0.577446975462481,-0.57730190997832,0.57730190997832));
#1668=DIRECTION('center_axis',(0.707017945223022,-3.30202487371481E-16,
-0.707195605990744));
#1669=DIRECTION('ref_axis',(2.22044604925031E-16,1.,-2.44929359829471E-16));
#1670=DIRECTION('',(0.577446975462481,0.57730190997832,0.57730190997832));
#1671=DIRECTION('center_axis',(2.43604851491927E-16,0.707106781186547,-0.707106781186548));
#1672=DIRECTION('ref_axis',(7.04136402448282E-17,0.707106781186548,0.707106781186547));
#1673=CARTESIAN_POINT('',(0.,0.,0.));
#1674=CARTESIAN_POINT('Origin',(42.5,84.5,1.60000190734864));
#1675=CARTESIAN_POINT('',(45.5,84.5,1.60000190734865));
#1676=CARTESIAN_POINT('Origin',(42.5,84.5,1.60000190734865));
#1677=CARTESIAN_POINT('',(45.5,84.5,-1.4));
#1678=CARTESIAN_POINT('',(45.5,84.5,1.60000190734864));
#1679=CARTESIAN_POINT('Origin',(42.5,84.5,-1.4));
#1680=CARTESIAN_POINT('Origin',(42.2154998779297,83.2538753806507,9.80000190734865));
#1681=CARTESIAN_POINT('',(50.6,75.5,9.80000190734865));
#1682=CARTESIAN_POINT('',(50.6,91.5,9.80000190734864));
#1683=CARTESIAN_POINT('',(50.6,91.5,9.80000190734864));
#1684=CARTESIAN_POINT('',(34.4,91.5,9.80000190734864));
#1685=CARTESIAN_POINT('',(34.4,91.5,9.80000190734864));
#1686=CARTESIAN_POINT('',(34.4,75.5,9.80000190734865));
#1687=CARTESIAN_POINT('',(34.4,75.5,9.80000190734865));
#1688=CARTESIAN_POINT('',(50.6,75.5,9.80000190734865));
#1689=CARTESIAN_POINT('',(45.5,84.5,9.80000190734865));
#1690=CARTESIAN_POINT('Origin',(42.5,84.5,9.80000190734865));
#1691=CARTESIAN_POINT('Origin',(50.6,75.5,1.60000190734865));
#1692=CARTESIAN_POINT('',(50.6,91.5,4.60000190734863));
#1693=CARTESIAN_POINT('',(50.6,75.5,4.60000190734864));
#1694=CARTESIAN_POINT('',(50.6,68.1352503299713,4.60000190734864));
#1695=CARTESIAN_POINT('',(50.6,91.5,1.60000190734864));
#1696=CARTESIAN_POINT('',(50.6,75.5,1.60000190734865));
#1697=CARTESIAN_POINT('Origin',(34.4,91.5,1.60000190734864));
#1698=CARTESIAN_POINT('',(34.4,75.5,4.60000190734864));
#1699=CARTESIAN_POINT('',(34.4,91.5,4.60000190734863));
#1700=CARTESIAN_POINT('',(34.4,76.1352503299713,4.60000190734864));
#1701=CARTESIAN_POINT('',(34.4,75.5,1.60000190734865));
#1702=CARTESIAN_POINT('',(34.4,91.5,1.60000190734864));
#1703=CARTESIAN_POINT('Origin',(31.4,76.1352503299713,4.60000190734864));
#1704=CARTESIAN_POINT('',(31.4,94.5,1.60000190734864));
#1705=CARTESIAN_POINT('',(31.4,72.5,1.60000190734865));
#1706=CARTESIAN_POINT('',(31.4,76.1352503299713,1.60000190734865));
#1707=CARTESIAN_POINT('Origin',(31.4,72.5,4.60000190734864));
#1708=CARTESIAN_POINT('Origin',(31.4,94.5,4.60000190734863));
#1709=CARTESIAN_POINT('Origin',(53.6,68.1352503299713,4.60000190734864));
#1710=CARTESIAN_POINT('',(53.6,72.5,1.60000190734865));
#1711=CARTESIAN_POINT('',(53.6,94.5,1.60000190734864));
#1712=CARTESIAN_POINT('',(53.6,68.1352503299713,1.60000190734865));
#1713=CARTESIAN_POINT('Origin',(53.6,94.5,4.60000190734863));
#1714=CARTESIAN_POINT('Origin',(53.6,72.5,4.60000190734864));
#1715=CARTESIAN_POINT('Origin',(61.6629996776581,94.5,4.60000190734863));
#1716=CARTESIAN_POINT('',(47.9433259094192,91.5,4.60000190734863));
#1717=CARTESIAN_POINT('',(61.6629996776581,91.5,4.60000190734863));
#1718=CARTESIAN_POINT('',(47.95,94.5,1.60000190734864));
#1719=CARTESIAN_POINT('',(61.6629996776581,94.5,1.60000190734864));
#1720=CARTESIAN_POINT('',(47.95,91.5066740905809,4.40000190734864));
#1721=CARTESIAN_POINT('Origin',(47.95,94.5,4.60000190734863));
#1722=CARTESIAN_POINT('Ctrl Pts',(47.9433259094191,91.5,4.60000190734863));
#1723=CARTESIAN_POINT('Ctrl Pts',(47.9477517791087,91.5,4.53376155528176));
#1724=CARTESIAN_POINT('Ctrl Pts',(47.9499999999999,91.5022042779031,4.46689993784253));
#1725=CARTESIAN_POINT('Ctrl Pts',(47.95,91.5066740905807,4.40000190735101));
#1726=CARTESIAN_POINT('Origin',(46.75,104.405709255116,0.100000000000002));
#1727=CARTESIAN_POINT('',(46.75,66.9567581851249,-1.39999999999999));
#1728=CARTESIAN_POINT('',(46.75,55.6999999999999,-1.39999999999999));
#1729=CARTESIAN_POINT('',(46.75,104.405709255116,-1.4));
#1730=CARTESIAN_POINT('',(45.25,55.6999999999999,0.100000000000003));
#1731=CARTESIAN_POINT('Origin',(46.75,55.6999999999999,0.100000000000003));
#1732=CARTESIAN_POINT('',(45.25,67.6300750594555,0.100000000000002));
#1733=CARTESIAN_POINT('',(45.25,104.405709255116,0.100000000000002));
#1734=CARTESIAN_POINT('Ctrl Pts',(46.75,66.9567581851249,-1.4));
#1735=CARTESIAN_POINT('Ctrl Pts',(46.7481334796308,66.9575294256211,-1.4));
#1736=CARTESIAN_POINT('Ctrl Pts',(46.7462670342384,66.9583008458058,-1.39999651610141));
#1737=CARTESIAN_POINT('Ctrl Pts',(46.6273231155261,67.0074749783953,-1.39955250914224));
#1738=CARTESIAN_POINT('Ctrl Pts',(46.5107571315243,67.0565075329937,-1.38540984994202));
#1739=CARTESIAN_POINT('Ctrl Pts',(46.2837998633869,67.1536914120716,-1.33046914825993));
#1740=CARTESIAN_POINT('Ctrl Pts',(46.1736938361417,67.2017157274378,-1.289837886446));
#1741=CARTESIAN_POINT('Ctrl Pts',(45.8974662571096,67.324284256818,-1.14911617019867));
#1742=CARTESIAN_POINT('Ctrl Pts',(45.7418855015592,67.395613813646,-1.02820250000255));
#1743=CARTESIAN_POINT('Ctrl Pts',(45.4965828544224,67.5105179578837,-0.743054812448781));
#1744=CARTESIAN_POINT('Ctrl Pts',(45.4035248970888,67.5553017552866,-0.586125025074447));
#1745=CARTESIAN_POINT('Ctrl Pts',(45.2810533950612,67.6147341380878,-0.249971089305425));
#1746=CARTESIAN_POINT('Ctrl Pts',(45.25,67.6300750594555,-0.0763509334478658));
#1747=CARTESIAN_POINT('Ctrl Pts',(45.25,67.6300750594555,0.100000000000001));
#1748=CARTESIAN_POINT('Origin',(43.5,55.6999999999999,0.100000000000003));
#1749=CARTESIAN_POINT('',(43.5,52.4499999999999,-1.39999999999999));
#1750=CARTESIAN_POINT('Origin',(43.5,55.6999999999999,-1.39999999999999));
#1751=CARTESIAN_POINT('',(43.5,53.95,0.100000000000014));
#1752=CARTESIAN_POINT('Origin',(43.5,52.4499999999999,0.100000000000014));
#1753=CARTESIAN_POINT('',(43.5,52.4499999999999,1.60000190734865));
#1754=CARTESIAN_POINT('Origin',(43.5,52.4499999999999,0.100001907348652));
#1755=CARTESIAN_POINT('',(46.75,55.6999999999999,1.60000190734865));
#1756=CARTESIAN_POINT('Origin',(43.5,55.6999999999999,1.60000190734865));
#1757=CARTESIAN_POINT('Origin',(46.75,55.6999999999999,0.100001907348652));
#1758=CARTESIAN_POINT('Origin',(71.8390007019043,52.4499999999999,0.100000000000014));
#1759=CARTESIAN_POINT('',(41.5,52.4499999999999,-1.39999999999999));
#1760=CARTESIAN_POINT('',(71.8390007019043,52.4499999999999,-1.39999999999999));
#1761=CARTESIAN_POINT('',(41.5,53.95,0.100000000000004));
#1762=CARTESIAN_POINT('Origin',(41.5,52.4499999999999,0.100000000000004));
#1763=CARTESIAN_POINT('',(71.8390007019043,53.95,0.100000000000014));
#1764=CARTESIAN_POINT('Origin',(41.5,55.6999999999999,0.100000000000003));
#1765=CARTESIAN_POINT('',(38.25,55.6999999999999,-1.39999999999999));
#1766=CARTESIAN_POINT('Origin',(41.5,55.6999999999999,-1.39999999999999));
#1767=CARTESIAN_POINT('',(39.75,55.6999999999999,0.100000000000014));
#1768=CARTESIAN_POINT('Origin',(38.25,55.6999999999999,0.100000000000014));
#1769=CARTESIAN_POINT('',(38.25,55.6999999999999,1.60000190734865));
#1770=CARTESIAN_POINT('Origin',(38.25,55.6999999999999,0.100001907348651));
#1771=CARTESIAN_POINT('',(41.5,52.4499999999999,1.60000190734865));
#1772=CARTESIAN_POINT('Origin',(41.5,55.6999999999999,1.60000190734865));
#1773=CARTESIAN_POINT('Origin',(41.5,52.4499999999999,0.100001907348652));
#1774=CARTESIAN_POINT('Origin',(42.5,71.1920267716492,0.100000000000001));
#1775=CARTESIAN_POINT('',(46.8917739461496,72.1730066929123,0.100000953674324));
#1776=CARTESIAN_POINT('',(38.1082260538504,72.1730066929123,0.100001907348649));
#1777=CARTESIAN_POINT('Origin',(42.5,71.1920267716492,0.100000000000001));
#1778=CARTESIAN_POINT('',(36.6443014051338,72.5,1.60000190734865));
#1779=CARTESIAN_POINT('Origin',(36.6443014051338,72.5,0.100001907348649));
#1780=CARTESIAN_POINT('',(38.25,66.9567581851249,1.60000190734865));
#1781=CARTESIAN_POINT('Origin',(42.5,71.1920267716492,1.60000190734865));
#1782=CARTESIAN_POINT('',(39.75,67.6300750594555,0.100000000000011));
#1783=CARTESIAN_POINT('Ctrl Pts',(38.25,66.9567581851249,1.60000190734865));
#1784=CARTESIAN_POINT('Ctrl Pts',(38.2518665204073,66.9575294256368,1.60000190734865));
#1785=CARTESIAN_POINT('Ctrl Pts',(38.2537329657236,66.9583008457864,1.59999842345021));
#1786=CARTESIAN_POINT('Ctrl Pts',(38.3726772512953,67.0074751301022,1.5995544151216));
#1787=CARTESIAN_POINT('Ctrl Pts',(38.4892435978527,67.0565078398817,1.5854116686669));
#1788=CARTESIAN_POINT('Ctrl Pts',(38.7162015336348,67.1536920156959,1.53047062978934));
#1789=CARTESIAN_POINT('Ctrl Pts',(38.8263078641154,67.2017164716823,1.48983912013043));
#1790=CARTESIAN_POINT('Ctrl Pts',(39.102535514872,67.3242850598237,1.34911685889418));
#1791=CARTESIAN_POINT('Ctrl Pts',(39.2581160559461,67.3956145331997,1.22820300650536));
#1792=CARTESIAN_POINT('Ctrl Pts',(39.5034182595513,67.5105184887112,0.943055055633164));
#1793=CARTESIAN_POINT('Ctrl Pts',(39.5964759890261,67.5553021826182,0.786125181808554));
#1794=CARTESIAN_POINT('Ctrl Pts',(39.7189470523129,67.6147343577237,0.449971123231879));
#1795=CARTESIAN_POINT('Ctrl Pts',(39.7500002242406,67.6300751696257,0.276350926659211));
#1796=CARTESIAN_POINT('Ctrl Pts',(39.7499999999988,67.6300750594549,0.100000000000011));
#1797=CARTESIAN_POINT('',(38.25,66.9567581851249,-1.39999999999999));
#1798=CARTESIAN_POINT('Ctrl Pts',(38.25,66.9567581851249,-1.4));
#1799=CARTESIAN_POINT('Ctrl Pts',(38.2518665203695,66.9575294256212,-1.4));
#1800=CARTESIAN_POINT('Ctrl Pts',(38.2537329657613,66.9583008458057,-1.39999651610141));
#1801=CARTESIAN_POINT('Ctrl Pts',(38.3726768844789,67.0074749783976,-1.39955250914222));
#1802=CARTESIAN_POINT('Ctrl Pts',(38.4892428684807,67.0565075329958,-1.38540984994082));
#1803=CARTESIAN_POINT('Ctrl Pts',(38.716200136613,67.1536914120716,-1.33046914825993));
#1804=CARTESIAN_POINT('Ctrl Pts',(38.8263061638583,67.2017157274378,-1.28983788644601));
#1805=CARTESIAN_POINT('Ctrl Pts',(39.1025337428904,67.324284256818,-1.14911617019867));
#1806=CARTESIAN_POINT('Ctrl Pts',(39.2581144984408,67.395613813646,-1.02820250000255));
#1807=CARTESIAN_POINT('Ctrl Pts',(39.5034171455776,67.5105179578837,-0.743054812448795));
#1808=CARTESIAN_POINT('Ctrl Pts',(39.5964751029112,67.5553017552866,-0.586125025074457));
#1809=CARTESIAN_POINT('Ctrl Pts',(39.7189466049388,67.6147341380878,-0.249971089305418));
#1810=CARTESIAN_POINT('Ctrl Pts',(39.75,67.6300750594555,-0.0763509334478614));
#1811=CARTESIAN_POINT('Ctrl Pts',(39.75,67.6300750594555,0.100000000000001));
#1812=CARTESIAN_POINT('Origin',(42.5,71.1920267716492,-1.39999999999999));
#1813=CARTESIAN_POINT('',(46.75,66.9567581851249,1.60000190734865));
#1814=CARTESIAN_POINT('Ctrl Pts',(46.75,66.9567581851249,1.60000190734865));
#1815=CARTESIAN_POINT('Ctrl Pts',(46.7481334795928,66.9575294256368,1.60000190734865));
#1816=CARTESIAN_POINT('Ctrl Pts',(46.7462670342763,66.9583008457865,1.59999842345021));
#1817=CARTESIAN_POINT('Ctrl Pts',(46.6273227487064,67.0074751301014,1.59955441512161));
#1818=CARTESIAN_POINT('Ctrl Pts',(46.5107564021489,67.056507839881,1.58541166866728));
#1819=CARTESIAN_POINT('Ctrl Pts',(46.2837984663652,67.1536920156959,1.53047062978934));
#1820=CARTESIAN_POINT('Ctrl Pts',(46.1736921358845,67.2017164716823,1.48983912013042));
#1821=CARTESIAN_POINT('Ctrl Pts',(45.897464485128,67.3242850598237,1.34911685889418));
#1822=CARTESIAN_POINT('Ctrl Pts',(45.7418839440539,67.3956145331997,1.22820300650536));
#1823=CARTESIAN_POINT('Ctrl Pts',(45.4965817404487,67.5105184887112,0.943055055633157));
#1824=CARTESIAN_POINT('Ctrl Pts',(45.4035240109739,67.5553021826182,0.786125181808545));
#1825=CARTESIAN_POINT('Ctrl Pts',(45.2810529476871,67.6147343577237,0.449971123231886));
#1826=CARTESIAN_POINT('Ctrl Pts',(45.2499997757594,67.6300751696257,0.276350926659211));
#1827=CARTESIAN_POINT('Ctrl Pts',(45.2500000000012,67.6300750594549,0.100000000000003));
#1828=CARTESIAN_POINT('',(48.3556985948662,72.5,1.60000190734865));
#1829=CARTESIAN_POINT('Origin',(42.5,71.1920267716492,1.60000190734865));
#1830=CARTESIAN_POINT('Origin',(48.3556985948662,72.5,0.100001907348648));
#1831=CARTESIAN_POINT('Origin',(38.25,99.9492488861083,0.100000000000003));
#1832=CARTESIAN_POINT('',(39.75,99.9492488861083,0.100000000000003));
#1833=CARTESIAN_POINT('',(38.25,99.9492488861083,-1.4));
#1834=CARTESIAN_POINT('Origin',(42.5,71.1920267716492,-1.4));
#1835=CARTESIAN_POINT('',(41.2929099390951,75.5271084992369,4.10000000006741));
#1836=CARTESIAN_POINT('Ctrl Pts',(38.1082260538504,72.1730066929123,0.10000190734865));
#1837=CARTESIAN_POINT('Ctrl Pts',(38.200470332403,72.585977448427,0.100001907348647));
#1838=CARTESIAN_POINT('Ctrl Pts',(38.5063322095243,73.3797760786367,0.306925820692571));
#1839=CARTESIAN_POINT('Ctrl Pts',(39.2745481885687,74.4177764248172,1.11676660600934));
#1840=CARTESIAN_POINT('Ctrl Pts',(40.1099891103162,75.0440371617656,2.12067291783582));
#1841=CARTESIAN_POINT('Ctrl Pts',(40.8477989450998,75.3913694483875,3.15533382811463));
#1842=CARTESIAN_POINT('Ctrl Pts',(41.1883999223144,75.498008009223,3.7529577466269));
#1843=CARTESIAN_POINT('Ctrl Pts',(41.2929099390772,75.5271084992319,4.10000000007518));
#1844=CARTESIAN_POINT('',(43.7070900607115,75.5271084992908,4.10000000038841));
#1845=CARTESIAN_POINT('Ctrl Pts',(43.707090060815,75.5271084992619,4.10000000043318));
#1846=CARTESIAN_POINT('Ctrl Pts',(43.811600077527,75.49800800927,3.75295774693518));
#1847=CARTESIAN_POINT('Ctrl Pts',(44.1518161020734,75.390954356002,3.15669345951404));
#1848=CARTESIAN_POINT('Ctrl Pts',(44.7050434685096,75.1307484955031,2.37881787188518));
#1849=CARTESIAN_POINT('Ctrl Pts',(45.4476313146123,74.6426673671474,1.44373852602752));
#1850=CARTESIAN_POINT('Ctrl Pts',(46.3062171559402,73.7574735501432,0.471391546500125));
#1851=CARTESIAN_POINT('Ctrl Pts',(46.7687815747401,72.7236343669589,0.100001907348645));
#1852=CARTESIAN_POINT('Ctrl Pts',(46.8917739461496,72.1730066929123,0.100001907348648));
#1853=CARTESIAN_POINT('',(43.349108526767,75.6111912526084,4.1));
#1854=CARTESIAN_POINT('Origin',(42.5,71.1920267716492,4.1));
#1855=CARTESIAN_POINT('',(41.6508914726072,75.6111912524882,4.1));
#1856=CARTESIAN_POINT('Origin',(42.5,71.1920267716492,4.1));
#1857=CARTESIAN_POINT('Origin',(42.5,71.1920267716492,4.1));
#1858=CARTESIAN_POINT('Ctrl Pts',(38.1082260538504,72.1730066929123,0.10000190734865));
#1859=CARTESIAN_POINT('Ctrl Pts',(38.200470332403,72.585977448427,0.100001907348647));
#1860=CARTESIAN_POINT('Ctrl Pts',(38.5063322095243,73.3797760786367,0.306925820692571));
#1861=CARTESIAN_POINT('Ctrl Pts',(39.2745481885687,74.4177764248172,1.11676660600934));
#1862=CARTESIAN_POINT('Ctrl Pts',(40.1099891103162,75.0440371617656,2.12067291783582));
#1863=CARTESIAN_POINT('Ctrl Pts',(40.8477989450998,75.3913694483875,3.15533382811463));
#1864=CARTESIAN_POINT('Ctrl Pts',(41.1883999223144,75.498008009223,3.7529577466269));
#1865=CARTESIAN_POINT('Ctrl Pts',(41.2929099390772,75.5271084992319,4.10000000007518));
#1866=CARTESIAN_POINT('Ctrl Pts',(38.1082260538504,72.1730066929123,0.548800857861477));
#1867=CARTESIAN_POINT('Ctrl Pts',(38.1883234869771,72.5330597426668,0.541009817281554));
#1868=CARTESIAN_POINT('Ctrl Pts',(38.4433527411659,73.2514514954925,0.69288246378449));
#1869=CARTESIAN_POINT('Ctrl Pts',(39.146811396847,74.2936580272872,1.38133792096529));
#1870=CARTESIAN_POINT('Ctrl Pts',(39.9843471437899,74.9708294927829,2.29158791714555));
#1871=CARTESIAN_POINT('Ctrl Pts',(40.749510413385,75.3543968490651,3.24966661301461));
#1872=CARTESIAN_POINT('Ctrl Pts',(41.1082937825561,75.4737645245113,3.80767713474539));
#1873=CARTESIAN_POINT('Ctrl Pts',(41.2184748856936,75.5063822894925,4.13220492210992));
#1874=CARTESIAN_POINT('Ctrl Pts',(37.7407265472348,72.2550941686076,1.3258290974709));
#1875=CARTESIAN_POINT('Ctrl Pts',(37.8221338281012,72.556990296648,1.30563994652266));
#1876=CARTESIAN_POINT('Ctrl Pts',(38.0738582636636,73.1877872515969,1.36519552751385));
#1877=CARTESIAN_POINT('Ctrl Pts',(38.815448703015,74.2098468102777,1.84665133938715));
#1878=CARTESIAN_POINT('Ctrl Pts',(39.7276717367059,74.9153249886366,2.59185885355642));
#1879=CARTESIAN_POINT('Ctrl Pts',(40.5683410831492,75.3200603309187,3.41540996407263));
#1880=CARTESIAN_POINT('Ctrl Pts',(40.9633735846085,75.4472503689422,3.90343354444942));
#1881=CARTESIAN_POINT('Ctrl Pts',(41.0849175726484,75.4819549377983,4.18856280469557));
#1882=CARTESIAN_POINT('Ctrl Pts',(36.9728053281207,72.4266228734772,1.60000190734865));
#1883=CARTESIAN_POINT('Ctrl Pts',(37.0833962050059,72.7639864497526,1.59094433752136));
#1884=CARTESIAN_POINT('Ctrl Pts',(37.4445535739876,73.4308551731187,1.68811065041685));
#1885=CARTESIAN_POINT('Ctrl Pts',(38.3843553695639,74.381563714034,2.17534380997464));
#1886=CARTESIAN_POINT('Ctrl Pts',(39.4377039121974,74.9946487484084,2.84919089146872));
#1887=CARTESIAN_POINT('Ctrl Pts',(40.3784925616768,75.3414706448726,3.57221955042989));
#1888=CARTESIAN_POINT('Ctrl Pts',(40.81485161722,75.4493864374145,3.99637134603903));
#1889=CARTESIAN_POINT('Ctrl Pts',(40.9488577249571,75.4788384296618,4.24354288751319));
#1890=CARTESIAN_POINT('Ctrl Pts',(36.6443014051338,72.5,1.60000190734865));
#1891=CARTESIAN_POINT('Ctrl Pts',(36.7672937765373,72.867085116013,1.60000190734865));
#1892=CARTESIAN_POINT('Ctrl Pts',(37.1751096126991,73.5726838984216,1.73795118291126));
#1893=CARTESIAN_POINT('Ctrl Pts',(38.1993975847583,74.4953508728044,2.27784503978909));
#1894=CARTESIAN_POINT('Ctrl Pts',(39.313318813755,75.0520270834251,2.94711591434012));
#1895=CARTESIAN_POINT('Ctrl Pts',(40.2970652601331,75.3607668937557,3.63688985452597));
#1896=CARTESIAN_POINT('Ctrl Pts',(40.7511998964192,75.4555567256095,4.03530580020081));
#1897=CARTESIAN_POINT('Ctrl Pts',(40.8905465854362,75.4814238278397,4.26666730249966));
#1898=CARTESIAN_POINT('',(40.7695085603978,75.4580395696345,4.10000000287607));
#1899=CARTESIAN_POINT('Ctrl Pts',(40.7716770924629,75.4582662963172,4.09993246903575));
#1900=CARTESIAN_POINT('Ctrl Pts',(40.8050852395006,75.4582510573064,4.0999436972465));
#1901=CARTESIAN_POINT('Ctrl Pts',(40.8385238386801,75.45901952115,4.09994407651318));
#1902=CARTESIAN_POINT('Ctrl Pts',(40.8719392821221,75.460604125701,4.0999545062345));
#1903=CARTESIAN_POINT('Ctrl Pts',(40.9039370060538,75.4621215001166,4.09996449345326));
#1904=CARTESIAN_POINT('Ctrl Pts',(40.9359139205166,75.4643865512889,4.09998393698397));
#1905=CARTESIAN_POINT('Ctrl Pts',(40.9678397073887,75.4674252620646,4.099989600776));
#1906=CARTESIAN_POINT('Ctrl Pts',(40.9848607737463,75.4690453348278,4.09999262039711));
#1907=CARTESIAN_POINT('Ctrl Pts',(41.0018669007181,75.4708855063928,4.0999925208059));
#1908=CARTESIAN_POINT('Ctrl Pts',(41.0188527104935,75.4729506897349,4.09999273252116));
#1909=CARTESIAN_POINT('Ctrl Pts',(41.0537460287634,75.4771931191861,4.09999316743995));
#1910=CARTESIAN_POINT('Ctrl Pts',(41.088553915528,75.4823849339454,4.09999829892836));
#1911=CARTESIAN_POINT('Ctrl Pts',(41.1232310648236,75.4885583859412,4.10000111894378));
#1912=CARTESIAN_POINT('Ctrl Pts',(41.1284409549403,75.4894858845157,4.10000154262251));
#1913=CARTESIAN_POINT('Ctrl Pts',(41.1336478870878,75.4904355445292,4.10000181858242));
#1914=CARTESIAN_POINT('Ctrl Pts',(41.1388516992429,75.4914074811959,4.10000182244609));
#1915=CARTESIAN_POINT('Ctrl Pts',(41.1791897823939,75.4989415852163,4.10000185239587));
#1916=CARTESIAN_POINT('Ctrl Pts',(41.2192956075646,75.5078060150541,4.09999837050464));
#1917=CARTESIAN_POINT('Ctrl Pts',(41.2590986427494,75.5180513010461,4.09999936125777));
#1918=CARTESIAN_POINT('Ctrl Pts',(41.2703942973847,75.5209587982173,4.09999964242238));
#1919=CARTESIAN_POINT('Ctrl Pts',(41.2816653983395,75.5239774917406,4.1));
#1920=CARTESIAN_POINT('Ctrl Pts',(41.2929099390545,75.5271084992256,4.1));
#1921=CARTESIAN_POINT('Ctrl Pts',(40.7710201727332,75.458132917315,4.09913420954078));
#1922=CARTESIAN_POINT('Ctrl Pts',(40.6372550140606,75.430968085966,3.93669054444679));
#1923=CARTESIAN_POINT('Ctrl Pts',(40.4650990606284,75.3926135501358,3.78971366114736));
#1924=CARTESIAN_POINT('Ctrl Pts',(40.2876306134074,75.3458718754279,3.65027209842145));
#1925=CARTESIAN_POINT('Ctrl Pts',(40.0511286485386,75.2835819411731,3.4644463694795));
#1926=CARTESIAN_POINT('Ctrl Pts',(39.8051920369441,75.2063969885904,3.29200288443304));
#1927=CARTESIAN_POINT('Ctrl Pts',(39.5587216122517,75.1137050786745,3.12746494073162));
#1928=CARTESIAN_POINT('Ctrl Pts',(39.0657807628669,74.9283212588427,2.79838905332878));
#1929=CARTESIAN_POINT('Ctrl Pts',(38.5707046610905,74.680909609678,2.5009353313061));
#1930=CARTESIAN_POINT('Ctrl Pts',(38.1244062238586,74.3639807373198,2.25005085458145));
#1931=CARTESIAN_POINT('Ctrl Pts',(37.7896823959346,74.1262840830513,2.06188749703796));
#1932=CARTESIAN_POINT('Ctrl Pts',(37.4823960043168,73.8494839907364,1.89991933997461));
#1933=CARTESIAN_POINT('Ctrl Pts',(37.2267988494675,73.5346842489769,1.78444794255228));
#1934=CARTESIAN_POINT('Ctrl Pts',(36.9712016946182,73.2198845072173,1.66897654512995));
#1935=CARTESIAN_POINT('Ctrl Pts',(36.7672937765373,72.867085116013,1.60000190734865));
#1936=CARTESIAN_POINT('Ctrl Pts',(36.6443014051338,72.5,1.60000190734865));
#1937=CARTESIAN_POINT('Ctrl Pts',(43.707090060815,75.5271084992619,4.10000000043318));
#1938=CARTESIAN_POINT('Ctrl Pts',(43.811600077527,75.49800800927,3.75295774693518));
#1939=CARTESIAN_POINT('Ctrl Pts',(44.1518161020734,75.390954356002,3.15669345951404));
#1940=CARTESIAN_POINT('Ctrl Pts',(44.7050434685096,75.1307484955031,2.37881787188518));
#1941=CARTESIAN_POINT('Ctrl Pts',(45.4476313146123,74.6426673671474,1.44373852602752));
#1942=CARTESIAN_POINT('Ctrl Pts',(46.3062171559402,73.7574735501432,0.471391546500125));
#1943=CARTESIAN_POINT('Ctrl Pts',(46.7687815747401,72.7236343669589,0.100001907348645));
#1944=CARTESIAN_POINT('Ctrl Pts',(46.8917739461496,72.1730066929123,0.100001907348648));
#1945=CARTESIAN_POINT('Ctrl Pts',(43.7815251141927,75.5063822895261,4.13220492244469));
#1946=CARTESIAN_POINT('Ctrl Pts',(43.8917062172769,75.4737645245638,3.80767713503332));
#1947=CARTESIAN_POINT('Ctrl Pts',(44.25038398613,75.3548381114769,3.25080711753331));
#1948=CARTESIAN_POINT('Ctrl Pts',(44.8236164879769,75.0665068230853,2.53073439965744));
#1949=CARTESIAN_POINT('Ctrl Pts',(45.5771145276996,74.5386541414846,1.67606182774621));
#1950=CARTESIAN_POINT('Ctrl Pts',(46.3991764124115,73.6095105928649,0.820807774134311));
#1951=CARTESIAN_POINT('Ctrl Pts',(46.784977368642,72.6530774259419,0.538412803754402));
#1952=CARTESIAN_POINT('Ctrl Pts',(46.8917739461496,72.1730066929123,0.548800857861476));
#1953=CARTESIAN_POINT('Ctrl Pts',(43.9150824282249,75.4819549443978,4.18856280465686));
#1954=CARTESIAN_POINT('Ctrl Pts',(44.036626416206,75.4472503755617,3.90343354436891));
#1955=CARTESIAN_POINT('Ctrl Pts',(44.4311091517181,75.3212415093506,3.41644478043649));
#1956=CARTESIAN_POINT('Ctrl Pts',(45.061354798652,75.0162754400254,2.79759563850119));
#1957=CARTESIAN_POINT('Ctrl Pts',(45.8845403488966,74.4672769003427,2.08415556720315));
#1958=CARTESIAN_POINT('Ctrl Pts',(46.7680615226441,73.5198935352752,1.43162284991473));
#1959=CARTESIAN_POINT('Ctrl Pts',(47.1507341520127,72.6576231748339,1.29890703699992));
#1960=CARTESIAN_POINT('Ctrl Pts',(47.2592771931732,72.2550950040935,1.32582590493224));
#1961=CARTESIAN_POINT('Ctrl Pts',(44.0511422749047,75.4788384296922,4.24354288776817));
#1962=CARTESIAN_POINT('Ctrl Pts',(44.1851483825767,75.449386437462,3.99637134625808));
#1963=CARTESIAN_POINT('Ctrl Pts',(44.6209613890074,75.3416891352317,3.57301001922009));
#1964=CARTESIAN_POINT('Ctrl Pts',(45.3263793479932,75.0812033817376,3.02974026403678));
#1965=CARTESIAN_POINT('Ctrl Pts',(46.2663829524118,74.6031058976206,2.39204648785562));
#1966=CARTESIAN_POINT('Ctrl Pts',(47.3329450844791,73.7602447022092,1.77311663477099));
#1967=CARTESIAN_POINT('Ctrl Pts',(47.8797401693584,72.8764409752,1.58792514757834));
#1968=CARTESIAN_POINT('Ctrl Pts',(48.0271946718792,72.4266228734771,1.60000190734865));
#1969=CARTESIAN_POINT('Ctrl Pts',(44.10945341442,75.4814238278663,4.26666730273833));
#1970=CARTESIAN_POINT('Ctrl Pts',(44.2488001033694,75.4555567256513,4.03530580040634));
#1971=CARTESIAN_POINT('Ctrl Pts',(44.7024214694312,75.3603979227465,3.63779627545893));
#1972=CARTESIAN_POINT('Ctrl Pts',(45.4400579580128,75.1291038245251,3.11921255037298));
#1973=CARTESIAN_POINT('Ctrl Pts',(46.4301750861497,74.6952539326535,2.49582631980123));
#1974=CARTESIAN_POINT('Ctrl Pts',(47.5749562079203,73.9084149842053,1.84759500011628));
#1975=CARTESIAN_POINT('Ctrl Pts',(48.1917087663201,72.989446821375,1.60000190734865));
#1976=CARTESIAN_POINT('Ctrl Pts',(48.3556985948662,72.5,1.60000190734865));
#1977=CARTESIAN_POINT('',(44.2304914382159,75.4580395699129,4.10000000452303));
#1978=CARTESIAN_POINT('Ctrl Pts',(48.3556985948662,72.5,1.60000190734865));
#1979=CARTESIAN_POINT('Ctrl Pts',(48.1917087663201,72.989446821375,1.60000190734865));
#1980=CARTESIAN_POINT('Ctrl Pts',(47.8833324871202,73.4489309027901,1.72379845373246));
#1981=CARTESIAN_POINT('Ctrl Pts',(47.5001881231661,73.8360407331874,1.91534299086136));
#1982=CARTESIAN_POINT('Ctrl Pts',(47.1170437592121,74.2231505635846,2.10688752799026));
#1983=CARTESIAN_POINT('Ctrl Pts',(46.6591313105039,74.5378861429639,2.36618005586424));
#1984=CARTESIAN_POINT('Ctrl Pts',(46.1764547848888,74.7874146333808,2.66040630867948));
#1985=CARTESIAN_POINT('Ctrl Pts',(45.9351165220813,74.9121788785893,2.80751943508711));
#1986=CARTESIAN_POINT('Ctrl Pts',(45.6875872400471,75.0206413515572,2.96336599273004));
#1987=CARTESIAN_POINT('Ctrl Pts',(45.4408831842663,75.1134216044114,3.12771989239917));
#1988=CARTESIAN_POINT('Ctrl Pts',(45.1941791284856,75.2062018572656,3.2920737920683));
#1989=CARTESIAN_POINT('Ctrl Pts',(44.9483002989584,75.283299890006,3.46493503376361));
#1990=CARTESIAN_POINT('Ctrl Pts',(44.7119555426793,75.3456386071024,3.65074303584812));
#1991=CARTESIAN_POINT('Ctrl Pts',(44.5346270296668,75.3924110939554,3.79015402695374));
#1992=CARTESIAN_POINT('Ctrl Pts',(44.362665666079,75.4308749124767,3.93685331926772));
#1993=CARTESIAN_POINT('Ctrl Pts',(44.2289870718092,75.4580932989351,4.09914478894436));
#1994=CARTESIAN_POINT('Ctrl Pts',(43.7070900609456,75.5271084992256,4.10000000000002));
#1995=CARTESIAN_POINT('Ctrl Pts',(43.9309707207218,75.4647696239202,4.10000000000001));
#1996=CARTESIAN_POINT('Ctrl Pts',(44.0843474531081,75.4589992887521,4.09999999999997));
#1997=CARTESIAN_POINT('Ctrl Pts',(44.2280343602092,75.4580423077666,4.1));
#1998=CARTESIAN_POINT('Ctrl Pts',(44.2288573566544,75.4580368264603,4.1));
#1999=CARTESIAN_POINT('Ctrl Pts',(44.2296733586816,75.4580395691484,4.1));
#2000=CARTESIAN_POINT('Ctrl Pts',(44.2304914420232,75.4580395691484,4.1));
#2001=CARTESIAN_POINT('Origin',(38.25,59.7352503299713,0.100001907348651));
#2002=CARTESIAN_POINT('',(38.25,59.7352503299713,1.60000190734865));
#2003=CARTESIAN_POINT('Origin',(57.7379996776581,52.4499999999999,0.100001907348652));
#2004=CARTESIAN_POINT('',(57.7379996776581,52.4499999999999,1.60000190734865));
#2005=CARTESIAN_POINT('Origin',(46.75,64.1917106989786,0.10000190734865));
#2006=CARTESIAN_POINT('',(46.75,64.1917106989786,1.60000190734865));
#2007=CARTESIAN_POINT('Origin',(34.4,75.5,1.60000190734865));
#2008=CARTESIAN_POINT('',(43.6159574649633,75.5,4.60000190734863));
#2009=CARTESIAN_POINT('',(41.3840425340776,75.5,4.6000019070927));
#2010=CARTESIAN_POINT('Ctrl Pts',(43.6159574649633,75.5,4.60000190734863));
#2011=CARTESIAN_POINT('Ctrl Pts',(43.228110827502,75.5,4.80699404451542));
#2012=CARTESIAN_POINT('Ctrl Pts',(42.439822200615,75.5,4.89070809251952));
#2013=CARTESIAN_POINT('Ctrl Pts',(41.6736171676062,75.5,4.7545466845388));
#2014=CARTESIAN_POINT('Ctrl Pts',(41.3840425341839,75.5,4.6000019068935));
#2015=CARTESIAN_POINT('',(53.5629996776581,75.5,4.60000190734864));
#2016=CARTESIAN_POINT('',(53.5629996776581,75.5,4.60000190734864));
#2017=CARTESIAN_POINT('Origin',(53.5629996776581,72.5,4.60000190734864));
#2018=CARTESIAN_POINT('',(40.8905454609632,75.4814236191004,4.26666543549165));
#2019=CARTESIAN_POINT('Ctrl Pts',(40.8905454609624,75.4814236191021,4.26666543550657));
#2020=CARTESIAN_POINT('Ctrl Pts',(40.8561357898325,75.4750361034949,4.20953430373013));
#2021=CARTESIAN_POINT('Ctrl Pts',(40.8151793064584,75.4672062946245,4.15433258700425));
#2022=CARTESIAN_POINT('Ctrl Pts',(40.7700234341089,75.4581429489204,4.10061188935553));
#2023=CARTESIAN_POINT('Ctrl Pts',(40.7697660637497,75.4580912789251,4.1003059179661));
#2024=CARTESIAN_POINT('Ctrl Pts',(40.7695085603977,75.4580395696345,4.10000000287608));
#2025=CARTESIAN_POINT('Ctrl Pts',(41.3840425341839,75.5,4.6000019070452));
#2026=CARTESIAN_POINT('Ctrl Pts',(41.1744100348898,75.4999999999924,4.52541524499624));
#2027=CARTESIAN_POINT('Ctrl Pts',(40.97902205796,75.4978479388295,4.41356761662709));
#2028=CARTESIAN_POINT('Ctrl Pts',(40.8905454609632,75.4814236191004,4.26666543549165));
#2029=CARTESIAN_POINT('',(53.5629996776581,72.5,1.60000190734865));
#2030=CARTESIAN_POINT('Origin',(53.5629996776581,72.5,4.60000190734864));
#2031=CARTESIAN_POINT('',(44.109453414282,75.481423827892,4.26666730296743));
#2032=CARTESIAN_POINT('Ctrl Pts',(44.2304914382159,75.4580395699129,4.10000000452302));
#2033=CARTESIAN_POINT('Ctrl Pts',(44.2302339796489,75.4580912702092,4.10030586640325));
#2034=CARTESIAN_POINT('Ctrl Pts',(44.2299766314117,75.4581429330517,4.10061178484188));
#2035=CARTESIAN_POINT('Ctrl Pts',(44.1848216114859,75.4672067853102,4.15433811061346));
#2036=CARTESIAN_POINT('Ctrl Pts',(44.1438634149092,75.4750362559284,4.20953534314608));
#2037=CARTESIAN_POINT('Ctrl Pts',(44.1094534145938,75.4814238278341,4.26666730244979));
#2038=CARTESIAN_POINT('',(53.5629996776581,72.5,1.60000190734865));
#2039=CARTESIAN_POINT('Ctrl Pts',(44.109453414282,75.4814238278919,4.26666730296743));
#2040=CARTESIAN_POINT('Ctrl Pts',(44.0205885482599,75.4979199253507,4.41421231444901));
#2041=CARTESIAN_POINT('Ctrl Pts',(43.8269015656097,75.5,4.524948581286));
#2042=CARTESIAN_POINT('Ctrl Pts',(43.6159574649633,75.5,4.60000190734863));
#2043=CARTESIAN_POINT('Ctrl Pts',(43.7070900609447,75.5271084992258,4.1));
#2044=CARTESIAN_POINT('Ctrl Pts',(43.9309707207214,75.4647696239203,4.1));
#2045=CARTESIAN_POINT('Ctrl Pts',(44.0843474531079,75.4589992887521,4.09999999999997));
#2046=CARTESIAN_POINT('Ctrl Pts',(44.2288573566544,75.4580368264603,4.1));
#2047=CARTESIAN_POINT('Ctrl Pts',(44.2296733586816,75.4580395691484,4.1));
#2048=CARTESIAN_POINT('Ctrl Pts',(44.2304914420232,75.4580395691484,4.1));
#2049=CARTESIAN_POINT('Ctrl Pts',(43.8373514043682,75.4908376321803,4.15635861356941));
#2050=CARTESIAN_POINT('Ctrl Pts',(44.0035063042762,75.4663818782698,4.13752042647943));
#2051=CARTESIAN_POINT('Ctrl Pts',(44.1176748606053,75.461450389835,4.11808870836614));
#2052=CARTESIAN_POINT('Ctrl Pts',(44.229231110342,75.458073017264,4.10020407964308));
#2053=CARTESIAN_POINT('Ctrl Pts',(44.2298602331831,75.4580568026656,4.10010195446245));
#2054=CARTESIAN_POINT('Ctrl Pts',(44.2304914420232,75.4580395691484,4.1));
#2055=CARTESIAN_POINT('Ctrl Pts',(43.9733940890423,75.475391232084,4.21271033413995));
#2056=CARTESIAN_POINT('Ctrl Pts',(44.0736987396647,75.4700563075914,4.17381455243042));
#2057=CARTESIAN_POINT('Ctrl Pts',(44.1512469858629,75.4641593998815,4.13622392923412));
#2058=CARTESIAN_POINT('Ctrl Pts',(44.2296038766081,75.458108494382,4.10040791663357));
#2059=CARTESIAN_POINT('Ctrl Pts',(44.2300471076845,75.4580740361827,4.1002039089249));
#2060=CARTESIAN_POINT('Ctrl Pts',(44.2304914420232,75.4580395691484,4.1));
#2061=CARTESIAN_POINT('Ctrl Pts',(44.1094534145938,75.4814238278341,4.26666730244979));
#2062=CARTESIAN_POINT('Ctrl Pts',(44.1438634149092,75.4750362559284,4.20953534314608));
#2063=CARTESIAN_POINT('Ctrl Pts',(44.1848216114859,75.4672067853102,4.15433811061346));
#2064=CARTESIAN_POINT('Ctrl Pts',(44.2299766326793,75.4581429327973,4.10061178333366));
#2065=CARTESIAN_POINT('Ctrl Pts',(44.2302339821859,75.4580912696999,4.10030586338735));
#2066=CARTESIAN_POINT('Ctrl Pts',(44.2304914420232,75.4580395691484,4.1));
#2067=CARTESIAN_POINT('Origin',(44.109453414282,76.9721357418379,4.10000000077682));
#2068=CARTESIAN_POINT('Ctrl Pts',(40.7695085579768,75.4580395691484,4.1));
#2069=CARTESIAN_POINT('Ctrl Pts',(40.7703267821555,75.4580395691484,4.1));
#2070=CARTESIAN_POINT('Ctrl Pts',(40.7711455779404,75.4580400344485,4.1));
#2071=CARTESIAN_POINT('Ctrl Pts',(40.9149792659507,75.4582038038752,4.1));
#2072=CARTESIAN_POINT('Ctrl Pts',(41.0690267804374,75.4647699617432,4.09999999999999));
#2073=CARTESIAN_POINT('Ctrl Pts',(41.2929026231676,75.5271064621565,4.09999999999999));
#2074=CARTESIAN_POINT('Ctrl Pts',(40.7695085579768,75.4580395691484,4.1));
#2075=CARTESIAN_POINT('Ctrl Pts',(40.7701398754907,75.4580568056315,4.10010197201157));
#2076=CARTESIAN_POINT('Ctrl Pts',(40.7707715297329,75.4580742042447,4.10020398561073));
#2077=CARTESIAN_POINT('Ctrl Pts',(40.8815486123576,75.460079282011,4.11805532865849));
#2078=CARTESIAN_POINT('Ctrl Pts',(40.996449573311,75.4646639904884,4.13739807484458));
#2079=CARTESIAN_POINT('Ctrl Pts',(41.1626431664787,75.4908368310743,4.15635799802972));
#2080=CARTESIAN_POINT('Ctrl Pts',(40.7695085579768,75.4580395691484,4.1));
#2081=CARTESIAN_POINT('Ctrl Pts',(40.7699529688014,75.4580740421177,4.10020394403679));
#2082=CARTESIAN_POINT('Ctrl Pts',(40.7703974815099,75.4581085090161,4.10040794841546));
#2083=CARTESIAN_POINT('Ctrl Pts',(40.8491128238465,75.4641583508428,4.13621010957304));
#2084=CARTESIAN_POINT('Ctrl Pts',(40.927255586729,75.4699961125705,4.17379062953347));
#2085=CARTESIAN_POINT('Ctrl Pts',(41.0266026335242,75.4753910557786,4.21270906320563));
#2086=CARTESIAN_POINT('Ctrl Pts',(40.7695085579768,75.4580395691484,4.1));
#2087=CARTESIAN_POINT('Ctrl Pts',(40.7697660621365,75.4580912786013,4.10030591604837));
#2088=CARTESIAN_POINT('Ctrl Pts',(40.7700234333028,75.4581429487586,4.10061188839649));
#2089=CARTESIAN_POINT('Ctrl Pts',(40.8151793064584,75.4672062946245,4.15433258700425));
#2090=CARTESIAN_POINT('Ctrl Pts',(40.8561357898325,75.4750361034949,4.20953430373013));
#2091=CARTESIAN_POINT('Ctrl Pts',(40.8905454609624,75.4814236191021,4.26666543550657));
#2092=CARTESIAN_POINT('Origin',(40.8905454609632,76.9721354286506,4.09999719956316));
#2093=CARTESIAN_POINT('Ctrl Pts',(43.349108526767,75.6111912526084,4.1));
#2094=CARTESIAN_POINT('Ctrl Pts',(43.503896869225,75.5814498609966,4.1));
#2095=CARTESIAN_POINT('Ctrl Pts',(43.640441411218,75.5456666090146,4.1));
#2096=CARTESIAN_POINT('Ctrl Pts',(43.7070900607115,75.5271084992908,4.1));
#2097=CARTESIAN_POINT('Ctrl Pts',(43.4335618272442,75.5379934375578,4.25824238089882));
#2098=CARTESIAN_POINT('Ctrl Pts',(43.6068365492906,75.5234387043147,4.23678762912592));
#2099=CARTESIAN_POINT('Ctrl Pts',(43.7628668918644,75.5050924423322,4.20319300447252));
#2100=CARTESIAN_POINT('Ctrl Pts',(43.8373514041073,75.4908376322303,4.15635861373373));
#2101=CARTESIAN_POINT('Ctrl Pts',(43.524742637181,75.5,4.42909027405568));
#2102=CARTESIAN_POINT('Ctrl Pts',(43.7168541176338,75.4957547049998,4.38132995401596));
#2103=CARTESIAN_POINT('Ctrl Pts',(43.8917167637143,75.4889126569246,4.30956357932875));
#2104=CARTESIAN_POINT('Ctrl Pts',(43.973394088756,75.4753912321314,4.21271033447974));
#2105=CARTESIAN_POINT('Ctrl Pts',(43.6159574649633,75.5,4.60000190734863));
#2106=CARTESIAN_POINT('Ctrl Pts',(43.8269015656097,75.5,4.524948581286));
#2107=CARTESIAN_POINT('Ctrl Pts',(44.0205885482599,75.4979199253507,4.41421231444901));
#2108=CARTESIAN_POINT('Ctrl Pts',(44.109453414282,75.4814238278919,4.26666730296743));
#2109=CARTESIAN_POINT('Origin',(43.6159574649633,77.,4.60000190734863));
#2110=CARTESIAN_POINT('Ctrl Pts',(41.2929090957219,75.5271082644022,4.1));
#2111=CARTESIAN_POINT('Ctrl Pts',(41.3592666262336,75.5455853268622,4.1));
#2112=CARTESIAN_POINT('Ctrl Pts',(41.4970655680701,75.5816347859112,4.1));
#2113=CARTESIAN_POINT('Ctrl Pts',(41.6508914726072,75.6111912524882,4.1));
#2114=CARTESIAN_POINT('Ctrl Pts',(41.1626476531664,75.4908374516693,4.15635802091317));
#2115=CARTESIAN_POINT('Ctrl Pts',(41.2368067858108,75.5050300892251,4.20298837073366));
#2116=CARTESIAN_POINT('Ctrl Pts',(41.3942408319329,75.5235292021891,4.23692102965964));
#2117=CARTESIAN_POINT('Ctrl Pts',(41.5664381720552,75.5379934374988,4.25824238081204));
#2118=CARTESIAN_POINT('Ctrl Pts',(41.0266048774743,75.4753910608514,4.21270910857997));
#2119=CARTESIAN_POINT('Ctrl Pts',(41.1079253666958,75.4888536053189,4.30914038404413));
#2120=CARTESIAN_POINT('Ctrl Pts',(41.2843403860929,75.495781101231,4.38162691631086));
#2121=CARTESIAN_POINT('Ctrl Pts',(41.4752573620423,75.4999999999827,4.42909027386255));
#2122=CARTESIAN_POINT('Ctrl Pts',(40.8905454609632,75.4814236191004,4.26666543549165));
#2123=CARTESIAN_POINT('Ctrl Pts',(40.97902205796,75.4978479388295,4.41356761662709));
#2124=CARTESIAN_POINT('Ctrl Pts',(41.1744100348898,75.4999999999924,4.52541524499624));
#2125=CARTESIAN_POINT('Ctrl Pts',(41.3840425341839,75.5,4.6000019070452));
#2126=CARTESIAN_POINT('Origin',(41.3840425341839,77.,4.60000190689349));
#2127=CARTESIAN_POINT('Ctrl Pts',(41.6508914726072,75.6111912524882,4.1));
#2128=CARTESIAN_POINT('Ctrl Pts',(41.8633779909992,75.6520189056577,4.1));
#2129=CARTESIAN_POINT('Ctrl Pts',(42.4514609872476,75.7243033447613,4.1));
#2130=CARTESIAN_POINT('Ctrl Pts',(43.0645111478565,75.6658744539624,4.1));
#2131=CARTESIAN_POINT('Ctrl Pts',(43.349108526767,75.6111912526084,4.1));
#2132=CARTESIAN_POINT('Ctrl Pts',(41.5664381720531,75.5379934375157,4.2582423807641));
#2133=CARTESIAN_POINT('Ctrl Pts',(41.8050156625234,75.5522187132673,4.30396765060242));
#2134=CARTESIAN_POINT('Ctrl Pts',(42.4483594936543,75.5783213218509,4.33533597657284));
#2135=CARTESIAN_POINT('Ctrl Pts',(43.1140190677064,75.5570462989861,4.31948528712073));
#2136=CARTESIAN_POINT('Ctrl Pts',(43.4335618272442,75.5379934375578,4.25824238089882));
#2137=CARTESIAN_POINT('Ctrl Pts',(41.4752573620412,75.5,4.42909027376085));
#2138=CARTESIAN_POINT('Ctrl Pts',(41.7393424011941,75.4999268044421,4.52918670354084));
#2139=CARTESIAN_POINT('Ctrl Pts',(42.4440967730668,75.4996932222648,4.61277952329977));
#2140=CARTESIAN_POINT('Ctrl Pts',(43.1710359149094,75.4999019643031,4.56315610428052));
#2141=CARTESIAN_POINT('Ctrl Pts',(43.524742637181,75.5,4.42909027405568));
#2142=CARTESIAN_POINT('Ctrl Pts',(41.3840425341839,75.5,4.6000019068935));
#2143=CARTESIAN_POINT('Ctrl Pts',(41.6736171676062,75.5,4.7545466845388));
#2144=CARTESIAN_POINT('Ctrl Pts',(42.439822200615,75.5,4.89070809251952));
#2145=CARTESIAN_POINT('Ctrl Pts',(43.228110827502,75.5,4.80699404451542));
#2146=CARTESIAN_POINT('Ctrl Pts',(43.6159574649633,75.5,4.60000190734863));
#2147=CARTESIAN_POINT('Origin',(47.95,78.5,1.60000190734865));
#2148=CARTESIAN_POINT('',(47.95,78.5,4.40000190734865));
#2149=CARTESIAN_POINT('',(47.95,80.8769376903254,4.40000190734865));
#2150=CARTESIAN_POINT('',(47.95,78.5,1.60000190734865));
#2151=CARTESIAN_POINT('',(47.95,69.6352503299713,1.60000190734865));
#2152=CARTESIAN_POINT('',(47.95,78.5,1.60000190734865));
#2153=CARTESIAN_POINT('Origin',(44.95,80.8769376903254,4.40000190734865));
#2154=CARTESIAN_POINT('',(44.95,78.5,7.40000190734865));
#2155=CARTESIAN_POINT('Origin',(44.95,78.5,4.40000190734865));
#2156=CARTESIAN_POINT('',(44.95,82.7686710306819,7.40000190734865));
#2157=CARTESIAN_POINT('',(44.95,80.8769376903254,7.40000190734865));
#2158=CARTESIAN_POINT('',(45.5,84.5,7.34915432796036));
#2159=CARTESIAN_POINT('Ctrl Pts',(45.5,84.5,7.34915432796037));
#2160=CARTESIAN_POINT('Ctrl Pts',(45.5,84.0742418911885,7.34915432796037));
#2161=CARTESIAN_POINT('Ctrl Pts',(45.4041639497596,83.6257948397589,7.37153024206715));
#2162=CARTESIAN_POINT('Ctrl Pts',(45.1396533706576,83.0636306732201,7.39494447159862));
#2163=CARTESIAN_POINT('Ctrl Pts',(45.0506974642043,82.9111678014704,7.40000190734865));
#2164=CARTESIAN_POINT('Ctrl Pts',(44.95,82.7686710306819,7.40000190734865));
#2165=CARTESIAN_POINT('',(44.95,86.2313289693181,7.40000190734865));
#2166=CARTESIAN_POINT('Ctrl Pts',(44.95,86.2313289693181,7.40000190734864));
#2167=CARTESIAN_POINT('Ctrl Pts',(45.0506974642042,86.0888321985295,7.40000190734864));
#2168=CARTESIAN_POINT('Ctrl Pts',(45.1396533706576,85.9363693267798,7.39494447159862));
#2169=CARTESIAN_POINT('Ctrl Pts',(45.4041639497596,85.374205160241,7.37153024206715));
#2170=CARTESIAN_POINT('Ctrl Pts',(45.5,84.9257581088114,7.34915432796037));
#2171=CARTESIAN_POINT('Ctrl Pts',(45.5,84.5,7.34915432796037));
#2172=CARTESIAN_POINT('',(44.95,91.5,7.40000190734864));
#2173=CARTESIAN_POINT('',(44.95,80.8769376903254,7.40000190734865));
#2174=CARTESIAN_POINT('Origin',(44.95,91.5,4.40000190734864));
#2175=CARTESIAN_POINT('Origin',(37.4,78.5,1.60000190734865));
#2176=CARTESIAN_POINT('',(37.05,78.5,4.40000190734865));
#2177=CARTESIAN_POINT('',(40.05,78.5,7.40000190734865));
#2178=CARTESIAN_POINT('Origin',(40.05,78.5,4.40000190734865));
#2179=CARTESIAN_POINT('',(47.6,78.5,7.40000190734865));
#2180=CARTESIAN_POINT('',(37.05,78.5,1.60000190734865));
#2181=CARTESIAN_POINT('',(55.0629996776581,78.5,1.60000190734865));
#2182=CARTESIAN_POINT('',(37.05,78.5,1.60000190734865));
#2183=CARTESIAN_POINT('Origin',(61.6629996776581,94.5,4.60000190734863));
#2184=CARTESIAN_POINT('',(37.05,91.5066740905809,4.40000190734865));
#2185=CARTESIAN_POINT('',(37.05,94.5,1.60000190734864));
#2186=CARTESIAN_POINT('Origin',(37.05,94.5,4.60000190734863));
#2187=CARTESIAN_POINT('',(61.6629996776581,94.5,1.60000190734864));
#2188=CARTESIAN_POINT('',(37.0566740905809,91.5,4.60000190734863));
#2189=CARTESIAN_POINT('',(61.6629996776581,91.5,4.60000190734863));
#2190=CARTESIAN_POINT('Ctrl Pts',(37.05,91.5066740905807,4.40000190735101));
#2191=CARTESIAN_POINT('Ctrl Pts',(37.0500000000001,91.502204874476,4.46689100915712));
#2192=CARTESIAN_POINT('Ctrl Pts',(37.0522469698539,91.5000000000001,4.53374283146666));
#2193=CARTESIAN_POINT('Ctrl Pts',(37.0566740905807,91.5,4.60000190734602));
#2194=CARTESIAN_POINT('Origin',(37.05,88.5,1.60000190734864));
#2195=CARTESIAN_POINT('',(37.05,85.8769376903253,4.40000190734865));
#2196=CARTESIAN_POINT('',(37.05,74.6352503299713,1.60000190734865));
#2197=CARTESIAN_POINT('Origin',(50.6,91.5,1.60000190734864));
#2198=CARTESIAN_POINT('',(40.05,91.5,7.40000190734864));
#2199=CARTESIAN_POINT('',(44.,91.5,7.40000190734864));
#2200=CARTESIAN_POINT('Origin',(40.05,91.5,4.40000190734865));
#2201=CARTESIAN_POINT('Origin',(42.5,84.5,1.60000190734864));
#2202=CARTESIAN_POINT('',(45.5,84.5,1.60000190734864));
#2203=CARTESIAN_POINT('',(40.05,82.7686710306819,7.40000190734864));
#2204=CARTESIAN_POINT('Origin',(42.5,84.5,7.40000190734865));
#2205=CARTESIAN_POINT('',(40.05,86.2313289693181,7.40000190734864));
#2206=CARTESIAN_POINT('Ctrl Pts',(40.05,86.2313289693181,7.40000190734864));
#2207=CARTESIAN_POINT('Ctrl Pts',(39.981010742428,86.1337024153547,7.40000190734864));
#2208=CARTESIAN_POINT('Ctrl Pts',(39.9176632879737,86.0316425879879,7.39762628202985));
#2209=CARTESIAN_POINT('Ctrl Pts',(39.6236208981205,85.4874406753871,7.37902904090146));
#2210=CARTESIAN_POINT('Ctrl Pts',(39.5,84.9844524175198,7.34915432796037));
#2211=CARTESIAN_POINT('Ctrl Pts',(39.5,84.5,7.34915432796037));
#2212=CARTESIAN_POINT('Ctrl Pts',(39.5,84.0155475824801,7.34915432796037));
#2213=CARTESIAN_POINT('Ctrl Pts',(39.6236208981205,83.5125593246128,7.37902904090146));
#2214=CARTESIAN_POINT('Ctrl Pts',(39.9176632879736,82.9683574120121,7.39762628202985));
#2215=CARTESIAN_POINT('Ctrl Pts',(39.9810107424279,82.8662975846453,7.40000190734864));
#2216=CARTESIAN_POINT('Ctrl Pts',(40.05,82.7686710306819,7.40000190734864));
#2217=CARTESIAN_POINT('Origin',(42.5,84.5,7.40000190734865));
#2218=CARTESIAN_POINT('Origin',(42.2154998779297,83.2538753806507,7.40000190734865));
#2219=CARTESIAN_POINT('',(40.05,85.8769376903254,7.40000190734864));
#2220=CARTESIAN_POINT('Origin',(42.2154998779297,83.2538753806507,7.40000190734865));
#2221=CARTESIAN_POINT('',(40.05,85.8769376903254,7.40000190734864));
#2222=CARTESIAN_POINT('Origin',(40.05,85.8769376903254,4.40000190734865));
#2223=CARTESIAN_POINT('Origin',(100.445001125336,25.7874984741211,-1.39999999999998));
#2224=CARTESIAN_POINT('',(-21.4450011253357,20.5774984741211,-1.39999999999999));
#2225=CARTESIAN_POINT('',(-21.4450011253357,148.422501525879,-1.40000000000002));
#2226=CARTESIAN_POINT('',(-21.4450011253357,25.7874984741211,-1.39999999999999));
#2227=CARTESIAN_POINT('',(106.445001125336,148.422501525879,-1.40000000000001));
#2228=CARTESIAN_POINT('',(100.445001125336,148.422501525879,-1.40000000000001));
#2229=CARTESIAN_POINT('',(106.445001125336,20.577498474121,-1.39999999999998));
#2230=CARTESIAN_POINT('',(106.445001125336,84.5075006484985,-1.39999999999999));
#2231=CARTESIAN_POINT('',(102.43800163269,20.577498474121,-1.39999999999998));
#2232=CARTESIAN_POINT('',(92.618002986908,129.203752,-1.40000000000001));
#2233=CARTESIAN_POINT('Origin',(92.618002986908,131.95,-1.40000000000001));
#2234=CARTESIAN_POINT('',(92.618002986908,34.303752,-1.39999999999998));
#2235=CARTESIAN_POINT('Origin',(92.618002986908,37.05,-1.39999999999998));
#2236=CARTESIAN_POINT('',(-7.58199701309215,34.303752,-1.39999999999998));
#2237=CARTESIAN_POINT('Origin',(-7.58199701309214,37.05,-1.4));
#2238=CARTESIAN_POINT('',(-7.58199701309206,129.203752,-1.40000000000001));
#2239=CARTESIAN_POINT('Origin',(-7.58199701309206,131.95,-1.40000000000002));
#2240=CARTESIAN_POINT('Origin',(20.0170040130615,53.9895005226135,1.60000190734864));
#2241=CARTESIAN_POINT('',(-18.3009991645813,145.20250125885,1.60000190734862));
#2242=CARTESIAN_POINT('',(-18.3009991645813,23.2284984970093,1.60000190734865));
#2243=CARTESIAN_POINT('',(-18.3009991645813,98.415501832962,1.60000190734863));
#2244=CARTESIAN_POINT('',(103.794005870819,23.2284984970092,1.60000190734865));
#2245=CARTESIAN_POINT('',(60.3305041790008,23.2284984970092,1.60000190734865));
#2246=CARTESIAN_POINT('',(103.794005870819,145.20250125885,1.60000190734862));
#2247=CARTESIAN_POINT('',(103.794005870819,39.7890002727508,1.60000190734865));
#2248=CARTESIAN_POINT('',(60.3305041790009,145.20250125885,1.60000190734862));
#2249=CARTESIAN_POINT('',(92.618002986908,35.55,1.60000190734866));
#2250=CARTESIAN_POINT('Origin',(92.618002986908,37.05,1.60000190734866));
#2251=CARTESIAN_POINT('',(-7.58199701309214,35.55,1.60000190734865));
#2252=CARTESIAN_POINT('Origin',(-7.58199701309214,37.05,1.60000190734865));
#2253=CARTESIAN_POINT('',(-7.58199701309206,130.45,1.60000190734862));
#2254=CARTESIAN_POINT('Origin',(-7.58199701309206,131.95,1.60000190734862));
#2255=CARTESIAN_POINT('',(92.618002986908,130.45,1.60000190734863));
#2256=CARTESIAN_POINT('Origin',(92.618002986908,131.95,1.60000190734864));
#2257=CARTESIAN_POINT('Origin',(92.618002986908,131.95,-1.196));
#2258=CARTESIAN_POINT('',(92.618002986908,130.45,0.237644326762361));
#2259=CARTESIAN_POINT('',(92.618002986908,133.45,0.237644326762367));
#2260=CARTESIAN_POINT('Origin',(92.618002986908,131.95,0.237644326762361));
#2261=CARTESIAN_POINT('Origin',(92.618002986908,131.95,0.237644326762361));
#2262=CARTESIAN_POINT('',(92.618002986908,134.696248,-1.196));
#2263=CARTESIAN_POINT('',(92.618002986908,134.696248,-1.196));
#2264=CARTESIAN_POINT('',(92.618002986908,129.203752,-1.196));
#2265=CARTESIAN_POINT('Origin',(92.618002986908,131.95,-1.196));
#2266=CARTESIAN_POINT('Origin',(92.618002986908,131.95,-1.196));
#2267=CARTESIAN_POINT('Origin',(92.618002986908,131.95,-1.196));
#2268=CARTESIAN_POINT('',(92.618002986908,129.203752,-1.196));
#2269=CARTESIAN_POINT('Origin',(92.618002986908,37.05,-1.19599999999998));
#2270=CARTESIAN_POINT('',(92.618002986908,35.55,0.23764432676238));
#2271=CARTESIAN_POINT('',(92.618002986908,38.55,0.237644326762379));
#2272=CARTESIAN_POINT('Origin',(92.618002986908,37.05,0.237644326762379));
#2273=CARTESIAN_POINT('Origin',(92.618002986908,37.05,0.237644326762379));
#2274=CARTESIAN_POINT('',(92.618002986908,39.796248,-1.19599999999998));
#2275=CARTESIAN_POINT('',(92.618002986908,39.796248,-1.19599999999998));
#2276=CARTESIAN_POINT('',(92.618002986908,34.303752,-1.19599999999998));
#2277=CARTESIAN_POINT('Origin',(92.618002986908,37.05,-1.19599999999998));
#2278=CARTESIAN_POINT('Origin',(92.618002986908,37.05,-1.19599999999998));
#2279=CARTESIAN_POINT('Origin',(92.618002986908,37.05,-1.19599999999998));
#2280=CARTESIAN_POINT('',(92.618002986908,34.303752,-1.19599999999998));
#2281=CARTESIAN_POINT('Origin',(-7.58199701309214,37.05,-1.19599999999998));
#2282=CARTESIAN_POINT('',(-7.58199701309215,35.55,0.23764432676238));
#2283=CARTESIAN_POINT('',(-7.58199701309214,38.55,0.237644326762379));
#2284=CARTESIAN_POINT('Origin',(-7.58199701309214,37.05,0.237644326762379));
#2285=CARTESIAN_POINT('Origin',(-7.58199701309214,37.05,0.237644326762379));
#2286=CARTESIAN_POINT('',(-7.58199701309214,39.796248,-1.19599999999998));
#2287=CARTESIAN_POINT('',(-7.58199701309214,39.796248,-1.19599999999998));
#2288=CARTESIAN_POINT('',(-7.58199701309215,34.303752,-1.19599999999998));
#2289=CARTESIAN_POINT('Origin',(-7.58199701309214,37.05,-1.19599999999998));
#2290=CARTESIAN_POINT('Origin',(-7.58199701309214,37.05,-1.19599999999998));
#2291=CARTESIAN_POINT('Origin',(-7.58199701309214,37.05,-1.19599999999998));
#2292=CARTESIAN_POINT('',(-7.58199701309214,34.303752,-1.19599999999998));
#2293=CARTESIAN_POINT('Origin',(-7.58199701309206,131.95,-1.196));
#2294=CARTESIAN_POINT('',(-7.58199701309206,130.45,0.237644326762361));
#2295=CARTESIAN_POINT('',(-7.58199701309206,133.45,0.23764432676236));
#2296=CARTESIAN_POINT('Origin',(-7.58199701309206,131.95,0.23764432676236));
#2297=CARTESIAN_POINT('Origin',(-7.58199701309206,131.95,0.23764432676236));
#2298=CARTESIAN_POINT('',(-7.58199701309206,134.696248,-1.19600000000001));
#2299=CARTESIAN_POINT('',(-7.58199701309206,134.696248,-1.19600000000001));
#2300=CARTESIAN_POINT('',(-7.58199701309206,129.203752,-1.196));
#2301=CARTESIAN_POINT('Origin',(-7.58199701309206,131.95,-1.196));
#2302=CARTESIAN_POINT('Origin',(-7.58199701309206,131.95,-1.196));
#2303=CARTESIAN_POINT('Origin',(-7.58199701309206,131.95,-1.196));
#2304=CARTESIAN_POINT('',(-7.58199701309206,129.203752,-1.196));
#2305=CARTESIAN_POINT('Origin',(92.618002986908,131.95,1.60000190734863));
#2306=CARTESIAN_POINT('',(92.618002986908,130.45,1.60000190734863));
#2307=CARTESIAN_POINT('Origin',(-7.58199701309206,131.95,1.60000190734862));
#2308=CARTESIAN_POINT('',(-7.58199701309206,130.45,1.60000190734862));
#2309=CARTESIAN_POINT('Origin',(-7.58199701309214,37.05,1.60000190734864));
#2310=CARTESIAN_POINT('',(-7.58199701309214,35.55,1.60000190734864));
#2311=CARTESIAN_POINT('Origin',(92.618002986908,37.05,1.60000190734866));
#2312=CARTESIAN_POINT('',(92.618002986908,35.55,1.60000190734866));
#2313=CARTESIAN_POINT('Origin',(-19.3949961662292,152.422502479553,2.6000009536743));
#2314=CARTESIAN_POINT('',(-25.3949961662292,152.422502479553,4.59999904632567));
#2315=CARTESIAN_POINT('',(110.431002140045,152.422502479553,4.59999904632567));
#2316=CARTESIAN_POINT('',(-19.3949961662292,152.422502479553,4.59999904632567));
#2317=CARTESIAN_POINT('',(110.431002140045,152.422502479553,2.60000095367431));
#2318=CARTESIAN_POINT('',(110.431002140045,152.422502479553,4.59999904632567));
#2319=CARTESIAN_POINT('',(-25.3949961662292,152.422502479553,2.6000009536743));
#2320=CARTESIAN_POINT('',(-19.3949961662292,152.422502479553,2.6000009536743));
#2321=CARTESIAN_POINT('',(-25.3949961662292,152.422502479553,4.59999904632567));
#2322=CARTESIAN_POINT('Origin',(-25.3949961662293,21.8024988174438,4.5999990463257));
#2323=CARTESIAN_POINT('',(-25.3949961662292,152.372501335144,2.54999980926512));
#2324=CARTESIAN_POINT('',(-25.3949961662292,152.422502479553,2.6000009536743));
#2325=CARTESIAN_POINT('',(-25.3949961662293,16.6275034332275,2.54999980926515));
#2326=CARTESIAN_POINT('',(-25.3949961662293,21.8375034332275,2.54999980926515));
#2327=CARTESIAN_POINT('',(-25.3949961662293,16.5924988174438,2.58499965667726));
#2328=CARTESIAN_POINT('',(-25.3949961662293,16.6275034332275,2.54999980926515));
#2329=CARTESIAN_POINT('',(-25.3949961662293,16.5924988174438,4.5999990463257));
#2330=CARTESIAN_POINT('',(-25.3949961662293,16.5924988174438,2.58499965667726));
#2331=CARTESIAN_POINT('',(-25.3949961662292,147.212502479553,4.59999904632567));
#2332=CARTESIAN_POINT('Origin',(100.64400434494,148.051503143311,4.59999904632567));
#2333=CARTESIAN_POINT('',(-21.1509976387024,148.051503143311,4.59999904632567));
#2334=CARTESIAN_POINT('',(-21.1509976387024,148.051503143311,4.59999904632567));
#2335=CARTESIAN_POINT('',(106.64400434494,148.051503143311,4.59999904632567));
#2336=CARTESIAN_POINT('',(103.794005870819,145.20250125885,1.60000190734862));
#2337=CARTESIAN_POINT('',(-15.1509976387024,148.051503143311,4.59999904632567));
#2338=CARTESIAN_POINT('Origin',(-15.1509976387024,25.5885000228882,4.5999990463257));
#2339=CARTESIAN_POINT('',(110.431002140045,16.5924988174438,4.59999904632571));
#2340=CARTESIAN_POINT('',(-19.3949961662293,16.5924988174438,4.5999990463257));
#2341=CARTESIAN_POINT('',(110.431002140045,147.212502479553,4.59999904632568));
#2342=CARTESIAN_POINT('',(106.64400434494,20.3785000228881,4.59999904632571));
#2343=CARTESIAN_POINT('',(106.64400434494,142.84150314331,4.59999904632568));
#2344=CARTESIAN_POINT('',(-21.1509976387024,20.3785000228882,4.5999990463257));
#2345=CARTESIAN_POINT('',(-15.1509976387024,20.3785000228882,4.5999990463257));
#2346=CARTESIAN_POINT('',(-21.1509976387024,142.841503143311,4.59999904632567));
#2347=CARTESIAN_POINT('Origin',(-21.1509976387024,142.841503143311,4.59999904632567));
#2348=CARTESIAN_POINT('',(-18.3009991645813,23.2284984970093,1.60000190734865));
#2349=CARTESIAN_POINT('Origin',(100.64400434494,20.3785000228881,4.59999904632571));
#2350=CARTESIAN_POINT('',(103.794005870819,23.2284984970092,1.60000190734865));
#2351=CARTESIAN_POINT('Origin',(104.431002140045,16.5924988174438,2.58499965667727));
#2352=CARTESIAN_POINT('',(110.431002140045,16.5924988174438,2.58499965667727));
#2353=CARTESIAN_POINT('',(-19.3949961662293,16.5924988174438,2.58499965667726));
#2354=CARTESIAN_POINT('',(110.431002140045,16.5924988174438,4.59999904632571));
#2355=CARTESIAN_POINT('Origin',(110.431002140045,21.8024988174438,2.58499965667727));
#2356=CARTESIAN_POINT('',(110.431002140045,152.407501182556,2.58499965667724));
#2357=CARTESIAN_POINT('',(110.431002140045,147.197501182556,2.58499965667724));
#2358=CARTESIAN_POINT('',(110.431002140045,152.422502479553,2.60000095367431));
#2359=CARTESIAN_POINT('Origin',(106.64400434494,25.5885000228881,4.5999990463257));
#2360=CARTESIAN_POINT('Origin',(-25.3949961662293,21.8375034332275,2.54999980926515));
#2361=CARTESIAN_POINT('',(-25.3949961662292,152.372501335144,2.54999980926512));
#2362=CARTESIAN_POINT('',(-4.76902881615083,37.2534909142761,-18.0759924401551));
#2363=CARTESIAN_POINT('Origin',(104.431002140045,16.5924988174438,2.58499965667727));
#2364=CARTESIAN_POINT('',(106.445001125336,20.577498474121,-1.39999999999998));
#2365=CARTESIAN_POINT('Origin',(110.431002140045,21.8024988174438,2.58499965667727));
#2366=CARTESIAN_POINT('',(106.445001125336,148.422501525879,-1.40000000000001));
#2367=CARTESIAN_POINT('Origin',(100.445001125336,148.422501525879,-1.40000000000001));
#2368=UNCERTAINTY_MEASURE_WITH_UNIT(LENGTH_MEASURE(0.01),#2372,
'DISTANCE_ACCURACY_VALUE',
'Maximum model space distance between geometric entities at asserted c
onnectivities');
#2369=UNCERTAINTY_MEASURE_WITH_UNIT(LENGTH_MEASURE(0.01),#2372,
'DISTANCE_ACCURACY_VALUE',
'Maximum model space distance between geometric entities at asserted c
onnectivities');
#2370=(
GEOMETRIC_REPRESENTATION_CONTEXT(3)
GLOBAL_UNCERTAINTY_ASSIGNED_CONTEXT((#2368))
GLOBAL_UNIT_ASSIGNED_CONTEXT((#2372,#2374,#2375))
REPRESENTATION_CONTEXT('','3D')
);
#2371=(
GEOMETRIC_REPRESENTATION_CONTEXT(3)
GLOBAL_UNCERTAINTY_ASSIGNED_CONTEXT((#2369))
GLOBAL_UNIT_ASSIGNED_CONTEXT((#2372,#2374,#2375))
REPRESENTATION_CONTEXT('','3D')
);
#2372=(
LENGTH_UNIT()
NAMED_UNIT(*)
SI_UNIT(.MILLI.,.METRE.)
);
#2373=(
LENGTH_UNIT()
NAMED_UNIT(*)
SI_UNIT($,.METRE.)
);
#2374=(
NAMED_UNIT(*)
PLANE_ANGLE_UNIT()
SI_UNIT($,.RADIAN.)
);
#2375=(
NAMED_UNIT(*)
SI_UNIT($,.STERADIAN.)
SOLID_ANGLE_UNIT()
);
#2376=SHAPE_DEFINITION_REPRESENTATION(#2377,#2378);
#2377=PRODUCT_DEFINITION_SHAPE('',$,#2380);
#2378=SHAPE_REPRESENTATION('',(#1216),#2370);
#2379=PRODUCT_DEFINITION_CONTEXT('part definition',#2384,'design');
#2380=PRODUCT_DEFINITION('vizio_2_gang_bezel_and_plate',
'vizio_2_gang_bezel_and_plate v20',#2381,#2379);
#2381=PRODUCT_DEFINITION_FORMATION('',$,#2386);
#2382=PRODUCT_RELATED_PRODUCT_CATEGORY(
'vizio_2_gang_bezel_and_plate v20','vizio_2_gang_bezel_and_plate v20',(#2386));
#2383=APPLICATION_PROTOCOL_DEFINITION('international standard',
'automotive_design',2009,#2384);
#2384=APPLICATION_CONTEXT(
'Core Data for Automotive Mechanical Design Process');
#2385=PRODUCT_CONTEXT('part definition',#2384,'mechanical');
#2386=PRODUCT('vizio_2_gang_bezel_and_plate',
'vizio_2_gang_bezel_and_plate v20',$,(#2385));
#2387=PRESENTATION_STYLE_ASSIGNMENT((#2392));
#2388=PRESENTATION_STYLE_ASSIGNMENT((#2393));
#2389=PRESENTATION_STYLE_ASSIGNMENT((#2394));
#2390=PRESENTATION_STYLE_ASSIGNMENT((#2395));
#2391=PRESENTATION_STYLE_ASSIGNMENT((#2396));
#2392=SURFACE_STYLE_USAGE(.BOTH.,#2397);
#2393=SURFACE_STYLE_USAGE(.BOTH.,#2398);
#2394=SURFACE_STYLE_USAGE(.BOTH.,#2399);
#2395=SURFACE_STYLE_USAGE(.BOTH.,#2400);
#2396=SURFACE_STYLE_USAGE(.BOTH.,#2401);
#2397=SURFACE_SIDE_STYLE('',(#2402));
#2398=SURFACE_SIDE_STYLE('',(#2403));
#2399=SURFACE_SIDE_STYLE('',(#2404));
#2400=SURFACE_SIDE_STYLE('',(#2405));
#2401=SURFACE_SIDE_STYLE('',(#2406));
#2402=SURFACE_STYLE_FILL_AREA(#2407);
#2403=SURFACE_STYLE_FILL_AREA(#2408);
#2404=SURFACE_STYLE_FILL_AREA(#2409);
#2405=SURFACE_STYLE_FILL_AREA(#2410);
#2406=SURFACE_STYLE_FILL_AREA(#2411);
#2407=FILL_AREA_STYLE('Steel - Satin',(#2412));
#2408=FILL_AREA_STYLE('Plastic - Matte (Yellow)',(#2413));
#2409=FILL_AREA_STYLE('Rubber - Hard',(#2414));
#2410=FILL_AREA_STYLE('Plastic - Glossy (Red)',(#2415));
#2411=FILL_AREA_STYLE('Plastic - Glossy (Green)',(#2416));
#2412=FILL_AREA_STYLE_COLOUR('Steel - Satin',#2417);
#2413=FILL_AREA_STYLE_COLOUR('Plastic - Matte (Yellow)',#2418);
#2414=FILL_AREA_STYLE_COLOUR('Rubber - Hard',#2419);
#2415=FILL_AREA_STYLE_COLOUR('Plastic - Glossy (Red)',#2420);
#2416=FILL_AREA_STYLE_COLOUR('Plastic - Glossy (Green)',#2421);
#2417=COLOUR_RGB('Steel - Satin',0.627450980392157,0.627450980392157,0.627450980392157);
#2418=COLOUR_RGB('Plastic - Matte (Yellow)',0.909803921568627,0.67843137254902,
0.137254901960784);
#2419=COLOUR_RGB('Rubber - Hard',0.152941176470588,0.152941176470588,0.152941176470588);
#2420=COLOUR_RGB('Plastic - Glossy (Red)',1.,1.,1.);
#2421=COLOUR_RGB('Plastic - Glossy (Green)',0.396078431372549,0.882352941176471,
0.968627450980392);
ENDSEC;
END-ISO-10303-21;
