ISO-10303-21;
HEADER;
/* Generated by software containing ST-Developer
 * from STEP Tools, Inc. (www.steptools.com) 
 */

FILE_DESCRIPTION(
/* description */ (''),
/* implementation_level */ '2;1');

FILE_NAME(
/* name */ 'vizio_bezel_1_gang.step',
/* time_stamp */ '2023-09-12T06:49:58-04:00',
/* author */ (''),
/* organization */ (''),
/* preprocessor_version */ 'ST-DEVELOPER v20',
/* originating_system */ 'Autodesk Translation Framework v12.9.0.99',
/* authorisation */ '');

FILE_SCHEMA (('AUTOMOTIVE_DESIGN { 1 0 10303 214 3 1 1 }'));
ENDSEC;

DATA;
#10=MECHANICAL_DESIGN_GEOMETRIC_PRESENTATION_REPRESENTATION('',(#13),#2824);
#11=SHAPE_REPRESENTATION_RELATIONSHIP('SRR','None',#2831,#12);
#12=ADVANCED_BREP_SHAPE_REPRESENTATION('',(#14),#2823);
#13=STYLED_ITEM('',(#2843),#14);
#14=MANIFOLD_SOLID_BREP('1_gang_bez',#1649);
#15=TOROIDAL_SURFACE('',#1762,17.5,2.99999999999999);
#16=TOROIDAL_SURFACE('',#1782,17.5,2.99999999999999);
#17=FACE_BOUND('',#196,.T.);
#18=FACE_BOUND('',#210,.T.);
#19=B_SPLINE_CURVE_WITH_KNOTS('',3,(#2432,#2433,#2434,#2435,#2436,#2437,
#2438,#2439,#2440,#2441),.UNSPECIFIED.,.F.,.F.,(4,2,2,2,4),(0.44667193068628,
0.559247354966532,0.671326781066894,0.783260735570882,0.89417882353577),
 .UNSPECIFIED.);
#20=B_SPLINE_CURVE_WITH_KNOTS('',3,(#2445,#2446,#2447,#2448,#2449,#2450,
#2451,#2452,#2453,#2454),.UNSPECIFIED.,.F.,.F.,(4,2,2,2,4),(0.894178636119335,
1.00468254689712,1.11619327255953,1.22868795700477,1.34168534155239),
 .UNSPECIFIED.);
#21=B_SPLINE_CURVE_WITH_KNOTS('',3,(#2502,#2503,#2504,#2505,#2506,#2507,
#2508,#2509,#2510,#2511,#2512,#2513,#2514,#2515,#2516,#2517,#2518,#2519,
#2520,#2521,#2522,#2523),.UNSPECIFIED.,.F.,.F.,(4,2,2,2,2,2,2,2,2,2,4),
(-0.896054526747543,-0.884486899260287,-0.837482524775985,-0.81861427518258,
-0.805748877694995,-0.793097254838334,-0.774718098565279,-0.72995997018073,
-0.624276583520046,-0.529765966500074,-0.483077612903845),.UNSPECIFIED.);
#22=B_SPLINE_CURVE_WITH_KNOTS('',3,(#2526,#2527,#2528,#2529),
 .UNSPECIFIED.,.F.,.F.,(4,4),(2.18917226260286,2.19307814564647),
 .UNSPECIFIED.);
#23=B_SPLINE_CURVE_WITH_KNOTS('',3,(#2535,#2536,#2537,#2538),
 .UNSPECIFIED.,.F.,.F.,(4,4),(1.3128470305615,1.33849401515171),
 .UNSPECIFIED.);
#24=B_SPLINE_CURVE_WITH_KNOTS('',3,(#2634,#2635,#2636,#2637,#2638,#2639,
#2640,#2641,#2642,#2643,#2644,#2645,#2646,#2647,#2648,#2649,#2650,#2651,
#2652,#2653,#2654,#2655,#2656,#2657),.UNSPECIFIED.,.F.,.F.,(4,2,2,2,2,2,
2,2,2,2,2,4),(-2.86584704108324,-2.85413212126699,-2.76368440486979,-2.64711471849306,
-2.56649065486947,-2.51436345129444,-2.49407022665815,-2.47974871092847,
-2.46509627391373,-2.44318051735027,-2.38547614921365,-2.37584210932921),
 .UNSPECIFIED.);
#25=B_SPLINE_CURVE_WITH_KNOTS('',3,(#2709,#2710,#2711,#2712,#2713,#2714,
#2715),.UNSPECIFIED.,.F.,.F.,(4,3,4),(0.,0.537333153440118,0.537576432179667),
 .UNSPECIFIED.);
#26=B_SPLINE_CURVE_WITH_KNOTS('',3,(#2721,#2722,#2723,#2724),
 .UNSPECIFIED.,.F.,.F.,(4,4),(0.,0.53759133889682),.UNSPECIFIED.);
#27=PLANE('',#1671);
#28=PLANE('',#1672);
#29=PLANE('',#1674);
#30=PLANE('',#1675);
#31=PLANE('',#1679);
#32=PLANE('',#1680);
#33=PLANE('',#1701);
#34=PLANE('',#1706);
#35=PLANE('',#1707);
#36=PLANE('',#1710);
#37=PLANE('',#1717);
#38=PLANE('',#1718);
#39=PLANE('',#1719);
#40=PLANE('',#1722);
#41=PLANE('',#1723);
#42=PLANE('',#1725);
#43=PLANE('',#1727);
#44=PLANE('',#1728);
#45=PLANE('',#1730);
#46=PLANE('',#1731);
#47=PLANE('',#1735);
#48=PLANE('',#1736);
#49=PLANE('',#1743);
#50=PLANE('',#1745);
#51=PLANE('',#1746);
#52=PLANE('',#1747);
#53=PLANE('',#1751);
#54=PLANE('',#1752);
#55=PLANE('',#1753);
#56=PLANE('',#1754);
#57=PLANE('',#1755);
#58=PLANE('',#1756);
#59=PLANE('',#1757);
#60=PLANE('',#1758);
#61=PLANE('',#1759);
#62=PLANE('',#1760);
#63=PLANE('',#1766);
#64=PLANE('',#1768);
#65=PLANE('',#1769);
#66=PLANE('',#1770);
#67=PLANE('',#1771);
#68=PLANE('',#1772);
#69=PLANE('',#1773);
#70=PLANE('',#1774);
#71=PLANE('',#1775);
#72=PLANE('',#1776);
#73=PLANE('',#1779);
#74=PLANE('',#1781);
#75=PLANE('',#1786);
#76=PLANE('',#1787);
#77=PLANE('',#1788);
#78=PLANE('',#1789);
#79=SPHERICAL_SURFACE('',#1669,1.5);
#80=SPHERICAL_SURFACE('',#1687,1.5);
#81=SPHERICAL_SURFACE('',#1692,1.5);
#82=SPHERICAL_SURFACE('',#1697,1.5);
#83=SPHERICAL_SURFACE('',#1699,1.5);
#84=SPHERICAL_SURFACE('',#1790,1.5);
#85=FACE_OUTER_BOUND('',#173,.T.);
#86=FACE_OUTER_BOUND('',#174,.T.);
#87=FACE_OUTER_BOUND('',#175,.T.);
#88=FACE_OUTER_BOUND('',#176,.T.);
#89=FACE_OUTER_BOUND('',#177,.T.);
#90=FACE_OUTER_BOUND('',#178,.T.);
#91=FACE_OUTER_BOUND('',#179,.T.);
#92=FACE_OUTER_BOUND('',#180,.T.);
#93=FACE_OUTER_BOUND('',#181,.T.);
#94=FACE_OUTER_BOUND('',#182,.T.);
#95=FACE_OUTER_BOUND('',#183,.T.);
#96=FACE_OUTER_BOUND('',#184,.T.);
#97=FACE_OUTER_BOUND('',#185,.T.);
#98=FACE_OUTER_BOUND('',#186,.T.);
#99=FACE_OUTER_BOUND('',#187,.T.);
#100=FACE_OUTER_BOUND('',#188,.T.);
#101=FACE_OUTER_BOUND('',#189,.T.);
#102=FACE_OUTER_BOUND('',#190,.T.);
#103=FACE_OUTER_BOUND('',#191,.T.);
#104=FACE_OUTER_BOUND('',#192,.T.);
#105=FACE_OUTER_BOUND('',#193,.T.);
#106=FACE_OUTER_BOUND('',#194,.T.);
#107=FACE_OUTER_BOUND('',#195,.T.);
#108=FACE_OUTER_BOUND('',#197,.T.);
#109=FACE_OUTER_BOUND('',#198,.T.);
#110=FACE_OUTER_BOUND('',#199,.T.);
#111=FACE_OUTER_BOUND('',#200,.T.);
#112=FACE_OUTER_BOUND('',#201,.T.);
#113=FACE_OUTER_BOUND('',#202,.T.);
#114=FACE_OUTER_BOUND('',#203,.T.);
#115=FACE_OUTER_BOUND('',#204,.T.);
#116=FACE_OUTER_BOUND('',#205,.T.);
#117=FACE_OUTER_BOUND('',#206,.T.);
#118=FACE_OUTER_BOUND('',#207,.T.);
#119=FACE_OUTER_BOUND('',#208,.T.);
#120=FACE_OUTER_BOUND('',#209,.T.);
#121=FACE_OUTER_BOUND('',#211,.T.);
#122=FACE_OUTER_BOUND('',#212,.T.);
#123=FACE_OUTER_BOUND('',#213,.T.);
#124=FACE_OUTER_BOUND('',#214,.T.);
#125=FACE_OUTER_BOUND('',#215,.T.);
#126=FACE_OUTER_BOUND('',#216,.T.);
#127=FACE_OUTER_BOUND('',#217,.T.);
#128=FACE_OUTER_BOUND('',#218,.T.);
#129=FACE_OUTER_BOUND('',#219,.T.);
#130=FACE_OUTER_BOUND('',#220,.T.);
#131=FACE_OUTER_BOUND('',#221,.T.);
#132=FACE_OUTER_BOUND('',#222,.T.);
#133=FACE_OUTER_BOUND('',#223,.T.);
#134=FACE_OUTER_BOUND('',#224,.T.);
#135=FACE_OUTER_BOUND('',#225,.T.);
#136=FACE_OUTER_BOUND('',#226,.T.);
#137=FACE_OUTER_BOUND('',#227,.T.);
#138=FACE_OUTER_BOUND('',#228,.T.);
#139=FACE_OUTER_BOUND('',#229,.T.);
#140=FACE_OUTER_BOUND('',#230,.T.);
#141=FACE_OUTER_BOUND('',#231,.T.);
#142=FACE_OUTER_BOUND('',#232,.T.);
#143=FACE_OUTER_BOUND('',#233,.T.);
#144=FACE_OUTER_BOUND('',#234,.T.);
#145=FACE_OUTER_BOUND('',#235,.T.);
#146=FACE_OUTER_BOUND('',#236,.T.);
#147=FACE_OUTER_BOUND('',#237,.T.);
#148=FACE_OUTER_BOUND('',#238,.T.);
#149=FACE_OUTER_BOUND('',#239,.T.);
#150=FACE_OUTER_BOUND('',#240,.T.);
#151=FACE_OUTER_BOUND('',#241,.T.);
#152=FACE_OUTER_BOUND('',#242,.T.);
#153=FACE_OUTER_BOUND('',#243,.T.);
#154=FACE_OUTER_BOUND('',#244,.T.);
#155=FACE_OUTER_BOUND('',#245,.T.);
#156=FACE_OUTER_BOUND('',#246,.T.);
#157=FACE_OUTER_BOUND('',#247,.T.);
#158=FACE_OUTER_BOUND('',#248,.T.);
#159=FACE_OUTER_BOUND('',#249,.T.);
#160=FACE_OUTER_BOUND('',#250,.T.);
#161=FACE_OUTER_BOUND('',#251,.T.);
#162=FACE_OUTER_BOUND('',#252,.T.);
#163=FACE_OUTER_BOUND('',#253,.T.);
#164=FACE_OUTER_BOUND('',#254,.T.);
#165=FACE_OUTER_BOUND('',#255,.T.);
#166=FACE_OUTER_BOUND('',#256,.T.);
#167=FACE_OUTER_BOUND('',#257,.T.);
#168=FACE_OUTER_BOUND('',#258,.T.);
#169=FACE_OUTER_BOUND('',#259,.T.);
#170=FACE_OUTER_BOUND('',#260,.T.);
#171=FACE_OUTER_BOUND('',#261,.T.);
#172=FACE_OUTER_BOUND('',#262,.T.);
#173=EDGE_LOOP('',(#1057,#1058,#1059,#1060));
#174=EDGE_LOOP('',(#1061,#1062,#1063,#1064));
#175=EDGE_LOOP('',(#1065,#1066,#1067));
#176=EDGE_LOOP('',(#1068,#1069,#1070,#1071,#1072,#1073));
#177=EDGE_LOOP('',(#1074,#1075,#1076,#1077,#1078,#1079,#1080,#1081));
#178=EDGE_LOOP('',(#1082,#1083,#1084,#1085));
#179=EDGE_LOOP('',(#1086,#1087,#1088));
#180=EDGE_LOOP('',(#1089,#1090,#1091,#1092));
#181=EDGE_LOOP('',(#1093,#1094,#1095,#1096));
#182=EDGE_LOOP('',(#1097,#1098,#1099,#1100,#1101,#1102,#1103,#1104,#1105,
#1106,#1107,#1108,#1109,#1110,#1111));
#183=EDGE_LOOP('',(#1112,#1113,#1114,#1115,#1116,#1117,#1118,#1119));
#184=EDGE_LOOP('',(#1120,#1121,#1122,#1123));
#185=EDGE_LOOP('',(#1124,#1125,#1126));
#186=EDGE_LOOP('',(#1127,#1128,#1129,#1130));
#187=EDGE_LOOP('',(#1131,#1132,#1133));
#188=EDGE_LOOP('',(#1134,#1135,#1136,#1137,#1138,#1139,#1140,#1141));
#189=EDGE_LOOP('',(#1142,#1143,#1144));
#190=EDGE_LOOP('',(#1145,#1146,#1147));
#191=EDGE_LOOP('',(#1148,#1149,#1150,#1151,#1152,#1153,#1154,#1155,#1156,
#1157));
#192=EDGE_LOOP('',(#1158,#1159,#1160,#1161));
#193=EDGE_LOOP('',(#1162,#1163,#1164,#1165));
#194=EDGE_LOOP('',(#1166,#1167,#1168,#1169,#1170,#1171,#1172,#1173,#1174,
#1175,#1176,#1177));
#195=EDGE_LOOP('',(#1178,#1179,#1180,#1181));
#196=EDGE_LOOP('',(#1182,#1183,#1184,#1185));
#197=EDGE_LOOP('',(#1186,#1187,#1188,#1189));
#198=EDGE_LOOP('',(#1190,#1191,#1192,#1193));
#199=EDGE_LOOP('',(#1194,#1195,#1196,#1197));
#200=EDGE_LOOP('',(#1198,#1199,#1200,#1201));
#201=EDGE_LOOP('',(#1202,#1203,#1204,#1205));
#202=EDGE_LOOP('',(#1206,#1207,#1208,#1209));
#203=EDGE_LOOP('',(#1210,#1211,#1212,#1213));
#204=EDGE_LOOP('',(#1214,#1215,#1216,#1217));
#205=EDGE_LOOP('',(#1218,#1219,#1220,#1221,#1222,#1223,#1224,#1225,#1226,
#1227));
#206=EDGE_LOOP('',(#1228,#1229,#1230,#1231,#1232));
#207=EDGE_LOOP('',(#1233,#1234,#1235,#1236,#1237));
#208=EDGE_LOOP('',(#1238,#1239,#1240,#1241,#1242));
#209=EDGE_LOOP('',(#1243,#1244,#1245,#1246,#1247,#1248,#1249,#1250,#1251,
#1252,#1253,#1254,#1255,#1256,#1257,#1258,#1259,#1260));
#210=EDGE_LOOP('',(#1261,#1262,#1263,#1264));
#211=EDGE_LOOP('',(#1265,#1266,#1267,#1268,#1269,#1270,#1271,#1272));
#212=EDGE_LOOP('',(#1273,#1274,#1275,#1276));
#213=EDGE_LOOP('',(#1277,#1278,#1279,#1280));
#214=EDGE_LOOP('',(#1281,#1282,#1283,#1284));
#215=EDGE_LOOP('',(#1285,#1286,#1287,#1288));
#216=EDGE_LOOP('',(#1289,#1290,#1291,#1292,#1293));
#217=EDGE_LOOP('',(#1294,#1295,#1296,#1297));
#218=EDGE_LOOP('',(#1298,#1299,#1300,#1301));
#219=EDGE_LOOP('',(#1302,#1303,#1304,#1305));
#220=EDGE_LOOP('',(#1306,#1307,#1308,#1309));
#221=EDGE_LOOP('',(#1310,#1311,#1312,#1313));
#222=EDGE_LOOP('',(#1314,#1315,#1316,#1317));
#223=EDGE_LOOP('',(#1318,#1319,#1320,#1321));
#224=EDGE_LOOP('',(#1322,#1323,#1324,#1325));
#225=EDGE_LOOP('',(#1326,#1327,#1328,#1329));
#226=EDGE_LOOP('',(#1330,#1331,#1332,#1333));
#227=EDGE_LOOP('',(#1334,#1335,#1336,#1337));
#228=EDGE_LOOP('',(#1338,#1339,#1340,#1341));
#229=EDGE_LOOP('',(#1342,#1343,#1344,#1345));
#230=EDGE_LOOP('',(#1346,#1347,#1348,#1349));
#231=EDGE_LOOP('',(#1350,#1351,#1352,#1353,#1354));
#232=EDGE_LOOP('',(#1355,#1356,#1357,#1358,#1359));
#233=EDGE_LOOP('',(#1360,#1361,#1362,#1363));
#234=EDGE_LOOP('',(#1364,#1365,#1366,#1367,#1368,#1369,#1370,#1371,#1372,
#1373,#1374,#1375,#1376,#1377,#1378,#1379,#1380,#1381,#1382,#1383,#1384));
#235=EDGE_LOOP('',(#1385,#1386,#1387,#1388));
#236=EDGE_LOOP('',(#1389,#1390,#1391,#1392));
#237=EDGE_LOOP('',(#1393,#1394,#1395,#1396));
#238=EDGE_LOOP('',(#1397,#1398,#1399,#1400));
#239=EDGE_LOOP('',(#1401,#1402,#1403,#1404));
#240=EDGE_LOOP('',(#1405,#1406,#1407,#1408));
#241=EDGE_LOOP('',(#1409,#1410,#1411,#1412));
#242=EDGE_LOOP('',(#1413,#1414,#1415,#1416));
#243=EDGE_LOOP('',(#1417,#1418,#1419,#1420,#1421,#1422,#1423,#1424));
#244=EDGE_LOOP('',(#1425,#1426,#1427,#1428));
#245=EDGE_LOOP('',(#1429,#1430,#1431,#1432));
#246=EDGE_LOOP('',(#1433,#1434,#1435,#1436,#1437,#1438,#1439,#1440,#1441,
#1442,#1443,#1444,#1445,#1446,#1447,#1448,#1449,#1450,#1451,#1452,#1453,
#1454,#1455,#1456,#1457,#1458));
#247=EDGE_LOOP('',(#1459,#1460,#1461,#1462));
#248=EDGE_LOOP('',(#1463,#1464,#1465,#1466,#1467,#1468,#1469));
#249=EDGE_LOOP('',(#1470,#1471,#1472,#1473));
#250=EDGE_LOOP('',(#1474,#1475,#1476,#1477));
#251=EDGE_LOOP('',(#1478,#1479,#1480,#1481));
#252=EDGE_LOOP('',(#1482,#1483,#1484,#1485,#1486,#1487,#1488,#1489,#1490,
#1491));
#253=EDGE_LOOP('',(#1492,#1493,#1494,#1495));
#254=EDGE_LOOP('',(#1496,#1497,#1498));
#255=EDGE_LOOP('',(#1499,#1500,#1501,#1502));
#256=EDGE_LOOP('',(#1503,#1504,#1505,#1506));
#257=EDGE_LOOP('',(#1507,#1508,#1509,#1510));
#258=EDGE_LOOP('',(#1511,#1512,#1513,#1514,#1515,#1516));
#259=EDGE_LOOP('',(#1517,#1518,#1519,#1520));
#260=EDGE_LOOP('',(#1521,#1522,#1523,#1524));
#261=EDGE_LOOP('',(#1525,#1526,#1527,#1528));
#262=EDGE_LOOP('',(#1529,#1530,#1531,#1532));
#263=CIRCLE('',#1665,1.5);
#264=CIRCLE('',#1667,1.5);
#265=CIRCLE('',#1668,1.5);
#266=CIRCLE('',#1670,1.5);
#267=CIRCLE('',#1673,3.);
#268=CIRCLE('',#1676,3.);
#269=CIRCLE('',#1678,1.5);
#270=CIRCLE('',#1682,1.5);
#271=CIRCLE('',#1683,1.5);
#272=CIRCLE('',#1685,1.5);
#273=CIRCLE('',#1686,1.5);
#274=CIRCLE('',#1688,1.5);
#275=CIRCLE('',#1690,1.5);
#276=CIRCLE('',#1691,1.49999999999999);
#277=CIRCLE('',#1693,1.49999999999999);
#278=CIRCLE('',#1695,1.5);
#279=CIRCLE('',#1696,1.5);
#280=CIRCLE('',#1698,1.50000000000001);
#281=CIRCLE('',#1700,1.5);
#282=CIRCLE('',#1702,1.5);
#283=CIRCLE('',#1703,2.99999999999999);
#284=CIRCLE('',#1705,1.5);
#285=CIRCLE('',#1708,3.);
#286=CIRCLE('',#1709,3.);
#287=CIRCLE('',#1712,1.5);
#288=CIRCLE('',#1714,1.5);
#289=CIRCLE('',#1716,1.5);
#290=CIRCLE('',#1721,2.99999999999999);
#291=CIRCLE('',#1724,3.);
#292=CIRCLE('',#1726,2.99999999999999);
#293=CIRCLE('',#1729,3.);
#294=CIRCLE('',#1732,3.);
#295=CIRCLE('',#1733,3.);
#296=CIRCLE('',#1734,3.);
#297=CIRCLE('',#1738,3.);
#298=CIRCLE('',#1740,3.);
#299=CIRCLE('',#1742,3.);
#300=CIRCLE('',#1744,3.);
#301=CIRCLE('',#1748,3.);
#302=CIRCLE('',#1750,3.);
#303=CIRCLE('',#1761,17.5);
#304=CIRCLE('',#1763,14.5);
#305=CIRCLE('',#1765,14.5);
#306=CIRCLE('',#1780,1.49999999999999);
#307=CIRCLE('',#1783,17.5);
#308=CIRCLE('',#1785,1.5);
#309=CIRCLE('',#1791,1.5);
#310=CIRCLE('',#1792,1.5);
#311=LINE('',#2273,#487);
#312=LINE('',#2276,#488);
#313=LINE('',#2281,#489);
#314=LINE('',#2284,#490);
#315=LINE('',#2289,#491);
#316=LINE('',#2291,#492);
#317=LINE('',#2293,#493);
#318=LINE('',#2294,#494);
#319=LINE('',#2297,#495);
#320=LINE('',#2299,#496);
#321=LINE('',#2301,#497);
#322=LINE('',#2303,#498);
#323=LINE('',#2305,#499);
#324=LINE('',#2309,#500);
#325=LINE('',#2310,#501);
#326=LINE('',#2313,#502);
#327=LINE('',#2317,#503);
#328=LINE('',#2321,#504);
#329=LINE('',#2322,#505);
#330=LINE('',#2325,#506);
#331=LINE('',#2327,#507);
#332=LINE('',#2329,#508);
#333=LINE('',#2331,#509);
#334=LINE('',#2333,#510);
#335=LINE('',#2335,#511);
#336=LINE('',#2337,#512);
#337=LINE('',#2339,#513);
#338=LINE('',#2341,#514);
#339=LINE('',#2343,#515);
#340=LINE('',#2344,#516);
#341=LINE('',#2350,#517);
#342=LINE('',#2352,#518);
#343=LINE('',#2354,#519);
#344=LINE('',#2355,#520);
#345=LINE('',#2358,#521);
#346=LINE('',#2363,#522);
#347=LINE('',#2366,#523);
#348=LINE('',#2373,#524);
#349=LINE('',#2376,#525);
#350=LINE('',#2383,#526);
#351=LINE('',#2385,#527);
#352=LINE('',#2387,#528);
#353=LINE('',#2389,#529);
#354=LINE('',#2391,#530);
#355=LINE('',#2393,#531);
#356=LINE('',#2400,#532);
#357=LINE('',#2402,#533);
#358=LINE('',#2404,#534);
#359=LINE('',#2408,#535);
#360=LINE('',#2410,#536);
#361=LINE('',#2414,#537);
#362=LINE('',#2415,#538);
#363=LINE('',#2418,#539);
#364=LINE('',#2422,#540);
#365=LINE('',#2424,#541);
#366=LINE('',#2425,#542);
#367=LINE('',#2430,#543);
#368=LINE('',#2443,#544);
#369=LINE('',#2456,#545);
#370=LINE('',#2459,#546);
#371=LINE('',#2460,#547);
#372=LINE('',#2464,#548);
#373=LINE('',#2466,#549);
#374=LINE('',#2468,#550);
#375=LINE('',#2469,#551);
#376=LINE('',#2473,#552);
#377=LINE('',#2476,#553);
#378=LINE('',#2480,#554);
#379=LINE('',#2483,#555);
#380=LINE('',#2485,#556);
#381=LINE('',#2487,#557);
#382=LINE('',#2490,#558);
#383=LINE('',#2492,#559);
#384=LINE('',#2493,#560);
#385=LINE('',#2497,#561);
#386=LINE('',#2501,#562);
#387=LINE('',#2531,#563);
#388=LINE('',#2532,#564);
#389=LINE('',#2540,#565);
#390=LINE('',#2543,#566);
#391=LINE('',#2545,#567);
#392=LINE('',#2547,#568);
#393=LINE('',#2549,#569);
#394=LINE('',#2550,#570);
#395=LINE('',#2553,#571);
#396=LINE('',#2557,#572);
#397=LINE('',#2558,#573);
#398=LINE('',#2561,#574);
#399=LINE('',#2562,#575);
#400=LINE('',#2566,#576);
#401=LINE('',#2568,#577);
#402=LINE('',#2572,#578);
#403=LINE('',#2573,#579);
#404=LINE('',#2575,#580);
#405=LINE('',#2577,#581);
#406=LINE('',#2579,#582);
#407=LINE('',#2580,#583);
#408=LINE('',#2581,#584);
#409=LINE('',#2583,#585);
#410=LINE('',#2585,#586);
#411=LINE('',#2587,#587);
#412=LINE('',#2588,#588);
#413=LINE('',#2590,#589);
#414=LINE('',#2592,#590);
#415=LINE('',#2593,#591);
#416=LINE('',#2596,#592);
#417=LINE('',#2598,#593);
#418=LINE('',#2600,#594);
#419=LINE('',#2601,#595);
#420=LINE('',#2606,#596);
#421=LINE('',#2608,#597);
#422=LINE('',#2612,#598);
#423=LINE('',#2617,#599);
#424=LINE('',#2618,#600);
#425=LINE('',#2619,#601);
#426=LINE('',#2623,#602);
#427=LINE('',#2624,#603);
#428=LINE('',#2625,#604);
#429=LINE('',#2658,#605);
#430=LINE('',#2661,#606);
#431=LINE('',#2663,#607);
#432=LINE('',#2666,#608);
#433=LINE('',#2669,#609);
#434=LINE('',#2670,#610);
#435=LINE('',#2674,#611);
#436=LINE('',#2677,#612);
#437=LINE('',#2680,#613);
#438=LINE('',#2683,#614);
#439=LINE('',#2685,#615);
#440=LINE('',#2686,#616);
#441=LINE('',#2688,#617);
#442=LINE('',#2689,#618);
#443=LINE('',#2694,#619);
#444=LINE('',#2695,#620);
#445=LINE('',#2698,#621);
#446=LINE('',#2699,#622);
#447=LINE('',#2701,#623);
#448=LINE('',#2704,#624);
#449=LINE('',#2719,#625);
#450=LINE('',#2725,#626);
#451=LINE('',#2727,#627);
#452=LINE('',#2731,#628);
#453=LINE('',#2733,#629);
#454=LINE('',#2735,#630);
#455=LINE('',#2737,#631);
#456=LINE('',#2739,#632);
#457=LINE('',#2741,#633);
#458=LINE('',#2742,#634);
#459=LINE('',#2745,#635);
#460=LINE('',#2747,#636);
#461=LINE('',#2748,#637);
#462=LINE('',#2751,#638);
#463=LINE('',#2753,#639);
#464=LINE('',#2754,#640);
#465=LINE('',#2757,#641);
#466=LINE('',#2759,#642);
#467=LINE('',#2760,#643);
#468=LINE('',#2762,#644);
#469=LINE('',#2765,#645);
#470=LINE('',#2766,#646);
#471=LINE('',#2769,#647);
#472=LINE('',#2770,#648);
#473=LINE('',#2772,#649);
#474=LINE('',#2774,#650);
#475=LINE('',#2776,#651);
#476=LINE('',#2777,#652);
#477=LINE('',#2780,#653);
#478=LINE('',#2782,#654);
#479=LINE('',#2784,#655);
#480=LINE('',#2787,#656);
#481=LINE('',#2790,#657);
#482=LINE('',#2791,#658);
#483=LINE('',#2797,#659);
#484=LINE('',#2799,#660);
#485=LINE('',#2804,#661);
#486=LINE('',#2805,#662);
#487=VECTOR('',#1811,10.);
#488=VECTOR('',#1814,10.);
#489=VECTOR('',#1819,10.);
#490=VECTOR('',#1822,10.);
#491=VECTOR('',#1829,10.);
#492=VECTOR('',#1830,10.);
#493=VECTOR('',#1831,10.);
#494=VECTOR('',#1832,10.);
#495=VECTOR('',#1835,10.);
#496=VECTOR('',#1836,10.);
#497=VECTOR('',#1837,10.);
#498=VECTOR('',#1838,10.);
#499=VECTOR('',#1839,10.);
#500=VECTOR('',#1844,10.);
#501=VECTOR('',#1845,10.);
#502=VECTOR('',#1848,10.);
#503=VECTOR('',#1853,10.);
#504=VECTOR('',#1858,10.);
#505=VECTOR('',#1859,10.);
#506=VECTOR('',#1862,10.);
#507=VECTOR('',#1863,10.);
#508=VECTOR('',#1864,10.);
#509=VECTOR('',#1865,10.);
#510=VECTOR('',#1866,10.);
#511=VECTOR('',#1867,10.);
#512=VECTOR('',#1868,10.);
#513=VECTOR('',#1869,10.);
#514=VECTOR('',#1870,10.);
#515=VECTOR('',#1871,10.);
#516=VECTOR('',#1872,10.);
#517=VECTOR('',#1877,10.);
#518=VECTOR('',#1878,10.);
#519=VECTOR('',#1879,10.);
#520=VECTOR('',#1880,10.);
#521=VECTOR('',#1883,10.);
#522=VECTOR('',#1888,10.);
#523=VECTOR('',#1891,10.);
#524=VECTOR('',#1900,10.);
#525=VECTOR('',#1903,10.);
#526=VECTOR('',#1912,10.);
#527=VECTOR('',#1913,10.);
#528=VECTOR('',#1914,10.);
#529=VECTOR('',#1915,10.);
#530=VECTOR('',#1916,10.);
#531=VECTOR('',#1919,10.);
#532=VECTOR('',#1930,10.);
#533=VECTOR('',#1931,10.);
#534=VECTOR('',#1932,10.);
#535=VECTOR('',#1935,10.);
#536=VECTOR('',#1936,10.);
#537=VECTOR('',#1939,10.);
#538=VECTOR('',#1940,10.);
#539=VECTOR('',#1943,10.);
#540=VECTOR('',#1948,10.);
#541=VECTOR('',#1949,10.);
#542=VECTOR('',#1950,10.);
#543=VECTOR('',#1955,10.);
#544=VECTOR('',#1956,10.);
#545=VECTOR('',#1957,10.);
#546=VECTOR('',#1960,10.);
#547=VECTOR('',#1961,10.);
#548=VECTOR('',#1964,10.);
#549=VECTOR('',#1965,10.);
#550=VECTOR('',#1966,10.);
#551=VECTOR('',#1967,10.);
#552=VECTOR('',#1972,10.);
#553=VECTOR('',#1975,10.);
#554=VECTOR('',#1980,10.);
#555=VECTOR('',#1983,10.);
#556=VECTOR('',#1986,10.);
#557=VECTOR('',#1989,10.);
#558=VECTOR('',#1992,10.);
#559=VECTOR('',#1993,10.);
#560=VECTOR('',#1994,10.);
#561=VECTOR('',#1997,10.);
#562=VECTOR('',#2000,10.);
#563=VECTOR('',#2003,10.);
#564=VECTOR('',#2004,10.);
#565=VECTOR('',#2007,10.);
#566=VECTOR('',#2010,10.);
#567=VECTOR('',#2011,10.);
#568=VECTOR('',#2012,10.);
#569=VECTOR('',#2013,10.);
#570=VECTOR('',#2014,10.);
#571=VECTOR('',#2017,10.);
#572=VECTOR('',#2020,10.);
#573=VECTOR('',#2021,10.);
#574=VECTOR('',#2024,10.);
#575=VECTOR('',#2025,10.);
#576=VECTOR('',#2028,10.);
#577=VECTOR('',#2029,10.);
#578=VECTOR('',#2032,10.);
#579=VECTOR('',#2033,10.);
#580=VECTOR('',#2036,10.);
#581=VECTOR('',#2037,10.);
#582=VECTOR('',#2038,10.);
#583=VECTOR('',#2039,10.);
#584=VECTOR('',#2040,10.);
#585=VECTOR('',#2041,10.);
#586=VECTOR('',#2042,10.);
#587=VECTOR('',#2043,10.);
#588=VECTOR('',#2044,10.);
#589=VECTOR('',#2045,10.);
#590=VECTOR('',#2046,10.);
#591=VECTOR('',#2047,10.);
#592=VECTOR('',#2048,10.);
#593=VECTOR('',#2049,10.);
#594=VECTOR('',#2050,10.);
#595=VECTOR('',#2051,10.);
#596=VECTOR('',#2056,10.);
#597=VECTOR('',#2057,10.);
#598=VECTOR('',#2060,10.);
#599=VECTOR('',#2065,10.);
#600=VECTOR('',#2066,10.);
#601=VECTOR('',#2067,10.);
#602=VECTOR('',#2070,10.);
#603=VECTOR('',#2071,10.);
#604=VECTOR('',#2072,10.);
#605=VECTOR('',#2085,10.);
#606=VECTOR('',#2088,10.);
#607=VECTOR('',#2089,10.);
#608=VECTOR('',#2094,10.);
#609=VECTOR('',#2097,10.);
#610=VECTOR('',#2098,10.);
#611=VECTOR('',#2103,10.);
#612=VECTOR('',#2106,10.);
#613=VECTOR('',#2111,10.);
#614=VECTOR('',#2114,10.);
#615=VECTOR('',#2115,10.);
#616=VECTOR('',#2116,10.);
#617=VECTOR('',#2119,10.);
#618=VECTOR('',#2120,10.);
#619=VECTOR('',#2127,10.);
#620=VECTOR('',#2128,10.);
#621=VECTOR('',#2131,10.);
#622=VECTOR('',#2132,10.);
#623=VECTOR('',#2135,10.);
#624=VECTOR('',#2140,10.);
#625=VECTOR('',#2151,14.5);
#626=VECTOR('',#2154,10.);
#627=VECTOR('',#2155,10.);
#628=VECTOR('',#2158,10.);
#629=VECTOR('',#2159,10.);
#630=VECTOR('',#2160,10.);
#631=VECTOR('',#2161,10.);
#632=VECTOR('',#2162,10.);
#633=VECTOR('',#2163,10.);
#634=VECTOR('',#2164,10.);
#635=VECTOR('',#2167,10.);
#636=VECTOR('',#2168,10.);
#637=VECTOR('',#2169,10.);
#638=VECTOR('',#2172,10.);
#639=VECTOR('',#2173,10.);
#640=VECTOR('',#2174,10.);
#641=VECTOR('',#2177,10.);
#642=VECTOR('',#2178,10.);
#643=VECTOR('',#2179,10.);
#644=VECTOR('',#2182,10.);
#645=VECTOR('',#2185,10.);
#646=VECTOR('',#2186,10.);
#647=VECTOR('',#2189,10.);
#648=VECTOR('',#2190,10.);
#649=VECTOR('',#2193,10.);
#650=VECTOR('',#2196,10.);
#651=VECTOR('',#2199,10.);
#652=VECTOR('',#2200,10.);
#653=VECTOR('',#2205,10.);
#654=VECTOR('',#2208,10.);
#655=VECTOR('',#2209,10.);
#656=VECTOR('',#2212,10.);
#657=VECTOR('',#2215,10.);
#658=VECTOR('',#2216,10.);
#659=VECTOR('',#2225,10.);
#660=VECTOR('',#2228,10.);
#661=VECTOR('',#2235,10.);
#662=VECTOR('',#2236,10.);
#663=ELLIPSE('',#1664,2.33358574029062,1.5);
#664=ELLIPSE('',#1767,2.33358574029062,1.5);
#665=ELLIPSE('',#1798,2.12132034355965,1.5);
#666=ELLIPSE('',#1799,2.12132034355964,1.5);
#667=ELLIPSE('',#1801,2.12132034355964,1.5);
#668=ELLIPSE('',#1803,2.12132034355964,1.5);
#669=VERTEX_POINT('',#2269);
#670=VERTEX_POINT('',#2270);
#671=VERTEX_POINT('',#2272);
#672=VERTEX_POINT('',#2274);
#673=VERTEX_POINT('',#2278);
#674=VERTEX_POINT('',#2279);
#675=VERTEX_POINT('',#2282);
#676=VERTEX_POINT('',#2288);
#677=VERTEX_POINT('',#2290);
#678=VERTEX_POINT('',#2292);
#679=VERTEX_POINT('',#2296);
#680=VERTEX_POINT('',#2298);
#681=VERTEX_POINT('',#2300);
#682=VERTEX_POINT('',#2302);
#683=VERTEX_POINT('',#2304);
#684=VERTEX_POINT('',#2308);
#685=VERTEX_POINT('',#2312);
#686=VERTEX_POINT('',#2316);
#687=VERTEX_POINT('',#2320);
#688=VERTEX_POINT('',#2324);
#689=VERTEX_POINT('',#2326);
#690=VERTEX_POINT('',#2328);
#691=VERTEX_POINT('',#2330);
#692=VERTEX_POINT('',#2332);
#693=VERTEX_POINT('',#2334);
#694=VERTEX_POINT('',#2336);
#695=VERTEX_POINT('',#2338);
#696=VERTEX_POINT('',#2340);
#697=VERTEX_POINT('',#2342);
#698=VERTEX_POINT('',#2346);
#699=VERTEX_POINT('',#2347);
#700=VERTEX_POINT('',#2349);
#701=VERTEX_POINT('',#2351);
#702=VERTEX_POINT('',#2353);
#703=VERTEX_POINT('',#2356);
#704=VERTEX_POINT('',#2360);
#705=VERTEX_POINT('',#2362);
#706=VERTEX_POINT('',#2364);
#707=VERTEX_POINT('',#2370);
#708=VERTEX_POINT('',#2372);
#709=VERTEX_POINT('',#2374);
#710=VERTEX_POINT('',#2380);
#711=VERTEX_POINT('',#2382);
#712=VERTEX_POINT('',#2384);
#713=VERTEX_POINT('',#2386);
#714=VERTEX_POINT('',#2388);
#715=VERTEX_POINT('',#2390);
#716=VERTEX_POINT('',#2399);
#717=VERTEX_POINT('',#2401);
#718=VERTEX_POINT('',#2403);
#719=VERTEX_POINT('',#2405);
#720=VERTEX_POINT('',#2407);
#721=VERTEX_POINT('',#2409);
#722=VERTEX_POINT('',#2411);
#723=VERTEX_POINT('',#2413);
#724=VERTEX_POINT('',#2417);
#725=VERTEX_POINT('',#2421);
#726=VERTEX_POINT('',#2423);
#727=VERTEX_POINT('',#2427);
#728=VERTEX_POINT('',#2429);
#729=VERTEX_POINT('',#2431);
#730=VERTEX_POINT('',#2442);
#731=VERTEX_POINT('',#2444);
#732=VERTEX_POINT('',#2455);
#733=VERTEX_POINT('',#2458);
#734=VERTEX_POINT('',#2462);
#735=VERTEX_POINT('',#2463);
#736=VERTEX_POINT('',#2465);
#737=VERTEX_POINT('',#2467);
#738=VERTEX_POINT('',#2471);
#739=VERTEX_POINT('',#2475);
#740=VERTEX_POINT('',#2479);
#741=VERTEX_POINT('',#2481);
#742=VERTEX_POINT('',#2489);
#743=VERTEX_POINT('',#2491);
#744=VERTEX_POINT('',#2495);
#745=VERTEX_POINT('',#2496);
#746=VERTEX_POINT('',#2498);
#747=VERTEX_POINT('',#2500);
#748=VERTEX_POINT('',#2525);
#749=VERTEX_POINT('',#2530);
#750=VERTEX_POINT('',#2534);
#751=VERTEX_POINT('',#2539);
#752=VERTEX_POINT('',#2541);
#753=VERTEX_POINT('',#2544);
#754=VERTEX_POINT('',#2546);
#755=VERTEX_POINT('',#2548);
#756=VERTEX_POINT('',#2552);
#757=VERTEX_POINT('',#2554);
#758=VERTEX_POINT('',#2556);
#759=VERTEX_POINT('',#2560);
#760=VERTEX_POINT('',#2564);
#761=VERTEX_POINT('',#2565);
#762=VERTEX_POINT('',#2567);
#763=VERTEX_POINT('',#2569);
#764=VERTEX_POINT('',#2571);
#765=VERTEX_POINT('',#2576);
#766=VERTEX_POINT('',#2578);
#767=VERTEX_POINT('',#2582);
#768=VERTEX_POINT('',#2584);
#769=VERTEX_POINT('',#2586);
#770=VERTEX_POINT('',#2589);
#771=VERTEX_POINT('',#2591);
#772=VERTEX_POINT('',#2594);
#773=VERTEX_POINT('',#2595);
#774=VERTEX_POINT('',#2597);
#775=VERTEX_POINT('',#2599);
#776=VERTEX_POINT('',#2603);
#777=VERTEX_POINT('',#2605);
#778=VERTEX_POINT('',#2607);
#779=VERTEX_POINT('',#2609);
#780=VERTEX_POINT('',#2611);
#781=VERTEX_POINT('',#2615);
#782=VERTEX_POINT('',#2616);
#783=VERTEX_POINT('',#2621);
#784=VERTEX_POINT('',#2622);
#785=VERTEX_POINT('',#2631);
#786=VERTEX_POINT('',#2633);
#787=VERTEX_POINT('',#2660);
#788=VERTEX_POINT('',#2662);
#789=VERTEX_POINT('',#2668);
#790=VERTEX_POINT('',#2672);
#791=VERTEX_POINT('',#2676);
#792=VERTEX_POINT('',#2682);
#793=VERTEX_POINT('',#2684);
#794=VERTEX_POINT('',#2693);
#795=VERTEX_POINT('',#2697);
#796=VERTEX_POINT('',#2707);
#797=VERTEX_POINT('',#2717);
#798=VERTEX_POINT('',#2726);
#799=VERTEX_POINT('',#2728);
#800=VERTEX_POINT('',#2730);
#801=VERTEX_POINT('',#2732);
#802=VERTEX_POINT('',#2734);
#803=VERTEX_POINT('',#2736);
#804=VERTEX_POINT('',#2738);
#805=VERTEX_POINT('',#2740);
#806=VERTEX_POINT('',#2744);
#807=VERTEX_POINT('',#2746);
#808=VERTEX_POINT('',#2750);
#809=VERTEX_POINT('',#2752);
#810=VERTEX_POINT('',#2756);
#811=VERTEX_POINT('',#2758);
#812=VERTEX_POINT('',#2764);
#813=VERTEX_POINT('',#2768);
#814=VERTEX_POINT('',#2783);
#815=VERTEX_POINT('',#2785);
#816=VERTEX_POINT('',#2789);
#817=VERTEX_POINT('',#2795);
#818=VERTEX_POINT('',#2803);
#819=EDGE_CURVE('',#669,#670,#663,.F.);
#820=EDGE_CURVE('',#670,#671,#311,.T.);
#821=EDGE_CURVE('',#671,#672,#263,.T.);
#822=EDGE_CURVE('',#672,#669,#312,.T.);
#823=EDGE_CURVE('',#673,#674,#264,.T.);
#824=EDGE_CURVE('',#674,#672,#313,.T.);
#825=EDGE_CURVE('',#672,#675,#265,.T.);
#826=EDGE_CURVE('',#675,#673,#314,.T.);
#827=EDGE_CURVE('',#671,#675,#266,.T.);
#828=EDGE_CURVE('',#669,#676,#315,.T.);
#829=EDGE_CURVE('',#674,#677,#316,.T.);
#830=EDGE_CURVE('',#678,#677,#317,.T.);
#831=EDGE_CURVE('',#678,#676,#318,.T.);
#832=EDGE_CURVE('',#673,#679,#319,.T.);
#833=EDGE_CURVE('',#680,#679,#320,.T.);
#834=EDGE_CURVE('',#681,#680,#321,.T.);
#835=EDGE_CURVE('',#682,#681,#322,.T.);
#836=EDGE_CURVE('',#683,#682,#323,.T.);
#837=EDGE_CURVE('',#677,#683,#267,.T.);
#838=EDGE_CURVE('',#684,#675,#324,.T.);
#839=EDGE_CURVE('',#679,#684,#325,.T.);
#840=EDGE_CURVE('',#685,#676,#326,.T.);
#841=EDGE_CURVE('',#685,#678,#268,.F.);
#842=EDGE_CURVE('',#671,#686,#327,.T.);
#843=EDGE_CURVE('',#686,#684,#269,.T.);
#844=EDGE_CURVE('',#670,#687,#328,.T.);
#845=EDGE_CURVE('',#686,#687,#329,.T.);
#846=EDGE_CURVE('',#685,#688,#330,.T.);
#847=EDGE_CURVE('',#688,#689,#331,.T.);
#848=EDGE_CURVE('',#689,#690,#332,.F.);
#849=EDGE_CURVE('',#690,#691,#333,.T.);
#850=EDGE_CURVE('',#692,#691,#334,.F.);
#851=EDGE_CURVE('',#693,#692,#335,.T.);
#852=EDGE_CURVE('',#694,#693,#336,.F.);
#853=EDGE_CURVE('',#694,#695,#337,.T.);
#854=EDGE_CURVE('',#695,#696,#338,.T.);
#855=EDGE_CURVE('',#696,#697,#339,.T.);
#856=EDGE_CURVE('',#687,#697,#340,.F.);
#857=EDGE_CURVE('',#698,#699,#270,.T.);
#858=EDGE_CURVE('',#699,#700,#341,.T.);
#859=EDGE_CURVE('',#701,#700,#342,.T.);
#860=EDGE_CURVE('',#701,#702,#343,.T.);
#861=EDGE_CURVE('',#682,#702,#344,.T.);
#862=EDGE_CURVE('',#681,#703,#271,.T.);
#863=EDGE_CURVE('',#703,#698,#345,.T.);
#864=EDGE_CURVE('',#703,#704,#272,.T.);
#865=EDGE_CURVE('',#704,#705,#346,.T.);
#866=EDGE_CURVE('',#705,#706,#273,.T.);
#867=EDGE_CURVE('',#706,#703,#347,.T.);
#868=EDGE_CURVE('',#681,#704,#274,.T.);
#869=EDGE_CURVE('',#706,#707,#275,.T.);
#870=EDGE_CURVE('',#707,#708,#348,.T.);
#871=EDGE_CURVE('',#708,#709,#276,.T.);
#872=EDGE_CURVE('',#709,#706,#349,.T.);
#873=EDGE_CURVE('',#705,#707,#277,.T.);
#874=EDGE_CURVE('',#709,#710,#278,.T.);
#875=EDGE_CURVE('',#710,#711,#350,.T.);
#876=EDGE_CURVE('',#711,#712,#351,.T.);
#877=EDGE_CURVE('',#712,#713,#352,.T.);
#878=EDGE_CURVE('',#713,#714,#353,.T.);
#879=EDGE_CURVE('',#714,#715,#354,.T.);
#880=EDGE_CURVE('',#715,#698,#279,.T.);
#881=EDGE_CURVE('',#698,#709,#355,.T.);
#882=EDGE_CURVE('',#708,#710,#280,.T.);
#883=EDGE_CURVE('',#715,#699,#281,.T.);
#884=EDGE_CURVE('',#716,#699,#356,.T.);
#885=EDGE_CURVE('',#717,#716,#357,.T.);
#886=EDGE_CURVE('',#717,#718,#358,.T.);
#887=EDGE_CURVE('',#719,#718,#282,.T.);
#888=EDGE_CURVE('',#720,#719,#359,.T.);
#889=EDGE_CURVE('',#721,#720,#360,.T.);
#890=EDGE_CURVE('',#721,#722,#283,.T.);
#891=EDGE_CURVE('',#723,#722,#361,.T.);
#892=EDGE_CURVE('',#700,#723,#362,.T.);
#893=EDGE_CURVE('',#715,#724,#363,.T.);
#894=EDGE_CURVE('',#724,#716,#284,.T.);
#895=EDGE_CURVE('',#725,#712,#364,.T.);
#896=EDGE_CURVE('',#725,#726,#365,.T.);
#897=EDGE_CURVE('',#726,#713,#366,.T.);
#898=EDGE_CURVE('',#714,#727,#285,.F.);
#899=EDGE_CURVE('',#727,#728,#367,.T.);
#900=EDGE_CURVE('',#729,#728,#19,.F.);
#901=EDGE_CURVE('',#729,#730,#368,.T.);
#902=EDGE_CURVE('',#731,#730,#20,.F.);
#903=EDGE_CURVE('',#731,#732,#369,.T.);
#904=EDGE_CURVE('',#732,#711,#286,.F.);
#905=EDGE_CURVE('',#733,#710,#370,.T.);
#906=EDGE_CURVE('',#724,#733,#371,.T.);
#907=EDGE_CURVE('',#734,#735,#372,.T.);
#908=EDGE_CURVE('',#736,#734,#373,.T.);
#909=EDGE_CURVE('',#737,#736,#374,.T.);
#910=EDGE_CURVE('',#735,#737,#375,.T.);
#911=EDGE_CURVE('',#680,#738,#287,.T.);
#912=EDGE_CURVE('',#738,#704,#376,.T.);
#913=EDGE_CURVE('',#708,#739,#377,.T.);
#914=EDGE_CURVE('',#739,#733,#288,.T.);
#915=EDGE_CURVE('',#705,#740,#378,.T.);
#916=EDGE_CURVE('',#740,#741,#289,.T.);
#917=EDGE_CURVE('',#741,#707,#379,.T.);
#918=EDGE_CURVE('',#739,#741,#380,.T.);
#919=EDGE_CURVE('',#740,#738,#381,.T.);
#920=EDGE_CURVE('',#701,#742,#382,.T.);
#921=EDGE_CURVE('',#743,#742,#383,.T.);
#922=EDGE_CURVE('',#702,#743,#384,.T.);
#923=EDGE_CURVE('',#744,#745,#385,.T.);
#924=EDGE_CURVE('',#744,#746,#290,.T.);
#925=EDGE_CURVE('',#747,#746,#386,.T.);
#926=EDGE_CURVE('',#745,#747,#21,.F.);
#927=EDGE_CURVE('',#748,#745,#22,.T.);
#928=EDGE_CURVE('',#749,#748,#387,.F.);
#929=EDGE_CURVE('',#749,#744,#388,.T.);
#930=EDGE_CURVE('',#750,#748,#23,.F.);
#931=EDGE_CURVE('',#750,#751,#389,.T.);
#932=EDGE_CURVE('',#752,#751,#291,.T.);
#933=EDGE_CURVE('',#700,#752,#390,.T.);
#934=EDGE_CURVE('',#723,#753,#391,.F.);
#935=EDGE_CURVE('',#753,#754,#392,.T.);
#936=EDGE_CURVE('',#754,#755,#393,.T.);
#937=EDGE_CURVE('',#755,#749,#394,.T.);
#938=EDGE_CURVE('',#756,#753,#395,.T.);
#939=EDGE_CURVE('',#757,#756,#292,.T.);
#940=EDGE_CURVE('',#758,#757,#396,.T.);
#941=EDGE_CURVE('',#758,#754,#397,.T.);
#942=EDGE_CURVE('',#755,#759,#398,.T.);
#943=EDGE_CURVE('',#746,#759,#399,.T.);
#944=EDGE_CURVE('',#760,#761,#400,.T.);
#945=EDGE_CURVE('',#762,#761,#401,.T.);
#946=EDGE_CURVE('',#763,#762,#293,.T.);
#947=EDGE_CURVE('',#763,#764,#402,.T.);
#948=EDGE_CURVE('',#760,#764,#403,.T.);
#949=EDGE_CURVE('',#714,#752,#404,.T.);
#950=EDGE_CURVE('',#713,#765,#405,.T.);
#951=EDGE_CURVE('',#765,#766,#406,.T.);
#952=EDGE_CURVE('',#766,#712,#407,.T.);
#953=EDGE_CURVE('',#762,#711,#408,.T.);
#954=EDGE_CURVE('',#761,#767,#409,.T.);
#955=EDGE_CURVE('',#768,#767,#410,.T.);
#956=EDGE_CURVE('',#768,#769,#411,.T.);
#957=EDGE_CURVE('',#769,#682,#412,.T.);
#958=EDGE_CURVE('',#702,#770,#413,.T.);
#959=EDGE_CURVE('',#770,#771,#414,.T.);
#960=EDGE_CURVE('',#771,#701,#415,.T.);
#961=EDGE_CURVE('',#772,#773,#416,.T.);
#962=EDGE_CURVE('',#774,#772,#417,.T.);
#963=EDGE_CURVE('',#775,#774,#418,.T.);
#964=EDGE_CURVE('',#773,#775,#419,.T.);
#965=EDGE_CURVE('',#776,#760,#294,.T.);
#966=EDGE_CURVE('',#777,#776,#420,.T.);
#967=EDGE_CURVE('',#777,#778,#421,.T.);
#968=EDGE_CURVE('',#778,#779,#295,.T.);
#969=EDGE_CURVE('',#779,#780,#422,.T.);
#970=EDGE_CURVE('',#780,#767,#296,.T.);
#971=EDGE_CURVE('',#781,#782,#423,.T.);
#972=EDGE_CURVE('',#781,#778,#424,.T.);
#973=EDGE_CURVE('',#782,#777,#425,.T.);
#974=EDGE_CURVE('',#783,#784,#426,.T.);
#975=EDGE_CURVE('',#783,#780,#427,.T.);
#976=EDGE_CURVE('',#784,#779,#428,.T.);
#977=EDGE_CURVE('',#781,#784,#297,.T.);
#978=EDGE_CURVE('',#783,#768,#298,.T.);
#979=EDGE_CURVE('',#785,#764,#299,.F.);
#980=EDGE_CURVE('',#785,#786,#24,.T.);
#981=EDGE_CURVE('',#776,#786,#429,.F.);
#982=EDGE_CURVE('',#690,#787,#430,.T.);
#983=EDGE_CURVE('',#788,#787,#431,.T.);
#984=EDGE_CURVE('',#691,#788,#300,.T.);
#985=EDGE_CURVE('',#759,#758,#432,.T.);
#986=EDGE_CURVE('',#789,#689,#433,.T.);
#987=EDGE_CURVE('',#787,#789,#434,.T.);
#988=EDGE_CURVE('',#790,#688,#301,.T.);
#989=EDGE_CURVE('',#789,#790,#435,.T.);
#990=EDGE_CURVE('',#788,#791,#436,.T.);
#991=EDGE_CURVE('',#692,#791,#302,.T.);
#992=EDGE_CURVE('',#722,#756,#437,.T.);
#993=EDGE_CURVE('',#771,#792,#438,.T.);
#994=EDGE_CURVE('',#770,#793,#439,.T.);
#995=EDGE_CURVE('',#792,#793,#440,.T.);
#996=EDGE_CURVE('',#793,#743,#441,.T.);
#997=EDGE_CURVE('',#742,#792,#442,.T.);
#998=EDGE_CURVE('',#794,#766,#443,.T.);
#999=EDGE_CURVE('',#794,#725,#444,.T.);
#1000=EDGE_CURVE('',#726,#795,#445,.T.);
#1001=EDGE_CURVE('',#795,#794,#446,.T.);
#1002=EDGE_CURVE('',#795,#765,#447,.T.);
#1003=EDGE_CURVE('',#732,#763,#448,.T.);
#1004=EDGE_CURVE('',#785,#731,#303,.T.);
#1005=EDGE_CURVE('',#730,#796,#304,.T.);
#1006=EDGE_CURVE('',#796,#786,#25,.T.);
#1007=EDGE_CURVE('',#797,#729,#305,.T.);
#1008=EDGE_CURVE('',#797,#796,#449,.T.);
#1009=EDGE_CURVE('',#797,#747,#26,.T.);
#1010=EDGE_CURVE('',#757,#721,#450,.T.);
#1011=EDGE_CURVE('',#798,#720,#451,.T.);
#1012=EDGE_CURVE('',#799,#798,#664,.F.);
#1013=EDGE_CURVE('',#799,#800,#452,.T.);
#1014=EDGE_CURVE('',#801,#800,#453,.T.);
#1015=EDGE_CURVE('',#801,#802,#454,.T.);
#1016=EDGE_CURVE('',#802,#803,#455,.T.);
#1017=EDGE_CURVE('',#803,#804,#456,.T.);
#1018=EDGE_CURVE('',#805,#804,#457,.T.);
#1019=EDGE_CURVE('',#782,#805,#458,.T.);
#1020=EDGE_CURVE('',#806,#694,#459,.T.);
#1021=EDGE_CURVE('',#807,#806,#460,.T.);
#1022=EDGE_CURVE('',#807,#695,#461,.T.);
#1023=EDGE_CURVE('',#803,#808,#462,.T.);
#1024=EDGE_CURVE('',#808,#809,#463,.T.);
#1025=EDGE_CURVE('',#804,#809,#464,.T.);
#1026=EDGE_CURVE('',#697,#810,#465,.T.);
#1027=EDGE_CURVE('',#696,#811,#466,.T.);
#1028=EDGE_CURVE('',#811,#810,#467,.T.);
#1029=EDGE_CURVE('',#811,#807,#468,.T.);
#1030=EDGE_CURVE('',#812,#802,#469,.T.);
#1031=EDGE_CURVE('',#808,#812,#470,.T.);
#1032=EDGE_CURVE('',#809,#813,#471,.T.);
#1033=EDGE_CURVE('',#812,#813,#472,.T.);
#1034=EDGE_CURVE('',#813,#801,#473,.T.);
#1035=EDGE_CURVE('',#810,#806,#474,.T.);
#1036=EDGE_CURVE('',#683,#790,#475,.T.);
#1037=EDGE_CURVE('',#791,#769,#476,.T.);
#1038=EDGE_CURVE('',#751,#727,#477,.T.);
#1039=EDGE_CURVE('',#805,#693,#478,.T.);
#1040=EDGE_CURVE('',#800,#814,#479,.T.);
#1041=EDGE_CURVE('',#815,#814,#306,.T.);
#1042=EDGE_CURVE('',#815,#717,#480,.T.);
#1043=EDGE_CURVE('',#816,#799,#481,.T.);
#1044=EDGE_CURVE('',#814,#816,#482,.T.);
#1045=EDGE_CURVE('',#728,#750,#307,.T.);
#1046=EDGE_CURVE('',#817,#816,#308,.T.);
#1047=EDGE_CURVE('',#817,#815,#483,.T.);
#1048=EDGE_CURVE('',#718,#817,#484,.T.);
#1049=EDGE_CURVE('',#818,#719,#485,.T.);
#1050=EDGE_CURVE('',#798,#818,#486,.T.);
#1051=EDGE_CURVE('',#818,#816,#309,.T.);
#1052=EDGE_CURVE('',#817,#818,#310,.T.);
#1053=EDGE_CURVE('',#735,#772,#665,.T.);
#1054=EDGE_CURVE('',#734,#773,#666,.T.);
#1055=EDGE_CURVE('',#737,#774,#667,.T.);
#1056=EDGE_CURVE('',#736,#775,#668,.T.);
#1057=ORIENTED_EDGE('',*,*,#819,.T.);
#1058=ORIENTED_EDGE('',*,*,#820,.T.);
#1059=ORIENTED_EDGE('',*,*,#821,.T.);
#1060=ORIENTED_EDGE('',*,*,#822,.T.);
#1061=ORIENTED_EDGE('',*,*,#823,.T.);
#1062=ORIENTED_EDGE('',*,*,#824,.T.);
#1063=ORIENTED_EDGE('',*,*,#825,.T.);
#1064=ORIENTED_EDGE('',*,*,#826,.T.);
#1065=ORIENTED_EDGE('',*,*,#825,.F.);
#1066=ORIENTED_EDGE('',*,*,#821,.F.);
#1067=ORIENTED_EDGE('',*,*,#827,.T.);
#1068=ORIENTED_EDGE('',*,*,#828,.F.);
#1069=ORIENTED_EDGE('',*,*,#822,.F.);
#1070=ORIENTED_EDGE('',*,*,#824,.F.);
#1071=ORIENTED_EDGE('',*,*,#829,.T.);
#1072=ORIENTED_EDGE('',*,*,#830,.F.);
#1073=ORIENTED_EDGE('',*,*,#831,.T.);
#1074=ORIENTED_EDGE('',*,*,#823,.F.);
#1075=ORIENTED_EDGE('',*,*,#832,.T.);
#1076=ORIENTED_EDGE('',*,*,#833,.F.);
#1077=ORIENTED_EDGE('',*,*,#834,.F.);
#1078=ORIENTED_EDGE('',*,*,#835,.F.);
#1079=ORIENTED_EDGE('',*,*,#836,.F.);
#1080=ORIENTED_EDGE('',*,*,#837,.F.);
#1081=ORIENTED_EDGE('',*,*,#829,.F.);
#1082=ORIENTED_EDGE('',*,*,#826,.F.);
#1083=ORIENTED_EDGE('',*,*,#838,.F.);
#1084=ORIENTED_EDGE('',*,*,#839,.F.);
#1085=ORIENTED_EDGE('',*,*,#832,.F.);
#1086=ORIENTED_EDGE('',*,*,#840,.T.);
#1087=ORIENTED_EDGE('',*,*,#831,.F.);
#1088=ORIENTED_EDGE('',*,*,#841,.F.);
#1089=ORIENTED_EDGE('',*,*,#827,.F.);
#1090=ORIENTED_EDGE('',*,*,#842,.T.);
#1091=ORIENTED_EDGE('',*,*,#843,.T.);
#1092=ORIENTED_EDGE('',*,*,#838,.T.);
#1093=ORIENTED_EDGE('',*,*,#820,.F.);
#1094=ORIENTED_EDGE('',*,*,#844,.T.);
#1095=ORIENTED_EDGE('',*,*,#845,.F.);
#1096=ORIENTED_EDGE('',*,*,#842,.F.);
#1097=ORIENTED_EDGE('',*,*,#840,.F.);
#1098=ORIENTED_EDGE('',*,*,#846,.T.);
#1099=ORIENTED_EDGE('',*,*,#847,.T.);
#1100=ORIENTED_EDGE('',*,*,#848,.T.);
#1101=ORIENTED_EDGE('',*,*,#849,.T.);
#1102=ORIENTED_EDGE('',*,*,#850,.F.);
#1103=ORIENTED_EDGE('',*,*,#851,.F.);
#1104=ORIENTED_EDGE('',*,*,#852,.F.);
#1105=ORIENTED_EDGE('',*,*,#853,.T.);
#1106=ORIENTED_EDGE('',*,*,#854,.T.);
#1107=ORIENTED_EDGE('',*,*,#855,.T.);
#1108=ORIENTED_EDGE('',*,*,#856,.F.);
#1109=ORIENTED_EDGE('',*,*,#844,.F.);
#1110=ORIENTED_EDGE('',*,*,#819,.F.);
#1111=ORIENTED_EDGE('',*,*,#828,.T.);
#1112=ORIENTED_EDGE('',*,*,#857,.T.);
#1113=ORIENTED_EDGE('',*,*,#858,.T.);
#1114=ORIENTED_EDGE('',*,*,#859,.F.);
#1115=ORIENTED_EDGE('',*,*,#860,.T.);
#1116=ORIENTED_EDGE('',*,*,#861,.F.);
#1117=ORIENTED_EDGE('',*,*,#835,.T.);
#1118=ORIENTED_EDGE('',*,*,#862,.T.);
#1119=ORIENTED_EDGE('',*,*,#863,.T.);
#1120=ORIENTED_EDGE('',*,*,#864,.T.);
#1121=ORIENTED_EDGE('',*,*,#865,.T.);
#1122=ORIENTED_EDGE('',*,*,#866,.T.);
#1123=ORIENTED_EDGE('',*,*,#867,.T.);
#1124=ORIENTED_EDGE('',*,*,#864,.F.);
#1125=ORIENTED_EDGE('',*,*,#862,.F.);
#1126=ORIENTED_EDGE('',*,*,#868,.T.);
#1127=ORIENTED_EDGE('',*,*,#869,.T.);
#1128=ORIENTED_EDGE('',*,*,#870,.T.);
#1129=ORIENTED_EDGE('',*,*,#871,.T.);
#1130=ORIENTED_EDGE('',*,*,#872,.T.);
#1131=ORIENTED_EDGE('',*,*,#869,.F.);
#1132=ORIENTED_EDGE('',*,*,#866,.F.);
#1133=ORIENTED_EDGE('',*,*,#873,.T.);
#1134=ORIENTED_EDGE('',*,*,#874,.T.);
#1135=ORIENTED_EDGE('',*,*,#875,.T.);
#1136=ORIENTED_EDGE('',*,*,#876,.T.);
#1137=ORIENTED_EDGE('',*,*,#877,.T.);
#1138=ORIENTED_EDGE('',*,*,#878,.T.);
#1139=ORIENTED_EDGE('',*,*,#879,.T.);
#1140=ORIENTED_EDGE('',*,*,#880,.T.);
#1141=ORIENTED_EDGE('',*,*,#881,.T.);
#1142=ORIENTED_EDGE('',*,*,#874,.F.);
#1143=ORIENTED_EDGE('',*,*,#871,.F.);
#1144=ORIENTED_EDGE('',*,*,#882,.T.);
#1145=ORIENTED_EDGE('',*,*,#857,.F.);
#1146=ORIENTED_EDGE('',*,*,#880,.F.);
#1147=ORIENTED_EDGE('',*,*,#883,.T.);
#1148=ORIENTED_EDGE('',*,*,#858,.F.);
#1149=ORIENTED_EDGE('',*,*,#884,.F.);
#1150=ORIENTED_EDGE('',*,*,#885,.F.);
#1151=ORIENTED_EDGE('',*,*,#886,.T.);
#1152=ORIENTED_EDGE('',*,*,#887,.F.);
#1153=ORIENTED_EDGE('',*,*,#888,.F.);
#1154=ORIENTED_EDGE('',*,*,#889,.F.);
#1155=ORIENTED_EDGE('',*,*,#890,.T.);
#1156=ORIENTED_EDGE('',*,*,#891,.F.);
#1157=ORIENTED_EDGE('',*,*,#892,.F.);
#1158=ORIENTED_EDGE('',*,*,#883,.F.);
#1159=ORIENTED_EDGE('',*,*,#893,.T.);
#1160=ORIENTED_EDGE('',*,*,#894,.T.);
#1161=ORIENTED_EDGE('',*,*,#884,.T.);
#1162=ORIENTED_EDGE('',*,*,#877,.F.);
#1163=ORIENTED_EDGE('',*,*,#895,.F.);
#1164=ORIENTED_EDGE('',*,*,#896,.T.);
#1165=ORIENTED_EDGE('',*,*,#897,.T.);
#1166=ORIENTED_EDGE('',*,*,#879,.F.);
#1167=ORIENTED_EDGE('',*,*,#898,.T.);
#1168=ORIENTED_EDGE('',*,*,#899,.T.);
#1169=ORIENTED_EDGE('',*,*,#900,.F.);
#1170=ORIENTED_EDGE('',*,*,#901,.T.);
#1171=ORIENTED_EDGE('',*,*,#902,.F.);
#1172=ORIENTED_EDGE('',*,*,#903,.T.);
#1173=ORIENTED_EDGE('',*,*,#904,.T.);
#1174=ORIENTED_EDGE('',*,*,#875,.F.);
#1175=ORIENTED_EDGE('',*,*,#905,.F.);
#1176=ORIENTED_EDGE('',*,*,#906,.F.);
#1177=ORIENTED_EDGE('',*,*,#893,.F.);
#1178=ORIENTED_EDGE('',*,*,#863,.F.);
#1179=ORIENTED_EDGE('',*,*,#867,.F.);
#1180=ORIENTED_EDGE('',*,*,#872,.F.);
#1181=ORIENTED_EDGE('',*,*,#881,.F.);
#1182=ORIENTED_EDGE('',*,*,#907,.F.);
#1183=ORIENTED_EDGE('',*,*,#908,.F.);
#1184=ORIENTED_EDGE('',*,*,#909,.F.);
#1185=ORIENTED_EDGE('',*,*,#910,.F.);
#1186=ORIENTED_EDGE('',*,*,#868,.F.);
#1187=ORIENTED_EDGE('',*,*,#834,.T.);
#1188=ORIENTED_EDGE('',*,*,#911,.T.);
#1189=ORIENTED_EDGE('',*,*,#912,.T.);
#1190=ORIENTED_EDGE('',*,*,#882,.F.);
#1191=ORIENTED_EDGE('',*,*,#913,.T.);
#1192=ORIENTED_EDGE('',*,*,#914,.T.);
#1193=ORIENTED_EDGE('',*,*,#905,.T.);
#1194=ORIENTED_EDGE('',*,*,#873,.F.);
#1195=ORIENTED_EDGE('',*,*,#915,.T.);
#1196=ORIENTED_EDGE('',*,*,#916,.T.);
#1197=ORIENTED_EDGE('',*,*,#917,.T.);
#1198=ORIENTED_EDGE('',*,*,#870,.F.);
#1199=ORIENTED_EDGE('',*,*,#917,.F.);
#1200=ORIENTED_EDGE('',*,*,#918,.F.);
#1201=ORIENTED_EDGE('',*,*,#913,.F.);
#1202=ORIENTED_EDGE('',*,*,#865,.F.);
#1203=ORIENTED_EDGE('',*,*,#912,.F.);
#1204=ORIENTED_EDGE('',*,*,#919,.F.);
#1205=ORIENTED_EDGE('',*,*,#915,.F.);
#1206=ORIENTED_EDGE('',*,*,#860,.F.);
#1207=ORIENTED_EDGE('',*,*,#920,.T.);
#1208=ORIENTED_EDGE('',*,*,#921,.F.);
#1209=ORIENTED_EDGE('',*,*,#922,.F.);
#1210=ORIENTED_EDGE('',*,*,#923,.F.);
#1211=ORIENTED_EDGE('',*,*,#924,.T.);
#1212=ORIENTED_EDGE('',*,*,#925,.F.);
#1213=ORIENTED_EDGE('',*,*,#926,.F.);
#1214=ORIENTED_EDGE('',*,*,#923,.T.);
#1215=ORIENTED_EDGE('',*,*,#927,.F.);
#1216=ORIENTED_EDGE('',*,*,#928,.F.);
#1217=ORIENTED_EDGE('',*,*,#929,.T.);
#1218=ORIENTED_EDGE('',*,*,#928,.T.);
#1219=ORIENTED_EDGE('',*,*,#930,.F.);
#1220=ORIENTED_EDGE('',*,*,#931,.T.);
#1221=ORIENTED_EDGE('',*,*,#932,.F.);
#1222=ORIENTED_EDGE('',*,*,#933,.F.);
#1223=ORIENTED_EDGE('',*,*,#892,.T.);
#1224=ORIENTED_EDGE('',*,*,#934,.T.);
#1225=ORIENTED_EDGE('',*,*,#935,.T.);
#1226=ORIENTED_EDGE('',*,*,#936,.T.);
#1227=ORIENTED_EDGE('',*,*,#937,.T.);
#1228=ORIENTED_EDGE('',*,*,#938,.F.);
#1229=ORIENTED_EDGE('',*,*,#939,.F.);
#1230=ORIENTED_EDGE('',*,*,#940,.F.);
#1231=ORIENTED_EDGE('',*,*,#941,.T.);
#1232=ORIENTED_EDGE('',*,*,#935,.F.);
#1233=ORIENTED_EDGE('',*,*,#929,.F.);
#1234=ORIENTED_EDGE('',*,*,#937,.F.);
#1235=ORIENTED_EDGE('',*,*,#942,.T.);
#1236=ORIENTED_EDGE('',*,*,#943,.F.);
#1237=ORIENTED_EDGE('',*,*,#924,.F.);
#1238=ORIENTED_EDGE('',*,*,#944,.T.);
#1239=ORIENTED_EDGE('',*,*,#945,.F.);
#1240=ORIENTED_EDGE('',*,*,#946,.F.);
#1241=ORIENTED_EDGE('',*,*,#947,.T.);
#1242=ORIENTED_EDGE('',*,*,#948,.F.);
#1243=ORIENTED_EDGE('',*,*,#859,.T.);
#1244=ORIENTED_EDGE('',*,*,#933,.T.);
#1245=ORIENTED_EDGE('',*,*,#949,.F.);
#1246=ORIENTED_EDGE('',*,*,#878,.F.);
#1247=ORIENTED_EDGE('',*,*,#950,.T.);
#1248=ORIENTED_EDGE('',*,*,#951,.T.);
#1249=ORIENTED_EDGE('',*,*,#952,.T.);
#1250=ORIENTED_EDGE('',*,*,#876,.F.);
#1251=ORIENTED_EDGE('',*,*,#953,.F.);
#1252=ORIENTED_EDGE('',*,*,#945,.T.);
#1253=ORIENTED_EDGE('',*,*,#954,.T.);
#1254=ORIENTED_EDGE('',*,*,#955,.F.);
#1255=ORIENTED_EDGE('',*,*,#956,.T.);
#1256=ORIENTED_EDGE('',*,*,#957,.T.);
#1257=ORIENTED_EDGE('',*,*,#861,.T.);
#1258=ORIENTED_EDGE('',*,*,#958,.T.);
#1259=ORIENTED_EDGE('',*,*,#959,.T.);
#1260=ORIENTED_EDGE('',*,*,#960,.T.);
#1261=ORIENTED_EDGE('',*,*,#961,.F.);
#1262=ORIENTED_EDGE('',*,*,#962,.F.);
#1263=ORIENTED_EDGE('',*,*,#963,.F.);
#1264=ORIENTED_EDGE('',*,*,#964,.F.);
#1265=ORIENTED_EDGE('',*,*,#965,.F.);
#1266=ORIENTED_EDGE('',*,*,#966,.F.);
#1267=ORIENTED_EDGE('',*,*,#967,.T.);
#1268=ORIENTED_EDGE('',*,*,#968,.T.);
#1269=ORIENTED_EDGE('',*,*,#969,.T.);
#1270=ORIENTED_EDGE('',*,*,#970,.T.);
#1271=ORIENTED_EDGE('',*,*,#954,.F.);
#1272=ORIENTED_EDGE('',*,*,#944,.F.);
#1273=ORIENTED_EDGE('',*,*,#971,.F.);
#1274=ORIENTED_EDGE('',*,*,#972,.T.);
#1275=ORIENTED_EDGE('',*,*,#967,.F.);
#1276=ORIENTED_EDGE('',*,*,#973,.F.);
#1277=ORIENTED_EDGE('',*,*,#974,.F.);
#1278=ORIENTED_EDGE('',*,*,#975,.T.);
#1279=ORIENTED_EDGE('',*,*,#969,.F.);
#1280=ORIENTED_EDGE('',*,*,#976,.F.);
#1281=ORIENTED_EDGE('',*,*,#977,.T.);
#1282=ORIENTED_EDGE('',*,*,#976,.T.);
#1283=ORIENTED_EDGE('',*,*,#968,.F.);
#1284=ORIENTED_EDGE('',*,*,#972,.F.);
#1285=ORIENTED_EDGE('',*,*,#978,.T.);
#1286=ORIENTED_EDGE('',*,*,#955,.T.);
#1287=ORIENTED_EDGE('',*,*,#970,.F.);
#1288=ORIENTED_EDGE('',*,*,#975,.F.);
#1289=ORIENTED_EDGE('',*,*,#965,.T.);
#1290=ORIENTED_EDGE('',*,*,#948,.T.);
#1291=ORIENTED_EDGE('',*,*,#979,.F.);
#1292=ORIENTED_EDGE('',*,*,#980,.T.);
#1293=ORIENTED_EDGE('',*,*,#981,.F.);
#1294=ORIENTED_EDGE('',*,*,#849,.F.);
#1295=ORIENTED_EDGE('',*,*,#982,.T.);
#1296=ORIENTED_EDGE('',*,*,#983,.F.);
#1297=ORIENTED_EDGE('',*,*,#984,.F.);
#1298=ORIENTED_EDGE('',*,*,#985,.F.);
#1299=ORIENTED_EDGE('',*,*,#942,.F.);
#1300=ORIENTED_EDGE('',*,*,#936,.F.);
#1301=ORIENTED_EDGE('',*,*,#941,.F.);
#1302=ORIENTED_EDGE('',*,*,#848,.F.);
#1303=ORIENTED_EDGE('',*,*,#986,.F.);
#1304=ORIENTED_EDGE('',*,*,#987,.F.);
#1305=ORIENTED_EDGE('',*,*,#982,.F.);
#1306=ORIENTED_EDGE('',*,*,#847,.F.);
#1307=ORIENTED_EDGE('',*,*,#988,.F.);
#1308=ORIENTED_EDGE('',*,*,#989,.F.);
#1309=ORIENTED_EDGE('',*,*,#986,.T.);
#1310=ORIENTED_EDGE('',*,*,#984,.T.);
#1311=ORIENTED_EDGE('',*,*,#990,.T.);
#1312=ORIENTED_EDGE('',*,*,#991,.F.);
#1313=ORIENTED_EDGE('',*,*,#850,.T.);
#1314=ORIENTED_EDGE('',*,*,#938,.T.);
#1315=ORIENTED_EDGE('',*,*,#934,.F.);
#1316=ORIENTED_EDGE('',*,*,#891,.T.);
#1317=ORIENTED_EDGE('',*,*,#992,.T.);
#1318=ORIENTED_EDGE('',*,*,#993,.F.);
#1319=ORIENTED_EDGE('',*,*,#959,.F.);
#1320=ORIENTED_EDGE('',*,*,#994,.T.);
#1321=ORIENTED_EDGE('',*,*,#995,.F.);
#1322=ORIENTED_EDGE('',*,*,#995,.T.);
#1323=ORIENTED_EDGE('',*,*,#996,.T.);
#1324=ORIENTED_EDGE('',*,*,#921,.T.);
#1325=ORIENTED_EDGE('',*,*,#997,.T.);
#1326=ORIENTED_EDGE('',*,*,#994,.F.);
#1327=ORIENTED_EDGE('',*,*,#958,.F.);
#1328=ORIENTED_EDGE('',*,*,#922,.T.);
#1329=ORIENTED_EDGE('',*,*,#996,.F.);
#1330=ORIENTED_EDGE('',*,*,#920,.F.);
#1331=ORIENTED_EDGE('',*,*,#960,.F.);
#1332=ORIENTED_EDGE('',*,*,#993,.T.);
#1333=ORIENTED_EDGE('',*,*,#997,.F.);
#1334=ORIENTED_EDGE('',*,*,#952,.F.);
#1335=ORIENTED_EDGE('',*,*,#998,.F.);
#1336=ORIENTED_EDGE('',*,*,#999,.T.);
#1337=ORIENTED_EDGE('',*,*,#895,.T.);
#1338=ORIENTED_EDGE('',*,*,#1000,.F.);
#1339=ORIENTED_EDGE('',*,*,#896,.F.);
#1340=ORIENTED_EDGE('',*,*,#999,.F.);
#1341=ORIENTED_EDGE('',*,*,#1001,.F.);
#1342=ORIENTED_EDGE('',*,*,#950,.F.);
#1343=ORIENTED_EDGE('',*,*,#897,.F.);
#1344=ORIENTED_EDGE('',*,*,#1000,.T.);
#1345=ORIENTED_EDGE('',*,*,#1002,.T.);
#1346=ORIENTED_EDGE('',*,*,#951,.F.);
#1347=ORIENTED_EDGE('',*,*,#1002,.F.);
#1348=ORIENTED_EDGE('',*,*,#1001,.T.);
#1349=ORIENTED_EDGE('',*,*,#998,.T.);
#1350=ORIENTED_EDGE('',*,*,#1003,.F.);
#1351=ORIENTED_EDGE('',*,*,#903,.F.);
#1352=ORIENTED_EDGE('',*,*,#1004,.F.);
#1353=ORIENTED_EDGE('',*,*,#979,.T.);
#1354=ORIENTED_EDGE('',*,*,#947,.F.);
#1355=ORIENTED_EDGE('',*,*,#1004,.T.);
#1356=ORIENTED_EDGE('',*,*,#902,.T.);
#1357=ORIENTED_EDGE('',*,*,#1005,.T.);
#1358=ORIENTED_EDGE('',*,*,#1006,.T.);
#1359=ORIENTED_EDGE('',*,*,#980,.F.);
#1360=ORIENTED_EDGE('',*,*,#1005,.F.);
#1361=ORIENTED_EDGE('',*,*,#901,.F.);
#1362=ORIENTED_EDGE('',*,*,#1007,.F.);
#1363=ORIENTED_EDGE('',*,*,#1008,.T.);
#1364=ORIENTED_EDGE('',*,*,#966,.T.);
#1365=ORIENTED_EDGE('',*,*,#981,.T.);
#1366=ORIENTED_EDGE('',*,*,#1006,.F.);
#1367=ORIENTED_EDGE('',*,*,#1008,.F.);
#1368=ORIENTED_EDGE('',*,*,#1009,.T.);
#1369=ORIENTED_EDGE('',*,*,#925,.T.);
#1370=ORIENTED_EDGE('',*,*,#943,.T.);
#1371=ORIENTED_EDGE('',*,*,#985,.T.);
#1372=ORIENTED_EDGE('',*,*,#940,.T.);
#1373=ORIENTED_EDGE('',*,*,#1010,.T.);
#1374=ORIENTED_EDGE('',*,*,#889,.T.);
#1375=ORIENTED_EDGE('',*,*,#1011,.F.);
#1376=ORIENTED_EDGE('',*,*,#1012,.F.);
#1377=ORIENTED_EDGE('',*,*,#1013,.T.);
#1378=ORIENTED_EDGE('',*,*,#1014,.F.);
#1379=ORIENTED_EDGE('',*,*,#1015,.T.);
#1380=ORIENTED_EDGE('',*,*,#1016,.T.);
#1381=ORIENTED_EDGE('',*,*,#1017,.T.);
#1382=ORIENTED_EDGE('',*,*,#1018,.F.);
#1383=ORIENTED_EDGE('',*,*,#1019,.F.);
#1384=ORIENTED_EDGE('',*,*,#973,.T.);
#1385=ORIENTED_EDGE('',*,*,#1020,.F.);
#1386=ORIENTED_EDGE('',*,*,#1021,.F.);
#1387=ORIENTED_EDGE('',*,*,#1022,.T.);
#1388=ORIENTED_EDGE('',*,*,#853,.F.);
#1389=ORIENTED_EDGE('',*,*,#1017,.F.);
#1390=ORIENTED_EDGE('',*,*,#1023,.T.);
#1391=ORIENTED_EDGE('',*,*,#1024,.T.);
#1392=ORIENTED_EDGE('',*,*,#1025,.F.);
#1393=ORIENTED_EDGE('',*,*,#1026,.F.);
#1394=ORIENTED_EDGE('',*,*,#855,.F.);
#1395=ORIENTED_EDGE('',*,*,#1027,.T.);
#1396=ORIENTED_EDGE('',*,*,#1028,.T.);
#1397=ORIENTED_EDGE('',*,*,#854,.F.);
#1398=ORIENTED_EDGE('',*,*,#1022,.F.);
#1399=ORIENTED_EDGE('',*,*,#1029,.F.);
#1400=ORIENTED_EDGE('',*,*,#1027,.F.);
#1401=ORIENTED_EDGE('',*,*,#1016,.F.);
#1402=ORIENTED_EDGE('',*,*,#1030,.F.);
#1403=ORIENTED_EDGE('',*,*,#1031,.F.);
#1404=ORIENTED_EDGE('',*,*,#1023,.F.);
#1405=ORIENTED_EDGE('',*,*,#1032,.F.);
#1406=ORIENTED_EDGE('',*,*,#1024,.F.);
#1407=ORIENTED_EDGE('',*,*,#1031,.T.);
#1408=ORIENTED_EDGE('',*,*,#1033,.T.);
#1409=ORIENTED_EDGE('',*,*,#1015,.F.);
#1410=ORIENTED_EDGE('',*,*,#1034,.F.);
#1411=ORIENTED_EDGE('',*,*,#1033,.F.);
#1412=ORIENTED_EDGE('',*,*,#1030,.T.);
#1413=ORIENTED_EDGE('',*,*,#1035,.F.);
#1414=ORIENTED_EDGE('',*,*,#1028,.F.);
#1415=ORIENTED_EDGE('',*,*,#1029,.T.);
#1416=ORIENTED_EDGE('',*,*,#1021,.T.);
#1417=ORIENTED_EDGE('',*,*,#1036,.F.);
#1418=ORIENTED_EDGE('',*,*,#836,.T.);
#1419=ORIENTED_EDGE('',*,*,#957,.F.);
#1420=ORIENTED_EDGE('',*,*,#1037,.F.);
#1421=ORIENTED_EDGE('',*,*,#990,.F.);
#1422=ORIENTED_EDGE('',*,*,#983,.T.);
#1423=ORIENTED_EDGE('',*,*,#987,.T.);
#1424=ORIENTED_EDGE('',*,*,#989,.T.);
#1425=ORIENTED_EDGE('',*,*,#904,.F.);
#1426=ORIENTED_EDGE('',*,*,#1003,.T.);
#1427=ORIENTED_EDGE('',*,*,#946,.T.);
#1428=ORIENTED_EDGE('',*,*,#953,.T.);
#1429=ORIENTED_EDGE('',*,*,#898,.F.);
#1430=ORIENTED_EDGE('',*,*,#949,.T.);
#1431=ORIENTED_EDGE('',*,*,#932,.T.);
#1432=ORIENTED_EDGE('',*,*,#1038,.T.);
#1433=ORIENTED_EDGE('',*,*,#843,.F.);
#1434=ORIENTED_EDGE('',*,*,#845,.T.);
#1435=ORIENTED_EDGE('',*,*,#856,.T.);
#1436=ORIENTED_EDGE('',*,*,#1026,.T.);
#1437=ORIENTED_EDGE('',*,*,#1035,.T.);
#1438=ORIENTED_EDGE('',*,*,#1020,.T.);
#1439=ORIENTED_EDGE('',*,*,#852,.T.);
#1440=ORIENTED_EDGE('',*,*,#1039,.F.);
#1441=ORIENTED_EDGE('',*,*,#1018,.T.);
#1442=ORIENTED_EDGE('',*,*,#1025,.T.);
#1443=ORIENTED_EDGE('',*,*,#1032,.T.);
#1444=ORIENTED_EDGE('',*,*,#1034,.T.);
#1445=ORIENTED_EDGE('',*,*,#1014,.T.);
#1446=ORIENTED_EDGE('',*,*,#1040,.T.);
#1447=ORIENTED_EDGE('',*,*,#1041,.F.);
#1448=ORIENTED_EDGE('',*,*,#1042,.T.);
#1449=ORIENTED_EDGE('',*,*,#885,.T.);
#1450=ORIENTED_EDGE('',*,*,#894,.F.);
#1451=ORIENTED_EDGE('',*,*,#906,.T.);
#1452=ORIENTED_EDGE('',*,*,#914,.F.);
#1453=ORIENTED_EDGE('',*,*,#918,.T.);
#1454=ORIENTED_EDGE('',*,*,#916,.F.);
#1455=ORIENTED_EDGE('',*,*,#919,.T.);
#1456=ORIENTED_EDGE('',*,*,#911,.F.);
#1457=ORIENTED_EDGE('',*,*,#833,.T.);
#1458=ORIENTED_EDGE('',*,*,#839,.T.);
#1459=ORIENTED_EDGE('',*,*,#1043,.F.);
#1460=ORIENTED_EDGE('',*,*,#1044,.F.);
#1461=ORIENTED_EDGE('',*,*,#1040,.F.);
#1462=ORIENTED_EDGE('',*,*,#1013,.F.);
#1463=ORIENTED_EDGE('',*,*,#930,.T.);
#1464=ORIENTED_EDGE('',*,*,#927,.T.);
#1465=ORIENTED_EDGE('',*,*,#926,.T.);
#1466=ORIENTED_EDGE('',*,*,#1009,.F.);
#1467=ORIENTED_EDGE('',*,*,#1007,.T.);
#1468=ORIENTED_EDGE('',*,*,#900,.T.);
#1469=ORIENTED_EDGE('',*,*,#1045,.T.);
#1470=ORIENTED_EDGE('',*,*,#1046,.F.);
#1471=ORIENTED_EDGE('',*,*,#1047,.T.);
#1472=ORIENTED_EDGE('',*,*,#1041,.T.);
#1473=ORIENTED_EDGE('',*,*,#1044,.T.);
#1474=ORIENTED_EDGE('',*,*,#1048,.F.);
#1475=ORIENTED_EDGE('',*,*,#886,.F.);
#1476=ORIENTED_EDGE('',*,*,#1042,.F.);
#1477=ORIENTED_EDGE('',*,*,#1047,.F.);
#1478=ORIENTED_EDGE('',*,*,#931,.F.);
#1479=ORIENTED_EDGE('',*,*,#1045,.F.);
#1480=ORIENTED_EDGE('',*,*,#899,.F.);
#1481=ORIENTED_EDGE('',*,*,#1038,.F.);
#1482=ORIENTED_EDGE('',*,*,#974,.T.);
#1483=ORIENTED_EDGE('',*,*,#977,.F.);
#1484=ORIENTED_EDGE('',*,*,#971,.T.);
#1485=ORIENTED_EDGE('',*,*,#1019,.T.);
#1486=ORIENTED_EDGE('',*,*,#1039,.T.);
#1487=ORIENTED_EDGE('',*,*,#851,.T.);
#1488=ORIENTED_EDGE('',*,*,#991,.T.);
#1489=ORIENTED_EDGE('',*,*,#1037,.T.);
#1490=ORIENTED_EDGE('',*,*,#956,.F.);
#1491=ORIENTED_EDGE('',*,*,#978,.F.);
#1492=ORIENTED_EDGE('',*,*,#1049,.F.);
#1493=ORIENTED_EDGE('',*,*,#1050,.F.);
#1494=ORIENTED_EDGE('',*,*,#1011,.T.);
#1495=ORIENTED_EDGE('',*,*,#888,.T.);
#1496=ORIENTED_EDGE('',*,*,#1051,.F.);
#1497=ORIENTED_EDGE('',*,*,#1052,.F.);
#1498=ORIENTED_EDGE('',*,*,#1046,.T.);
#1499=ORIENTED_EDGE('',*,*,#1051,.T.);
#1500=ORIENTED_EDGE('',*,*,#1043,.T.);
#1501=ORIENTED_EDGE('',*,*,#1012,.T.);
#1502=ORIENTED_EDGE('',*,*,#1050,.T.);
#1503=ORIENTED_EDGE('',*,*,#887,.T.);
#1504=ORIENTED_EDGE('',*,*,#1048,.T.);
#1505=ORIENTED_EDGE('',*,*,#1052,.T.);
#1506=ORIENTED_EDGE('',*,*,#1049,.T.);
#1507=ORIENTED_EDGE('',*,*,#939,.T.);
#1508=ORIENTED_EDGE('',*,*,#992,.F.);
#1509=ORIENTED_EDGE('',*,*,#890,.F.);
#1510=ORIENTED_EDGE('',*,*,#1010,.F.);
#1511=ORIENTED_EDGE('',*,*,#841,.T.);
#1512=ORIENTED_EDGE('',*,*,#830,.T.);
#1513=ORIENTED_EDGE('',*,*,#837,.T.);
#1514=ORIENTED_EDGE('',*,*,#1036,.T.);
#1515=ORIENTED_EDGE('',*,*,#988,.T.);
#1516=ORIENTED_EDGE('',*,*,#846,.F.);
#1517=ORIENTED_EDGE('',*,*,#907,.T.);
#1518=ORIENTED_EDGE('',*,*,#1053,.T.);
#1519=ORIENTED_EDGE('',*,*,#961,.T.);
#1520=ORIENTED_EDGE('',*,*,#1054,.F.);
#1521=ORIENTED_EDGE('',*,*,#910,.T.);
#1522=ORIENTED_EDGE('',*,*,#1055,.T.);
#1523=ORIENTED_EDGE('',*,*,#962,.T.);
#1524=ORIENTED_EDGE('',*,*,#1053,.F.);
#1525=ORIENTED_EDGE('',*,*,#909,.T.);
#1526=ORIENTED_EDGE('',*,*,#1056,.T.);
#1527=ORIENTED_EDGE('',*,*,#963,.T.);
#1528=ORIENTED_EDGE('',*,*,#1055,.F.);
#1529=ORIENTED_EDGE('',*,*,#964,.T.);
#1530=ORIENTED_EDGE('',*,*,#1056,.F.);
#1531=ORIENTED_EDGE('',*,*,#908,.T.);
#1532=ORIENTED_EDGE('',*,*,#1054,.T.);
#1533=CYLINDRICAL_SURFACE('',#1663,1.5);
#1534=CYLINDRICAL_SURFACE('',#1666,1.5);
#1535=CYLINDRICAL_SURFACE('',#1677,1.5);
#1536=CYLINDRICAL_SURFACE('',#1681,1.5);
#1537=CYLINDRICAL_SURFACE('',#1684,1.5);
#1538=CYLINDRICAL_SURFACE('',#1689,1.5);
#1539=CYLINDRICAL_SURFACE('',#1694,1.5);
#1540=CYLINDRICAL_SURFACE('',#1704,1.5);
#1541=CYLINDRICAL_SURFACE('',#1711,1.5);
#1542=CYLINDRICAL_SURFACE('',#1713,1.5);
#1543=CYLINDRICAL_SURFACE('',#1715,1.5);
#1544=CYLINDRICAL_SURFACE('',#1720,2.99999999999999);
#1545=CYLINDRICAL_SURFACE('',#1737,3.);
#1546=CYLINDRICAL_SURFACE('',#1739,3.);
#1547=CYLINDRICAL_SURFACE('',#1741,3.);
#1548=CYLINDRICAL_SURFACE('',#1749,3.);
#1549=CYLINDRICAL_SURFACE('',#1764,14.5);
#1550=CYLINDRICAL_SURFACE('',#1777,3.);
#1551=CYLINDRICAL_SURFACE('',#1778,3.);
#1552=CYLINDRICAL_SURFACE('',#1784,1.49999999999999);
#1553=CYLINDRICAL_SURFACE('',#1793,1.5);
#1554=CYLINDRICAL_SURFACE('',#1794,1.5);
#1555=CYLINDRICAL_SURFACE('',#1795,2.99999999999999);
#1556=CYLINDRICAL_SURFACE('',#1796,3.);
#1557=CYLINDRICAL_SURFACE('',#1797,1.5);
#1558=CYLINDRICAL_SURFACE('',#1800,1.5);
#1559=CYLINDRICAL_SURFACE('',#1802,1.5);
#1560=CYLINDRICAL_SURFACE('',#1804,1.5);
#1561=ADVANCED_FACE('',(#85),#1533,.T.);
#1562=ADVANCED_FACE('',(#86),#1534,.T.);
#1563=ADVANCED_FACE('',(#87),#79,.T.);
#1564=ADVANCED_FACE('',(#88),#27,.F.);
#1565=ADVANCED_FACE('',(#89),#28,.T.);
#1566=ADVANCED_FACE('',(#90),#29,.F.);
#1567=ADVANCED_FACE('',(#91),#30,.F.);
#1568=ADVANCED_FACE('',(#92),#1535,.T.);
#1569=ADVANCED_FACE('',(#93),#31,.T.);
#1570=ADVANCED_FACE('',(#94),#32,.F.);
#1571=ADVANCED_FACE('',(#95),#1536,.T.);
#1572=ADVANCED_FACE('',(#96),#1537,.T.);
#1573=ADVANCED_FACE('',(#97),#80,.T.);
#1574=ADVANCED_FACE('',(#98),#1538,.T.);
#1575=ADVANCED_FACE('',(#99),#81,.T.);
#1576=ADVANCED_FACE('',(#100),#1539,.T.);
#1577=ADVANCED_FACE('',(#101),#82,.T.);
#1578=ADVANCED_FACE('',(#102),#83,.T.);
#1579=ADVANCED_FACE('',(#103),#33,.T.);
#1580=ADVANCED_FACE('',(#104),#1540,.T.);
#1581=ADVANCED_FACE('',(#105),#34,.T.);
#1582=ADVANCED_FACE('',(#106),#35,.T.);
#1583=ADVANCED_FACE('',(#107,#17),#36,.T.);
#1584=ADVANCED_FACE('',(#108),#1541,.T.);
#1585=ADVANCED_FACE('',(#109),#1542,.T.);
#1586=ADVANCED_FACE('',(#110),#1543,.T.);
#1587=ADVANCED_FACE('',(#111),#37,.T.);
#1588=ADVANCED_FACE('',(#112),#38,.T.);
#1589=ADVANCED_FACE('',(#113),#39,.T.);
#1590=ADVANCED_FACE('',(#114),#1544,.F.);
#1591=ADVANCED_FACE('',(#115),#40,.T.);
#1592=ADVANCED_FACE('',(#116),#41,.T.);
#1593=ADVANCED_FACE('',(#117),#42,.F.);
#1594=ADVANCED_FACE('',(#118),#43,.F.);
#1595=ADVANCED_FACE('',(#119),#44,.T.);
#1596=ADVANCED_FACE('',(#120,#18),#45,.T.);
#1597=ADVANCED_FACE('',(#121),#46,.F.);
#1598=ADVANCED_FACE('',(#122),#47,.T.);
#1599=ADVANCED_FACE('',(#123),#48,.T.);
#1600=ADVANCED_FACE('',(#124),#1545,.T.);
#1601=ADVANCED_FACE('',(#125),#1546,.T.);
#1602=ADVANCED_FACE('',(#126),#1547,.F.);
#1603=ADVANCED_FACE('',(#127),#49,.F.);
#1604=ADVANCED_FACE('',(#128),#50,.F.);
#1605=ADVANCED_FACE('',(#129),#51,.F.);
#1606=ADVANCED_FACE('',(#130),#52,.F.);
#1607=ADVANCED_FACE('',(#131),#1548,.F.);
#1608=ADVANCED_FACE('',(#132),#53,.T.);
#1609=ADVANCED_FACE('',(#133),#54,.T.);
#1610=ADVANCED_FACE('',(#134),#55,.T.);
#1611=ADVANCED_FACE('',(#135),#56,.T.);
#1612=ADVANCED_FACE('',(#136),#57,.T.);
#1613=ADVANCED_FACE('',(#137),#58,.T.);
#1614=ADVANCED_FACE('',(#138),#59,.F.);
#1615=ADVANCED_FACE('',(#139),#60,.T.);
#1616=ADVANCED_FACE('',(#140),#61,.T.);
#1617=ADVANCED_FACE('',(#141),#62,.F.);
#1618=ADVANCED_FACE('',(#142),#15,.F.);
#1619=ADVANCED_FACE('',(#143),#1549,.T.);
#1620=ADVANCED_FACE('',(#144),#63,.T.);
#1621=ADVANCED_FACE('',(#145),#64,.F.);
#1622=ADVANCED_FACE('',(#146),#65,.F.);
#1623=ADVANCED_FACE('',(#147),#66,.F.);
#1624=ADVANCED_FACE('',(#148),#67,.T.);
#1625=ADVANCED_FACE('',(#149),#68,.T.);
#1626=ADVANCED_FACE('',(#150),#69,.F.);
#1627=ADVANCED_FACE('',(#151),#70,.F.);
#1628=ADVANCED_FACE('',(#152),#71,.F.);
#1629=ADVANCED_FACE('',(#153),#72,.F.);
#1630=ADVANCED_FACE('',(#154),#1550,.F.);
#1631=ADVANCED_FACE('',(#155),#1551,.F.);
#1632=ADVANCED_FACE('',(#156),#73,.T.);
#1633=ADVANCED_FACE('',(#157),#74,.T.);
#1634=ADVANCED_FACE('',(#158),#16,.F.);
#1635=ADVANCED_FACE('',(#159),#1552,.T.);
#1636=ADVANCED_FACE('',(#160),#75,.F.);
#1637=ADVANCED_FACE('',(#161),#76,.F.);
#1638=ADVANCED_FACE('',(#162),#77,.T.);
#1639=ADVANCED_FACE('',(#163),#78,.F.);
#1640=ADVANCED_FACE('',(#164),#84,.T.);
#1641=ADVANCED_FACE('',(#165),#1553,.T.);
#1642=ADVANCED_FACE('',(#166),#1554,.T.);
#1643=ADVANCED_FACE('',(#167),#1555,.F.);
#1644=ADVANCED_FACE('',(#168),#1556,.F.);
#1645=ADVANCED_FACE('',(#169),#1557,.T.);
#1646=ADVANCED_FACE('',(#170),#1558,.T.);
#1647=ADVANCED_FACE('',(#171),#1559,.T.);
#1648=ADVANCED_FACE('',(#172),#1560,.T.);
#1649=CLOSED_SHELL('',(#1561,#1562,#1563,#1564,#1565,#1566,#1567,#1568,
#1569,#1570,#1571,#1572,#1573,#1574,#1575,#1576,#1577,#1578,#1579,#1580,
#1581,#1582,#1583,#1584,#1585,#1586,#1587,#1588,#1589,#1590,#1591,#1592,
#1593,#1594,#1595,#1596,#1597,#1598,#1599,#1600,#1601,#1602,#1603,#1604,
#1605,#1606,#1607,#1608,#1609,#1610,#1611,#1612,#1613,#1614,#1615,#1616,
#1617,#1618,#1619,#1620,#1621,#1622,#1623,#1624,#1625,#1626,#1627,#1628,
#1629,#1630,#1631,#1632,#1633,#1634,#1635,#1636,#1637,#1638,#1639,#1640,
#1641,#1642,#1643,#1644,#1645,#1646,#1647,#1648));
#1650=DERIVED_UNIT_ELEMENT(#1652,1.);
#1651=DERIVED_UNIT_ELEMENT(#2826,-3.);
#1652=(
MASS_UNIT()
NAMED_UNIT(*)
SI_UNIT(.KILO.,.GRAM.)
);
#1653=DERIVED_UNIT((#1650,#1651));
#1654=MEASURE_REPRESENTATION_ITEM('density measure',
POSITIVE_RATIO_MEASURE(7850.),#1653);
#1655=PROPERTY_DEFINITION_REPRESENTATION(#1660,#1657);
#1656=PROPERTY_DEFINITION_REPRESENTATION(#1661,#1658);
#1657=REPRESENTATION('material name',(#1659),#2823);
#1658=REPRESENTATION('density',(#1654),#2823);
#1659=DESCRIPTIVE_REPRESENTATION_ITEM('Steel','Steel');
#1660=PROPERTY_DEFINITION('material property','material name',#2833);
#1661=PROPERTY_DEFINITION('material property','density of part',#2833);
#1662=AXIS2_PLACEMENT_3D('',#2267,#1805,#1806);
#1663=AXIS2_PLACEMENT_3D('',#2268,#1807,#1808);
#1664=AXIS2_PLACEMENT_3D('',#2271,#1809,#1810);
#1665=AXIS2_PLACEMENT_3D('',#2275,#1812,#1813);
#1666=AXIS2_PLACEMENT_3D('',#2277,#1815,#1816);
#1667=AXIS2_PLACEMENT_3D('',#2280,#1817,#1818);
#1668=AXIS2_PLACEMENT_3D('',#2283,#1820,#1821);
#1669=AXIS2_PLACEMENT_3D('',#2285,#1823,#1824);
#1670=AXIS2_PLACEMENT_3D('',#2286,#1825,#1826);
#1671=AXIS2_PLACEMENT_3D('',#2287,#1827,#1828);
#1672=AXIS2_PLACEMENT_3D('',#2295,#1833,#1834);
#1673=AXIS2_PLACEMENT_3D('',#2306,#1840,#1841);
#1674=AXIS2_PLACEMENT_3D('',#2307,#1842,#1843);
#1675=AXIS2_PLACEMENT_3D('',#2311,#1846,#1847);
#1676=AXIS2_PLACEMENT_3D('',#2314,#1849,#1850);
#1677=AXIS2_PLACEMENT_3D('',#2315,#1851,#1852);
#1678=AXIS2_PLACEMENT_3D('',#2318,#1854,#1855);
#1679=AXIS2_PLACEMENT_3D('',#2319,#1856,#1857);
#1680=AXIS2_PLACEMENT_3D('',#2323,#1860,#1861);
#1681=AXIS2_PLACEMENT_3D('',#2345,#1873,#1874);
#1682=AXIS2_PLACEMENT_3D('',#2348,#1875,#1876);
#1683=AXIS2_PLACEMENT_3D('',#2357,#1881,#1882);
#1684=AXIS2_PLACEMENT_3D('',#2359,#1884,#1885);
#1685=AXIS2_PLACEMENT_3D('',#2361,#1886,#1887);
#1686=AXIS2_PLACEMENT_3D('',#2365,#1889,#1890);
#1687=AXIS2_PLACEMENT_3D('',#2367,#1892,#1893);
#1688=AXIS2_PLACEMENT_3D('',#2368,#1894,#1895);
#1689=AXIS2_PLACEMENT_3D('',#2369,#1896,#1897);
#1690=AXIS2_PLACEMENT_3D('',#2371,#1898,#1899);
#1691=AXIS2_PLACEMENT_3D('',#2375,#1901,#1902);
#1692=AXIS2_PLACEMENT_3D('',#2377,#1904,#1905);
#1693=AXIS2_PLACEMENT_3D('',#2378,#1906,#1907);
#1694=AXIS2_PLACEMENT_3D('',#2379,#1908,#1909);
#1695=AXIS2_PLACEMENT_3D('',#2381,#1910,#1911);
#1696=AXIS2_PLACEMENT_3D('',#2392,#1917,#1918);
#1697=AXIS2_PLACEMENT_3D('',#2394,#1920,#1921);
#1698=AXIS2_PLACEMENT_3D('',#2395,#1922,#1923);
#1699=AXIS2_PLACEMENT_3D('',#2396,#1924,#1925);
#1700=AXIS2_PLACEMENT_3D('',#2397,#1926,#1927);
#1701=AXIS2_PLACEMENT_3D('',#2398,#1928,#1929);
#1702=AXIS2_PLACEMENT_3D('',#2406,#1933,#1934);
#1703=AXIS2_PLACEMENT_3D('',#2412,#1937,#1938);
#1704=AXIS2_PLACEMENT_3D('',#2416,#1941,#1942);
#1705=AXIS2_PLACEMENT_3D('',#2419,#1944,#1945);
#1706=AXIS2_PLACEMENT_3D('',#2420,#1946,#1947);
#1707=AXIS2_PLACEMENT_3D('',#2426,#1951,#1952);
#1708=AXIS2_PLACEMENT_3D('',#2428,#1953,#1954);
#1709=AXIS2_PLACEMENT_3D('',#2457,#1958,#1959);
#1710=AXIS2_PLACEMENT_3D('',#2461,#1962,#1963);
#1711=AXIS2_PLACEMENT_3D('',#2470,#1968,#1969);
#1712=AXIS2_PLACEMENT_3D('',#2472,#1970,#1971);
#1713=AXIS2_PLACEMENT_3D('',#2474,#1973,#1974);
#1714=AXIS2_PLACEMENT_3D('',#2477,#1976,#1977);
#1715=AXIS2_PLACEMENT_3D('',#2478,#1978,#1979);
#1716=AXIS2_PLACEMENT_3D('',#2482,#1981,#1982);
#1717=AXIS2_PLACEMENT_3D('',#2484,#1984,#1985);
#1718=AXIS2_PLACEMENT_3D('',#2486,#1987,#1988);
#1719=AXIS2_PLACEMENT_3D('',#2488,#1990,#1991);
#1720=AXIS2_PLACEMENT_3D('',#2494,#1995,#1996);
#1721=AXIS2_PLACEMENT_3D('',#2499,#1998,#1999);
#1722=AXIS2_PLACEMENT_3D('',#2524,#2001,#2002);
#1723=AXIS2_PLACEMENT_3D('',#2533,#2005,#2006);
#1724=AXIS2_PLACEMENT_3D('',#2542,#2008,#2009);
#1725=AXIS2_PLACEMENT_3D('',#2551,#2015,#2016);
#1726=AXIS2_PLACEMENT_3D('',#2555,#2018,#2019);
#1727=AXIS2_PLACEMENT_3D('',#2559,#2022,#2023);
#1728=AXIS2_PLACEMENT_3D('',#2563,#2026,#2027);
#1729=AXIS2_PLACEMENT_3D('',#2570,#2030,#2031);
#1730=AXIS2_PLACEMENT_3D('',#2574,#2034,#2035);
#1731=AXIS2_PLACEMENT_3D('',#2602,#2052,#2053);
#1732=AXIS2_PLACEMENT_3D('',#2604,#2054,#2055);
#1733=AXIS2_PLACEMENT_3D('',#2610,#2058,#2059);
#1734=AXIS2_PLACEMENT_3D('',#2613,#2061,#2062);
#1735=AXIS2_PLACEMENT_3D('',#2614,#2063,#2064);
#1736=AXIS2_PLACEMENT_3D('',#2620,#2068,#2069);
#1737=AXIS2_PLACEMENT_3D('',#2626,#2073,#2074);
#1738=AXIS2_PLACEMENT_3D('',#2627,#2075,#2076);
#1739=AXIS2_PLACEMENT_3D('',#2628,#2077,#2078);
#1740=AXIS2_PLACEMENT_3D('',#2629,#2079,#2080);
#1741=AXIS2_PLACEMENT_3D('',#2630,#2081,#2082);
#1742=AXIS2_PLACEMENT_3D('',#2632,#2083,#2084);
#1743=AXIS2_PLACEMENT_3D('',#2659,#2086,#2087);
#1744=AXIS2_PLACEMENT_3D('',#2664,#2090,#2091);
#1745=AXIS2_PLACEMENT_3D('',#2665,#2092,#2093);
#1746=AXIS2_PLACEMENT_3D('',#2667,#2095,#2096);
#1747=AXIS2_PLACEMENT_3D('',#2671,#2099,#2100);
#1748=AXIS2_PLACEMENT_3D('',#2673,#2101,#2102);
#1749=AXIS2_PLACEMENT_3D('',#2675,#2104,#2105);
#1750=AXIS2_PLACEMENT_3D('',#2678,#2107,#2108);
#1751=AXIS2_PLACEMENT_3D('',#2679,#2109,#2110);
#1752=AXIS2_PLACEMENT_3D('',#2681,#2112,#2113);
#1753=AXIS2_PLACEMENT_3D('',#2687,#2117,#2118);
#1754=AXIS2_PLACEMENT_3D('',#2690,#2121,#2122);
#1755=AXIS2_PLACEMENT_3D('',#2691,#2123,#2124);
#1756=AXIS2_PLACEMENT_3D('',#2692,#2125,#2126);
#1757=AXIS2_PLACEMENT_3D('',#2696,#2129,#2130);
#1758=AXIS2_PLACEMENT_3D('',#2700,#2133,#2134);
#1759=AXIS2_PLACEMENT_3D('',#2702,#2136,#2137);
#1760=AXIS2_PLACEMENT_3D('',#2703,#2138,#2139);
#1761=AXIS2_PLACEMENT_3D('',#2705,#2141,#2142);
#1762=AXIS2_PLACEMENT_3D('',#2706,#2143,#2144);
#1763=AXIS2_PLACEMENT_3D('',#2708,#2145,#2146);
#1764=AXIS2_PLACEMENT_3D('',#2716,#2147,#2148);
#1765=AXIS2_PLACEMENT_3D('',#2718,#2149,#2150);
#1766=AXIS2_PLACEMENT_3D('',#2720,#2152,#2153);
#1767=AXIS2_PLACEMENT_3D('',#2729,#2156,#2157);
#1768=AXIS2_PLACEMENT_3D('',#2743,#2165,#2166);
#1769=AXIS2_PLACEMENT_3D('',#2749,#2170,#2171);
#1770=AXIS2_PLACEMENT_3D('',#2755,#2175,#2176);
#1771=AXIS2_PLACEMENT_3D('',#2761,#2180,#2181);
#1772=AXIS2_PLACEMENT_3D('',#2763,#2183,#2184);
#1773=AXIS2_PLACEMENT_3D('',#2767,#2187,#2188);
#1774=AXIS2_PLACEMENT_3D('',#2771,#2191,#2192);
#1775=AXIS2_PLACEMENT_3D('',#2773,#2194,#2195);
#1776=AXIS2_PLACEMENT_3D('',#2775,#2197,#2198);
#1777=AXIS2_PLACEMENT_3D('',#2778,#2201,#2202);
#1778=AXIS2_PLACEMENT_3D('',#2779,#2203,#2204);
#1779=AXIS2_PLACEMENT_3D('',#2781,#2206,#2207);
#1780=AXIS2_PLACEMENT_3D('',#2786,#2210,#2211);
#1781=AXIS2_PLACEMENT_3D('',#2788,#2213,#2214);
#1782=AXIS2_PLACEMENT_3D('',#2792,#2217,#2218);
#1783=AXIS2_PLACEMENT_3D('',#2793,#2219,#2220);
#1784=AXIS2_PLACEMENT_3D('',#2794,#2221,#2222);
#1785=AXIS2_PLACEMENT_3D('',#2796,#2223,#2224);
#1786=AXIS2_PLACEMENT_3D('',#2798,#2226,#2227);
#1787=AXIS2_PLACEMENT_3D('',#2800,#2229,#2230);
#1788=AXIS2_PLACEMENT_3D('',#2801,#2231,#2232);
#1789=AXIS2_PLACEMENT_3D('',#2802,#2233,#2234);
#1790=AXIS2_PLACEMENT_3D('',#2806,#2237,#2238);
#1791=AXIS2_PLACEMENT_3D('',#2807,#2239,#2240);
#1792=AXIS2_PLACEMENT_3D('',#2808,#2241,#2242);
#1793=AXIS2_PLACEMENT_3D('',#2809,#2243,#2244);
#1794=AXIS2_PLACEMENT_3D('',#2810,#2245,#2246);
#1795=AXIS2_PLACEMENT_3D('',#2811,#2247,#2248);
#1796=AXIS2_PLACEMENT_3D('',#2812,#2249,#2250);
#1797=AXIS2_PLACEMENT_3D('',#2813,#2251,#2252);
#1798=AXIS2_PLACEMENT_3D('',#2814,#2253,#2254);
#1799=AXIS2_PLACEMENT_3D('',#2815,#2255,#2256);
#1800=AXIS2_PLACEMENT_3D('',#2816,#2257,#2258);
#1801=AXIS2_PLACEMENT_3D('',#2817,#2259,#2260);
#1802=AXIS2_PLACEMENT_3D('',#2818,#2261,#2262);
#1803=AXIS2_PLACEMENT_3D('',#2819,#2263,#2264);
#1804=AXIS2_PLACEMENT_3D('',#2820,#2265,#2266);
#1805=DIRECTION('axis',(0.,0.,1.));
#1806=DIRECTION('refdir',(1.,0.,0.));
#1807=DIRECTION('center_axis',(1.,-3.51421366849547E-23,-6.32364039256887E-45));
#1808=DIRECTION('ref_axis',(0.,0.707106781186547,-0.707106781186548));
#1809=DIRECTION('center_axis',(-0.642787609686539,-1.3784561896272E-22,
0.766044443118978));
#1810=DIRECTION('ref_axis',(-0.766044443118978,1.78409401054441E-16,-0.642787609686539));
#1811=DIRECTION('',(1.,-3.51421366849547E-23,-6.32364039256887E-45));
#1812=DIRECTION('center_axis',(-1.,0.,0.));
#1813=DIRECTION('ref_axis',(0.,1.,0.));
#1814=DIRECTION('',(-1.,3.51421366849547E-23,6.32364039256887E-45));
#1815=DIRECTION('center_axis',(-1.62080416161974E-39,-1.,-1.79944675796455E-22));
#1816=DIRECTION('ref_axis',(0.707106781186546,0.,-0.707106781186549));
#1817=DIRECTION('center_axis',(0.,1.,0.));
#1818=DIRECTION('ref_axis',(0.707106781186546,0.,-0.707106781186549));
#1819=DIRECTION('',(1.62080416161974E-39,1.,1.79944675796455E-22));
#1820=DIRECTION('center_axis',(2.96059473233375E-15,-1.,0.));
#1821=DIRECTION('ref_axis',(0.,0.,-1.));
#1822=DIRECTION('',(-1.62080416161974E-39,-1.,-1.79944675796455E-22));
#1823=DIRECTION('center_axis',(-0.816496580927728,0.408248290463863,-0.40824829046386));
#1824=DIRECTION('ref_axis',(0.577350269189623,0.577350269189629,-0.577350269189625));
#1825=DIRECTION('center_axis',(2.38338291210399E-55,-8.37571680697438E-78,
-1.));
#1826=DIRECTION('ref_axis',(0.707106781186545,0.70710678118655,0.));
#1827=DIRECTION('center_axis',(4.28546874609713E-67,-1.79944675796455E-22,
1.));
#1828=DIRECTION('ref_axis',(-1.,0.,4.28546874609713E-67));
#1829=DIRECTION('',(0.,1.,1.79944675796455E-22));
#1830=DIRECTION('',(-1.,0.,0.));
#1831=DIRECTION('',(0.,-1.,-1.79944675796455E-22));
#1832=DIRECTION('',(1.,-3.51421366849547E-23,-6.32364039256887E-45));
#1833=DIRECTION('center_axis',(0.,-1.,0.));
#1834=DIRECTION('ref_axis',(-1.,0.,4.28546874609713E-67));
#1835=DIRECTION('',(-2.38338291210399E-55,0.,1.));
#1836=DIRECTION('',(1.,0.,1.32348898008484E-23));
#1837=DIRECTION('',(0.,0.,1.));
#1838=DIRECTION('',(-1.,0.,0.));
#1839=DIRECTION('',(0.,0.,-1.));
#1840=DIRECTION('center_axis',(0.,-1.,0.));
#1841=DIRECTION('ref_axis',(-0.707106781186547,0.,0.707106781186548));
#1842=DIRECTION('center_axis',(-1.,1.62080416161974E-39,-2.38338291210399E-55));
#1843=DIRECTION('ref_axis',(1.62080416161974E-39,1.,-1.2246449997006E-16));
#1844=DIRECTION('',(2.38338291210399E-55,-8.37571680697438E-78,-1.));
#1845=DIRECTION('',(1.62080416161974E-39,1.,-1.2246449997006E-16));
#1846=DIRECTION('center_axis',(3.51421366849547E-23,1.,0.));
#1847=DIRECTION('ref_axis',(-1.,3.51421366849547E-23,6.32364039256887E-45));
#1848=DIRECTION('',(0.766044443118978,-2.69204385268371E-23,0.642787609686539));
#1849=DIRECTION('center_axis',(3.51421366849547E-23,1.,0.));
#1850=DIRECTION('ref_axis',(-0.707106781186547,0.,0.707106781186548));
#1851=DIRECTION('center_axis',(2.38338291210399E-55,-8.37571680697438E-78,
-1.));
#1852=DIRECTION('ref_axis',(0.707106781186545,0.70710678118655,0.));
#1853=DIRECTION('',(-2.38338291210399E-55,8.37571680697438E-78,1.));
#1854=DIRECTION('center_axis',(1.32348898008484E-23,-1.2246449997006E-16,
-1.));
#1855=DIRECTION('ref_axis',(0.707106781186545,0.70710678118655,0.));
#1856=DIRECTION('center_axis',(3.51421366849547E-23,1.,0.));
#1857=DIRECTION('ref_axis',(-1.,3.51421366849547E-23,6.32364039256887E-45));
#1858=DIRECTION('',(0.766044443118978,-2.69204385268371E-23,0.642787609686539));
#1859=DIRECTION('',(-1.,3.51421366849547E-23,-1.32348898008484E-23));
#1860=DIRECTION('center_axis',(-0.642787609686539,-1.3784561896272E-22,
0.766044443118978));
#1861=DIRECTION('ref_axis',(0.766044443118978,6.42784677654323E-23,0.642787609686539));
#1862=DIRECTION('',(-2.38154795474174E-45,1.,1.79944675796455E-22));
#1863=DIRECTION('',(0.766044443118978,0.,0.642787609686539));
#1864=DIRECTION('',(2.14449713848625E-22,-1.,0.));
#1865=DIRECTION('',(-0.766044443118978,0.,-0.642787609686539));
#1866=DIRECTION('',(-2.38154795474174E-45,1.,1.79944675796455E-22));
#1867=DIRECTION('',(-0.766044443118978,0.,-0.642787609686539));
#1868=DIRECTION('',(1.45947722254286E-16,-1.,1.2246449997006E-16));
#1869=DIRECTION('',(-0.766044443118978,0.,-0.642787609686539));
#1870=DIRECTION('',(2.14449713848625E-22,-1.,0.));
#1871=DIRECTION('',(0.766044443118978,0.,0.642787609686539));
#1872=DIRECTION('',(1.45947722254286E-16,-1.,1.2246449997006E-16));
#1873=DIRECTION('center_axis',(-1.,0.,0.));
#1874=DIRECTION('ref_axis',(0.,-0.707106781186547,-0.707106781186548));
#1875=DIRECTION('center_axis',(-1.,0.,0.));
#1876=DIRECTION('ref_axis',(0.,0.,-1.));
#1877=DIRECTION('',(-1.,0.,0.));
#1878=DIRECTION('',(1.,0.,0.));
#1879=DIRECTION('',(-1.,0.,0.));
#1880=DIRECTION('',(1.,0.,0.));
#1881=DIRECTION('center_axis',(1.,0.,0.));
#1882=DIRECTION('ref_axis',(0.,-1.,0.));
#1883=DIRECTION('',(1.,0.,0.));
#1884=DIRECTION('center_axis',(7.71147284152287E-89,1.,0.));
#1885=DIRECTION('ref_axis',(-0.707106781186548,0.,-0.707106781186547));
#1886=DIRECTION('center_axis',(-2.96059473233375E-15,1.,0.));
#1887=DIRECTION('ref_axis',(0.,0.,-1.));
#1888=DIRECTION('',(7.71147284152287E-89,1.,0.));
#1889=DIRECTION('center_axis',(0.,-1.,0.));
#1890=DIRECTION('ref_axis',(-1.,0.,0.));
#1891=DIRECTION('',(-7.71147284152287E-89,-1.,0.));
#1892=DIRECTION('center_axis',(-0.816496580927726,0.408248290463864,0.408248290463862));
#1893=DIRECTION('ref_axis',(-0.577350269189626,-0.577350269189627,-0.577350269189625));
#1894=DIRECTION('center_axis',(0.,0.,-1.));
#1895=DIRECTION('ref_axis',(-0.707106781186547,-0.707106781186547,0.));
#1896=DIRECTION('center_axis',(1.,0.,0.));
#1897=DIRECTION('ref_axis',(0.,0.707106781186544,-0.707106781186551));
#1898=DIRECTION('center_axis',(1.,-7.40148683083445E-16,0.));
#1899=DIRECTION('ref_axis',(0.,0.,-1.));
#1900=DIRECTION('',(1.,0.,0.));
#1901=DIRECTION('center_axis',(-1.,0.,0.));
#1902=DIRECTION('ref_axis',(0.,1.,0.));
#1903=DIRECTION('',(-1.,0.,0.));
#1904=DIRECTION('center_axis',(-0.408248290463858,-0.816496580927732,-0.408248290463857));
#1905=DIRECTION('ref_axis',(-0.577350269189631,0.577350269189616,-0.577350269189631));
#1906=DIRECTION('center_axis',(0.,0.,-1.));
#1907=DIRECTION('ref_axis',(-0.707106781186556,0.707106781186539,0.));
#1908=DIRECTION('center_axis',(-7.71147284152287E-89,-1.,0.));
#1909=DIRECTION('ref_axis',(0.707106781186544,0.,-0.707106781186551));
#1910=DIRECTION('center_axis',(0.,-1.,0.));
#1911=DIRECTION('ref_axis',(0.,0.,-1.));
#1912=DIRECTION('',(-7.71147284152287E-89,-1.,0.));
#1913=DIRECTION('',(-7.71147284152287E-89,-1.,0.));
#1914=DIRECTION('',(-7.71147284152287E-89,-1.,0.));
#1915=DIRECTION('',(-7.71147284152287E-89,-1.,0.));
#1916=DIRECTION('',(-7.71147284152287E-89,-1.,0.));
#1917=DIRECTION('center_axis',(5.92118946466749E-15,1.,0.));
#1918=DIRECTION('ref_axis',(1.,-5.92118946466749E-15,0.));
#1919=DIRECTION('',(7.71147284152287E-89,1.,0.));
#1920=DIRECTION('center_axis',(-0.408248290463869,-0.408248290463859,-0.816496580927725));
#1921=DIRECTION('ref_axis',(0.577350269189634,0.577350269189615,-0.577350269189629));
#1922=DIRECTION('center_axis',(0.,0.,-1.));
#1923=DIRECTION('ref_axis',(0.707106781186542,0.707106781186553,0.));
#1924=DIRECTION('center_axis',(-0.40824829046386,0.408248290463863,-0.816496580927728));
#1925=DIRECTION('ref_axis',(0.577350269189624,-0.577350269189627,-0.577350269189627));
#1926=DIRECTION('center_axis',(0.,0.,-1.));
#1927=DIRECTION('ref_axis',(0.707106781186545,-0.70710678118655,0.));
#1928=DIRECTION('center_axis',(0.,-1.,0.));
#1929=DIRECTION('ref_axis',(-1.,0.,4.28546874609713E-67));
#1930=DIRECTION('',(0.,0.,-1.));
#1931=DIRECTION('',(1.,0.,1.32348898008484E-23));
#1932=DIRECTION('',(2.383382912104E-55,0.,-1.));
#1933=DIRECTION('center_axis',(0.,1.,0.));
#1934=DIRECTION('ref_axis',(-0.707106781186549,0.,-0.707106781186546));
#1935=DIRECTION('',(-1.,0.,4.28546874609713E-67));
#1936=DIRECTION('',(-0.766044443118978,0.,0.642787609686539));
#1937=DIRECTION('center_axis',(0.,1.,0.));
#1938=DIRECTION('ref_axis',(-1.,0.,0.));
#1939=DIRECTION('',(-0.766044443118978,0.,0.642787609686539));
#1940=DIRECTION('',(0.,0.,1.));
#1941=DIRECTION('center_axis',(0.,0.,-1.));
#1942=DIRECTION('ref_axis',(0.707106781186543,-0.707106781186552,0.));
#1943=DIRECTION('',(0.,0.,1.));
#1944=DIRECTION('center_axis',(1.32348898008484E-23,-1.2246449997006E-16,
-1.));
#1945=DIRECTION('ref_axis',(0.707106781186543,-0.707106781186552,0.));
#1946=DIRECTION('center_axis',(1.,-7.71147284152287E-89,0.));
#1947=DIRECTION('ref_axis',(-7.71147284152287E-89,-1.,-1.79944675796455E-22));
#1948=DIRECTION('',(0.,0.,-1.));
#1949=DIRECTION('',(-7.71147284152287E-89,-1.,0.));
#1950=DIRECTION('',(0.,0.,-1.));
#1951=DIRECTION('center_axis',(1.,-7.71147284152287E-89,0.));
#1952=DIRECTION('ref_axis',(-7.71147284152287E-89,-1.,-1.79944675796455E-22));
#1953=DIRECTION('center_axis',(1.,-7.71147284152287E-89,0.));
#1954=DIRECTION('ref_axis',(0.,-0.707106781186548,-0.707106781186547));
#1955=DIRECTION('',(0.,0.,1.));
#1956=DIRECTION('',(8.86054559188084E-23,1.,1.05595870414688E-22));
#1957=DIRECTION('',(0.,0.,-1.));
#1958=DIRECTION('center_axis',(1.,-7.71147284152287E-89,0.));
#1959=DIRECTION('ref_axis',(0.,0.707106781186548,-0.707106781186547));
#1960=DIRECTION('',(0.,0.,-1.));
#1961=DIRECTION('',(7.71147284152287E-89,1.,-1.2246449997006E-16));
#1962=DIRECTION('center_axis',(0.,0.,-1.));
#1963=DIRECTION('ref_axis',(-1.,0.,0.));
#1964=DIRECTION('',(7.71147284152287E-89,1.,0.));
#1965=DIRECTION('',(-1.,0.,0.));
#1966=DIRECTION('',(-7.71147284152287E-89,-1.,0.));
#1967=DIRECTION('',(1.,0.,0.));
#1968=DIRECTION('center_axis',(0.,0.,1.));
#1969=DIRECTION('ref_axis',(-0.707106781186548,-0.707106781186548,0.));
#1970=DIRECTION('center_axis',(1.32348898008484E-23,-1.2246449997006E-16,
-1.));
#1971=DIRECTION('ref_axis',(-0.707106781186548,-0.707106781186548,0.));
#1972=DIRECTION('',(0.,0.,-1.));
#1973=DIRECTION('center_axis',(0.,0.,1.));
#1974=DIRECTION('ref_axis',(0.707106781186548,0.707106781186548,0.));
#1975=DIRECTION('',(0.,0.,1.));
#1976=DIRECTION('center_axis',(1.32348898008484E-23,-1.2246449997006E-16,
-1.));
#1977=DIRECTION('ref_axis',(0.707106781186548,0.707106781186548,0.));
#1978=DIRECTION('center_axis',(0.,0.,1.));
#1979=DIRECTION('ref_axis',(-0.707106781186551,0.707106781186544,0.));
#1980=DIRECTION('',(0.,0.,1.));
#1981=DIRECTION('center_axis',(1.32348898008484E-23,-1.2246449997006E-16,
-1.));
#1982=DIRECTION('ref_axis',(-0.707106781186551,0.707106781186544,0.));
#1983=DIRECTION('',(0.,0.,-1.));
#1984=DIRECTION('center_axis',(0.,1.,0.));
#1985=DIRECTION('ref_axis',(1.,0.,-4.28546874609713E-67));
#1986=DIRECTION('',(-1.,0.,-1.32348898008484E-23));
#1987=DIRECTION('center_axis',(-1.,7.71147284152287E-89,0.));
#1988=DIRECTION('ref_axis',(7.71147284152287E-89,1.,1.79944675796455E-22));
#1989=DIRECTION('',(-7.71147284152287E-89,-1.,1.2246449997006E-16));
#1990=DIRECTION('center_axis',(0.,-1.,0.));
#1991=DIRECTION('ref_axis',(-1.,0.,4.28546874609713E-67));
#1992=DIRECTION('',(0.,0.,1.));
#1993=DIRECTION('',(1.,0.,-4.28546874609713E-67));
#1994=DIRECTION('',(0.,0.,1.));
#1995=DIRECTION('center_axis',(0.,-1.,0.));
#1996=DIRECTION('ref_axis',(-1.,0.,0.));
#1997=DIRECTION('',(0.,1.,0.));
#1998=DIRECTION('center_axis',(0.,-1.,0.));
#1999=DIRECTION('ref_axis',(-1.,0.,0.));
#2000=DIRECTION('',(0.,-1.,0.));
#2001=DIRECTION('center_axis',(-0.642787609686539,1.3784561896272E-22,-0.766044443118978));
#2002=DIRECTION('ref_axis',(-0.766044443118978,6.42784677654324E-23,0.642787609686539));
#2003=DIRECTION('',(-7.71147284152287E-89,-1.,-1.79944675796455E-22));
#2004=DIRECTION('',(-0.766044443118978,0.,0.642787609686539));
#2005=DIRECTION('center_axis',(-1.,7.71147284152287E-89,0.));
#2006=DIRECTION('ref_axis',(0.,0.,1.));
#2007=DIRECTION('',(0.,0.,-1.));
#2008=DIRECTION('center_axis',(-1.,7.71147284152287E-89,0.));
#2009=DIRECTION('ref_axis',(0.,-0.707106781186548,-0.707106781186547));
#2010=DIRECTION('',(7.71147284152287E-89,1.,0.));
#2011=DIRECTION('',(-7.71147284152287E-89,-1.,-1.79944675796455E-22));
#2012=DIRECTION('',(0.,0.,1.));
#2013=DIRECTION('',(7.71147284152287E-89,1.,0.));
#2014=DIRECTION('',(0.,0.,-1.));
#2015=DIRECTION('center_axis',(0.,-1.,0.));
#2016=DIRECTION('ref_axis',(1.,0.,1.32348898008484E-23));
#2017=DIRECTION('',(0.766044443118978,0.,-0.642787609686539));
#2018=DIRECTION('center_axis',(0.,1.,0.));
#2019=DIRECTION('ref_axis',(-1.,0.,0.));
#2020=DIRECTION('',(0.766044443118978,0.,-0.642787609686539));
#2021=DIRECTION('',(1.,0.,1.32348898008484E-23));
#2022=DIRECTION('center_axis',(0.,1.,0.));
#2023=DIRECTION('ref_axis',(-1.,0.,-1.32348898008484E-23));
#2024=DIRECTION('',(-1.,0.,-1.32348898008484E-23));
#2025=DIRECTION('',(-0.766044443118978,0.,0.642787609686539));
#2026=DIRECTION('center_axis',(-1.,7.71147284152287E-89,0.));
#2027=DIRECTION('ref_axis',(0.,0.,1.));
#2028=DIRECTION('',(0.,0.,-1.));
#2029=DIRECTION('',(7.71147284152287E-89,1.,0.));
#2030=DIRECTION('center_axis',(-1.,7.71147284152287E-89,0.));
#2031=DIRECTION('ref_axis',(0.,0.707106781186548,-0.707106781186547));
#2032=DIRECTION('',(0.,0.,1.));
#2033=DIRECTION('',(-7.71147284152287E-89,-1.,-1.79944675796455E-22));
#2034=DIRECTION('center_axis',(0.,0.,1.));
#2035=DIRECTION('ref_axis',(1.,0.,0.));
#2036=DIRECTION('',(-1.,0.,0.));
#2037=DIRECTION('',(-1.,0.,0.));
#2038=DIRECTION('',(0.,1.,0.));
#2039=DIRECTION('',(1.,0.,0.));
#2040=DIRECTION('',(1.,0.,0.));
#2041=DIRECTION('',(-1.,0.,0.));
#2042=DIRECTION('',(0.,-1.,0.));
#2043=DIRECTION('',(-1.,0.,0.));
#2044=DIRECTION('',(2.38154795474174E-45,-1.,0.));
#2045=DIRECTION('',(7.71147284152287E-89,1.,0.));
#2046=DIRECTION('',(1.,0.,0.));
#2047=DIRECTION('',(-7.71147284152287E-89,-1.,0.));
#2048=DIRECTION('',(-7.71147284152287E-89,-1.,-1.79944675796455E-22));
#2049=DIRECTION('',(-1.,0.,4.28546874609713E-67));
#2050=DIRECTION('',(7.71147284152287E-89,1.,1.79944675796455E-22));
#2051=DIRECTION('',(1.,0.,-4.28546874609713E-67));
#2052=DIRECTION('center_axis',(0.,1.,0.));
#2053=DIRECTION('ref_axis',(-1.,0.,0.));
#2054=DIRECTION('center_axis',(0.,1.,0.));
#2055=DIRECTION('ref_axis',(0.707106781186548,0.,0.707106781186547));
#2056=DIRECTION('',(0.766044443118978,0.,-0.642787609686539));
#2057=DIRECTION('',(-1.,0.,4.28546874609713E-67));
#2058=DIRECTION('center_axis',(0.,-1.,0.));
#2059=DIRECTION('ref_axis',(-0.707106781186548,0.,0.707106781186547));
#2060=DIRECTION('',(0.,0.,-1.));
#2061=DIRECTION('center_axis',(0.,-1.,0.));
#2062=DIRECTION('ref_axis',(-0.707106781186548,0.,-0.707106781186547));
#2063=DIRECTION('center_axis',(4.28546874609713E-67,0.,1.));
#2064=DIRECTION('ref_axis',(-1.,0.,4.28546874609713E-67));
#2065=DIRECTION('',(1.,0.,0.));
#2066=DIRECTION('',(0.,-1.,0.));
#2067=DIRECTION('',(-2.14449713848625E-22,-1.,9.19017546307757E-89));
#2068=DIRECTION('center_axis',(-1.,0.,0.));
#2069=DIRECTION('ref_axis',(0.,0.,-1.));
#2070=DIRECTION('',(0.,0.,1.));
#2071=DIRECTION('',(0.,-1.,0.));
#2072=DIRECTION('',(0.,-1.,0.));
#2073=DIRECTION('center_axis',(0.,-1.,0.));
#2074=DIRECTION('ref_axis',(-0.707106781186548,0.,0.707106781186547));
#2075=DIRECTION('center_axis',(0.,-1.,0.));
#2076=DIRECTION('ref_axis',(-0.707106781186548,0.,0.707106781186547));
#2077=DIRECTION('center_axis',(0.,-1.,0.));
#2078=DIRECTION('ref_axis',(-0.707106781186548,0.,-0.707106781186547));
#2079=DIRECTION('center_axis',(0.,-1.,0.));
#2080=DIRECTION('ref_axis',(-0.707106781186548,0.,-0.707106781186547));
#2081=DIRECTION('center_axis',(7.71147284152287E-89,1.,1.79944675796455E-22));
#2082=DIRECTION('ref_axis',(0.707106781186548,0.,0.707106781186547));
#2083=DIRECTION('center_axis',(0.,-1.,0.));
#2084=DIRECTION('ref_axis',(0.707106781186548,0.,0.707106781186547));
#2085=DIRECTION('',(7.71147284152287E-89,1.,1.79944675796455E-22));
#2086=DIRECTION('center_axis',(0.,1.,0.));
#2087=DIRECTION('ref_axis',(-1.,0.,-1.32348898008484E-23));
#2088=DIRECTION('',(-1.,0.,-1.32348898008484E-23));
#2089=DIRECTION('',(0.,0.,1.));
#2090=DIRECTION('center_axis',(0.,-1.,0.));
#2091=DIRECTION('ref_axis',(-0.707106781186547,0.,0.707106781186548));
#2092=DIRECTION('center_axis',(0.,0.,1.));
#2093=DIRECTION('ref_axis',(1.,0.,0.));
#2094=DIRECTION('',(-2.14449713848625E-22,-1.,0.));
#2095=DIRECTION('center_axis',(0.,0.,1.));
#2096=DIRECTION('ref_axis',(1.,0.,0.));
#2097=DIRECTION('',(1.,0.,1.32348898008484E-23));
#2098=DIRECTION('',(2.38154795474174E-45,-1.,0.));
#2099=DIRECTION('center_axis',(0.,-1.,0.));
#2100=DIRECTION('ref_axis',(1.,0.,1.32348898008484E-23));
#2101=DIRECTION('center_axis',(0.,1.,0.));
#2102=DIRECTION('ref_axis',(-0.707106781186547,0.,0.707106781186548));
#2103=DIRECTION('',(0.,0.,-1.));
#2104=DIRECTION('center_axis',(2.38154795474174E-45,-1.,-1.79944675796455E-22));
#2105=DIRECTION('ref_axis',(-0.707106781186547,0.,0.707106781186548));
#2106=DIRECTION('',(-2.38154795474174E-45,1.,1.79944675796455E-22));
#2107=DIRECTION('center_axis',(0.,-1.,0.));
#2108=DIRECTION('ref_axis',(-0.707106781186547,0.,0.707106781186548));
#2109=DIRECTION('center_axis',(-0.642787609686539,1.3784561896272E-22,-0.766044443118978));
#2110=DIRECTION('ref_axis',(-0.766044443118978,6.42784677654324E-23,0.642787609686539));
#2111=DIRECTION('',(0.,1.,0.));
#2112=DIRECTION('center_axis',(0.,1.,0.));
#2113=DIRECTION('ref_axis',(-1.,0.,4.28546874609713E-67));
#2114=DIRECTION('',(0.,0.,1.));
#2115=DIRECTION('',(0.,0.,1.));
#2116=DIRECTION('',(-1.,0.,4.28546874609713E-67));
#2117=DIRECTION('center_axis',(0.,0.,1.));
#2118=DIRECTION('ref_axis',(1.,0.,0.));
#2119=DIRECTION('',(-7.71147284152287E-89,-1.,0.));
#2120=DIRECTION('',(7.71147284152287E-89,1.,0.));
#2121=DIRECTION('center_axis',(-1.,7.71147284152287E-89,0.));
#2122=DIRECTION('ref_axis',(-7.71147284152287E-89,-1.,-1.79944675796455E-22));
#2123=DIRECTION('center_axis',(1.,-7.71147284152287E-89,0.));
#2124=DIRECTION('ref_axis',(7.71147284152287E-89,1.,1.79944675796455E-22));
#2125=DIRECTION('center_axis',(0.,1.,0.));
#2126=DIRECTION('ref_axis',(1.,0.,0.));
#2127=DIRECTION('',(0.,0.,-1.));
#2128=DIRECTION('',(1.,0.,0.));
#2129=DIRECTION('center_axis',(0.,0.,-1.));
#2130=DIRECTION('ref_axis',(-1.,0.,0.));
#2131=DIRECTION('',(-1.,0.,0.));
#2132=DIRECTION('',(0.,1.,0.));
#2133=DIRECTION('center_axis',(0.,-1.,0.));
#2134=DIRECTION('ref_axis',(-1.,0.,0.));
#2135=DIRECTION('',(0.,0.,-1.));
#2136=DIRECTION('center_axis',(-1.,0.,0.));
#2137=DIRECTION('ref_axis',(0.,1.,0.));
#2138=DIRECTION('center_axis',(0.,1.,0.));
#2139=DIRECTION('ref_axis',(0.,0.,-1.));
#2140=DIRECTION('',(-1.,0.,0.));
#2141=DIRECTION('center_axis',(0.,-1.,0.));
#2142=DIRECTION('ref_axis',(-0.351103710159218,0.,-0.936336576617848));
#2143=DIRECTION('center_axis',(0.,-1.,0.));
#2144=DIRECTION('ref_axis',(0.,0.,-1.));
#2145=DIRECTION('center_axis',(0.,1.,0.));
#2146=DIRECTION('ref_axis',(-0.351103710159218,0.,-0.936336576617848));
#2147=DIRECTION('center_axis',(8.86054559188084E-23,1.,1.05595870414688E-22));
#2148=DIRECTION('ref_axis',(-0.0193662827909396,0.,-0.999812455959047));
#2149=DIRECTION('center_axis',(0.,-1.,0.));
#2150=DIRECTION('ref_axis',(-0.351103710159218,0.,-0.936336576617848));
#2151=DIRECTION('',(8.86054559188084E-23,1.,1.05595870414688E-22));
#2152=DIRECTION('center_axis',(-0.642787609686539,1.3784561896272E-22,-0.766044443118978));
#2153=DIRECTION('ref_axis',(-0.766044443118978,6.42784677654324E-23,0.642787609686539));
#2154=DIRECTION('',(0.,-1.,0.));
#2155=DIRECTION('',(-7.71147284152287E-89,-1.,-1.79944675796455E-22));
#2156=DIRECTION('center_axis',(0.642787609686539,-1.3784561896272E-22,0.766044443118978));
#2157=DIRECTION('ref_axis',(0.766044443118978,1.18939600702961E-16,-0.642787609686539));
#2158=DIRECTION('',(-0.766044443118978,6.42784677654324E-23,0.642787609686539));
#2159=DIRECTION('',(-1.45947722254286E-16,-1.,1.2246449997006E-16));
#2160=DIRECTION('',(0.766044443118978,0.,-0.642787609686539));
#2161=DIRECTION('',(2.14449713848625E-22,1.,0.));
#2162=DIRECTION('',(-0.766044443118978,0.,0.642787609686539));
#2163=DIRECTION('',(-1.45947722254286E-16,-1.,1.2246449997006E-16));
#2164=DIRECTION('',(-0.766044443118978,0.,0.642787609686539));
#2165=DIRECTION('center_axis',(0.,1.,0.));
#2166=DIRECTION('ref_axis',(-1.,0.,0.));
#2167=DIRECTION('',(1.,0.,1.32348898008484E-23));
#2168=DIRECTION('',(0.,0.,1.));
#2169=DIRECTION('',(1.,0.,0.));
#2170=DIRECTION('center_axis',(0.,1.,0.));
#2171=DIRECTION('ref_axis',(-1.,0.,0.));
#2172=DIRECTION('',(1.,0.,0.));
#2173=DIRECTION('',(0.,0.,1.));
#2174=DIRECTION('',(1.,0.,1.32348898008484E-23));
#2175=DIRECTION('center_axis',(0.,-1.,0.));
#2176=DIRECTION('ref_axis',(1.,0.,0.));
#2177=DIRECTION('',(-1.,0.,-1.32348898008484E-23));
#2178=DIRECTION('',(-1.,0.,0.));
#2179=DIRECTION('',(0.,0.,1.));
#2180=DIRECTION('center_axis',(0.,0.,1.));
#2181=DIRECTION('ref_axis',(-1.,0.,0.));
#2182=DIRECTION('',(0.,1.,0.));
#2183=DIRECTION('center_axis',(0.,0.,1.));
#2184=DIRECTION('ref_axis',(-1.,0.,0.));
#2185=DIRECTION('',(-1.,0.,0.));
#2186=DIRECTION('',(0.,-1.,0.));
#2187=DIRECTION('center_axis',(1.,0.,0.));
#2188=DIRECTION('ref_axis',(0.,1.,0.));
#2189=DIRECTION('',(0.,-1.,1.2246449997006E-16));
#2190=DIRECTION('',(0.,0.,1.));
#2191=DIRECTION('center_axis',(0.,-1.,0.));
#2192=DIRECTION('ref_axis',(1.,0.,0.));
#2193=DIRECTION('',(-1.,0.,-1.32348898008484E-23));
#2194=DIRECTION('center_axis',(-1.,0.,0.));
#2195=DIRECTION('ref_axis',(0.,-1.,0.));
#2196=DIRECTION('',(0.,1.,-1.2246449997006E-16));
#2197=DIRECTION('center_axis',(-1.,-2.38154795474174E-45,0.));
#2198=DIRECTION('ref_axis',(-4.28546874609713E-67,1.79944675796455E-22,
-1.));
#2199=DIRECTION('',(-2.38154795474174E-45,1.,1.79944675796455E-22));
#2200=DIRECTION('',(0.,0.,-1.));
#2201=DIRECTION('center_axis',(-1.,0.,0.));
#2202=DIRECTION('ref_axis',(0.,0.707106781186548,-0.707106781186547));
#2203=DIRECTION('center_axis',(1.,0.,0.));
#2204=DIRECTION('ref_axis',(0.,-0.707106781186548,-0.707106781186547));
#2205=DIRECTION('',(1.,0.,0.));
#2206=DIRECTION('center_axis',(-1.32348898008484E-23,1.2246449997006E-16,
1.));
#2207=DIRECTION('ref_axis',(1.,0.,1.32348898008484E-23));
#2208=DIRECTION('',(-1.,0.,-1.32348898008484E-23));
#2209=DIRECTION('',(-1.,3.51421366849547E-23,-1.32348898008484E-23));
#2210=DIRECTION('center_axis',(1.32348898008484E-23,-1.2246449997006E-16,
-1.));
#2211=DIRECTION('ref_axis',(-0.707106781186547,0.707106781186549,0.));
#2212=DIRECTION('',(-1.62080416161975E-39,-1.,1.2246449997006E-16));
#2213=DIRECTION('center_axis',(3.51421366849547E-23,1.,0.));
#2214=DIRECTION('ref_axis',(-1.,3.51421366849547E-23,6.32364039256887E-45));
#2215=DIRECTION('',(1.,-3.51421366849547E-23,-6.32364039256887E-45));
#2216=DIRECTION('',(2.383382912104E-55,-8.37571680697441E-78,-1.));
#2217=DIRECTION('center_axis',(0.,-1.,0.));
#2218=DIRECTION('ref_axis',(0.,0.,-1.));
#2219=DIRECTION('center_axis',(0.,1.,0.));
#2220=DIRECTION('ref_axis',(-0.351103710159218,0.,-0.936336576617848));
#2221=DIRECTION('center_axis',(-2.383382912104E-55,8.37571680697441E-78,
1.));
#2222=DIRECTION('ref_axis',(-0.707106781186547,0.707106781186549,0.));
#2223=DIRECTION('center_axis',(2.383382912104E-55,-8.37571680697441E-78,
-1.));
#2224=DIRECTION('ref_axis',(-0.707106781186548,0.707106781186547,0.));
#2225=DIRECTION('',(-2.383382912104E-55,8.37571680697441E-78,1.));
#2226=DIRECTION('center_axis',(1.,-1.62080416161975E-39,2.383382912104E-55));
#2227=DIRECTION('ref_axis',(-1.62080416161975E-39,-1.,1.2246449997006E-16));
#2228=DIRECTION('',(1.62080416161975E-39,1.,1.79944675796455E-22));
#2229=DIRECTION('center_axis',(0.,-1.,0.));
#2230=DIRECTION('ref_axis',(0.,0.,1.));
#2231=DIRECTION('center_axis',(0.,-1.,0.));
#2232=DIRECTION('ref_axis',(1.,0.,-4.28546874609713E-67));
#2233=DIRECTION('center_axis',(4.28546874609713E-67,-1.79944675796455E-22,
1.));
#2234=DIRECTION('ref_axis',(-1.,0.,4.28546874609713E-67));
#2235=DIRECTION('',(-1.62080416161975E-39,-1.,-1.79944675796455E-22));
#2236=DIRECTION('',(-1.,3.51421366849547E-23,6.32364039256887E-45));
#2237=DIRECTION('center_axis',(-0.40824829046386,-0.816496580927726,-0.408248290463866));
#2238=DIRECTION('ref_axis',(-0.577350269189623,0.577350269189626,-0.577350269189629));
#2239=DIRECTION('center_axis',(1.,0.,0.));
#2240=DIRECTION('ref_axis',(0.,0.,-1.));
#2241=DIRECTION('center_axis',(1.48029736616687E-15,-1.,0.));
#2242=DIRECTION('ref_axis',(-1.,-1.48029736616687E-15,0.));
#2243=DIRECTION('center_axis',(-1.,3.51421366849547E-23,6.32364039256887E-45));
#2244=DIRECTION('ref_axis',(0.,0.707106781186547,-0.707106781186548));
#2245=DIRECTION('center_axis',(1.62080416161975E-39,1.,1.79944675796455E-22));
#2246=DIRECTION('ref_axis',(-0.707106781186549,0.,-0.707106781186546));
#2247=DIRECTION('center_axis',(0.,-1.,0.));
#2248=DIRECTION('ref_axis',(-1.,0.,0.));
#2249=DIRECTION('center_axis',(2.38154795474174E-45,-1.,-1.79944675796455E-22));
#2250=DIRECTION('ref_axis',(-0.707106781186547,0.,0.707106781186548));
#2251=DIRECTION('center_axis',(-7.71147284152287E-89,-1.,0.));
#2252=DIRECTION('ref_axis',(0.707106781186547,0.,-0.707106781186547));
#2253=DIRECTION('center_axis',(-0.707106781186549,-0.707106781186546,-2.09345661157837E-15));
#2254=DIRECTION('ref_axis',(-0.707106781186546,0.707106781186549,-2.09345661157837E-15));
#2255=DIRECTION('center_axis',(0.70710678118655,-0.707106781186545,-4.18691322315672E-15));
#2256=DIRECTION('ref_axis',(-0.707106781186545,-0.70710678118655,-4.18691322315675E-15));
#2257=DIRECTION('center_axis',(-1.,0.,0.));
#2258=DIRECTION('ref_axis',(0.,-0.707106781186553,-0.707106781186542));
#2259=DIRECTION('center_axis',(-0.707106781186548,0.707106781186548,-8.37382644631347E-15));
#2260=DIRECTION('ref_axis',(0.707106781186547,0.707106781186547,-8.37382644631347E-15));
#2261=DIRECTION('center_axis',(7.71147284152287E-89,1.,0.));
#2262=DIRECTION('ref_axis',(-0.707106781186544,0.,-0.707106781186551));
#2263=DIRECTION('center_axis',(0.707106781186547,0.707106781186548,0.));
#2264=DIRECTION('ref_axis',(0.707106781186548,-0.707106781186547,0.));
#2265=DIRECTION('center_axis',(1.,0.,0.));
#2266=DIRECTION('ref_axis',(0.,0.707106781186549,-0.707106781186546));
#2267=CARTESIAN_POINT('',(0.,0.,0.));
#2268=CARTESIAN_POINT('Origin',(62.7,-12.5,-8.09999999999999));
#2269=CARTESIAN_POINT('',(2.99999990328373,-12.5,-9.59999999999999));
#2270=CARTESIAN_POINT('',(4.78763029217503,-11.,-8.09999999999999));
#2271=CARTESIAN_POINT('Origin',(4.78763029217504,-12.5,-8.09999999999999));
#2272=CARTESIAN_POINT('',(36.,-11.,-8.09999999999999));
#2273=CARTESIAN_POINT('',(62.7,-11.,-8.09999999999999));
#2274=CARTESIAN_POINT('',(36.,-12.5,-9.59999999999999));
#2275=CARTESIAN_POINT('Origin',(36.,-12.5,-8.09999999999999));
#2276=CARTESIAN_POINT('',(62.7,-12.5,-9.59999999999999));
#2277=CARTESIAN_POINT('Origin',(36.,36.25,-8.09999999999999));
#2278=CARTESIAN_POINT('',(37.5,-13.,-8.09999999999999));
#2279=CARTESIAN_POINT('',(36.,-13.,-9.59999999999999));
#2280=CARTESIAN_POINT('Origin',(36.,-13.,-8.09999999999999));
#2281=CARTESIAN_POINT('',(36.,36.25,-9.59999999999999));
#2282=CARTESIAN_POINT('',(37.5,-12.5,-8.09999999999999));
#2283=CARTESIAN_POINT('Origin',(36.,-12.5,-8.09999999999999));
#2284=CARTESIAN_POINT('',(37.5,36.25,-8.09999999999999));
#2285=CARTESIAN_POINT('Origin',(36.,-12.5,-8.09999999999999));
#2286=CARTESIAN_POINT('Origin',(36.,-12.5,-8.09999999999999));
#2287=CARTESIAN_POINT('Origin',(40.4,85.5,-9.59999999999999));
#2288=CARTESIAN_POINT('',(2.99999990328372,-11.,-9.59999999999999));
#2289=CARTESIAN_POINT('',(2.99999990328373,89.5669098854065,-9.59999999999999));
#2290=CARTESIAN_POINT('',(2.90000000000001,-13.,-9.59999999999999));
#2291=CARTESIAN_POINT('',(65.65,-13.,-9.59999999999999));
#2292=CARTESIAN_POINT('',(2.89999990328373,-11.,-9.59999999999999));
#2293=CARTESIAN_POINT('',(2.89999990328373,89.5669098854065,-9.59999999999999));
#2294=CARTESIAN_POINT('',(62.5125,-11.,-9.59999999999999));
#2295=CARTESIAN_POINT('Origin',(89.,-13.,-18.6));
#2296=CARTESIAN_POINT('',(37.5,-13.,5.45000000000002));
#2297=CARTESIAN_POINT('',(37.5,-13.,-6.57499999999999));
#2298=CARTESIAN_POINT('',(-3.5,-13.,5.45000000000001));
#2299=CARTESIAN_POINT('',(65.75,-13.,5.45000000000001));
#2300=CARTESIAN_POINT('',(-3.5,-13.,-18.6));
#2301=CARTESIAN_POINT('',(-3.5,-13.,-18.6));
#2302=CARTESIAN_POINT('',(-0.0999999999999979,-13.,-18.6));
#2303=CARTESIAN_POINT('',(65.75,-13.,-18.6));
#2304=CARTESIAN_POINT('',(-0.10000000000001,-13.,-12.6));
#2305=CARTESIAN_POINT('',(-0.10000000000001,-13.,-13.075));
#2306=CARTESIAN_POINT('Origin',(2.9,-13.,-12.6));
#2307=CARTESIAN_POINT('Origin',(37.5,-13.,5.45000000000002));
#2308=CARTESIAN_POINT('',(37.5,-12.5,5.45000000000001));
#2309=CARTESIAN_POINT('',(37.5,-12.5,-6.57499999999999));
#2310=CARTESIAN_POINT('',(37.5,35.25,5.45));
#2311=CARTESIAN_POINT('Origin',(85.,-11.,-18.6));
#2312=CARTESIAN_POINT('',(2.99808835091101,-11.,-9.60160398289092));
#2313=CARTESIAN_POINT('',(25.0354812999588,-11.,8.88996431276387));
#2314=CARTESIAN_POINT('Origin',(2.9,-11.,-12.6));
#2315=CARTESIAN_POINT('Origin',(36.,-12.5,-6.57499999999999));
#2316=CARTESIAN_POINT('',(36.,-11.,5.45000000000001));
#2317=CARTESIAN_POINT('',(36.,-11.,-6.57499999999999));
#2318=CARTESIAN_POINT('Origin',(36.,-12.5,5.45));
#2319=CARTESIAN_POINT('Origin',(85.,-11.,-18.6));
#2320=CARTESIAN_POINT('',(20.9358914718266,-11.,5.45000000000001));
#2321=CARTESIAN_POINT('',(25.0354812999588,-11.,8.88996431276387));
#2322=CARTESIAN_POINT('',(63.75,-11.,5.45000000000001));
#2323=CARTESIAN_POINT('Origin',(3.3830222440892,93.633819770813,-9.27860609509746));
#2324=CARTESIAN_POINT('',(2.99808835091101,67.2465033531189,-9.60160398289092));
#2325=CARTESIAN_POINT('',(2.99808835091101,42.75,-9.60160398289092));
#2326=CARTESIAN_POINT('',(3.88189756180343,67.2465033531189,-8.86));
#2327=CARTESIAN_POINT('',(5.63382893041028,67.2465033531189,-7.38995503475409));
#2328=CARTESIAN_POINT('',(3.88189756180343,102.246503353119,-8.86));
#2329=CARTESIAN_POINT('',(3.88189756180343,89.0669098854065,-8.86));
#2330=CARTESIAN_POINT('',(2.99808835091101,102.246503353119,-9.60160398289092));
#2331=CARTESIAN_POINT('',(31.0139707724576,102.246503353119,13.9065126241349));
#2332=CARTESIAN_POINT('',(2.99808835091101,169.,-9.60160398289092));
#2333=CARTESIAN_POINT('',(2.99808835091101,42.75,-9.60160398289092));
#2334=CARTESIAN_POINT('',(20.9358914718266,169.,5.44999999999999));
#2335=CARTESIAN_POINT('',(0.0954575245365172,169.,-12.0372004387456));
#2336=CARTESIAN_POINT('',(20.9358914718266,151.19,5.44999999999999));
#2337=CARTESIAN_POINT('',(20.9358914718266,88.5669098854065,5.45));
#2338=CARTESIAN_POINT('',(12.7723793625563,151.19,-1.39999999999999));
#2339=CARTESIAN_POINT('',(27.0695643047858,151.19,10.5967626118982));
#2340=CARTESIAN_POINT('',(12.7723793625563,15.84,-1.39999999999999));
#2341=CARTESIAN_POINT('',(12.7723793625563,88.5669098854065,-1.39999999999999));
#2342=CARTESIAN_POINT('',(20.9358914718266,15.84,5.45000000000001));
#2343=CARTESIAN_POINT('',(6.53072119561451,15.84,-6.63737306581547));
#2344=CARTESIAN_POINT('',(20.9358914718266,88.5669098854065,5.45));
#2345=CARTESIAN_POINT('Origin',(65.75,-11.5,-18.6));
#2346=CARTESIAN_POINT('',(88.5,-11.5,-20.1));
#2347=CARTESIAN_POINT('',(88.5,-13.,-18.6));
#2348=CARTESIAN_POINT('Origin',(88.5,-11.5,-18.6));
#2349=CARTESIAN_POINT('',(85.1,-13.,-18.6));
#2350=CARTESIAN_POINT('',(65.75,-13.,-18.6));
#2351=CARTESIAN_POINT('',(79.6,-13.,-18.6));
#2352=CARTESIAN_POINT('',(65.7511763674161,-13.,-18.6));
#2353=CARTESIAN_POINT('',(4.,-13.,-18.6));
#2354=CARTESIAN_POINT('',(65.75,-13.,-18.6));
#2355=CARTESIAN_POINT('',(65.7511763674161,-13.,-18.6));
#2356=CARTESIAN_POINT('',(-3.5,-11.5,-20.1));
#2357=CARTESIAN_POINT('Origin',(-3.5,-11.5,-18.6));
#2358=CARTESIAN_POINT('',(65.75,-11.5,-20.1));
#2359=CARTESIAN_POINT('Origin',(-3.5,39.5,-18.6));
#2360=CARTESIAN_POINT('',(-5.,-11.5,-18.6));
#2361=CARTESIAN_POINT('Origin',(-3.5,-11.5,-18.6));
#2362=CARTESIAN_POINT('',(-5.,180.5,-18.6));
#2363=CARTESIAN_POINT('',(-5.,39.5,-18.6));
#2364=CARTESIAN_POINT('',(-3.5,180.5,-20.1));
#2365=CARTESIAN_POINT('Origin',(-3.5,180.5,-18.6));
#2366=CARTESIAN_POINT('',(-3.5,39.5,-20.1));
#2367=CARTESIAN_POINT('Origin',(-3.5,-11.5,-18.6));
#2368=CARTESIAN_POINT('Origin',(-3.5,-11.5,-18.6));
#2369=CARTESIAN_POINT('Origin',(19.25,180.5,-18.6));
#2370=CARTESIAN_POINT('',(-3.5,182.,-18.6));
#2371=CARTESIAN_POINT('Origin',(-3.5,180.5,-18.6));
#2372=CARTESIAN_POINT('',(88.5,182.,-18.6));
#2373=CARTESIAN_POINT('',(19.25,182.,-18.6));
#2374=CARTESIAN_POINT('',(88.5,180.5,-20.1));
#2375=CARTESIAN_POINT('Origin',(88.5,180.5,-18.6));
#2376=CARTESIAN_POINT('',(19.25,180.5,-20.1));
#2377=CARTESIAN_POINT('Origin',(-3.5,180.5,-18.6));
#2378=CARTESIAN_POINT('Origin',(-3.5,180.5,-18.6));
#2379=CARTESIAN_POINT('Origin',(88.5,127.,-18.6));
#2380=CARTESIAN_POINT('',(90.,180.5,-18.6));
#2381=CARTESIAN_POINT('Origin',(88.5,180.5,-18.6));
#2382=CARTESIAN_POINT('',(90.,152.,-18.6));
#2383=CARTESIAN_POINT('',(90.,127.,-18.6));
#2384=CARTESIAN_POINT('',(90.,151.120558300653,-18.6));
#2385=CARTESIAN_POINT('',(90.,127.75,-18.6));
#2386=CARTESIAN_POINT('',(90.,126.120558300653,-18.6));
#2387=CARTESIAN_POINT('',(90.,127.,-18.6));
#2388=CARTESIAN_POINT('',(90.,125.,-18.6));
#2389=CARTESIAN_POINT('',(90.,127.75,-18.6));
#2390=CARTESIAN_POINT('',(90.,-11.5,-18.6));
#2391=CARTESIAN_POINT('',(90.,127.,-18.6));
#2392=CARTESIAN_POINT('Origin',(88.5,-11.5,-18.6));
#2393=CARTESIAN_POINT('',(88.5,127.,-20.1));
#2394=CARTESIAN_POINT('Origin',(88.5,180.5,-18.6));
#2395=CARTESIAN_POINT('Origin',(88.5,180.5,-18.6));
#2396=CARTESIAN_POINT('Origin',(88.5,-11.5,-18.6));
#2397=CARTESIAN_POINT('Origin',(88.5,-11.5,-18.6));
#2398=CARTESIAN_POINT('Origin',(89.,-13.,-18.6));
#2399=CARTESIAN_POINT('',(88.5,-13.,5.45000000000001));
#2400=CARTESIAN_POINT('',(88.5,-13.,-18.6));
#2401=CARTESIAN_POINT('',(47.5,-13.,5.45000000000002));
#2402=CARTESIAN_POINT('',(65.75,-13.,5.45000000000001));
#2403=CARTESIAN_POINT('',(47.5,-13.,-8.09999999999999));
#2404=CARTESIAN_POINT('',(47.5,-13.,-6.57499999999999));
#2405=CARTESIAN_POINT('',(49.,-13.,-9.59999999999999));
#2406=CARTESIAN_POINT('Origin',(49.,-13.,-8.09999999999999));
#2407=CARTESIAN_POINT('',(82.,-13.,-9.59999999999999));
#2408=CARTESIAN_POINT('',(65.,-13.,-9.59999999999999));
#2409=CARTESIAN_POINT('',(82.0019133485977,-13.,-9.60160392729435));
#2410=CARTESIAN_POINT('',(86.0781909212781,-13.,-13.0220069351067));
#2411=CARTESIAN_POINT('',(85.0698762672714,-13.,-12.175930480819));
#2412=CARTESIAN_POINT('Origin',(82.1,-13.,-12.6));
#2413=CARTESIAN_POINT('',(85.1,-13.,-12.2012072938413));
#2414=CARTESIAN_POINT('',(86.0781909212781,-13.,-13.0220069351067));
#2415=CARTESIAN_POINT('',(85.1,-13.,-13.025));
#2416=CARTESIAN_POINT('Origin',(88.5,-11.5,-18.6));
#2417=CARTESIAN_POINT('',(90.,-11.5,5.45000000000001));
#2418=CARTESIAN_POINT('',(90.,-11.5,-18.6));
#2419=CARTESIAN_POINT('Origin',(88.5,-11.5,5.45));
#2420=CARTESIAN_POINT('Origin',(90.,171.,-18.6));
#2421=CARTESIAN_POINT('',(90.,151.120558300653,-9.69999999999999));
#2422=CARTESIAN_POINT('',(90.,151.120558300653,-9.79999999999999));
#2423=CARTESIAN_POINT('',(90.,126.120558300653,-9.69999999999999));
#2424=CARTESIAN_POINT('',(90.,127.750003774049,-9.69999999999999));
#2425=CARTESIAN_POINT('',(90.,126.120558300653,-9.79999999999999));
#2426=CARTESIAN_POINT('Origin',(90.,171.,-18.6));
#2427=CARTESIAN_POINT('',(90.,122.,-15.6));
#2428=CARTESIAN_POINT('Origin',(90.,125.,-15.6));
#2429=CARTESIAN_POINT('',(90.,122.,-12.3901718246431));
#2430=CARTESIAN_POINT('',(90.,122.,-18.6));
#2431=CARTESIAN_POINT('',(90.,125.,-9.34547234329555));
#2432=CARTESIAN_POINT('Ctrl Pts',(90.,122.,-12.390171824643));
#2433=CARTESIAN_POINT('Ctrl Pts',(90.,122.,-12.0149204103755));
#2434=CARTESIAN_POINT('Ctrl Pts',(90.,122.086830125751,-11.5730695897448));
#2435=CARTESIAN_POINT('Ctrl Pts',(90.,122.370292058711,-10.8799426835343));
#2436=CARTESIAN_POINT('Ctrl Pts',(90.,122.616611861924,-10.5053558196093));
#2437=CARTESIAN_POINT('Ctrl Pts',(90.,123.140407304493,-9.97317534916828));
#2438=CARTESIAN_POINT('Ctrl Pts',(90.,123.51061971357,-9.72136165831658));
#2439=CARTESIAN_POINT('Ctrl Pts',(90.,124.195424860746,-9.43351901672502));
#2440=CARTESIAN_POINT('Ctrl Pts',(90.,124.630273040117,-9.34547234329555));
#2441=CARTESIAN_POINT('Ctrl Pts',(90.,125.,-9.34547234329556));
#2442=CARTESIAN_POINT('',(90.,152.,-9.34547234329555));
#2443=CARTESIAN_POINT('',(90.,145.25,-9.34547234329555));
#2444=CARTESIAN_POINT('',(90.,155.,-12.3901718246431));
#2445=CARTESIAN_POINT('Ctrl Pts',(90.,152.,-9.34547234329556));
#2446=CARTESIAN_POINT('Ctrl Pts',(90.,152.368346369259,-9.34547234329556));
#2447=CARTESIAN_POINT('Ctrl Pts',(90.,152.801635460915,-9.43287023690529));
#2448=CARTESIAN_POINT('Ctrl Pts',(90.,153.484285310157,-9.71863481159508));
#2449=CARTESIAN_POINT('Ctrl Pts',(90.,153.853646759262,-9.96868758786249));
#2450=CARTESIAN_POINT('Ctrl Pts',(90.,154.378963169459,-10.4993293794016));
#2451=CARTESIAN_POINT('Ctrl Pts',(90.,154.627005390466,-10.8747703482011));
#2452=CARTESIAN_POINT('Ctrl Pts',(90.,154.912525973844,-11.5700695872243));
#2453=CARTESIAN_POINT('Ctrl Pts',(90.,155.,-12.013513876151));
#2454=CARTESIAN_POINT('Ctrl Pts',(90.,155.,-12.3901718246431));
#2455=CARTESIAN_POINT('',(90.,155.,-15.6));
#2456=CARTESIAN_POINT('',(90.,155.,-14.1));
#2457=CARTESIAN_POINT('Origin',(90.,152.,-15.6));
#2458=CARTESIAN_POINT('',(90.,180.5,5.44999999999999));
#2459=CARTESIAN_POINT('',(90.,180.5,-18.65));
#2460=CARTESIAN_POINT('',(90.,127.25,5.45));
#2461=CARTESIAN_POINT('Origin',(42.5,83.,-20.1));
#2462=CARTESIAN_POINT('',(2.5,15.,-20.1));
#2463=CARTESIAN_POINT('',(2.50000000000001,153.,-20.1));
#2464=CARTESIAN_POINT('',(2.5,115.75,-20.1));
#2465=CARTESIAN_POINT('',(82.5,15.,-20.1));
#2466=CARTESIAN_POINT('',(23.25,15.,-20.1));
#2467=CARTESIAN_POINT('',(82.5,153.,-20.1));
#2468=CARTESIAN_POINT('',(82.5,50.25,-20.1));
#2469=CARTESIAN_POINT('',(61.75,153.,-20.1));
#2470=CARTESIAN_POINT('Origin',(-3.5,-11.5,-18.6));
#2471=CARTESIAN_POINT('',(-5.,-11.5,5.45000000000001));
#2472=CARTESIAN_POINT('Origin',(-3.5,-11.5,5.45));
#2473=CARTESIAN_POINT('',(-5.,-11.5,-18.6));
#2474=CARTESIAN_POINT('Origin',(88.5,180.5,-18.65));
#2475=CARTESIAN_POINT('',(88.5,182.,5.44999999999999));
#2476=CARTESIAN_POINT('',(88.5,182.,-18.65));
#2477=CARTESIAN_POINT('Origin',(88.5,180.5,5.45));
#2478=CARTESIAN_POINT('Origin',(-3.5,180.5,-18.65));
#2479=CARTESIAN_POINT('',(-5.,180.5,5.44999999999999));
#2480=CARTESIAN_POINT('',(-5.,180.5,-18.65));
#2481=CARTESIAN_POINT('',(-3.5,182.,5.44999999999999));
#2482=CARTESIAN_POINT('Origin',(-3.5,180.5,5.45));
#2483=CARTESIAN_POINT('',(-3.5,182.,-18.65));
#2484=CARTESIAN_POINT('Origin',(-4.,182.,-18.7));
#2485=CARTESIAN_POINT('',(19.25,182.,5.44999999999999));
#2486=CARTESIAN_POINT('Origin',(-5.,-3.99999999999999,-18.6));
#2487=CARTESIAN_POINT('',(-5.,39.75,5.45));
#2488=CARTESIAN_POINT('Origin',(89.,-13.,-18.6));
#2489=CARTESIAN_POINT('',(79.6,-13.,-9.69999999999999));
#2490=CARTESIAN_POINT('',(79.6,-13.,-19.1));
#2491=CARTESIAN_POINT('',(4.,-13.,-9.69999999999999));
#2492=CARTESIAN_POINT('',(42.5,-13.,-9.69999999999999));
#2493=CARTESIAN_POINT('',(4.,-13.,-19.1));
#2494=CARTESIAN_POINT('Origin',(82.1,182.,-12.6));
#2495=CARTESIAN_POINT('',(85.0698762672714,102.246503353119,-12.175930480819));
#2496=CARTESIAN_POINT('',(85.0698762672714,122.013494708812,-12.175930480819));
#2497=CARTESIAN_POINT('',(85.0698762672714,182.,-12.175930480819));
#2498=CARTESIAN_POINT('',(82.0019133485977,102.246503353119,-9.60160392729435));
#2499=CARTESIAN_POINT('Origin',(82.1,102.246503353119,-12.6));
#2500=CARTESIAN_POINT('',(82.0019133485977,122.828586900993,-9.60160392729435));
#2501=CARTESIAN_POINT('',(82.0019133485977,182.,-9.60160392729435));
#2502=CARTESIAN_POINT('Ctrl Pts',(82.0019133485796,122.828586900986,-9.60160392729494));
#2503=CARTESIAN_POINT('Ctrl Pts',(82.0417401103525,122.842743215566,-9.60030107283392));
#2504=CARTESIAN_POINT('Ctrl Pts',(82.0816725919401,122.856389740605,-9.59978905644427));
#2505=CARTESIAN_POINT('Ctrl Pts',(82.2843061697908,122.922366403614,-9.60125423934717));
#2506=CARTESIAN_POINT('Ctrl Pts',(82.4492891323034,122.965375309676,-9.61564240987691));
#2507=CARTESIAN_POINT('Ctrl Pts',(82.6819217009943,123.001360848168,-9.65620275391848));
#2508=CARTESIAN_POINT('Ctrl Pts',(82.7481707191376,123.008806329364,-9.67007034610138));
#2509=CARTESIAN_POINT('Ctrl Pts',(82.8591177296423,123.01615021189,-9.69726249895884));
#2510=CARTESIAN_POINT('Ctrl Pts',(82.9037177877338,123.017680992968,-9.70929623601449));
#2511=CARTESIAN_POINT('Ctrl Pts',(82.9915327754446,123.017842459563,-9.7351737174752));
#2512=CARTESIAN_POINT('Ctrl Pts',(83.0345786303613,123.016520750209,-9.74893111430987));
#2513=CARTESIAN_POINT('Ctrl Pts',(83.1390859655038,123.009948235516,-9.78493578514882));
#2514=CARTESIAN_POINT('Ctrl Pts',(83.1997371096374,123.003208540134,-9.80809280009478));
#2515=CARTESIAN_POINT('Ctrl Pts',(83.4042784580652,122.971184810009,-9.89378986793057));
#2516=CARTESIAN_POINT('Ctrl Pts',(83.5409191025375,122.933393351777,-9.96439007798533));
#2517=CARTESIAN_POINT('Ctrl Pts',(83.9724064261156,122.776186280169,-10.229222846838));
#2518=CARTESIAN_POINT('Ctrl Pts',(84.247584765021,122.609444751561,-10.472262847932));
#2519=CARTESIAN_POINT('Ctrl Pts',(84.6794830241949,122.313627161068,-11.0322821098234));
#2520=CARTESIAN_POINT('Ctrl Pts',(84.8427434709591,122.184699708113,-11.3349377532003));
#2521=CARTESIAN_POINT('Ctrl Pts',(85.0054784039774,122.059476155679,-11.8330464640338));
#2522=CARTESIAN_POINT('Ctrl Pts',(85.0451513227337,122.029535464268,-12.002774847868));
#2523=CARTESIAN_POINT('Ctrl Pts',(85.069876267285,122.013494708803,-12.1759304809146));
#2524=CARTESIAN_POINT('Origin',(81.6169775626341,93.633819770813,-9.27860445126541));
#2525=CARTESIAN_POINT('',(85.0999999996397,122.011550257344,-12.2012072928073));
#2526=CARTESIAN_POINT('Ctrl Pts',(85.1,122.011550257216,-12.2012072938413));
#2527=CARTESIAN_POINT('Ctrl Pts',(85.0899565649077,122.01217412727,-12.1927798511596));
#2528=CARTESIAN_POINT('Ctrl Pts',(85.0799152414078,122.012822354406,-12.1843541803144));
#2529=CARTESIAN_POINT('Ctrl Pts',(85.0698762672714,122.013494708812,-12.1759304808191));
#2530=CARTESIAN_POINT('',(85.1,102.246503353119,-12.2012072938413));
#2531=CARTESIAN_POINT('',(85.1,88.0669098854065,-12.2012072938413));
#2532=CARTESIAN_POINT('',(79.5331228626443,102.246503353119,-7.53004274107692));
#2533=CARTESIAN_POINT('Origin',(85.1,82.5,-7.54999999999999));
#2534=CARTESIAN_POINT('',(85.1,122.,-12.4663037807656));
#2535=CARTESIAN_POINT('Ctrl Pts',(85.1,122.011550257344,-12.201207292378));
#2536=CARTESIAN_POINT('Ctrl Pts',(85.1,122.003643989991,-12.2917739698192));
#2537=CARTESIAN_POINT('Ctrl Pts',(85.1,122.,-12.3808138321316));
#2538=CARTESIAN_POINT('Ctrl Pts',(85.1,122.,-12.4663037807656));
#2539=CARTESIAN_POINT('',(85.1,122.,-15.6));
#2540=CARTESIAN_POINT('',(85.1,122.,-13.025));
#2541=CARTESIAN_POINT('',(85.1,125.,-18.6));
#2542=CARTESIAN_POINT('Origin',(85.1,125.,-15.6));
#2543=CARTESIAN_POINT('',(85.1,83.5,-18.6));
#2544=CARTESIAN_POINT('',(85.1,67.2465033531189,-12.2012072938413));
#2545=CARTESIAN_POINT('',(85.1,88.0669098854065,-12.2012072938413));
#2546=CARTESIAN_POINT('',(85.1,67.2465033531189,-8.86));
#2547=CARTESIAN_POINT('',(85.1,67.2465033531189,-4.5775));
#2548=CARTESIAN_POINT('',(85.1,102.246503353119,-8.86));
#2549=CARTESIAN_POINT('',(85.1,84.6232516765594,-8.86));
#2550=CARTESIAN_POINT('',(85.1,102.246503353119,-4.5775));
#2551=CARTESIAN_POINT('Origin',(-0.46549987792968,67.2465033531189,4.45));
#2552=CARTESIAN_POINT('',(85.0698762672714,67.2465033531189,-12.175930480819));
#2553=CARTESIAN_POINT('',(54.1529810205969,67.2465033531189,13.7664249178121));
#2554=CARTESIAN_POINT('',(82.0019133485977,67.2465033531189,-9.60160392729435));
#2555=CARTESIAN_POINT('Origin',(82.1,67.2465033531189,-12.6));
#2556=CARTESIAN_POINT('',(81.1181042039626,67.2465033531189,-8.86));
#2557=CARTESIAN_POINT('',(54.1529810205969,67.2465033531189,13.7664249178121));
#2558=CARTESIAN_POINT('',(86.0345001220703,67.2465033531189,-8.86));
#2559=CARTESIAN_POINT('Origin',(86.0345001220703,102.246503353119,4.45));
#2560=CARTESIAN_POINT('',(81.1181042039626,102.246503353119,-8.86));
#2561=CARTESIAN_POINT('',(-0.46549987792968,102.246503353119,-8.86));
#2562=CARTESIAN_POINT('',(79.5331228626443,102.246503353119,-7.53004274107692));
#2563=CARTESIAN_POINT('Origin',(85.1,82.5,-7.54999999999999));
#2564=CARTESIAN_POINT('',(85.1,168.,-12.6));
#2565=CARTESIAN_POINT('',(85.1,168.,-18.6));
#2566=CARTESIAN_POINT('',(85.1,168.,-13.075));
#2567=CARTESIAN_POINT('',(85.1,152.,-18.6));
#2568=CARTESIAN_POINT('',(85.1,83.5,-18.6));
#2569=CARTESIAN_POINT('',(85.1,155.,-15.6));
#2570=CARTESIAN_POINT('Origin',(85.1,152.,-15.6));
#2571=CARTESIAN_POINT('',(85.1,155.,-12.6));
#2572=CARTESIAN_POINT('',(85.1,155.,-8.52499999999999));
#2573=CARTESIAN_POINT('',(85.1,84.,-12.6));
#2574=CARTESIAN_POINT('Origin',(42.5023527348321,84.5,-18.6));
#2575=CARTESIAN_POINT('',(71.25,125.,-18.6));
#2576=CARTESIAN_POINT('',(89.6,126.120558300653,-18.6));
#2577=CARTESIAN_POINT('',(64.7511763674161,126.120558300653,-18.6));
#2578=CARTESIAN_POINT('',(89.6,151.120558300653,-18.6));
#2579=CARTESIAN_POINT('',(89.6,105.310279150327,-18.6));
#2580=CARTESIAN_POINT('',(64.5511763674161,151.120558300653,-18.6));
#2581=CARTESIAN_POINT('',(71.25,152.,-18.6));
#2582=CARTESIAN_POINT('',(76.,168.,-18.6));
#2583=CARTESIAN_POINT('',(64.1261763674161,168.,-18.6));
#2584=CARTESIAN_POINT('',(76.,169.,-18.6));
#2585=CARTESIAN_POINT('',(76.,179.5,-18.6));
#2586=CARTESIAN_POINT('',(-0.1,169.,-18.6));
#2587=CARTESIAN_POINT('',(21.251176367416,169.,-18.6));
#2588=CARTESIAN_POINT('',(-0.100000000000004,42.25,-18.6));
#2589=CARTESIAN_POINT('',(4.,-12.6,-18.6));
#2590=CARTESIAN_POINT('',(4.,40.45,-18.6));
#2591=CARTESIAN_POINT('',(79.6,-12.6,-18.6));
#2592=CARTESIAN_POINT('',(60.0011763674161,-12.6,-18.6));
#2593=CARTESIAN_POINT('',(79.6,40.25,-18.6));
#2594=CARTESIAN_POINT('',(4.,151.5,-18.6));
#2595=CARTESIAN_POINT('',(4.,16.5,-18.6));
#2596=CARTESIAN_POINT('',(4.,148.5,-18.6));
#2597=CARTESIAN_POINT('',(81.,151.5,-18.6));
#2598=CARTESIAN_POINT('',(81.,151.5,-18.6));
#2599=CARTESIAN_POINT('',(81.,16.5,-18.6));
#2600=CARTESIAN_POINT('',(81.,17.5,-18.6));
#2601=CARTESIAN_POINT('',(4.,16.5,-18.6));
#2602=CARTESIAN_POINT('Origin',(42.5,168.,-6.57500000000001));
#2603=CARTESIAN_POINT('',(82.0019133485976,168.,-9.60160392729434));
#2604=CARTESIAN_POINT('Origin',(82.1,168.,-12.6));
#2605=CARTESIAN_POINT('',(82.0000018624823,168.,-9.59999999999999));
#2606=CARTESIAN_POINT('',(69.4739525484071,168.,0.910603359548995));
#2607=CARTESIAN_POINT('',(76.,168.,-9.59999999999999));
#2608=CARTESIAN_POINT('',(41.875,168.,-9.59999999999999));
#2609=CARTESIAN_POINT('',(73.,168.,-12.6));
#2610=CARTESIAN_POINT('Origin',(76.,168.,-12.6));
#2611=CARTESIAN_POINT('',(73.,168.,-15.6));
#2612=CARTESIAN_POINT('',(73.,168.,-12.5875));
#2613=CARTESIAN_POINT('Origin',(76.,168.,-15.6));
#2614=CARTESIAN_POINT('Origin',(82.750001862483,179.5,-9.59999999999999));
#2615=CARTESIAN_POINT('',(76.,169.,-9.59999999999999));
#2616=CARTESIAN_POINT('',(82.0000018624823,169.,-9.59999999999999));
#2617=CARTESIAN_POINT('',(73.75,169.,-9.59999999999999));
#2618=CARTESIAN_POINT('',(76.,179.5,-9.59999999999999));
#2619=CARTESIAN_POINT('',(82.0000018624823,136.566909885406,-9.59999999999999));
#2620=CARTESIAN_POINT('Origin',(73.,179.5,-12.6));
#2621=CARTESIAN_POINT('',(73.,169.,-15.6));
#2622=CARTESIAN_POINT('',(73.,169.,-12.6));
#2623=CARTESIAN_POINT('',(73.,169.,-18.6));
#2624=CARTESIAN_POINT('',(73.,179.5,-15.6));
#2625=CARTESIAN_POINT('',(73.,179.5,-12.6));
#2626=CARTESIAN_POINT('Origin',(76.,179.5,-12.6));
#2627=CARTESIAN_POINT('Origin',(76.,169.,-12.6));
#2628=CARTESIAN_POINT('Origin',(76.,179.5,-15.6));
#2629=CARTESIAN_POINT('Origin',(76.,169.,-15.6));
#2630=CARTESIAN_POINT('Origin',(82.1,84.,-12.6));
#2631=CARTESIAN_POINT('',(85.0970025766377,155.,-12.465927051098));
#2632=CARTESIAN_POINT('Origin',(82.1,155.,-12.6));
#2633=CARTESIAN_POINT('',(82.0019133485974,154.171413099007,-9.60160392729428));
#2634=CARTESIAN_POINT('Ctrl Pts',(85.0970025766481,155.,-12.46592705133));
#2635=CARTESIAN_POINT('Ctrl Pts',(85.0951631232097,155.000000000003,-12.4248087888544));
#2636=CARTESIAN_POINT('Ctrl Pts',(85.0924735993419,154.999177079408,-12.3836413126352));
#2637=CARTESIAN_POINT('Ctrl Pts',(85.0615204137412,154.98489271454,-12.0244228412905));
#2638=CARTESIAN_POINT('Ctrl Pts',(84.9845239216381,154.924285831919,-11.7210475913573));
#2639=CARTESIAN_POINT('Ctrl Pts',(84.7145271024237,154.716496414445,-11.0772451186204));
#2640=CARTESIAN_POINT('Ctrl Pts',(84.5019473436241,154.555058301904,-10.7688747321627));
#2641=CARTESIAN_POINT('Ctrl Pts',(84.0910907512517,154.302600020329,-10.3429897321734));
#2642=CARTESIAN_POINT('Ctrl Pts',(83.9003908565707,154.199812207344,-10.1875360770345));
#2643=CARTESIAN_POINT('Ctrl Pts',(83.5544646262528,154.070271345894,-9.97127506230976));
#2644=CARTESIAN_POINT('Ctrl Pts',(83.4099240180891,154.029515030114,-9.89600425576243));
#2645=CARTESIAN_POINT('Ctrl Pts',(83.1973792015897,153.996495919836,-9.80716528282187));
#2646=CARTESIAN_POINT('Ctrl Pts',(83.1370355529786,153.989880186828,-9.78419631899709));
#2647=CARTESIAN_POINT('Ctrl Pts',(83.032588634612,153.983385012343,-9.74826950256242));
#2648=CARTESIAN_POINT('Ctrl Pts',(82.989161932542,153.982109334255,-9.73443474813003));
#2649=CARTESIAN_POINT('Ctrl Pts',(82.9007798698037,153.982381344629,-9.70847416247666));
#2650=CARTESIAN_POINT('Ctrl Pts',(82.8559980338193,153.983994283148,-9.69644967188273));
#2651=CARTESIAN_POINT('Ctrl Pts',(82.743900927535,153.991574493197,-9.66910021304303));
#2652=CARTESIAN_POINT('Ctrl Pts',(82.67680062093,153.999280157468,-9.65518422401482));
#2653=CARTESIAN_POINT('Ctrl Pts',(82.4329552871379,154.037573316061,-9.6131452823274));
#2654=CARTESIAN_POINT('Ctrl Pts',(82.2583713123518,154.084701101962,-9.59931993104535));
#2655=CARTESIAN_POINT('Ctrl Pts',(82.0590922381818,154.151371701911,-9.60014343230946));
#2656=CARTESIAN_POINT('Ctrl Pts',(82.0305255873936,154.161242956239,-9.60066793397505));
#2657=CARTESIAN_POINT('Ctrl Pts',(82.0019133485974,154.171413099007,-9.60160392729435));
#2658=CARTESIAN_POINT('',(82.0019133485976,84.,-9.60160392729434));
#2659=CARTESIAN_POINT('Origin',(86.0345001220703,102.246503353119,4.45));
#2660=CARTESIAN_POINT('',(-0.100000000000004,102.246503353119,-8.86));
#2661=CARTESIAN_POINT('',(-0.46549987792968,102.246503353119,-8.86));
#2662=CARTESIAN_POINT('',(-0.100000000000004,102.246503353119,-12.6));
#2663=CARTESIAN_POINT('',(-0.100000000000004,102.246503353119,-4.5775));
#2664=CARTESIAN_POINT('Origin',(2.9,102.246503353119,-12.6));
#2665=CARTESIAN_POINT('Origin',(42.5,84.5,-8.86));
#2666=CARTESIAN_POINT('',(81.1181042039626,89.0669098854065,-8.86));
#2667=CARTESIAN_POINT('Origin',(42.5,84.5,-8.86));
#2668=CARTESIAN_POINT('',(-0.100000000000004,67.2465033531189,-8.86));
#2669=CARTESIAN_POINT('',(86.0345001220703,67.2465033531189,-8.86));
#2670=CARTESIAN_POINT('',(-0.100000000000004,84.6232516765594,-8.86));
#2671=CARTESIAN_POINT('Origin',(-0.46549987792968,67.2465033531189,4.45));
#2672=CARTESIAN_POINT('',(-0.100000000000004,67.2465033531189,-12.6));
#2673=CARTESIAN_POINT('Origin',(2.9,67.2465033531189,-12.6));
#2674=CARTESIAN_POINT('',(-0.100000000000004,67.2465033531189,-4.5775));
#2675=CARTESIAN_POINT('Origin',(2.9,42.75,-12.6));
#2676=CARTESIAN_POINT('',(-0.1,169.,-12.6));
#2677=CARTESIAN_POINT('',(-0.1,42.75,-12.6));
#2678=CARTESIAN_POINT('Origin',(2.9,169.,-12.6));
#2679=CARTESIAN_POINT('Origin',(81.6169775626341,93.633819770813,-9.27860445126541));
#2680=CARTESIAN_POINT('',(85.0698762672714,182.,-12.175930480819));
#2681=CARTESIAN_POINT('Origin',(77.5,-12.6,-19.1));
#2682=CARTESIAN_POINT('',(79.6,-12.6,-9.69999999999999));
#2683=CARTESIAN_POINT('',(79.6,-12.6,-19.1));
#2684=CARTESIAN_POINT('',(4.,-12.6,-9.69999999999999));
#2685=CARTESIAN_POINT('',(4.,-12.6,-19.1));
#2686=CARTESIAN_POINT('',(7.5,-12.6,-9.69999999999999));
#2687=CARTESIAN_POINT('Origin',(42.5,82.5,-9.69999999999999));
#2688=CARTESIAN_POINT('',(4.,39.45,-9.69999999999999));
#2689=CARTESIAN_POINT('',(79.6,39.25,-9.69999999999999));
#2690=CARTESIAN_POINT('Origin',(4.,-3.59999999999999,-19.1));
#2691=CARTESIAN_POINT('Origin',(79.6,-3.99999999999999,-19.1));
#2692=CARTESIAN_POINT('Origin',(86.6,151.120558300653,-9.79999999999999));
#2693=CARTESIAN_POINT('',(89.6,151.120558300653,-9.69999999999999));
#2694=CARTESIAN_POINT('',(89.6,151.120558300653,-9.79999999999999));
#2695=CARTESIAN_POINT('',(90.05,151.120558300653,-9.69999999999999));
#2696=CARTESIAN_POINT('Origin',(42.5,84.5000075480986,-9.69999999999999));
#2697=CARTESIAN_POINT('',(89.6,126.120558300653,-9.69999999999999));
#2698=CARTESIAN_POINT('',(90.25,126.120558300653,-9.69999999999999));
#2699=CARTESIAN_POINT('',(89.6,132.310279150327,-9.69999999999999));
#2700=CARTESIAN_POINT('Origin',(87.,126.120558300653,-9.79999999999999));
#2701=CARTESIAN_POINT('',(89.6,126.120558300653,-9.79999999999999));
#2702=CARTESIAN_POINT('Origin',(89.6,126.120558300653,-9.79999999999999));
#2703=CARTESIAN_POINT('Origin',(100.,155.,-9.59999999999999));
#2704=CARTESIAN_POINT('',(71.25,155.,-15.6));
#2705=CARTESIAN_POINT('Origin',(87.2808111004686,155.,4.89728061140621));
#2706=CARTESIAN_POINT('Origin',(87.2808111004686,152.,4.89728061140621));
#2707=CARTESIAN_POINT('',(77.9603907600138,152.,-6.210363813819));
#2708=CARTESIAN_POINT('Origin',(87.2808111004686,152.,4.89728061140621));
#2709=CARTESIAN_POINT('Ctrl Pts',(77.9603907600138,152.,-6.210363813819));
#2710=CARTESIAN_POINT('Ctrl Pts',(79.209330043692,152.741590206164,-7.25834830611616));
#2711=CARTESIAN_POINT('Ctrl Pts',(80.5927097683537,153.571571425994,-8.41914172285796));
#2712=CARTESIAN_POINT('Ctrl Pts',(82.0000018467658,154.170599598873,-9.5999999868123));
#2713=CARTESIAN_POINT('Ctrl Pts',(82.0006390012776,154.170870810165,-9.60053462292809));
#2714=CARTESIAN_POINT('Ctrl Pts',(82.0012761685587,154.171141976888,-9.60106926975867));
#2715=CARTESIAN_POINT('Ctrl Pts',(82.0019133485976,154.171413099007,-9.60160392729427));
#2716=CARTESIAN_POINT('Origin',(87.2808111004686,145.25,4.89728061140621));
#2717=CARTESIAN_POINT('',(77.9603907600138,125.,-6.210363813819));
#2718=CARTESIAN_POINT('Origin',(87.2808111004686,125.,4.89728061140621));
#2719=CARTESIAN_POINT('',(77.9603907600138,145.25,-6.210363813819));
#2720=CARTESIAN_POINT('Origin',(81.6169775626341,93.633819770813,-9.27860445126541));
#2721=CARTESIAN_POINT('Ctrl Pts',(77.9603907600138,125.,-6.210363813819));
#2722=CARTESIAN_POINT('Ctrl Pts',(79.2099301517577,124.258053464053,-7.25885185657276));
#2723=CARTESIAN_POINT('Ctrl Pts',(80.5939525969224,123.427678647763,-8.42018457985155));
#2724=CARTESIAN_POINT('Ctrl Pts',(82.0019133485977,122.828586900993,-9.60160392729435));
#2725=CARTESIAN_POINT('',(82.0019133485977,182.,-9.60160392729435));
#2726=CARTESIAN_POINT('',(82.,-12.5,-9.59999999999999));
#2727=CARTESIAN_POINT('',(82.,84.,-9.59999999999999));
#2728=CARTESIAN_POINT('',(80.212371473591,-11.,-8.09999999999999));
#2729=CARTESIAN_POINT('Origin',(80.212371473591,-12.5,-8.09999999999999));
#2730=CARTESIAN_POINT('',(64.0641102939395,-11.,5.45000000000001));
#2731=CARTESIAN_POINT('',(81.6169775626341,-11.,-9.27860445126541));
#2732=CARTESIAN_POINT('',(64.0641102939395,15.84,5.45000000000001));
#2733=CARTESIAN_POINT('',(64.0641102939395,88.5669098854065,5.45));
#2734=CARTESIAN_POINT('',(72.2276224032098,15.84,-1.39999999999999));
#2735=CARTESIAN_POINT('',(57.9304359633619,15.84,10.5967638685492));
#2736=CARTESIAN_POINT('',(72.2276224032098,151.,-1.39999999999999));
#2737=CARTESIAN_POINT('',(72.2276224032098,88.5669098854065,-1.39999999999999));
#2738=CARTESIAN_POINT('',(64.0641102939395,151.,5.44999999999999));
#2739=CARTESIAN_POINT('',(78.4692790725332,151.,-6.63737180916442));
#2740=CARTESIAN_POINT('',(64.0641102939395,169.,5.44999999999999));
#2741=CARTESIAN_POINT('',(64.0641102939395,88.5669098854065,5.45));
#2742=CARTESIAN_POINT('',(59.9645189681889,169.,8.88996556941492));
#2743=CARTESIAN_POINT('Origin',(77.5,151.19,-1.39999999999999));
#2744=CARTESIAN_POINT('',(-2.95,151.19,5.44999999999999));
#2745=CARTESIAN_POINT('',(60.,151.19,5.44999999999999));
#2746=CARTESIAN_POINT('',(-2.95,151.19,-1.39999999999999));
#2747=CARTESIAN_POINT('',(-2.95,151.19,-1.39999999999999));
#2748=CARTESIAN_POINT('',(7.5,151.19,-1.39999999999999));
#2749=CARTESIAN_POINT('Origin',(77.5,151.,-1.39999999999999));
#2750=CARTESIAN_POINT('',(87.94,151.,-1.39999999999999));
#2751=CARTESIAN_POINT('',(7.5,151.,-1.39999999999999));
#2752=CARTESIAN_POINT('',(87.94,151.,5.44999999999999));
#2753=CARTESIAN_POINT('',(87.94,151.,-1.39999999999999));
#2754=CARTESIAN_POINT('',(60.,151.,5.44999999999999));
#2755=CARTESIAN_POINT('Origin',(7.5,15.84,-1.39999999999999));
#2756=CARTESIAN_POINT('',(-2.95,15.84,5.45000000000001));
#2757=CARTESIAN_POINT('',(25.,15.84,5.45000000000001));
#2758=CARTESIAN_POINT('',(-2.95,15.84,-1.39999999999999));
#2759=CARTESIAN_POINT('',(77.5,15.84,-1.39999999999999));
#2760=CARTESIAN_POINT('',(-2.95,15.84,-1.39999999999999));
#2761=CARTESIAN_POINT('Origin',(38.75,83.5,-1.39999999999999));
#2762=CARTESIAN_POINT('',(-2.95,27.,-1.39999999999999));
#2763=CARTESIAN_POINT('Origin',(38.75,83.5,-1.39999999999999));
#2764=CARTESIAN_POINT('',(87.94,15.84,-1.39999999999999));
#2765=CARTESIAN_POINT('',(77.5,15.84,-1.39999999999999));
#2766=CARTESIAN_POINT('',(87.94,142.,-1.39999999999999));
#2767=CARTESIAN_POINT('Origin',(87.94,27.,-1.39999999999999));
#2768=CARTESIAN_POINT('',(87.94,15.84,5.45000000000001));
#2769=CARTESIAN_POINT('',(87.94,55.25,5.45));
#2770=CARTESIAN_POINT('',(87.94,15.84,-1.39999999999999));
#2771=CARTESIAN_POINT('Origin',(7.5,15.84,-1.39999999999999));
#2772=CARTESIAN_POINT('',(25.,15.84,5.45000000000001));
#2773=CARTESIAN_POINT('Origin',(-2.95,142.,-1.39999999999999));
#2774=CARTESIAN_POINT('',(-2.95,112.75,5.45));
#2775=CARTESIAN_POINT('Origin',(-0.1,0.,-9.59999999999999));
#2776=CARTESIAN_POINT('',(-0.1,42.75,-12.6));
#2777=CARTESIAN_POINT('',(-0.1,169.,-14.1));
#2778=CARTESIAN_POINT('Origin',(71.25,152.,-15.6));
#2779=CARTESIAN_POINT('Origin',(71.25,125.,-15.6));
#2780=CARTESIAN_POINT('',(71.25,122.,-15.6));
#2781=CARTESIAN_POINT('Origin',(42.5,83.5,5.45));
#2782=CARTESIAN_POINT('',(42.0011672421432,169.,5.44999999999999));
#2783=CARTESIAN_POINT('',(49.,-11.,5.45000000000001));
#2784=CARTESIAN_POINT('',(63.75,-11.,5.45000000000001));
#2785=CARTESIAN_POINT('',(47.5,-12.5,5.45000000000001));
#2786=CARTESIAN_POINT('Origin',(49.,-12.5,5.45));
#2787=CARTESIAN_POINT('',(47.5,36.25,5.45));
#2788=CARTESIAN_POINT('Origin',(85.,-11.,-18.6));
#2789=CARTESIAN_POINT('',(49.,-11.,-8.09999999999999));
#2790=CARTESIAN_POINT('',(62.875,-11.,-8.09999999999999));
#2791=CARTESIAN_POINT('',(49.,-11.,-6.57499999999999));
#2792=CARTESIAN_POINT('Origin',(87.2808111004686,125.,4.89728061140621));
#2793=CARTESIAN_POINT('Origin',(87.2808111004686,122.,4.89728061140621));
#2794=CARTESIAN_POINT('Origin',(49.,-12.5,-6.57499999999999));
#2795=CARTESIAN_POINT('',(47.5,-12.5,-8.09999999999999));
#2796=CARTESIAN_POINT('Origin',(49.,-12.5,-8.09999999999999));
#2797=CARTESIAN_POINT('',(47.5,-12.5,-6.57499999999999));
#2798=CARTESIAN_POINT('Origin',(47.5,-11.,5.45000000000002));
#2799=CARTESIAN_POINT('',(47.5,37.25,-8.09999999999999));
#2800=CARTESIAN_POINT('Origin',(100.,122.,-18.6));
#2801=CARTESIAN_POINT('Origin',(-3.97718508441871E-43,169.,-18.6));
#2802=CARTESIAN_POINT('Origin',(40.75,85.5,-9.59999999999999));
#2803=CARTESIAN_POINT('',(49.,-12.5,-9.59999999999999));
#2804=CARTESIAN_POINT('',(49.,37.25,-9.59999999999999));
#2805=CARTESIAN_POINT('',(62.875,-12.5,-9.59999999999999));
#2806=CARTESIAN_POINT('Origin',(49.,-12.5,-8.09999999999999));
#2807=CARTESIAN_POINT('Origin',(49.,-12.5,-8.09999999999999));
#2808=CARTESIAN_POINT('Origin',(49.,-12.5,-8.09999999999999));
#2809=CARTESIAN_POINT('Origin',(62.875,-12.5,-8.09999999999999));
#2810=CARTESIAN_POINT('Origin',(49.,37.25,-8.09999999999999));
#2811=CARTESIAN_POINT('Origin',(82.1,182.,-12.6));
#2812=CARTESIAN_POINT('Origin',(2.9,42.75,-12.6));
#2813=CARTESIAN_POINT('Origin',(2.5,115.75,-18.6));
#2814=CARTESIAN_POINT('Origin',(2.5,153.,-18.6));
#2815=CARTESIAN_POINT('Origin',(2.5,15.,-18.6));
#2816=CARTESIAN_POINT('Origin',(61.75,153.,-18.6));
#2817=CARTESIAN_POINT('Origin',(82.5,153.,-18.6));
#2818=CARTESIAN_POINT('Origin',(82.5,50.25,-18.6));
#2819=CARTESIAN_POINT('Origin',(82.5,15.,-18.6));
#2820=CARTESIAN_POINT('Origin',(23.25,15.,-18.6));
#2821=UNCERTAINTY_MEASURE_WITH_UNIT(LENGTH_MEASURE(0.01),#2825,
'DISTANCE_ACCURACY_VALUE',
'Maximum model space distance between geometric entities at asserted c
onnectivities');
#2822=UNCERTAINTY_MEASURE_WITH_UNIT(LENGTH_MEASURE(0.01),#2825,
'DISTANCE_ACCURACY_VALUE',
'Maximum model space distance between geometric entities at asserted c
onnectivities');
#2823=(
GEOMETRIC_REPRESENTATION_CONTEXT(3)
GLOBAL_UNCERTAINTY_ASSIGNED_CONTEXT((#2821))
GLOBAL_UNIT_ASSIGNED_CONTEXT((#2825,#2827,#2828))
REPRESENTATION_CONTEXT('','3D')
);
#2824=(
GEOMETRIC_REPRESENTATION_CONTEXT(3)
GLOBAL_UNCERTAINTY_ASSIGNED_CONTEXT((#2822))
GLOBAL_UNIT_ASSIGNED_CONTEXT((#2825,#2827,#2828))
REPRESENTATION_CONTEXT('','3D')
);
#2825=(
LENGTH_UNIT()
NAMED_UNIT(*)
SI_UNIT(.MILLI.,.METRE.)
);
#2826=(
LENGTH_UNIT()
NAMED_UNIT(*)
SI_UNIT($,.METRE.)
);
#2827=(
NAMED_UNIT(*)
PLANE_ANGLE_UNIT()
SI_UNIT($,.RADIAN.)
);
#2828=(
NAMED_UNIT(*)
SI_UNIT($,.STERADIAN.)
SOLID_ANGLE_UNIT()
);
#2829=SHAPE_DEFINITION_REPRESENTATION(#2830,#2831);
#2830=PRODUCT_DEFINITION_SHAPE('',$,#2833);
#2831=SHAPE_REPRESENTATION('',(#1662),#2823);
#2832=PRODUCT_DEFINITION_CONTEXT('part definition',#2837,'design');
#2833=PRODUCT_DEFINITION('vizio_1_gang_bezel_and_plate',
'vizio_1_gang_bezel_and_plate v23',#2834,#2832);
#2834=PRODUCT_DEFINITION_FORMATION('',$,#2839);
#2835=PRODUCT_RELATED_PRODUCT_CATEGORY(
'vizio_1_gang_bezel_and_plate v23','vizio_1_gang_bezel_and_plate v23',(#2839));
#2836=APPLICATION_PROTOCOL_DEFINITION('international standard',
'automotive_design',2009,#2837);
#2837=APPLICATION_CONTEXT(
'Core Data for Automotive Mechanical Design Process');
#2838=PRODUCT_CONTEXT('part definition',#2837,'mechanical');
#2839=PRODUCT('vizio_1_gang_bezel_and_plate',
'vizio_1_gang_bezel_and_plate v23',$,(#2838));
#2840=PRESENTATION_STYLE_ASSIGNMENT((#2845));
#2841=PRESENTATION_STYLE_ASSIGNMENT((#2846));
#2842=PRESENTATION_STYLE_ASSIGNMENT((#2847));
#2843=PRESENTATION_STYLE_ASSIGNMENT((#2848));
#2844=PRESENTATION_STYLE_ASSIGNMENT((#2849));
#2845=SURFACE_STYLE_USAGE(.BOTH.,#2850);
#2846=SURFACE_STYLE_USAGE(.BOTH.,#2851);
#2847=SURFACE_STYLE_USAGE(.BOTH.,#2852);
#2848=SURFACE_STYLE_USAGE(.BOTH.,#2853);
#2849=SURFACE_STYLE_USAGE(.BOTH.,#2854);
#2850=SURFACE_SIDE_STYLE('',(#2855));
#2851=SURFACE_SIDE_STYLE('',(#2856));
#2852=SURFACE_SIDE_STYLE('',(#2857));
#2853=SURFACE_SIDE_STYLE('',(#2858));
#2854=SURFACE_SIDE_STYLE('',(#2859));
#2855=SURFACE_STYLE_FILL_AREA(#2860);
#2856=SURFACE_STYLE_FILL_AREA(#2861);
#2857=SURFACE_STYLE_FILL_AREA(#2862);
#2858=SURFACE_STYLE_FILL_AREA(#2863);
#2859=SURFACE_STYLE_FILL_AREA(#2864);
#2860=FILL_AREA_STYLE('Steel - Satin',(#2865));
#2861=FILL_AREA_STYLE('yellow',(#2866));
#2862=FILL_AREA_STYLE('Rubber - Hard',(#2867));
#2863=FILL_AREA_STYLE('white',(#2868));
#2864=FILL_AREA_STYLE('blue',(#2869));
#2865=FILL_AREA_STYLE_COLOUR('Steel - Satin',#2870);
#2866=FILL_AREA_STYLE_COLOUR('yellow',#2871);
#2867=FILL_AREA_STYLE_COLOUR('Rubber - Hard',#2872);
#2868=FILL_AREA_STYLE_COLOUR('white',#2873);
#2869=FILL_AREA_STYLE_COLOUR('blue',#2874);
#2870=COLOUR_RGB('Steel - Satin',0.627450980392157,0.627450980392157,0.627450980392157);
#2871=COLOUR_RGB('yellow',0.909803921568627,0.67843137254902,0.137254901960784);
#2872=COLOUR_RGB('Rubber - Hard',0.152941176470588,0.152941176470588,0.152941176470588);
#2873=COLOUR_RGB('white',1.,1.,1.);
#2874=COLOUR_RGB('blue',0.403921568627451,0.792156862745098,1.);
ENDSEC;
END-ISO-10303-21;
