ISO-10303-21;
HEADER;
/* Generated by software containing ST-Developer
 * from STEP Tools, Inc. (www.steptools.com) 
 */

FILE_DESCRIPTION(
/* description */ (''),
/* implementation_level */ '2;1');

FILE_NAME(
/* name */ 'folding_wall_hooks_v4.step',
/* time_stamp */ '2026-03-17T23:34:43-04:00',
/* author */ (''),
/* organization */ (''),
/* preprocessor_version */ 'ST-DEVELOPER v20.1',
/* originating_system */ 'Autodesk Translation Framework v14.24.0.0',
/* authorisation */ '');

FILE_SCHEMA (('AUTOMOTIVE_DESIGN { 1 0 10303 214 3 1 1 }'));
ENDSEC;

DATA;
#10=MECHANICAL_DESIGN_GEOMETRIC_PRESENTATION_REPRESENTATION('',(#30,#31,
#32,#33,#34,#35,#36,#37,#38,#39,#40,#41,#42,#43,#44,#45,#46,#47,#48,#49,
#50,#51,#52,#53,#54,#55,#56,#57,#58,#59,#60,#61,#62,#63,#64,#65),#8358);
#11=SHAPE_REPRESENTATION_RELATIONSHIP('SRR','None',#8368,#12);
#12=ADVANCED_BREP_SHAPE_REPRESENTATION('',(#66,#67,#68,#69,#70,#71,#72,
#73,#74,#75,#76,#77,#78,#79,#80,#81,#82,#83,#84,#85,#86,#87,#88,#89,#90,
#91,#92,#93,#94,#95,#96,#97,#98,#99,#100,#101),#8357);
#13=FACE_BOUND('',#634,.T.);
#14=FACE_BOUND('',#639,.T.);
#15=FACE_BOUND('',#882,.T.);
#16=FACE_BOUND('',#884,.T.);
#17=FACE_BOUND('',#895,.T.);
#18=FACE_BOUND('',#896,.T.);
#19=FACE_BOUND('',#898,.T.);
#20=FACE_BOUND('',#899,.T.);
#21=FACE_BOUND('',#901,.T.);
#22=FACE_BOUND('',#912,.T.);
#23=FACE_BOUND('',#914,.T.);
#24=FACE_BOUND('',#916,.T.);
#25=FACE_BOUND('',#918,.T.);
#26=FACE_BOUND('',#929,.T.);
#27=FACE_BOUND('',#930,.T.);
#28=FACE_BOUND('',#932,.T.);
#29=FACE_BOUND('',#933,.T.);
#30=STYLED_ITEM('',(#8377),#66);
#31=STYLED_ITEM('',(#8377),#67);
#32=STYLED_ITEM('',(#8377),#68);
#33=STYLED_ITEM('',(#8378),#69);
#34=STYLED_ITEM('',(#8377),#70);
#35=STYLED_ITEM('',(#8377),#71);
#36=STYLED_ITEM('',(#8377),#72);
#37=STYLED_ITEM('',(#8377),#73);
#38=STYLED_ITEM('',(#8377),#74);
#39=STYLED_ITEM('',(#8377),#75);
#40=STYLED_ITEM('',(#8377),#76);
#41=STYLED_ITEM('',(#8377),#77);
#42=STYLED_ITEM('',(#8377),#78);
#43=STYLED_ITEM('',(#8377),#79);
#44=STYLED_ITEM('',(#8377),#80);
#45=STYLED_ITEM('',(#8377),#81);
#46=STYLED_ITEM('',(#8377),#82);
#47=STYLED_ITEM('',(#8377),#83);
#48=STYLED_ITEM('',(#8377),#84);
#49=STYLED_ITEM('',(#8377),#85);
#50=STYLED_ITEM('',(#8377),#86);
#51=STYLED_ITEM('',(#8377),#87);
#52=STYLED_ITEM('',(#8377),#88);
#53=STYLED_ITEM('',(#8377),#89);
#54=STYLED_ITEM('',(#8377),#90);
#55=STYLED_ITEM('',(#8377),#91);
#56=STYLED_ITEM('',(#8377),#92);
#57=STYLED_ITEM('',(#8377),#93);
#58=STYLED_ITEM('',(#8378),#94);
#59=STYLED_ITEM('',(#8378),#95);
#60=STYLED_ITEM('',(#8378),#96);
#61=STYLED_ITEM('',(#8377),#97);
#62=STYLED_ITEM('',(#8377),#98);
#63=STYLED_ITEM('',(#8379),#99);
#64=STYLED_ITEM('',(#8379),#100);
#65=STYLED_ITEM('',(#8379),#101);
#66=MANIFOLD_SOLID_BREP('end',#4955);
#67=MANIFOLD_SOLID_BREP('end2',#4956);
#68=MANIFOLD_SOLID_BREP('arm',#4957);
#69=MANIFOLD_SOLID_BREP('cross',#4958);
#70=MANIFOLD_SOLID_BREP('arm (1)',#4959);
#71=MANIFOLD_SOLID_BREP('arm (2)',#4960);
#72=MANIFOLD_SOLID_BREP('arm (3)',#4961);
#73=MANIFOLD_SOLID_BREP('arm (4)',#4962);
#74=MANIFOLD_SOLID_BREP('arm (5)',#4963);
#75=MANIFOLD_SOLID_BREP('arm (6)',#4964);
#76=MANIFOLD_SOLID_BREP('arm (7)',#4965);
#77=MANIFOLD_SOLID_BREP('arm (8)',#4966);
#78=MANIFOLD_SOLID_BREP('arm (9)',#4967);
#79=MANIFOLD_SOLID_BREP('arm (10)',#4968);
#80=MANIFOLD_SOLID_BREP('arm (11)',#4969);
#81=MANIFOLD_SOLID_BREP('arm (12)',#4970);
#82=MANIFOLD_SOLID_BREP('arm (13)',#4971);
#83=MANIFOLD_SOLID_BREP('arm (14)',#4972);
#84=MANIFOLD_SOLID_BREP('arm (15)',#4973);
#85=MANIFOLD_SOLID_BREP('slat',#4974);
#86=MANIFOLD_SOLID_BREP('slat (7)',#4975);
#87=MANIFOLD_SOLID_BREP('slat (5)',#4976);
#88=MANIFOLD_SOLID_BREP('slat (3)',#4977);
#89=MANIFOLD_SOLID_BREP('slat (6)',#4978);
#90=MANIFOLD_SOLID_BREP('slat (4)',#4979);
#91=MANIFOLD_SOLID_BREP('slat (1)',#4980);
#92=MANIFOLD_SOLID_BREP('slat (2)',#4981);
#93=MANIFOLD_SOLID_BREP('slat (8)',#4982);
#94=MANIFOLD_SOLID_BREP('cross (1)',#4983);
#95=MANIFOLD_SOLID_BREP('cross (1) (1)',#4984);
#96=MANIFOLD_SOLID_BREP('cross (2)',#4985);
#97=MANIFOLD_SOLID_BREP('DOWEL',#4986);
#98=MANIFOLD_SOLID_BREP('DOWEL (1)',#4987);
#99=MANIFOLD_SOLID_BREP('end_plate',#4988);
#100=MANIFOLD_SOLID_BREP('arm_plate',#4989);
#101=MANIFOLD_SOLID_BREP('slat_plate',#4990);
#102=PLANE('',#5007);
#103=PLANE('',#5008);
#104=PLANE('',#5012);
#105=PLANE('',#5013);
#106=PLANE('',#5014);
#107=PLANE('',#5015);
#108=PLANE('',#5019);
#109=PLANE('',#5020);
#110=PLANE('',#5024);
#111=PLANE('',#5025);
#112=PLANE('',#5026);
#113=PLANE('',#5027);
#114=PLANE('',#5031);
#115=PLANE('',#5035);
#116=PLANE('',#5036);
#117=PLANE('',#5039);
#118=PLANE('',#5043);
#119=PLANE('',#5045);
#120=PLANE('',#5046);
#121=PLANE('',#5047);
#122=PLANE('',#5048);
#123=PLANE('',#5049);
#124=PLANE('',#5050);
#125=PLANE('',#5051);
#126=PLANE('',#5055);
#127=PLANE('',#5056);
#128=PLANE('',#5059);
#129=PLANE('',#5062);
#130=PLANE('',#5065);
#131=PLANE('',#5066);
#132=PLANE('',#5070);
#133=PLANE('',#5071);
#134=PLANE('',#5074);
#135=PLANE('',#5077);
#136=PLANE('',#5080);
#137=PLANE('',#5081);
#138=PLANE('',#5085);
#139=PLANE('',#5086);
#140=PLANE('',#5089);
#141=PLANE('',#5092);
#142=PLANE('',#5095);
#143=PLANE('',#5096);
#144=PLANE('',#5100);
#145=PLANE('',#5101);
#146=PLANE('',#5104);
#147=PLANE('',#5107);
#148=PLANE('',#5110);
#149=PLANE('',#5111);
#150=PLANE('',#5115);
#151=PLANE('',#5116);
#152=PLANE('',#5119);
#153=PLANE('',#5122);
#154=PLANE('',#5125);
#155=PLANE('',#5126);
#156=PLANE('',#5130);
#157=PLANE('',#5131);
#158=PLANE('',#5134);
#159=PLANE('',#5137);
#160=PLANE('',#5140);
#161=PLANE('',#5141);
#162=PLANE('',#5145);
#163=PLANE('',#5146);
#164=PLANE('',#5149);
#165=PLANE('',#5152);
#166=PLANE('',#5155);
#167=PLANE('',#5156);
#168=PLANE('',#5160);
#169=PLANE('',#5161);
#170=PLANE('',#5164);
#171=PLANE('',#5167);
#172=PLANE('',#5170);
#173=PLANE('',#5171);
#174=PLANE('',#5175);
#175=PLANE('',#5176);
#176=PLANE('',#5179);
#177=PLANE('',#5182);
#178=PLANE('',#5185);
#179=PLANE('',#5186);
#180=PLANE('',#5190);
#181=PLANE('',#5191);
#182=PLANE('',#5194);
#183=PLANE('',#5197);
#184=PLANE('',#5200);
#185=PLANE('',#5201);
#186=PLANE('',#5205);
#187=PLANE('',#5206);
#188=PLANE('',#5209);
#189=PLANE('',#5212);
#190=PLANE('',#5215);
#191=PLANE('',#5216);
#192=PLANE('',#5220);
#193=PLANE('',#5221);
#194=PLANE('',#5224);
#195=PLANE('',#5227);
#196=PLANE('',#5230);
#197=PLANE('',#5231);
#198=PLANE('',#5235);
#199=PLANE('',#5236);
#200=PLANE('',#5239);
#201=PLANE('',#5242);
#202=PLANE('',#5245);
#203=PLANE('',#5246);
#204=PLANE('',#5250);
#205=PLANE('',#5251);
#206=PLANE('',#5254);
#207=PLANE('',#5257);
#208=PLANE('',#5260);
#209=PLANE('',#5261);
#210=PLANE('',#5265);
#211=PLANE('',#5266);
#212=PLANE('',#5269);
#213=PLANE('',#5272);
#214=PLANE('',#5275);
#215=PLANE('',#5276);
#216=PLANE('',#5280);
#217=PLANE('',#5281);
#218=PLANE('',#5285);
#219=PLANE('',#5286);
#220=PLANE('',#5287);
#221=PLANE('',#5288);
#222=PLANE('',#5292);
#223=PLANE('',#5293);
#224=PLANE('',#5297);
#225=PLANE('',#5298);
#226=PLANE('',#5299);
#227=PLANE('',#5300);
#228=PLANE('',#5304);
#229=PLANE('',#5305);
#230=PLANE('',#5309);
#231=PLANE('',#5310);
#232=PLANE('',#5311);
#233=PLANE('',#5312);
#234=PLANE('',#5316);
#235=PLANE('',#5317);
#236=PLANE('',#5321);
#237=PLANE('',#5322);
#238=PLANE('',#5323);
#239=PLANE('',#5324);
#240=PLANE('',#5328);
#241=PLANE('',#5329);
#242=PLANE('',#5333);
#243=PLANE('',#5334);
#244=PLANE('',#5335);
#245=PLANE('',#5336);
#246=PLANE('',#5340);
#247=PLANE('',#5341);
#248=PLANE('',#5345);
#249=PLANE('',#5346);
#250=PLANE('',#5347);
#251=PLANE('',#5348);
#252=PLANE('',#5352);
#253=PLANE('',#5353);
#254=PLANE('',#5357);
#255=PLANE('',#5358);
#256=PLANE('',#5359);
#257=PLANE('',#5360);
#258=PLANE('',#5364);
#259=PLANE('',#5365);
#260=PLANE('',#5369);
#261=PLANE('',#5370);
#262=PLANE('',#5371);
#263=PLANE('',#5372);
#264=PLANE('',#5376);
#265=PLANE('',#5377);
#266=PLANE('',#5381);
#267=PLANE('',#5382);
#268=PLANE('',#5383);
#269=PLANE('',#5384);
#270=PLANE('',#5385);
#271=PLANE('',#5386);
#272=PLANE('',#5387);
#273=PLANE('',#5388);
#274=PLANE('',#5389);
#275=PLANE('',#5390);
#276=PLANE('',#5391);
#277=PLANE('',#5392);
#278=PLANE('',#5393);
#279=PLANE('',#5394);
#280=PLANE('',#5395);
#281=PLANE('',#5396);
#282=PLANE('',#5397);
#283=PLANE('',#5398);
#284=PLANE('',#5399);
#285=PLANE('',#5400);
#286=PLANE('',#5401);
#287=PLANE('',#5402);
#288=PLANE('',#5403);
#289=PLANE('',#5407);
#290=PLANE('',#5408);
#291=PLANE('',#5412);
#292=PLANE('',#5413);
#293=PLANE('',#5416);
#294=PLANE('',#5427);
#295=PLANE('',#5431);
#296=PLANE('',#5432);
#297=PLANE('',#5433);
#298=PLANE('',#5434);
#299=PLANE('',#5435);
#300=PLANE('',#5436);
#301=PLANE('',#5446);
#302=PLANE('',#5450);
#303=PLANE('',#5451);
#304=PLANE('',#5455);
#305=PLANE('',#5456);
#306=PLANE('',#5457);
#307=PLANE('',#5458);
#308=PLANE('',#5461);
#309=PLANE('',#5472);
#310=PLANE('',#5473);
#311=PLANE('',#5474);
#312=PLANE('',#5475);
#313=PLANE('',#5479);
#314=PLANE('',#5480);
#315=FACE_OUTER_BOUND('',#616,.T.);
#316=FACE_OUTER_BOUND('',#617,.T.);
#317=FACE_OUTER_BOUND('',#618,.T.);
#318=FACE_OUTER_BOUND('',#619,.T.);
#319=FACE_OUTER_BOUND('',#620,.T.);
#320=FACE_OUTER_BOUND('',#621,.T.);
#321=FACE_OUTER_BOUND('',#622,.T.);
#322=FACE_OUTER_BOUND('',#623,.T.);
#323=FACE_OUTER_BOUND('',#624,.T.);
#324=FACE_OUTER_BOUND('',#625,.T.);
#325=FACE_OUTER_BOUND('',#626,.T.);
#326=FACE_OUTER_BOUND('',#627,.T.);
#327=FACE_OUTER_BOUND('',#628,.T.);
#328=FACE_OUTER_BOUND('',#629,.T.);
#329=FACE_OUTER_BOUND('',#630,.T.);
#330=FACE_OUTER_BOUND('',#631,.T.);
#331=FACE_OUTER_BOUND('',#632,.T.);
#332=FACE_OUTER_BOUND('',#633,.T.);
#333=FACE_OUTER_BOUND('',#635,.T.);
#334=FACE_OUTER_BOUND('',#636,.T.);
#335=FACE_OUTER_BOUND('',#637,.T.);
#336=FACE_OUTER_BOUND('',#638,.T.);
#337=FACE_OUTER_BOUND('',#640,.T.);
#338=FACE_OUTER_BOUND('',#641,.T.);
#339=FACE_OUTER_BOUND('',#642,.T.);
#340=FACE_OUTER_BOUND('',#643,.T.);
#341=FACE_OUTER_BOUND('',#644,.T.);
#342=FACE_OUTER_BOUND('',#645,.T.);
#343=FACE_OUTER_BOUND('',#646,.T.);
#344=FACE_OUTER_BOUND('',#647,.T.);
#345=FACE_OUTER_BOUND('',#648,.T.);
#346=FACE_OUTER_BOUND('',#649,.T.);
#347=FACE_OUTER_BOUND('',#650,.T.);
#348=FACE_OUTER_BOUND('',#651,.T.);
#349=FACE_OUTER_BOUND('',#652,.T.);
#350=FACE_OUTER_BOUND('',#653,.T.);
#351=FACE_OUTER_BOUND('',#654,.T.);
#352=FACE_OUTER_BOUND('',#655,.T.);
#353=FACE_OUTER_BOUND('',#656,.T.);
#354=FACE_OUTER_BOUND('',#657,.T.);
#355=FACE_OUTER_BOUND('',#658,.T.);
#356=FACE_OUTER_BOUND('',#659,.T.);
#357=FACE_OUTER_BOUND('',#660,.T.);
#358=FACE_OUTER_BOUND('',#661,.T.);
#359=FACE_OUTER_BOUND('',#662,.T.);
#360=FACE_OUTER_BOUND('',#663,.T.);
#361=FACE_OUTER_BOUND('',#664,.T.);
#362=FACE_OUTER_BOUND('',#665,.T.);
#363=FACE_OUTER_BOUND('',#666,.T.);
#364=FACE_OUTER_BOUND('',#667,.T.);
#365=FACE_OUTER_BOUND('',#668,.T.);
#366=FACE_OUTER_BOUND('',#669,.T.);
#367=FACE_OUTER_BOUND('',#670,.T.);
#368=FACE_OUTER_BOUND('',#671,.T.);
#369=FACE_OUTER_BOUND('',#672,.T.);
#370=FACE_OUTER_BOUND('',#673,.T.);
#371=FACE_OUTER_BOUND('',#674,.T.);
#372=FACE_OUTER_BOUND('',#675,.T.);
#373=FACE_OUTER_BOUND('',#676,.T.);
#374=FACE_OUTER_BOUND('',#677,.T.);
#375=FACE_OUTER_BOUND('',#678,.T.);
#376=FACE_OUTER_BOUND('',#679,.T.);
#377=FACE_OUTER_BOUND('',#680,.T.);
#378=FACE_OUTER_BOUND('',#681,.T.);
#379=FACE_OUTER_BOUND('',#682,.T.);
#380=FACE_OUTER_BOUND('',#683,.T.);
#381=FACE_OUTER_BOUND('',#684,.T.);
#382=FACE_OUTER_BOUND('',#685,.T.);
#383=FACE_OUTER_BOUND('',#686,.T.);
#384=FACE_OUTER_BOUND('',#687,.T.);
#385=FACE_OUTER_BOUND('',#688,.T.);
#386=FACE_OUTER_BOUND('',#689,.T.);
#387=FACE_OUTER_BOUND('',#690,.T.);
#388=FACE_OUTER_BOUND('',#691,.T.);
#389=FACE_OUTER_BOUND('',#692,.T.);
#390=FACE_OUTER_BOUND('',#693,.T.);
#391=FACE_OUTER_BOUND('',#694,.T.);
#392=FACE_OUTER_BOUND('',#695,.T.);
#393=FACE_OUTER_BOUND('',#696,.T.);
#394=FACE_OUTER_BOUND('',#697,.T.);
#395=FACE_OUTER_BOUND('',#698,.T.);
#396=FACE_OUTER_BOUND('',#699,.T.);
#397=FACE_OUTER_BOUND('',#700,.T.);
#398=FACE_OUTER_BOUND('',#701,.T.);
#399=FACE_OUTER_BOUND('',#702,.T.);
#400=FACE_OUTER_BOUND('',#703,.T.);
#401=FACE_OUTER_BOUND('',#704,.T.);
#402=FACE_OUTER_BOUND('',#705,.T.);
#403=FACE_OUTER_BOUND('',#706,.T.);
#404=FACE_OUTER_BOUND('',#707,.T.);
#405=FACE_OUTER_BOUND('',#708,.T.);
#406=FACE_OUTER_BOUND('',#709,.T.);
#407=FACE_OUTER_BOUND('',#710,.T.);
#408=FACE_OUTER_BOUND('',#711,.T.);
#409=FACE_OUTER_BOUND('',#712,.T.);
#410=FACE_OUTER_BOUND('',#713,.T.);
#411=FACE_OUTER_BOUND('',#714,.T.);
#412=FACE_OUTER_BOUND('',#715,.T.);
#413=FACE_OUTER_BOUND('',#716,.T.);
#414=FACE_OUTER_BOUND('',#717,.T.);
#415=FACE_OUTER_BOUND('',#718,.T.);
#416=FACE_OUTER_BOUND('',#719,.T.);
#417=FACE_OUTER_BOUND('',#720,.T.);
#418=FACE_OUTER_BOUND('',#721,.T.);
#419=FACE_OUTER_BOUND('',#722,.T.);
#420=FACE_OUTER_BOUND('',#723,.T.);
#421=FACE_OUTER_BOUND('',#724,.T.);
#422=FACE_OUTER_BOUND('',#725,.T.);
#423=FACE_OUTER_BOUND('',#726,.T.);
#424=FACE_OUTER_BOUND('',#727,.T.);
#425=FACE_OUTER_BOUND('',#728,.T.);
#426=FACE_OUTER_BOUND('',#729,.T.);
#427=FACE_OUTER_BOUND('',#730,.T.);
#428=FACE_OUTER_BOUND('',#731,.T.);
#429=FACE_OUTER_BOUND('',#732,.T.);
#430=FACE_OUTER_BOUND('',#733,.T.);
#431=FACE_OUTER_BOUND('',#734,.T.);
#432=FACE_OUTER_BOUND('',#735,.T.);
#433=FACE_OUTER_BOUND('',#736,.T.);
#434=FACE_OUTER_BOUND('',#737,.T.);
#435=FACE_OUTER_BOUND('',#738,.T.);
#436=FACE_OUTER_BOUND('',#739,.T.);
#437=FACE_OUTER_BOUND('',#740,.T.);
#438=FACE_OUTER_BOUND('',#741,.T.);
#439=FACE_OUTER_BOUND('',#742,.T.);
#440=FACE_OUTER_BOUND('',#743,.T.);
#441=FACE_OUTER_BOUND('',#744,.T.);
#442=FACE_OUTER_BOUND('',#745,.T.);
#443=FACE_OUTER_BOUND('',#746,.T.);
#444=FACE_OUTER_BOUND('',#747,.T.);
#445=FACE_OUTER_BOUND('',#748,.T.);
#446=FACE_OUTER_BOUND('',#749,.T.);
#447=FACE_OUTER_BOUND('',#750,.T.);
#448=FACE_OUTER_BOUND('',#751,.T.);
#449=FACE_OUTER_BOUND('',#752,.T.);
#450=FACE_OUTER_BOUND('',#753,.T.);
#451=FACE_OUTER_BOUND('',#754,.T.);
#452=FACE_OUTER_BOUND('',#755,.T.);
#453=FACE_OUTER_BOUND('',#756,.T.);
#454=FACE_OUTER_BOUND('',#757,.T.);
#455=FACE_OUTER_BOUND('',#758,.T.);
#456=FACE_OUTER_BOUND('',#759,.T.);
#457=FACE_OUTER_BOUND('',#760,.T.);
#458=FACE_OUTER_BOUND('',#761,.T.);
#459=FACE_OUTER_BOUND('',#762,.T.);
#460=FACE_OUTER_BOUND('',#763,.T.);
#461=FACE_OUTER_BOUND('',#764,.T.);
#462=FACE_OUTER_BOUND('',#765,.T.);
#463=FACE_OUTER_BOUND('',#766,.T.);
#464=FACE_OUTER_BOUND('',#767,.T.);
#465=FACE_OUTER_BOUND('',#768,.T.);
#466=FACE_OUTER_BOUND('',#769,.T.);
#467=FACE_OUTER_BOUND('',#770,.T.);
#468=FACE_OUTER_BOUND('',#771,.T.);
#469=FACE_OUTER_BOUND('',#772,.T.);
#470=FACE_OUTER_BOUND('',#773,.T.);
#471=FACE_OUTER_BOUND('',#774,.T.);
#472=FACE_OUTER_BOUND('',#775,.T.);
#473=FACE_OUTER_BOUND('',#776,.T.);
#474=FACE_OUTER_BOUND('',#777,.T.);
#475=FACE_OUTER_BOUND('',#778,.T.);
#476=FACE_OUTER_BOUND('',#779,.T.);
#477=FACE_OUTER_BOUND('',#780,.T.);
#478=FACE_OUTER_BOUND('',#781,.T.);
#479=FACE_OUTER_BOUND('',#782,.T.);
#480=FACE_OUTER_BOUND('',#783,.T.);
#481=FACE_OUTER_BOUND('',#784,.T.);
#482=FACE_OUTER_BOUND('',#785,.T.);
#483=FACE_OUTER_BOUND('',#786,.T.);
#484=FACE_OUTER_BOUND('',#787,.T.);
#485=FACE_OUTER_BOUND('',#788,.T.);
#486=FACE_OUTER_BOUND('',#789,.T.);
#487=FACE_OUTER_BOUND('',#790,.T.);
#488=FACE_OUTER_BOUND('',#791,.T.);
#489=FACE_OUTER_BOUND('',#792,.T.);
#490=FACE_OUTER_BOUND('',#793,.T.);
#491=FACE_OUTER_BOUND('',#794,.T.);
#492=FACE_OUTER_BOUND('',#795,.T.);
#493=FACE_OUTER_BOUND('',#796,.T.);
#494=FACE_OUTER_BOUND('',#797,.T.);
#495=FACE_OUTER_BOUND('',#798,.T.);
#496=FACE_OUTER_BOUND('',#799,.T.);
#497=FACE_OUTER_BOUND('',#800,.T.);
#498=FACE_OUTER_BOUND('',#801,.T.);
#499=FACE_OUTER_BOUND('',#802,.T.);
#500=FACE_OUTER_BOUND('',#803,.T.);
#501=FACE_OUTER_BOUND('',#804,.T.);
#502=FACE_OUTER_BOUND('',#805,.T.);
#503=FACE_OUTER_BOUND('',#806,.T.);
#504=FACE_OUTER_BOUND('',#807,.T.);
#505=FACE_OUTER_BOUND('',#808,.T.);
#506=FACE_OUTER_BOUND('',#809,.T.);
#507=FACE_OUTER_BOUND('',#810,.T.);
#508=FACE_OUTER_BOUND('',#811,.T.);
#509=FACE_OUTER_BOUND('',#812,.T.);
#510=FACE_OUTER_BOUND('',#813,.T.);
#511=FACE_OUTER_BOUND('',#814,.T.);
#512=FACE_OUTER_BOUND('',#815,.T.);
#513=FACE_OUTER_BOUND('',#816,.T.);
#514=FACE_OUTER_BOUND('',#817,.T.);
#515=FACE_OUTER_BOUND('',#818,.T.);
#516=FACE_OUTER_BOUND('',#819,.T.);
#517=FACE_OUTER_BOUND('',#820,.T.);
#518=FACE_OUTER_BOUND('',#821,.T.);
#519=FACE_OUTER_BOUND('',#822,.T.);
#520=FACE_OUTER_BOUND('',#823,.T.);
#521=FACE_OUTER_BOUND('',#824,.T.);
#522=FACE_OUTER_BOUND('',#825,.T.);
#523=FACE_OUTER_BOUND('',#826,.T.);
#524=FACE_OUTER_BOUND('',#827,.T.);
#525=FACE_OUTER_BOUND('',#828,.T.);
#526=FACE_OUTER_BOUND('',#829,.T.);
#527=FACE_OUTER_BOUND('',#830,.T.);
#528=FACE_OUTER_BOUND('',#831,.T.);
#529=FACE_OUTER_BOUND('',#832,.T.);
#530=FACE_OUTER_BOUND('',#833,.T.);
#531=FACE_OUTER_BOUND('',#834,.T.);
#532=FACE_OUTER_BOUND('',#835,.T.);
#533=FACE_OUTER_BOUND('',#836,.T.);
#534=FACE_OUTER_BOUND('',#837,.T.);
#535=FACE_OUTER_BOUND('',#838,.T.);
#536=FACE_OUTER_BOUND('',#839,.T.);
#537=FACE_OUTER_BOUND('',#840,.T.);
#538=FACE_OUTER_BOUND('',#841,.T.);
#539=FACE_OUTER_BOUND('',#842,.T.);
#540=FACE_OUTER_BOUND('',#843,.T.);
#541=FACE_OUTER_BOUND('',#844,.T.);
#542=FACE_OUTER_BOUND('',#845,.T.);
#543=FACE_OUTER_BOUND('',#846,.T.);
#544=FACE_OUTER_BOUND('',#847,.T.);
#545=FACE_OUTER_BOUND('',#848,.T.);
#546=FACE_OUTER_BOUND('',#849,.T.);
#547=FACE_OUTER_BOUND('',#850,.T.);
#548=FACE_OUTER_BOUND('',#851,.T.);
#549=FACE_OUTER_BOUND('',#852,.T.);
#550=FACE_OUTER_BOUND('',#853,.T.);
#551=FACE_OUTER_BOUND('',#854,.T.);
#552=FACE_OUTER_BOUND('',#855,.T.);
#553=FACE_OUTER_BOUND('',#856,.T.);
#554=FACE_OUTER_BOUND('',#857,.T.);
#555=FACE_OUTER_BOUND('',#858,.T.);
#556=FACE_OUTER_BOUND('',#859,.T.);
#557=FACE_OUTER_BOUND('',#860,.T.);
#558=FACE_OUTER_BOUND('',#861,.T.);
#559=FACE_OUTER_BOUND('',#862,.T.);
#560=FACE_OUTER_BOUND('',#863,.T.);
#561=FACE_OUTER_BOUND('',#864,.T.);
#562=FACE_OUTER_BOUND('',#865,.T.);
#563=FACE_OUTER_BOUND('',#866,.T.);
#564=FACE_OUTER_BOUND('',#867,.T.);
#565=FACE_OUTER_BOUND('',#868,.T.);
#566=FACE_OUTER_BOUND('',#869,.T.);
#567=FACE_OUTER_BOUND('',#870,.T.);
#568=FACE_OUTER_BOUND('',#871,.T.);
#569=FACE_OUTER_BOUND('',#872,.T.);
#570=FACE_OUTER_BOUND('',#873,.T.);
#571=FACE_OUTER_BOUND('',#874,.T.);
#572=FACE_OUTER_BOUND('',#875,.T.);
#573=FACE_OUTER_BOUND('',#876,.T.);
#574=FACE_OUTER_BOUND('',#877,.T.);
#575=FACE_OUTER_BOUND('',#878,.T.);
#576=FACE_OUTER_BOUND('',#879,.T.);
#577=FACE_OUTER_BOUND('',#880,.T.);
#578=FACE_OUTER_BOUND('',#881,.T.);
#579=FACE_OUTER_BOUND('',#883,.T.);
#580=FACE_OUTER_BOUND('',#885,.T.);
#581=FACE_OUTER_BOUND('',#886,.T.);
#582=FACE_OUTER_BOUND('',#887,.T.);
#583=FACE_OUTER_BOUND('',#888,.T.);
#584=FACE_OUTER_BOUND('',#889,.T.);
#585=FACE_OUTER_BOUND('',#890,.T.);
#586=FACE_OUTER_BOUND('',#891,.T.);
#587=FACE_OUTER_BOUND('',#892,.T.);
#588=FACE_OUTER_BOUND('',#893,.T.);
#589=FACE_OUTER_BOUND('',#894,.T.);
#590=FACE_OUTER_BOUND('',#897,.T.);
#591=FACE_OUTER_BOUND('',#900,.T.);
#592=FACE_OUTER_BOUND('',#902,.T.);
#593=FACE_OUTER_BOUND('',#903,.T.);
#594=FACE_OUTER_BOUND('',#904,.T.);
#595=FACE_OUTER_BOUND('',#905,.T.);
#596=FACE_OUTER_BOUND('',#906,.T.);
#597=FACE_OUTER_BOUND('',#907,.T.);
#598=FACE_OUTER_BOUND('',#908,.T.);
#599=FACE_OUTER_BOUND('',#909,.T.);
#600=FACE_OUTER_BOUND('',#910,.T.);
#601=FACE_OUTER_BOUND('',#911,.T.);
#602=FACE_OUTER_BOUND('',#913,.T.);
#603=FACE_OUTER_BOUND('',#915,.T.);
#604=FACE_OUTER_BOUND('',#917,.T.);
#605=FACE_OUTER_BOUND('',#919,.T.);
#606=FACE_OUTER_BOUND('',#920,.T.);
#607=FACE_OUTER_BOUND('',#921,.T.);
#608=FACE_OUTER_BOUND('',#922,.T.);
#609=FACE_OUTER_BOUND('',#923,.T.);
#610=FACE_OUTER_BOUND('',#924,.T.);
#611=FACE_OUTER_BOUND('',#925,.T.);
#612=FACE_OUTER_BOUND('',#926,.T.);
#613=FACE_OUTER_BOUND('',#927,.T.);
#614=FACE_OUTER_BOUND('',#928,.T.);
#615=FACE_OUTER_BOUND('',#931,.T.);
#616=EDGE_LOOP('',(#3222,#3223,#3224,#3225));
#617=EDGE_LOOP('',(#3226,#3227,#3228,#3229));
#618=EDGE_LOOP('',(#3230,#3231,#3232,#3233,#3234,#3235));
#619=EDGE_LOOP('',(#3236,#3237,#3238,#3239));
#620=EDGE_LOOP('',(#3240,#3241,#3242,#3243));
#621=EDGE_LOOP('',(#3244,#3245,#3246,#3247,#3248,#3249));
#622=EDGE_LOOP('',(#3250,#3251,#3252,#3253));
#623=EDGE_LOOP('',(#3254,#3255,#3256,#3257));
#624=EDGE_LOOP('',(#3258,#3259,#3260,#3261));
#625=EDGE_LOOP('',(#3262,#3263,#3264,#3265));
#626=EDGE_LOOP('',(#3266,#3267,#3268,#3269,#3270,#3271));
#627=EDGE_LOOP('',(#3272,#3273,#3274,#3275));
#628=EDGE_LOOP('',(#3276,#3277,#3278,#3279));
#629=EDGE_LOOP('',(#3280,#3281,#3282,#3283,#3284,#3285));
#630=EDGE_LOOP('',(#3286,#3287,#3288,#3289));
#631=EDGE_LOOP('',(#3290,#3291,#3292,#3293));
#632=EDGE_LOOP('',(#3294,#3295,#3296,#3297));
#633=EDGE_LOOP('',(#3298,#3299,#3300,#3301,#3302,#3303,#3304));
#634=EDGE_LOOP('',(#3305));
#635=EDGE_LOOP('',(#3306,#3307,#3308,#3309));
#636=EDGE_LOOP('',(#3310,#3311,#3312,#3313));
#637=EDGE_LOOP('',(#3314,#3315,#3316,#3317));
#638=EDGE_LOOP('',(#3318,#3319,#3320,#3321,#3322,#3323,#3324));
#639=EDGE_LOOP('',(#3325));
#640=EDGE_LOOP('',(#3326,#3327,#3328,#3329));
#641=EDGE_LOOP('',(#3330,#3331,#3332,#3333));
#642=EDGE_LOOP('',(#3334,#3335,#3336,#3337));
#643=EDGE_LOOP('',(#3338,#3339,#3340,#3341));
#644=EDGE_LOOP('',(#3342,#3343,#3344,#3345));
#645=EDGE_LOOP('',(#3346,#3347,#3348,#3349));
#646=EDGE_LOOP('',(#3350,#3351,#3352,#3353));
#647=EDGE_LOOP('',(#3354,#3355,#3356,#3357));
#648=EDGE_LOOP('',(#3358,#3359,#3360,#3361));
#649=EDGE_LOOP('',(#3362,#3363,#3364,#3365));
#650=EDGE_LOOP('',(#3366,#3367,#3368,#3369));
#651=EDGE_LOOP('',(#3370,#3371,#3372,#3373));
#652=EDGE_LOOP('',(#3374,#3375,#3376,#3377,#3378,#3379,#3380));
#653=EDGE_LOOP('',(#3381,#3382,#3383,#3384));
#654=EDGE_LOOP('',(#3385,#3386,#3387,#3388));
#655=EDGE_LOOP('',(#3389,#3390,#3391,#3392,#3393,#3394,#3395));
#656=EDGE_LOOP('',(#3396,#3397,#3398,#3399));
#657=EDGE_LOOP('',(#3400,#3401,#3402,#3403));
#658=EDGE_LOOP('',(#3404,#3405,#3406,#3407));
#659=EDGE_LOOP('',(#3408,#3409,#3410,#3411));
#660=EDGE_LOOP('',(#3412,#3413,#3414,#3415));
#661=EDGE_LOOP('',(#3416,#3417,#3418,#3419,#3420,#3421,#3422));
#662=EDGE_LOOP('',(#3423,#3424,#3425,#3426));
#663=EDGE_LOOP('',(#3427,#3428,#3429,#3430));
#664=EDGE_LOOP('',(#3431,#3432,#3433,#3434,#3435,#3436,#3437));
#665=EDGE_LOOP('',(#3438,#3439,#3440,#3441));
#666=EDGE_LOOP('',(#3442,#3443,#3444,#3445));
#667=EDGE_LOOP('',(#3446,#3447,#3448,#3449));
#668=EDGE_LOOP('',(#3450,#3451,#3452,#3453));
#669=EDGE_LOOP('',(#3454,#3455,#3456,#3457));
#670=EDGE_LOOP('',(#3458,#3459,#3460,#3461,#3462,#3463,#3464));
#671=EDGE_LOOP('',(#3465,#3466,#3467,#3468));
#672=EDGE_LOOP('',(#3469,#3470,#3471,#3472));
#673=EDGE_LOOP('',(#3473,#3474,#3475,#3476,#3477,#3478,#3479));
#674=EDGE_LOOP('',(#3480,#3481,#3482,#3483));
#675=EDGE_LOOP('',(#3484,#3485,#3486,#3487));
#676=EDGE_LOOP('',(#3488,#3489,#3490,#3491));
#677=EDGE_LOOP('',(#3492,#3493,#3494,#3495));
#678=EDGE_LOOP('',(#3496,#3497,#3498,#3499));
#679=EDGE_LOOP('',(#3500,#3501,#3502,#3503,#3504,#3505,#3506));
#680=EDGE_LOOP('',(#3507,#3508,#3509,#3510));
#681=EDGE_LOOP('',(#3511,#3512,#3513,#3514));
#682=EDGE_LOOP('',(#3515,#3516,#3517,#3518,#3519,#3520,#3521));
#683=EDGE_LOOP('',(#3522,#3523,#3524,#3525));
#684=EDGE_LOOP('',(#3526,#3527,#3528,#3529));
#685=EDGE_LOOP('',(#3530,#3531,#3532,#3533));
#686=EDGE_LOOP('',(#3534,#3535,#3536,#3537));
#687=EDGE_LOOP('',(#3538,#3539,#3540,#3541));
#688=EDGE_LOOP('',(#3542,#3543,#3544,#3545,#3546,#3547,#3548));
#689=EDGE_LOOP('',(#3549,#3550,#3551,#3552));
#690=EDGE_LOOP('',(#3553,#3554,#3555,#3556));
#691=EDGE_LOOP('',(#3557,#3558,#3559,#3560,#3561,#3562,#3563));
#692=EDGE_LOOP('',(#3564,#3565,#3566,#3567));
#693=EDGE_LOOP('',(#3568,#3569,#3570,#3571));
#694=EDGE_LOOP('',(#3572,#3573,#3574,#3575));
#695=EDGE_LOOP('',(#3576,#3577,#3578,#3579));
#696=EDGE_LOOP('',(#3580,#3581,#3582,#3583));
#697=EDGE_LOOP('',(#3584,#3585,#3586,#3587,#3588,#3589,#3590));
#698=EDGE_LOOP('',(#3591,#3592,#3593,#3594));
#699=EDGE_LOOP('',(#3595,#3596,#3597,#3598));
#700=EDGE_LOOP('',(#3599,#3600,#3601,#3602,#3603,#3604,#3605));
#701=EDGE_LOOP('',(#3606,#3607,#3608,#3609));
#702=EDGE_LOOP('',(#3610,#3611,#3612,#3613));
#703=EDGE_LOOP('',(#3614,#3615,#3616,#3617));
#704=EDGE_LOOP('',(#3618,#3619,#3620,#3621));
#705=EDGE_LOOP('',(#3622,#3623,#3624,#3625));
#706=EDGE_LOOP('',(#3626,#3627,#3628,#3629,#3630,#3631,#3632));
#707=EDGE_LOOP('',(#3633,#3634,#3635,#3636));
#708=EDGE_LOOP('',(#3637,#3638,#3639,#3640));
#709=EDGE_LOOP('',(#3641,#3642,#3643,#3644,#3645,#3646,#3647));
#710=EDGE_LOOP('',(#3648,#3649,#3650,#3651));
#711=EDGE_LOOP('',(#3652,#3653,#3654,#3655));
#712=EDGE_LOOP('',(#3656,#3657,#3658,#3659));
#713=EDGE_LOOP('',(#3660,#3661,#3662,#3663));
#714=EDGE_LOOP('',(#3664,#3665,#3666,#3667));
#715=EDGE_LOOP('',(#3668,#3669,#3670,#3671,#3672,#3673,#3674));
#716=EDGE_LOOP('',(#3675,#3676,#3677,#3678));
#717=EDGE_LOOP('',(#3679,#3680,#3681,#3682));
#718=EDGE_LOOP('',(#3683,#3684,#3685,#3686,#3687,#3688,#3689));
#719=EDGE_LOOP('',(#3690,#3691,#3692,#3693));
#720=EDGE_LOOP('',(#3694,#3695,#3696,#3697));
#721=EDGE_LOOP('',(#3698,#3699,#3700,#3701));
#722=EDGE_LOOP('',(#3702,#3703,#3704,#3705));
#723=EDGE_LOOP('',(#3706,#3707,#3708,#3709));
#724=EDGE_LOOP('',(#3710,#3711,#3712,#3713,#3714,#3715,#3716));
#725=EDGE_LOOP('',(#3717,#3718,#3719,#3720));
#726=EDGE_LOOP('',(#3721,#3722,#3723,#3724));
#727=EDGE_LOOP('',(#3725,#3726,#3727,#3728,#3729,#3730,#3731));
#728=EDGE_LOOP('',(#3732,#3733,#3734,#3735));
#729=EDGE_LOOP('',(#3736,#3737,#3738,#3739));
#730=EDGE_LOOP('',(#3740,#3741,#3742,#3743));
#731=EDGE_LOOP('',(#3744,#3745,#3746,#3747));
#732=EDGE_LOOP('',(#3748,#3749,#3750,#3751));
#733=EDGE_LOOP('',(#3752,#3753,#3754,#3755,#3756,#3757,#3758));
#734=EDGE_LOOP('',(#3759,#3760,#3761,#3762));
#735=EDGE_LOOP('',(#3763,#3764,#3765,#3766));
#736=EDGE_LOOP('',(#3767,#3768,#3769,#3770,#3771,#3772,#3773));
#737=EDGE_LOOP('',(#3774,#3775,#3776,#3777));
#738=EDGE_LOOP('',(#3778,#3779,#3780,#3781));
#739=EDGE_LOOP('',(#3782,#3783,#3784,#3785));
#740=EDGE_LOOP('',(#3786,#3787,#3788,#3789));
#741=EDGE_LOOP('',(#3790,#3791,#3792,#3793));
#742=EDGE_LOOP('',(#3794,#3795,#3796,#3797,#3798,#3799,#3800));
#743=EDGE_LOOP('',(#3801,#3802,#3803,#3804));
#744=EDGE_LOOP('',(#3805,#3806,#3807,#3808));
#745=EDGE_LOOP('',(#3809,#3810,#3811,#3812,#3813,#3814,#3815));
#746=EDGE_LOOP('',(#3816,#3817,#3818,#3819));
#747=EDGE_LOOP('',(#3820,#3821,#3822,#3823));
#748=EDGE_LOOP('',(#3824,#3825,#3826,#3827));
#749=EDGE_LOOP('',(#3828,#3829,#3830,#3831));
#750=EDGE_LOOP('',(#3832,#3833,#3834,#3835));
#751=EDGE_LOOP('',(#3836,#3837,#3838,#3839,#3840,#3841,#3842));
#752=EDGE_LOOP('',(#3843,#3844,#3845,#3846));
#753=EDGE_LOOP('',(#3847,#3848,#3849,#3850));
#754=EDGE_LOOP('',(#3851,#3852,#3853,#3854,#3855,#3856,#3857));
#755=EDGE_LOOP('',(#3858,#3859,#3860,#3861));
#756=EDGE_LOOP('',(#3862,#3863,#3864,#3865));
#757=EDGE_LOOP('',(#3866,#3867,#3868,#3869));
#758=EDGE_LOOP('',(#3870,#3871,#3872,#3873));
#759=EDGE_LOOP('',(#3874,#3875,#3876,#3877));
#760=EDGE_LOOP('',(#3878,#3879,#3880,#3881,#3882,#3883,#3884));
#761=EDGE_LOOP('',(#3885,#3886,#3887,#3888));
#762=EDGE_LOOP('',(#3889,#3890,#3891,#3892));
#763=EDGE_LOOP('',(#3893,#3894,#3895,#3896,#3897,#3898,#3899));
#764=EDGE_LOOP('',(#3900,#3901,#3902,#3903));
#765=EDGE_LOOP('',(#3904,#3905,#3906,#3907));
#766=EDGE_LOOP('',(#3908,#3909,#3910,#3911));
#767=EDGE_LOOP('',(#3912,#3913,#3914,#3915));
#768=EDGE_LOOP('',(#3916,#3917,#3918,#3919));
#769=EDGE_LOOP('',(#3920,#3921,#3922,#3923,#3924,#3925,#3926));
#770=EDGE_LOOP('',(#3927,#3928,#3929,#3930));
#771=EDGE_LOOP('',(#3931,#3932,#3933,#3934));
#772=EDGE_LOOP('',(#3935,#3936,#3937,#3938,#3939,#3940,#3941));
#773=EDGE_LOOP('',(#3942,#3943,#3944,#3945));
#774=EDGE_LOOP('',(#3946,#3947,#3948,#3949));
#775=EDGE_LOOP('',(#3950,#3951,#3952,#3953));
#776=EDGE_LOOP('',(#3954,#3955,#3956,#3957));
#777=EDGE_LOOP('',(#3958,#3959,#3960,#3961));
#778=EDGE_LOOP('',(#3962,#3963,#3964,#3965,#3966,#3967,#3968));
#779=EDGE_LOOP('',(#3969,#3970,#3971,#3972));
#780=EDGE_LOOP('',(#3973,#3974,#3975,#3976));
#781=EDGE_LOOP('',(#3977,#3978,#3979,#3980,#3981,#3982,#3983));
#782=EDGE_LOOP('',(#3984,#3985,#3986,#3987));
#783=EDGE_LOOP('',(#3988,#3989,#3990,#3991));
#784=EDGE_LOOP('',(#3992,#3993,#3994,#3995));
#785=EDGE_LOOP('',(#3996,#3997,#3998,#3999));
#786=EDGE_LOOP('',(#4000,#4001,#4002,#4003));
#787=EDGE_LOOP('',(#4004,#4005,#4006,#4007,#4008,#4009));
#788=EDGE_LOOP('',(#4010,#4011,#4012,#4013));
#789=EDGE_LOOP('',(#4014,#4015,#4016,#4017));
#790=EDGE_LOOP('',(#4018,#4019,#4020,#4021));
#791=EDGE_LOOP('',(#4022,#4023,#4024,#4025,#4026,#4027));
#792=EDGE_LOOP('',(#4028,#4029,#4030,#4031));
#793=EDGE_LOOP('',(#4032,#4033,#4034,#4035));
#794=EDGE_LOOP('',(#4036,#4037,#4038,#4039));
#795=EDGE_LOOP('',(#4040,#4041,#4042,#4043,#4044,#4045));
#796=EDGE_LOOP('',(#4046,#4047,#4048,#4049));
#797=EDGE_LOOP('',(#4050,#4051,#4052,#4053));
#798=EDGE_LOOP('',(#4054,#4055,#4056,#4057));
#799=EDGE_LOOP('',(#4058,#4059,#4060,#4061,#4062,#4063));
#800=EDGE_LOOP('',(#4064,#4065,#4066,#4067));
#801=EDGE_LOOP('',(#4068,#4069,#4070,#4071));
#802=EDGE_LOOP('',(#4072,#4073,#4074,#4075));
#803=EDGE_LOOP('',(#4076,#4077,#4078,#4079,#4080,#4081));
#804=EDGE_LOOP('',(#4082,#4083,#4084,#4085));
#805=EDGE_LOOP('',(#4086,#4087,#4088,#4089));
#806=EDGE_LOOP('',(#4090,#4091,#4092,#4093));
#807=EDGE_LOOP('',(#4094,#4095,#4096,#4097,#4098,#4099));
#808=EDGE_LOOP('',(#4100,#4101,#4102,#4103));
#809=EDGE_LOOP('',(#4104,#4105,#4106,#4107));
#810=EDGE_LOOP('',(#4108,#4109,#4110,#4111));
#811=EDGE_LOOP('',(#4112,#4113,#4114,#4115,#4116,#4117));
#812=EDGE_LOOP('',(#4118,#4119,#4120,#4121));
#813=EDGE_LOOP('',(#4122,#4123,#4124,#4125));
#814=EDGE_LOOP('',(#4126,#4127,#4128,#4129));
#815=EDGE_LOOP('',(#4130,#4131,#4132,#4133,#4134,#4135));
#816=EDGE_LOOP('',(#4136,#4137,#4138,#4139));
#817=EDGE_LOOP('',(#4140,#4141,#4142,#4143));
#818=EDGE_LOOP('',(#4144,#4145,#4146,#4147));
#819=EDGE_LOOP('',(#4148,#4149,#4150,#4151,#4152,#4153));
#820=EDGE_LOOP('',(#4154,#4155,#4156,#4157));
#821=EDGE_LOOP('',(#4158,#4159,#4160,#4161));
#822=EDGE_LOOP('',(#4162,#4163,#4164,#4165));
#823=EDGE_LOOP('',(#4166,#4167,#4168,#4169,#4170,#4171));
#824=EDGE_LOOP('',(#4172,#4173,#4174,#4175));
#825=EDGE_LOOP('',(#4176,#4177,#4178,#4179));
#826=EDGE_LOOP('',(#4180,#4181,#4182,#4183));
#827=EDGE_LOOP('',(#4184,#4185,#4186,#4187,#4188,#4189));
#828=EDGE_LOOP('',(#4190,#4191,#4192,#4193));
#829=EDGE_LOOP('',(#4194,#4195,#4196,#4197));
#830=EDGE_LOOP('',(#4198,#4199,#4200,#4201));
#831=EDGE_LOOP('',(#4202,#4203,#4204,#4205,#4206,#4207));
#832=EDGE_LOOP('',(#4208,#4209,#4210,#4211));
#833=EDGE_LOOP('',(#4212,#4213,#4214,#4215));
#834=EDGE_LOOP('',(#4216,#4217,#4218,#4219));
#835=EDGE_LOOP('',(#4220,#4221,#4222,#4223,#4224,#4225));
#836=EDGE_LOOP('',(#4226,#4227,#4228,#4229));
#837=EDGE_LOOP('',(#4230,#4231,#4232,#4233));
#838=EDGE_LOOP('',(#4234,#4235,#4236,#4237));
#839=EDGE_LOOP('',(#4238,#4239,#4240,#4241,#4242,#4243));
#840=EDGE_LOOP('',(#4244,#4245,#4246,#4247));
#841=EDGE_LOOP('',(#4248,#4249,#4250,#4251));
#842=EDGE_LOOP('',(#4252,#4253,#4254,#4255));
#843=EDGE_LOOP('',(#4256,#4257,#4258,#4259,#4260,#4261));
#844=EDGE_LOOP('',(#4262,#4263,#4264,#4265));
#845=EDGE_LOOP('',(#4266,#4267,#4268,#4269));
#846=EDGE_LOOP('',(#4270,#4271,#4272,#4273));
#847=EDGE_LOOP('',(#4274,#4275,#4276,#4277,#4278,#4279));
#848=EDGE_LOOP('',(#4280,#4281,#4282,#4283));
#849=EDGE_LOOP('',(#4284,#4285,#4286,#4287));
#850=EDGE_LOOP('',(#4288,#4289,#4290,#4291));
#851=EDGE_LOOP('',(#4292,#4293,#4294,#4295,#4296,#4297));
#852=EDGE_LOOP('',(#4298,#4299,#4300,#4301));
#853=EDGE_LOOP('',(#4302,#4303,#4304,#4305));
#854=EDGE_LOOP('',(#4306,#4307,#4308,#4309));
#855=EDGE_LOOP('',(#4310,#4311,#4312,#4313,#4314,#4315));
#856=EDGE_LOOP('',(#4316,#4317,#4318,#4319));
#857=EDGE_LOOP('',(#4320,#4321,#4322,#4323));
#858=EDGE_LOOP('',(#4324,#4325,#4326,#4327));
#859=EDGE_LOOP('',(#4328,#4329,#4330,#4331));
#860=EDGE_LOOP('',(#4332,#4333,#4334,#4335));
#861=EDGE_LOOP('',(#4336,#4337,#4338,#4339));
#862=EDGE_LOOP('',(#4340,#4341,#4342,#4343));
#863=EDGE_LOOP('',(#4344,#4345,#4346,#4347));
#864=EDGE_LOOP('',(#4348,#4349,#4350,#4351));
#865=EDGE_LOOP('',(#4352,#4353,#4354,#4355));
#866=EDGE_LOOP('',(#4356,#4357,#4358,#4359));
#867=EDGE_LOOP('',(#4360,#4361,#4362,#4363));
#868=EDGE_LOOP('',(#4364,#4365,#4366,#4367));
#869=EDGE_LOOP('',(#4368,#4369,#4370,#4371));
#870=EDGE_LOOP('',(#4372,#4373,#4374,#4375));
#871=EDGE_LOOP('',(#4376,#4377,#4378,#4379));
#872=EDGE_LOOP('',(#4380,#4381,#4382,#4383));
#873=EDGE_LOOP('',(#4384,#4385,#4386,#4387));
#874=EDGE_LOOP('',(#4388,#4389,#4390,#4391));
#875=EDGE_LOOP('',(#4392));
#876=EDGE_LOOP('',(#4393,#4394,#4395,#4396));
#877=EDGE_LOOP('',(#4397));
#878=EDGE_LOOP('',(#4398));
#879=EDGE_LOOP('',(#4399,#4400,#4401,#4402));
#880=EDGE_LOOP('',(#4403));
#881=EDGE_LOOP('',(#4404));
#882=EDGE_LOOP('',(#4405));
#883=EDGE_LOOP('',(#4406));
#884=EDGE_LOOP('',(#4407));
#885=EDGE_LOOP('',(#4408,#4409,#4410,#4411));
#886=EDGE_LOOP('',(#4412,#4413,#4414,#4415));
#887=EDGE_LOOP('',(#4416,#4417,#4418,#4419));
#888=EDGE_LOOP('',(#4420,#4421,#4422,#4423));
#889=EDGE_LOOP('',(#4424,#4425,#4426,#4427));
#890=EDGE_LOOP('',(#4428,#4429,#4430,#4431));
#891=EDGE_LOOP('',(#4432,#4433,#4434,#4435));
#892=EDGE_LOOP('',(#4436,#4437,#4438,#4439));
#893=EDGE_LOOP('',(#4440,#4441,#4442,#4443));
#894=EDGE_LOOP('',(#4444,#4445,#4446,#4447,#4448));
#895=EDGE_LOOP('',(#4449));
#896=EDGE_LOOP('',(#4450));
#897=EDGE_LOOP('',(#4451,#4452,#4453,#4454,#4455));
#898=EDGE_LOOP('',(#4456));
#899=EDGE_LOOP('',(#4457));
#900=EDGE_LOOP('',(#4458));
#901=EDGE_LOOP('',(#4459));
#902=EDGE_LOOP('',(#4460,#4461,#4462,#4463));
#903=EDGE_LOOP('',(#4464,#4465,#4466,#4467));
#904=EDGE_LOOP('',(#4468,#4469,#4470,#4471));
#905=EDGE_LOOP('',(#4472,#4473,#4474,#4475));
#906=EDGE_LOOP('',(#4476,#4477,#4478,#4479));
#907=EDGE_LOOP('',(#4480,#4481,#4482,#4483));
#908=EDGE_LOOP('',(#4484,#4485,#4486,#4487));
#909=EDGE_LOOP('',(#4488,#4489,#4490,#4491));
#910=EDGE_LOOP('',(#4492,#4493,#4494,#4495));
#911=EDGE_LOOP('',(#4496,#4497,#4498,#4499,#4500,#4501,#4502));
#912=EDGE_LOOP('',(#4503));
#913=EDGE_LOOP('',(#4504,#4505,#4506,#4507,#4508,#4509,#4510));
#914=EDGE_LOOP('',(#4511));
#915=EDGE_LOOP('',(#4512));
#916=EDGE_LOOP('',(#4513));
#917=EDGE_LOOP('',(#4514));
#918=EDGE_LOOP('',(#4515));
#919=EDGE_LOOP('',(#4516,#4517,#4518,#4519));
#920=EDGE_LOOP('',(#4520,#4521,#4522,#4523));
#921=EDGE_LOOP('',(#4524,#4525,#4526,#4527));
#922=EDGE_LOOP('',(#4528,#4529,#4530,#4531));
#923=EDGE_LOOP('',(#4532,#4533,#4534,#4535));
#924=EDGE_LOOP('',(#4536,#4537,#4538,#4539));
#925=EDGE_LOOP('',(#4540,#4541,#4542,#4543));
#926=EDGE_LOOP('',(#4544,#4545,#4546,#4547));
#927=EDGE_LOOP('',(#4548,#4549,#4550,#4551));
#928=EDGE_LOOP('',(#4552,#4553,#4554,#4555,#4556));
#929=EDGE_LOOP('',(#4557));
#930=EDGE_LOOP('',(#4558));
#931=EDGE_LOOP('',(#4559,#4560,#4561,#4562,#4563));
#932=EDGE_LOOP('',(#4564));
#933=EDGE_LOOP('',(#4565));
#934=LINE('',#6939,#1430);
#935=LINE('',#6942,#1431);
#936=LINE('',#6945,#1432);
#937=LINE('',#6947,#1433);
#938=LINE('',#6948,#1434);
#939=LINE('',#6951,#1435);
#940=LINE('',#6955,#1436);
#941=LINE('',#6956,#1437);
#942=LINE('',#6959,#1438);
#943=LINE('',#6962,#1439);
#944=LINE('',#6965,#1440);
#945=LINE('',#6966,#1441);
#946=LINE('',#6968,#1442);
#947=LINE('',#6969,#1443);
#948=LINE('',#6977,#1444);
#949=LINE('',#6980,#1445);
#950=LINE('',#6983,#1446);
#951=LINE('',#6985,#1447);
#952=LINE('',#6986,#1448);
#953=LINE('',#6989,#1449);
#954=LINE('',#6993,#1450);
#955=LINE('',#6994,#1451);
#956=LINE('',#6999,#1452);
#957=LINE('',#7000,#1453);
#958=LINE('',#7003,#1454);
#959=LINE('',#7004,#1455);
#960=LINE('',#7006,#1456);
#961=LINE('',#7007,#1457);
#962=LINE('',#7015,#1458);
#963=LINE('',#7018,#1459);
#964=LINE('',#7021,#1460);
#965=LINE('',#7023,#1461);
#966=LINE('',#7027,#1462);
#967=LINE('',#7030,#1463);
#968=LINE('',#7035,#1464);
#969=LINE('',#7036,#1465);
#970=LINE('',#7039,#1466);
#971=LINE('',#7040,#1467);
#972=LINE('',#7043,#1468);
#973=LINE('',#7047,#1469);
#974=LINE('',#7050,#1470);
#975=LINE('',#7054,#1471);
#976=LINE('',#7055,#1472);
#977=LINE('',#7058,#1473);
#978=LINE('',#7063,#1474);
#979=LINE('',#7065,#1475);
#980=LINE('',#7067,#1476);
#981=LINE('',#7068,#1477);
#982=LINE('',#7071,#1478);
#983=LINE('',#7073,#1479);
#984=LINE('',#7074,#1480);
#985=LINE('',#7077,#1481);
#986=LINE('',#7079,#1482);
#987=LINE('',#7080,#1483);
#988=LINE('',#7082,#1484);
#989=LINE('',#7083,#1485);
#990=LINE('',#7091,#1486);
#991=LINE('',#7094,#1487);
#992=LINE('',#7097,#1488);
#993=LINE('',#7099,#1489);
#994=LINE('',#7100,#1490);
#995=LINE('',#7103,#1491);
#996=LINE('',#7105,#1492);
#997=LINE('',#7109,#1493);
#998=LINE('',#7113,#1494);
#999=LINE('',#7114,#1495);
#1000=LINE('',#7117,#1496);
#1001=LINE('',#7121,#1497);
#1002=LINE('',#7124,#1498);
#1003=LINE('',#7126,#1499);
#1004=LINE('',#7127,#1500);
#1005=LINE('',#7135,#1501);
#1006=LINE('',#7138,#1502);
#1007=LINE('',#7141,#1503);
#1008=LINE('',#7143,#1504);
#1009=LINE('',#7144,#1505);
#1010=LINE('',#7147,#1506);
#1011=LINE('',#7149,#1507);
#1012=LINE('',#7153,#1508);
#1013=LINE('',#7157,#1509);
#1014=LINE('',#7158,#1510);
#1015=LINE('',#7161,#1511);
#1016=LINE('',#7165,#1512);
#1017=LINE('',#7168,#1513);
#1018=LINE('',#7170,#1514);
#1019=LINE('',#7171,#1515);
#1020=LINE('',#7179,#1516);
#1021=LINE('',#7182,#1517);
#1022=LINE('',#7185,#1518);
#1023=LINE('',#7187,#1519);
#1024=LINE('',#7188,#1520);
#1025=LINE('',#7191,#1521);
#1026=LINE('',#7193,#1522);
#1027=LINE('',#7197,#1523);
#1028=LINE('',#7201,#1524);
#1029=LINE('',#7202,#1525);
#1030=LINE('',#7205,#1526);
#1031=LINE('',#7209,#1527);
#1032=LINE('',#7212,#1528);
#1033=LINE('',#7214,#1529);
#1034=LINE('',#7215,#1530);
#1035=LINE('',#7223,#1531);
#1036=LINE('',#7226,#1532);
#1037=LINE('',#7229,#1533);
#1038=LINE('',#7231,#1534);
#1039=LINE('',#7232,#1535);
#1040=LINE('',#7235,#1536);
#1041=LINE('',#7237,#1537);
#1042=LINE('',#7241,#1538);
#1043=LINE('',#7245,#1539);
#1044=LINE('',#7246,#1540);
#1045=LINE('',#7249,#1541);
#1046=LINE('',#7253,#1542);
#1047=LINE('',#7256,#1543);
#1048=LINE('',#7258,#1544);
#1049=LINE('',#7259,#1545);
#1050=LINE('',#7267,#1546);
#1051=LINE('',#7270,#1547);
#1052=LINE('',#7273,#1548);
#1053=LINE('',#7275,#1549);
#1054=LINE('',#7276,#1550);
#1055=LINE('',#7279,#1551);
#1056=LINE('',#7281,#1552);
#1057=LINE('',#7285,#1553);
#1058=LINE('',#7289,#1554);
#1059=LINE('',#7290,#1555);
#1060=LINE('',#7293,#1556);
#1061=LINE('',#7297,#1557);
#1062=LINE('',#7300,#1558);
#1063=LINE('',#7302,#1559);
#1064=LINE('',#7303,#1560);
#1065=LINE('',#7311,#1561);
#1066=LINE('',#7314,#1562);
#1067=LINE('',#7317,#1563);
#1068=LINE('',#7319,#1564);
#1069=LINE('',#7320,#1565);
#1070=LINE('',#7323,#1566);
#1071=LINE('',#7325,#1567);
#1072=LINE('',#7329,#1568);
#1073=LINE('',#7333,#1569);
#1074=LINE('',#7334,#1570);
#1075=LINE('',#7337,#1571);
#1076=LINE('',#7341,#1572);
#1077=LINE('',#7344,#1573);
#1078=LINE('',#7346,#1574);
#1079=LINE('',#7347,#1575);
#1080=LINE('',#7355,#1576);
#1081=LINE('',#7358,#1577);
#1082=LINE('',#7361,#1578);
#1083=LINE('',#7363,#1579);
#1084=LINE('',#7364,#1580);
#1085=LINE('',#7367,#1581);
#1086=LINE('',#7369,#1582);
#1087=LINE('',#7373,#1583);
#1088=LINE('',#7377,#1584);
#1089=LINE('',#7378,#1585);
#1090=LINE('',#7381,#1586);
#1091=LINE('',#7385,#1587);
#1092=LINE('',#7388,#1588);
#1093=LINE('',#7390,#1589);
#1094=LINE('',#7391,#1590);
#1095=LINE('',#7399,#1591);
#1096=LINE('',#7402,#1592);
#1097=LINE('',#7405,#1593);
#1098=LINE('',#7407,#1594);
#1099=LINE('',#7408,#1595);
#1100=LINE('',#7411,#1596);
#1101=LINE('',#7413,#1597);
#1102=LINE('',#7417,#1598);
#1103=LINE('',#7421,#1599);
#1104=LINE('',#7422,#1600);
#1105=LINE('',#7425,#1601);
#1106=LINE('',#7429,#1602);
#1107=LINE('',#7432,#1603);
#1108=LINE('',#7434,#1604);
#1109=LINE('',#7435,#1605);
#1110=LINE('',#7443,#1606);
#1111=LINE('',#7446,#1607);
#1112=LINE('',#7449,#1608);
#1113=LINE('',#7451,#1609);
#1114=LINE('',#7452,#1610);
#1115=LINE('',#7455,#1611);
#1116=LINE('',#7457,#1612);
#1117=LINE('',#7461,#1613);
#1118=LINE('',#7465,#1614);
#1119=LINE('',#7466,#1615);
#1120=LINE('',#7469,#1616);
#1121=LINE('',#7473,#1617);
#1122=LINE('',#7476,#1618);
#1123=LINE('',#7478,#1619);
#1124=LINE('',#7479,#1620);
#1125=LINE('',#7487,#1621);
#1126=LINE('',#7490,#1622);
#1127=LINE('',#7493,#1623);
#1128=LINE('',#7495,#1624);
#1129=LINE('',#7496,#1625);
#1130=LINE('',#7499,#1626);
#1131=LINE('',#7501,#1627);
#1132=LINE('',#7505,#1628);
#1133=LINE('',#7509,#1629);
#1134=LINE('',#7510,#1630);
#1135=LINE('',#7513,#1631);
#1136=LINE('',#7517,#1632);
#1137=LINE('',#7520,#1633);
#1138=LINE('',#7522,#1634);
#1139=LINE('',#7523,#1635);
#1140=LINE('',#7531,#1636);
#1141=LINE('',#7534,#1637);
#1142=LINE('',#7537,#1638);
#1143=LINE('',#7539,#1639);
#1144=LINE('',#7540,#1640);
#1145=LINE('',#7543,#1641);
#1146=LINE('',#7545,#1642);
#1147=LINE('',#7549,#1643);
#1148=LINE('',#7553,#1644);
#1149=LINE('',#7554,#1645);
#1150=LINE('',#7557,#1646);
#1151=LINE('',#7561,#1647);
#1152=LINE('',#7564,#1648);
#1153=LINE('',#7566,#1649);
#1154=LINE('',#7567,#1650);
#1155=LINE('',#7575,#1651);
#1156=LINE('',#7578,#1652);
#1157=LINE('',#7581,#1653);
#1158=LINE('',#7583,#1654);
#1159=LINE('',#7584,#1655);
#1160=LINE('',#7587,#1656);
#1161=LINE('',#7589,#1657);
#1162=LINE('',#7593,#1658);
#1163=LINE('',#7597,#1659);
#1164=LINE('',#7598,#1660);
#1165=LINE('',#7601,#1661);
#1166=LINE('',#7605,#1662);
#1167=LINE('',#7608,#1663);
#1168=LINE('',#7610,#1664);
#1169=LINE('',#7611,#1665);
#1170=LINE('',#7619,#1666);
#1171=LINE('',#7622,#1667);
#1172=LINE('',#7625,#1668);
#1173=LINE('',#7627,#1669);
#1174=LINE('',#7628,#1670);
#1175=LINE('',#7631,#1671);
#1176=LINE('',#7633,#1672);
#1177=LINE('',#7637,#1673);
#1178=LINE('',#7641,#1674);
#1179=LINE('',#7642,#1675);
#1180=LINE('',#7645,#1676);
#1181=LINE('',#7649,#1677);
#1182=LINE('',#7652,#1678);
#1183=LINE('',#7654,#1679);
#1184=LINE('',#7655,#1680);
#1185=LINE('',#7663,#1681);
#1186=LINE('',#7666,#1682);
#1187=LINE('',#7669,#1683);
#1188=LINE('',#7671,#1684);
#1189=LINE('',#7672,#1685);
#1190=LINE('',#7675,#1686);
#1191=LINE('',#7677,#1687);
#1192=LINE('',#7681,#1688);
#1193=LINE('',#7685,#1689);
#1194=LINE('',#7686,#1690);
#1195=LINE('',#7689,#1691);
#1196=LINE('',#7693,#1692);
#1197=LINE('',#7696,#1693);
#1198=LINE('',#7698,#1694);
#1199=LINE('',#7699,#1695);
#1200=LINE('',#7707,#1696);
#1201=LINE('',#7710,#1697);
#1202=LINE('',#7713,#1698);
#1203=LINE('',#7715,#1699);
#1204=LINE('',#7716,#1700);
#1205=LINE('',#7719,#1701);
#1206=LINE('',#7721,#1702);
#1207=LINE('',#7725,#1703);
#1208=LINE('',#7729,#1704);
#1209=LINE('',#7730,#1705);
#1210=LINE('',#7733,#1706);
#1211=LINE('',#7737,#1707);
#1212=LINE('',#7740,#1708);
#1213=LINE('',#7742,#1709);
#1214=LINE('',#7743,#1710);
#1215=LINE('',#7751,#1711);
#1216=LINE('',#7754,#1712);
#1217=LINE('',#7757,#1713);
#1218=LINE('',#7759,#1714);
#1219=LINE('',#7760,#1715);
#1220=LINE('',#7763,#1716);
#1221=LINE('',#7765,#1717);
#1222=LINE('',#7767,#1718);
#1223=LINE('',#7772,#1719);
#1224=LINE('',#7775,#1720);
#1225=LINE('',#7776,#1721);
#1226=LINE('',#7779,#1722);
#1227=LINE('',#7780,#1723);
#1228=LINE('',#7782,#1724);
#1229=LINE('',#7789,#1725);
#1230=LINE('',#7792,#1726);
#1231=LINE('',#7795,#1727);
#1232=LINE('',#7797,#1728);
#1233=LINE('',#7798,#1729);
#1234=LINE('',#7801,#1730);
#1235=LINE('',#7803,#1731);
#1236=LINE('',#7805,#1732);
#1237=LINE('',#7810,#1733);
#1238=LINE('',#7813,#1734);
#1239=LINE('',#7814,#1735);
#1240=LINE('',#7817,#1736);
#1241=LINE('',#7818,#1737);
#1242=LINE('',#7820,#1738);
#1243=LINE('',#7827,#1739);
#1244=LINE('',#7830,#1740);
#1245=LINE('',#7833,#1741);
#1246=LINE('',#7835,#1742);
#1247=LINE('',#7836,#1743);
#1248=LINE('',#7839,#1744);
#1249=LINE('',#7841,#1745);
#1250=LINE('',#7843,#1746);
#1251=LINE('',#7848,#1747);
#1252=LINE('',#7851,#1748);
#1253=LINE('',#7852,#1749);
#1254=LINE('',#7855,#1750);
#1255=LINE('',#7856,#1751);
#1256=LINE('',#7858,#1752);
#1257=LINE('',#7865,#1753);
#1258=LINE('',#7868,#1754);
#1259=LINE('',#7871,#1755);
#1260=LINE('',#7873,#1756);
#1261=LINE('',#7874,#1757);
#1262=LINE('',#7877,#1758);
#1263=LINE('',#7879,#1759);
#1264=LINE('',#7881,#1760);
#1265=LINE('',#7886,#1761);
#1266=LINE('',#7889,#1762);
#1267=LINE('',#7890,#1763);
#1268=LINE('',#7893,#1764);
#1269=LINE('',#7894,#1765);
#1270=LINE('',#7896,#1766);
#1271=LINE('',#7903,#1767);
#1272=LINE('',#7906,#1768);
#1273=LINE('',#7909,#1769);
#1274=LINE('',#7911,#1770);
#1275=LINE('',#7912,#1771);
#1276=LINE('',#7915,#1772);
#1277=LINE('',#7917,#1773);
#1278=LINE('',#7919,#1774);
#1279=LINE('',#7924,#1775);
#1280=LINE('',#7927,#1776);
#1281=LINE('',#7928,#1777);
#1282=LINE('',#7931,#1778);
#1283=LINE('',#7932,#1779);
#1284=LINE('',#7934,#1780);
#1285=LINE('',#7941,#1781);
#1286=LINE('',#7944,#1782);
#1287=LINE('',#7947,#1783);
#1288=LINE('',#7949,#1784);
#1289=LINE('',#7950,#1785);
#1290=LINE('',#7953,#1786);
#1291=LINE('',#7955,#1787);
#1292=LINE('',#7957,#1788);
#1293=LINE('',#7962,#1789);
#1294=LINE('',#7965,#1790);
#1295=LINE('',#7966,#1791);
#1296=LINE('',#7969,#1792);
#1297=LINE('',#7970,#1793);
#1298=LINE('',#7972,#1794);
#1299=LINE('',#7979,#1795);
#1300=LINE('',#7982,#1796);
#1301=LINE('',#7985,#1797);
#1302=LINE('',#7987,#1798);
#1303=LINE('',#7988,#1799);
#1304=LINE('',#7991,#1800);
#1305=LINE('',#7993,#1801);
#1306=LINE('',#7995,#1802);
#1307=LINE('',#8000,#1803);
#1308=LINE('',#8003,#1804);
#1309=LINE('',#8004,#1805);
#1310=LINE('',#8007,#1806);
#1311=LINE('',#8008,#1807);
#1312=LINE('',#8010,#1808);
#1313=LINE('',#8017,#1809);
#1314=LINE('',#8020,#1810);
#1315=LINE('',#8023,#1811);
#1316=LINE('',#8025,#1812);
#1317=LINE('',#8026,#1813);
#1318=LINE('',#8029,#1814);
#1319=LINE('',#8031,#1815);
#1320=LINE('',#8033,#1816);
#1321=LINE('',#8038,#1817);
#1322=LINE('',#8041,#1818);
#1323=LINE('',#8042,#1819);
#1324=LINE('',#8045,#1820);
#1325=LINE('',#8046,#1821);
#1326=LINE('',#8048,#1822);
#1327=LINE('',#8055,#1823);
#1328=LINE('',#8058,#1824);
#1329=LINE('',#8061,#1825);
#1330=LINE('',#8063,#1826);
#1331=LINE('',#8064,#1827);
#1332=LINE('',#8067,#1828);
#1333=LINE('',#8069,#1829);
#1334=LINE('',#8071,#1830);
#1335=LINE('',#8076,#1831);
#1336=LINE('',#8079,#1832);
#1337=LINE('',#8080,#1833);
#1338=LINE('',#8083,#1834);
#1339=LINE('',#8084,#1835);
#1340=LINE('',#8086,#1836);
#1341=LINE('',#8091,#1837);
#1342=LINE('',#8093,#1838);
#1343=LINE('',#8095,#1839);
#1344=LINE('',#8096,#1840);
#1345=LINE('',#8099,#1841);
#1346=LINE('',#8101,#1842);
#1347=LINE('',#8102,#1843);
#1348=LINE('',#8105,#1844);
#1349=LINE('',#8107,#1845);
#1350=LINE('',#8108,#1846);
#1351=LINE('',#8110,#1847);
#1352=LINE('',#8111,#1848);
#1353=LINE('',#8117,#1849);
#1354=LINE('',#8119,#1850);
#1355=LINE('',#8121,#1851);
#1356=LINE('',#8122,#1852);
#1357=LINE('',#8125,#1853);
#1358=LINE('',#8127,#1854);
#1359=LINE('',#8128,#1855);
#1360=LINE('',#8131,#1856);
#1361=LINE('',#8133,#1857);
#1362=LINE('',#8134,#1858);
#1363=LINE('',#8136,#1859);
#1364=LINE('',#8137,#1860);
#1365=LINE('',#8143,#1861);
#1366=LINE('',#8145,#1862);
#1367=LINE('',#8147,#1863);
#1368=LINE('',#8148,#1864);
#1369=LINE('',#8151,#1865);
#1370=LINE('',#8153,#1866);
#1371=LINE('',#8154,#1867);
#1372=LINE('',#8157,#1868);
#1373=LINE('',#8159,#1869);
#1374=LINE('',#8160,#1870);
#1375=LINE('',#8162,#1871);
#1376=LINE('',#8163,#1872);
#1377=LINE('',#8172,#1873);
#1378=LINE('',#8180,#1874);
#1379=LINE('',#8195,#1875);
#1380=LINE('',#8199,#1876);
#1381=LINE('',#8203,#1877);
#1382=LINE('',#8207,#1878);
#1383=LINE('',#8211,#1879);
#1384=LINE('',#8213,#1880);
#1385=LINE('',#8215,#1881);
#1386=LINE('',#8216,#1882);
#1387=LINE('',#8222,#1883);
#1388=LINE('',#8225,#1884);
#1389=LINE('',#8227,#1885);
#1390=LINE('',#8228,#1886);
#1391=LINE('',#8231,#1887);
#1392=LINE('',#8233,#1888);
#1393=LINE('',#8234,#1889);
#1394=LINE('',#8236,#1890);
#1395=LINE('',#8237,#1891);
#1396=LINE('',#8248,#1892);
#1397=LINE('',#8252,#1893);
#1398=LINE('',#8258,#1894);
#1399=LINE('',#8261,#1895);
#1400=LINE('',#8264,#1896);
#1401=LINE('',#8266,#1897);
#1402=LINE('',#8267,#1898);
#1403=LINE('',#8273,#1899);
#1404=LINE('',#8276,#1900);
#1405=LINE('',#8278,#1901);
#1406=LINE('',#8279,#1902);
#1407=LINE('',#8282,#1903);
#1408=LINE('',#8284,#1904);
#1409=LINE('',#8285,#1905);
#1410=LINE('',#8291,#1906);
#1411=LINE('',#8293,#1907);
#1412=LINE('',#8294,#1908);
#1413=LINE('',#8310,#1909);
#1414=LINE('',#8314,#1910);
#1415=LINE('',#8318,#1911);
#1416=LINE('',#8322,#1912);
#1417=LINE('',#8326,#1913);
#1418=LINE('',#8328,#1914);
#1419=LINE('',#8330,#1915);
#1420=LINE('',#8331,#1916);
#1421=LINE('',#8334,#1917);
#1422=LINE('',#8336,#1918);
#1423=LINE('',#8337,#1919);
#1424=LINE('',#8340,#1920);
#1425=LINE('',#8342,#1921);
#1426=LINE('',#8343,#1922);
#1427=LINE('',#8346,#1923);
#1428=LINE('',#8348,#1924);
#1429=LINE('',#8349,#1925);
#1430=VECTOR('',#5487,0.393700787401575);
#1431=VECTOR('',#5490,0.393700787401575);
#1432=VECTOR('',#5493,0.393700787401575);
#1433=VECTOR('',#5494,0.393700787401575);
#1434=VECTOR('',#5495,0.393700787401575);
#1435=VECTOR('',#5498,0.393700787401575);
#1436=VECTOR('',#5501,0.393700787401575);
#1437=VECTOR('',#5502,0.393700787401575);
#1438=VECTOR('',#5505,0.393700787401575);
#1439=VECTOR('',#5508,0.393700787401575);
#1440=VECTOR('',#5511,0.393700787401575);
#1441=VECTOR('',#5512,0.393700787401575);
#1442=VECTOR('',#5515,0.393700787401575);
#1443=VECTOR('',#5516,0.393700787401575);
#1444=VECTOR('',#5525,0.393700787401575);
#1445=VECTOR('',#5528,0.393700787401575);
#1446=VECTOR('',#5531,0.393700787401575);
#1447=VECTOR('',#5532,0.393700787401575);
#1448=VECTOR('',#5533,0.393700787401575);
#1449=VECTOR('',#5536,0.393700787401575);
#1450=VECTOR('',#5539,0.393700787401575);
#1451=VECTOR('',#5540,0.393700787401575);
#1452=VECTOR('',#5545,0.393700787401575);
#1453=VECTOR('',#5546,0.393700787401575);
#1454=VECTOR('',#5549,0.393700787401575);
#1455=VECTOR('',#5550,0.393700787401575);
#1456=VECTOR('',#5553,0.393700787401575);
#1457=VECTOR('',#5554,0.393700787401575);
#1458=VECTOR('',#5563,0.393700787401575);
#1459=VECTOR('',#5566,0.393700787401575);
#1460=VECTOR('',#5569,0.393700787401575);
#1461=VECTOR('',#5570,0.393700787401575);
#1462=VECTOR('',#5573,0.393700787401575);
#1463=VECTOR('',#5576,0.393700787401575);
#1464=VECTOR('',#5581,0.393700787401575);
#1465=VECTOR('',#5582,0.393700787401575);
#1466=VECTOR('',#5585,0.393700787401575);
#1467=VECTOR('',#5586,0.393700787401575);
#1468=VECTOR('',#5589,0.393700787401575);
#1469=VECTOR('',#5594,0.393700787401575);
#1470=VECTOR('',#5597,0.393700787401575);
#1471=VECTOR('',#5602,0.393700787401575);
#1472=VECTOR('',#5603,0.393700787401575);
#1473=VECTOR('',#5608,0.125);
#1474=VECTOR('',#5613,0.393700787401575);
#1475=VECTOR('',#5614,0.393700787401575);
#1476=VECTOR('',#5615,0.393700787401575);
#1477=VECTOR('',#5616,0.393700787401575);
#1478=VECTOR('',#5619,0.393700787401575);
#1479=VECTOR('',#5620,0.393700787401575);
#1480=VECTOR('',#5621,0.393700787401575);
#1481=VECTOR('',#5624,0.393700787401575);
#1482=VECTOR('',#5625,0.393700787401575);
#1483=VECTOR('',#5626,0.393700787401575);
#1484=VECTOR('',#5629,0.393700787401575);
#1485=VECTOR('',#5630,0.393700787401575);
#1486=VECTOR('',#5639,0.393700787401575);
#1487=VECTOR('',#5642,0.393700787401575);
#1488=VECTOR('',#5645,0.393700787401575);
#1489=VECTOR('',#5646,0.393700787401575);
#1490=VECTOR('',#5647,0.393700787401575);
#1491=VECTOR('',#5650,0.393700787401575);
#1492=VECTOR('',#5651,0.393700787401575);
#1493=VECTOR('',#5654,0.393700787401575);
#1494=VECTOR('',#5659,0.393700787401575);
#1495=VECTOR('',#5660,0.393700787401575);
#1496=VECTOR('',#5663,0.393700787401575);
#1497=VECTOR('',#5668,0.393700787401575);
#1498=VECTOR('',#5671,0.393700787401575);
#1499=VECTOR('',#5674,0.393700787401575);
#1500=VECTOR('',#5675,0.393700787401575);
#1501=VECTOR('',#5684,0.393700787401575);
#1502=VECTOR('',#5687,0.393700787401575);
#1503=VECTOR('',#5690,0.393700787401575);
#1504=VECTOR('',#5691,0.393700787401575);
#1505=VECTOR('',#5692,0.393700787401575);
#1506=VECTOR('',#5695,0.393700787401575);
#1507=VECTOR('',#5696,0.393700787401575);
#1508=VECTOR('',#5699,0.393700787401575);
#1509=VECTOR('',#5704,0.393700787401575);
#1510=VECTOR('',#5705,0.393700787401575);
#1511=VECTOR('',#5708,0.393700787401575);
#1512=VECTOR('',#5713,0.393700787401575);
#1513=VECTOR('',#5716,0.393700787401575);
#1514=VECTOR('',#5719,0.393700787401575);
#1515=VECTOR('',#5720,0.393700787401575);
#1516=VECTOR('',#5729,0.393700787401575);
#1517=VECTOR('',#5732,0.393700787401575);
#1518=VECTOR('',#5735,0.393700787401575);
#1519=VECTOR('',#5736,0.393700787401575);
#1520=VECTOR('',#5737,0.393700787401575);
#1521=VECTOR('',#5740,0.393700787401575);
#1522=VECTOR('',#5741,0.393700787401575);
#1523=VECTOR('',#5744,0.393700787401575);
#1524=VECTOR('',#5749,0.393700787401575);
#1525=VECTOR('',#5750,0.393700787401575);
#1526=VECTOR('',#5753,0.393700787401575);
#1527=VECTOR('',#5758,0.393700787401575);
#1528=VECTOR('',#5761,0.393700787401575);
#1529=VECTOR('',#5764,0.393700787401575);
#1530=VECTOR('',#5765,0.393700787401575);
#1531=VECTOR('',#5774,0.393700787401575);
#1532=VECTOR('',#5777,0.393700787401575);
#1533=VECTOR('',#5780,0.393700787401575);
#1534=VECTOR('',#5781,0.393700787401575);
#1535=VECTOR('',#5782,0.393700787401575);
#1536=VECTOR('',#5785,0.393700787401575);
#1537=VECTOR('',#5786,0.393700787401575);
#1538=VECTOR('',#5789,0.393700787401575);
#1539=VECTOR('',#5794,0.393700787401575);
#1540=VECTOR('',#5795,0.393700787401575);
#1541=VECTOR('',#5798,0.393700787401575);
#1542=VECTOR('',#5803,0.393700787401575);
#1543=VECTOR('',#5806,0.393700787401575);
#1544=VECTOR('',#5809,0.393700787401575);
#1545=VECTOR('',#5810,0.393700787401575);
#1546=VECTOR('',#5819,0.393700787401575);
#1547=VECTOR('',#5822,0.393700787401575);
#1548=VECTOR('',#5825,0.393700787401575);
#1549=VECTOR('',#5826,0.393700787401575);
#1550=VECTOR('',#5827,0.393700787401575);
#1551=VECTOR('',#5830,0.393700787401575);
#1552=VECTOR('',#5831,0.393700787401575);
#1553=VECTOR('',#5834,0.393700787401575);
#1554=VECTOR('',#5839,0.393700787401575);
#1555=VECTOR('',#5840,0.393700787401575);
#1556=VECTOR('',#5843,0.393700787401575);
#1557=VECTOR('',#5848,0.393700787401575);
#1558=VECTOR('',#5851,0.393700787401575);
#1559=VECTOR('',#5854,0.393700787401575);
#1560=VECTOR('',#5855,0.393700787401575);
#1561=VECTOR('',#5864,0.393700787401575);
#1562=VECTOR('',#5867,0.393700787401575);
#1563=VECTOR('',#5870,0.393700787401575);
#1564=VECTOR('',#5871,0.393700787401575);
#1565=VECTOR('',#5872,0.393700787401575);
#1566=VECTOR('',#5875,0.393700787401575);
#1567=VECTOR('',#5876,0.393700787401575);
#1568=VECTOR('',#5879,0.393700787401575);
#1569=VECTOR('',#5884,0.393700787401575);
#1570=VECTOR('',#5885,0.393700787401575);
#1571=VECTOR('',#5888,0.393700787401575);
#1572=VECTOR('',#5893,0.393700787401575);
#1573=VECTOR('',#5896,0.393700787401575);
#1574=VECTOR('',#5899,0.393700787401575);
#1575=VECTOR('',#5900,0.393700787401575);
#1576=VECTOR('',#5909,0.393700787401575);
#1577=VECTOR('',#5912,0.393700787401575);
#1578=VECTOR('',#5915,0.393700787401575);
#1579=VECTOR('',#5916,0.393700787401575);
#1580=VECTOR('',#5917,0.393700787401575);
#1581=VECTOR('',#5920,0.393700787401575);
#1582=VECTOR('',#5921,0.393700787401575);
#1583=VECTOR('',#5924,0.393700787401575);
#1584=VECTOR('',#5929,0.393700787401575);
#1585=VECTOR('',#5930,0.393700787401575);
#1586=VECTOR('',#5933,0.393700787401575);
#1587=VECTOR('',#5938,0.393700787401575);
#1588=VECTOR('',#5941,0.393700787401575);
#1589=VECTOR('',#5944,0.393700787401575);
#1590=VECTOR('',#5945,0.393700787401575);
#1591=VECTOR('',#5954,0.393700787401575);
#1592=VECTOR('',#5957,0.393700787401575);
#1593=VECTOR('',#5960,0.393700787401575);
#1594=VECTOR('',#5961,0.393700787401575);
#1595=VECTOR('',#5962,0.393700787401575);
#1596=VECTOR('',#5965,0.393700787401575);
#1597=VECTOR('',#5966,0.393700787401575);
#1598=VECTOR('',#5969,0.393700787401575);
#1599=VECTOR('',#5974,0.393700787401575);
#1600=VECTOR('',#5975,0.393700787401575);
#1601=VECTOR('',#5978,0.393700787401575);
#1602=VECTOR('',#5983,0.393700787401575);
#1603=VECTOR('',#5986,0.393700787401575);
#1604=VECTOR('',#5989,0.393700787401575);
#1605=VECTOR('',#5990,0.393700787401575);
#1606=VECTOR('',#5999,0.393700787401575);
#1607=VECTOR('',#6002,0.393700787401575);
#1608=VECTOR('',#6005,0.393700787401575);
#1609=VECTOR('',#6006,0.393700787401575);
#1610=VECTOR('',#6007,0.393700787401575);
#1611=VECTOR('',#6010,0.393700787401575);
#1612=VECTOR('',#6011,0.393700787401575);
#1613=VECTOR('',#6014,0.393700787401575);
#1614=VECTOR('',#6019,0.393700787401575);
#1615=VECTOR('',#6020,0.393700787401575);
#1616=VECTOR('',#6023,0.393700787401575);
#1617=VECTOR('',#6028,0.393700787401575);
#1618=VECTOR('',#6031,0.393700787401575);
#1619=VECTOR('',#6034,0.393700787401575);
#1620=VECTOR('',#6035,0.393700787401575);
#1621=VECTOR('',#6044,0.393700787401575);
#1622=VECTOR('',#6047,0.393700787401575);
#1623=VECTOR('',#6050,0.393700787401575);
#1624=VECTOR('',#6051,0.393700787401575);
#1625=VECTOR('',#6052,0.393700787401575);
#1626=VECTOR('',#6055,0.393700787401575);
#1627=VECTOR('',#6056,0.393700787401575);
#1628=VECTOR('',#6059,0.393700787401575);
#1629=VECTOR('',#6064,0.393700787401575);
#1630=VECTOR('',#6065,0.393700787401575);
#1631=VECTOR('',#6068,0.393700787401575);
#1632=VECTOR('',#6073,0.393700787401575);
#1633=VECTOR('',#6076,0.393700787401575);
#1634=VECTOR('',#6079,0.393700787401575);
#1635=VECTOR('',#6080,0.393700787401575);
#1636=VECTOR('',#6089,0.393700787401575);
#1637=VECTOR('',#6092,0.393700787401575);
#1638=VECTOR('',#6095,0.393700787401575);
#1639=VECTOR('',#6096,0.393700787401575);
#1640=VECTOR('',#6097,0.393700787401575);
#1641=VECTOR('',#6100,0.393700787401575);
#1642=VECTOR('',#6101,0.393700787401575);
#1643=VECTOR('',#6104,0.393700787401575);
#1644=VECTOR('',#6109,0.393700787401575);
#1645=VECTOR('',#6110,0.393700787401575);
#1646=VECTOR('',#6113,0.393700787401575);
#1647=VECTOR('',#6118,0.393700787401575);
#1648=VECTOR('',#6121,0.393700787401575);
#1649=VECTOR('',#6124,0.393700787401575);
#1650=VECTOR('',#6125,0.393700787401575);
#1651=VECTOR('',#6134,0.393700787401575);
#1652=VECTOR('',#6137,0.393700787401575);
#1653=VECTOR('',#6140,0.393700787401575);
#1654=VECTOR('',#6141,0.393700787401575);
#1655=VECTOR('',#6142,0.393700787401575);
#1656=VECTOR('',#6145,0.393700787401575);
#1657=VECTOR('',#6146,0.393700787401575);
#1658=VECTOR('',#6149,0.393700787401575);
#1659=VECTOR('',#6154,0.393700787401575);
#1660=VECTOR('',#6155,0.393700787401575);
#1661=VECTOR('',#6158,0.393700787401575);
#1662=VECTOR('',#6163,0.393700787401575);
#1663=VECTOR('',#6166,0.393700787401575);
#1664=VECTOR('',#6169,0.393700787401575);
#1665=VECTOR('',#6170,0.393700787401575);
#1666=VECTOR('',#6179,0.393700787401575);
#1667=VECTOR('',#6182,0.393700787401575);
#1668=VECTOR('',#6185,0.393700787401575);
#1669=VECTOR('',#6186,0.393700787401575);
#1670=VECTOR('',#6187,0.393700787401575);
#1671=VECTOR('',#6190,0.393700787401575);
#1672=VECTOR('',#6191,0.393700787401575);
#1673=VECTOR('',#6194,0.393700787401575);
#1674=VECTOR('',#6199,0.393700787401575);
#1675=VECTOR('',#6200,0.393700787401575);
#1676=VECTOR('',#6203,0.393700787401575);
#1677=VECTOR('',#6208,0.393700787401575);
#1678=VECTOR('',#6211,0.393700787401575);
#1679=VECTOR('',#6214,0.393700787401575);
#1680=VECTOR('',#6215,0.393700787401575);
#1681=VECTOR('',#6224,0.393700787401575);
#1682=VECTOR('',#6227,0.393700787401575);
#1683=VECTOR('',#6230,0.393700787401575);
#1684=VECTOR('',#6231,0.393700787401575);
#1685=VECTOR('',#6232,0.393700787401575);
#1686=VECTOR('',#6235,0.393700787401575);
#1687=VECTOR('',#6236,0.393700787401575);
#1688=VECTOR('',#6239,0.393700787401575);
#1689=VECTOR('',#6244,0.393700787401575);
#1690=VECTOR('',#6245,0.393700787401575);
#1691=VECTOR('',#6248,0.393700787401575);
#1692=VECTOR('',#6253,0.393700787401575);
#1693=VECTOR('',#6256,0.393700787401575);
#1694=VECTOR('',#6259,0.393700787401575);
#1695=VECTOR('',#6260,0.393700787401575);
#1696=VECTOR('',#6269,0.393700787401575);
#1697=VECTOR('',#6272,0.393700787401575);
#1698=VECTOR('',#6275,0.393700787401575);
#1699=VECTOR('',#6276,0.393700787401575);
#1700=VECTOR('',#6277,0.393700787401575);
#1701=VECTOR('',#6280,0.393700787401575);
#1702=VECTOR('',#6281,0.393700787401575);
#1703=VECTOR('',#6284,0.393700787401575);
#1704=VECTOR('',#6289,0.393700787401575);
#1705=VECTOR('',#6290,0.393700787401575);
#1706=VECTOR('',#6293,0.393700787401575);
#1707=VECTOR('',#6298,0.393700787401575);
#1708=VECTOR('',#6301,0.393700787401575);
#1709=VECTOR('',#6304,0.393700787401575);
#1710=VECTOR('',#6305,0.393700787401575);
#1711=VECTOR('',#6314,0.393700787401575);
#1712=VECTOR('',#6317,0.393700787401575);
#1713=VECTOR('',#6320,0.393700787401575);
#1714=VECTOR('',#6321,0.393700787401575);
#1715=VECTOR('',#6322,0.393700787401575);
#1716=VECTOR('',#6325,0.393700787401575);
#1717=VECTOR('',#6326,0.393700787401575);
#1718=VECTOR('',#6327,0.393700787401575);
#1719=VECTOR('',#6334,0.393700787401575);
#1720=VECTOR('',#6337,0.393700787401575);
#1721=VECTOR('',#6338,0.393700787401575);
#1722=VECTOR('',#6341,0.393700787401575);
#1723=VECTOR('',#6342,0.393700787401575);
#1724=VECTOR('',#6345,0.393700787401575);
#1725=VECTOR('',#6352,0.393700787401575);
#1726=VECTOR('',#6355,0.393700787401575);
#1727=VECTOR('',#6358,0.393700787401575);
#1728=VECTOR('',#6359,0.393700787401575);
#1729=VECTOR('',#6360,0.393700787401575);
#1730=VECTOR('',#6363,0.393700787401575);
#1731=VECTOR('',#6364,0.393700787401575);
#1732=VECTOR('',#6365,0.393700787401575);
#1733=VECTOR('',#6372,0.393700787401575);
#1734=VECTOR('',#6375,0.393700787401575);
#1735=VECTOR('',#6376,0.393700787401575);
#1736=VECTOR('',#6379,0.393700787401575);
#1737=VECTOR('',#6380,0.393700787401575);
#1738=VECTOR('',#6383,0.393700787401575);
#1739=VECTOR('',#6390,0.393700787401575);
#1740=VECTOR('',#6393,0.393700787401575);
#1741=VECTOR('',#6396,0.393700787401575);
#1742=VECTOR('',#6397,0.393700787401575);
#1743=VECTOR('',#6398,0.393700787401575);
#1744=VECTOR('',#6401,0.393700787401575);
#1745=VECTOR('',#6402,0.393700787401575);
#1746=VECTOR('',#6403,0.393700787401575);
#1747=VECTOR('',#6410,0.393700787401575);
#1748=VECTOR('',#6413,0.393700787401575);
#1749=VECTOR('',#6414,0.393700787401575);
#1750=VECTOR('',#6417,0.393700787401575);
#1751=VECTOR('',#6418,0.393700787401575);
#1752=VECTOR('',#6421,0.393700787401575);
#1753=VECTOR('',#6428,0.393700787401575);
#1754=VECTOR('',#6431,0.393700787401575);
#1755=VECTOR('',#6434,0.393700787401575);
#1756=VECTOR('',#6435,0.393700787401575);
#1757=VECTOR('',#6436,0.393700787401575);
#1758=VECTOR('',#6439,0.393700787401575);
#1759=VECTOR('',#6440,0.393700787401575);
#1760=VECTOR('',#6441,0.393700787401575);
#1761=VECTOR('',#6448,0.393700787401575);
#1762=VECTOR('',#6451,0.393700787401575);
#1763=VECTOR('',#6452,0.393700787401575);
#1764=VECTOR('',#6455,0.393700787401575);
#1765=VECTOR('',#6456,0.393700787401575);
#1766=VECTOR('',#6459,0.393700787401575);
#1767=VECTOR('',#6466,0.393700787401575);
#1768=VECTOR('',#6469,0.393700787401575);
#1769=VECTOR('',#6472,0.393700787401575);
#1770=VECTOR('',#6473,0.393700787401575);
#1771=VECTOR('',#6474,0.393700787401575);
#1772=VECTOR('',#6477,0.393700787401575);
#1773=VECTOR('',#6478,0.393700787401575);
#1774=VECTOR('',#6479,0.393700787401575);
#1775=VECTOR('',#6486,0.393700787401575);
#1776=VECTOR('',#6489,0.393700787401575);
#1777=VECTOR('',#6490,0.393700787401575);
#1778=VECTOR('',#6493,0.393700787401575);
#1779=VECTOR('',#6494,0.393700787401575);
#1780=VECTOR('',#6497,0.393700787401575);
#1781=VECTOR('',#6504,0.393700787401575);
#1782=VECTOR('',#6507,0.393700787401575);
#1783=VECTOR('',#6510,0.393700787401575);
#1784=VECTOR('',#6511,0.393700787401575);
#1785=VECTOR('',#6512,0.393700787401575);
#1786=VECTOR('',#6515,0.393700787401575);
#1787=VECTOR('',#6516,0.393700787401575);
#1788=VECTOR('',#6517,0.393700787401575);
#1789=VECTOR('',#6524,0.393700787401575);
#1790=VECTOR('',#6527,0.393700787401575);
#1791=VECTOR('',#6528,0.393700787401575);
#1792=VECTOR('',#6531,0.393700787401575);
#1793=VECTOR('',#6532,0.393700787401575);
#1794=VECTOR('',#6535,0.393700787401575);
#1795=VECTOR('',#6542,0.393700787401575);
#1796=VECTOR('',#6545,0.393700787401575);
#1797=VECTOR('',#6548,0.393700787401575);
#1798=VECTOR('',#6549,0.393700787401575);
#1799=VECTOR('',#6550,0.393700787401575);
#1800=VECTOR('',#6553,0.393700787401575);
#1801=VECTOR('',#6554,0.393700787401575);
#1802=VECTOR('',#6555,0.393700787401575);
#1803=VECTOR('',#6562,0.393700787401575);
#1804=VECTOR('',#6565,0.393700787401575);
#1805=VECTOR('',#6566,0.393700787401575);
#1806=VECTOR('',#6569,0.393700787401575);
#1807=VECTOR('',#6570,0.393700787401575);
#1808=VECTOR('',#6573,0.393700787401575);
#1809=VECTOR('',#6580,0.393700787401575);
#1810=VECTOR('',#6583,0.393700787401575);
#1811=VECTOR('',#6586,0.393700787401575);
#1812=VECTOR('',#6587,0.393700787401575);
#1813=VECTOR('',#6588,0.393700787401575);
#1814=VECTOR('',#6591,0.393700787401575);
#1815=VECTOR('',#6592,0.393700787401575);
#1816=VECTOR('',#6593,0.393700787401575);
#1817=VECTOR('',#6600,0.393700787401575);
#1818=VECTOR('',#6603,0.393700787401575);
#1819=VECTOR('',#6604,0.393700787401575);
#1820=VECTOR('',#6607,0.393700787401575);
#1821=VECTOR('',#6608,0.393700787401575);
#1822=VECTOR('',#6611,0.393700787401575);
#1823=VECTOR('',#6618,0.393700787401575);
#1824=VECTOR('',#6621,0.393700787401575);
#1825=VECTOR('',#6624,0.393700787401575);
#1826=VECTOR('',#6625,0.393700787401575);
#1827=VECTOR('',#6626,0.393700787401575);
#1828=VECTOR('',#6629,0.393700787401575);
#1829=VECTOR('',#6630,0.393700787401575);
#1830=VECTOR('',#6631,0.393700787401575);
#1831=VECTOR('',#6638,0.393700787401575);
#1832=VECTOR('',#6641,0.393700787401575);
#1833=VECTOR('',#6642,0.393700787401575);
#1834=VECTOR('',#6645,0.393700787401575);
#1835=VECTOR('',#6646,0.393700787401575);
#1836=VECTOR('',#6649,0.393700787401575);
#1837=VECTOR('',#6654,0.393700787401575);
#1838=VECTOR('',#6655,0.393700787401575);
#1839=VECTOR('',#6656,0.393700787401575);
#1840=VECTOR('',#6657,0.393700787401575);
#1841=VECTOR('',#6660,0.393700787401575);
#1842=VECTOR('',#6661,0.393700787401575);
#1843=VECTOR('',#6662,0.393700787401575);
#1844=VECTOR('',#6665,0.393700787401575);
#1845=VECTOR('',#6666,0.393700787401575);
#1846=VECTOR('',#6667,0.393700787401575);
#1847=VECTOR('',#6670,0.393700787401575);
#1848=VECTOR('',#6671,0.393700787401575);
#1849=VECTOR('',#6678,0.393700787401575);
#1850=VECTOR('',#6679,0.393700787401575);
#1851=VECTOR('',#6680,0.393700787401575);
#1852=VECTOR('',#6681,0.393700787401575);
#1853=VECTOR('',#6684,0.393700787401575);
#1854=VECTOR('',#6685,0.393700787401575);
#1855=VECTOR('',#6686,0.393700787401575);
#1856=VECTOR('',#6689,0.393700787401575);
#1857=VECTOR('',#6690,0.393700787401575);
#1858=VECTOR('',#6691,0.393700787401575);
#1859=VECTOR('',#6694,0.393700787401575);
#1860=VECTOR('',#6695,0.393700787401575);
#1861=VECTOR('',#6702,0.393700787401575);
#1862=VECTOR('',#6703,0.393700787401575);
#1863=VECTOR('',#6704,0.393700787401575);
#1864=VECTOR('',#6705,0.393700787401575);
#1865=VECTOR('',#6708,0.393700787401575);
#1866=VECTOR('',#6709,0.393700787401575);
#1867=VECTOR('',#6710,0.393700787401575);
#1868=VECTOR('',#6713,0.393700787401575);
#1869=VECTOR('',#6714,0.393700787401575);
#1870=VECTOR('',#6715,0.393700787401575);
#1871=VECTOR('',#6718,0.393700787401575);
#1872=VECTOR('',#6719,0.393700787401575);
#1873=VECTOR('',#6732,0.125);
#1874=VECTOR('',#6743,0.125);
#1875=VECTOR('',#6762,0.125);
#1876=VECTOR('',#6767,0.125);
#1877=VECTOR('',#6772,0.0196850393700788);
#1878=VECTOR('',#6777,0.0196850393700788);
#1879=VECTOR('',#6780,0.393700787401575);
#1880=VECTOR('',#6781,0.393700787401575);
#1881=VECTOR('',#6782,0.393700787401575);
#1882=VECTOR('',#6783,0.393700787401575);
#1883=VECTOR('',#6790,0.393700787401575);
#1884=VECTOR('',#6793,0.393700787401575);
#1885=VECTOR('',#6794,0.393700787401575);
#1886=VECTOR('',#6795,0.393700787401575);
#1887=VECTOR('',#6798,0.393700787401575);
#1888=VECTOR('',#6799,0.393700787401575);
#1889=VECTOR('',#6800,0.393700787401575);
#1890=VECTOR('',#6803,0.393700787401575);
#1891=VECTOR('',#6804,0.393700787401575);
#1892=VECTOR('',#6819,0.125);
#1893=VECTOR('',#6824,0.0196850393700788);
#1894=VECTOR('',#6829,0.393700787401575);
#1895=VECTOR('',#6832,0.393700787401575);
#1896=VECTOR('',#6835,0.393700787401575);
#1897=VECTOR('',#6836,0.393700787401575);
#1898=VECTOR('',#6837,0.393700787401575);
#1899=VECTOR('',#6844,0.393700787401575);
#1900=VECTOR('',#6847,0.393700787401575);
#1901=VECTOR('',#6848,0.393700787401575);
#1902=VECTOR('',#6849,0.393700787401575);
#1903=VECTOR('',#6852,0.393700787401575);
#1904=VECTOR('',#6853,0.393700787401575);
#1905=VECTOR('',#6854,0.393700787401575);
#1906=VECTOR('',#6861,0.393700787401575);
#1907=VECTOR('',#6864,0.393700787401575);
#1908=VECTOR('',#6865,0.393700787401575);
#1909=VECTOR('',#6886,0.125);
#1910=VECTOR('',#6891,0.125);
#1911=VECTOR('',#6896,0.0196850393700788);
#1912=VECTOR('',#6901,0.0196850393700788);
#1913=VECTOR('',#6904,0.393700787401575);
#1914=VECTOR('',#6905,0.393700787401575);
#1915=VECTOR('',#6906,0.393700787401575);
#1916=VECTOR('',#6907,0.393700787401575);
#1917=VECTOR('',#6910,0.393700787401575);
#1918=VECTOR('',#6911,0.393700787401575);
#1919=VECTOR('',#6912,0.393700787401575);
#1920=VECTOR('',#6915,0.393700787401575);
#1921=VECTOR('',#6916,0.393700787401575);
#1922=VECTOR('',#6917,0.393700787401575);
#1923=VECTOR('',#6920,0.393700787401575);
#1924=VECTOR('',#6921,0.393700787401575);
#1925=VECTOR('',#6922,0.393700787401575);
#1926=CIRCLE('',#5005,0.05);
#1927=CIRCLE('',#5006,0.05);
#1928=CIRCLE('',#5009,0.05);
#1929=CIRCLE('',#5011,0.05);
#1930=CIRCLE('',#5017,0.05);
#1931=CIRCLE('',#5018,0.05);
#1932=CIRCLE('',#5021,0.05);
#1933=CIRCLE('',#5023,0.05);
#1934=CIRCLE('',#5029,0.7);
#1935=CIRCLE('',#5030,0.7);
#1936=CIRCLE('',#5032,0.05);
#1937=CIRCLE('',#5033,0.05);
#1938=CIRCLE('',#5034,0.125);
#1939=CIRCLE('',#5038,0.05);
#1940=CIRCLE('',#5040,0.05);
#1941=CIRCLE('',#5041,0.125);
#1942=CIRCLE('',#5053,0.7);
#1943=CIRCLE('',#5054,0.7);
#1944=CIRCLE('',#5057,0.05);
#1945=CIRCLE('',#5058,0.05);
#1946=CIRCLE('',#5061,0.05);
#1947=CIRCLE('',#5063,0.05);
#1948=CIRCLE('',#5068,0.7);
#1949=CIRCLE('',#5069,0.7);
#1950=CIRCLE('',#5072,0.05);
#1951=CIRCLE('',#5073,0.05);
#1952=CIRCLE('',#5076,0.05);
#1953=CIRCLE('',#5078,0.05);
#1954=CIRCLE('',#5083,0.7);
#1955=CIRCLE('',#5084,0.7);
#1956=CIRCLE('',#5087,0.05);
#1957=CIRCLE('',#5088,0.05);
#1958=CIRCLE('',#5091,0.05);
#1959=CIRCLE('',#5093,0.05);
#1960=CIRCLE('',#5098,0.7);
#1961=CIRCLE('',#5099,0.7);
#1962=CIRCLE('',#5102,0.05);
#1963=CIRCLE('',#5103,0.05);
#1964=CIRCLE('',#5106,0.05);
#1965=CIRCLE('',#5108,0.05);
#1966=CIRCLE('',#5113,0.7);
#1967=CIRCLE('',#5114,0.7);
#1968=CIRCLE('',#5117,0.05);
#1969=CIRCLE('',#5118,0.05);
#1970=CIRCLE('',#5121,0.05);
#1971=CIRCLE('',#5123,0.05);
#1972=CIRCLE('',#5128,0.7);
#1973=CIRCLE('',#5129,0.7);
#1974=CIRCLE('',#5132,0.05);
#1975=CIRCLE('',#5133,0.05);
#1976=CIRCLE('',#5136,0.05);
#1977=CIRCLE('',#5138,0.05);
#1978=CIRCLE('',#5143,0.7);
#1979=CIRCLE('',#5144,0.7);
#1980=CIRCLE('',#5147,0.05);
#1981=CIRCLE('',#5148,0.05);
#1982=CIRCLE('',#5151,0.05);
#1983=CIRCLE('',#5153,0.05);
#1984=CIRCLE('',#5158,0.7);
#1985=CIRCLE('',#5159,0.7);
#1986=CIRCLE('',#5162,0.05);
#1987=CIRCLE('',#5163,0.05);
#1988=CIRCLE('',#5166,0.05);
#1989=CIRCLE('',#5168,0.05);
#1990=CIRCLE('',#5173,0.7);
#1991=CIRCLE('',#5174,0.7);
#1992=CIRCLE('',#5177,0.05);
#1993=CIRCLE('',#5178,0.05);
#1994=CIRCLE('',#5181,0.05);
#1995=CIRCLE('',#5183,0.05);
#1996=CIRCLE('',#5188,0.7);
#1997=CIRCLE('',#5189,0.7);
#1998=CIRCLE('',#5192,0.05);
#1999=CIRCLE('',#5193,0.05);
#2000=CIRCLE('',#5196,0.05);
#2001=CIRCLE('',#5198,0.05);
#2002=CIRCLE('',#5203,0.7);
#2003=CIRCLE('',#5204,0.7);
#2004=CIRCLE('',#5207,0.05);
#2005=CIRCLE('',#5208,0.05);
#2006=CIRCLE('',#5211,0.05);
#2007=CIRCLE('',#5213,0.05);
#2008=CIRCLE('',#5218,0.7);
#2009=CIRCLE('',#5219,0.7);
#2010=CIRCLE('',#5222,0.05);
#2011=CIRCLE('',#5223,0.05);
#2012=CIRCLE('',#5226,0.05);
#2013=CIRCLE('',#5228,0.05);
#2014=CIRCLE('',#5233,0.7);
#2015=CIRCLE('',#5234,0.7);
#2016=CIRCLE('',#5237,0.05);
#2017=CIRCLE('',#5238,0.05);
#2018=CIRCLE('',#5241,0.05);
#2019=CIRCLE('',#5243,0.05);
#2020=CIRCLE('',#5248,0.7);
#2021=CIRCLE('',#5249,0.7);
#2022=CIRCLE('',#5252,0.05);
#2023=CIRCLE('',#5253,0.05);
#2024=CIRCLE('',#5256,0.05);
#2025=CIRCLE('',#5258,0.05);
#2026=CIRCLE('',#5263,0.7);
#2027=CIRCLE('',#5264,0.7);
#2028=CIRCLE('',#5267,0.05);
#2029=CIRCLE('',#5268,0.05);
#2030=CIRCLE('',#5271,0.05);
#2031=CIRCLE('',#5273,0.05);
#2032=CIRCLE('',#5278,0.05);
#2033=CIRCLE('',#5279,0.05);
#2034=CIRCLE('',#5282,0.05);
#2035=CIRCLE('',#5284,0.05);
#2036=CIRCLE('',#5290,0.05);
#2037=CIRCLE('',#5291,0.05);
#2038=CIRCLE('',#5294,0.05);
#2039=CIRCLE('',#5296,0.05);
#2040=CIRCLE('',#5302,0.05);
#2041=CIRCLE('',#5303,0.05);
#2042=CIRCLE('',#5306,0.05);
#2043=CIRCLE('',#5308,0.05);
#2044=CIRCLE('',#5314,0.05);
#2045=CIRCLE('',#5315,0.05);
#2046=CIRCLE('',#5318,0.05);
#2047=CIRCLE('',#5320,0.05);
#2048=CIRCLE('',#5326,0.05);
#2049=CIRCLE('',#5327,0.05);
#2050=CIRCLE('',#5330,0.05);
#2051=CIRCLE('',#5332,0.05);
#2052=CIRCLE('',#5338,0.05);
#2053=CIRCLE('',#5339,0.05);
#2054=CIRCLE('',#5342,0.05);
#2055=CIRCLE('',#5344,0.05);
#2056=CIRCLE('',#5350,0.05);
#2057=CIRCLE('',#5351,0.05);
#2058=CIRCLE('',#5354,0.05);
#2059=CIRCLE('',#5356,0.05);
#2060=CIRCLE('',#5362,0.05);
#2061=CIRCLE('',#5363,0.05);
#2062=CIRCLE('',#5366,0.05);
#2063=CIRCLE('',#5368,0.05);
#2064=CIRCLE('',#5374,0.05);
#2065=CIRCLE('',#5375,0.05);
#2066=CIRCLE('',#5378,0.05);
#2067=CIRCLE('',#5380,0.05);
#2068=CIRCLE('',#5404,0.125);
#2069=CIRCLE('',#5406,0.125);
#2070=CIRCLE('',#5409,0.125);
#2071=CIRCLE('',#5411,0.125);
#2072=CIRCLE('',#5414,0.125);
#2073=CIRCLE('',#5415,0.0196850393700788);
#2074=CIRCLE('',#5417,0.125);
#2075=CIRCLE('',#5418,0.0196850393700788);
#2076=CIRCLE('',#5420,0.125);
#2077=CIRCLE('',#5422,0.125);
#2078=CIRCLE('',#5424,0.0196850393700788);
#2079=CIRCLE('',#5426,0.0196850393700788);
#2080=CIRCLE('',#5429,0.05);
#2081=CIRCLE('',#5430,0.05);
#2082=CIRCLE('',#5437,0.125);
#2083=CIRCLE('',#5438,0.0196850393700788);
#2084=CIRCLE('',#5440,0.125);
#2085=CIRCLE('',#5442,0.0196850393700788);
#2086=CIRCLE('',#5444,0.050000000000001);
#2087=CIRCLE('',#5445,0.050000000000001);
#2088=CIRCLE('',#5448,0.0499999999999991);
#2089=CIRCLE('',#5449,0.0499999999999991);
#2090=CIRCLE('',#5453,0.700000000000001);
#2091=CIRCLE('',#5454,0.700000000000001);
#2092=CIRCLE('',#5459,0.125);
#2093=CIRCLE('',#5460,0.0196850393700788);
#2094=CIRCLE('',#5462,0.125);
#2095=CIRCLE('',#5463,0.0196850393700788);
#2096=CIRCLE('',#5465,0.125);
#2097=CIRCLE('',#5467,0.125);
#2098=CIRCLE('',#5469,0.0196850393700788);
#2099=CIRCLE('',#5471,0.0196850393700788);
#2100=CIRCLE('',#5477,0.0500000000000001);
#2101=CIRCLE('',#5478,0.0500000000000001);
#2102=VERTEX_POINT('',#6935);
#2103=VERTEX_POINT('',#6936);
#2104=VERTEX_POINT('',#6938);
#2105=VERTEX_POINT('',#6940);
#2106=VERTEX_POINT('',#6944);
#2107=VERTEX_POINT('',#6946);
#2108=VERTEX_POINT('',#6950);
#2109=VERTEX_POINT('',#6952);
#2110=VERTEX_POINT('',#6954);
#2111=VERTEX_POINT('',#6958);
#2112=VERTEX_POINT('',#6960);
#2113=VERTEX_POINT('',#6964);
#2114=VERTEX_POINT('',#6973);
#2115=VERTEX_POINT('',#6974);
#2116=VERTEX_POINT('',#6976);
#2117=VERTEX_POINT('',#6978);
#2118=VERTEX_POINT('',#6982);
#2119=VERTEX_POINT('',#6984);
#2120=VERTEX_POINT('',#6988);
#2121=VERTEX_POINT('',#6990);
#2122=VERTEX_POINT('',#6992);
#2123=VERTEX_POINT('',#6996);
#2124=VERTEX_POINT('',#6997);
#2125=VERTEX_POINT('',#7002);
#2126=VERTEX_POINT('',#7011);
#2127=VERTEX_POINT('',#7012);
#2128=VERTEX_POINT('',#7014);
#2129=VERTEX_POINT('',#7016);
#2130=VERTEX_POINT('',#7020);
#2131=VERTEX_POINT('',#7022);
#2132=VERTEX_POINT('',#7024);
#2133=VERTEX_POINT('',#7026);
#2134=VERTEX_POINT('',#7028);
#2135=VERTEX_POINT('',#7031);
#2136=VERTEX_POINT('',#7034);
#2137=VERTEX_POINT('',#7038);
#2138=VERTEX_POINT('',#7042);
#2139=VERTEX_POINT('',#7046);
#2140=VERTEX_POINT('',#7048);
#2141=VERTEX_POINT('',#7051);
#2142=VERTEX_POINT('',#7061);
#2143=VERTEX_POINT('',#7062);
#2144=VERTEX_POINT('',#7064);
#2145=VERTEX_POINT('',#7066);
#2146=VERTEX_POINT('',#7070);
#2147=VERTEX_POINT('',#7072);
#2148=VERTEX_POINT('',#7076);
#2149=VERTEX_POINT('',#7078);
#2150=VERTEX_POINT('',#7087);
#2151=VERTEX_POINT('',#7088);
#2152=VERTEX_POINT('',#7090);
#2153=VERTEX_POINT('',#7092);
#2154=VERTEX_POINT('',#7096);
#2155=VERTEX_POINT('',#7098);
#2156=VERTEX_POINT('',#7102);
#2157=VERTEX_POINT('',#7104);
#2158=VERTEX_POINT('',#7106);
#2159=VERTEX_POINT('',#7108);
#2160=VERTEX_POINT('',#7112);
#2161=VERTEX_POINT('',#7116);
#2162=VERTEX_POINT('',#7120);
#2163=VERTEX_POINT('',#7122);
#2164=VERTEX_POINT('',#7131);
#2165=VERTEX_POINT('',#7132);
#2166=VERTEX_POINT('',#7134);
#2167=VERTEX_POINT('',#7136);
#2168=VERTEX_POINT('',#7140);
#2169=VERTEX_POINT('',#7142);
#2170=VERTEX_POINT('',#7146);
#2171=VERTEX_POINT('',#7148);
#2172=VERTEX_POINT('',#7150);
#2173=VERTEX_POINT('',#7152);
#2174=VERTEX_POINT('',#7156);
#2175=VERTEX_POINT('',#7160);
#2176=VERTEX_POINT('',#7164);
#2177=VERTEX_POINT('',#7166);
#2178=VERTEX_POINT('',#7175);
#2179=VERTEX_POINT('',#7176);
#2180=VERTEX_POINT('',#7178);
#2181=VERTEX_POINT('',#7180);
#2182=VERTEX_POINT('',#7184);
#2183=VERTEX_POINT('',#7186);
#2184=VERTEX_POINT('',#7190);
#2185=VERTEX_POINT('',#7192);
#2186=VERTEX_POINT('',#7194);
#2187=VERTEX_POINT('',#7196);
#2188=VERTEX_POINT('',#7200);
#2189=VERTEX_POINT('',#7204);
#2190=VERTEX_POINT('',#7208);
#2191=VERTEX_POINT('',#7210);
#2192=VERTEX_POINT('',#7219);
#2193=VERTEX_POINT('',#7220);
#2194=VERTEX_POINT('',#7222);
#2195=VERTEX_POINT('',#7224);
#2196=VERTEX_POINT('',#7228);
#2197=VERTEX_POINT('',#7230);
#2198=VERTEX_POINT('',#7234);
#2199=VERTEX_POINT('',#7236);
#2200=VERTEX_POINT('',#7238);
#2201=VERTEX_POINT('',#7240);
#2202=VERTEX_POINT('',#7244);
#2203=VERTEX_POINT('',#7248);
#2204=VERTEX_POINT('',#7252);
#2205=VERTEX_POINT('',#7254);
#2206=VERTEX_POINT('',#7263);
#2207=VERTEX_POINT('',#7264);
#2208=VERTEX_POINT('',#7266);
#2209=VERTEX_POINT('',#7268);
#2210=VERTEX_POINT('',#7272);
#2211=VERTEX_POINT('',#7274);
#2212=VERTEX_POINT('',#7278);
#2213=VERTEX_POINT('',#7280);
#2214=VERTEX_POINT('',#7282);
#2215=VERTEX_POINT('',#7284);
#2216=VERTEX_POINT('',#7288);
#2217=VERTEX_POINT('',#7292);
#2218=VERTEX_POINT('',#7296);
#2219=VERTEX_POINT('',#7298);
#2220=VERTEX_POINT('',#7307);
#2221=VERTEX_POINT('',#7308);
#2222=VERTEX_POINT('',#7310);
#2223=VERTEX_POINT('',#7312);
#2224=VERTEX_POINT('',#7316);
#2225=VERTEX_POINT('',#7318);
#2226=VERTEX_POINT('',#7322);
#2227=VERTEX_POINT('',#7324);
#2228=VERTEX_POINT('',#7326);
#2229=VERTEX_POINT('',#7328);
#2230=VERTEX_POINT('',#7332);
#2231=VERTEX_POINT('',#7336);
#2232=VERTEX_POINT('',#7340);
#2233=VERTEX_POINT('',#7342);
#2234=VERTEX_POINT('',#7351);
#2235=VERTEX_POINT('',#7352);
#2236=VERTEX_POINT('',#7354);
#2237=VERTEX_POINT('',#7356);
#2238=VERTEX_POINT('',#7360);
#2239=VERTEX_POINT('',#7362);
#2240=VERTEX_POINT('',#7366);
#2241=VERTEX_POINT('',#7368);
#2242=VERTEX_POINT('',#7370);
#2243=VERTEX_POINT('',#7372);
#2244=VERTEX_POINT('',#7376);
#2245=VERTEX_POINT('',#7380);
#2246=VERTEX_POINT('',#7384);
#2247=VERTEX_POINT('',#7386);
#2248=VERTEX_POINT('',#7395);
#2249=VERTEX_POINT('',#7396);
#2250=VERTEX_POINT('',#7398);
#2251=VERTEX_POINT('',#7400);
#2252=VERTEX_POINT('',#7404);
#2253=VERTEX_POINT('',#7406);
#2254=VERTEX_POINT('',#7410);
#2255=VERTEX_POINT('',#7412);
#2256=VERTEX_POINT('',#7414);
#2257=VERTEX_POINT('',#7416);
#2258=VERTEX_POINT('',#7420);
#2259=VERTEX_POINT('',#7424);
#2260=VERTEX_POINT('',#7428);
#2261=VERTEX_POINT('',#7430);
#2262=VERTEX_POINT('',#7439);
#2263=VERTEX_POINT('',#7440);
#2264=VERTEX_POINT('',#7442);
#2265=VERTEX_POINT('',#7444);
#2266=VERTEX_POINT('',#7448);
#2267=VERTEX_POINT('',#7450);
#2268=VERTEX_POINT('',#7454);
#2269=VERTEX_POINT('',#7456);
#2270=VERTEX_POINT('',#7458);
#2271=VERTEX_POINT('',#7460);
#2272=VERTEX_POINT('',#7464);
#2273=VERTEX_POINT('',#7468);
#2274=VERTEX_POINT('',#7472);
#2275=VERTEX_POINT('',#7474);
#2276=VERTEX_POINT('',#7483);
#2277=VERTEX_POINT('',#7484);
#2278=VERTEX_POINT('',#7486);
#2279=VERTEX_POINT('',#7488);
#2280=VERTEX_POINT('',#7492);
#2281=VERTEX_POINT('',#7494);
#2282=VERTEX_POINT('',#7498);
#2283=VERTEX_POINT('',#7500);
#2284=VERTEX_POINT('',#7502);
#2285=VERTEX_POINT('',#7504);
#2286=VERTEX_POINT('',#7508);
#2287=VERTEX_POINT('',#7512);
#2288=VERTEX_POINT('',#7516);
#2289=VERTEX_POINT('',#7518);
#2290=VERTEX_POINT('',#7527);
#2291=VERTEX_POINT('',#7528);
#2292=VERTEX_POINT('',#7530);
#2293=VERTEX_POINT('',#7532);
#2294=VERTEX_POINT('',#7536);
#2295=VERTEX_POINT('',#7538);
#2296=VERTEX_POINT('',#7542);
#2297=VERTEX_POINT('',#7544);
#2298=VERTEX_POINT('',#7546);
#2299=VERTEX_POINT('',#7548);
#2300=VERTEX_POINT('',#7552);
#2301=VERTEX_POINT('',#7556);
#2302=VERTEX_POINT('',#7560);
#2303=VERTEX_POINT('',#7562);
#2304=VERTEX_POINT('',#7571);
#2305=VERTEX_POINT('',#7572);
#2306=VERTEX_POINT('',#7574);
#2307=VERTEX_POINT('',#7576);
#2308=VERTEX_POINT('',#7580);
#2309=VERTEX_POINT('',#7582);
#2310=VERTEX_POINT('',#7586);
#2311=VERTEX_POINT('',#7588);
#2312=VERTEX_POINT('',#7590);
#2313=VERTEX_POINT('',#7592);
#2314=VERTEX_POINT('',#7596);
#2315=VERTEX_POINT('',#7600);
#2316=VERTEX_POINT('',#7604);
#2317=VERTEX_POINT('',#7606);
#2318=VERTEX_POINT('',#7615);
#2319=VERTEX_POINT('',#7616);
#2320=VERTEX_POINT('',#7618);
#2321=VERTEX_POINT('',#7620);
#2322=VERTEX_POINT('',#7624);
#2323=VERTEX_POINT('',#7626);
#2324=VERTEX_POINT('',#7630);
#2325=VERTEX_POINT('',#7632);
#2326=VERTEX_POINT('',#7634);
#2327=VERTEX_POINT('',#7636);
#2328=VERTEX_POINT('',#7640);
#2329=VERTEX_POINT('',#7644);
#2330=VERTEX_POINT('',#7648);
#2331=VERTEX_POINT('',#7650);
#2332=VERTEX_POINT('',#7659);
#2333=VERTEX_POINT('',#7660);
#2334=VERTEX_POINT('',#7662);
#2335=VERTEX_POINT('',#7664);
#2336=VERTEX_POINT('',#7668);
#2337=VERTEX_POINT('',#7670);
#2338=VERTEX_POINT('',#7674);
#2339=VERTEX_POINT('',#7676);
#2340=VERTEX_POINT('',#7678);
#2341=VERTEX_POINT('',#7680);
#2342=VERTEX_POINT('',#7684);
#2343=VERTEX_POINT('',#7688);
#2344=VERTEX_POINT('',#7692);
#2345=VERTEX_POINT('',#7694);
#2346=VERTEX_POINT('',#7703);
#2347=VERTEX_POINT('',#7704);
#2348=VERTEX_POINT('',#7706);
#2349=VERTEX_POINT('',#7708);
#2350=VERTEX_POINT('',#7712);
#2351=VERTEX_POINT('',#7714);
#2352=VERTEX_POINT('',#7718);
#2353=VERTEX_POINT('',#7720);
#2354=VERTEX_POINT('',#7722);
#2355=VERTEX_POINT('',#7724);
#2356=VERTEX_POINT('',#7728);
#2357=VERTEX_POINT('',#7732);
#2358=VERTEX_POINT('',#7736);
#2359=VERTEX_POINT('',#7738);
#2360=VERTEX_POINT('',#7747);
#2361=VERTEX_POINT('',#7748);
#2362=VERTEX_POINT('',#7750);
#2363=VERTEX_POINT('',#7752);
#2364=VERTEX_POINT('',#7756);
#2365=VERTEX_POINT('',#7758);
#2366=VERTEX_POINT('',#7762);
#2367=VERTEX_POINT('',#7764);
#2368=VERTEX_POINT('',#7766);
#2369=VERTEX_POINT('',#7770);
#2370=VERTEX_POINT('',#7774);
#2371=VERTEX_POINT('',#7778);
#2372=VERTEX_POINT('',#7785);
#2373=VERTEX_POINT('',#7786);
#2374=VERTEX_POINT('',#7788);
#2375=VERTEX_POINT('',#7790);
#2376=VERTEX_POINT('',#7794);
#2377=VERTEX_POINT('',#7796);
#2378=VERTEX_POINT('',#7800);
#2379=VERTEX_POINT('',#7802);
#2380=VERTEX_POINT('',#7804);
#2381=VERTEX_POINT('',#7808);
#2382=VERTEX_POINT('',#7812);
#2383=VERTEX_POINT('',#7816);
#2384=VERTEX_POINT('',#7823);
#2385=VERTEX_POINT('',#7824);
#2386=VERTEX_POINT('',#7826);
#2387=VERTEX_POINT('',#7828);
#2388=VERTEX_POINT('',#7832);
#2389=VERTEX_POINT('',#7834);
#2390=VERTEX_POINT('',#7838);
#2391=VERTEX_POINT('',#7840);
#2392=VERTEX_POINT('',#7842);
#2393=VERTEX_POINT('',#7846);
#2394=VERTEX_POINT('',#7850);
#2395=VERTEX_POINT('',#7854);
#2396=VERTEX_POINT('',#7861);
#2397=VERTEX_POINT('',#7862);
#2398=VERTEX_POINT('',#7864);
#2399=VERTEX_POINT('',#7866);
#2400=VERTEX_POINT('',#7870);
#2401=VERTEX_POINT('',#7872);
#2402=VERTEX_POINT('',#7876);
#2403=VERTEX_POINT('',#7878);
#2404=VERTEX_POINT('',#7880);
#2405=VERTEX_POINT('',#7884);
#2406=VERTEX_POINT('',#7888);
#2407=VERTEX_POINT('',#7892);
#2408=VERTEX_POINT('',#7899);
#2409=VERTEX_POINT('',#7900);
#2410=VERTEX_POINT('',#7902);
#2411=VERTEX_POINT('',#7904);
#2412=VERTEX_POINT('',#7908);
#2413=VERTEX_POINT('',#7910);
#2414=VERTEX_POINT('',#7914);
#2415=VERTEX_POINT('',#7916);
#2416=VERTEX_POINT('',#7918);
#2417=VERTEX_POINT('',#7922);
#2418=VERTEX_POINT('',#7926);
#2419=VERTEX_POINT('',#7930);
#2420=VERTEX_POINT('',#7937);
#2421=VERTEX_POINT('',#7938);
#2422=VERTEX_POINT('',#7940);
#2423=VERTEX_POINT('',#7942);
#2424=VERTEX_POINT('',#7946);
#2425=VERTEX_POINT('',#7948);
#2426=VERTEX_POINT('',#7952);
#2427=VERTEX_POINT('',#7954);
#2428=VERTEX_POINT('',#7956);
#2429=VERTEX_POINT('',#7960);
#2430=VERTEX_POINT('',#7964);
#2431=VERTEX_POINT('',#7968);
#2432=VERTEX_POINT('',#7975);
#2433=VERTEX_POINT('',#7976);
#2434=VERTEX_POINT('',#7978);
#2435=VERTEX_POINT('',#7980);
#2436=VERTEX_POINT('',#7984);
#2437=VERTEX_POINT('',#7986);
#2438=VERTEX_POINT('',#7990);
#2439=VERTEX_POINT('',#7992);
#2440=VERTEX_POINT('',#7994);
#2441=VERTEX_POINT('',#7998);
#2442=VERTEX_POINT('',#8002);
#2443=VERTEX_POINT('',#8006);
#2444=VERTEX_POINT('',#8013);
#2445=VERTEX_POINT('',#8014);
#2446=VERTEX_POINT('',#8016);
#2447=VERTEX_POINT('',#8018);
#2448=VERTEX_POINT('',#8022);
#2449=VERTEX_POINT('',#8024);
#2450=VERTEX_POINT('',#8028);
#2451=VERTEX_POINT('',#8030);
#2452=VERTEX_POINT('',#8032);
#2453=VERTEX_POINT('',#8036);
#2454=VERTEX_POINT('',#8040);
#2455=VERTEX_POINT('',#8044);
#2456=VERTEX_POINT('',#8051);
#2457=VERTEX_POINT('',#8052);
#2458=VERTEX_POINT('',#8054);
#2459=VERTEX_POINT('',#8056);
#2460=VERTEX_POINT('',#8060);
#2461=VERTEX_POINT('',#8062);
#2462=VERTEX_POINT('',#8066);
#2463=VERTEX_POINT('',#8068);
#2464=VERTEX_POINT('',#8070);
#2465=VERTEX_POINT('',#8074);
#2466=VERTEX_POINT('',#8078);
#2467=VERTEX_POINT('',#8082);
#2468=VERTEX_POINT('',#8089);
#2469=VERTEX_POINT('',#8090);
#2470=VERTEX_POINT('',#8092);
#2471=VERTEX_POINT('',#8094);
#2472=VERTEX_POINT('',#8098);
#2473=VERTEX_POINT('',#8100);
#2474=VERTEX_POINT('',#8104);
#2475=VERTEX_POINT('',#8106);
#2476=VERTEX_POINT('',#8115);
#2477=VERTEX_POINT('',#8116);
#2478=VERTEX_POINT('',#8118);
#2479=VERTEX_POINT('',#8120);
#2480=VERTEX_POINT('',#8124);
#2481=VERTEX_POINT('',#8126);
#2482=VERTEX_POINT('',#8130);
#2483=VERTEX_POINT('',#8132);
#2484=VERTEX_POINT('',#8141);
#2485=VERTEX_POINT('',#8142);
#2486=VERTEX_POINT('',#8144);
#2487=VERTEX_POINT('',#8146);
#2488=VERTEX_POINT('',#8150);
#2489=VERTEX_POINT('',#8152);
#2490=VERTEX_POINT('',#8156);
#2491=VERTEX_POINT('',#8158);
#2492=VERTEX_POINT('',#8167);
#2493=VERTEX_POINT('',#8170);
#2494=VERTEX_POINT('',#8175);
#2495=VERTEX_POINT('',#8178);
#2496=VERTEX_POINT('',#8183);
#2497=VERTEX_POINT('',#8185);
#2498=VERTEX_POINT('',#8188);
#2499=VERTEX_POINT('',#8190);
#2500=VERTEX_POINT('',#8193);
#2501=VERTEX_POINT('',#8197);
#2502=VERTEX_POINT('',#8201);
#2503=VERTEX_POINT('',#8205);
#2504=VERTEX_POINT('',#8209);
#2505=VERTEX_POINT('',#8210);
#2506=VERTEX_POINT('',#8212);
#2507=VERTEX_POINT('',#8214);
#2508=VERTEX_POINT('',#8218);
#2509=VERTEX_POINT('',#8220);
#2510=VERTEX_POINT('',#8224);
#2511=VERTEX_POINT('',#8226);
#2512=VERTEX_POINT('',#8230);
#2513=VERTEX_POINT('',#8232);
#2514=VERTEX_POINT('',#8241);
#2515=VERTEX_POINT('',#8243);
#2516=VERTEX_POINT('',#8246);
#2517=VERTEX_POINT('',#8250);
#2518=VERTEX_POINT('',#8254);
#2519=VERTEX_POINT('',#8255);
#2520=VERTEX_POINT('',#8257);
#2521=VERTEX_POINT('',#8259);
#2522=VERTEX_POINT('',#8263);
#2523=VERTEX_POINT('',#8265);
#2524=VERTEX_POINT('',#8269);
#2525=VERTEX_POINT('',#8271);
#2526=VERTEX_POINT('',#8275);
#2527=VERTEX_POINT('',#8277);
#2528=VERTEX_POINT('',#8281);
#2529=VERTEX_POINT('',#8283);
#2530=VERTEX_POINT('',#8287);
#2531=VERTEX_POINT('',#8289);
#2532=VERTEX_POINT('',#8298);
#2533=VERTEX_POINT('',#8300);
#2534=VERTEX_POINT('',#8303);
#2535=VERTEX_POINT('',#8305);
#2536=VERTEX_POINT('',#8308);
#2537=VERTEX_POINT('',#8312);
#2538=VERTEX_POINT('',#8316);
#2539=VERTEX_POINT('',#8320);
#2540=VERTEX_POINT('',#8324);
#2541=VERTEX_POINT('',#8325);
#2542=VERTEX_POINT('',#8327);
#2543=VERTEX_POINT('',#8329);
#2544=VERTEX_POINT('',#8333);
#2545=VERTEX_POINT('',#8335);
#2546=VERTEX_POINT('',#8339);
#2547=VERTEX_POINT('',#8341);
#2548=VERTEX_POINT('',#8345);
#2549=VERTEX_POINT('',#8347);
#2550=EDGE_CURVE('',#2102,#2103,#1926,.T.);
#2551=EDGE_CURVE('',#2103,#2104,#934,.T.);
#2552=EDGE_CURVE('',#2104,#2105,#1927,.T.);
#2553=EDGE_CURVE('',#2105,#2102,#935,.T.);
#2554=EDGE_CURVE('',#2105,#2106,#936,.T.);
#2555=EDGE_CURVE('',#2107,#2106,#937,.T.);
#2556=EDGE_CURVE('',#2102,#2107,#938,.T.);
#2557=EDGE_CURVE('',#2108,#2104,#939,.T.);
#2558=EDGE_CURVE('',#2109,#2108,#1928,.T.);
#2559=EDGE_CURVE('',#2109,#2110,#940,.T.);
#2560=EDGE_CURVE('',#2106,#2110,#941,.T.);
#2561=EDGE_CURVE('',#2108,#2111,#942,.T.);
#2562=EDGE_CURVE('',#2111,#2112,#1929,.T.);
#2563=EDGE_CURVE('',#2112,#2109,#943,.T.);
#2564=EDGE_CURVE('',#2112,#2113,#944,.T.);
#2565=EDGE_CURVE('',#2110,#2113,#945,.T.);
#2566=EDGE_CURVE('',#2113,#2107,#946,.T.);
#2567=EDGE_CURVE('',#2103,#2111,#947,.T.);
#2568=EDGE_CURVE('',#2114,#2115,#1930,.T.);
#2569=EDGE_CURVE('',#2115,#2116,#948,.T.);
#2570=EDGE_CURVE('',#2116,#2117,#1931,.T.);
#2571=EDGE_CURVE('',#2117,#2114,#949,.T.);
#2572=EDGE_CURVE('',#2115,#2118,#950,.T.);
#2573=EDGE_CURVE('',#2119,#2118,#951,.T.);
#2574=EDGE_CURVE('',#2116,#2119,#952,.T.);
#2575=EDGE_CURVE('',#2114,#2120,#953,.T.);
#2576=EDGE_CURVE('',#2121,#2120,#1932,.T.);
#2577=EDGE_CURVE('',#2121,#2122,#954,.T.);
#2578=EDGE_CURVE('',#2118,#2122,#955,.T.);
#2579=EDGE_CURVE('',#2123,#2124,#1933,.T.);
#2580=EDGE_CURVE('',#2124,#2121,#956,.T.);
#2581=EDGE_CURVE('',#2120,#2123,#957,.T.);
#2582=EDGE_CURVE('',#2124,#2125,#958,.T.);
#2583=EDGE_CURVE('',#2122,#2125,#959,.T.);
#2584=EDGE_CURVE('',#2125,#2119,#960,.T.);
#2585=EDGE_CURVE('',#2123,#2117,#961,.T.);
#2586=EDGE_CURVE('',#2126,#2127,#1934,.T.);
#2587=EDGE_CURVE('',#2127,#2128,#962,.T.);
#2588=EDGE_CURVE('',#2128,#2129,#1935,.T.);
#2589=EDGE_CURVE('',#2129,#2126,#963,.T.);
#2590=EDGE_CURVE('',#2130,#2128,#964,.T.);
#2591=EDGE_CURVE('',#2130,#2131,#965,.T.);
#2592=EDGE_CURVE('',#2132,#2131,#1936,.T.);
#2593=EDGE_CURVE('',#2132,#2133,#966,.T.);
#2594=EDGE_CURVE('',#2134,#2133,#1937,.T.);
#2595=EDGE_CURVE('',#2134,#2129,#967,.T.);
#2596=EDGE_CURVE('',#2135,#2135,#1938,.T.);
#2597=EDGE_CURVE('',#2127,#2136,#968,.T.);
#2598=EDGE_CURVE('',#2136,#2130,#969,.T.);
#2599=EDGE_CURVE('',#2137,#2134,#970,.T.);
#2600=EDGE_CURVE('',#2126,#2137,#971,.T.);
#2601=EDGE_CURVE('',#2133,#2138,#972,.T.);
#2602=EDGE_CURVE('',#2138,#2137,#1939,.T.);
#2603=EDGE_CURVE('',#2138,#2139,#973,.T.);
#2604=EDGE_CURVE('',#2140,#2139,#1940,.T.);
#2605=EDGE_CURVE('',#2140,#2136,#974,.T.);
#2606=EDGE_CURVE('',#2141,#2141,#1941,.T.);
#2607=EDGE_CURVE('',#2131,#2140,#975,.T.);
#2608=EDGE_CURVE('',#2139,#2132,#976,.T.);
#2609=EDGE_CURVE('',#2135,#2141,#977,.T.);
#2610=EDGE_CURVE('',#2142,#2143,#978,.T.);
#2611=EDGE_CURVE('',#2142,#2144,#979,.T.);
#2612=EDGE_CURVE('',#2145,#2144,#980,.T.);
#2613=EDGE_CURVE('',#2143,#2145,#981,.T.);
#2614=EDGE_CURVE('',#2143,#2146,#982,.T.);
#2615=EDGE_CURVE('',#2147,#2145,#983,.T.);
#2616=EDGE_CURVE('',#2146,#2147,#984,.T.);
#2617=EDGE_CURVE('',#2146,#2148,#985,.T.);
#2618=EDGE_CURVE('',#2149,#2147,#986,.T.);
#2619=EDGE_CURVE('',#2148,#2149,#987,.T.);
#2620=EDGE_CURVE('',#2148,#2142,#988,.T.);
#2621=EDGE_CURVE('',#2144,#2149,#989,.T.);
#2622=EDGE_CURVE('',#2150,#2151,#1942,.T.);
#2623=EDGE_CURVE('',#2151,#2152,#990,.T.);
#2624=EDGE_CURVE('',#2152,#2153,#1943,.T.);
#2625=EDGE_CURVE('',#2153,#2150,#991,.T.);
#2626=EDGE_CURVE('',#2154,#2153,#992,.T.);
#2627=EDGE_CURVE('',#2155,#2154,#993,.T.);
#2628=EDGE_CURVE('',#2150,#2155,#994,.T.);
#2629=EDGE_CURVE('',#2156,#2152,#995,.T.);
#2630=EDGE_CURVE('',#2156,#2157,#996,.T.);
#2631=EDGE_CURVE('',#2158,#2157,#1944,.T.);
#2632=EDGE_CURVE('',#2158,#2159,#997,.T.);
#2633=EDGE_CURVE('',#2154,#2159,#1945,.T.);
#2634=EDGE_CURVE('',#2151,#2160,#998,.T.);
#2635=EDGE_CURVE('',#2160,#2156,#999,.T.);
#2636=EDGE_CURVE('',#2159,#2161,#1000,.T.);
#2637=EDGE_CURVE('',#2161,#2155,#1946,.T.);
#2638=EDGE_CURVE('',#2161,#2162,#1001,.T.);
#2639=EDGE_CURVE('',#2163,#2162,#1947,.T.);
#2640=EDGE_CURVE('',#2163,#2160,#1002,.T.);
#2641=EDGE_CURVE('',#2157,#2163,#1003,.T.);
#2642=EDGE_CURVE('',#2162,#2158,#1004,.T.);
#2643=EDGE_CURVE('',#2164,#2165,#1948,.T.);
#2644=EDGE_CURVE('',#2165,#2166,#1005,.T.);
#2645=EDGE_CURVE('',#2166,#2167,#1949,.T.);
#2646=EDGE_CURVE('',#2167,#2164,#1006,.T.);
#2647=EDGE_CURVE('',#2168,#2167,#1007,.T.);
#2648=EDGE_CURVE('',#2169,#2168,#1008,.T.);
#2649=EDGE_CURVE('',#2164,#2169,#1009,.T.);
#2650=EDGE_CURVE('',#2170,#2166,#1010,.T.);
#2651=EDGE_CURVE('',#2170,#2171,#1011,.T.);
#2652=EDGE_CURVE('',#2172,#2171,#1950,.T.);
#2653=EDGE_CURVE('',#2172,#2173,#1012,.T.);
#2654=EDGE_CURVE('',#2168,#2173,#1951,.T.);
#2655=EDGE_CURVE('',#2165,#2174,#1013,.T.);
#2656=EDGE_CURVE('',#2174,#2170,#1014,.T.);
#2657=EDGE_CURVE('',#2173,#2175,#1015,.T.);
#2658=EDGE_CURVE('',#2175,#2169,#1952,.T.);
#2659=EDGE_CURVE('',#2175,#2176,#1016,.T.);
#2660=EDGE_CURVE('',#2177,#2176,#1953,.T.);
#2661=EDGE_CURVE('',#2177,#2174,#1017,.T.);
#2662=EDGE_CURVE('',#2171,#2177,#1018,.T.);
#2663=EDGE_CURVE('',#2176,#2172,#1019,.T.);
#2664=EDGE_CURVE('',#2178,#2179,#1954,.T.);
#2665=EDGE_CURVE('',#2179,#2180,#1020,.T.);
#2666=EDGE_CURVE('',#2180,#2181,#1955,.T.);
#2667=EDGE_CURVE('',#2181,#2178,#1021,.T.);
#2668=EDGE_CURVE('',#2182,#2181,#1022,.T.);
#2669=EDGE_CURVE('',#2183,#2182,#1023,.T.);
#2670=EDGE_CURVE('',#2178,#2183,#1024,.T.);
#2671=EDGE_CURVE('',#2184,#2180,#1025,.T.);
#2672=EDGE_CURVE('',#2184,#2185,#1026,.T.);
#2673=EDGE_CURVE('',#2186,#2185,#1956,.T.);
#2674=EDGE_CURVE('',#2186,#2187,#1027,.T.);
#2675=EDGE_CURVE('',#2182,#2187,#1957,.T.);
#2676=EDGE_CURVE('',#2179,#2188,#1028,.T.);
#2677=EDGE_CURVE('',#2188,#2184,#1029,.T.);
#2678=EDGE_CURVE('',#2187,#2189,#1030,.T.);
#2679=EDGE_CURVE('',#2189,#2183,#1958,.T.);
#2680=EDGE_CURVE('',#2189,#2190,#1031,.T.);
#2681=EDGE_CURVE('',#2191,#2190,#1959,.T.);
#2682=EDGE_CURVE('',#2191,#2188,#1032,.T.);
#2683=EDGE_CURVE('',#2185,#2191,#1033,.T.);
#2684=EDGE_CURVE('',#2190,#2186,#1034,.T.);
#2685=EDGE_CURVE('',#2192,#2193,#1960,.T.);
#2686=EDGE_CURVE('',#2193,#2194,#1035,.T.);
#2687=EDGE_CURVE('',#2194,#2195,#1961,.T.);
#2688=EDGE_CURVE('',#2195,#2192,#1036,.T.);
#2689=EDGE_CURVE('',#2196,#2195,#1037,.T.);
#2690=EDGE_CURVE('',#2197,#2196,#1038,.T.);
#2691=EDGE_CURVE('',#2192,#2197,#1039,.T.);
#2692=EDGE_CURVE('',#2198,#2194,#1040,.T.);
#2693=EDGE_CURVE('',#2198,#2199,#1041,.T.);
#2694=EDGE_CURVE('',#2200,#2199,#1962,.T.);
#2695=EDGE_CURVE('',#2200,#2201,#1042,.T.);
#2696=EDGE_CURVE('',#2196,#2201,#1963,.T.);
#2697=EDGE_CURVE('',#2193,#2202,#1043,.T.);
#2698=EDGE_CURVE('',#2202,#2198,#1044,.T.);
#2699=EDGE_CURVE('',#2201,#2203,#1045,.T.);
#2700=EDGE_CURVE('',#2203,#2197,#1964,.T.);
#2701=EDGE_CURVE('',#2203,#2204,#1046,.T.);
#2702=EDGE_CURVE('',#2205,#2204,#1965,.T.);
#2703=EDGE_CURVE('',#2205,#2202,#1047,.T.);
#2704=EDGE_CURVE('',#2199,#2205,#1048,.T.);
#2705=EDGE_CURVE('',#2204,#2200,#1049,.T.);
#2706=EDGE_CURVE('',#2206,#2207,#1966,.T.);
#2707=EDGE_CURVE('',#2207,#2208,#1050,.T.);
#2708=EDGE_CURVE('',#2208,#2209,#1967,.T.);
#2709=EDGE_CURVE('',#2209,#2206,#1051,.T.);
#2710=EDGE_CURVE('',#2210,#2209,#1052,.T.);
#2711=EDGE_CURVE('',#2211,#2210,#1053,.T.);
#2712=EDGE_CURVE('',#2206,#2211,#1054,.T.);
#2713=EDGE_CURVE('',#2212,#2208,#1055,.T.);
#2714=EDGE_CURVE('',#2212,#2213,#1056,.T.);
#2715=EDGE_CURVE('',#2214,#2213,#1968,.T.);
#2716=EDGE_CURVE('',#2214,#2215,#1057,.T.);
#2717=EDGE_CURVE('',#2210,#2215,#1969,.T.);
#2718=EDGE_CURVE('',#2207,#2216,#1058,.T.);
#2719=EDGE_CURVE('',#2216,#2212,#1059,.T.);
#2720=EDGE_CURVE('',#2215,#2217,#1060,.T.);
#2721=EDGE_CURVE('',#2217,#2211,#1970,.T.);
#2722=EDGE_CURVE('',#2217,#2218,#1061,.T.);
#2723=EDGE_CURVE('',#2219,#2218,#1971,.T.);
#2724=EDGE_CURVE('',#2219,#2216,#1062,.T.);
#2725=EDGE_CURVE('',#2213,#2219,#1063,.T.);
#2726=EDGE_CURVE('',#2218,#2214,#1064,.T.);
#2727=EDGE_CURVE('',#2220,#2221,#1972,.T.);
#2728=EDGE_CURVE('',#2221,#2222,#1065,.T.);
#2729=EDGE_CURVE('',#2222,#2223,#1973,.T.);
#2730=EDGE_CURVE('',#2223,#2220,#1066,.T.);
#2731=EDGE_CURVE('',#2224,#2223,#1067,.T.);
#2732=EDGE_CURVE('',#2225,#2224,#1068,.T.);
#2733=EDGE_CURVE('',#2220,#2225,#1069,.T.);
#2734=EDGE_CURVE('',#2226,#2222,#1070,.T.);
#2735=EDGE_CURVE('',#2226,#2227,#1071,.T.);
#2736=EDGE_CURVE('',#2228,#2227,#1974,.T.);
#2737=EDGE_CURVE('',#2228,#2229,#1072,.T.);
#2738=EDGE_CURVE('',#2224,#2229,#1975,.T.);
#2739=EDGE_CURVE('',#2221,#2230,#1073,.T.);
#2740=EDGE_CURVE('',#2230,#2226,#1074,.T.);
#2741=EDGE_CURVE('',#2229,#2231,#1075,.T.);
#2742=EDGE_CURVE('',#2231,#2225,#1976,.T.);
#2743=EDGE_CURVE('',#2231,#2232,#1076,.T.);
#2744=EDGE_CURVE('',#2233,#2232,#1977,.T.);
#2745=EDGE_CURVE('',#2233,#2230,#1077,.T.);
#2746=EDGE_CURVE('',#2227,#2233,#1078,.T.);
#2747=EDGE_CURVE('',#2232,#2228,#1079,.T.);
#2748=EDGE_CURVE('',#2234,#2235,#1978,.T.);
#2749=EDGE_CURVE('',#2235,#2236,#1080,.T.);
#2750=EDGE_CURVE('',#2236,#2237,#1979,.T.);
#2751=EDGE_CURVE('',#2237,#2234,#1081,.T.);
#2752=EDGE_CURVE('',#2238,#2237,#1082,.T.);
#2753=EDGE_CURVE('',#2239,#2238,#1083,.T.);
#2754=EDGE_CURVE('',#2234,#2239,#1084,.T.);
#2755=EDGE_CURVE('',#2240,#2236,#1085,.T.);
#2756=EDGE_CURVE('',#2240,#2241,#1086,.T.);
#2757=EDGE_CURVE('',#2242,#2241,#1980,.T.);
#2758=EDGE_CURVE('',#2242,#2243,#1087,.T.);
#2759=EDGE_CURVE('',#2238,#2243,#1981,.T.);
#2760=EDGE_CURVE('',#2235,#2244,#1088,.T.);
#2761=EDGE_CURVE('',#2244,#2240,#1089,.T.);
#2762=EDGE_CURVE('',#2243,#2245,#1090,.T.);
#2763=EDGE_CURVE('',#2245,#2239,#1982,.T.);
#2764=EDGE_CURVE('',#2245,#2246,#1091,.T.);
#2765=EDGE_CURVE('',#2247,#2246,#1983,.T.);
#2766=EDGE_CURVE('',#2247,#2244,#1092,.T.);
#2767=EDGE_CURVE('',#2241,#2247,#1093,.T.);
#2768=EDGE_CURVE('',#2246,#2242,#1094,.T.);
#2769=EDGE_CURVE('',#2248,#2249,#1984,.T.);
#2770=EDGE_CURVE('',#2249,#2250,#1095,.T.);
#2771=EDGE_CURVE('',#2250,#2251,#1985,.T.);
#2772=EDGE_CURVE('',#2251,#2248,#1096,.T.);
#2773=EDGE_CURVE('',#2252,#2251,#1097,.T.);
#2774=EDGE_CURVE('',#2253,#2252,#1098,.T.);
#2775=EDGE_CURVE('',#2248,#2253,#1099,.T.);
#2776=EDGE_CURVE('',#2254,#2250,#1100,.T.);
#2777=EDGE_CURVE('',#2254,#2255,#1101,.T.);
#2778=EDGE_CURVE('',#2256,#2255,#1986,.T.);
#2779=EDGE_CURVE('',#2256,#2257,#1102,.T.);
#2780=EDGE_CURVE('',#2252,#2257,#1987,.T.);
#2781=EDGE_CURVE('',#2249,#2258,#1103,.T.);
#2782=EDGE_CURVE('',#2258,#2254,#1104,.T.);
#2783=EDGE_CURVE('',#2257,#2259,#1105,.T.);
#2784=EDGE_CURVE('',#2259,#2253,#1988,.T.);
#2785=EDGE_CURVE('',#2259,#2260,#1106,.T.);
#2786=EDGE_CURVE('',#2261,#2260,#1989,.T.);
#2787=EDGE_CURVE('',#2261,#2258,#1107,.T.);
#2788=EDGE_CURVE('',#2255,#2261,#1108,.T.);
#2789=EDGE_CURVE('',#2260,#2256,#1109,.T.);
#2790=EDGE_CURVE('',#2262,#2263,#1990,.T.);
#2791=EDGE_CURVE('',#2263,#2264,#1110,.T.);
#2792=EDGE_CURVE('',#2264,#2265,#1991,.T.);
#2793=EDGE_CURVE('',#2265,#2262,#1111,.T.);
#2794=EDGE_CURVE('',#2266,#2265,#1112,.T.);
#2795=EDGE_CURVE('',#2267,#2266,#1113,.T.);
#2796=EDGE_CURVE('',#2262,#2267,#1114,.T.);
#2797=EDGE_CURVE('',#2268,#2264,#1115,.T.);
#2798=EDGE_CURVE('',#2268,#2269,#1116,.T.);
#2799=EDGE_CURVE('',#2270,#2269,#1992,.T.);
#2800=EDGE_CURVE('',#2270,#2271,#1117,.T.);
#2801=EDGE_CURVE('',#2266,#2271,#1993,.T.);
#2802=EDGE_CURVE('',#2263,#2272,#1118,.T.);
#2803=EDGE_CURVE('',#2272,#2268,#1119,.T.);
#2804=EDGE_CURVE('',#2271,#2273,#1120,.T.);
#2805=EDGE_CURVE('',#2273,#2267,#1994,.T.);
#2806=EDGE_CURVE('',#2273,#2274,#1121,.T.);
#2807=EDGE_CURVE('',#2275,#2274,#1995,.T.);
#2808=EDGE_CURVE('',#2275,#2272,#1122,.T.);
#2809=EDGE_CURVE('',#2269,#2275,#1123,.T.);
#2810=EDGE_CURVE('',#2274,#2270,#1124,.T.);
#2811=EDGE_CURVE('',#2276,#2277,#1996,.T.);
#2812=EDGE_CURVE('',#2277,#2278,#1125,.T.);
#2813=EDGE_CURVE('',#2278,#2279,#1997,.T.);
#2814=EDGE_CURVE('',#2279,#2276,#1126,.T.);
#2815=EDGE_CURVE('',#2280,#2279,#1127,.T.);
#2816=EDGE_CURVE('',#2281,#2280,#1128,.T.);
#2817=EDGE_CURVE('',#2276,#2281,#1129,.T.);
#2818=EDGE_CURVE('',#2282,#2278,#1130,.T.);
#2819=EDGE_CURVE('',#2282,#2283,#1131,.T.);
#2820=EDGE_CURVE('',#2284,#2283,#1998,.T.);
#2821=EDGE_CURVE('',#2284,#2285,#1132,.T.);
#2822=EDGE_CURVE('',#2280,#2285,#1999,.T.);
#2823=EDGE_CURVE('',#2277,#2286,#1133,.T.);
#2824=EDGE_CURVE('',#2286,#2282,#1134,.T.);
#2825=EDGE_CURVE('',#2285,#2287,#1135,.T.);
#2826=EDGE_CURVE('',#2287,#2281,#2000,.T.);
#2827=EDGE_CURVE('',#2287,#2288,#1136,.T.);
#2828=EDGE_CURVE('',#2289,#2288,#2001,.T.);
#2829=EDGE_CURVE('',#2289,#2286,#1137,.T.);
#2830=EDGE_CURVE('',#2283,#2289,#1138,.T.);
#2831=EDGE_CURVE('',#2288,#2284,#1139,.T.);
#2832=EDGE_CURVE('',#2290,#2291,#2002,.T.);
#2833=EDGE_CURVE('',#2291,#2292,#1140,.T.);
#2834=EDGE_CURVE('',#2292,#2293,#2003,.T.);
#2835=EDGE_CURVE('',#2293,#2290,#1141,.T.);
#2836=EDGE_CURVE('',#2294,#2293,#1142,.T.);
#2837=EDGE_CURVE('',#2295,#2294,#1143,.T.);
#2838=EDGE_CURVE('',#2290,#2295,#1144,.T.);
#2839=EDGE_CURVE('',#2296,#2292,#1145,.T.);
#2840=EDGE_CURVE('',#2296,#2297,#1146,.T.);
#2841=EDGE_CURVE('',#2298,#2297,#2004,.T.);
#2842=EDGE_CURVE('',#2298,#2299,#1147,.T.);
#2843=EDGE_CURVE('',#2294,#2299,#2005,.T.);
#2844=EDGE_CURVE('',#2291,#2300,#1148,.T.);
#2845=EDGE_CURVE('',#2300,#2296,#1149,.T.);
#2846=EDGE_CURVE('',#2299,#2301,#1150,.T.);
#2847=EDGE_CURVE('',#2301,#2295,#2006,.T.);
#2848=EDGE_CURVE('',#2301,#2302,#1151,.T.);
#2849=EDGE_CURVE('',#2303,#2302,#2007,.T.);
#2850=EDGE_CURVE('',#2303,#2300,#1152,.T.);
#2851=EDGE_CURVE('',#2297,#2303,#1153,.T.);
#2852=EDGE_CURVE('',#2302,#2298,#1154,.T.);
#2853=EDGE_CURVE('',#2304,#2305,#2008,.T.);
#2854=EDGE_CURVE('',#2305,#2306,#1155,.T.);
#2855=EDGE_CURVE('',#2306,#2307,#2009,.T.);
#2856=EDGE_CURVE('',#2307,#2304,#1156,.T.);
#2857=EDGE_CURVE('',#2308,#2307,#1157,.T.);
#2858=EDGE_CURVE('',#2309,#2308,#1158,.T.);
#2859=EDGE_CURVE('',#2304,#2309,#1159,.T.);
#2860=EDGE_CURVE('',#2310,#2306,#1160,.T.);
#2861=EDGE_CURVE('',#2310,#2311,#1161,.T.);
#2862=EDGE_CURVE('',#2312,#2311,#2010,.T.);
#2863=EDGE_CURVE('',#2312,#2313,#1162,.T.);
#2864=EDGE_CURVE('',#2308,#2313,#2011,.T.);
#2865=EDGE_CURVE('',#2305,#2314,#1163,.T.);
#2866=EDGE_CURVE('',#2314,#2310,#1164,.T.);
#2867=EDGE_CURVE('',#2313,#2315,#1165,.T.);
#2868=EDGE_CURVE('',#2315,#2309,#2012,.T.);
#2869=EDGE_CURVE('',#2315,#2316,#1166,.T.);
#2870=EDGE_CURVE('',#2317,#2316,#2013,.T.);
#2871=EDGE_CURVE('',#2317,#2314,#1167,.T.);
#2872=EDGE_CURVE('',#2311,#2317,#1168,.T.);
#2873=EDGE_CURVE('',#2316,#2312,#1169,.T.);
#2874=EDGE_CURVE('',#2318,#2319,#2014,.T.);
#2875=EDGE_CURVE('',#2319,#2320,#1170,.T.);
#2876=EDGE_CURVE('',#2320,#2321,#2015,.T.);
#2877=EDGE_CURVE('',#2321,#2318,#1171,.T.);
#2878=EDGE_CURVE('',#2322,#2321,#1172,.T.);
#2879=EDGE_CURVE('',#2323,#2322,#1173,.T.);
#2880=EDGE_CURVE('',#2318,#2323,#1174,.T.);
#2881=EDGE_CURVE('',#2324,#2320,#1175,.T.);
#2882=EDGE_CURVE('',#2324,#2325,#1176,.T.);
#2883=EDGE_CURVE('',#2326,#2325,#2016,.T.);
#2884=EDGE_CURVE('',#2326,#2327,#1177,.T.);
#2885=EDGE_CURVE('',#2322,#2327,#2017,.T.);
#2886=EDGE_CURVE('',#2319,#2328,#1178,.T.);
#2887=EDGE_CURVE('',#2328,#2324,#1179,.T.);
#2888=EDGE_CURVE('',#2327,#2329,#1180,.T.);
#2889=EDGE_CURVE('',#2329,#2323,#2018,.T.);
#2890=EDGE_CURVE('',#2329,#2330,#1181,.T.);
#2891=EDGE_CURVE('',#2331,#2330,#2019,.T.);
#2892=EDGE_CURVE('',#2331,#2328,#1182,.T.);
#2893=EDGE_CURVE('',#2325,#2331,#1183,.T.);
#2894=EDGE_CURVE('',#2330,#2326,#1184,.T.);
#2895=EDGE_CURVE('',#2332,#2333,#2020,.T.);
#2896=EDGE_CURVE('',#2333,#2334,#1185,.T.);
#2897=EDGE_CURVE('',#2334,#2335,#2021,.T.);
#2898=EDGE_CURVE('',#2335,#2332,#1186,.T.);
#2899=EDGE_CURVE('',#2336,#2335,#1187,.T.);
#2900=EDGE_CURVE('',#2337,#2336,#1188,.T.);
#2901=EDGE_CURVE('',#2332,#2337,#1189,.T.);
#2902=EDGE_CURVE('',#2338,#2334,#1190,.T.);
#2903=EDGE_CURVE('',#2338,#2339,#1191,.T.);
#2904=EDGE_CURVE('',#2340,#2339,#2022,.T.);
#2905=EDGE_CURVE('',#2340,#2341,#1192,.T.);
#2906=EDGE_CURVE('',#2336,#2341,#2023,.T.);
#2907=EDGE_CURVE('',#2333,#2342,#1193,.T.);
#2908=EDGE_CURVE('',#2342,#2338,#1194,.T.);
#2909=EDGE_CURVE('',#2341,#2343,#1195,.T.);
#2910=EDGE_CURVE('',#2343,#2337,#2024,.T.);
#2911=EDGE_CURVE('',#2343,#2344,#1196,.T.);
#2912=EDGE_CURVE('',#2345,#2344,#2025,.T.);
#2913=EDGE_CURVE('',#2345,#2342,#1197,.T.);
#2914=EDGE_CURVE('',#2339,#2345,#1198,.T.);
#2915=EDGE_CURVE('',#2344,#2340,#1199,.T.);
#2916=EDGE_CURVE('',#2346,#2347,#2026,.T.);
#2917=EDGE_CURVE('',#2347,#2348,#1200,.T.);
#2918=EDGE_CURVE('',#2348,#2349,#2027,.T.);
#2919=EDGE_CURVE('',#2349,#2346,#1201,.T.);
#2920=EDGE_CURVE('',#2350,#2349,#1202,.T.);
#2921=EDGE_CURVE('',#2351,#2350,#1203,.T.);
#2922=EDGE_CURVE('',#2346,#2351,#1204,.T.);
#2923=EDGE_CURVE('',#2352,#2348,#1205,.T.);
#2924=EDGE_CURVE('',#2352,#2353,#1206,.T.);
#2925=EDGE_CURVE('',#2354,#2353,#2028,.T.);
#2926=EDGE_CURVE('',#2354,#2355,#1207,.T.);
#2927=EDGE_CURVE('',#2350,#2355,#2029,.T.);
#2928=EDGE_CURVE('',#2347,#2356,#1208,.T.);
#2929=EDGE_CURVE('',#2356,#2352,#1209,.T.);
#2930=EDGE_CURVE('',#2355,#2357,#1210,.T.);
#2931=EDGE_CURVE('',#2357,#2351,#2030,.T.);
#2932=EDGE_CURVE('',#2357,#2358,#1211,.T.);
#2933=EDGE_CURVE('',#2359,#2358,#2031,.T.);
#2934=EDGE_CURVE('',#2359,#2356,#1212,.T.);
#2935=EDGE_CURVE('',#2353,#2359,#1213,.T.);
#2936=EDGE_CURVE('',#2358,#2354,#1214,.T.);
#2937=EDGE_CURVE('',#2360,#2361,#2032,.T.);
#2938=EDGE_CURVE('',#2361,#2362,#1215,.T.);
#2939=EDGE_CURVE('',#2362,#2363,#2033,.T.);
#2940=EDGE_CURVE('',#2363,#2360,#1216,.T.);
#2941=EDGE_CURVE('',#2361,#2364,#1217,.T.);
#2942=EDGE_CURVE('',#2365,#2364,#1218,.T.);
#2943=EDGE_CURVE('',#2365,#2362,#1219,.T.);
#2944=EDGE_CURVE('',#2360,#2366,#1220,.T.);
#2945=EDGE_CURVE('',#2367,#2366,#1221,.T.);
#2946=EDGE_CURVE('',#2368,#2367,#1222,.T.);
#2947=EDGE_CURVE('',#2364,#2368,#2034,.T.);
#2948=EDGE_CURVE('',#2369,#2365,#2035,.T.);
#2949=EDGE_CURVE('',#2368,#2369,#1223,.T.);
#2950=EDGE_CURVE('',#2370,#2367,#1224,.T.);
#2951=EDGE_CURVE('',#2369,#2370,#1225,.T.);
#2952=EDGE_CURVE('',#2363,#2371,#1226,.T.);
#2953=EDGE_CURVE('',#2366,#2371,#1227,.T.);
#2954=EDGE_CURVE('',#2371,#2370,#1228,.T.);
#2955=EDGE_CURVE('',#2372,#2373,#2036,.T.);
#2956=EDGE_CURVE('',#2373,#2374,#1229,.T.);
#2957=EDGE_CURVE('',#2374,#2375,#2037,.T.);
#2958=EDGE_CURVE('',#2375,#2372,#1230,.T.);
#2959=EDGE_CURVE('',#2373,#2376,#1231,.T.);
#2960=EDGE_CURVE('',#2377,#2376,#1232,.T.);
#2961=EDGE_CURVE('',#2377,#2374,#1233,.T.);
#2962=EDGE_CURVE('',#2372,#2378,#1234,.T.);
#2963=EDGE_CURVE('',#2379,#2378,#1235,.T.);
#2964=EDGE_CURVE('',#2380,#2379,#1236,.T.);
#2965=EDGE_CURVE('',#2376,#2380,#2038,.T.);
#2966=EDGE_CURVE('',#2381,#2377,#2039,.T.);
#2967=EDGE_CURVE('',#2380,#2381,#1237,.T.);
#2968=EDGE_CURVE('',#2382,#2379,#1238,.T.);
#2969=EDGE_CURVE('',#2381,#2382,#1239,.T.);
#2970=EDGE_CURVE('',#2375,#2383,#1240,.T.);
#2971=EDGE_CURVE('',#2378,#2383,#1241,.T.);
#2972=EDGE_CURVE('',#2383,#2382,#1242,.T.);
#2973=EDGE_CURVE('',#2384,#2385,#2040,.T.);
#2974=EDGE_CURVE('',#2385,#2386,#1243,.T.);
#2975=EDGE_CURVE('',#2386,#2387,#2041,.T.);
#2976=EDGE_CURVE('',#2387,#2384,#1244,.T.);
#2977=EDGE_CURVE('',#2385,#2388,#1245,.T.);
#2978=EDGE_CURVE('',#2389,#2388,#1246,.T.);
#2979=EDGE_CURVE('',#2389,#2386,#1247,.T.);
#2980=EDGE_CURVE('',#2384,#2390,#1248,.T.);
#2981=EDGE_CURVE('',#2391,#2390,#1249,.T.);
#2982=EDGE_CURVE('',#2392,#2391,#1250,.T.);
#2983=EDGE_CURVE('',#2388,#2392,#2042,.T.);
#2984=EDGE_CURVE('',#2393,#2389,#2043,.T.);
#2985=EDGE_CURVE('',#2392,#2393,#1251,.T.);
#2986=EDGE_CURVE('',#2394,#2391,#1252,.T.);
#2987=EDGE_CURVE('',#2393,#2394,#1253,.T.);
#2988=EDGE_CURVE('',#2387,#2395,#1254,.T.);
#2989=EDGE_CURVE('',#2390,#2395,#1255,.T.);
#2990=EDGE_CURVE('',#2395,#2394,#1256,.T.);
#2991=EDGE_CURVE('',#2396,#2397,#2044,.T.);
#2992=EDGE_CURVE('',#2397,#2398,#1257,.T.);
#2993=EDGE_CURVE('',#2398,#2399,#2045,.T.);
#2994=EDGE_CURVE('',#2399,#2396,#1258,.T.);
#2995=EDGE_CURVE('',#2397,#2400,#1259,.T.);
#2996=EDGE_CURVE('',#2401,#2400,#1260,.T.);
#2997=EDGE_CURVE('',#2401,#2398,#1261,.T.);
#2998=EDGE_CURVE('',#2396,#2402,#1262,.T.);
#2999=EDGE_CURVE('',#2403,#2402,#1263,.T.);
#3000=EDGE_CURVE('',#2404,#2403,#1264,.T.);
#3001=EDGE_CURVE('',#2400,#2404,#2046,.T.);
#3002=EDGE_CURVE('',#2405,#2401,#2047,.T.);
#3003=EDGE_CURVE('',#2404,#2405,#1265,.T.);
#3004=EDGE_CURVE('',#2406,#2403,#1266,.T.);
#3005=EDGE_CURVE('',#2405,#2406,#1267,.T.);
#3006=EDGE_CURVE('',#2399,#2407,#1268,.T.);
#3007=EDGE_CURVE('',#2402,#2407,#1269,.T.);
#3008=EDGE_CURVE('',#2407,#2406,#1270,.T.);
#3009=EDGE_CURVE('',#2408,#2409,#2048,.T.);
#3010=EDGE_CURVE('',#2409,#2410,#1271,.T.);
#3011=EDGE_CURVE('',#2410,#2411,#2049,.T.);
#3012=EDGE_CURVE('',#2411,#2408,#1272,.T.);
#3013=EDGE_CURVE('',#2409,#2412,#1273,.T.);
#3014=EDGE_CURVE('',#2413,#2412,#1274,.T.);
#3015=EDGE_CURVE('',#2413,#2410,#1275,.T.);
#3016=EDGE_CURVE('',#2408,#2414,#1276,.T.);
#3017=EDGE_CURVE('',#2415,#2414,#1277,.T.);
#3018=EDGE_CURVE('',#2416,#2415,#1278,.T.);
#3019=EDGE_CURVE('',#2412,#2416,#2050,.T.);
#3020=EDGE_CURVE('',#2417,#2413,#2051,.T.);
#3021=EDGE_CURVE('',#2416,#2417,#1279,.T.);
#3022=EDGE_CURVE('',#2418,#2415,#1280,.T.);
#3023=EDGE_CURVE('',#2417,#2418,#1281,.T.);
#3024=EDGE_CURVE('',#2411,#2419,#1282,.T.);
#3025=EDGE_CURVE('',#2414,#2419,#1283,.T.);
#3026=EDGE_CURVE('',#2419,#2418,#1284,.T.);
#3027=EDGE_CURVE('',#2420,#2421,#2052,.T.);
#3028=EDGE_CURVE('',#2421,#2422,#1285,.T.);
#3029=EDGE_CURVE('',#2422,#2423,#2053,.T.);
#3030=EDGE_CURVE('',#2423,#2420,#1286,.T.);
#3031=EDGE_CURVE('',#2421,#2424,#1287,.T.);
#3032=EDGE_CURVE('',#2425,#2424,#1288,.T.);
#3033=EDGE_CURVE('',#2425,#2422,#1289,.T.);
#3034=EDGE_CURVE('',#2420,#2426,#1290,.T.);
#3035=EDGE_CURVE('',#2427,#2426,#1291,.T.);
#3036=EDGE_CURVE('',#2428,#2427,#1292,.T.);
#3037=EDGE_CURVE('',#2424,#2428,#2054,.T.);
#3038=EDGE_CURVE('',#2429,#2425,#2055,.T.);
#3039=EDGE_CURVE('',#2428,#2429,#1293,.T.);
#3040=EDGE_CURVE('',#2430,#2427,#1294,.T.);
#3041=EDGE_CURVE('',#2429,#2430,#1295,.T.);
#3042=EDGE_CURVE('',#2423,#2431,#1296,.T.);
#3043=EDGE_CURVE('',#2426,#2431,#1297,.T.);
#3044=EDGE_CURVE('',#2431,#2430,#1298,.T.);
#3045=EDGE_CURVE('',#2432,#2433,#2056,.T.);
#3046=EDGE_CURVE('',#2433,#2434,#1299,.T.);
#3047=EDGE_CURVE('',#2434,#2435,#2057,.T.);
#3048=EDGE_CURVE('',#2435,#2432,#1300,.T.);
#3049=EDGE_CURVE('',#2433,#2436,#1301,.T.);
#3050=EDGE_CURVE('',#2437,#2436,#1302,.T.);
#3051=EDGE_CURVE('',#2434,#2437,#1303,.T.);
#3052=EDGE_CURVE('',#2432,#2438,#1304,.T.);
#3053=EDGE_CURVE('',#2439,#2438,#1305,.T.);
#3054=EDGE_CURVE('',#2440,#2439,#1306,.T.);
#3055=EDGE_CURVE('',#2436,#2440,#2058,.T.);
#3056=EDGE_CURVE('',#2441,#2437,#2059,.T.);
#3057=EDGE_CURVE('',#2440,#2441,#1307,.T.);
#3058=EDGE_CURVE('',#2442,#2439,#1308,.T.);
#3059=EDGE_CURVE('',#2441,#2442,#1309,.T.);
#3060=EDGE_CURVE('',#2435,#2443,#1310,.T.);
#3061=EDGE_CURVE('',#2438,#2443,#1311,.T.);
#3062=EDGE_CURVE('',#2443,#2442,#1312,.T.);
#3063=EDGE_CURVE('',#2444,#2445,#2060,.T.);
#3064=EDGE_CURVE('',#2445,#2446,#1313,.T.);
#3065=EDGE_CURVE('',#2446,#2447,#2061,.T.);
#3066=EDGE_CURVE('',#2447,#2444,#1314,.T.);
#3067=EDGE_CURVE('',#2445,#2448,#1315,.T.);
#3068=EDGE_CURVE('',#2449,#2448,#1316,.T.);
#3069=EDGE_CURVE('',#2449,#2446,#1317,.T.);
#3070=EDGE_CURVE('',#2444,#2450,#1318,.T.);
#3071=EDGE_CURVE('',#2451,#2450,#1319,.T.);
#3072=EDGE_CURVE('',#2452,#2451,#1320,.T.);
#3073=EDGE_CURVE('',#2448,#2452,#2062,.T.);
#3074=EDGE_CURVE('',#2453,#2449,#2063,.T.);
#3075=EDGE_CURVE('',#2452,#2453,#1321,.T.);
#3076=EDGE_CURVE('',#2454,#2451,#1322,.T.);
#3077=EDGE_CURVE('',#2453,#2454,#1323,.T.);
#3078=EDGE_CURVE('',#2447,#2455,#1324,.T.);
#3079=EDGE_CURVE('',#2450,#2455,#1325,.T.);
#3080=EDGE_CURVE('',#2455,#2454,#1326,.T.);
#3081=EDGE_CURVE('',#2456,#2457,#2064,.T.);
#3082=EDGE_CURVE('',#2457,#2458,#1327,.T.);
#3083=EDGE_CURVE('',#2458,#2459,#2065,.T.);
#3084=EDGE_CURVE('',#2459,#2456,#1328,.T.);
#3085=EDGE_CURVE('',#2457,#2460,#1329,.T.);
#3086=EDGE_CURVE('',#2461,#2460,#1330,.T.);
#3087=EDGE_CURVE('',#2461,#2458,#1331,.T.);
#3088=EDGE_CURVE('',#2456,#2462,#1332,.T.);
#3089=EDGE_CURVE('',#2463,#2462,#1333,.T.);
#3090=EDGE_CURVE('',#2464,#2463,#1334,.T.);
#3091=EDGE_CURVE('',#2460,#2464,#2066,.T.);
#3092=EDGE_CURVE('',#2465,#2461,#2067,.T.);
#3093=EDGE_CURVE('',#2464,#2465,#1335,.T.);
#3094=EDGE_CURVE('',#2466,#2463,#1336,.T.);
#3095=EDGE_CURVE('',#2465,#2466,#1337,.T.);
#3096=EDGE_CURVE('',#2459,#2467,#1338,.T.);
#3097=EDGE_CURVE('',#2462,#2467,#1339,.T.);
#3098=EDGE_CURVE('',#2467,#2466,#1340,.T.);
#3099=EDGE_CURVE('',#2468,#2469,#1341,.T.);
#3100=EDGE_CURVE('',#2468,#2470,#1342,.T.);
#3101=EDGE_CURVE('',#2471,#2470,#1343,.T.);
#3102=EDGE_CURVE('',#2469,#2471,#1344,.T.);
#3103=EDGE_CURVE('',#2469,#2472,#1345,.T.);
#3104=EDGE_CURVE('',#2473,#2471,#1346,.T.);
#3105=EDGE_CURVE('',#2472,#2473,#1347,.T.);
#3106=EDGE_CURVE('',#2472,#2474,#1348,.T.);
#3107=EDGE_CURVE('',#2475,#2473,#1349,.T.);
#3108=EDGE_CURVE('',#2474,#2475,#1350,.T.);
#3109=EDGE_CURVE('',#2474,#2468,#1351,.T.);
#3110=EDGE_CURVE('',#2470,#2475,#1352,.T.);
#3111=EDGE_CURVE('',#2476,#2477,#1353,.T.);
#3112=EDGE_CURVE('',#2476,#2478,#1354,.T.);
#3113=EDGE_CURVE('',#2479,#2478,#1355,.T.);
#3114=EDGE_CURVE('',#2477,#2479,#1356,.T.);
#3115=EDGE_CURVE('',#2477,#2480,#1357,.T.);
#3116=EDGE_CURVE('',#2481,#2479,#1358,.T.);
#3117=EDGE_CURVE('',#2480,#2481,#1359,.T.);
#3118=EDGE_CURVE('',#2480,#2482,#1360,.T.);
#3119=EDGE_CURVE('',#2483,#2481,#1361,.T.);
#3120=EDGE_CURVE('',#2482,#2483,#1362,.T.);
#3121=EDGE_CURVE('',#2482,#2476,#1363,.T.);
#3122=EDGE_CURVE('',#2478,#2483,#1364,.T.);
#3123=EDGE_CURVE('',#2484,#2485,#1365,.T.);
#3124=EDGE_CURVE('',#2484,#2486,#1366,.T.);
#3125=EDGE_CURVE('',#2487,#2486,#1367,.T.);
#3126=EDGE_CURVE('',#2485,#2487,#1368,.T.);
#3127=EDGE_CURVE('',#2485,#2488,#1369,.T.);
#3128=EDGE_CURVE('',#2489,#2487,#1370,.T.);
#3129=EDGE_CURVE('',#2488,#2489,#1371,.T.);
#3130=EDGE_CURVE('',#2488,#2490,#1372,.T.);
#3131=EDGE_CURVE('',#2491,#2489,#1373,.T.);
#3132=EDGE_CURVE('',#2490,#2491,#1374,.T.);
#3133=EDGE_CURVE('',#2490,#2484,#1375,.T.);
#3134=EDGE_CURVE('',#2486,#2491,#1376,.T.);
#3135=EDGE_CURVE('',#2492,#2492,#2068,.T.);
#3136=EDGE_CURVE('',#2493,#2493,#2069,.T.);
#3137=EDGE_CURVE('',#2493,#2492,#1377,.T.);
#3138=EDGE_CURVE('',#2494,#2494,#2070,.T.);
#3139=EDGE_CURVE('',#2495,#2495,#2071,.T.);
#3140=EDGE_CURVE('',#2495,#2494,#1378,.T.);
#3141=EDGE_CURVE('',#2496,#2496,#2072,.T.);
#3142=EDGE_CURVE('',#2497,#2497,#2073,.T.);
#3143=EDGE_CURVE('',#2498,#2498,#2074,.T.);
#3144=EDGE_CURVE('',#2499,#2499,#2075,.T.);
#3145=EDGE_CURVE('',#2500,#2500,#2076,.T.);
#3146=EDGE_CURVE('',#2500,#2498,#1379,.T.);
#3147=EDGE_CURVE('',#2501,#2501,#2077,.T.);
#3148=EDGE_CURVE('',#2501,#2496,#1380,.T.);
#3149=EDGE_CURVE('',#2502,#2502,#2078,.T.);
#3150=EDGE_CURVE('',#2502,#2497,#1381,.T.);
#3151=EDGE_CURVE('',#2503,#2503,#2079,.T.);
#3152=EDGE_CURVE('',#2503,#2499,#1382,.T.);
#3153=EDGE_CURVE('',#2504,#2505,#1383,.T.);
#3154=EDGE_CURVE('',#2505,#2506,#1384,.T.);
#3155=EDGE_CURVE('',#2507,#2506,#1385,.T.);
#3156=EDGE_CURVE('',#2504,#2507,#1386,.T.);
#3157=EDGE_CURVE('',#2508,#2504,#2080,.T.);
#3158=EDGE_CURVE('',#2509,#2507,#2081,.T.);
#3159=EDGE_CURVE('',#2508,#2509,#1387,.T.);
#3160=EDGE_CURVE('',#2510,#2508,#1388,.T.);
#3161=EDGE_CURVE('',#2511,#2509,#1389,.T.);
#3162=EDGE_CURVE('',#2510,#2511,#1390,.T.);
#3163=EDGE_CURVE('',#2510,#2512,#1391,.T.);
#3164=EDGE_CURVE('',#2513,#2511,#1392,.T.);
#3165=EDGE_CURVE('',#2512,#2513,#1393,.T.);
#3166=EDGE_CURVE('',#2505,#2512,#1394,.T.);
#3167=EDGE_CURVE('',#2506,#2513,#1395,.T.);
#3168=EDGE_CURVE('',#2514,#2514,#2082,.T.);
#3169=EDGE_CURVE('',#2515,#2515,#2083,.T.);
#3170=EDGE_CURVE('',#2516,#2516,#2084,.T.);
#3171=EDGE_CURVE('',#2516,#2514,#1396,.T.);
#3172=EDGE_CURVE('',#2517,#2517,#2085,.T.);
#3173=EDGE_CURVE('',#2517,#2515,#1397,.T.);
#3174=EDGE_CURVE('',#2518,#2519,#2086,.T.);
#3175=EDGE_CURVE('',#2519,#2520,#1398,.T.);
#3176=EDGE_CURVE('',#2521,#2520,#2087,.T.);
#3177=EDGE_CURVE('',#2518,#2521,#1399,.T.);
#3178=EDGE_CURVE('',#2522,#2518,#1400,.T.);
#3179=EDGE_CURVE('',#2523,#2521,#1401,.T.);
#3180=EDGE_CURVE('',#2522,#2523,#1402,.T.);
#3181=EDGE_CURVE('',#2524,#2522,#2088,.T.);
#3182=EDGE_CURVE('',#2525,#2523,#2089,.T.);
#3183=EDGE_CURVE('',#2524,#2525,#1403,.T.);
#3184=EDGE_CURVE('',#2526,#2524,#1404,.T.);
#3185=EDGE_CURVE('',#2527,#2525,#1405,.T.);
#3186=EDGE_CURVE('',#2526,#2527,#1406,.T.);
#3187=EDGE_CURVE('',#2528,#2526,#1407,.T.);
#3188=EDGE_CURVE('',#2529,#2527,#1408,.T.);
#3189=EDGE_CURVE('',#2528,#2529,#1409,.T.);
#3190=EDGE_CURVE('',#2530,#2528,#2090,.T.);
#3191=EDGE_CURVE('',#2531,#2529,#2091,.T.);
#3192=EDGE_CURVE('',#2530,#2531,#1410,.T.);
#3193=EDGE_CURVE('',#2519,#2530,#1411,.T.);
#3194=EDGE_CURVE('',#2520,#2531,#1412,.T.);
#3195=EDGE_CURVE('',#2532,#2532,#2092,.T.);
#3196=EDGE_CURVE('',#2533,#2533,#2093,.T.);
#3197=EDGE_CURVE('',#2534,#2534,#2094,.T.);
#3198=EDGE_CURVE('',#2535,#2535,#2095,.T.);
#3199=EDGE_CURVE('',#2536,#2536,#2096,.T.);
#3200=EDGE_CURVE('',#2536,#2534,#1413,.T.);
#3201=EDGE_CURVE('',#2537,#2537,#2097,.T.);
#3202=EDGE_CURVE('',#2537,#2532,#1414,.T.);
#3203=EDGE_CURVE('',#2538,#2538,#2098,.T.);
#3204=EDGE_CURVE('',#2538,#2533,#1415,.T.);
#3205=EDGE_CURVE('',#2539,#2539,#2099,.T.);
#3206=EDGE_CURVE('',#2539,#2535,#1416,.T.);
#3207=EDGE_CURVE('',#2540,#2541,#1417,.T.);
#3208=EDGE_CURVE('',#2541,#2542,#1418,.T.);
#3209=EDGE_CURVE('',#2543,#2542,#1419,.T.);
#3210=EDGE_CURVE('',#2540,#2543,#1420,.T.);
#3211=EDGE_CURVE('',#2540,#2544,#1421,.T.);
#3212=EDGE_CURVE('',#2545,#2543,#1422,.T.);
#3213=EDGE_CURVE('',#2544,#2545,#1423,.T.);
#3214=EDGE_CURVE('',#2546,#2544,#1424,.T.);
#3215=EDGE_CURVE('',#2547,#2545,#1425,.T.);
#3216=EDGE_CURVE('',#2546,#2547,#1426,.T.);
#3217=EDGE_CURVE('',#2548,#2546,#1427,.T.);
#3218=EDGE_CURVE('',#2549,#2547,#1428,.T.);
#3219=EDGE_CURVE('',#2548,#2549,#1429,.T.);
#3220=EDGE_CURVE('',#2541,#2548,#2100,.T.);
#3221=EDGE_CURVE('',#2542,#2549,#2101,.T.);
#3222=ORIENTED_EDGE('',*,*,#2550,.T.);
#3223=ORIENTED_EDGE('',*,*,#2551,.T.);
#3224=ORIENTED_EDGE('',*,*,#2552,.T.);
#3225=ORIENTED_EDGE('',*,*,#2553,.T.);
#3226=ORIENTED_EDGE('',*,*,#2553,.F.);
#3227=ORIENTED_EDGE('',*,*,#2554,.T.);
#3228=ORIENTED_EDGE('',*,*,#2555,.F.);
#3229=ORIENTED_EDGE('',*,*,#2556,.F.);
#3230=ORIENTED_EDGE('',*,*,#2552,.F.);
#3231=ORIENTED_EDGE('',*,*,#2557,.F.);
#3232=ORIENTED_EDGE('',*,*,#2558,.F.);
#3233=ORIENTED_EDGE('',*,*,#2559,.T.);
#3234=ORIENTED_EDGE('',*,*,#2560,.F.);
#3235=ORIENTED_EDGE('',*,*,#2554,.F.);
#3236=ORIENTED_EDGE('',*,*,#2558,.T.);
#3237=ORIENTED_EDGE('',*,*,#2561,.T.);
#3238=ORIENTED_EDGE('',*,*,#2562,.T.);
#3239=ORIENTED_EDGE('',*,*,#2563,.T.);
#3240=ORIENTED_EDGE('',*,*,#2563,.F.);
#3241=ORIENTED_EDGE('',*,*,#2564,.T.);
#3242=ORIENTED_EDGE('',*,*,#2565,.F.);
#3243=ORIENTED_EDGE('',*,*,#2559,.F.);
#3244=ORIENTED_EDGE('',*,*,#2550,.F.);
#3245=ORIENTED_EDGE('',*,*,#2556,.T.);
#3246=ORIENTED_EDGE('',*,*,#2566,.F.);
#3247=ORIENTED_EDGE('',*,*,#2564,.F.);
#3248=ORIENTED_EDGE('',*,*,#2562,.F.);
#3249=ORIENTED_EDGE('',*,*,#2567,.F.);
#3250=ORIENTED_EDGE('',*,*,#2555,.T.);
#3251=ORIENTED_EDGE('',*,*,#2560,.T.);
#3252=ORIENTED_EDGE('',*,*,#2565,.T.);
#3253=ORIENTED_EDGE('',*,*,#2566,.T.);
#3254=ORIENTED_EDGE('',*,*,#2551,.F.);
#3255=ORIENTED_EDGE('',*,*,#2567,.T.);
#3256=ORIENTED_EDGE('',*,*,#2561,.F.);
#3257=ORIENTED_EDGE('',*,*,#2557,.T.);
#3258=ORIENTED_EDGE('',*,*,#2568,.T.);
#3259=ORIENTED_EDGE('',*,*,#2569,.T.);
#3260=ORIENTED_EDGE('',*,*,#2570,.T.);
#3261=ORIENTED_EDGE('',*,*,#2571,.T.);
#3262=ORIENTED_EDGE('',*,*,#2569,.F.);
#3263=ORIENTED_EDGE('',*,*,#2572,.T.);
#3264=ORIENTED_EDGE('',*,*,#2573,.F.);
#3265=ORIENTED_EDGE('',*,*,#2574,.F.);
#3266=ORIENTED_EDGE('',*,*,#2568,.F.);
#3267=ORIENTED_EDGE('',*,*,#2575,.T.);
#3268=ORIENTED_EDGE('',*,*,#2576,.F.);
#3269=ORIENTED_EDGE('',*,*,#2577,.T.);
#3270=ORIENTED_EDGE('',*,*,#2578,.F.);
#3271=ORIENTED_EDGE('',*,*,#2572,.F.);
#3272=ORIENTED_EDGE('',*,*,#2579,.T.);
#3273=ORIENTED_EDGE('',*,*,#2580,.T.);
#3274=ORIENTED_EDGE('',*,*,#2576,.T.);
#3275=ORIENTED_EDGE('',*,*,#2581,.T.);
#3276=ORIENTED_EDGE('',*,*,#2580,.F.);
#3277=ORIENTED_EDGE('',*,*,#2582,.T.);
#3278=ORIENTED_EDGE('',*,*,#2583,.F.);
#3279=ORIENTED_EDGE('',*,*,#2577,.F.);
#3280=ORIENTED_EDGE('',*,*,#2570,.F.);
#3281=ORIENTED_EDGE('',*,*,#2574,.T.);
#3282=ORIENTED_EDGE('',*,*,#2584,.F.);
#3283=ORIENTED_EDGE('',*,*,#2582,.F.);
#3284=ORIENTED_EDGE('',*,*,#2579,.F.);
#3285=ORIENTED_EDGE('',*,*,#2585,.T.);
#3286=ORIENTED_EDGE('',*,*,#2573,.T.);
#3287=ORIENTED_EDGE('',*,*,#2578,.T.);
#3288=ORIENTED_EDGE('',*,*,#2583,.T.);
#3289=ORIENTED_EDGE('',*,*,#2584,.T.);
#3290=ORIENTED_EDGE('',*,*,#2571,.F.);
#3291=ORIENTED_EDGE('',*,*,#2585,.F.);
#3292=ORIENTED_EDGE('',*,*,#2581,.F.);
#3293=ORIENTED_EDGE('',*,*,#2575,.F.);
#3294=ORIENTED_EDGE('',*,*,#2586,.T.);
#3295=ORIENTED_EDGE('',*,*,#2587,.T.);
#3296=ORIENTED_EDGE('',*,*,#2588,.T.);
#3297=ORIENTED_EDGE('',*,*,#2589,.T.);
#3298=ORIENTED_EDGE('',*,*,#2588,.F.);
#3299=ORIENTED_EDGE('',*,*,#2590,.F.);
#3300=ORIENTED_EDGE('',*,*,#2591,.T.);
#3301=ORIENTED_EDGE('',*,*,#2592,.F.);
#3302=ORIENTED_EDGE('',*,*,#2593,.T.);
#3303=ORIENTED_EDGE('',*,*,#2594,.F.);
#3304=ORIENTED_EDGE('',*,*,#2595,.T.);
#3305=ORIENTED_EDGE('',*,*,#2596,.T.);
#3306=ORIENTED_EDGE('',*,*,#2587,.F.);
#3307=ORIENTED_EDGE('',*,*,#2597,.T.);
#3308=ORIENTED_EDGE('',*,*,#2598,.T.);
#3309=ORIENTED_EDGE('',*,*,#2590,.T.);
#3310=ORIENTED_EDGE('',*,*,#2589,.F.);
#3311=ORIENTED_EDGE('',*,*,#2595,.F.);
#3312=ORIENTED_EDGE('',*,*,#2599,.F.);
#3313=ORIENTED_EDGE('',*,*,#2600,.F.);
#3314=ORIENTED_EDGE('',*,*,#2594,.T.);
#3315=ORIENTED_EDGE('',*,*,#2601,.T.);
#3316=ORIENTED_EDGE('',*,*,#2602,.T.);
#3317=ORIENTED_EDGE('',*,*,#2599,.T.);
#3318=ORIENTED_EDGE('',*,*,#2586,.F.);
#3319=ORIENTED_EDGE('',*,*,#2600,.T.);
#3320=ORIENTED_EDGE('',*,*,#2602,.F.);
#3321=ORIENTED_EDGE('',*,*,#2603,.T.);
#3322=ORIENTED_EDGE('',*,*,#2604,.F.);
#3323=ORIENTED_EDGE('',*,*,#2605,.T.);
#3324=ORIENTED_EDGE('',*,*,#2597,.F.);
#3325=ORIENTED_EDGE('',*,*,#2606,.T.);
#3326=ORIENTED_EDGE('',*,*,#2592,.T.);
#3327=ORIENTED_EDGE('',*,*,#2607,.T.);
#3328=ORIENTED_EDGE('',*,*,#2604,.T.);
#3329=ORIENTED_EDGE('',*,*,#2608,.T.);
#3330=ORIENTED_EDGE('',*,*,#2607,.F.);
#3331=ORIENTED_EDGE('',*,*,#2591,.F.);
#3332=ORIENTED_EDGE('',*,*,#2598,.F.);
#3333=ORIENTED_EDGE('',*,*,#2605,.F.);
#3334=ORIENTED_EDGE('',*,*,#2596,.F.);
#3335=ORIENTED_EDGE('',*,*,#2609,.T.);
#3336=ORIENTED_EDGE('',*,*,#2606,.F.);
#3337=ORIENTED_EDGE('',*,*,#2609,.F.);
#3338=ORIENTED_EDGE('',*,*,#2601,.F.);
#3339=ORIENTED_EDGE('',*,*,#2593,.F.);
#3340=ORIENTED_EDGE('',*,*,#2608,.F.);
#3341=ORIENTED_EDGE('',*,*,#2603,.F.);
#3342=ORIENTED_EDGE('',*,*,#2610,.F.);
#3343=ORIENTED_EDGE('',*,*,#2611,.T.);
#3344=ORIENTED_EDGE('',*,*,#2612,.F.);
#3345=ORIENTED_EDGE('',*,*,#2613,.F.);
#3346=ORIENTED_EDGE('',*,*,#2614,.F.);
#3347=ORIENTED_EDGE('',*,*,#2613,.T.);
#3348=ORIENTED_EDGE('',*,*,#2615,.F.);
#3349=ORIENTED_EDGE('',*,*,#2616,.F.);
#3350=ORIENTED_EDGE('',*,*,#2617,.F.);
#3351=ORIENTED_EDGE('',*,*,#2616,.T.);
#3352=ORIENTED_EDGE('',*,*,#2618,.F.);
#3353=ORIENTED_EDGE('',*,*,#2619,.F.);
#3354=ORIENTED_EDGE('',*,*,#2620,.F.);
#3355=ORIENTED_EDGE('',*,*,#2619,.T.);
#3356=ORIENTED_EDGE('',*,*,#2621,.F.);
#3357=ORIENTED_EDGE('',*,*,#2611,.F.);
#3358=ORIENTED_EDGE('',*,*,#2620,.T.);
#3359=ORIENTED_EDGE('',*,*,#2610,.T.);
#3360=ORIENTED_EDGE('',*,*,#2614,.T.);
#3361=ORIENTED_EDGE('',*,*,#2617,.T.);
#3362=ORIENTED_EDGE('',*,*,#2621,.T.);
#3363=ORIENTED_EDGE('',*,*,#2618,.T.);
#3364=ORIENTED_EDGE('',*,*,#2615,.T.);
#3365=ORIENTED_EDGE('',*,*,#2612,.T.);
#3366=ORIENTED_EDGE('',*,*,#2622,.T.);
#3367=ORIENTED_EDGE('',*,*,#2623,.T.);
#3368=ORIENTED_EDGE('',*,*,#2624,.T.);
#3369=ORIENTED_EDGE('',*,*,#2625,.T.);
#3370=ORIENTED_EDGE('',*,*,#2625,.F.);
#3371=ORIENTED_EDGE('',*,*,#2626,.F.);
#3372=ORIENTED_EDGE('',*,*,#2627,.F.);
#3373=ORIENTED_EDGE('',*,*,#2628,.F.);
#3374=ORIENTED_EDGE('',*,*,#2624,.F.);
#3375=ORIENTED_EDGE('',*,*,#2629,.F.);
#3376=ORIENTED_EDGE('',*,*,#2630,.T.);
#3377=ORIENTED_EDGE('',*,*,#2631,.F.);
#3378=ORIENTED_EDGE('',*,*,#2632,.T.);
#3379=ORIENTED_EDGE('',*,*,#2633,.F.);
#3380=ORIENTED_EDGE('',*,*,#2626,.T.);
#3381=ORIENTED_EDGE('',*,*,#2623,.F.);
#3382=ORIENTED_EDGE('',*,*,#2634,.T.);
#3383=ORIENTED_EDGE('',*,*,#2635,.T.);
#3384=ORIENTED_EDGE('',*,*,#2629,.T.);
#3385=ORIENTED_EDGE('',*,*,#2633,.T.);
#3386=ORIENTED_EDGE('',*,*,#2636,.T.);
#3387=ORIENTED_EDGE('',*,*,#2637,.T.);
#3388=ORIENTED_EDGE('',*,*,#2627,.T.);
#3389=ORIENTED_EDGE('',*,*,#2622,.F.);
#3390=ORIENTED_EDGE('',*,*,#2628,.T.);
#3391=ORIENTED_EDGE('',*,*,#2637,.F.);
#3392=ORIENTED_EDGE('',*,*,#2638,.T.);
#3393=ORIENTED_EDGE('',*,*,#2639,.F.);
#3394=ORIENTED_EDGE('',*,*,#2640,.T.);
#3395=ORIENTED_EDGE('',*,*,#2634,.F.);
#3396=ORIENTED_EDGE('',*,*,#2631,.T.);
#3397=ORIENTED_EDGE('',*,*,#2641,.T.);
#3398=ORIENTED_EDGE('',*,*,#2639,.T.);
#3399=ORIENTED_EDGE('',*,*,#2642,.T.);
#3400=ORIENTED_EDGE('',*,*,#2641,.F.);
#3401=ORIENTED_EDGE('',*,*,#2630,.F.);
#3402=ORIENTED_EDGE('',*,*,#2635,.F.);
#3403=ORIENTED_EDGE('',*,*,#2640,.F.);
#3404=ORIENTED_EDGE('',*,*,#2636,.F.);
#3405=ORIENTED_EDGE('',*,*,#2632,.F.);
#3406=ORIENTED_EDGE('',*,*,#2642,.F.);
#3407=ORIENTED_EDGE('',*,*,#2638,.F.);
#3408=ORIENTED_EDGE('',*,*,#2643,.T.);
#3409=ORIENTED_EDGE('',*,*,#2644,.T.);
#3410=ORIENTED_EDGE('',*,*,#2645,.T.);
#3411=ORIENTED_EDGE('',*,*,#2646,.T.);
#3412=ORIENTED_EDGE('',*,*,#2646,.F.);
#3413=ORIENTED_EDGE('',*,*,#2647,.F.);
#3414=ORIENTED_EDGE('',*,*,#2648,.F.);
#3415=ORIENTED_EDGE('',*,*,#2649,.F.);
#3416=ORIENTED_EDGE('',*,*,#2645,.F.);
#3417=ORIENTED_EDGE('',*,*,#2650,.F.);
#3418=ORIENTED_EDGE('',*,*,#2651,.T.);
#3419=ORIENTED_EDGE('',*,*,#2652,.F.);
#3420=ORIENTED_EDGE('',*,*,#2653,.T.);
#3421=ORIENTED_EDGE('',*,*,#2654,.F.);
#3422=ORIENTED_EDGE('',*,*,#2647,.T.);
#3423=ORIENTED_EDGE('',*,*,#2644,.F.);
#3424=ORIENTED_EDGE('',*,*,#2655,.T.);
#3425=ORIENTED_EDGE('',*,*,#2656,.T.);
#3426=ORIENTED_EDGE('',*,*,#2650,.T.);
#3427=ORIENTED_EDGE('',*,*,#2654,.T.);
#3428=ORIENTED_EDGE('',*,*,#2657,.T.);
#3429=ORIENTED_EDGE('',*,*,#2658,.T.);
#3430=ORIENTED_EDGE('',*,*,#2648,.T.);
#3431=ORIENTED_EDGE('',*,*,#2643,.F.);
#3432=ORIENTED_EDGE('',*,*,#2649,.T.);
#3433=ORIENTED_EDGE('',*,*,#2658,.F.);
#3434=ORIENTED_EDGE('',*,*,#2659,.T.);
#3435=ORIENTED_EDGE('',*,*,#2660,.F.);
#3436=ORIENTED_EDGE('',*,*,#2661,.T.);
#3437=ORIENTED_EDGE('',*,*,#2655,.F.);
#3438=ORIENTED_EDGE('',*,*,#2652,.T.);
#3439=ORIENTED_EDGE('',*,*,#2662,.T.);
#3440=ORIENTED_EDGE('',*,*,#2660,.T.);
#3441=ORIENTED_EDGE('',*,*,#2663,.T.);
#3442=ORIENTED_EDGE('',*,*,#2662,.F.);
#3443=ORIENTED_EDGE('',*,*,#2651,.F.);
#3444=ORIENTED_EDGE('',*,*,#2656,.F.);
#3445=ORIENTED_EDGE('',*,*,#2661,.F.);
#3446=ORIENTED_EDGE('',*,*,#2657,.F.);
#3447=ORIENTED_EDGE('',*,*,#2653,.F.);
#3448=ORIENTED_EDGE('',*,*,#2663,.F.);
#3449=ORIENTED_EDGE('',*,*,#2659,.F.);
#3450=ORIENTED_EDGE('',*,*,#2664,.T.);
#3451=ORIENTED_EDGE('',*,*,#2665,.T.);
#3452=ORIENTED_EDGE('',*,*,#2666,.T.);
#3453=ORIENTED_EDGE('',*,*,#2667,.T.);
#3454=ORIENTED_EDGE('',*,*,#2667,.F.);
#3455=ORIENTED_EDGE('',*,*,#2668,.F.);
#3456=ORIENTED_EDGE('',*,*,#2669,.F.);
#3457=ORIENTED_EDGE('',*,*,#2670,.F.);
#3458=ORIENTED_EDGE('',*,*,#2666,.F.);
#3459=ORIENTED_EDGE('',*,*,#2671,.F.);
#3460=ORIENTED_EDGE('',*,*,#2672,.T.);
#3461=ORIENTED_EDGE('',*,*,#2673,.F.);
#3462=ORIENTED_EDGE('',*,*,#2674,.T.);
#3463=ORIENTED_EDGE('',*,*,#2675,.F.);
#3464=ORIENTED_EDGE('',*,*,#2668,.T.);
#3465=ORIENTED_EDGE('',*,*,#2665,.F.);
#3466=ORIENTED_EDGE('',*,*,#2676,.T.);
#3467=ORIENTED_EDGE('',*,*,#2677,.T.);
#3468=ORIENTED_EDGE('',*,*,#2671,.T.);
#3469=ORIENTED_EDGE('',*,*,#2675,.T.);
#3470=ORIENTED_EDGE('',*,*,#2678,.T.);
#3471=ORIENTED_EDGE('',*,*,#2679,.T.);
#3472=ORIENTED_EDGE('',*,*,#2669,.T.);
#3473=ORIENTED_EDGE('',*,*,#2664,.F.);
#3474=ORIENTED_EDGE('',*,*,#2670,.T.);
#3475=ORIENTED_EDGE('',*,*,#2679,.F.);
#3476=ORIENTED_EDGE('',*,*,#2680,.T.);
#3477=ORIENTED_EDGE('',*,*,#2681,.F.);
#3478=ORIENTED_EDGE('',*,*,#2682,.T.);
#3479=ORIENTED_EDGE('',*,*,#2676,.F.);
#3480=ORIENTED_EDGE('',*,*,#2673,.T.);
#3481=ORIENTED_EDGE('',*,*,#2683,.T.);
#3482=ORIENTED_EDGE('',*,*,#2681,.T.);
#3483=ORIENTED_EDGE('',*,*,#2684,.T.);
#3484=ORIENTED_EDGE('',*,*,#2683,.F.);
#3485=ORIENTED_EDGE('',*,*,#2672,.F.);
#3486=ORIENTED_EDGE('',*,*,#2677,.F.);
#3487=ORIENTED_EDGE('',*,*,#2682,.F.);
#3488=ORIENTED_EDGE('',*,*,#2678,.F.);
#3489=ORIENTED_EDGE('',*,*,#2674,.F.);
#3490=ORIENTED_EDGE('',*,*,#2684,.F.);
#3491=ORIENTED_EDGE('',*,*,#2680,.F.);
#3492=ORIENTED_EDGE('',*,*,#2685,.T.);
#3493=ORIENTED_EDGE('',*,*,#2686,.T.);
#3494=ORIENTED_EDGE('',*,*,#2687,.T.);
#3495=ORIENTED_EDGE('',*,*,#2688,.T.);
#3496=ORIENTED_EDGE('',*,*,#2688,.F.);
#3497=ORIENTED_EDGE('',*,*,#2689,.F.);
#3498=ORIENTED_EDGE('',*,*,#2690,.F.);
#3499=ORIENTED_EDGE('',*,*,#2691,.F.);
#3500=ORIENTED_EDGE('',*,*,#2687,.F.);
#3501=ORIENTED_EDGE('',*,*,#2692,.F.);
#3502=ORIENTED_EDGE('',*,*,#2693,.T.);
#3503=ORIENTED_EDGE('',*,*,#2694,.F.);
#3504=ORIENTED_EDGE('',*,*,#2695,.T.);
#3505=ORIENTED_EDGE('',*,*,#2696,.F.);
#3506=ORIENTED_EDGE('',*,*,#2689,.T.);
#3507=ORIENTED_EDGE('',*,*,#2686,.F.);
#3508=ORIENTED_EDGE('',*,*,#2697,.T.);
#3509=ORIENTED_EDGE('',*,*,#2698,.T.);
#3510=ORIENTED_EDGE('',*,*,#2692,.T.);
#3511=ORIENTED_EDGE('',*,*,#2696,.T.);
#3512=ORIENTED_EDGE('',*,*,#2699,.T.);
#3513=ORIENTED_EDGE('',*,*,#2700,.T.);
#3514=ORIENTED_EDGE('',*,*,#2690,.T.);
#3515=ORIENTED_EDGE('',*,*,#2685,.F.);
#3516=ORIENTED_EDGE('',*,*,#2691,.T.);
#3517=ORIENTED_EDGE('',*,*,#2700,.F.);
#3518=ORIENTED_EDGE('',*,*,#2701,.T.);
#3519=ORIENTED_EDGE('',*,*,#2702,.F.);
#3520=ORIENTED_EDGE('',*,*,#2703,.T.);
#3521=ORIENTED_EDGE('',*,*,#2697,.F.);
#3522=ORIENTED_EDGE('',*,*,#2694,.T.);
#3523=ORIENTED_EDGE('',*,*,#2704,.T.);
#3524=ORIENTED_EDGE('',*,*,#2702,.T.);
#3525=ORIENTED_EDGE('',*,*,#2705,.T.);
#3526=ORIENTED_EDGE('',*,*,#2704,.F.);
#3527=ORIENTED_EDGE('',*,*,#2693,.F.);
#3528=ORIENTED_EDGE('',*,*,#2698,.F.);
#3529=ORIENTED_EDGE('',*,*,#2703,.F.);
#3530=ORIENTED_EDGE('',*,*,#2699,.F.);
#3531=ORIENTED_EDGE('',*,*,#2695,.F.);
#3532=ORIENTED_EDGE('',*,*,#2705,.F.);
#3533=ORIENTED_EDGE('',*,*,#2701,.F.);
#3534=ORIENTED_EDGE('',*,*,#2706,.T.);
#3535=ORIENTED_EDGE('',*,*,#2707,.T.);
#3536=ORIENTED_EDGE('',*,*,#2708,.T.);
#3537=ORIENTED_EDGE('',*,*,#2709,.T.);
#3538=ORIENTED_EDGE('',*,*,#2709,.F.);
#3539=ORIENTED_EDGE('',*,*,#2710,.F.);
#3540=ORIENTED_EDGE('',*,*,#2711,.F.);
#3541=ORIENTED_EDGE('',*,*,#2712,.F.);
#3542=ORIENTED_EDGE('',*,*,#2708,.F.);
#3543=ORIENTED_EDGE('',*,*,#2713,.F.);
#3544=ORIENTED_EDGE('',*,*,#2714,.T.);
#3545=ORIENTED_EDGE('',*,*,#2715,.F.);
#3546=ORIENTED_EDGE('',*,*,#2716,.T.);
#3547=ORIENTED_EDGE('',*,*,#2717,.F.);
#3548=ORIENTED_EDGE('',*,*,#2710,.T.);
#3549=ORIENTED_EDGE('',*,*,#2707,.F.);
#3550=ORIENTED_EDGE('',*,*,#2718,.T.);
#3551=ORIENTED_EDGE('',*,*,#2719,.T.);
#3552=ORIENTED_EDGE('',*,*,#2713,.T.);
#3553=ORIENTED_EDGE('',*,*,#2717,.T.);
#3554=ORIENTED_EDGE('',*,*,#2720,.T.);
#3555=ORIENTED_EDGE('',*,*,#2721,.T.);
#3556=ORIENTED_EDGE('',*,*,#2711,.T.);
#3557=ORIENTED_EDGE('',*,*,#2706,.F.);
#3558=ORIENTED_EDGE('',*,*,#2712,.T.);
#3559=ORIENTED_EDGE('',*,*,#2721,.F.);
#3560=ORIENTED_EDGE('',*,*,#2722,.T.);
#3561=ORIENTED_EDGE('',*,*,#2723,.F.);
#3562=ORIENTED_EDGE('',*,*,#2724,.T.);
#3563=ORIENTED_EDGE('',*,*,#2718,.F.);
#3564=ORIENTED_EDGE('',*,*,#2715,.T.);
#3565=ORIENTED_EDGE('',*,*,#2725,.T.);
#3566=ORIENTED_EDGE('',*,*,#2723,.T.);
#3567=ORIENTED_EDGE('',*,*,#2726,.T.);
#3568=ORIENTED_EDGE('',*,*,#2725,.F.);
#3569=ORIENTED_EDGE('',*,*,#2714,.F.);
#3570=ORIENTED_EDGE('',*,*,#2719,.F.);
#3571=ORIENTED_EDGE('',*,*,#2724,.F.);
#3572=ORIENTED_EDGE('',*,*,#2720,.F.);
#3573=ORIENTED_EDGE('',*,*,#2716,.F.);
#3574=ORIENTED_EDGE('',*,*,#2726,.F.);
#3575=ORIENTED_EDGE('',*,*,#2722,.F.);
#3576=ORIENTED_EDGE('',*,*,#2727,.T.);
#3577=ORIENTED_EDGE('',*,*,#2728,.T.);
#3578=ORIENTED_EDGE('',*,*,#2729,.T.);
#3579=ORIENTED_EDGE('',*,*,#2730,.T.);
#3580=ORIENTED_EDGE('',*,*,#2730,.F.);
#3581=ORIENTED_EDGE('',*,*,#2731,.F.);
#3582=ORIENTED_EDGE('',*,*,#2732,.F.);
#3583=ORIENTED_EDGE('',*,*,#2733,.F.);
#3584=ORIENTED_EDGE('',*,*,#2729,.F.);
#3585=ORIENTED_EDGE('',*,*,#2734,.F.);
#3586=ORIENTED_EDGE('',*,*,#2735,.T.);
#3587=ORIENTED_EDGE('',*,*,#2736,.F.);
#3588=ORIENTED_EDGE('',*,*,#2737,.T.);
#3589=ORIENTED_EDGE('',*,*,#2738,.F.);
#3590=ORIENTED_EDGE('',*,*,#2731,.T.);
#3591=ORIENTED_EDGE('',*,*,#2728,.F.);
#3592=ORIENTED_EDGE('',*,*,#2739,.T.);
#3593=ORIENTED_EDGE('',*,*,#2740,.T.);
#3594=ORIENTED_EDGE('',*,*,#2734,.T.);
#3595=ORIENTED_EDGE('',*,*,#2738,.T.);
#3596=ORIENTED_EDGE('',*,*,#2741,.T.);
#3597=ORIENTED_EDGE('',*,*,#2742,.T.);
#3598=ORIENTED_EDGE('',*,*,#2732,.T.);
#3599=ORIENTED_EDGE('',*,*,#2727,.F.);
#3600=ORIENTED_EDGE('',*,*,#2733,.T.);
#3601=ORIENTED_EDGE('',*,*,#2742,.F.);
#3602=ORIENTED_EDGE('',*,*,#2743,.T.);
#3603=ORIENTED_EDGE('',*,*,#2744,.F.);
#3604=ORIENTED_EDGE('',*,*,#2745,.T.);
#3605=ORIENTED_EDGE('',*,*,#2739,.F.);
#3606=ORIENTED_EDGE('',*,*,#2736,.T.);
#3607=ORIENTED_EDGE('',*,*,#2746,.T.);
#3608=ORIENTED_EDGE('',*,*,#2744,.T.);
#3609=ORIENTED_EDGE('',*,*,#2747,.T.);
#3610=ORIENTED_EDGE('',*,*,#2746,.F.);
#3611=ORIENTED_EDGE('',*,*,#2735,.F.);
#3612=ORIENTED_EDGE('',*,*,#2740,.F.);
#3613=ORIENTED_EDGE('',*,*,#2745,.F.);
#3614=ORIENTED_EDGE('',*,*,#2741,.F.);
#3615=ORIENTED_EDGE('',*,*,#2737,.F.);
#3616=ORIENTED_EDGE('',*,*,#2747,.F.);
#3617=ORIENTED_EDGE('',*,*,#2743,.F.);
#3618=ORIENTED_EDGE('',*,*,#2748,.T.);
#3619=ORIENTED_EDGE('',*,*,#2749,.T.);
#3620=ORIENTED_EDGE('',*,*,#2750,.T.);
#3621=ORIENTED_EDGE('',*,*,#2751,.T.);
#3622=ORIENTED_EDGE('',*,*,#2751,.F.);
#3623=ORIENTED_EDGE('',*,*,#2752,.F.);
#3624=ORIENTED_EDGE('',*,*,#2753,.F.);
#3625=ORIENTED_EDGE('',*,*,#2754,.F.);
#3626=ORIENTED_EDGE('',*,*,#2750,.F.);
#3627=ORIENTED_EDGE('',*,*,#2755,.F.);
#3628=ORIENTED_EDGE('',*,*,#2756,.T.);
#3629=ORIENTED_EDGE('',*,*,#2757,.F.);
#3630=ORIENTED_EDGE('',*,*,#2758,.T.);
#3631=ORIENTED_EDGE('',*,*,#2759,.F.);
#3632=ORIENTED_EDGE('',*,*,#2752,.T.);
#3633=ORIENTED_EDGE('',*,*,#2749,.F.);
#3634=ORIENTED_EDGE('',*,*,#2760,.T.);
#3635=ORIENTED_EDGE('',*,*,#2761,.T.);
#3636=ORIENTED_EDGE('',*,*,#2755,.T.);
#3637=ORIENTED_EDGE('',*,*,#2759,.T.);
#3638=ORIENTED_EDGE('',*,*,#2762,.T.);
#3639=ORIENTED_EDGE('',*,*,#2763,.T.);
#3640=ORIENTED_EDGE('',*,*,#2753,.T.);
#3641=ORIENTED_EDGE('',*,*,#2748,.F.);
#3642=ORIENTED_EDGE('',*,*,#2754,.T.);
#3643=ORIENTED_EDGE('',*,*,#2763,.F.);
#3644=ORIENTED_EDGE('',*,*,#2764,.T.);
#3645=ORIENTED_EDGE('',*,*,#2765,.F.);
#3646=ORIENTED_EDGE('',*,*,#2766,.T.);
#3647=ORIENTED_EDGE('',*,*,#2760,.F.);
#3648=ORIENTED_EDGE('',*,*,#2757,.T.);
#3649=ORIENTED_EDGE('',*,*,#2767,.T.);
#3650=ORIENTED_EDGE('',*,*,#2765,.T.);
#3651=ORIENTED_EDGE('',*,*,#2768,.T.);
#3652=ORIENTED_EDGE('',*,*,#2767,.F.);
#3653=ORIENTED_EDGE('',*,*,#2756,.F.);
#3654=ORIENTED_EDGE('',*,*,#2761,.F.);
#3655=ORIENTED_EDGE('',*,*,#2766,.F.);
#3656=ORIENTED_EDGE('',*,*,#2762,.F.);
#3657=ORIENTED_EDGE('',*,*,#2758,.F.);
#3658=ORIENTED_EDGE('',*,*,#2768,.F.);
#3659=ORIENTED_EDGE('',*,*,#2764,.F.);
#3660=ORIENTED_EDGE('',*,*,#2769,.T.);
#3661=ORIENTED_EDGE('',*,*,#2770,.T.);
#3662=ORIENTED_EDGE('',*,*,#2771,.T.);
#3663=ORIENTED_EDGE('',*,*,#2772,.T.);
#3664=ORIENTED_EDGE('',*,*,#2772,.F.);
#3665=ORIENTED_EDGE('',*,*,#2773,.F.);
#3666=ORIENTED_EDGE('',*,*,#2774,.F.);
#3667=ORIENTED_EDGE('',*,*,#2775,.F.);
#3668=ORIENTED_EDGE('',*,*,#2771,.F.);
#3669=ORIENTED_EDGE('',*,*,#2776,.F.);
#3670=ORIENTED_EDGE('',*,*,#2777,.T.);
#3671=ORIENTED_EDGE('',*,*,#2778,.F.);
#3672=ORIENTED_EDGE('',*,*,#2779,.T.);
#3673=ORIENTED_EDGE('',*,*,#2780,.F.);
#3674=ORIENTED_EDGE('',*,*,#2773,.T.);
#3675=ORIENTED_EDGE('',*,*,#2770,.F.);
#3676=ORIENTED_EDGE('',*,*,#2781,.T.);
#3677=ORIENTED_EDGE('',*,*,#2782,.T.);
#3678=ORIENTED_EDGE('',*,*,#2776,.T.);
#3679=ORIENTED_EDGE('',*,*,#2780,.T.);
#3680=ORIENTED_EDGE('',*,*,#2783,.T.);
#3681=ORIENTED_EDGE('',*,*,#2784,.T.);
#3682=ORIENTED_EDGE('',*,*,#2774,.T.);
#3683=ORIENTED_EDGE('',*,*,#2769,.F.);
#3684=ORIENTED_EDGE('',*,*,#2775,.T.);
#3685=ORIENTED_EDGE('',*,*,#2784,.F.);
#3686=ORIENTED_EDGE('',*,*,#2785,.T.);
#3687=ORIENTED_EDGE('',*,*,#2786,.F.);
#3688=ORIENTED_EDGE('',*,*,#2787,.T.);
#3689=ORIENTED_EDGE('',*,*,#2781,.F.);
#3690=ORIENTED_EDGE('',*,*,#2778,.T.);
#3691=ORIENTED_EDGE('',*,*,#2788,.T.);
#3692=ORIENTED_EDGE('',*,*,#2786,.T.);
#3693=ORIENTED_EDGE('',*,*,#2789,.T.);
#3694=ORIENTED_EDGE('',*,*,#2788,.F.);
#3695=ORIENTED_EDGE('',*,*,#2777,.F.);
#3696=ORIENTED_EDGE('',*,*,#2782,.F.);
#3697=ORIENTED_EDGE('',*,*,#2787,.F.);
#3698=ORIENTED_EDGE('',*,*,#2783,.F.);
#3699=ORIENTED_EDGE('',*,*,#2779,.F.);
#3700=ORIENTED_EDGE('',*,*,#2789,.F.);
#3701=ORIENTED_EDGE('',*,*,#2785,.F.);
#3702=ORIENTED_EDGE('',*,*,#2790,.T.);
#3703=ORIENTED_EDGE('',*,*,#2791,.T.);
#3704=ORIENTED_EDGE('',*,*,#2792,.T.);
#3705=ORIENTED_EDGE('',*,*,#2793,.T.);
#3706=ORIENTED_EDGE('',*,*,#2793,.F.);
#3707=ORIENTED_EDGE('',*,*,#2794,.F.);
#3708=ORIENTED_EDGE('',*,*,#2795,.F.);
#3709=ORIENTED_EDGE('',*,*,#2796,.F.);
#3710=ORIENTED_EDGE('',*,*,#2792,.F.);
#3711=ORIENTED_EDGE('',*,*,#2797,.F.);
#3712=ORIENTED_EDGE('',*,*,#2798,.T.);
#3713=ORIENTED_EDGE('',*,*,#2799,.F.);
#3714=ORIENTED_EDGE('',*,*,#2800,.T.);
#3715=ORIENTED_EDGE('',*,*,#2801,.F.);
#3716=ORIENTED_EDGE('',*,*,#2794,.T.);
#3717=ORIENTED_EDGE('',*,*,#2791,.F.);
#3718=ORIENTED_EDGE('',*,*,#2802,.T.);
#3719=ORIENTED_EDGE('',*,*,#2803,.T.);
#3720=ORIENTED_EDGE('',*,*,#2797,.T.);
#3721=ORIENTED_EDGE('',*,*,#2801,.T.);
#3722=ORIENTED_EDGE('',*,*,#2804,.T.);
#3723=ORIENTED_EDGE('',*,*,#2805,.T.);
#3724=ORIENTED_EDGE('',*,*,#2795,.T.);
#3725=ORIENTED_EDGE('',*,*,#2790,.F.);
#3726=ORIENTED_EDGE('',*,*,#2796,.T.);
#3727=ORIENTED_EDGE('',*,*,#2805,.F.);
#3728=ORIENTED_EDGE('',*,*,#2806,.T.);
#3729=ORIENTED_EDGE('',*,*,#2807,.F.);
#3730=ORIENTED_EDGE('',*,*,#2808,.T.);
#3731=ORIENTED_EDGE('',*,*,#2802,.F.);
#3732=ORIENTED_EDGE('',*,*,#2799,.T.);
#3733=ORIENTED_EDGE('',*,*,#2809,.T.);
#3734=ORIENTED_EDGE('',*,*,#2807,.T.);
#3735=ORIENTED_EDGE('',*,*,#2810,.T.);
#3736=ORIENTED_EDGE('',*,*,#2809,.F.);
#3737=ORIENTED_EDGE('',*,*,#2798,.F.);
#3738=ORIENTED_EDGE('',*,*,#2803,.F.);
#3739=ORIENTED_EDGE('',*,*,#2808,.F.);
#3740=ORIENTED_EDGE('',*,*,#2804,.F.);
#3741=ORIENTED_EDGE('',*,*,#2800,.F.);
#3742=ORIENTED_EDGE('',*,*,#2810,.F.);
#3743=ORIENTED_EDGE('',*,*,#2806,.F.);
#3744=ORIENTED_EDGE('',*,*,#2811,.T.);
#3745=ORIENTED_EDGE('',*,*,#2812,.T.);
#3746=ORIENTED_EDGE('',*,*,#2813,.T.);
#3747=ORIENTED_EDGE('',*,*,#2814,.T.);
#3748=ORIENTED_EDGE('',*,*,#2814,.F.);
#3749=ORIENTED_EDGE('',*,*,#2815,.F.);
#3750=ORIENTED_EDGE('',*,*,#2816,.F.);
#3751=ORIENTED_EDGE('',*,*,#2817,.F.);
#3752=ORIENTED_EDGE('',*,*,#2813,.F.);
#3753=ORIENTED_EDGE('',*,*,#2818,.F.);
#3754=ORIENTED_EDGE('',*,*,#2819,.T.);
#3755=ORIENTED_EDGE('',*,*,#2820,.F.);
#3756=ORIENTED_EDGE('',*,*,#2821,.T.);
#3757=ORIENTED_EDGE('',*,*,#2822,.F.);
#3758=ORIENTED_EDGE('',*,*,#2815,.T.);
#3759=ORIENTED_EDGE('',*,*,#2812,.F.);
#3760=ORIENTED_EDGE('',*,*,#2823,.T.);
#3761=ORIENTED_EDGE('',*,*,#2824,.T.);
#3762=ORIENTED_EDGE('',*,*,#2818,.T.);
#3763=ORIENTED_EDGE('',*,*,#2822,.T.);
#3764=ORIENTED_EDGE('',*,*,#2825,.T.);
#3765=ORIENTED_EDGE('',*,*,#2826,.T.);
#3766=ORIENTED_EDGE('',*,*,#2816,.T.);
#3767=ORIENTED_EDGE('',*,*,#2811,.F.);
#3768=ORIENTED_EDGE('',*,*,#2817,.T.);
#3769=ORIENTED_EDGE('',*,*,#2826,.F.);
#3770=ORIENTED_EDGE('',*,*,#2827,.T.);
#3771=ORIENTED_EDGE('',*,*,#2828,.F.);
#3772=ORIENTED_EDGE('',*,*,#2829,.T.);
#3773=ORIENTED_EDGE('',*,*,#2823,.F.);
#3774=ORIENTED_EDGE('',*,*,#2820,.T.);
#3775=ORIENTED_EDGE('',*,*,#2830,.T.);
#3776=ORIENTED_EDGE('',*,*,#2828,.T.);
#3777=ORIENTED_EDGE('',*,*,#2831,.T.);
#3778=ORIENTED_EDGE('',*,*,#2830,.F.);
#3779=ORIENTED_EDGE('',*,*,#2819,.F.);
#3780=ORIENTED_EDGE('',*,*,#2824,.F.);
#3781=ORIENTED_EDGE('',*,*,#2829,.F.);
#3782=ORIENTED_EDGE('',*,*,#2825,.F.);
#3783=ORIENTED_EDGE('',*,*,#2821,.F.);
#3784=ORIENTED_EDGE('',*,*,#2831,.F.);
#3785=ORIENTED_EDGE('',*,*,#2827,.F.);
#3786=ORIENTED_EDGE('',*,*,#2832,.T.);
#3787=ORIENTED_EDGE('',*,*,#2833,.T.);
#3788=ORIENTED_EDGE('',*,*,#2834,.T.);
#3789=ORIENTED_EDGE('',*,*,#2835,.T.);
#3790=ORIENTED_EDGE('',*,*,#2835,.F.);
#3791=ORIENTED_EDGE('',*,*,#2836,.F.);
#3792=ORIENTED_EDGE('',*,*,#2837,.F.);
#3793=ORIENTED_EDGE('',*,*,#2838,.F.);
#3794=ORIENTED_EDGE('',*,*,#2834,.F.);
#3795=ORIENTED_EDGE('',*,*,#2839,.F.);
#3796=ORIENTED_EDGE('',*,*,#2840,.T.);
#3797=ORIENTED_EDGE('',*,*,#2841,.F.);
#3798=ORIENTED_EDGE('',*,*,#2842,.T.);
#3799=ORIENTED_EDGE('',*,*,#2843,.F.);
#3800=ORIENTED_EDGE('',*,*,#2836,.T.);
#3801=ORIENTED_EDGE('',*,*,#2833,.F.);
#3802=ORIENTED_EDGE('',*,*,#2844,.T.);
#3803=ORIENTED_EDGE('',*,*,#2845,.T.);
#3804=ORIENTED_EDGE('',*,*,#2839,.T.);
#3805=ORIENTED_EDGE('',*,*,#2843,.T.);
#3806=ORIENTED_EDGE('',*,*,#2846,.T.);
#3807=ORIENTED_EDGE('',*,*,#2847,.T.);
#3808=ORIENTED_EDGE('',*,*,#2837,.T.);
#3809=ORIENTED_EDGE('',*,*,#2832,.F.);
#3810=ORIENTED_EDGE('',*,*,#2838,.T.);
#3811=ORIENTED_EDGE('',*,*,#2847,.F.);
#3812=ORIENTED_EDGE('',*,*,#2848,.T.);
#3813=ORIENTED_EDGE('',*,*,#2849,.F.);
#3814=ORIENTED_EDGE('',*,*,#2850,.T.);
#3815=ORIENTED_EDGE('',*,*,#2844,.F.);
#3816=ORIENTED_EDGE('',*,*,#2841,.T.);
#3817=ORIENTED_EDGE('',*,*,#2851,.T.);
#3818=ORIENTED_EDGE('',*,*,#2849,.T.);
#3819=ORIENTED_EDGE('',*,*,#2852,.T.);
#3820=ORIENTED_EDGE('',*,*,#2851,.F.);
#3821=ORIENTED_EDGE('',*,*,#2840,.F.);
#3822=ORIENTED_EDGE('',*,*,#2845,.F.);
#3823=ORIENTED_EDGE('',*,*,#2850,.F.);
#3824=ORIENTED_EDGE('',*,*,#2846,.F.);
#3825=ORIENTED_EDGE('',*,*,#2842,.F.);
#3826=ORIENTED_EDGE('',*,*,#2852,.F.);
#3827=ORIENTED_EDGE('',*,*,#2848,.F.);
#3828=ORIENTED_EDGE('',*,*,#2853,.T.);
#3829=ORIENTED_EDGE('',*,*,#2854,.T.);
#3830=ORIENTED_EDGE('',*,*,#2855,.T.);
#3831=ORIENTED_EDGE('',*,*,#2856,.T.);
#3832=ORIENTED_EDGE('',*,*,#2856,.F.);
#3833=ORIENTED_EDGE('',*,*,#2857,.F.);
#3834=ORIENTED_EDGE('',*,*,#2858,.F.);
#3835=ORIENTED_EDGE('',*,*,#2859,.F.);
#3836=ORIENTED_EDGE('',*,*,#2855,.F.);
#3837=ORIENTED_EDGE('',*,*,#2860,.F.);
#3838=ORIENTED_EDGE('',*,*,#2861,.T.);
#3839=ORIENTED_EDGE('',*,*,#2862,.F.);
#3840=ORIENTED_EDGE('',*,*,#2863,.T.);
#3841=ORIENTED_EDGE('',*,*,#2864,.F.);
#3842=ORIENTED_EDGE('',*,*,#2857,.T.);
#3843=ORIENTED_EDGE('',*,*,#2854,.F.);
#3844=ORIENTED_EDGE('',*,*,#2865,.T.);
#3845=ORIENTED_EDGE('',*,*,#2866,.T.);
#3846=ORIENTED_EDGE('',*,*,#2860,.T.);
#3847=ORIENTED_EDGE('',*,*,#2864,.T.);
#3848=ORIENTED_EDGE('',*,*,#2867,.T.);
#3849=ORIENTED_EDGE('',*,*,#2868,.T.);
#3850=ORIENTED_EDGE('',*,*,#2858,.T.);
#3851=ORIENTED_EDGE('',*,*,#2853,.F.);
#3852=ORIENTED_EDGE('',*,*,#2859,.T.);
#3853=ORIENTED_EDGE('',*,*,#2868,.F.);
#3854=ORIENTED_EDGE('',*,*,#2869,.T.);
#3855=ORIENTED_EDGE('',*,*,#2870,.F.);
#3856=ORIENTED_EDGE('',*,*,#2871,.T.);
#3857=ORIENTED_EDGE('',*,*,#2865,.F.);
#3858=ORIENTED_EDGE('',*,*,#2862,.T.);
#3859=ORIENTED_EDGE('',*,*,#2872,.T.);
#3860=ORIENTED_EDGE('',*,*,#2870,.T.);
#3861=ORIENTED_EDGE('',*,*,#2873,.T.);
#3862=ORIENTED_EDGE('',*,*,#2872,.F.);
#3863=ORIENTED_EDGE('',*,*,#2861,.F.);
#3864=ORIENTED_EDGE('',*,*,#2866,.F.);
#3865=ORIENTED_EDGE('',*,*,#2871,.F.);
#3866=ORIENTED_EDGE('',*,*,#2867,.F.);
#3867=ORIENTED_EDGE('',*,*,#2863,.F.);
#3868=ORIENTED_EDGE('',*,*,#2873,.F.);
#3869=ORIENTED_EDGE('',*,*,#2869,.F.);
#3870=ORIENTED_EDGE('',*,*,#2874,.T.);
#3871=ORIENTED_EDGE('',*,*,#2875,.T.);
#3872=ORIENTED_EDGE('',*,*,#2876,.T.);
#3873=ORIENTED_EDGE('',*,*,#2877,.T.);
#3874=ORIENTED_EDGE('',*,*,#2877,.F.);
#3875=ORIENTED_EDGE('',*,*,#2878,.F.);
#3876=ORIENTED_EDGE('',*,*,#2879,.F.);
#3877=ORIENTED_EDGE('',*,*,#2880,.F.);
#3878=ORIENTED_EDGE('',*,*,#2876,.F.);
#3879=ORIENTED_EDGE('',*,*,#2881,.F.);
#3880=ORIENTED_EDGE('',*,*,#2882,.T.);
#3881=ORIENTED_EDGE('',*,*,#2883,.F.);
#3882=ORIENTED_EDGE('',*,*,#2884,.T.);
#3883=ORIENTED_EDGE('',*,*,#2885,.F.);
#3884=ORIENTED_EDGE('',*,*,#2878,.T.);
#3885=ORIENTED_EDGE('',*,*,#2875,.F.);
#3886=ORIENTED_EDGE('',*,*,#2886,.T.);
#3887=ORIENTED_EDGE('',*,*,#2887,.T.);
#3888=ORIENTED_EDGE('',*,*,#2881,.T.);
#3889=ORIENTED_EDGE('',*,*,#2885,.T.);
#3890=ORIENTED_EDGE('',*,*,#2888,.T.);
#3891=ORIENTED_EDGE('',*,*,#2889,.T.);
#3892=ORIENTED_EDGE('',*,*,#2879,.T.);
#3893=ORIENTED_EDGE('',*,*,#2874,.F.);
#3894=ORIENTED_EDGE('',*,*,#2880,.T.);
#3895=ORIENTED_EDGE('',*,*,#2889,.F.);
#3896=ORIENTED_EDGE('',*,*,#2890,.T.);
#3897=ORIENTED_EDGE('',*,*,#2891,.F.);
#3898=ORIENTED_EDGE('',*,*,#2892,.T.);
#3899=ORIENTED_EDGE('',*,*,#2886,.F.);
#3900=ORIENTED_EDGE('',*,*,#2883,.T.);
#3901=ORIENTED_EDGE('',*,*,#2893,.T.);
#3902=ORIENTED_EDGE('',*,*,#2891,.T.);
#3903=ORIENTED_EDGE('',*,*,#2894,.T.);
#3904=ORIENTED_EDGE('',*,*,#2893,.F.);
#3905=ORIENTED_EDGE('',*,*,#2882,.F.);
#3906=ORIENTED_EDGE('',*,*,#2887,.F.);
#3907=ORIENTED_EDGE('',*,*,#2892,.F.);
#3908=ORIENTED_EDGE('',*,*,#2888,.F.);
#3909=ORIENTED_EDGE('',*,*,#2884,.F.);
#3910=ORIENTED_EDGE('',*,*,#2894,.F.);
#3911=ORIENTED_EDGE('',*,*,#2890,.F.);
#3912=ORIENTED_EDGE('',*,*,#2895,.T.);
#3913=ORIENTED_EDGE('',*,*,#2896,.T.);
#3914=ORIENTED_EDGE('',*,*,#2897,.T.);
#3915=ORIENTED_EDGE('',*,*,#2898,.T.);
#3916=ORIENTED_EDGE('',*,*,#2898,.F.);
#3917=ORIENTED_EDGE('',*,*,#2899,.F.);
#3918=ORIENTED_EDGE('',*,*,#2900,.F.);
#3919=ORIENTED_EDGE('',*,*,#2901,.F.);
#3920=ORIENTED_EDGE('',*,*,#2897,.F.);
#3921=ORIENTED_EDGE('',*,*,#2902,.F.);
#3922=ORIENTED_EDGE('',*,*,#2903,.T.);
#3923=ORIENTED_EDGE('',*,*,#2904,.F.);
#3924=ORIENTED_EDGE('',*,*,#2905,.T.);
#3925=ORIENTED_EDGE('',*,*,#2906,.F.);
#3926=ORIENTED_EDGE('',*,*,#2899,.T.);
#3927=ORIENTED_EDGE('',*,*,#2896,.F.);
#3928=ORIENTED_EDGE('',*,*,#2907,.T.);
#3929=ORIENTED_EDGE('',*,*,#2908,.T.);
#3930=ORIENTED_EDGE('',*,*,#2902,.T.);
#3931=ORIENTED_EDGE('',*,*,#2906,.T.);
#3932=ORIENTED_EDGE('',*,*,#2909,.T.);
#3933=ORIENTED_EDGE('',*,*,#2910,.T.);
#3934=ORIENTED_EDGE('',*,*,#2900,.T.);
#3935=ORIENTED_EDGE('',*,*,#2895,.F.);
#3936=ORIENTED_EDGE('',*,*,#2901,.T.);
#3937=ORIENTED_EDGE('',*,*,#2910,.F.);
#3938=ORIENTED_EDGE('',*,*,#2911,.T.);
#3939=ORIENTED_EDGE('',*,*,#2912,.F.);
#3940=ORIENTED_EDGE('',*,*,#2913,.T.);
#3941=ORIENTED_EDGE('',*,*,#2907,.F.);
#3942=ORIENTED_EDGE('',*,*,#2904,.T.);
#3943=ORIENTED_EDGE('',*,*,#2914,.T.);
#3944=ORIENTED_EDGE('',*,*,#2912,.T.);
#3945=ORIENTED_EDGE('',*,*,#2915,.T.);
#3946=ORIENTED_EDGE('',*,*,#2914,.F.);
#3947=ORIENTED_EDGE('',*,*,#2903,.F.);
#3948=ORIENTED_EDGE('',*,*,#2908,.F.);
#3949=ORIENTED_EDGE('',*,*,#2913,.F.);
#3950=ORIENTED_EDGE('',*,*,#2909,.F.);
#3951=ORIENTED_EDGE('',*,*,#2905,.F.);
#3952=ORIENTED_EDGE('',*,*,#2915,.F.);
#3953=ORIENTED_EDGE('',*,*,#2911,.F.);
#3954=ORIENTED_EDGE('',*,*,#2916,.T.);
#3955=ORIENTED_EDGE('',*,*,#2917,.T.);
#3956=ORIENTED_EDGE('',*,*,#2918,.T.);
#3957=ORIENTED_EDGE('',*,*,#2919,.T.);
#3958=ORIENTED_EDGE('',*,*,#2919,.F.);
#3959=ORIENTED_EDGE('',*,*,#2920,.F.);
#3960=ORIENTED_EDGE('',*,*,#2921,.F.);
#3961=ORIENTED_EDGE('',*,*,#2922,.F.);
#3962=ORIENTED_EDGE('',*,*,#2918,.F.);
#3963=ORIENTED_EDGE('',*,*,#2923,.F.);
#3964=ORIENTED_EDGE('',*,*,#2924,.T.);
#3965=ORIENTED_EDGE('',*,*,#2925,.F.);
#3966=ORIENTED_EDGE('',*,*,#2926,.T.);
#3967=ORIENTED_EDGE('',*,*,#2927,.F.);
#3968=ORIENTED_EDGE('',*,*,#2920,.T.);
#3969=ORIENTED_EDGE('',*,*,#2917,.F.);
#3970=ORIENTED_EDGE('',*,*,#2928,.T.);
#3971=ORIENTED_EDGE('',*,*,#2929,.T.);
#3972=ORIENTED_EDGE('',*,*,#2923,.T.);
#3973=ORIENTED_EDGE('',*,*,#2927,.T.);
#3974=ORIENTED_EDGE('',*,*,#2930,.T.);
#3975=ORIENTED_EDGE('',*,*,#2931,.T.);
#3976=ORIENTED_EDGE('',*,*,#2921,.T.);
#3977=ORIENTED_EDGE('',*,*,#2916,.F.);
#3978=ORIENTED_EDGE('',*,*,#2922,.T.);
#3979=ORIENTED_EDGE('',*,*,#2931,.F.);
#3980=ORIENTED_EDGE('',*,*,#2932,.T.);
#3981=ORIENTED_EDGE('',*,*,#2933,.F.);
#3982=ORIENTED_EDGE('',*,*,#2934,.T.);
#3983=ORIENTED_EDGE('',*,*,#2928,.F.);
#3984=ORIENTED_EDGE('',*,*,#2925,.T.);
#3985=ORIENTED_EDGE('',*,*,#2935,.T.);
#3986=ORIENTED_EDGE('',*,*,#2933,.T.);
#3987=ORIENTED_EDGE('',*,*,#2936,.T.);
#3988=ORIENTED_EDGE('',*,*,#2935,.F.);
#3989=ORIENTED_EDGE('',*,*,#2924,.F.);
#3990=ORIENTED_EDGE('',*,*,#2929,.F.);
#3991=ORIENTED_EDGE('',*,*,#2934,.F.);
#3992=ORIENTED_EDGE('',*,*,#2930,.F.);
#3993=ORIENTED_EDGE('',*,*,#2926,.F.);
#3994=ORIENTED_EDGE('',*,*,#2936,.F.);
#3995=ORIENTED_EDGE('',*,*,#2932,.F.);
#3996=ORIENTED_EDGE('',*,*,#2937,.T.);
#3997=ORIENTED_EDGE('',*,*,#2938,.T.);
#3998=ORIENTED_EDGE('',*,*,#2939,.T.);
#3999=ORIENTED_EDGE('',*,*,#2940,.T.);
#4000=ORIENTED_EDGE('',*,*,#2938,.F.);
#4001=ORIENTED_EDGE('',*,*,#2941,.T.);
#4002=ORIENTED_EDGE('',*,*,#2942,.F.);
#4003=ORIENTED_EDGE('',*,*,#2943,.T.);
#4004=ORIENTED_EDGE('',*,*,#2937,.F.);
#4005=ORIENTED_EDGE('',*,*,#2944,.T.);
#4006=ORIENTED_EDGE('',*,*,#2945,.F.);
#4007=ORIENTED_EDGE('',*,*,#2946,.F.);
#4008=ORIENTED_EDGE('',*,*,#2947,.F.);
#4009=ORIENTED_EDGE('',*,*,#2941,.F.);
#4010=ORIENTED_EDGE('',*,*,#2948,.T.);
#4011=ORIENTED_EDGE('',*,*,#2942,.T.);
#4012=ORIENTED_EDGE('',*,*,#2947,.T.);
#4013=ORIENTED_EDGE('',*,*,#2949,.T.);
#4014=ORIENTED_EDGE('',*,*,#2949,.F.);
#4015=ORIENTED_EDGE('',*,*,#2946,.T.);
#4016=ORIENTED_EDGE('',*,*,#2950,.F.);
#4017=ORIENTED_EDGE('',*,*,#2951,.F.);
#4018=ORIENTED_EDGE('',*,*,#2940,.F.);
#4019=ORIENTED_EDGE('',*,*,#2952,.T.);
#4020=ORIENTED_EDGE('',*,*,#2953,.F.);
#4021=ORIENTED_EDGE('',*,*,#2944,.F.);
#4022=ORIENTED_EDGE('',*,*,#2939,.F.);
#4023=ORIENTED_EDGE('',*,*,#2943,.F.);
#4024=ORIENTED_EDGE('',*,*,#2948,.F.);
#4025=ORIENTED_EDGE('',*,*,#2951,.T.);
#4026=ORIENTED_EDGE('',*,*,#2954,.F.);
#4027=ORIENTED_EDGE('',*,*,#2952,.F.);
#4028=ORIENTED_EDGE('',*,*,#2954,.T.);
#4029=ORIENTED_EDGE('',*,*,#2950,.T.);
#4030=ORIENTED_EDGE('',*,*,#2945,.T.);
#4031=ORIENTED_EDGE('',*,*,#2953,.T.);
#4032=ORIENTED_EDGE('',*,*,#2955,.T.);
#4033=ORIENTED_EDGE('',*,*,#2956,.T.);
#4034=ORIENTED_EDGE('',*,*,#2957,.T.);
#4035=ORIENTED_EDGE('',*,*,#2958,.T.);
#4036=ORIENTED_EDGE('',*,*,#2956,.F.);
#4037=ORIENTED_EDGE('',*,*,#2959,.T.);
#4038=ORIENTED_EDGE('',*,*,#2960,.F.);
#4039=ORIENTED_EDGE('',*,*,#2961,.T.);
#4040=ORIENTED_EDGE('',*,*,#2955,.F.);
#4041=ORIENTED_EDGE('',*,*,#2962,.T.);
#4042=ORIENTED_EDGE('',*,*,#2963,.F.);
#4043=ORIENTED_EDGE('',*,*,#2964,.F.);
#4044=ORIENTED_EDGE('',*,*,#2965,.F.);
#4045=ORIENTED_EDGE('',*,*,#2959,.F.);
#4046=ORIENTED_EDGE('',*,*,#2966,.T.);
#4047=ORIENTED_EDGE('',*,*,#2960,.T.);
#4048=ORIENTED_EDGE('',*,*,#2965,.T.);
#4049=ORIENTED_EDGE('',*,*,#2967,.T.);
#4050=ORIENTED_EDGE('',*,*,#2967,.F.);
#4051=ORIENTED_EDGE('',*,*,#2964,.T.);
#4052=ORIENTED_EDGE('',*,*,#2968,.F.);
#4053=ORIENTED_EDGE('',*,*,#2969,.F.);
#4054=ORIENTED_EDGE('',*,*,#2958,.F.);
#4055=ORIENTED_EDGE('',*,*,#2970,.T.);
#4056=ORIENTED_EDGE('',*,*,#2971,.F.);
#4057=ORIENTED_EDGE('',*,*,#2962,.F.);
#4058=ORIENTED_EDGE('',*,*,#2957,.F.);
#4059=ORIENTED_EDGE('',*,*,#2961,.F.);
#4060=ORIENTED_EDGE('',*,*,#2966,.F.);
#4061=ORIENTED_EDGE('',*,*,#2969,.T.);
#4062=ORIENTED_EDGE('',*,*,#2972,.F.);
#4063=ORIENTED_EDGE('',*,*,#2970,.F.);
#4064=ORIENTED_EDGE('',*,*,#2972,.T.);
#4065=ORIENTED_EDGE('',*,*,#2968,.T.);
#4066=ORIENTED_EDGE('',*,*,#2963,.T.);
#4067=ORIENTED_EDGE('',*,*,#2971,.T.);
#4068=ORIENTED_EDGE('',*,*,#2973,.T.);
#4069=ORIENTED_EDGE('',*,*,#2974,.T.);
#4070=ORIENTED_EDGE('',*,*,#2975,.T.);
#4071=ORIENTED_EDGE('',*,*,#2976,.T.);
#4072=ORIENTED_EDGE('',*,*,#2974,.F.);
#4073=ORIENTED_EDGE('',*,*,#2977,.T.);
#4074=ORIENTED_EDGE('',*,*,#2978,.F.);
#4075=ORIENTED_EDGE('',*,*,#2979,.T.);
#4076=ORIENTED_EDGE('',*,*,#2973,.F.);
#4077=ORIENTED_EDGE('',*,*,#2980,.T.);
#4078=ORIENTED_EDGE('',*,*,#2981,.F.);
#4079=ORIENTED_EDGE('',*,*,#2982,.F.);
#4080=ORIENTED_EDGE('',*,*,#2983,.F.);
#4081=ORIENTED_EDGE('',*,*,#2977,.F.);
#4082=ORIENTED_EDGE('',*,*,#2984,.T.);
#4083=ORIENTED_EDGE('',*,*,#2978,.T.);
#4084=ORIENTED_EDGE('',*,*,#2983,.T.);
#4085=ORIENTED_EDGE('',*,*,#2985,.T.);
#4086=ORIENTED_EDGE('',*,*,#2985,.F.);
#4087=ORIENTED_EDGE('',*,*,#2982,.T.);
#4088=ORIENTED_EDGE('',*,*,#2986,.F.);
#4089=ORIENTED_EDGE('',*,*,#2987,.F.);
#4090=ORIENTED_EDGE('',*,*,#2976,.F.);
#4091=ORIENTED_EDGE('',*,*,#2988,.T.);
#4092=ORIENTED_EDGE('',*,*,#2989,.F.);
#4093=ORIENTED_EDGE('',*,*,#2980,.F.);
#4094=ORIENTED_EDGE('',*,*,#2975,.F.);
#4095=ORIENTED_EDGE('',*,*,#2979,.F.);
#4096=ORIENTED_EDGE('',*,*,#2984,.F.);
#4097=ORIENTED_EDGE('',*,*,#2987,.T.);
#4098=ORIENTED_EDGE('',*,*,#2990,.F.);
#4099=ORIENTED_EDGE('',*,*,#2988,.F.);
#4100=ORIENTED_EDGE('',*,*,#2990,.T.);
#4101=ORIENTED_EDGE('',*,*,#2986,.T.);
#4102=ORIENTED_EDGE('',*,*,#2981,.T.);
#4103=ORIENTED_EDGE('',*,*,#2989,.T.);
#4104=ORIENTED_EDGE('',*,*,#2991,.T.);
#4105=ORIENTED_EDGE('',*,*,#2992,.T.);
#4106=ORIENTED_EDGE('',*,*,#2993,.T.);
#4107=ORIENTED_EDGE('',*,*,#2994,.T.);
#4108=ORIENTED_EDGE('',*,*,#2992,.F.);
#4109=ORIENTED_EDGE('',*,*,#2995,.T.);
#4110=ORIENTED_EDGE('',*,*,#2996,.F.);
#4111=ORIENTED_EDGE('',*,*,#2997,.T.);
#4112=ORIENTED_EDGE('',*,*,#2991,.F.);
#4113=ORIENTED_EDGE('',*,*,#2998,.T.);
#4114=ORIENTED_EDGE('',*,*,#2999,.F.);
#4115=ORIENTED_EDGE('',*,*,#3000,.F.);
#4116=ORIENTED_EDGE('',*,*,#3001,.F.);
#4117=ORIENTED_EDGE('',*,*,#2995,.F.);
#4118=ORIENTED_EDGE('',*,*,#3002,.T.);
#4119=ORIENTED_EDGE('',*,*,#2996,.T.);
#4120=ORIENTED_EDGE('',*,*,#3001,.T.);
#4121=ORIENTED_EDGE('',*,*,#3003,.T.);
#4122=ORIENTED_EDGE('',*,*,#3003,.F.);
#4123=ORIENTED_EDGE('',*,*,#3000,.T.);
#4124=ORIENTED_EDGE('',*,*,#3004,.F.);
#4125=ORIENTED_EDGE('',*,*,#3005,.F.);
#4126=ORIENTED_EDGE('',*,*,#2994,.F.);
#4127=ORIENTED_EDGE('',*,*,#3006,.T.);
#4128=ORIENTED_EDGE('',*,*,#3007,.F.);
#4129=ORIENTED_EDGE('',*,*,#2998,.F.);
#4130=ORIENTED_EDGE('',*,*,#2993,.F.);
#4131=ORIENTED_EDGE('',*,*,#2997,.F.);
#4132=ORIENTED_EDGE('',*,*,#3002,.F.);
#4133=ORIENTED_EDGE('',*,*,#3005,.T.);
#4134=ORIENTED_EDGE('',*,*,#3008,.F.);
#4135=ORIENTED_EDGE('',*,*,#3006,.F.);
#4136=ORIENTED_EDGE('',*,*,#3008,.T.);
#4137=ORIENTED_EDGE('',*,*,#3004,.T.);
#4138=ORIENTED_EDGE('',*,*,#2999,.T.);
#4139=ORIENTED_EDGE('',*,*,#3007,.T.);
#4140=ORIENTED_EDGE('',*,*,#3009,.T.);
#4141=ORIENTED_EDGE('',*,*,#3010,.T.);
#4142=ORIENTED_EDGE('',*,*,#3011,.T.);
#4143=ORIENTED_EDGE('',*,*,#3012,.T.);
#4144=ORIENTED_EDGE('',*,*,#3010,.F.);
#4145=ORIENTED_EDGE('',*,*,#3013,.T.);
#4146=ORIENTED_EDGE('',*,*,#3014,.F.);
#4147=ORIENTED_EDGE('',*,*,#3015,.T.);
#4148=ORIENTED_EDGE('',*,*,#3009,.F.);
#4149=ORIENTED_EDGE('',*,*,#3016,.T.);
#4150=ORIENTED_EDGE('',*,*,#3017,.F.);
#4151=ORIENTED_EDGE('',*,*,#3018,.F.);
#4152=ORIENTED_EDGE('',*,*,#3019,.F.);
#4153=ORIENTED_EDGE('',*,*,#3013,.F.);
#4154=ORIENTED_EDGE('',*,*,#3020,.T.);
#4155=ORIENTED_EDGE('',*,*,#3014,.T.);
#4156=ORIENTED_EDGE('',*,*,#3019,.T.);
#4157=ORIENTED_EDGE('',*,*,#3021,.T.);
#4158=ORIENTED_EDGE('',*,*,#3021,.F.);
#4159=ORIENTED_EDGE('',*,*,#3018,.T.);
#4160=ORIENTED_EDGE('',*,*,#3022,.F.);
#4161=ORIENTED_EDGE('',*,*,#3023,.F.);
#4162=ORIENTED_EDGE('',*,*,#3012,.F.);
#4163=ORIENTED_EDGE('',*,*,#3024,.T.);
#4164=ORIENTED_EDGE('',*,*,#3025,.F.);
#4165=ORIENTED_EDGE('',*,*,#3016,.F.);
#4166=ORIENTED_EDGE('',*,*,#3011,.F.);
#4167=ORIENTED_EDGE('',*,*,#3015,.F.);
#4168=ORIENTED_EDGE('',*,*,#3020,.F.);
#4169=ORIENTED_EDGE('',*,*,#3023,.T.);
#4170=ORIENTED_EDGE('',*,*,#3026,.F.);
#4171=ORIENTED_EDGE('',*,*,#3024,.F.);
#4172=ORIENTED_EDGE('',*,*,#3026,.T.);
#4173=ORIENTED_EDGE('',*,*,#3022,.T.);
#4174=ORIENTED_EDGE('',*,*,#3017,.T.);
#4175=ORIENTED_EDGE('',*,*,#3025,.T.);
#4176=ORIENTED_EDGE('',*,*,#3027,.T.);
#4177=ORIENTED_EDGE('',*,*,#3028,.T.);
#4178=ORIENTED_EDGE('',*,*,#3029,.T.);
#4179=ORIENTED_EDGE('',*,*,#3030,.T.);
#4180=ORIENTED_EDGE('',*,*,#3028,.F.);
#4181=ORIENTED_EDGE('',*,*,#3031,.T.);
#4182=ORIENTED_EDGE('',*,*,#3032,.F.);
#4183=ORIENTED_EDGE('',*,*,#3033,.T.);
#4184=ORIENTED_EDGE('',*,*,#3027,.F.);
#4185=ORIENTED_EDGE('',*,*,#3034,.T.);
#4186=ORIENTED_EDGE('',*,*,#3035,.F.);
#4187=ORIENTED_EDGE('',*,*,#3036,.F.);
#4188=ORIENTED_EDGE('',*,*,#3037,.F.);
#4189=ORIENTED_EDGE('',*,*,#3031,.F.);
#4190=ORIENTED_EDGE('',*,*,#3038,.T.);
#4191=ORIENTED_EDGE('',*,*,#3032,.T.);
#4192=ORIENTED_EDGE('',*,*,#3037,.T.);
#4193=ORIENTED_EDGE('',*,*,#3039,.T.);
#4194=ORIENTED_EDGE('',*,*,#3039,.F.);
#4195=ORIENTED_EDGE('',*,*,#3036,.T.);
#4196=ORIENTED_EDGE('',*,*,#3040,.F.);
#4197=ORIENTED_EDGE('',*,*,#3041,.F.);
#4198=ORIENTED_EDGE('',*,*,#3030,.F.);
#4199=ORIENTED_EDGE('',*,*,#3042,.T.);
#4200=ORIENTED_EDGE('',*,*,#3043,.F.);
#4201=ORIENTED_EDGE('',*,*,#3034,.F.);
#4202=ORIENTED_EDGE('',*,*,#3029,.F.);
#4203=ORIENTED_EDGE('',*,*,#3033,.F.);
#4204=ORIENTED_EDGE('',*,*,#3038,.F.);
#4205=ORIENTED_EDGE('',*,*,#3041,.T.);
#4206=ORIENTED_EDGE('',*,*,#3044,.F.);
#4207=ORIENTED_EDGE('',*,*,#3042,.F.);
#4208=ORIENTED_EDGE('',*,*,#3044,.T.);
#4209=ORIENTED_EDGE('',*,*,#3040,.T.);
#4210=ORIENTED_EDGE('',*,*,#3035,.T.);
#4211=ORIENTED_EDGE('',*,*,#3043,.T.);
#4212=ORIENTED_EDGE('',*,*,#3045,.T.);
#4213=ORIENTED_EDGE('',*,*,#3046,.T.);
#4214=ORIENTED_EDGE('',*,*,#3047,.T.);
#4215=ORIENTED_EDGE('',*,*,#3048,.T.);
#4216=ORIENTED_EDGE('',*,*,#3046,.F.);
#4217=ORIENTED_EDGE('',*,*,#3049,.T.);
#4218=ORIENTED_EDGE('',*,*,#3050,.F.);
#4219=ORIENTED_EDGE('',*,*,#3051,.F.);
#4220=ORIENTED_EDGE('',*,*,#3045,.F.);
#4221=ORIENTED_EDGE('',*,*,#3052,.T.);
#4222=ORIENTED_EDGE('',*,*,#3053,.F.);
#4223=ORIENTED_EDGE('',*,*,#3054,.F.);
#4224=ORIENTED_EDGE('',*,*,#3055,.F.);
#4225=ORIENTED_EDGE('',*,*,#3049,.F.);
#4226=ORIENTED_EDGE('',*,*,#3056,.T.);
#4227=ORIENTED_EDGE('',*,*,#3050,.T.);
#4228=ORIENTED_EDGE('',*,*,#3055,.T.);
#4229=ORIENTED_EDGE('',*,*,#3057,.T.);
#4230=ORIENTED_EDGE('',*,*,#3057,.F.);
#4231=ORIENTED_EDGE('',*,*,#3054,.T.);
#4232=ORIENTED_EDGE('',*,*,#3058,.F.);
#4233=ORIENTED_EDGE('',*,*,#3059,.F.);
#4234=ORIENTED_EDGE('',*,*,#3048,.F.);
#4235=ORIENTED_EDGE('',*,*,#3060,.T.);
#4236=ORIENTED_EDGE('',*,*,#3061,.F.);
#4237=ORIENTED_EDGE('',*,*,#3052,.F.);
#4238=ORIENTED_EDGE('',*,*,#3047,.F.);
#4239=ORIENTED_EDGE('',*,*,#3051,.T.);
#4240=ORIENTED_EDGE('',*,*,#3056,.F.);
#4241=ORIENTED_EDGE('',*,*,#3059,.T.);
#4242=ORIENTED_EDGE('',*,*,#3062,.F.);
#4243=ORIENTED_EDGE('',*,*,#3060,.F.);
#4244=ORIENTED_EDGE('',*,*,#3062,.T.);
#4245=ORIENTED_EDGE('',*,*,#3058,.T.);
#4246=ORIENTED_EDGE('',*,*,#3053,.T.);
#4247=ORIENTED_EDGE('',*,*,#3061,.T.);
#4248=ORIENTED_EDGE('',*,*,#3063,.T.);
#4249=ORIENTED_EDGE('',*,*,#3064,.T.);
#4250=ORIENTED_EDGE('',*,*,#3065,.T.);
#4251=ORIENTED_EDGE('',*,*,#3066,.T.);
#4252=ORIENTED_EDGE('',*,*,#3064,.F.);
#4253=ORIENTED_EDGE('',*,*,#3067,.T.);
#4254=ORIENTED_EDGE('',*,*,#3068,.F.);
#4255=ORIENTED_EDGE('',*,*,#3069,.T.);
#4256=ORIENTED_EDGE('',*,*,#3063,.F.);
#4257=ORIENTED_EDGE('',*,*,#3070,.T.);
#4258=ORIENTED_EDGE('',*,*,#3071,.F.);
#4259=ORIENTED_EDGE('',*,*,#3072,.F.);
#4260=ORIENTED_EDGE('',*,*,#3073,.F.);
#4261=ORIENTED_EDGE('',*,*,#3067,.F.);
#4262=ORIENTED_EDGE('',*,*,#3074,.T.);
#4263=ORIENTED_EDGE('',*,*,#3068,.T.);
#4264=ORIENTED_EDGE('',*,*,#3073,.T.);
#4265=ORIENTED_EDGE('',*,*,#3075,.T.);
#4266=ORIENTED_EDGE('',*,*,#3075,.F.);
#4267=ORIENTED_EDGE('',*,*,#3072,.T.);
#4268=ORIENTED_EDGE('',*,*,#3076,.F.);
#4269=ORIENTED_EDGE('',*,*,#3077,.F.);
#4270=ORIENTED_EDGE('',*,*,#3066,.F.);
#4271=ORIENTED_EDGE('',*,*,#3078,.T.);
#4272=ORIENTED_EDGE('',*,*,#3079,.F.);
#4273=ORIENTED_EDGE('',*,*,#3070,.F.);
#4274=ORIENTED_EDGE('',*,*,#3065,.F.);
#4275=ORIENTED_EDGE('',*,*,#3069,.F.);
#4276=ORIENTED_EDGE('',*,*,#3074,.F.);
#4277=ORIENTED_EDGE('',*,*,#3077,.T.);
#4278=ORIENTED_EDGE('',*,*,#3080,.F.);
#4279=ORIENTED_EDGE('',*,*,#3078,.F.);
#4280=ORIENTED_EDGE('',*,*,#3080,.T.);
#4281=ORIENTED_EDGE('',*,*,#3076,.T.);
#4282=ORIENTED_EDGE('',*,*,#3071,.T.);
#4283=ORIENTED_EDGE('',*,*,#3079,.T.);
#4284=ORIENTED_EDGE('',*,*,#3081,.T.);
#4285=ORIENTED_EDGE('',*,*,#3082,.T.);
#4286=ORIENTED_EDGE('',*,*,#3083,.T.);
#4287=ORIENTED_EDGE('',*,*,#3084,.T.);
#4288=ORIENTED_EDGE('',*,*,#3082,.F.);
#4289=ORIENTED_EDGE('',*,*,#3085,.T.);
#4290=ORIENTED_EDGE('',*,*,#3086,.F.);
#4291=ORIENTED_EDGE('',*,*,#3087,.T.);
#4292=ORIENTED_EDGE('',*,*,#3081,.F.);
#4293=ORIENTED_EDGE('',*,*,#3088,.T.);
#4294=ORIENTED_EDGE('',*,*,#3089,.F.);
#4295=ORIENTED_EDGE('',*,*,#3090,.F.);
#4296=ORIENTED_EDGE('',*,*,#3091,.F.);
#4297=ORIENTED_EDGE('',*,*,#3085,.F.);
#4298=ORIENTED_EDGE('',*,*,#3092,.T.);
#4299=ORIENTED_EDGE('',*,*,#3086,.T.);
#4300=ORIENTED_EDGE('',*,*,#3091,.T.);
#4301=ORIENTED_EDGE('',*,*,#3093,.T.);
#4302=ORIENTED_EDGE('',*,*,#3093,.F.);
#4303=ORIENTED_EDGE('',*,*,#3090,.T.);
#4304=ORIENTED_EDGE('',*,*,#3094,.F.);
#4305=ORIENTED_EDGE('',*,*,#3095,.F.);
#4306=ORIENTED_EDGE('',*,*,#3084,.F.);
#4307=ORIENTED_EDGE('',*,*,#3096,.T.);
#4308=ORIENTED_EDGE('',*,*,#3097,.F.);
#4309=ORIENTED_EDGE('',*,*,#3088,.F.);
#4310=ORIENTED_EDGE('',*,*,#3083,.F.);
#4311=ORIENTED_EDGE('',*,*,#3087,.F.);
#4312=ORIENTED_EDGE('',*,*,#3092,.F.);
#4313=ORIENTED_EDGE('',*,*,#3095,.T.);
#4314=ORIENTED_EDGE('',*,*,#3098,.F.);
#4315=ORIENTED_EDGE('',*,*,#3096,.F.);
#4316=ORIENTED_EDGE('',*,*,#3098,.T.);
#4317=ORIENTED_EDGE('',*,*,#3094,.T.);
#4318=ORIENTED_EDGE('',*,*,#3089,.T.);
#4319=ORIENTED_EDGE('',*,*,#3097,.T.);
#4320=ORIENTED_EDGE('',*,*,#3099,.F.);
#4321=ORIENTED_EDGE('',*,*,#3100,.T.);
#4322=ORIENTED_EDGE('',*,*,#3101,.F.);
#4323=ORIENTED_EDGE('',*,*,#3102,.F.);
#4324=ORIENTED_EDGE('',*,*,#3103,.F.);
#4325=ORIENTED_EDGE('',*,*,#3102,.T.);
#4326=ORIENTED_EDGE('',*,*,#3104,.F.);
#4327=ORIENTED_EDGE('',*,*,#3105,.F.);
#4328=ORIENTED_EDGE('',*,*,#3106,.F.);
#4329=ORIENTED_EDGE('',*,*,#3105,.T.);
#4330=ORIENTED_EDGE('',*,*,#3107,.F.);
#4331=ORIENTED_EDGE('',*,*,#3108,.F.);
#4332=ORIENTED_EDGE('',*,*,#3109,.F.);
#4333=ORIENTED_EDGE('',*,*,#3108,.T.);
#4334=ORIENTED_EDGE('',*,*,#3110,.F.);
#4335=ORIENTED_EDGE('',*,*,#3100,.F.);
#4336=ORIENTED_EDGE('',*,*,#3109,.T.);
#4337=ORIENTED_EDGE('',*,*,#3099,.T.);
#4338=ORIENTED_EDGE('',*,*,#3103,.T.);
#4339=ORIENTED_EDGE('',*,*,#3106,.T.);
#4340=ORIENTED_EDGE('',*,*,#3110,.T.);
#4341=ORIENTED_EDGE('',*,*,#3107,.T.);
#4342=ORIENTED_EDGE('',*,*,#3104,.T.);
#4343=ORIENTED_EDGE('',*,*,#3101,.T.);
#4344=ORIENTED_EDGE('',*,*,#3111,.F.);
#4345=ORIENTED_EDGE('',*,*,#3112,.T.);
#4346=ORIENTED_EDGE('',*,*,#3113,.F.);
#4347=ORIENTED_EDGE('',*,*,#3114,.F.);
#4348=ORIENTED_EDGE('',*,*,#3115,.F.);
#4349=ORIENTED_EDGE('',*,*,#3114,.T.);
#4350=ORIENTED_EDGE('',*,*,#3116,.F.);
#4351=ORIENTED_EDGE('',*,*,#3117,.F.);
#4352=ORIENTED_EDGE('',*,*,#3118,.F.);
#4353=ORIENTED_EDGE('',*,*,#3117,.T.);
#4354=ORIENTED_EDGE('',*,*,#3119,.F.);
#4355=ORIENTED_EDGE('',*,*,#3120,.F.);
#4356=ORIENTED_EDGE('',*,*,#3121,.F.);
#4357=ORIENTED_EDGE('',*,*,#3120,.T.);
#4358=ORIENTED_EDGE('',*,*,#3122,.F.);
#4359=ORIENTED_EDGE('',*,*,#3112,.F.);
#4360=ORIENTED_EDGE('',*,*,#3121,.T.);
#4361=ORIENTED_EDGE('',*,*,#3111,.T.);
#4362=ORIENTED_EDGE('',*,*,#3115,.T.);
#4363=ORIENTED_EDGE('',*,*,#3118,.T.);
#4364=ORIENTED_EDGE('',*,*,#3122,.T.);
#4365=ORIENTED_EDGE('',*,*,#3119,.T.);
#4366=ORIENTED_EDGE('',*,*,#3116,.T.);
#4367=ORIENTED_EDGE('',*,*,#3113,.T.);
#4368=ORIENTED_EDGE('',*,*,#3123,.F.);
#4369=ORIENTED_EDGE('',*,*,#3124,.T.);
#4370=ORIENTED_EDGE('',*,*,#3125,.F.);
#4371=ORIENTED_EDGE('',*,*,#3126,.F.);
#4372=ORIENTED_EDGE('',*,*,#3127,.F.);
#4373=ORIENTED_EDGE('',*,*,#3126,.T.);
#4374=ORIENTED_EDGE('',*,*,#3128,.F.);
#4375=ORIENTED_EDGE('',*,*,#3129,.F.);
#4376=ORIENTED_EDGE('',*,*,#3130,.F.);
#4377=ORIENTED_EDGE('',*,*,#3129,.T.);
#4378=ORIENTED_EDGE('',*,*,#3131,.F.);
#4379=ORIENTED_EDGE('',*,*,#3132,.F.);
#4380=ORIENTED_EDGE('',*,*,#3133,.F.);
#4381=ORIENTED_EDGE('',*,*,#3132,.T.);
#4382=ORIENTED_EDGE('',*,*,#3134,.F.);
#4383=ORIENTED_EDGE('',*,*,#3124,.F.);
#4384=ORIENTED_EDGE('',*,*,#3133,.T.);
#4385=ORIENTED_EDGE('',*,*,#3123,.T.);
#4386=ORIENTED_EDGE('',*,*,#3127,.T.);
#4387=ORIENTED_EDGE('',*,*,#3130,.T.);
#4388=ORIENTED_EDGE('',*,*,#3134,.T.);
#4389=ORIENTED_EDGE('',*,*,#3131,.T.);
#4390=ORIENTED_EDGE('',*,*,#3128,.T.);
#4391=ORIENTED_EDGE('',*,*,#3125,.T.);
#4392=ORIENTED_EDGE('',*,*,#3135,.T.);
#4393=ORIENTED_EDGE('',*,*,#3136,.F.);
#4394=ORIENTED_EDGE('',*,*,#3137,.T.);
#4395=ORIENTED_EDGE('',*,*,#3135,.F.);
#4396=ORIENTED_EDGE('',*,*,#3137,.F.);
#4397=ORIENTED_EDGE('',*,*,#3136,.T.);
#4398=ORIENTED_EDGE('',*,*,#3138,.T.);
#4399=ORIENTED_EDGE('',*,*,#3139,.F.);
#4400=ORIENTED_EDGE('',*,*,#3140,.T.);
#4401=ORIENTED_EDGE('',*,*,#3138,.F.);
#4402=ORIENTED_EDGE('',*,*,#3140,.F.);
#4403=ORIENTED_EDGE('',*,*,#3139,.T.);
#4404=ORIENTED_EDGE('',*,*,#3141,.F.);
#4405=ORIENTED_EDGE('',*,*,#3142,.F.);
#4406=ORIENTED_EDGE('',*,*,#3143,.F.);
#4407=ORIENTED_EDGE('',*,*,#3144,.F.);
#4408=ORIENTED_EDGE('',*,*,#3145,.F.);
#4409=ORIENTED_EDGE('',*,*,#3146,.T.);
#4410=ORIENTED_EDGE('',*,*,#3143,.T.);
#4411=ORIENTED_EDGE('',*,*,#3146,.F.);
#4412=ORIENTED_EDGE('',*,*,#3147,.F.);
#4413=ORIENTED_EDGE('',*,*,#3148,.T.);
#4414=ORIENTED_EDGE('',*,*,#3141,.T.);
#4415=ORIENTED_EDGE('',*,*,#3148,.F.);
#4416=ORIENTED_EDGE('',*,*,#3149,.F.);
#4417=ORIENTED_EDGE('',*,*,#3150,.T.);
#4418=ORIENTED_EDGE('',*,*,#3142,.T.);
#4419=ORIENTED_EDGE('',*,*,#3150,.F.);
#4420=ORIENTED_EDGE('',*,*,#3151,.F.);
#4421=ORIENTED_EDGE('',*,*,#3152,.T.);
#4422=ORIENTED_EDGE('',*,*,#3144,.T.);
#4423=ORIENTED_EDGE('',*,*,#3152,.F.);
#4424=ORIENTED_EDGE('',*,*,#3153,.T.);
#4425=ORIENTED_EDGE('',*,*,#3154,.T.);
#4426=ORIENTED_EDGE('',*,*,#3155,.F.);
#4427=ORIENTED_EDGE('',*,*,#3156,.F.);
#4428=ORIENTED_EDGE('',*,*,#3157,.T.);
#4429=ORIENTED_EDGE('',*,*,#3156,.T.);
#4430=ORIENTED_EDGE('',*,*,#3158,.F.);
#4431=ORIENTED_EDGE('',*,*,#3159,.F.);
#4432=ORIENTED_EDGE('',*,*,#3160,.T.);
#4433=ORIENTED_EDGE('',*,*,#3159,.T.);
#4434=ORIENTED_EDGE('',*,*,#3161,.F.);
#4435=ORIENTED_EDGE('',*,*,#3162,.F.);
#4436=ORIENTED_EDGE('',*,*,#3163,.F.);
#4437=ORIENTED_EDGE('',*,*,#3162,.T.);
#4438=ORIENTED_EDGE('',*,*,#3164,.F.);
#4439=ORIENTED_EDGE('',*,*,#3165,.F.);
#4440=ORIENTED_EDGE('',*,*,#3166,.T.);
#4441=ORIENTED_EDGE('',*,*,#3165,.T.);
#4442=ORIENTED_EDGE('',*,*,#3167,.F.);
#4443=ORIENTED_EDGE('',*,*,#3154,.F.);
#4444=ORIENTED_EDGE('',*,*,#3167,.T.);
#4445=ORIENTED_EDGE('',*,*,#3164,.T.);
#4446=ORIENTED_EDGE('',*,*,#3161,.T.);
#4447=ORIENTED_EDGE('',*,*,#3158,.T.);
#4448=ORIENTED_EDGE('',*,*,#3155,.T.);
#4449=ORIENTED_EDGE('',*,*,#3151,.T.);
#4450=ORIENTED_EDGE('',*,*,#3149,.T.);
#4451=ORIENTED_EDGE('',*,*,#3166,.F.);
#4452=ORIENTED_EDGE('',*,*,#3153,.F.);
#4453=ORIENTED_EDGE('',*,*,#3157,.F.);
#4454=ORIENTED_EDGE('',*,*,#3160,.F.);
#4455=ORIENTED_EDGE('',*,*,#3163,.T.);
#4456=ORIENTED_EDGE('',*,*,#3145,.T.);
#4457=ORIENTED_EDGE('',*,*,#3147,.T.);
#4458=ORIENTED_EDGE('',*,*,#3168,.F.);
#4459=ORIENTED_EDGE('',*,*,#3169,.F.);
#4460=ORIENTED_EDGE('',*,*,#3170,.F.);
#4461=ORIENTED_EDGE('',*,*,#3171,.T.);
#4462=ORIENTED_EDGE('',*,*,#3168,.T.);
#4463=ORIENTED_EDGE('',*,*,#3171,.F.);
#4464=ORIENTED_EDGE('',*,*,#3172,.F.);
#4465=ORIENTED_EDGE('',*,*,#3173,.T.);
#4466=ORIENTED_EDGE('',*,*,#3169,.T.);
#4467=ORIENTED_EDGE('',*,*,#3173,.F.);
#4468=ORIENTED_EDGE('',*,*,#3174,.T.);
#4469=ORIENTED_EDGE('',*,*,#3175,.T.);
#4470=ORIENTED_EDGE('',*,*,#3176,.F.);
#4471=ORIENTED_EDGE('',*,*,#3177,.F.);
#4472=ORIENTED_EDGE('',*,*,#3178,.T.);
#4473=ORIENTED_EDGE('',*,*,#3177,.T.);
#4474=ORIENTED_EDGE('',*,*,#3179,.F.);
#4475=ORIENTED_EDGE('',*,*,#3180,.F.);
#4476=ORIENTED_EDGE('',*,*,#3181,.T.);
#4477=ORIENTED_EDGE('',*,*,#3180,.T.);
#4478=ORIENTED_EDGE('',*,*,#3182,.F.);
#4479=ORIENTED_EDGE('',*,*,#3183,.F.);
#4480=ORIENTED_EDGE('',*,*,#3184,.T.);
#4481=ORIENTED_EDGE('',*,*,#3183,.T.);
#4482=ORIENTED_EDGE('',*,*,#3185,.F.);
#4483=ORIENTED_EDGE('',*,*,#3186,.F.);
#4484=ORIENTED_EDGE('',*,*,#3187,.T.);
#4485=ORIENTED_EDGE('',*,*,#3186,.T.);
#4486=ORIENTED_EDGE('',*,*,#3188,.F.);
#4487=ORIENTED_EDGE('',*,*,#3189,.F.);
#4488=ORIENTED_EDGE('',*,*,#3190,.T.);
#4489=ORIENTED_EDGE('',*,*,#3189,.T.);
#4490=ORIENTED_EDGE('',*,*,#3191,.F.);
#4491=ORIENTED_EDGE('',*,*,#3192,.F.);
#4492=ORIENTED_EDGE('',*,*,#3193,.T.);
#4493=ORIENTED_EDGE('',*,*,#3192,.T.);
#4494=ORIENTED_EDGE('',*,*,#3194,.F.);
#4495=ORIENTED_EDGE('',*,*,#3175,.F.);
#4496=ORIENTED_EDGE('',*,*,#3194,.T.);
#4497=ORIENTED_EDGE('',*,*,#3191,.T.);
#4498=ORIENTED_EDGE('',*,*,#3188,.T.);
#4499=ORIENTED_EDGE('',*,*,#3185,.T.);
#4500=ORIENTED_EDGE('',*,*,#3182,.T.);
#4501=ORIENTED_EDGE('',*,*,#3179,.T.);
#4502=ORIENTED_EDGE('',*,*,#3176,.T.);
#4503=ORIENTED_EDGE('',*,*,#3172,.T.);
#4504=ORIENTED_EDGE('',*,*,#3193,.F.);
#4505=ORIENTED_EDGE('',*,*,#3174,.F.);
#4506=ORIENTED_EDGE('',*,*,#3178,.F.);
#4507=ORIENTED_EDGE('',*,*,#3181,.F.);
#4508=ORIENTED_EDGE('',*,*,#3184,.F.);
#4509=ORIENTED_EDGE('',*,*,#3187,.F.);
#4510=ORIENTED_EDGE('',*,*,#3190,.F.);
#4511=ORIENTED_EDGE('',*,*,#3170,.T.);
#4512=ORIENTED_EDGE('',*,*,#3195,.F.);
#4513=ORIENTED_EDGE('',*,*,#3196,.F.);
#4514=ORIENTED_EDGE('',*,*,#3197,.F.);
#4515=ORIENTED_EDGE('',*,*,#3198,.F.);
#4516=ORIENTED_EDGE('',*,*,#3199,.F.);
#4517=ORIENTED_EDGE('',*,*,#3200,.T.);
#4518=ORIENTED_EDGE('',*,*,#3197,.T.);
#4519=ORIENTED_EDGE('',*,*,#3200,.F.);
#4520=ORIENTED_EDGE('',*,*,#3201,.F.);
#4521=ORIENTED_EDGE('',*,*,#3202,.T.);
#4522=ORIENTED_EDGE('',*,*,#3195,.T.);
#4523=ORIENTED_EDGE('',*,*,#3202,.F.);
#4524=ORIENTED_EDGE('',*,*,#3203,.F.);
#4525=ORIENTED_EDGE('',*,*,#3204,.T.);
#4526=ORIENTED_EDGE('',*,*,#3196,.T.);
#4527=ORIENTED_EDGE('',*,*,#3204,.F.);
#4528=ORIENTED_EDGE('',*,*,#3205,.F.);
#4529=ORIENTED_EDGE('',*,*,#3206,.T.);
#4530=ORIENTED_EDGE('',*,*,#3198,.T.);
#4531=ORIENTED_EDGE('',*,*,#3206,.F.);
#4532=ORIENTED_EDGE('',*,*,#3207,.T.);
#4533=ORIENTED_EDGE('',*,*,#3208,.T.);
#4534=ORIENTED_EDGE('',*,*,#3209,.F.);
#4535=ORIENTED_EDGE('',*,*,#3210,.F.);
#4536=ORIENTED_EDGE('',*,*,#3211,.F.);
#4537=ORIENTED_EDGE('',*,*,#3210,.T.);
#4538=ORIENTED_EDGE('',*,*,#3212,.F.);
#4539=ORIENTED_EDGE('',*,*,#3213,.F.);
#4540=ORIENTED_EDGE('',*,*,#3214,.T.);
#4541=ORIENTED_EDGE('',*,*,#3213,.T.);
#4542=ORIENTED_EDGE('',*,*,#3215,.F.);
#4543=ORIENTED_EDGE('',*,*,#3216,.F.);
#4544=ORIENTED_EDGE('',*,*,#3217,.T.);
#4545=ORIENTED_EDGE('',*,*,#3216,.T.);
#4546=ORIENTED_EDGE('',*,*,#3218,.F.);
#4547=ORIENTED_EDGE('',*,*,#3219,.F.);
#4548=ORIENTED_EDGE('',*,*,#3220,.T.);
#4549=ORIENTED_EDGE('',*,*,#3219,.T.);
#4550=ORIENTED_EDGE('',*,*,#3221,.F.);
#4551=ORIENTED_EDGE('',*,*,#3208,.F.);
#4552=ORIENTED_EDGE('',*,*,#3221,.T.);
#4553=ORIENTED_EDGE('',*,*,#3218,.T.);
#4554=ORIENTED_EDGE('',*,*,#3215,.T.);
#4555=ORIENTED_EDGE('',*,*,#3212,.T.);
#4556=ORIENTED_EDGE('',*,*,#3209,.T.);
#4557=ORIENTED_EDGE('',*,*,#3205,.T.);
#4558=ORIENTED_EDGE('',*,*,#3203,.T.);
#4559=ORIENTED_EDGE('',*,*,#3220,.F.);
#4560=ORIENTED_EDGE('',*,*,#3207,.F.);
#4561=ORIENTED_EDGE('',*,*,#3211,.T.);
#4562=ORIENTED_EDGE('',*,*,#3214,.F.);
#4563=ORIENTED_EDGE('',*,*,#3217,.F.);
#4564=ORIENTED_EDGE('',*,*,#3199,.T.);
#4565=ORIENTED_EDGE('',*,*,#3201,.T.);
#4566=CYLINDRICAL_SURFACE('',#5004,0.05);
#4567=CYLINDRICAL_SURFACE('',#5010,0.05);
#4568=CYLINDRICAL_SURFACE('',#5016,0.05);
#4569=CYLINDRICAL_SURFACE('',#5022,0.05);
#4570=CYLINDRICAL_SURFACE('',#5028,0.7);
#4571=CYLINDRICAL_SURFACE('',#5037,0.05);
#4572=CYLINDRICAL_SURFACE('',#5042,0.05);
#4573=CYLINDRICAL_SURFACE('',#5044,0.125);
#4574=CYLINDRICAL_SURFACE('',#5052,0.7);
#4575=CYLINDRICAL_SURFACE('',#5060,0.05);
#4576=CYLINDRICAL_SURFACE('',#5064,0.05);
#4577=CYLINDRICAL_SURFACE('',#5067,0.7);
#4578=CYLINDRICAL_SURFACE('',#5075,0.05);
#4579=CYLINDRICAL_SURFACE('',#5079,0.05);
#4580=CYLINDRICAL_SURFACE('',#5082,0.7);
#4581=CYLINDRICAL_SURFACE('',#5090,0.05);
#4582=CYLINDRICAL_SURFACE('',#5094,0.05);
#4583=CYLINDRICAL_SURFACE('',#5097,0.7);
#4584=CYLINDRICAL_SURFACE('',#5105,0.05);
#4585=CYLINDRICAL_SURFACE('',#5109,0.05);
#4586=CYLINDRICAL_SURFACE('',#5112,0.7);
#4587=CYLINDRICAL_SURFACE('',#5120,0.05);
#4588=CYLINDRICAL_SURFACE('',#5124,0.05);
#4589=CYLINDRICAL_SURFACE('',#5127,0.7);
#4590=CYLINDRICAL_SURFACE('',#5135,0.05);
#4591=CYLINDRICAL_SURFACE('',#5139,0.05);
#4592=CYLINDRICAL_SURFACE('',#5142,0.7);
#4593=CYLINDRICAL_SURFACE('',#5150,0.05);
#4594=CYLINDRICAL_SURFACE('',#5154,0.05);
#4595=CYLINDRICAL_SURFACE('',#5157,0.7);
#4596=CYLINDRICAL_SURFACE('',#5165,0.05);
#4597=CYLINDRICAL_SURFACE('',#5169,0.05);
#4598=CYLINDRICAL_SURFACE('',#5172,0.7);
#4599=CYLINDRICAL_SURFACE('',#5180,0.05);
#4600=CYLINDRICAL_SURFACE('',#5184,0.05);
#4601=CYLINDRICAL_SURFACE('',#5187,0.7);
#4602=CYLINDRICAL_SURFACE('',#5195,0.05);
#4603=CYLINDRICAL_SURFACE('',#5199,0.05);
#4604=CYLINDRICAL_SURFACE('',#5202,0.7);
#4605=CYLINDRICAL_SURFACE('',#5210,0.05);
#4606=CYLINDRICAL_SURFACE('',#5214,0.05);
#4607=CYLINDRICAL_SURFACE('',#5217,0.7);
#4608=CYLINDRICAL_SURFACE('',#5225,0.05);
#4609=CYLINDRICAL_SURFACE('',#5229,0.05);
#4610=CYLINDRICAL_SURFACE('',#5232,0.7);
#4611=CYLINDRICAL_SURFACE('',#5240,0.05);
#4612=CYLINDRICAL_SURFACE('',#5244,0.05);
#4613=CYLINDRICAL_SURFACE('',#5247,0.7);
#4614=CYLINDRICAL_SURFACE('',#5255,0.05);
#4615=CYLINDRICAL_SURFACE('',#5259,0.05);
#4616=CYLINDRICAL_SURFACE('',#5262,0.7);
#4617=CYLINDRICAL_SURFACE('',#5270,0.05);
#4618=CYLINDRICAL_SURFACE('',#5274,0.05);
#4619=CYLINDRICAL_SURFACE('',#5277,0.05);
#4620=CYLINDRICAL_SURFACE('',#5283,0.05);
#4621=CYLINDRICAL_SURFACE('',#5289,0.05);
#4622=CYLINDRICAL_SURFACE('',#5295,0.05);
#4623=CYLINDRICAL_SURFACE('',#5301,0.05);
#4624=CYLINDRICAL_SURFACE('',#5307,0.05);
#4625=CYLINDRICAL_SURFACE('',#5313,0.05);
#4626=CYLINDRICAL_SURFACE('',#5319,0.05);
#4627=CYLINDRICAL_SURFACE('',#5325,0.05);
#4628=CYLINDRICAL_SURFACE('',#5331,0.05);
#4629=CYLINDRICAL_SURFACE('',#5337,0.05);
#4630=CYLINDRICAL_SURFACE('',#5343,0.05);
#4631=CYLINDRICAL_SURFACE('',#5349,0.05);
#4632=CYLINDRICAL_SURFACE('',#5355,0.05);
#4633=CYLINDRICAL_SURFACE('',#5361,0.05);
#4634=CYLINDRICAL_SURFACE('',#5367,0.05);
#4635=CYLINDRICAL_SURFACE('',#5373,0.05);
#4636=CYLINDRICAL_SURFACE('',#5379,0.05);
#4637=CYLINDRICAL_SURFACE('',#5405,0.125);
#4638=CYLINDRICAL_SURFACE('',#5410,0.125);
#4639=CYLINDRICAL_SURFACE('',#5419,0.125);
#4640=CYLINDRICAL_SURFACE('',#5421,0.125);
#4641=CYLINDRICAL_SURFACE('',#5423,0.0196850393700788);
#4642=CYLINDRICAL_SURFACE('',#5425,0.0196850393700788);
#4643=CYLINDRICAL_SURFACE('',#5428,0.05);
#4644=CYLINDRICAL_SURFACE('',#5439,0.125);
#4645=CYLINDRICAL_SURFACE('',#5441,0.0196850393700788);
#4646=CYLINDRICAL_SURFACE('',#5443,0.050000000000001);
#4647=CYLINDRICAL_SURFACE('',#5447,0.0499999999999991);
#4648=CYLINDRICAL_SURFACE('',#5452,0.700000000000001);
#4649=CYLINDRICAL_SURFACE('',#5464,0.125);
#4650=CYLINDRICAL_SURFACE('',#5466,0.125);
#4651=CYLINDRICAL_SURFACE('',#5468,0.0196850393700788);
#4652=CYLINDRICAL_SURFACE('',#5470,0.0196850393700788);
#4653=CYLINDRICAL_SURFACE('',#5476,0.0500000000000001);
#4654=ADVANCED_FACE('',(#315),#4566,.T.);
#4655=ADVANCED_FACE('',(#316),#102,.T.);
#4656=ADVANCED_FACE('',(#317),#103,.T.);
#4657=ADVANCED_FACE('',(#318),#4567,.T.);
#4658=ADVANCED_FACE('',(#319),#104,.T.);
#4659=ADVANCED_FACE('',(#320),#105,.T.);
#4660=ADVANCED_FACE('',(#321),#106,.T.);
#4661=ADVANCED_FACE('',(#322),#107,.F.);
#4662=ADVANCED_FACE('',(#323),#4568,.T.);
#4663=ADVANCED_FACE('',(#324),#108,.T.);
#4664=ADVANCED_FACE('',(#325),#109,.T.);
#4665=ADVANCED_FACE('',(#326),#4569,.T.);
#4666=ADVANCED_FACE('',(#327),#110,.T.);
#4667=ADVANCED_FACE('',(#328),#111,.T.);
#4668=ADVANCED_FACE('',(#329),#112,.T.);
#4669=ADVANCED_FACE('',(#330),#113,.F.);
#4670=ADVANCED_FACE('',(#331),#4570,.T.);
#4671=ADVANCED_FACE('',(#332,#13),#114,.T.);
#4672=ADVANCED_FACE('',(#333),#115,.T.);
#4673=ADVANCED_FACE('',(#334),#116,.F.);
#4674=ADVANCED_FACE('',(#335),#4571,.T.);
#4675=ADVANCED_FACE('',(#336,#14),#117,.T.);
#4676=ADVANCED_FACE('',(#337),#4572,.T.);
#4677=ADVANCED_FACE('',(#338),#118,.F.);
#4678=ADVANCED_FACE('',(#339),#4573,.F.);
#4679=ADVANCED_FACE('',(#340),#119,.F.);
#4680=ADVANCED_FACE('',(#341),#120,.T.);
#4681=ADVANCED_FACE('',(#342),#121,.T.);
#4682=ADVANCED_FACE('',(#343),#122,.T.);
#4683=ADVANCED_FACE('',(#344),#123,.T.);
#4684=ADVANCED_FACE('',(#345),#124,.T.);
#4685=ADVANCED_FACE('',(#346),#125,.T.);
#4686=ADVANCED_FACE('',(#347),#4574,.T.);
#4687=ADVANCED_FACE('',(#348),#126,.F.);
#4688=ADVANCED_FACE('',(#349),#127,.T.);
#4689=ADVANCED_FACE('',(#350),#128,.T.);
#4690=ADVANCED_FACE('',(#351),#4575,.T.);
#4691=ADVANCED_FACE('',(#352),#129,.T.);
#4692=ADVANCED_FACE('',(#353),#4576,.T.);
#4693=ADVANCED_FACE('',(#354),#130,.F.);
#4694=ADVANCED_FACE('',(#355),#131,.F.);
#4695=ADVANCED_FACE('',(#356),#4577,.T.);
#4696=ADVANCED_FACE('',(#357),#132,.F.);
#4697=ADVANCED_FACE('',(#358),#133,.T.);
#4698=ADVANCED_FACE('',(#359),#134,.T.);
#4699=ADVANCED_FACE('',(#360),#4578,.T.);
#4700=ADVANCED_FACE('',(#361),#135,.T.);
#4701=ADVANCED_FACE('',(#362),#4579,.T.);
#4702=ADVANCED_FACE('',(#363),#136,.F.);
#4703=ADVANCED_FACE('',(#364),#137,.F.);
#4704=ADVANCED_FACE('',(#365),#4580,.T.);
#4705=ADVANCED_FACE('',(#366),#138,.F.);
#4706=ADVANCED_FACE('',(#367),#139,.T.);
#4707=ADVANCED_FACE('',(#368),#140,.T.);
#4708=ADVANCED_FACE('',(#369),#4581,.T.);
#4709=ADVANCED_FACE('',(#370),#141,.T.);
#4710=ADVANCED_FACE('',(#371),#4582,.T.);
#4711=ADVANCED_FACE('',(#372),#142,.F.);
#4712=ADVANCED_FACE('',(#373),#143,.F.);
#4713=ADVANCED_FACE('',(#374),#4583,.T.);
#4714=ADVANCED_FACE('',(#375),#144,.F.);
#4715=ADVANCED_FACE('',(#376),#145,.T.);
#4716=ADVANCED_FACE('',(#377),#146,.T.);
#4717=ADVANCED_FACE('',(#378),#4584,.T.);
#4718=ADVANCED_FACE('',(#379),#147,.T.);
#4719=ADVANCED_FACE('',(#380),#4585,.T.);
#4720=ADVANCED_FACE('',(#381),#148,.F.);
#4721=ADVANCED_FACE('',(#382),#149,.F.);
#4722=ADVANCED_FACE('',(#383),#4586,.T.);
#4723=ADVANCED_FACE('',(#384),#150,.F.);
#4724=ADVANCED_FACE('',(#385),#151,.T.);
#4725=ADVANCED_FACE('',(#386),#152,.T.);
#4726=ADVANCED_FACE('',(#387),#4587,.T.);
#4727=ADVANCED_FACE('',(#388),#153,.T.);
#4728=ADVANCED_FACE('',(#389),#4588,.T.);
#4729=ADVANCED_FACE('',(#390),#154,.F.);
#4730=ADVANCED_FACE('',(#391),#155,.F.);
#4731=ADVANCED_FACE('',(#392),#4589,.T.);
#4732=ADVANCED_FACE('',(#393),#156,.F.);
#4733=ADVANCED_FACE('',(#394),#157,.T.);
#4734=ADVANCED_FACE('',(#395),#158,.T.);
#4735=ADVANCED_FACE('',(#396),#4590,.T.);
#4736=ADVANCED_FACE('',(#397),#159,.T.);
#4737=ADVANCED_FACE('',(#398),#4591,.T.);
#4738=ADVANCED_FACE('',(#399),#160,.F.);
#4739=ADVANCED_FACE('',(#400),#161,.F.);
#4740=ADVANCED_FACE('',(#401),#4592,.T.);
#4741=ADVANCED_FACE('',(#402),#162,.F.);
#4742=ADVANCED_FACE('',(#403),#163,.T.);
#4743=ADVANCED_FACE('',(#404),#164,.T.);
#4744=ADVANCED_FACE('',(#405),#4593,.T.);
#4745=ADVANCED_FACE('',(#406),#165,.T.);
#4746=ADVANCED_FACE('',(#407),#4594,.T.);
#4747=ADVANCED_FACE('',(#408),#166,.F.);
#4748=ADVANCED_FACE('',(#409),#167,.F.);
#4749=ADVANCED_FACE('',(#410),#4595,.T.);
#4750=ADVANCED_FACE('',(#411),#168,.F.);
#4751=ADVANCED_FACE('',(#412),#169,.T.);
#4752=ADVANCED_FACE('',(#413),#170,.T.);
#4753=ADVANCED_FACE('',(#414),#4596,.T.);
#4754=ADVANCED_FACE('',(#415),#171,.T.);
#4755=ADVANCED_FACE('',(#416),#4597,.T.);
#4756=ADVANCED_FACE('',(#417),#172,.F.);
#4757=ADVANCED_FACE('',(#418),#173,.F.);
#4758=ADVANCED_FACE('',(#419),#4598,.T.);
#4759=ADVANCED_FACE('',(#420),#174,.F.);
#4760=ADVANCED_FACE('',(#421),#175,.T.);
#4761=ADVANCED_FACE('',(#422),#176,.T.);
#4762=ADVANCED_FACE('',(#423),#4599,.T.);
#4763=ADVANCED_FACE('',(#424),#177,.T.);
#4764=ADVANCED_FACE('',(#425),#4600,.T.);
#4765=ADVANCED_FACE('',(#426),#178,.F.);
#4766=ADVANCED_FACE('',(#427),#179,.F.);
#4767=ADVANCED_FACE('',(#428),#4601,.T.);
#4768=ADVANCED_FACE('',(#429),#180,.F.);
#4769=ADVANCED_FACE('',(#430),#181,.T.);
#4770=ADVANCED_FACE('',(#431),#182,.T.);
#4771=ADVANCED_FACE('',(#432),#4602,.T.);
#4772=ADVANCED_FACE('',(#433),#183,.T.);
#4773=ADVANCED_FACE('',(#434),#4603,.T.);
#4774=ADVANCED_FACE('',(#435),#184,.F.);
#4775=ADVANCED_FACE('',(#436),#185,.F.);
#4776=ADVANCED_FACE('',(#437),#4604,.T.);
#4777=ADVANCED_FACE('',(#438),#186,.F.);
#4778=ADVANCED_FACE('',(#439),#187,.T.);
#4779=ADVANCED_FACE('',(#440),#188,.T.);
#4780=ADVANCED_FACE('',(#441),#4605,.T.);
#4781=ADVANCED_FACE('',(#442),#189,.T.);
#4782=ADVANCED_FACE('',(#443),#4606,.T.);
#4783=ADVANCED_FACE('',(#444),#190,.F.);
#4784=ADVANCED_FACE('',(#445),#191,.F.);
#4785=ADVANCED_FACE('',(#446),#4607,.T.);
#4786=ADVANCED_FACE('',(#447),#192,.F.);
#4787=ADVANCED_FACE('',(#448),#193,.T.);
#4788=ADVANCED_FACE('',(#449),#194,.T.);
#4789=ADVANCED_FACE('',(#450),#4608,.T.);
#4790=ADVANCED_FACE('',(#451),#195,.T.);
#4791=ADVANCED_FACE('',(#452),#4609,.T.);
#4792=ADVANCED_FACE('',(#453),#196,.F.);
#4793=ADVANCED_FACE('',(#454),#197,.F.);
#4794=ADVANCED_FACE('',(#455),#4610,.T.);
#4795=ADVANCED_FACE('',(#456),#198,.F.);
#4796=ADVANCED_FACE('',(#457),#199,.T.);
#4797=ADVANCED_FACE('',(#458),#200,.T.);
#4798=ADVANCED_FACE('',(#459),#4611,.T.);
#4799=ADVANCED_FACE('',(#460),#201,.T.);
#4800=ADVANCED_FACE('',(#461),#4612,.T.);
#4801=ADVANCED_FACE('',(#462),#202,.F.);
#4802=ADVANCED_FACE('',(#463),#203,.F.);
#4803=ADVANCED_FACE('',(#464),#4613,.T.);
#4804=ADVANCED_FACE('',(#465),#204,.F.);
#4805=ADVANCED_FACE('',(#466),#205,.T.);
#4806=ADVANCED_FACE('',(#467),#206,.T.);
#4807=ADVANCED_FACE('',(#468),#4614,.T.);
#4808=ADVANCED_FACE('',(#469),#207,.T.);
#4809=ADVANCED_FACE('',(#470),#4615,.T.);
#4810=ADVANCED_FACE('',(#471),#208,.F.);
#4811=ADVANCED_FACE('',(#472),#209,.F.);
#4812=ADVANCED_FACE('',(#473),#4616,.T.);
#4813=ADVANCED_FACE('',(#474),#210,.F.);
#4814=ADVANCED_FACE('',(#475),#211,.T.);
#4815=ADVANCED_FACE('',(#476),#212,.T.);
#4816=ADVANCED_FACE('',(#477),#4617,.T.);
#4817=ADVANCED_FACE('',(#478),#213,.T.);
#4818=ADVANCED_FACE('',(#479),#4618,.T.);
#4819=ADVANCED_FACE('',(#480),#214,.F.);
#4820=ADVANCED_FACE('',(#481),#215,.F.);
#4821=ADVANCED_FACE('',(#482),#4619,.T.);
#4822=ADVANCED_FACE('',(#483),#216,.F.);
#4823=ADVANCED_FACE('',(#484),#217,.T.);
#4824=ADVANCED_FACE('',(#485),#4620,.T.);
#4825=ADVANCED_FACE('',(#486),#218,.T.);
#4826=ADVANCED_FACE('',(#487),#219,.T.);
#4827=ADVANCED_FACE('',(#488),#220,.T.);
#4828=ADVANCED_FACE('',(#489),#221,.T.);
#4829=ADVANCED_FACE('',(#490),#4621,.T.);
#4830=ADVANCED_FACE('',(#491),#222,.F.);
#4831=ADVANCED_FACE('',(#492),#223,.T.);
#4832=ADVANCED_FACE('',(#493),#4622,.T.);
#4833=ADVANCED_FACE('',(#494),#224,.T.);
#4834=ADVANCED_FACE('',(#495),#225,.T.);
#4835=ADVANCED_FACE('',(#496),#226,.T.);
#4836=ADVANCED_FACE('',(#497),#227,.T.);
#4837=ADVANCED_FACE('',(#498),#4623,.T.);
#4838=ADVANCED_FACE('',(#499),#228,.F.);
#4839=ADVANCED_FACE('',(#500),#229,.T.);
#4840=ADVANCED_FACE('',(#501),#4624,.T.);
#4841=ADVANCED_FACE('',(#502),#230,.T.);
#4842=ADVANCED_FACE('',(#503),#231,.T.);
#4843=ADVANCED_FACE('',(#504),#232,.T.);
#4844=ADVANCED_FACE('',(#505),#233,.T.);
#4845=ADVANCED_FACE('',(#506),#4625,.T.);
#4846=ADVANCED_FACE('',(#507),#234,.F.);
#4847=ADVANCED_FACE('',(#508),#235,.T.);
#4848=ADVANCED_FACE('',(#509),#4626,.T.);
#4849=ADVANCED_FACE('',(#510),#236,.T.);
#4850=ADVANCED_FACE('',(#511),#237,.T.);
#4851=ADVANCED_FACE('',(#512),#238,.T.);
#4852=ADVANCED_FACE('',(#513),#239,.T.);
#4853=ADVANCED_FACE('',(#514),#4627,.T.);
#4854=ADVANCED_FACE('',(#515),#240,.F.);
#4855=ADVANCED_FACE('',(#516),#241,.T.);
#4856=ADVANCED_FACE('',(#517),#4628,.T.);
#4857=ADVANCED_FACE('',(#518),#242,.T.);
#4858=ADVANCED_FACE('',(#519),#243,.T.);
#4859=ADVANCED_FACE('',(#520),#244,.T.);
#4860=ADVANCED_FACE('',(#521),#245,.T.);
#4861=ADVANCED_FACE('',(#522),#4629,.T.);
#4862=ADVANCED_FACE('',(#523),#246,.F.);
#4863=ADVANCED_FACE('',(#524),#247,.T.);
#4864=ADVANCED_FACE('',(#525),#4630,.T.);
#4865=ADVANCED_FACE('',(#526),#248,.T.);
#4866=ADVANCED_FACE('',(#527),#249,.T.);
#4867=ADVANCED_FACE('',(#528),#250,.T.);
#4868=ADVANCED_FACE('',(#529),#251,.T.);
#4869=ADVANCED_FACE('',(#530),#4631,.T.);
#4870=ADVANCED_FACE('',(#531),#252,.F.);
#4871=ADVANCED_FACE('',(#532),#253,.T.);
#4872=ADVANCED_FACE('',(#533),#4632,.T.);
#4873=ADVANCED_FACE('',(#534),#254,.T.);
#4874=ADVANCED_FACE('',(#535),#255,.T.);
#4875=ADVANCED_FACE('',(#536),#256,.T.);
#4876=ADVANCED_FACE('',(#537),#257,.T.);
#4877=ADVANCED_FACE('',(#538),#4633,.T.);
#4878=ADVANCED_FACE('',(#539),#258,.F.);
#4879=ADVANCED_FACE('',(#540),#259,.T.);
#4880=ADVANCED_FACE('',(#541),#4634,.T.);
#4881=ADVANCED_FACE('',(#542),#260,.T.);
#4882=ADVANCED_FACE('',(#543),#261,.T.);
#4883=ADVANCED_FACE('',(#544),#262,.T.);
#4884=ADVANCED_FACE('',(#545),#263,.T.);
#4885=ADVANCED_FACE('',(#546),#4635,.T.);
#4886=ADVANCED_FACE('',(#547),#264,.F.);
#4887=ADVANCED_FACE('',(#548),#265,.T.);
#4888=ADVANCED_FACE('',(#549),#4636,.T.);
#4889=ADVANCED_FACE('',(#550),#266,.T.);
#4890=ADVANCED_FACE('',(#551),#267,.T.);
#4891=ADVANCED_FACE('',(#552),#268,.T.);
#4892=ADVANCED_FACE('',(#553),#269,.T.);
#4893=ADVANCED_FACE('',(#554),#270,.T.);
#4894=ADVANCED_FACE('',(#555),#271,.T.);
#4895=ADVANCED_FACE('',(#556),#272,.T.);
#4896=ADVANCED_FACE('',(#557),#273,.T.);
#4897=ADVANCED_FACE('',(#558),#274,.T.);
#4898=ADVANCED_FACE('',(#559),#275,.T.);
#4899=ADVANCED_FACE('',(#560),#276,.T.);
#4900=ADVANCED_FACE('',(#561),#277,.T.);
#4901=ADVANCED_FACE('',(#562),#278,.T.);
#4902=ADVANCED_FACE('',(#563),#279,.T.);
#4903=ADVANCED_FACE('',(#564),#280,.T.);
#4904=ADVANCED_FACE('',(#565),#281,.T.);
#4905=ADVANCED_FACE('',(#566),#282,.T.);
#4906=ADVANCED_FACE('',(#567),#283,.T.);
#4907=ADVANCED_FACE('',(#568),#284,.T.);
#4908=ADVANCED_FACE('',(#569),#285,.T.);
#4909=ADVANCED_FACE('',(#570),#286,.T.);
#4910=ADVANCED_FACE('',(#571),#287,.T.);
#4911=ADVANCED_FACE('',(#572),#288,.F.);
#4912=ADVANCED_FACE('',(#573),#4637,.T.);
#4913=ADVANCED_FACE('',(#574),#289,.T.);
#4914=ADVANCED_FACE('',(#575),#290,.F.);
#4915=ADVANCED_FACE('',(#576),#4638,.T.);
#4916=ADVANCED_FACE('',(#577),#291,.T.);
#4917=ADVANCED_FACE('',(#578,#15),#292,.F.);
#4918=ADVANCED_FACE('',(#579,#16),#293,.F.);
#4919=ADVANCED_FACE('',(#580),#4639,.F.);
#4920=ADVANCED_FACE('',(#581),#4640,.F.);
#4921=ADVANCED_FACE('',(#582),#4641,.F.);
#4922=ADVANCED_FACE('',(#583),#4642,.F.);
#4923=ADVANCED_FACE('',(#584),#294,.T.);
#4924=ADVANCED_FACE('',(#585),#4643,.T.);
#4925=ADVANCED_FACE('',(#586),#295,.T.);
#4926=ADVANCED_FACE('',(#587),#296,.T.);
#4927=ADVANCED_FACE('',(#588),#297,.T.);
#4928=ADVANCED_FACE('',(#589,#17,#18),#298,.T.);
#4929=ADVANCED_FACE('',(#590,#19,#20),#299,.F.);
#4930=ADVANCED_FACE('',(#591,#21),#300,.F.);
#4931=ADVANCED_FACE('',(#592),#4644,.F.);
#4932=ADVANCED_FACE('',(#593),#4645,.F.);
#4933=ADVANCED_FACE('',(#594),#4646,.T.);
#4934=ADVANCED_FACE('',(#595),#301,.T.);
#4935=ADVANCED_FACE('',(#596),#4647,.T.);
#4936=ADVANCED_FACE('',(#597),#302,.T.);
#4937=ADVANCED_FACE('',(#598),#303,.T.);
#4938=ADVANCED_FACE('',(#599),#4648,.T.);
#4939=ADVANCED_FACE('',(#600),#304,.T.);
#4940=ADVANCED_FACE('',(#601,#22),#305,.T.);
#4941=ADVANCED_FACE('',(#602,#23),#306,.F.);
#4942=ADVANCED_FACE('',(#603,#24),#307,.F.);
#4943=ADVANCED_FACE('',(#604,#25),#308,.F.);
#4944=ADVANCED_FACE('',(#605),#4649,.F.);
#4945=ADVANCED_FACE('',(#606),#4650,.F.);
#4946=ADVANCED_FACE('',(#607),#4651,.F.);
#4947=ADVANCED_FACE('',(#608),#4652,.F.);
#4948=ADVANCED_FACE('',(#609),#309,.T.);
#4949=ADVANCED_FACE('',(#610),#310,.T.);
#4950=ADVANCED_FACE('',(#611),#311,.T.);
#4951=ADVANCED_FACE('',(#612),#312,.T.);
#4952=ADVANCED_FACE('',(#613),#4653,.T.);
#4953=ADVANCED_FACE('',(#614,#26,#27),#313,.T.);
#4954=ADVANCED_FACE('',(#615,#28,#29),#314,.F.);
#4955=CLOSED_SHELL('',(#4654,#4655,#4656,#4657,#4658,#4659,#4660,#4661));
#4956=CLOSED_SHELL('',(#4662,#4663,#4664,#4665,#4666,#4667,#4668,#4669));
#4957=CLOSED_SHELL('',(#4670,#4671,#4672,#4673,#4674,#4675,#4676,#4677,
#4678,#4679));
#4958=CLOSED_SHELL('',(#4680,#4681,#4682,#4683,#4684,#4685));
#4959=CLOSED_SHELL('',(#4686,#4687,#4688,#4689,#4690,#4691,#4692,#4693,
#4694));
#4960=CLOSED_SHELL('',(#4695,#4696,#4697,#4698,#4699,#4700,#4701,#4702,
#4703));
#4961=CLOSED_SHELL('',(#4704,#4705,#4706,#4707,#4708,#4709,#4710,#4711,
#4712));
#4962=CLOSED_SHELL('',(#4713,#4714,#4715,#4716,#4717,#4718,#4719,#4720,
#4721));
#4963=CLOSED_SHELL('',(#4722,#4723,#4724,#4725,#4726,#4727,#4728,#4729,
#4730));
#4964=CLOSED_SHELL('',(#4731,#4732,#4733,#4734,#4735,#4736,#4737,#4738,
#4739));
#4965=CLOSED_SHELL('',(#4740,#4741,#4742,#4743,#4744,#4745,#4746,#4747,
#4748));
#4966=CLOSED_SHELL('',(#4749,#4750,#4751,#4752,#4753,#4754,#4755,#4756,
#4757));
#4967=CLOSED_SHELL('',(#4758,#4759,#4760,#4761,#4762,#4763,#4764,#4765,
#4766));
#4968=CLOSED_SHELL('',(#4767,#4768,#4769,#4770,#4771,#4772,#4773,#4774,
#4775));
#4969=CLOSED_SHELL('',(#4776,#4777,#4778,#4779,#4780,#4781,#4782,#4783,
#4784));
#4970=CLOSED_SHELL('',(#4785,#4786,#4787,#4788,#4789,#4790,#4791,#4792,
#4793));
#4971=CLOSED_SHELL('',(#4794,#4795,#4796,#4797,#4798,#4799,#4800,#4801,
#4802));
#4972=CLOSED_SHELL('',(#4803,#4804,#4805,#4806,#4807,#4808,#4809,#4810,
#4811));
#4973=CLOSED_SHELL('',(#4812,#4813,#4814,#4815,#4816,#4817,#4818,#4819,
#4820));
#4974=CLOSED_SHELL('',(#4821,#4822,#4823,#4824,#4825,#4826,#4827,#4828));
#4975=CLOSED_SHELL('',(#4829,#4830,#4831,#4832,#4833,#4834,#4835,#4836));
#4976=CLOSED_SHELL('',(#4837,#4838,#4839,#4840,#4841,#4842,#4843,#4844));
#4977=CLOSED_SHELL('',(#4845,#4846,#4847,#4848,#4849,#4850,#4851,#4852));
#4978=CLOSED_SHELL('',(#4853,#4854,#4855,#4856,#4857,#4858,#4859,#4860));
#4979=CLOSED_SHELL('',(#4861,#4862,#4863,#4864,#4865,#4866,#4867,#4868));
#4980=CLOSED_SHELL('',(#4869,#4870,#4871,#4872,#4873,#4874,#4875,#4876));
#4981=CLOSED_SHELL('',(#4877,#4878,#4879,#4880,#4881,#4882,#4883,#4884));
#4982=CLOSED_SHELL('',(#4885,#4886,#4887,#4888,#4889,#4890,#4891,#4892));
#4983=CLOSED_SHELL('',(#4893,#4894,#4895,#4896,#4897,#4898));
#4984=CLOSED_SHELL('',(#4899,#4900,#4901,#4902,#4903,#4904));
#4985=CLOSED_SHELL('',(#4905,#4906,#4907,#4908,#4909,#4910));
#4986=CLOSED_SHELL('',(#4911,#4912,#4913));
#4987=CLOSED_SHELL('',(#4914,#4915,#4916));
#4988=CLOSED_SHELL('',(#4917,#4918,#4919,#4920,#4921,#4922,#4923,#4924,
#4925,#4926,#4927,#4928,#4929));
#4989=CLOSED_SHELL('',(#4930,#4931,#4932,#4933,#4934,#4935,#4936,#4937,
#4938,#4939,#4940,#4941));
#4990=CLOSED_SHELL('',(#4942,#4943,#4944,#4945,#4946,#4947,#4948,#4949,
#4950,#4951,#4952,#4953,#4954));
#4991=DERIVED_UNIT_ELEMENT(#4993,1.);
#4992=DERIVED_UNIT_ELEMENT(#8362,-3.);
#4993=(
MASS_UNIT()
NAMED_UNIT(*)
SI_UNIT(.KILO.,.GRAM.)
);
#4994=DERIVED_UNIT((#4991,#4992));
#4995=MEASURE_REPRESENTATION_ITEM('density measure',
POSITIVE_RATIO_MEASURE(1060.),#4994);
#4996=PROPERTY_DEFINITION_REPRESENTATION(#5001,#4998);
#4997=PROPERTY_DEFINITION_REPRESENTATION(#5002,#4999);
#4998=REPRESENTATION('material name',(#5000),#8357);
#4999=REPRESENTATION('density',(#4995),#8357);
#5000=DESCRIPTIVE_REPRESENTATION_ITEM('ABS Plastic','ABS Plastic');
#5001=PROPERTY_DEFINITION('material property','material name',#8370);
#5002=PROPERTY_DEFINITION('material property','density of part',#8370);
#5003=AXIS2_PLACEMENT_3D('',#6933,#5481,#5482);
#5004=AXIS2_PLACEMENT_3D('',#6934,#5483,#5484);
#5005=AXIS2_PLACEMENT_3D('',#6937,#5485,#5486);
#5006=AXIS2_PLACEMENT_3D('',#6941,#5488,#5489);
#5007=AXIS2_PLACEMENT_3D('',#6943,#5491,#5492);
#5008=AXIS2_PLACEMENT_3D('',#6949,#5496,#5497);
#5009=AXIS2_PLACEMENT_3D('',#6953,#5499,#5500);
#5010=AXIS2_PLACEMENT_3D('',#6957,#5503,#5504);
#5011=AXIS2_PLACEMENT_3D('',#6961,#5506,#5507);
#5012=AXIS2_PLACEMENT_3D('',#6963,#5509,#5510);
#5013=AXIS2_PLACEMENT_3D('',#6967,#5513,#5514);
#5014=AXIS2_PLACEMENT_3D('',#6970,#5517,#5518);
#5015=AXIS2_PLACEMENT_3D('',#6971,#5519,#5520);
#5016=AXIS2_PLACEMENT_3D('',#6972,#5521,#5522);
#5017=AXIS2_PLACEMENT_3D('',#6975,#5523,#5524);
#5018=AXIS2_PLACEMENT_3D('',#6979,#5526,#5527);
#5019=AXIS2_PLACEMENT_3D('',#6981,#5529,#5530);
#5020=AXIS2_PLACEMENT_3D('',#6987,#5534,#5535);
#5021=AXIS2_PLACEMENT_3D('',#6991,#5537,#5538);
#5022=AXIS2_PLACEMENT_3D('',#6995,#5541,#5542);
#5023=AXIS2_PLACEMENT_3D('',#6998,#5543,#5544);
#5024=AXIS2_PLACEMENT_3D('',#7001,#5547,#5548);
#5025=AXIS2_PLACEMENT_3D('',#7005,#5551,#5552);
#5026=AXIS2_PLACEMENT_3D('',#7008,#5555,#5556);
#5027=AXIS2_PLACEMENT_3D('',#7009,#5557,#5558);
#5028=AXIS2_PLACEMENT_3D('',#7010,#5559,#5560);
#5029=AXIS2_PLACEMENT_3D('',#7013,#5561,#5562);
#5030=AXIS2_PLACEMENT_3D('',#7017,#5564,#5565);
#5031=AXIS2_PLACEMENT_3D('',#7019,#5567,#5568);
#5032=AXIS2_PLACEMENT_3D('',#7025,#5571,#5572);
#5033=AXIS2_PLACEMENT_3D('',#7029,#5574,#5575);
#5034=AXIS2_PLACEMENT_3D('',#7032,#5577,#5578);
#5035=AXIS2_PLACEMENT_3D('',#7033,#5579,#5580);
#5036=AXIS2_PLACEMENT_3D('',#7037,#5583,#5584);
#5037=AXIS2_PLACEMENT_3D('',#7041,#5587,#5588);
#5038=AXIS2_PLACEMENT_3D('',#7044,#5590,#5591);
#5039=AXIS2_PLACEMENT_3D('',#7045,#5592,#5593);
#5040=AXIS2_PLACEMENT_3D('',#7049,#5595,#5596);
#5041=AXIS2_PLACEMENT_3D('',#7052,#5598,#5599);
#5042=AXIS2_PLACEMENT_3D('',#7053,#5600,#5601);
#5043=AXIS2_PLACEMENT_3D('',#7056,#5604,#5605);
#5044=AXIS2_PLACEMENT_3D('',#7057,#5606,#5607);
#5045=AXIS2_PLACEMENT_3D('',#7059,#5609,#5610);
#5046=AXIS2_PLACEMENT_3D('',#7060,#5611,#5612);
#5047=AXIS2_PLACEMENT_3D('',#7069,#5617,#5618);
#5048=AXIS2_PLACEMENT_3D('',#7075,#5622,#5623);
#5049=AXIS2_PLACEMENT_3D('',#7081,#5627,#5628);
#5050=AXIS2_PLACEMENT_3D('',#7084,#5631,#5632);
#5051=AXIS2_PLACEMENT_3D('',#7085,#5633,#5634);
#5052=AXIS2_PLACEMENT_3D('',#7086,#5635,#5636);
#5053=AXIS2_PLACEMENT_3D('',#7089,#5637,#5638);
#5054=AXIS2_PLACEMENT_3D('',#7093,#5640,#5641);
#5055=AXIS2_PLACEMENT_3D('',#7095,#5643,#5644);
#5056=AXIS2_PLACEMENT_3D('',#7101,#5648,#5649);
#5057=AXIS2_PLACEMENT_3D('',#7107,#5652,#5653);
#5058=AXIS2_PLACEMENT_3D('',#7110,#5655,#5656);
#5059=AXIS2_PLACEMENT_3D('',#7111,#5657,#5658);
#5060=AXIS2_PLACEMENT_3D('',#7115,#5661,#5662);
#5061=AXIS2_PLACEMENT_3D('',#7118,#5664,#5665);
#5062=AXIS2_PLACEMENT_3D('',#7119,#5666,#5667);
#5063=AXIS2_PLACEMENT_3D('',#7123,#5669,#5670);
#5064=AXIS2_PLACEMENT_3D('',#7125,#5672,#5673);
#5065=AXIS2_PLACEMENT_3D('',#7128,#5676,#5677);
#5066=AXIS2_PLACEMENT_3D('',#7129,#5678,#5679);
#5067=AXIS2_PLACEMENT_3D('',#7130,#5680,#5681);
#5068=AXIS2_PLACEMENT_3D('',#7133,#5682,#5683);
#5069=AXIS2_PLACEMENT_3D('',#7137,#5685,#5686);
#5070=AXIS2_PLACEMENT_3D('',#7139,#5688,#5689);
#5071=AXIS2_PLACEMENT_3D('',#7145,#5693,#5694);
#5072=AXIS2_PLACEMENT_3D('',#7151,#5697,#5698);
#5073=AXIS2_PLACEMENT_3D('',#7154,#5700,#5701);
#5074=AXIS2_PLACEMENT_3D('',#7155,#5702,#5703);
#5075=AXIS2_PLACEMENT_3D('',#7159,#5706,#5707);
#5076=AXIS2_PLACEMENT_3D('',#7162,#5709,#5710);
#5077=AXIS2_PLACEMENT_3D('',#7163,#5711,#5712);
#5078=AXIS2_PLACEMENT_3D('',#7167,#5714,#5715);
#5079=AXIS2_PLACEMENT_3D('',#7169,#5717,#5718);
#5080=AXIS2_PLACEMENT_3D('',#7172,#5721,#5722);
#5081=AXIS2_PLACEMENT_3D('',#7173,#5723,#5724);
#5082=AXIS2_PLACEMENT_3D('',#7174,#5725,#5726);
#5083=AXIS2_PLACEMENT_3D('',#7177,#5727,#5728);
#5084=AXIS2_PLACEMENT_3D('',#7181,#5730,#5731);
#5085=AXIS2_PLACEMENT_3D('',#7183,#5733,#5734);
#5086=AXIS2_PLACEMENT_3D('',#7189,#5738,#5739);
#5087=AXIS2_PLACEMENT_3D('',#7195,#5742,#5743);
#5088=AXIS2_PLACEMENT_3D('',#7198,#5745,#5746);
#5089=AXIS2_PLACEMENT_3D('',#7199,#5747,#5748);
#5090=AXIS2_PLACEMENT_3D('',#7203,#5751,#5752);
#5091=AXIS2_PLACEMENT_3D('',#7206,#5754,#5755);
#5092=AXIS2_PLACEMENT_3D('',#7207,#5756,#5757);
#5093=AXIS2_PLACEMENT_3D('',#7211,#5759,#5760);
#5094=AXIS2_PLACEMENT_3D('',#7213,#5762,#5763);
#5095=AXIS2_PLACEMENT_3D('',#7216,#5766,#5767);
#5096=AXIS2_PLACEMENT_3D('',#7217,#5768,#5769);
#5097=AXIS2_PLACEMENT_3D('',#7218,#5770,#5771);
#5098=AXIS2_PLACEMENT_3D('',#7221,#5772,#5773);
#5099=AXIS2_PLACEMENT_3D('',#7225,#5775,#5776);
#5100=AXIS2_PLACEMENT_3D('',#7227,#5778,#5779);
#5101=AXIS2_PLACEMENT_3D('',#7233,#5783,#5784);
#5102=AXIS2_PLACEMENT_3D('',#7239,#5787,#5788);
#5103=AXIS2_PLACEMENT_3D('',#7242,#5790,#5791);
#5104=AXIS2_PLACEMENT_3D('',#7243,#5792,#5793);
#5105=AXIS2_PLACEMENT_3D('',#7247,#5796,#5797);
#5106=AXIS2_PLACEMENT_3D('',#7250,#5799,#5800);
#5107=AXIS2_PLACEMENT_3D('',#7251,#5801,#5802);
#5108=AXIS2_PLACEMENT_3D('',#7255,#5804,#5805);
#5109=AXIS2_PLACEMENT_3D('',#7257,#5807,#5808);
#5110=AXIS2_PLACEMENT_3D('',#7260,#5811,#5812);
#5111=AXIS2_PLACEMENT_3D('',#7261,#5813,#5814);
#5112=AXIS2_PLACEMENT_3D('',#7262,#5815,#5816);
#5113=AXIS2_PLACEMENT_3D('',#7265,#5817,#5818);
#5114=AXIS2_PLACEMENT_3D('',#7269,#5820,#5821);
#5115=AXIS2_PLACEMENT_3D('',#7271,#5823,#5824);
#5116=AXIS2_PLACEMENT_3D('',#7277,#5828,#5829);
#5117=AXIS2_PLACEMENT_3D('',#7283,#5832,#5833);
#5118=AXIS2_PLACEMENT_3D('',#7286,#5835,#5836);
#5119=AXIS2_PLACEMENT_3D('',#7287,#5837,#5838);
#5120=AXIS2_PLACEMENT_3D('',#7291,#5841,#5842);
#5121=AXIS2_PLACEMENT_3D('',#7294,#5844,#5845);
#5122=AXIS2_PLACEMENT_3D('',#7295,#5846,#5847);
#5123=AXIS2_PLACEMENT_3D('',#7299,#5849,#5850);
#5124=AXIS2_PLACEMENT_3D('',#7301,#5852,#5853);
#5125=AXIS2_PLACEMENT_3D('',#7304,#5856,#5857);
#5126=AXIS2_PLACEMENT_3D('',#7305,#5858,#5859);
#5127=AXIS2_PLACEMENT_3D('',#7306,#5860,#5861);
#5128=AXIS2_PLACEMENT_3D('',#7309,#5862,#5863);
#5129=AXIS2_PLACEMENT_3D('',#7313,#5865,#5866);
#5130=AXIS2_PLACEMENT_3D('',#7315,#5868,#5869);
#5131=AXIS2_PLACEMENT_3D('',#7321,#5873,#5874);
#5132=AXIS2_PLACEMENT_3D('',#7327,#5877,#5878);
#5133=AXIS2_PLACEMENT_3D('',#7330,#5880,#5881);
#5134=AXIS2_PLACEMENT_3D('',#7331,#5882,#5883);
#5135=AXIS2_PLACEMENT_3D('',#7335,#5886,#5887);
#5136=AXIS2_PLACEMENT_3D('',#7338,#5889,#5890);
#5137=AXIS2_PLACEMENT_3D('',#7339,#5891,#5892);
#5138=AXIS2_PLACEMENT_3D('',#7343,#5894,#5895);
#5139=AXIS2_PLACEMENT_3D('',#7345,#5897,#5898);
#5140=AXIS2_PLACEMENT_3D('',#7348,#5901,#5902);
#5141=AXIS2_PLACEMENT_3D('',#7349,#5903,#5904);
#5142=AXIS2_PLACEMENT_3D('',#7350,#5905,#5906);
#5143=AXIS2_PLACEMENT_3D('',#7353,#5907,#5908);
#5144=AXIS2_PLACEMENT_3D('',#7357,#5910,#5911);
#5145=AXIS2_PLACEMENT_3D('',#7359,#5913,#5914);
#5146=AXIS2_PLACEMENT_3D('',#7365,#5918,#5919);
#5147=AXIS2_PLACEMENT_3D('',#7371,#5922,#5923);
#5148=AXIS2_PLACEMENT_3D('',#7374,#5925,#5926);
#5149=AXIS2_PLACEMENT_3D('',#7375,#5927,#5928);
#5150=AXIS2_PLACEMENT_3D('',#7379,#5931,#5932);
#5151=AXIS2_PLACEMENT_3D('',#7382,#5934,#5935);
#5152=AXIS2_PLACEMENT_3D('',#7383,#5936,#5937);
#5153=AXIS2_PLACEMENT_3D('',#7387,#5939,#5940);
#5154=AXIS2_PLACEMENT_3D('',#7389,#5942,#5943);
#5155=AXIS2_PLACEMENT_3D('',#7392,#5946,#5947);
#5156=AXIS2_PLACEMENT_3D('',#7393,#5948,#5949);
#5157=AXIS2_PLACEMENT_3D('',#7394,#5950,#5951);
#5158=AXIS2_PLACEMENT_3D('',#7397,#5952,#5953);
#5159=AXIS2_PLACEMENT_3D('',#7401,#5955,#5956);
#5160=AXIS2_PLACEMENT_3D('',#7403,#5958,#5959);
#5161=AXIS2_PLACEMENT_3D('',#7409,#5963,#5964);
#5162=AXIS2_PLACEMENT_3D('',#7415,#5967,#5968);
#5163=AXIS2_PLACEMENT_3D('',#7418,#5970,#5971);
#5164=AXIS2_PLACEMENT_3D('',#7419,#5972,#5973);
#5165=AXIS2_PLACEMENT_3D('',#7423,#5976,#5977);
#5166=AXIS2_PLACEMENT_3D('',#7426,#5979,#5980);
#5167=AXIS2_PLACEMENT_3D('',#7427,#5981,#5982);
#5168=AXIS2_PLACEMENT_3D('',#7431,#5984,#5985);
#5169=AXIS2_PLACEMENT_3D('',#7433,#5987,#5988);
#5170=AXIS2_PLACEMENT_3D('',#7436,#5991,#5992);
#5171=AXIS2_PLACEMENT_3D('',#7437,#5993,#5994);
#5172=AXIS2_PLACEMENT_3D('',#7438,#5995,#5996);
#5173=AXIS2_PLACEMENT_3D('',#7441,#5997,#5998);
#5174=AXIS2_PLACEMENT_3D('',#7445,#6000,#6001);
#5175=AXIS2_PLACEMENT_3D('',#7447,#6003,#6004);
#5176=AXIS2_PLACEMENT_3D('',#7453,#6008,#6009);
#5177=AXIS2_PLACEMENT_3D('',#7459,#6012,#6013);
#5178=AXIS2_PLACEMENT_3D('',#7462,#6015,#6016);
#5179=AXIS2_PLACEMENT_3D('',#7463,#6017,#6018);
#5180=AXIS2_PLACEMENT_3D('',#7467,#6021,#6022);
#5181=AXIS2_PLACEMENT_3D('',#7470,#6024,#6025);
#5182=AXIS2_PLACEMENT_3D('',#7471,#6026,#6027);
#5183=AXIS2_PLACEMENT_3D('',#7475,#6029,#6030);
#5184=AXIS2_PLACEMENT_3D('',#7477,#6032,#6033);
#5185=AXIS2_PLACEMENT_3D('',#7480,#6036,#6037);
#5186=AXIS2_PLACEMENT_3D('',#7481,#6038,#6039);
#5187=AXIS2_PLACEMENT_3D('',#7482,#6040,#6041);
#5188=AXIS2_PLACEMENT_3D('',#7485,#6042,#6043);
#5189=AXIS2_PLACEMENT_3D('',#7489,#6045,#6046);
#5190=AXIS2_PLACEMENT_3D('',#7491,#6048,#6049);
#5191=AXIS2_PLACEMENT_3D('',#7497,#6053,#6054);
#5192=AXIS2_PLACEMENT_3D('',#7503,#6057,#6058);
#5193=AXIS2_PLACEMENT_3D('',#7506,#6060,#6061);
#5194=AXIS2_PLACEMENT_3D('',#7507,#6062,#6063);
#5195=AXIS2_PLACEMENT_3D('',#7511,#6066,#6067);
#5196=AXIS2_PLACEMENT_3D('',#7514,#6069,#6070);
#5197=AXIS2_PLACEMENT_3D('',#7515,#6071,#6072);
#5198=AXIS2_PLACEMENT_3D('',#7519,#6074,#6075);
#5199=AXIS2_PLACEMENT_3D('',#7521,#6077,#6078);
#5200=AXIS2_PLACEMENT_3D('',#7524,#6081,#6082);
#5201=AXIS2_PLACEMENT_3D('',#7525,#6083,#6084);
#5202=AXIS2_PLACEMENT_3D('',#7526,#6085,#6086);
#5203=AXIS2_PLACEMENT_3D('',#7529,#6087,#6088);
#5204=AXIS2_PLACEMENT_3D('',#7533,#6090,#6091);
#5205=AXIS2_PLACEMENT_3D('',#7535,#6093,#6094);
#5206=AXIS2_PLACEMENT_3D('',#7541,#6098,#6099);
#5207=AXIS2_PLACEMENT_3D('',#7547,#6102,#6103);
#5208=AXIS2_PLACEMENT_3D('',#7550,#6105,#6106);
#5209=AXIS2_PLACEMENT_3D('',#7551,#6107,#6108);
#5210=AXIS2_PLACEMENT_3D('',#7555,#6111,#6112);
#5211=AXIS2_PLACEMENT_3D('',#7558,#6114,#6115);
#5212=AXIS2_PLACEMENT_3D('',#7559,#6116,#6117);
#5213=AXIS2_PLACEMENT_3D('',#7563,#6119,#6120);
#5214=AXIS2_PLACEMENT_3D('',#7565,#6122,#6123);
#5215=AXIS2_PLACEMENT_3D('',#7568,#6126,#6127);
#5216=AXIS2_PLACEMENT_3D('',#7569,#6128,#6129);
#5217=AXIS2_PLACEMENT_3D('',#7570,#6130,#6131);
#5218=AXIS2_PLACEMENT_3D('',#7573,#6132,#6133);
#5219=AXIS2_PLACEMENT_3D('',#7577,#6135,#6136);
#5220=AXIS2_PLACEMENT_3D('',#7579,#6138,#6139);
#5221=AXIS2_PLACEMENT_3D('',#7585,#6143,#6144);
#5222=AXIS2_PLACEMENT_3D('',#7591,#6147,#6148);
#5223=AXIS2_PLACEMENT_3D('',#7594,#6150,#6151);
#5224=AXIS2_PLACEMENT_3D('',#7595,#6152,#6153);
#5225=AXIS2_PLACEMENT_3D('',#7599,#6156,#6157);
#5226=AXIS2_PLACEMENT_3D('',#7602,#6159,#6160);
#5227=AXIS2_PLACEMENT_3D('',#7603,#6161,#6162);
#5228=AXIS2_PLACEMENT_3D('',#7607,#6164,#6165);
#5229=AXIS2_PLACEMENT_3D('',#7609,#6167,#6168);
#5230=AXIS2_PLACEMENT_3D('',#7612,#6171,#6172);
#5231=AXIS2_PLACEMENT_3D('',#7613,#6173,#6174);
#5232=AXIS2_PLACEMENT_3D('',#7614,#6175,#6176);
#5233=AXIS2_PLACEMENT_3D('',#7617,#6177,#6178);
#5234=AXIS2_PLACEMENT_3D('',#7621,#6180,#6181);
#5235=AXIS2_PLACEMENT_3D('',#7623,#6183,#6184);
#5236=AXIS2_PLACEMENT_3D('',#7629,#6188,#6189);
#5237=AXIS2_PLACEMENT_3D('',#7635,#6192,#6193);
#5238=AXIS2_PLACEMENT_3D('',#7638,#6195,#6196);
#5239=AXIS2_PLACEMENT_3D('',#7639,#6197,#6198);
#5240=AXIS2_PLACEMENT_3D('',#7643,#6201,#6202);
#5241=AXIS2_PLACEMENT_3D('',#7646,#6204,#6205);
#5242=AXIS2_PLACEMENT_3D('',#7647,#6206,#6207);
#5243=AXIS2_PLACEMENT_3D('',#7651,#6209,#6210);
#5244=AXIS2_PLACEMENT_3D('',#7653,#6212,#6213);
#5245=AXIS2_PLACEMENT_3D('',#7656,#6216,#6217);
#5246=AXIS2_PLACEMENT_3D('',#7657,#6218,#6219);
#5247=AXIS2_PLACEMENT_3D('',#7658,#6220,#6221);
#5248=AXIS2_PLACEMENT_3D('',#7661,#6222,#6223);
#5249=AXIS2_PLACEMENT_3D('',#7665,#6225,#6226);
#5250=AXIS2_PLACEMENT_3D('',#7667,#6228,#6229);
#5251=AXIS2_PLACEMENT_3D('',#7673,#6233,#6234);
#5252=AXIS2_PLACEMENT_3D('',#7679,#6237,#6238);
#5253=AXIS2_PLACEMENT_3D('',#7682,#6240,#6241);
#5254=AXIS2_PLACEMENT_3D('',#7683,#6242,#6243);
#5255=AXIS2_PLACEMENT_3D('',#7687,#6246,#6247);
#5256=AXIS2_PLACEMENT_3D('',#7690,#6249,#6250);
#5257=AXIS2_PLACEMENT_3D('',#7691,#6251,#6252);
#5258=AXIS2_PLACEMENT_3D('',#7695,#6254,#6255);
#5259=AXIS2_PLACEMENT_3D('',#7697,#6257,#6258);
#5260=AXIS2_PLACEMENT_3D('',#7700,#6261,#6262);
#5261=AXIS2_PLACEMENT_3D('',#7701,#6263,#6264);
#5262=AXIS2_PLACEMENT_3D('',#7702,#6265,#6266);
#5263=AXIS2_PLACEMENT_3D('',#7705,#6267,#6268);
#5264=AXIS2_PLACEMENT_3D('',#7709,#6270,#6271);
#5265=AXIS2_PLACEMENT_3D('',#7711,#6273,#6274);
#5266=AXIS2_PLACEMENT_3D('',#7717,#6278,#6279);
#5267=AXIS2_PLACEMENT_3D('',#7723,#6282,#6283);
#5268=AXIS2_PLACEMENT_3D('',#7726,#6285,#6286);
#5269=AXIS2_PLACEMENT_3D('',#7727,#6287,#6288);
#5270=AXIS2_PLACEMENT_3D('',#7731,#6291,#6292);
#5271=AXIS2_PLACEMENT_3D('',#7734,#6294,#6295);
#5272=AXIS2_PLACEMENT_3D('',#7735,#6296,#6297);
#5273=AXIS2_PLACEMENT_3D('',#7739,#6299,#6300);
#5274=AXIS2_PLACEMENT_3D('',#7741,#6302,#6303);
#5275=AXIS2_PLACEMENT_3D('',#7744,#6306,#6307);
#5276=AXIS2_PLACEMENT_3D('',#7745,#6308,#6309);
#5277=AXIS2_PLACEMENT_3D('',#7746,#6310,#6311);
#5278=AXIS2_PLACEMENT_3D('',#7749,#6312,#6313);
#5279=AXIS2_PLACEMENT_3D('',#7753,#6315,#6316);
#5280=AXIS2_PLACEMENT_3D('',#7755,#6318,#6319);
#5281=AXIS2_PLACEMENT_3D('',#7761,#6323,#6324);
#5282=AXIS2_PLACEMENT_3D('',#7768,#6328,#6329);
#5283=AXIS2_PLACEMENT_3D('',#7769,#6330,#6331);
#5284=AXIS2_PLACEMENT_3D('',#7771,#6332,#6333);
#5285=AXIS2_PLACEMENT_3D('',#7773,#6335,#6336);
#5286=AXIS2_PLACEMENT_3D('',#7777,#6339,#6340);
#5287=AXIS2_PLACEMENT_3D('',#7781,#6343,#6344);
#5288=AXIS2_PLACEMENT_3D('',#7783,#6346,#6347);
#5289=AXIS2_PLACEMENT_3D('',#7784,#6348,#6349);
#5290=AXIS2_PLACEMENT_3D('',#7787,#6350,#6351);
#5291=AXIS2_PLACEMENT_3D('',#7791,#6353,#6354);
#5292=AXIS2_PLACEMENT_3D('',#7793,#6356,#6357);
#5293=AXIS2_PLACEMENT_3D('',#7799,#6361,#6362);
#5294=AXIS2_PLACEMENT_3D('',#7806,#6366,#6367);
#5295=AXIS2_PLACEMENT_3D('',#7807,#6368,#6369);
#5296=AXIS2_PLACEMENT_3D('',#7809,#6370,#6371);
#5297=AXIS2_PLACEMENT_3D('',#7811,#6373,#6374);
#5298=AXIS2_PLACEMENT_3D('',#7815,#6377,#6378);
#5299=AXIS2_PLACEMENT_3D('',#7819,#6381,#6382);
#5300=AXIS2_PLACEMENT_3D('',#7821,#6384,#6385);
#5301=AXIS2_PLACEMENT_3D('',#7822,#6386,#6387);
#5302=AXIS2_PLACEMENT_3D('',#7825,#6388,#6389);
#5303=AXIS2_PLACEMENT_3D('',#7829,#6391,#6392);
#5304=AXIS2_PLACEMENT_3D('',#7831,#6394,#6395);
#5305=AXIS2_PLACEMENT_3D('',#7837,#6399,#6400);
#5306=AXIS2_PLACEMENT_3D('',#7844,#6404,#6405);
#5307=AXIS2_PLACEMENT_3D('',#7845,#6406,#6407);
#5308=AXIS2_PLACEMENT_3D('',#7847,#6408,#6409);
#5309=AXIS2_PLACEMENT_3D('',#7849,#6411,#6412);
#5310=AXIS2_PLACEMENT_3D('',#7853,#6415,#6416);
#5311=AXIS2_PLACEMENT_3D('',#7857,#6419,#6420);
#5312=AXIS2_PLACEMENT_3D('',#7859,#6422,#6423);
#5313=AXIS2_PLACEMENT_3D('',#7860,#6424,#6425);
#5314=AXIS2_PLACEMENT_3D('',#7863,#6426,#6427);
#5315=AXIS2_PLACEMENT_3D('',#7867,#6429,#6430);
#5316=AXIS2_PLACEMENT_3D('',#7869,#6432,#6433);
#5317=AXIS2_PLACEMENT_3D('',#7875,#6437,#6438);
#5318=AXIS2_PLACEMENT_3D('',#7882,#6442,#6443);
#5319=AXIS2_PLACEMENT_3D('',#7883,#6444,#6445);
#5320=AXIS2_PLACEMENT_3D('',#7885,#6446,#6447);
#5321=AXIS2_PLACEMENT_3D('',#7887,#6449,#6450);
#5322=AXIS2_PLACEMENT_3D('',#7891,#6453,#6454);
#5323=AXIS2_PLACEMENT_3D('',#7895,#6457,#6458);
#5324=AXIS2_PLACEMENT_3D('',#7897,#6460,#6461);
#5325=AXIS2_PLACEMENT_3D('',#7898,#6462,#6463);
#5326=AXIS2_PLACEMENT_3D('',#7901,#6464,#6465);
#5327=AXIS2_PLACEMENT_3D('',#7905,#6467,#6468);
#5328=AXIS2_PLACEMENT_3D('',#7907,#6470,#6471);
#5329=AXIS2_PLACEMENT_3D('',#7913,#6475,#6476);
#5330=AXIS2_PLACEMENT_3D('',#7920,#6480,#6481);
#5331=AXIS2_PLACEMENT_3D('',#7921,#6482,#6483);
#5332=AXIS2_PLACEMENT_3D('',#7923,#6484,#6485);
#5333=AXIS2_PLACEMENT_3D('',#7925,#6487,#6488);
#5334=AXIS2_PLACEMENT_3D('',#7929,#6491,#6492);
#5335=AXIS2_PLACEMENT_3D('',#7933,#6495,#6496);
#5336=AXIS2_PLACEMENT_3D('',#7935,#6498,#6499);
#5337=AXIS2_PLACEMENT_3D('',#7936,#6500,#6501);
#5338=AXIS2_PLACEMENT_3D('',#7939,#6502,#6503);
#5339=AXIS2_PLACEMENT_3D('',#7943,#6505,#6506);
#5340=AXIS2_PLACEMENT_3D('',#7945,#6508,#6509);
#5341=AXIS2_PLACEMENT_3D('',#7951,#6513,#6514);
#5342=AXIS2_PLACEMENT_3D('',#7958,#6518,#6519);
#5343=AXIS2_PLACEMENT_3D('',#7959,#6520,#6521);
#5344=AXIS2_PLACEMENT_3D('',#7961,#6522,#6523);
#5345=AXIS2_PLACEMENT_3D('',#7963,#6525,#6526);
#5346=AXIS2_PLACEMENT_3D('',#7967,#6529,#6530);
#5347=AXIS2_PLACEMENT_3D('',#7971,#6533,#6534);
#5348=AXIS2_PLACEMENT_3D('',#7973,#6536,#6537);
#5349=AXIS2_PLACEMENT_3D('',#7974,#6538,#6539);
#5350=AXIS2_PLACEMENT_3D('',#7977,#6540,#6541);
#5351=AXIS2_PLACEMENT_3D('',#7981,#6543,#6544);
#5352=AXIS2_PLACEMENT_3D('',#7983,#6546,#6547);
#5353=AXIS2_PLACEMENT_3D('',#7989,#6551,#6552);
#5354=AXIS2_PLACEMENT_3D('',#7996,#6556,#6557);
#5355=AXIS2_PLACEMENT_3D('',#7997,#6558,#6559);
#5356=AXIS2_PLACEMENT_3D('',#7999,#6560,#6561);
#5357=AXIS2_PLACEMENT_3D('',#8001,#6563,#6564);
#5358=AXIS2_PLACEMENT_3D('',#8005,#6567,#6568);
#5359=AXIS2_PLACEMENT_3D('',#8009,#6571,#6572);
#5360=AXIS2_PLACEMENT_3D('',#8011,#6574,#6575);
#5361=AXIS2_PLACEMENT_3D('',#8012,#6576,#6577);
#5362=AXIS2_PLACEMENT_3D('',#8015,#6578,#6579);
#5363=AXIS2_PLACEMENT_3D('',#8019,#6581,#6582);
#5364=AXIS2_PLACEMENT_3D('',#8021,#6584,#6585);
#5365=AXIS2_PLACEMENT_3D('',#8027,#6589,#6590);
#5366=AXIS2_PLACEMENT_3D('',#8034,#6594,#6595);
#5367=AXIS2_PLACEMENT_3D('',#8035,#6596,#6597);
#5368=AXIS2_PLACEMENT_3D('',#8037,#6598,#6599);
#5369=AXIS2_PLACEMENT_3D('',#8039,#6601,#6602);
#5370=AXIS2_PLACEMENT_3D('',#8043,#6605,#6606);
#5371=AXIS2_PLACEMENT_3D('',#8047,#6609,#6610);
#5372=AXIS2_PLACEMENT_3D('',#8049,#6612,#6613);
#5373=AXIS2_PLACEMENT_3D('',#8050,#6614,#6615);
#5374=AXIS2_PLACEMENT_3D('',#8053,#6616,#6617);
#5375=AXIS2_PLACEMENT_3D('',#8057,#6619,#6620);
#5376=AXIS2_PLACEMENT_3D('',#8059,#6622,#6623);
#5377=AXIS2_PLACEMENT_3D('',#8065,#6627,#6628);
#5378=AXIS2_PLACEMENT_3D('',#8072,#6632,#6633);
#5379=AXIS2_PLACEMENT_3D('',#8073,#6634,#6635);
#5380=AXIS2_PLACEMENT_3D('',#8075,#6636,#6637);
#5381=AXIS2_PLACEMENT_3D('',#8077,#6639,#6640);
#5382=AXIS2_PLACEMENT_3D('',#8081,#6643,#6644);
#5383=AXIS2_PLACEMENT_3D('',#8085,#6647,#6648);
#5384=AXIS2_PLACEMENT_3D('',#8087,#6650,#6651);
#5385=AXIS2_PLACEMENT_3D('',#8088,#6652,#6653);
#5386=AXIS2_PLACEMENT_3D('',#8097,#6658,#6659);
#5387=AXIS2_PLACEMENT_3D('',#8103,#6663,#6664);
#5388=AXIS2_PLACEMENT_3D('',#8109,#6668,#6669);
#5389=AXIS2_PLACEMENT_3D('',#8112,#6672,#6673);
#5390=AXIS2_PLACEMENT_3D('',#8113,#6674,#6675);
#5391=AXIS2_PLACEMENT_3D('',#8114,#6676,#6677);
#5392=AXIS2_PLACEMENT_3D('',#8123,#6682,#6683);
#5393=AXIS2_PLACEMENT_3D('',#8129,#6687,#6688);
#5394=AXIS2_PLACEMENT_3D('',#8135,#6692,#6693);
#5395=AXIS2_PLACEMENT_3D('',#8138,#6696,#6697);
#5396=AXIS2_PLACEMENT_3D('',#8139,#6698,#6699);
#5397=AXIS2_PLACEMENT_3D('',#8140,#6700,#6701);
#5398=AXIS2_PLACEMENT_3D('',#8149,#6706,#6707);
#5399=AXIS2_PLACEMENT_3D('',#8155,#6711,#6712);
#5400=AXIS2_PLACEMENT_3D('',#8161,#6716,#6717);
#5401=AXIS2_PLACEMENT_3D('',#8164,#6720,#6721);
#5402=AXIS2_PLACEMENT_3D('',#8165,#6722,#6723);
#5403=AXIS2_PLACEMENT_3D('',#8166,#6724,#6725);
#5404=AXIS2_PLACEMENT_3D('',#8168,#6726,#6727);
#5405=AXIS2_PLACEMENT_3D('',#8169,#6728,#6729);
#5406=AXIS2_PLACEMENT_3D('',#8171,#6730,#6731);
#5407=AXIS2_PLACEMENT_3D('',#8173,#6733,#6734);
#5408=AXIS2_PLACEMENT_3D('',#8174,#6735,#6736);
#5409=AXIS2_PLACEMENT_3D('',#8176,#6737,#6738);
#5410=AXIS2_PLACEMENT_3D('',#8177,#6739,#6740);
#5411=AXIS2_PLACEMENT_3D('',#8179,#6741,#6742);
#5412=AXIS2_PLACEMENT_3D('',#8181,#6744,#6745);
#5413=AXIS2_PLACEMENT_3D('',#8182,#6746,#6747);
#5414=AXIS2_PLACEMENT_3D('',#8184,#6748,#6749);
#5415=AXIS2_PLACEMENT_3D('',#8186,#6750,#6751);
#5416=AXIS2_PLACEMENT_3D('',#8187,#6752,#6753);
#5417=AXIS2_PLACEMENT_3D('',#8189,#6754,#6755);
#5418=AXIS2_PLACEMENT_3D('',#8191,#6756,#6757);
#5419=AXIS2_PLACEMENT_3D('',#8192,#6758,#6759);
#5420=AXIS2_PLACEMENT_3D('',#8194,#6760,#6761);
#5421=AXIS2_PLACEMENT_3D('',#8196,#6763,#6764);
#5422=AXIS2_PLACEMENT_3D('',#8198,#6765,#6766);
#5423=AXIS2_PLACEMENT_3D('',#8200,#6768,#6769);
#5424=AXIS2_PLACEMENT_3D('',#8202,#6770,#6771);
#5425=AXIS2_PLACEMENT_3D('',#8204,#6773,#6774);
#5426=AXIS2_PLACEMENT_3D('',#8206,#6775,#6776);
#5427=AXIS2_PLACEMENT_3D('',#8208,#6778,#6779);
#5428=AXIS2_PLACEMENT_3D('',#8217,#6784,#6785);
#5429=AXIS2_PLACEMENT_3D('',#8219,#6786,#6787);
#5430=AXIS2_PLACEMENT_3D('',#8221,#6788,#6789);
#5431=AXIS2_PLACEMENT_3D('',#8223,#6791,#6792);
#5432=AXIS2_PLACEMENT_3D('',#8229,#6796,#6797);
#5433=AXIS2_PLACEMENT_3D('',#8235,#6801,#6802);
#5434=AXIS2_PLACEMENT_3D('',#8238,#6805,#6806);
#5435=AXIS2_PLACEMENT_3D('',#8239,#6807,#6808);
#5436=AXIS2_PLACEMENT_3D('',#8240,#6809,#6810);
#5437=AXIS2_PLACEMENT_3D('',#8242,#6811,#6812);
#5438=AXIS2_PLACEMENT_3D('',#8244,#6813,#6814);
#5439=AXIS2_PLACEMENT_3D('',#8245,#6815,#6816);
#5440=AXIS2_PLACEMENT_3D('',#8247,#6817,#6818);
#5441=AXIS2_PLACEMENT_3D('',#8249,#6820,#6821);
#5442=AXIS2_PLACEMENT_3D('',#8251,#6822,#6823);
#5443=AXIS2_PLACEMENT_3D('',#8253,#6825,#6826);
#5444=AXIS2_PLACEMENT_3D('',#8256,#6827,#6828);
#5445=AXIS2_PLACEMENT_3D('',#8260,#6830,#6831);
#5446=AXIS2_PLACEMENT_3D('',#8262,#6833,#6834);
#5447=AXIS2_PLACEMENT_3D('',#8268,#6838,#6839);
#5448=AXIS2_PLACEMENT_3D('',#8270,#6840,#6841);
#5449=AXIS2_PLACEMENT_3D('',#8272,#6842,#6843);
#5450=AXIS2_PLACEMENT_3D('',#8274,#6845,#6846);
#5451=AXIS2_PLACEMENT_3D('',#8280,#6850,#6851);
#5452=AXIS2_PLACEMENT_3D('',#8286,#6855,#6856);
#5453=AXIS2_PLACEMENT_3D('',#8288,#6857,#6858);
#5454=AXIS2_PLACEMENT_3D('',#8290,#6859,#6860);
#5455=AXIS2_PLACEMENT_3D('',#8292,#6862,#6863);
#5456=AXIS2_PLACEMENT_3D('',#8295,#6866,#6867);
#5457=AXIS2_PLACEMENT_3D('',#8296,#6868,#6869);
#5458=AXIS2_PLACEMENT_3D('',#8297,#6870,#6871);
#5459=AXIS2_PLACEMENT_3D('',#8299,#6872,#6873);
#5460=AXIS2_PLACEMENT_3D('',#8301,#6874,#6875);
#5461=AXIS2_PLACEMENT_3D('',#8302,#6876,#6877);
#5462=AXIS2_PLACEMENT_3D('',#8304,#6878,#6879);
#5463=AXIS2_PLACEMENT_3D('',#8306,#6880,#6881);
#5464=AXIS2_PLACEMENT_3D('',#8307,#6882,#6883);
#5465=AXIS2_PLACEMENT_3D('',#8309,#6884,#6885);
#5466=AXIS2_PLACEMENT_3D('',#8311,#6887,#6888);
#5467=AXIS2_PLACEMENT_3D('',#8313,#6889,#6890);
#5468=AXIS2_PLACEMENT_3D('',#8315,#6892,#6893);
#5469=AXIS2_PLACEMENT_3D('',#8317,#6894,#6895);
#5470=AXIS2_PLACEMENT_3D('',#8319,#6897,#6898);
#5471=AXIS2_PLACEMENT_3D('',#8321,#6899,#6900);
#5472=AXIS2_PLACEMENT_3D('',#8323,#6902,#6903);
#5473=AXIS2_PLACEMENT_3D('',#8332,#6908,#6909);
#5474=AXIS2_PLACEMENT_3D('',#8338,#6913,#6914);
#5475=AXIS2_PLACEMENT_3D('',#8344,#6918,#6919);
#5476=AXIS2_PLACEMENT_3D('',#8350,#6923,#6924);
#5477=AXIS2_PLACEMENT_3D('',#8351,#6925,#6926);
#5478=AXIS2_PLACEMENT_3D('',#8352,#6927,#6928);
#5479=AXIS2_PLACEMENT_3D('',#8353,#6929,#6930);
#5480=AXIS2_PLACEMENT_3D('',#8354,#6931,#6932);
#5481=DIRECTION('axis',(0.,0.,1.));
#5482=DIRECTION('refdir',(1.,0.,0.));
#5483=DIRECTION('center_axis',(1.,0.,-2.00484767819172E-32));
#5484=DIRECTION('ref_axis',(0.,-0.707106781186548,-0.707106781186547));
#5485=DIRECTION('center_axis',(-1.,0.,0.));
#5486=DIRECTION('ref_axis',(0.,-0.707106781186548,-0.707106781186547));
#5487=DIRECTION('',(-1.,0.,2.00484767819172E-32));
#5488=DIRECTION('center_axis',(1.,0.,0.));
#5489=DIRECTION('ref_axis',(0.,-0.707106781186548,-0.707106781186547));
#5490=DIRECTION('',(1.,0.,-2.00484767819172E-32));
#5491=DIRECTION('center_axis',(-2.00484767819172E-32,0.,-1.));
#5492=DIRECTION('ref_axis',(-1.,0.,2.00484767819172E-32));
#5493=DIRECTION('',(0.,1.,0.));
#5494=DIRECTION('',(-1.,0.,2.00484767819172E-32));
#5495=DIRECTION('',(0.,1.,0.));
#5496=DIRECTION('center_axis',(-1.,0.,0.));
#5497=DIRECTION('ref_axis',(0.,0.,1.));
#5498=DIRECTION('',(0.,0.,-1.));
#5499=DIRECTION('center_axis',(1.,0.,0.));
#5500=DIRECTION('ref_axis',(0.,-0.70710678118656,0.707106781186535));
#5501=DIRECTION('',(0.,1.,0.));
#5502=DIRECTION('',(0.,0.,1.));
#5503=DIRECTION('center_axis',(-1.,0.,0.));
#5504=DIRECTION('ref_axis',(0.,-0.70710678118656,0.707106781186535));
#5505=DIRECTION('',(1.,0.,0.));
#5506=DIRECTION('center_axis',(-1.,0.,0.));
#5507=DIRECTION('ref_axis',(0.,-0.70710678118656,0.707106781186535));
#5508=DIRECTION('',(-1.,0.,0.));
#5509=DIRECTION('center_axis',(0.,0.,1.));
#5510=DIRECTION('ref_axis',(1.,0.,0.));
#5511=DIRECTION('',(0.,1.,0.));
#5512=DIRECTION('',(1.,0.,0.));
#5513=DIRECTION('center_axis',(1.,0.,0.));
#5514=DIRECTION('ref_axis',(0.,0.,-1.));
#5515=DIRECTION('',(0.,0.,-1.));
#5516=DIRECTION('',(0.,0.,1.));
#5517=DIRECTION('center_axis',(0.,1.,0.));
#5518=DIRECTION('ref_axis',(0.,0.,1.));
#5519=DIRECTION('center_axis',(0.,1.,0.));
#5520=DIRECTION('ref_axis',(-1.,0.,0.));
#5521=DIRECTION('center_axis',(-1.,0.,1.29406316473263E-32));
#5522=DIRECTION('ref_axis',(0.,-0.707106781186546,-0.707106781186549));
#5523=DIRECTION('center_axis',(1.,0.,-1.45698559662094E-16));
#5524=DIRECTION('ref_axis',(0.,-0.707106781186546,-0.707106781186549));
#5525=DIRECTION('',(1.,0.,-1.29406316473263E-32));
#5526=DIRECTION('center_axis',(-1.,0.,0.));
#5527=DIRECTION('ref_axis',(0.,-0.707106781186546,-0.707106781186549));
#5528=DIRECTION('',(-1.,0.,1.29406316473263E-32));
#5529=DIRECTION('center_axis',(-1.29406316473263E-32,0.,-1.));
#5530=DIRECTION('ref_axis',(-1.,0.,1.29406316473263E-32));
#5531=DIRECTION('',(0.,1.,0.));
#5532=DIRECTION('',(-1.,0.,1.29406316473263E-32));
#5533=DIRECTION('',(0.,1.,0.));
#5534=DIRECTION('center_axis',(-1.,0.,1.45698559662094E-16));
#5535=DIRECTION('ref_axis',(1.45698559662094E-16,0.,1.));
#5536=DIRECTION('',(1.45698559662094E-16,0.,1.));
#5537=DIRECTION('center_axis',(1.,0.,-1.45698559662094E-16));
#5538=DIRECTION('ref_axis',(0.,-0.70710678118656,0.707106781186535));
#5539=DIRECTION('',(0.,1.,0.));
#5540=DIRECTION('',(1.45698559662094E-16,0.,1.));
#5541=DIRECTION('center_axis',(1.,0.,0.));
#5542=DIRECTION('ref_axis',(0.,-0.70710678118656,0.707106781186535));
#5543=DIRECTION('center_axis',(-1.,0.,0.));
#5544=DIRECTION('ref_axis',(0.,-0.70710678118656,0.707106781186535));
#5545=DIRECTION('',(-1.,0.,0.));
#5546=DIRECTION('',(1.,0.,0.));
#5547=DIRECTION('center_axis',(0.,0.,1.));
#5548=DIRECTION('ref_axis',(1.,0.,0.));
#5549=DIRECTION('',(0.,1.,0.));
#5550=DIRECTION('',(1.,0.,0.));
#5551=DIRECTION('center_axis',(1.,0.,0.));
#5552=DIRECTION('ref_axis',(0.,0.,-1.));
#5553=DIRECTION('',(0.,0.,-1.));
#5554=DIRECTION('',(0.,0.,-1.));
#5555=DIRECTION('center_axis',(0.,1.,0.));
#5556=DIRECTION('ref_axis',(0.,0.,1.));
#5557=DIRECTION('center_axis',(0.,1.,0.));
#5558=DIRECTION('ref_axis',(-1.,0.,0.));
#5559=DIRECTION('center_axis',(-1.,0.,0.));
#5560=DIRECTION('ref_axis',(0.,0.866025403784439,0.499999999999999));
#5561=DIRECTION('center_axis',(1.,0.,0.));
#5562=DIRECTION('ref_axis',(0.,0.866025403784439,0.499999999999999));
#5563=DIRECTION('',(1.,0.,0.));
#5564=DIRECTION('center_axis',(-1.,0.,0.));
#5565=DIRECTION('ref_axis',(0.,0.866025403784439,0.499999999999999));
#5566=DIRECTION('',(-1.,0.,0.));
#5567=DIRECTION('center_axis',(1.,0.,0.));
#5568=DIRECTION('ref_axis',(0.,0.866025403784438,-0.500000000000001));
#5569=DIRECTION('',(0.,0.866025403784438,-0.500000000000001));
#5570=DIRECTION('',(0.,-0.999999996440945,-8.43688943580334E-5));
#5571=DIRECTION('center_axis',(-1.,0.,0.));
#5572=DIRECTION('ref_axis',(0.,-0.965936743567971,0.258778297825191));
#5573=DIRECTION('',(0.,0.866025403784438,-0.500000000000001));
#5574=DIRECTION('center_axis',(-1.,0.,0.));
#5575=DIRECTION('ref_axis',(0.,0.499999999999994,-0.866025403784442));
#5576=DIRECTION('',(0.,4.9960036108132E-16,1.));
#5577=DIRECTION('center_axis',(-1.,0.,0.));
#5578=DIRECTION('ref_axis',(0.,-0.5,-0.866025403784438));
#5579=DIRECTION('center_axis',(0.,0.500000000000001,0.866025403784438));
#5580=DIRECTION('ref_axis',(0.,-0.866025403784438,0.500000000000001));
#5581=DIRECTION('',(0.,-0.866025403784438,0.500000000000001));
#5582=DIRECTION('',(1.,0.,0.));
#5583=DIRECTION('center_axis',(0.,-1.,4.9960036108132E-16));
#5584=DIRECTION('ref_axis',(0.,-4.9960036108132E-16,-1.));
#5585=DIRECTION('',(1.,0.,0.));
#5586=DIRECTION('',(0.,-4.9960036108132E-16,-1.));
#5587=DIRECTION('center_axis',(1.,0.,0.));
#5588=DIRECTION('ref_axis',(0.,0.499999999999994,-0.866025403784442));
#5589=DIRECTION('',(-1.,0.,0.));
#5590=DIRECTION('center_axis',(1.,0.,0.));
#5591=DIRECTION('ref_axis',(0.,0.499999999999994,-0.866025403784442));
#5592=DIRECTION('center_axis',(-1.,0.,0.));
#5593=DIRECTION('ref_axis',(0.,-0.866025403784438,0.500000000000001));
#5594=DIRECTION('',(0.,-0.866025403784438,0.500000000000001));
#5595=DIRECTION('center_axis',(1.,0.,0.));
#5596=DIRECTION('ref_axis',(0.,-0.965936743567971,0.258778297825191));
#5597=DIRECTION('',(0.,0.999999996440945,8.43688943580334E-5));
#5598=DIRECTION('center_axis',(1.,0.,0.));
#5599=DIRECTION('ref_axis',(0.,-0.5,-0.866025403784438));
#5600=DIRECTION('center_axis',(1.,0.,0.));
#5601=DIRECTION('ref_axis',(0.,-0.965936743567971,0.258778297825191));
#5602=DIRECTION('',(-1.,0.,0.));
#5603=DIRECTION('',(1.,0.,0.));
#5604=DIRECTION('center_axis',(0.,8.43688943580334E-5,-0.999999996440945));
#5605=DIRECTION('ref_axis',(0.,0.999999996440945,8.43688943580334E-5));
#5606=DIRECTION('center_axis',(-1.,0.,0.));
#5607=DIRECTION('ref_axis',(0.,-0.5,-0.866025403784438));
#5608=DIRECTION('',(-1.,0.,0.));
#5609=DIRECTION('center_axis',(0.,0.500000000000001,0.866025403784438));
#5610=DIRECTION('ref_axis',(-1.,0.,0.));
#5611=DIRECTION('center_axis',(0.,2.22044604925031E-16,1.));
#5612=DIRECTION('ref_axis',(-1.,0.,0.));
#5613=DIRECTION('',(1.,0.,0.));
#5614=DIRECTION('',(0.,-1.,2.22044604925031E-16));
#5615=DIRECTION('',(-1.,0.,0.));
#5616=DIRECTION('',(0.,-1.,2.22044604925031E-16));
#5617=DIRECTION('center_axis',(1.,0.,0.));
#5618=DIRECTION('ref_axis',(0.,2.22044604925031E-16,1.));
#5619=DIRECTION('',(0.,-2.22044604925031E-16,-1.));
#5620=DIRECTION('',(0.,2.22044604925031E-16,1.));
#5621=DIRECTION('',(0.,-1.,2.22044604925031E-16));
#5622=DIRECTION('center_axis',(0.,-2.22044604925031E-16,-1.));
#5623=DIRECTION('ref_axis',(1.,0.,0.));
#5624=DIRECTION('',(-1.,0.,0.));
#5625=DIRECTION('',(1.,0.,0.));
#5626=DIRECTION('',(0.,-1.,2.22044604925031E-16));
#5627=DIRECTION('center_axis',(-1.,0.,0.));
#5628=DIRECTION('ref_axis',(0.,-2.22044604925031E-16,-1.));
#5629=DIRECTION('',(0.,2.22044604925031E-16,1.));
#5630=DIRECTION('',(0.,-2.22044604925031E-16,-1.));
#5631=DIRECTION('center_axis',(0.,1.,-2.22044604925031E-16));
#5632=DIRECTION('ref_axis',(-1.,0.,0.));
#5633=DIRECTION('center_axis',(0.,-1.,2.22044604925031E-16));
#5634=DIRECTION('ref_axis',(0.,-2.22044604925031E-16,-1.));
#5635=DIRECTION('center_axis',(-1.,0.,0.));
#5636=DIRECTION('ref_axis',(0.,0.866025403784439,-0.499999999999999));
#5637=DIRECTION('center_axis',(1.,0.,0.));
#5638=DIRECTION('ref_axis',(0.,0.866025403784439,-0.499999999999999));
#5639=DIRECTION('',(1.,0.,0.));
#5640=DIRECTION('center_axis',(-1.,0.,0.));
#5641=DIRECTION('ref_axis',(0.,0.866025403784439,-0.499999999999999));
#5642=DIRECTION('',(-1.,0.,0.));
#5643=DIRECTION('center_axis',(0.,-0.5,0.866025403784439));
#5644=DIRECTION('ref_axis',(0.,-0.866025403784439,-0.5));
#5645=DIRECTION('',(0.,0.866025403784439,0.5));
#5646=DIRECTION('',(1.,0.,0.));
#5647=DIRECTION('',(0.,-0.866025403784439,-0.5));
#5648=DIRECTION('center_axis',(1.,0.,0.));
#5649=DIRECTION('ref_axis',(0.,-2.22044604925031E-16,-1.));
#5650=DIRECTION('',(0.,-2.22044604925031E-16,-1.));
#5651=DIRECTION('',(0.,-0.500073063826276,0.865983216255027));
#5652=DIRECTION('center_axis',(-1.,0.,0.));
#5653=DIRECTION('ref_axis',(0.,-0.258859791919275,0.965914907291274));
#5654=DIRECTION('',(0.,-2.22044604925031E-16,-1.));
#5655=DIRECTION('center_axis',(-1.,0.,0.));
#5656=DIRECTION('ref_axis',(0.,-0.500000000000006,-0.866025403784435));
#5657=DIRECTION('center_axis',(0.,1.,-2.22044604925031E-16));
#5658=DIRECTION('ref_axis',(0.,2.22044604925031E-16,1.));
#5659=DIRECTION('',(0.,2.22044604925031E-16,1.));
#5660=DIRECTION('',(1.,0.,0.));
#5661=DIRECTION('center_axis',(1.,0.,0.));
#5662=DIRECTION('ref_axis',(0.,-0.500000000000006,-0.866025403784435));
#5663=DIRECTION('',(-1.,0.,0.));
#5664=DIRECTION('center_axis',(1.,0.,0.));
#5665=DIRECTION('ref_axis',(0.,-0.500000000000006,-0.866025403784435));
#5666=DIRECTION('center_axis',(-1.,0.,0.));
#5667=DIRECTION('ref_axis',(0.,2.22044604925031E-16,1.));
#5668=DIRECTION('',(0.,2.22044604925031E-16,1.));
#5669=DIRECTION('center_axis',(1.,0.,0.));
#5670=DIRECTION('ref_axis',(0.,-0.258859791919275,0.965914907291274));
#5671=DIRECTION('',(0.,0.500073063826276,-0.865983216255027));
#5672=DIRECTION('center_axis',(1.,0.,0.));
#5673=DIRECTION('ref_axis',(0.,-0.258859791919275,0.965914907291274));
#5674=DIRECTION('',(-1.,0.,0.));
#5675=DIRECTION('',(1.,0.,0.));
#5676=DIRECTION('center_axis',(0.,-0.865983216255027,-0.500073063826276));
#5677=DIRECTION('ref_axis',(0.,0.500073063826276,-0.865983216255027));
#5678=DIRECTION('center_axis',(0.,1.,-2.22044604925031E-16));
#5679=DIRECTION('ref_axis',(-1.,0.,0.));
#5680=DIRECTION('center_axis',(-1.,0.,0.));
#5681=DIRECTION('ref_axis',(0.,0.866025403784438,0.500000000000001));
#5682=DIRECTION('center_axis',(1.,0.,0.));
#5683=DIRECTION('ref_axis',(0.,0.866025403784438,0.500000000000001));
#5684=DIRECTION('',(1.,0.,0.));
#5685=DIRECTION('center_axis',(-1.,0.,0.));
#5686=DIRECTION('ref_axis',(0.,0.866025403784438,0.500000000000001));
#5687=DIRECTION('',(-1.,0.,0.));
#5688=DIRECTION('center_axis',(0.,-1.,1.66533453693773E-16));
#5689=DIRECTION('ref_axis',(0.,-1.66533453693773E-16,-1.));
#5690=DIRECTION('',(0.,1.66533453693773E-16,1.));
#5691=DIRECTION('',(1.,0.,0.));
#5692=DIRECTION('',(0.,-1.66533453693773E-16,-1.));
#5693=DIRECTION('center_axis',(1.,0.,0.));
#5694=DIRECTION('ref_axis',(0.,0.866025403784438,-0.5));
#5695=DIRECTION('',(0.,0.866025403784438,-0.5));
#5696=DIRECTION('',(0.,-0.999999996440945,-8.4368894358311E-5));
#5697=DIRECTION('center_axis',(-1.,0.,0.));
#5698=DIRECTION('ref_axis',(0.,-0.965936743567971,0.258778297825191));
#5699=DIRECTION('',(0.,0.866025403784438,-0.5));
#5700=DIRECTION('center_axis',(-1.,0.,0.));
#5701=DIRECTION('ref_axis',(0.,0.499999999999994,-0.866025403784442));
#5702=DIRECTION('center_axis',(0.,0.5,0.866025403784438));
#5703=DIRECTION('ref_axis',(0.,-0.866025403784438,0.5));
#5704=DIRECTION('',(0.,-0.866025403784438,0.5));
#5705=DIRECTION('',(1.,0.,0.));
#5706=DIRECTION('center_axis',(1.,0.,0.));
#5707=DIRECTION('ref_axis',(0.,0.499999999999994,-0.866025403784442));
#5708=DIRECTION('',(-1.,0.,0.));
#5709=DIRECTION('center_axis',(1.,0.,0.));
#5710=DIRECTION('ref_axis',(0.,0.499999999999994,-0.866025403784442));
#5711=DIRECTION('center_axis',(-1.,0.,0.));
#5712=DIRECTION('ref_axis',(0.,-0.866025403784438,0.5));
#5713=DIRECTION('',(0.,-0.866025403784438,0.5));
#5714=DIRECTION('center_axis',(1.,0.,0.));
#5715=DIRECTION('ref_axis',(0.,-0.965936743567971,0.258778297825191));
#5716=DIRECTION('',(0.,0.999999996440945,8.4368894358311E-5));
#5717=DIRECTION('center_axis',(1.,0.,0.));
#5718=DIRECTION('ref_axis',(0.,-0.965936743567971,0.258778297825191));
#5719=DIRECTION('',(-1.,0.,0.));
#5720=DIRECTION('',(1.,0.,0.));
#5721=DIRECTION('center_axis',(0.,8.4368894358311E-5,-0.999999996440945));
#5722=DIRECTION('ref_axis',(0.,0.999999996440945,8.4368894358311E-5));
#5723=DIRECTION('center_axis',(0.,0.5,0.866025403784438));
#5724=DIRECTION('ref_axis',(-1.,0.,0.));
#5725=DIRECTION('center_axis',(-1.,0.,0.));
#5726=DIRECTION('ref_axis',(0.,0.866025403784439,-0.499999999999999));
#5727=DIRECTION('center_axis',(1.,0.,0.));
#5728=DIRECTION('ref_axis',(0.,0.866025403784439,-0.499999999999999));
#5729=DIRECTION('',(1.,0.,0.));
#5730=DIRECTION('center_axis',(-1.,0.,0.));
#5731=DIRECTION('ref_axis',(0.,0.866025403784439,-0.499999999999999));
#5732=DIRECTION('',(-1.,0.,0.));
#5733=DIRECTION('center_axis',(0.,-0.5,0.866025403784439));
#5734=DIRECTION('ref_axis',(0.,-0.866025403784439,-0.5));
#5735=DIRECTION('',(0.,0.866025403784439,0.5));
#5736=DIRECTION('',(1.,0.,0.));
#5737=DIRECTION('',(0.,-0.866025403784439,-0.5));
#5738=DIRECTION('center_axis',(1.,0.,0.));
#5739=DIRECTION('ref_axis',(0.,-2.22044604925031E-16,-1.));
#5740=DIRECTION('',(0.,-2.22044604925031E-16,-1.));
#5741=DIRECTION('',(0.,-0.500073063826276,0.865983216255027));
#5742=DIRECTION('center_axis',(-1.,0.,0.));
#5743=DIRECTION('ref_axis',(0.,-0.258859791919275,0.965914907291274));
#5744=DIRECTION('',(0.,-2.22044604925031E-16,-1.));
#5745=DIRECTION('center_axis',(-1.,0.,0.));
#5746=DIRECTION('ref_axis',(0.,-0.500000000000006,-0.866025403784435));
#5747=DIRECTION('center_axis',(0.,1.,-2.22044604925031E-16));
#5748=DIRECTION('ref_axis',(0.,2.22044604925031E-16,1.));
#5749=DIRECTION('',(0.,2.22044604925031E-16,1.));
#5750=DIRECTION('',(1.,0.,0.));
#5751=DIRECTION('center_axis',(1.,0.,0.));
#5752=DIRECTION('ref_axis',(0.,-0.500000000000006,-0.866025403784435));
#5753=DIRECTION('',(-1.,0.,0.));
#5754=DIRECTION('center_axis',(1.,0.,0.));
#5755=DIRECTION('ref_axis',(0.,-0.500000000000006,-0.866025403784435));
#5756=DIRECTION('center_axis',(-1.,0.,0.));
#5757=DIRECTION('ref_axis',(0.,2.22044604925031E-16,1.));
#5758=DIRECTION('',(0.,2.22044604925031E-16,1.));
#5759=DIRECTION('center_axis',(1.,0.,0.));
#5760=DIRECTION('ref_axis',(0.,-0.258859791919275,0.965914907291274));
#5761=DIRECTION('',(0.,0.500073063826276,-0.865983216255027));
#5762=DIRECTION('center_axis',(1.,0.,0.));
#5763=DIRECTION('ref_axis',(0.,-0.258859791919275,0.965914907291274));
#5764=DIRECTION('',(-1.,0.,0.));
#5765=DIRECTION('',(1.,0.,0.));
#5766=DIRECTION('center_axis',(0.,-0.865983216255027,-0.500073063826276));
#5767=DIRECTION('ref_axis',(0.,0.500073063826276,-0.865983216255027));
#5768=DIRECTION('center_axis',(0.,1.,-2.22044604925031E-16));
#5769=DIRECTION('ref_axis',(-1.,0.,0.));
#5770=DIRECTION('center_axis',(-1.,0.,0.));
#5771=DIRECTION('ref_axis',(0.,0.866025403784438,0.500000000000001));
#5772=DIRECTION('center_axis',(1.,0.,0.));
#5773=DIRECTION('ref_axis',(0.,0.866025403784438,0.500000000000001));
#5774=DIRECTION('',(1.,0.,0.));
#5775=DIRECTION('center_axis',(-1.,0.,0.));
#5776=DIRECTION('ref_axis',(0.,0.866025403784438,0.500000000000001));
#5777=DIRECTION('',(-1.,0.,0.));
#5778=DIRECTION('center_axis',(0.,-1.,1.66533453693773E-16));
#5779=DIRECTION('ref_axis',(0.,-1.66533453693773E-16,-1.));
#5780=DIRECTION('',(0.,1.66533453693773E-16,1.));
#5781=DIRECTION('',(1.,0.,0.));
#5782=DIRECTION('',(0.,-1.66533453693773E-16,-1.));
#5783=DIRECTION('center_axis',(1.,0.,0.));
#5784=DIRECTION('ref_axis',(0.,0.866025403784438,-0.5));
#5785=DIRECTION('',(0.,0.866025403784438,-0.5));
#5786=DIRECTION('',(0.,-0.999999996440945,-8.4368894358311E-5));
#5787=DIRECTION('center_axis',(-1.,0.,0.));
#5788=DIRECTION('ref_axis',(0.,-0.965936743567971,0.258778297825191));
#5789=DIRECTION('',(0.,0.866025403784438,-0.5));
#5790=DIRECTION('center_axis',(-1.,0.,0.));
#5791=DIRECTION('ref_axis',(0.,0.499999999999994,-0.866025403784442));
#5792=DIRECTION('center_axis',(0.,0.5,0.866025403784438));
#5793=DIRECTION('ref_axis',(0.,-0.866025403784438,0.5));
#5794=DIRECTION('',(0.,-0.866025403784438,0.5));
#5795=DIRECTION('',(1.,0.,0.));
#5796=DIRECTION('center_axis',(1.,0.,0.));
#5797=DIRECTION('ref_axis',(0.,0.499999999999994,-0.866025403784442));
#5798=DIRECTION('',(-1.,0.,0.));
#5799=DIRECTION('center_axis',(1.,0.,0.));
#5800=DIRECTION('ref_axis',(0.,0.499999999999994,-0.866025403784442));
#5801=DIRECTION('center_axis',(-1.,0.,0.));
#5802=DIRECTION('ref_axis',(0.,-0.866025403784438,0.5));
#5803=DIRECTION('',(0.,-0.866025403784438,0.5));
#5804=DIRECTION('center_axis',(1.,0.,0.));
#5805=DIRECTION('ref_axis',(0.,-0.965936743567971,0.258778297825191));
#5806=DIRECTION('',(0.,0.999999996440945,8.4368894358311E-5));
#5807=DIRECTION('center_axis',(1.,0.,0.));
#5808=DIRECTION('ref_axis',(0.,-0.965936743567971,0.258778297825191));
#5809=DIRECTION('',(-1.,0.,0.));
#5810=DIRECTION('',(1.,0.,0.));
#5811=DIRECTION('center_axis',(0.,8.4368894358311E-5,-0.999999996440945));
#5812=DIRECTION('ref_axis',(0.,0.999999996440945,8.4368894358311E-5));
#5813=DIRECTION('center_axis',(0.,0.5,0.866025403784438));
#5814=DIRECTION('ref_axis',(-1.,0.,0.));
#5815=DIRECTION('center_axis',(-1.,0.,0.));
#5816=DIRECTION('ref_axis',(0.,0.866025403784438,0.500000000000001));
#5817=DIRECTION('center_axis',(1.,0.,0.));
#5818=DIRECTION('ref_axis',(0.,0.866025403784438,0.500000000000001));
#5819=DIRECTION('',(1.,0.,0.));
#5820=DIRECTION('center_axis',(-1.,0.,0.));
#5821=DIRECTION('ref_axis',(0.,0.866025403784438,0.500000000000001));
#5822=DIRECTION('',(-1.,0.,0.));
#5823=DIRECTION('center_axis',(0.,-1.,1.66533453693773E-16));
#5824=DIRECTION('ref_axis',(0.,-1.66533453693773E-16,-1.));
#5825=DIRECTION('',(0.,1.66533453693773E-16,1.));
#5826=DIRECTION('',(1.,0.,0.));
#5827=DIRECTION('',(0.,-1.66533453693773E-16,-1.));
#5828=DIRECTION('center_axis',(1.,0.,0.));
#5829=DIRECTION('ref_axis',(0.,0.866025403784438,-0.5));
#5830=DIRECTION('',(0.,0.866025403784438,-0.5));
#5831=DIRECTION('',(0.,-0.999999996440945,-8.4368894358311E-5));
#5832=DIRECTION('center_axis',(-1.,0.,0.));
#5833=DIRECTION('ref_axis',(0.,-0.965936743567971,0.258778297825191));
#5834=DIRECTION('',(0.,0.866025403784438,-0.5));
#5835=DIRECTION('center_axis',(-1.,0.,0.));
#5836=DIRECTION('ref_axis',(0.,0.499999999999994,-0.866025403784442));
#5837=DIRECTION('center_axis',(0.,0.5,0.866025403784438));
#5838=DIRECTION('ref_axis',(0.,-0.866025403784438,0.5));
#5839=DIRECTION('',(0.,-0.866025403784438,0.5));
#5840=DIRECTION('',(1.,0.,0.));
#5841=DIRECTION('center_axis',(1.,0.,0.));
#5842=DIRECTION('ref_axis',(0.,0.499999999999994,-0.866025403784442));
#5843=DIRECTION('',(-1.,0.,0.));
#5844=DIRECTION('center_axis',(1.,0.,0.));
#5845=DIRECTION('ref_axis',(0.,0.499999999999994,-0.866025403784442));
#5846=DIRECTION('center_axis',(-1.,0.,0.));
#5847=DIRECTION('ref_axis',(0.,-0.866025403784438,0.5));
#5848=DIRECTION('',(0.,-0.866025403784438,0.5));
#5849=DIRECTION('center_axis',(1.,0.,0.));
#5850=DIRECTION('ref_axis',(0.,-0.965936743567971,0.258778297825191));
#5851=DIRECTION('',(0.,0.999999996440945,8.4368894358311E-5));
#5852=DIRECTION('center_axis',(1.,0.,0.));
#5853=DIRECTION('ref_axis',(0.,-0.965936743567971,0.258778297825191));
#5854=DIRECTION('',(-1.,0.,0.));
#5855=DIRECTION('',(1.,0.,0.));
#5856=DIRECTION('center_axis',(0.,8.4368894358311E-5,-0.999999996440945));
#5857=DIRECTION('ref_axis',(0.,0.999999996440945,8.4368894358311E-5));
#5858=DIRECTION('center_axis',(0.,0.5,0.866025403784438));
#5859=DIRECTION('ref_axis',(-1.,0.,0.));
#5860=DIRECTION('center_axis',(-1.,0.,0.));
#5861=DIRECTION('ref_axis',(0.,0.866025403784439,-0.499999999999999));
#5862=DIRECTION('center_axis',(1.,0.,0.));
#5863=DIRECTION('ref_axis',(0.,0.866025403784439,-0.499999999999999));
#5864=DIRECTION('',(1.,0.,0.));
#5865=DIRECTION('center_axis',(-1.,0.,0.));
#5866=DIRECTION('ref_axis',(0.,0.866025403784439,-0.499999999999999));
#5867=DIRECTION('',(-1.,0.,0.));
#5868=DIRECTION('center_axis',(0.,-0.5,0.866025403784439));
#5869=DIRECTION('ref_axis',(0.,-0.866025403784439,-0.5));
#5870=DIRECTION('',(0.,0.866025403784439,0.5));
#5871=DIRECTION('',(1.,0.,0.));
#5872=DIRECTION('',(0.,-0.866025403784439,-0.5));
#5873=DIRECTION('center_axis',(1.,0.,0.));
#5874=DIRECTION('ref_axis',(0.,-2.22044604925031E-16,-1.));
#5875=DIRECTION('',(0.,-2.22044604925031E-16,-1.));
#5876=DIRECTION('',(0.,-0.500073063826276,0.865983216255027));
#5877=DIRECTION('center_axis',(-1.,0.,0.));
#5878=DIRECTION('ref_axis',(0.,-0.258859791919275,0.965914907291274));
#5879=DIRECTION('',(0.,-2.22044604925031E-16,-1.));
#5880=DIRECTION('center_axis',(-1.,0.,0.));
#5881=DIRECTION('ref_axis',(0.,-0.500000000000006,-0.866025403784435));
#5882=DIRECTION('center_axis',(0.,1.,-2.22044604925031E-16));
#5883=DIRECTION('ref_axis',(0.,2.22044604925031E-16,1.));
#5884=DIRECTION('',(0.,2.22044604925031E-16,1.));
#5885=DIRECTION('',(1.,0.,0.));
#5886=DIRECTION('center_axis',(1.,0.,0.));
#5887=DIRECTION('ref_axis',(0.,-0.500000000000006,-0.866025403784435));
#5888=DIRECTION('',(-1.,0.,0.));
#5889=DIRECTION('center_axis',(1.,0.,0.));
#5890=DIRECTION('ref_axis',(0.,-0.500000000000006,-0.866025403784435));
#5891=DIRECTION('center_axis',(-1.,0.,0.));
#5892=DIRECTION('ref_axis',(0.,2.22044604925031E-16,1.));
#5893=DIRECTION('',(0.,2.22044604925031E-16,1.));
#5894=DIRECTION('center_axis',(1.,0.,0.));
#5895=DIRECTION('ref_axis',(0.,-0.258859791919275,0.965914907291274));
#5896=DIRECTION('',(0.,0.500073063826276,-0.865983216255027));
#5897=DIRECTION('center_axis',(1.,0.,0.));
#5898=DIRECTION('ref_axis',(0.,-0.258859791919275,0.965914907291274));
#5899=DIRECTION('',(-1.,0.,0.));
#5900=DIRECTION('',(1.,0.,0.));
#5901=DIRECTION('center_axis',(0.,-0.865983216255027,-0.500073063826276));
#5902=DIRECTION('ref_axis',(0.,0.500073063826276,-0.865983216255027));
#5903=DIRECTION('center_axis',(0.,1.,-2.22044604925031E-16));
#5904=DIRECTION('ref_axis',(-1.,0.,0.));
#5905=DIRECTION('center_axis',(-1.,0.,0.));
#5906=DIRECTION('ref_axis',(0.,0.866025403784438,0.500000000000001));
#5907=DIRECTION('center_axis',(1.,0.,0.));
#5908=DIRECTION('ref_axis',(0.,0.866025403784438,0.500000000000001));
#5909=DIRECTION('',(1.,0.,0.));
#5910=DIRECTION('center_axis',(-1.,0.,0.));
#5911=DIRECTION('ref_axis',(0.,0.866025403784438,0.500000000000001));
#5912=DIRECTION('',(-1.,0.,0.));
#5913=DIRECTION('center_axis',(0.,-1.,1.66533453693773E-16));
#5914=DIRECTION('ref_axis',(0.,-1.66533453693773E-16,-1.));
#5915=DIRECTION('',(0.,1.66533453693773E-16,1.));
#5916=DIRECTION('',(1.,0.,0.));
#5917=DIRECTION('',(0.,-1.66533453693773E-16,-1.));
#5918=DIRECTION('center_axis',(1.,0.,0.));
#5919=DIRECTION('ref_axis',(0.,0.866025403784438,-0.5));
#5920=DIRECTION('',(0.,0.866025403784438,-0.5));
#5921=DIRECTION('',(0.,-0.999999996440945,-8.4368894358311E-5));
#5922=DIRECTION('center_axis',(-1.,0.,0.));
#5923=DIRECTION('ref_axis',(0.,-0.965936743567971,0.258778297825191));
#5924=DIRECTION('',(0.,0.866025403784438,-0.5));
#5925=DIRECTION('center_axis',(-1.,0.,0.));
#5926=DIRECTION('ref_axis',(0.,0.499999999999994,-0.866025403784442));
#5927=DIRECTION('center_axis',(0.,0.5,0.866025403784438));
#5928=DIRECTION('ref_axis',(0.,-0.866025403784438,0.5));
#5929=DIRECTION('',(0.,-0.866025403784438,0.5));
#5930=DIRECTION('',(1.,0.,0.));
#5931=DIRECTION('center_axis',(1.,0.,0.));
#5932=DIRECTION('ref_axis',(0.,0.499999999999994,-0.866025403784442));
#5933=DIRECTION('',(-1.,0.,0.));
#5934=DIRECTION('center_axis',(1.,0.,0.));
#5935=DIRECTION('ref_axis',(0.,0.499999999999994,-0.866025403784442));
#5936=DIRECTION('center_axis',(-1.,0.,0.));
#5937=DIRECTION('ref_axis',(0.,-0.866025403784438,0.5));
#5938=DIRECTION('',(0.,-0.866025403784438,0.5));
#5939=DIRECTION('center_axis',(1.,0.,0.));
#5940=DIRECTION('ref_axis',(0.,-0.965936743567971,0.258778297825191));
#5941=DIRECTION('',(0.,0.999999996440945,8.4368894358311E-5));
#5942=DIRECTION('center_axis',(1.,0.,0.));
#5943=DIRECTION('ref_axis',(0.,-0.965936743567971,0.258778297825191));
#5944=DIRECTION('',(-1.,0.,0.));
#5945=DIRECTION('',(1.,0.,0.));
#5946=DIRECTION('center_axis',(0.,8.4368894358311E-5,-0.999999996440945));
#5947=DIRECTION('ref_axis',(0.,0.999999996440945,8.4368894358311E-5));
#5948=DIRECTION('center_axis',(0.,0.5,0.866025403784438));
#5949=DIRECTION('ref_axis',(-1.,0.,0.));
#5950=DIRECTION('center_axis',(-1.,0.,0.));
#5951=DIRECTION('ref_axis',(0.,0.866025403784439,0.5));
#5952=DIRECTION('center_axis',(1.,0.,0.));
#5953=DIRECTION('ref_axis',(0.,0.866025403784439,0.5));
#5954=DIRECTION('',(1.,0.,0.));
#5955=DIRECTION('center_axis',(-1.,0.,0.));
#5956=DIRECTION('ref_axis',(0.,0.866025403784439,0.5));
#5957=DIRECTION('',(-1.,0.,0.));
#5958=DIRECTION('center_axis',(0.,-1.,1.66533453693773E-16));
#5959=DIRECTION('ref_axis',(0.,-1.66533453693773E-16,-1.));
#5960=DIRECTION('',(0.,1.66533453693773E-16,1.));
#5961=DIRECTION('',(1.,0.,0.));
#5962=DIRECTION('',(0.,-1.66533453693773E-16,-1.));
#5963=DIRECTION('center_axis',(1.,0.,0.));
#5964=DIRECTION('ref_axis',(0.,0.866025403784438,-0.5));
#5965=DIRECTION('',(0.,0.866025403784438,-0.5));
#5966=DIRECTION('',(0.,-0.999999996440945,-8.4368894358311E-5));
#5967=DIRECTION('center_axis',(-1.,0.,0.));
#5968=DIRECTION('ref_axis',(0.,-0.965936743567974,0.25877829782518));
#5969=DIRECTION('',(0.,0.866025403784438,-0.5));
#5970=DIRECTION('center_axis',(-1.,0.,0.));
#5971=DIRECTION('ref_axis',(0.,0.500000000000001,-0.866025403784438));
#5972=DIRECTION('center_axis',(0.,0.5,0.866025403784438));
#5973=DIRECTION('ref_axis',(0.,-0.866025403784438,0.5));
#5974=DIRECTION('',(0.,-0.866025403784438,0.5));
#5975=DIRECTION('',(1.,0.,0.));
#5976=DIRECTION('center_axis',(1.,0.,0.));
#5977=DIRECTION('ref_axis',(0.,0.500000000000001,-0.866025403784438));
#5978=DIRECTION('',(-1.,0.,0.));
#5979=DIRECTION('center_axis',(1.,0.,0.));
#5980=DIRECTION('ref_axis',(0.,0.500000000000001,-0.866025403784438));
#5981=DIRECTION('center_axis',(-1.,0.,0.));
#5982=DIRECTION('ref_axis',(0.,-0.866025403784438,0.5));
#5983=DIRECTION('',(0.,-0.866025403784438,0.5));
#5984=DIRECTION('center_axis',(1.,0.,0.));
#5985=DIRECTION('ref_axis',(0.,-0.965936743567974,0.25877829782518));
#5986=DIRECTION('',(0.,0.999999996440945,8.4368894358311E-5));
#5987=DIRECTION('center_axis',(1.,0.,0.));
#5988=DIRECTION('ref_axis',(0.,-0.965936743567974,0.25877829782518));
#5989=DIRECTION('',(-1.,0.,0.));
#5990=DIRECTION('',(1.,0.,0.));
#5991=DIRECTION('center_axis',(0.,8.4368894358311E-5,-0.999999996440945));
#5992=DIRECTION('ref_axis',(0.,0.999999996440945,8.4368894358311E-5));
#5993=DIRECTION('center_axis',(0.,0.5,0.866025403784438));
#5994=DIRECTION('ref_axis',(-1.,0.,0.));
#5995=DIRECTION('center_axis',(-1.,0.,0.));
#5996=DIRECTION('ref_axis',(0.,0.866025403784439,-0.5));
#5997=DIRECTION('center_axis',(1.,0.,0.));
#5998=DIRECTION('ref_axis',(0.,0.866025403784439,-0.5));
#5999=DIRECTION('',(1.,0.,0.));
#6000=DIRECTION('center_axis',(-1.,0.,0.));
#6001=DIRECTION('ref_axis',(0.,0.866025403784439,-0.5));
#6002=DIRECTION('',(-1.,0.,0.));
#6003=DIRECTION('center_axis',(0.,-0.5,0.866025403784439));
#6004=DIRECTION('ref_axis',(0.,-0.866025403784439,-0.5));
#6005=DIRECTION('',(0.,0.866025403784439,0.5));
#6006=DIRECTION('',(1.,0.,0.));
#6007=DIRECTION('',(0.,-0.866025403784439,-0.5));
#6008=DIRECTION('center_axis',(1.,0.,0.));
#6009=DIRECTION('ref_axis',(0.,-2.22044604925031E-16,-1.));
#6010=DIRECTION('',(0.,-2.22044604925031E-16,-1.));
#6011=DIRECTION('',(0.,-0.500073063826276,0.865983216255027));
#6012=DIRECTION('center_axis',(-1.,0.,0.));
#6013=DIRECTION('ref_axis',(0.,-0.258859791919286,0.965914907291271));
#6014=DIRECTION('',(0.,-2.22044604925031E-16,-1.));
#6015=DIRECTION('center_axis',(-1.,0.,0.));
#6016=DIRECTION('ref_axis',(0.,-0.499999999999999,-0.866025403784439));
#6017=DIRECTION('center_axis',(0.,1.,-2.22044604925031E-16));
#6018=DIRECTION('ref_axis',(0.,2.22044604925031E-16,1.));
#6019=DIRECTION('',(0.,2.22044604925031E-16,1.));
#6020=DIRECTION('',(1.,0.,0.));
#6021=DIRECTION('center_axis',(1.,0.,0.));
#6022=DIRECTION('ref_axis',(0.,-0.499999999999999,-0.866025403784439));
#6023=DIRECTION('',(-1.,0.,0.));
#6024=DIRECTION('center_axis',(1.,0.,0.));
#6025=DIRECTION('ref_axis',(0.,-0.499999999999999,-0.866025403784439));
#6026=DIRECTION('center_axis',(-1.,0.,0.));
#6027=DIRECTION('ref_axis',(0.,2.22044604925031E-16,1.));
#6028=DIRECTION('',(0.,2.22044604925031E-16,1.));
#6029=DIRECTION('center_axis',(1.,0.,0.));
#6030=DIRECTION('ref_axis',(0.,-0.258859791919286,0.965914907291271));
#6031=DIRECTION('',(0.,0.500073063826276,-0.865983216255027));
#6032=DIRECTION('center_axis',(1.,0.,0.));
#6033=DIRECTION('ref_axis',(0.,-0.258859791919286,0.965914907291271));
#6034=DIRECTION('',(-1.,0.,0.));
#6035=DIRECTION('',(1.,0.,0.));
#6036=DIRECTION('center_axis',(0.,-0.865983216255027,-0.500073063826276));
#6037=DIRECTION('ref_axis',(0.,0.500073063826276,-0.865983216255027));
#6038=DIRECTION('center_axis',(0.,1.,-2.22044604925031E-16));
#6039=DIRECTION('ref_axis',(-1.,0.,0.));
#6040=DIRECTION('center_axis',(-1.,0.,0.));
#6041=DIRECTION('ref_axis',(0.,0.866025403784439,-0.5));
#6042=DIRECTION('center_axis',(1.,0.,0.));
#6043=DIRECTION('ref_axis',(0.,0.866025403784439,-0.5));
#6044=DIRECTION('',(1.,0.,0.));
#6045=DIRECTION('center_axis',(-1.,0.,0.));
#6046=DIRECTION('ref_axis',(0.,0.866025403784439,-0.5));
#6047=DIRECTION('',(-1.,0.,0.));
#6048=DIRECTION('center_axis',(0.,-0.5,0.866025403784439));
#6049=DIRECTION('ref_axis',(0.,-0.866025403784439,-0.5));
#6050=DIRECTION('',(0.,0.866025403784439,0.5));
#6051=DIRECTION('',(1.,0.,0.));
#6052=DIRECTION('',(0.,-0.866025403784439,-0.5));
#6053=DIRECTION('center_axis',(1.,0.,0.));
#6054=DIRECTION('ref_axis',(0.,-2.22044604925031E-16,-1.));
#6055=DIRECTION('',(0.,-2.22044604925031E-16,-1.));
#6056=DIRECTION('',(0.,-0.500073063826276,0.865983216255027));
#6057=DIRECTION('center_axis',(-1.,0.,0.));
#6058=DIRECTION('ref_axis',(0.,-0.258859791919286,0.965914907291271));
#6059=DIRECTION('',(0.,-2.22044604925031E-16,-1.));
#6060=DIRECTION('center_axis',(-1.,0.,0.));
#6061=DIRECTION('ref_axis',(0.,-0.499999999999999,-0.866025403784439));
#6062=DIRECTION('center_axis',(0.,1.,-2.22044604925031E-16));
#6063=DIRECTION('ref_axis',(0.,2.22044604925031E-16,1.));
#6064=DIRECTION('',(0.,2.22044604925031E-16,1.));
#6065=DIRECTION('',(1.,0.,0.));
#6066=DIRECTION('center_axis',(1.,0.,0.));
#6067=DIRECTION('ref_axis',(0.,-0.499999999999999,-0.866025403784439));
#6068=DIRECTION('',(-1.,0.,0.));
#6069=DIRECTION('center_axis',(1.,0.,0.));
#6070=DIRECTION('ref_axis',(0.,-0.499999999999999,-0.866025403784439));
#6071=DIRECTION('center_axis',(-1.,0.,0.));
#6072=DIRECTION('ref_axis',(0.,2.22044604925031E-16,1.));
#6073=DIRECTION('',(0.,2.22044604925031E-16,1.));
#6074=DIRECTION('center_axis',(1.,0.,0.));
#6075=DIRECTION('ref_axis',(0.,-0.258859791919286,0.965914907291271));
#6076=DIRECTION('',(0.,0.500073063826276,-0.865983216255027));
#6077=DIRECTION('center_axis',(1.,0.,0.));
#6078=DIRECTION('ref_axis',(0.,-0.258859791919286,0.965914907291271));
#6079=DIRECTION('',(-1.,0.,0.));
#6080=DIRECTION('',(1.,0.,0.));
#6081=DIRECTION('center_axis',(0.,-0.865983216255027,-0.500073063826276));
#6082=DIRECTION('ref_axis',(0.,0.500073063826276,-0.865983216255027));
#6083=DIRECTION('center_axis',(0.,1.,-2.22044604925031E-16));
#6084=DIRECTION('ref_axis',(-1.,0.,0.));
#6085=DIRECTION('center_axis',(-1.,0.,0.));
#6086=DIRECTION('ref_axis',(0.,0.866025403784439,0.5));
#6087=DIRECTION('center_axis',(1.,0.,0.));
#6088=DIRECTION('ref_axis',(0.,0.866025403784439,0.5));
#6089=DIRECTION('',(1.,0.,0.));
#6090=DIRECTION('center_axis',(-1.,0.,0.));
#6091=DIRECTION('ref_axis',(0.,0.866025403784439,0.5));
#6092=DIRECTION('',(-1.,0.,0.));
#6093=DIRECTION('center_axis',(0.,-1.,1.66533453693773E-16));
#6094=DIRECTION('ref_axis',(0.,-1.66533453693773E-16,-1.));
#6095=DIRECTION('',(0.,1.66533453693773E-16,1.));
#6096=DIRECTION('',(1.,0.,0.));
#6097=DIRECTION('',(0.,-1.66533453693773E-16,-1.));
#6098=DIRECTION('center_axis',(1.,0.,0.));
#6099=DIRECTION('ref_axis',(0.,0.866025403784438,-0.5));
#6100=DIRECTION('',(0.,0.866025403784438,-0.5));
#6101=DIRECTION('',(0.,-0.999999996440945,-8.4368894358311E-5));
#6102=DIRECTION('center_axis',(-1.,0.,0.));
#6103=DIRECTION('ref_axis',(0.,-0.965936743567974,0.25877829782518));
#6104=DIRECTION('',(0.,0.866025403784438,-0.5));
#6105=DIRECTION('center_axis',(-1.,0.,0.));
#6106=DIRECTION('ref_axis',(0.,0.500000000000001,-0.866025403784438));
#6107=DIRECTION('center_axis',(0.,0.5,0.866025403784438));
#6108=DIRECTION('ref_axis',(0.,-0.866025403784438,0.5));
#6109=DIRECTION('',(0.,-0.866025403784438,0.5));
#6110=DIRECTION('',(1.,0.,0.));
#6111=DIRECTION('center_axis',(1.,0.,0.));
#6112=DIRECTION('ref_axis',(0.,0.500000000000001,-0.866025403784438));
#6113=DIRECTION('',(-1.,0.,0.));
#6114=DIRECTION('center_axis',(1.,0.,0.));
#6115=DIRECTION('ref_axis',(0.,0.500000000000001,-0.866025403784438));
#6116=DIRECTION('center_axis',(-1.,0.,0.));
#6117=DIRECTION('ref_axis',(0.,-0.866025403784438,0.5));
#6118=DIRECTION('',(0.,-0.866025403784438,0.5));
#6119=DIRECTION('center_axis',(1.,0.,0.));
#6120=DIRECTION('ref_axis',(0.,-0.965936743567974,0.25877829782518));
#6121=DIRECTION('',(0.,0.999999996440945,8.4368894358311E-5));
#6122=DIRECTION('center_axis',(1.,0.,0.));
#6123=DIRECTION('ref_axis',(0.,-0.965936743567974,0.25877829782518));
#6124=DIRECTION('',(-1.,0.,0.));
#6125=DIRECTION('',(1.,0.,0.));
#6126=DIRECTION('center_axis',(0.,8.4368894358311E-5,-0.999999996440945));
#6127=DIRECTION('ref_axis',(0.,0.999999996440945,8.4368894358311E-5));
#6128=DIRECTION('center_axis',(0.,0.5,0.866025403784438));
#6129=DIRECTION('ref_axis',(-1.,0.,0.));
#6130=DIRECTION('center_axis',(-1.,0.,0.));
#6131=DIRECTION('ref_axis',(0.,0.866025403784439,-0.5));
#6132=DIRECTION('center_axis',(1.,0.,0.));
#6133=DIRECTION('ref_axis',(0.,0.866025403784439,-0.5));
#6134=DIRECTION('',(1.,0.,0.));
#6135=DIRECTION('center_axis',(-1.,0.,0.));
#6136=DIRECTION('ref_axis',(0.,0.866025403784439,-0.5));
#6137=DIRECTION('',(-1.,0.,0.));
#6138=DIRECTION('center_axis',(0.,-0.5,0.866025403784439));
#6139=DIRECTION('ref_axis',(0.,-0.866025403784439,-0.5));
#6140=DIRECTION('',(0.,0.866025403784439,0.5));
#6141=DIRECTION('',(1.,0.,0.));
#6142=DIRECTION('',(0.,-0.866025403784439,-0.5));
#6143=DIRECTION('center_axis',(1.,0.,0.));
#6144=DIRECTION('ref_axis',(0.,-2.22044604925031E-16,-1.));
#6145=DIRECTION('',(0.,-2.22044604925031E-16,-1.));
#6146=DIRECTION('',(0.,-0.500073063826276,0.865983216255027));
#6147=DIRECTION('center_axis',(-1.,0.,0.));
#6148=DIRECTION('ref_axis',(0.,-0.258859791919286,0.965914907291271));
#6149=DIRECTION('',(0.,-2.22044604925031E-16,-1.));
#6150=DIRECTION('center_axis',(-1.,0.,0.));
#6151=DIRECTION('ref_axis',(0.,-0.499999999999999,-0.866025403784439));
#6152=DIRECTION('center_axis',(0.,1.,-2.22044604925031E-16));
#6153=DIRECTION('ref_axis',(0.,2.22044604925031E-16,1.));
#6154=DIRECTION('',(0.,2.22044604925031E-16,1.));
#6155=DIRECTION('',(1.,0.,0.));
#6156=DIRECTION('center_axis',(1.,0.,0.));
#6157=DIRECTION('ref_axis',(0.,-0.499999999999999,-0.866025403784439));
#6158=DIRECTION('',(-1.,0.,0.));
#6159=DIRECTION('center_axis',(1.,0.,0.));
#6160=DIRECTION('ref_axis',(0.,-0.499999999999999,-0.866025403784439));
#6161=DIRECTION('center_axis',(-1.,0.,0.));
#6162=DIRECTION('ref_axis',(0.,2.22044604925031E-16,1.));
#6163=DIRECTION('',(0.,2.22044604925031E-16,1.));
#6164=DIRECTION('center_axis',(1.,0.,0.));
#6165=DIRECTION('ref_axis',(0.,-0.258859791919286,0.965914907291271));
#6166=DIRECTION('',(0.,0.500073063826276,-0.865983216255027));
#6167=DIRECTION('center_axis',(1.,0.,0.));
#6168=DIRECTION('ref_axis',(0.,-0.258859791919286,0.965914907291271));
#6169=DIRECTION('',(-1.,0.,0.));
#6170=DIRECTION('',(1.,0.,0.));
#6171=DIRECTION('center_axis',(0.,-0.865983216255027,-0.500073063826276));
#6172=DIRECTION('ref_axis',(0.,0.500073063826276,-0.865983216255027));
#6173=DIRECTION('center_axis',(0.,1.,-2.22044604925031E-16));
#6174=DIRECTION('ref_axis',(-1.,0.,0.));
#6175=DIRECTION('center_axis',(-1.,0.,0.));
#6176=DIRECTION('ref_axis',(0.,0.866025403784439,0.5));
#6177=DIRECTION('center_axis',(1.,0.,0.));
#6178=DIRECTION('ref_axis',(0.,0.866025403784439,0.5));
#6179=DIRECTION('',(1.,0.,0.));
#6180=DIRECTION('center_axis',(-1.,0.,0.));
#6181=DIRECTION('ref_axis',(0.,0.866025403784439,0.5));
#6182=DIRECTION('',(-1.,0.,0.));
#6183=DIRECTION('center_axis',(0.,-1.,1.66533453693773E-16));
#6184=DIRECTION('ref_axis',(0.,-1.66533453693773E-16,-1.));
#6185=DIRECTION('',(0.,1.66533453693773E-16,1.));
#6186=DIRECTION('',(1.,0.,0.));
#6187=DIRECTION('',(0.,-1.66533453693773E-16,-1.));
#6188=DIRECTION('center_axis',(1.,0.,0.));
#6189=DIRECTION('ref_axis',(0.,0.866025403784438,-0.5));
#6190=DIRECTION('',(0.,0.866025403784438,-0.5));
#6191=DIRECTION('',(0.,-0.999999996440945,-8.4368894358311E-5));
#6192=DIRECTION('center_axis',(-1.,0.,0.));
#6193=DIRECTION('ref_axis',(0.,-0.965936743567974,0.25877829782518));
#6194=DIRECTION('',(0.,0.866025403784438,-0.5));
#6195=DIRECTION('center_axis',(-1.,0.,0.));
#6196=DIRECTION('ref_axis',(0.,0.500000000000001,-0.866025403784438));
#6197=DIRECTION('center_axis',(0.,0.5,0.866025403784438));
#6198=DIRECTION('ref_axis',(0.,-0.866025403784438,0.5));
#6199=DIRECTION('',(0.,-0.866025403784438,0.5));
#6200=DIRECTION('',(1.,0.,0.));
#6201=DIRECTION('center_axis',(1.,0.,0.));
#6202=DIRECTION('ref_axis',(0.,0.500000000000001,-0.866025403784438));
#6203=DIRECTION('',(-1.,0.,0.));
#6204=DIRECTION('center_axis',(1.,0.,0.));
#6205=DIRECTION('ref_axis',(0.,0.500000000000001,-0.866025403784438));
#6206=DIRECTION('center_axis',(-1.,0.,0.));
#6207=DIRECTION('ref_axis',(0.,-0.866025403784438,0.5));
#6208=DIRECTION('',(0.,-0.866025403784438,0.5));
#6209=DIRECTION('center_axis',(1.,0.,0.));
#6210=DIRECTION('ref_axis',(0.,-0.965936743567974,0.25877829782518));
#6211=DIRECTION('',(0.,0.999999996440945,8.4368894358311E-5));
#6212=DIRECTION('center_axis',(1.,0.,0.));
#6213=DIRECTION('ref_axis',(0.,-0.965936743567974,0.25877829782518));
#6214=DIRECTION('',(-1.,0.,0.));
#6215=DIRECTION('',(1.,0.,0.));
#6216=DIRECTION('center_axis',(0.,8.4368894358311E-5,-0.999999996440945));
#6217=DIRECTION('ref_axis',(0.,0.999999996440945,8.4368894358311E-5));
#6218=DIRECTION('center_axis',(0.,0.5,0.866025403784438));
#6219=DIRECTION('ref_axis',(-1.,0.,0.));
#6220=DIRECTION('center_axis',(-1.,0.,0.));
#6221=DIRECTION('ref_axis',(0.,0.866025403784439,-0.5));
#6222=DIRECTION('center_axis',(1.,0.,0.));
#6223=DIRECTION('ref_axis',(0.,0.866025403784439,-0.5));
#6224=DIRECTION('',(1.,0.,0.));
#6225=DIRECTION('center_axis',(-1.,0.,0.));
#6226=DIRECTION('ref_axis',(0.,0.866025403784439,-0.5));
#6227=DIRECTION('',(-1.,0.,0.));
#6228=DIRECTION('center_axis',(0.,-0.5,0.866025403784439));
#6229=DIRECTION('ref_axis',(0.,-0.866025403784439,-0.5));
#6230=DIRECTION('',(0.,0.866025403784439,0.5));
#6231=DIRECTION('',(1.,0.,0.));
#6232=DIRECTION('',(0.,-0.866025403784439,-0.5));
#6233=DIRECTION('center_axis',(1.,0.,0.));
#6234=DIRECTION('ref_axis',(0.,-2.22044604925031E-16,-1.));
#6235=DIRECTION('',(0.,-2.22044604925031E-16,-1.));
#6236=DIRECTION('',(0.,-0.500073063826276,0.865983216255027));
#6237=DIRECTION('center_axis',(-1.,0.,0.));
#6238=DIRECTION('ref_axis',(0.,-0.258859791919286,0.965914907291271));
#6239=DIRECTION('',(0.,-2.22044604925031E-16,-1.));
#6240=DIRECTION('center_axis',(-1.,0.,0.));
#6241=DIRECTION('ref_axis',(0.,-0.499999999999999,-0.866025403784439));
#6242=DIRECTION('center_axis',(0.,1.,-2.22044604925031E-16));
#6243=DIRECTION('ref_axis',(0.,2.22044604925031E-16,1.));
#6244=DIRECTION('',(0.,2.22044604925031E-16,1.));
#6245=DIRECTION('',(1.,0.,0.));
#6246=DIRECTION('center_axis',(1.,0.,0.));
#6247=DIRECTION('ref_axis',(0.,-0.499999999999999,-0.866025403784439));
#6248=DIRECTION('',(-1.,0.,0.));
#6249=DIRECTION('center_axis',(1.,0.,0.));
#6250=DIRECTION('ref_axis',(0.,-0.499999999999999,-0.866025403784439));
#6251=DIRECTION('center_axis',(-1.,0.,0.));
#6252=DIRECTION('ref_axis',(0.,2.22044604925031E-16,1.));
#6253=DIRECTION('',(0.,2.22044604925031E-16,1.));
#6254=DIRECTION('center_axis',(1.,0.,0.));
#6255=DIRECTION('ref_axis',(0.,-0.258859791919286,0.965914907291271));
#6256=DIRECTION('',(0.,0.500073063826276,-0.865983216255027));
#6257=DIRECTION('center_axis',(1.,0.,0.));
#6258=DIRECTION('ref_axis',(0.,-0.258859791919286,0.965914907291271));
#6259=DIRECTION('',(-1.,0.,0.));
#6260=DIRECTION('',(1.,0.,0.));
#6261=DIRECTION('center_axis',(0.,-0.865983216255027,-0.500073063826276));
#6262=DIRECTION('ref_axis',(0.,0.500073063826276,-0.865983216255027));
#6263=DIRECTION('center_axis',(0.,1.,-2.22044604925031E-16));
#6264=DIRECTION('ref_axis',(-1.,0.,0.));
#6265=DIRECTION('center_axis',(-1.,0.,0.));
#6266=DIRECTION('ref_axis',(0.,0.866025403784439,0.5));
#6267=DIRECTION('center_axis',(1.,0.,0.));
#6268=DIRECTION('ref_axis',(0.,0.866025403784439,0.5));
#6269=DIRECTION('',(1.,0.,0.));
#6270=DIRECTION('center_axis',(-1.,0.,0.));
#6271=DIRECTION('ref_axis',(0.,0.866025403784439,0.5));
#6272=DIRECTION('',(-1.,0.,0.));
#6273=DIRECTION('center_axis',(0.,-1.,1.66533453693773E-16));
#6274=DIRECTION('ref_axis',(0.,-1.66533453693773E-16,-1.));
#6275=DIRECTION('',(0.,1.66533453693773E-16,1.));
#6276=DIRECTION('',(1.,0.,0.));
#6277=DIRECTION('',(0.,-1.66533453693773E-16,-1.));
#6278=DIRECTION('center_axis',(1.,0.,0.));
#6279=DIRECTION('ref_axis',(0.,0.866025403784438,-0.5));
#6280=DIRECTION('',(0.,0.866025403784438,-0.5));
#6281=DIRECTION('',(0.,-0.999999996440945,-8.4368894358311E-5));
#6282=DIRECTION('center_axis',(-1.,0.,0.));
#6283=DIRECTION('ref_axis',(0.,-0.965936743567974,0.25877829782518));
#6284=DIRECTION('',(0.,0.866025403784438,-0.5));
#6285=DIRECTION('center_axis',(-1.,0.,0.));
#6286=DIRECTION('ref_axis',(0.,0.500000000000001,-0.866025403784438));
#6287=DIRECTION('center_axis',(0.,0.5,0.866025403784438));
#6288=DIRECTION('ref_axis',(0.,-0.866025403784438,0.5));
#6289=DIRECTION('',(0.,-0.866025403784438,0.5));
#6290=DIRECTION('',(1.,0.,0.));
#6291=DIRECTION('center_axis',(1.,0.,0.));
#6292=DIRECTION('ref_axis',(0.,0.500000000000001,-0.866025403784438));
#6293=DIRECTION('',(-1.,0.,0.));
#6294=DIRECTION('center_axis',(1.,0.,0.));
#6295=DIRECTION('ref_axis',(0.,0.500000000000001,-0.866025403784438));
#6296=DIRECTION('center_axis',(-1.,0.,0.));
#6297=DIRECTION('ref_axis',(0.,-0.866025403784438,0.5));
#6298=DIRECTION('',(0.,-0.866025403784438,0.5));
#6299=DIRECTION('center_axis',(1.,0.,0.));
#6300=DIRECTION('ref_axis',(0.,-0.965936743567974,0.25877829782518));
#6301=DIRECTION('',(0.,0.999999996440945,8.4368894358311E-5));
#6302=DIRECTION('center_axis',(1.,0.,0.));
#6303=DIRECTION('ref_axis',(0.,-0.965936743567974,0.25877829782518));
#6304=DIRECTION('',(-1.,0.,0.));
#6305=DIRECTION('',(1.,0.,0.));
#6306=DIRECTION('center_axis',(0.,8.4368894358311E-5,-0.999999996440945));
#6307=DIRECTION('ref_axis',(0.,0.999999996440945,8.4368894358311E-5));
#6308=DIRECTION('center_axis',(0.,0.5,0.866025403784438));
#6309=DIRECTION('ref_axis',(-1.,0.,0.));
#6310=DIRECTION('center_axis',(1.,0.,1.28214732502643E-15));
#6311=DIRECTION('ref_axis',(0.,-0.707106781186546,-0.707106781186549));
#6312=DIRECTION('center_axis',(-1.,0.,0.));
#6313=DIRECTION('ref_axis',(0.,-0.707106781186546,-0.707106781186549));
#6314=DIRECTION('',(-1.,0.,-1.28214732502643E-15));
#6315=DIRECTION('center_axis',(1.,0.,0.));
#6316=DIRECTION('ref_axis',(0.,-0.707106781186546,-0.707106781186549));
#6317=DIRECTION('',(1.,0.,1.28214732502643E-15));
#6318=DIRECTION('center_axis',(0.,1.,0.));
#6319=DIRECTION('ref_axis',(-1.,0.,0.));
#6320=DIRECTION('',(0.,0.,1.));
#6321=DIRECTION('',(1.,0.,0.));
#6322=DIRECTION('',(0.,0.,-1.));
#6323=DIRECTION('center_axis',(1.,0.,0.));
#6324=DIRECTION('ref_axis',(0.,0.,-1.));
#6325=DIRECTION('',(0.,1.,0.));
#6326=DIRECTION('',(0.,0.,-1.));
#6327=DIRECTION('',(0.,1.,0.));
#6328=DIRECTION('center_axis',(-1.,0.,0.));
#6329=DIRECTION('ref_axis',(0.,-0.70710678118656,0.707106781186535));
#6330=DIRECTION('center_axis',(-1.,0.,0.));
#6331=DIRECTION('ref_axis',(0.,-0.70710678118656,0.707106781186535));
#6332=DIRECTION('center_axis',(1.,0.,0.));
#6333=DIRECTION('ref_axis',(0.,-0.70710678118656,0.707106781186535));
#6334=DIRECTION('',(-1.,0.,0.));
#6335=DIRECTION('center_axis',(0.,0.,1.));
#6336=DIRECTION('ref_axis',(1.,0.,0.));
#6337=DIRECTION('',(1.,0.,0.));
#6338=DIRECTION('',(0.,1.,0.));
#6339=DIRECTION('center_axis',(1.28214732502643E-15,0.,-1.));
#6340=DIRECTION('ref_axis',(-1.,0.,-1.28214732502643E-15));
#6341=DIRECTION('',(0.,1.,0.));
#6342=DIRECTION('',(-1.,0.,-1.28214732502643E-15));
#6343=DIRECTION('center_axis',(-1.,0.,0.));
#6344=DIRECTION('ref_axis',(0.,0.,1.));
#6345=DIRECTION('',(0.,0.,1.));
#6346=DIRECTION('center_axis',(0.,1.,0.));
#6347=DIRECTION('ref_axis',(0.,0.,1.));
#6348=DIRECTION('center_axis',(1.,0.,1.28214732502643E-15));
#6349=DIRECTION('ref_axis',(0.,-0.707106781186546,-0.707106781186549));
#6350=DIRECTION('center_axis',(-1.,0.,0.));
#6351=DIRECTION('ref_axis',(0.,-0.707106781186546,-0.707106781186549));
#6352=DIRECTION('',(-1.,0.,-1.28214732502643E-15));
#6353=DIRECTION('center_axis',(1.,0.,0.));
#6354=DIRECTION('ref_axis',(0.,-0.707106781186546,-0.707106781186549));
#6355=DIRECTION('',(1.,0.,1.28214732502643E-15));
#6356=DIRECTION('center_axis',(0.,1.,0.));
#6357=DIRECTION('ref_axis',(-1.,0.,0.));
#6358=DIRECTION('',(0.,0.,1.));
#6359=DIRECTION('',(1.,0.,0.));
#6360=DIRECTION('',(0.,0.,-1.));
#6361=DIRECTION('center_axis',(1.,0.,0.));
#6362=DIRECTION('ref_axis',(0.,0.,-1.));
#6363=DIRECTION('',(0.,1.,0.));
#6364=DIRECTION('',(0.,0.,-1.));
#6365=DIRECTION('',(0.,1.,0.));
#6366=DIRECTION('center_axis',(-1.,0.,0.));
#6367=DIRECTION('ref_axis',(0.,-0.70710678118656,0.707106781186535));
#6368=DIRECTION('center_axis',(-1.,0.,0.));
#6369=DIRECTION('ref_axis',(0.,-0.70710678118656,0.707106781186535));
#6370=DIRECTION('center_axis',(1.,0.,0.));
#6371=DIRECTION('ref_axis',(0.,-0.70710678118656,0.707106781186535));
#6372=DIRECTION('',(-1.,0.,0.));
#6373=DIRECTION('center_axis',(0.,0.,1.));
#6374=DIRECTION('ref_axis',(1.,0.,0.));
#6375=DIRECTION('',(1.,0.,0.));
#6376=DIRECTION('',(0.,1.,0.));
#6377=DIRECTION('center_axis',(1.28214732502643E-15,0.,-1.));
#6378=DIRECTION('ref_axis',(-1.,0.,-1.28214732502643E-15));
#6379=DIRECTION('',(0.,1.,0.));
#6380=DIRECTION('',(-1.,0.,-1.28214732502643E-15));
#6381=DIRECTION('center_axis',(-1.,0.,0.));
#6382=DIRECTION('ref_axis',(0.,0.,1.));
#6383=DIRECTION('',(0.,0.,1.));
#6384=DIRECTION('center_axis',(0.,1.,0.));
#6385=DIRECTION('ref_axis',(0.,0.,1.));
#6386=DIRECTION('center_axis',(1.,0.,1.28214732502643E-15));
#6387=DIRECTION('ref_axis',(0.,-0.707106781186546,-0.707106781186549));
#6388=DIRECTION('center_axis',(-1.,0.,0.));
#6389=DIRECTION('ref_axis',(0.,-0.707106781186546,-0.707106781186549));
#6390=DIRECTION('',(-1.,0.,-1.28214732502643E-15));
#6391=DIRECTION('center_axis',(1.,0.,0.));
#6392=DIRECTION('ref_axis',(0.,-0.707106781186546,-0.707106781186549));
#6393=DIRECTION('',(1.,0.,1.28214732502643E-15));
#6394=DIRECTION('center_axis',(0.,1.,0.));
#6395=DIRECTION('ref_axis',(-1.,0.,0.));
#6396=DIRECTION('',(0.,0.,1.));
#6397=DIRECTION('',(1.,0.,0.));
#6398=DIRECTION('',(0.,0.,-1.));
#6399=DIRECTION('center_axis',(1.,0.,0.));
#6400=DIRECTION('ref_axis',(0.,0.,-1.));
#6401=DIRECTION('',(0.,1.,0.));
#6402=DIRECTION('',(0.,0.,-1.));
#6403=DIRECTION('',(0.,1.,0.));
#6404=DIRECTION('center_axis',(-1.,0.,0.));
#6405=DIRECTION('ref_axis',(0.,-0.70710678118656,0.707106781186535));
#6406=DIRECTION('center_axis',(-1.,0.,0.));
#6407=DIRECTION('ref_axis',(0.,-0.70710678118656,0.707106781186535));
#6408=DIRECTION('center_axis',(1.,0.,0.));
#6409=DIRECTION('ref_axis',(0.,-0.70710678118656,0.707106781186535));
#6410=DIRECTION('',(-1.,0.,0.));
#6411=DIRECTION('center_axis',(0.,0.,1.));
#6412=DIRECTION('ref_axis',(1.,0.,0.));
#6413=DIRECTION('',(1.,0.,0.));
#6414=DIRECTION('',(0.,1.,0.));
#6415=DIRECTION('center_axis',(1.28214732502643E-15,0.,-1.));
#6416=DIRECTION('ref_axis',(-1.,0.,-1.28214732502643E-15));
#6417=DIRECTION('',(0.,1.,0.));
#6418=DIRECTION('',(-1.,0.,-1.28214732502643E-15));
#6419=DIRECTION('center_axis',(-1.,0.,0.));
#6420=DIRECTION('ref_axis',(0.,0.,1.));
#6421=DIRECTION('',(0.,0.,1.));
#6422=DIRECTION('center_axis',(0.,1.,0.));
#6423=DIRECTION('ref_axis',(0.,0.,1.));
#6424=DIRECTION('center_axis',(1.,0.,1.28214732502643E-15));
#6425=DIRECTION('ref_axis',(0.,-0.707106781186546,-0.707106781186549));
#6426=DIRECTION('center_axis',(-1.,0.,0.));
#6427=DIRECTION('ref_axis',(0.,-0.707106781186546,-0.707106781186549));
#6428=DIRECTION('',(-1.,0.,-1.28214732502643E-15));
#6429=DIRECTION('center_axis',(1.,0.,0.));
#6430=DIRECTION('ref_axis',(0.,-0.707106781186546,-0.707106781186549));
#6431=DIRECTION('',(1.,0.,1.28214732502643E-15));
#6432=DIRECTION('center_axis',(0.,1.,0.));
#6433=DIRECTION('ref_axis',(-1.,0.,0.));
#6434=DIRECTION('',(0.,0.,1.));
#6435=DIRECTION('',(1.,0.,0.));
#6436=DIRECTION('',(0.,0.,-1.));
#6437=DIRECTION('center_axis',(1.,0.,0.));
#6438=DIRECTION('ref_axis',(0.,0.,-1.));
#6439=DIRECTION('',(0.,1.,0.));
#6440=DIRECTION('',(0.,0.,-1.));
#6441=DIRECTION('',(0.,1.,0.));
#6442=DIRECTION('center_axis',(-1.,0.,0.));
#6443=DIRECTION('ref_axis',(0.,-0.70710678118656,0.707106781186535));
#6444=DIRECTION('center_axis',(-1.,0.,0.));
#6445=DIRECTION('ref_axis',(0.,-0.70710678118656,0.707106781186535));
#6446=DIRECTION('center_axis',(1.,0.,0.));
#6447=DIRECTION('ref_axis',(0.,-0.70710678118656,0.707106781186535));
#6448=DIRECTION('',(-1.,0.,0.));
#6449=DIRECTION('center_axis',(0.,0.,1.));
#6450=DIRECTION('ref_axis',(1.,0.,0.));
#6451=DIRECTION('',(1.,0.,0.));
#6452=DIRECTION('',(0.,1.,0.));
#6453=DIRECTION('center_axis',(1.28214732502643E-15,0.,-1.));
#6454=DIRECTION('ref_axis',(-1.,0.,-1.28214732502643E-15));
#6455=DIRECTION('',(0.,1.,0.));
#6456=DIRECTION('',(-1.,0.,-1.28214732502643E-15));
#6457=DIRECTION('center_axis',(-1.,0.,0.));
#6458=DIRECTION('ref_axis',(0.,0.,1.));
#6459=DIRECTION('',(0.,0.,1.));
#6460=DIRECTION('center_axis',(0.,1.,0.));
#6461=DIRECTION('ref_axis',(0.,0.,1.));
#6462=DIRECTION('center_axis',(1.,0.,1.28214732502643E-15));
#6463=DIRECTION('ref_axis',(0.,-0.707106781186546,-0.707106781186549));
#6464=DIRECTION('center_axis',(-1.,0.,0.));
#6465=DIRECTION('ref_axis',(0.,-0.707106781186546,-0.707106781186549));
#6466=DIRECTION('',(-1.,0.,-1.28214732502643E-15));
#6467=DIRECTION('center_axis',(1.,0.,0.));
#6468=DIRECTION('ref_axis',(0.,-0.707106781186546,-0.707106781186549));
#6469=DIRECTION('',(1.,0.,1.28214732502643E-15));
#6470=DIRECTION('center_axis',(0.,1.,0.));
#6471=DIRECTION('ref_axis',(-1.,0.,0.));
#6472=DIRECTION('',(0.,0.,1.));
#6473=DIRECTION('',(1.,0.,0.));
#6474=DIRECTION('',(0.,0.,-1.));
#6475=DIRECTION('center_axis',(1.,0.,0.));
#6476=DIRECTION('ref_axis',(0.,0.,-1.));
#6477=DIRECTION('',(0.,1.,0.));
#6478=DIRECTION('',(0.,0.,-1.));
#6479=DIRECTION('',(0.,1.,0.));
#6480=DIRECTION('center_axis',(-1.,0.,0.));
#6481=DIRECTION('ref_axis',(0.,-0.70710678118656,0.707106781186535));
#6482=DIRECTION('center_axis',(-1.,0.,0.));
#6483=DIRECTION('ref_axis',(0.,-0.70710678118656,0.707106781186535));
#6484=DIRECTION('center_axis',(1.,0.,0.));
#6485=DIRECTION('ref_axis',(0.,-0.70710678118656,0.707106781186535));
#6486=DIRECTION('',(-1.,0.,0.));
#6487=DIRECTION('center_axis',(0.,0.,1.));
#6488=DIRECTION('ref_axis',(1.,0.,0.));
#6489=DIRECTION('',(1.,0.,0.));
#6490=DIRECTION('',(0.,1.,0.));
#6491=DIRECTION('center_axis',(1.28214732502643E-15,0.,-1.));
#6492=DIRECTION('ref_axis',(-1.,0.,-1.28214732502643E-15));
#6493=DIRECTION('',(0.,1.,0.));
#6494=DIRECTION('',(-1.,0.,-1.28214732502643E-15));
#6495=DIRECTION('center_axis',(-1.,0.,0.));
#6496=DIRECTION('ref_axis',(0.,0.,1.));
#6497=DIRECTION('',(0.,0.,1.));
#6498=DIRECTION('center_axis',(0.,1.,0.));
#6499=DIRECTION('ref_axis',(0.,0.,1.));
#6500=DIRECTION('center_axis',(1.,0.,1.28214732502643E-15));
#6501=DIRECTION('ref_axis',(0.,-0.707106781186546,-0.707106781186549));
#6502=DIRECTION('center_axis',(-1.,0.,0.));
#6503=DIRECTION('ref_axis',(0.,-0.707106781186546,-0.707106781186549));
#6504=DIRECTION('',(-1.,0.,-1.28214732502643E-15));
#6505=DIRECTION('center_axis',(1.,0.,0.));
#6506=DIRECTION('ref_axis',(0.,-0.707106781186546,-0.707106781186549));
#6507=DIRECTION('',(1.,0.,1.28214732502643E-15));
#6508=DIRECTION('center_axis',(0.,1.,0.));
#6509=DIRECTION('ref_axis',(-1.,0.,0.));
#6510=DIRECTION('',(0.,0.,1.));
#6511=DIRECTION('',(1.,0.,0.));
#6512=DIRECTION('',(0.,0.,-1.));
#6513=DIRECTION('center_axis',(1.,0.,0.));
#6514=DIRECTION('ref_axis',(0.,0.,-1.));
#6515=DIRECTION('',(0.,1.,0.));
#6516=DIRECTION('',(0.,0.,-1.));
#6517=DIRECTION('',(0.,1.,0.));
#6518=DIRECTION('center_axis',(-1.,0.,0.));
#6519=DIRECTION('ref_axis',(0.,-0.70710678118656,0.707106781186535));
#6520=DIRECTION('center_axis',(-1.,0.,0.));
#6521=DIRECTION('ref_axis',(0.,-0.70710678118656,0.707106781186535));
#6522=DIRECTION('center_axis',(1.,0.,0.));
#6523=DIRECTION('ref_axis',(0.,-0.70710678118656,0.707106781186535));
#6524=DIRECTION('',(-1.,0.,0.));
#6525=DIRECTION('center_axis',(0.,0.,1.));
#6526=DIRECTION('ref_axis',(1.,0.,0.));
#6527=DIRECTION('',(1.,0.,0.));
#6528=DIRECTION('',(0.,1.,0.));
#6529=DIRECTION('center_axis',(1.28214732502643E-15,0.,-1.));
#6530=DIRECTION('ref_axis',(-1.,0.,-1.28214732502643E-15));
#6531=DIRECTION('',(0.,1.,0.));
#6532=DIRECTION('',(-1.,0.,-1.28214732502643E-15));
#6533=DIRECTION('center_axis',(-1.,0.,0.));
#6534=DIRECTION('ref_axis',(0.,0.,1.));
#6535=DIRECTION('',(0.,0.,1.));
#6536=DIRECTION('center_axis',(0.,1.,0.));
#6537=DIRECTION('ref_axis',(0.,0.,1.));
#6538=DIRECTION('center_axis',(1.,0.,1.28214732502643E-15));
#6539=DIRECTION('ref_axis',(0.,-0.707106781186546,-0.707106781186549));
#6540=DIRECTION('center_axis',(-1.,0.,0.));
#6541=DIRECTION('ref_axis',(0.,-0.707106781186546,-0.707106781186549));
#6542=DIRECTION('',(-1.,0.,-1.28214732502643E-15));
#6543=DIRECTION('center_axis',(1.,0.,0.));
#6544=DIRECTION('ref_axis',(0.,-0.707106781186546,-0.707106781186549));
#6545=DIRECTION('',(1.,0.,1.28214732502643E-15));
#6546=DIRECTION('center_axis',(0.,1.,0.));
#6547=DIRECTION('ref_axis',(-1.,0.,0.));
#6548=DIRECTION('',(0.,0.,1.));
#6549=DIRECTION('',(1.,0.,0.));
#6550=DIRECTION('',(0.,0.,1.));
#6551=DIRECTION('center_axis',(1.,0.,0.));
#6552=DIRECTION('ref_axis',(0.,0.,-1.));
#6553=DIRECTION('',(0.,1.,0.));
#6554=DIRECTION('',(0.,0.,-1.));
#6555=DIRECTION('',(0.,1.,0.));
#6556=DIRECTION('center_axis',(-1.,0.,0.));
#6557=DIRECTION('ref_axis',(0.,-0.70710678118656,0.707106781186535));
#6558=DIRECTION('center_axis',(-1.,0.,0.));
#6559=DIRECTION('ref_axis',(0.,-0.70710678118656,0.707106781186535));
#6560=DIRECTION('center_axis',(1.,0.,0.));
#6561=DIRECTION('ref_axis',(0.,-0.70710678118656,0.707106781186535));
#6562=DIRECTION('',(-1.,0.,0.));
#6563=DIRECTION('center_axis',(0.,0.,1.));
#6564=DIRECTION('ref_axis',(1.,0.,0.));
#6565=DIRECTION('',(1.,0.,0.));
#6566=DIRECTION('',(0.,1.,0.));
#6567=DIRECTION('center_axis',(1.28214732502643E-15,0.,-1.));
#6568=DIRECTION('ref_axis',(-1.,0.,-1.28214732502643E-15));
#6569=DIRECTION('',(0.,1.,0.));
#6570=DIRECTION('',(-1.,0.,-1.28214732502643E-15));
#6571=DIRECTION('center_axis',(-1.,0.,0.));
#6572=DIRECTION('ref_axis',(0.,0.,1.));
#6573=DIRECTION('',(0.,0.,1.));
#6574=DIRECTION('center_axis',(0.,1.,0.));
#6575=DIRECTION('ref_axis',(0.,0.,1.));
#6576=DIRECTION('center_axis',(1.,0.,1.28214732502643E-15));
#6577=DIRECTION('ref_axis',(0.,-0.707106781186546,-0.707106781186549));
#6578=DIRECTION('center_axis',(-1.,0.,0.));
#6579=DIRECTION('ref_axis',(0.,-0.707106781186546,-0.707106781186549));
#6580=DIRECTION('',(-1.,0.,-1.28214732502643E-15));
#6581=DIRECTION('center_axis',(1.,0.,0.));
#6582=DIRECTION('ref_axis',(0.,-0.707106781186546,-0.707106781186549));
#6583=DIRECTION('',(1.,0.,1.28214732502643E-15));
#6584=DIRECTION('center_axis',(0.,1.,0.));
#6585=DIRECTION('ref_axis',(-1.,0.,0.));
#6586=DIRECTION('',(0.,0.,1.));
#6587=DIRECTION('',(1.,0.,0.));
#6588=DIRECTION('',(0.,0.,-1.));
#6589=DIRECTION('center_axis',(1.,0.,0.));
#6590=DIRECTION('ref_axis',(0.,0.,-1.));
#6591=DIRECTION('',(0.,1.,0.));
#6592=DIRECTION('',(0.,0.,-1.));
#6593=DIRECTION('',(0.,1.,0.));
#6594=DIRECTION('center_axis',(-1.,0.,0.));
#6595=DIRECTION('ref_axis',(0.,-0.70710678118656,0.707106781186535));
#6596=DIRECTION('center_axis',(-1.,0.,0.));
#6597=DIRECTION('ref_axis',(0.,-0.70710678118656,0.707106781186535));
#6598=DIRECTION('center_axis',(1.,0.,0.));
#6599=DIRECTION('ref_axis',(0.,-0.70710678118656,0.707106781186535));
#6600=DIRECTION('',(-1.,0.,0.));
#6601=DIRECTION('center_axis',(0.,0.,1.));
#6602=DIRECTION('ref_axis',(1.,0.,0.));
#6603=DIRECTION('',(1.,0.,0.));
#6604=DIRECTION('',(0.,1.,0.));
#6605=DIRECTION('center_axis',(1.28214732502643E-15,0.,-1.));
#6606=DIRECTION('ref_axis',(-1.,0.,-1.28214732502643E-15));
#6607=DIRECTION('',(0.,1.,0.));
#6608=DIRECTION('',(-1.,0.,-1.28214732502643E-15));
#6609=DIRECTION('center_axis',(-1.,0.,0.));
#6610=DIRECTION('ref_axis',(0.,0.,1.));
#6611=DIRECTION('',(0.,0.,1.));
#6612=DIRECTION('center_axis',(0.,1.,0.));
#6613=DIRECTION('ref_axis',(0.,0.,1.));
#6614=DIRECTION('center_axis',(1.,0.,1.28214732502643E-15));
#6615=DIRECTION('ref_axis',(0.,-0.707106781186546,-0.707106781186549));
#6616=DIRECTION('center_axis',(-1.,0.,1.45698559662094E-16));
#6617=DIRECTION('ref_axis',(0.,-0.707106781186546,-0.707106781186549));
#6618=DIRECTION('',(-1.,0.,-1.28214732502643E-15));
#6619=DIRECTION('center_axis',(1.,0.,0.));
#6620=DIRECTION('ref_axis',(0.,-0.707106781186546,-0.707106781186549));
#6621=DIRECTION('',(1.,0.,1.28214732502643E-15));
#6622=DIRECTION('center_axis',(0.,1.,0.));
#6623=DIRECTION('ref_axis',(-1.,0.,0.));
#6624=DIRECTION('',(1.45698559662094E-16,0.,1.));
#6625=DIRECTION('',(1.,0.,0.));
#6626=DIRECTION('',(0.,0.,-1.));
#6627=DIRECTION('center_axis',(1.,0.,-1.45698559662094E-16));
#6628=DIRECTION('ref_axis',(-1.45698559662094E-16,0.,-1.));
#6629=DIRECTION('',(0.,1.,0.));
#6630=DIRECTION('',(-1.45698559662094E-16,0.,-1.));
#6631=DIRECTION('',(0.,1.,0.));
#6632=DIRECTION('center_axis',(-1.,0.,1.45698559662094E-16));
#6633=DIRECTION('ref_axis',(0.,-0.70710678118656,0.707106781186535));
#6634=DIRECTION('center_axis',(-1.,0.,0.));
#6635=DIRECTION('ref_axis',(0.,-0.70710678118656,0.707106781186535));
#6636=DIRECTION('center_axis',(1.,0.,0.));
#6637=DIRECTION('ref_axis',(0.,-0.70710678118656,0.707106781186535));
#6638=DIRECTION('',(-1.,0.,0.));
#6639=DIRECTION('center_axis',(0.,0.,1.));
#6640=DIRECTION('ref_axis',(1.,0.,0.));
#6641=DIRECTION('',(1.,0.,0.));
#6642=DIRECTION('',(0.,1.,0.));
#6643=DIRECTION('center_axis',(1.28214732502643E-15,0.,-1.));
#6644=DIRECTION('ref_axis',(-1.,0.,-1.28214732502643E-15));
#6645=DIRECTION('',(0.,1.,0.));
#6646=DIRECTION('',(-1.,0.,-1.28214732502643E-15));
#6647=DIRECTION('center_axis',(-1.,0.,0.));
#6648=DIRECTION('ref_axis',(0.,0.,1.));
#6649=DIRECTION('',(0.,0.,1.));
#6650=DIRECTION('center_axis',(0.,1.,0.));
#6651=DIRECTION('ref_axis',(0.,0.,1.));
#6652=DIRECTION('center_axis',(0.,0.,1.));
#6653=DIRECTION('ref_axis',(-1.,4.45165610638947E-48,0.));
#6654=DIRECTION('',(1.,-4.45165610638947E-48,0.));
#6655=DIRECTION('',(-4.45165610638947E-48,-1.,0.));
#6656=DIRECTION('',(-1.,4.45165610638947E-48,0.));
#6657=DIRECTION('',(-4.45165610638947E-48,-1.,0.));
#6658=DIRECTION('center_axis',(1.,-4.45165610638947E-48,0.));
#6659=DIRECTION('ref_axis',(0.,0.,1.));
#6660=DIRECTION('',(0.,0.,-1.));
#6661=DIRECTION('',(0.,0.,1.));
#6662=DIRECTION('',(-4.45165610638947E-48,-1.,0.));
#6663=DIRECTION('center_axis',(0.,0.,-1.));
#6664=DIRECTION('ref_axis',(1.,-4.45165610638947E-48,0.));
#6665=DIRECTION('',(-1.,4.45165610638947E-48,0.));
#6666=DIRECTION('',(1.,-4.45165610638947E-48,0.));
#6667=DIRECTION('',(-4.45165610638947E-48,-1.,0.));
#6668=DIRECTION('center_axis',(-1.,4.45165610638947E-48,0.));
#6669=DIRECTION('ref_axis',(0.,0.,-1.));
#6670=DIRECTION('',(0.,0.,1.));
#6671=DIRECTION('',(0.,0.,-1.));
#6672=DIRECTION('center_axis',(4.45165610638947E-48,1.,0.));
#6673=DIRECTION('ref_axis',(-1.,4.45165610638947E-48,0.));
#6674=DIRECTION('center_axis',(-4.45165610638947E-48,-1.,0.));
#6675=DIRECTION('ref_axis',(0.,0.,-1.));
#6676=DIRECTION('center_axis',(0.,0.,1.));
#6677=DIRECTION('ref_axis',(-1.,0.,0.));
#6678=DIRECTION('',(1.,0.,0.));
#6679=DIRECTION('',(0.,-1.,0.));
#6680=DIRECTION('',(-1.,0.,0.));
#6681=DIRECTION('',(0.,-1.,0.));
#6682=DIRECTION('center_axis',(1.,0.,0.));
#6683=DIRECTION('ref_axis',(0.,0.,1.));
#6684=DIRECTION('',(0.,0.,-1.));
#6685=DIRECTION('',(0.,0.,1.));
#6686=DIRECTION('',(0.,-1.,0.));
#6687=DIRECTION('center_axis',(0.,0.,-1.));
#6688=DIRECTION('ref_axis',(1.,0.,0.));
#6689=DIRECTION('',(-1.,0.,0.));
#6690=DIRECTION('',(1.,0.,0.));
#6691=DIRECTION('',(0.,-1.,0.));
#6692=DIRECTION('center_axis',(-1.,0.,0.));
#6693=DIRECTION('ref_axis',(0.,0.,-1.));
#6694=DIRECTION('',(0.,0.,1.));
#6695=DIRECTION('',(0.,0.,-1.));
#6696=DIRECTION('center_axis',(0.,1.,0.));
#6697=DIRECTION('ref_axis',(-1.,0.,0.));
#6698=DIRECTION('center_axis',(0.,-1.,0.));
#6699=DIRECTION('ref_axis',(0.,0.,-1.));
#6700=DIRECTION('center_axis',(0.,0.,1.));
#6701=DIRECTION('ref_axis',(-1.,0.,0.));
#6702=DIRECTION('',(1.,0.,0.));
#6703=DIRECTION('',(0.,-1.,0.));
#6704=DIRECTION('',(-1.,0.,0.));
#6705=DIRECTION('',(0.,-1.,0.));
#6706=DIRECTION('center_axis',(1.,0.,0.));
#6707=DIRECTION('ref_axis',(0.,0.,1.));
#6708=DIRECTION('',(0.,0.,-1.));
#6709=DIRECTION('',(0.,0.,1.));
#6710=DIRECTION('',(0.,-1.,0.));
#6711=DIRECTION('center_axis',(0.,0.,-1.));
#6712=DIRECTION('ref_axis',(1.,0.,0.));
#6713=DIRECTION('',(-1.,0.,0.));
#6714=DIRECTION('',(1.,0.,0.));
#6715=DIRECTION('',(0.,-1.,0.));
#6716=DIRECTION('center_axis',(-1.,0.,0.));
#6717=DIRECTION('ref_axis',(0.,0.,-1.));
#6718=DIRECTION('',(0.,0.,1.));
#6719=DIRECTION('',(0.,0.,-1.));
#6720=DIRECTION('center_axis',(0.,1.,0.));
#6721=DIRECTION('ref_axis',(-1.,0.,0.));
#6722=DIRECTION('center_axis',(0.,-1.,0.));
#6723=DIRECTION('ref_axis',(0.,0.,-1.));
#6724=DIRECTION('center_axis',(-1.,0.,0.));
#6725=DIRECTION('ref_axis',(0.,-1.,0.));
#6726=DIRECTION('center_axis',(1.,0.,0.));
#6727=DIRECTION('ref_axis',(0.,-1.,0.));
#6728=DIRECTION('center_axis',(-1.,0.,0.));
#6729=DIRECTION('ref_axis',(0.,-1.,0.));
#6730=DIRECTION('center_axis',(-1.,0.,0.));
#6731=DIRECTION('ref_axis',(0.,-1.,0.));
#6732=DIRECTION('',(1.,0.,0.));
#6733=DIRECTION('center_axis',(-1.,0.,0.));
#6734=DIRECTION('ref_axis',(0.,-1.,0.));
#6735=DIRECTION('center_axis',(-1.,0.,0.));
#6736=DIRECTION('ref_axis',(0.,-1.,0.));
#6737=DIRECTION('center_axis',(1.,0.,0.));
#6738=DIRECTION('ref_axis',(0.,-1.,0.));
#6739=DIRECTION('center_axis',(-1.,0.,0.));
#6740=DIRECTION('ref_axis',(0.,-1.,0.));
#6741=DIRECTION('center_axis',(-1.,0.,0.));
#6742=DIRECTION('ref_axis',(0.,-1.,0.));
#6743=DIRECTION('',(1.,0.,0.));
#6744=DIRECTION('center_axis',(-1.,0.,0.));
#6745=DIRECTION('ref_axis',(0.,-1.,0.));
#6746=DIRECTION('center_axis',(1.,0.,0.));
#6747=DIRECTION('ref_axis',(0.,1.,0.));
#6748=DIRECTION('center_axis',(1.,0.,0.));
#6749=DIRECTION('ref_axis',(0.,1.,0.));
#6750=DIRECTION('center_axis',(-1.,0.,0.));
#6751=DIRECTION('ref_axis',(0.,1.,0.));
#6752=DIRECTION('center_axis',(1.,0.,0.));
#6753=DIRECTION('ref_axis',(0.,1.,0.));
#6754=DIRECTION('center_axis',(1.,0.,0.));
#6755=DIRECTION('ref_axis',(0.,1.,0.));
#6756=DIRECTION('center_axis',(-1.,0.,0.));
#6757=DIRECTION('ref_axis',(0.,1.,0.));
#6758=DIRECTION('center_axis',(1.,0.,0.));
#6759=DIRECTION('ref_axis',(0.,1.,0.));
#6760=DIRECTION('center_axis',(1.,0.,0.));
#6761=DIRECTION('ref_axis',(0.,1.,0.));
#6762=DIRECTION('',(1.,0.,0.));
#6763=DIRECTION('center_axis',(1.,0.,0.));
#6764=DIRECTION('ref_axis',(0.,1.,0.));
#6765=DIRECTION('center_axis',(1.,0.,0.));
#6766=DIRECTION('ref_axis',(0.,1.,0.));
#6767=DIRECTION('',(1.,0.,0.));
#6768=DIRECTION('center_axis',(1.,0.,0.));
#6769=DIRECTION('ref_axis',(0.,1.,0.));
#6770=DIRECTION('center_axis',(-1.,0.,0.));
#6771=DIRECTION('ref_axis',(0.,1.,0.));
#6772=DIRECTION('',(-1.,0.,0.));
#6773=DIRECTION('center_axis',(1.,0.,0.));
#6774=DIRECTION('ref_axis',(0.,1.,0.));
#6775=DIRECTION('center_axis',(-1.,0.,0.));
#6776=DIRECTION('ref_axis',(0.,1.,0.));
#6777=DIRECTION('',(-1.,0.,0.));
#6778=DIRECTION('center_axis',(0.,5.27529267742065E-17,-1.));
#6779=DIRECTION('ref_axis',(0.,1.,5.27529267742065E-17));
#6780=DIRECTION('',(0.,1.,5.27529267742065E-17));
#6781=DIRECTION('',(1.,0.,0.));
#6782=DIRECTION('',(0.,1.,5.27529267742065E-17));
#6783=DIRECTION('',(1.,0.,0.));
#6784=DIRECTION('center_axis',(1.,0.,0.));
#6785=DIRECTION('ref_axis',(0.,-1.,-2.18547839493141E-16));
#6786=DIRECTION('center_axis',(1.,0.,0.));
#6787=DIRECTION('ref_axis',(0.,-1.,-2.18547839493141E-16));
#6788=DIRECTION('center_axis',(1.,0.,0.));
#6789=DIRECTION('ref_axis',(0.,-1.,-2.18547839493141E-16));
#6790=DIRECTION('',(1.,0.,0.));
#6791=DIRECTION('center_axis',(0.,-1.,-4.13220704924006E-17));
#6792=DIRECTION('ref_axis',(0.,4.13220704924006E-17,-1.));
#6793=DIRECTION('',(0.,4.13220704924006E-17,-1.));
#6794=DIRECTION('',(0.,4.13220704924006E-17,-1.));
#6795=DIRECTION('',(1.,0.,0.));
#6796=DIRECTION('center_axis',(0.,0.,1.));
#6797=DIRECTION('ref_axis',(0.,-1.,0.));
#6798=DIRECTION('',(0.,1.,0.));
#6799=DIRECTION('',(0.,-1.,0.));
#6800=DIRECTION('',(1.,0.,0.));
#6801=DIRECTION('center_axis',(0.,1.,-1.45698559662094E-17));
#6802=DIRECTION('ref_axis',(0.,1.45698559662094E-17,1.));
#6803=DIRECTION('',(0.,1.45698559662094E-17,1.));
#6804=DIRECTION('',(0.,1.45698559662094E-17,1.));
#6805=DIRECTION('center_axis',(1.,0.,0.));
#6806=DIRECTION('ref_axis',(0.,1.,0.));
#6807=DIRECTION('center_axis',(1.,0.,0.));
#6808=DIRECTION('ref_axis',(0.,1.,0.));
#6809=DIRECTION('center_axis',(1.,0.,0.));
#6810=DIRECTION('ref_axis',(0.,1.,0.));
#6811=DIRECTION('center_axis',(1.,0.,0.));
#6812=DIRECTION('ref_axis',(0.,1.,0.));
#6813=DIRECTION('center_axis',(-1.,0.,0.));
#6814=DIRECTION('ref_axis',(0.,1.,0.));
#6815=DIRECTION('center_axis',(1.,0.,0.));
#6816=DIRECTION('ref_axis',(0.,1.,0.));
#6817=DIRECTION('center_axis',(1.,0.,0.));
#6818=DIRECTION('ref_axis',(0.,1.,0.));
#6819=DIRECTION('',(1.,0.,0.));
#6820=DIRECTION('center_axis',(1.,0.,0.));
#6821=DIRECTION('ref_axis',(0.,1.,0.));
#6822=DIRECTION('center_axis',(-1.,0.,0.));
#6823=DIRECTION('ref_axis',(0.,1.,0.));
#6824=DIRECTION('',(-1.,0.,0.));
#6825=DIRECTION('center_axis',(1.,0.,0.));
#6826=DIRECTION('ref_axis',(0.,-0.50000000000002,-0.866025403784427));
#6827=DIRECTION('center_axis',(1.,0.,0.));
#6828=DIRECTION('ref_axis',(0.,-0.50000000000002,-0.866025403784427));
#6829=DIRECTION('',(1.,0.,0.));
#6830=DIRECTION('center_axis',(1.,0.,0.));
#6831=DIRECTION('ref_axis',(0.,-0.50000000000002,-0.866025403784427));
#6832=DIRECTION('',(1.,0.,0.));
#6833=DIRECTION('center_axis',(0.,-0.500000000000002,-0.866025403784438));
#6834=DIRECTION('ref_axis',(0.,0.866025403784438,-0.500000000000001));
#6835=DIRECTION('',(0.,0.866025403784438,-0.500000000000001));
#6836=DIRECTION('',(0.,0.866025403784438,-0.500000000000001));
#6837=DIRECTION('',(1.,0.,0.));
#6838=DIRECTION('center_axis',(1.,0.,0.));
#6839=DIRECTION('ref_axis',(0.,-8.4368894386975E-5,0.999999996440945));
#6840=DIRECTION('center_axis',(1.,0.,0.));
#6841=DIRECTION('ref_axis',(0.,-8.4368894386975E-5,0.999999996440945));
#6842=DIRECTION('center_axis',(1.,0.,0.));
#6843=DIRECTION('ref_axis',(0.,-8.4368894386975E-5,0.999999996440945));
#6844=DIRECTION('',(1.,0.,0.));
#6845=DIRECTION('center_axis',(0.,-8.43688943593185E-5,0.999999996440945));
#6846=DIRECTION('ref_axis',(0.,-0.999999996440945,-8.43688943593185E-5));
#6847=DIRECTION('',(0.,-0.999999996440945,-8.43688943593185E-5));
#6848=DIRECTION('',(0.,-0.999999996440945,-8.43688943593185E-5));
#6849=DIRECTION('',(1.,0.,0.));
#6850=DIRECTION('center_axis',(0.,0.5,0.866025403784438));
#6851=DIRECTION('ref_axis',(0.,-0.866025403784438,0.5));
#6852=DIRECTION('',(0.,-0.866025403784438,0.5));
#6853=DIRECTION('',(0.,-0.866025403784438,0.5));
#6854=DIRECTION('',(1.,0.,0.));
#6855=DIRECTION('center_axis',(1.,0.,0.));
#6856=DIRECTION('ref_axis',(0.,1.,0.));
#6857=DIRECTION('center_axis',(1.,0.,0.));
#6858=DIRECTION('ref_axis',(0.,1.,0.));
#6859=DIRECTION('center_axis',(1.,0.,0.));
#6860=DIRECTION('ref_axis',(0.,1.,0.));
#6861=DIRECTION('',(1.,0.,0.));
#6862=DIRECTION('center_axis',(0.,1.,-1.35594971422038E-15));
#6863=DIRECTION('ref_axis',(0.,1.35594971422038E-15,1.));
#6864=DIRECTION('',(0.,1.35594971422038E-15,1.));
#6865=DIRECTION('',(0.,1.35594971422038E-15,1.));
#6866=DIRECTION('center_axis',(1.,0.,0.));
#6867=DIRECTION('ref_axis',(0.,1.,0.));
#6868=DIRECTION('center_axis',(1.,0.,0.));
#6869=DIRECTION('ref_axis',(0.,1.,0.));
#6870=DIRECTION('center_axis',(1.,0.,0.));
#6871=DIRECTION('ref_axis',(0.,1.,0.));
#6872=DIRECTION('center_axis',(1.,0.,0.));
#6873=DIRECTION('ref_axis',(0.,1.,0.));
#6874=DIRECTION('center_axis',(-1.,0.,0.));
#6875=DIRECTION('ref_axis',(0.,1.,0.));
#6876=DIRECTION('center_axis',(1.,0.,0.));
#6877=DIRECTION('ref_axis',(0.,1.,0.));
#6878=DIRECTION('center_axis',(1.,0.,0.));
#6879=DIRECTION('ref_axis',(0.,1.,0.));
#6880=DIRECTION('center_axis',(-1.,0.,0.));
#6881=DIRECTION('ref_axis',(0.,1.,0.));
#6882=DIRECTION('center_axis',(1.,0.,0.));
#6883=DIRECTION('ref_axis',(0.,1.,0.));
#6884=DIRECTION('center_axis',(1.,0.,0.));
#6885=DIRECTION('ref_axis',(0.,1.,0.));
#6886=DIRECTION('',(1.,0.,0.));
#6887=DIRECTION('center_axis',(1.,0.,0.));
#6888=DIRECTION('ref_axis',(0.,1.,0.));
#6889=DIRECTION('center_axis',(1.,0.,0.));
#6890=DIRECTION('ref_axis',(0.,1.,0.));
#6891=DIRECTION('',(1.,0.,0.));
#6892=DIRECTION('center_axis',(1.,0.,0.));
#6893=DIRECTION('ref_axis',(0.,1.,0.));
#6894=DIRECTION('center_axis',(-1.,0.,0.));
#6895=DIRECTION('ref_axis',(0.,1.,0.));
#6896=DIRECTION('',(-1.,0.,0.));
#6897=DIRECTION('center_axis',(1.,0.,0.));
#6898=DIRECTION('ref_axis',(0.,1.,0.));
#6899=DIRECTION('center_axis',(-1.,0.,0.));
#6900=DIRECTION('ref_axis',(0.,1.,0.));
#6901=DIRECTION('',(-1.,0.,0.));
#6902=DIRECTION('center_axis',(0.,-1.,-4.13220704924006E-17));
#6903=DIRECTION('ref_axis',(0.,4.13220704924006E-17,-1.));
#6904=DIRECTION('',(0.,4.13220704924006E-17,-1.));
#6905=DIRECTION('',(1.,0.,0.));
#6906=DIRECTION('',(0.,4.13220704924006E-17,-1.));
#6907=DIRECTION('',(1.,0.,0.));
#6908=DIRECTION('center_axis',(0.,0.,1.));
#6909=DIRECTION('ref_axis',(0.,-1.,0.));
#6910=DIRECTION('',(0.,1.,0.));
#6911=DIRECTION('',(0.,-1.,0.));
#6912=DIRECTION('',(1.,0.,0.));
#6913=DIRECTION('center_axis',(0.,1.,0.));
#6914=DIRECTION('ref_axis',(0.,0.,1.));
#6915=DIRECTION('',(0.,0.,1.));
#6916=DIRECTION('',(0.,0.,1.));
#6917=DIRECTION('',(1.,0.,0.));
#6918=DIRECTION('center_axis',(0.,-9.99075837682931E-16,-1.));
#6919=DIRECTION('ref_axis',(0.,1.,-9.99075837682931E-16));
#6920=DIRECTION('',(0.,1.,-9.99075837682931E-16));
#6921=DIRECTION('',(0.,1.,-9.99075837682931E-16));
#6922=DIRECTION('',(1.,0.,0.));
#6923=DIRECTION('center_axis',(1.,0.,0.));
#6924=DIRECTION('ref_axis',(0.,-1.,0.));
#6925=DIRECTION('center_axis',(1.,0.,0.));
#6926=DIRECTION('ref_axis',(0.,-1.,0.));
#6927=DIRECTION('center_axis',(1.,0.,0.));
#6928=DIRECTION('ref_axis',(0.,-1.,0.));
#6929=DIRECTION('center_axis',(1.,0.,0.));
#6930=DIRECTION('ref_axis',(0.,1.,0.));
#6931=DIRECTION('center_axis',(1.,0.,0.));
#6932=DIRECTION('ref_axis',(0.,1.,0.));
#6933=CARTESIAN_POINT('',(0.,0.,0.));
#6934=CARTESIAN_POINT('Origin',(-20.4375,0.05,0.0499999999999999));
#6935=CARTESIAN_POINT('',(-20.25,0.05,2.47418313219326E-32));
#6936=CARTESIAN_POINT('',(-20.25,0.,0.0499999999999999));
#6937=CARTESIAN_POINT('Origin',(-20.25,0.05,0.0499999999999999));
#6938=CARTESIAN_POINT('',(-21.,0.,0.0499999999999996));
#6939=CARTESIAN_POINT('',(-20.4375,0.,0.0499999999999999));
#6940=CARTESIAN_POINT('',(-21.,0.05,3.97781889083706E-32));
#6941=CARTESIAN_POINT('Origin',(-21.,0.05,0.0499999999999999));
#6942=CARTESIAN_POINT('',(-20.4375,0.05,0.));
#6943=CARTESIAN_POINT('Origin',(-20.25,0.,2.47418313219326E-32));
#6944=CARTESIAN_POINT('',(-21.,1.5,3.97781889083706E-32));
#6945=CARTESIAN_POINT('',(-21.,0.,3.97781889083706E-32));
#6946=CARTESIAN_POINT('',(-20.25,1.5,2.47418313219326E-32));
#6947=CARTESIAN_POINT('',(-21.,1.5,3.97781889083706E-32));
#6948=CARTESIAN_POINT('',(-20.25,0.,2.47418313219326E-32));
#6949=CARTESIAN_POINT('Origin',(-21.,0.,0.));
#6950=CARTESIAN_POINT('',(-21.,0.,11.95));
#6951=CARTESIAN_POINT('',(-21.,0.,12.));
#6952=CARTESIAN_POINT('',(-21.,0.05,12.));
#6953=CARTESIAN_POINT('Origin',(-21.,0.05,11.95));
#6954=CARTESIAN_POINT('',(-21.,1.5,12.));
#6955=CARTESIAN_POINT('',(-21.,0.,12.));
#6956=CARTESIAN_POINT('',(-21.,1.5,12.));
#6957=CARTESIAN_POINT('Origin',(-20.8125,0.05,11.95));
#6958=CARTESIAN_POINT('',(-20.25,0.,11.95));
#6959=CARTESIAN_POINT('',(-20.8125,0.,11.95));
#6960=CARTESIAN_POINT('',(-20.25,0.05,12.));
#6961=CARTESIAN_POINT('Origin',(-20.25,0.05,11.95));
#6962=CARTESIAN_POINT('',(-20.8125,0.05,12.));
#6963=CARTESIAN_POINT('Origin',(-21.,0.,12.));
#6964=CARTESIAN_POINT('',(-20.25,1.5,12.));
#6965=CARTESIAN_POINT('',(-20.25,0.,12.));
#6966=CARTESIAN_POINT('',(-20.25,1.5,12.));
#6967=CARTESIAN_POINT('Origin',(-20.25,0.,12.));
#6968=CARTESIAN_POINT('',(-20.25,1.5,2.47418313219326E-32));
#6969=CARTESIAN_POINT('',(-20.25,0.,2.47418313219326E-32));
#6970=CARTESIAN_POINT('Origin',(-20.625,1.5,6.));
#6971=CARTESIAN_POINT('Origin',(-20.625,0.,6.));
#6972=CARTESIAN_POINT('Origin',(-0.1875,0.05,0.0500000000000003));
#6973=CARTESIAN_POINT('',(-0.750000000000002,0.,0.0500000000000003));
#6974=CARTESIAN_POINT('',(-0.750000000000002,0.05,0.));
#6975=CARTESIAN_POINT('Origin',(-0.750000000000002,0.05,0.0500000000000003));
#6976=CARTESIAN_POINT('',(0.,0.05,0.));
#6977=CARTESIAN_POINT('',(-0.1875,0.05,0.));
#6978=CARTESIAN_POINT('',(0.,0.,0.0499999999999996));
#6979=CARTESIAN_POINT('Origin',(0.,0.05,0.0500000000000003));
#6980=CARTESIAN_POINT('',(-0.1875,0.,0.0500000000000003));
#6981=CARTESIAN_POINT('Origin',(0.,0.,0.));
#6982=CARTESIAN_POINT('',(-0.750000000000002,1.5,0.));
#6983=CARTESIAN_POINT('',(-0.750000000000002,0.,0.));
#6984=CARTESIAN_POINT('',(0.,1.5,0.));
#6985=CARTESIAN_POINT('',(0.,1.5,0.));
#6986=CARTESIAN_POINT('',(0.,0.,0.));
#6987=CARTESIAN_POINT('Origin',(-0.750000000000002,0.,0.));
#6988=CARTESIAN_POINT('',(-0.75,0.,11.95));
#6989=CARTESIAN_POINT('',(-0.750000000000002,0.,-0.999999999999997));
#6990=CARTESIAN_POINT('',(-0.75,0.05,12.));
#6991=CARTESIAN_POINT('Origin',(-0.750000000000002,0.05,11.95));
#6992=CARTESIAN_POINT('',(-0.75,1.5,12.));
#6993=CARTESIAN_POINT('',(-0.75,0.,12.));
#6994=CARTESIAN_POINT('',(-0.750000000000002,1.5,-0.999999999999997));
#6995=CARTESIAN_POINT('Origin',(-0.5625,0.05,11.95));
#6996=CARTESIAN_POINT('',(0.,0.,11.95));
#6997=CARTESIAN_POINT('',(0.,0.05,12.));
#6998=CARTESIAN_POINT('Origin',(0.,0.05,11.95));
#6999=CARTESIAN_POINT('',(-0.5625,0.05,12.));
#7000=CARTESIAN_POINT('',(-0.5625,0.,11.95));
#7001=CARTESIAN_POINT('Origin',(-0.75,0.,12.));
#7002=CARTESIAN_POINT('',(0.,1.5,12.));
#7003=CARTESIAN_POINT('',(0.,0.,12.));
#7004=CARTESIAN_POINT('',(-0.75,1.5,12.));
#7005=CARTESIAN_POINT('Origin',(0.,0.,12.));
#7006=CARTESIAN_POINT('',(0.,1.5,12.));
#7007=CARTESIAN_POINT('',(0.,0.,12.));
#7008=CARTESIAN_POINT('Origin',(-0.375000000000001,1.5,6.));
#7009=CARTESIAN_POINT('Origin',(-0.375000000000001,0.,6.));
#7010=CARTESIAN_POINT('Origin',(-14.4375,0.0529165124598887,6.96936250099644));
#7011=CARTESIAN_POINT('',(-18.75,0.752916512459889,6.96936250099644));
#7012=CARTESIAN_POINT('',(-18.75,0.402916512459888,7.57558028364555));
#7013=CARTESIAN_POINT('Origin',(-18.75,0.0529165124598887,6.96936250099644));
#7014=CARTESIAN_POINT('',(-18.,0.402916512459888,7.57558028364554));
#7015=CARTESIAN_POINT('',(-14.4375,0.40291651245989,7.57558028364554));
#7016=CARTESIAN_POINT('',(-18.,0.752916512459887,6.96936250099644));
#7017=CARTESIAN_POINT('Origin',(-18.,0.0529165124598887,6.96936250099644));
#7018=CARTESIAN_POINT('',(-14.4375,0.752916512459889,6.96936250099644));
#7019=CARTESIAN_POINT('Origin',(-18.,-3.57718891324553,8.99592281341143));
#7020=CARTESIAN_POINT('',(-18.,-2.49042370212634,9.24605103539408));
#7021=CARTESIAN_POINT('',(-18.,-3.19718891324553,9.6541021202876));
#7022=CARTESIAN_POINT('',(-18.,-3.82363055736707,9.24593855420535));
#7023=CARTESIAN_POINT('',(-18.,-4.01020161513775,9.24592281341143));
#7024=CARTESIAN_POINT('',(-18.,-3.84862633892235,9.15263728419408));
#7025=CARTESIAN_POINT('Origin',(-18.,-3.82362633892235,9.1959385543833));
#7026=CARTESIAN_POINT('',(-18.,0.677916512459887,6.53923655045016));
#7027=CARTESIAN_POINT('',(-18.,-3.57718891324553,8.99592281341143));
#7028=CARTESIAN_POINT('',(-18.,0.752916512459888,6.58253782063939));
#7029=CARTESIAN_POINT('Origin',(-18.,0.702916512459889,6.58253782063939));
#7030=CARTESIAN_POINT('',(-18.,0.752916512459887,7.98842046825158));
#7031=CARTESIAN_POINT('',(-18.,0.442500000000004,7.25827810917208));
#7032=CARTESIAN_POINT('Origin',(-18.,0.380000000000003,7.15002493369903));
#7033=CARTESIAN_POINT('Origin',(-18.375,-1.03212540378444,8.4041021202876));
#7034=CARTESIAN_POINT('',(-18.75,-2.49042370212634,9.24605103539408));
#7035=CARTESIAN_POINT('',(-18.75,7.19511593216773,3.6541021202876));
#7036=CARTESIAN_POINT('',(-18.5625,-2.49042370212634,9.24605103539408));
#7037=CARTESIAN_POINT('Origin',(-10.5,0.752916512459888,6.98091812309173));
#7038=CARTESIAN_POINT('',(-18.75,0.752916512459888,6.58253782063939));
#7039=CARTESIAN_POINT('',(-14.4375,0.752916512459888,6.58253782063939));
#7040=CARTESIAN_POINT('',(-18.75,0.752916512459889,6.73842046825158));
#7041=CARTESIAN_POINT('Origin',(-14.4375,0.702916512459889,6.58253782063939));
#7042=CARTESIAN_POINT('',(-18.75,0.677916512459887,6.53923655045016));
#7043=CARTESIAN_POINT('',(-14.4375,0.677916512459887,6.53923655045016));
#7044=CARTESIAN_POINT('Origin',(-18.75,0.702916512459889,6.58253782063939));
#7045=CARTESIAN_POINT('Origin',(-18.75,0.752938105676661,6.49592281341142));
#7046=CARTESIAN_POINT('',(-18.75,-3.84862633892235,9.15263728419408));
#7047=CARTESIAN_POINT('',(-18.75,6.81511593216773,2.99592281341142));
#7048=CARTESIAN_POINT('',(-18.75,-3.82363055736706,9.24593855420535));
#7049=CARTESIAN_POINT('Origin',(-18.75,-3.82362633892235,9.1959385543833));
#7050=CARTESIAN_POINT('',(-18.75,-2.01979613691396,9.24609074172155));
#7051=CARTESIAN_POINT('',(-18.75,0.442500000000004,7.25827810917208));
#7052=CARTESIAN_POINT('Origin',(-18.75,0.380000000000003,7.15002493369903));
#7053=CARTESIAN_POINT('Origin',(-18.5625,-3.82362633892235,9.1959385543833));
#7054=CARTESIAN_POINT('',(-18.5625,-3.82363055736707,9.24593855420535));
#7055=CARTESIAN_POINT('',(-18.5625,-3.84862633892235,9.15263728419408));
#7056=CARTESIAN_POINT('Origin',(-18.75,-4.01020161513775,9.24592281341143));
#7057=CARTESIAN_POINT('Origin',(-18.75,0.380000000000003,7.15002493369903));
#7058=CARTESIAN_POINT('',(-18.75,0.442500000000003,7.25827810917209));
#7059=CARTESIAN_POINT('Origin',(-18.375,-1.41212540378444,7.74592281341143));
#7060=CARTESIAN_POINT('Origin',(-0.750000000000003,1.3339,7.83290565624221));
#7061=CARTESIAN_POINT('',(-20.25,1.4999,7.83290565624221));
#7062=CARTESIAN_POINT('',(-0.750000000000003,1.4999,7.83290565624221));
#7063=CARTESIAN_POINT('',(-20.25,1.4999,7.83290565624221));
#7064=CARTESIAN_POINT('',(-20.25,0.760000000000003,7.83290565624221));
#7065=CARTESIAN_POINT('',(-20.25,1.3339,7.83290565624221));
#7066=CARTESIAN_POINT('',(-0.750000000000003,0.760000000000003,7.83290565624221));
#7067=CARTESIAN_POINT('',(-20.25,0.760000000000003,7.83290565624221));
#7068=CARTESIAN_POINT('',(-0.750000000000003,1.3339,7.83290565624221));
#7069=CARTESIAN_POINT('Origin',(-0.750000000000003,1.3339,6.58290565624221));
#7070=CARTESIAN_POINT('',(-0.750000000000003,1.4999,6.58290565624221));
#7071=CARTESIAN_POINT('',(-0.750000000000003,1.4999,7.58290565624221));
#7072=CARTESIAN_POINT('',(-0.750000000000003,0.760000000000002,6.58290565624221));
#7073=CARTESIAN_POINT('',(-0.750000000000003,0.760000000000003,7.58290565624221));
#7074=CARTESIAN_POINT('',(-0.750000000000003,1.3339,6.58290565624221));
#7075=CARTESIAN_POINT('Origin',(-20.25,1.3339,6.58290565624221));
#7076=CARTESIAN_POINT('',(-20.25,1.4999,6.58290565624221));
#7077=CARTESIAN_POINT('',(-0.750000000000003,1.4999,6.58290565624221));
#7078=CARTESIAN_POINT('',(-20.25,0.760000000000002,6.58290565624221));
#7079=CARTESIAN_POINT('',(-0.750000000000003,0.760000000000002,6.58290565624221));
#7080=CARTESIAN_POINT('',(-20.25,1.3339,6.58290565624221));
#7081=CARTESIAN_POINT('Origin',(-20.25,1.3339,7.58290565624221));
#7082=CARTESIAN_POINT('',(-20.25,1.4999,6.58290565624221));
#7083=CARTESIAN_POINT('',(-20.25,0.760000000000002,6.58290565624221));
#7084=CARTESIAN_POINT('Origin',(-10.5,1.4999,7.08290565624221));
#7085=CARTESIAN_POINT('Origin',(-10.5,0.760000000000003,7.08290565624221));
#7086=CARTESIAN_POINT('Origin',(-12.1875,0.0600000000000027,7.34295632671588));
#7087=CARTESIAN_POINT('',(-16.5,0.410000000000002,6.73673854406678));
#7088=CARTESIAN_POINT('',(-16.5,0.760000000000003,7.34295632671588));
#7089=CARTESIAN_POINT('Origin',(-16.5,0.0600000000000027,7.34295632671588));
#7090=CARTESIAN_POINT('',(-15.75,0.76,7.34295632671588));
#7091=CARTESIAN_POINT('',(-12.1875,0.760000000000003,7.34295632671588));
#7092=CARTESIAN_POINT('',(-15.75,0.410000000000002,6.73673854406678));
#7093=CARTESIAN_POINT('Origin',(-15.75,0.0600000000000027,7.34295632671588));
#7094=CARTESIAN_POINT('',(-12.1875,0.410000000000003,6.73673854406678));
#7095=CARTESIAN_POINT('Origin',(-8.25,0.420007462291058,6.74251635511442));
#7096=CARTESIAN_POINT('',(-15.75,0.0749999999999999,6.54332620388825));
#7097=CARTESIAN_POINT('',(-15.75,1.29253008757188,7.24626752769435));
#7098=CARTESIAN_POINT('',(-16.5,0.0750000000000003,6.54332620388825));
#7099=CARTESIAN_POINT('',(-12.1875,0.0750000000000004,6.54332620388825));
#7100=CARTESIAN_POINT('',(-16.5,0.209998332841336,6.62126752769435));
#7101=CARTESIAN_POINT('Origin',(-15.75,-6.99353086378051E-16,11.5));
#7102=CARTESIAN_POINT('',(-15.75,0.760000000000004,10.6838978302129));
#7103=CARTESIAN_POINT('',(-15.75,0.760000000000001,11.5));
#7104=CARTESIAN_POINT('',(-15.75,0.093299160812753,11.8384325947566));
#7105=CARTESIAN_POINT('',(-15.75,-6.99353086378051E-16,12.));
#7106=CARTESIAN_POINT('',(-15.75,-6.29757880876114E-16,11.8134289415653));
#7107=CARTESIAN_POINT('Origin',(-15.75,0.0500000000000015,11.8134289415653));
#7108=CARTESIAN_POINT('',(-15.75,-1.79034094774602E-15,6.58662747407747));
#7109=CARTESIAN_POINT('',(-15.75,-6.99353086378051E-16,11.5));
#7110=CARTESIAN_POINT('Origin',(-15.75,0.0500000000000002,6.58662747407747));
#7111=CARTESIAN_POINT('Origin',(-16.125,0.760000000000003,9.));
#7112=CARTESIAN_POINT('',(-16.5,0.760000000000003,10.6838978302129));
#7113=CARTESIAN_POINT('',(-16.5,0.760000000000001,-0.500000000000003));
#7114=CARTESIAN_POINT('',(-16.3125,0.760000000000004,10.6838978302129));
#7115=CARTESIAN_POINT('Origin',(-12.1875,0.0500000000000002,6.58662747407747));
#7116=CARTESIAN_POINT('',(-16.5,1.57354739773241E-15,6.58662747407747));
#7117=CARTESIAN_POINT('',(-12.1875,1.63910879619856E-16,6.58662747407747));
#7118=CARTESIAN_POINT('Origin',(-16.5,0.0500000000000002,6.58662747407747));
#7119=CARTESIAN_POINT('Origin',(-16.5,0.,6.5));
#7120=CARTESIAN_POINT('',(-16.5,2.73413046460231E-15,11.8134289415653));
#7121=CARTESIAN_POINT('',(-16.5,0.,-0.500000000000002));
#7122=CARTESIAN_POINT('',(-16.5,0.0932991608127569,11.8384325947566));
#7123=CARTESIAN_POINT('Origin',(-16.5,0.0500000000000015,11.8134289415653));
#7124=CARTESIAN_POINT('',(-16.5,0.995348169294478,10.2763422561815));
#7125=CARTESIAN_POINT('Origin',(-16.3125,0.0500000000000015,11.8134289415653));
#7126=CARTESIAN_POINT('',(-16.3125,0.0932991608127529,11.8384325947566));
#7127=CARTESIAN_POINT('',(-16.3125,1.3222144289335E-15,11.8134289415653));
#7128=CARTESIAN_POINT('Origin',(-16.5,-6.99353086378051E-16,12.));
#7129=CARTESIAN_POINT('Origin',(-16.125,6.99353086378051E-16,9.));
#7130=CARTESIAN_POINT('Origin',(-9.9375,0.0529165124598887,6.96936250099644));
#7131=CARTESIAN_POINT('',(-14.25,0.752916512459888,6.96936250099644));
#7132=CARTESIAN_POINT('',(-14.25,0.402916512459888,7.57558028364554));
#7133=CARTESIAN_POINT('Origin',(-14.25,0.0529165124598887,6.96936250099644));
#7134=CARTESIAN_POINT('',(-13.5,0.402916512459887,7.57558028364554));
#7135=CARTESIAN_POINT('',(-9.9375,0.402916512459888,7.57558028364554));
#7136=CARTESIAN_POINT('',(-13.5,0.752916512459887,6.96936250099644));
#7137=CARTESIAN_POINT('Origin',(-13.5,0.0529165124598887,6.96936250099644));
#7138=CARTESIAN_POINT('',(-9.9375,0.752916512459888,6.96936250099644));
#7139=CARTESIAN_POINT('Origin',(-6.,0.752916512459888,6.98091812309173));
#7140=CARTESIAN_POINT('',(-13.5,0.752916512459887,6.58253782063939));
#7141=CARTESIAN_POINT('',(-13.5,0.752916512459887,7.98842046825158));
#7142=CARTESIAN_POINT('',(-14.25,0.752916512459887,6.58253782063939));
#7143=CARTESIAN_POINT('',(-9.9375,0.752916512459887,6.58253782063939));
#7144=CARTESIAN_POINT('',(-14.25,0.752916512459887,6.73842046825158));
#7145=CARTESIAN_POINT('Origin',(-13.5,-3.57718891324554,8.99592281341143));
#7146=CARTESIAN_POINT('',(-13.5,-2.49042370212634,9.24605103539408));
#7147=CARTESIAN_POINT('',(-13.5,-3.19718891324553,9.6541021202876));
#7148=CARTESIAN_POINT('',(-13.5,-3.82363055736707,9.24593855420535));
#7149=CARTESIAN_POINT('',(-13.5,-4.01020161513775,9.24592281341143));
#7150=CARTESIAN_POINT('',(-13.5,-3.84862633892235,9.15263728419407));
#7151=CARTESIAN_POINT('Origin',(-13.5,-3.82362633892235,9.1959385543833));
#7152=CARTESIAN_POINT('',(-13.5,0.677916512459886,6.53923655045016));
#7153=CARTESIAN_POINT('',(-13.5,-3.57718891324554,8.99592281341143));
#7154=CARTESIAN_POINT('Origin',(-13.5,0.702916512459886,6.58253782063939));
#7155=CARTESIAN_POINT('Origin',(-13.875,-1.03212540378444,8.4041021202876));
#7156=CARTESIAN_POINT('',(-14.25,-2.49042370212634,9.24605103539407));
#7157=CARTESIAN_POINT('',(-14.25,7.19511593216773,3.6541021202876));
#7158=CARTESIAN_POINT('',(-14.0625,-2.49042370212634,9.24605103539408));
#7159=CARTESIAN_POINT('Origin',(-9.9375,0.702916512459886,6.58253782063939));
#7160=CARTESIAN_POINT('',(-14.25,0.677916512459887,6.53923655045016));
#7161=CARTESIAN_POINT('',(-9.9375,0.677916512459887,6.53923655045016));
#7162=CARTESIAN_POINT('Origin',(-14.25,0.702916512459886,6.58253782063939));
#7163=CARTESIAN_POINT('Origin',(-14.25,0.752938105676661,6.49592281341142));
#7164=CARTESIAN_POINT('',(-14.25,-3.84862633892235,9.15263728419408));
#7165=CARTESIAN_POINT('',(-14.25,6.81511593216773,2.99592281341142));
#7166=CARTESIAN_POINT('',(-14.25,-3.82363055736707,9.24593855420535));
#7167=CARTESIAN_POINT('Origin',(-14.25,-3.82362633892235,9.1959385543833));
#7168=CARTESIAN_POINT('',(-14.25,-2.01979613691396,9.24609074172155));
#7169=CARTESIAN_POINT('Origin',(-14.0625,-3.82362633892235,9.1959385543833));
#7170=CARTESIAN_POINT('',(-14.0625,-3.82363055736707,9.24593855420535));
#7171=CARTESIAN_POINT('',(-14.0625,-3.84862633892235,9.15263728419407));
#7172=CARTESIAN_POINT('Origin',(-14.25,-4.01020161513775,9.24592281341143));
#7173=CARTESIAN_POINT('Origin',(-13.875,-1.41212540378444,7.74592281341143));
#7174=CARTESIAN_POINT('Origin',(-7.6875,0.0600000000000027,7.34295632671588));
#7175=CARTESIAN_POINT('',(-12.,0.410000000000002,6.73673854406678));
#7176=CARTESIAN_POINT('',(-12.,0.760000000000003,7.34295632671588));
#7177=CARTESIAN_POINT('Origin',(-12.,0.0600000000000027,7.34295632671588));
#7178=CARTESIAN_POINT('',(-11.25,0.76,7.34295632671588));
#7179=CARTESIAN_POINT('',(-7.6875,0.760000000000003,7.34295632671588));
#7180=CARTESIAN_POINT('',(-11.25,0.410000000000002,6.73673854406678));
#7181=CARTESIAN_POINT('Origin',(-11.25,0.0600000000000027,7.34295632671588));
#7182=CARTESIAN_POINT('',(-7.6875,0.410000000000003,6.73673854406678));
#7183=CARTESIAN_POINT('Origin',(-3.75,0.420007462291058,6.74251635511442));
#7184=CARTESIAN_POINT('',(-11.25,0.0749999999999999,6.54332620388825));
#7185=CARTESIAN_POINT('',(-11.25,1.29253008757188,7.24626752769435));
#7186=CARTESIAN_POINT('',(-12.,0.0750000000000003,6.54332620388825));
#7187=CARTESIAN_POINT('',(-7.6875,0.0750000000000004,6.54332620388825));
#7188=CARTESIAN_POINT('',(-12.,0.209998332841336,6.62126752769435));
#7189=CARTESIAN_POINT('Origin',(-11.25,-6.99353086378051E-16,11.5));
#7190=CARTESIAN_POINT('',(-11.25,0.760000000000004,10.6838978302129));
#7191=CARTESIAN_POINT('',(-11.25,0.760000000000001,11.5));
#7192=CARTESIAN_POINT('',(-11.25,0.093299160812753,11.8384325947566));
#7193=CARTESIAN_POINT('',(-11.25,-6.99353086378051E-16,12.));
#7194=CARTESIAN_POINT('',(-11.25,-6.29757880876114E-16,11.8134289415653));
#7195=CARTESIAN_POINT('Origin',(-11.25,0.0500000000000015,11.8134289415653));
#7196=CARTESIAN_POINT('',(-11.25,-1.79034094774602E-15,6.58662747407747));
#7197=CARTESIAN_POINT('',(-11.25,-6.99353086378051E-16,11.5));
#7198=CARTESIAN_POINT('Origin',(-11.25,0.0500000000000002,6.58662747407747));
#7199=CARTESIAN_POINT('Origin',(-11.625,0.760000000000003,9.));
#7200=CARTESIAN_POINT('',(-12.,0.760000000000003,10.6838978302129));
#7201=CARTESIAN_POINT('',(-12.,0.760000000000001,-0.500000000000003));
#7202=CARTESIAN_POINT('',(-11.8125,0.760000000000004,10.6838978302129));
#7203=CARTESIAN_POINT('Origin',(-7.6875,0.0500000000000002,6.58662747407747));
#7204=CARTESIAN_POINT('',(-12.,1.57354739773241E-15,6.58662747407747));
#7205=CARTESIAN_POINT('',(-7.6875,1.63910879619856E-16,6.58662747407747));
#7206=CARTESIAN_POINT('Origin',(-12.,0.0500000000000002,6.58662747407747));
#7207=CARTESIAN_POINT('Origin',(-12.,0.,6.5));
#7208=CARTESIAN_POINT('',(-12.,2.73413046460231E-15,11.8134289415653));
#7209=CARTESIAN_POINT('',(-12.,0.,-0.500000000000002));
#7210=CARTESIAN_POINT('',(-12.,0.0932991608127569,11.8384325947566));
#7211=CARTESIAN_POINT('Origin',(-12.,0.0500000000000015,11.8134289415653));
#7212=CARTESIAN_POINT('',(-12.,0.995348169294478,10.2763422561815));
#7213=CARTESIAN_POINT('Origin',(-11.8125,0.0500000000000015,11.8134289415653));
#7214=CARTESIAN_POINT('',(-11.8125,0.0932991608127529,11.8384325947566));
#7215=CARTESIAN_POINT('',(-11.8125,1.3222144289335E-15,11.8134289415653));
#7216=CARTESIAN_POINT('Origin',(-12.,-6.99353086378051E-16,12.));
#7217=CARTESIAN_POINT('Origin',(-11.625,6.99353086378051E-16,9.));
#7218=CARTESIAN_POINT('Origin',(-5.4375,0.0529165124598887,6.96936250099644));
#7219=CARTESIAN_POINT('',(-9.75,0.752916512459888,6.96936250099644));
#7220=CARTESIAN_POINT('',(-9.75,0.402916512459888,7.57558028364554));
#7221=CARTESIAN_POINT('Origin',(-9.75,0.0529165124598887,6.96936250099644));
#7222=CARTESIAN_POINT('',(-9.,0.402916512459887,7.57558028364554));
#7223=CARTESIAN_POINT('',(-5.4375,0.402916512459888,7.57558028364554));
#7224=CARTESIAN_POINT('',(-9.,0.752916512459887,6.96936250099644));
#7225=CARTESIAN_POINT('Origin',(-9.,0.0529165124598887,6.96936250099644));
#7226=CARTESIAN_POINT('',(-5.4375,0.752916512459888,6.96936250099644));
#7227=CARTESIAN_POINT('Origin',(-1.5,0.752916512459888,6.98091812309173));
#7228=CARTESIAN_POINT('',(-9.,0.752916512459887,6.58253782063939));
#7229=CARTESIAN_POINT('',(-9.,0.752916512459887,7.98842046825158));
#7230=CARTESIAN_POINT('',(-9.75,0.752916512459887,6.58253782063939));
#7231=CARTESIAN_POINT('',(-5.4375,0.752916512459887,6.58253782063939));
#7232=CARTESIAN_POINT('',(-9.75,0.752916512459887,6.73842046825158));
#7233=CARTESIAN_POINT('Origin',(-9.,-3.57718891324554,8.99592281341143));
#7234=CARTESIAN_POINT('',(-9.,-2.49042370212634,9.24605103539408));
#7235=CARTESIAN_POINT('',(-9.,-3.19718891324553,9.6541021202876));
#7236=CARTESIAN_POINT('',(-9.,-3.82363055736707,9.24593855420535));
#7237=CARTESIAN_POINT('',(-9.,-4.01020161513775,9.24592281341143));
#7238=CARTESIAN_POINT('',(-9.,-3.84862633892235,9.15263728419407));
#7239=CARTESIAN_POINT('Origin',(-9.,-3.82362633892235,9.1959385543833));
#7240=CARTESIAN_POINT('',(-9.,0.677916512459886,6.53923655045016));
#7241=CARTESIAN_POINT('',(-9.,-3.57718891324554,8.99592281341143));
#7242=CARTESIAN_POINT('Origin',(-9.,0.702916512459886,6.58253782063939));
#7243=CARTESIAN_POINT('Origin',(-9.375,-1.03212540378444,8.4041021202876));
#7244=CARTESIAN_POINT('',(-9.75,-2.49042370212634,9.24605103539407));
#7245=CARTESIAN_POINT('',(-9.75,7.19511593216773,3.6541021202876));
#7246=CARTESIAN_POINT('',(-9.5625,-2.49042370212634,9.24605103539408));
#7247=CARTESIAN_POINT('Origin',(-5.4375,0.702916512459886,6.58253782063939));
#7248=CARTESIAN_POINT('',(-9.75,0.677916512459887,6.53923655045016));
#7249=CARTESIAN_POINT('',(-5.4375,0.677916512459887,6.53923655045016));
#7250=CARTESIAN_POINT('Origin',(-9.75,0.702916512459886,6.58253782063939));
#7251=CARTESIAN_POINT('Origin',(-9.75,0.752938105676661,6.49592281341142));
#7252=CARTESIAN_POINT('',(-9.75,-3.84862633892235,9.15263728419408));
#7253=CARTESIAN_POINT('',(-9.75,6.81511593216773,2.99592281341142));
#7254=CARTESIAN_POINT('',(-9.75,-3.82363055736707,9.24593855420535));
#7255=CARTESIAN_POINT('Origin',(-9.75,-3.82362633892235,9.1959385543833));
#7256=CARTESIAN_POINT('',(-9.75,-2.01979613691396,9.24609074172155));
#7257=CARTESIAN_POINT('Origin',(-9.5625,-3.82362633892235,9.1959385543833));
#7258=CARTESIAN_POINT('',(-9.5625,-3.82363055736707,9.24593855420535));
#7259=CARTESIAN_POINT('',(-9.5625,-3.84862633892235,9.15263728419407));
#7260=CARTESIAN_POINT('Origin',(-9.75,-4.01020161513775,9.24592281341143));
#7261=CARTESIAN_POINT('Origin',(-9.375,-1.41212540378444,7.74592281341143));
#7262=CARTESIAN_POINT('Origin',(-3.1875,0.0529165124598887,6.96936250099644));
#7263=CARTESIAN_POINT('',(-7.5,0.752916512459888,6.96936250099644));
#7264=CARTESIAN_POINT('',(-7.5,0.402916512459888,7.57558028364554));
#7265=CARTESIAN_POINT('Origin',(-7.5,0.0529165124598887,6.96936250099644));
#7266=CARTESIAN_POINT('',(-6.75,0.402916512459887,7.57558028364554));
#7267=CARTESIAN_POINT('',(-3.1875,0.402916512459888,7.57558028364554));
#7268=CARTESIAN_POINT('',(-6.75,0.752916512459887,6.96936250099644));
#7269=CARTESIAN_POINT('Origin',(-6.75,0.0529165124598887,6.96936250099644));
#7270=CARTESIAN_POINT('',(-3.1875,0.752916512459888,6.96936250099644));
#7271=CARTESIAN_POINT('Origin',(0.75,0.752916512459888,6.98091812309173));
#7272=CARTESIAN_POINT('',(-6.75,0.752916512459887,6.58253782063939));
#7273=CARTESIAN_POINT('',(-6.75,0.752916512459887,7.98842046825158));
#7274=CARTESIAN_POINT('',(-7.5,0.752916512459887,6.58253782063939));
#7275=CARTESIAN_POINT('',(-3.1875,0.752916512459887,6.58253782063939));
#7276=CARTESIAN_POINT('',(-7.5,0.752916512459887,6.73842046825158));
#7277=CARTESIAN_POINT('Origin',(-6.75,-3.57718891324554,8.99592281341143));
#7278=CARTESIAN_POINT('',(-6.75,-2.49042370212634,9.24605103539408));
#7279=CARTESIAN_POINT('',(-6.75,-3.19718891324553,9.6541021202876));
#7280=CARTESIAN_POINT('',(-6.75,-3.82363055736707,9.24593855420535));
#7281=CARTESIAN_POINT('',(-6.75,-4.01020161513775,9.24592281341143));
#7282=CARTESIAN_POINT('',(-6.75,-3.84862633892235,9.15263728419407));
#7283=CARTESIAN_POINT('Origin',(-6.75,-3.82362633892235,9.1959385543833));
#7284=CARTESIAN_POINT('',(-6.75,0.677916512459886,6.53923655045016));
#7285=CARTESIAN_POINT('',(-6.75,-3.57718891324554,8.99592281341143));
#7286=CARTESIAN_POINT('Origin',(-6.75,0.702916512459886,6.58253782063939));
#7287=CARTESIAN_POINT('Origin',(-7.125,-1.03212540378444,8.4041021202876));
#7288=CARTESIAN_POINT('',(-7.5,-2.49042370212634,9.24605103539407));
#7289=CARTESIAN_POINT('',(-7.5,7.19511593216773,3.6541021202876));
#7290=CARTESIAN_POINT('',(-7.3125,-2.49042370212634,9.24605103539408));
#7291=CARTESIAN_POINT('Origin',(-3.1875,0.702916512459886,6.58253782063939));
#7292=CARTESIAN_POINT('',(-7.5,0.677916512459887,6.53923655045016));
#7293=CARTESIAN_POINT('',(-3.1875,0.677916512459887,6.53923655045016));
#7294=CARTESIAN_POINT('Origin',(-7.5,0.702916512459886,6.58253782063939));
#7295=CARTESIAN_POINT('Origin',(-7.5,0.752938105676661,6.49592281341142));
#7296=CARTESIAN_POINT('',(-7.5,-3.84862633892235,9.15263728419408));
#7297=CARTESIAN_POINT('',(-7.5,6.81511593216773,2.99592281341142));
#7298=CARTESIAN_POINT('',(-7.5,-3.82363055736707,9.24593855420535));
#7299=CARTESIAN_POINT('Origin',(-7.5,-3.82362633892235,9.1959385543833));
#7300=CARTESIAN_POINT('',(-7.5,-2.01979613691396,9.24609074172155));
#7301=CARTESIAN_POINT('Origin',(-7.3125,-3.82362633892235,9.1959385543833));
#7302=CARTESIAN_POINT('',(-7.3125,-3.82363055736707,9.24593855420535));
#7303=CARTESIAN_POINT('',(-7.3125,-3.84862633892235,9.15263728419407));
#7304=CARTESIAN_POINT('Origin',(-7.5,-4.01020161513775,9.24592281341143));
#7305=CARTESIAN_POINT('Origin',(-7.125,-1.41212540378444,7.74592281341143));
#7306=CARTESIAN_POINT('Origin',(-0.9375,0.0600000000000027,7.34295632671588));
#7307=CARTESIAN_POINT('',(-5.25,0.410000000000002,6.73673854406678));
#7308=CARTESIAN_POINT('',(-5.25,0.760000000000003,7.34295632671588));
#7309=CARTESIAN_POINT('Origin',(-5.25,0.0600000000000027,7.34295632671588));
#7310=CARTESIAN_POINT('',(-4.5,0.76,7.34295632671588));
#7311=CARTESIAN_POINT('',(-0.9375,0.760000000000003,7.34295632671588));
#7312=CARTESIAN_POINT('',(-4.5,0.410000000000002,6.73673854406678));
#7313=CARTESIAN_POINT('Origin',(-4.5,0.0600000000000027,7.34295632671588));
#7314=CARTESIAN_POINT('',(-0.9375,0.410000000000003,6.73673854406678));
#7315=CARTESIAN_POINT('Origin',(3.,0.420007462291058,6.74251635511442));
#7316=CARTESIAN_POINT('',(-4.5,0.0749999999999999,6.54332620388825));
#7317=CARTESIAN_POINT('',(-4.5,1.29253008757188,7.24626752769435));
#7318=CARTESIAN_POINT('',(-5.25,0.0750000000000003,6.54332620388825));
#7319=CARTESIAN_POINT('',(-0.9375,0.0750000000000004,6.54332620388825));
#7320=CARTESIAN_POINT('',(-5.25,0.209998332841336,6.62126752769435));
#7321=CARTESIAN_POINT('Origin',(-4.5,-6.99353086378051E-16,11.5));
#7322=CARTESIAN_POINT('',(-4.5,0.760000000000004,10.6838978302129));
#7323=CARTESIAN_POINT('',(-4.5,0.760000000000001,11.5));
#7324=CARTESIAN_POINT('',(-4.5,0.093299160812753,11.8384325947566));
#7325=CARTESIAN_POINT('',(-4.5,-6.99353086378051E-16,12.));
#7326=CARTESIAN_POINT('',(-4.5,-6.29757880876114E-16,11.8134289415653));
#7327=CARTESIAN_POINT('Origin',(-4.5,0.0500000000000015,11.8134289415653));
#7328=CARTESIAN_POINT('',(-4.5,-1.79034094774602E-15,6.58662747407747));
#7329=CARTESIAN_POINT('',(-4.5,-6.99353086378051E-16,11.5));
#7330=CARTESIAN_POINT('Origin',(-4.5,0.0500000000000002,6.58662747407747));
#7331=CARTESIAN_POINT('Origin',(-4.875,0.760000000000003,9.));
#7332=CARTESIAN_POINT('',(-5.25,0.760000000000003,10.6838978302129));
#7333=CARTESIAN_POINT('',(-5.25,0.760000000000001,-0.500000000000003));
#7334=CARTESIAN_POINT('',(-5.0625,0.760000000000004,10.6838978302129));
#7335=CARTESIAN_POINT('Origin',(-0.9375,0.0500000000000002,6.58662747407747));
#7336=CARTESIAN_POINT('',(-5.25,1.57354739773241E-15,6.58662747407747));
#7337=CARTESIAN_POINT('',(-0.9375,1.63910879619856E-16,6.58662747407747));
#7338=CARTESIAN_POINT('Origin',(-5.25,0.0500000000000002,6.58662747407747));
#7339=CARTESIAN_POINT('Origin',(-5.25,0.,6.5));
#7340=CARTESIAN_POINT('',(-5.25,2.73413046460231E-15,11.8134289415653));
#7341=CARTESIAN_POINT('',(-5.25,0.,-0.500000000000002));
#7342=CARTESIAN_POINT('',(-5.25,0.0932991608127569,11.8384325947566));
#7343=CARTESIAN_POINT('Origin',(-5.25,0.0500000000000015,11.8134289415653));
#7344=CARTESIAN_POINT('',(-5.25,0.995348169294478,10.2763422561815));
#7345=CARTESIAN_POINT('Origin',(-5.0625,0.0500000000000015,11.8134289415653));
#7346=CARTESIAN_POINT('',(-5.0625,0.0932991608127529,11.8384325947566));
#7347=CARTESIAN_POINT('',(-5.0625,1.3222144289335E-15,11.8134289415653));
#7348=CARTESIAN_POINT('Origin',(-5.25,-6.99353086378051E-16,12.));
#7349=CARTESIAN_POINT('Origin',(-4.875,6.99353086378051E-16,9.));
#7350=CARTESIAN_POINT('Origin',(1.3125,0.0529165124598887,6.96936250099644));
#7351=CARTESIAN_POINT('',(-3.,0.752916512459888,6.96936250099644));
#7352=CARTESIAN_POINT('',(-3.,0.402916512459888,7.57558028364554));
#7353=CARTESIAN_POINT('Origin',(-3.,0.0529165124598887,6.96936250099644));
#7354=CARTESIAN_POINT('',(-2.25,0.402916512459887,7.57558028364554));
#7355=CARTESIAN_POINT('',(1.3125,0.402916512459888,7.57558028364554));
#7356=CARTESIAN_POINT('',(-2.25,0.752916512459887,6.96936250099644));
#7357=CARTESIAN_POINT('Origin',(-2.25,0.0529165124598887,6.96936250099644));
#7358=CARTESIAN_POINT('',(1.3125,0.752916512459888,6.96936250099644));
#7359=CARTESIAN_POINT('Origin',(5.25,0.752916512459888,6.98091812309173));
#7360=CARTESIAN_POINT('',(-2.25,0.752916512459887,6.58253782063939));
#7361=CARTESIAN_POINT('',(-2.25,0.752916512459887,7.98842046825158));
#7362=CARTESIAN_POINT('',(-3.,0.752916512459887,6.58253782063939));
#7363=CARTESIAN_POINT('',(1.3125,0.752916512459887,6.58253782063939));
#7364=CARTESIAN_POINT('',(-3.,0.752916512459887,6.73842046825158));
#7365=CARTESIAN_POINT('Origin',(-2.25,-3.57718891324554,8.99592281341143));
#7366=CARTESIAN_POINT('',(-2.25,-2.49042370212634,9.24605103539408));
#7367=CARTESIAN_POINT('',(-2.25,-3.19718891324553,9.6541021202876));
#7368=CARTESIAN_POINT('',(-2.25,-3.82363055736707,9.24593855420535));
#7369=CARTESIAN_POINT('',(-2.25,-4.01020161513775,9.24592281341143));
#7370=CARTESIAN_POINT('',(-2.25,-3.84862633892235,9.15263728419407));
#7371=CARTESIAN_POINT('Origin',(-2.25,-3.82362633892235,9.1959385543833));
#7372=CARTESIAN_POINT('',(-2.25,0.677916512459886,6.53923655045016));
#7373=CARTESIAN_POINT('',(-2.25,-3.57718891324554,8.99592281341143));
#7374=CARTESIAN_POINT('Origin',(-2.25,0.702916512459886,6.58253782063939));
#7375=CARTESIAN_POINT('Origin',(-2.625,-1.03212540378444,8.4041021202876));
#7376=CARTESIAN_POINT('',(-3.,-2.49042370212634,9.24605103539407));
#7377=CARTESIAN_POINT('',(-3.,7.19511593216773,3.6541021202876));
#7378=CARTESIAN_POINT('',(-2.8125,-2.49042370212634,9.24605103539408));
#7379=CARTESIAN_POINT('Origin',(1.3125,0.702916512459886,6.58253782063939));
#7380=CARTESIAN_POINT('',(-3.,0.677916512459887,6.53923655045016));
#7381=CARTESIAN_POINT('',(1.3125,0.677916512459887,6.53923655045016));
#7382=CARTESIAN_POINT('Origin',(-3.,0.702916512459886,6.58253782063939));
#7383=CARTESIAN_POINT('Origin',(-3.,0.752938105676661,6.49592281341142));
#7384=CARTESIAN_POINT('',(-3.,-3.84862633892235,9.15263728419408));
#7385=CARTESIAN_POINT('',(-3.,6.81511593216773,2.99592281341142));
#7386=CARTESIAN_POINT('',(-3.,-3.82363055736707,9.24593855420535));
#7387=CARTESIAN_POINT('Origin',(-3.,-3.82362633892235,9.1959385543833));
#7388=CARTESIAN_POINT('',(-3.,-2.01979613691396,9.24609074172155));
#7389=CARTESIAN_POINT('Origin',(-2.8125,-3.82362633892235,9.1959385543833));
#7390=CARTESIAN_POINT('',(-2.8125,-3.82363055736707,9.24593855420535));
#7391=CARTESIAN_POINT('',(-2.8125,-3.84862633892235,9.15263728419407));
#7392=CARTESIAN_POINT('Origin',(-3.,-4.01020161513775,9.24592281341143));
#7393=CARTESIAN_POINT('Origin',(-2.625,-1.41212540378444,7.74592281341143));
#7394=CARTESIAN_POINT('Origin',(-14.4375,0.0529165124598872,0.469362500996437));
#7395=CARTESIAN_POINT('',(-18.75,0.752916512459887,0.469362500996437));
#7396=CARTESIAN_POINT('',(-18.75,0.402916512459888,1.07558028364554));
#7397=CARTESIAN_POINT('Origin',(-18.75,0.0529165124598872,0.469362500996437));
#7398=CARTESIAN_POINT('',(-18.,0.402916512459886,1.07558028364554));
#7399=CARTESIAN_POINT('',(-14.4375,0.402916512459887,1.07558028364554));
#7400=CARTESIAN_POINT('',(-18.,0.752916512459886,0.469362500996437));
#7401=CARTESIAN_POINT('Origin',(-18.,0.0529165124598872,0.469362500996437));
#7402=CARTESIAN_POINT('',(-14.4375,0.752916512459887,0.469362500996437));
#7403=CARTESIAN_POINT('Origin',(-10.5,0.752916512459887,0.480918123091729));
#7404=CARTESIAN_POINT('',(-18.,0.752916512459886,0.0825378206393847));
#7405=CARTESIAN_POINT('',(-18.,0.752916512459886,1.48842046825158));
#7406=CARTESIAN_POINT('',(-18.75,0.752916512459887,0.0825378206393849));
#7407=CARTESIAN_POINT('',(-14.4375,0.752916512459887,0.0825378206393849));
#7408=CARTESIAN_POINT('',(-18.75,0.752916512459887,0.238420468251577));
#7409=CARTESIAN_POINT('Origin',(-18.,-3.57718891324554,2.49592281341143));
#7410=CARTESIAN_POINT('',(-18.,-2.49042370212634,2.74605103539408));
#7411=CARTESIAN_POINT('',(-18.,-3.19718891324554,3.1541021202876));
#7412=CARTESIAN_POINT('',(-18.,-3.82363055736707,2.74593855420535));
#7413=CARTESIAN_POINT('',(-18.,-4.01020161513776,2.74592281341143));
#7414=CARTESIAN_POINT('',(-18.,-3.84862633892235,2.65263728419407));
#7415=CARTESIAN_POINT('Origin',(-18.,-3.82362633892235,2.6959385543833));
#7416=CARTESIAN_POINT('',(-18.,0.677916512459886,0.0392365504501612));
#7417=CARTESIAN_POINT('',(-18.,-3.57718891324554,2.49592281341143));
#7418=CARTESIAN_POINT('Origin',(-18.,0.702916512459887,0.0825378206393849));
#7419=CARTESIAN_POINT('Origin',(-18.375,-1.03212540378444,1.9041021202876));
#7420=CARTESIAN_POINT('',(-18.75,-2.49042370212634,2.74605103539408));
#7421=CARTESIAN_POINT('',(-18.75,7.19511593216773,-2.8458978797124));
#7422=CARTESIAN_POINT('',(-18.5625,-2.49042370212634,2.74605103539408));
#7423=CARTESIAN_POINT('Origin',(-14.4375,0.702916512459887,0.0825378206393849));
#7424=CARTESIAN_POINT('',(-18.75,0.677916512459887,0.0392365504501645));
#7425=CARTESIAN_POINT('',(-14.4375,0.677916512459887,0.039236550450163));
#7426=CARTESIAN_POINT('Origin',(-18.75,0.702916512459887,0.0825378206393849));
#7427=CARTESIAN_POINT('Origin',(-18.75,0.75293810567666,-0.00407718658857579));
#7428=CARTESIAN_POINT('',(-18.75,-3.84862633892235,2.65263728419408));
#7429=CARTESIAN_POINT('',(-18.75,6.81511593216773,-3.50407718658857));
#7430=CARTESIAN_POINT('',(-18.75,-3.82363055736707,2.74593855420535));
#7431=CARTESIAN_POINT('Origin',(-18.75,-3.82362633892235,2.6959385543833));
#7432=CARTESIAN_POINT('',(-18.75,-2.01979613691396,2.74609074172155));
#7433=CARTESIAN_POINT('Origin',(-18.5625,-3.82362633892235,2.6959385543833));
#7434=CARTESIAN_POINT('',(-18.5625,-3.82363055736707,2.74593855420535));
#7435=CARTESIAN_POINT('',(-18.5625,-3.84862633892235,2.65263728419408));
#7436=CARTESIAN_POINT('Origin',(-18.75,-4.01020161513776,2.74592281341143));
#7437=CARTESIAN_POINT('Origin',(-18.375,-1.41212540378444,1.24592281341143));
#7438=CARTESIAN_POINT('Origin',(-12.1875,0.0600000000000027,0.842956326715884));
#7439=CARTESIAN_POINT('',(-16.5,0.410000000000003,0.236738544066777));
#7440=CARTESIAN_POINT('',(-16.5,0.760000000000003,0.842956326715884));
#7441=CARTESIAN_POINT('Origin',(-16.5,0.0600000000000027,0.842956326715884));
#7442=CARTESIAN_POINT('',(-15.75,0.76,0.842956326715884));
#7443=CARTESIAN_POINT('',(-12.1875,0.760000000000003,0.842956326715884));
#7444=CARTESIAN_POINT('',(-15.75,0.410000000000002,0.236738544066778));
#7445=CARTESIAN_POINT('Origin',(-15.75,0.0600000000000027,0.842956326715884));
#7446=CARTESIAN_POINT('',(-12.1875,0.410000000000003,0.236738544066777));
#7447=CARTESIAN_POINT('Origin',(-8.25,0.420007462291058,0.242516355114423));
#7448=CARTESIAN_POINT('',(-15.75,0.0749999999999995,0.0433262038882517));
#7449=CARTESIAN_POINT('',(-15.75,1.29253008757188,0.746267527694348));
#7450=CARTESIAN_POINT('',(-16.5,0.075,0.0433262038882513));
#7451=CARTESIAN_POINT('',(-12.1875,0.0750000000000002,0.0433262038882511));
#7452=CARTESIAN_POINT('',(-16.5,0.209998332841336,0.121267527694347));
#7453=CARTESIAN_POINT('Origin',(-15.75,-6.99353086378051E-16,5.));
#7454=CARTESIAN_POINT('',(-15.75,0.760000000000004,4.18389783021294));
#7455=CARTESIAN_POINT('',(-15.75,0.760000000000001,5.));
#7456=CARTESIAN_POINT('',(-15.75,0.0932991608127526,5.33843259475661));
#7457=CARTESIAN_POINT('',(-15.75,-6.99353086378051E-16,5.5));
#7458=CARTESIAN_POINT('',(-15.75,-6.29757880876114E-16,5.3134289415653));
#7459=CARTESIAN_POINT('Origin',(-15.75,0.0500000000000015,5.3134289415653));
#7460=CARTESIAN_POINT('',(-15.75,-1.79034094774602E-15,0.0866274740774729));
#7461=CARTESIAN_POINT('',(-15.75,-6.99353086378051E-16,5.));
#7462=CARTESIAN_POINT('Origin',(-15.75,0.0500000000000002,0.0866274740774731));
#7463=CARTESIAN_POINT('Origin',(-16.125,0.760000000000003,2.5));
#7464=CARTESIAN_POINT('',(-16.5,0.760000000000003,4.18389783021295));
#7465=CARTESIAN_POINT('',(-16.5,0.760000000000001,-7.));
#7466=CARTESIAN_POINT('',(-16.3125,0.760000000000004,4.18389783021294));
#7467=CARTESIAN_POINT('Origin',(-12.1875,0.0500000000000002,0.0866274740774731));
#7468=CARTESIAN_POINT('',(-16.5,1.57354739773241E-15,0.0866274740774736));
#7469=CARTESIAN_POINT('',(-12.1875,1.63910879619856E-16,0.0866274740774731));
#7470=CARTESIAN_POINT('Origin',(-16.5,0.0500000000000002,0.0866274740774731));
#7471=CARTESIAN_POINT('Origin',(-16.5,0.,-4.19611851826831E-15));
#7472=CARTESIAN_POINT('',(-16.5,2.73413046460231E-15,5.3134289415653));
#7473=CARTESIAN_POINT('',(-16.5,0.,-7.));
#7474=CARTESIAN_POINT('',(-16.5,0.0932991608127565,5.33843259475661));
#7475=CARTESIAN_POINT('Origin',(-16.5,0.0500000000000015,5.3134289415653));
#7476=CARTESIAN_POINT('',(-16.5,0.995348169294478,3.77634225618154));
#7477=CARTESIAN_POINT('Origin',(-16.3125,0.0500000000000015,5.3134289415653));
#7478=CARTESIAN_POINT('',(-16.3125,0.0932991608127526,5.33843259475661));
#7479=CARTESIAN_POINT('',(-16.3125,1.3222144289335E-15,5.3134289415653));
#7480=CARTESIAN_POINT('Origin',(-16.5,-6.99353086378051E-16,5.5));
#7481=CARTESIAN_POINT('Origin',(-16.125,6.99353086378051E-16,2.5));
#7482=CARTESIAN_POINT('Origin',(-9.9375,0.0600000000000027,0.842956326715884));
#7483=CARTESIAN_POINT('',(-14.25,0.410000000000003,0.236738544066777));
#7484=CARTESIAN_POINT('',(-14.25,0.760000000000003,0.842956326715884));
#7485=CARTESIAN_POINT('Origin',(-14.25,0.0600000000000027,0.842956326715884));
#7486=CARTESIAN_POINT('',(-13.5,0.76,0.842956326715884));
#7487=CARTESIAN_POINT('',(-9.9375,0.760000000000003,0.842956326715884));
#7488=CARTESIAN_POINT('',(-13.5,0.410000000000002,0.236738544066778));
#7489=CARTESIAN_POINT('Origin',(-13.5,0.0600000000000027,0.842956326715884));
#7490=CARTESIAN_POINT('',(-9.9375,0.410000000000003,0.236738544066777));
#7491=CARTESIAN_POINT('Origin',(-6.,0.420007462291058,0.242516355114423));
#7492=CARTESIAN_POINT('',(-13.5,0.0749999999999995,0.0433262038882517));
#7493=CARTESIAN_POINT('',(-13.5,1.29253008757188,0.746267527694348));
#7494=CARTESIAN_POINT('',(-14.25,0.075,0.0433262038882513));
#7495=CARTESIAN_POINT('',(-9.9375,0.0750000000000002,0.0433262038882511));
#7496=CARTESIAN_POINT('',(-14.25,0.209998332841336,0.121267527694347));
#7497=CARTESIAN_POINT('Origin',(-13.5,-6.99353086378051E-16,5.));
#7498=CARTESIAN_POINT('',(-13.5,0.760000000000004,4.18389783021294));
#7499=CARTESIAN_POINT('',(-13.5,0.760000000000001,5.));
#7500=CARTESIAN_POINT('',(-13.5,0.0932991608127526,5.33843259475661));
#7501=CARTESIAN_POINT('',(-13.5,-6.99353086378051E-16,5.5));
#7502=CARTESIAN_POINT('',(-13.5,-6.29757880876114E-16,5.3134289415653));
#7503=CARTESIAN_POINT('Origin',(-13.5,0.0500000000000015,5.3134289415653));
#7504=CARTESIAN_POINT('',(-13.5,-1.79034094774602E-15,0.0866274740774729));
#7505=CARTESIAN_POINT('',(-13.5,-6.99353086378051E-16,5.));
#7506=CARTESIAN_POINT('Origin',(-13.5,0.0500000000000002,0.0866274740774731));
#7507=CARTESIAN_POINT('Origin',(-13.875,0.760000000000003,2.5));
#7508=CARTESIAN_POINT('',(-14.25,0.760000000000003,4.18389783021295));
#7509=CARTESIAN_POINT('',(-14.25,0.760000000000001,-7.));
#7510=CARTESIAN_POINT('',(-14.0625,0.760000000000004,4.18389783021294));
#7511=CARTESIAN_POINT('Origin',(-9.9375,0.0500000000000002,0.0866274740774731));
#7512=CARTESIAN_POINT('',(-14.25,1.57354739773241E-15,0.0866274740774736));
#7513=CARTESIAN_POINT('',(-9.9375,1.63910879619856E-16,0.0866274740774731));
#7514=CARTESIAN_POINT('Origin',(-14.25,0.0500000000000002,0.0866274740774731));
#7515=CARTESIAN_POINT('Origin',(-14.25,0.,-4.19611851826831E-15));
#7516=CARTESIAN_POINT('',(-14.25,2.73413046460231E-15,5.3134289415653));
#7517=CARTESIAN_POINT('',(-14.25,0.,-7.));
#7518=CARTESIAN_POINT('',(-14.25,0.0932991608127565,5.33843259475661));
#7519=CARTESIAN_POINT('Origin',(-14.25,0.0500000000000015,5.3134289415653));
#7520=CARTESIAN_POINT('',(-14.25,0.995348169294478,3.77634225618154));
#7521=CARTESIAN_POINT('Origin',(-14.0625,0.0500000000000015,5.3134289415653));
#7522=CARTESIAN_POINT('',(-14.0625,0.0932991608127526,5.33843259475661));
#7523=CARTESIAN_POINT('',(-14.0625,1.3222144289335E-15,5.3134289415653));
#7524=CARTESIAN_POINT('Origin',(-14.25,-6.99353086378051E-16,5.5));
#7525=CARTESIAN_POINT('Origin',(-13.875,6.99353086378051E-16,2.5));
#7526=CARTESIAN_POINT('Origin',(-7.6875,0.0529165124598872,0.469362500996437));
#7527=CARTESIAN_POINT('',(-12.,0.752916512459887,0.469362500996437));
#7528=CARTESIAN_POINT('',(-12.,0.402916512459888,1.07558028364554));
#7529=CARTESIAN_POINT('Origin',(-12.,0.0529165124598872,0.469362500996437));
#7530=CARTESIAN_POINT('',(-11.25,0.402916512459886,1.07558028364554));
#7531=CARTESIAN_POINT('',(-7.6875,0.402916512459887,1.07558028364554));
#7532=CARTESIAN_POINT('',(-11.25,0.752916512459886,0.469362500996437));
#7533=CARTESIAN_POINT('Origin',(-11.25,0.0529165124598872,0.469362500996437));
#7534=CARTESIAN_POINT('',(-7.6875,0.752916512459887,0.469362500996437));
#7535=CARTESIAN_POINT('Origin',(-3.75,0.752916512459887,0.480918123091729));
#7536=CARTESIAN_POINT('',(-11.25,0.752916512459886,0.0825378206393847));
#7537=CARTESIAN_POINT('',(-11.25,0.752916512459886,1.48842046825158));
#7538=CARTESIAN_POINT('',(-12.,0.752916512459887,0.0825378206393849));
#7539=CARTESIAN_POINT('',(-7.6875,0.752916512459887,0.0825378206393849));
#7540=CARTESIAN_POINT('',(-12.,0.752916512459887,0.238420468251577));
#7541=CARTESIAN_POINT('Origin',(-11.25,-3.57718891324554,2.49592281341143));
#7542=CARTESIAN_POINT('',(-11.25,-2.49042370212634,2.74605103539408));
#7543=CARTESIAN_POINT('',(-11.25,-3.19718891324554,3.1541021202876));
#7544=CARTESIAN_POINT('',(-11.25,-3.82363055736707,2.74593855420535));
#7545=CARTESIAN_POINT('',(-11.25,-4.01020161513776,2.74592281341143));
#7546=CARTESIAN_POINT('',(-11.25,-3.84862633892235,2.65263728419407));
#7547=CARTESIAN_POINT('Origin',(-11.25,-3.82362633892235,2.6959385543833));
#7548=CARTESIAN_POINT('',(-11.25,0.677916512459886,0.0392365504501612));
#7549=CARTESIAN_POINT('',(-11.25,-3.57718891324554,2.49592281341143));
#7550=CARTESIAN_POINT('Origin',(-11.25,0.702916512459887,0.0825378206393849));
#7551=CARTESIAN_POINT('Origin',(-11.625,-1.03212540378444,1.9041021202876));
#7552=CARTESIAN_POINT('',(-12.,-2.49042370212634,2.74605103539408));
#7553=CARTESIAN_POINT('',(-12.,7.19511593216773,-2.8458978797124));
#7554=CARTESIAN_POINT('',(-11.8125,-2.49042370212634,2.74605103539408));
#7555=CARTESIAN_POINT('Origin',(-7.6875,0.702916512459887,0.0825378206393849));
#7556=CARTESIAN_POINT('',(-12.,0.677916512459887,0.0392365504501645));
#7557=CARTESIAN_POINT('',(-7.6875,0.677916512459887,0.039236550450163));
#7558=CARTESIAN_POINT('Origin',(-12.,0.702916512459887,0.0825378206393849));
#7559=CARTESIAN_POINT('Origin',(-12.,0.75293810567666,-0.00407718658857579));
#7560=CARTESIAN_POINT('',(-12.,-3.84862633892235,2.65263728419408));
#7561=CARTESIAN_POINT('',(-12.,6.81511593216773,-3.50407718658857));
#7562=CARTESIAN_POINT('',(-12.,-3.82363055736707,2.74593855420535));
#7563=CARTESIAN_POINT('Origin',(-12.,-3.82362633892235,2.6959385543833));
#7564=CARTESIAN_POINT('',(-12.,-2.01979613691396,2.74609074172155));
#7565=CARTESIAN_POINT('Origin',(-11.8125,-3.82362633892235,2.6959385543833));
#7566=CARTESIAN_POINT('',(-11.8125,-3.82363055736707,2.74593855420535));
#7567=CARTESIAN_POINT('',(-11.8125,-3.84862633892235,2.65263728419408));
#7568=CARTESIAN_POINT('Origin',(-12.,-4.01020161513776,2.74592281341143));
#7569=CARTESIAN_POINT('Origin',(-11.625,-1.41212540378444,1.24592281341143));
#7570=CARTESIAN_POINT('Origin',(-5.4375,0.0600000000000027,0.842956326715884));
#7571=CARTESIAN_POINT('',(-9.75,0.410000000000003,0.236738544066777));
#7572=CARTESIAN_POINT('',(-9.75,0.760000000000003,0.842956326715884));
#7573=CARTESIAN_POINT('Origin',(-9.75,0.0600000000000027,0.842956326715884));
#7574=CARTESIAN_POINT('',(-9.,0.76,0.842956326715884));
#7575=CARTESIAN_POINT('',(-5.4375,0.760000000000003,0.842956326715884));
#7576=CARTESIAN_POINT('',(-9.,0.410000000000002,0.236738544066778));
#7577=CARTESIAN_POINT('Origin',(-9.,0.0600000000000027,0.842956326715884));
#7578=CARTESIAN_POINT('',(-5.4375,0.410000000000003,0.236738544066777));
#7579=CARTESIAN_POINT('Origin',(-1.5,0.420007462291058,0.242516355114423));
#7580=CARTESIAN_POINT('',(-9.,0.0749999999999995,0.0433262038882517));
#7581=CARTESIAN_POINT('',(-9.,1.29253008757188,0.746267527694348));
#7582=CARTESIAN_POINT('',(-9.75,0.075,0.0433262038882513));
#7583=CARTESIAN_POINT('',(-5.4375,0.0750000000000002,0.0433262038882511));
#7584=CARTESIAN_POINT('',(-9.75,0.209998332841336,0.121267527694347));
#7585=CARTESIAN_POINT('Origin',(-9.,-6.99353086378051E-16,5.));
#7586=CARTESIAN_POINT('',(-9.,0.760000000000004,4.18389783021294));
#7587=CARTESIAN_POINT('',(-9.,0.760000000000001,5.));
#7588=CARTESIAN_POINT('',(-9.,0.0932991608127526,5.33843259475661));
#7589=CARTESIAN_POINT('',(-9.,-6.99353086378051E-16,5.5));
#7590=CARTESIAN_POINT('',(-9.,-6.29757880876114E-16,5.3134289415653));
#7591=CARTESIAN_POINT('Origin',(-9.,0.0500000000000015,5.3134289415653));
#7592=CARTESIAN_POINT('',(-9.,-1.79034094774602E-15,0.0866274740774729));
#7593=CARTESIAN_POINT('',(-9.,-6.99353086378051E-16,5.));
#7594=CARTESIAN_POINT('Origin',(-9.,0.0500000000000002,0.0866274740774731));
#7595=CARTESIAN_POINT('Origin',(-9.375,0.760000000000003,2.5));
#7596=CARTESIAN_POINT('',(-9.75,0.760000000000003,4.18389783021295));
#7597=CARTESIAN_POINT('',(-9.75,0.760000000000001,-7.));
#7598=CARTESIAN_POINT('',(-9.5625,0.760000000000004,4.18389783021294));
#7599=CARTESIAN_POINT('Origin',(-5.4375,0.0500000000000002,0.0866274740774731));
#7600=CARTESIAN_POINT('',(-9.75,1.57354739773241E-15,0.0866274740774736));
#7601=CARTESIAN_POINT('',(-5.4375,1.63910879619856E-16,0.0866274740774731));
#7602=CARTESIAN_POINT('Origin',(-9.75,0.0500000000000002,0.0866274740774731));
#7603=CARTESIAN_POINT('Origin',(-9.75,0.,-4.19611851826831E-15));
#7604=CARTESIAN_POINT('',(-9.75,2.73413046460231E-15,5.3134289415653));
#7605=CARTESIAN_POINT('',(-9.75,0.,-7.));
#7606=CARTESIAN_POINT('',(-9.75,0.0932991608127565,5.33843259475661));
#7607=CARTESIAN_POINT('Origin',(-9.75,0.0500000000000015,5.3134289415653));
#7608=CARTESIAN_POINT('',(-9.75,0.995348169294478,3.77634225618154));
#7609=CARTESIAN_POINT('Origin',(-9.5625,0.0500000000000015,5.3134289415653));
#7610=CARTESIAN_POINT('',(-9.5625,0.0932991608127526,5.33843259475661));
#7611=CARTESIAN_POINT('',(-9.5625,1.3222144289335E-15,5.3134289415653));
#7612=CARTESIAN_POINT('Origin',(-9.75,-6.99353086378051E-16,5.5));
#7613=CARTESIAN_POINT('Origin',(-9.375,6.99353086378051E-16,2.5));
#7614=CARTESIAN_POINT('Origin',(-3.1875,0.0529165124598872,0.469362500996437));
#7615=CARTESIAN_POINT('',(-7.5,0.752916512459887,0.469362500996437));
#7616=CARTESIAN_POINT('',(-7.5,0.402916512459888,1.07558028364554));
#7617=CARTESIAN_POINT('Origin',(-7.5,0.0529165124598872,0.469362500996437));
#7618=CARTESIAN_POINT('',(-6.75,0.402916512459886,1.07558028364554));
#7619=CARTESIAN_POINT('',(-3.1875,0.402916512459887,1.07558028364554));
#7620=CARTESIAN_POINT('',(-6.75,0.752916512459886,0.469362500996437));
#7621=CARTESIAN_POINT('Origin',(-6.75,0.0529165124598872,0.469362500996437));
#7622=CARTESIAN_POINT('',(-3.1875,0.752916512459887,0.469362500996437));
#7623=CARTESIAN_POINT('Origin',(0.749999999999999,0.752916512459887,0.480918123091729));
#7624=CARTESIAN_POINT('',(-6.75,0.752916512459886,0.0825378206393847));
#7625=CARTESIAN_POINT('',(-6.75,0.752916512459886,1.48842046825158));
#7626=CARTESIAN_POINT('',(-7.5,0.752916512459887,0.0825378206393849));
#7627=CARTESIAN_POINT('',(-3.1875,0.752916512459887,0.0825378206393849));
#7628=CARTESIAN_POINT('',(-7.5,0.752916512459887,0.238420468251577));
#7629=CARTESIAN_POINT('Origin',(-6.75,-3.57718891324554,2.49592281341143));
#7630=CARTESIAN_POINT('',(-6.75,-2.49042370212634,2.74605103539408));
#7631=CARTESIAN_POINT('',(-6.75,-3.19718891324554,3.1541021202876));
#7632=CARTESIAN_POINT('',(-6.75,-3.82363055736707,2.74593855420535));
#7633=CARTESIAN_POINT('',(-6.75,-4.01020161513776,2.74592281341143));
#7634=CARTESIAN_POINT('',(-6.75,-3.84862633892235,2.65263728419407));
#7635=CARTESIAN_POINT('Origin',(-6.75,-3.82362633892235,2.6959385543833));
#7636=CARTESIAN_POINT('',(-6.75,0.677916512459886,0.0392365504501612));
#7637=CARTESIAN_POINT('',(-6.75,-3.57718891324554,2.49592281341143));
#7638=CARTESIAN_POINT('Origin',(-6.75,0.702916512459887,0.0825378206393849));
#7639=CARTESIAN_POINT('Origin',(-7.125,-1.03212540378444,1.9041021202876));
#7640=CARTESIAN_POINT('',(-7.5,-2.49042370212634,2.74605103539408));
#7641=CARTESIAN_POINT('',(-7.5,7.19511593216773,-2.8458978797124));
#7642=CARTESIAN_POINT('',(-7.3125,-2.49042370212634,2.74605103539408));
#7643=CARTESIAN_POINT('Origin',(-3.1875,0.702916512459887,0.0825378206393849));
#7644=CARTESIAN_POINT('',(-7.5,0.677916512459887,0.0392365504501645));
#7645=CARTESIAN_POINT('',(-3.1875,0.677916512459887,0.039236550450163));
#7646=CARTESIAN_POINT('Origin',(-7.5,0.702916512459887,0.0825378206393849));
#7647=CARTESIAN_POINT('Origin',(-7.5,0.75293810567666,-0.00407718658857579));
#7648=CARTESIAN_POINT('',(-7.5,-3.84862633892235,2.65263728419408));
#7649=CARTESIAN_POINT('',(-7.5,6.81511593216773,-3.50407718658857));
#7650=CARTESIAN_POINT('',(-7.5,-3.82363055736707,2.74593855420535));
#7651=CARTESIAN_POINT('Origin',(-7.5,-3.82362633892235,2.6959385543833));
#7652=CARTESIAN_POINT('',(-7.5,-2.01979613691396,2.74609074172155));
#7653=CARTESIAN_POINT('Origin',(-7.3125,-3.82362633892235,2.6959385543833));
#7654=CARTESIAN_POINT('',(-7.3125,-3.82363055736707,2.74593855420535));
#7655=CARTESIAN_POINT('',(-7.3125,-3.84862633892235,2.65263728419408));
#7656=CARTESIAN_POINT('Origin',(-7.5,-4.01020161513776,2.74592281341143));
#7657=CARTESIAN_POINT('Origin',(-7.125,-1.41212540378444,1.24592281341143));
#7658=CARTESIAN_POINT('Origin',(-0.9375,0.0600000000000027,0.842956326715884));
#7659=CARTESIAN_POINT('',(-5.25,0.410000000000003,0.236738544066777));
#7660=CARTESIAN_POINT('',(-5.25,0.760000000000003,0.842956326715884));
#7661=CARTESIAN_POINT('Origin',(-5.25,0.0600000000000027,0.842956326715884));
#7662=CARTESIAN_POINT('',(-4.5,0.76,0.842956326715884));
#7663=CARTESIAN_POINT('',(-0.9375,0.760000000000003,0.842956326715884));
#7664=CARTESIAN_POINT('',(-4.5,0.410000000000002,0.236738544066778));
#7665=CARTESIAN_POINT('Origin',(-4.5,0.0600000000000027,0.842956326715884));
#7666=CARTESIAN_POINT('',(-0.9375,0.410000000000003,0.236738544066777));
#7667=CARTESIAN_POINT('Origin',(3.,0.420007462291058,0.242516355114423));
#7668=CARTESIAN_POINT('',(-4.5,0.0749999999999995,0.0433262038882517));
#7669=CARTESIAN_POINT('',(-4.5,1.29253008757188,0.746267527694348));
#7670=CARTESIAN_POINT('',(-5.25,0.075,0.0433262038882513));
#7671=CARTESIAN_POINT('',(-0.9375,0.0750000000000002,0.0433262038882511));
#7672=CARTESIAN_POINT('',(-5.25,0.209998332841336,0.121267527694347));
#7673=CARTESIAN_POINT('Origin',(-4.5,-6.99353086378051E-16,5.));
#7674=CARTESIAN_POINT('',(-4.5,0.760000000000004,4.18389783021294));
#7675=CARTESIAN_POINT('',(-4.5,0.760000000000001,5.));
#7676=CARTESIAN_POINT('',(-4.5,0.0932991608127526,5.33843259475661));
#7677=CARTESIAN_POINT('',(-4.5,-6.99353086378051E-16,5.5));
#7678=CARTESIAN_POINT('',(-4.5,-6.29757880876114E-16,5.3134289415653));
#7679=CARTESIAN_POINT('Origin',(-4.5,0.0500000000000015,5.3134289415653));
#7680=CARTESIAN_POINT('',(-4.5,-1.79034094774602E-15,0.0866274740774729));
#7681=CARTESIAN_POINT('',(-4.5,-6.99353086378051E-16,5.));
#7682=CARTESIAN_POINT('Origin',(-4.5,0.0500000000000002,0.0866274740774731));
#7683=CARTESIAN_POINT('Origin',(-4.875,0.760000000000003,2.5));
#7684=CARTESIAN_POINT('',(-5.25,0.760000000000003,4.18389783021295));
#7685=CARTESIAN_POINT('',(-5.25,0.760000000000001,-7.));
#7686=CARTESIAN_POINT('',(-5.0625,0.760000000000004,4.18389783021294));
#7687=CARTESIAN_POINT('Origin',(-0.9375,0.0500000000000002,0.0866274740774731));
#7688=CARTESIAN_POINT('',(-5.25,1.57354739773241E-15,0.0866274740774736));
#7689=CARTESIAN_POINT('',(-0.9375,1.63910879619856E-16,0.0866274740774731));
#7690=CARTESIAN_POINT('Origin',(-5.25,0.0500000000000002,0.0866274740774731));
#7691=CARTESIAN_POINT('Origin',(-5.25,0.,-4.19611851826831E-15));
#7692=CARTESIAN_POINT('',(-5.25,2.73413046460231E-15,5.3134289415653));
#7693=CARTESIAN_POINT('',(-5.25,0.,-7.));
#7694=CARTESIAN_POINT('',(-5.25,0.0932991608127565,5.33843259475661));
#7695=CARTESIAN_POINT('Origin',(-5.25,0.0500000000000015,5.3134289415653));
#7696=CARTESIAN_POINT('',(-5.25,0.995348169294478,3.77634225618154));
#7697=CARTESIAN_POINT('Origin',(-5.0625,0.0500000000000015,5.3134289415653));
#7698=CARTESIAN_POINT('',(-5.0625,0.0932991608127526,5.33843259475661));
#7699=CARTESIAN_POINT('',(-5.0625,1.3222144289335E-15,5.3134289415653));
#7700=CARTESIAN_POINT('Origin',(-5.25,-6.99353086378051E-16,5.5));
#7701=CARTESIAN_POINT('Origin',(-4.875,6.99353086378051E-16,2.5));
#7702=CARTESIAN_POINT('Origin',(1.3125,0.0529165124598872,0.469362500996437));
#7703=CARTESIAN_POINT('',(-3.,0.752916512459887,0.469362500996437));
#7704=CARTESIAN_POINT('',(-3.,0.402916512459888,1.07558028364554));
#7705=CARTESIAN_POINT('Origin',(-3.,0.0529165124598872,0.469362500996437));
#7706=CARTESIAN_POINT('',(-2.25,0.402916512459886,1.07558028364554));
#7707=CARTESIAN_POINT('',(1.3125,0.402916512459887,1.07558028364554));
#7708=CARTESIAN_POINT('',(-2.25,0.752916512459886,0.469362500996437));
#7709=CARTESIAN_POINT('Origin',(-2.25,0.0529165124598872,0.469362500996437));
#7710=CARTESIAN_POINT('',(1.3125,0.752916512459887,0.469362500996437));
#7711=CARTESIAN_POINT('Origin',(5.25,0.752916512459887,0.480918123091729));
#7712=CARTESIAN_POINT('',(-2.25,0.752916512459886,0.0825378206393847));
#7713=CARTESIAN_POINT('',(-2.25,0.752916512459886,1.48842046825158));
#7714=CARTESIAN_POINT('',(-3.,0.752916512459887,0.0825378206393849));
#7715=CARTESIAN_POINT('',(1.3125,0.752916512459887,0.0825378206393849));
#7716=CARTESIAN_POINT('',(-3.,0.752916512459887,0.238420468251577));
#7717=CARTESIAN_POINT('Origin',(-2.25,-3.57718891324554,2.49592281341143));
#7718=CARTESIAN_POINT('',(-2.25,-2.49042370212634,2.74605103539408));
#7719=CARTESIAN_POINT('',(-2.25,-3.19718891324554,3.1541021202876));
#7720=CARTESIAN_POINT('',(-2.25,-3.82363055736707,2.74593855420535));
#7721=CARTESIAN_POINT('',(-2.25,-4.01020161513776,2.74592281341143));
#7722=CARTESIAN_POINT('',(-2.25,-3.84862633892235,2.65263728419407));
#7723=CARTESIAN_POINT('Origin',(-2.25,-3.82362633892235,2.6959385543833));
#7724=CARTESIAN_POINT('',(-2.25,0.677916512459886,0.0392365504501612));
#7725=CARTESIAN_POINT('',(-2.25,-3.57718891324554,2.49592281341143));
#7726=CARTESIAN_POINT('Origin',(-2.25,0.702916512459887,0.0825378206393849));
#7727=CARTESIAN_POINT('Origin',(-2.625,-1.03212540378444,1.9041021202876));
#7728=CARTESIAN_POINT('',(-3.,-2.49042370212634,2.74605103539408));
#7729=CARTESIAN_POINT('',(-3.,7.19511593216773,-2.8458978797124));
#7730=CARTESIAN_POINT('',(-2.8125,-2.49042370212634,2.74605103539408));
#7731=CARTESIAN_POINT('Origin',(1.3125,0.702916512459887,0.0825378206393849));
#7732=CARTESIAN_POINT('',(-3.,0.677916512459887,0.0392365504501645));
#7733=CARTESIAN_POINT('',(1.3125,0.677916512459887,0.039236550450163));
#7734=CARTESIAN_POINT('Origin',(-3.,0.702916512459887,0.0825378206393849));
#7735=CARTESIAN_POINT('Origin',(-3.,0.75293810567666,-0.00407718658857579));
#7736=CARTESIAN_POINT('',(-3.,-3.84862633892235,2.65263728419408));
#7737=CARTESIAN_POINT('',(-3.,6.81511593216773,-3.50407718658857));
#7738=CARTESIAN_POINT('',(-3.,-3.82363055736707,2.74593855420535));
#7739=CARTESIAN_POINT('Origin',(-3.,-3.82362633892235,2.6959385543833));
#7740=CARTESIAN_POINT('',(-3.,-2.01979613691396,2.74609074172155));
#7741=CARTESIAN_POINT('Origin',(-2.8125,-3.82362633892235,2.6959385543833));
#7742=CARTESIAN_POINT('',(-2.8125,-3.82363055736707,2.74593855420535));
#7743=CARTESIAN_POINT('',(-2.8125,-3.84862633892235,2.65263728419408));
#7744=CARTESIAN_POINT('Origin',(-3.,-4.01020161513776,2.74592281341143));
#7745=CARTESIAN_POINT('Origin',(-2.625,-1.41212540378444,1.24592281341143));
#7746=CARTESIAN_POINT('Origin',(-5.625,0.05,-0.949999999999998));
#7747=CARTESIAN_POINT('',(-5.25,0.05,-0.999999999999997));
#7748=CARTESIAN_POINT('',(-5.25,0.,-0.949999999999997));
#7749=CARTESIAN_POINT('Origin',(-5.24999999999998,0.05,-0.949999999999997));
#7750=CARTESIAN_POINT('',(-6.75,0.,-0.95));
#7751=CARTESIAN_POINT('',(-5.625,0.,-0.949999999999998));
#7752=CARTESIAN_POINT('',(-6.75,0.05,-1.));
#7753=CARTESIAN_POINT('Origin',(-6.75,0.05,-0.949999999999999));
#7754=CARTESIAN_POINT('',(-5.625,0.05,-0.999999999999998));
#7755=CARTESIAN_POINT('Origin',(-6.,0.,5.));
#7756=CARTESIAN_POINT('',(-5.25,0.,10.95));
#7757=CARTESIAN_POINT('',(-5.25,0.,0.));
#7758=CARTESIAN_POINT('',(-6.75,0.,10.95));
#7759=CARTESIAN_POINT('',(-6.375,0.,10.95));
#7760=CARTESIAN_POINT('',(-6.75,0.,12.));
#7761=CARTESIAN_POINT('Origin',(-5.25,0.,11.));
#7762=CARTESIAN_POINT('',(-5.25,0.75,-0.999999999999998));
#7763=CARTESIAN_POINT('',(-5.25,0.,-0.999999999999997));
#7764=CARTESIAN_POINT('',(-5.25,0.75,11.));
#7765=CARTESIAN_POINT('',(-5.25,0.75,0.));
#7766=CARTESIAN_POINT('',(-5.25,0.05,11.));
#7767=CARTESIAN_POINT('',(-5.25,0.,11.));
#7768=CARTESIAN_POINT('Origin',(-5.25,0.05,10.95));
#7769=CARTESIAN_POINT('Origin',(-6.375,0.05,10.95));
#7770=CARTESIAN_POINT('',(-6.75,0.05,11.));
#7771=CARTESIAN_POINT('Origin',(-6.75,0.05,10.95));
#7772=CARTESIAN_POINT('',(-6.375,0.05,11.));
#7773=CARTESIAN_POINT('Origin',(-6.74999999999999,0.,11.));
#7774=CARTESIAN_POINT('',(-6.75,0.75,11.));
#7775=CARTESIAN_POINT('',(-5.25,0.75,11.));
#7776=CARTESIAN_POINT('',(-6.75,0.,11.));
#7777=CARTESIAN_POINT('Origin',(-5.25,0.,-0.999999999999997));
#7778=CARTESIAN_POINT('',(-6.75,0.75,-1.));
#7779=CARTESIAN_POINT('',(-6.75,0.,-1.));
#7780=CARTESIAN_POINT('',(-6.75,0.75,-0.999999999999999));
#7781=CARTESIAN_POINT('Origin',(-6.75,0.,-0.999999999999998));
#7782=CARTESIAN_POINT('',(-6.75,0.75,12.));
#7783=CARTESIAN_POINT('Origin',(-6.,0.75,5.));
#7784=CARTESIAN_POINT('Origin',(-14.625,0.05,-0.949999999999998));
#7785=CARTESIAN_POINT('',(-14.25,0.05,-0.999999999999997));
#7786=CARTESIAN_POINT('',(-14.25,0.,-0.949999999999997));
#7787=CARTESIAN_POINT('Origin',(-14.25,0.05,-0.949999999999997));
#7788=CARTESIAN_POINT('',(-15.75,0.,-0.95));
#7789=CARTESIAN_POINT('',(-14.625,0.,-0.949999999999998));
#7790=CARTESIAN_POINT('',(-15.75,0.05,-1.));
#7791=CARTESIAN_POINT('Origin',(-15.75,0.05,-0.949999999999999));
#7792=CARTESIAN_POINT('',(-14.625,0.05,-0.999999999999998));
#7793=CARTESIAN_POINT('Origin',(-15.,0.,5.));
#7794=CARTESIAN_POINT('',(-14.25,0.,10.95));
#7795=CARTESIAN_POINT('',(-14.25,0.,0.));
#7796=CARTESIAN_POINT('',(-15.75,0.,10.95));
#7797=CARTESIAN_POINT('',(-15.375,0.,10.95));
#7798=CARTESIAN_POINT('',(-15.75,0.,12.));
#7799=CARTESIAN_POINT('Origin',(-14.25,0.,11.));
#7800=CARTESIAN_POINT('',(-14.25,0.75,-0.999999999999998));
#7801=CARTESIAN_POINT('',(-14.25,0.,-0.999999999999997));
#7802=CARTESIAN_POINT('',(-14.25,0.75,11.));
#7803=CARTESIAN_POINT('',(-14.25,0.75,0.));
#7804=CARTESIAN_POINT('',(-14.25,0.05,11.));
#7805=CARTESIAN_POINT('',(-14.25,0.,11.));
#7806=CARTESIAN_POINT('Origin',(-14.25,0.05,10.95));
#7807=CARTESIAN_POINT('Origin',(-15.375,0.05,10.95));
#7808=CARTESIAN_POINT('',(-15.75,0.05,11.));
#7809=CARTESIAN_POINT('Origin',(-15.75,0.05,10.95));
#7810=CARTESIAN_POINT('',(-15.375,0.05,11.));
#7811=CARTESIAN_POINT('Origin',(-15.75,0.,11.));
#7812=CARTESIAN_POINT('',(-15.75,0.75,11.));
#7813=CARTESIAN_POINT('',(-14.25,0.75,11.));
#7814=CARTESIAN_POINT('',(-15.75,0.,11.));
#7815=CARTESIAN_POINT('Origin',(-14.25,0.,-0.999999999999997));
#7816=CARTESIAN_POINT('',(-15.75,0.75,-1.));
#7817=CARTESIAN_POINT('',(-15.75,0.,-1.));
#7818=CARTESIAN_POINT('',(-15.75,0.75,-0.999999999999999));
#7819=CARTESIAN_POINT('Origin',(-15.75,0.,-0.999999999999998));
#7820=CARTESIAN_POINT('',(-15.75,0.75,12.));
#7821=CARTESIAN_POINT('Origin',(-15.,0.75,5.));
#7822=CARTESIAN_POINT('Origin',(-16.875,0.05,-0.949999999999998));
#7823=CARTESIAN_POINT('',(-16.5,0.05,-0.999999999999997));
#7824=CARTESIAN_POINT('',(-16.5,0.,-0.949999999999997));
#7825=CARTESIAN_POINT('Origin',(-16.5,0.05,-0.949999999999997));
#7826=CARTESIAN_POINT('',(-18.,0.,-0.95));
#7827=CARTESIAN_POINT('',(-16.875,0.,-0.949999999999998));
#7828=CARTESIAN_POINT('',(-18.,0.05,-1.));
#7829=CARTESIAN_POINT('Origin',(-18.,0.05,-0.949999999999999));
#7830=CARTESIAN_POINT('',(-16.875,0.05,-0.999999999999998));
#7831=CARTESIAN_POINT('Origin',(-17.25,0.,5.));
#7832=CARTESIAN_POINT('',(-16.5,0.,10.95));
#7833=CARTESIAN_POINT('',(-16.5,0.,0.));
#7834=CARTESIAN_POINT('',(-18.,0.,10.95));
#7835=CARTESIAN_POINT('',(-17.625,0.,10.95));
#7836=CARTESIAN_POINT('',(-18.,0.,12.));
#7837=CARTESIAN_POINT('Origin',(-16.5,0.,11.));
#7838=CARTESIAN_POINT('',(-16.5,0.75,-0.999999999999998));
#7839=CARTESIAN_POINT('',(-16.5,0.,-0.999999999999997));
#7840=CARTESIAN_POINT('',(-16.5,0.75,11.));
#7841=CARTESIAN_POINT('',(-16.5,0.75,0.));
#7842=CARTESIAN_POINT('',(-16.5,0.05,11.));
#7843=CARTESIAN_POINT('',(-16.5,0.,11.));
#7844=CARTESIAN_POINT('Origin',(-16.5,0.05,10.95));
#7845=CARTESIAN_POINT('Origin',(-17.625,0.05,10.95));
#7846=CARTESIAN_POINT('',(-18.,0.05,11.));
#7847=CARTESIAN_POINT('Origin',(-18.,0.05,10.95));
#7848=CARTESIAN_POINT('',(-17.625,0.05,11.));
#7849=CARTESIAN_POINT('Origin',(-18.,0.,11.));
#7850=CARTESIAN_POINT('',(-18.,0.75,11.));
#7851=CARTESIAN_POINT('',(-16.5,0.75,11.));
#7852=CARTESIAN_POINT('',(-18.,0.,11.));
#7853=CARTESIAN_POINT('Origin',(-16.5,0.,-0.999999999999997));
#7854=CARTESIAN_POINT('',(-18.,0.75,-1.));
#7855=CARTESIAN_POINT('',(-18.,0.,-1.));
#7856=CARTESIAN_POINT('',(-18.,0.75,-0.999999999999999));
#7857=CARTESIAN_POINT('Origin',(-18.,0.,-0.999999999999998));
#7858=CARTESIAN_POINT('',(-18.,0.75,12.));
#7859=CARTESIAN_POINT('Origin',(-17.25,0.75,5.));
#7860=CARTESIAN_POINT('Origin',(-7.875,0.05,-0.949999999999998));
#7861=CARTESIAN_POINT('',(-7.5,0.05,-0.999999999999997));
#7862=CARTESIAN_POINT('',(-7.5,0.,-0.949999999999997));
#7863=CARTESIAN_POINT('Origin',(-7.49999999999998,0.05,-0.949999999999997));
#7864=CARTESIAN_POINT('',(-9.,0.,-0.95));
#7865=CARTESIAN_POINT('',(-7.875,0.,-0.949999999999998));
#7866=CARTESIAN_POINT('',(-9.,0.05,-1.));
#7867=CARTESIAN_POINT('Origin',(-9.,0.05,-0.949999999999999));
#7868=CARTESIAN_POINT('',(-7.875,0.05,-0.999999999999998));
#7869=CARTESIAN_POINT('Origin',(-8.25,0.,5.));
#7870=CARTESIAN_POINT('',(-7.5,0.,10.95));
#7871=CARTESIAN_POINT('',(-7.5,0.,0.));
#7872=CARTESIAN_POINT('',(-9.,0.,10.95));
#7873=CARTESIAN_POINT('',(-8.625,0.,10.95));
#7874=CARTESIAN_POINT('',(-9.,0.,12.));
#7875=CARTESIAN_POINT('Origin',(-7.5,0.,11.));
#7876=CARTESIAN_POINT('',(-7.5,0.75,-0.999999999999998));
#7877=CARTESIAN_POINT('',(-7.5,0.,-0.999999999999997));
#7878=CARTESIAN_POINT('',(-7.5,0.75,11.));
#7879=CARTESIAN_POINT('',(-7.5,0.75,0.));
#7880=CARTESIAN_POINT('',(-7.5,0.05,11.));
#7881=CARTESIAN_POINT('',(-7.5,0.,11.));
#7882=CARTESIAN_POINT('Origin',(-7.5,0.05,10.95));
#7883=CARTESIAN_POINT('Origin',(-8.625,0.05,10.95));
#7884=CARTESIAN_POINT('',(-9.,0.05,11.));
#7885=CARTESIAN_POINT('Origin',(-9.,0.05,10.95));
#7886=CARTESIAN_POINT('',(-8.625,0.05,11.));
#7887=CARTESIAN_POINT('Origin',(-8.99999999999999,0.,11.));
#7888=CARTESIAN_POINT('',(-9.,0.75,11.));
#7889=CARTESIAN_POINT('',(-7.5,0.75,11.));
#7890=CARTESIAN_POINT('',(-9.,0.,11.));
#7891=CARTESIAN_POINT('Origin',(-7.5,0.,-0.999999999999997));
#7892=CARTESIAN_POINT('',(-9.,0.75,-1.));
#7893=CARTESIAN_POINT('',(-9.,0.,-1.));
#7894=CARTESIAN_POINT('',(-9.,0.75,-0.999999999999999));
#7895=CARTESIAN_POINT('Origin',(-9.,0.,-0.999999999999998));
#7896=CARTESIAN_POINT('',(-9.,0.75,12.));
#7897=CARTESIAN_POINT('Origin',(-8.25,0.75,5.));
#7898=CARTESIAN_POINT('Origin',(-3.375,0.05,-0.949999999999998));
#7899=CARTESIAN_POINT('',(-3.,0.05,-0.999999999999997));
#7900=CARTESIAN_POINT('',(-3.,0.,-0.949999999999997));
#7901=CARTESIAN_POINT('Origin',(-2.99999999999998,0.05,-0.949999999999997));
#7902=CARTESIAN_POINT('',(-4.5,0.,-0.95));
#7903=CARTESIAN_POINT('',(-3.375,0.,-0.949999999999998));
#7904=CARTESIAN_POINT('',(-4.5,0.05,-1.));
#7905=CARTESIAN_POINT('Origin',(-4.5,0.05,-0.949999999999999));
#7906=CARTESIAN_POINT('',(-3.375,0.05,-0.999999999999998));
#7907=CARTESIAN_POINT('Origin',(-3.75,0.,5.));
#7908=CARTESIAN_POINT('',(-3.,0.,10.95));
#7909=CARTESIAN_POINT('',(-3.,0.,0.));
#7910=CARTESIAN_POINT('',(-4.5,0.,10.95));
#7911=CARTESIAN_POINT('',(-4.125,0.,10.95));
#7912=CARTESIAN_POINT('',(-4.5,0.,12.));
#7913=CARTESIAN_POINT('Origin',(-3.,0.,11.));
#7914=CARTESIAN_POINT('',(-3.,0.75,-0.999999999999998));
#7915=CARTESIAN_POINT('',(-3.,0.,-0.999999999999997));
#7916=CARTESIAN_POINT('',(-3.,0.75,11.));
#7917=CARTESIAN_POINT('',(-3.,0.75,0.));
#7918=CARTESIAN_POINT('',(-3.,0.05,11.));
#7919=CARTESIAN_POINT('',(-3.,0.,11.));
#7920=CARTESIAN_POINT('Origin',(-3.,0.05,10.95));
#7921=CARTESIAN_POINT('Origin',(-4.125,0.05,10.95));
#7922=CARTESIAN_POINT('',(-4.5,0.05,11.));
#7923=CARTESIAN_POINT('Origin',(-4.5,0.05,10.95));
#7924=CARTESIAN_POINT('',(-4.125,0.05,11.));
#7925=CARTESIAN_POINT('Origin',(-4.5,0.,11.));
#7926=CARTESIAN_POINT('',(-4.5,0.75,11.));
#7927=CARTESIAN_POINT('',(-3.,0.75,11.));
#7928=CARTESIAN_POINT('',(-4.5,0.,11.));
#7929=CARTESIAN_POINT('Origin',(-3.,0.,-0.999999999999997));
#7930=CARTESIAN_POINT('',(-4.5,0.75,-1.));
#7931=CARTESIAN_POINT('',(-4.5,0.,-1.));
#7932=CARTESIAN_POINT('',(-4.5,0.75,-0.999999999999999));
#7933=CARTESIAN_POINT('Origin',(-4.5,0.,-0.999999999999998));
#7934=CARTESIAN_POINT('',(-4.5,0.75,12.));
#7935=CARTESIAN_POINT('Origin',(-3.75,0.75,5.));
#7936=CARTESIAN_POINT('Origin',(-12.375,0.05,-0.949999999999998));
#7937=CARTESIAN_POINT('',(-12.,0.05,-0.999999999999997));
#7938=CARTESIAN_POINT('',(-12.,0.,-0.949999999999997));
#7939=CARTESIAN_POINT('Origin',(-12.,0.05,-0.949999999999997));
#7940=CARTESIAN_POINT('',(-13.5,0.,-0.95));
#7941=CARTESIAN_POINT('',(-12.375,0.,-0.949999999999998));
#7942=CARTESIAN_POINT('',(-13.5,0.05,-1.));
#7943=CARTESIAN_POINT('Origin',(-13.5,0.05,-0.949999999999999));
#7944=CARTESIAN_POINT('',(-12.375,0.05,-0.999999999999998));
#7945=CARTESIAN_POINT('Origin',(-12.75,0.,5.));
#7946=CARTESIAN_POINT('',(-12.,0.,10.95));
#7947=CARTESIAN_POINT('',(-12.,0.,0.));
#7948=CARTESIAN_POINT('',(-13.5,0.,10.95));
#7949=CARTESIAN_POINT('',(-13.125,0.,10.95));
#7950=CARTESIAN_POINT('',(-13.5,0.,12.));
#7951=CARTESIAN_POINT('Origin',(-12.,0.,11.));
#7952=CARTESIAN_POINT('',(-12.,0.75,-0.999999999999998));
#7953=CARTESIAN_POINT('',(-12.,0.,-0.999999999999997));
#7954=CARTESIAN_POINT('',(-12.,0.75,11.));
#7955=CARTESIAN_POINT('',(-12.,0.75,0.));
#7956=CARTESIAN_POINT('',(-12.,0.05,11.));
#7957=CARTESIAN_POINT('',(-12.,0.,11.));
#7958=CARTESIAN_POINT('Origin',(-12.,0.05,10.95));
#7959=CARTESIAN_POINT('Origin',(-13.125,0.05,10.95));
#7960=CARTESIAN_POINT('',(-13.5,0.05,11.));
#7961=CARTESIAN_POINT('Origin',(-13.5,0.05,10.95));
#7962=CARTESIAN_POINT('',(-13.125,0.05,11.));
#7963=CARTESIAN_POINT('Origin',(-13.5,0.,11.));
#7964=CARTESIAN_POINT('',(-13.5,0.75,11.));
#7965=CARTESIAN_POINT('',(-12.,0.75,11.));
#7966=CARTESIAN_POINT('',(-13.5,0.,11.));
#7967=CARTESIAN_POINT('Origin',(-12.,0.,-0.999999999999997));
#7968=CARTESIAN_POINT('',(-13.5,0.75,-1.));
#7969=CARTESIAN_POINT('',(-13.5,0.,-1.));
#7970=CARTESIAN_POINT('',(-13.5,0.75,-0.999999999999999));
#7971=CARTESIAN_POINT('Origin',(-13.5,0.,-0.999999999999998));
#7972=CARTESIAN_POINT('',(-13.5,0.75,12.));
#7973=CARTESIAN_POINT('Origin',(-12.75,0.75,5.));
#7974=CARTESIAN_POINT('Origin',(-19.125,0.05,-0.949999999999998));
#7975=CARTESIAN_POINT('',(-18.75,0.05,-0.999999999999997));
#7976=CARTESIAN_POINT('',(-18.75,0.,-0.949999999999997));
#7977=CARTESIAN_POINT('Origin',(-18.75,0.05,-0.949999999999997));
#7978=CARTESIAN_POINT('',(-20.25,0.,-0.949999999999999));
#7979=CARTESIAN_POINT('',(-19.125,0.,-0.949999999999998));
#7980=CARTESIAN_POINT('',(-20.25,0.05,-1.));
#7981=CARTESIAN_POINT('Origin',(-20.25,0.05,-0.949999999999999));
#7982=CARTESIAN_POINT('',(-19.125,0.05,-0.999999999999998));
#7983=CARTESIAN_POINT('Origin',(-19.5,0.,5.));
#7984=CARTESIAN_POINT('',(-18.75,0.,10.95));
#7985=CARTESIAN_POINT('',(-18.75,0.,0.));
#7986=CARTESIAN_POINT('',(-20.25,0.,10.95));
#7987=CARTESIAN_POINT('',(-19.875,0.,10.95));
#7988=CARTESIAN_POINT('',(-20.25,0.,2.47418313219326E-32));
#7989=CARTESIAN_POINT('Origin',(-18.75,0.,11.));
#7990=CARTESIAN_POINT('',(-18.75,0.75,-0.999999999999997));
#7991=CARTESIAN_POINT('',(-18.75,0.,-0.999999999999997));
#7992=CARTESIAN_POINT('',(-18.75,0.75,11.));
#7993=CARTESIAN_POINT('',(-18.75,0.75,0.));
#7994=CARTESIAN_POINT('',(-18.75,0.05,11.));
#7995=CARTESIAN_POINT('',(-18.75,0.,11.));
#7996=CARTESIAN_POINT('Origin',(-18.75,0.05,10.95));
#7997=CARTESIAN_POINT('Origin',(-19.875,0.05,10.95));
#7998=CARTESIAN_POINT('',(-20.25,0.05,11.));
#7999=CARTESIAN_POINT('Origin',(-20.25,0.05,10.95));
#8000=CARTESIAN_POINT('',(-19.875,0.05,11.));
#8001=CARTESIAN_POINT('Origin',(-20.25,0.,11.));
#8002=CARTESIAN_POINT('',(-20.25,0.75,11.));
#8003=CARTESIAN_POINT('',(-18.75,0.75,11.));
#8004=CARTESIAN_POINT('',(-20.25,0.,11.));
#8005=CARTESIAN_POINT('Origin',(-18.75,0.,-0.999999999999997));
#8006=CARTESIAN_POINT('',(-20.25,0.75,-1.));
#8007=CARTESIAN_POINT('',(-20.25,0.,-1.));
#8008=CARTESIAN_POINT('',(-20.25,0.75,-0.999999999999999));
#8009=CARTESIAN_POINT('Origin',(-20.25,0.,-1.));
#8010=CARTESIAN_POINT('',(-20.25,0.75,2.47418313219326E-32));
#8011=CARTESIAN_POINT('Origin',(-19.5,0.75,5.));
#8012=CARTESIAN_POINT('Origin',(-10.125,0.05,-0.949999999999998));
#8013=CARTESIAN_POINT('',(-9.75,0.05,-0.999999999999997));
#8014=CARTESIAN_POINT('',(-9.75,0.,-0.949999999999997));
#8015=CARTESIAN_POINT('Origin',(-9.74999999999998,0.05,-0.949999999999997));
#8016=CARTESIAN_POINT('',(-11.25,0.,-0.95));
#8017=CARTESIAN_POINT('',(-10.125,0.,-0.949999999999998));
#8018=CARTESIAN_POINT('',(-11.25,0.05,-1.));
#8019=CARTESIAN_POINT('Origin',(-11.25,0.05,-0.949999999999999));
#8020=CARTESIAN_POINT('',(-10.125,0.05,-0.999999999999998));
#8021=CARTESIAN_POINT('Origin',(-10.5,0.,5.));
#8022=CARTESIAN_POINT('',(-9.75,0.,10.95));
#8023=CARTESIAN_POINT('',(-9.75,0.,0.));
#8024=CARTESIAN_POINT('',(-11.25,0.,10.95));
#8025=CARTESIAN_POINT('',(-10.875,0.,10.95));
#8026=CARTESIAN_POINT('',(-11.25,0.,12.));
#8027=CARTESIAN_POINT('Origin',(-9.75,0.,11.));
#8028=CARTESIAN_POINT('',(-9.75,0.75,-0.999999999999998));
#8029=CARTESIAN_POINT('',(-9.75,0.,-0.999999999999997));
#8030=CARTESIAN_POINT('',(-9.75,0.75,11.));
#8031=CARTESIAN_POINT('',(-9.75,0.75,0.));
#8032=CARTESIAN_POINT('',(-9.75,0.05,11.));
#8033=CARTESIAN_POINT('',(-9.75,0.,11.));
#8034=CARTESIAN_POINT('Origin',(-9.75,0.05,10.95));
#8035=CARTESIAN_POINT('Origin',(-10.875,0.05,10.95));
#8036=CARTESIAN_POINT('',(-11.25,0.05,11.));
#8037=CARTESIAN_POINT('Origin',(-11.25,0.05,10.95));
#8038=CARTESIAN_POINT('',(-10.875,0.05,11.));
#8039=CARTESIAN_POINT('Origin',(-11.25,0.,11.));
#8040=CARTESIAN_POINT('',(-11.25,0.75,11.));
#8041=CARTESIAN_POINT('',(-9.75,0.75,11.));
#8042=CARTESIAN_POINT('',(-11.25,0.,11.));
#8043=CARTESIAN_POINT('Origin',(-9.75,0.,-0.999999999999997));
#8044=CARTESIAN_POINT('',(-11.25,0.75,-1.));
#8045=CARTESIAN_POINT('',(-11.25,0.,-1.));
#8046=CARTESIAN_POINT('',(-11.25,0.75,-0.999999999999999));
#8047=CARTESIAN_POINT('Origin',(-11.25,0.,-0.999999999999998));
#8048=CARTESIAN_POINT('',(-11.25,0.75,12.));
#8049=CARTESIAN_POINT('Origin',(-10.5,0.75,5.));
#8050=CARTESIAN_POINT('Origin',(-1.125,0.05,-0.949999999999998));
#8051=CARTESIAN_POINT('',(-0.750000000000002,0.05,-0.999999999999997));
#8052=CARTESIAN_POINT('',(-0.750000000000002,0.,-0.949999999999997));
#8053=CARTESIAN_POINT('Origin',(-0.749999999999985,0.05,-0.949999999999997));
#8054=CARTESIAN_POINT('',(-2.25,0.,-0.95));
#8055=CARTESIAN_POINT('',(-1.125,0.,-0.949999999999998));
#8056=CARTESIAN_POINT('',(-2.25,0.05,-0.999999999999999));
#8057=CARTESIAN_POINT('Origin',(-2.25,0.05,-0.949999999999999));
#8058=CARTESIAN_POINT('',(-1.125,0.05,-0.999999999999998));
#8059=CARTESIAN_POINT('Origin',(-1.5,0.,5.));
#8060=CARTESIAN_POINT('',(-0.75,0.,10.95));
#8061=CARTESIAN_POINT('',(-0.750000000000002,0.,-0.999999999999997));
#8062=CARTESIAN_POINT('',(-2.25,0.,10.95));
#8063=CARTESIAN_POINT('',(-1.875,0.,10.95));
#8064=CARTESIAN_POINT('',(-2.25,0.,12.));
#8065=CARTESIAN_POINT('Origin',(-0.75,0.,11.));
#8066=CARTESIAN_POINT('',(-0.750000000000002,0.75,-0.999999999999998));
#8067=CARTESIAN_POINT('',(-0.750000000000002,0.,-0.999999999999997));
#8068=CARTESIAN_POINT('',(-0.75,0.75,11.));
#8069=CARTESIAN_POINT('',(-0.750000000000002,0.75,-0.999999999999997));
#8070=CARTESIAN_POINT('',(-0.75,0.05,11.));
#8071=CARTESIAN_POINT('',(-0.75,0.,11.));
#8072=CARTESIAN_POINT('Origin',(-0.75,0.05,10.95));
#8073=CARTESIAN_POINT('Origin',(-1.875,0.05,10.95));
#8074=CARTESIAN_POINT('',(-2.25,0.05,11.));
#8075=CARTESIAN_POINT('Origin',(-2.25,0.05,10.95));
#8076=CARTESIAN_POINT('',(-1.875,0.05,11.));
#8077=CARTESIAN_POINT('Origin',(-2.25,0.,11.));
#8078=CARTESIAN_POINT('',(-2.25,0.75,11.));
#8079=CARTESIAN_POINT('',(-0.75,0.75,11.));
#8080=CARTESIAN_POINT('',(-2.25,0.,11.));
#8081=CARTESIAN_POINT('Origin',(-0.750000000000002,0.,-0.999999999999997));
#8082=CARTESIAN_POINT('',(-2.25,0.75,-1.));
#8083=CARTESIAN_POINT('',(-2.25,0.,-0.999999999999999));
#8084=CARTESIAN_POINT('',(-2.25,0.75,-0.999999999999999));
#8085=CARTESIAN_POINT('Origin',(-2.25,0.,-0.999999999999998));
#8086=CARTESIAN_POINT('',(-2.25,0.75,12.));
#8087=CARTESIAN_POINT('Origin',(-1.5,0.75,5.));
#8088=CARTESIAN_POINT('Origin',(-0.750000000000003,1.3339,1.25));
#8089=CARTESIAN_POINT('',(-20.25,1.4999,1.25));
#8090=CARTESIAN_POINT('',(-0.750000000000003,1.4999,1.25));
#8091=CARTESIAN_POINT('',(-20.25,1.4999,1.25));
#8092=CARTESIAN_POINT('',(-20.25,0.760000000000002,1.25));
#8093=CARTESIAN_POINT('',(-20.25,1.3339,1.25));
#8094=CARTESIAN_POINT('',(-0.750000000000003,0.760000000000002,1.25));
#8095=CARTESIAN_POINT('',(-20.25,0.760000000000002,1.25));
#8096=CARTESIAN_POINT('',(-0.750000000000003,1.3339,1.25));
#8097=CARTESIAN_POINT('Origin',(-0.750000000000003,1.3339,0.));
#8098=CARTESIAN_POINT('',(-0.750000000000003,1.4999,0.));
#8099=CARTESIAN_POINT('',(-0.750000000000003,1.4999,1.));
#8100=CARTESIAN_POINT('',(-0.750000000000003,0.760000000000002,-1.09273919746571E-17));
#8101=CARTESIAN_POINT('',(-0.750000000000003,0.760000000000002,1.));
#8102=CARTESIAN_POINT('',(-0.750000000000003,1.3339,0.));
#8103=CARTESIAN_POINT('Origin',(-20.25,1.3339,0.));
#8104=CARTESIAN_POINT('',(-20.25,1.4999,0.));
#8105=CARTESIAN_POINT('',(-0.750000000000003,1.4999,0.));
#8106=CARTESIAN_POINT('',(-20.25,0.760000000000002,-1.09273919746571E-17));
#8107=CARTESIAN_POINT('',(-0.750000000000003,0.760000000000002,-1.09273919746571E-17));
#8108=CARTESIAN_POINT('',(-20.25,1.3339,0.));
#8109=CARTESIAN_POINT('Origin',(-20.25,1.3339,1.));
#8110=CARTESIAN_POINT('',(-20.25,1.4999,0.));
#8111=CARTESIAN_POINT('',(-20.25,0.760000000000002,-1.09273919746571E-17));
#8112=CARTESIAN_POINT('Origin',(-10.5,1.4999,0.5));
#8113=CARTESIAN_POINT('Origin',(-10.5,0.760000000000003,0.5));
#8114=CARTESIAN_POINT('Origin',(-0.750000000000003,1.3339,4.41690565624222));
#8115=CARTESIAN_POINT('',(-20.25,1.4999,4.41690565624222));
#8116=CARTESIAN_POINT('',(-0.750000000000003,1.4999,4.41690565624222));
#8117=CARTESIAN_POINT('',(-20.25,1.4999,4.41690565624222));
#8118=CARTESIAN_POINT('',(-20.25,0.760000000000003,4.41690565624222));
#8119=CARTESIAN_POINT('',(-20.25,1.3339,4.41690565624222));
#8120=CARTESIAN_POINT('',(-0.750000000000003,0.760000000000003,4.41690565624222));
#8121=CARTESIAN_POINT('',(-20.25,0.760000000000003,4.41690565624222));
#8122=CARTESIAN_POINT('',(-0.750000000000003,1.3339,4.41690565624222));
#8123=CARTESIAN_POINT('Origin',(-0.750000000000003,1.3339,3.41690565624221));
#8124=CARTESIAN_POINT('',(-0.750000000000003,1.4999,3.16690565624221));
#8125=CARTESIAN_POINT('',(-0.750000000000003,1.4999,4.41690565624222));
#8126=CARTESIAN_POINT('',(-0.750000000000003,0.760000000000003,3.16690565624221));
#8127=CARTESIAN_POINT('',(-0.750000000000003,0.760000000000003,4.41690565624222));
#8128=CARTESIAN_POINT('',(-0.750000000000003,1.3339,3.16690565624221));
#8129=CARTESIAN_POINT('Origin',(-20.25,1.3339,3.16690565624221));
#8130=CARTESIAN_POINT('',(-20.25,1.4999,3.16690565624221));
#8131=CARTESIAN_POINT('',(-0.750000000000003,1.4999,3.16690565624221));
#8132=CARTESIAN_POINT('',(-20.25,0.760000000000003,3.16690565624221));
#8133=CARTESIAN_POINT('',(-0.750000000000003,0.760000000000003,3.16690565624221));
#8134=CARTESIAN_POINT('',(-20.25,1.3339,3.16690565624221));
#8135=CARTESIAN_POINT('Origin',(-20.25,1.3339,4.41690565624222));
#8136=CARTESIAN_POINT('',(-20.25,1.4999,3.41690565624221));
#8137=CARTESIAN_POINT('',(-20.25,0.760000000000003,3.41690565624221));
#8138=CARTESIAN_POINT('Origin',(-10.5,1.4999,3.91690565624222));
#8139=CARTESIAN_POINT('Origin',(-10.5,0.760000000000003,3.91690565624222));
#8140=CARTESIAN_POINT('Origin',(-0.750000000000003,1.3339,11.));
#8141=CARTESIAN_POINT('',(-20.25,1.4999,11.));
#8142=CARTESIAN_POINT('',(-0.750000000000003,1.4999,11.));
#8143=CARTESIAN_POINT('',(-20.25,1.4999,11.));
#8144=CARTESIAN_POINT('',(-20.25,0.760000000000003,11.));
#8145=CARTESIAN_POINT('',(-20.25,1.3339,11.));
#8146=CARTESIAN_POINT('',(-0.750000000000003,0.760000000000003,11.));
#8147=CARTESIAN_POINT('',(-20.25,0.760000000000003,11.));
#8148=CARTESIAN_POINT('',(-0.750000000000003,1.3339,11.));
#8149=CARTESIAN_POINT('Origin',(-0.750000000000003,1.3339,10.));
#8150=CARTESIAN_POINT('',(-0.750000000000003,1.4999,9.75));
#8151=CARTESIAN_POINT('',(-0.750000000000003,1.4999,11.));
#8152=CARTESIAN_POINT('',(-0.750000000000003,0.760000000000003,9.75));
#8153=CARTESIAN_POINT('',(-0.750000000000003,0.760000000000003,11.));
#8154=CARTESIAN_POINT('',(-0.750000000000003,1.3339,9.75));
#8155=CARTESIAN_POINT('Origin',(-20.25,1.3339,9.75));
#8156=CARTESIAN_POINT('',(-20.25,1.4999,9.75));
#8157=CARTESIAN_POINT('',(-0.750000000000003,1.4999,9.75));
#8158=CARTESIAN_POINT('',(-20.25,0.760000000000003,9.75));
#8159=CARTESIAN_POINT('',(-0.750000000000003,0.760000000000003,9.75));
#8160=CARTESIAN_POINT('',(-20.25,1.3339,9.75));
#8161=CARTESIAN_POINT('Origin',(-20.25,1.3339,11.));
#8162=CARTESIAN_POINT('',(-20.25,1.4999,10.));
#8163=CARTESIAN_POINT('',(-20.25,0.760000000000003,10.));
#8164=CARTESIAN_POINT('Origin',(-10.5,1.4999,10.5));
#8165=CARTESIAN_POINT('Origin',(-10.5,0.760000000000004,10.5));
#8166=CARTESIAN_POINT('Origin',(0.,0.380000000000002,7.15002493369903));
#8167=CARTESIAN_POINT('',(0.,0.505000000000002,7.15002493369903));
#8168=CARTESIAN_POINT('Origin',(0.,0.380000000000002,7.15002493369903));
#8169=CARTESIAN_POINT('Origin',(-18.75,0.380000000000002,7.15002493369903));
#8170=CARTESIAN_POINT('',(-21.,0.505000000000002,7.15002493369903));
#8171=CARTESIAN_POINT('Origin',(-21.,0.380000000000002,7.15002493369903));
#8172=CARTESIAN_POINT('',(-18.75,0.505000000000002,7.15002493369903));
#8173=CARTESIAN_POINT('Origin',(-21.,0.380000000000002,7.15002493369903));
#8174=CARTESIAN_POINT('Origin',(0.,0.380000000000002,0.65002493369903));
#8175=CARTESIAN_POINT('',(0.,0.505000000000002,0.65002493369903));
#8176=CARTESIAN_POINT('Origin',(0.,0.380000000000002,0.65002493369903));
#8177=CARTESIAN_POINT('Origin',(-18.75,0.380000000000002,0.65002493369903));
#8178=CARTESIAN_POINT('',(-21.,0.505000000000002,0.65002493369903));
#8179=CARTESIAN_POINT('Origin',(-21.,0.380000000000002,0.65002493369903));
#8180=CARTESIAN_POINT('',(-18.75,0.505000000000002,0.65002493369903));
#8181=CARTESIAN_POINT('Origin',(-21.,0.380000000000002,0.65002493369903));
#8182=CARTESIAN_POINT('Origin',(-20.1318897637795,0.380000000000002,0.65002493369903));
#8183=CARTESIAN_POINT('',(-20.1318897637795,0.255000000000002,0.65002493369903));
#8184=CARTESIAN_POINT('Origin',(-20.1318897637795,0.380000000000002,0.65002493369903));
#8185=CARTESIAN_POINT('',(-20.1318897637795,0.360314960629924,0.65002493369903));
#8186=CARTESIAN_POINT('Origin',(-20.1318897637795,0.380000000000002,0.65002493369903));
#8187=CARTESIAN_POINT('Origin',(-20.1318897637795,0.380000000000002,7.15002493369903));
#8188=CARTESIAN_POINT('',(-20.1318897637795,0.255000000000002,7.15002493369903));
#8189=CARTESIAN_POINT('Origin',(-20.1318897637795,0.380000000000002,7.15002493369903));
#8190=CARTESIAN_POINT('',(-20.1318897637795,0.360314960629924,7.15002493369903));
#8191=CARTESIAN_POINT('Origin',(-20.1318897637795,0.380000000000002,7.15002493369903));
#8192=CARTESIAN_POINT('Origin',(-20.25,0.380000000000002,7.15002493369903));
#8193=CARTESIAN_POINT('',(-20.25,0.255000000000002,7.15002493369903));
#8194=CARTESIAN_POINT('Origin',(-20.25,0.380000000000002,7.15002493369903));
#8195=CARTESIAN_POINT('',(-20.25,0.255000000000002,7.15002493369903));
#8196=CARTESIAN_POINT('Origin',(-20.25,0.380000000000002,0.65002493369903));
#8197=CARTESIAN_POINT('',(-20.25,0.255000000000002,0.65002493369903));
#8198=CARTESIAN_POINT('Origin',(-20.25,0.380000000000002,0.65002493369903));
#8199=CARTESIAN_POINT('',(-20.25,0.255000000000002,0.65002493369903));
#8200=CARTESIAN_POINT('Origin',(-20.25,0.380000000000002,0.65002493369903));
#8201=CARTESIAN_POINT('',(-20.0925196850394,0.360314960629924,0.65002493369903));
#8202=CARTESIAN_POINT('Origin',(-20.0925196850394,0.380000000000002,0.65002493369903));
#8203=CARTESIAN_POINT('',(-20.25,0.360314960629924,0.65002493369903));
#8204=CARTESIAN_POINT('Origin',(-20.25,0.380000000000002,7.15002493369903));
#8205=CARTESIAN_POINT('',(-20.0925196850394,0.360314960629924,7.15002493369903));
#8206=CARTESIAN_POINT('Origin',(-20.0925196850394,0.380000000000002,7.15002493369903));
#8207=CARTESIAN_POINT('',(-20.25,0.360314960629924,7.15002493369903));
#8208=CARTESIAN_POINT('Origin',(-20.25,0.05,-7.64917438225994E-17));
#8209=CARTESIAN_POINT('',(-20.25,0.05,-7.64917438225994E-17));
#8210=CARTESIAN_POINT('',(-20.25,1.5,2.47418313219326E-32));
#8211=CARTESIAN_POINT('',(-20.25,0.05,-7.64917438225994E-17));
#8212=CARTESIAN_POINT('',(-20.0925196850394,1.5,0.));
#8213=CARTESIAN_POINT('',(-20.25,1.5,2.47418313219326E-32));
#8214=CARTESIAN_POINT('',(-20.0925196850394,0.05,0.));
#8215=CARTESIAN_POINT('',(-20.0925196850394,0.05,-7.64917438225994E-17));
#8216=CARTESIAN_POINT('',(-20.25,0.05,-7.64917438225994E-17));
#8217=CARTESIAN_POINT('Origin',(-20.25,0.05,0.0499999999999999));
#8218=CARTESIAN_POINT('',(-20.25,0.,0.0499999999999996));
#8219=CARTESIAN_POINT('Origin',(-20.25,0.05,0.0499999999999999));
#8220=CARTESIAN_POINT('',(-20.0925196850394,0.,0.0499999999999996));
#8221=CARTESIAN_POINT('Origin',(-20.0925196850394,0.05,0.0499999999999999));
#8222=CARTESIAN_POINT('',(-20.25,0.,0.0499999999999996));
#8223=CARTESIAN_POINT('Origin',(-20.25,-3.2330453027381E-16,7.8740157480315));
#8224=CARTESIAN_POINT('',(-20.25,-2.90767466893967E-16,7.8740157480315));
#8225=CARTESIAN_POINT('',(-20.25,-4.91732638859567E-16,11.95));
#8226=CARTESIAN_POINT('',(-20.0925196850394,-3.05966975290397E-16,7.8740157480315));
#8227=CARTESIAN_POINT('',(-20.0925196850394,-4.91732638859567E-16,11.95));
#8228=CARTESIAN_POINT('',(-20.25,-2.90767466893967E-16,7.8740157480315));
#8229=CARTESIAN_POINT('Origin',(-20.25,1.5,7.8740157480315));
#8230=CARTESIAN_POINT('',(-20.25,1.5,7.8740157480315));
#8231=CARTESIAN_POINT('',(-20.25,-2.90767466893967E-16,7.8740157480315));
#8232=CARTESIAN_POINT('',(-20.0925196850394,1.5,7.8740157480315));
#8233=CARTESIAN_POINT('',(-20.0925196850394,-2.90767466893967E-16,7.8740157480315));
#8234=CARTESIAN_POINT('',(-20.25,1.5,7.8740157480315));
#8235=CARTESIAN_POINT('Origin',(-20.25,1.5,2.47418313219326E-32));
#8236=CARTESIAN_POINT('',(-20.25,1.5,2.47418313219326E-32));
#8237=CARTESIAN_POINT('',(-20.0925196850394,1.5,2.47418313219326E-32));
#8238=CARTESIAN_POINT('Origin',(-20.0925196850394,0.75,3.93700787401575));
#8239=CARTESIAN_POINT('Origin',(-20.25,0.75,3.93700787401575));
#8240=CARTESIAN_POINT('Origin',(-17.8818897637795,0.380000000000002,7.15002493369903));
#8241=CARTESIAN_POINT('',(-17.8818897637795,0.255000000000002,7.15002493369903));
#8242=CARTESIAN_POINT('Origin',(-17.8818897637795,0.380000000000002,7.15002493369903));
#8243=CARTESIAN_POINT('',(-17.8818897637795,0.360314960629924,7.15002493369903));
#8244=CARTESIAN_POINT('Origin',(-17.8818897637795,0.380000000000002,7.15002493369903));
#8245=CARTESIAN_POINT('Origin',(-18.,0.380000000000002,7.15002493369903));
#8246=CARTESIAN_POINT('',(-18.,0.255000000000002,7.15002493369903));
#8247=CARTESIAN_POINT('Origin',(-18.,0.380000000000002,7.15002493369903));
#8248=CARTESIAN_POINT('',(-18.,0.255000000000002,7.15002493369903));
#8249=CARTESIAN_POINT('Origin',(-18.,0.380000000000002,7.15002493369903));
#8250=CARTESIAN_POINT('',(-17.8425196850394,0.360314960629924,7.15002493369903));
#8251=CARTESIAN_POINT('Origin',(-17.8425196850394,0.380000000000002,7.15002493369903));
#8252=CARTESIAN_POINT('',(-18.,0.360314960629924,7.15002493369903));
#8253=CARTESIAN_POINT('Origin',(-18.,0.702916512459889,6.58253782063938));
#8254=CARTESIAN_POINT('',(-18.,0.677916512459887,6.53923655045016));
#8255=CARTESIAN_POINT('',(-18.,0.752916512459888,6.58253782063939));
#8256=CARTESIAN_POINT('Origin',(-18.,0.702916512459889,6.58253782063938));
#8257=CARTESIAN_POINT('',(-17.8425196850394,0.752916512459888,6.58253782063939));
#8258=CARTESIAN_POINT('',(-18.,0.752916512459888,6.58253782063939));
#8259=CARTESIAN_POINT('',(-17.8425196850394,0.677916512459887,6.53923655045016));
#8260=CARTESIAN_POINT('Origin',(-17.8425196850394,0.702916512459889,6.58253782063938));
#8261=CARTESIAN_POINT('',(-18.,0.677916512459887,6.53923655045016));
#8262=CARTESIAN_POINT('Origin',(-18.,-3.84862633892235,9.15263728419408));
#8263=CARTESIAN_POINT('',(-18.,-3.84862633892235,9.15263728419408));
#8264=CARTESIAN_POINT('',(-18.,-3.84862633892235,9.15263728419408));
#8265=CARTESIAN_POINT('',(-17.8425196850394,-3.84862633892235,9.15263728419408));
#8266=CARTESIAN_POINT('',(-17.8425196850394,-3.84862633892235,9.15263728419408));
#8267=CARTESIAN_POINT('',(-18.,-3.84862633892235,9.15263728419408));
#8268=CARTESIAN_POINT('Origin',(-18.,-3.82362633892235,9.1959385543833));
#8269=CARTESIAN_POINT('',(-18.,-3.82363055736707,9.24593855420535));
#8270=CARTESIAN_POINT('Origin',(-18.,-3.82362633892235,9.1959385543833));
#8271=CARTESIAN_POINT('',(-17.8425196850394,-3.82363055736707,9.24593855420535));
#8272=CARTESIAN_POINT('Origin',(-17.8425196850394,-3.82362633892235,9.1959385543833));
#8273=CARTESIAN_POINT('',(-18.,-3.82363055736707,9.24593855420535));
#8274=CARTESIAN_POINT('Origin',(-18.,-2.49042370212634,9.24605103539408));
#8275=CARTESIAN_POINT('',(-18.,-2.49042370212634,9.24605103539408));
#8276=CARTESIAN_POINT('',(-18.,-2.49042370212634,9.24605103539408));
#8277=CARTESIAN_POINT('',(-17.8425196850394,-2.49042370212634,9.24605103539408));
#8278=CARTESIAN_POINT('',(-17.8425196850394,-2.49042370212634,9.24605103539408));
#8279=CARTESIAN_POINT('',(-18.,-2.49042370212634,9.24605103539408));
#8280=CARTESIAN_POINT('Origin',(-18.,0.402916512459889,7.57558028364555));
#8281=CARTESIAN_POINT('',(-18.,0.402916512459889,7.57558028364555));
#8282=CARTESIAN_POINT('',(-18.,0.402916512459889,7.57558028364555));
#8283=CARTESIAN_POINT('',(-17.8425196850394,0.402916512459889,7.57558028364555));
#8284=CARTESIAN_POINT('',(-17.8425196850394,0.402916512459889,7.57558028364555));
#8285=CARTESIAN_POINT('',(-18.,0.402916512459889,7.57558028364555));
#8286=CARTESIAN_POINT('Origin',(-18.,0.0529165124598874,6.96936250099644));
#8287=CARTESIAN_POINT('',(-18.,0.752916512459888,6.96936250099644));
#8288=CARTESIAN_POINT('Origin',(-18.,0.0529165124598874,6.96936250099644));
#8289=CARTESIAN_POINT('',(-17.8425196850394,0.752916512459888,6.96936250099644));
#8290=CARTESIAN_POINT('Origin',(-17.8425196850394,0.0529165124598874,6.96936250099644));
#8291=CARTESIAN_POINT('',(-18.,0.752916512459888,6.96936250099644));
#8292=CARTESIAN_POINT('Origin',(-18.,0.752916512459888,6.58253782063939));
#8293=CARTESIAN_POINT('',(-18.,0.752916512459888,6.58253782063939));
#8294=CARTESIAN_POINT('',(-17.8425196850394,0.752916512459888,6.58253782063939));
#8295=CARTESIAN_POINT('Origin',(-17.8425196850394,-1.56035491323123,7.88929442801673));
#8296=CARTESIAN_POINT('Origin',(-18.,-1.56035491323123,7.88929442801673));
#8297=CARTESIAN_POINT('Origin',(-5.13188976377953,0.380000000000002,0.65002493369903));
#8298=CARTESIAN_POINT('',(-5.13188976377953,0.255000000000002,0.65002493369903));
#8299=CARTESIAN_POINT('Origin',(-5.13188976377953,0.380000000000002,0.65002493369903));
#8300=CARTESIAN_POINT('',(-5.13188976377953,0.360314960629924,0.65002493369903));
#8301=CARTESIAN_POINT('Origin',(-5.13188976377953,0.380000000000002,0.65002493369903));
#8302=CARTESIAN_POINT('Origin',(-5.13188976377953,0.380000000000002,7.15002493369903));
#8303=CARTESIAN_POINT('',(-5.13188976377953,0.255000000000002,7.15002493369903));
#8304=CARTESIAN_POINT('Origin',(-5.13188976377953,0.380000000000002,7.15002493369903));
#8305=CARTESIAN_POINT('',(-5.13188976377953,0.360314960629924,7.15002493369903));
#8306=CARTESIAN_POINT('Origin',(-5.13188976377953,0.380000000000002,7.15002493369903));
#8307=CARTESIAN_POINT('Origin',(-5.25,0.380000000000002,7.15002493369903));
#8308=CARTESIAN_POINT('',(-5.25,0.255000000000002,7.15002493369903));
#8309=CARTESIAN_POINT('Origin',(-5.25,0.380000000000002,7.15002493369903));
#8310=CARTESIAN_POINT('',(-5.25,0.255000000000002,7.15002493369903));
#8311=CARTESIAN_POINT('Origin',(-5.25,0.380000000000002,0.65002493369903));
#8312=CARTESIAN_POINT('',(-5.25,0.255000000000002,0.65002493369903));
#8313=CARTESIAN_POINT('Origin',(-5.25,0.380000000000002,0.65002493369903));
#8314=CARTESIAN_POINT('',(-5.25,0.255000000000002,0.65002493369903));
#8315=CARTESIAN_POINT('Origin',(-5.25,0.380000000000002,0.65002493369903));
#8316=CARTESIAN_POINT('',(-5.09251968503937,0.360314960629924,0.65002493369903));
#8317=CARTESIAN_POINT('Origin',(-5.09251968503937,0.380000000000002,0.65002493369903));
#8318=CARTESIAN_POINT('',(-5.25,0.360314960629924,0.65002493369903));
#8319=CARTESIAN_POINT('Origin',(-5.25,0.380000000000002,7.15002493369903));
#8320=CARTESIAN_POINT('',(-5.09251968503937,0.360314960629924,7.15002493369903));
#8321=CARTESIAN_POINT('Origin',(-5.09251968503937,0.380000000000002,7.15002493369903));
#8322=CARTESIAN_POINT('',(-5.25,0.360314960629924,7.15002493369903));
#8323=CARTESIAN_POINT('Origin',(-5.25,-3.47707327808692E-16,7.46456692913386));
#8324=CARTESIAN_POINT('',(-5.25,-3.39573061963732E-16,7.46456692913386));
#8325=CARTESIAN_POINT('',(-5.25,0.,-0.949999999999997));
#8326=CARTESIAN_POINT('',(-5.25,-4.91732638859567E-16,10.95));
#8327=CARTESIAN_POINT('',(-5.09251968503937,0.,-0.949999999999997));
#8328=CARTESIAN_POINT('',(-5.25,0.,-0.949999999999997));
#8329=CARTESIAN_POINT('',(-5.09251968503937,-3.49676543189026E-16,7.46456692913386));
#8330=CARTESIAN_POINT('',(-5.09251968503937,-4.91732638859567E-16,10.95));
#8331=CARTESIAN_POINT('',(-5.25,-3.39573061963732E-16,7.46456692913386));
#8332=CARTESIAN_POINT('Origin',(-5.25,0.75,7.46456692913386));
#8333=CARTESIAN_POINT('',(-5.25,0.75,7.46456692913386));
#8334=CARTESIAN_POINT('',(-5.25,-3.39573061963732E-16,7.46456692913386));
#8335=CARTESIAN_POINT('',(-5.09251968503937,0.75,7.46456692913386));
#8336=CARTESIAN_POINT('',(-5.09251968503937,-3.39573061963732E-16,7.46456692913386));
#8337=CARTESIAN_POINT('',(-5.25,0.75,7.46456692913386));
#8338=CARTESIAN_POINT('Origin',(-5.25,0.75,-0.999999999999998));
#8339=CARTESIAN_POINT('',(-5.25,0.75,-0.999999999999998));
#8340=CARTESIAN_POINT('',(-5.25,0.75,-0.999999999999998));
#8341=CARTESIAN_POINT('',(-5.09251968503937,0.75,-0.999999999999998));
#8342=CARTESIAN_POINT('',(-5.09251968503937,0.75,-0.999999999999998));
#8343=CARTESIAN_POINT('',(-5.25,0.75,-0.999999999999998));
#8344=CARTESIAN_POINT('Origin',(-5.25,0.05,-0.999999999999997));
#8345=CARTESIAN_POINT('',(-5.25,0.05,-0.999999999999997));
#8346=CARTESIAN_POINT('',(-5.25,0.05,-0.999999999999997));
#8347=CARTESIAN_POINT('',(-5.09251968503937,0.05,-0.999999999999998));
#8348=CARTESIAN_POINT('',(-5.09251968503937,0.05,-0.999999999999997));
#8349=CARTESIAN_POINT('',(-5.25,0.05,-0.999999999999997));
#8350=CARTESIAN_POINT('Origin',(-5.25,0.0500000000000001,-0.949999999999997));
#8351=CARTESIAN_POINT('Origin',(-5.25,0.0500000000000001,-0.949999999999997));
#8352=CARTESIAN_POINT('Origin',(-5.09251968503937,0.0500000000000001,-0.949999999999997));
#8353=CARTESIAN_POINT('Origin',(-5.09251968503937,0.375,3.23228346456693));
#8354=CARTESIAN_POINT('Origin',(-5.25,0.375,3.23228346456693));
#8355=UNCERTAINTY_MEASURE_WITH_UNIT(LENGTH_MEASURE(0.000393700787401575),
#8360,'DISTANCE_ACCURACY_VALUE',
'Maximum model space distance between geometric entities at asserted c
onnectivities');
#8356=UNCERTAINTY_MEASURE_WITH_UNIT(LENGTH_MEASURE(0.000393700787401575),
#8360,'DISTANCE_ACCURACY_VALUE',
'Maximum model space distance between geometric entities at asserted c
onnectivities');
#8357=(
GEOMETRIC_REPRESENTATION_CONTEXT(3)
GLOBAL_UNCERTAINTY_ASSIGNED_CONTEXT((#8355))
GLOBAL_UNIT_ASSIGNED_CONTEXT((#8360,#8364,#8365))
REPRESENTATION_CONTEXT('','3D')
);
#8358=(
GEOMETRIC_REPRESENTATION_CONTEXT(3)
GLOBAL_UNCERTAINTY_ASSIGNED_CONTEXT((#8356))
GLOBAL_UNIT_ASSIGNED_CONTEXT((#8360,#8364,#8365))
REPRESENTATION_CONTEXT('','3D')
);
#8359=DIMENSIONAL_EXPONENTS(1.,0.,0.,0.,0.,0.,0.);
#8360=(
CONVERSION_BASED_UNIT('inch',#8363)
LENGTH_UNIT()
NAMED_UNIT(#8359)
);
#8361=(
LENGTH_UNIT()
NAMED_UNIT(*)
SI_UNIT(.MILLI.,.METRE.)
);
#8362=(
LENGTH_UNIT()
NAMED_UNIT(*)
SI_UNIT($,.METRE.)
);
#8363=LENGTH_MEASURE_WITH_UNIT(LENGTH_MEASURE(25.4),#8361);
#8364=(
NAMED_UNIT(*)
PLANE_ANGLE_UNIT()
SI_UNIT($,.RADIAN.)
);
#8365=(
NAMED_UNIT(*)
SI_UNIT($,.STERADIAN.)
SOLID_ANGLE_UNIT()
);
#8366=SHAPE_DEFINITION_REPRESENTATION(#8367,#8368);
#8367=PRODUCT_DEFINITION_SHAPE('',$,#8370);
#8368=SHAPE_REPRESENTATION('',(#5003),#8357);
#8369=PRODUCT_DEFINITION_CONTEXT('part definition',#8374,'design');
#8370=PRODUCT_DEFINITION('folding_wall_hooks','folding_wall_hooks v4',#8371,
#8369);
#8371=PRODUCT_DEFINITION_FORMATION('',$,#8376);
#8372=PRODUCT_RELATED_PRODUCT_CATEGORY('folding_wall_hooks v4',
'folding_wall_hooks v4',(#8376));
#8373=APPLICATION_PROTOCOL_DEFINITION('international standard',
'automotive_design',2009,#8374);
#8374=APPLICATION_CONTEXT(
'Core Data for Automotive Mechanical Design Process');
#8375=PRODUCT_CONTEXT('part definition',#8374,'mechanical');
#8376=PRODUCT('folding_wall_hooks','folding_wall_hooks v4',$,(#8375));
#8377=PRESENTATION_STYLE_ASSIGNMENT((#8380));
#8378=PRESENTATION_STYLE_ASSIGNMENT((#8381));
#8379=PRESENTATION_STYLE_ASSIGNMENT((#8382));
#8380=SURFACE_STYLE_USAGE(.BOTH.,#8383);
#8381=SURFACE_STYLE_USAGE(.BOTH.,#8384);
#8382=SURFACE_STYLE_USAGE(.BOTH.,#8385);
#8383=SURFACE_SIDE_STYLE('',(#8386));
#8384=SURFACE_SIDE_STYLE('',(#8387));
#8385=SURFACE_SIDE_STYLE('',(#8388));
#8386=SURFACE_STYLE_FILL_AREA(#8389);
#8387=SURFACE_STYLE_FILL_AREA(#8390);
#8388=SURFACE_STYLE_FILL_AREA(#8391);
#8389=FILL_AREA_STYLE('PEEK',(#8392));
#8390=FILL_AREA_STYLE('PEEK (1)',(#8393));
#8391=FILL_AREA_STYLE('Paint - Metallic (Red)',(#8394));
#8392=FILL_AREA_STYLE_COLOUR('PEEK',#8395);
#8393=FILL_AREA_STYLE_COLOUR('PEEK (1)',#8396);
#8394=FILL_AREA_STYLE_COLOUR('Paint - Metallic (Red)',#8397);
#8395=COLOUR_RGB('PEEK',0.6,0.509803921568627,0.368627450980392);
#8396=COLOUR_RGB('PEEK (1)',0.411764705882353,0.96078431372549,0.384313725490196);
#8397=COLOUR_RGB('Paint - Metallic (Red)',0.768627450980392,0.207843137254902,
0.152941176470588);
ENDSEC;
END-ISO-10303-21;
