ISO-10303-21;
HEADER;
/* Generated by software containing ST-Developer
 * from STEP Tools, Inc. (www.steptools.com) 
 */

FILE_DESCRIPTION(
/* description */ (''),
/* implementation_level */ '2;1');

FILE_NAME(
/* name */ 'air_injector_drill_guide_v3.step',
/* time_stamp */ '2026-03-17T23:33:24-04:00',
/* author */ (''),
/* organization */ (''),
/* preprocessor_version */ 'ST-DEVELOPER v20.1',
/* originating_system */ 'Autodesk Translation Framework v14.24.0.0',
/* authorisation */ '');

FILE_SCHEMA (('AUTOMOTIVE_DESIGN { 1 0 10303 214 3 1 1 }'));
ENDSEC;

DATA;
#10=MECHANICAL_DESIGN_GEOMETRIC_PRESENTATION_REPRESENTATION('',(#29,#30,
#31),#2167);
#11=SHAPE_REPRESENTATION_RELATIONSHIP('SRR','None',#2174,#12);
#12=ADVANCED_BREP_SHAPE_REPRESENTATION('',(#32,#33,#34),#2166);
#13=(
BOUNDED_CURVE()
B_SPLINE_CURVE(2,(#1823,#1824,#1825),.UNSPECIFIED.,.F.,.F.)
B_SPLINE_CURVE_WITH_KNOTS((3,3),(0.0437314516782401,5.67096632071814),
 .UNSPECIFIED.)
CURVE()
GEOMETRIC_REPRESENTATION_ITEM()
RATIONAL_B_SPLINE_CURVE((1.00668700711635,1.43367457261807,1.02563532280928))
REPRESENTATION_ITEM('')
);
#14=(
BOUNDED_CURVE()
B_SPLINE_CURVE(2,(#1834,#1835,#1836),.UNSPECIFIED.,.F.,.F.)
B_SPLINE_CURVE_WITH_KNOTS((3,3),(0.0647352310568344,5.82028457993085),
 .UNSPECIFIED.)
CURVE()
GEOMETRIC_REPRESENTATION_ITEM()
RATIONAL_B_SPLINE_CURVE((1.00979081436044,1.44014758614284,1.00109100081757))
REPRESENTATION_ITEM('')
);
#15=(
BOUNDED_CURVE()
B_SPLINE_CURVE(2,(#1845,#1846,#1847),.UNSPECIFIED.,.F.,.F.)
B_SPLINE_CURVE_WITH_KNOTS((3,3),(0.0461109190908794,5.72298918529933),
 .UNSPECIFIED.)
CURVE()
GEOMETRIC_REPRESENTATION_ITEM()
RATIONAL_B_SPLINE_CURVE((1.00696845755265,1.4324983273194,1.0144905085611))
REPRESENTATION_ITEM('')
);
#16=(
BOUNDED_CURVE()
B_SPLINE_CURVE(2,(#2025,#2026,#2027),.UNSPECIFIED.,.F.,.F.)
B_SPLINE_CURVE_WITH_KNOTS((3,3),(0.175027993398484,5.80014887920001),
 .UNSPECIFIED.)
CURVE()
GEOMETRIC_REPRESENTATION_ITEM()
RATIONAL_B_SPLINE_CURVE((1.02619105807361,1.43406592948129,1.00669121178804))
REPRESENTATION_ITEM('')
);
#17=(
BOUNDED_CURVE()
B_SPLINE_CURVE(2,(#2035,#2036,#2037),.UNSPECIFIED.,.F.,.F.)
B_SPLINE_CURVE_WITH_KNOTS((3,3),(0.00714213594470764,5.76269148481264),
 .UNSPECIFIED.)
CURVE()
GEOMETRIC_REPRESENTATION_ITEM()
RATIONAL_B_SPLINE_CURVE((1.00109100081828,1.44014758612117,1.00979081436014))
REPRESENTATION_ITEM('')
);
#18=(
BOUNDED_CURVE()
B_SPLINE_CURVE(2,(#2045,#2046,#2047),.UNSPECIFIED.,.F.,.F.)
B_SPLINE_CURVE_WITH_KNOTS((3,3),(0.0932064206410961,5.77215796108573),
 .UNSPECIFIED.)
CURVE()
GEOMETRIC_REPRESENTATION_ITEM()
RATIONAL_B_SPLINE_CURVE((1.01395344668661,1.43211604572801,1.00696416076506))
REPRESENTATION_ITEM('')
);
#19=(
BOUNDED_CURVE()
B_SPLINE_CURVE(2,(#2063,#2064,#2065),.UNSPECIFIED.,.F.,.F.)
B_SPLINE_CURVE_WITH_KNOTS((3,3),(0.,5.4085867413967),.UNSPECIFIED.)
CURVE()
GEOMETRIC_REPRESENTATION_ITEM()
RATIONAL_B_SPLINE_CURVE((1.,1.36288587779009,1.0332039170192))
REPRESENTATION_ITEM('')
);
#20=(
BOUNDED_CURVE()
B_SPLINE_CURVE(2,(#2066,#2067,#2068),.UNSPECIFIED.,.F.,.F.)
B_SPLINE_CURVE_WITH_KNOTS((3,3),(0.0938709442804438,5.69659929114329),
 .UNSPECIFIED.)
CURVE()
GEOMETRIC_REPRESENTATION_ITEM()
RATIONAL_B_SPLINE_CURVE((1.01256311244047,1.38119898532787,1.))
REPRESENTATION_ITEM('')
);
#21=(
BOUNDED_CURVE()
B_SPLINE_CURVE(2,(#2070,#2071,#2072),.UNSPECIFIED.,.F.,.F.)
B_SPLINE_CURVE_WITH_KNOTS((3,3),(0.,5.29288755459764),.UNSPECIFIED.)
CURVE()
GEOMETRIC_REPRESENTATION_ITEM()
RATIONAL_B_SPLINE_CURVE((1.,1.35626431219584,1.04791725942935))
REPRESENTATION_ITEM('')
);
#22=(
BOUNDED_CURVE()
B_SPLINE_CURVE(2,(#2074,#2075,#2076),.UNSPECIFIED.,.F.,.F.)
B_SPLINE_CURVE_WITH_KNOTS((3,3),(0.321545095103077,5.68852026330707),
 .UNSPECIFIED.)
CURVE()
GEOMETRIC_REPRESENTATION_ITEM()
RATIONAL_B_SPLINE_CURVE((1.04111923492936,1.36372441170714,1.))
REPRESENTATION_ITEM('')
);
#23=(
BOUNDED_CURVE()
B_SPLINE_CURVE(2,(#2091,#2092,#2093),.UNSPECIFIED.,.F.,.F.)
B_SPLINE_CURVE_WITH_KNOTS((3,3),(0.,5.60272834686052),.UNSPECIFIED.)
CURVE()
GEOMETRIC_REPRESENTATION_ITEM()
RATIONAL_B_SPLINE_CURVE((1.,1.38119898531336,1.01256311244031))
REPRESENTATION_ITEM('')
);
#24=(
BOUNDED_CURVE()
B_SPLINE_CURVE(2,(#2094,#2095,#2096),.UNSPECIFIED.,.F.,.F.)
B_SPLINE_CURVE_WITH_KNOTS((3,3),(0.259304945116911,5.6678916864915),
 .UNSPECIFIED.)
CURVE()
GEOMETRIC_REPRESENTATION_ITEM()
RATIONAL_B_SPLINE_CURVE((1.03320391702025,1.36288587777061,1.))
REPRESENTATION_ITEM('')
);
#25=(
BOUNDED_CURVE()
B_SPLINE_CURVE(2,(#2098,#2099,#2100),.UNSPECIFIED.,.F.,.F.)
B_SPLINE_CURVE_WITH_KNOTS((3,3),(0.,5.36697516820397),.UNSPECIFIED.)
CURVE()
GEOMETRIC_REPRESENTATION_ITEM()
RATIONAL_B_SPLINE_CURVE((1.,1.36372441170684,1.04111923492933))
REPRESENTATION_ITEM('')
);
#26=(
BOUNDED_CURVE()
B_SPLINE_CURVE(2,(#2102,#2103,#2104),.UNSPECIFIED.,.F.,.F.)
B_SPLINE_CURVE_WITH_KNOTS((3,3),(0.381607476891179,5.67449503147007),
 .UNSPECIFIED.)
CURVE()
GEOMETRIC_REPRESENTATION_ITEM()
RATIONAL_B_SPLINE_CURVE((1.04791725947831,1.35626431254239,1.))
REPRESENTATION_ITEM('')
);
#27=CONICAL_SURFACE('',#1020,13.25,0.221314442347791);
#28=CONICAL_SURFACE('',#1051,38.4694822530863,1.21012410580399);
#29=STYLED_ITEM('',(#2183),#32);
#30=STYLED_ITEM('',(#2183),#33);
#31=STYLED_ITEM('',(#2183),#34);
#32=MANIFOLD_SOLID_BREP('drill guide',#990);
#33=MANIFOLD_SOLID_BREP('dirt_guide',#991);
#34=MANIFOLD_SOLID_BREP('foot',#992);
#35=PLANE('',#1018);
#36=PLANE('',#1019);
#37=PLANE('',#1023);
#38=PLANE('',#1027);
#39=PLANE('',#1028);
#40=PLANE('',#1029);
#41=PLANE('',#1030);
#42=PLANE('',#1033);
#43=PLANE('',#1042);
#44=PLANE('',#1045);
#45=PLANE('',#1048);
#46=PLANE('',#1052);
#47=PLANE('',#1054);
#48=PLANE('',#1055);
#49=PLANE('',#1057);
#50=PLANE('',#1058);
#51=PLANE('',#1059);
#52=PLANE('',#1060);
#53=PLANE('',#1061);
#54=PLANE('',#1063);
#55=PLANE('',#1067);
#56=PLANE('',#1068);
#57=PLANE('',#1069);
#58=PLANE('',#1072);
#59=PLANE('',#1073);
#60=PLANE('',#1075);
#61=PLANE('',#1076);
#62=PLANE('',#1080);
#63=PLANE('',#1081);
#64=FACE_BOUND('',#164,.T.);
#65=FACE_BOUND('',#165,.T.);
#66=FACE_BOUND('',#166,.T.);
#67=FACE_BOUND('',#167,.T.);
#68=FACE_BOUND('',#169,.T.);
#69=FACE_BOUND('',#170,.T.);
#70=FACE_BOUND('',#171,.T.);
#71=FACE_BOUND('',#172,.T.);
#72=FACE_BOUND('',#174,.T.);
#73=FACE_BOUND('',#176,.T.);
#74=FACE_BOUND('',#179,.T.);
#75=FACE_BOUND('',#182,.T.);
#76=FACE_BOUND('',#193,.T.);
#77=FACE_BOUND('',#194,.T.);
#78=FACE_BOUND('',#195,.T.);
#79=FACE_BOUND('',#196,.T.);
#80=FACE_BOUND('',#223,.T.);
#81=CIRCLE('',#1013,10.85);
#82=CIRCLE('',#1014,10.85);
#83=CIRCLE('',#1016,12.05);
#84=CIRCLE('',#1017,12.05);
#85=CIRCLE('',#1021,11.);
#86=CIRCLE('',#1022,15.5);
#87=CIRCLE('',#1024,10.75);
#88=CIRCLE('',#1026,10.75);
#89=CIRCLE('',#1032,10.85);
#90=CIRCLE('',#1034,64.9826900028);
#91=CIRCLE('',#1035,12.05);
#92=CIRCLE('',#1037,65.);
#93=CIRCLE('',#1038,65.);
#94=CIRCLE('',#1039,65.);
#95=CIRCLE('',#1040,65.);
#96=CIRCLE('',#1041,65.);
#97=CIRCLE('',#1043,64.9826900028);
#98=CIRCLE('',#1044,12.05);
#99=CIRCLE('',#1046,64.9826900028);
#100=CIRCLE('',#1047,12.05);
#101=CIRCLE('',#1049,64.9826900028);
#102=CIRCLE('',#1050,12.05);
#103=CIRCLE('',#1062,12.05);
#104=CIRCLE('',#1064,12.05);
#105=CIRCLE('',#1071,12.05);
#106=CIRCLE('',#1077,12.05);
#107=FACE_OUTER_BOUND('',#157,.T.);
#108=FACE_OUTER_BOUND('',#158,.T.);
#109=FACE_OUTER_BOUND('',#159,.T.);
#110=FACE_OUTER_BOUND('',#160,.T.);
#111=FACE_OUTER_BOUND('',#161,.T.);
#112=FACE_OUTER_BOUND('',#162,.T.);
#113=FACE_OUTER_BOUND('',#163,.T.);
#114=FACE_OUTER_BOUND('',#168,.T.);
#115=FACE_OUTER_BOUND('',#173,.T.);
#116=FACE_OUTER_BOUND('',#175,.T.);
#117=FACE_OUTER_BOUND('',#177,.T.);
#118=FACE_OUTER_BOUND('',#178,.T.);
#119=FACE_OUTER_BOUND('',#180,.T.);
#120=FACE_OUTER_BOUND('',#181,.T.);
#121=FACE_OUTER_BOUND('',#183,.T.);
#122=FACE_OUTER_BOUND('',#184,.T.);
#123=FACE_OUTER_BOUND('',#185,.T.);
#124=FACE_OUTER_BOUND('',#186,.T.);
#125=FACE_OUTER_BOUND('',#187,.T.);
#126=FACE_OUTER_BOUND('',#188,.T.);
#127=FACE_OUTER_BOUND('',#189,.T.);
#128=FACE_OUTER_BOUND('',#190,.T.);
#129=FACE_OUTER_BOUND('',#191,.T.);
#130=FACE_OUTER_BOUND('',#192,.T.);
#131=FACE_OUTER_BOUND('',#197,.T.);
#132=FACE_OUTER_BOUND('',#198,.T.);
#133=FACE_OUTER_BOUND('',#199,.T.);
#134=FACE_OUTER_BOUND('',#200,.T.);
#135=FACE_OUTER_BOUND('',#201,.T.);
#136=FACE_OUTER_BOUND('',#202,.T.);
#137=FACE_OUTER_BOUND('',#203,.T.);
#138=FACE_OUTER_BOUND('',#204,.T.);
#139=FACE_OUTER_BOUND('',#205,.T.);
#140=FACE_OUTER_BOUND('',#206,.T.);
#141=FACE_OUTER_BOUND('',#207,.T.);
#142=FACE_OUTER_BOUND('',#208,.T.);
#143=FACE_OUTER_BOUND('',#209,.T.);
#144=FACE_OUTER_BOUND('',#210,.T.);
#145=FACE_OUTER_BOUND('',#211,.T.);
#146=FACE_OUTER_BOUND('',#212,.T.);
#147=FACE_OUTER_BOUND('',#213,.T.);
#148=FACE_OUTER_BOUND('',#214,.T.);
#149=FACE_OUTER_BOUND('',#215,.T.);
#150=FACE_OUTER_BOUND('',#216,.T.);
#151=FACE_OUTER_BOUND('',#217,.T.);
#152=FACE_OUTER_BOUND('',#218,.T.);
#153=FACE_OUTER_BOUND('',#219,.T.);
#154=FACE_OUTER_BOUND('',#220,.T.);
#155=FACE_OUTER_BOUND('',#221,.T.);
#156=FACE_OUTER_BOUND('',#222,.T.);
#157=EDGE_LOOP('',(#631,#632,#633,#634,#635,#636,#637,#638,#639,#640));
#158=EDGE_LOOP('',(#641,#642,#643,#644,#645,#646));
#159=EDGE_LOOP('',(#647,#648,#649,#650,#651,#652));
#160=EDGE_LOOP('',(#653,#654,#655,#656,#657,#658));
#161=EDGE_LOOP('',(#659,#660,#661,#662,#663,#664,#665,#666,#667,#668));
#162=EDGE_LOOP('',(#669,#670,#671,#672,#673,#674));
#163=EDGE_LOOP('',(#675,#676,#677,#678,#679,#680,#681,#682,#683,#684,#685,
#686,#687,#688,#689,#690));
#164=EDGE_LOOP('',(#691,#692));
#165=EDGE_LOOP('',(#693,#694));
#166=EDGE_LOOP('',(#695,#696));
#167=EDGE_LOOP('',(#697,#698));
#168=EDGE_LOOP('',(#699,#700,#701,#702,#703,#704,#705,#706,#707,#708,#709,
#710,#711,#712,#713,#714));
#169=EDGE_LOOP('',(#715,#716));
#170=EDGE_LOOP('',(#717,#718));
#171=EDGE_LOOP('',(#719,#720));
#172=EDGE_LOOP('',(#721,#722));
#173=EDGE_LOOP('',(#723));
#174=EDGE_LOOP('',(#724));
#175=EDGE_LOOP('',(#725));
#176=EDGE_LOOP('',(#726));
#177=EDGE_LOOP('',(#727,#728,#729,#730));
#178=EDGE_LOOP('',(#731));
#179=EDGE_LOOP('',(#732));
#180=EDGE_LOOP('',(#733,#734,#735,#736));
#181=EDGE_LOOP('',(#737));
#182=EDGE_LOOP('',(#738));
#183=EDGE_LOOP('',(#739,#740,#741,#742));
#184=EDGE_LOOP('',(#743,#744,#745,#746));
#185=EDGE_LOOP('',(#747,#748,#749,#750));
#186=EDGE_LOOP('',(#751,#752,#753,#754,#755,#756));
#187=EDGE_LOOP('',(#757,#758,#759,#760));
#188=EDGE_LOOP('',(#761,#762,#763,#764,#765,#766,#767,#768,#769,#770,#771,
#772,#773,#774,#775,#776,#777,#778));
#189=EDGE_LOOP('',(#779,#780,#781,#782));
#190=EDGE_LOOP('',(#783,#784,#785,#786));
#191=EDGE_LOOP('',(#787,#788,#789,#790));
#192=EDGE_LOOP('',(#791,#792,#793,#794,#795,#796,#797,#798,#799,#800,#801,
#802,#803,#804,#805,#806,#807,#808,#809,#810,#811,#812));
#193=EDGE_LOOP('',(#813,#814,#815,#816));
#194=EDGE_LOOP('',(#817,#818,#819,#820));
#195=EDGE_LOOP('',(#821,#822,#823,#824));
#196=EDGE_LOOP('',(#825,#826,#827,#828));
#197=EDGE_LOOP('',(#829,#830,#831,#832));
#198=EDGE_LOOP('',(#833,#834,#835,#836));
#199=EDGE_LOOP('',(#837,#838,#839));
#200=EDGE_LOOP('',(#840,#841,#842));
#201=EDGE_LOOP('',(#843,#844,#845,#846));
#202=EDGE_LOOP('',(#847,#848,#849));
#203=EDGE_LOOP('',(#850,#851,#852));
#204=EDGE_LOOP('',(#853,#854,#855));
#205=EDGE_LOOP('',(#856,#857,#858));
#206=EDGE_LOOP('',(#859,#860,#861,#862));
#207=EDGE_LOOP('',(#863,#864,#865,#866));
#208=EDGE_LOOP('',(#867,#868,#869,#870));
#209=EDGE_LOOP('',(#871,#872,#873,#874));
#210=EDGE_LOOP('',(#875,#876,#877));
#211=EDGE_LOOP('',(#878,#879,#880));
#212=EDGE_LOOP('',(#881,#882,#883,#884));
#213=EDGE_LOOP('',(#885,#886,#887,#888));
#214=EDGE_LOOP('',(#889,#890,#891,#892));
#215=EDGE_LOOP('',(#893,#894,#895));
#216=EDGE_LOOP('',(#896,#897,#898,#899));
#217=EDGE_LOOP('',(#900,#901,#902));
#218=EDGE_LOOP('',(#903,#904,#905,#906));
#219=EDGE_LOOP('',(#907,#908,#909,#910));
#220=EDGE_LOOP('',(#911,#912,#913,#914));
#221=EDGE_LOOP('',(#915,#916,#917,#918));
#222=EDGE_LOOP('',(#919));
#223=EDGE_LOOP('',(#920));
#224=LINE('',#1330,#281);
#225=LINE('',#1424,#282);
#226=LINE('',#1502,#283);
#227=LINE('',#1580,#284);
#228=LINE('',#1654,#285);
#229=LINE('',#1748,#286);
#230=LINE('',#1789,#287);
#231=LINE('',#1790,#288);
#232=LINE('',#1792,#289);
#233=LINE('',#1797,#290);
#234=LINE('',#1798,#291);
#235=LINE('',#1800,#292);
#236=LINE('',#1808,#293);
#237=LINE('',#1815,#294);
#238=LINE('',#1821,#295);
#239=LINE('',#1827,#296);
#240=LINE('',#1828,#297);
#241=LINE('',#1832,#298);
#242=LINE('',#1838,#299);
#243=LINE('',#1839,#300);
#244=LINE('',#1843,#301);
#245=LINE('',#1849,#302);
#246=LINE('',#1850,#303);
#247=LINE('',#1884,#304);
#248=LINE('',#1906,#305);
#249=LINE('',#1909,#306);
#250=LINE('',#1954,#307);
#251=LINE('',#1964,#308);
#252=LINE('',#1974,#309);
#253=LINE('',#1984,#310);
#254=LINE('',#1991,#311);
#255=LINE('',#1994,#312);
#256=LINE('',#2000,#313);
#257=LINE('',#2003,#314);
#258=LINE('',#2009,#315);
#259=LINE('',#2012,#316);
#260=LINE('',#2015,#317);
#261=LINE('',#2017,#318);
#262=LINE('',#2054,#319);
#263=LINE('',#2113,#320);
#264=LINE('',#2114,#321);
#265=LINE('',#2116,#322);
#266=LINE('',#2117,#323);
#267=LINE('',#2119,#324);
#268=LINE('',#2122,#325);
#269=LINE('',#2123,#326);
#270=LINE('',#2125,#327);
#271=LINE('',#2129,#328);
#272=LINE('',#2130,#329);
#273=LINE('',#2134,#330);
#274=LINE('',#2139,#331);
#275=LINE('',#2141,#332);
#276=LINE('',#2143,#333);
#277=LINE('',#2145,#334);
#278=LINE('',#2151,#335);
#279=LINE('',#2153,#336);
#280=LINE('',#2156,#337);
#281=VECTOR('',#1086,0.800000000000001);
#282=VECTOR('',#1089,0.800000000000001);
#283=VECTOR('',#1092,0.800000000000001);
#284=VECTOR('',#1095,0.800000000000001);
#285=VECTOR('',#1098,0.800000000000001);
#286=VECTOR('',#1101,0.800000000000001);
#287=VECTOR('',#1106,10.85);
#288=VECTOR('',#1107,10.85);
#289=VECTOR('',#1108,10.85);
#290=VECTOR('',#1115,12.05);
#291=VECTOR('',#1116,12.05);
#292=VECTOR('',#1117,12.05);
#293=VECTOR('',#1128,13.25);
#294=VECTOR('',#1137,10.75);
#295=VECTOR('',#1144,10.);
#296=VECTOR('',#1145,10.);
#297=VECTOR('',#1146,10.);
#298=VECTOR('',#1149,10.);
#299=VECTOR('',#1150,10.);
#300=VECTOR('',#1151,10.);
#301=VECTOR('',#1154,10.);
#302=VECTOR('',#1155,10.);
#303=VECTOR('',#1156,10.);
#304=VECTOR('',#1159,10.85);
#305=VECTOR('',#1166,10.);
#306=VECTOR('',#1169,10.);
#307=VECTOR('',#1174,65.);
#308=VECTOR('',#1177,10.);
#309=VECTOR('',#1180,10.);
#310=VECTOR('',#1183,10.);
#311=VECTOR('',#1190,10.);
#312=VECTOR('',#1193,10.);
#313=VECTOR('',#1198,10.);
#314=VECTOR('',#1201,10.);
#315=VECTOR('',#1206,10.);
#316=VECTOR('',#1209,10.);
#317=VECTOR('',#1212,10.);
#318=VECTOR('',#1213,10.);
#319=VECTOR('',#1214,38.4694822530863);
#320=VECTOR('',#1217,10.);
#321=VECTOR('',#1218,10.);
#322=VECTOR('',#1221,10.);
#323=VECTOR('',#1222,10.);
#324=VECTOR('',#1225,10.);
#325=VECTOR('',#1230,10.);
#326=VECTOR('',#1231,10.);
#327=VECTOR('',#1234,10.);
#328=VECTOR('',#1239,10.);
#329=VECTOR('',#1240,10.);
#330=VECTOR('',#1245,10.);
#331=VECTOR('',#1252,10.);
#332=VECTOR('',#1255,10.);
#333=VECTOR('',#1258,10.);
#334=VECTOR('',#1261,10.);
#335=VECTOR('',#1270,10.);
#336=VECTOR('',#1273,10.);
#337=VECTOR('',#1278,10.);
#338=B_SPLINE_CURVE_WITH_KNOTS('',3,(#1297,#1298,#1299,#1300,#1301,#1302,
#1303,#1304,#1305,#1306),.UNSPECIFIED.,.F.,.F.,(4,2,2,2,4),(0.,0.0301444575150082,
0.0602889150300163,0.0904333527160525,0.120577790402089),.UNSPECIFIED.);
#339=B_SPLINE_CURVE_WITH_KNOTS('',3,(#1308,#1309,#1310,#1311,#1312,#1313,
#1314,#1315,#1316,#1317),.UNSPECIFIED.,.F.,.F.,(4,2,2,2,4),(0.361733371206266,
0.391877808892302,0.422022246578338,0.452166704093347,0.482311161608356),
 .UNSPECIFIED.);
#340=B_SPLINE_CURVE_WITH_KNOTS('',3,(#1319,#1320,#1321,#1322,#1323,#1324,
#1325,#1326,#1327,#1328),.UNSPECIFIED.,.F.,.F.,(4,2,2,2,4),(0.241155580804177,
0.271300038319186,0.301444495834195,0.33158893352023,0.361733371206266),
 .UNSPECIFIED.);
#341=B_SPLINE_CURVE_WITH_KNOTS('',3,(#1332,#1333,#1334,#1335,#1336,#1337,
#1338,#1339,#1340,#1341),.UNSPECIFIED.,.F.,.F.,(4,2,2,2,4),(0.120586695052445,
0.150733353716495,0.180880012380545,0.211026701242718,0.24117339010489),
 .UNSPECIFIED.);
#342=B_SPLINE_CURVE_WITH_KNOTS('',3,(#1343,#1344,#1345,#1346,#1347,#1348,
#1349,#1350,#1351,#1352),.UNSPECIFIED.,.F.,.F.,(4,2,2,2,4),(0.,0.0301466888621725,
0.060293377724345,0.0904400363883951,0.120586695052445),.UNSPECIFIED.);
#343=B_SPLINE_CURVE_WITH_KNOTS('',3,(#1354,#1355,#1356,#1357,#1358,#1359,
#1360,#1361,#1362,#1363),.UNSPECIFIED.,.F.,.F.,(4,2,2,2,4),(0.361760085157335,
0.391906743821385,0.422053402485435,0.452200091347608,0.48234678020978),
 .UNSPECIFIED.);
#344=B_SPLINE_CURVE_WITH_KNOTS('',3,(#1364,#1365,#1366,#1367,#1368,#1369,
#1370,#1371,#1372,#1373),.UNSPECIFIED.,.F.,.F.,(4,2,2,2,4),(0.24117339010489,
0.271320078967063,0.301466767829235,0.331613426493285,0.361760085157335),
 .UNSPECIFIED.);
#345=B_SPLINE_CURVE_WITH_KNOTS('',3,(#1374,#1375,#1376,#1377,#1378,#1379,
#1380,#1381,#1382,#1383),.UNSPECIFIED.,.F.,.F.,(4,2,2,2,4),(0.120577790402089,
0.150722228088125,0.180866665774161,0.211011123289169,0.241155580804177),
 .UNSPECIFIED.);
#346=B_SPLINE_CURVE_WITH_KNOTS('',3,(#1387,#1388,#1389,#1390,#1391,#1392,
#1393,#1394,#1395,#1396,#1397,#1398,#1399,#1400,#1401,#1402,#1403,#1404),
 .UNSPECIFIED.,.F.,.F.,(4,2,2,2,2,2,2,2,4),(0.,0.0301466888621725,0.0602933777243449,
0.0904400363883949,0.120586695052445,0.150733353716495,0.180880012380545,
0.211026701242717,0.24117339010489),.UNSPECIFIED.);
#347=B_SPLINE_CURVE_WITH_KNOTS('',3,(#1405,#1406,#1407,#1408,#1409,#1410,
#1411,#1412,#1413,#1414,#1415,#1416,#1417,#1418,#1419,#1420,#1421,#1422),
 .UNSPECIFIED.,.F.,.F.,(4,2,2,2,2,2,2,2,4),(0.24117339010489,0.271320078967062,
0.301466767829235,0.331613426493285,0.361760085157335,0.391906743821385,
0.422053402485435,0.452200091347608,0.48234678020978),.UNSPECIFIED.);
#348=B_SPLINE_CURVE_WITH_KNOTS('',3,(#1426,#1427,#1428,#1429,#1430,#1431,
#1432,#1433,#1434,#1435,#1436,#1437,#1438,#1439,#1440,#1441,#1442,#1443),
 .UNSPECIFIED.,.F.,.F.,(4,2,2,2,2,2,2,2,4),(0.,0.0301444575150086,0.0602889150300172,
0.0904333527160532,0.120577790402089,0.150722228088125,0.180866665774161,
0.21101112328917,0.241155580804178),.UNSPECIFIED.);
#349=B_SPLINE_CURVE_WITH_KNOTS('',3,(#1444,#1445,#1446,#1447,#1448,#1449,
#1450,#1451,#1452,#1453,#1454,#1455,#1456,#1457,#1458,#1459,#1460,#1461),
 .UNSPECIFIED.,.F.,.F.,(4,2,2,2,2,2,2,2,4),(0.241155580804178,0.271300038319186,
0.301444495834195,0.331588933520231,0.361733371206267,0.391877808892303,
0.422022246578339,0.452166704093347,0.482311161608356),.UNSPECIFIED.);
#350=B_SPLINE_CURVE_WITH_KNOTS('',3,(#1465,#1466,#1467,#1468,#1469,#1470,
#1471,#1472,#1473,#1474,#1475,#1476,#1477,#1478,#1479,#1480,#1481,#1482),
 .UNSPECIFIED.,.F.,.F.,(4,2,2,2,2,2,2,2,4),(0.,0.0301444575150088,0.0602889150300177,
0.0904333527160536,0.12057779040209,0.150722228088126,0.180866665774161,
0.21101112328917,0.241155580804179),.UNSPECIFIED.);
#351=B_SPLINE_CURVE_WITH_KNOTS('',3,(#1483,#1484,#1485,#1486,#1487,#1488,
#1489,#1490,#1491,#1492,#1493,#1494,#1495,#1496,#1497,#1498,#1499,#1500),
 .UNSPECIFIED.,.F.,.F.,(4,2,2,2,2,2,2,2,4),(0.241155580804179,0.271300038319188,
0.301444495834196,0.331588933520232,0.361733371206268,0.391877808892304,
0.42202224657834,0.452166704093349,0.482311161608357),.UNSPECIFIED.);
#352=B_SPLINE_CURVE_WITH_KNOTS('',3,(#1504,#1505,#1506,#1507,#1508,#1509,
#1510,#1511,#1512,#1513,#1514,#1515,#1516,#1517,#1518,#1519,#1520,#1521),
 .UNSPECIFIED.,.F.,.F.,(4,2,2,2,2,2,2,2,4),(0.,0.0301466888621725,0.0602933777243449,
0.0904400363883949,0.120586695052445,0.150733353716495,0.180880012380545,
0.211026701242717,0.24117339010489),.UNSPECIFIED.);
#353=B_SPLINE_CURVE_WITH_KNOTS('',3,(#1522,#1523,#1524,#1525,#1526,#1527,
#1528,#1529,#1530,#1531,#1532,#1533,#1534,#1535,#1536,#1537,#1538,#1539),
 .UNSPECIFIED.,.F.,.F.,(4,2,2,2,2,2,2,2,4),(0.24117339010489,0.271320078967062,
0.301466767829235,0.331613426493285,0.361760085157335,0.391906743821385,
0.422053402485435,0.452200091347607,0.48234678020978),.UNSPECIFIED.);
#354=B_SPLINE_CURVE_WITH_KNOTS('',3,(#1543,#1544,#1545,#1546,#1547,#1548,
#1549,#1550,#1551,#1552,#1553,#1554,#1555,#1556,#1557,#1558,#1559,#1560),
 .UNSPECIFIED.,.F.,.F.,(4,2,2,2,2,2,2,2,4),(0.,0.0301466888621725,0.0602933777243449,
0.0904400363883949,0.120586695052445,0.150733353716495,0.180880012380545,
0.211026701242717,0.24117339010489),.UNSPECIFIED.);
#355=B_SPLINE_CURVE_WITH_KNOTS('',3,(#1561,#1562,#1563,#1564,#1565,#1566,
#1567,#1568,#1569,#1570,#1571,#1572,#1573,#1574,#1575,#1576,#1577,#1578),
 .UNSPECIFIED.,.F.,.F.,(4,2,2,2,2,2,2,2,4),(0.24117339010489,0.271320078967062,
0.301466767829235,0.331613426493285,0.361760085157335,0.391906743821385,
0.422053402485435,0.452200091347607,0.48234678020978),.UNSPECIFIED.);
#356=B_SPLINE_CURVE_WITH_KNOTS('',3,(#1582,#1583,#1584,#1585,#1586,#1587,
#1588,#1589,#1590,#1591,#1592,#1593,#1594,#1595,#1596,#1597,#1598,#1599),
 .UNSPECIFIED.,.F.,.F.,(4,2,2,2,2,2,2,2,4),(0.,0.0301444575150086,0.0602889150300172,
0.0904333527160532,0.120577790402089,0.150722228088125,0.180866665774161,
0.21101112328917,0.241155580804178),.UNSPECIFIED.);
#357=B_SPLINE_CURVE_WITH_KNOTS('',3,(#1600,#1601,#1602,#1603,#1604,#1605,
#1606,#1607,#1608,#1609,#1610,#1611,#1612,#1613,#1614,#1615,#1616,#1617),
 .UNSPECIFIED.,.F.,.F.,(4,2,2,2,2,2,2,2,4),(0.241155580804178,0.271300038319187,
0.301444495834196,0.331588933520232,0.361733371206268,0.391877808892304,
0.42202224657834,0.452166704093349,0.482311161608357),.UNSPECIFIED.);
#358=B_SPLINE_CURVE_WITH_KNOTS('',3,(#1621,#1622,#1623,#1624,#1625,#1626,
#1627,#1628,#1629,#1630),.UNSPECIFIED.,.F.,.F.,(4,2,2,2,4),(0.,0.0301444575150085,
0.060288915030017,0.090433352716053,0.120577790402089),.UNSPECIFIED.);
#359=B_SPLINE_CURVE_WITH_KNOTS('',3,(#1632,#1633,#1634,#1635,#1636,#1637,
#1638,#1639,#1640,#1641),.UNSPECIFIED.,.F.,.F.,(4,2,2,2,4),(0.361733371206267,
0.391877808892303,0.422022246578339,0.452166704093348,0.482311161608356),
 .UNSPECIFIED.);
#360=B_SPLINE_CURVE_WITH_KNOTS('',3,(#1643,#1644,#1645,#1646,#1647,#1648,
#1649,#1650,#1651,#1652),.UNSPECIFIED.,.F.,.F.,(4,2,2,2,4),(0.241155580804178,
0.271300038319186,0.301444495834195,0.331588933520231,0.361733371206267),
 .UNSPECIFIED.);
#361=B_SPLINE_CURVE_WITH_KNOTS('',3,(#1656,#1657,#1658,#1659,#1660,#1661,
#1662,#1663,#1664,#1665),.UNSPECIFIED.,.F.,.F.,(4,2,2,2,4),(0.120586695052445,
0.150733353716495,0.180880012380545,0.211026701242717,0.24117339010489),
 .UNSPECIFIED.);
#362=B_SPLINE_CURVE_WITH_KNOTS('',3,(#1667,#1668,#1669,#1670,#1671,#1672,
#1673,#1674,#1675,#1676),.UNSPECIFIED.,.F.,.F.,(4,2,2,2,4),(0.,0.0301466888621723,
0.0602933777243447,0.0904400363883947,0.120586695052445),.UNSPECIFIED.);
#363=B_SPLINE_CURVE_WITH_KNOTS('',3,(#1678,#1679,#1680,#1681,#1682,#1683,
#1684,#1685,#1686,#1687),.UNSPECIFIED.,.F.,.F.,(4,2,2,2,4),(0.361760085157334,
0.391906743821384,0.422053402485435,0.452200091347607,0.482346780209779),
 .UNSPECIFIED.);
#364=B_SPLINE_CURVE_WITH_KNOTS('',3,(#1688,#1689,#1690,#1691,#1692,#1693,
#1694,#1695,#1696,#1697),.UNSPECIFIED.,.F.,.F.,(4,2,2,2,4),(0.24117339010489,
0.271320078967062,0.301466767829234,0.331613426493284,0.361760085157334),
 .UNSPECIFIED.);
#365=B_SPLINE_CURVE_WITH_KNOTS('',3,(#1698,#1699,#1700,#1701,#1702,#1703,
#1704,#1705,#1706,#1707),.UNSPECIFIED.,.F.,.F.,(4,2,2,2,4),(0.120577790402089,
0.150722228088125,0.180866665774161,0.211011123289169,0.241155580804178),
 .UNSPECIFIED.);
#366=B_SPLINE_CURVE_WITH_KNOTS('',3,(#1711,#1712,#1713,#1714,#1715,#1716,
#1717,#1718,#1719,#1720,#1721,#1722,#1723,#1724,#1725,#1726,#1727,#1728),
 .UNSPECIFIED.,.F.,.F.,(4,2,2,2,2,2,2,2,4),(0.,0.0301466888621723,0.0602933777243447,
0.0904400363883947,0.120586695052445,0.150733353716495,0.180880012380545,
0.211026701242717,0.24117339010489),.UNSPECIFIED.);
#367=B_SPLINE_CURVE_WITH_KNOTS('',3,(#1729,#1730,#1731,#1732,#1733,#1734,
#1735,#1736,#1737,#1738,#1739,#1740,#1741,#1742,#1743,#1744,#1745,#1746),
 .UNSPECIFIED.,.F.,.F.,(4,2,2,2,2,2,2,2,4),(0.24117339010489,0.271320078967062,
0.301466767829234,0.331613426493284,0.361760085157334,0.391906743821384,
0.422053402485435,0.452200091347607,0.482346780209779),.UNSPECIFIED.);
#368=B_SPLINE_CURVE_WITH_KNOTS('',3,(#1750,#1751,#1752,#1753,#1754,#1755,
#1756,#1757,#1758,#1759,#1760,#1761,#1762,#1763,#1764,#1765,#1766,#1767),
 .UNSPECIFIED.,.F.,.F.,(4,2,2,2,2,2,2,2,4),(0.,0.0301444575150085,0.060288915030017,
0.090433352716053,0.120577790402089,0.150722228088125,0.180866665774161,
0.21101112328917,0.241155580804178),.UNSPECIFIED.);
#369=B_SPLINE_CURVE_WITH_KNOTS('',3,(#1768,#1769,#1770,#1771,#1772,#1773,
#1774,#1775,#1776,#1777,#1778,#1779,#1780,#1781,#1782,#1783,#1784,#1785),
 .UNSPECIFIED.,.F.,.F.,(4,2,2,2,2,2,2,2,4),(0.241155580804178,0.271300038319187,
0.301444495834195,0.331588933520231,0.361733371206267,0.391877808892303,
0.422022246578339,0.452166704093348,0.482311161608356),.UNSPECIFIED.);
#370=B_SPLINE_CURVE_WITH_KNOTS('',3,(#1854,#1855,#1856,#1857,#1858,#1859,
#1860,#1861,#1862,#1863,#1864,#1865,#1866,#1867,#1868,#1869,#1870,#1871,
#1872,#1873,#1874,#1875,#1876,#1877,#1878,#1879,#1880,#1881,#1882),
 .UNSPECIFIED.,.F.,.F.,(4,2,2,2,2,2,2,3,2,2,2,2,2,4),(-2.30217715292767,
-2.19736017110543,-1.84159165474451,-1.4858231383836,-1.13005462202268,
-0.77428610566176,-0.38714305283088,0.,0.43159794132161,0.86319588264322,
1.32570376169755,1.78821164075188,2.25086225351768,2.61013954850488),
 .UNSPECIFIED.);
#371=B_SPLINE_CURVE_WITH_KNOTS('',3,(#1887,#1888,#1889,#1890,#1891,#1892),
 .UNSPECIFIED.,.F.,.F.,(4,2,4),(-2.97164627676719,-2.58450322393631,-2.30217715292767),
 .UNSPECIFIED.);
#372=B_SPLINE_CURVE_WITH_KNOTS('',3,(#1893,#1894,#1895,#1896,#1897,#1898,
#1899,#1900),.UNSPECIFIED.,.F.,.F.,(4,2,2,4),(-3.93793317117591,-3.8345598533973,
-3.40310306508225,-2.97164627676719),.UNSPECIFIED.);
#373=B_SPLINE_CURVE_WITH_KNOTS('',3,(#1913,#1914,#1915,#1916,#1917,#1918,
#1919,#1920,#1921,#1922,#1923,#1924,#1925,#1926,#1927,#1928,#1929,#1930,
#1931,#1932,#1933,#1934,#1935,#1936,#1937,#1938,#1939,#1940,#1941,#1942,
#1943,#1944,#1945,#1946),.UNSPECIFIED.,.F.,.F.,(4,2,2,2,2,2,2,2,2,2,2,2,
2,2,2,2,4),(19.2872080869658,20.5225250502979,21.75784201363,22.9931589769621,
24.2284759402941,25.4793680105366,26.7302600807791,27.9811521510216,29.2320442212641,
30.4829362915066,31.7338283617491,32.9847204319916,34.2356125022341,35.4709294655662,
36.7062464288983,37.9415633922304,39.1768803555625),.UNSPECIFIED.);
#374=B_SPLINE_CURVE_WITH_KNOTS('',3,(#1949,#1950,#1951,#1952),
 .UNSPECIFIED.,.F.,.F.,(4,4),(-14.6885578280726,-14.5399874633895),
 .UNSPECIFIED.);
#375=B_SPLINE_CURVE_WITH_KNOTS('',3,(#1957,#1958,#1959,#1960,#1961,#1962),
 .UNSPECIFIED.,.F.,.F.,(4,2,4),(-14.5399874633895,-14.4341784886272,-14.3903392722945),
 .UNSPECIFIED.);
#376=B_SPLINE_CURVE_WITH_KNOTS('',3,(#1967,#1968,#1969,#1970,#1971,#1972),
 .UNSPECIFIED.,.F.,.F.,(4,2,4),(-9.79298441355064,-9.64360404348289,-9.49422367341515),
 .UNSPECIFIED.);
#377=B_SPLINE_CURVE_WITH_KNOTS('',3,(#1977,#1978,#1979,#1980,#1981,#1982),
 .UNSPECIFIED.,.F.,.F.,(4,2,4),(-4.89686881467128,-4.85302959833856,-4.59865025889315),
 .UNSPECIFIED.);
#378=B_SPLINE_CURVE_WITH_KNOTS('',3,(#2019,#2020,#2021,#2022,#2023,#2024),
 .UNSPECIFIED.,.F.,.F.,(4,2,4),(0.,0.432311878047949,0.615529513998061),
 .UNSPECIFIED.);
#379=B_SPLINE_CURVE_WITH_KNOTS('',3,(#2029,#2030,#2031,#2032,#2033,#2034),
 .UNSPECIFIED.,.F.,.F.,(4,2,4),(0.908224015169365,1.26557507340694,1.51960310663729),
 .UNSPECIFIED.);
#380=B_SPLINE_CURVE_WITH_KNOTS('',3,(#2039,#2040,#2041,#2042,#2043,#2044),
 .UNSPECIFIED.,.F.,.F.,(4,2,4),(1.81344967479866,2.06747770802901,2.42482876626658),
 .UNSPECIFIED.);
#381=B_SPLINE_CURVE_WITH_KNOTS('',3,(#2048,#2049,#2050,#2051,#2052,#2053),
 .UNSPECIFIED.,.F.,.F.,(4,2,4),(2.71752326743789,2.900740903388,3.33305278143595),
 .UNSPECIFIED.);
#382=B_SPLINE_CURVE_WITH_KNOTS('',3,(#2057,#2058,#2059,#2060,#2061,#2062),
 .UNSPECIFIED.,.F.,.F.,(4,2,4),(3.62534719482946,3.80975364718856,4.24224140690705),
 .UNSPECIFIED.);
#383=B_SPLINE_CURVE_WITH_KNOTS('',3,(#2077,#2078,#2079,#2080,#2081,#2082),
 .UNSPECIFIED.,.F.,.F.,(4,2,4),(4.53700865469592,4.79409781115443,5.15360019948404),
 .UNSPECIFIED.);
#384=B_SPLINE_CURVE_WITH_KNOTS('',3,(#2085,#2086,#2087,#2088,#2089,#2090),
 .UNSPECIFIED.,.F.,.F.,(4,2,4),(6.36124081182834,6.79372857154683,6.97813502390592),
 .UNSPECIFIED.);
#385=B_SPLINE_CURVE_WITH_KNOTS('',3,(#2105,#2106,#2107,#2108,#2109,#2110),
 .UNSPECIFIED.,.F.,.F.,(4,2,4),(1.20395587325998,1.46104502971849,1.82054741804809),
 .UNSPECIFIED.);
#386=VERTEX_POINT('',#1295);
#387=VERTEX_POINT('',#1296);
#388=VERTEX_POINT('',#1307);
#389=VERTEX_POINT('',#1318);
#390=VERTEX_POINT('',#1329);
#391=VERTEX_POINT('',#1331);
#392=VERTEX_POINT('',#1342);
#393=VERTEX_POINT('',#1353);
#394=VERTEX_POINT('',#1385);
#395=VERTEX_POINT('',#1386);
#396=VERTEX_POINT('',#1423);
#397=VERTEX_POINT('',#1425);
#398=VERTEX_POINT('',#1463);
#399=VERTEX_POINT('',#1464);
#400=VERTEX_POINT('',#1501);
#401=VERTEX_POINT('',#1503);
#402=VERTEX_POINT('',#1541);
#403=VERTEX_POINT('',#1542);
#404=VERTEX_POINT('',#1579);
#405=VERTEX_POINT('',#1581);
#406=VERTEX_POINT('',#1619);
#407=VERTEX_POINT('',#1620);
#408=VERTEX_POINT('',#1631);
#409=VERTEX_POINT('',#1642);
#410=VERTEX_POINT('',#1653);
#411=VERTEX_POINT('',#1655);
#412=VERTEX_POINT('',#1666);
#413=VERTEX_POINT('',#1677);
#414=VERTEX_POINT('',#1709);
#415=VERTEX_POINT('',#1710);
#416=VERTEX_POINT('',#1747);
#417=VERTEX_POINT('',#1749);
#418=VERTEX_POINT('',#1787);
#419=VERTEX_POINT('',#1791);
#420=VERTEX_POINT('',#1795);
#421=VERTEX_POINT('',#1799);
#422=VERTEX_POINT('',#1805);
#423=VERTEX_POINT('',#1807);
#424=VERTEX_POINT('',#1811);
#425=VERTEX_POINT('',#1814);
#426=VERTEX_POINT('',#1819);
#427=VERTEX_POINT('',#1820);
#428=VERTEX_POINT('',#1822);
#429=VERTEX_POINT('',#1826);
#430=VERTEX_POINT('',#1830);
#431=VERTEX_POINT('',#1831);
#432=VERTEX_POINT('',#1833);
#433=VERTEX_POINT('',#1837);
#434=VERTEX_POINT('',#1841);
#435=VERTEX_POINT('',#1842);
#436=VERTEX_POINT('',#1844);
#437=VERTEX_POINT('',#1848);
#438=VERTEX_POINT('',#1852);
#439=VERTEX_POINT('',#1853);
#440=VERTEX_POINT('',#1883);
#441=VERTEX_POINT('',#1886);
#442=VERTEX_POINT('',#1902);
#443=VERTEX_POINT('',#1903);
#444=VERTEX_POINT('',#1905);
#445=VERTEX_POINT('',#1907);
#446=VERTEX_POINT('',#1911);
#447=VERTEX_POINT('',#1912);
#448=VERTEX_POINT('',#1948);
#449=VERTEX_POINT('',#1953);
#450=VERTEX_POINT('',#1956);
#451=VERTEX_POINT('',#1963);
#452=VERTEX_POINT('',#1966);
#453=VERTEX_POINT('',#1973);
#454=VERTEX_POINT('',#1976);
#455=VERTEX_POINT('',#1983);
#456=VERTEX_POINT('',#1987);
#457=VERTEX_POINT('',#1988);
#458=VERTEX_POINT('',#1990);
#459=VERTEX_POINT('',#1992);
#460=VERTEX_POINT('',#1996);
#461=VERTEX_POINT('',#1997);
#462=VERTEX_POINT('',#1999);
#463=VERTEX_POINT('',#2001);
#464=VERTEX_POINT('',#2005);
#465=VERTEX_POINT('',#2006);
#466=VERTEX_POINT('',#2008);
#467=VERTEX_POINT('',#2010);
#468=VERTEX_POINT('',#2014);
#469=VERTEX_POINT('',#2016);
#470=VERTEX_POINT('',#2018);
#471=VERTEX_POINT('',#2028);
#472=VERTEX_POINT('',#2038);
#473=VERTEX_POINT('',#2055);
#474=VERTEX_POINT('',#2056);
#475=VERTEX_POINT('',#2069);
#476=VERTEX_POINT('',#2073);
#477=VERTEX_POINT('',#2083);
#478=VERTEX_POINT('',#2084);
#479=VERTEX_POINT('',#2097);
#480=VERTEX_POINT('',#2101);
#481=VERTEX_POINT('',#2112);
#482=VERTEX_POINT('',#2128);
#483=VERTEX_POINT('',#2133);
#484=VERTEX_POINT('',#2137);
#485=VERTEX_POINT('',#2149);
#486=EDGE_CURVE('',#386,#387,#338,.T.);
#487=EDGE_CURVE('',#388,#386,#339,.T.);
#488=EDGE_CURVE('',#389,#388,#340,.T.);
#489=EDGE_CURVE('',#389,#390,#224,.T.);
#490=EDGE_CURVE('',#391,#390,#341,.T.);
#491=EDGE_CURVE('',#392,#391,#342,.T.);
#492=EDGE_CURVE('',#393,#392,#343,.T.);
#493=EDGE_CURVE('',#390,#393,#344,.T.);
#494=EDGE_CURVE('',#387,#389,#345,.T.);
#495=EDGE_CURVE('',#394,#395,#346,.T.);
#496=EDGE_CURVE('',#395,#394,#347,.T.);
#497=EDGE_CURVE('',#395,#396,#225,.T.);
#498=EDGE_CURVE('',#397,#396,#348,.T.);
#499=EDGE_CURVE('',#396,#397,#349,.T.);
#500=EDGE_CURVE('',#398,#399,#350,.T.);
#501=EDGE_CURVE('',#399,#398,#351,.T.);
#502=EDGE_CURVE('',#399,#400,#226,.T.);
#503=EDGE_CURVE('',#401,#400,#352,.T.);
#504=EDGE_CURVE('',#400,#401,#353,.T.);
#505=EDGE_CURVE('',#402,#403,#354,.T.);
#506=EDGE_CURVE('',#403,#402,#355,.T.);
#507=EDGE_CURVE('',#403,#404,#227,.T.);
#508=EDGE_CURVE('',#405,#404,#356,.T.);
#509=EDGE_CURVE('',#404,#405,#357,.T.);
#510=EDGE_CURVE('',#406,#407,#358,.T.);
#511=EDGE_CURVE('',#408,#406,#359,.T.);
#512=EDGE_CURVE('',#409,#408,#360,.T.);
#513=EDGE_CURVE('',#409,#410,#228,.T.);
#514=EDGE_CURVE('',#411,#410,#361,.T.);
#515=EDGE_CURVE('',#412,#411,#362,.T.);
#516=EDGE_CURVE('',#413,#412,#363,.T.);
#517=EDGE_CURVE('',#410,#413,#364,.T.);
#518=EDGE_CURVE('',#407,#409,#365,.T.);
#519=EDGE_CURVE('',#414,#415,#366,.T.);
#520=EDGE_CURVE('',#415,#414,#367,.T.);
#521=EDGE_CURVE('',#415,#416,#229,.T.);
#522=EDGE_CURVE('',#417,#416,#368,.T.);
#523=EDGE_CURVE('',#416,#417,#369,.T.);
#524=EDGE_CURVE('',#418,#418,#81,.T.);
#525=EDGE_CURVE('',#418,#393,#230,.T.);
#526=EDGE_CURVE('',#391,#413,#231,.T.);
#527=EDGE_CURVE('',#411,#419,#232,.T.);
#528=EDGE_CURVE('',#419,#419,#82,.T.);
#529=EDGE_CURVE('',#420,#420,#83,.T.);
#530=EDGE_CURVE('',#420,#387,#233,.T.);
#531=EDGE_CURVE('',#388,#407,#234,.T.);
#532=EDGE_CURVE('',#408,#421,#235,.T.);
#533=EDGE_CURVE('',#421,#421,#84,.T.);
#534=EDGE_CURVE('',#422,#422,#85,.T.);
#535=EDGE_CURVE('',#422,#423,#236,.T.);
#536=EDGE_CURVE('',#423,#423,#86,.T.);
#537=EDGE_CURVE('',#424,#424,#87,.T.);
#538=EDGE_CURVE('',#424,#425,#237,.T.);
#539=EDGE_CURVE('',#425,#425,#88,.T.);
#540=EDGE_CURVE('',#426,#427,#238,.T.);
#541=EDGE_CURVE('',#426,#428,#13,.F.);
#542=EDGE_CURVE('',#429,#428,#239,.T.);
#543=EDGE_CURVE('',#427,#429,#240,.T.);
#544=EDGE_CURVE('',#430,#431,#241,.T.);
#545=EDGE_CURVE('',#430,#432,#14,.F.);
#546=EDGE_CURVE('',#433,#432,#242,.T.);
#547=EDGE_CURVE('',#431,#433,#243,.T.);
#548=EDGE_CURVE('',#434,#435,#244,.T.);
#549=EDGE_CURVE('',#434,#436,#15,.F.);
#550=EDGE_CURVE('',#437,#436,#245,.T.);
#551=EDGE_CURVE('',#435,#437,#246,.T.);
#552=EDGE_CURVE('',#438,#439,#370,.F.);
#553=EDGE_CURVE('',#439,#440,#247,.T.);
#554=EDGE_CURVE('',#440,#440,#89,.T.);
#555=EDGE_CURVE('',#439,#441,#371,.F.);
#556=EDGE_CURVE('',#441,#438,#372,.F.);
#557=EDGE_CURVE('',#442,#443,#90,.T.);
#558=EDGE_CURVE('',#442,#444,#248,.T.);
#559=EDGE_CURVE('',#445,#444,#91,.T.);
#560=EDGE_CURVE('',#445,#443,#249,.T.);
#561=EDGE_CURVE('',#446,#447,#373,.T.);
#562=EDGE_CURVE('',#429,#446,#92,.T.);
#563=EDGE_CURVE('',#428,#448,#374,.T.);
#564=EDGE_CURVE('',#448,#449,#250,.T.);
#565=EDGE_CURVE('',#449,#449,#93,.T.);
#566=EDGE_CURVE('',#448,#450,#375,.T.);
#567=EDGE_CURVE('',#451,#450,#251,.T.);
#568=EDGE_CURVE('',#433,#451,#94,.T.);
#569=EDGE_CURVE('',#432,#452,#376,.T.);
#570=EDGE_CURVE('',#453,#452,#252,.T.);
#571=EDGE_CURVE('',#437,#453,#95,.T.);
#572=EDGE_CURVE('',#436,#454,#377,.T.);
#573=EDGE_CURVE('',#455,#454,#253,.T.);
#574=EDGE_CURVE('',#447,#455,#96,.T.);
#575=EDGE_CURVE('',#456,#457,#97,.T.);
#576=EDGE_CURVE('',#456,#458,#254,.T.);
#577=EDGE_CURVE('',#459,#458,#98,.T.);
#578=EDGE_CURVE('',#459,#457,#255,.T.);
#579=EDGE_CURVE('',#460,#461,#99,.T.);
#580=EDGE_CURVE('',#460,#462,#256,.T.);
#581=EDGE_CURVE('',#463,#462,#100,.T.);
#582=EDGE_CURVE('',#463,#461,#257,.T.);
#583=EDGE_CURVE('',#464,#465,#101,.T.);
#584=EDGE_CURVE('',#464,#466,#258,.T.);
#585=EDGE_CURVE('',#467,#466,#102,.T.);
#586=EDGE_CURVE('',#467,#465,#259,.T.);
#587=EDGE_CURVE('',#446,#468,#260,.T.);
#588=EDGE_CURVE('',#469,#447,#261,.T.);
#589=EDGE_CURVE('',#469,#470,#378,.T.);
#590=EDGE_CURVE('',#454,#470,#16,.F.);
#591=EDGE_CURVE('',#434,#471,#379,.T.);
#592=EDGE_CURVE('',#452,#471,#17,.F.);
#593=EDGE_CURVE('',#430,#472,#380,.T.);
#594=EDGE_CURVE('',#450,#472,#18,.F.);
#595=EDGE_CURVE('',#426,#468,#381,.T.);
#596=EDGE_CURVE('',#468,#441,#262,.T.);
#597=EDGE_CURVE('',#473,#474,#382,.T.);
#598=EDGE_CURVE('',#442,#474,#19,.T.);
#599=EDGE_CURVE('',#473,#443,#20,.T.);
#600=EDGE_CURVE('',#464,#475,#21,.T.);
#601=EDGE_CURVE('',#476,#465,#22,.T.);
#602=EDGE_CURVE('',#476,#475,#383,.T.);
#603=EDGE_CURVE('',#477,#478,#384,.T.);
#604=EDGE_CURVE('',#456,#478,#23,.T.);
#605=EDGE_CURVE('',#477,#457,#24,.T.);
#606=EDGE_CURVE('',#460,#479,#25,.T.);
#607=EDGE_CURVE('',#480,#461,#26,.T.);
#608=EDGE_CURVE('',#479,#480,#385,.T.);
#609=EDGE_CURVE('',#481,#470,#263,.T.);
#610=EDGE_CURVE('',#455,#481,#264,.T.);
#611=EDGE_CURVE('',#476,#467,#265,.T.);
#612=EDGE_CURVE('',#466,#475,#266,.T.);
#613=EDGE_CURVE('',#480,#463,#267,.T.);
#614=EDGE_CURVE('',#473,#445,#268,.T.);
#615=EDGE_CURVE('',#444,#474,#269,.T.);
#616=EDGE_CURVE('',#477,#459,#270,.T.);
#617=EDGE_CURVE('',#482,#468,#271,.T.);
#618=EDGE_CURVE('',#446,#482,#272,.T.);
#619=EDGE_CURVE('',#453,#483,#273,.T.);
#620=EDGE_CURVE('',#435,#483,#103,.T.);
#621=EDGE_CURVE('',#484,#481,#104,.T.);
#622=EDGE_CURVE('',#484,#447,#274,.T.);
#623=EDGE_CURVE('',#483,#471,#275,.T.);
#624=EDGE_CURVE('',#469,#484,#276,.T.);
#625=EDGE_CURVE('',#458,#478,#277,.T.);
#626=EDGE_CURVE('',#431,#485,#105,.T.);
#627=EDGE_CURVE('',#485,#472,#278,.T.);
#628=EDGE_CURVE('',#451,#485,#279,.T.);
#629=EDGE_CURVE('',#462,#479,#280,.T.);
#630=EDGE_CURVE('',#427,#482,#106,.T.);
#631=ORIENTED_EDGE('',*,*,#486,.F.);
#632=ORIENTED_EDGE('',*,*,#487,.F.);
#633=ORIENTED_EDGE('',*,*,#488,.F.);
#634=ORIENTED_EDGE('',*,*,#489,.T.);
#635=ORIENTED_EDGE('',*,*,#490,.F.);
#636=ORIENTED_EDGE('',*,*,#491,.F.);
#637=ORIENTED_EDGE('',*,*,#492,.F.);
#638=ORIENTED_EDGE('',*,*,#493,.F.);
#639=ORIENTED_EDGE('',*,*,#489,.F.);
#640=ORIENTED_EDGE('',*,*,#494,.F.);
#641=ORIENTED_EDGE('',*,*,#495,.F.);
#642=ORIENTED_EDGE('',*,*,#496,.F.);
#643=ORIENTED_EDGE('',*,*,#497,.T.);
#644=ORIENTED_EDGE('',*,*,#498,.F.);
#645=ORIENTED_EDGE('',*,*,#499,.F.);
#646=ORIENTED_EDGE('',*,*,#497,.F.);
#647=ORIENTED_EDGE('',*,*,#500,.F.);
#648=ORIENTED_EDGE('',*,*,#501,.F.);
#649=ORIENTED_EDGE('',*,*,#502,.T.);
#650=ORIENTED_EDGE('',*,*,#503,.F.);
#651=ORIENTED_EDGE('',*,*,#504,.F.);
#652=ORIENTED_EDGE('',*,*,#502,.F.);
#653=ORIENTED_EDGE('',*,*,#505,.F.);
#654=ORIENTED_EDGE('',*,*,#506,.F.);
#655=ORIENTED_EDGE('',*,*,#507,.T.);
#656=ORIENTED_EDGE('',*,*,#508,.F.);
#657=ORIENTED_EDGE('',*,*,#509,.F.);
#658=ORIENTED_EDGE('',*,*,#507,.F.);
#659=ORIENTED_EDGE('',*,*,#510,.F.);
#660=ORIENTED_EDGE('',*,*,#511,.F.);
#661=ORIENTED_EDGE('',*,*,#512,.F.);
#662=ORIENTED_EDGE('',*,*,#513,.T.);
#663=ORIENTED_EDGE('',*,*,#514,.F.);
#664=ORIENTED_EDGE('',*,*,#515,.F.);
#665=ORIENTED_EDGE('',*,*,#516,.F.);
#666=ORIENTED_EDGE('',*,*,#517,.F.);
#667=ORIENTED_EDGE('',*,*,#513,.F.);
#668=ORIENTED_EDGE('',*,*,#518,.F.);
#669=ORIENTED_EDGE('',*,*,#519,.F.);
#670=ORIENTED_EDGE('',*,*,#520,.F.);
#671=ORIENTED_EDGE('',*,*,#521,.T.);
#672=ORIENTED_EDGE('',*,*,#522,.F.);
#673=ORIENTED_EDGE('',*,*,#523,.F.);
#674=ORIENTED_EDGE('',*,*,#521,.F.);
#675=ORIENTED_EDGE('',*,*,#524,.F.);
#676=ORIENTED_EDGE('',*,*,#525,.T.);
#677=ORIENTED_EDGE('',*,*,#492,.T.);
#678=ORIENTED_EDGE('',*,*,#491,.T.);
#679=ORIENTED_EDGE('',*,*,#526,.T.);
#680=ORIENTED_EDGE('',*,*,#516,.T.);
#681=ORIENTED_EDGE('',*,*,#515,.T.);
#682=ORIENTED_EDGE('',*,*,#527,.T.);
#683=ORIENTED_EDGE('',*,*,#528,.T.);
#684=ORIENTED_EDGE('',*,*,#527,.F.);
#685=ORIENTED_EDGE('',*,*,#514,.T.);
#686=ORIENTED_EDGE('',*,*,#517,.T.);
#687=ORIENTED_EDGE('',*,*,#526,.F.);
#688=ORIENTED_EDGE('',*,*,#490,.T.);
#689=ORIENTED_EDGE('',*,*,#493,.T.);
#690=ORIENTED_EDGE('',*,*,#525,.F.);
#691=ORIENTED_EDGE('',*,*,#495,.T.);
#692=ORIENTED_EDGE('',*,*,#496,.T.);
#693=ORIENTED_EDGE('',*,*,#505,.T.);
#694=ORIENTED_EDGE('',*,*,#506,.T.);
#695=ORIENTED_EDGE('',*,*,#503,.T.);
#696=ORIENTED_EDGE('',*,*,#504,.T.);
#697=ORIENTED_EDGE('',*,*,#519,.T.);
#698=ORIENTED_EDGE('',*,*,#520,.T.);
#699=ORIENTED_EDGE('',*,*,#529,.F.);
#700=ORIENTED_EDGE('',*,*,#530,.T.);
#701=ORIENTED_EDGE('',*,*,#494,.T.);
#702=ORIENTED_EDGE('',*,*,#488,.T.);
#703=ORIENTED_EDGE('',*,*,#531,.T.);
#704=ORIENTED_EDGE('',*,*,#518,.T.);
#705=ORIENTED_EDGE('',*,*,#512,.T.);
#706=ORIENTED_EDGE('',*,*,#532,.T.);
#707=ORIENTED_EDGE('',*,*,#533,.T.);
#708=ORIENTED_EDGE('',*,*,#532,.F.);
#709=ORIENTED_EDGE('',*,*,#511,.T.);
#710=ORIENTED_EDGE('',*,*,#510,.T.);
#711=ORIENTED_EDGE('',*,*,#531,.F.);
#712=ORIENTED_EDGE('',*,*,#487,.T.);
#713=ORIENTED_EDGE('',*,*,#486,.T.);
#714=ORIENTED_EDGE('',*,*,#530,.F.);
#715=ORIENTED_EDGE('',*,*,#498,.T.);
#716=ORIENTED_EDGE('',*,*,#499,.T.);
#717=ORIENTED_EDGE('',*,*,#508,.T.);
#718=ORIENTED_EDGE('',*,*,#509,.T.);
#719=ORIENTED_EDGE('',*,*,#500,.T.);
#720=ORIENTED_EDGE('',*,*,#501,.T.);
#721=ORIENTED_EDGE('',*,*,#522,.T.);
#722=ORIENTED_EDGE('',*,*,#523,.T.);
#723=ORIENTED_EDGE('',*,*,#529,.T.);
#724=ORIENTED_EDGE('',*,*,#524,.T.);
#725=ORIENTED_EDGE('',*,*,#533,.F.);
#726=ORIENTED_EDGE('',*,*,#528,.F.);
#727=ORIENTED_EDGE('',*,*,#534,.T.);
#728=ORIENTED_EDGE('',*,*,#535,.T.);
#729=ORIENTED_EDGE('',*,*,#536,.T.);
#730=ORIENTED_EDGE('',*,*,#535,.F.);
#731=ORIENTED_EDGE('',*,*,#534,.F.);
#732=ORIENTED_EDGE('',*,*,#537,.T.);
#733=ORIENTED_EDGE('',*,*,#537,.F.);
#734=ORIENTED_EDGE('',*,*,#538,.T.);
#735=ORIENTED_EDGE('',*,*,#539,.T.);
#736=ORIENTED_EDGE('',*,*,#538,.F.);
#737=ORIENTED_EDGE('',*,*,#536,.F.);
#738=ORIENTED_EDGE('',*,*,#539,.F.);
#739=ORIENTED_EDGE('',*,*,#540,.F.);
#740=ORIENTED_EDGE('',*,*,#541,.T.);
#741=ORIENTED_EDGE('',*,*,#542,.F.);
#742=ORIENTED_EDGE('',*,*,#543,.F.);
#743=ORIENTED_EDGE('',*,*,#544,.F.);
#744=ORIENTED_EDGE('',*,*,#545,.T.);
#745=ORIENTED_EDGE('',*,*,#546,.F.);
#746=ORIENTED_EDGE('',*,*,#547,.F.);
#747=ORIENTED_EDGE('',*,*,#548,.F.);
#748=ORIENTED_EDGE('',*,*,#549,.T.);
#749=ORIENTED_EDGE('',*,*,#550,.F.);
#750=ORIENTED_EDGE('',*,*,#551,.F.);
#751=ORIENTED_EDGE('',*,*,#552,.T.);
#752=ORIENTED_EDGE('',*,*,#553,.T.);
#753=ORIENTED_EDGE('',*,*,#554,.T.);
#754=ORIENTED_EDGE('',*,*,#553,.F.);
#755=ORIENTED_EDGE('',*,*,#555,.T.);
#756=ORIENTED_EDGE('',*,*,#556,.T.);
#757=ORIENTED_EDGE('',*,*,#557,.F.);
#758=ORIENTED_EDGE('',*,*,#558,.T.);
#759=ORIENTED_EDGE('',*,*,#559,.F.);
#760=ORIENTED_EDGE('',*,*,#560,.T.);
#761=ORIENTED_EDGE('',*,*,#561,.F.);
#762=ORIENTED_EDGE('',*,*,#562,.F.);
#763=ORIENTED_EDGE('',*,*,#542,.T.);
#764=ORIENTED_EDGE('',*,*,#563,.T.);
#765=ORIENTED_EDGE('',*,*,#564,.T.);
#766=ORIENTED_EDGE('',*,*,#565,.T.);
#767=ORIENTED_EDGE('',*,*,#564,.F.);
#768=ORIENTED_EDGE('',*,*,#566,.T.);
#769=ORIENTED_EDGE('',*,*,#567,.F.);
#770=ORIENTED_EDGE('',*,*,#568,.F.);
#771=ORIENTED_EDGE('',*,*,#546,.T.);
#772=ORIENTED_EDGE('',*,*,#569,.T.);
#773=ORIENTED_EDGE('',*,*,#570,.F.);
#774=ORIENTED_EDGE('',*,*,#571,.F.);
#775=ORIENTED_EDGE('',*,*,#550,.T.);
#776=ORIENTED_EDGE('',*,*,#572,.T.);
#777=ORIENTED_EDGE('',*,*,#573,.F.);
#778=ORIENTED_EDGE('',*,*,#574,.F.);
#779=ORIENTED_EDGE('',*,*,#575,.F.);
#780=ORIENTED_EDGE('',*,*,#576,.T.);
#781=ORIENTED_EDGE('',*,*,#577,.F.);
#782=ORIENTED_EDGE('',*,*,#578,.T.);
#783=ORIENTED_EDGE('',*,*,#579,.F.);
#784=ORIENTED_EDGE('',*,*,#580,.T.);
#785=ORIENTED_EDGE('',*,*,#581,.F.);
#786=ORIENTED_EDGE('',*,*,#582,.T.);
#787=ORIENTED_EDGE('',*,*,#583,.F.);
#788=ORIENTED_EDGE('',*,*,#584,.T.);
#789=ORIENTED_EDGE('',*,*,#585,.F.);
#790=ORIENTED_EDGE('',*,*,#586,.T.);
#791=ORIENTED_EDGE('',*,*,#587,.F.);
#792=ORIENTED_EDGE('',*,*,#561,.T.);
#793=ORIENTED_EDGE('',*,*,#588,.F.);
#794=ORIENTED_EDGE('',*,*,#589,.T.);
#795=ORIENTED_EDGE('',*,*,#590,.F.);
#796=ORIENTED_EDGE('',*,*,#572,.F.);
#797=ORIENTED_EDGE('',*,*,#549,.F.);
#798=ORIENTED_EDGE('',*,*,#591,.T.);
#799=ORIENTED_EDGE('',*,*,#592,.F.);
#800=ORIENTED_EDGE('',*,*,#569,.F.);
#801=ORIENTED_EDGE('',*,*,#545,.F.);
#802=ORIENTED_EDGE('',*,*,#593,.T.);
#803=ORIENTED_EDGE('',*,*,#594,.F.);
#804=ORIENTED_EDGE('',*,*,#566,.F.);
#805=ORIENTED_EDGE('',*,*,#563,.F.);
#806=ORIENTED_EDGE('',*,*,#541,.F.);
#807=ORIENTED_EDGE('',*,*,#595,.T.);
#808=ORIENTED_EDGE('',*,*,#596,.T.);
#809=ORIENTED_EDGE('',*,*,#555,.F.);
#810=ORIENTED_EDGE('',*,*,#552,.F.);
#811=ORIENTED_EDGE('',*,*,#556,.F.);
#812=ORIENTED_EDGE('',*,*,#596,.F.);
#813=ORIENTED_EDGE('',*,*,#597,.T.);
#814=ORIENTED_EDGE('',*,*,#598,.F.);
#815=ORIENTED_EDGE('',*,*,#557,.T.);
#816=ORIENTED_EDGE('',*,*,#599,.F.);
#817=ORIENTED_EDGE('',*,*,#600,.F.);
#818=ORIENTED_EDGE('',*,*,#583,.T.);
#819=ORIENTED_EDGE('',*,*,#601,.F.);
#820=ORIENTED_EDGE('',*,*,#602,.T.);
#821=ORIENTED_EDGE('',*,*,#603,.T.);
#822=ORIENTED_EDGE('',*,*,#604,.F.);
#823=ORIENTED_EDGE('',*,*,#575,.T.);
#824=ORIENTED_EDGE('',*,*,#605,.F.);
#825=ORIENTED_EDGE('',*,*,#606,.F.);
#826=ORIENTED_EDGE('',*,*,#579,.T.);
#827=ORIENTED_EDGE('',*,*,#607,.F.);
#828=ORIENTED_EDGE('',*,*,#608,.F.);
#829=ORIENTED_EDGE('',*,*,#609,.F.);
#830=ORIENTED_EDGE('',*,*,#610,.F.);
#831=ORIENTED_EDGE('',*,*,#573,.T.);
#832=ORIENTED_EDGE('',*,*,#590,.T.);
#833=ORIENTED_EDGE('',*,*,#602,.F.);
#834=ORIENTED_EDGE('',*,*,#611,.T.);
#835=ORIENTED_EDGE('',*,*,#585,.T.);
#836=ORIENTED_EDGE('',*,*,#612,.T.);
#837=ORIENTED_EDGE('',*,*,#607,.T.);
#838=ORIENTED_EDGE('',*,*,#582,.F.);
#839=ORIENTED_EDGE('',*,*,#613,.F.);
#840=ORIENTED_EDGE('',*,*,#601,.T.);
#841=ORIENTED_EDGE('',*,*,#586,.F.);
#842=ORIENTED_EDGE('',*,*,#611,.F.);
#843=ORIENTED_EDGE('',*,*,#597,.F.);
#844=ORIENTED_EDGE('',*,*,#614,.T.);
#845=ORIENTED_EDGE('',*,*,#559,.T.);
#846=ORIENTED_EDGE('',*,*,#615,.T.);
#847=ORIENTED_EDGE('',*,*,#605,.T.);
#848=ORIENTED_EDGE('',*,*,#578,.F.);
#849=ORIENTED_EDGE('',*,*,#616,.F.);
#850=ORIENTED_EDGE('',*,*,#599,.T.);
#851=ORIENTED_EDGE('',*,*,#560,.F.);
#852=ORIENTED_EDGE('',*,*,#614,.F.);
#853=ORIENTED_EDGE('',*,*,#587,.T.);
#854=ORIENTED_EDGE('',*,*,#617,.F.);
#855=ORIENTED_EDGE('',*,*,#618,.F.);
#856=ORIENTED_EDGE('',*,*,#598,.T.);
#857=ORIENTED_EDGE('',*,*,#615,.F.);
#858=ORIENTED_EDGE('',*,*,#558,.F.);
#859=ORIENTED_EDGE('',*,*,#551,.T.);
#860=ORIENTED_EDGE('',*,*,#571,.T.);
#861=ORIENTED_EDGE('',*,*,#619,.T.);
#862=ORIENTED_EDGE('',*,*,#620,.F.);
#863=ORIENTED_EDGE('',*,*,#610,.T.);
#864=ORIENTED_EDGE('',*,*,#621,.F.);
#865=ORIENTED_EDGE('',*,*,#622,.T.);
#866=ORIENTED_EDGE('',*,*,#574,.T.);
#867=ORIENTED_EDGE('',*,*,#548,.T.);
#868=ORIENTED_EDGE('',*,*,#620,.T.);
#869=ORIENTED_EDGE('',*,*,#623,.T.);
#870=ORIENTED_EDGE('',*,*,#591,.F.);
#871=ORIENTED_EDGE('',*,*,#609,.T.);
#872=ORIENTED_EDGE('',*,*,#589,.F.);
#873=ORIENTED_EDGE('',*,*,#624,.T.);
#874=ORIENTED_EDGE('',*,*,#621,.T.);
#875=ORIENTED_EDGE('',*,*,#604,.T.);
#876=ORIENTED_EDGE('',*,*,#625,.F.);
#877=ORIENTED_EDGE('',*,*,#576,.F.);
#878=ORIENTED_EDGE('',*,*,#588,.T.);
#879=ORIENTED_EDGE('',*,*,#622,.F.);
#880=ORIENTED_EDGE('',*,*,#624,.F.);
#881=ORIENTED_EDGE('',*,*,#623,.F.);
#882=ORIENTED_EDGE('',*,*,#619,.F.);
#883=ORIENTED_EDGE('',*,*,#570,.T.);
#884=ORIENTED_EDGE('',*,*,#592,.T.);
#885=ORIENTED_EDGE('',*,*,#544,.T.);
#886=ORIENTED_EDGE('',*,*,#626,.T.);
#887=ORIENTED_EDGE('',*,*,#627,.T.);
#888=ORIENTED_EDGE('',*,*,#593,.F.);
#889=ORIENTED_EDGE('',*,*,#547,.T.);
#890=ORIENTED_EDGE('',*,*,#568,.T.);
#891=ORIENTED_EDGE('',*,*,#628,.T.);
#892=ORIENTED_EDGE('',*,*,#626,.F.);
#893=ORIENTED_EDGE('',*,*,#600,.T.);
#894=ORIENTED_EDGE('',*,*,#612,.F.);
#895=ORIENTED_EDGE('',*,*,#584,.F.);
#896=ORIENTED_EDGE('',*,*,#608,.T.);
#897=ORIENTED_EDGE('',*,*,#613,.T.);
#898=ORIENTED_EDGE('',*,*,#581,.T.);
#899=ORIENTED_EDGE('',*,*,#629,.T.);
#900=ORIENTED_EDGE('',*,*,#606,.T.);
#901=ORIENTED_EDGE('',*,*,#629,.F.);
#902=ORIENTED_EDGE('',*,*,#580,.F.);
#903=ORIENTED_EDGE('',*,*,#618,.T.);
#904=ORIENTED_EDGE('',*,*,#630,.F.);
#905=ORIENTED_EDGE('',*,*,#543,.T.);
#906=ORIENTED_EDGE('',*,*,#562,.T.);
#907=ORIENTED_EDGE('',*,*,#603,.F.);
#908=ORIENTED_EDGE('',*,*,#616,.T.);
#909=ORIENTED_EDGE('',*,*,#577,.T.);
#910=ORIENTED_EDGE('',*,*,#625,.T.);
#911=ORIENTED_EDGE('',*,*,#617,.T.);
#912=ORIENTED_EDGE('',*,*,#595,.F.);
#913=ORIENTED_EDGE('',*,*,#540,.T.);
#914=ORIENTED_EDGE('',*,*,#630,.T.);
#915=ORIENTED_EDGE('',*,*,#627,.F.);
#916=ORIENTED_EDGE('',*,*,#628,.F.);
#917=ORIENTED_EDGE('',*,*,#567,.T.);
#918=ORIENTED_EDGE('',*,*,#594,.T.);
#919=ORIENTED_EDGE('',*,*,#565,.F.);
#920=ORIENTED_EDGE('',*,*,#554,.F.);
#921=CYLINDRICAL_SURFACE('',#1006,0.800000000000001);
#922=CYLINDRICAL_SURFACE('',#1007,0.800000000000001);
#923=CYLINDRICAL_SURFACE('',#1008,0.800000000000001);
#924=CYLINDRICAL_SURFACE('',#1009,0.800000000000001);
#925=CYLINDRICAL_SURFACE('',#1010,0.800000000000001);
#926=CYLINDRICAL_SURFACE('',#1011,0.800000000000001);
#927=CYLINDRICAL_SURFACE('',#1012,10.85);
#928=CYLINDRICAL_SURFACE('',#1015,12.05);
#929=CYLINDRICAL_SURFACE('',#1025,10.75);
#930=CYLINDRICAL_SURFACE('',#1031,10.85);
#931=CYLINDRICAL_SURFACE('',#1036,65.);
#932=CYLINDRICAL_SURFACE('',#1053,12.05);
#933=CYLINDRICAL_SURFACE('',#1056,12.05);
#934=CYLINDRICAL_SURFACE('',#1065,12.05);
#935=CYLINDRICAL_SURFACE('',#1066,12.05);
#936=CYLINDRICAL_SURFACE('',#1070,12.05);
#937=CYLINDRICAL_SURFACE('',#1074,12.05);
#938=CYLINDRICAL_SURFACE('',#1078,12.05);
#939=CYLINDRICAL_SURFACE('',#1079,12.05);
#940=ADVANCED_FACE('',(#107),#921,.F.);
#941=ADVANCED_FACE('',(#108),#922,.F.);
#942=ADVANCED_FACE('',(#109),#923,.F.);
#943=ADVANCED_FACE('',(#110),#924,.F.);
#944=ADVANCED_FACE('',(#111),#925,.F.);
#945=ADVANCED_FACE('',(#112),#926,.F.);
#946=ADVANCED_FACE('',(#113,#64,#65,#66,#67),#927,.F.);
#947=ADVANCED_FACE('',(#114,#68,#69,#70,#71),#928,.T.);
#948=ADVANCED_FACE('',(#115,#72),#35,.T.);
#949=ADVANCED_FACE('',(#116,#73),#36,.F.);
#950=ADVANCED_FACE('',(#117),#27,.T.);
#951=ADVANCED_FACE('',(#118,#74),#37,.T.);
#952=ADVANCED_FACE('',(#119),#929,.F.);
#953=ADVANCED_FACE('',(#120,#75),#38,.F.);
#954=ADVANCED_FACE('',(#121),#39,.T.);
#955=ADVANCED_FACE('',(#122),#40,.T.);
#956=ADVANCED_FACE('',(#123),#41,.T.);
#957=ADVANCED_FACE('',(#124),#930,.F.);
#958=ADVANCED_FACE('',(#125),#42,.T.);
#959=ADVANCED_FACE('',(#126),#931,.T.);
#960=ADVANCED_FACE('',(#127),#43,.T.);
#961=ADVANCED_FACE('',(#128),#44,.T.);
#962=ADVANCED_FACE('',(#129),#45,.T.);
#963=ADVANCED_FACE('',(#130,#76,#77,#78,#79),#28,.T.);
#964=ADVANCED_FACE('',(#131),#46,.T.);
#965=ADVANCED_FACE('',(#132),#932,.T.);
#966=ADVANCED_FACE('',(#133),#47,.T.);
#967=ADVANCED_FACE('',(#134),#48,.T.);
#968=ADVANCED_FACE('',(#135),#933,.T.);
#969=ADVANCED_FACE('',(#136),#49,.T.);
#970=ADVANCED_FACE('',(#137),#50,.T.);
#971=ADVANCED_FACE('',(#138),#51,.T.);
#972=ADVANCED_FACE('',(#139),#52,.T.);
#973=ADVANCED_FACE('',(#140),#53,.T.);
#974=ADVANCED_FACE('',(#141),#54,.T.);
#975=ADVANCED_FACE('',(#142),#934,.T.);
#976=ADVANCED_FACE('',(#143),#935,.T.);
#977=ADVANCED_FACE('',(#144),#55,.T.);
#978=ADVANCED_FACE('',(#145),#56,.T.);
#979=ADVANCED_FACE('',(#146),#57,.T.);
#980=ADVANCED_FACE('',(#147),#936,.T.);
#981=ADVANCED_FACE('',(#148),#58,.T.);
#982=ADVANCED_FACE('',(#149),#59,.T.);
#983=ADVANCED_FACE('',(#150),#937,.T.);
#984=ADVANCED_FACE('',(#151),#60,.T.);
#985=ADVANCED_FACE('',(#152),#61,.T.);
#986=ADVANCED_FACE('',(#153),#938,.T.);
#987=ADVANCED_FACE('',(#154),#939,.T.);
#988=ADVANCED_FACE('',(#155),#62,.T.);
#989=ADVANCED_FACE('',(#156,#80),#63,.F.);
#990=CLOSED_SHELL('',(#940,#941,#942,#943,#944,#945,#946,#947,#948,#949));
#991=CLOSED_SHELL('',(#950,#951,#952,#953));
#992=CLOSED_SHELL('',(#954,#955,#956,#957,#958,#959,#960,#961,#962,#963,
#964,#965,#966,#967,#968,#969,#970,#971,#972,#973,#974,#975,#976,#977,#978,
#979,#980,#981,#982,#983,#984,#985,#986,#987,#988,#989));
#993=DERIVED_UNIT_ELEMENT(#995,1.);
#994=DERIVED_UNIT_ELEMENT(#2169,-3.);
#995=(
MASS_UNIT()
NAMED_UNIT(*)
SI_UNIT(.KILO.,.GRAM.)
);
#996=DERIVED_UNIT((#993,#994));
#997=MEASURE_REPRESENTATION_ITEM('density measure',
POSITIVE_RATIO_MEASURE(1060.),#996);
#998=PROPERTY_DEFINITION_REPRESENTATION(#1003,#1000);
#999=PROPERTY_DEFINITION_REPRESENTATION(#1004,#1001);
#1000=REPRESENTATION('material name',(#1002),#2166);
#1001=REPRESENTATION('density',(#997),#2166);
#1002=DESCRIPTIVE_REPRESENTATION_ITEM('ABS Plastic','ABS Plastic');
#1003=PROPERTY_DEFINITION('material property','material name',#2176);
#1004=PROPERTY_DEFINITION('material property','density of part',#2176);
#1005=AXIS2_PLACEMENT_3D('',#1293,#1082,#1083);
#1006=AXIS2_PLACEMENT_3D('',#1294,#1084,#1085);
#1007=AXIS2_PLACEMENT_3D('',#1384,#1087,#1088);
#1008=AXIS2_PLACEMENT_3D('',#1462,#1090,#1091);
#1009=AXIS2_PLACEMENT_3D('',#1540,#1093,#1094);
#1010=AXIS2_PLACEMENT_3D('',#1618,#1096,#1097);
#1011=AXIS2_PLACEMENT_3D('',#1708,#1099,#1100);
#1012=AXIS2_PLACEMENT_3D('',#1786,#1102,#1103);
#1013=AXIS2_PLACEMENT_3D('',#1788,#1104,#1105);
#1014=AXIS2_PLACEMENT_3D('',#1793,#1109,#1110);
#1015=AXIS2_PLACEMENT_3D('',#1794,#1111,#1112);
#1016=AXIS2_PLACEMENT_3D('',#1796,#1113,#1114);
#1017=AXIS2_PLACEMENT_3D('',#1801,#1118,#1119);
#1018=AXIS2_PLACEMENT_3D('',#1802,#1120,#1121);
#1019=AXIS2_PLACEMENT_3D('',#1803,#1122,#1123);
#1020=AXIS2_PLACEMENT_3D('',#1804,#1124,#1125);
#1021=AXIS2_PLACEMENT_3D('',#1806,#1126,#1127);
#1022=AXIS2_PLACEMENT_3D('',#1809,#1129,#1130);
#1023=AXIS2_PLACEMENT_3D('',#1810,#1131,#1132);
#1024=AXIS2_PLACEMENT_3D('',#1812,#1133,#1134);
#1025=AXIS2_PLACEMENT_3D('',#1813,#1135,#1136);
#1026=AXIS2_PLACEMENT_3D('',#1816,#1138,#1139);
#1027=AXIS2_PLACEMENT_3D('',#1817,#1140,#1141);
#1028=AXIS2_PLACEMENT_3D('',#1818,#1142,#1143);
#1029=AXIS2_PLACEMENT_3D('',#1829,#1147,#1148);
#1030=AXIS2_PLACEMENT_3D('',#1840,#1152,#1153);
#1031=AXIS2_PLACEMENT_3D('',#1851,#1157,#1158);
#1032=AXIS2_PLACEMENT_3D('',#1885,#1160,#1161);
#1033=AXIS2_PLACEMENT_3D('',#1901,#1162,#1163);
#1034=AXIS2_PLACEMENT_3D('',#1904,#1164,#1165);
#1035=AXIS2_PLACEMENT_3D('',#1908,#1167,#1168);
#1036=AXIS2_PLACEMENT_3D('',#1910,#1170,#1171);
#1037=AXIS2_PLACEMENT_3D('',#1947,#1172,#1173);
#1038=AXIS2_PLACEMENT_3D('',#1955,#1175,#1176);
#1039=AXIS2_PLACEMENT_3D('',#1965,#1178,#1179);
#1040=AXIS2_PLACEMENT_3D('',#1975,#1181,#1182);
#1041=AXIS2_PLACEMENT_3D('',#1985,#1184,#1185);
#1042=AXIS2_PLACEMENT_3D('',#1986,#1186,#1187);
#1043=AXIS2_PLACEMENT_3D('',#1989,#1188,#1189);
#1044=AXIS2_PLACEMENT_3D('',#1993,#1191,#1192);
#1045=AXIS2_PLACEMENT_3D('',#1995,#1194,#1195);
#1046=AXIS2_PLACEMENT_3D('',#1998,#1196,#1197);
#1047=AXIS2_PLACEMENT_3D('',#2002,#1199,#1200);
#1048=AXIS2_PLACEMENT_3D('',#2004,#1202,#1203);
#1049=AXIS2_PLACEMENT_3D('',#2007,#1204,#1205);
#1050=AXIS2_PLACEMENT_3D('',#2011,#1207,#1208);
#1051=AXIS2_PLACEMENT_3D('',#2013,#1210,#1211);
#1052=AXIS2_PLACEMENT_3D('',#2111,#1215,#1216);
#1053=AXIS2_PLACEMENT_3D('',#2115,#1219,#1220);
#1054=AXIS2_PLACEMENT_3D('',#2118,#1223,#1224);
#1055=AXIS2_PLACEMENT_3D('',#2120,#1226,#1227);
#1056=AXIS2_PLACEMENT_3D('',#2121,#1228,#1229);
#1057=AXIS2_PLACEMENT_3D('',#2124,#1232,#1233);
#1058=AXIS2_PLACEMENT_3D('',#2126,#1235,#1236);
#1059=AXIS2_PLACEMENT_3D('',#2127,#1237,#1238);
#1060=AXIS2_PLACEMENT_3D('',#2131,#1241,#1242);
#1061=AXIS2_PLACEMENT_3D('',#2132,#1243,#1244);
#1062=AXIS2_PLACEMENT_3D('',#2135,#1246,#1247);
#1063=AXIS2_PLACEMENT_3D('',#2136,#1248,#1249);
#1064=AXIS2_PLACEMENT_3D('',#2138,#1250,#1251);
#1065=AXIS2_PLACEMENT_3D('',#2140,#1253,#1254);
#1066=AXIS2_PLACEMENT_3D('',#2142,#1256,#1257);
#1067=AXIS2_PLACEMENT_3D('',#2144,#1259,#1260);
#1068=AXIS2_PLACEMENT_3D('',#2146,#1262,#1263);
#1069=AXIS2_PLACEMENT_3D('',#2147,#1264,#1265);
#1070=AXIS2_PLACEMENT_3D('',#2148,#1266,#1267);
#1071=AXIS2_PLACEMENT_3D('',#2150,#1268,#1269);
#1072=AXIS2_PLACEMENT_3D('',#2152,#1271,#1272);
#1073=AXIS2_PLACEMENT_3D('',#2154,#1274,#1275);
#1074=AXIS2_PLACEMENT_3D('',#2155,#1276,#1277);
#1075=AXIS2_PLACEMENT_3D('',#2157,#1279,#1280);
#1076=AXIS2_PLACEMENT_3D('',#2158,#1281,#1282);
#1077=AXIS2_PLACEMENT_3D('',#2159,#1283,#1284);
#1078=AXIS2_PLACEMENT_3D('',#2160,#1285,#1286);
#1079=AXIS2_PLACEMENT_3D('',#2161,#1287,#1288);
#1080=AXIS2_PLACEMENT_3D('',#2162,#1289,#1290);
#1081=AXIS2_PLACEMENT_3D('',#2163,#1291,#1292);
#1082=DIRECTION('axis',(0.,0.,1.));
#1083=DIRECTION('refdir',(1.,0.,0.));
#1084=DIRECTION('center_axis',(1.,0.,0.));
#1085=DIRECTION('ref_axis',(0.,1.,0.));
#1086=DIRECTION('',(1.,0.,0.));
#1087=DIRECTION('center_axis',(1.,0.,0.));
#1088=DIRECTION('ref_axis',(0.,1.,0.));
#1089=DIRECTION('',(1.,0.,0.));
#1090=DIRECTION('center_axis',(-2.22044604925031E-16,1.,0.));
#1091=DIRECTION('ref_axis',(-1.,-2.22044604925031E-16,0.));
#1092=DIRECTION('',(-2.22044604925031E-16,1.,0.));
#1093=DIRECTION('center_axis',(-2.22044604925031E-16,1.,0.));
#1094=DIRECTION('ref_axis',(-1.,-2.22044604925031E-16,0.));
#1095=DIRECTION('',(-2.22044604925031E-16,1.,0.));
#1096=DIRECTION('center_axis',(1.,0.,0.));
#1097=DIRECTION('ref_axis',(0.,1.,0.));
#1098=DIRECTION('',(1.,0.,0.));
#1099=DIRECTION('center_axis',(1.,0.,0.));
#1100=DIRECTION('ref_axis',(0.,1.,0.));
#1101=DIRECTION('',(1.,0.,0.));
#1102=DIRECTION('center_axis',(0.,0.,1.));
#1103=DIRECTION('ref_axis',(1.,0.,0.));
#1104=DIRECTION('center_axis',(0.,0.,-1.));
#1105=DIRECTION('ref_axis',(1.,0.,0.));
#1106=DIRECTION('',(0.,0.,-1.));
#1107=DIRECTION('',(0.,0.,-1.));
#1108=DIRECTION('',(0.,0.,-1.));
#1109=DIRECTION('center_axis',(0.,0.,-1.));
#1110=DIRECTION('ref_axis',(1.,0.,0.));
#1111=DIRECTION('center_axis',(0.,0.,1.));
#1112=DIRECTION('ref_axis',(1.,0.,0.));
#1113=DIRECTION('center_axis',(0.,0.,1.));
#1114=DIRECTION('ref_axis',(1.,0.,0.));
#1115=DIRECTION('',(0.,0.,-1.));
#1116=DIRECTION('',(0.,0.,-1.));
#1117=DIRECTION('',(0.,0.,-1.));
#1118=DIRECTION('center_axis',(0.,0.,1.));
#1119=DIRECTION('ref_axis',(1.,0.,0.));
#1120=DIRECTION('center_axis',(0.,0.,1.));
#1121=DIRECTION('ref_axis',(1.,0.,0.));
#1122=DIRECTION('center_axis',(0.,0.,1.));
#1123=DIRECTION('ref_axis',(1.,0.,0.));
#1124=DIRECTION('center_axis',(0.,0.,-1.));
#1125=DIRECTION('ref_axis',(1.,0.,0.));
#1126=DIRECTION('center_axis',(0.,0.,-1.));
#1127=DIRECTION('ref_axis',(1.,0.,0.));
#1128=DIRECTION('',(-0.219512195121951,-2.68824907129907E-17,-0.975609756097561));
#1129=DIRECTION('center_axis',(0.,0.,1.));
#1130=DIRECTION('ref_axis',(1.,0.,0.));
#1131=DIRECTION('center_axis',(0.,0.,1.));
#1132=DIRECTION('ref_axis',(1.,0.,0.));
#1133=DIRECTION('center_axis',(0.,0.,-1.));
#1134=DIRECTION('ref_axis',(1.,0.,0.));
#1135=DIRECTION('center_axis',(0.,0.,1.));
#1136=DIRECTION('ref_axis',(1.,0.,0.));
#1137=DIRECTION('',(0.,0.,-1.));
#1138=DIRECTION('center_axis',(0.,0.,-1.));
#1139=DIRECTION('ref_axis',(1.,0.,0.));
#1140=DIRECTION('center_axis',(0.,0.,1.));
#1141=DIRECTION('ref_axis',(1.,0.,0.));
#1142=DIRECTION('center_axis',(-2.22044604925031E-16,-1.,0.));
#1143=DIRECTION('ref_axis',(1.,-2.22044604925031E-16,0.));
#1144=DIRECTION('',(0.,0.,-1.));
#1145=DIRECTION('',(0.,0.,1.));
#1146=DIRECTION('',(-1.,2.22044604925031E-16,0.));
#1147=DIRECTION('center_axis',(-0.707106781186548,-0.707106781186548,0.));
#1148=DIRECTION('ref_axis',(0.707106781186548,-0.707106781186548,0.));
#1149=DIRECTION('',(0.,0.,-1.));
#1150=DIRECTION('',(0.,0.,1.));
#1151=DIRECTION('',(-0.707106781186548,0.707106781186548,0.));
#1152=DIRECTION('center_axis',(-1.,1.23832568131267E-16,0.));
#1153=DIRECTION('ref_axis',(-1.23832568131267E-16,-1.,0.));
#1154=DIRECTION('',(0.,0.,-1.));
#1155=DIRECTION('',(0.,0.,1.));
#1156=DIRECTION('',(1.23832568131267E-16,1.,0.));
#1157=DIRECTION('center_axis',(0.,0.,1.));
#1158=DIRECTION('ref_axis',(1.,0.,0.));
#1159=DIRECTION('',(0.,0.,-1.));
#1160=DIRECTION('center_axis',(0.,0.,-1.));
#1161=DIRECTION('ref_axis',(1.,0.,0.));
#1162=DIRECTION('center_axis',(0.,0.,1.));
#1163=DIRECTION('ref_axis',(1.,0.,0.));
#1164=DIRECTION('center_axis',(0.,0.,-1.));
#1165=DIRECTION('ref_axis',(0.707106781186548,0.707106781186547,0.));
#1166=DIRECTION('',(0.,1.,0.));
#1167=DIRECTION('center_axis',(0.,0.,1.));
#1168=DIRECTION('ref_axis',(1.,0.,0.));
#1169=DIRECTION('',(-0.707106781186548,-0.707106781186547,0.));
#1170=DIRECTION('center_axis',(0.,0.,1.));
#1171=DIRECTION('ref_axis',(1.,0.,0.));
#1172=DIRECTION('center_axis',(0.,0.,1.));
#1173=DIRECTION('ref_axis',(1.,0.,0.));
#1174=DIRECTION('',(0.,0.,-1.));
#1175=DIRECTION('center_axis',(0.,0.,1.));
#1176=DIRECTION('ref_axis',(1.,0.,0.));
#1177=DIRECTION('',(0.,0.,1.));
#1178=DIRECTION('center_axis',(0.,0.,1.));
#1179=DIRECTION('ref_axis',(1.,0.,0.));
#1180=DIRECTION('',(0.,0.,1.));
#1181=DIRECTION('center_axis',(0.,0.,1.));
#1182=DIRECTION('ref_axis',(1.,0.,0.));
#1183=DIRECTION('',(0.,0.,1.));
#1184=DIRECTION('center_axis',(0.,0.,1.));
#1185=DIRECTION('ref_axis',(1.,0.,0.));
#1186=DIRECTION('center_axis',(0.,0.,1.));
#1187=DIRECTION('ref_axis',(1.,0.,0.));
#1188=DIRECTION('center_axis',(0.,0.,-1.));
#1189=DIRECTION('ref_axis',(0.707106781186548,0.707106781186547,0.));
#1190=DIRECTION('',(-0.707106781186548,-0.707106781186547,0.));
#1191=DIRECTION('center_axis',(0.,0.,1.));
#1192=DIRECTION('ref_axis',(1.,0.,0.));
#1193=DIRECTION('',(1.,2.22044604925031E-16,0.));
#1194=DIRECTION('center_axis',(0.,0.,1.));
#1195=DIRECTION('ref_axis',(1.,0.,0.));
#1196=DIRECTION('center_axis',(0.,0.,-1.));
#1197=DIRECTION('ref_axis',(0.707106781186548,0.707106781186547,0.));
#1198=DIRECTION('',(-1.,-2.22044604925031E-16,0.));
#1199=DIRECTION('center_axis',(0.,0.,1.));
#1200=DIRECTION('ref_axis',(1.,0.,0.));
#1201=DIRECTION('',(0.707106781186548,-0.707106781186547,0.));
#1202=DIRECTION('center_axis',(0.,0.,1.));
#1203=DIRECTION('ref_axis',(1.,0.,0.));
#1204=DIRECTION('center_axis',(0.,0.,-1.));
#1205=DIRECTION('ref_axis',(0.707106781186548,0.707106781186547,0.));
#1206=DIRECTION('',(-0.707106781186548,0.707106781186547,0.));
#1207=DIRECTION('center_axis',(0.,0.,1.));
#1208=DIRECTION('ref_axis',(1.,0.,0.));
#1209=DIRECTION('',(0.,-1.,0.));
#1210=DIRECTION('center_axis',(2.74766180269661E-16,-2.74766180269661E-16,
-1.));
#1211=DIRECTION('ref_axis',(0.707106781186548,0.707106781186547,0.));
#1212=DIRECTION('',(0.661611393780247,0.661611393780247,0.352903283124879));
#1213=DIRECTION('',(0.661611393780247,0.661611393780247,-0.352903283124879));
#1214=DIRECTION('',(0.661611393780247,0.661611393780247,0.352903283124878));
#1215=DIRECTION('center_axis',(1.,-1.23832568131267E-16,0.));
#1216=DIRECTION('ref_axis',(1.23832568131267E-16,1.,0.));
#1217=DIRECTION('',(0.,0.,1.));
#1218=DIRECTION('',(-1.23832568131267E-16,-1.,0.));
#1219=DIRECTION('center_axis',(0.,0.,1.));
#1220=DIRECTION('ref_axis',(1.,0.,0.));
#1221=DIRECTION('',(0.,0.,-1.));
#1222=DIRECTION('',(0.,0.,1.));
#1223=DIRECTION('center_axis',(0.707106781186547,0.707106781186548,0.));
#1224=DIRECTION('ref_axis',(-0.707106781186548,0.707106781186547,0.));
#1225=DIRECTION('',(0.,0.,-1.));
#1226=DIRECTION('center_axis',(1.,0.,0.));
#1227=DIRECTION('ref_axis',(0.,1.,0.));
#1228=DIRECTION('center_axis',(0.,0.,1.));
#1229=DIRECTION('ref_axis',(1.,0.,0.));
#1230=DIRECTION('',(0.,0.,-1.));
#1231=DIRECTION('',(0.,0.,1.));
#1232=DIRECTION('center_axis',(-2.22044604925031E-16,1.,0.));
#1233=DIRECTION('ref_axis',(-1.,-2.22044604925031E-16,0.));
#1234=DIRECTION('',(0.,0.,-1.));
#1235=DIRECTION('center_axis',(0.707106781186547,-0.707106781186548,0.));
#1236=DIRECTION('ref_axis',(0.707106781186548,0.707106781186547,0.));
#1237=DIRECTION('center_axis',(-0.707106781186547,0.707106781186548,0.));
#1238=DIRECTION('ref_axis',(-0.707106781186548,-0.707106781186547,0.));
#1239=DIRECTION('',(0.,0.,1.));
#1240=DIRECTION('',(0.707106781186548,0.707106781186547,0.));
#1241=DIRECTION('center_axis',(-1.,0.,0.));
#1242=DIRECTION('ref_axis',(0.,-1.,0.));
#1243=DIRECTION('center_axis',(0.,0.,1.));
#1244=DIRECTION('ref_axis',(1.,0.,0.));
#1245=DIRECTION('',(0.707106781186548,-0.707106781186548,0.));
#1246=DIRECTION('center_axis',(0.,0.,1.));
#1247=DIRECTION('ref_axis',(1.,0.,0.));
#1248=DIRECTION('center_axis',(0.,0.,1.));
#1249=DIRECTION('ref_axis',(1.,0.,0.));
#1250=DIRECTION('center_axis',(0.,0.,1.));
#1251=DIRECTION('ref_axis',(1.,0.,0.));
#1252=DIRECTION('',(0.707106781186548,0.707106781186547,0.));
#1253=DIRECTION('center_axis',(0.,0.,1.));
#1254=DIRECTION('ref_axis',(1.,0.,0.));
#1255=DIRECTION('',(0.,0.,1.));
#1256=DIRECTION('center_axis',(0.,0.,1.));
#1257=DIRECTION('ref_axis',(1.,0.,0.));
#1258=DIRECTION('',(0.,0.,-1.));
#1259=DIRECTION('center_axis',(0.707106781186547,-0.707106781186548,0.));
#1260=DIRECTION('ref_axis',(0.707106781186548,0.707106781186547,0.));
#1261=DIRECTION('',(0.,0.,1.));
#1262=DIRECTION('center_axis',(-0.707106781186547,0.707106781186548,0.));
#1263=DIRECTION('ref_axis',(-0.707106781186548,-0.707106781186547,0.));
#1264=DIRECTION('center_axis',(0.707106781186548,0.707106781186548,0.));
#1265=DIRECTION('ref_axis',(-0.707106781186548,0.707106781186548,0.));
#1266=DIRECTION('center_axis',(0.,0.,1.));
#1267=DIRECTION('ref_axis',(1.,0.,0.));
#1268=DIRECTION('center_axis',(0.,0.,1.));
#1269=DIRECTION('ref_axis',(1.,0.,0.));
#1270=DIRECTION('',(0.,0.,1.));
#1271=DIRECTION('center_axis',(0.,0.,1.));
#1272=DIRECTION('ref_axis',(1.,0.,0.));
#1273=DIRECTION('',(1.,-2.22044604925031E-16,0.));
#1274=DIRECTION('center_axis',(-0.707106781186547,-0.707106781186548,0.));
#1275=DIRECTION('ref_axis',(0.707106781186548,-0.707106781186547,0.));
#1276=DIRECTION('center_axis',(0.,0.,1.));
#1277=DIRECTION('ref_axis',(1.,0.,0.));
#1278=DIRECTION('',(0.,0.,1.));
#1279=DIRECTION('center_axis',(2.22044604925031E-16,-1.,0.));
#1280=DIRECTION('ref_axis',(1.,2.22044604925031E-16,0.));
#1281=DIRECTION('center_axis',(0.,0.,1.));
#1282=DIRECTION('ref_axis',(1.,0.,0.));
#1283=DIRECTION('center_axis',(0.,0.,1.));
#1284=DIRECTION('ref_axis',(1.,0.,0.));
#1285=DIRECTION('center_axis',(0.,0.,1.));
#1286=DIRECTION('ref_axis',(1.,0.,0.));
#1287=DIRECTION('center_axis',(0.,0.,1.));
#1288=DIRECTION('ref_axis',(1.,0.,0.));
#1289=DIRECTION('center_axis',(2.22044604925031E-16,1.,0.));
#1290=DIRECTION('ref_axis',(-1.,2.22044604925031E-16,0.));
#1291=DIRECTION('center_axis',(0.,0.,1.));
#1292=DIRECTION('ref_axis',(1.,0.,0.));
#1293=CARTESIAN_POINT('',(0.,0.,0.));
#1294=CARTESIAN_POINT('Origin',(0.,-9.32020669245828E-16,60.));
#1295=CARTESIAN_POINT('',(-12.023414656411,0.8,60.));
#1296=CARTESIAN_POINT('',(-12.05,-1.51847526067584E-15,60.8));
#1297=CARTESIAN_POINT('Ctrl Pts',(-12.023414656411,0.8,60.));
#1298=CARTESIAN_POINT('Ctrl Pts',(-12.023414656411,0.8,60.10048152505));
#1299=CARTESIAN_POINT('Ctrl Pts',(-12.0248039175875,0.77991269138678,60.2076404107379));
#1300=CARTESIAN_POINT('Ctrl Pts',(-12.0298214960876,0.698260575784248,60.4047351212855));
#1301=CARTESIAN_POINT('Ctrl Pts',(-12.0333773425172,0.636697392724681,60.4946734571738));
#1302=CARTESIAN_POINT('Ctrl Pts',(-12.0400519913833,0.494673503885344,60.6366973460131));
#1303=CARTESIAN_POINT('Ctrl Pts',(-12.0436044157496,0.404735147122042,60.6982605648773));
#1304=CARTESIAN_POINT('Ctrl Pts',(-12.0486141667676,0.207640368562911,60.7799127090624));
#1305=CARTESIAN_POINT('Ctrl Pts',(-12.05,0.100481458953454,60.8));
#1306=CARTESIAN_POINT('Ctrl Pts',(-12.05,-3.64291929955129E-16,60.8));
#1307=CARTESIAN_POINT('',(-12.05,-1.67460037351376E-15,59.2));
#1308=CARTESIAN_POINT('Ctrl Pts',(-12.05,-1.87350135405495E-15,59.2));
#1309=CARTESIAN_POINT('Ctrl Pts',(-12.05,0.100481458953451,59.2));
#1310=CARTESIAN_POINT('Ctrl Pts',(-12.0486141667676,0.207640368562904,59.2200872909376));
#1311=CARTESIAN_POINT('Ctrl Pts',(-12.0436044157496,0.404735147122036,59.3017394351227));
#1312=CARTESIAN_POINT('Ctrl Pts',(-12.0400519913833,0.494673503885344,59.3633026539869));
#1313=CARTESIAN_POINT('Ctrl Pts',(-12.0333773425172,0.636697392724682,59.5053265428262));
#1314=CARTESIAN_POINT('Ctrl Pts',(-12.0298214960876,0.698260575784245,59.5952648787145));
#1315=CARTESIAN_POINT('Ctrl Pts',(-12.0248039175875,0.779912691386776,59.7923595892621));
#1316=CARTESIAN_POINT('Ctrl Pts',(-12.023414656411,0.799999999999999,59.89951847495));
#1317=CARTESIAN_POINT('Ctrl Pts',(-12.023414656411,0.799999999999999,60.));
#1318=CARTESIAN_POINT('',(-12.023414656411,-0.8,60.));
#1319=CARTESIAN_POINT('Ctrl Pts',(-12.023414656411,-0.8,60.));
#1320=CARTESIAN_POINT('Ctrl Pts',(-12.023414656411,-0.800000000000001,59.89951847495));
#1321=CARTESIAN_POINT('Ctrl Pts',(-12.0248039175875,-0.779912691386778,
59.7923595892621));
#1322=CARTESIAN_POINT('Ctrl Pts',(-12.0298214960876,-0.698260575784247,
59.5952648787145));
#1323=CARTESIAN_POINT('Ctrl Pts',(-12.0333773425172,-0.636697392724684,
59.5053265428262));
#1324=CARTESIAN_POINT('Ctrl Pts',(-12.0400519913833,-0.494673503885346,
59.3633026539869));
#1325=CARTESIAN_POINT('Ctrl Pts',(-12.0436044157496,-0.404735147122038,
59.3017394351227));
#1326=CARTESIAN_POINT('Ctrl Pts',(-12.0486141667676,-0.207640368562906,
59.2200872909376));
#1327=CARTESIAN_POINT('Ctrl Pts',(-12.05,-0.100481458953453,59.2));
#1328=CARTESIAN_POINT('Ctrl Pts',(-12.05,-2.60208521396521E-16,59.2));
#1329=CARTESIAN_POINT('',(-10.8204667182151,-0.800000000000002,60.));
#1330=CARTESIAN_POINT('',(0.,-0.800000000000002,60.));
#1331=CARTESIAN_POINT('',(-10.85,-9.80957922903207E-16,59.2));
#1332=CARTESIAN_POINT('Ctrl Pts',(-10.85,-1.16226472890446E-15,59.2));
#1333=CARTESIAN_POINT('Ctrl Pts',(-10.85,-0.100488862213502,59.2));
#1334=CARTESIAN_POINT('Ctrl Pts',(-10.8484607296778,-0.207650970663446,
59.2200901849899));
#1335=CARTESIAN_POINT('Ctrl Pts',(-10.8428963679333,-0.404743725520423,
59.301744487286));
#1336=CARTESIAN_POINT('Ctrl Pts',(-10.8389505999916,-0.494677438583215,
59.3633065886847));
#1337=CARTESIAN_POINT('Ctrl Pts',(-10.8315362390034,-0.636693482444466,
59.505322632546));
#1338=CARTESIAN_POINT('Ctrl Pts',(-10.827585780737,-0.69825552897867,59.5952563140057));
#1339=CARTESIAN_POINT('Ctrl Pts',(-10.8220106888119,-0.779909788466287,
59.792348964999));
#1340=CARTESIAN_POINT('Ctrl Pts',(-10.8204667182151,-0.800000000000002,
59.8995110371261));
#1341=CARTESIAN_POINT('Ctrl Pts',(-10.8204667182151,-0.800000000000001,
60.));
#1342=CARTESIAN_POINT('',(-10.8204667182151,0.8,60.));
#1343=CARTESIAN_POINT('Ctrl Pts',(-10.8204667182151,0.8,60.));
#1344=CARTESIAN_POINT('Ctrl Pts',(-10.8204667182151,0.8,59.8995110371261));
#1345=CARTESIAN_POINT('Ctrl Pts',(-10.8220106888119,0.779909788466285,59.792348964999));
#1346=CARTESIAN_POINT('Ctrl Pts',(-10.827585780737,0.698255528978668,59.5952563140057));
#1347=CARTESIAN_POINT('Ctrl Pts',(-10.8315362390034,0.636693482444464,59.505322632546));
#1348=CARTESIAN_POINT('Ctrl Pts',(-10.8389505999916,0.494677438583213,59.3633065886847));
#1349=CARTESIAN_POINT('Ctrl Pts',(-10.8428963679333,0.404743725520421,59.301744487286));
#1350=CARTESIAN_POINT('Ctrl Pts',(-10.8484607296778,0.207650970663444,59.2200901849899));
#1351=CARTESIAN_POINT('Ctrl Pts',(-10.85,0.1004888622135,59.2));
#1352=CARTESIAN_POINT('Ctrl Pts',(-10.85,-1.21430643318376E-16,59.2));
#1353=CARTESIAN_POINT('',(-10.85,-9.76621114213265E-16,60.8));
#1354=CARTESIAN_POINT('Ctrl Pts',(-10.85,-5.63785129692462E-16,60.8));
#1355=CARTESIAN_POINT('Ctrl Pts',(-10.85,0.1004888622135,60.8));
#1356=CARTESIAN_POINT('Ctrl Pts',(-10.8484607296778,0.207650970663447,60.7799098150101));
#1357=CARTESIAN_POINT('Ctrl Pts',(-10.8428963679333,0.404743725520422,60.698255512714));
#1358=CARTESIAN_POINT('Ctrl Pts',(-10.8389505999916,0.494677438583215,60.6366934113153));
#1359=CARTESIAN_POINT('Ctrl Pts',(-10.8315362390034,0.636693482444465,60.494677367454));
#1360=CARTESIAN_POINT('Ctrl Pts',(-10.827585780737,0.698255528978668,60.4047436859943));
#1361=CARTESIAN_POINT('Ctrl Pts',(-10.8220106888119,0.779909788466285,60.207651035001));
#1362=CARTESIAN_POINT('Ctrl Pts',(-10.8204667182151,0.799999999999999,60.1004889628739));
#1363=CARTESIAN_POINT('Ctrl Pts',(-10.8204667182151,0.799999999999999,60.));
#1364=CARTESIAN_POINT('Ctrl Pts',(-10.8204667182151,-0.800000000000001,
60.));
#1365=CARTESIAN_POINT('Ctrl Pts',(-10.8204667182151,-0.800000000000002,
60.1004889628739));
#1366=CARTESIAN_POINT('Ctrl Pts',(-10.8220106888119,-0.779909788466287,
60.207651035001));
#1367=CARTESIAN_POINT('Ctrl Pts',(-10.827585780737,-0.69825552897867,60.4047436859943));
#1368=CARTESIAN_POINT('Ctrl Pts',(-10.8315362390034,-0.636693482444467,
60.494677367454));
#1369=CARTESIAN_POINT('Ctrl Pts',(-10.8389505999916,-0.494677438583217,
60.6366934113153));
#1370=CARTESIAN_POINT('Ctrl Pts',(-10.8428963679333,-0.404743725520424,
60.698255512714));
#1371=CARTESIAN_POINT('Ctrl Pts',(-10.8484607296778,-0.207650970663449,
60.7799098150101));
#1372=CARTESIAN_POINT('Ctrl Pts',(-10.85,-0.100488862213502,60.8));
#1373=CARTESIAN_POINT('Ctrl Pts',(-10.85,-1.60461921527855E-15,60.8));
#1374=CARTESIAN_POINT('Ctrl Pts',(-12.05,-1.56125112837913E-15,60.8));
#1375=CARTESIAN_POINT('Ctrl Pts',(-12.05,-0.100481458953455,60.8));
#1376=CARTESIAN_POINT('Ctrl Pts',(-12.0486141667676,-0.207640368562903,
60.7799127090624));
#1377=CARTESIAN_POINT('Ctrl Pts',(-12.0436044157496,-0.404735147122041,
60.6982605648773));
#1378=CARTESIAN_POINT('Ctrl Pts',(-12.0400519913833,-0.494673503885346,
60.6366973460131));
#1379=CARTESIAN_POINT('Ctrl Pts',(-12.0333773425172,-0.636697392724683,
60.4946734571738));
#1380=CARTESIAN_POINT('Ctrl Pts',(-12.0298214960876,-0.69826057578425,60.4047351212855));
#1381=CARTESIAN_POINT('Ctrl Pts',(-12.0248039175875,-0.779912691386781,
60.2076404107379));
#1382=CARTESIAN_POINT('Ctrl Pts',(-12.023414656411,-0.800000000000002,60.10048152505));
#1383=CARTESIAN_POINT('Ctrl Pts',(-12.023414656411,-0.800000000000002,60.));
#1384=CARTESIAN_POINT('Origin',(0.,-9.32020669245828E-16,60.));
#1385=CARTESIAN_POINT('',(10.8204667182151,0.799999999999999,60.));
#1386=CARTESIAN_POINT('',(10.8204667182151,-0.800000000000002,60.));
#1387=CARTESIAN_POINT('Ctrl Pts',(10.8204667182151,0.799999999999999,60.));
#1388=CARTESIAN_POINT('Ctrl Pts',(10.8204667182151,0.799999999999999,60.1004889628739));
#1389=CARTESIAN_POINT('Ctrl Pts',(10.8220106888119,0.779909788466285,60.207651035001));
#1390=CARTESIAN_POINT('Ctrl Pts',(10.827585780737,0.698255528978668,60.4047436859943));
#1391=CARTESIAN_POINT('Ctrl Pts',(10.8315362390034,0.636693482444465,60.494677367454));
#1392=CARTESIAN_POINT('Ctrl Pts',(10.8389505999916,0.494677438583215,60.6366934113153));
#1393=CARTESIAN_POINT('Ctrl Pts',(10.8428963679333,0.404743725520422,60.698255512714));
#1394=CARTESIAN_POINT('Ctrl Pts',(10.8484607296778,0.207650970663447,60.7799098150101));
#1395=CARTESIAN_POINT('Ctrl Pts',(10.85,0.100488862213499,60.8));
#1396=CARTESIAN_POINT('Ctrl Pts',(10.85,-0.100488862213501,60.8));
#1397=CARTESIAN_POINT('Ctrl Pts',(10.8484607296778,-0.207650970663449,60.7799098150101));
#1398=CARTESIAN_POINT('Ctrl Pts',(10.8428963679333,-0.404743725520424,60.698255512714));
#1399=CARTESIAN_POINT('Ctrl Pts',(10.8389505999916,-0.494677438583217,60.6366934113153));
#1400=CARTESIAN_POINT('Ctrl Pts',(10.8315362390034,-0.636693482444467,60.494677367454));
#1401=CARTESIAN_POINT('Ctrl Pts',(10.827585780737,-0.69825552897867,60.4047436859943));
#1402=CARTESIAN_POINT('Ctrl Pts',(10.8220106888119,-0.779909788466287,60.207651035001));
#1403=CARTESIAN_POINT('Ctrl Pts',(10.8204667182151,-0.800000000000002,60.1004889628739));
#1404=CARTESIAN_POINT('Ctrl Pts',(10.8204667182151,-0.800000000000002,60.));
#1405=CARTESIAN_POINT('Ctrl Pts',(10.8204667182151,-0.800000000000001,60.));
#1406=CARTESIAN_POINT('Ctrl Pts',(10.8204667182151,-0.800000000000001,59.8995110371261));
#1407=CARTESIAN_POINT('Ctrl Pts',(10.8220106888119,-0.779909788466287,59.792348964999));
#1408=CARTESIAN_POINT('Ctrl Pts',(10.827585780737,-0.69825552897867,59.5952563140057));
#1409=CARTESIAN_POINT('Ctrl Pts',(10.8315362390034,-0.636693482444466,59.505322632546));
#1410=CARTESIAN_POINT('Ctrl Pts',(10.8389505999916,-0.494677438583215,59.3633065886847));
#1411=CARTESIAN_POINT('Ctrl Pts',(10.8428963679333,-0.404743725520423,59.301744487286));
#1412=CARTESIAN_POINT('Ctrl Pts',(10.8484607296778,-0.207650970663446,59.2200901849899));
#1413=CARTESIAN_POINT('Ctrl Pts',(10.85,-0.100488862213501,59.2));
#1414=CARTESIAN_POINT('Ctrl Pts',(10.85,0.100488862213499,59.2));
#1415=CARTESIAN_POINT('Ctrl Pts',(10.8484607296778,0.207650970663444,59.2200901849899));
#1416=CARTESIAN_POINT('Ctrl Pts',(10.8428963679333,0.404743725520421,59.301744487286));
#1417=CARTESIAN_POINT('Ctrl Pts',(10.8389505999916,0.494677438583213,59.3633065886847));
#1418=CARTESIAN_POINT('Ctrl Pts',(10.8315362390034,0.636693482444464,59.505322632546));
#1419=CARTESIAN_POINT('Ctrl Pts',(10.827585780737,0.698255528978668,59.5952563140057));
#1420=CARTESIAN_POINT('Ctrl Pts',(10.8220106888119,0.779909788466285,59.792348964999));
#1421=CARTESIAN_POINT('Ctrl Pts',(10.8204667182151,0.799999999999999,59.8995110371261));
#1422=CARTESIAN_POINT('Ctrl Pts',(10.8204667182151,0.799999999999999,60.));
#1423=CARTESIAN_POINT('',(12.023414656411,-0.800000000000001,60.));
#1424=CARTESIAN_POINT('',(0.,-0.800000000000002,60.));
#1425=CARTESIAN_POINT('',(12.023414656411,0.8,60.));
#1426=CARTESIAN_POINT('Ctrl Pts',(12.023414656411,0.8,60.));
#1427=CARTESIAN_POINT('Ctrl Pts',(12.023414656411,0.8,59.89951847495));
#1428=CARTESIAN_POINT('Ctrl Pts',(12.0248039175875,0.779912691386776,59.7923595892621));
#1429=CARTESIAN_POINT('Ctrl Pts',(12.0298214960876,0.698260575784245,59.5952648787145));
#1430=CARTESIAN_POINT('Ctrl Pts',(12.0333773425172,0.636697392724682,59.5053265428262));
#1431=CARTESIAN_POINT('Ctrl Pts',(12.0400519913833,0.494673503885344,59.3633026539869));
#1432=CARTESIAN_POINT('Ctrl Pts',(12.0436044157496,0.404735147122036,59.3017394351227));
#1433=CARTESIAN_POINT('Ctrl Pts',(12.0486141667676,0.207640368562904,59.2200872909376));
#1434=CARTESIAN_POINT('Ctrl Pts',(12.05,0.100481458953452,59.2));
#1435=CARTESIAN_POINT('Ctrl Pts',(12.05,-0.100481458953454,59.2));
#1436=CARTESIAN_POINT('Ctrl Pts',(12.0486141667676,-0.207640368562906,59.2200872909376));
#1437=CARTESIAN_POINT('Ctrl Pts',(12.0436044157496,-0.404735147122038,59.3017394351227));
#1438=CARTESIAN_POINT('Ctrl Pts',(12.0400519913833,-0.494673503885346,59.3633026539869));
#1439=CARTESIAN_POINT('Ctrl Pts',(12.0333773425172,-0.636697392724684,59.5053265428262));
#1440=CARTESIAN_POINT('Ctrl Pts',(12.0298214960876,-0.698260575784247,59.5952648787145));
#1441=CARTESIAN_POINT('Ctrl Pts',(12.0248039175875,-0.779912691386778,59.7923595892621));
#1442=CARTESIAN_POINT('Ctrl Pts',(12.023414656411,-0.800000000000001,59.89951847495));
#1443=CARTESIAN_POINT('Ctrl Pts',(12.023414656411,-0.800000000000001,60.));
#1444=CARTESIAN_POINT('Ctrl Pts',(12.023414656411,-0.800000000000001,60.));
#1445=CARTESIAN_POINT('Ctrl Pts',(12.023414656411,-0.800000000000001,60.10048152505));
#1446=CARTESIAN_POINT('Ctrl Pts',(12.0248039175875,-0.779912691386781,60.2076404107379));
#1447=CARTESIAN_POINT('Ctrl Pts',(12.0298214960876,-0.69826057578425,60.4047351212855));
#1448=CARTESIAN_POINT('Ctrl Pts',(12.0333773425172,-0.636697392724683,60.4946734571738));
#1449=CARTESIAN_POINT('Ctrl Pts',(12.0400519913833,-0.494673503885345,60.6366973460131));
#1450=CARTESIAN_POINT('Ctrl Pts',(12.0436044157496,-0.404735147122041,60.6982605648773));
#1451=CARTESIAN_POINT('Ctrl Pts',(12.0486141667676,-0.207640368562903,60.7799127090624));
#1452=CARTESIAN_POINT('Ctrl Pts',(12.05,-0.100481458953455,60.8));
#1453=CARTESIAN_POINT('Ctrl Pts',(12.05,0.100481458953453,60.8));
#1454=CARTESIAN_POINT('Ctrl Pts',(12.0486141667676,0.207640368562901,60.7799127090624));
#1455=CARTESIAN_POINT('Ctrl Pts',(12.0436044157496,0.404735147122039,60.6982605648773));
#1456=CARTESIAN_POINT('Ctrl Pts',(12.0400519913833,0.494673503885344,60.6366973460131));
#1457=CARTESIAN_POINT('Ctrl Pts',(12.0333773425172,0.636697392724681,60.4946734571738));
#1458=CARTESIAN_POINT('Ctrl Pts',(12.0298214960876,0.698260575784248,60.4047351212855));
#1459=CARTESIAN_POINT('Ctrl Pts',(12.0248039175875,0.77991269138678,60.2076404107379));
#1460=CARTESIAN_POINT('Ctrl Pts',(12.023414656411,0.799999999999999,60.10048152505));
#1461=CARTESIAN_POINT('Ctrl Pts',(12.023414656411,0.799999999999999,60.));
#1462=CARTESIAN_POINT('Origin',(5.43678723726733E-16,1.20720927416048E-31,
35.));
#1463=CARTESIAN_POINT('',(-0.799999999999998,-12.023414656411,35.));
#1464=CARTESIAN_POINT('',(0.800000000000004,-12.023414656411,35.));
#1465=CARTESIAN_POINT('Ctrl Pts',(-0.799999999999998,-12.023414656411,35.));
#1466=CARTESIAN_POINT('Ctrl Pts',(-0.799999999999998,-12.023414656411,35.10048152505));
#1467=CARTESIAN_POINT('Ctrl Pts',(-0.779912691386776,-12.0248039175875,
35.2076404107379));
#1468=CARTESIAN_POINT('Ctrl Pts',(-0.698260575784243,-12.0298214960876,
35.4047351212855));
#1469=CARTESIAN_POINT('Ctrl Pts',(-0.636697392724681,-12.0333773425172,
35.4946734571738));
#1470=CARTESIAN_POINT('Ctrl Pts',(-0.494673503885341,-12.0400519913833,
35.6366973460131));
#1471=CARTESIAN_POINT('Ctrl Pts',(-0.404735147122035,-12.0436044157496,
35.6982605648773));
#1472=CARTESIAN_POINT('Ctrl Pts',(-0.207640368562904,-12.0486141667676,
35.7799127090623));
#1473=CARTESIAN_POINT('Ctrl Pts',(-0.10048145895345,-12.05,35.8));
#1474=CARTESIAN_POINT('Ctrl Pts',(0.100481458953456,-12.05,35.8));
#1475=CARTESIAN_POINT('Ctrl Pts',(0.207640368562908,-12.0486141667676,35.7799127090624));
#1476=CARTESIAN_POINT('Ctrl Pts',(0.40473514712204,-12.0436044157496,35.6982605648774));
#1477=CARTESIAN_POINT('Ctrl Pts',(0.494673503885348,-12.0400519913833,35.6366973460131));
#1478=CARTESIAN_POINT('Ctrl Pts',(0.636697392724687,-12.0333773425172,35.4946734571738));
#1479=CARTESIAN_POINT('Ctrl Pts',(0.69826057578425,-12.0298214960876,35.4047351212855));
#1480=CARTESIAN_POINT('Ctrl Pts',(0.779912691386783,-12.0248039175875,35.2076404107379));
#1481=CARTESIAN_POINT('Ctrl Pts',(0.800000000000005,-12.023414656411,35.10048152505));
#1482=CARTESIAN_POINT('Ctrl Pts',(0.800000000000005,-12.023414656411,35.));
#1483=CARTESIAN_POINT('Ctrl Pts',(0.800000000000004,-12.023414656411,35.));
#1484=CARTESIAN_POINT('Ctrl Pts',(0.800000000000004,-12.023414656411,34.89951847495));
#1485=CARTESIAN_POINT('Ctrl Pts',(0.779912691386783,-12.0248039175875,34.7923595892621));
#1486=CARTESIAN_POINT('Ctrl Pts',(0.69826057578425,-12.0298214960876,34.5952648787145));
#1487=CARTESIAN_POINT('Ctrl Pts',(0.636697392724687,-12.0333773425172,34.5053265428262));
#1488=CARTESIAN_POINT('Ctrl Pts',(0.494673503885349,-12.0400519913833,34.3633026539869));
#1489=CARTESIAN_POINT('Ctrl Pts',(0.404735147122043,-12.0436044157496,34.3017394351227));
#1490=CARTESIAN_POINT('Ctrl Pts',(0.20764036856291,-12.0486141667676,34.2200872909377));
#1491=CARTESIAN_POINT('Ctrl Pts',(0.100481458953457,-12.05,34.2));
#1492=CARTESIAN_POINT('Ctrl Pts',(-0.10048145895345,-12.05,34.2));
#1493=CARTESIAN_POINT('Ctrl Pts',(-0.207640368562902,-12.0486141667676,
34.2200872909376));
#1494=CARTESIAN_POINT('Ctrl Pts',(-0.404735147122036,-12.0436044157496,
34.3017394351226));
#1495=CARTESIAN_POINT('Ctrl Pts',(-0.494673503885342,-12.0400519913833,
34.3633026539869));
#1496=CARTESIAN_POINT('Ctrl Pts',(-0.636697392724681,-12.0333773425172,
34.5053265428262));
#1497=CARTESIAN_POINT('Ctrl Pts',(-0.698260575784243,-12.0298214960876,
34.5952648787145));
#1498=CARTESIAN_POINT('Ctrl Pts',(-0.779912691386776,-12.0248039175875,
34.7923595892621));
#1499=CARTESIAN_POINT('Ctrl Pts',(-0.799999999999998,-12.023414656411,34.89951847495));
#1500=CARTESIAN_POINT('Ctrl Pts',(-0.799999999999998,-12.023414656411,35.));
#1501=CARTESIAN_POINT('',(0.800000000000004,-10.8204667182151,35.));
#1502=CARTESIAN_POINT('',(0.800000000000002,1.77635683940025E-16,35.));
#1503=CARTESIAN_POINT('',(-0.799999999999998,-10.8204667182151,35.));
#1504=CARTESIAN_POINT('Ctrl Pts',(-0.799999999999998,-10.8204667182151,
35.));
#1505=CARTESIAN_POINT('Ctrl Pts',(-0.799999999999998,-10.8204667182151,
34.8995110371261));
#1506=CARTESIAN_POINT('Ctrl Pts',(-0.779909788466286,-10.8220106888119,
34.792348964999));
#1507=CARTESIAN_POINT('Ctrl Pts',(-0.698255528978665,-10.827585780737,34.5952563140057));
#1508=CARTESIAN_POINT('Ctrl Pts',(-0.636693482444464,-10.8315362390034,
34.505322632546));
#1509=CARTESIAN_POINT('Ctrl Pts',(-0.494677438583213,-10.8389505999916,
34.3633065886847));
#1510=CARTESIAN_POINT('Ctrl Pts',(-0.404743725520418,-10.8428963679333,
34.301744487286));
#1511=CARTESIAN_POINT('Ctrl Pts',(-0.207650970663445,-10.8484607296778,
34.2200901849899));
#1512=CARTESIAN_POINT('Ctrl Pts',(-0.100488862213497,-10.85,34.2));
#1513=CARTESIAN_POINT('Ctrl Pts',(0.100488862213503,-10.85,34.2));
#1514=CARTESIAN_POINT('Ctrl Pts',(0.207650970663451,-10.8484607296778,34.2200901849899));
#1515=CARTESIAN_POINT('Ctrl Pts',(0.404743725520424,-10.8428963679333,34.301744487286));
#1516=CARTESIAN_POINT('Ctrl Pts',(0.494677438583219,-10.8389505999916,34.3633065886847));
#1517=CARTESIAN_POINT('Ctrl Pts',(0.63669348244447,-10.8315362390034,34.505322632546));
#1518=CARTESIAN_POINT('Ctrl Pts',(0.698255528978671,-10.827585780737,34.5952563140057));
#1519=CARTESIAN_POINT('Ctrl Pts',(0.779909788466291,-10.8220106888119,34.792348964999));
#1520=CARTESIAN_POINT('Ctrl Pts',(0.800000000000004,-10.8204667182151,34.8995110371261));
#1521=CARTESIAN_POINT('Ctrl Pts',(0.800000000000004,-10.8204667182151,35.));
#1522=CARTESIAN_POINT('Ctrl Pts',(0.800000000000004,-10.8204667182151,35.));
#1523=CARTESIAN_POINT('Ctrl Pts',(0.800000000000004,-10.8204667182151,35.1004889628739));
#1524=CARTESIAN_POINT('Ctrl Pts',(0.779909788466291,-10.8220106888119,35.207651035001));
#1525=CARTESIAN_POINT('Ctrl Pts',(0.698255528978671,-10.827585780737,35.4047436859943));
#1526=CARTESIAN_POINT('Ctrl Pts',(0.63669348244447,-10.8315362390034,35.494677367454));
#1527=CARTESIAN_POINT('Ctrl Pts',(0.494677438583219,-10.8389505999916,35.6366934113153));
#1528=CARTESIAN_POINT('Ctrl Pts',(0.404743725520424,-10.8428963679333,35.698255512714));
#1529=CARTESIAN_POINT('Ctrl Pts',(0.207650970663451,-10.8484607296778,35.7799098150101));
#1530=CARTESIAN_POINT('Ctrl Pts',(0.100488862213503,-10.85,35.8));
#1531=CARTESIAN_POINT('Ctrl Pts',(-0.100488862213497,-10.85,35.8));
#1532=CARTESIAN_POINT('Ctrl Pts',(-0.207650970663445,-10.8484607296778,
35.7799098150101));
#1533=CARTESIAN_POINT('Ctrl Pts',(-0.404743725520418,-10.8428963679333,
35.698255512714));
#1534=CARTESIAN_POINT('Ctrl Pts',(-0.494677438583214,-10.8389505999916,
35.6366934113153));
#1535=CARTESIAN_POINT('Ctrl Pts',(-0.636693482444464,-10.8315362390034,
35.494677367454));
#1536=CARTESIAN_POINT('Ctrl Pts',(-0.698255528978665,-10.827585780737,35.4047436859943));
#1537=CARTESIAN_POINT('Ctrl Pts',(-0.779909788466286,-10.8220106888119,
35.207651035001));
#1538=CARTESIAN_POINT('Ctrl Pts',(-0.799999999999998,-10.8204667182151,
35.1004889628739));
#1539=CARTESIAN_POINT('Ctrl Pts',(-0.799999999999998,-10.8204667182151,
35.));
#1540=CARTESIAN_POINT('Origin',(5.43678723726733E-16,1.20720927416048E-31,
35.));
#1541=CARTESIAN_POINT('',(-0.800000000000003,10.8204667182151,35.));
#1542=CARTESIAN_POINT('',(0.799999999999999,10.8204667182151,35.));
#1543=CARTESIAN_POINT('Ctrl Pts',(-0.800000000000003,10.8204667182151,35.));
#1544=CARTESIAN_POINT('Ctrl Pts',(-0.800000000000003,10.8204667182151,35.1004889628739));
#1545=CARTESIAN_POINT('Ctrl Pts',(-0.77990978846629,10.8220106888119,35.207651035001));
#1546=CARTESIAN_POINT('Ctrl Pts',(-0.69825552897867,10.827585780737,35.4047436859943));
#1547=CARTESIAN_POINT('Ctrl Pts',(-0.636693482444469,10.8315362390034,35.494677367454));
#1548=CARTESIAN_POINT('Ctrl Pts',(-0.494677438583218,10.8389505999916,35.6366934113153));
#1549=CARTESIAN_POINT('Ctrl Pts',(-0.404743725520425,10.8428963679333,35.698255512714));
#1550=CARTESIAN_POINT('Ctrl Pts',(-0.20765097066345,10.8484607296778,35.7799098150101));
#1551=CARTESIAN_POINT('Ctrl Pts',(-0.100488862213502,10.85,35.8));
#1552=CARTESIAN_POINT('Ctrl Pts',(0.100488862213498,10.85,35.8));
#1553=CARTESIAN_POINT('Ctrl Pts',(0.207650970663446,10.8484607296778,35.7799098150101));
#1554=CARTESIAN_POINT('Ctrl Pts',(0.404743725520419,10.8428963679333,35.698255512714));
#1555=CARTESIAN_POINT('Ctrl Pts',(0.494677438583215,10.8389505999916,35.6366934113153));
#1556=CARTESIAN_POINT('Ctrl Pts',(0.636693482444465,10.8315362390034,35.494677367454));
#1557=CARTESIAN_POINT('Ctrl Pts',(0.698255528978666,10.827585780737,35.4047436859943));
#1558=CARTESIAN_POINT('Ctrl Pts',(0.779909788466287,10.8220106888119,35.207651035001));
#1559=CARTESIAN_POINT('Ctrl Pts',(0.8,10.8204667182151,35.1004889628739));
#1560=CARTESIAN_POINT('Ctrl Pts',(0.8,10.8204667182151,35.));
#1561=CARTESIAN_POINT('Ctrl Pts',(0.799999999999999,10.8204667182151,35.));
#1562=CARTESIAN_POINT('Ctrl Pts',(0.799999999999999,10.8204667182151,34.8995110371261));
#1563=CARTESIAN_POINT('Ctrl Pts',(0.779909788466287,10.8220106888119,34.792348964999));
#1564=CARTESIAN_POINT('Ctrl Pts',(0.698255528978666,10.827585780737,34.5952563140057));
#1565=CARTESIAN_POINT('Ctrl Pts',(0.636693482444465,10.8315362390034,34.505322632546));
#1566=CARTESIAN_POINT('Ctrl Pts',(0.494677438583214,10.8389505999916,34.3633065886847));
#1567=CARTESIAN_POINT('Ctrl Pts',(0.404743725520419,10.8428963679333,34.301744487286));
#1568=CARTESIAN_POINT('Ctrl Pts',(0.207650970663446,10.8484607296778,34.2200901849899));
#1569=CARTESIAN_POINT('Ctrl Pts',(0.100488862213498,10.85,34.2));
#1570=CARTESIAN_POINT('Ctrl Pts',(-0.100488862213502,10.85,34.2));
#1571=CARTESIAN_POINT('Ctrl Pts',(-0.20765097066345,10.8484607296778,34.2200901849899));
#1572=CARTESIAN_POINT('Ctrl Pts',(-0.404743725520423,10.8428963679333,34.301744487286));
#1573=CARTESIAN_POINT('Ctrl Pts',(-0.494677438583218,10.8389505999916,34.3633065886847));
#1574=CARTESIAN_POINT('Ctrl Pts',(-0.636693482444469,10.8315362390034,34.505322632546));
#1575=CARTESIAN_POINT('Ctrl Pts',(-0.69825552897867,10.827585780737,34.5952563140057));
#1576=CARTESIAN_POINT('Ctrl Pts',(-0.77990978846629,10.8220106888119,34.792348964999));
#1577=CARTESIAN_POINT('Ctrl Pts',(-0.800000000000003,10.8204667182151,34.8995110371261));
#1578=CARTESIAN_POINT('Ctrl Pts',(-0.800000000000003,10.8204667182151,35.));
#1579=CARTESIAN_POINT('',(0.799999999999999,12.023414656411,35.));
#1580=CARTESIAN_POINT('',(0.800000000000002,1.77635683940025E-16,35.));
#1581=CARTESIAN_POINT('',(-0.800000000000003,12.023414656411,35.));
#1582=CARTESIAN_POINT('Ctrl Pts',(-0.800000000000003,12.023414656411,35.));
#1583=CARTESIAN_POINT('Ctrl Pts',(-0.800000000000003,12.023414656411,34.89951847495));
#1584=CARTESIAN_POINT('Ctrl Pts',(-0.779912691386782,12.0248039175875,34.7923595892621));
#1585=CARTESIAN_POINT('Ctrl Pts',(-0.698260575784248,12.0298214960876,34.5952648787145));
#1586=CARTESIAN_POINT('Ctrl Pts',(-0.636697392724686,12.0333773425172,34.5053265428262));
#1587=CARTESIAN_POINT('Ctrl Pts',(-0.494673503885347,12.0400519913833,34.3633026539869));
#1588=CARTESIAN_POINT('Ctrl Pts',(-0.404735147122039,12.0436044157496,34.3017394351226));
#1589=CARTESIAN_POINT('Ctrl Pts',(-0.207640368562907,12.0486141667676,34.2200872909376));
#1590=CARTESIAN_POINT('Ctrl Pts',(-0.100481458953455,12.05,34.2));
#1591=CARTESIAN_POINT('Ctrl Pts',(0.100481458953451,12.05,34.2));
#1592=CARTESIAN_POINT('Ctrl Pts',(0.207640368562904,12.0486141667676,34.2200872909377));
#1593=CARTESIAN_POINT('Ctrl Pts',(0.404735147122037,12.0436044157496,34.3017394351227));
#1594=CARTESIAN_POINT('Ctrl Pts',(0.494673503885343,12.0400519913833,34.3633026539869));
#1595=CARTESIAN_POINT('Ctrl Pts',(0.636697392724682,12.0333773425172,34.5053265428262));
#1596=CARTESIAN_POINT('Ctrl Pts',(0.698260575784244,12.0298214960876,34.5952648787145));
#1597=CARTESIAN_POINT('Ctrl Pts',(0.779912691386777,12.0248039175875,34.7923595892621));
#1598=CARTESIAN_POINT('Ctrl Pts',(0.799999999999999,12.023414656411,34.89951847495));
#1599=CARTESIAN_POINT('Ctrl Pts',(0.799999999999999,12.023414656411,35.));
#1600=CARTESIAN_POINT('Ctrl Pts',(0.799999999999999,12.023414656411,35.));
#1601=CARTESIAN_POINT('Ctrl Pts',(0.799999999999999,12.023414656411,35.10048152505));
#1602=CARTESIAN_POINT('Ctrl Pts',(0.779912691386777,12.0248039175875,35.2076404107379));
#1603=CARTESIAN_POINT('Ctrl Pts',(0.698260575784244,12.0298214960876,35.4047351212855));
#1604=CARTESIAN_POINT('Ctrl Pts',(0.636697392724682,12.0333773425172,35.4946734571738));
#1605=CARTESIAN_POINT('Ctrl Pts',(0.494673503885342,12.0400519913833,35.6366973460131));
#1606=CARTESIAN_POINT('Ctrl Pts',(0.404735147122034,12.0436044157496,35.6982605648774));
#1607=CARTESIAN_POINT('Ctrl Pts',(0.207640368562903,12.0486141667676,35.7799127090624));
#1608=CARTESIAN_POINT('Ctrl Pts',(0.100481458953451,12.05,35.8));
#1609=CARTESIAN_POINT('Ctrl Pts',(-0.100481458953455,12.05,35.8));
#1610=CARTESIAN_POINT('Ctrl Pts',(-0.207640368562907,12.0486141667676,35.7799127090624));
#1611=CARTESIAN_POINT('Ctrl Pts',(-0.404735147122039,12.0436044157496,35.6982605648774));
#1612=CARTESIAN_POINT('Ctrl Pts',(-0.494673503885347,12.0400519913833,35.6366973460131));
#1613=CARTESIAN_POINT('Ctrl Pts',(-0.636697392724686,12.0333773425172,35.4946734571738));
#1614=CARTESIAN_POINT('Ctrl Pts',(-0.698260575784248,12.0298214960876,35.4047351212855));
#1615=CARTESIAN_POINT('Ctrl Pts',(-0.779912691386782,12.0248039175875,35.2076404107379));
#1616=CARTESIAN_POINT('Ctrl Pts',(-0.800000000000003,12.023414656411,35.10048152505));
#1617=CARTESIAN_POINT('Ctrl Pts',(-0.800000000000003,12.023414656411,35.));
#1618=CARTESIAN_POINT('Origin',(0.,-1.23566916693203E-15,10.));
#1619=CARTESIAN_POINT('',(-12.023414656411,0.799999999999999,10.));
#1620=CARTESIAN_POINT('',(-12.05,-1.27561397403909E-15,10.8));
#1621=CARTESIAN_POINT('Ctrl Pts',(-12.023414656411,0.799999999999999,10.));
#1622=CARTESIAN_POINT('Ctrl Pts',(-12.023414656411,0.799999999999999,10.10048152505));
#1623=CARTESIAN_POINT('Ctrl Pts',(-12.0248039175875,0.779912691386779,10.2076404107379));
#1624=CARTESIAN_POINT('Ctrl Pts',(-12.0298214960876,0.698260575784247,10.4047351212855));
#1625=CARTESIAN_POINT('Ctrl Pts',(-12.0333773425172,0.636697392724682,10.4946734571738));
#1626=CARTESIAN_POINT('Ctrl Pts',(-12.0400519913833,0.494673503885343,10.6366973460131));
#1627=CARTESIAN_POINT('Ctrl Pts',(-12.0436044157496,0.404735147122038,10.6982605648773));
#1628=CARTESIAN_POINT('Ctrl Pts',(-12.0486141667676,0.207640368562905,10.7799127090624));
#1629=CARTESIAN_POINT('Ctrl Pts',(-12.05,0.100481458953452,10.8));
#1630=CARTESIAN_POINT('Ctrl Pts',(-12.05,-1.14491749414469E-15,10.8));
#1631=CARTESIAN_POINT('',(-12.05,-1.47510717377642E-15,9.2));
#1632=CARTESIAN_POINT('Ctrl Pts',(-12.05,-1.45716771982052E-15,9.2));
#1633=CARTESIAN_POINT('Ctrl Pts',(-12.05,0.100481458953452,9.2));
#1634=CARTESIAN_POINT('Ctrl Pts',(-12.0486141667676,0.207640368562904,9.22008729093765));
#1635=CARTESIAN_POINT('Ctrl Pts',(-12.0436044157496,0.404735147122037,9.30173943512265));
#1636=CARTESIAN_POINT('Ctrl Pts',(-12.0400519913833,0.494673503885343,9.36330265398687));
#1637=CARTESIAN_POINT('Ctrl Pts',(-12.0333773425172,0.636697392724682,9.50532654282621));
#1638=CARTESIAN_POINT('Ctrl Pts',(-12.0298214960876,0.698260575784246,9.59526487871451));
#1639=CARTESIAN_POINT('Ctrl Pts',(-12.0248039175875,0.779912691386777,9.79235958926209));
#1640=CARTESIAN_POINT('Ctrl Pts',(-12.023414656411,0.799999999999999,9.89951847494997));
#1641=CARTESIAN_POINT('Ctrl Pts',(-12.023414656411,0.799999999999999,10.));
#1642=CARTESIAN_POINT('',(-12.023414656411,-0.800000000000002,10.));
#1643=CARTESIAN_POINT('Ctrl Pts',(-12.023414656411,-0.800000000000002,10.));
#1644=CARTESIAN_POINT('Ctrl Pts',(-12.023414656411,-0.800000000000002,9.89951847494997));
#1645=CARTESIAN_POINT('Ctrl Pts',(-12.0248039175875,-0.77991269138678,9.79235958926209));
#1646=CARTESIAN_POINT('Ctrl Pts',(-12.0298214960876,-0.698260575784248,
9.59526487871451));
#1647=CARTESIAN_POINT('Ctrl Pts',(-12.0333773425172,-0.636697392724684,
9.50532654282621));
#1648=CARTESIAN_POINT('Ctrl Pts',(-12.0400519913833,-0.494673503885346,
9.36330265398687));
#1649=CARTESIAN_POINT('Ctrl Pts',(-12.0436044157496,-0.40473514712204,9.30173943512265));
#1650=CARTESIAN_POINT('Ctrl Pts',(-12.0486141667676,-0.207640368562907,
9.22008729093765));
#1651=CARTESIAN_POINT('Ctrl Pts',(-12.05,-0.100481458953455,9.2));
#1652=CARTESIAN_POINT('Ctrl Pts',(-12.05,-1.33573707650214E-15,9.2));
#1653=CARTESIAN_POINT('',(-10.8204667182151,-0.800000000000002,10.));
#1654=CARTESIAN_POINT('',(0.,-0.800000000000002,10.));
#1655=CARTESIAN_POINT('',(-10.85,-1.24550325298967E-15,9.2));
#1656=CARTESIAN_POINT('Ctrl Pts',(-10.85,-1.16226472890446E-15,9.2));
#1657=CARTESIAN_POINT('Ctrl Pts',(-10.85,-0.100488862213501,9.2));
#1658=CARTESIAN_POINT('Ctrl Pts',(-10.8484607296778,-0.207650970663449,
9.22009018498988));
#1659=CARTESIAN_POINT('Ctrl Pts',(-10.8428963679333,-0.404743725520423,
9.30174448728596));
#1660=CARTESIAN_POINT('Ctrl Pts',(-10.8389505999916,-0.494677438583217,
9.36330658868474));
#1661=CARTESIAN_POINT('Ctrl Pts',(-10.8315362390034,-0.636693482444467,
9.50532263254599));
#1662=CARTESIAN_POINT('Ctrl Pts',(-10.827585780737,-0.698255528978669,9.59525631400573));
#1663=CARTESIAN_POINT('Ctrl Pts',(-10.8220106888119,-0.779909788466288,
9.79234896499901));
#1664=CARTESIAN_POINT('Ctrl Pts',(-10.8204667182151,-0.800000000000002,
9.89951103712609));
#1665=CARTESIAN_POINT('Ctrl Pts',(-10.8204667182151,-0.800000000000002,
10.));
#1666=CARTESIAN_POINT('',(-10.8204667182151,0.799999999999999,10.));
#1667=CARTESIAN_POINT('Ctrl Pts',(-10.8204667182151,0.799999999999999,10.));
#1668=CARTESIAN_POINT('Ctrl Pts',(-10.8204667182151,0.799999999999999,9.89951103712609));
#1669=CARTESIAN_POINT('Ctrl Pts',(-10.8220106888119,0.779909788466285,9.79234896499901));
#1670=CARTESIAN_POINT('Ctrl Pts',(-10.827585780737,0.698255528978667,9.59525631400573));
#1671=CARTESIAN_POINT('Ctrl Pts',(-10.8315362390034,0.636693482444465,9.50532263254599));
#1672=CARTESIAN_POINT('Ctrl Pts',(-10.8389505999916,0.494677438583215,9.36330658868474));
#1673=CARTESIAN_POINT('Ctrl Pts',(-10.8428963679333,0.40474372552042,9.30174448728596));
#1674=CARTESIAN_POINT('Ctrl Pts',(-10.8484607296778,0.207650970663446,9.22009018498988));
#1675=CARTESIAN_POINT('Ctrl Pts',(-10.85,0.100488862213499,9.2));
#1676=CARTESIAN_POINT('Ctrl Pts',(-10.85,-1.14491749414469E-15,9.2));
#1677=CARTESIAN_POINT('',(-10.85,-1.35826027892816E-15,10.8));
#1678=CARTESIAN_POINT('Ctrl Pts',(-10.85,-1.31838984174237E-15,10.8));
#1679=CARTESIAN_POINT('Ctrl Pts',(-10.85,0.100488862213499,10.8));
#1680=CARTESIAN_POINT('Ctrl Pts',(-10.8484607296778,0.207650970663447,10.7799098150101));
#1681=CARTESIAN_POINT('Ctrl Pts',(-10.8428963679333,0.40474372552042,10.698255512714));
#1682=CARTESIAN_POINT('Ctrl Pts',(-10.8389505999916,0.494677438583214,10.6366934113153));
#1683=CARTESIAN_POINT('Ctrl Pts',(-10.8315362390034,0.636693482444464,10.494677367454));
#1684=CARTESIAN_POINT('Ctrl Pts',(-10.827585780737,0.698255528978668,10.4047436859943));
#1685=CARTESIAN_POINT('Ctrl Pts',(-10.8220106888119,0.779909788466286,10.207651035001));
#1686=CARTESIAN_POINT('Ctrl Pts',(-10.8204667182151,0.799999999999999,10.1004889628739));
#1687=CARTESIAN_POINT('Ctrl Pts',(-10.8204667182151,0.799999999999999,10.));
#1688=CARTESIAN_POINT('Ctrl Pts',(-10.8204667182151,-0.800000000000002,
10.));
#1689=CARTESIAN_POINT('Ctrl Pts',(-10.8204667182151,-0.800000000000002,
10.1004889628739));
#1690=CARTESIAN_POINT('Ctrl Pts',(-10.8220106888119,-0.779909788466288,
10.207651035001));
#1691=CARTESIAN_POINT('Ctrl Pts',(-10.827585780737,-0.69825552897867,10.4047436859943));
#1692=CARTESIAN_POINT('Ctrl Pts',(-10.8315362390034,-0.636693482444467,
10.494677367454));
#1693=CARTESIAN_POINT('Ctrl Pts',(-10.8389505999916,-0.494677438583217,
10.6366934113153));
#1694=CARTESIAN_POINT('Ctrl Pts',(-10.8428963679333,-0.404743725520423,
10.698255512714));
#1695=CARTESIAN_POINT('Ctrl Pts',(-10.8484607296778,-0.207650970663449,
10.7799098150101));
#1696=CARTESIAN_POINT('Ctrl Pts',(-10.85,-0.100488862213502,10.8));
#1697=CARTESIAN_POINT('Ctrl Pts',(-10.85,-1.47451495458029E-15,10.8));
#1698=CARTESIAN_POINT('Ctrl Pts',(-12.05,-1.11022302462516E-15,10.8));
#1699=CARTESIAN_POINT('Ctrl Pts',(-12.05,-0.100481458953455,10.8));
#1700=CARTESIAN_POINT('Ctrl Pts',(-12.0486141667676,-0.207640368562908,
10.7799127090624));
#1701=CARTESIAN_POINT('Ctrl Pts',(-12.0436044157496,-0.404735147122041,
10.6982605648773));
#1702=CARTESIAN_POINT('Ctrl Pts',(-12.0400519913833,-0.494673503885346,
10.6366973460131));
#1703=CARTESIAN_POINT('Ctrl Pts',(-12.0333773425172,-0.636697392724684,
10.4946734571738));
#1704=CARTESIAN_POINT('Ctrl Pts',(-12.0298214960876,-0.69826057578425,10.4047351212855));
#1705=CARTESIAN_POINT('Ctrl Pts',(-12.0248039175875,-0.779912691386781,
10.2076404107379));
#1706=CARTESIAN_POINT('Ctrl Pts',(-12.023414656411,-0.800000000000002,10.10048152505));
#1707=CARTESIAN_POINT('Ctrl Pts',(-12.023414656411,-0.800000000000002,10.));
#1708=CARTESIAN_POINT('Origin',(0.,-1.23566916693203E-15,10.));
#1709=CARTESIAN_POINT('',(10.8204667182151,0.799999999999999,10.));
#1710=CARTESIAN_POINT('',(10.8204667182151,-0.800000000000002,10.));
#1711=CARTESIAN_POINT('Ctrl Pts',(10.8204667182151,0.799999999999999,10.));
#1712=CARTESIAN_POINT('Ctrl Pts',(10.8204667182151,0.799999999999999,10.1004889628739));
#1713=CARTESIAN_POINT('Ctrl Pts',(10.8220106888119,0.779909788466286,10.207651035001));
#1714=CARTESIAN_POINT('Ctrl Pts',(10.827585780737,0.698255528978668,10.4047436859943));
#1715=CARTESIAN_POINT('Ctrl Pts',(10.8315362390034,0.636693482444465,10.494677367454));
#1716=CARTESIAN_POINT('Ctrl Pts',(10.8389505999916,0.494677438583214,10.6366934113153));
#1717=CARTESIAN_POINT('Ctrl Pts',(10.8428963679333,0.40474372552042,10.698255512714));
#1718=CARTESIAN_POINT('Ctrl Pts',(10.8484607296778,0.207650970663448,10.7799098150101));
#1719=CARTESIAN_POINT('Ctrl Pts',(10.85,0.100488862213499,10.8));
#1720=CARTESIAN_POINT('Ctrl Pts',(10.85,-0.100488862213502,10.8));
#1721=CARTESIAN_POINT('Ctrl Pts',(10.8484607296778,-0.207650970663449,10.7799098150101));
#1722=CARTESIAN_POINT('Ctrl Pts',(10.8428963679333,-0.404743725520423,10.698255512714));
#1723=CARTESIAN_POINT('Ctrl Pts',(10.8389505999916,-0.494677438583217,10.6366934113153));
#1724=CARTESIAN_POINT('Ctrl Pts',(10.8315362390034,-0.636693482444467,10.494677367454));
#1725=CARTESIAN_POINT('Ctrl Pts',(10.827585780737,-0.69825552897867,10.4047436859943));
#1726=CARTESIAN_POINT('Ctrl Pts',(10.8220106888119,-0.779909788466288,10.207651035001));
#1727=CARTESIAN_POINT('Ctrl Pts',(10.8204667182151,-0.800000000000002,10.1004889628739));
#1728=CARTESIAN_POINT('Ctrl Pts',(10.8204667182151,-0.800000000000002,10.));
#1729=CARTESIAN_POINT('Ctrl Pts',(10.8204667182151,-0.800000000000002,10.));
#1730=CARTESIAN_POINT('Ctrl Pts',(10.8204667182151,-0.800000000000002,9.89951103712609));
#1731=CARTESIAN_POINT('Ctrl Pts',(10.8220106888119,-0.779909788466288,9.79234896499901));
#1732=CARTESIAN_POINT('Ctrl Pts',(10.827585780737,-0.698255528978669,9.59525631400573));
#1733=CARTESIAN_POINT('Ctrl Pts',(10.8315362390034,-0.636693482444467,9.50532263254599));
#1734=CARTESIAN_POINT('Ctrl Pts',(10.8389505999916,-0.494677438583217,9.36330658868474));
#1735=CARTESIAN_POINT('Ctrl Pts',(10.8428963679333,-0.404743725520423,9.30174448728596));
#1736=CARTESIAN_POINT('Ctrl Pts',(10.8484607296778,-0.207650970663449,9.22009018498988));
#1737=CARTESIAN_POINT('Ctrl Pts',(10.85,-0.100488862213501,9.2));
#1738=CARTESIAN_POINT('Ctrl Pts',(10.85,0.100488862213499,9.2));
#1739=CARTESIAN_POINT('Ctrl Pts',(10.8484607296778,0.207650970663446,9.22009018498988));
#1740=CARTESIAN_POINT('Ctrl Pts',(10.8428963679333,0.40474372552042,9.30174448728596));
#1741=CARTESIAN_POINT('Ctrl Pts',(10.8389505999916,0.494677438583215,9.36330658868474));
#1742=CARTESIAN_POINT('Ctrl Pts',(10.8315362390034,0.636693482444465,9.50532263254599));
#1743=CARTESIAN_POINT('Ctrl Pts',(10.827585780737,0.698255528978667,9.59525631400573));
#1744=CARTESIAN_POINT('Ctrl Pts',(10.8220106888119,0.779909788466285,9.79234896499901));
#1745=CARTESIAN_POINT('Ctrl Pts',(10.8204667182151,0.8,9.89951103712609));
#1746=CARTESIAN_POINT('Ctrl Pts',(10.8204667182151,0.8,10.));
#1747=CARTESIAN_POINT('',(12.023414656411,-0.800000000000002,10.));
#1748=CARTESIAN_POINT('',(0.,-0.800000000000002,10.));
#1749=CARTESIAN_POINT('',(12.023414656411,0.799999999999999,10.));
#1750=CARTESIAN_POINT('Ctrl Pts',(12.023414656411,0.799999999999999,10.));
#1751=CARTESIAN_POINT('Ctrl Pts',(12.023414656411,0.799999999999999,9.89951847494997));
#1752=CARTESIAN_POINT('Ctrl Pts',(12.0248039175875,0.779912691386777,9.79235958926209));
#1753=CARTESIAN_POINT('Ctrl Pts',(12.0298214960876,0.698260575784246,9.59526487871451));
#1754=CARTESIAN_POINT('Ctrl Pts',(12.0333773425172,0.636697392724682,9.50532654282621));
#1755=CARTESIAN_POINT('Ctrl Pts',(12.0400519913833,0.494673503885343,9.36330265398687));
#1756=CARTESIAN_POINT('Ctrl Pts',(12.0436044157496,0.404735147122037,9.30173943512265));
#1757=CARTESIAN_POINT('Ctrl Pts',(12.0486141667676,0.207640368562904,9.22008729093765));
#1758=CARTESIAN_POINT('Ctrl Pts',(12.05,0.100481458953452,9.2));
#1759=CARTESIAN_POINT('Ctrl Pts',(12.05,-0.100481458953455,9.2));
#1760=CARTESIAN_POINT('Ctrl Pts',(12.0486141667676,-0.207640368562907,9.22008729093765));
#1761=CARTESIAN_POINT('Ctrl Pts',(12.0436044157496,-0.40473514712204,9.30173943512265));
#1762=CARTESIAN_POINT('Ctrl Pts',(12.0400519913833,-0.494673503885346,9.36330265398687));
#1763=CARTESIAN_POINT('Ctrl Pts',(12.0333773425172,-0.636697392724684,9.50532654282621));
#1764=CARTESIAN_POINT('Ctrl Pts',(12.0298214960876,-0.698260575784248,9.59526487871451));
#1765=CARTESIAN_POINT('Ctrl Pts',(12.0248039175875,-0.77991269138678,9.79235958926209));
#1766=CARTESIAN_POINT('Ctrl Pts',(12.023414656411,-0.800000000000002,9.89951847494997));
#1767=CARTESIAN_POINT('Ctrl Pts',(12.023414656411,-0.800000000000002,10.));
#1768=CARTESIAN_POINT('Ctrl Pts',(12.023414656411,-0.800000000000002,10.));
#1769=CARTESIAN_POINT('Ctrl Pts',(12.023414656411,-0.800000000000002,10.10048152505));
#1770=CARTESIAN_POINT('Ctrl Pts',(12.0248039175875,-0.779912691386781,10.2076404107379));
#1771=CARTESIAN_POINT('Ctrl Pts',(12.0298214960876,-0.69826057578425,10.4047351212855));
#1772=CARTESIAN_POINT('Ctrl Pts',(12.0333773425172,-0.636697392724684,10.4946734571738));
#1773=CARTESIAN_POINT('Ctrl Pts',(12.0400519913833,-0.494673503885346,10.6366973460131));
#1774=CARTESIAN_POINT('Ctrl Pts',(12.0436044157496,-0.40473514712204,10.6982605648773));
#1775=CARTESIAN_POINT('Ctrl Pts',(12.0486141667676,-0.207640368562907,10.7799127090624));
#1776=CARTESIAN_POINT('Ctrl Pts',(12.05,-0.100481458953454,10.8));
#1777=CARTESIAN_POINT('Ctrl Pts',(12.05,0.100481458953452,10.8));
#1778=CARTESIAN_POINT('Ctrl Pts',(12.0486141667676,0.207640368562905,10.7799127090624));
#1779=CARTESIAN_POINT('Ctrl Pts',(12.0436044157496,0.404735147122038,10.6982605648773));
#1780=CARTESIAN_POINT('Ctrl Pts',(12.0400519913833,0.494673503885343,10.6366973460131));
#1781=CARTESIAN_POINT('Ctrl Pts',(12.0333773425172,0.636697392724682,10.4946734571738));
#1782=CARTESIAN_POINT('Ctrl Pts',(12.0298214960876,0.698260575784247,10.4047351212855));
#1783=CARTESIAN_POINT('Ctrl Pts',(12.0248039175875,0.779912691386779,10.2076404107379));
#1784=CARTESIAN_POINT('Ctrl Pts',(12.023414656411,0.799999999999999,10.10048152505));
#1785=CARTESIAN_POINT('Ctrl Pts',(12.023414656411,0.799999999999999,10.));
#1786=CARTESIAN_POINT('Origin',(0.,0.,0.));
#1787=CARTESIAN_POINT('',(-10.85,-1.32874177707488E-15,70.));
#1788=CARTESIAN_POINT('Origin',(0.,0.,70.));
#1789=CARTESIAN_POINT('',(-10.85,-1.32874177707488E-15,0.));
#1790=CARTESIAN_POINT('',(-10.85,-1.32874177707488E-15,0.));
#1791=CARTESIAN_POINT('',(-10.85,-1.32874177707488E-15,0.));
#1792=CARTESIAN_POINT('',(-10.85,-1.32874177707488E-15,0.));
#1793=CARTESIAN_POINT('Origin',(0.,0.,0.));
#1794=CARTESIAN_POINT('Origin',(0.,0.,0.));
#1795=CARTESIAN_POINT('',(-12.05,-1.47569939297256E-15,70.));
#1796=CARTESIAN_POINT('Origin',(0.,0.,70.));
#1797=CARTESIAN_POINT('',(-12.05,-1.47569939297256E-15,0.));
#1798=CARTESIAN_POINT('',(-12.05,-1.47569939297256E-15,0.));
#1799=CARTESIAN_POINT('',(-12.05,-1.47569939297256E-15,0.));
#1800=CARTESIAN_POINT('',(-12.05,-1.47569939297256E-15,0.));
#1801=CARTESIAN_POINT('Origin',(0.,0.,0.));
#1802=CARTESIAN_POINT('Origin',(0.,0.,70.));
#1803=CARTESIAN_POINT('Origin',(0.,0.,0.));
#1804=CARTESIAN_POINT('Origin',(0.,0.,10.));
#1805=CARTESIAN_POINT('',(-11.,1.34711147906209E-15,20.));
#1806=CARTESIAN_POINT('Origin',(0.,0.,20.));
#1807=CARTESIAN_POINT('',(-15.5,-1.8982025386784E-15,0.));
#1808=CARTESIAN_POINT('',(-13.25,-1.62265700887024E-15,10.));
#1809=CARTESIAN_POINT('Origin',(0.,0.,0.));
#1810=CARTESIAN_POINT('Origin',(0.,0.,20.));
#1811=CARTESIAN_POINT('',(-10.75,-1.3164953090834E-15,20.));
#1812=CARTESIAN_POINT('Origin',(0.,0.,20.));
#1813=CARTESIAN_POINT('Origin',(0.,0.,0.));
#1814=CARTESIAN_POINT('',(-10.75,-1.3164953090834E-15,0.));
#1815=CARTESIAN_POINT('',(-10.75,-1.3164953090834E-15,0.));
#1816=CARTESIAN_POINT('Origin',(0.,0.,0.));
#1817=CARTESIAN_POINT('Origin',(0.,0.,0.));
#1818=CARTESIAN_POINT('Origin',(-64.9826900028,-1.49999999999999,0.));
#1819=CARTESIAN_POINT('',(-11.9562745033705,-1.50000000000881,25.2880844055351));
#1820=CARTESIAN_POINT('',(-11.9562745033727,-1.5,5.));
#1821=CARTESIAN_POINT('',(-11.9562745033727,-1.5,0.));
#1822=CARTESIAN_POINT('',(-64.9826900028,-1.49999999999999,5.38071283050707));
#1823=CARTESIAN_POINT('Ctrl Pts',(-64.9826900028,-1.49999999999999,5.38071283050708));
#1824=CARTESIAN_POINT('Ctrl Pts',(-19.8521105234174,-1.5,22.3889949532459));
#1825=CARTESIAN_POINT('Ctrl Pts',(-11.9562745033704,-1.5,25.2880844055366));
#1826=CARTESIAN_POINT('',(-64.9826900028,-1.49999999999999,5.));
#1827=CARTESIAN_POINT('',(-64.9826900028,-1.49999999999999,0.));
#1828=CARTESIAN_POINT('',(-32.4913450014,-1.49999999999999,5.));
#1829=CARTESIAN_POINT('Origin',(-47.0103609325029,44.8890405889433,0.));
#1830=CARTESIAN_POINT('',(-9.51502295094926,7.39370260710452,25.5253823007771));
#1831=CARTESIAN_POINT('',(-9.51502295084248,7.39370260728284,5.));
#1832=CARTESIAN_POINT('',(-9.51502295084248,7.39370260728284,0.));
#1833=CARTESIAN_POINT('',(-47.010360932503,44.8890405889433,5.55907271596012));
#1834=CARTESIAN_POINT('Ctrl Pts',(-47.0103609325029,44.8890405889432,5.55907271596018));
#1835=CARTESIAN_POINT('Ctrl Pts',(-14.8627846550068,12.7414643114472,22.7017937472968));
#1836=CARTESIAN_POINT('Ctrl Pts',(-9.5150229507984,7.39370260723876,25.5253823008031));
#1837=CARTESIAN_POINT('',(-47.010360932503,44.8890405889433,5.));
#1838=CARTESIAN_POINT('',(-47.010360932503,44.8890405889433,0.));
#1839=CARTESIAN_POINT('',(-24.0355105521414,21.9141902085817,5.));
#1840=CARTESIAN_POINT('Origin',(-1.49999999999999,64.9826900028,0.));
#1841=CARTESIAN_POINT('',(-1.50000000001279,11.9562745033695,25.3967102398596));
#1842=CARTESIAN_POINT('',(-1.5,11.9562745033727,5.));
#1843=CARTESIAN_POINT('',(-1.5,11.9562745033727,0.));
#1844=CARTESIAN_POINT('',(-1.49999999999999,64.9826900028,5.39948028752849));
#1845=CARTESIAN_POINT('Ctrl Pts',(-1.49999999999999,64.9826900028,5.39948028752848));
#1846=CARTESIAN_POINT('Ctrl Pts',(-1.5,19.6836601084581,22.4845348086741));
#1847=CARTESIAN_POINT('Ctrl Pts',(-1.5,11.9562745034026,25.3967102398475));
#1848=CARTESIAN_POINT('',(-1.49999999999999,64.9826900028,5.));
#1849=CARTESIAN_POINT('',(-1.49999999999999,64.9826900028,0.));
#1850=CARTESIAN_POINT('',(-1.5,32.4913450014,5.));
#1851=CARTESIAN_POINT('Origin',(0.,0.,0.));
#1852=CARTESIAN_POINT('',(-0.0171106203551263,-10.8499865081331,25.));
#1853=CARTESIAN_POINT('',(-10.85,-3.80650090305974E-14,25.7956946918995));
#1854=CARTESIAN_POINT('Ctrl Pts',(-10.85,-7.07767178198537E-14,25.7956946918995));
#1855=CARTESIAN_POINT('Ctrl Pts',(-10.85,0.360396992558341,25.810336928131));
#1856=CARTESIAN_POINT('Ctrl Pts',(-10.8319648068433,0.716202573448016,25.8241465754357));
#1857=CARTESIAN_POINT('Ctrl Pts',(-10.6815561597649,2.24305527801633,25.8806980569874));
#1858=CARTESIAN_POINT('Ctrl Pts',(-10.3512247023768,3.49087909579165,25.9192242557645));
#1859=CARTESIAN_POINT('Ctrl Pts',(-9.26578544652921,5.78613081137766,25.9704329462683));
#1860=CARTESIAN_POINT('Ctrl Pts',(-8.51066301071232,6.83355414103577,25.9830098749182));
#1861=CARTESIAN_POINT('Ctrl Pts',(-6.83355414103577,8.51066301071232,25.9830098749182));
#1862=CARTESIAN_POINT('Ctrl Pts',(-5.78613081137766,9.26578544652921,25.9704329462683));
#1863=CARTESIAN_POINT('Ctrl Pts',(-3.49087909579165,10.3512247023768,25.9192242557645));
#1864=CARTESIAN_POINT('Ctrl Pts',(-2.24305527801632,10.6815561597649,25.8806980569874));
#1865=CARTESIAN_POINT('Ctrl Pts',(0.219715571587176,10.9241611146794,25.7894820936854));
#1866=CARTESIAN_POINT('Ctrl Pts',(1.61675206354328,10.8164601290288,25.7286569537376));
#1867=CARTESIAN_POINT('Ctrl Pts',(4.26153046002079,10.0721921629014,25.5957440586489));
#1868=CARTESIAN_POINT('Ctrl Pts',(5.50927905226298,9.43563241981666,25.5237488689944));
#1869=CARTESIAN_POINT('Ctrl Pts',(6.53777716756832,8.65909751112796,25.4565503264076));
#1870=CARTESIAN_POINT('Ctrl Pts',(7.68437573358431,7.79339459975268,25.3816355050562));
#1871=CARTESIAN_POINT('Ctrl Pts',(8.72085113287505,6.6317935217641,25.3020911749574));
#1872=CARTESIAN_POINT('Ctrl Pts',(10.2077352823002,3.97945599576408,25.1561814510441));
#1873=CARTESIAN_POINT('Ctrl Pts',(10.6581291837142,2.48871768686071,25.0896985934465));
#1874=CARTESIAN_POINT('Ctrl Pts',(10.9485188911402,-0.475421784895368,24.9799104686075));
#1875=CARTESIAN_POINT('Ctrl Pts',(10.7616254035043,-2.1305573181171,24.9315029617959));
#1876=CARTESIAN_POINT('Ctrl Pts',(9.66849244827019,-5.18383155332026,24.8673486172381));
#1877=CARTESIAN_POINT('Ctrl Pts',(8.76225010131245,-6.58196705043563,24.8514983549542));
#1878=CARTESIAN_POINT('Ctrl Pts',(6.58163062385134,-8.76258652789675,24.8514983549542));
#1879=CARTESIAN_POINT('Ctrl Pts',(5.1830193761429,-9.66900465670593,24.8673582429647));
#1880=CARTESIAN_POINT('Ctrl Pts',(2.46996182885514,-10.6399397066272,24.9243772942386));
#1881=CARTESIAN_POINT('Ctrl Pts',(1.20653111731595,-10.8519162127618,24.9589931186495));
#1882=CARTESIAN_POINT('Ctrl Pts',(-0.01711062032382,-10.8499865081332,24.9999999999989));
#1883=CARTESIAN_POINT('',(-10.85,-1.32874177707488E-15,0.));
#1884=CARTESIAN_POINT('',(-10.85,-1.32874177707488E-15,0.));
#1885=CARTESIAN_POINT('Origin',(0.,0.,0.));
#1886=CARTESIAN_POINT('',(-8.65909751112796,-6.53777716756832,25.4565503264076));
#1887=CARTESIAN_POINT('Ctrl Pts',(-8.65909751112796,-6.53777716756831,25.4565503264076));
#1888=CARTESIAN_POINT('Ctrl Pts',(-9.43563241981666,-5.50927905226297,25.5237488689944));
#1889=CARTESIAN_POINT('Ctrl Pts',(-10.0721921629014,-4.26153046002079,25.5957440586489));
#1890=CARTESIAN_POINT('Ctrl Pts',(-10.7157067753188,-1.97478210835533,25.7106642138362));
#1891=CARTESIAN_POINT('Ctrl Pts',(-10.85,-0.970734561742211,25.7562556148135));
#1892=CARTESIAN_POINT('Ctrl Pts',(-10.85,-7.105427357601E-14,25.7956946918995));
#1893=CARTESIAN_POINT('Ctrl Pts',(-0.0171106203238205,-10.8499865081332,
24.999999999999));
#1894=CARTESIAN_POINT('Ctrl Pts',(-0.369183818260574,-10.8494312824828,
25.0117987343916));
#1895=CARTESIAN_POINT('Ctrl Pts',(-0.71796571645226,-10.8316941354395,25.0241088127686));
#1896=CARTESIAN_POINT('Ctrl Pts',(-2.49098912170931,-10.6575350599842,25.0897964794966));
#1897=CARTESIAN_POINT('Ctrl Pts',(-3.98116906833849,-10.2069987183746,25.1562666626166));
#1898=CARTESIAN_POINT('Ctrl Pts',(-6.63251243547282,-8.72022413485073,25.3021397594862));
#1899=CARTESIAN_POINT('Ctrl Pts',(-7.79367772568314,-7.684000741446,25.3816600057575));
#1900=CARTESIAN_POINT('Ctrl Pts',(-8.65909751112796,-6.53777716756831,25.4565503264076));
#1901=CARTESIAN_POINT('Origin',(0.,0.,5.));
#1902=CARTESIAN_POINT('',(-1.5,-63.920544653272,5.00000000000002));
#1903=CARTESIAN_POINT('',(-44.8400478837611,-46.9613682273208,5.));
#1904=CARTESIAN_POINT('Origin',(-1.06066017177981,1.06066017177981,5.));
#1905=CARTESIAN_POINT('',(-1.5,-11.9562745033727,5.));
#1906=CARTESIAN_POINT('',(-1.5,-5.97813725168635,5.));
#1907=CARTESIAN_POINT('',(-7.39370260728283,-9.51502295084247,5.));
#1908=CARTESIAN_POINT('Origin',(0.,0.,5.));
#1909=CARTESIAN_POINT('',(-21.9141902085818,-24.0355105521414,5.));
#1910=CARTESIAN_POINT('Origin',(0.,0.,0.));
#1911=CARTESIAN_POINT('',(-47.010360932503,-44.8890405889433,5.));
#1912=CARTESIAN_POINT('',(44.8890405889433,47.0103609325029,5.));
#1913=CARTESIAN_POINT('Ctrl Pts',(-47.010360932503,-44.8890405889433,5.));
#1914=CARTESIAN_POINT('Ctrl Pts',(-44.1667664227792,-47.8670147780535,4.96416096330369));
#1915=CARTESIAN_POINT('Ctrl Pts',(-40.939362045563,-50.6712808914156,4.92710919048887));
#1916=CARTESIAN_POINT('Ctrl Pts',(-33.8838512840037,-55.6371700757495,4.85343228944295));
#1917=CARTESIAN_POINT('Ctrl Pts',(-30.0559601530028,-57.7990989588559,4.81680637214383));
#1918=CARTESIAN_POINT('Ctrl Pts',(-22.0487610874012,-61.3021102057021,4.74657221859216));
#1919=CARTESIAN_POINT('Ctrl Pts',(-17.8629812304048,-62.6460238490042,4.71290663991781));
#1920=CARTESIAN_POINT('Ctrl Pts',(-9.42727869829937,-64.45724799332,4.65063255239998));
#1921=CARTESIAN_POINT('Ctrl Pts',(-5.17727748460772,-64.9241927177951,4.62202500403597));
#1922=CARTESIAN_POINT('Ctrl Pts',(3.10882660697156,-65.0593608812737,4.57102084010702));
#1923=CARTESIAN_POINT('Ctrl Pts',(7.42388887737416,-64.7220565684267,4.54696980140285));
#1924=CARTESIAN_POINT('Ctrl Pts',(16.0120968075539,-63.148012544622,4.50460845688461));
#1925=CARTESIAN_POINT('Ctrl Pts',(20.2853138881726,-61.9116626393951,4.48629449024071));
#1926=CARTESIAN_POINT('Ctrl Pts',(28.4821505187276,-58.5944966028682,4.45688799776748));
#1927=CARTESIAN_POINT('Ctrl Pts',(32.4125348409955,-56.5109427817919,4.44577064399782));
#1928=CARTESIAN_POINT('Ctrl Pts',(39.6783494458345,-51.6690202554679,4.43118277034493));
#1929=CARTESIAN_POINT('Ctrl Pts',(43.0135598924557,-48.9103216617955,4.4277154196039));
#1930=CARTESIAN_POINT('Ctrl Pts',(48.9103216617954,-43.0135598924558,4.4277154196039));
#1931=CARTESIAN_POINT('Ctrl Pts',(51.6690202554678,-39.6783494458345,4.43118277034493));
#1932=CARTESIAN_POINT('Ctrl Pts',(56.5109427817919,-32.4125348409955,4.44577064399782));
#1933=CARTESIAN_POINT('Ctrl Pts',(58.5944966028682,-28.4821505187276,4.45688799776747));
#1934=CARTESIAN_POINT('Ctrl Pts',(61.9116626393951,-20.2853138881726,4.48629449024071));
#1935=CARTESIAN_POINT('Ctrl Pts',(63.148012544622,-16.0120968075539,4.5046084568846));
#1936=CARTESIAN_POINT('Ctrl Pts',(64.7220565684267,-7.42388887737417,4.54696980140284));
#1937=CARTESIAN_POINT('Ctrl Pts',(65.0593608812737,-3.10882660697156,4.57102084010702));
#1938=CARTESIAN_POINT('Ctrl Pts',(64.9241927177951,5.17727748460773,4.62202500403597));
#1939=CARTESIAN_POINT('Ctrl Pts',(64.45724799332,9.42727869829938,4.65063255239997));
#1940=CARTESIAN_POINT('Ctrl Pts',(62.6460238490042,17.8629812304048,4.71290663991781));
#1941=CARTESIAN_POINT('Ctrl Pts',(61.3021102057021,22.0487610874012,4.74657221859217));
#1942=CARTESIAN_POINT('Ctrl Pts',(57.7990989588559,30.0559601530028,4.81680637214384));
#1943=CARTESIAN_POINT('Ctrl Pts',(55.6371700757495,33.8838512840037,4.85343228944295));
#1944=CARTESIAN_POINT('Ctrl Pts',(50.6712808914156,40.939362045563,4.92710919048887));
#1945=CARTESIAN_POINT('Ctrl Pts',(47.8670147780536,44.1667664227792,4.96416096330369));
#1946=CARTESIAN_POINT('Ctrl Pts',(44.8890405889433,47.0103609325029,5.));
#1947=CARTESIAN_POINT('Origin',(0.,0.,5.));
#1948=CARTESIAN_POINT('',(-65.,-4.17008690992309E-11,5.39020302208152));
#1949=CARTESIAN_POINT('Ctrl Pts',(-64.9826900028,-1.49999999999999,5.38071283050708));
#1950=CARTESIAN_POINT('Ctrl Pts',(-64.9942726288993,-0.998219865845819,
5.38392308606317));
#1951=CARTESIAN_POINT('Ctrl Pts',(-64.9999999999994,-0.498122080824783,
5.38708684674616));
#1952=CARTESIAN_POINT('Ctrl Pts',(-65.,-8.33937086053282E-11,5.39020302208151));
#1953=CARTESIAN_POINT('',(-65.,-7.9602041944578E-15,0.));
#1954=CARTESIAN_POINT('',(-65.,-7.9602041944578E-15,0.));
#1955=CARTESIAN_POINT('Origin',(0.,0.,0.));
#1956=CARTESIAN_POINT('',(-64.9826900028,1.50000000000001,5.39948028752849));
#1957=CARTESIAN_POINT('Ctrl Pts',(-65.,-8.33937086053282E-11,5.39020302208152));
#1958=CARTESIAN_POINT('Ctrl Pts',(-65.0000000000004,0.354753027427148,5.39242230260974));
#1959=CARTESIAN_POINT('Ctrl Pts',(-64.9970954142238,0.708503974509082,5.39461744993184));
#1960=CARTESIAN_POINT('Ctrl Pts',(-64.9889520448425,1.20725535491923,5.39768745657474));
#1961=CARTESIAN_POINT('Ctrl Pts',(-64.9860706958757,1.3535423132425,5.39858487538985));
#1962=CARTESIAN_POINT('Ctrl Pts',(-64.9826900028,1.50000000000001,5.39948028752849));
#1963=CARTESIAN_POINT('',(-64.9826900028,1.50000000000001,5.));
#1964=CARTESIAN_POINT('',(-64.9826900028,1.50000000000001,0.));
#1965=CARTESIAN_POINT('Origin',(0.,0.,5.));
#1966=CARTESIAN_POINT('',(-44.8890405889433,47.0103609325029,5.55907271596014));
#1967=CARTESIAN_POINT('Ctrl Pts',(-47.010360932503,44.8890405889433,5.55907271596013));
#1968=CARTESIAN_POINT('Ctrl Pts',(-46.6636121463286,45.252175674414,5.5591759489124));
#1969=CARTESIAN_POINT('Ctrl Pts',(-46.3140336859624,45.6098478682887,5.55922693956785));
#1970=CARTESIAN_POINT('Ctrl Pts',(-45.6098478682887,46.3140336859624,5.55922693956785));
#1971=CARTESIAN_POINT('Ctrl Pts',(-45.252175674414,46.6636121463286,5.5591759489124));
#1972=CARTESIAN_POINT('Ctrl Pts',(-44.8890405889433,47.0103609325029,5.55907271596013));
#1973=CARTESIAN_POINT('',(-44.8890405889433,47.0103609325029,5.));
#1974=CARTESIAN_POINT('',(-44.8890405889433,47.0103609325029,0.));
#1975=CARTESIAN_POINT('Origin',(0.,0.,5.));
#1976=CARTESIAN_POINT('',(1.50000000000001,64.9826900028,5.38071283050708));
#1977=CARTESIAN_POINT('Ctrl Pts',(-1.49999999999999,64.9826900028,5.39948028752849));
#1978=CARTESIAN_POINT('Ctrl Pts',(-1.3535423132425,64.9860706958757,5.39858487538985));
#1979=CARTESIAN_POINT('Ctrl Pts',(-1.20725535491925,64.9889520448424,5.39768745657474));
#1980=CARTESIAN_POINT('Ctrl Pts',(-0.213344801975444,65.0051801317862,5.39156955471054));
#1981=CARTESIAN_POINT('Ctrl Pts',(0.640861642594811,65.00252155388,5.38620936872688));
#1982=CARTESIAN_POINT('Ctrl Pts',(1.50000000000001,64.9826900028,5.38071283050708));
#1983=CARTESIAN_POINT('',(1.50000000000001,64.9826900028,5.));
#1984=CARTESIAN_POINT('',(1.50000000000001,64.9826900028,0.));
#1985=CARTESIAN_POINT('Origin',(0.,0.,5.));
#1986=CARTESIAN_POINT('Origin',(0.,0.,5.));
#1987=CARTESIAN_POINT('',(46.9613682273208,44.8400478837611,5.));
#1988=CARTESIAN_POINT('',(63.920544653272,1.50000000000001,5.00000000000002));
#1989=CARTESIAN_POINT('Origin',(-1.06066017177981,1.06066017177981,5.));
#1990=CARTESIAN_POINT('',(9.51502295084248,7.39370260728283,5.));
#1991=CARTESIAN_POINT('',(5.28784156131115,3.16652121775151,5.));
#1992=CARTESIAN_POINT('',(11.9562745033727,1.5,5.));
#1993=CARTESIAN_POINT('Origin',(0.,0.,5.));
#1994=CARTESIAN_POINT('',(32.4913450014,1.50000000000001,5.));
#1995=CARTESIAN_POINT('Origin',(0.,0.,5.));
#1996=CARTESIAN_POINT('',(63.8715584834044,-1.49999999999999,5.));
#1997=CARTESIAN_POINT('',(45.9374574829735,-43.8161371394139,5.00000000000003));
#1998=CARTESIAN_POINT('Origin',(-1.06066017177981,1.06066017177981,5.));
#1999=CARTESIAN_POINT('',(11.9562745033727,-1.5,5.));
#2000=CARTESIAN_POINT('',(5.97813725168635,-1.5,5.));
#2001=CARTESIAN_POINT('',(9.51502295084248,-7.39370260728284,5.));
#2002=CARTESIAN_POINT('Origin',(0.,0.,5.));
#2003=CARTESIAN_POINT('',(24.0355105521414,-21.9141902085818,5.));
#2004=CARTESIAN_POINT('Origin',(0.,0.,5.));
#2005=CARTESIAN_POINT('',(43.8161371394139,-45.9374574829735,5.));
#2006=CARTESIAN_POINT('',(1.5,-63.8715584834045,5.00000000000002));
#2007=CARTESIAN_POINT('Origin',(-1.06066017177981,1.06066017177981,5.));
#2008=CARTESIAN_POINT('',(7.39370260728283,-9.51502295084248,5.));
#2009=CARTESIAN_POINT('',(3.16652121775151,-5.28784156131115,5.));
#2010=CARTESIAN_POINT('',(1.5,-11.9562745033727,5.));
#2011=CARTESIAN_POINT('Origin',(0.,0.,5.));
#2012=CARTESIAN_POINT('',(1.5,-32.4913450014,5.));
#2013=CARTESIAN_POINT('Origin',(-1.06066017177982,1.06066017177982,15.));
#2014=CARTESIAN_POINT('',(-9.51502295084248,-7.39370260728283,25.));
#2015=CARTESIAN_POINT('',(-28.2626919416727,-26.1413715981131,15.));
#2016=CARTESIAN_POINT('',(7.39370260728284,9.51502295084248,25.));
#2017=CARTESIAN_POINT('',(26.1413715981131,28.2626919416727,15.));
#2018=CARTESIAN_POINT('',(1.50000000000881,11.9562745033705,25.2880844055351));
#2019=CARTESIAN_POINT('Ctrl Pts',(7.39370260728283,9.51502295084247,25.));
#2020=CARTESIAN_POINT('Ctrl Pts',(6.25706882062914,10.3982506882136,25.0675833484703));
#2021=CARTESIAN_POINT('Ctrl Pts',(4.87286332358406,11.1270086455693,25.1399592420617));
#2022=CARTESIAN_POINT('Ctrl Pts',(2.77780033504834,11.743461523697,25.2350441098171));
#2023=CARTESIAN_POINT('Ctrl Pts',(2.13880552429349,11.8761317895046,25.2623872141987));
#2024=CARTESIAN_POINT('Ctrl Pts',(1.50000000001762,11.9562745033705,25.2880844055351));
#2025=CARTESIAN_POINT('Ctrl Pts',(1.5,11.9562745033704,25.2880844055366));
#2026=CARTESIAN_POINT('Ctrl Pts',(1.5,19.8521105233714,22.3889949532628));
#2027=CARTESIAN_POINT('Ctrl Pts',(1.50000000000001,64.9826900014844,5.38071283100286));
#2028=CARTESIAN_POINT('',(-7.39370260710451,9.51502295094926,25.5253823007771));
#2029=CARTESIAN_POINT('Ctrl Pts',(-1.50000000002558,11.9562745033695,25.3967102398596));
#2030=CARTESIAN_POINT('Ctrl Pts',(-2.69923103734504,11.8058224076516,25.4351865526437));
#2031=CARTESIAN_POINT('Ctrl Pts',(-3.94346861394731,11.4575368494651,25.4686198303506));
#2032=CARTESIAN_POINT('Ctrl Pts',(-5.91874840340441,10.5352439521315,25.5081641522297));
#2033=CARTESIAN_POINT('Ctrl Pts',(-6.69606962785155,10.0571226184142,25.519492005413));
#2034=CARTESIAN_POINT('Ctrl Pts',(-7.39370260696196,9.51502295109181,25.5253823007771));
#2035=CARTESIAN_POINT('Ctrl Pts',(-7.39370260725207,9.51502295081171,25.5253823007961));
#2036=CARTESIAN_POINT('Ctrl Pts',(-12.7414643115426,14.8627846551022,22.7017937472461));
#2037=CARTESIAN_POINT('Ctrl Pts',(-44.8890405889432,47.0103609325028,5.55907271596019));
#2038=CARTESIAN_POINT('',(-11.9562745033695,1.50000000001279,25.3967102398596));
#2039=CARTESIAN_POINT('Ctrl Pts',(-9.51502295109181,7.39370260696196,25.5253823007771));
#2040=CARTESIAN_POINT('Ctrl Pts',(-10.0571226184141,6.69606962785155,25.519492005413));
#2041=CARTESIAN_POINT('Ctrl Pts',(-10.5352439521315,5.91874840340441,25.5081641522297));
#2042=CARTESIAN_POINT('Ctrl Pts',(-11.4575368494651,3.94346861394731,25.4686198303506));
#2043=CARTESIAN_POINT('Ctrl Pts',(-11.8058224076516,2.69923103734504,25.4351865526437));
#2044=CARTESIAN_POINT('Ctrl Pts',(-11.9562745033695,1.50000000002559,25.3967102398596));
#2045=CARTESIAN_POINT('Ctrl Pts',(-11.9562745033696,1.5,25.39671023986));
#2046=CARTESIAN_POINT('Ctrl Pts',(-19.683660109771,1.5,22.4845348081792));
#2047=CARTESIAN_POINT('Ctrl Pts',(-64.9826900020134,1.50000000000001,5.39948028782515));
#2048=CARTESIAN_POINT('Ctrl Pts',(-11.9562745033705,-1.50000000001761,25.2880844055351));
#2049=CARTESIAN_POINT('Ctrl Pts',(-11.8761317895046,-2.13880552429349,25.2623872141987));
#2050=CARTESIAN_POINT('Ctrl Pts',(-11.743461523697,-2.77780033504833,25.2350441098171));
#2051=CARTESIAN_POINT('Ctrl Pts',(-11.1270086455693,-4.87286332358406,25.1399592420617));
#2052=CARTESIAN_POINT('Ctrl Pts',(-10.3982506882136,-6.25706882062913,25.0675833484703));
#2053=CARTESIAN_POINT('Ctrl Pts',(-9.51502295084248,-7.39370260728283,25.));
#2054=CARTESIAN_POINT('',(-28.2626919416727,-26.1413715981131,15.));
#2055=CARTESIAN_POINT('',(-7.39370260728283,-9.51502295084247,24.8602104369391));
#2056=CARTESIAN_POINT('',(-1.5,-11.9562745033727,24.5971546560013));
#2057=CARTESIAN_POINT('Ctrl Pts',(-7.39370260728838,-9.51502295083817,24.8602104369395));
#2058=CARTESIAN_POINT('Ctrl Pts',(-6.88406046755928,-9.91104326910415,24.8308186204751));
#2059=CARTESIAN_POINT('Ctrl Pts',(-6.33843600842311,-10.2688458709805,24.8017816091699));
#2060=CARTESIAN_POINT('Ctrl Pts',(-4.42934074050763,-11.3096057185479,24.7077978272208));
#2061=CARTESIAN_POINT('Ctrl Pts',(-2.94547559069855,-11.7749292703378,24.6471233225116));
#2062=CARTESIAN_POINT('Ctrl Pts',(-1.4999999999969,-11.9562745033731,24.5971546560012));
#2063=CARTESIAN_POINT('Ctrl Pts',(-1.5,-63.9205446532721,5.));
#2064=CARTESIAN_POINT('Ctrl Pts',(-1.5,-20.6324236994541,21.3266293590736));
#2065=CARTESIAN_POINT('Ctrl Pts',(-1.5,-11.9562745033727,24.5971546560013));
#2066=CARTESIAN_POINT('Ctrl Pts',(-7.39370260728283,-9.51502295084247,24.8602104369391));
#2067=CARTESIAN_POINT('Ctrl Pts',(-13.3644676835233,-15.4857880270829,21.7711624176092));
#2068=CARTESIAN_POINT('Ctrl Pts',(-44.8400478837611,-46.9613682273208,4.99999999999999));
#2069=CARTESIAN_POINT('',(7.39370260728283,-9.51502295084248,24.4028085850933));
#2070=CARTESIAN_POINT('Ctrl Pts',(43.8161371394139,-45.9374574829736,5.));
#2071=CARTESIAN_POINT('Ctrl Pts',(13.6740315791482,-15.7953519227078,21.0735045109414));
#2072=CARTESIAN_POINT('Ctrl Pts',(7.39370260728283,-9.51502295084247,24.4028085850933));
#2073=CARTESIAN_POINT('',(1.5,-11.9562745033727,24.5058564611335));
#2074=CARTESIAN_POINT('Ctrl Pts',(1.5,-11.9562745033727,24.5058564611335));
#2075=CARTESIAN_POINT('Ctrl Pts',(1.5,-20.7580285963489,21.2485220515787));
#2076=CARTESIAN_POINT('Ctrl Pts',(1.5,-63.8715584834045,5.));
#2077=CARTESIAN_POINT('Ctrl Pts',(1.5,-11.9562745033727,24.5058564611335));
#2078=CARTESIAN_POINT('Ctrl Pts',(2.38517898391321,-11.8452224799773,24.4825125917294));
#2079=CARTESIAN_POINT('Ctrl Pts',(3.26899743870256,-11.6331529076978,24.4624186384752));
#2080=CARTESIAN_POINT('Ctrl Pts',(5.30274485845841,-10.8938180514223,24.4238443689783));
#2081=CARTESIAN_POINT('Ctrl Pts',(6.42067056446397,-10.2711230242871,24.4092181869483));
#2082=CARTESIAN_POINT('Ctrl Pts',(7.39370260728283,-9.51502295084247,24.4028085850933));
#2083=CARTESIAN_POINT('',(11.9562745033727,1.5,24.5971546560013));
#2084=CARTESIAN_POINT('',(9.51502295084248,7.39370260728283,24.8602104369391));
#2085=CARTESIAN_POINT('Ctrl Pts',(11.9562745033731,1.49999999999691,24.5971546560012));
#2086=CARTESIAN_POINT('Ctrl Pts',(11.7749292703378,2.94547559069855,24.6471233225116));
#2087=CARTESIAN_POINT('Ctrl Pts',(11.3096057185479,4.42934074050762,24.7077978272208));
#2088=CARTESIAN_POINT('Ctrl Pts',(10.2688458709805,6.33843600842311,24.8017816091699));
#2089=CARTESIAN_POINT('Ctrl Pts',(9.91104326910415,6.88406046755928,24.8308186204751));
#2090=CARTESIAN_POINT('Ctrl Pts',(9.51502295083817,7.39370260728838,24.8602104369395));
#2091=CARTESIAN_POINT('Ctrl Pts',(46.9613682273208,44.8400478837611,4.99999999999999));
#2092=CARTESIAN_POINT('Ctrl Pts',(15.4857880271508,13.3644676835911,21.7711624175735));
#2093=CARTESIAN_POINT('Ctrl Pts',(9.51502295084248,7.39370260728283,24.8602104369391));
#2094=CARTESIAN_POINT('Ctrl Pts',(11.9562745033727,1.5,24.5971546560013));
#2095=CARTESIAN_POINT('Ctrl Pts',(20.6324236995124,1.5,21.3266293590516));
#2096=CARTESIAN_POINT('Ctrl Pts',(63.9205446532721,1.50000000000002,5.));
#2097=CARTESIAN_POINT('',(11.9562745033727,-1.5,24.5058564611335));
#2098=CARTESIAN_POINT('Ctrl Pts',(63.8715584834045,-1.49999999999999,5.));
#2099=CARTESIAN_POINT('Ctrl Pts',(20.7580285963503,-1.5,21.2485220515782));
#2100=CARTESIAN_POINT('Ctrl Pts',(11.9562745033727,-1.5,24.5058564611335));
#2101=CARTESIAN_POINT('',(9.51502295084247,-7.39370260728284,24.4028085850933));
#2102=CARTESIAN_POINT('Ctrl Pts',(9.51502295084247,-7.39370260728284,24.4028085850933));
#2103=CARTESIAN_POINT('Ctrl Pts',(15.7953519208458,-13.6740315772862,21.0735045119307));
#2104=CARTESIAN_POINT('Ctrl Pts',(45.9374574829736,-43.8161371394139,5.));
#2105=CARTESIAN_POINT('Ctrl Pts',(11.9562745033727,-1.5,24.5058564611335));
#2106=CARTESIAN_POINT('Ctrl Pts',(11.8452224799773,-2.3851789839132,24.4825125917294));
#2107=CARTESIAN_POINT('Ctrl Pts',(11.6331529076978,-3.26899743870256,24.4624186384752));
#2108=CARTESIAN_POINT('Ctrl Pts',(10.8938180514223,-5.30274485845841,24.4238443689783));
#2109=CARTESIAN_POINT('Ctrl Pts',(10.2711230242871,-6.42067056446398,24.4092181869483));
#2110=CARTESIAN_POINT('Ctrl Pts',(9.51502295084247,-7.39370260728284,24.4028085850933));
#2111=CARTESIAN_POINT('Origin',(1.5,11.9562745033727,0.));
#2112=CARTESIAN_POINT('',(1.5,11.9562745033727,5.));
#2113=CARTESIAN_POINT('',(1.5,11.9562745033727,0.));
#2114=CARTESIAN_POINT('',(1.5,5.97813725168635,5.));
#2115=CARTESIAN_POINT('Origin',(0.,0.,0.));
#2116=CARTESIAN_POINT('',(1.5,-11.9562745033727,0.));
#2117=CARTESIAN_POINT('',(7.39370260728283,-9.51502295084248,0.));
#2118=CARTESIAN_POINT('Origin',(47.0103609325029,-44.8890405889433,0.));
#2119=CARTESIAN_POINT('',(9.51502295084247,-7.39370260728284,0.));
#2120=CARTESIAN_POINT('Origin',(1.5,-64.9826900028,0.));
#2121=CARTESIAN_POINT('Origin',(0.,0.,0.));
#2122=CARTESIAN_POINT('',(-7.39370260728283,-9.51502295084248,0.));
#2123=CARTESIAN_POINT('',(-1.5,-11.9562745033727,0.));
#2124=CARTESIAN_POINT('Origin',(64.9826900028,1.50000000000001,0.));
#2125=CARTESIAN_POINT('',(11.9562745033727,1.5,0.));
#2126=CARTESIAN_POINT('Origin',(-44.8890405889433,-47.0103609325029,0.));
#2127=CARTESIAN_POINT('Origin',(-9.51502295084248,-7.39370260728283,0.));
#2128=CARTESIAN_POINT('',(-9.51502295084248,-7.39370260728283,5.));
#2129=CARTESIAN_POINT('',(-9.51502295084248,-7.39370260728283,0.));
#2130=CARTESIAN_POINT('',(-5.28784156131115,-3.16652121775151,5.));
#2131=CARTESIAN_POINT('Origin',(-1.5,-11.9562745033727,0.));
#2132=CARTESIAN_POINT('Origin',(0.,0.,5.));
#2133=CARTESIAN_POINT('',(-7.39370260728283,9.51502295084248,5.));
#2134=CARTESIAN_POINT('',(-3.16652121775151,5.28784156131115,5.));
#2135=CARTESIAN_POINT('Origin',(0.,0.,5.));
#2136=CARTESIAN_POINT('Origin',(0.,0.,5.));
#2137=CARTESIAN_POINT('',(7.39370260728284,9.51502295084248,5.));
#2138=CARTESIAN_POINT('Origin',(0.,0.,5.));
#2139=CARTESIAN_POINT('',(21.9141902085818,24.0355105521414,5.));
#2140=CARTESIAN_POINT('Origin',(0.,0.,0.));
#2141=CARTESIAN_POINT('',(-7.39370260728283,9.51502295084248,0.));
#2142=CARTESIAN_POINT('Origin',(0.,0.,0.));
#2143=CARTESIAN_POINT('',(7.39370260728283,9.51502295084247,0.));
#2144=CARTESIAN_POINT('Origin',(9.51502295084248,7.39370260728283,0.));
#2145=CARTESIAN_POINT('',(9.51502295084248,7.39370260728283,0.));
#2146=CARTESIAN_POINT('Origin',(44.8890405889433,47.0103609325029,0.));
#2147=CARTESIAN_POINT('Origin',(-7.39370260728283,9.51502295084248,0.));
#2148=CARTESIAN_POINT('Origin',(0.,0.,0.));
#2149=CARTESIAN_POINT('',(-11.9562745033727,1.5,5.));
#2150=CARTESIAN_POINT('Origin',(0.,0.,5.));
#2151=CARTESIAN_POINT('',(-11.9562745033727,1.5,0.));
#2152=CARTESIAN_POINT('Origin',(0.,0.,5.));
#2153=CARTESIAN_POINT('',(-5.97813725168635,1.5,5.));
#2154=CARTESIAN_POINT('Origin',(7.39370260728283,-9.51502295084248,0.));
#2155=CARTESIAN_POINT('Origin',(0.,0.,0.));
#2156=CARTESIAN_POINT('',(11.9562745033727,-1.5,0.));
#2157=CARTESIAN_POINT('Origin',(11.9562745033727,-1.5,0.));
#2158=CARTESIAN_POINT('Origin',(0.,0.,5.));
#2159=CARTESIAN_POINT('Origin',(0.,0.,5.));
#2160=CARTESIAN_POINT('Origin',(0.,0.,0.));
#2161=CARTESIAN_POINT('Origin',(0.,0.,0.));
#2162=CARTESIAN_POINT('Origin',(-11.9562745033727,1.5,0.));
#2163=CARTESIAN_POINT('Origin',(0.,0.,0.));
#2164=UNCERTAINTY_MEASURE_WITH_UNIT(LENGTH_MEASURE(0.01),#2168,
'DISTANCE_ACCURACY_VALUE',
'Maximum model space distance between geometric entities at asserted c
onnectivities');
#2165=UNCERTAINTY_MEASURE_WITH_UNIT(LENGTH_MEASURE(0.01),#2168,
'DISTANCE_ACCURACY_VALUE',
'Maximum model space distance between geometric entities at asserted c
onnectivities');
#2166=(
GEOMETRIC_REPRESENTATION_CONTEXT(3)
GLOBAL_UNCERTAINTY_ASSIGNED_CONTEXT((#2164))
GLOBAL_UNIT_ASSIGNED_CONTEXT((#2168,#2170,#2171))
REPRESENTATION_CONTEXT('','3D')
);
#2167=(
GEOMETRIC_REPRESENTATION_CONTEXT(3)
GLOBAL_UNCERTAINTY_ASSIGNED_CONTEXT((#2165))
GLOBAL_UNIT_ASSIGNED_CONTEXT((#2168,#2170,#2171))
REPRESENTATION_CONTEXT('','3D')
);
#2168=(
LENGTH_UNIT()
NAMED_UNIT(*)
SI_UNIT(.MILLI.,.METRE.)
);
#2169=(
LENGTH_UNIT()
NAMED_UNIT(*)
SI_UNIT($,.METRE.)
);
#2170=(
NAMED_UNIT(*)
PLANE_ANGLE_UNIT()
SI_UNIT($,.RADIAN.)
);
#2171=(
NAMED_UNIT(*)
SI_UNIT($,.STERADIAN.)
SOLID_ANGLE_UNIT()
);
#2172=SHAPE_DEFINITION_REPRESENTATION(#2173,#2174);
#2173=PRODUCT_DEFINITION_SHAPE('',$,#2176);
#2174=SHAPE_REPRESENTATION('',(#1005),#2166);
#2175=PRODUCT_DEFINITION_CONTEXT('part definition',#2180,'design');
#2176=PRODUCT_DEFINITION('air_injector_drill_guide',
'air_injector_drill_guide v3',#2177,#2175);
#2177=PRODUCT_DEFINITION_FORMATION('',$,#2182);
#2178=PRODUCT_RELATED_PRODUCT_CATEGORY('air_injector_drill_guide v3',
'air_injector_drill_guide v3',(#2182));
#2179=APPLICATION_PROTOCOL_DEFINITION('international standard',
'automotive_design',2009,#2180);
#2180=APPLICATION_CONTEXT(
'Core Data for Automotive Mechanical Design Process');
#2181=PRODUCT_CONTEXT('part definition',#2180,'mechanical');
#2182=PRODUCT('air_injector_drill_guide','air_injector_drill_guide v3',
$,(#2181));
#2183=PRESENTATION_STYLE_ASSIGNMENT((#2184));
#2184=SURFACE_STYLE_USAGE(.BOTH.,#2185);
#2185=SURFACE_SIDE_STYLE('',(#2186));
#2186=SURFACE_STYLE_FILL_AREA(#2187);
#2187=FILL_AREA_STYLE('Plastic - Matte (Gray)',(#2188));
#2188=FILL_AREA_STYLE_COLOUR('Plastic - Matte (Gray)',#2189);
#2189=COLOUR_RGB('Plastic - Matte (Gray)',0.701960784313725,0.701960784313725,
0.701960784313725);
ENDSEC;
END-ISO-10303-21;
