solid OpenSCAD_Model
  facet normal -0 0 -1
    outer loop
      vertex -0.0224991 -0.483199 -0.0999994
      vertex -0.0249996 -0.485999 -0.0999994
      vertex -0.0224991 -0.4828 -0.0999994
    endloop
  endfacet
  facet normal -0 0 -1
    outer loop
      vertex -0.00394917 -0.4606 -0.0999994
      vertex -0.00429916 -0.4619 -0.0999994
      vertex -0.0040493 -0.459299 -0.0999994
    endloop
  endfacet
  facet normal 0 0 -1
    outer loop
      vertex 0.3411 -0.00674915 -0.0999994
      vertex 0.3538 -0.0122499 -0.0999994
      vertex 0.35325 -0.0122499 -0.0999994
    endloop
  endfacet
  facet normal 0 0 -1
    outer loop
      vertex 0.3538 -0.0122499 -0.0999994
      vertex 0.3525 0.2385 -0.0999994
      vertex 0.35415 0.23965 -0.0999994
    endloop
  endfacet
  facet normal 0 0 -1
    outer loop
      vertex 0.3538 -0.0122499 -0.0999994
      vertex 0.351749 0.23805 -0.0999994
      vertex 0.3525 0.2385 -0.0999994
    endloop
  endfacet
  facet normal 0 0 -1
    outer loop
      vertex 0.3538 -0.0122499 -0.0999994
      vertex 0.3199 0.0112 -0.0999994
      vertex 0.351749 0.23805 -0.0999994
    endloop
  endfacet
  facet normal 0 0 -1
    outer loop
      vertex 0.31815 0.0126495 -0.0999994
      vertex 0.351749 0.23805 -0.0999994
      vertex 0.3199 0.0112 -0.0999994
    endloop
  endfacet
  facet normal 0 0 -1
    outer loop
      vertex 0.3538 -0.0122499 -0.0999994
      vertex 0.3411 -0.00674915 -0.0999994
      vertex 0.326349 0.00514984 -0.0999994
    endloop
  endfacet
  facet normal 0 0 -1
    outer loop
      vertex 0.3538 -0.0122499 -0.0999994
      vertex 0.326349 0.00514984 -0.0999994
      vertex 0.3199 0.0112 -0.0999994
    endloop
  endfacet
  facet normal 0 0 -1
    outer loop
      vertex 0.326349 0.00514984 -0.0999994
      vertex 0.3411 -0.00674915 -0.0999994
      vertex 0.337399 -0.00499916 -0.0999994
    endloop
  endfacet
  facet normal 0 0 -1
    outer loop
      vertex 0.351749 0.23805 -0.0999994
      vertex 0.31815 0.0126495 -0.0999994
      vertex 0.34915 0.237049 -0.0999994
    endloop
  endfacet
  facet normal 0 0 -1
    outer loop
      vertex 0.297649 0.0286493 -0.0999994
      vertex 0.34915 0.237049 -0.0999994
      vertex 0.31815 0.0126495 -0.0999994
    endloop
  endfacet
  facet normal 0 0 -1
    outer loop
      vertex 0.294649 0.0311499 -0.0999994
      vertex 0.34915 0.237049 -0.0999994
      vertex 0.297649 0.0286493 -0.0999994
    endloop
  endfacet
  facet normal 0 0 -1
    outer loop
      vertex 0.29225 0.0330992 -0.0999994
      vertex 0.34915 0.237049 -0.0999994
      vertex 0.294649 0.0311499 -0.0999994
    endloop
  endfacet
  facet normal 0 0 -1
    outer loop
      vertex 0.34915 0.237049 -0.0999994
      vertex 0.339149 0.2352 -0.0999994
      vertex 0.346649 0.236699 -0.0999994
    endloop
  endfacet
  facet normal 0 0 -1
    outer loop
      vertex 0.297649 0.0286493 -0.0999994
      vertex 0.31815 0.0126495 -0.0999994
      vertex 0.3124 0.0163498 -0.0999994
    endloop
  endfacet
  facet normal 0 0 -1
    outer loop
      vertex 0.34915 0.237049 -0.0999994
      vertex 0.29225 0.0330992 -0.0999994
      vertex 0.339149 0.2352 -0.0999994
    endloop
  endfacet
  facet normal 0 0 -1
    outer loop
      vertex 0.288449 0.0362997 -0.0999994
      vertex 0.339149 0.2352 -0.0999994
      vertex 0.29225 0.0330992 -0.0999994
    endloop
  endfacet
  facet normal 0 0 -1
    outer loop
      vertex 0.297649 0.0286493 -0.0999994
      vertex 0.3124 0.0163498 -0.0999994
      vertex 0.297899 0.0283499 -0.0999994
    endloop
  endfacet
  facet normal 0 0 -1
    outer loop
      vertex 0.339149 0.2352 -0.0999994
      vertex 0.288449 0.0362997 -0.0999994
      vertex 0.33315 0.23475 -0.0999994
    endloop
  endfacet
  facet normal 0 0 -1
    outer loop
      vertex 0.294649 0.0311499 -0.0999994
      vertex 0.297649 0.0286493 -0.0999994
      vertex 0.2949 0.0308495 -0.0999994
    endloop
  endfacet
  facet normal 0 -0 -1
    outer loop
      vertex 0.30365 0.2287 -0.0999994
      vertex 0.33315 0.23475 -0.0999994
      vertex 0.288449 0.0362997 -0.0999994
    endloop
  endfacet
  facet normal 0 0 -1
    outer loop
      vertex 0.33315 0.23475 -0.0999994
      vertex 0.30365 0.2287 -0.0999994
      vertex 0.3144 0.233 -0.0999994
    endloop
  endfacet
  facet normal 0 0 -1
    outer loop
      vertex 0.3144 0.233 -0.0999994
      vertex 0.30365 0.2287 -0.0999994
      vertex 0.311899 0.23255 -0.0999994
    endloop
  endfacet
  facet normal 0 0 -1
    outer loop
      vertex 0.286599 0.0372496 -0.0999994
      vertex 0.30365 0.2287 -0.0999994
      vertex 0.288449 0.0362997 -0.0999994
    endloop
  endfacet
  facet normal 0 0 -1
    outer loop
      vertex 0.286599 0.0372496 -0.0999994
      vertex 0.288449 0.0362997 -0.0999994
      vertex 0.287749 0.0359993 -0.0999994
    endloop
  endfacet
  facet normal 0 0 -1
    outer loop
      vertex 0.26645 0.212449 -0.0999994
      vertex 0.30365 0.2287 -0.0999994
      vertex 0.286599 0.0372496 -0.0999994
    endloop
  endfacet
  facet normal 0 -0 -1
    outer loop
      vertex 0.278649 0.2216 -0.0999994
      vertex 0.30365 0.2287 -0.0999994
      vertex 0.2695 0.2148 -0.0999994
    endloop
  endfacet
  facet normal 0 0 -1
    outer loop
      vertex 0.29365 0.228499 -0.0999994
      vertex 0.285899 0.227099 -0.0999994
      vertex 0.28745 0.22825 -0.0999994
    endloop
  endfacet
  facet normal 0 0 -1
    outer loop
      vertex 0.28745 0.22825 -0.0999994
      vertex 0.285899 0.227099 -0.0999994
      vertex 0.2864 0.22765 -0.0999994
    endloop
  endfacet
  facet normal 0 0 -1
    outer loop
      vertex 0.29365 0.228499 -0.0999994
      vertex 0.280649 0.2231 -0.0999994
      vertex 0.285899 0.227099 -0.0999994
    endloop
  endfacet
  facet normal 0 0 -1
    outer loop
      vertex 0.285899 0.227099 -0.0999994
      vertex 0.280649 0.2231 -0.0999994
      vertex 0.280749 0.223249 -0.0999994
    endloop
  endfacet
  facet normal 0 0 -1
    outer loop
      vertex 0.29365 0.228499 -0.0999994
      vertex 0.278649 0.2216 -0.0999994
      vertex 0.280649 0.2231 -0.0999994
    endloop
  endfacet
  facet normal 0 0 -1
    outer loop
      vertex 0.280649 0.2231 -0.0999994
      vertex 0.278649 0.2216 -0.0999994
      vertex 0.278749 0.221749 -0.0999994
    endloop
  endfacet
  facet normal 0 0 -1
    outer loop
      vertex 0.26645 0.212449 -0.0999994
      vertex 0.286599 0.0372496 -0.0999994
      vertex 0.274899 0.0401993 -0.0999994
    endloop
  endfacet
  facet normal 0 0 -1
    outer loop
      vertex 0.259749 0.2092 -0.0999994
      vertex 0.274899 0.0401993 -0.0999994
      vertex 0.269899 0.0412998 -0.0999994
    endloop
  endfacet
  facet normal 0 0 -1
    outer loop
      vertex 0.30365 0.2287 -0.0999994
      vertex 0.278649 0.2216 -0.0999994
      vertex 0.29365 0.228499 -0.0999994
    endloop
  endfacet
  facet normal 0 0 -1
    outer loop
      vertex 0.30365 0.2287 -0.0999994
      vertex 0.26645 0.212449 -0.0999994
      vertex 0.2695 0.2148 -0.0999994
    endloop
  endfacet
  facet normal 0 0 -1
    outer loop
      vertex 0.259749 0.2092 -0.0999994
      vertex 0.269899 0.0412998 -0.0999994
      vertex 0.26615 0.0422993 -0.0999994
    endloop
  endfacet
  facet normal 0 0 -1
    outer loop
      vertex 0.259749 0.2092 -0.0999994
      vertex 0.26615 0.0422993 -0.0999994
      vertex 0.2624 0.0432491 -0.0999994
    endloop
  endfacet
  facet normal 0 0 -1
    outer loop
      vertex 0.257899 0.0424995 -0.0999994
      vertex 0.2624 0.0432491 -0.0999994
      vertex 0.261149 0.0429993 -0.0999994
    endloop
  endfacet
  facet normal 0 0 -1
    outer loop
      vertex 0.274899 0.0401993 -0.0999994
      vertex 0.260699 0.2097 -0.0999994
      vertex 0.26645 0.212449 -0.0999994
    endloop
  endfacet
  facet normal 0 0 -1
    outer loop
      vertex 0.274899 0.0401993 -0.0999994
      vertex 0.259749 0.2092 -0.0999994
      vertex 0.260699 0.2097 -0.0999994
    endloop
  endfacet
  facet normal 0 0 -1
    outer loop
      vertex 0.2624 0.0432491 -0.0999994
      vertex 0.258149 0.208699 -0.0999994
      vertex 0.259749 0.2092 -0.0999994
    endloop
  endfacet
  facet normal -0 0 -1
    outer loop
      vertex 0.2624 0.0432491 -0.0999994
      vertex 0.257899 0.0424995 -0.0999994
      vertex 0.1965 0.171499 -0.0999994
    endloop
  endfacet
  facet normal 0 0 -1
    outer loop
      vertex 0.1965 0.171499 -0.0999994
      vertex 0.257899 0.0424995 -0.0999994
      vertex 0.23765 0.0394497 -0.0999994
    endloop
  endfacet
  facet normal 0 0 -1
    outer loop
      vertex 0.2624 0.0432491 -0.0999994
      vertex 0.22015 0.189099 -0.0999994
      vertex 0.258149 0.208699 -0.0999994
    endloop
  endfacet
  facet normal 0 0 -1
    outer loop
      vertex 0.1965 0.171499 -0.0999994
      vertex 0.23765 0.0394497 -0.0999994
      vertex 0.236799 0.0389996 -0.0999994
    endloop
  endfacet
  facet normal 0 0 -1
    outer loop
      vertex 0.10475 0.104549 -0.0999994
      vertex 0.236799 0.0389996 -0.0999994
      vertex 0.2351 0.0369997 -0.0999994
    endloop
  endfacet
  facet normal 0 0 -1
    outer loop
      vertex 0.232499 0.0325994 -0.0999994
      vertex 0.2351 0.0369997 -0.0999994
      vertex 0.23475 0.0362997 -0.0999994
    endloop
  endfacet
  facet normal 0 0 -1
    outer loop
      vertex 0.0981998 0.0818996 -0.0999994
      vertex 0.2351 0.0369997 -0.0999994
      vertex 0.232499 0.0325994 -0.0999994
    endloop
  endfacet
  facet normal 0 0 -1
    outer loop
      vertex 0.2057 -0.00704956 -0.0999994
      vertex 0.232499 0.0325994 -0.0999994
      vertex 0.229199 0.0198994 -0.0999994
    endloop
  endfacet
  facet normal 0 0 -1
    outer loop
      vertex 0.2281 0.0156498 -0.0999994
      vertex 0.229199 0.0198994 -0.0999994
      vertex 0.228499 0.0168991 -0.0999994
    endloop
  endfacet
  facet normal 0 0 -1
    outer loop
      vertex 0.229199 0.0198994 -0.0999994
      vertex 0.2281 0.0156498 -0.0999994
      vertex 0.21215 -0.00269985 -0.0999994
    endloop
  endfacet
  facet normal 0 0 -1
    outer loop
      vertex 0.21215 -0.00269985 -0.0999994
      vertex 0.2281 0.0156498 -0.0999994
      vertex 0.227249 0.0123997 -0.0999994
    endloop
  endfacet
  facet normal 0 0 -1
    outer loop
      vertex 0.258149 0.208699 -0.0999994
      vertex 0.221 0.189899 -0.0999994
      vertex 0.237399 0.204149 -0.0999994
    endloop
  endfacet
  facet normal 0 0 -1
    outer loop
      vertex 0.258149 0.208699 -0.0999994
      vertex 0.22015 0.189099 -0.0999994
      vertex 0.221 0.189899 -0.0999994
    endloop
  endfacet
  facet normal 0 0 -1
    outer loop
      vertex 0.2624 0.0432491 -0.0999994
      vertex 0.217649 0.187099 -0.0999994
      vertex 0.22015 0.189099 -0.0999994
    endloop
  endfacet
  facet normal 0 0 -1
    outer loop
      vertex 0.2624 0.0432491 -0.0999994
      vertex 0.1965 0.171499 -0.0999994
      vertex 0.21235 0.184099 -0.0999994
    endloop
  endfacet
  facet normal 0 0 -1
    outer loop
      vertex 0.229199 0.0198994 -0.0999994
      vertex 0.21215 -0.00269985 -0.0999994
      vertex 0.2057 -0.00704956 -0.0999994
    endloop
  endfacet
  facet normal 0 0 -1
    outer loop
      vertex 0.232499 0.0325994 -0.0999994
      vertex 0.2057 -0.00704956 -0.0999994
      vertex 0.204599 -0.00774956 -0.0999994
    endloop
  endfacet
  facet normal 0 0 -1
    outer loop
      vertex 0.204599 -0.00774956 -0.0999994
      vertex 0.2057 -0.00704956 -0.0999994
      vertex 0.204949 -0.00774956 -0.0999994
    endloop
  endfacet
  facet normal -0 0 -1
    outer loop
      vertex 0.232499 0.0325994 -0.0999994
      vertex 0.204599 -0.00774956 -0.0999994
      vertex 0.0967493 0.0717993 -0.0999994
    endloop
  endfacet
  facet normal 0 0 -1
    outer loop
      vertex 0.197749 -0.0123491 -0.0999994
      vertex 0.204599 -0.00774956 -0.0999994
      vertex 0.203549 -0.00859928 -0.0999994
    endloop
  endfacet
  facet normal 0 0 -1
    outer loop
      vertex 0.204599 -0.00774956 -0.0999994
      vertex 0.197749 -0.0123491 -0.0999994
      vertex 0.12925 -0.0123491 -0.0999994
    endloop
  endfacet
  facet normal 0 0 -1
    outer loop
      vertex 0.2624 0.0432491 -0.0999994
      vertex 0.21235 0.184099 -0.0999994
      vertex 0.217649 0.187099 -0.0999994
    endloop
  endfacet
  facet normal -0 0 -1
    outer loop
      vertex 0.3525 0.2385 -0.0999994
      vertex 0.351749 0.23805 -0.0999994
      vertex 0.351749 0.2385 -0.0999994
    endloop
  endfacet
  facet normal -0 0 -1
    outer loop
      vertex 0.19615 0.172999 -0.0999994
      vertex 0.19595 0.171499 -0.0999994
      vertex 0.195499 0.172999 -0.0999994
    endloop
  endfacet
  facet normal -0 0 -1
    outer loop
      vertex 0.195149 0.1755 -0.0999994
      vertex 0.194949 0.174 -0.0999994
      vertex 0.194449 0.1755 -0.0999994
    endloop
  endfacet
  facet normal -0 0 -1
    outer loop
      vertex 0.19465 0.176999 -0.0999994
      vertex 0.194449 0.1755 -0.0999994
      vertex 0.19395 0.176999 -0.0999994
    endloop
  endfacet
  facet normal -0 0 -1
    outer loop
      vertex 0.1942 0.177999 -0.0999994
      vertex 0.19395 0.176999 -0.0999994
      vertex 0.19345 0.177999 -0.0999994
    endloop
  endfacet
  facet normal -0 0 -1
    outer loop
      vertex 0.193649 0.1795 -0.0999994
      vertex 0.19345 0.177999 -0.0999994
      vertex 0.193 0.1795 -0.0999994
    endloop
  endfacet
  facet normal -0 0 -1
    outer loop
      vertex 0.19265 0.181999 -0.0999994
      vertex 0.19245 0.180499 -0.0999994
      vertex 0.19195 0.181999 -0.0999994
    endloop
  endfacet
  facet normal -0 0 -1
    outer loop
      vertex 0.192149 0.183499 -0.0999994
      vertex 0.19195 0.181999 -0.0999994
      vertex 0.191449 0.183499 -0.0999994
    endloop
  endfacet
  facet normal -0 0 -1
    outer loop
      vertex 0.1917 0.1845 -0.0999994
      vertex 0.191449 0.183499 -0.0999994
      vertex 0.190949 0.1845 -0.0999994
    endloop
  endfacet
  facet normal -0 0 -1
    outer loop
      vertex 0.19115 0.186 -0.0999994
      vertex 0.190949 0.1845 -0.0999994
      vertex 0.190499 0.186 -0.0999994
    endloop
  endfacet
  facet normal 0 0 -1
    outer loop
      vertex 0.2471 0.27965 -0.0999994
      vertex 0.2535 0.29575 -0.0999994
      vertex 0.253249 0.29215 -0.0999994
    endloop
  endfacet
  facet normal -0 0 -1
    outer loop
      vertex 0.266049 -0.462449 -0.0999994
      vertex 0.26475 -0.46375 -0.0999994
      vertex 0.265949 -0.4585 -0.0999994
    endloop
  endfacet
  facet normal 0 0 -1
    outer loop
      vertex 0.271999 -0.405299 -0.0999994
      vertex 0.272949 -0.411349 -0.0999994
      vertex 0.273149 -0.4246 -0.0999994
    endloop
  endfacet
  facet normal 0 0 -1
    outer loop
      vertex 0.272949 -0.411349 -0.0999994
      vertex 0.271999 -0.405299 -0.0999994
      vertex 0.272449 -0.4071 -0.0999994
    endloop
  endfacet
  facet normal 0 0 -1
    outer loop
      vertex 0.272249 -0.442249 -0.0999994
      vertex 0.27395 -0.436099 -0.0999994
      vertex 0.27415 -0.437099 -0.0999994
    endloop
  endfacet
  facet normal 0 0 -1
    outer loop
      vertex 0.272249 -0.442249 -0.0999994
      vertex 0.273549 -0.430499 -0.0999994
      vertex 0.27395 -0.436099 -0.0999994
    endloop
  endfacet
  facet normal 0 0 -1
    outer loop
      vertex 0.270949 -0.4456 -0.0999994
      vertex 0.273549 -0.430499 -0.0999994
      vertex 0.272249 -0.442249 -0.0999994
    endloop
  endfacet
  facet normal -0 0 -1
    outer loop
      vertex 0.273549 -0.430499 -0.0999994
      vertex 0.270949 -0.4456 -0.0999994
      vertex 0.273149 -0.4246 -0.0999994
    endloop
  endfacet
  facet normal 0 0 -1
    outer loop
      vertex 0.272449 -0.4071 -0.0999994
      vertex 0.271999 -0.405299 -0.0999994
      vertex 0.272349 -0.405849 -0.0999994
    endloop
  endfacet
  facet normal 0 0 -1
    outer loop
      vertex 0.271999 -0.405299 -0.0999994
      vertex 0.2717 -0.4021 -0.0999994
      vertex 0.271999 -0.40385 -0.0999994
    endloop
  endfacet
  facet normal 0 0 -1
    outer loop
      vertex 0.270249 -0.447399 -0.0999994
      vertex 0.273149 -0.4246 -0.0999994
      vertex 0.270949 -0.4456 -0.0999994
    endloop
  endfacet
  facet normal 0 0 -1
    outer loop
      vertex 0.269449 -0.449599 -0.0999994
      vertex 0.273149 -0.4246 -0.0999994
      vertex 0.270249 -0.447399 -0.0999994
    endloop
  endfacet
  facet normal 0 0 -1
    outer loop
      vertex 0.271399 -0.39895 -0.0999994
      vertex 0.271 -0.3979 -0.0999994
      vertex 0.271399 -0.398299 -0.0999994
    endloop
  endfacet
  facet normal 0 0 -1
    outer loop
      vertex 0.267699 -0.4541 -0.0999994
      vertex 0.273149 -0.4246 -0.0999994
      vertex 0.269449 -0.449599 -0.0999994
    endloop
  endfacet
  facet normal 0 0 -1
    outer loop
      vertex 0.2717 -0.4021 -0.0999994
      vertex 0.271 -0.3979 -0.0999994
      vertex 0.271399 -0.39895 -0.0999994
    endloop
  endfacet
  facet normal -0 0 -1
    outer loop
      vertex 0.271999 0.37865 -0.0999994
      vertex 0.27185 0.377749 -0.0999994
      vertex 0.271999 0.38005 -0.0999994
    endloop
  endfacet
  facet normal -0 0 -1
    outer loop
      vertex 0.414499 -0.26565 -0.0999994
      vertex 0.412649 -0.26625 -0.0999994
      vertex 0.414499 -0.265249 -0.0999994
    endloop
  endfacet
  facet normal 0 0 -1
    outer loop
      vertex 0.4155 -0.265249 -0.0999994
      vertex 0.414499 -0.265249 -0.0999994
      vertex 0.4155 -0.26485 -0.0999994
    endloop
  endfacet
  facet normal -0 0 -1
    outer loop
      vertex 0.447499 0.0158997 -0.0999994
      vertex 0.445 0.0141497 -0.0999994
      vertex 0.447499 0.0162497 -0.0999994
    endloop
  endfacet
  facet normal -0 0 -1
    outer loop
      vertex 0.457999 0.0238991 -0.0999994
      vertex 0.4555 0.0221491 -0.0999994
      vertex 0.457999 0.0242491 -0.0999994
    endloop
  endfacet
  facet normal 0 0 -1
    outer loop
      vertex 0.46075 0.0257492 -0.0999994
      vertex 0.46025 0.0257492 -0.0999994
      vertex 0.46075 0.0261993 -0.0999994
    endloop
  endfacet
  facet normal 0 0 -1
    outer loop
      vertex 0.462649 0.0274992 -0.0999994
      vertex 0.474999 0.231999 -0.0999994
      vertex 0.474999 0.0274992 -0.0999994
    endloop
  endfacet
  facet normal 0 0 -1
    outer loop
      vertex 0.462649 0.0274992 -0.0999994
      vertex 0.462649 0.231999 -0.0999994
      vertex 0.474999 0.231999 -0.0999994
    endloop
  endfacet
  facet normal 0 0 -1
    outer loop
      vertex 0.439349 0.2372 -0.0999994
      vertex 0.462649 0.0274992 -0.0999994
      vertex 0.46075 0.0261993 -0.0999994
    endloop
  endfacet
  facet normal 0 0 -1
    outer loop
      vertex 0.459849 0.0254498 -0.0999994
      vertex 0.46075 0.0261993 -0.0999994
      vertex 0.46025 0.0257492 -0.0999994
    endloop
  endfacet
  facet normal 0 0 -1
    outer loop
      vertex 0.46075 0.0261993 -0.0999994
      vertex 0.459849 0.0254498 -0.0999994
      vertex 0.457999 0.0242491 -0.0999994
    endloop
  endfacet
  facet normal 0 0 -1
    outer loop
      vertex 0.457999 0.0242491 -0.0999994
      vertex 0.459849 0.0254498 -0.0999994
      vertex 0.4585 0.0242491 -0.0999994
    endloop
  endfacet
  facet normal -0 0 -1
    outer loop
      vertex 0.46075 0.0261993 -0.0999994
      vertex 0.457999 0.0242491 -0.0999994
      vertex 0.35415 0.23965 -0.0999994
    endloop
  endfacet
  facet normal 0 0 -1
    outer loop
      vertex 0.4536 0.0207491 -0.0999994
      vertex 0.457999 0.0242491 -0.0999994
      vertex 0.4555 0.0221491 -0.0999994
    endloop
  endfacet
  facet normal 0 0 -1
    outer loop
      vertex 0.4536 0.0207491 -0.0999994
      vertex 0.4555 0.0221491 -0.0999994
      vertex 0.454 0.0207491 -0.0999994
    endloop
  endfacet
  facet normal -0 0 -1
    outer loop
      vertex 0.457999 0.0242491 -0.0999994
      vertex 0.4536 0.0207491 -0.0999994
      vertex 0.35415 0.23965 -0.0999994
    endloop
  endfacet
  facet normal 0 0 -1
    outer loop
      vertex 0.451599 0.0192499 -0.0999994
      vertex 0.4536 0.0207491 -0.0999994
      vertex 0.451949 0.0192499 -0.0999994
    endloop
  endfacet
  facet normal 0 0 -1
    outer loop
      vertex 0.35415 0.23965 -0.0999994
      vertex 0.4536 0.0207491 -0.0999994
      vertex 0.451599 0.0192499 -0.0999994
    endloop
  endfacet
  facet normal 0 0 -1
    outer loop
      vertex 0.44975 0.0177498 -0.0999994
      vertex 0.451599 0.0192499 -0.0999994
      vertex 0.449949 0.0177498 -0.0999994
    endloop
  endfacet
  facet normal 0 0 -1
    outer loop
      vertex 0.447499 0.0162497 -0.0999994
      vertex 0.451599 0.0192499 -0.0999994
      vertex 0.44975 0.0177498 -0.0999994
    endloop
  endfacet
  facet normal 0 0 -1
    outer loop
      vertex 0.447499 0.0162497 -0.0999994
      vertex 0.44975 0.0177498 -0.0999994
      vertex 0.449349 0.0174494 -0.0999994
    endloop
  endfacet
  facet normal 0 0 -1
    outer loop
      vertex 0.447499 0.0162497 -0.0999994
      vertex 0.449349 0.0174494 -0.0999994
      vertex 0.448 0.0162497 -0.0999994
    endloop
  endfacet
  facet normal -0 0 -1
    outer loop
      vertex 0.451599 0.0192499 -0.0999994
      vertex 0.447499 0.0162497 -0.0999994
      vertex 0.35415 0.23965 -0.0999994
    endloop
  endfacet
  facet normal 0 0 -1
    outer loop
      vertex 0.4431 0.0127497 -0.0999994
      vertex 0.447499 0.0162497 -0.0999994
      vertex 0.445 0.0141497 -0.0999994
    endloop
  endfacet
  facet normal 0 0 -1
    outer loop
      vertex 0.4431 0.0127497 -0.0999994
      vertex 0.445 0.0141497 -0.0999994
      vertex 0.4435 0.0127497 -0.0999994
    endloop
  endfacet
  facet normal 0 0 -1
    outer loop
      vertex 0.447499 0.0162497 -0.0999994
      vertex 0.4431 0.0127497 -0.0999994
      vertex 0.43125 0.00604916 -0.0999994
    endloop
  endfacet
  facet normal 0 0 -1
    outer loop
      vertex 0.462649 0.0274992 -0.0999994
      vertex 0.439349 0.2372 -0.0999994
      vertex 0.462649 0.231999 -0.0999994
    endloop
  endfacet
  facet normal 0 0 -1
    outer loop
      vertex 0.43555 0.0067997 -0.0999994
      vertex 0.4431 0.0127497 -0.0999994
      vertex 0.43765 0.00719929 -0.0999994
    endloop
  endfacet
  facet normal 0 0 -1
    outer loop
      vertex 0.43125 0.00604916 -0.0999994
      vertex 0.4431 0.0127497 -0.0999994
      vertex 0.43555 0.0067997 -0.0999994
    endloop
  endfacet
  facet normal -0 0 -1
    outer loop
      vertex 0.447499 0.0162497 -0.0999994
      vertex 0.43125 0.00604916 -0.0999994
      vertex 0.35415 0.23965 -0.0999994
    endloop
  endfacet
  facet normal 0 0 -1
    outer loop
      vertex 0.43555 0.0067997 -0.0999994
      vertex 0.43765 0.00719929 -0.0999994
      vertex 0.436399 0.00659943 -0.0999994
    endloop
  endfacet
  facet normal 0 0 -1
    outer loop
      vertex 0.46075 0.0261993 -0.0999994
      vertex 0.43545 0.2387 -0.0999994
      vertex 0.439349 0.2372 -0.0999994
    endloop
  endfacet
  facet normal 0 0 -1
    outer loop
      vertex 0.43765 0.23805 -0.0999994
      vertex 0.43545 0.2387 -0.0999994
      vertex 0.437349 0.238549 -0.0999994
    endloop
  endfacet
  facet normal 0 0 -1
    outer loop
      vertex 0.43125 0.00604916 -0.0999994
      vertex 0.43555 0.0067997 -0.0999994
      vertex 0.433399 0.00619984 -0.0999994
    endloop
  endfacet
  facet normal 0 0 -1
    outer loop
      vertex 0.439349 0.2372 -0.0999994
      vertex 0.43545 0.2387 -0.0999994
      vertex 0.43765 0.23805 -0.0999994
    endloop
  endfacet
  facet normal 0 0 -1
    outer loop
      vertex 0.46075 0.0261993 -0.0999994
      vertex 0.35415 0.23965 -0.0999994
      vertex 0.43545 0.2387 -0.0999994
    endloop
  endfacet
  facet normal 0 0 -1
    outer loop
      vertex 0.43545 0.2387 -0.0999994
      vertex 0.43065 0.240499 -0.0999994
      vertex 0.4324 0.24 -0.0999994
    endloop
  endfacet
  facet normal 0 0 -1
    outer loop
      vertex 0.4324 0.24 -0.0999994
      vertex 0.43065 0.240499 -0.0999994
      vertex 0.431399 0.240499 -0.0999994
    endloop
  endfacet
  facet normal 0 0 -1
    outer loop
      vertex 0.3538 -0.0122499 -0.0999994
      vertex 0.43125 0.00604916 -0.0999994
      vertex 0.430099 0.00529957 -0.0999994
    endloop
  endfacet
  facet normal 0 -0 -1
    outer loop
      vertex 0.377999 0.2455 -0.0999994
      vertex 0.43545 0.2387 -0.0999994
      vertex 0.35415 0.23965 -0.0999994
    endloop
  endfacet
  facet normal 0 0 -1
    outer loop
      vertex 0.43065 0.240499 -0.0999994
      vertex 0.428249 0.2415 -0.0999994
      vertex 0.429 0.2415 -0.0999994
    endloop
  endfacet
  facet normal 0 0 -1
    outer loop
      vertex 0.43545 0.2387 -0.0999994
      vertex 0.377999 0.2455 -0.0999994
      vertex 0.43065 0.240499 -0.0999994
    endloop
  endfacet
  facet normal 0 0 -1
    outer loop
      vertex 0.428249 0.2415 -0.0999994
      vertex 0.4259 0.24245 -0.0999994
      vertex 0.426649 0.24235 -0.0999994
    endloop
  endfacet
  facet normal 0 -0 -1
    outer loop
      vertex 0.401649 0.247 -0.0999994
      vertex 0.43065 0.240499 -0.0999994
      vertex 0.38155 0.245999 -0.0999994
    endloop
  endfacet
  facet normal 0 0 -1
    outer loop
      vertex 0.43065 0.240499 -0.0999994
      vertex 0.401649 0.247 -0.0999994
      vertex 0.428249 0.2415 -0.0999994
    endloop
  endfacet
  facet normal 0 0 -1
    outer loop
      vertex 0.423149 0.2435 -0.0999994
      vertex 0.4217 0.243999 -0.0999994
      vertex 0.422649 0.243999 -0.0999994
    endloop
  endfacet
  facet normal 0 0 -1
    outer loop
      vertex 0.428249 0.2415 -0.0999994
      vertex 0.401649 0.247 -0.0999994
      vertex 0.4259 0.24245 -0.0999994
    endloop
  endfacet
  facet normal 0 0 -1
    outer loop
      vertex 0.397499 -0.0123491 -0.0999994
      vertex 0.430099 0.00529957 -0.0999994
      vertex 0.417899 -0.00424957 -0.0999994
    endloop
  endfacet
  facet normal -0 -0 -1
    outer loop
      vertex 0.417899 0.245549 -0.0999994
      vertex 0.4217 0.243999 -0.0999994
      vertex 0.401649 0.247 -0.0999994
    endloop
  endfacet
  facet normal 0 0 -1
    outer loop
      vertex 0.4217 0.243999 -0.0999994
      vertex 0.417899 0.245549 -0.0999994
      vertex 0.4199 0.244949 -0.0999994
    endloop
  endfacet
  facet normal 0 -0 -1
    outer loop
      vertex 0.41155 0.247499 -0.0999994
      vertex 0.417899 0.245549 -0.0999994
      vertex 0.401649 0.247 -0.0999994
    endloop
  endfacet
  facet normal 0 0 -1
    outer loop
      vertex 0.414399 0.247 -0.0999994
      vertex 0.41255 0.247499 -0.0999994
      vertex 0.4134 0.247499 -0.0999994
    endloop
  endfacet
  facet normal 0 0 -1
    outer loop
      vertex 0.414399 0.247 -0.0999994
      vertex 0.41155 0.247499 -0.0999994
      vertex 0.41255 0.247499 -0.0999994
    endloop
  endfacet
  facet normal 0 0 -1
    outer loop
      vertex 0.397499 -0.0123491 -0.0999994
      vertex 0.417899 -0.00424957 -0.0999994
      vertex 0.412149 -0.00864983 -0.0999994
    endloop
  endfacet
  facet normal 0 0 -1
    outer loop
      vertex 0.41255 0.247499 -0.0999994
      vertex 0.41155 0.247499 -0.0999994
      vertex 0.4122 0.247999 -0.0999994
    endloop
  endfacet
  facet normal 0 0 -1
    outer loop
      vertex 0.417899 0.245549 -0.0999994
      vertex 0.41155 0.247499 -0.0999994
      vertex 0.414399 0.247 -0.0999994
    endloop
  endfacet
  facet normal 0 0 -1
    outer loop
      vertex 0.41155 0.247499 -0.0999994
      vertex 0.401649 0.247 -0.0999994
      vertex 0.402049 0.247399 -0.0999994
    endloop
  endfacet
  facet normal 0 0 -1
    outer loop
      vertex 0.430099 0.00529957 -0.0999994
      vertex 0.397499 -0.0123491 -0.0999994
      vertex 0.3538 -0.0122499 -0.0999994
    endloop
  endfacet
  facet normal -0 0 -1
    outer loop
      vertex 0.455649 -0.0442495 -0.0999994
      vertex 0.2989 -0.0510998 -0.0999994
      vertex 0.452999 -0.0421991 -0.0999994
    endloop
  endfacet
  facet normal 0 -0 -1
    outer loop
      vertex 0.316649 -0.0372992 -0.0999994
      vertex 0.452999 -0.0421991 -0.0999994
      vertex 0.2989 -0.0510998 -0.0999994
    endloop
  endfacet
  facet normal -0 0 -1
    outer loop
      vertex 0.43125 0.00604916 -0.0999994
      vertex 0.3538 -0.0122499 -0.0999994
      vertex 0.35415 0.23965 -0.0999994
    endloop
  endfacet
  facet normal 0 0 -1
    outer loop
      vertex 0.384549 -0.264199 -0.0999994
      vertex 0.3904 -0.264899 -0.0999994
      vertex 0.3852 -0.264799 -0.0999994
    endloop
  endfacet
  facet normal 0 0 -1
    outer loop
      vertex 0.423149 0.2435 -0.0999994
      vertex 0.401649 0.247 -0.0999994
      vertex 0.4217 0.243999 -0.0999994
    endloop
  endfacet
  facet normal 0 0 -1
    outer loop
      vertex 0.38155 -0.2637 -0.0999994
      vertex 0.3904 -0.264899 -0.0999994
      vertex 0.384549 -0.264199 -0.0999994
    endloop
  endfacet
  facet normal 0 0 -1
    outer loop
      vertex 0.401649 0.247 -0.0999994
      vertex 0.38505 0.246499 -0.0999994
      vertex 0.38565 0.246949 -0.0999994
    endloop
  endfacet
  facet normal 0 0 -1
    outer loop
      vertex 0.38155 -0.2637 -0.0999994
      vertex 0.384549 -0.264199 -0.0999994
      vertex 0.382299 -0.26435 -0.0999994
    endloop
  endfacet
  facet normal 0 0 -1
    outer loop
      vertex 0.401649 0.247 -0.0999994
      vertex 0.38155 0.245999 -0.0999994
      vertex 0.38505 0.246499 -0.0999994
    endloop
  endfacet
  facet normal 0 -0 -1
    outer loop
      vertex 0.32165 -0.0328999 -0.0999994
      vertex 0.425799 -0.0259991 -0.0999994
      vertex 0.316649 -0.0372992 -0.0999994
    endloop
  endfacet
  facet normal 0 0 -1
    outer loop
      vertex 0.38505 0.246499 -0.0999994
      vertex 0.38155 0.245999 -0.0999994
      vertex 0.382899 0.246449 -0.0999994
    endloop
  endfacet
  facet normal 0 0 -1
    outer loop
      vertex 0.382899 0.246449 -0.0999994
      vertex 0.38155 0.245999 -0.0999994
      vertex 0.38215 0.246349 -0.0999994
    endloop
  endfacet
  facet normal 0 0 -1
    outer loop
      vertex 0.37855 -0.2632 -0.0999994
      vertex 0.38155 -0.2637 -0.0999994
      vertex 0.379299 -0.263849 -0.0999994
    endloop
  endfacet
  facet normal 0 0 -1
    outer loop
      vertex 0.4259 0.24245 -0.0999994
      vertex 0.401649 0.247 -0.0999994
      vertex 0.423149 0.2435 -0.0999994
    endloop
  endfacet
  facet normal -0 0 -1
    outer loop
      vertex 0.425799 -0.0259991 -0.0999994
      vertex 0.32165 -0.0328999 -0.0999994
      vertex 0.397499 -0.0128498 -0.0999994
    endloop
  endfacet
  facet normal 0 0 -1
    outer loop
      vertex 0.38155 0.245999 -0.0999994
      vertex 0.377999 0.2455 -0.0999994
      vertex 0.379399 0.24595 -0.0999994
    endloop
  endfacet
  facet normal 0 0 -1
    outer loop
      vertex 0.375099 -0.262799 -0.0999994
      vertex 0.37855 -0.2632 -0.0999994
      vertex 0.3761 -0.26335 -0.0999994
    endloop
  endfacet
  facet normal 0 0 -1
    outer loop
      vertex 0.4521 -0.0414991 -0.0999994
      vertex 0.316649 -0.0372992 -0.0999994
      vertex 0.425799 -0.0259991 -0.0999994
    endloop
  endfacet
  facet normal 0 0 -1
    outer loop
      vertex 0.379399 0.24595 -0.0999994
      vertex 0.377999 0.2455 -0.0999994
      vertex 0.37865 0.24585 -0.0999994
    endloop
  endfacet
  facet normal 0 -0 -1
    outer loop
      vertex 0.38155 0.245999 -0.0999994
      vertex 0.43065 0.240499 -0.0999994
      vertex 0.377999 0.2455 -0.0999994
    endloop
  endfacet
  facet normal 0 0 -1
    outer loop
      vertex 0.367399 -0.2623 -0.0999994
      vertex 0.375099 -0.262799 -0.0999994
      vertex 0.3719 -0.262799 -0.0999994
    endloop
  endfacet
  facet normal 0 0 -1
    outer loop
      vertex 0.377999 0.2455 -0.0999994
      vertex 0.374049 0.245 -0.0999994
      vertex 0.374649 0.245449 -0.0999994
    endloop
  endfacet
  facet normal 0 0 -1
    outer loop
      vertex 0.377999 0.2455 -0.0999994
      vertex 0.35415 0.23965 -0.0999994
      vertex 0.374049 0.245 -0.0999994
    endloop
  endfacet
  facet normal 0 0 -1
    outer loop
      vertex 0.2989 -0.0510998 -0.0999994
      vertex 0.375099 -0.262799 -0.0999994
      vertex 0.367399 -0.2623 -0.0999994
    endloop
  endfacet
  facet normal 0 0 -1
    outer loop
      vertex 0.356 -0.26135 -0.0999994
      vertex 0.367399 -0.2623 -0.0999994
      vertex 0.3634 -0.26225 -0.0999994
    endloop
  endfacet
  facet normal 0 0 -1
    outer loop
      vertex 0.374049 0.245 -0.0999994
      vertex 0.370649 0.244499 -0.0999994
      vertex 0.37105 0.2449 -0.0999994
    endloop
  endfacet
  facet normal 0 0 -1
    outer loop
      vertex 0.374049 0.245 -0.0999994
      vertex 0.35415 0.23965 -0.0999994
      vertex 0.370649 0.244499 -0.0999994
    endloop
  endfacet
  facet normal -0 0 -1
    outer loop
      vertex 0.370649 0.244499 -0.0999994
      vertex 0.357699 0.2415 -0.0999994
      vertex 0.362499 0.24455 -0.0999994
    endloop
  endfacet
  facet normal 0 0 -1
    outer loop
      vertex 0.362499 0.24455 -0.0999994
      vertex 0.357699 0.2415 -0.0999994
      vertex 0.358049 0.242 -0.0999994
    endloop
  endfacet
  facet normal 0 0 -1
    outer loop
      vertex 0.370649 0.244499 -0.0999994
      vertex 0.355 0.24 -0.0999994
      vertex 0.357699 0.2415 -0.0999994
    endloop
  endfacet
  facet normal 0 0 -1
    outer loop
      vertex 0.367399 -0.2623 -0.0999994
      vertex 0.356 -0.26135 -0.0999994
      vertex 0.2989 -0.0510998 -0.0999994
    endloop
  endfacet
  facet normal -0 0 -1
    outer loop
      vertex 0.357699 0.2415 -0.0999994
      vertex 0.356649 0.24115 -0.0999994
      vertex 0.356799 0.2415 -0.0999994
    endloop
  endfacet
  facet normal 0 0 -1
    outer loop
      vertex 0.357699 0.2415 -0.0999994
      vertex 0.355 0.24 -0.0999994
      vertex 0.356649 0.24115 -0.0999994
    endloop
  endfacet
  facet normal 0 0 -1
    outer loop
      vertex 0.370649 0.244499 -0.0999994
      vertex 0.35415 0.23965 -0.0999994
      vertex 0.355 0.24 -0.0999994
    endloop
  endfacet
  facet normal -0 0 -1
    outer loop
      vertex 0.355 0.24 -0.0999994
      vertex 0.35415 0.23965 -0.0999994
      vertex 0.3543 0.24 -0.0999994
    endloop
  endfacet
  facet normal 0 0 -1
    outer loop
      vertex 0.397499 -0.0128498 -0.0999994
      vertex 0.3538 -0.0122499 -0.0999994
      vertex 0.397499 -0.0123491 -0.0999994
    endloop
  endfacet
  facet normal 0 -0 -1
    outer loop
      vertex 0.3536 -0.0128498 -0.0999994
      vertex 0.397499 -0.0128498 -0.0999994
      vertex 0.32615 -0.0288992 -0.0999994
    endloop
  endfacet
  facet normal 0 0 -1
    outer loop
      vertex 0.3536 -0.0128498 -0.0999994
      vertex 0.330649 -0.0248995 -0.0999994
      vertex 0.3383 -0.0184994 -0.0999994
    endloop
  endfacet
  facet normal 0 0 -1
    outer loop
      vertex 0.2989 -0.0510998 -0.0999994
      vertex 0.356 -0.26135 -0.0999994
      vertex 0.3369 -0.25875 -0.0999994
    endloop
  endfacet
  facet normal -0 0 -1
    outer loop
      vertex 0.3383 -0.0184994 -0.0999994
      vertex 0.330649 -0.0248995 -0.0999994
      vertex 0.337749 -0.0184994 -0.0999994
    endloop
  endfacet
  facet normal 0 0 -1
    outer loop
      vertex 0.329399 -0.25855 -0.0999994
      vertex 0.3369 -0.25875 -0.0999994
      vertex 0.329749 -0.25875 -0.0999994
    endloop
  endfacet
  facet normal 0 0 -1
    outer loop
      vertex 0.300449 -0.25075 -0.0999994
      vertex 0.3369 -0.25875 -0.0999994
      vertex 0.329399 -0.25855 -0.0999994
    endloop
  endfacet
  facet normal 0 0 -1
    outer loop
      vertex 0.3536 -0.0128498 -0.0999994
      vertex 0.32615 -0.0288992 -0.0999994
      vertex 0.330649 -0.0248995 -0.0999994
    endloop
  endfacet
  facet normal 0 0 -1
    outer loop
      vertex 0.330649 -0.0248995 -0.0999994
      vertex 0.32615 -0.0288992 -0.0999994
      vertex 0.3265 -0.0284996 -0.0999994
    endloop
  endfacet
  facet normal 0 -0 -1
    outer loop
      vertex 0.3538 -0.0122499 -0.0999994
      vertex 0.397499 -0.0128498 -0.0999994
      vertex 0.3536 -0.0128498 -0.0999994
    endloop
  endfacet
  facet normal 0 0 -1
    outer loop
      vertex 0.32615 -0.0288992 -0.0999994
      vertex 0.32165 -0.0328999 -0.0999994
      vertex 0.322 -0.0324993 -0.0999994
    endloop
  endfacet
  facet normal 0 0 -1
    outer loop
      vertex 0.3199 -0.25805 -0.0999994
      vertex 0.329399 -0.25855 -0.0999994
      vertex 0.320649 -0.2582 -0.0999994
    endloop
  endfacet
  facet normal 0 0 -1
    outer loop
      vertex 0.329399 -0.25855 -0.0999994
      vertex 0.3199 -0.25805 -0.0999994
      vertex 0.300449 -0.25075 -0.0999994
    endloop
  endfacet
  facet normal 0 -0 -1
    outer loop
      vertex 0.32615 -0.0288992 -0.0999994
      vertex 0.397499 -0.0128498 -0.0999994
      vertex 0.32165 -0.0328999 -0.0999994
    endloop
  endfacet
  facet normal 0 0 -1
    outer loop
      vertex 0.32165 -0.0328999 -0.0999994
      vertex 0.316649 -0.0372992 -0.0999994
      vertex 0.317249 -0.0366993 -0.0999994
    endloop
  endfacet
  facet normal 0 0 -1
    outer loop
      vertex 0.310399 -0.256499 -0.0999994
      vertex 0.3199 -0.25805 -0.0999994
      vertex 0.3124 -0.2577 -0.0999994
    endloop
  endfacet
  facet normal 0 0 -1
    outer loop
      vertex 0.300449 -0.25075 -0.0999994
      vertex 0.3199 -0.25805 -0.0999994
      vertex 0.310399 -0.256499 -0.0999994
    endloop
  endfacet
  facet normal 0 0 -1
    outer loop
      vertex 0.3369 -0.25875 -0.0999994
      vertex 0.300449 -0.25075 -0.0999994
      vertex 0.27965 -0.0623999 -0.0999994
    endloop
  endfacet
  facet normal 0 0 -1
    outer loop
      vertex 0.452999 -0.0421991 -0.0999994
      vertex 0.316649 -0.0372992 -0.0999994
      vertex 0.4521 -0.0414991 -0.0999994
    endloop
  endfacet
  facet normal 0 0 -1
    outer loop
      vertex 0.3369 -0.25875 -0.0999994
      vertex 0.27965 -0.0623999 -0.0999994
      vertex 0.2989 -0.0510998 -0.0999994
    endloop
  endfacet
  facet normal 0 0 -1
    outer loop
      vertex 0.2989 -0.0510998 -0.0999994
      vertex 0.27965 -0.0623999 -0.0999994
      vertex 0.2934 -0.0529499 -0.0999994
    endloop
  endfacet
  facet normal 0 -0 -1
    outer loop
      vertex 0.287399 -0.0547991 -0.0999994
      vertex 0.2934 -0.0529499 -0.0999994
      vertex 0.27965 -0.0623999 -0.0999994
    endloop
  endfacet
  facet normal 0 0 -1
    outer loop
      vertex 0.28515 -0.24875 -0.0999994
      vertex 0.300449 -0.25075 -0.0999994
      vertex 0.28735 -0.25075 -0.0999994
    endloop
  endfacet
  facet normal 0 0 -1
    outer loop
      vertex 0.2821 -0.246249 -0.0999994
      vertex 0.300449 -0.25075 -0.0999994
      vertex 0.28515 -0.24875 -0.0999994
    endloop
  endfacet
  facet normal 0 0 -1
    outer loop
      vertex 0.2821 -0.246249 -0.0999994
      vertex 0.28515 -0.24875 -0.0999994
      vertex 0.2848 -0.24875 -0.0999994
    endloop
  endfacet
  facet normal 0 0 -1
    outer loop
      vertex 0.28115 -0.245549 -0.0999994
      vertex 0.300449 -0.25075 -0.0999994
      vertex 0.2821 -0.246249 -0.0999994
    endloop
  endfacet
  facet normal 0 0 -1
    outer loop
      vertex 0.28115 -0.245549 -0.0999994
      vertex 0.2821 -0.246249 -0.0999994
      vertex 0.2815 -0.246249 -0.0999994
    endloop
  endfacet
  facet normal 0 0 -1
    outer loop
      vertex 0.300449 -0.25075 -0.0999994
      vertex 0.28115 -0.245549 -0.0999994
      vertex 0.276649 -0.24175 -0.0999994
    endloop
  endfacet
  facet normal -0 0 -1
    outer loop
      vertex 0.2934 -0.0529499 -0.0999994
      vertex 0.287399 -0.0547991 -0.0999994
      vertex 0.292649 -0.0529499 -0.0999994
    endloop
  endfacet
  facet normal 0 0 -1
    outer loop
      vertex 0.276649 -0.24175 -0.0999994
      vertex 0.28115 -0.245549 -0.0999994
      vertex 0.278449 -0.243449 -0.0999994
    endloop
  endfacet
  facet normal 0 0 -1
    outer loop
      vertex 0.273649 -0.2393 -0.0999994
      vertex 0.300449 -0.25075 -0.0999994
      vertex 0.276649 -0.24175 -0.0999994
    endloop
  endfacet
  facet normal 0 0 -1
    outer loop
      vertex 0.27135 -0.237599 -0.0999994
      vertex 0.300449 -0.25075 -0.0999994
      vertex 0.273649 -0.2393 -0.0999994
    endloop
  endfacet
  facet normal 0 0 -1
    outer loop
      vertex 0.273649 -0.2393 -0.0999994
      vertex 0.276649 -0.24175 -0.0999994
      vertex 0.276199 -0.24175 -0.0999994
    endloop
  endfacet
  facet normal 0 0 -1
    outer loop
      vertex 0.300449 -0.25075 -0.0999994
      vertex 0.27135 -0.237599 -0.0999994
      vertex 0.27965 -0.0623999 -0.0999994
    endloop
  endfacet
  facet normal 0 0 -1
    outer loop
      vertex 0.27965 -0.0623999 -0.0999994
      vertex 0.27135 -0.237599 -0.0999994
      vertex 0.278399 -0.0629997 -0.0999994
    endloop
  endfacet
  facet normal 0 0 -1
    outer loop
      vertex 0.254399 -0.22975 -0.0999994
      vertex 0.278399 -0.0629997 -0.0999994
      vertex 0.27135 -0.237599 -0.0999994
    endloop
  endfacet
  facet normal 0 0 -1
    outer loop
      vertex 0.278399 -0.0629997 -0.0999994
      vertex 0.254399 -0.22975 -0.0999994
      vertex 0.275649 -0.0636997 -0.0999994
    endloop
  endfacet
  facet normal 0 0 -1
    outer loop
      vertex 0.254399 -0.22975 -0.0999994
      vertex 0.27135 -0.237599 -0.0999994
      vertex 0.26215 -0.23415 -0.0999994
    endloop
  endfacet
  facet normal 0 0 -1
    outer loop
      vertex 0.275649 -0.0636997 -0.0999994
      vertex 0.254399 -0.22975 -0.0999994
      vertex 0.262449 -0.0675497 -0.0999994
    endloop
  endfacet
  facet normal 0 0 -1
    outer loop
      vertex 0.2504 -0.22925 -0.0999994
      vertex 0.254399 -0.22975 -0.0999994
      vertex 0.2539 -0.22985 -0.0999994
    endloop
  endfacet
  facet normal 0 0 -1
    outer loop
      vertex 0.254399 -0.22975 -0.0999994
      vertex 0.221749 -0.212749 -0.0999994
      vertex 0.262449 -0.0675497 -0.0999994
    endloop
  endfacet
  facet normal 0 0 -1
    outer loop
      vertex 0.254399 -0.22975 -0.0999994
      vertex 0.2504 -0.22925 -0.0999994
      vertex 0.2259 -0.216649 -0.0999994
    endloop
  endfacet
  facet normal 0 0 -1
    outer loop
      vertex 0.212449 -0.2085 -0.0999994
      vertex 0.262449 -0.0675497 -0.0999994
      vertex 0.221749 -0.212749 -0.0999994
    endloop
  endfacet
  facet normal 0 0 -1
    outer loop
      vertex 0.2449 -0.228299 -0.0999994
      vertex 0.2504 -0.22925 -0.0999994
      vertex 0.246699 -0.228749 -0.0999994
    endloop
  endfacet
  facet normal 0 0 -1
    outer loop
      vertex 0.2504 -0.22925 -0.0999994
      vertex 0.2449 -0.228299 -0.0999994
      vertex 0.22915 -0.219649 -0.0999994
    endloop
  endfacet
  facet normal 0 0 -1
    outer loop
      vertex 0.232499 -0.22275 -0.0999994
      vertex 0.2449 -0.228299 -0.0999994
      vertex 0.24315 -0.228149 -0.0999994
    endloop
  endfacet
  facet normal 0 0 -1
    outer loop
      vertex 0.186 -0.186199 -0.0999994
      vertex 0.262449 -0.0675497 -0.0999994
      vertex 0.212449 -0.2085 -0.0999994
    endloop
  endfacet
  facet normal 0 0 -1
    outer loop
      vertex 0.235499 -0.22545 -0.0999994
      vertex 0.24315 -0.228149 -0.0999994
      vertex 0.238199 -0.227249 -0.0999994
    endloop
  endfacet
  facet normal 0 0 -1
    outer loop
      vertex 0.2372 -0.226999 -0.0999994
      vertex 0.238199 -0.227249 -0.0999994
      vertex 0.2378 -0.2275 -0.0999994
    endloop
  endfacet
  facet normal 0 0 -1
    outer loop
      vertex 0.24315 -0.228149 -0.0999994
      vertex 0.235499 -0.22545 -0.0999994
      vertex 0.232499 -0.22275 -0.0999994
    endloop
  endfacet
  facet normal 0 0 -1
    outer loop
      vertex 0.238199 -0.227249 -0.0999994
      vertex 0.2372 -0.226999 -0.0999994
      vertex 0.235499 -0.22545 -0.0999994
    endloop
  endfacet
  facet normal 0 0 -1
    outer loop
      vertex 0.2449 -0.228299 -0.0999994
      vertex 0.232499 -0.22275 -0.0999994
      vertex 0.22915 -0.219649 -0.0999994
    endloop
  endfacet
  facet normal 0 0 -1
    outer loop
      vertex 0.2504 -0.22925 -0.0999994
      vertex 0.22915 -0.219649 -0.0999994
      vertex 0.2259 -0.216649 -0.0999994
    endloop
  endfacet
  facet normal 0 0 -1
    outer loop
      vertex 0.254399 -0.22975 -0.0999994
      vertex 0.2259 -0.216649 -0.0999994
      vertex 0.221749 -0.212749 -0.0999994
    endloop
  endfacet
  facet normal -0 0 -1
    outer loop
      vertex 0.262449 -0.0675497 -0.0999994
      vertex 0.186 -0.186199 -0.0999994
      vertex 0.25365 -0.066 -0.0999994
    endloop
  endfacet
  facet normal -0 0 -1
    outer loop
      vertex 0.25365 -0.066 -0.0999994
      vertex 0.186 -0.186199 -0.0999994
      vertex 0.24875 -0.0650997 -0.0999994
    endloop
  endfacet
  facet normal -0 0 -1
    outer loop
      vertex 0.24875 -0.0650997 -0.0999994
      vertex 0.186 -0.186199 -0.0999994
      vertex 0.23885 -0.0633497 -0.0999994
    endloop
  endfacet
  facet normal -0 0 -1
    outer loop
      vertex 0.23885 -0.0633497 -0.0999994
      vertex 0.186 -0.186199 -0.0999994
      vertex 0.23755 -0.0632 -0.0999994
    endloop
  endfacet
  facet normal -0 0 -1
    outer loop
      vertex 0.23755 -0.0632 -0.0999994
      vertex 0.186 -0.186199 -0.0999994
      vertex 0.2371 -0.06285 -0.0999994
    endloop
  endfacet
  facet normal 0 0 -1
    outer loop
      vertex 0.1043 -0.1263 -0.0999994
      vertex 0.2371 -0.06285 -0.0999994
      vertex 0.186 -0.186199 -0.0999994
    endloop
  endfacet
  facet normal 0 0 -1
    outer loop
      vertex 0.103299 -0.120799 -0.0999994
      vertex 0.2371 -0.06285 -0.0999994
      vertex 0.1043 -0.1263 -0.0999994
    endloop
  endfacet
  facet normal 0 0 -1
    outer loop
      vertex 0.102249 -0.115199 -0.0999994
      vertex 0.23605 -0.0613499 -0.0999994
      vertex 0.103299 -0.120799 -0.0999994
    endloop
  endfacet
  facet normal 0 0 -1
    outer loop
      vertex 0.10075 -0.10425 -0.0999994
      vertex 0.23605 -0.0613499 -0.0999994
      vertex 0.102249 -0.115199 -0.0999994
    endloop
  endfacet
  facet normal 0 0 -1
    outer loop
      vertex 0.228499 -0.0375996 -0.0999994
      vertex 0.211399 -0.0209999 -0.0999994
      vertex 0.2119 -0.0209999 -0.0999994
    endloop
  endfacet
  facet normal 0 -0 -1
    outer loop
      vertex 0.20715 -0.0183496 -0.0999994
      vertex 0.23605 -0.0613499 -0.0999994
      vertex 0.1003 -0.100499 -0.0999994
    endloop
  endfacet
  facet normal 0 0 -1
    outer loop
      vertex 0.23605 -0.0613499 -0.0999994
      vertex 0.20715 -0.0183496 -0.0999994
      vertex 0.235749 -0.0598497 -0.0999994
    endloop
  endfacet
  facet normal -0 -0 -1
    outer loop
      vertex 0.211399 -0.0209999 -0.0999994
      vertex 0.235749 -0.0598497 -0.0999994
      vertex 0.20715 -0.0183496 -0.0999994
    endloop
  endfacet
  facet normal 0 0 -1
    outer loop
      vertex 0.12925 -0.0123491 -0.0999994
      vertex 0.197749 -0.0123491 -0.0999994
      vertex 0.197749 -0.0129499 -0.0999994
    endloop
  endfacet
  facet normal 0 0 -1
    outer loop
      vertex 0.236799 0.0389996 -0.0999994
      vertex 0.19595 0.171499 -0.0999994
      vertex 0.1965 0.171499 -0.0999994
    endloop
  endfacet
  facet normal 0 0 -1
    outer loop
      vertex 0.236799 0.0389996 -0.0999994
      vertex 0.10475 0.104549 -0.0999994
      vertex 0.19595 0.171499 -0.0999994
    endloop
  endfacet
  facet normal 0 0 -1
    outer loop
      vertex 0.195499 0.172999 -0.0999994
      vertex 0.194949 0.174 -0.0999994
      vertex 0.195499 0.174 -0.0999994
    endloop
  endfacet
  facet normal 0 0 -1
    outer loop
      vertex 0.10465 0.104699 -0.0999994
      vertex 0.19595 0.171499 -0.0999994
      vertex 0.10475 0.104549 -0.0999994
    endloop
  endfacet
  facet normal 0 -0 -1
    outer loop
      vertex 0.194949 0.174 -0.0999994
      vertex 0.19595 0.171499 -0.0999994
      vertex 0.10465 0.104699 -0.0999994
    endloop
  endfacet
  facet normal 0 0 -1
    outer loop
      vertex 0.19595 0.171499 -0.0999994
      vertex 0.194949 0.174 -0.0999994
      vertex 0.195499 0.172999 -0.0999994
    endloop
  endfacet
  facet normal 0 -0 -1
    outer loop
      vertex 0.19345 0.177999 -0.0999994
      vertex 0.194949 0.174 -0.0999994
      vertex 0.10465 0.104699 -0.0999994
    endloop
  endfacet
  facet normal 0 0 -1
    outer loop
      vertex 0.194949 0.174 -0.0999994
      vertex 0.19345 0.177999 -0.0999994
      vertex 0.194449 0.1755 -0.0999994
    endloop
  endfacet
  facet normal 0 0 -1
    outer loop
      vertex 0.193 0.1795 -0.0999994
      vertex 0.19245 0.180499 -0.0999994
      vertex 0.193 0.180499 -0.0999994
    endloop
  endfacet
  facet normal 0 0 -1
    outer loop
      vertex 0.194449 0.1755 -0.0999994
      vertex 0.19345 0.177999 -0.0999994
      vertex 0.19395 0.176999 -0.0999994
    endloop
  endfacet
  facet normal 0 -0 -1
    outer loop
      vertex 0.19245 0.180499 -0.0999994
      vertex 0.19345 0.177999 -0.0999994
      vertex 0.10465 0.104699 -0.0999994
    endloop
  endfacet
  facet normal 0 0 -1
    outer loop
      vertex 0.19345 0.177999 -0.0999994
      vertex 0.19245 0.180499 -0.0999994
      vertex 0.193 0.1795 -0.0999994
    endloop
  endfacet
  facet normal 0 -0 -1
    outer loop
      vertex 0.190949 0.1845 -0.0999994
      vertex 0.19245 0.180499 -0.0999994
      vertex 0.10465 0.104699 -0.0999994
    endloop
  endfacet
  facet normal 0 0 -1
    outer loop
      vertex 0.19245 0.180499 -0.0999994
      vertex 0.190949 0.1845 -0.0999994
      vertex 0.19195 0.181999 -0.0999994
    endloop
  endfacet
  facet normal 0 0 -1
    outer loop
      vertex 0.190499 0.186 -0.0999994
      vertex 0.19 0.186999 -0.0999994
      vertex 0.190499 0.186999 -0.0999994
    endloop
  endfacet
  facet normal 0 0 -1
    outer loop
      vertex 0.19195 0.181999 -0.0999994
      vertex 0.190949 0.1845 -0.0999994
      vertex 0.191449 0.183499 -0.0999994
    endloop
  endfacet
  facet normal -0 0 -1
    outer loop
      vertex 0.204599 -0.00774956 -0.0999994
      vertex 0.12925 -0.0123491 -0.0999994
      vertex 0.0967493 0.0717993 -0.0999994
    endloop
  endfacet
  facet normal 0 0 -1
    outer loop
      vertex 0.20715 -0.0183496 -0.0999994
      vertex 0.12925 -0.0123491 -0.0999994
      vertex 0.197749 -0.0129499 -0.0999994
    endloop
  endfacet
  facet normal 0 0 -1
    outer loop
      vertex 0.20715 -0.0183496 -0.0999994
      vertex 0.197749 -0.0129499 -0.0999994
      vertex 0.199149 -0.0134993 -0.0999994
    endloop
  endfacet
  facet normal 0 0 -1
    outer loop
      vertex 0.474999 -0.256 -0.0999994
      vertex 0.462549 -0.0499992 -0.0999994
      vertex 0.474999 -0.0499992 -0.0999994
    endloop
  endfacet
  facet normal 0 0 -1
    outer loop
      vertex 0.46215 -0.256 -0.0999994
      vertex 0.462549 -0.0499992 -0.0999994
      vertex 0.474999 -0.256 -0.0999994
    endloop
  endfacet
  facet normal 0 0 -1
    outer loop
      vertex 0.447399 -0.258499 -0.0999994
      vertex 0.462549 -0.0499992 -0.0999994
      vertex 0.46215 -0.256 -0.0999994
    endloop
  endfacet
  facet normal 0 0 -1
    outer loop
      vertex 0.445149 -0.2588 -0.0999994
      vertex 0.462549 -0.0499992 -0.0999994
      vertex 0.447399 -0.258499 -0.0999994
    endloop
  endfacet
  facet normal 0 0 -1
    outer loop
      vertex 0.4424 -0.25925 -0.0999994
      vertex 0.462549 -0.0499992 -0.0999994
      vertex 0.445149 -0.2588 -0.0999994
    endloop
  endfacet
  facet normal 0 0 -1
    outer loop
      vertex 0.431399 -0.26125 -0.0999994
      vertex 0.462549 -0.0499992 -0.0999994
      vertex 0.4424 -0.25925 -0.0999994
    endloop
  endfacet
  facet normal 0 0 -1
    outer loop
      vertex 0.452999 -0.0421991 -0.0999994
      vertex 0.4521 -0.0414991 -0.0999994
      vertex 0.452999 -0.0417995 -0.0999994
    endloop
  endfacet
  facet normal 0 0 -1
    outer loop
      vertex 0.4234 -0.2623 -0.0999994
      vertex 0.462549 -0.0499992 -0.0999994
      vertex 0.431399 -0.26125 -0.0999994
    endloop
  endfacet
  facet normal 0 0 -1
    outer loop
      vertex 0.4204 -0.262799 -0.0999994
      vertex 0.462549 -0.0499992 -0.0999994
      vertex 0.4234 -0.2623 -0.0999994
    endloop
  endfacet
  facet normal 0 0 -1
    outer loop
      vertex 0.4521 -0.0414991 -0.0999994
      vertex 0.44895 -0.0389996 -0.0999994
      vertex 0.4494 -0.0389996 -0.0999994
    endloop
  endfacet
  facet normal 0 0 -1
    outer loop
      vertex 0.3904 -0.264899 -0.0999994
      vertex 0.4204 -0.262799 -0.0999994
      vertex 0.3979 -0.265249 -0.0999994
    endloop
  endfacet
  facet normal 0 0 -1
    outer loop
      vertex 0.3904 -0.264899 -0.0999994
      vertex 0.3979 -0.265249 -0.0999994
      vertex 0.39215 -0.265249 -0.0999994
    endloop
  endfacet
  facet normal 0 0 -1
    outer loop
      vertex 0.4424 -0.25925 -0.0999994
      vertex 0.445149 -0.2588 -0.0999994
      vertex 0.44395 -0.25925 -0.0999994
    endloop
  endfacet
  facet normal 0 0 -1
    outer loop
      vertex 0.38155 -0.2637 -0.0999994
      vertex 0.4204 -0.262799 -0.0999994
      vertex 0.3904 -0.264899 -0.0999994
    endloop
  endfacet
  facet normal -0 0 -1
    outer loop
      vertex 0.4204 -0.262799 -0.0999994
      vertex 0.38155 -0.2637 -0.0999994
      vertex 0.462549 -0.0499992 -0.0999994
    endloop
  endfacet
  facet normal 0 0 -1
    outer loop
      vertex 0.431399 -0.26125 -0.0999994
      vertex 0.4424 -0.25925 -0.0999994
      vertex 0.436649 -0.260699 -0.0999994
    endloop
  endfacet
  facet normal 0 0 -1
    outer loop
      vertex 0.44895 -0.0389996 -0.0999994
      vertex 0.4366 -0.0274992 -0.0999994
      vertex 0.437349 -0.0274992 -0.0999994
    endloop
  endfacet
  facet normal 0 0 -1
    outer loop
      vertex 0.37855 -0.2632 -0.0999994
      vertex 0.462549 -0.0499992 -0.0999994
      vertex 0.38155 -0.2637 -0.0999994
    endloop
  endfacet
  facet normal 0 0 -1
    outer loop
      vertex 0.4366 -0.0274992 -0.0999994
      vertex 0.4332 -0.0269995 -0.0999994
      vertex 0.436199 -0.0270996 -0.0999994
    endloop
  endfacet
  facet normal 0 0 -1
    outer loop
      vertex 0.44895 -0.0389996 -0.0999994
      vertex 0.4332 -0.0269995 -0.0999994
      vertex 0.4366 -0.0274992 -0.0999994
    endloop
  endfacet
  facet normal 0 0 -1
    outer loop
      vertex 0.44895 -0.0389996 -0.0999994
      vertex 0.429199 -0.0264997 -0.0999994
      vertex 0.4332 -0.0269995 -0.0999994
    endloop
  endfacet
  facet normal 0 0 -1
    outer loop
      vertex 0.4332 -0.0269995 -0.0999994
      vertex 0.429199 -0.0264997 -0.0999994
      vertex 0.43265 -0.0265999 -0.0999994
    endloop
  endfacet
  facet normal 0 0 -1
    outer loop
      vertex 0.375099 -0.262799 -0.0999994
      vertex 0.462549 -0.0499992 -0.0999994
      vertex 0.37855 -0.2632 -0.0999994
    endloop
  endfacet
  facet normal -0 -0 -1
    outer loop
      vertex 0.42645 -0.0259991 -0.0999994
      vertex 0.429199 -0.0264997 -0.0999994
      vertex 0.425799 -0.0259991 -0.0999994
    endloop
  endfacet
  facet normal 0 0 -1
    outer loop
      vertex 0.429199 -0.0264997 -0.0999994
      vertex 0.42645 -0.0259991 -0.0999994
      vertex 0.42865 -0.0261497 -0.0999994
    endloop
  endfacet
  facet normal 0 0 -1
    outer loop
      vertex 0.44895 -0.0389996 -0.0999994
      vertex 0.425799 -0.0259991 -0.0999994
      vertex 0.429199 -0.0264997 -0.0999994
    endloop
  endfacet
  facet normal -0 0 -1
    outer loop
      vertex 0.462549 -0.0499992 -0.0999994
      vertex 0.375099 -0.262799 -0.0999994
      vertex 0.460549 -0.0483999 -0.0999994
    endloop
  endfacet
  facet normal 0 0 -1
    outer loop
      vertex 0.2989 -0.0510998 -0.0999994
      vertex 0.460549 -0.0483999 -0.0999994
      vertex 0.375099 -0.262799 -0.0999994
    endloop
  endfacet
  facet normal 0 0 -1
    outer loop
      vertex 0.416849 -0.26425 -0.0999994
      vertex 0.4204 -0.262799 -0.0999994
      vertex 0.41725 -0.26425 -0.0999994
    endloop
  endfacet
  facet normal 0 0 -1
    outer loop
      vertex 0.405899 -0.26575 -0.0999994
      vertex 0.4204 -0.262799 -0.0999994
      vertex 0.416849 -0.26425 -0.0999994
    endloop
  endfacet
  facet normal 0 0 -1
    outer loop
      vertex 0.405899 -0.26575 -0.0999994
      vertex 0.416849 -0.26425 -0.0999994
      vertex 0.4155 -0.26485 -0.0999994
    endloop
  endfacet
  facet normal 0 0 -1
    outer loop
      vertex 0.405899 -0.26575 -0.0999994
      vertex 0.4155 -0.26485 -0.0999994
      vertex 0.414499 -0.265249 -0.0999994
    endloop
  endfacet
  facet normal 0 0 -1
    outer loop
      vertex 0.40765 -0.26625 -0.0999994
      vertex 0.414499 -0.265249 -0.0999994
      vertex 0.412649 -0.26625 -0.0999994
    endloop
  endfacet
  facet normal 0 0 -1
    outer loop
      vertex 0.4204 -0.262799 -0.0999994
      vertex 0.405899 -0.26575 -0.0999994
      vertex 0.3979 -0.265249 -0.0999994
    endloop
  endfacet
  facet normal 0 0 -1
    outer loop
      vertex 0.414499 -0.265249 -0.0999994
      vertex 0.40765 -0.26625 -0.0999994
      vertex 0.405899 -0.26575 -0.0999994
    endloop
  endfacet
  facet normal 0 0 -1
    outer loop
      vertex 0.4521 -0.0414991 -0.0999994
      vertex 0.425799 -0.0259991 -0.0999994
      vertex 0.44895 -0.0389996 -0.0999994
    endloop
  endfacet
  facet normal 0 0 -1
    outer loop
      vertex 0.3979 -0.265249 -0.0999994
      vertex 0.405899 -0.26575 -0.0999994
      vertex 0.39965 -0.2658 -0.0999994
    endloop
  endfacet
  facet normal -0 0 -1
    outer loop
      vertex 0.460549 -0.0483999 -0.0999994
      vertex 0.2989 -0.0510998 -0.0999994
      vertex 0.459249 -0.0472498 -0.0999994
    endloop
  endfacet
  facet normal 0 0 -1
    outer loop
      vertex 0.425799 -0.0259991 -0.0999994
      vertex 0.397499 -0.0128498 -0.0999994
      vertex 0.41815 -0.0206499 -0.0999994
    endloop
  endfacet
  facet normal -0 0 -1
    outer loop
      vertex 0.459249 -0.0472498 -0.0999994
      vertex 0.2989 -0.0510998 -0.0999994
      vertex 0.455649 -0.0442495 -0.0999994
    endloop
  endfacet
  facet normal 0 0 -1
    outer loop
      vertex 0.41815 -0.0206499 -0.0999994
      vertex 0.397499 -0.0128498 -0.0999994
      vertex 0.412149 -0.0165997 -0.0999994
    endloop
  endfacet
  facet normal 0 0 -1
    outer loop
      vertex 0.270249 0.42215 -0.0999994
      vertex 0.273549 0.40525 -0.0999994
      vertex 0.273149 0.3994 -0.0999994
    endloop
  endfacet
  facet normal 0 0 -1
    outer loop
      vertex 0.272699 0.384399 -0.0999994
      vertex 0.273149 0.3994 -0.0999994
      vertex 0.272949 0.386149 -0.0999994
    endloop
  endfacet
  facet normal 0 0 -1
    outer loop
      vertex 0.271999 0.38005 -0.0999994
      vertex 0.272699 0.384399 -0.0999994
      vertex 0.272349 0.38065 -0.0999994
    endloop
  endfacet
  facet normal -0 0 -1
    outer loop
      vertex 0.272699 0.384399 -0.0999994
      vertex 0.271999 0.38005 -0.0999994
      vertex 0.273149 0.3994 -0.0999994
    endloop
  endfacet
  facet normal 0 0 -1
    outer loop
      vertex 0.271 0.372649 -0.0999994
      vertex 0.271999 0.38005 -0.0999994
      vertex 0.27185 0.377749 -0.0999994
    endloop
  endfacet
  facet normal 0 0 -1
    outer loop
      vertex 0.27405 0.411349 -0.0999994
      vertex 0.271749 0.4184 -0.0999994
      vertex 0.27415 0.41185 -0.0999994
    endloop
  endfacet
  facet normal 0 0 -1
    outer loop
      vertex 0.2738 0.409149 -0.0999994
      vertex 0.271749 0.4184 -0.0999994
      vertex 0.27405 0.411349 -0.0999994
    endloop
  endfacet
  facet normal 0 0 -1
    outer loop
      vertex 0.273549 0.40525 -0.0999994
      vertex 0.271749 0.4184 -0.0999994
      vertex 0.2738 0.409149 -0.0999994
    endloop
  endfacet
  facet normal 0 0 -1
    outer loop
      vertex 0.271999 0.38005 -0.0999994
      vertex 0.265949 0.433249 -0.0999994
      vertex 0.273149 0.3994 -0.0999994
    endloop
  endfacet
  facet normal 0 0 -1
    outer loop
      vertex 0.271 0.372649 -0.0999994
      vertex 0.27185 0.377749 -0.0999994
      vertex 0.271449 0.374399 -0.0999994
    endloop
  endfacet
  facet normal 0 0 -1
    outer loop
      vertex 0.271 0.372649 -0.0999994
      vertex 0.271449 0.374399 -0.0999994
      vertex 0.271399 0.37305 -0.0999994
    endloop
  endfacet
  facet normal 0 0 -1
    outer loop
      vertex 0.271999 0.38005 -0.0999994
      vertex 0.271 0.372649 -0.0999994
      vertex 0.26265 0.34865 -0.0999994
    endloop
  endfacet
  facet normal 0 0 -1
    outer loop
      vertex 0.273549 0.40525 -0.0999994
      vertex 0.270949 0.4204 -0.0999994
      vertex 0.271749 0.4184 -0.0999994
    endloop
  endfacet
  facet normal 0 0 -1
    outer loop
      vertex 0.270249 -0.447399 -0.0999994
      vertex 0.270949 -0.4456 -0.0999994
      vertex 0.270849 -0.446349 -0.0999994
    endloop
  endfacet
  facet normal 0 0 -1
    outer loop
      vertex 0.265949 -0.4585 -0.0999994
      vertex 0.273149 -0.4246 -0.0999994
      vertex 0.267699 -0.4541 -0.0999994
    endloop
  endfacet
  facet normal -0 0 -1
    outer loop
      vertex 0.273149 -0.4246 -0.0999994
      vertex 0.265949 -0.4585 -0.0999994
      vertex 0.271999 -0.405299 -0.0999994
    endloop
  endfacet
  facet normal 0 0 -1
    outer loop
      vertex 0.26265 -0.37385 -0.0999994
      vertex 0.271999 -0.405299 -0.0999994
      vertex 0.265949 -0.4585 -0.0999994
    endloop
  endfacet
  facet normal 0 0 -1
    outer loop
      vertex 0.267699 -0.4541 -0.0999994
      vertex 0.269449 -0.449599 -0.0999994
      vertex 0.269349 -0.45035 -0.0999994
    endloop
  endfacet
  facet normal 0 0 -1
    outer loop
      vertex 0.271 -0.3979 -0.0999994
      vertex 0.268149 -0.382999 -0.0999994
      vertex 0.271049 -0.38775 -0.0999994
    endloop
  endfacet
  facet normal -0 -0 -1
    outer loop
      vertex 0.271 -0.3979 -0.0999994
      vertex 0.271999 -0.405299 -0.0999994
      vertex 0.26265 -0.37385 -0.0999994
    endloop
  endfacet
  facet normal 0 0 -1
    outer loop
      vertex 0.265949 -0.4585 -0.0999994
      vertex 0.267699 -0.4541 -0.0999994
      vertex 0.2668 -0.456949 -0.0999994
    endloop
  endfacet
  facet normal 0 0 -1
    outer loop
      vertex 0.271999 -0.405299 -0.0999994
      vertex 0.271 -0.3979 -0.0999994
      vertex 0.2717 -0.4021 -0.0999994
    endloop
  endfacet
  facet normal 0 0 -1
    outer loop
      vertex 0.2625 -0.46645 -0.0999994
      vertex 0.265949 -0.4585 -0.0999994
      vertex 0.26475 -0.46375 -0.0999994
    endloop
  endfacet
  facet normal 0 -0 -1
    outer loop
      vertex 0.26265 -0.37385 -0.0999994
      vertex 0.265949 -0.4585 -0.0999994
      vertex 0.2625 -0.46645 -0.0999994
    endloop
  endfacet
  facet normal 0 0 -1
    outer loop
      vertex 0.273549 0.40525 -0.0999994
      vertex 0.270249 0.42215 -0.0999994
      vertex 0.270949 0.4204 -0.0999994
    endloop
  endfacet
  facet normal 0 0 -1
    outer loop
      vertex 0.27035 0.3614 -0.0999994
      vertex 0.271 0.372649 -0.0999994
      vertex 0.271049 0.362499 -0.0999994
    endloop
  endfacet
  facet normal 0 0 -1
    outer loop
      vertex 0.26265 0.34865 -0.0999994
      vertex 0.271 0.372649 -0.0999994
      vertex 0.27035 0.3614 -0.0999994
    endloop
  endfacet
  facet normal 0 0 -1
    outer loop
      vertex 0.270949 0.4204 -0.0999994
      vertex 0.270249 0.42215 -0.0999994
      vertex 0.270849 0.421149 -0.0999994
    endloop
  endfacet
  facet normal -0 0 -1
    outer loop
      vertex 0.271999 0.38005 -0.0999994
      vertex 0.26265 0.34865 -0.0999994
      vertex 0.265949 0.433249 -0.0999994
    endloop
  endfacet
  facet normal 0 0 -1
    outer loop
      vertex 0.273149 0.3994 -0.0999994
      vertex 0.269449 0.424399 -0.0999994
      vertex 0.270249 0.42215 -0.0999994
    endloop
  endfacet
  facet normal 0 0 -1
    outer loop
      vertex 0.273149 0.3994 -0.0999994
      vertex 0.267699 0.4289 -0.0999994
      vertex 0.269449 0.424399 -0.0999994
    endloop
  endfacet
  facet normal 0 0 -1
    outer loop
      vertex 0.269449 0.424399 -0.0999994
      vertex 0.267699 0.4289 -0.0999994
      vertex 0.269349 0.42515 -0.0999994
    endloop
  endfacet
  facet normal 0 0 -1
    outer loop
      vertex 0.273149 0.3994 -0.0999994
      vertex 0.265949 0.433249 -0.0999994
      vertex 0.267699 0.4289 -0.0999994
    endloop
  endfacet
  facet normal 0 0 -1
    outer loop
      vertex 0.267699 0.4289 -0.0999994
      vertex 0.265949 0.433249 -0.0999994
      vertex 0.2668 0.4317 -0.0999994
    endloop
  endfacet
  facet normal -0 0 -1
    outer loop
      vertex 0.265949 0.433249 -0.0999994
      vertex 0.26265 0.34865 -0.0999994
      vertex 0.2625 0.441199 -0.0999994
    endloop
  endfacet
  facet normal 0 0 -1
    outer loop
      vertex 0.265949 0.433249 -0.0999994
      vertex 0.2625 0.441199 -0.0999994
      vertex 0.26475 0.438499 -0.0999994
    endloop
  endfacet
  facet normal 0 0 -1
    outer loop
      vertex 0.26475 0.438499 -0.0999994
      vertex 0.2625 0.441199 -0.0999994
      vertex 0.26475 0.43895 -0.0999994
    endloop
  endfacet
  facet normal 0 0 -1
    outer loop
      vertex 0.0801497 0.4801 -0.0999994
      vertex 0.26265 0.34865 -0.0999994
      vertex 0.261749 0.3454 -0.0999994
    endloop
  endfacet
  facet normal 0 0 -1
    outer loop
      vertex 0.26015 0.337899 -0.0999994
      vertex 0.261749 0.3454 -0.0999994
      vertex 0.260949 0.341149 -0.0999994
    endloop
  endfacet
  facet normal 0 0 -1
    outer loop
      vertex 0.26265 0.34865 -0.0999994
      vertex 0.0911493 0.487399 -0.0999994
      vertex 0.2625 0.441199 -0.0999994
    endloop
  endfacet
  facet normal 0 0 -1
    outer loop
      vertex 0.261749 0.3454 -0.0999994
      vertex 0.26015 0.337899 -0.0999994
      vertex 0.062149 0.2876 -0.0999994
    endloop
  endfacet
  facet normal 0 0 -1
    outer loop
      vertex 0.062149 0.2876 -0.0999994
      vertex 0.26015 0.337899 -0.0999994
      vertex 0.259999 0.33365 -0.0999994
    endloop
  endfacet
  facet normal 0 0 -1
    outer loop
      vertex 0.2535 0.303399 -0.0999994
      vertex 0.259999 0.33365 -0.0999994
      vertex 0.257799 0.3124 -0.0999994
    endloop
  endfacet
  facet normal -0 -0 -1
    outer loop
      vertex 0.22705 0.4873 -0.0999994
      vertex 0.2625 0.441199 -0.0999994
      vertex 0.0911493 0.487399 -0.0999994
    endloop
  endfacet
  facet normal 0 0 -1
    outer loop
      vertex 0.259999 0.33365 -0.0999994
      vertex 0.2535 0.303399 -0.0999994
      vertex 0.062149 0.2876 -0.0999994
    endloop
  endfacet
  facet normal 0 0 -1
    outer loop
      vertex 0.2518 0.2857 -0.0999994
      vertex 0.253249 0.29215 -0.0999994
      vertex 0.25305 0.28725 -0.0999994
    endloop
  endfacet
  facet normal 0 0 -1
    outer loop
      vertex 0.247649 0.280199 -0.0999994
      vertex 0.253249 0.29215 -0.0999994
      vertex 0.2518 0.2857 -0.0999994
    endloop
  endfacet
  facet normal 0 0 -1
    outer loop
      vertex 0.2471 0.27965 -0.0999994
      vertex 0.253249 0.29215 -0.0999994
      vertex 0.247649 0.280199 -0.0999994
    endloop
  endfacet
  facet normal -0 0 -1
    outer loop
      vertex 0.2535 0.29575 -0.0999994
      vertex 0.2471 0.27965 -0.0999994
      vertex 0.2535 0.303399 -0.0999994
    endloop
  endfacet
  facet normal 0 0 -1
    outer loop
      vertex 0.24525 0.277149 -0.0999994
      vertex 0.2535 0.303399 -0.0999994
      vertex 0.2471 0.27965 -0.0999994
    endloop
  endfacet
  facet normal 0 0 -1
    outer loop
      vertex 0.24525 0.277149 -0.0999994
      vertex 0.2471 0.27965 -0.0999994
      vertex 0.245899 0.2779 -0.0999994
    endloop
  endfacet
  facet normal 0 0 -1
    outer loop
      vertex 0.2427 0.273899 -0.0999994
      vertex 0.2535 0.303399 -0.0999994
      vertex 0.24525 0.277149 -0.0999994
    endloop
  endfacet
  facet normal 0 0 -1
    outer loop
      vertex 0.2406 0.27115 -0.0999994
      vertex 0.2535 0.303399 -0.0999994
      vertex 0.2427 0.273899 -0.0999994
    endloop
  endfacet
  facet normal 0 0 -1
    outer loop
      vertex 0.2406 0.27115 -0.0999994
      vertex 0.2427 0.273899 -0.0999994
      vertex 0.2422 0.272949 -0.0999994
    endloop
  endfacet
  facet normal 0 0 -1
    outer loop
      vertex 0.23755 0.26705 -0.0999994
      vertex 0.2535 0.303399 -0.0999994
      vertex 0.2406 0.27115 -0.0999994
    endloop
  endfacet
  facet normal 0 0 -1
    outer loop
      vertex 0.23755 0.26705 -0.0999994
      vertex 0.2406 0.27115 -0.0999994
      vertex 0.24 0.270249 -0.0999994
    endloop
  endfacet
  facet normal -0 -0 -1
    outer loop
      vertex 0.233999 0.484249 -0.0999994
      vertex 0.2605 0.449249 -0.0999994
      vertex 0.22705 0.4873 -0.0999994
    endloop
  endfacet
  facet normal 0 0 -1
    outer loop
      vertex 0.2535 0.303399 -0.0999994
      vertex 0.23755 0.26705 -0.0999994
      vertex 0.062149 0.2876 -0.0999994
    endloop
  endfacet
  facet normal 0 0 -1
    outer loop
      vertex 0.2605 0.449249 -0.0999994
      vertex 0.23765 0.48255 -0.0999994
      vertex 0.257449 0.46235 -0.0999994
    endloop
  endfacet
  facet normal 0 0 -1
    outer loop
      vertex 0.0647497 0.278399 -0.0999994
      vertex 0.23755 0.26705 -0.0999994
      vertex 0.233049 0.257899 -0.0999994
    endloop
  endfacet
  facet normal 0 0 -1
    outer loop
      vertex 0.216599 0.22415 -0.0999994
      vertex 0.233049 0.257899 -0.0999994
      vertex 0.231299 0.249649 -0.0999994
    endloop
  endfacet
  facet normal 0 0 -1
    outer loop
      vertex 0.2272 0.2359 -0.0999994
      vertex 0.231299 0.249649 -0.0999994
      vertex 0.228499 0.237499 -0.0999994
    endloop
  endfacet
  facet normal 0 0 -1
    outer loop
      vertex 0.216599 0.22415 -0.0999994
      vertex 0.231299 0.249649 -0.0999994
      vertex 0.2272 0.2359 -0.0999994
    endloop
  endfacet
  facet normal -0 -0 -1
    outer loop
      vertex 0.23765 0.48255 -0.0999994
      vertex 0.2605 0.449249 -0.0999994
      vertex 0.233999 0.484249 -0.0999994
    endloop
  endfacet
  facet normal -0 0 -1
    outer loop
      vertex 0.261749 0.3454 -0.0999994
      vertex 0.062149 0.2876 -0.0999994
      vertex 0.0801497 0.4801 -0.0999994
    endloop
  endfacet
  facet normal 0 0 -1
    outer loop
      vertex 0.2126 0.219649 -0.0999994
      vertex 0.233049 0.257899 -0.0999994
      vertex 0.216599 0.22415 -0.0999994
    endloop
  endfacet
  facet normal 0 0 -1
    outer loop
      vertex 0.2625 0.441199 -0.0999994
      vertex 0.22705 0.4873 -0.0999994
      vertex 0.2605 0.449249 -0.0999994
    endloop
  endfacet
  facet normal 0 0 -1
    outer loop
      vertex 0.2126 0.219649 -0.0999994
      vertex 0.216599 0.22415 -0.0999994
      vertex 0.2134 0.2204 -0.0999994
    endloop
  endfacet
  facet normal -0 0 -1
    outer loop
      vertex 0.233049 0.257899 -0.0999994
      vertex 0.2126 0.219649 -0.0999994
      vertex 0.0689497 0.2624 -0.0999994
    endloop
  endfacet
  facet normal 0 0 -1
    outer loop
      vertex 0.0689497 0.2624 -0.0999994
      vertex 0.2126 0.219649 -0.0999994
      vertex 0.20865 0.212399 -0.0999994
    endloop
  endfacet
  facet normal 0 0 -1
    outer loop
      vertex 0.0689497 0.2624 -0.0999994
      vertex 0.20865 0.212399 -0.0999994
      vertex 0.19 0.190049 -0.0999994
    endloop
  endfacet
  facet normal 0 0 -1
    outer loop
      vertex 0.20715 -0.0183496 -0.0999994
      vertex 0.12925 -0.0128498 -0.0999994
      vertex 0.12925 -0.0123491 -0.0999994
    endloop
  endfacet
  facet normal 0 -0 -1
    outer loop
      vertex 0.19 0.186999 -0.0999994
      vertex 0.190949 0.1845 -0.0999994
      vertex 0.10465 0.104699 -0.0999994
    endloop
  endfacet
  facet normal 0 0 -1
    outer loop
      vertex 0.190949 0.1845 -0.0999994
      vertex 0.19 0.186999 -0.0999994
      vertex 0.190499 0.186 -0.0999994
    endloop
  endfacet
  facet normal 0 0 -1
    outer loop
      vertex 0.0914993 0.0278997 -0.0999994
      vertex 0.12925 -0.0123491 -0.0999994
      vertex 0.1129 -0.00394917 -0.0999994
    endloop
  endfacet
  facet normal 0 0 -1
    outer loop
      vertex 0.0628996 0.23595 -0.0999994
      vertex 0.19 0.186999 -0.0999994
      vertex 0.10465 0.104699 -0.0999994
    endloop
  endfacet
  facet normal 0 -0 -1
    outer loop
      vertex 0.0639992 0.237149 -0.0999994
      vertex 0.19 0.186999 -0.0999994
      vertex 0.0628996 0.23595 -0.0999994
    endloop
  endfacet
  facet normal 0 0 -1
    outer loop
      vertex 0.233049 0.257899 -0.0999994
      vertex 0.0689497 0.2624 -0.0999994
      vertex 0.0647497 0.278399 -0.0999994
    endloop
  endfacet
  facet normal -0 0 -1
    outer loop
      vertex 0.226749 0.5 -0.0999994
      vertex 0.0911493 0.487399 -0.0999994
      vertex 0.0912495 0.5 -0.0999994
    endloop
  endfacet
  facet normal 0 0 -1
    outer loop
      vertex 0.0709 0.0905991 -0.0999994
      vertex 0.10465 0.104699 -0.0999994
      vertex 0.0873995 0.0917492 -0.0999994
    endloop
  endfacet
  facet normal 0 0 -1
    outer loop
      vertex 0.23755 0.26705 -0.0999994
      vertex 0.0647497 0.278399 -0.0999994
      vertex 0.062149 0.2876 -0.0999994
    endloop
  endfacet
  facet normal 0 0 -1
    outer loop
      vertex 0.22705 0.4873 -0.0999994
      vertex 0.0911493 0.487399 -0.0999994
      vertex 0.226749 0.48755 -0.0999994
    endloop
  endfacet
  facet normal -0 0 -1
    outer loop
      vertex 0.226749 0.48755 -0.0999994
      vertex 0.0911493 0.487399 -0.0999994
      vertex 0.226749 0.5 -0.0999994
    endloop
  endfacet
  facet normal 0 0 -1
    outer loop
      vertex 0.26265 0.34865 -0.0999994
      vertex 0.0801497 0.4801 -0.0999994
      vertex 0.0911493 0.487399 -0.0999994
    endloop
  endfacet
  facet normal 0 0 -1
    outer loop
      vertex 0.0911493 0.487399 -0.0999994
      vertex 0.0801497 0.4801 -0.0999994
      vertex 0.0870991 0.48535 -0.0999994
    endloop
  endfacet
  facet normal 0 0 -1
    outer loop
      vertex 0.0410995 0.31265 -0.0999994
      vertex 0.0801497 0.4801 -0.0999994
      vertex 0.062149 0.2876 -0.0999994
    endloop
  endfacet
  facet normal 0 0 -1
    outer loop
      vertex 0.10465 0.104699 -0.0999994
      vertex 0.0709 0.0905991 -0.0999994
      vertex 0.0554495 0.0942497 -0.0999994
    endloop
  endfacet
  facet normal 0 0 -1
    outer loop
      vertex 0.0376492 0.31815 -0.0999994
      vertex 0.0801497 0.4801 -0.0999994
      vertex 0.0410995 0.31265 -0.0999994
    endloop
  endfacet
  facet normal 0 0 -1
    outer loop
      vertex 0.0271997 0.427199 -0.0999994
      vertex 0.0801497 0.4801 -0.0999994
      vertex 0.0376492 0.31815 -0.0999994
    endloop
  endfacet
  facet normal 0 -0 -1
    outer loop
      vertex 0.0439997 0.45365 -0.0999994
      vertex 0.0801497 0.4801 -0.0999994
      vertex 0.0271997 0.427199 -0.0999994
    endloop
  endfacet
  facet normal 0 -0 -1
    outer loop
      vertex 0.0472498 0.457549 -0.0999994
      vertex 0.0801497 0.4801 -0.0999994
      vertex 0.0446997 0.454499 -0.0999994
    endloop
  endfacet
  facet normal 0 0 -1
    outer loop
      vertex 0.19 0.190049 -0.0999994
      vertex 0.0660992 0.24675 -0.0999994
      vertex 0.0689497 0.2624 -0.0999994
    endloop
  endfacet
  facet normal 0 0 -1
    outer loop
      vertex 0.19 0.190049 -0.0999994
      vertex 0.0653496 0.242749 -0.0999994
      vertex 0.0660992 0.24675 -0.0999994
    endloop
  endfacet
  facet normal 0 0 -1
    outer loop
      vertex 0.19 0.190049 -0.0999994
      vertex 0.0647497 0.239349 -0.0999994
      vertex 0.0653496 0.242749 -0.0999994
    endloop
  endfacet
  facet normal 0 0 -1
    outer loop
      vertex 0.0653496 0.242749 -0.0999994
      vertex 0.0647497 0.239349 -0.0999994
      vertex 0.06495 0.240899 -0.0999994
    endloop
  endfacet
  facet normal 0 0 -1
    outer loop
      vertex 0.19 0.190049 -0.0999994
      vertex 0.0639992 0.237149 -0.0999994
      vertex 0.0647497 0.239349 -0.0999994
    endloop
  endfacet
  facet normal 0 0 -1
    outer loop
      vertex 0.19 0.186999 -0.0999994
      vertex 0.0639992 0.237149 -0.0999994
      vertex 0.19 0.190049 -0.0999994
    endloop
  endfacet
  facet normal 0 0 -1
    outer loop
      vertex 0.0554495 0.0942497 -0.0999994
      vertex 0.0709 0.0905991 -0.0999994
      vertex 0.0623999 0.0901995 -0.0999994
    endloop
  endfacet
  facet normal 0 0 -1
    outer loop
      vertex 0.0156994 0.127399 -0.0999994
      vertex 0.10465 0.104699 -0.0999994
      vertex 0.0554495 0.0942497 -0.0999994
    endloop
  endfacet
  facet normal 0 0 -1
    outer loop
      vertex 0.10465 0.104699 -0.0999994
      vertex 0.0596495 0.234449 -0.0999994
      vertex 0.0628996 0.23595 -0.0999994
    endloop
  endfacet
  facet normal 0 0 -1
    outer loop
      vertex 0.0126495 0.13375 -0.0999994
      vertex 0.10465 0.104699 -0.0999994
      vertex 0.0141993 0.130549 -0.0999994
    endloop
  endfacet
  facet normal 0 0 -1
    outer loop
      vertex 0.0227499 0.112499 -0.0999994
      vertex 0.0554495 0.0942497 -0.0999994
      vertex 0.0373993 0.0978498 -0.0999994
    endloop
  endfacet
  facet normal 0 0 -1
    outer loop
      vertex 0.10465 0.104699 -0.0999994
      vertex 0.0156994 0.127399 -0.0999994
      vertex 0.0141993 0.130549 -0.0999994
    endloop
  endfacet
  facet normal 0 0 -1
    outer loop
      vertex 0.0554495 0.0942497 -0.0999994
      vertex 0.0227499 0.112499 -0.0999994
      vertex 0.0189991 0.120399 -0.0999994
    endloop
  endfacet
  facet normal 0 0 -1
    outer loop
      vertex 0.0554495 0.0942497 -0.0999994
      vertex 0.0189991 0.120399 -0.0999994
      vertex 0.0156994 0.127399 -0.0999994
    endloop
  endfacet
  facet normal 0 0 -1
    outer loop
      vertex 0.10465 0.104699 -0.0999994
      vertex 0.0126495 0.13375 -0.0999994
      vertex 0.0596495 0.234449 -0.0999994
    endloop
  endfacet
  facet normal 0 -0 -1
    outer loop
      vertex 0.0199499 0.21215 -0.0999994
      vertex 0.0596495 0.234449 -0.0999994
      vertex 0.0173492 0.207399 -0.0999994
    endloop
  endfacet
  facet normal 0 0 -1
    outer loop
      vertex 0.0379 0.229699 -0.0999994
      vertex 0.0199499 0.21215 -0.0999994
      vertex 0.0372496 0.229349 -0.0999994
    endloop
  endfacet
  facet normal 0 0 -1
    outer loop
      vertex 0.0596495 0.234449 -0.0999994
      vertex 0.0199499 0.21215 -0.0999994
      vertex 0.0379 0.229699 -0.0999994
    endloop
  endfacet
  facet normal 0 0 -1
    outer loop
      vertex 0.0596495 0.234449 -0.0999994
      vertex 0.0138493 0.20115 -0.0999994
      vertex 0.0173492 0.207399 -0.0999994
    endloop
  endfacet
  facet normal 0 0 -1
    outer loop
      vertex 0.0126495 0.19875 -0.0999994
      vertex 0.0596495 0.234449 -0.0999994
      vertex 0.0126495 0.13375 -0.0999994
    endloop
  endfacet
  facet normal 0 0 -1
    outer loop
      vertex 0.0596495 0.234449 -0.0999994
      vertex 0.0126495 0.19875 -0.0999994
      vertex 0.0138493 0.20115 -0.0999994
    endloop
  endfacet
  facet normal 0 0 -1
    outer loop
      vertex 0.0120993 0.13375 -0.0999994
      vertex 0.0126495 0.19875 -0.0999994
      vertex 0.0126495 0.13375 -0.0999994
    endloop
  endfacet
  facet normal 0 0 -1
    outer loop
      vertex 0.0120993 0.13375 -0.0999994
      vertex 0.0120993 0.19875 -0.0999994
      vertex 0.0126495 0.19875 -0.0999994
    endloop
  endfacet
  facet normal 0 0 -1
    outer loop
      vertex -0.0798492 0.104699 -0.0999994
      vertex 0.0120993 0.19875 -0.0999994
      vertex 0.0120993 0.13375 -0.0999994
    endloop
  endfacet
  facet normal 0 0 -1
    outer loop
      vertex -0.0798492 0.104699 -0.0999994
      vertex 0.0120993 0.13375 -0.0999994
      vertex 0.00824928 0.125649 -0.0999994
    endloop
  endfacet
  facet normal 0 -0 -1
    outer loop
      vertex -0.0348492 0.234449 -0.0999994
      vertex 0.0120993 0.19875 -0.0999994
      vertex -0.0798492 0.104699 -0.0999994
    endloop
  endfacet
  facet normal 0 0 -1
    outer loop
      vertex 0.0108995 0.20115 -0.0999994
      vertex -0.0348492 0.234449 -0.0999994
      vertex 0.00554943 0.21075 -0.0999994
    endloop
  endfacet
  facet normal 0 0 -1
    outer loop
      vertex -0.0306997 0.0942497 -0.0999994
      vertex 0.00824928 0.125649 -0.0999994
      vertex 0.00199986 0.112499 -0.0999994
    endloop
  endfacet
  facet normal 0 0 -1
    outer loop
      vertex 0.0120993 0.19875 -0.0999994
      vertex -0.0348492 0.234449 -0.0999994
      vertex 0.0108995 0.20115 -0.0999994
    endloop
  endfacet
  facet normal 0 0 -1
    outer loop
      vertex -0.0306997 0.0942497 -0.0999994
      vertex 0.00199986 0.112499 -0.0999994
      vertex -0.0126495 0.0978498 -0.0999994
    endloop
  endfacet
  facet normal 0 0 -1
    outer loop
      vertex 0.00824928 0.125649 -0.0999994
      vertex -0.0306997 0.0942497 -0.0999994
      vertex -0.0798492 0.104699 -0.0999994
    endloop
  endfacet
  facet normal 0 0 -1
    outer loop
      vertex 0.00479984 0.21215 -0.0999994
      vertex -0.0348492 0.234449 -0.0999994
      vertex -0.0124998 0.229349 -0.0999994
    endloop
  endfacet
  facet normal 0 0 -1
    outer loop
      vertex -0.0124998 0.229349 -0.0999994
      vertex -0.0348492 0.234449 -0.0999994
      vertex -0.0130997 0.229699 -0.0999994
    endloop
  endfacet
  facet normal 0 0 -1
    outer loop
      vertex -0.0453491 0.0905495 -0.0999994
      vertex -0.0306997 0.0942497 -0.0999994
      vertex -0.0375996 0.0901995 -0.0999994
    endloop
  endfacet
  facet normal 0 0 -1
    outer loop
      vertex 0.00554943 0.21075 -0.0999994
      vertex -0.0348492 0.234449 -0.0999994
      vertex 0.00479984 0.21215 -0.0999994
    endloop
  endfacet
  facet normal -0 0 -1
    outer loop
      vertex -0.0348492 0.234449 -0.0999994
      vertex -0.0798492 0.104699 -0.0999994
      vertex -0.0380993 0.23595 -0.0999994
    endloop
  endfacet
  facet normal 0 0 -1
    outer loop
      vertex -0.16525 0.186999 -0.0999994
      vertex -0.0380993 0.23595 -0.0999994
      vertex -0.0798492 0.104699 -0.0999994
    endloop
  endfacet
  facet normal -0 0 -1
    outer loop
      vertex -0.0380993 0.23595 -0.0999994
      vertex -0.16525 0.186999 -0.0999994
      vertex -0.0392494 0.237149 -0.0999994
    endloop
  endfacet
  facet normal 0 0 -1
    outer loop
      vertex -0.16525 0.190049 -0.0999994
      vertex -0.0392494 0.237149 -0.0999994
      vertex -0.16525 0.186999 -0.0999994
    endloop
  endfacet
  facet normal -0 0 -1
    outer loop
      vertex -0.0392494 0.237149 -0.0999994
      vertex -0.16525 0.190049 -0.0999994
      vertex -0.04 0.2393 -0.0999994
    endloop
  endfacet
  facet normal -0 0 -1
    outer loop
      vertex -0.0306997 0.0942497 -0.0999994
      vertex -0.0453491 0.0905495 -0.0999994
      vertex -0.0798492 0.104699 -0.0999994
    endloop
  endfacet
  facet normal -0 0 -1
    outer loop
      vertex 0.266049 0.4372 -0.0999994
      vertex 0.265949 0.433249 -0.0999994
      vertex 0.26475 0.438499 -0.0999994
    endloop
  endfacet
  facet normal 0 0 -1
    outer loop
      vertex 0.0064497 -0.440149 -0.0999994
      vertex 0.0119991 -0.421749 -0.0999994
      vertex 0.0119991 -0.4225 -0.0999994
    endloop
  endfacet
  facet normal 0 0 -1
    outer loop
      vertex 0.0064497 -0.440149 -0.0999994
      vertex 0.0119991 -0.4225 -0.0999994
      vertex 0.00849915 -0.43685 -0.0999994
    endloop
  endfacet
  facet normal 0 0 -1
    outer loop
      vertex 0.0064497 -0.440149 -0.0999994
      vertex 0.00849915 -0.43685 -0.0999994
      vertex 0.00774956 -0.43835 -0.0999994
    endloop
  endfacet
  facet normal 0 0 -1
    outer loop
      vertex 0.0119991 -0.421749 -0.0999994
      vertex 0.0064497 -0.440149 -0.0999994
      vertex -0.00304985 -0.45305 -0.0999994
    endloop
  endfacet
  facet normal -0 0 -1
    outer loop
      vertex 0.0119991 -0.421749 -0.0999994
      vertex -0.00304985 -0.45305 -0.0999994
      vertex -0.00789928 -0.348849 -0.0999994
    endloop
  endfacet
  facet normal 0 0 -1
    outer loop
      vertex 0.00979996 -0.37435 -0.0999994
      vertex 0.00194931 -0.359349 -0.0999994
      vertex 0.00599957 -0.36525 -0.0999994
    endloop
  endfacet
  facet normal 0 0 -1
    outer loop
      vertex 0.00599957 -0.36525 -0.0999994
      vertex 0.00194931 -0.359349 -0.0999994
      vertex 0.00504971 -0.362849 -0.0999994
    endloop
  endfacet
  facet normal 0 0 -1
    outer loop
      vertex 0.0119991 -0.421749 -0.0999994
      vertex -0.00789928 -0.348849 -0.0999994
      vertex 0.00979996 -0.37435 -0.0999994
    endloop
  endfacet
  facet normal 0 0 -1
    outer loop
      vertex -0.0040493 -0.459299 -0.0999994
      vertex -0.00304985 -0.45305 -0.0999994
      vertex -0.00344944 -0.4571 -0.0999994
    endloop
  endfacet
  facet normal 0 0 -1
    outer loop
      vertex -0.00304985 -0.45305 -0.0999994
      vertex -0.0040493 -0.459299 -0.0999994
      vertex -0.0138998 -0.472349 -0.0999994
    endloop
  endfacet
  facet normal 0 0 -1
    outer loop
      vertex -0.0138998 -0.472349 -0.0999994
      vertex -0.0040493 -0.459299 -0.0999994
      vertex -0.00429916 -0.4619 -0.0999994
    endloop
  endfacet
  facet normal 0 0 -1
    outer loop
      vertex -0.0138998 -0.472349 -0.0999994
      vertex -0.00429916 -0.4619 -0.0999994
      vertex -0.0043993 -0.462749 -0.0999994
    endloop
  endfacet
  facet normal 0 0 -1
    outer loop
      vertex 0.00979996 -0.37435 -0.0999994
      vertex -0.00789928 -0.348849 -0.0999994
      vertex 0.00194931 -0.359349 -0.0999994
    endloop
  endfacet
  facet normal 0 0 -1
    outer loop
      vertex -0.0159998 -0.47495 -0.0999994
      vertex -0.00304985 -0.45305 -0.0999994
      vertex -0.0138998 -0.472349 -0.0999994
    endloop
  endfacet
  facet normal 0 0 -1
    outer loop
      vertex -0.00304985 -0.45305 -0.0999994
      vertex -0.0128994 -0.343349 -0.0999994
      vertex -0.00789928 -0.348849 -0.0999994
    endloop
  endfacet
  facet normal 0 0 -1
    outer loop
      vertex -0.0199499 -0.47975 -0.0999994
      vertex -0.00304985 -0.45305 -0.0999994
      vertex -0.0159998 -0.47495 -0.0999994
    endloop
  endfacet
  facet normal -0 0 -1
    outer loop
      vertex -0.00304985 -0.45305 -0.0999994
      vertex -0.0199499 -0.47975 -0.0999994
      vertex -0.0128994 -0.343349 -0.0999994
    endloop
  endfacet
  facet normal 0 0 -1
    outer loop
      vertex 0.0282993 -0.455799 -0.0999994
      vertex 0.0276499 -0.4536 -0.0999994
      vertex 0.0277491 -0.452999 -0.0999994
    endloop
  endfacet
  facet normal 0 0 -1
    outer loop
      vertex 0.0287991 -0.459299 -0.0999994
      vertex 0.0281496 -0.4571 -0.0999994
      vertex 0.0282993 -0.455799 -0.0999994
    endloop
  endfacet
  facet normal 0 0 -1
    outer loop
      vertex 0.0290499 -0.4619 -0.0999994
      vertex 0.0286999 -0.4606 -0.0999994
      vertex 0.0287991 -0.459299 -0.0999994
    endloop
  endfacet
  facet normal 0 0 -1
    outer loop
      vertex 0.0388994 0.447399 -0.0999994
      vertex 0.0287991 0.435049 -0.0999994
      vertex 0.0292492 0.437249 -0.0999994
    endloop
  endfacet
  facet normal 0 0 -1
    outer loop
      vertex 0.0388994 0.447399 -0.0999994
      vertex 0.0282497 0.432449 -0.0999994
      vertex 0.0287991 0.435049 -0.0999994
    endloop
  endfacet
  facet normal 0 0 -1
    outer loop
      vertex 0.0388994 0.447399 -0.0999994
      vertex 0.0273991 0.428049 -0.0999994
      vertex 0.0282497 0.432449 -0.0999994
    endloop
  endfacet
  facet normal 0 0 -1
    outer loop
      vertex 0.0282497 0.432449 -0.0999994
      vertex 0.0273991 0.428049 -0.0999994
      vertex 0.0278997 0.431649 -0.0999994
    endloop
  endfacet
  facet normal 0 0 -1
    outer loop
      vertex 0.0388994 0.447399 -0.0999994
      vertex 0.0271997 0.427199 -0.0999994
      vertex 0.0273991 0.428049 -0.0999994
    endloop
  endfacet
  facet normal 0 0 -1
    outer loop
      vertex 0.0141993 0.351899 -0.0999994
      vertex 0.0351496 0.3209 -0.0999994
      vertex 0.0243492 0.3325 -0.0999994
    endloop
  endfacet
  facet normal 0 0 -1
    outer loop
      vertex 0.0186491 0.34065 -0.0999994
      vertex 0.0243492 0.3325 -0.0999994
      vertex 0.0195999 0.3377 -0.0999994
    endloop
  endfacet
  facet normal 0 0 -1
    outer loop
      vertex 0.0167494 0.345249 -0.0999994
      vertex 0.0243492 0.3325 -0.0999994
      vertex 0.0186491 0.34065 -0.0999994
    endloop
  endfacet
  facet normal 0 0 -1
    outer loop
      vertex 0.0141993 0.351899 -0.0999994
      vertex 0.0243492 0.3325 -0.0999994
      vertex 0.0167494 0.345249 -0.0999994
    endloop
  endfacet
  facet normal 0 0 -1
    outer loop
      vertex 0.0351496 0.3209 -0.0999994
      vertex 0.0126991 0.397499 -0.0999994
      vertex 0.0271997 0.427199 -0.0999994
    endloop
  endfacet
  facet normal 0 0 -1
    outer loop
      vertex 0.0271997 0.427199 -0.0999994
      vertex 0.0127993 0.398049 -0.0999994
      vertex 0.0167999 0.41325 -0.0999994
    endloop
  endfacet
  facet normal 0 0 -1
    outer loop
      vertex 0.0351496 0.3209 -0.0999994
      vertex 0.0141993 0.351899 -0.0999994
      vertex 0.0126991 0.397499 -0.0999994
    endloop
  endfacet
  facet normal 0 0 -1
    outer loop
      vertex 0.0126991 0.397499 -0.0999994
      vertex 0.0141993 0.351899 -0.0999994
      vertex 0.0133991 0.353849 -0.0999994
    endloop
  endfacet
  facet normal 0 0 -1
    outer loop
      vertex 0.0167999 0.41325 -0.0999994
      vertex 0.0127993 0.398049 -0.0999994
      vertex 0.0162497 0.41255 -0.0999994
    endloop
  endfacet
  facet normal 0 0 -1
    outer loop
      vertex 0.0271997 0.427199 -0.0999994
      vertex 0.0126991 0.397499 -0.0999994
      vertex 0.0127993 0.398049 -0.0999994
    endloop
  endfacet
  facet normal 0 0 -1
    outer loop
      vertex 0.0125999 0.355849 -0.0999994
      vertex 0.0126991 0.397499 -0.0999994
      vertex 0.0133991 0.353849 -0.0999994
    endloop
  endfacet
  facet normal 0 0 -1
    outer loop
      vertex 0.0120497 0.35605 -0.0999994
      vertex 0.0126991 0.397499 -0.0999994
      vertex 0.0125999 0.355849 -0.0999994
    endloop
  endfacet
  facet normal 0 0 -1
    outer loop
      vertex 0.0120497 0.35605 -0.0999994
      vertex 0.0120497 0.397499 -0.0999994
      vertex 0.0126991 0.397499 -0.0999994
    endloop
  endfacet
  facet normal 0 0 -1
    outer loop
      vertex -0.00139999 0.33215 -0.0999994
      vertex 0.0120497 0.35605 -0.0999994
      vertex 0.0116997 0.354899 -0.0999994
    endloop
  endfacet
  facet normal -0 0 -1
    outer loop
      vertex 0.0120497 0.35605 -0.0999994
      vertex -0.00139999 0.33215 -0.0999994
      vertex 0.0120497 0.397499 -0.0999994
    endloop
  endfacet
  facet normal 0 0 -1
    outer loop
      vertex -0.00139999 0.33215 -0.0999994
      vertex 0.0116997 0.354899 -0.0999994
      vertex 0.00354958 0.33715 -0.0999994
    endloop
  endfacet
  facet normal 0 0 -1
    outer loop
      vertex -0.00909996 0.32395 -0.0999994
      vertex 0.0120497 0.397499 -0.0999994
      vertex -0.00139999 0.33215 -0.0999994
    endloop
  endfacet
  facet normal 0 0 -1
    outer loop
      vertex 0.0120497 0.397499 -0.0999994
      vertex 0.000999451 0.42375 -0.0999994
      vertex 0.00854969 0.41245 -0.0999994
    endloop
  endfacet
  facet normal -0 0 -1
    outer loop
      vertex 0.0120497 0.397499 -0.0999994
      vertex -0.00909996 0.32395 -0.0999994
      vertex 0.000999451 0.42375 -0.0999994
    endloop
  endfacet
  facet normal 0 0 -1
    outer loop
      vertex -0.0126991 0.320299 -0.0999994
      vertex 0.000999451 0.42375 -0.0999994
      vertex -0.00909996 0.32395 -0.0999994
    endloop
  endfacet
  facet normal 0 0 -1
    outer loop
      vertex -0.0133991 0.4499 -0.0999994
      vertex 0.000999451 0.42375 -0.0999994
      vertex -0.0126991 0.320299 -0.0999994
    endloop
  endfacet
  facet normal 0 0 -1
    outer loop
      vertex -0.000499725 0.433749 -0.0999994
      vertex -0.00094986 0.4373 -0.0999994
      vertex -0.000499725 0.43415 -0.0999994
    endloop
  endfacet
  facet normal 0 0 -1
    outer loop
      vertex 0.000999451 0.42375 -0.0999994
      vertex -0.0133991 0.4499 -0.0999994
      vertex 0.000249863 0.42915 -0.0999994
    endloop
  endfacet
  facet normal 0 0 -1
    outer loop
      vertex 0.000249863 0.42915 -0.0999994
      vertex -0.0133991 0.4499 -0.0999994
      vertex -4.95911e-05 0.4309 -0.0999994
    endloop
  endfacet
  facet normal -0 -0 -1
    outer loop
      vertex -0.000499725 0.433749 -0.0999994
      vertex -4.95911e-05 0.4309 -0.0999994
      vertex -0.0133991 0.4499 -0.0999994
    endloop
  endfacet
  facet normal 0 0 -1
    outer loop
      vertex -4.95911e-05 0.4309 -0.0999994
      vertex -0.000499725 0.433749 -0.0999994
      vertex -0.000199318 0.43265 -0.0999994
    endloop
  endfacet
  facet normal 0 0 -1
    outer loop
      vertex -0.000499725 0.433749 -0.0999994
      vertex -0.0133991 0.4499 -0.0999994
      vertex -0.00094986 0.4373 -0.0999994
    endloop
  endfacet
  facet normal 0 0 -1
    outer loop
      vertex -0.0158997 0.45315 -0.0999994
      vertex -0.0133991 0.4499 -0.0999994
      vertex -0.0126991 0.320299 -0.0999994
    endloop
  endfacet
  facet normal 0 0 -1
    outer loop
      vertex -0.0133991 0.4499 -0.0999994
      vertex -0.0158997 0.45315 -0.0999994
      vertex -0.0140991 0.45105 -0.0999994
    endloop
  endfacet
  facet normal 0 0 -1
    outer loop
      vertex -0.0258493 0.302649 -0.0999994
      vertex -0.0126991 0.320299 -0.0999994
      vertex -0.0175991 0.3123 -0.0999994
    endloop
  endfacet
  facet normal 0 0 -1
    outer loop
      vertex -0.0126991 0.320299 -0.0999994
      vertex -0.0603495 0.48675 -0.0999994
      vertex -0.0158997 0.45315 -0.0999994
    endloop
  endfacet
  facet normal 0 0 -1
    outer loop
      vertex -0.0158997 0.45315 -0.0999994
      vertex -0.0178995 0.455649 -0.0999994
      vertex -0.0175991 0.4554 -0.0999994
    endloop
  endfacet
  facet normal 0 0 -1
    outer loop
      vertex -0.0158997 0.45315 -0.0999994
      vertex -0.0603495 0.48675 -0.0999994
      vertex -0.0178995 0.455649 -0.0999994
    endloop
  endfacet
  facet normal -0 0 -1
    outer loop
      vertex -0.0126991 0.320299 -0.0999994
      vertex -0.0258493 0.302649 -0.0999994
      vertex -0.0603495 0.48675 -0.0999994
    endloop
  endfacet
  facet normal 0 0 -1
    outer loop
      vertex -0.0303993 0.2974 -0.0999994
      vertex -0.0258493 0.302649 -0.0999994
      vertex -0.0295992 0.298149 -0.0999994
    endloop
  endfacet
  facet normal -0 0 -1
    outer loop
      vertex -0.0258493 0.302649 -0.0999994
      vertex -0.0303993 0.2974 -0.0999994
      vertex -0.0603495 0.48675 -0.0999994
    endloop
  endfacet
  facet normal -0 -0 -1
    outer loop
      vertex -0.0582495 0.485999 -0.0999994
      vertex -0.0178995 0.455649 -0.0999994
      vertex -0.0603495 0.48675 -0.0999994
    endloop
  endfacet
  facet normal 0 0 -1
    outer loop
      vertex -0.237 0.3454 -0.0999994
      vertex -0.0303993 0.2974 -0.0999994
      vertex -0.0387497 0.287499 -0.0999994
    endloop
  endfacet
  facet normal 0 0 -1
    outer loop
      vertex -0.212799 0.26705 -0.0999994
      vertex -0.0387497 0.287499 -0.0999994
      vertex -0.0394497 0.285549 -0.0999994
    endloop
  endfacet
  facet normal 0 0 -1
    outer loop
      vertex -0.2083 0.257899 -0.0999994
      vertex -0.0394497 0.285549 -0.0999994
      vertex -0.0407495 0.278999 -0.0999994
    endloop
  endfacet
  facet normal 0 0 -1
    outer loop
      vertex -0.2083 0.257899 -0.0999994
      vertex -0.0407495 0.278999 -0.0999994
      vertex -0.0414991 0.2759 -0.0999994
    endloop
  endfacet
  facet normal 0 0 -1
    outer loop
      vertex -0.2083 0.257899 -0.0999994
      vertex -0.0414991 0.2759 -0.0999994
      vertex -0.0441999 0.262449 -0.0999994
    endloop
  endfacet
  facet normal 0 0 -1
    outer loop
      vertex -0.0239496 0.463149 -0.0999994
      vertex -0.0460997 0.48055 -0.0999994
      vertex -0.0378494 0.476899 -0.0999994
    endloop
  endfacet
  facet normal -0 0 -1
    outer loop
      vertex -0.04 0.2393 -0.0999994
      vertex -0.16525 0.190049 -0.0999994
      vertex -0.0416994 0.248899 -0.0999994
    endloop
  endfacet
  facet normal 0 0 -1
    outer loop
      vertex -0.1839 0.212399 -0.0999994
      vertex -0.0441999 0.262449 -0.0999994
      vertex -0.16525 0.190049 -0.0999994
    endloop
  endfacet
  facet normal 0 0 -1
    outer loop
      vertex -0.2083 0.257899 -0.0999994
      vertex -0.0441999 0.262449 -0.0999994
      vertex -0.18785 0.219649 -0.0999994
    endloop
  endfacet
  facet normal 0 0 -1
    outer loop
      vertex -0.0394497 0.285549 -0.0999994
      vertex -0.2083 0.257899 -0.0999994
      vertex -0.212799 0.26705 -0.0999994
    endloop
  endfacet
  facet normal 0 0 -1
    outer loop
      vertex -0.0798492 0.104699 -0.0999994
      vertex -0.0453491 0.0905495 -0.0999994
      vertex -0.0626497 0.0917492 -0.0999994
    endloop
  endfacet
  facet normal -0 0 -1
    outer loop
      vertex -0.0428991 0.2549 -0.0999994
      vertex -0.16525 0.190049 -0.0999994
      vertex -0.0441999 0.262449 -0.0999994
    endloop
  endfacet
  facet normal -0 0 -1
    outer loop
      vertex -0.0387497 0.287499 -0.0999994
      vertex -0.212799 0.26705 -0.0999994
      vertex -0.228749 0.303399 -0.0999994
    endloop
  endfacet
  facet normal 0 0 -1
    outer loop
      vertex -0.1712 0.171499 -0.0999994
      vertex -0.0798492 0.104699 -0.0999994
      vertex -0.0799999 0.104549 -0.0999994
    endloop
  endfacet
  facet normal -0 0 -1
    outer loop
      vertex -0.0724497 0.0753994 -0.0999994
      vertex -0.207749 0.0325994 -0.0999994
      vertex -0.0734491 0.0818996 -0.0999994
    endloop
  endfacet
  facet normal 0 0 -1
    outer loop
      vertex -0.210349 0.0370998 -0.0999994
      vertex -0.0734491 0.0818996 -0.0999994
      vertex -0.207749 0.0325994 -0.0999994
    endloop
  endfacet
  facet normal 0 -0 -1
    outer loop
      vertex -0.172999 -0.0129499 -0.0999994
      vertex -0.0754995 -0.100499 -0.0999994
      vertex -0.2085 -0.0583496 -0.0999994
    endloop
  endfacet
  facet normal 0 0 -1
    outer loop
      vertex -0.0754995 -0.100499 -0.0999994
      vertex -0.172999 -0.0129499 -0.0999994
      vertex -0.1045 -0.0128498 -0.0999994
    endloop
  endfacet
  facet normal 0 0 -1
    outer loop
      vertex -0.179799 -0.00774956 -0.0999994
      vertex -0.1045 -0.0123491 -0.0999994
      vertex -0.172999 -0.0123491 -0.0999994
    endloop
  endfacet
  facet normal 0 0 -1
    outer loop
      vertex -0.0387497 0.287499 -0.0999994
      vertex -0.228749 0.303399 -0.0999994
      vertex -0.235399 0.337899 -0.0999994
    endloop
  endfacet
  facet normal 0 0 -1
    outer loop
      vertex -0.0441999 0.262449 -0.0999994
      vertex -0.1839 0.212399 -0.0999994
      vertex -0.18785 0.219649 -0.0999994
    endloop
  endfacet
  facet normal 0 0 -1
    outer loop
      vertex -0.0387497 0.287499 -0.0999994
      vertex -0.235399 0.337899 -0.0999994
      vertex -0.237 0.3454 -0.0999994
    endloop
  endfacet
  facet normal 0 0 -1
    outer loop
      vertex -0.19185 0.22415 -0.0999994
      vertex -0.18785 0.219649 -0.0999994
      vertex -0.18825 0.219999 -0.0999994
    endloop
  endfacet
  facet normal 0 0 -1
    outer loop
      vertex -0.18785 0.219649 -0.0999994
      vertex -0.19185 0.22415 -0.0999994
      vertex -0.2083 0.257899 -0.0999994
    endloop
  endfacet
  facet normal 0 0 -1
    outer loop
      vertex -0.0178995 0.455649 -0.0999994
      vertex -0.0582495 0.485999 -0.0999994
      vertex -0.0239496 0.463149 -0.0999994
    endloop
  endfacet
  facet normal -0 0 -1
    outer loop
      vertex -0.0614996 0.5 -0.0999994
      vertex -0.202 0.48755 -0.0999994
      vertex -0.202 0.5 -0.0999994
    endloop
  endfacet
  facet normal 0 0 -1
    outer loop
      vertex 0.10075 -0.10425 -0.0999994
      vertex 0.100149 -0.102099 -0.0999994
      vertex 0.1003 -0.100499 -0.0999994
    endloop
  endfacet
  facet normal 0 0 -1
    outer loop
      vertex 0.103299 -0.120799 -0.0999994
      vertex 0.10265 -0.1186 -0.0999994
      vertex 0.10275 -0.118199 -0.0999994
    endloop
  endfacet
  facet normal 0 0 -1
    outer loop
      vertex 0.103749 -0.123699 -0.0999994
      vertex 0.103149 -0.121599 -0.0999994
      vertex 0.103299 -0.120799 -0.0999994
    endloop
  endfacet
  facet normal 0 0 -1
    outer loop
      vertex 0.1043 -0.1263 -0.0999994
      vertex 0.103649 -0.1241 -0.0999994
      vertex 0.103749 -0.123699 -0.0999994
    endloop
  endfacet
  facet normal 0 0 -1
    outer loop
      vertex 0.104799 -0.129299 -0.0999994
      vertex 0.10415 -0.1271 -0.0999994
      vertex 0.1043 -0.1263 -0.0999994
    endloop
  endfacet
  facet normal 0 0 -1
    outer loop
      vertex 0.2351 0.0369997 -0.0999994
      vertex 0.0981998 0.0818996 -0.0999994
      vertex 0.10475 0.104549 -0.0999994
    endloop
  endfacet
  facet normal 0 0 -1
    outer loop
      vertex 0.10475 0.104549 -0.0999994
      vertex 0.0985498 0.0843992 -0.0999994
      vertex 0.0989494 0.0871496 -0.0999994
    endloop
  endfacet
  facet normal 0 0 -1
    outer loop
      vertex 0.0989494 0.0871496 -0.0999994
      vertex 0.0985498 0.0843992 -0.0999994
      vertex 0.0986996 0.0861492 -0.0999994
    endloop
  endfacet
  facet normal 0 0 -1
    outer loop
      vertex 0.10475 0.104549 -0.0999994
      vertex 0.0981998 0.0818996 -0.0999994
      vertex 0.0985498 0.0843992 -0.0999994
    endloop
  endfacet
  facet normal 0 0 -1
    outer loop
      vertex 0.0985498 0.0843992 -0.0999994
      vertex 0.0981998 0.0818996 -0.0999994
      vertex 0.0982494 0.0826492 -0.0999994
    endloop
  endfacet
  facet normal 0 0 -1
    outer loop
      vertex 0.232499 0.0325994 -0.0999994
      vertex 0.0975494 0.0778999 -0.0999994
      vertex 0.0981998 0.0818996 -0.0999994
    endloop
  endfacet
  facet normal 0 0 -1
    outer loop
      vertex 0.0981998 0.0818996 -0.0999994
      vertex 0.0975494 0.0778999 -0.0999994
      vertex 0.0978994 0.0811491 -0.0999994
    endloop
  endfacet
  facet normal 0 0 -1
    outer loop
      vertex 0.232499 0.0325994 -0.0999994
      vertex 0.0971994 0.0753994 -0.0999994
      vertex 0.0975494 0.0778999 -0.0999994
    endloop
  endfacet
  facet normal 0 0 -1
    outer loop
      vertex 0.0975494 0.0778999 -0.0999994
      vertex 0.0971994 0.0753994 -0.0999994
      vertex 0.09725 0.0761499 -0.0999994
    endloop
  endfacet
  facet normal 0 0 -1
    outer loop
      vertex 0.232499 0.0325994 -0.0999994
      vertex 0.0967493 0.0717993 -0.0999994
      vertex 0.0971994 0.0753994 -0.0999994
    endloop
  endfacet
  facet normal 0 0 -1
    outer loop
      vertex 0.0967493 0.0724497 -0.0999994
      vertex 0.0971994 0.0753994 -0.0999994
      vertex 0.0967493 0.0717993 -0.0999994
    endloop
  endfacet
  facet normal 0 0 -1
    outer loop
      vertex 0.0914993 0.0278997 -0.0999994
      vertex 0.1129 -0.00394917 -0.0999994
      vertex 0.0963497 0.0124998 -0.0999994
    endloop
  endfacet
  facet normal 0 0 -1
    outer loop
      vertex 0.12925 -0.0123491 -0.0999994
      vertex 0.0914993 0.0278997 -0.0999994
      vertex 0.0967493 0.0717993 -0.0999994
    endloop
  endfacet
  facet normal 0 0 -1
    outer loop
      vertex 0.0891495 0.0351496 -0.0999994
      vertex 0.0967493 0.0717993 -0.0999994
      vertex 0.0914993 0.0278997 -0.0999994
    endloop
  endfacet
  facet normal 0 0 -1
    outer loop
      vertex 0.0967493 0.0717993 -0.0999994
      vertex 0.0902491 0.0603991 -0.0999994
      vertex 0.0905495 0.0625 -0.0999994
    endloop
  endfacet
  facet normal 0 0 -1
    outer loop
      vertex 0.0967493 0.0717993 -0.0999994
      vertex 0.0891495 0.0351496 -0.0999994
      vertex 0.0902491 0.0603991 -0.0999994
    endloop
  endfacet
  facet normal 0 0 -1
    outer loop
      vertex 0.0891495 0.0351496 -0.0999994
      vertex 0.0881491 0.0386 -0.0999994
      vertex 0.0902491 0.0603991 -0.0999994
    endloop
  endfacet
  facet normal 0 -0 -1
    outer loop
      vertex 0.0881491 0.0386 -0.0999994
      vertex 0.0891495 0.0351496 -0.0999994
      vertex 0.0880499 0.0378494 -0.0999994
    endloop
  endfacet
  facet normal 0 0 -1
    outer loop
      vertex 0.0509996 -0.4878 -0.0999994
      vertex 0.2575 -0.4873 -0.0999994
      vertex 0.2575 -0.5 -0.0999994
    endloop
  endfacet
  facet normal 0 0 -1
    outer loop
      vertex 0.24305 -0.2995 -0.0999994
      vertex 0.2535 -0.320999 -0.0999994
      vertex 0.2535 -0.3286 -0.0999994
    endloop
  endfacet
  facet normal 0 0 -1
    outer loop
      vertex 0.0497494 -0.485999 -0.0999994
      vertex 0.2575 -0.4873 -0.0999994
      vertex 0.0509996 -0.4878 -0.0999994
    endloop
  endfacet
  facet normal 0 -0 -1
    outer loop
      vertex 0.0522499 -0.324599 -0.0999994
      vertex 0.2535 -0.3286 -0.0999994
      vertex 0.0497494 -0.485999 -0.0999994
    endloop
  endfacet
  facet normal 0 -0 -1
    outer loop
      vertex 0.0609999 -0.314099 -0.0999994
      vertex 0.2535 -0.3286 -0.0999994
      vertex 0.0522499 -0.324599 -0.0999994
    endloop
  endfacet
  facet normal 0 0 -1
    outer loop
      vertex 0.2535 -0.320999 -0.0999994
      vertex 0.24305 -0.2995 -0.0999994
      vertex 0.25315 -0.31495 -0.0999994
    endloop
  endfacet
  facet normal 0 0 -1
    outer loop
      vertex 0.2535 -0.3286 -0.0999994
      vertex 0.2406 -0.29635 -0.0999994
      vertex 0.24305 -0.2995 -0.0999994
    endloop
  endfacet
  facet normal 0 0 -1
    outer loop
      vertex 0.24305 -0.2995 -0.0999994
      vertex 0.2406 -0.29635 -0.0999994
      vertex 0.24115 -0.296949 -0.0999994
    endloop
  endfacet
  facet normal 0 0 -1
    outer loop
      vertex 0.2535 -0.3286 -0.0999994
      vertex 0.23755 -0.292299 -0.0999994
      vertex 0.2406 -0.29635 -0.0999994
    endloop
  endfacet
  facet normal 0 0 -1
    outer loop
      vertex 0.2406 -0.29635 -0.0999994
      vertex 0.239149 -0.29435 -0.0999994
      vertex 0.2394 -0.2946 -0.0999994
    endloop
  endfacet
  facet normal 0 0 -1
    outer loop
      vertex 0.2406 -0.29635 -0.0999994
      vertex 0.23755 -0.292299 -0.0999994
      vertex 0.239149 -0.29435 -0.0999994
    endloop
  endfacet
  facet normal 0 -0 -1
    outer loop
      vertex 0.0627499 -0.310849 -0.0999994
      vertex 0.23755 -0.292299 -0.0999994
      vertex 0.062149 -0.31285 -0.0999994
    endloop
  endfacet
  facet normal -0 0 -1
    outer loop
      vertex 0.23755 -0.292299 -0.0999994
      vertex 0.0627499 -0.310849 -0.0999994
      vertex 0.233049 -0.283099 -0.0999994
    endloop
  endfacet
  facet normal 0 -0 -1
    outer loop
      vertex 0.0669498 -0.2921 -0.0999994
      vertex 0.233049 -0.283099 -0.0999994
      vertex 0.0627499 -0.310849 -0.0999994
    endloop
  endfacet
  facet normal 0 -0 -1
    outer loop
      vertex 0.0680494 -0.2877 -0.0999994
      vertex 0.233049 -0.283099 -0.0999994
      vertex 0.0669498 -0.2921 -0.0999994
    endloop
  endfacet
  facet normal 0 -0 -1
    outer loop
      vertex 0.214999 -0.247499 -0.0999994
      vertex 0.233049 -0.283099 -0.0999994
      vertex 0.0680494 -0.2877 -0.0999994
    endloop
  endfacet
  facet normal 0 0 -1
    outer loop
      vertex 0.233049 -0.283099 -0.0999994
      vertex 0.214999 -0.247499 -0.0999994
      vertex 0.231299 -0.27485 -0.0999994
    endloop
  endfacet
  facet normal -0 -0 -1
    outer loop
      vertex 0.2272 -0.2611 -0.0999994
      vertex 0.229199 -0.265849 -0.0999994
      vertex 0.214999 -0.247499 -0.0999994
    endloop
  endfacet
  facet normal 0 0 -1
    outer loop
      vertex 0.228649 -0.2632 -0.0999994
      vertex 0.2272 -0.2611 -0.0999994
      vertex 0.228499 -0.26275 -0.0999994
    endloop
  endfacet
  facet normal 0 0 -1
    outer loop
      vertex 0.229199 -0.265849 -0.0999994
      vertex 0.2272 -0.2611 -0.0999994
      vertex 0.228649 -0.2632 -0.0999994
    endloop
  endfacet
  facet normal 0 0 -1
    outer loop
      vertex 0.231299 -0.27485 -0.0999994
      vertex 0.214999 -0.247499 -0.0999994
      vertex 0.229199 -0.265849 -0.0999994
    endloop
  endfacet
  facet normal 0 -0 -1
    outer loop
      vertex 0.2126 -0.244849 -0.0999994
      vertex 0.214999 -0.247499 -0.0999994
      vertex 0.0680494 -0.2877 -0.0999994
    endloop
  endfacet
  facet normal 0 0 -1
    outer loop
      vertex 0.0626993 -0.26285 -0.0999994
      vertex 0.18895 -0.2105 -0.0999994
      vertex 0.189449 -0.214499 -0.0999994
    endloop
  endfacet
  facet normal -0 0 -1
    outer loop
      vertex 0.18895 -0.2105 -0.0999994
      vertex 0.0626993 -0.26285 -0.0999994
      vertex 0.18845 -0.207 -0.0999994
    endloop
  endfacet
  facet normal 0 0 -1
    outer loop
      vertex 0.0622492 -0.262349 -0.0999994
      vertex 0.187449 -0.199249 -0.0999994
      vertex 0.187949 -0.2035 -0.0999994
    endloop
  endfacet
  facet normal 0 0 -1
    outer loop
      vertex 0.186999 -0.195999 -0.0999994
      vertex 0.186449 -0.193 -0.0999994
      vertex 0.186999 -0.193 -0.0999994
    endloop
  endfacet
  facet normal -0 0 -1
    outer loop
      vertex 0.187449 -0.199249 -0.0999994
      vertex 0.0622492 -0.262349 -0.0999994
      vertex 0.186999 -0.195999 -0.0999994
    endloop
  endfacet
  facet normal -0 0 -1
    outer loop
      vertex 0.18845 -0.207 -0.0999994
      vertex 0.0626993 -0.26285 -0.0999994
      vertex 0.187949 -0.2035 -0.0999994
    endloop
  endfacet
  facet normal 0 0 -1
    outer loop
      vertex 0.10465 -0.12995 -0.0999994
      vertex 0.186 -0.186199 -0.0999994
      vertex 0.186 -0.1895 -0.0999994
    endloop
  endfacet
  facet normal 0 0 -1
    outer loop
      vertex 0.10465 -0.12995 -0.0999994
      vertex 0.186 -0.1895 -0.0999994
      vertex 0.186449 -0.193 -0.0999994
    endloop
  endfacet
  facet normal -0 0 -1
    outer loop
      vertex 0.186999 -0.195999 -0.0999994
      vertex 0.0622492 -0.262349 -0.0999994
      vertex 0.186449 -0.193 -0.0999994
    endloop
  endfacet
  facet normal 0 0 -1
    outer loop
      vertex 0.214999 -0.247499 -0.0999994
      vertex 0.2126 -0.244849 -0.0999994
      vertex 0.2134 -0.2456 -0.0999994
    endloop
  endfacet
  facet normal 0 0 -1
    outer loop
      vertex 0.186 -0.186199 -0.0999994
      vertex 0.104799 -0.129299 -0.0999994
      vertex 0.1043 -0.1263 -0.0999994
    endloop
  endfacet
  facet normal -0 0 -1
    outer loop
      vertex 0.2371 -0.06285 -0.0999994
      vertex 0.103299 -0.120799 -0.0999994
      vertex 0.23605 -0.0613499 -0.0999994
    endloop
  endfacet
  facet normal 0 0 -1
    outer loop
      vertex 0.1003 -0.100499 -0.0999994
      vertex 0.23605 -0.0613499 -0.0999994
      vertex 0.10075 -0.10425 -0.0999994
    endloop
  endfacet
  facet normal 0 0 -1
    outer loop
      vertex 0.186 -0.186199 -0.0999994
      vertex 0.10465 -0.12995 -0.0999994
      vertex 0.104799 -0.129299 -0.0999994
    endloop
  endfacet
  facet normal -0 0 -1
    outer loop
      vertex 0.18995 -0.215249 -0.0999994
      vertex 0.0634995 -0.267099 -0.0999994
      vertex 0.189449 -0.214499 -0.0999994
    endloop
  endfacet
  facet normal 0 0 -1
    outer loop
      vertex 0.0626993 -0.26285 -0.0999994
      vertex 0.189449 -0.214499 -0.0999994
      vertex 0.0634995 -0.267099 -0.0999994
    endloop
  endfacet
  facet normal 0 0 -1
    outer loop
      vertex 0.187949 -0.2035 -0.0999994
      vertex 0.0626993 -0.26285 -0.0999994
      vertex 0.0622492 -0.262349 -0.0999994
    endloop
  endfacet
  facet normal 0 0 -1
    outer loop
      vertex 0.0634995 -0.267099 -0.0999994
      vertex 0.18995 -0.215249 -0.0999994
      vertex 0.0680494 -0.2877 -0.0999994
    endloop
  endfacet
  facet normal -0 0 -1
    outer loop
      vertex 0.20865 -0.237599 -0.0999994
      vertex 0.0680494 -0.2877 -0.0999994
      vertex 0.18995 -0.215249 -0.0999994
    endloop
  endfacet
  facet normal -0 0 -1
    outer loop
      vertex 0.2126 -0.244849 -0.0999994
      vertex 0.0680494 -0.2877 -0.0999994
      vertex 0.20865 -0.237599 -0.0999994
    endloop
  endfacet
  facet normal 0 0 -1
    outer loop
      vertex 0.25315 -0.31495 -0.0999994
      vertex 0.24305 -0.2995 -0.0999994
      vertex 0.25305 -0.3125 -0.0999994
    endloop
  endfacet
  facet normal 0 -0 -1
    outer loop
      vertex 0.23755 -0.292299 -0.0999994
      vertex 0.2535 -0.3286 -0.0999994
      vertex 0.062149 -0.31285 -0.0999994
    endloop
  endfacet
  facet normal 0 0 -1
    outer loop
      vertex 0.0509996 -0.4878 -0.0999994
      vertex 0.2575 -0.5 -0.0999994
      vertex 0.0509996 -0.5 -0.0999994
    endloop
  endfacet
  facet normal 0 0 -1
    outer loop
      vertex 0.2575 -0.4873 -0.0999994
      vertex 0.0497494 -0.485999 -0.0999994
      vertex 0.2535 -0.3286 -0.0999994
    endloop
  endfacet
  facet normal 0 -0 -1
    outer loop
      vertex 0.062149 -0.31285 -0.0999994
      vertex 0.2535 -0.3286 -0.0999994
      vertex 0.0609999 -0.314099 -0.0999994
    endloop
  endfacet
  facet normal 0 0 -1
    outer loop
      vertex 0.0472498 -0.4828 -0.0999994
      vertex 0.0497494 -0.485999 -0.0999994
      vertex 0.0472498 -0.483199 -0.0999994
    endloop
  endfacet
  facet normal 0 0 -1
    outer loop
      vertex 0.0497494 -0.485999 -0.0999994
      vertex 0.0472498 -0.4828 -0.0999994
      vertex 0.0522499 -0.324599 -0.0999994
    endloop
  endfacet
  facet normal 0 0 -1
    outer loop
      vertex 0.0446997 -0.47975 -0.0999994
      vertex 0.0472498 -0.4828 -0.0999994
      vertex 0.0468493 -0.482599 -0.0999994
    endloop
  endfacet
  facet normal 0 0 -1
    outer loop
      vertex 0.0439997 -0.478849 -0.0999994
      vertex 0.0472498 -0.4828 -0.0999994
      vertex 0.0446997 -0.47975 -0.0999994
    endloop
  endfacet
  facet normal 0 0 -1
    outer loop
      vertex 0.0439997 -0.478849 -0.0999994
      vertex 0.0446997 -0.47975 -0.0999994
      vertex 0.0442991 -0.47975 -0.0999994
    endloop
  endfacet
  facet normal 0 0 -1
    outer loop
      vertex 0.0376492 -0.343349 -0.0999994
      vertex 0.0472498 -0.4828 -0.0999994
      vertex 0.0439997 -0.478849 -0.0999994
    endloop
  endfacet
  facet normal 0 0 -1
    outer loop
      vertex 0.0388994 -0.4726 -0.0999994
      vertex 0.0439997 -0.478849 -0.0999994
      vertex 0.0432997 -0.4781 -0.0999994
    endloop
  endfacet
  facet normal 0 0 -1
    outer loop
      vertex 0.0472498 -0.4828 -0.0999994
      vertex 0.0376492 -0.343349 -0.0999994
      vertex 0.0522499 -0.324599 -0.0999994
    endloop
  endfacet
  facet normal 0 0 -1
    outer loop
      vertex 0.0439997 -0.478849 -0.0999994
      vertex 0.0388994 -0.4726 -0.0999994
      vertex 0.0277491 -0.452999 -0.0999994
    endloop
  endfacet
  facet normal 0 0 -1
    outer loop
      vertex 0.0522499 -0.324599 -0.0999994
      vertex 0.0376492 -0.343349 -0.0999994
      vertex 0.0410995 -0.33785 -0.0999994
    endloop
  endfacet
  facet normal 0 0 -1
    outer loop
      vertex 0.0439997 -0.478849 -0.0999994
      vertex 0.0277491 -0.452999 -0.0999994
      vertex 0.0376492 -0.343349 -0.0999994
    endloop
  endfacet
  facet normal 0 0 -1
    outer loop
      vertex 0.0290499 -0.4619 -0.0999994
      vertex 0.0388994 -0.4726 -0.0999994
      vertex 0.0291491 -0.462749 -0.0999994
    endloop
  endfacet
  facet normal 0 0 -1
    outer loop
      vertex 0.0388994 -0.4726 -0.0999994
      vertex 0.0290499 -0.4619 -0.0999994
      vertex 0.0287991 -0.459299 -0.0999994
    endloop
  endfacet
  facet normal 0 0 -1
    outer loop
      vertex 0.0282993 -0.455799 -0.0999994
      vertex 0.0388994 -0.4726 -0.0999994
      vertex 0.0287991 -0.459299 -0.0999994
    endloop
  endfacet
  facet normal 0 0 -1
    outer loop
      vertex 0.0277491 -0.452999 -0.0999994
      vertex 0.0388994 -0.4726 -0.0999994
      vertex 0.0282993 -0.455799 -0.0999994
    endloop
  endfacet
  facet normal 0 0 -1
    outer loop
      vertex 0.0376492 -0.343349 -0.0999994
      vertex 0.0277491 -0.452999 -0.0999994
      vertex 0.0309992 -0.350599 -0.0999994
    endloop
  endfacet
  facet normal 0 0 -1
    outer loop
      vertex 0.0127497 -0.421749 -0.0999994
      vertex 0.0277491 -0.452999 -0.0999994
      vertex 0.0237494 -0.447599 -0.0999994
    endloop
  endfacet
  facet normal 0 0 -1
    outer loop
      vertex 0.0277491 -0.452999 -0.0999994
      vertex 0.0127497 -0.421749 -0.0999994
      vertex 0.0309992 -0.350599 -0.0999994
    endloop
  endfacet
  facet normal 0 -0 -1
    outer loop
      vertex 0.0163994 -0.370999 -0.0999994
      vertex 0.0309992 -0.350599 -0.0999994
      vertex 0.0127497 -0.421749 -0.0999994
    endloop
  endfacet
  facet normal 0 0 -1
    outer loop
      vertex 0.0127497 -0.421749 -0.0999994
      vertex 0.0237494 -0.447599 -0.0999994
      vertex 0.0169992 -0.43835 -0.0999994
    endloop
  endfacet
  facet normal 0 0 -1
    outer loop
      vertex 0.0309992 -0.350599 -0.0999994
      vertex 0.0163994 -0.370999 -0.0999994
      vertex 0.0227995 -0.359349 -0.0999994
    endloop
  endfacet
  facet normal 0 0 -1
    outer loop
      vertex 0.0127497 -0.421749 -0.0999994
      vertex 0.0169992 -0.43835 -0.0999994
      vertex 0.0162497 -0.43685 -0.0999994
    endloop
  endfacet
  facet normal 0 0 -1
    outer loop
      vertex 0.0227995 -0.359349 -0.0999994
      vertex 0.0163994 -0.370999 -0.0999994
      vertex 0.0196991 -0.362849 -0.0999994
    endloop
  endfacet
  facet normal 0 0 -1
    outer loop
      vertex 0.0127497 -0.421749 -0.0999994
      vertex 0.0162497 -0.43685 -0.0999994
      vertex 0.0127497 -0.4225 -0.0999994
    endloop
  endfacet
  facet normal 0 0 -1
    outer loop
      vertex 0.0163994 -0.370999 -0.0999994
      vertex 0.0127497 -0.421749 -0.0999994
      vertex 0.0149498 -0.37435 -0.0999994
    endloop
  endfacet
  facet normal 0 0 -1
    outer loop
      vertex 0.0127497 -0.421749 -0.0999994
      vertex 0.0126991 -0.379999 -0.0999994
      vertex 0.0149498 -0.37435 -0.0999994
    endloop
  endfacet
  facet normal 0 0 -1
    outer loop
      vertex 0.0127497 -0.421749 -0.0999994
      vertex 0.0120497 -0.379999 -0.0999994
      vertex 0.0126991 -0.379999 -0.0999994
    endloop
  endfacet
  facet normal 0 0 -1
    outer loop
      vertex 0.0119991 -0.421749 -0.0999994
      vertex 0.0120497 -0.379999 -0.0999994
      vertex 0.0127497 -0.421749 -0.0999994
    endloop
  endfacet
  facet normal -0 0 -1
    outer loop
      vertex 0.0120497 -0.379999 -0.0999994
      vertex 0.0119991 -0.421749 -0.0999994
      vertex 0.00979996 -0.37435 -0.0999994
    endloop
  endfacet
  facet normal 0 0 -1
    outer loop
      vertex 0.2625 -0.46645 -0.0999994
      vertex 0.26475 -0.46375 -0.0999994
      vertex 0.26475 -0.464199 -0.0999994
    endloop
  endfacet
  facet normal 0 0 -1
    outer loop
      vertex 0.271 -0.3979 -0.0999994
      vertex 0.26265 -0.37385 -0.0999994
      vertex 0.268149 -0.382999 -0.0999994
    endloop
  endfacet
  facet normal 0 0 -1
    outer loop
      vertex 0.2625 -0.46645 -0.0999994
      vertex 0.261749 -0.3706 -0.0999994
      vertex 0.26265 -0.37385 -0.0999994
    endloop
  endfacet
  facet normal 0 0 -1
    outer loop
      vertex 0.261049 -0.472099 -0.0999994
      vertex 0.261749 -0.3706 -0.0999994
      vertex 0.2625 -0.46645 -0.0999994
    endloop
  endfacet
  facet normal 0 0 -1
    outer loop
      vertex 0.26015 -0.363099 -0.0999994
      vertex 0.261749 -0.3706 -0.0999994
      vertex 0.261049 -0.472099 -0.0999994
    endloop
  endfacet
  facet normal 0 0 -1
    outer loop
      vertex 0.261749 -0.3706 -0.0999994
      vertex 0.26015 -0.363099 -0.0999994
      vertex 0.260949 -0.366349 -0.0999994
    endloop
  endfacet
  facet normal 0 0 -1
    outer loop
      vertex 0.2575 -0.4873 -0.0999994
      vertex 0.26015 -0.363099 -0.0999994
      vertex 0.261049 -0.472099 -0.0999994
    endloop
  endfacet
  facet normal 0 0 -1
    outer loop
      vertex 0.2535 -0.3286 -0.0999994
      vertex 0.26015 -0.363099 -0.0999994
      vertex 0.2575 -0.4873 -0.0999994
    endloop
  endfacet
  facet normal 0 0 -1
    outer loop
      vertex 0.26015 -0.363099 -0.0999994
      vertex 0.2535 -0.3286 -0.0999994
      vertex 0.259999 -0.35885 -0.0999994
    endloop
  endfacet
  facet normal 0 0 -1
    outer loop
      vertex 0.259999 -0.35885 -0.0999994
      vertex 0.2535 -0.3286 -0.0999994
      vertex 0.257799 -0.3376 -0.0999994
    endloop
  endfacet
  facet normal -0 0 -1
    outer loop
      vertex 0.190249 -0.214499 -0.0999994
      vertex 0.18995 -0.215249 -0.0999994
      vertex 0.189449 -0.214499 -0.0999994
    endloop
  endfacet
  facet normal -0 0 -1
    outer loop
      vertex 0.18965 -0.2105 -0.0999994
      vertex 0.189449 -0.214499 -0.0999994
      vertex 0.18895 -0.2105 -0.0999994
    endloop
  endfacet
  facet normal -0 0 -1
    outer loop
      vertex 0.18915 -0.207 -0.0999994
      vertex 0.18895 -0.2105 -0.0999994
      vertex 0.18845 -0.207 -0.0999994
    endloop
  endfacet
  facet normal -0 0 -1
    outer loop
      vertex 0.188649 -0.2035 -0.0999994
      vertex 0.18845 -0.207 -0.0999994
      vertex 0.187949 -0.2035 -0.0999994
    endloop
  endfacet
  facet normal -0 0 -1
    outer loop
      vertex 0.1881 -0.2 -0.0999994
      vertex 0.187949 -0.2035 -0.0999994
      vertex 0.187449 -0.199249 -0.0999994
    endloop
  endfacet
  facet normal -0 0 -1
    outer loop
      vertex 0.18765 -0.195999 -0.0999994
      vertex 0.187449 -0.199249 -0.0999994
      vertex 0.186999 -0.195999 -0.0999994
    endloop
  endfacet
  facet normal -0 0 -1
    outer loop
      vertex 0.186649 -0.1895 -0.0999994
      vertex 0.186449 -0.193 -0.0999994
      vertex 0.186 -0.1895 -0.0999994
    endloop
  endfacet
  facet normal 0 0 -1
    outer loop
      vertex 0.235749 -0.0598497 -0.0999994
      vertex 0.211399 -0.0209999 -0.0999994
      vertex 0.228499 -0.0375996 -0.0999994
    endloop
  endfacet
  facet normal 0 0 -1
    outer loop
      vertex 0.103299 -0.120799 -0.0999994
      vertex 0.1043 -0.1263 -0.0999994
      vertex 0.103749 -0.123699 -0.0999994
    endloop
  endfacet
  facet normal 0 0 -1
    outer loop
      vertex 0.211399 -0.0209999 -0.0999994
      vertex 0.20715 -0.0183496 -0.0999994
      vertex 0.2099 -0.0198498 -0.0999994
    endloop
  endfacet
  facet normal 0 0 -1
    outer loop
      vertex 0.102249 -0.115199 -0.0999994
      vertex 0.103299 -0.120799 -0.0999994
      vertex 0.10275 -0.118199 -0.0999994
    endloop
  endfacet
  facet normal 0 0 -1
    outer loop
      vertex 0.1023 -0.11685 -0.0999994
      vertex 0.10275 -0.118199 -0.0999994
      vertex 0.1024 -0.11735 -0.0999994
    endloop
  endfacet
  facet normal 0 0 -1
    outer loop
      vertex 0.10275 -0.118199 -0.0999994
      vertex 0.1023 -0.11685 -0.0999994
      vertex 0.102249 -0.115199 -0.0999994
    endloop
  endfacet
  facet normal -0 0 -1
    outer loop
      vertex 0.20715 -0.0183496 -0.0999994
      vertex 0.1003 -0.100499 -0.0999994
      vertex 0.12925 -0.0128498 -0.0999994
    endloop
  endfacet
  facet normal 0 0 -1
    outer loop
      vertex 0.101399 -0.110749 -0.0999994
      vertex 0.102249 -0.115199 -0.0999994
      vertex 0.1017 -0.113099 -0.0999994
    endloop
  endfacet
  facet normal 0 0 -1
    outer loop
      vertex 0.101049 -0.107599 -0.0999994
      vertex 0.102249 -0.115199 -0.0999994
      vertex 0.101399 -0.110749 -0.0999994
    endloop
  endfacet
  facet normal 0 0 -1
    outer loop
      vertex 0.10075 -0.10425 -0.0999994
      vertex 0.102249 -0.115199 -0.0999994
      vertex 0.101049 -0.107599 -0.0999994
    endloop
  endfacet
  facet normal 0 0 -1
    outer loop
      vertex 0.10075 -0.10425 -0.0999994
      vertex 0.101049 -0.107599 -0.0999994
      vertex 0.10075 -0.105849 -0.0999994
    endloop
  endfacet
  facet normal 0 0 -1
    outer loop
      vertex 0.0905495 -0.0523491 -0.0999994
      vertex 0.12925 -0.0128498 -0.0999994
      vertex 0.1003 -0.100499 -0.0999994
    endloop
  endfacet
  facet normal 0 0 -1
    outer loop
      vertex 0.12925 -0.0128498 -0.0999994
      vertex 0.0905495 -0.0523491 -0.0999994
      vertex 0.11325 -0.0197496 -0.0999994
    endloop
  endfacet
  facet normal 0 0 -1
    outer loop
      vertex 0.0900993 -0.0817499 -0.0999994
      vertex 0.1003 -0.100499 -0.0999994
      vertex 0.0999994 -0.1002 -0.0999994
    endloop
  endfacet
  facet normal 0 -0 -1
    outer loop
      vertex 0.0948496 -0.0376492 -0.0999994
      vertex 0.11325 -0.0197496 -0.0999994
      vertex 0.0905495 -0.0523491 -0.0999994
    endloop
  endfacet
  facet normal 0 0 -1
    outer loop
      vertex 0.0907497 -0.0860996 -0.0999994
      vertex 0.0999994 -0.1002 -0.0999994
      vertex 0.0907497 -0.0873499 -0.0999994
    endloop
  endfacet
  facet normal 0 0 -1
    outer loop
      vertex 0.0900993 -0.0817499 -0.0999994
      vertex 0.0999994 -0.1002 -0.0999994
      vertex 0.0907497 -0.0860996 -0.0999994
    endloop
  endfacet
  facet normal 0 0 -1
    outer loop
      vertex 0.1003 -0.100499 -0.0999994
      vertex 0.0900993 -0.0817499 -0.0999994
      vertex 0.0905495 -0.0523491 -0.0999994
    endloop
  endfacet
  facet normal -0 0 -1
    outer loop
      vertex 0.11325 -0.0197496 -0.0999994
      vertex 0.0948496 -0.0376492 -0.0999994
      vertex 0.112749 -0.0197496 -0.0999994
    endloop
  endfacet
  facet normal 0 0 -1
    outer loop
      vertex 0.0905495 -0.0523491 -0.0999994
      vertex 0.0900993 -0.0817499 -0.0999994
      vertex 0.0875492 -0.0627499 -0.0999994
    endloop
  endfacet
  facet normal 0 0 -1
    outer loop
      vertex 0.0971994 0.0753994 -0.0999994
      vertex 0.0967493 0.0724497 -0.0999994
      vertex 0.0969 0.0746498 -0.0999994
    endloop
  endfacet
  facet normal -0 0 -1
    outer loop
      vertex 0.0750494 0.478299 -0.0999994
      vertex 0.0735493 0.47775 -0.0999994
      vertex 0.0747995 0.47855 -0.0999994
    endloop
  endfacet
  facet normal 0 -0 -1
    outer loop
      vertex 0.0750494 0.478299 -0.0999994
      vertex 0.0801497 0.4801 -0.0999994
      vertex 0.0472498 0.457549 -0.0999994
    endloop
  endfacet
  facet normal -0 0 -1
    outer loop
      vertex 0.0695496 0.476299 -0.0999994
      vertex 0.0684996 0.475949 -0.0999994
      vertex 0.0692492 0.476549 -0.0999994
    endloop
  endfacet
  facet normal 0 0 -1
    outer loop
      vertex 0.0801497 0.4801 -0.0999994
      vertex 0.0750494 0.478299 -0.0999994
      vertex 0.0776491 0.4793 -0.0999994
    endloop
  endfacet
  facet normal 0 -0 -1
    outer loop
      vertex 0.0486498 0.45945 -0.0999994
      vertex 0.0735493 0.47775 -0.0999994
      vertex 0.0472498 0.457549 -0.0999994
    endloop
  endfacet
  facet normal 0 -0 -1
    outer loop
      vertex 0.0513992 0.46285 -0.0999994
      vertex 0.0735493 0.47775 -0.0999994
      vertex 0.0486498 0.45945 -0.0999994
    endloop
  endfacet
  facet normal 0 -0 -1
    outer loop
      vertex 0.0619497 0.47345 -0.0999994
      vertex 0.0643997 0.474449 -0.0999994
      vertex 0.0513992 0.46285 -0.0999994
    endloop
  endfacet
  facet normal 0 0 -1
    outer loop
      vertex 0.0643997 0.474449 -0.0999994
      vertex 0.0619497 0.47345 -0.0999994
      vertex 0.0636492 0.47435 -0.0999994
    endloop
  endfacet
  facet normal 0 0 -1
    outer loop
      vertex 0.0695496 0.476299 -0.0999994
      vertex 0.0513992 0.46285 -0.0999994
      vertex 0.0684996 0.475949 -0.0999994
    endloop
  endfacet
  facet normal 0 0 -1
    outer loop
      vertex 0.0684996 0.475949 -0.0999994
      vertex 0.0513992 0.46285 -0.0999994
      vertex 0.0643997 0.474449 -0.0999994
    endloop
  endfacet
  facet normal 0 0 -1
    outer loop
      vertex 0.0472498 0.457549 -0.0999994
      vertex 0.0446997 0.454499 -0.0999994
      vertex 0.0468493 0.457399 -0.0999994
    endloop
  endfacet
  facet normal 0 0 -1
    outer loop
      vertex 0.0708494 0.4768 -0.0999994
      vertex 0.0513992 0.46285 -0.0999994
      vertex 0.0695496 0.476299 -0.0999994
    endloop
  endfacet
  facet normal -0 0 -1
    outer loop
      vertex 0.0446997 0.454499 -0.0999994
      vertex 0.0439997 0.45365 -0.0999994
      vertex 0.0442991 0.454499 -0.0999994
    endloop
  endfacet
  facet normal 0 0 -1
    outer loop
      vertex 0.0735493 0.47775 -0.0999994
      vertex 0.0513992 0.46285 -0.0999994
      vertex 0.0708494 0.4768 -0.0999994
    endloop
  endfacet
  facet normal 0 0 -1
    outer loop
      vertex 0.0750494 0.478299 -0.0999994
      vertex 0.0472498 0.457549 -0.0999994
      vertex 0.0735493 0.47775 -0.0999994
    endloop
  endfacet
  facet normal 0 -0 -1
    outer loop
      vertex 0.0446997 0.454499 -0.0999994
      vertex 0.0801497 0.4801 -0.0999994
      vertex 0.0439997 0.45365 -0.0999994
    endloop
  endfacet
  facet normal 0 0 -1
    outer loop
      vertex 0.0271997 0.427199 -0.0999994
      vertex 0.0376492 0.31815 -0.0999994
      vertex 0.0351496 0.3209 -0.0999994
    endloop
  endfacet
  facet normal 0 0 -1
    outer loop
      vertex 0.0439997 0.45365 -0.0999994
      vertex 0.0271997 0.427199 -0.0999994
      vertex 0.0388994 0.447399 -0.0999994
    endloop
  endfacet
  facet normal 0 0 -1
    outer loop
      vertex 0.0388994 0.447399 -0.0999994
      vertex 0.0292492 0.437249 -0.0999994
      vertex 0.0291996 0.43755 -0.0999994
    endloop
  endfacet
  facet normal -0 0 -1
    outer loop
      vertex 0.186449 -0.193 -0.0999994
      vertex 0.0622492 -0.262349 -0.0999994
      vertex 0.10465 -0.12995 -0.0999994
    endloop
  endfacet
  facet normal 0 0 -1
    outer loop
      vertex 0.0133495 -0.2253 -0.0999994
      vertex 0.10465 -0.12995 -0.0999994
      vertex 0.0622492 -0.262349 -0.0999994
    endloop
  endfacet
  facet normal 0 -0 -1
    outer loop
      vertex 0.0554495 -0.119499 -0.0999994
      vertex 0.10465 -0.12995 -0.0999994
      vertex 0.0126495 -0.158999 -0.0999994
    endloop
  endfacet
  facet normal 0 0 -1
    outer loop
      vertex 0.10465 -0.12995 -0.0999994
      vertex 0.0701494 -0.1158 -0.0999994
      vertex 0.0873995 -0.117 -0.0999994
    endloop
  endfacet
  facet normal -0 0 -1
    outer loop
      vertex 0.0701494 -0.1158 -0.0999994
      vertex 0.0554495 -0.119499 -0.0999994
      vertex 0.0623999 -0.11545 -0.0999994
    endloop
  endfacet
  facet normal 0 0 -1
    outer loop
      vertex 0.0184994 -0.234599 -0.0999994
      vertex 0.0622492 -0.262349 -0.0999994
      vertex 0.0379 -0.25495 -0.0999994
    endloop
  endfacet
  facet normal 0 0 -1
    outer loop
      vertex 0.0133495 -0.2253 -0.0999994
      vertex 0.0622492 -0.262349 -0.0999994
      vertex 0.0139999 -0.2266 -0.0999994
    endloop
  endfacet
  facet normal 0 0 -1
    outer loop
      vertex 0.0199499 -0.23735 -0.0999994
      vertex 0.0379 -0.25495 -0.0999994
      vertex 0.0372496 -0.2546 -0.0999994
    endloop
  endfacet
  facet normal 0 -0 -1
    outer loop
      vertex 0.0227499 -0.13775 -0.0999994
      vertex 0.0554495 -0.119499 -0.0999994
      vertex 0.0189991 -0.145599 -0.0999994
    endloop
  endfacet
  facet normal 0 0 -1
    outer loop
      vertex 0.0379 -0.25495 -0.0999994
      vertex 0.0199499 -0.23735 -0.0999994
      vertex 0.0184994 -0.234599 -0.0999994
    endloop
  endfacet
  facet normal 0 0 -1
    outer loop
      vertex 0.0554495 -0.119499 -0.0999994
      vertex 0.0227499 -0.13775 -0.0999994
      vertex 0.0373993 -0.123099 -0.0999994
    endloop
  endfacet
  facet normal 0 0 -1
    outer loop
      vertex 0.0622492 -0.262349 -0.0999994
      vertex 0.0184994 -0.234599 -0.0999994
      vertex 0.0139999 -0.2266 -0.0999994
    endloop
  endfacet
  facet normal 0 -0 -1
    outer loop
      vertex 0.0701494 -0.1158 -0.0999994
      vertex 0.10465 -0.12995 -0.0999994
      vertex 0.0554495 -0.119499 -0.0999994
    endloop
  endfacet
  facet normal 0 0 -1
    outer loop
      vertex 0.10465 -0.12995 -0.0999994
      vertex 0.0133495 -0.2253 -0.0999994
      vertex 0.0126495 -0.158999 -0.0999994
    endloop
  endfacet
  facet normal 0 0 -1
    outer loop
      vertex 0.0126495 -0.158999 -0.0999994
      vertex 0.0133495 -0.2253 -0.0999994
      vertex 0.0126495 -0.224 -0.0999994
    endloop
  endfacet
  facet normal 0 0 -1
    outer loop
      vertex 0.0554495 -0.119499 -0.0999994
      vertex 0.0126495 -0.158999 -0.0999994
      vertex 0.0189991 -0.145599 -0.0999994
    endloop
  endfacet
  facet normal 0 0 -1
    outer loop
      vertex 0.0120993 -0.224 -0.0999994
      vertex 0.0126495 -0.158999 -0.0999994
      vertex 0.0126495 -0.224 -0.0999994
    endloop
  endfacet
  facet normal 0 0 -1
    outer loop
      vertex 0.0120993 -0.224 -0.0999994
      vertex 0.0120993 -0.158999 -0.0999994
      vertex 0.0126495 -0.158999 -0.0999994
    endloop
  endfacet
  facet normal 0 0 -1
    outer loop
      vertex -0.0798492 -0.12995 -0.0999994
      vertex 0.0120993 -0.224 -0.0999994
      vertex 0.0107498 -0.2266 -0.0999994
    endloop
  endfacet
  facet normal 0 0 -1
    outer loop
      vertex -0.0374994 -0.262349 -0.0999994
      vertex 0.0107498 -0.2266 -0.0999994
      vertex 0.00689983 -0.2335 -0.0999994
    endloop
  endfacet
  facet normal 0 0 -1
    outer loop
      vertex 0.0120993 -0.224 -0.0999994
      vertex -0.0798492 -0.12995 -0.0999994
      vertex 0.0120993 -0.158999 -0.0999994
    endloop
  endfacet
  facet normal 0 0 -1
    outer loop
      vertex -0.0130997 -0.25495 -0.0999994
      vertex 0.00689983 -0.2335 -0.0999994
      vertex 0.00479984 -0.23735 -0.0999994
    endloop
  endfacet
  facet normal 0 0 -1
    outer loop
      vertex 0.0120993 -0.158999 -0.0999994
      vertex -0.0798492 -0.12995 -0.0999994
      vertex 0.0057497 -0.145599 -0.0999994
    endloop
  endfacet
  facet normal 0 0 -1
    outer loop
      vertex -0.0130997 -0.25495 -0.0999994
      vertex 0.00479984 -0.23735 -0.0999994
      vertex -0.0124998 -0.2546 -0.0999994
    endloop
  endfacet
  facet normal 0 -0 -1
    outer loop
      vertex -0.0306997 -0.119499 -0.0999994
      vertex 0.0057497 -0.145599 -0.0999994
      vertex -0.0798492 -0.12995 -0.0999994
    endloop
  endfacet
  facet normal 0 0 -1
    outer loop
      vertex 0.00689983 -0.2335 -0.0999994
      vertex -0.0130997 -0.25495 -0.0999994
      vertex -0.0374994 -0.262349 -0.0999994
    endloop
  endfacet
  facet normal 0 0 -1
    outer loop
      vertex 0.00199986 -0.13775 -0.0999994
      vertex -0.0306997 -0.119499 -0.0999994
      vertex -0.0126495 -0.123099 -0.0999994
    endloop
  endfacet
  facet normal -0 0 -1
    outer loop
      vertex 0.0107498 -0.2266 -0.0999994
      vertex -0.0374994 -0.262349 -0.0999994
      vertex -0.0798492 -0.12995 -0.0999994
    endloop
  endfacet
  facet normal 0 0 -1
    outer loop
      vertex 0.0057497 -0.145599 -0.0999994
      vertex -0.0306997 -0.119499 -0.0999994
      vertex 0.00199986 -0.13775 -0.0999994
    endloop
  endfacet
  facet normal 0 0 -1
    outer loop
      vertex -0.163199 -0.2035 -0.0999994
      vertex -0.0374994 -0.262349 -0.0999994
      vertex -0.0379496 -0.26285 -0.0999994
    endloop
  endfacet
  facet normal 0 0 -1
    outer loop
      vertex -0.165199 -0.215249 -0.0999994
      vertex -0.0379496 -0.26285 -0.0999994
      vertex -0.0387497 -0.267099 -0.0999994
    endloop
  endfacet
  facet normal 0 0 -1
    outer loop
      vertex -0.165199 -0.215249 -0.0999994
      vertex -0.0387497 -0.267099 -0.0999994
      vertex -0.0432997 -0.2877 -0.0999994
    endloop
  endfacet
  facet normal 0 -0 -1
    outer loop
      vertex -0.0460997 -0.115849 -0.0999994
      vertex -0.0306997 -0.119499 -0.0999994
      vertex -0.0798492 -0.12995 -0.0999994
    endloop
  endfacet
  facet normal 0 0 -1
    outer loop
      vertex 0.0486498 0.45945 -0.0999994
      vertex 0.0472498 0.457549 -0.0999994
      vertex 0.0472498 0.45795 -0.0999994
    endloop
  endfacet
  facet normal 0 0 -1
    outer loop
      vertex 0.0292492 0.437249 -0.0999994
      vertex 0.0287991 0.435049 -0.0999994
      vertex 0.0285997 0.4359 -0.0999994
    endloop
  endfacet
  facet normal 0 0 -1
    outer loop
      vertex 0.0287991 0.435049 -0.0999994
      vertex 0.0282497 0.432449 -0.0999994
      vertex 0.0281496 0.432899 -0.0999994
    endloop
  endfacet
  facet normal 0 0 -1
    outer loop
      vertex -0.0166998 -0.4759 -0.0999994
      vertex -0.0159998 -0.47495 -0.0999994
      vertex -0.0159998 -0.4752 -0.0999994
    endloop
  endfacet
  facet normal 0 0 -1
    outer loop
      vertex -0.0190992 -0.4788 -0.0999994
      vertex -0.0159998 -0.47495 -0.0999994
      vertex -0.0166998 -0.4759 -0.0999994
    endloop
  endfacet
  facet normal 0 0 -1
    outer loop
      vertex -0.0159998 -0.47495 -0.0999994
      vertex -0.0190992 -0.4788 -0.0999994
      vertex -0.0199499 -0.47975 -0.0999994
    endloop
  endfacet
  facet normal 0 0 -1
    outer loop
      vertex -0.0199499 -0.47975 -0.0999994
      vertex -0.0190992 -0.4788 -0.0999994
      vertex -0.0195999 -0.47975 -0.0999994
    endloop
  endfacet
  facet normal 0 0 -1
    outer loop
      vertex -0.0224991 -0.4828 -0.0999994
      vertex -0.0128994 -0.343349 -0.0999994
      vertex -0.0199499 -0.47975 -0.0999994
    endloop
  endfacet
  facet normal 0 0 -1
    outer loop
      vertex -0.0224991 -0.4828 -0.0999994
      vertex -0.0199499 -0.47975 -0.0999994
      vertex -0.0220995 -0.482599 -0.0999994
    endloop
  endfacet
  facet normal -0 0 -1
    outer loop
      vertex -0.0128994 -0.343349 -0.0999994
      vertex -0.0224991 -0.4828 -0.0999994
      vertex -0.0163498 -0.33785 -0.0999994
    endloop
  endfacet
  facet normal 0 0 -1
    outer loop
      vertex -0.2379 -0.37385 -0.0999994
      vertex -0.0224991 -0.4828 -0.0999994
      vertex -0.0249996 -0.485999 -0.0999994
    endloop
  endfacet
  facet normal 0 0 -1
    outer loop
      vertex -0.2379 -0.37385 -0.0999994
      vertex -0.0249996 -0.485999 -0.0999994
      vertex -0.0262499 -0.4878 -0.0999994
    endloop
  endfacet
  facet normal 0 0 -1
    outer loop
      vertex -0.0224991 -0.4828 -0.0999994
      vertex -0.0328493 -0.31825 -0.0999994
      vertex -0.0163498 -0.33785 -0.0999994
    endloop
  endfacet
  facet normal 0 0 -1
    outer loop
      vertex -0.449249 0.0419998 -0.0999994
      vertex -0.4501 0.0436497 -0.0999994
      vertex -0.45 0.0440493 -0.0999994
    endloop
  endfacet
  facet normal 0 0 -1
    outer loop
      vertex -0.395599 -0.262799 -0.0999994
      vertex -0.356799 -0.2637 -0.0999994
      vertex -0.373099 -0.265249 -0.0999994
    endloop
  endfacet
  facet normal 0 0 -1
    outer loop
      vertex -0.3811 -0.26575 -0.0999994
      vertex -0.373099 -0.265249 -0.0999994
      vertex -0.374849 -0.2658 -0.0999994
    endloop
  endfacet
  facet normal -0 0 -1
    outer loop
      vertex -0.373099 -0.265249 -0.0999994
      vertex -0.3811 -0.26575 -0.0999994
      vertex -0.395599 -0.262799 -0.0999994
    endloop
  endfacet
  facet normal 0 0 -1
    outer loop
      vertex -0.38985 -0.265349 -0.0999994
      vertex -0.3811 -0.26575 -0.0999994
      vertex -0.38285 -0.26625 -0.0999994
    endloop
  endfacet
  facet normal 0 0 -1
    outer loop
      vertex -0.356799 -0.2637 -0.0999994
      vertex -0.40105 -0.0259991 -0.0999994
      vertex -0.372749 -0.0128498 -0.0999994
    endloop
  endfacet
  facet normal 0 0 -1
    outer loop
      vertex -0.38985 -0.265349 -0.0999994
      vertex -0.38285 -0.26625 -0.0999994
      vertex -0.38785 -0.26625 -0.0999994
    endloop
  endfacet
  facet normal 0 0 -1
    outer loop
      vertex -0.38985 -0.265349 -0.0999994
      vertex -0.38785 -0.26625 -0.0999994
      vertex -0.3896 -0.265599 -0.0999994
    endloop
  endfacet
  facet normal 0 0 -1
    outer loop
      vertex -0.3811 -0.26575 -0.0999994
      vertex -0.38985 -0.265349 -0.0999994
      vertex -0.39205 -0.26425 -0.0999994
    endloop
  endfacet
  facet normal 0 0 -1
    outer loop
      vertex -0.3811 -0.26575 -0.0999994
      vertex -0.39205 -0.26425 -0.0999994
      vertex -0.395599 -0.262799 -0.0999994
    endloop
  endfacet
  facet normal 0 0 -1
    outer loop
      vertex -0.395599 -0.262799 -0.0999994
      vertex -0.39205 -0.26425 -0.0999994
      vertex -0.3925 -0.26425 -0.0999994
    endloop
  endfacet
  facet normal 0 0 -1
    outer loop
      vertex -0.372749 -0.0128498 -0.0999994
      vertex -0.39335 -0.0206499 -0.0999994
      vertex -0.387349 -0.0165997 -0.0999994
    endloop
  endfacet
  facet normal 0 0 -1
    outer loop
      vertex -0.356799 -0.2637 -0.0999994
      vertex -0.395599 -0.262799 -0.0999994
      vertex -0.461949 -0.0890999 -0.0999994
    endloop
  endfacet
  facet normal 0 0 -1
    outer loop
      vertex -0.462649 -0.0900497 -0.0999994
      vertex -0.395599 -0.262799 -0.0999994
      vertex -0.397099 -0.262549 -0.0999994
    endloop
  endfacet
  facet normal 0 0 -1
    outer loop
      vertex -0.372749 -0.0128498 -0.0999994
      vertex -0.40105 -0.0259991 -0.0999994
      vertex -0.39335 -0.0206499 -0.0999994
    endloop
  endfacet
  facet normal 0 0 -1
    outer loop
      vertex -0.356799 -0.2637 -0.0999994
      vertex -0.457749 -0.0827494 -0.0999994
      vertex -0.40105 -0.0259991 -0.0999994
    endloop
  endfacet
  facet normal 0 -0 -1
    outer loop
      vertex -0.424199 -0.0389996 -0.0999994
      vertex -0.40105 -0.0259991 -0.0999994
      vertex -0.457749 -0.0827494 -0.0999994
    endloop
  endfacet
  facet normal 0 0 -1
    outer loop
      vertex -0.403099 -0.0260496 -0.0999994
      vertex -0.404449 -0.0264997 -0.0999994
      vertex -0.40385 -0.0261497 -0.0999994
    endloop
  endfacet
  facet normal 0 0 -1
    outer loop
      vertex -0.462649 -0.2247 -0.0999994
      vertex -0.397099 -0.262549 -0.0999994
      vertex -0.4066 -0.26125 -0.0999994
    endloop
  endfacet
  facet normal 0 -0 -1
    outer loop
      vertex -0.404449 -0.0264997 -0.0999994
      vertex -0.40105 -0.0259991 -0.0999994
      vertex -0.424199 -0.0389996 -0.0999994
    endloop
  endfacet
  facet normal 0 0 -1
    outer loop
      vertex -0.404449 -0.0264997 -0.0999994
      vertex -0.408449 -0.0269995 -0.0999994
      vertex -0.407849 -0.0265999 -0.0999994
    endloop
  endfacet
  facet normal 0 0 -1
    outer loop
      vertex -0.404449 -0.0264997 -0.0999994
      vertex -0.424199 -0.0389996 -0.0999994
      vertex -0.408449 -0.0269995 -0.0999994
    endloop
  endfacet
  facet normal 0 0 -1
    outer loop
      vertex -0.4176 -0.25925 -0.0999994
      vertex -0.4066 -0.26125 -0.0999994
      vertex -0.41185 -0.260699 -0.0999994
    endloop
  endfacet
  facet normal 0 0 -1
    outer loop
      vertex -0.408449 -0.0269995 -0.0999994
      vertex -0.41185 -0.0274992 -0.0999994
      vertex -0.411449 -0.0270996 -0.0999994
    endloop
  endfacet
  facet normal 0 0 -1
    outer loop
      vertex -0.408449 -0.0269995 -0.0999994
      vertex -0.424199 -0.0389996 -0.0999994
      vertex -0.41185 -0.0274992 -0.0999994
    endloop
  endfacet
  facet normal 0 0 -1
    outer loop
      vertex -0.4066 -0.26125 -0.0999994
      vertex -0.4176 -0.25925 -0.0999994
      vertex -0.462199 -0.225349 -0.0999994
    endloop
  endfacet
  facet normal 0 0 -1
    outer loop
      vertex -0.4204 -0.2588 -0.0999994
      vertex -0.4176 -0.25925 -0.0999994
      vertex -0.4192 -0.25925 -0.0999994
    endloop
  endfacet
  facet normal 0 0 -1
    outer loop
      vertex -0.4176 -0.25925 -0.0999994
      vertex -0.4204 -0.2588 -0.0999994
      vertex -0.462199 -0.225349 -0.0999994
    endloop
  endfacet
  facet normal 0 0 -1
    outer loop
      vertex -0.462199 -0.225349 -0.0999994
      vertex -0.4204 -0.2588 -0.0999994
      vertex -0.421499 -0.25865 -0.0999994
    endloop
  endfacet
  facet normal -0 0 -1
    outer loop
      vertex -0.41185 -0.0274992 -0.0999994
      vertex -0.424199 -0.0389996 -0.0999994
      vertex -0.4126 -0.0274992 -0.0999994
    endloop
  endfacet
  facet normal 0 0 -1
    outer loop
      vertex -0.40105 -0.0259991 -0.0999994
      vertex -0.404449 -0.0264997 -0.0999994
      vertex -0.403099 -0.0260496 -0.0999994
    endloop
  endfacet
  facet normal -0 0 -1
    outer loop
      vertex -0.424199 -0.0389996 -0.0999994
      vertex -0.427349 -0.0414991 -0.0999994
      vertex -0.424649 -0.0389996 -0.0999994
    endloop
  endfacet
  facet normal 0 0 -1
    outer loop
      vertex -0.424199 -0.0389996 -0.0999994
      vertex -0.457749 -0.0827494 -0.0999994
      vertex -0.427349 -0.0414991 -0.0999994
    endloop
  endfacet
  facet normal 0 0 -1
    outer loop
      vertex -0.427349 -0.0414991 -0.0999994
      vertex -0.457749 -0.0827494 -0.0999994
      vertex -0.428249 -0.0421991 -0.0999994
    endloop
  endfacet
  facet normal 0 0 -1
    outer loop
      vertex -0.428249 -0.0421991 -0.0999994
      vertex -0.457749 -0.0827494 -0.0999994
      vertex -0.433 -0.0459995 -0.0999994
    endloop
  endfacet
  facet normal 0 -0 -1
    outer loop
      vertex -0.457049 -0.0805998 -0.0999994
      vertex -0.433 -0.0459995 -0.0999994
      vertex -0.457749 -0.0827494 -0.0999994
    endloop
  endfacet
  facet normal 0 0 -1
    outer loop
      vertex -0.4562 -0.237599 -0.0999994
      vertex -0.421499 -0.25865 -0.0999994
      vertex -0.437599 -0.256 -0.0999994
    endloop
  endfacet
  facet normal 0 0 -1
    outer loop
      vertex -0.433 -0.0459995 -0.0999994
      vertex -0.43685 -0.0492992 -0.0999994
      vertex -0.435249 -0.0478497 -0.0999994
    endloop
  endfacet
  facet normal 0 0 -1
    outer loop
      vertex -0.43685 -0.0492992 -0.0999994
      vertex -0.45245 -0.0683498 -0.0999994
      vertex -0.450199 -0.0625496 -0.0999994
    endloop
  endfacet
  facet normal 0 0 -1
    outer loop
      vertex -0.421499 -0.25865 -0.0999994
      vertex -0.4562 -0.237599 -0.0999994
      vertex -0.462199 -0.225349 -0.0999994
    endloop
  endfacet
  facet normal 0 0 -1
    outer loop
      vertex -0.433 -0.0459995 -0.0999994
      vertex -0.457049 -0.0805998 -0.0999994
      vertex -0.43685 -0.0492992 -0.0999994
    endloop
  endfacet
  facet normal 0 0 -1
    outer loop
      vertex -0.43685 -0.0492992 -0.0999994
      vertex -0.457049 -0.0805998 -0.0999994
      vertex -0.45245 -0.0683498 -0.0999994
    endloop
  endfacet
  facet normal 0 0 -1
    outer loop
      vertex -0.4066 -0.26125 -0.0999994
      vertex -0.462199 -0.225349 -0.0999994
      vertex -0.462649 -0.2247 -0.0999994
    endloop
  endfacet
  facet normal 0 0 -1
    outer loop
      vertex -0.356799 -0.2637 -0.0999994
      vertex -0.461949 -0.0890999 -0.0999994
      vertex -0.457749 -0.0827494 -0.0999994
    endloop
  endfacet
  facet normal 0 0 -1
    outer loop
      vertex -0.457749 -0.0827494 -0.0999994
      vertex -0.461949 -0.0890999 -0.0999994
      vertex -0.46095 -0.0871496 -0.0999994
    endloop
  endfacet
  facet normal 0 0 -1
    outer loop
      vertex -0.397099 -0.262549 -0.0999994
      vertex -0.462649 -0.2247 -0.0999994
      vertex -0.462649 -0.0900497 -0.0999994
    endloop
  endfacet
  facet normal 0 0 -1
    outer loop
      vertex -0.395599 -0.262799 -0.0999994
      vertex -0.462649 -0.0900497 -0.0999994
      vertex -0.461949 -0.0890999 -0.0999994
    endloop
  endfacet
  facet normal 0 0 -1
    outer loop
      vertex -0.474999 -0.22475 -0.0999994
      vertex -0.462649 -0.0900497 -0.0999994
      vertex -0.462649 -0.2247 -0.0999994
    endloop
  endfacet
  facet normal -0 0 -1
    outer loop
      vertex -0.462649 -0.0900497 -0.0999994
      vertex -0.474999 -0.22475 -0.0999994
      vertex -0.474999 -0.0899992 -0.0999994
    endloop
  endfacet
  facet normal 0 0 -1
    outer loop
      vertex -0.2379 -0.37385 -0.0999994
      vertex -0.24725 -0.405299 -0.0999994
      vertex -0.246249 -0.3979 -0.0999994
    endloop
  endfacet
  facet normal 0 0 -1
    outer loop
      vertex -0.246249 -0.3979 -0.0999994
      vertex -0.246949 -0.4021 -0.0999994
      vertex -0.246599 -0.398299 -0.0999994
    endloop
  endfacet
  facet normal 0 0 -1
    outer loop
      vertex -0.246249 -0.3979 -0.0999994
      vertex -0.24725 -0.405299 -0.0999994
      vertex -0.246949 -0.4021 -0.0999994
    endloop
  endfacet
  facet normal 0 0 -1
    outer loop
      vertex -0.248899 -0.432599 -0.0999994
      vertex -0.2462 -0.4456 -0.0999994
      vertex -0.247499 -0.442249 -0.0999994
    endloop
  endfacet
  facet normal 0 0 -1
    outer loop
      vertex -0.2462 -0.4456 -0.0999994
      vertex -0.248249 -0.4239 -0.0999994
      vertex -0.24725 -0.405299 -0.0999994
    endloop
  endfacet
  facet normal 0 0 -1
    outer loop
      vertex -0.247749 -0.408099 -0.0999994
      vertex -0.24725 -0.405299 -0.0999994
      vertex -0.247749 -0.408799 -0.0999994
    endloop
  endfacet
  facet normal 0 0 -1
    outer loop
      vertex -0.24725 -0.405299 -0.0999994
      vertex -0.248249 -0.4239 -0.0999994
      vertex -0.247749 -0.408799 -0.0999994
    endloop
  endfacet
  facet normal 0 -0 -1
    outer loop
      vertex -0.248199 -0.411099 -0.0999994
      vertex -0.247749 -0.408799 -0.0999994
      vertex -0.248249 -0.4239 -0.0999994
    endloop
  endfacet
  facet normal 0 0 -1
    outer loop
      vertex -0.247749 -0.408799 -0.0999994
      vertex -0.248199 -0.411099 -0.0999994
      vertex -0.248099 -0.409349 -0.0999994
    endloop
  endfacet
  facet normal 0 0 -1
    outer loop
      vertex -0.2462 -0.4456 -0.0999994
      vertex -0.248899 -0.432599 -0.0999994
      vertex -0.248249 -0.4239 -0.0999994
    endloop
  endfacet
  facet normal 0 0 -1
    outer loop
      vertex -0.248249 -0.4239 -0.0999994
      vertex -0.248899 -0.432599 -0.0999994
      vertex -0.248599 -0.42425 -0.0999994
    endloop
  endfacet
  facet normal 0 0 -1
    outer loop
      vertex -0.247499 -0.442249 -0.0999994
      vertex -0.249299 -0.4366 -0.0999994
      vertex -0.248899 -0.432599 -0.0999994
    endloop
  endfacet
  facet normal 0 -0 -1
    outer loop
      vertex -0.249299 -0.4366 -0.0999994
      vertex -0.247499 -0.442249 -0.0999994
      vertex -0.249399 -0.437099 -0.0999994
    endloop
  endfacet
  facet normal 0 0 -1
    outer loop
      vertex -0.20445 0.240649 -0.0999994
      vertex -0.19185 0.22415 -0.0999994
      vertex -0.20245 0.2359 -0.0999994
    endloop
  endfacet
  facet normal 0 0 -1
    outer loop
      vertex -0.0239496 0.463149 -0.0999994
      vertex -0.0582495 0.485999 -0.0999994
      vertex -0.0460997 0.48055 -0.0999994
    endloop
  endfacet
  facet normal 0 0 -1
    outer loop
      vertex -0.20445 0.240649 -0.0999994
      vertex -0.20245 0.2359 -0.0999994
      vertex -0.20375 0.237499 -0.0999994
    endloop
  endfacet
  facet normal 0 0 -1
    outer loop
      vertex -0.19185 0.22415 -0.0999994
      vertex -0.20445 0.240649 -0.0999994
      vertex -0.20655 0.249649 -0.0999994
    endloop
  endfacet
  facet normal 0 0 -1
    outer loop
      vertex -0.19185 0.22415 -0.0999994
      vertex -0.20655 0.249649 -0.0999994
      vertex -0.2083 0.257899 -0.0999994
    endloop
  endfacet
  facet normal 0 0 -1
    outer loop
      vertex -0.0303993 0.2974 -0.0999994
      vertex -0.237 0.3454 -0.0999994
      vertex -0.0603495 0.48675 -0.0999994
    endloop
  endfacet
  facet normal -0 0 -1
    outer loop
      vertex -0.0603495 0.48675 -0.0999994
      vertex -0.2379 0.34865 -0.0999994
      vertex -0.0614996 0.487499 -0.0999994
    endloop
  endfacet
  facet normal 0 -0 -1
    outer loop
      vertex -0.237749 0.44115 -0.0999994
      vertex -0.0614996 0.487499 -0.0999994
      vertex -0.2379 0.34865 -0.0999994
    endloop
  endfacet
  facet normal 0 0 -1
    outer loop
      vertex -0.0614996 0.487499 -0.0999994
      vertex -0.202 0.48755 -0.0999994
      vertex -0.0614996 0.5 -0.0999994
    endloop
  endfacet
  facet normal 0 0 -1
    outer loop
      vertex -0.228749 0.303399 -0.0999994
      vertex -0.212799 0.26705 -0.0999994
      vertex -0.21435 0.26915 -0.0999994
    endloop
  endfacet
  facet normal 0 0 -1
    outer loop
      vertex -0.21585 0.27115 -0.0999994
      vertex -0.21435 0.26915 -0.0999994
      vertex -0.214499 0.26925 -0.0999994
    endloop
  endfacet
  facet normal 0 0 -1
    outer loop
      vertex -0.21435 0.26915 -0.0999994
      vertex -0.21585 0.27115 -0.0999994
      vertex -0.228749 0.303399 -0.0999994
    endloop
  endfacet
  facet normal 0 0 -1
    outer loop
      vertex -0.228749 0.303399 -0.0999994
      vertex -0.21585 0.27115 -0.0999994
      vertex -0.2161 0.271399 -0.0999994
    endloop
  endfacet
  facet normal 0 0 -1
    outer loop
      vertex -0.228749 0.303399 -0.0999994
      vertex -0.2161 0.271399 -0.0999994
      vertex -0.2226 0.2799 -0.0999994
    endloop
  endfacet
  facet normal 0 0 -1
    outer loop
      vertex -0.228399 0.2897 -0.0999994
      vertex -0.2226 0.2799 -0.0999994
      vertex -0.228299 0.28725 -0.0999994
    endloop
  endfacet
  facet normal 0 0 -1
    outer loop
      vertex -0.228749 0.29575 -0.0999994
      vertex -0.2226 0.2799 -0.0999994
      vertex -0.228399 0.2897 -0.0999994
    endloop
  endfacet
  facet normal 0 0 -1
    outer loop
      vertex -0.2226 0.2799 -0.0999994
      vertex -0.228749 0.29575 -0.0999994
      vertex -0.228749 0.303399 -0.0999994
    endloop
  endfacet
  facet normal 0 0 -1
    outer loop
      vertex -0.2379 0.34865 -0.0999994
      vertex -0.0603495 0.48675 -0.0999994
      vertex -0.237 0.3454 -0.0999994
    endloop
  endfacet
  facet normal -0 0 -1
    outer loop
      vertex -0.0614996 0.487499 -0.0999994
      vertex -0.237749 0.44115 -0.0999994
      vertex -0.202 0.48755 -0.0999994
    endloop
  endfacet
  facet normal 0 0 -1
    outer loop
      vertex -0.23525 0.33365 -0.0999994
      vertex -0.228749 0.303399 -0.0999994
      vertex -0.233049 0.3124 -0.0999994
    endloop
  endfacet
  facet normal 0 0 -1
    outer loop
      vertex -0.228749 0.303399 -0.0999994
      vertex -0.23525 0.33365 -0.0999994
      vertex -0.235399 0.337899 -0.0999994
    endloop
  endfacet
  facet normal 0 0 -1
    outer loop
      vertex -0.202 0.48755 -0.0999994
      vertex -0.237749 0.44115 -0.0999994
      vertex -0.2026 0.4871 -0.0999994
    endloop
  endfacet
  facet normal 0 0 -1
    outer loop
      vertex -0.237 0.3454 -0.0999994
      vertex -0.235399 0.337899 -0.0999994
      vertex -0.236199 0.341149 -0.0999994
    endloop
  endfacet
  facet normal 0 0 -1
    outer loop
      vertex -0.21285 0.48255 -0.0999994
      vertex -0.2363 0.446899 -0.0999994
      vertex -0.232699 0.46235 -0.0999994
    endloop
  endfacet
  facet normal 0 -0 -1
    outer loop
      vertex -0.2363 0.446899 -0.0999994
      vertex -0.2026 0.4871 -0.0999994
      vertex -0.237749 0.44115 -0.0999994
    endloop
  endfacet
  facet normal 0 0 -1
    outer loop
      vertex -0.209249 0.484249 -0.0999994
      vertex -0.2363 0.446899 -0.0999994
      vertex -0.21285 0.48255 -0.0999994
    endloop
  endfacet
  facet normal 0 0 -1
    outer loop
      vertex -0.2026 0.4871 -0.0999994
      vertex -0.2363 0.446899 -0.0999994
      vertex -0.209249 0.484249 -0.0999994
    endloop
  endfacet
  facet normal 0 0 -1
    outer loop
      vertex -0.24725 0.38005 -0.0999994
      vertex -0.237749 0.44115 -0.0999994
      vertex -0.2379 0.34865 -0.0999994
    endloop
  endfacet
  facet normal 0 0 -1
    outer loop
      vertex -0.237749 0.44115 -0.0999994
      vertex -0.241249 0.433299 -0.0999994
      vertex -0.2391 0.43985 -0.0999994
    endloop
  endfacet
  facet normal 0 0 -1
    outer loop
      vertex -0.2391 0.43985 -0.0999994
      vertex -0.241249 0.433299 -0.0999994
      vertex -0.240849 0.43765 -0.0999994
    endloop
  endfacet
  facet normal 0 0 -1
    outer loop
      vertex -0.248249 0.398649 -0.0999994
      vertex -0.237749 0.44115 -0.0999994
      vertex -0.24725 0.38005 -0.0999994
    endloop
  endfacet
  facet normal 0 0 -1
    outer loop
      vertex -0.241249 0.433299 -0.0999994
      vertex -0.243199 0.428399 -0.0999994
      vertex -0.243099 0.42915 -0.0999994
    endloop
  endfacet
  facet normal 0 0 -1
    outer loop
      vertex -0.237749 0.44115 -0.0999994
      vertex -0.248249 0.398649 -0.0999994
      vertex -0.241249 0.433299 -0.0999994
    endloop
  endfacet
  facet normal 0 0 -1
    outer loop
      vertex -0.241249 0.433299 -0.0999994
      vertex -0.248249 0.398649 -0.0999994
      vertex -0.243199 0.428399 -0.0999994
    endloop
  endfacet
  facet normal 0 0 -1
    outer loop
      vertex -0.243999 0.426149 -0.0999994
      vertex -0.244699 0.424399 -0.0999994
      vertex -0.244599 0.42515 -0.0999994
    endloop
  endfacet
  facet normal 0 0 -1
    outer loop
      vertex -0.246249 0.372649 -0.0999994
      vertex -0.2379 0.34865 -0.0999994
      vertex -0.244849 0.36025 -0.0999994
    endloop
  endfacet
  facet normal 0 0 -1
    outer loop
      vertex -0.24525 0.360999 -0.0999994
      vertex -0.244849 0.36025 -0.0999994
      vertex -0.24525 0.36025 -0.0999994
    endloop
  endfacet
  facet normal 0 0 -1
    outer loop
      vertex -0.246249 0.372649 -0.0999994
      vertex -0.244849 0.36025 -0.0999994
      vertex -0.24525 0.360999 -0.0999994
    endloop
  endfacet
  facet normal 0 0 -1
    outer loop
      vertex -0.24725 0.38005 -0.0999994
      vertex -0.2379 0.34865 -0.0999994
      vertex -0.246249 0.372649 -0.0999994
    endloop
  endfacet
  facet normal 0 0 -1
    outer loop
      vertex -0.243199 0.428399 -0.0999994
      vertex -0.248249 0.398649 -0.0999994
      vertex -0.243999 0.426149 -0.0999994
    endloop
  endfacet
  facet normal 0 0 -1
    outer loop
      vertex -0.243999 0.426149 -0.0999994
      vertex -0.248249 0.398649 -0.0999994
      vertex -0.244699 0.424399 -0.0999994
    endloop
  endfacet
  facet normal 0 0 -1
    outer loop
      vertex -0.2455 0.42215 -0.0999994
      vertex -0.2462 0.4204 -0.0999994
      vertex -0.246099 0.421149 -0.0999994
    endloop
  endfacet
  facet normal 0 -0 -1
    outer loop
      vertex -0.246249 0.372649 -0.0999994
      vertex -0.24525 0.360999 -0.0999994
      vertex -0.2463 0.362399 -0.0999994
    endloop
  endfacet
  facet normal -0 0 -1
    outer loop
      vertex -0.0416994 0.248899 -0.0999994
      vertex -0.16525 0.190049 -0.0999994
      vertex -0.0428991 0.2549 -0.0999994
    endloop
  endfacet
  facet normal 0 0 -1
    outer loop
      vertex -0.0798492 0.104699 -0.0999994
      vertex -0.1662 0.1845 -0.0999994
      vertex -0.16525 0.186999 -0.0999994
    endloop
  endfacet
  facet normal 0 0 -1
    outer loop
      vertex -0.16525 0.186999 -0.0999994
      vertex -0.1662 0.1845 -0.0999994
      vertex -0.16575 0.186 -0.0999994
    endloop
  endfacet
  facet normal 0 0 -1
    outer loop
      vertex -0.0798492 0.104699 -0.0999994
      vertex -0.1677 0.180499 -0.0999994
      vertex -0.1662 0.1845 -0.0999994
    endloop
  endfacet
  facet normal 0 0 -1
    outer loop
      vertex -0.1662 0.1845 -0.0999994
      vertex -0.167199 0.181999 -0.0999994
      vertex -0.166699 0.183499 -0.0999994
    endloop
  endfacet
  facet normal 0 0 -1
    outer loop
      vertex -0.1662 0.1845 -0.0999994
      vertex -0.1677 0.180499 -0.0999994
      vertex -0.167199 0.181999 -0.0999994
    endloop
  endfacet
  facet normal 0 0 -1
    outer loop
      vertex -0.0798492 0.104699 -0.0999994
      vertex -0.168699 0.177999 -0.0999994
      vertex -0.1677 0.180499 -0.0999994
    endloop
  endfacet
  facet normal 0 0 -1
    outer loop
      vertex -0.1677 0.180499 -0.0999994
      vertex -0.168699 0.177999 -0.0999994
      vertex -0.168249 0.1795 -0.0999994
    endloop
  endfacet
  facet normal 0 0 -1
    outer loop
      vertex -0.0798492 0.104699 -0.0999994
      vertex -0.170199 0.174 -0.0999994
      vertex -0.168699 0.177999 -0.0999994
    endloop
  endfacet
  facet normal 0 0 -1
    outer loop
      vertex -0.168699 0.177999 -0.0999994
      vertex -0.1697 0.1755 -0.0999994
      vertex -0.1692 0.176999 -0.0999994
    endloop
  endfacet
  facet normal 0 0 -1
    outer loop
      vertex -0.168699 0.177999 -0.0999994
      vertex -0.170199 0.174 -0.0999994
      vertex -0.1697 0.1755 -0.0999994
    endloop
  endfacet
  facet normal 0 0 -1
    outer loop
      vertex -0.0798492 0.104699 -0.0999994
      vertex -0.1712 0.171499 -0.0999994
      vertex -0.170199 0.174 -0.0999994
    endloop
  endfacet
  facet normal 0 0 -1
    outer loop
      vertex -0.170199 0.174 -0.0999994
      vertex -0.1712 0.171499 -0.0999994
      vertex -0.17075 0.172999 -0.0999994
    endloop
  endfacet
  facet normal -0 0 -1
    outer loop
      vertex -0.1045 -0.0123491 -0.0999994
      vertex -0.172999 -0.0129499 -0.0999994
      vertex -0.172999 -0.0123491 -0.0999994
    endloop
  endfacet
  facet normal -0 0 -1
    outer loop
      vertex -0.1045 -0.0128498 -0.0999994
      vertex -0.172999 -0.0129499 -0.0999994
      vertex -0.1045 -0.0123491 -0.0999994
    endloop
  endfacet
  facet normal 0 -0 -1
    outer loop
      vertex -0.207749 -0.0550995 -0.0999994
      vertex -0.172999 -0.0129499 -0.0999994
      vertex -0.2085 -0.0583496 -0.0999994
    endloop
  endfacet
  facet normal 0 -0 -1
    outer loop
      vertex -0.183599 -0.0190496 -0.0999994
      vertex -0.172999 -0.0129499 -0.0999994
      vertex -0.207749 -0.0550995 -0.0999994
    endloop
  endfacet
  facet normal 0 0 -1
    outer loop
      vertex -0.172999 -0.0129499 -0.0999994
      vertex -0.183599 -0.0190496 -0.0999994
      vertex -0.17435 -0.0134993 -0.0999994
    endloop
  endfacet
  facet normal 0 -0 -1
    outer loop
      vertex -0.186649 -0.0209999 -0.0999994
      vertex -0.183599 -0.0190496 -0.0999994
      vertex -0.207749 -0.0550995 -0.0999994
    endloop
  endfacet
  facet normal 0 0 -1
    outer loop
      vertex -0.2268 -0.0667496 -0.0999994
      vertex -0.161249 -0.186199 -0.0999994
      vertex -0.187699 -0.2085 -0.0999994
    endloop
  endfacet
  facet normal 0 0 -1
    outer loop
      vertex -0.237749 -0.0682993 -0.0999994
      vertex -0.187699 -0.2085 -0.0999994
      vertex -0.197 -0.212749 -0.0999994
    endloop
  endfacet
  facet normal 0 0 -1
    outer loop
      vertex -0.183599 -0.0190496 -0.0999994
      vertex -0.186649 -0.0209999 -0.0999994
      vertex -0.1851 -0.0198498 -0.0999994
    endloop
  endfacet
  facet normal 0 0 -1
    outer loop
      vertex -0.22965 -0.22975 -0.0999994
      vertex -0.197 -0.212749 -0.0999994
      vertex -0.20595 -0.2211 -0.0999994
    endloop
  endfacet
  facet normal -0 0 -1
    outer loop
      vertex -0.186649 -0.0209999 -0.0999994
      vertex -0.203799 -0.0376492 -0.0999994
      vertex -0.187149 -0.0209999 -0.0999994
    endloop
  endfacet
  facet normal 0 -0 -1
    outer loop
      vertex -0.203799 -0.0376492 -0.0999994
      vertex -0.186649 -0.0209999 -0.0999994
      vertex -0.20605 -0.0473499 -0.0999994
    endloop
  endfacet
  facet normal 0 -0 -1
    outer loop
      vertex -0.20605 -0.0473499 -0.0999994
      vertex -0.186649 -0.0209999 -0.0999994
      vertex -0.207749 -0.0550995 -0.0999994
    endloop
  endfacet
  facet normal 0 0 -1
    outer loop
      vertex -0.220099 -0.228299 -0.0999994
      vertex -0.20595 -0.2211 -0.0999994
      vertex -0.209599 -0.22435 -0.0999994
    endloop
  endfacet
  facet normal 0 0 -1
    outer loop
      vertex -0.161249 -0.186199 -0.0999994
      vertex -0.210549 -0.0625496 -0.0999994
      vertex -0.2085 -0.0583496 -0.0999994
    endloop
  endfacet
  facet normal 0 0 -1
    outer loop
      vertex -0.213449 -0.227249 -0.0999994
      vertex -0.209599 -0.22435 -0.0999994
      vertex -0.211849 -0.226549 -0.0999994
    endloop
  endfacet
  facet normal 0 0 -1
    outer loop
      vertex -0.161249 -0.186199 -0.0999994
      vertex -0.212049 -0.06425 -0.0999994
      vertex -0.210549 -0.0625496 -0.0999994
    endloop
  endfacet
  facet normal 0 0 -1
    outer loop
      vertex -0.161249 -0.186199 -0.0999994
      vertex -0.21295 -0.0647497 -0.0999994
      vertex -0.212049 -0.06425 -0.0999994
    endloop
  endfacet
  facet normal 0 0 -1
    outer loop
      vertex -0.213449 -0.227249 -0.0999994
      vertex -0.211849 -0.226549 -0.0999994
      vertex -0.21305 -0.2275 -0.0999994
    endloop
  endfacet
  facet normal 0 0 -1
    outer loop
      vertex -0.209599 -0.22435 -0.0999994
      vertex -0.213449 -0.227249 -0.0999994
      vertex -0.2176 -0.228049 -0.0999994
    endloop
  endfacet
  facet normal 0 0 -1
    outer loop
      vertex -0.209599 -0.22435 -0.0999994
      vertex -0.2176 -0.228049 -0.0999994
      vertex -0.220099 -0.228299 -0.0999994
    endloop
  endfacet
  facet normal 0 0 -1
    outer loop
      vertex -0.20595 -0.2211 -0.0999994
      vertex -0.220099 -0.228299 -0.0999994
      vertex -0.222899 -0.228849 -0.0999994
    endloop
  endfacet
  facet normal 0 0 -1
    outer loop
      vertex -0.222899 -0.228849 -0.0999994
      vertex -0.220099 -0.228299 -0.0999994
      vertex -0.22195 -0.228749 -0.0999994
    endloop
  endfacet
  facet normal 0 0 -1
    outer loop
      vertex -0.20595 -0.2211 -0.0999994
      vertex -0.222899 -0.228849 -0.0999994
      vertex -0.22965 -0.22975 -0.0999994
    endloop
  endfacet
  facet normal 0 0 -1
    outer loop
      vertex -0.161249 -0.186199 -0.0999994
      vertex -0.2268 -0.0667496 -0.0999994
      vertex -0.21295 -0.0647497 -0.0999994
    endloop
  endfacet
  facet normal 0 0 -1
    outer loop
      vertex -0.22965 -0.22975 -0.0999994
      vertex -0.222899 -0.228849 -0.0999994
      vertex -0.229099 -0.22985 -0.0999994
    endloop
  endfacet
  facet normal -0 0 -1
    outer loop
      vertex -0.197 -0.212749 -0.0999994
      vertex -0.22965 -0.22975 -0.0999994
      vertex -0.237749 -0.0682993 -0.0999994
    endloop
  endfacet
  facet normal 0 0 -1
    outer loop
      vertex -0.23835 -0.23455 -0.0999994
      vertex -0.22965 -0.22975 -0.0999994
      vertex -0.23735 -0.23415 -0.0999994
    endloop
  endfacet
  facet normal 0 0 -1
    outer loop
      vertex -0.187699 -0.2085 -0.0999994
      vertex -0.237749 -0.0682993 -0.0999994
      vertex -0.2268 -0.0667496 -0.0999994
    endloop
  endfacet
  facet normal 0 0 -1
    outer loop
      vertex -0.246599 -0.237599 -0.0999994
      vertex -0.22965 -0.22975 -0.0999994
      vertex -0.23835 -0.23455 -0.0999994
    endloop
  endfacet
  facet normal 0 0 -1
    outer loop
      vertex -0.2546 -0.0626993 -0.0999994
      vertex -0.22965 -0.22975 -0.0999994
      vertex -0.246599 -0.237599 -0.0999994
    endloop
  endfacet
  facet normal 0 0 -1
    outer loop
      vertex -0.2757 -0.25075 -0.0999994
      vertex -0.246599 -0.237599 -0.0999994
      vertex -0.247749 -0.238449 -0.0999994
    endloop
  endfacet
  facet normal 0 0 -1
    outer loop
      vertex -0.2757 -0.25075 -0.0999994
      vertex -0.247749 -0.238449 -0.0999994
      vertex -0.25005 -0.24035 -0.0999994
    endloop
  endfacet
  facet normal 0 0 -1
    outer loop
      vertex -0.2519 -0.24175 -0.0999994
      vertex -0.25005 -0.24035 -0.0999994
      vertex -0.25145 -0.24175 -0.0999994
    endloop
  endfacet
  facet normal 0 0 -1
    outer loop
      vertex -0.2757 -0.25075 -0.0999994
      vertex -0.25005 -0.24035 -0.0999994
      vertex -0.2519 -0.24175 -0.0999994
    endloop
  endfacet
  facet normal 0 0 -1
    outer loop
      vertex -0.2757 -0.25075 -0.0999994
      vertex -0.2519 -0.24175 -0.0999994
      vertex -0.252999 -0.242849 -0.0999994
    endloop
  endfacet
  facet normal 0 0 -1
    outer loop
      vertex -0.22965 -0.22975 -0.0999994
      vertex -0.2546 -0.0626993 -0.0999994
      vertex -0.237749 -0.0682993 -0.0999994
    endloop
  endfacet
  facet normal 0 0 -1
    outer loop
      vertex -0.2757 -0.25075 -0.0999994
      vertex -0.252999 -0.242849 -0.0999994
      vertex -0.25635 -0.245549 -0.0999994
    endloop
  endfacet
  facet normal 0 0 -1
    outer loop
      vertex -0.25735 -0.246249 -0.0999994
      vertex -0.25635 -0.245549 -0.0999994
      vertex -0.256749 -0.246249 -0.0999994
    endloop
  endfacet
  facet normal 0 0 -1
    outer loop
      vertex -0.2757 -0.25075 -0.0999994
      vertex -0.25635 -0.245549 -0.0999994
      vertex -0.25735 -0.246249 -0.0999994
    endloop
  endfacet
  facet normal 0 0 -1
    outer loop
      vertex -0.260349 -0.24875 -0.0999994
      vertex -0.25735 -0.246249 -0.0999994
      vertex -0.26005 -0.24875 -0.0999994
    endloop
  endfacet
  facet normal 0 0 -1
    outer loop
      vertex -0.2757 -0.25075 -0.0999994
      vertex -0.25735 -0.246249 -0.0999994
      vertex -0.260349 -0.24875 -0.0999994
    endloop
  endfacet
  facet normal 0 0 -1
    outer loop
      vertex -0.2757 -0.25075 -0.0999994
      vertex -0.260349 -0.24875 -0.0999994
      vertex -0.2626 -0.25075 -0.0999994
    endloop
  endfacet
  facet normal -0 0 -1
    outer loop
      vertex -0.246599 -0.237599 -0.0999994
      vertex -0.2757 -0.25075 -0.0999994
      vertex -0.2546 -0.0626993 -0.0999994
    endloop
  endfacet
  facet normal 0 0 -1
    outer loop
      vertex -0.312099 -0.25875 -0.0999994
      vertex -0.2546 -0.0626993 -0.0999994
      vertex -0.2757 -0.25075 -0.0999994
    endloop
  endfacet
  facet normal 0 0 -1
    outer loop
      vertex -0.2626 -0.0547991 -0.0999994
      vertex -0.268649 -0.0529499 -0.0999994
      vertex -0.26785 -0.0529499 -0.0999994
    endloop
  endfacet
  facet normal 0 0 -1
    outer loop
      vertex -0.2546 -0.0626993 -0.0999994
      vertex -0.268649 -0.0529499 -0.0999994
      vertex -0.2626 -0.0547991 -0.0999994
    endloop
  endfacet
  facet normal 0 0 -1
    outer loop
      vertex -0.2546 -0.0626993 -0.0999994
      vertex -0.27415 -0.0510998 -0.0999994
      vertex -0.268649 -0.0529499 -0.0999994
    endloop
  endfacet
  facet normal 0 0 -1
    outer loop
      vertex -0.295099 -0.25805 -0.0999994
      vertex -0.2757 -0.25075 -0.0999994
      vertex -0.28185 -0.254299 -0.0999994
    endloop
  endfacet
  facet normal 0 0 -1
    outer loop
      vertex -0.295099 -0.25805 -0.0999994
      vertex -0.28185 -0.254299 -0.0999994
      vertex -0.2876 -0.2577 -0.0999994
    endloop
  endfacet
  facet normal 0 0 -1
    outer loop
      vertex -0.2757 -0.25075 -0.0999994
      vertex -0.295099 -0.25805 -0.0999994
      vertex -0.3046 -0.25855 -0.0999994
    endloop
  endfacet
  facet normal 0 0 -1
    outer loop
      vertex -0.2757 -0.25075 -0.0999994
      vertex -0.3046 -0.25855 -0.0999994
      vertex -0.312099 -0.25875 -0.0999994
    endloop
  endfacet
  facet normal 0 0 -1
    outer loop
      vertex -0.3046 -0.25855 -0.0999994
      vertex -0.295099 -0.25805 -0.0999994
      vertex -0.2955 -0.258149 -0.0999994
    endloop
  endfacet
  facet normal -0 0 -1
    outer loop
      vertex -0.2546 -0.0626993 -0.0999994
      vertex -0.312099 -0.25875 -0.0999994
      vertex -0.27415 -0.0510998 -0.0999994
    endloop
  endfacet
  facet normal 0 0 -1
    outer loop
      vertex -0.312099 -0.25875 -0.0999994
      vertex -0.3046 -0.25855 -0.0999994
      vertex -0.304999 -0.25875 -0.0999994
    endloop
  endfacet
  facet normal 0 0 -1
    outer loop
      vertex -0.322849 -0.260249 -0.0999994
      vertex -0.27415 -0.0510998 -0.0999994
      vertex -0.312099 -0.25875 -0.0999994
    endloop
  endfacet
  facet normal 0 0 -1
    outer loop
      vertex -0.342349 -0.2623 -0.0999994
      vertex -0.27415 -0.0510998 -0.0999994
      vertex -0.322849 -0.260249 -0.0999994
    endloop
  endfacet
  facet normal 0 0 -1
    outer loop
      vertex -0.291849 -0.0372992 -0.0999994
      vertex -0.31355 -0.0184994 -0.0999994
      vertex -0.313 -0.0184994 -0.0999994
    endloop
  endfacet
  facet normal 0 0 -1
    outer loop
      vertex -0.3503 -0.26275 -0.0999994
      vertex -0.27415 -0.0510998 -0.0999994
      vertex -0.342349 -0.2623 -0.0999994
    endloop
  endfacet
  facet normal -0 0 -1
    outer loop
      vertex -0.27415 -0.0510998 -0.0999994
      vertex -0.3503 -0.26275 -0.0999994
      vertex -0.291849 -0.0372992 -0.0999994
    endloop
  endfacet
  facet normal 0 0 -1
    outer loop
      vertex -0.372749 -0.0128498 -0.0999994
      vertex -0.291849 -0.0372992 -0.0999994
      vertex -0.3503 -0.26275 -0.0999994
    endloop
  endfacet
  facet normal 0 0 -1
    outer loop
      vertex -0.462399 0.0663996 -0.0999994
      vertex -0.324349 0.237049 -0.0999994
      vertex -0.454599 0.0547495 -0.0999994
    endloop
  endfacet
  facet normal 0 0 -1
    outer loop
      vertex -0.32935 0.23965 -0.0999994
      vertex -0.33025 0.24 -0.0999994
      vertex -0.32955 0.24 -0.0999994
    endloop
  endfacet
  facet normal -0 0 -1
    outer loop
      vertex -0.324349 0.237049 -0.0999994
      vertex -0.462399 0.0663996 -0.0999994
      vertex -0.327 0.23805 -0.0999994
    endloop
  endfacet
  facet normal 0 0 -1
    outer loop
      vertex -0.462799 0.0669994 -0.0999994
      vertex -0.327 0.23805 -0.0999994
      vertex -0.462399 0.0663996 -0.0999994
    endloop
  endfacet
  facet normal 0 0 -1
    outer loop
      vertex -0.331849 0.24115 -0.0999994
      vertex -0.33295 0.2415 -0.0999994
      vertex -0.332049 0.2415 -0.0999994
    endloop
  endfacet
  facet normal 0 -0 -1
    outer loop
      vertex -0.40965 0.2391 -0.0999994
      vertex -0.327 0.23805 -0.0999994
      vertex -0.462799 0.0669994 -0.0999994
    endloop
  endfacet
  facet normal 0 -0 -1
    outer loop
      vertex -0.405849 0.240499 -0.0999994
      vertex -0.327 0.23805 -0.0999994
      vertex -0.40965 0.2391 -0.0999994
    endloop
  endfacet
  facet normal 0 0 -1
    outer loop
      vertex -0.291849 -0.0372992 -0.0999994
      vertex -0.32885 -0.0128498 -0.0999994
      vertex -0.31355 -0.0184994 -0.0999994
    endloop
  endfacet
  facet normal 0 0 -1
    outer loop
      vertex -0.342349 -0.2623 -0.0999994
      vertex -0.322849 -0.260249 -0.0999994
      vertex -0.338599 -0.26225 -0.0999994
    endloop
  endfacet
  facet normal 0 0 -1
    outer loop
      vertex -0.32885 -0.0128498 -0.0999994
      vertex -0.372749 -0.0128498 -0.0999994
      vertex -0.329049 -0.0122499 -0.0999994
    endloop
  endfacet
  facet normal 0 0 -1
    outer loop
      vertex -0.40535 0.00529957 -0.0999994
      vertex -0.329049 -0.0122499 -0.0999994
      vertex -0.372749 -0.0123491 -0.0999994
    endloop
  endfacet
  facet normal 0 0 -1
    outer loop
      vertex -0.4065 0.00604916 -0.0999994
      vertex -0.329049 -0.0122499 -0.0999994
      vertex -0.40535 0.00529957 -0.0999994
    endloop
  endfacet
  facet normal 0 0 -1
    outer loop
      vertex -0.3503 -0.26275 -0.0999994
      vertex -0.342349 -0.2623 -0.0999994
      vertex -0.34785 -0.262799 -0.0999994
    endloop
  endfacet
  facet normal 0 0 -1
    outer loop
      vertex -0.329049 -0.0122499 -0.0999994
      vertex -0.372749 -0.0128498 -0.0999994
      vertex -0.372749 -0.0123491 -0.0999994
    endloop
  endfacet
  facet normal -0 -0 -1
    outer loop
      vertex -0.3459 0.244499 -0.0999994
      vertex -0.327 0.23805 -0.0999994
      vertex -0.349299 0.245 -0.0999994
    endloop
  endfacet
  facet normal -0 -0 -1
    outer loop
      vertex -0.32885 -0.0128498 -0.0999994
      vertex -0.291849 -0.0372992 -0.0999994
      vertex -0.372749 -0.0128498 -0.0999994
    endloop
  endfacet
  facet normal 0 0 -1
    outer loop
      vertex -0.3538 -0.2632 -0.0999994
      vertex -0.3503 -0.26275 -0.0999994
      vertex -0.35135 -0.26335 -0.0999994
    endloop
  endfacet
  facet normal 0 0 -1
    outer loop
      vertex -0.33295 0.2415 -0.0999994
      vertex -0.337749 0.24455 -0.0999994
      vertex -0.3333 0.242 -0.0999994
    endloop
  endfacet
  facet normal -0 0 -1
    outer loop
      vertex -0.3503 -0.26275 -0.0999994
      vertex -0.3538 -0.2632 -0.0999994
      vertex -0.372749 -0.0128498 -0.0999994
    endloop
  endfacet
  facet normal 0 0 -1
    outer loop
      vertex -0.327749 0.2385 -0.0999994
      vertex -0.3459 0.244499 -0.0999994
      vertex -0.33025 0.24 -0.0999994
    endloop
  endfacet
  facet normal 0 0 -1
    outer loop
      vertex -0.356799 -0.2637 -0.0999994
      vertex -0.3538 -0.2632 -0.0999994
      vertex -0.354549 -0.263849 -0.0999994
    endloop
  endfacet
  facet normal 0 0 -1
    outer loop
      vertex -0.33025 0.24 -0.0999994
      vertex -0.33295 0.2415 -0.0999994
      vertex -0.331849 0.24115 -0.0999994
    endloop
  endfacet
  facet normal -0 0 -1
    outer loop
      vertex -0.3538 -0.2632 -0.0999994
      vertex -0.356799 -0.2637 -0.0999994
      vertex -0.372749 -0.0128498 -0.0999994
    endloop
  endfacet
  facet normal 0 -0 -1
    outer loop
      vertex -0.337749 0.24455 -0.0999994
      vertex -0.33295 0.2415 -0.0999994
      vertex -0.3459 0.244499 -0.0999994
    endloop
  endfacet
  facet normal 0 0 -1
    outer loop
      vertex -0.3459 0.244499 -0.0999994
      vertex -0.349299 0.245 -0.0999994
      vertex -0.346299 0.2449 -0.0999994
    endloop
  endfacet
  facet normal 0 0 -1
    outer loop
      vertex -0.359799 -0.264199 -0.0999994
      vertex -0.356799 -0.2637 -0.0999994
      vertex -0.35755 -0.26435 -0.0999994
    endloop
  endfacet
  facet normal -0 -0 -1
    outer loop
      vertex -0.33295 0.2415 -0.0999994
      vertex -0.33025 0.24 -0.0999994
      vertex -0.3459 0.244499 -0.0999994
    endloop
  endfacet
  facet normal 0 0 -1
    outer loop
      vertex -0.373099 -0.265249 -0.0999994
      vertex -0.356799 -0.2637 -0.0999994
      vertex -0.359799 -0.264199 -0.0999994
    endloop
  endfacet
  facet normal 0 0 -1
    outer loop
      vertex -0.349299 0.245 -0.0999994
      vertex -0.35325 0.2455 -0.0999994
      vertex -0.34985 0.245449 -0.0999994
    endloop
  endfacet
  facet normal 0 0 -1
    outer loop
      vertex -0.3656 -0.264899 -0.0999994
      vertex -0.359799 -0.264199 -0.0999994
      vertex -0.36045 -0.264799 -0.0999994
    endloop
  endfacet
  facet normal 0 0 -1
    outer loop
      vertex -0.327 0.23805 -0.0999994
      vertex -0.3459 0.244499 -0.0999994
      vertex -0.327749 0.2385 -0.0999994
    endloop
  endfacet
  facet normal 0 0 -1
    outer loop
      vertex -0.373099 -0.265249 -0.0999994
      vertex -0.359799 -0.264199 -0.0999994
      vertex -0.3656 -0.264899 -0.0999994
    endloop
  endfacet
  facet normal 0 0 -1
    outer loop
      vertex -0.373099 -0.265249 -0.0999994
      vertex -0.3656 -0.264899 -0.0999994
      vertex -0.36735 -0.265249 -0.0999994
    endloop
  endfacet
  facet normal 0 0 -1
    outer loop
      vertex -0.327749 0.2385 -0.0999994
      vertex -0.33025 0.24 -0.0999994
      vertex -0.32935 0.23965 -0.0999994
    endloop
  endfacet
  facet normal 0 0 -1
    outer loop
      vertex -0.35325 0.2455 -0.0999994
      vertex -0.356099 0.245999 -0.0999994
      vertex -0.353849 0.24585 -0.0999994
    endloop
  endfacet
  facet normal -0 -0 -1
    outer loop
      vertex -0.356099 0.245999 -0.0999994
      vertex -0.35325 0.2455 -0.0999994
      vertex -0.356799 0.245999 -0.0999994
    endloop
  endfacet
  facet normal -0 -0 -1
    outer loop
      vertex -0.349299 0.245 -0.0999994
      vertex -0.327 0.23805 -0.0999994
      vertex -0.35325 0.2455 -0.0999994
    endloop
  endfacet
  facet normal 0 0 -1
    outer loop
      vertex -0.356799 0.245999 -0.0999994
      vertex -0.359599 0.246499 -0.0999994
      vertex -0.357349 0.246349 -0.0999994
    endloop
  endfacet
  facet normal 0 0 -1
    outer loop
      vertex -0.38925 -0.00724983 -0.0999994
      vertex -0.372749 -0.0123491 -0.0999994
      vertex -0.387349 -0.00864983 -0.0999994
    endloop
  endfacet
  facet normal 0 0 -1
    outer loop
      vertex -0.40535 0.00529957 -0.0999994
      vertex -0.372749 -0.0123491 -0.0999994
      vertex -0.38925 -0.00724983 -0.0999994
    endloop
  endfacet
  facet normal 0 0 -1
    outer loop
      vertex -0.3868 0.247499 -0.0999994
      vertex -0.387799 0.247499 -0.0999994
      vertex -0.387449 0.247999 -0.0999994
    endloop
  endfacet
  facet normal -0 -0 -1
    outer loop
      vertex -0.359599 0.246499 -0.0999994
      vertex -0.356799 0.245999 -0.0999994
      vertex -0.360299 0.246499 -0.0999994
    endloop
  endfacet
  facet normal -0 0 -1
    outer loop
      vertex -0.35325 0.2455 -0.0999994
      vertex -0.405849 0.240499 -0.0999994
      vertex -0.356799 0.245999 -0.0999994
    endloop
  endfacet
  facet normal -0 0 -1
    outer loop
      vertex -0.356799 0.245999 -0.0999994
      vertex -0.405849 0.240499 -0.0999994
      vertex -0.360299 0.246499 -0.0999994
    endloop
  endfacet
  facet normal -0 0 -1
    outer loop
      vertex -0.387799 0.247499 -0.0999994
      vertex -0.390599 0.24655 -0.0999994
      vertex -0.388599 0.247499 -0.0999994
    endloop
  endfacet
  facet normal 0 0 -1
    outer loop
      vertex -0.360299 0.246499 -0.0999994
      vertex -0.3769 0.247 -0.0999994
      vertex -0.360849 0.246949 -0.0999994
    endloop
  endfacet
  facet normal 0 -0 -1
    outer loop
      vertex -0.3868 0.247499 -0.0999994
      vertex -0.3769 0.247 -0.0999994
      vertex -0.3931 0.245549 -0.0999994
    endloop
  endfacet
  facet normal 0 -0 -1
    outer loop
      vertex -0.390599 0.24655 -0.0999994
      vertex -0.3868 0.247499 -0.0999994
      vertex -0.3931 0.245549 -0.0999994
    endloop
  endfacet
  facet normal -0 0 -1
    outer loop
      vertex -0.39695 0.243999 -0.0999994
      vertex -0.398399 0.2435 -0.0999994
      vertex -0.3979 0.243999 -0.0999994
    endloop
  endfacet
  facet normal 0 0 -1
    outer loop
      vertex -0.3931 0.245549 -0.0999994
      vertex -0.39695 0.243999 -0.0999994
      vertex -0.3951 0.244949 -0.0999994
    endloop
  endfacet
  facet normal -0 0 -1
    outer loop
      vertex -0.3868 0.247499 -0.0999994
      vertex -0.390599 0.24655 -0.0999994
      vertex -0.387799 0.247499 -0.0999994
    endloop
  endfacet
  facet normal 0 0 -1
    outer loop
      vertex -0.3769 0.247 -0.0999994
      vertex -0.3868 0.247499 -0.0999994
      vertex -0.377299 0.247399 -0.0999994
    endloop
  endfacet
  facet normal 0 -0 -1
    outer loop
      vertex -0.3931 0.245549 -0.0999994
      vertex -0.3769 0.247 -0.0999994
      vertex -0.39695 0.243999 -0.0999994
    endloop
  endfacet
  facet normal 0 0 -1
    outer loop
      vertex -0.39695 0.243999 -0.0999994
      vertex -0.401099 0.24245 -0.0999994
      vertex -0.398399 0.2435 -0.0999994
    endloop
  endfacet
  facet normal 0 -0 -1
    outer loop
      vertex -0.39695 0.243999 -0.0999994
      vertex -0.3769 0.247 -0.0999994
      vertex -0.401099 0.24245 -0.0999994
    endloop
  endfacet
  facet normal -0 0 -1
    outer loop
      vertex -0.4035 0.2415 -0.0999994
      vertex -0.405849 0.240499 -0.0999994
      vertex -0.404249 0.2415 -0.0999994
    endloop
  endfacet
  facet normal 0 0 -1
    outer loop
      vertex -0.401099 0.24245 -0.0999994
      vertex -0.4035 0.2415 -0.0999994
      vertex -0.40185 0.24235 -0.0999994
    endloop
  endfacet
  facet normal 0 0 -1
    outer loop
      vertex -0.4108 0.0067997 -0.0999994
      vertex -0.4065 0.00604916 -0.0999994
      vertex -0.4086 0.00619984 -0.0999994
    endloop
  endfacet
  facet normal 0 -0 -1
    outer loop
      vertex -0.401099 0.24245 -0.0999994
      vertex -0.3769 0.247 -0.0999994
      vertex -0.4035 0.2415 -0.0999994
    endloop
  endfacet
  facet normal 0 -0 -1
    outer loop
      vertex -0.4035 0.2415 -0.0999994
      vertex -0.3769 0.247 -0.0999994
      vertex -0.405849 0.240499 -0.0999994
    endloop
  endfacet
  facet normal 0 0 -1
    outer loop
      vertex -0.4065 0.00604916 -0.0999994
      vertex -0.4108 0.0067997 -0.0999994
      vertex -0.418349 0.0127497 -0.0999994
    endloop
  endfacet
  facet normal 0 0 -1
    outer loop
      vertex -0.4129 0.00719929 -0.0999994
      vertex -0.4108 0.0067997 -0.0999994
      vertex -0.411599 0.00659943 -0.0999994
    endloop
  endfacet
  facet normal 0 0 -1
    outer loop
      vertex -0.4065 0.00604916 -0.0999994
      vertex -0.418349 0.0127497 -0.0999994
      vertex -0.42275 0.0162497 -0.0999994
    endloop
  endfacet
  facet normal 0 0 -1
    outer loop
      vertex -0.4107 0.2387 -0.0999994
      vertex -0.412849 0.23805 -0.0999994
      vertex -0.4126 0.238549 -0.0999994
    endloop
  endfacet
  facet normal 0 0 -1
    outer loop
      vertex -0.4108 0.0067997 -0.0999994
      vertex -0.4129 0.00719929 -0.0999994
      vertex -0.418349 0.0127497 -0.0999994
    endloop
  endfacet
  facet normal -0 0 -1
    outer loop
      vertex -0.405849 0.240499 -0.0999994
      vertex -0.40965 0.2391 -0.0999994
      vertex -0.4066 0.240499 -0.0999994
    endloop
  endfacet
  facet normal 0 -0 -1
    outer loop
      vertex -0.3769 0.247 -0.0999994
      vertex -0.360299 0.246499 -0.0999994
      vertex -0.405849 0.240499 -0.0999994
    endloop
  endfacet
  facet normal 0 0 -1
    outer loop
      vertex -0.42025 0.0141497 -0.0999994
      vertex -0.418349 0.0127497 -0.0999994
      vertex -0.41875 0.0127497 -0.0999994
    endloop
  endfacet
  facet normal 0 0 -1
    outer loop
      vertex -0.42275 0.0162497 -0.0999994
      vertex -0.418349 0.0127497 -0.0999994
      vertex -0.42025 0.0141497 -0.0999994
    endloop
  endfacet
  facet normal 0 0 -1
    outer loop
      vertex -0.42275 0.0162497 -0.0999994
      vertex -0.42025 0.0141497 -0.0999994
      vertex -0.42275 0.0158997 -0.0999994
    endloop
  endfacet
  facet normal 0 0 -1
    outer loop
      vertex -0.4065 0.00604916 -0.0999994
      vertex -0.42275 0.0162497 -0.0999994
      vertex -0.45305 0.0521994 -0.0999994
    endloop
  endfacet
  facet normal 0 0 -1
    outer loop
      vertex -0.424199 0.0171499 -0.0999994
      vertex -0.42275 0.0162497 -0.0999994
      vertex -0.423249 0.0162497 -0.0999994
    endloop
  endfacet
  facet normal 0 0 -1
    outer loop
      vertex -0.424999 0.0177498 -0.0999994
      vertex -0.42275 0.0162497 -0.0999994
      vertex -0.424199 0.0171499 -0.0999994
    endloop
  endfacet
  facet normal 0 0 -1
    outer loop
      vertex -0.42275 0.0162497 -0.0999994
      vertex -0.424999 0.0177498 -0.0999994
      vertex -0.426849 0.0192499 -0.0999994
    endloop
  endfacet
  facet normal 0 0 -1
    outer loop
      vertex -0.426849 0.0192499 -0.0999994
      vertex -0.424999 0.0177498 -0.0999994
      vertex -0.4252 0.0177498 -0.0999994
    endloop
  endfacet
  facet normal 0 0 -1
    outer loop
      vertex -0.42275 0.0162497 -0.0999994
      vertex -0.426849 0.0192499 -0.0999994
      vertex -0.45305 0.0521994 -0.0999994
    endloop
  endfacet
  facet normal 0 0 -1
    outer loop
      vertex -0.428849 0.0207491 -0.0999994
      vertex -0.426849 0.0192499 -0.0999994
      vertex -0.427199 0.0192499 -0.0999994
    endloop
  endfacet
  facet normal 0 0 -1
    outer loop
      vertex -0.426849 0.0192499 -0.0999994
      vertex -0.428849 0.0207491 -0.0999994
      vertex -0.45305 0.0521994 -0.0999994
    endloop
  endfacet
  facet normal 0 0 -1
    outer loop
      vertex -0.43075 0.0221491 -0.0999994
      vertex -0.428849 0.0207491 -0.0999994
      vertex -0.42925 0.0207491 -0.0999994
    endloop
  endfacet
  facet normal 0 0 -1
    outer loop
      vertex -0.433249 0.0242491 -0.0999994
      vertex -0.428849 0.0207491 -0.0999994
      vertex -0.43075 0.0221491 -0.0999994
    endloop
  endfacet
  facet normal 0 0 -1
    outer loop
      vertex -0.433249 0.0242491 -0.0999994
      vertex -0.43075 0.0221491 -0.0999994
      vertex -0.433249 0.0238991 -0.0999994
    endloop
  endfacet
  facet normal 0 0 -1
    outer loop
      vertex -0.428849 0.0207491 -0.0999994
      vertex -0.433249 0.0242491 -0.0999994
      vertex -0.45305 0.0521994 -0.0999994
    endloop
  endfacet
  facet normal 0 0 -1
    outer loop
      vertex -0.434699 0.0251493 -0.0999994
      vertex -0.433249 0.0242491 -0.0999994
      vertex -0.433749 0.0242491 -0.0999994
    endloop
  endfacet
  facet normal 0 0 -1
    outer loop
      vertex -0.435499 0.0257492 -0.0999994
      vertex -0.433249 0.0242491 -0.0999994
      vertex -0.434699 0.0251493 -0.0999994
    endloop
  endfacet
  facet normal 0 0 -1
    outer loop
      vertex -0.4373 0.0271492 -0.0999994
      vertex -0.433249 0.0242491 -0.0999994
      vertex -0.435499 0.0257492 -0.0999994
    endloop
  endfacet
  facet normal 0 0 -1
    outer loop
      vertex -0.4373 0.0271492 -0.0999994
      vertex -0.435499 0.0257492 -0.0999994
      vertex -0.435699 0.0257492 -0.0999994
    endloop
  endfacet
  facet normal 0 -0 -1
    outer loop
      vertex -0.35325 0.2455 -0.0999994
      vertex -0.327 0.23805 -0.0999994
      vertex -0.405849 0.240499 -0.0999994
    endloop
  endfacet
  facet normal 0 0 -1
    outer loop
      vertex -0.433249 0.0242491 -0.0999994
      vertex -0.4373 0.0271492 -0.0999994
      vertex -0.451349 0.0476494 -0.0999994
    endloop
  endfacet
  facet normal 0 0 -1
    outer loop
      vertex -0.40965 0.2391 -0.0999994
      vertex -0.462799 0.0669994 -0.0999994
      vertex -0.4107 0.2387 -0.0999994
    endloop
  endfacet
  facet normal 0 0 -1
    outer loop
      vertex -0.447749 0.0381498 -0.0999994
      vertex -0.4373 0.0271492 -0.0999994
      vertex -0.447749 0.0374994 -0.0999994
    endloop
  endfacet
  facet normal 0 0 -1
    outer loop
      vertex -0.44875 0.0407 -0.0999994
      vertex -0.4373 0.0271492 -0.0999994
      vertex -0.447749 0.0381498 -0.0999994
    endloop
  endfacet
  facet normal 0 0 -1
    outer loop
      vertex -0.44875 0.0407 -0.0999994
      vertex -0.447749 0.0381498 -0.0999994
      vertex -0.44875 0.0397491 -0.0999994
    endloop
  endfacet
  facet normal 0 0 -1
    outer loop
      vertex -0.449249 0.0419998 -0.0999994
      vertex -0.4373 0.0271492 -0.0999994
      vertex -0.44875 0.0407 -0.0999994
    endloop
  endfacet
  facet normal 0 0 -1
    outer loop
      vertex -0.449249 0.0419998 -0.0999994
      vertex -0.44875 0.0407 -0.0999994
      vertex -0.449249 0.04105 -0.0999994
    endloop
  endfacet
  facet normal 0 0 -1
    outer loop
      vertex -0.45 0.0440493 -0.0999994
      vertex -0.4373 0.0271492 -0.0999994
      vertex -0.449249 0.0419998 -0.0999994
    endloop
  endfacet
  facet normal 0 0 -1
    outer loop
      vertex -0.451349 0.0476494 -0.0999994
      vertex -0.4373 0.0271492 -0.0999994
      vertex -0.45 0.0440493 -0.0999994
    endloop
  endfacet
  facet normal 0 0 -1
    outer loop
      vertex -0.451349 0.0476494 -0.0999994
      vertex -0.45 0.0440493 -0.0999994
      vertex -0.4507 0.0453997 -0.0999994
    endloop
  endfacet
  facet normal 0 0 -1
    outer loop
      vertex -0.433249 0.0242491 -0.0999994
      vertex -0.451349 0.0476494 -0.0999994
      vertex -0.45305 0.0521994 -0.0999994
    endloop
  endfacet
  facet normal 0 0 -1
    outer loop
      vertex -0.45305 0.0521994 -0.0999994
      vertex -0.451349 0.0476494 -0.0999994
      vertex -0.4522 0.0493994 -0.0999994
    endloop
  endfacet
  facet normal 0 0 -1
    outer loop
      vertex -0.4107 0.2387 -0.0999994
      vertex -0.414599 0.2372 -0.0999994
      vertex -0.412849 0.23805 -0.0999994
    endloop
  endfacet
  facet normal 0 -0 -1
    outer loop
      vertex -0.46025 0.206499 -0.0999994
      vertex -0.414599 0.2372 -0.0999994
      vertex -0.462749 0.201249 -0.0999994
    endloop
  endfacet
  facet normal 0 0 -1
    outer loop
      vertex -0.414599 0.2372 -0.0999994
      vertex -0.46025 0.206499 -0.0999994
      vertex -0.43685 0.232249 -0.0999994
    endloop
  endfacet
  facet normal 0 0 -1
    outer loop
      vertex -0.43685 0.232249 -0.0999994
      vertex -0.4577 0.212299 -0.0999994
      vertex -0.43765 0.231999 -0.0999994
    endloop
  endfacet
  facet normal 0 0 -1
    outer loop
      vertex -0.462399 0.0663996 -0.0999994
      vertex -0.454599 0.0547495 -0.0999994
      vertex -0.4606 0.0626497 -0.0999994
    endloop
  endfacet
  facet normal 0 0 -1
    outer loop
      vertex -0.4107 0.2387 -0.0999994
      vertex -0.462799 0.0669994 -0.0999994
      vertex -0.414599 0.2372 -0.0999994
    endloop
  endfacet
  facet normal 0 -0 -1
    outer loop
      vertex -0.4577 0.212299 -0.0999994
      vertex -0.43685 0.232249 -0.0999994
      vertex -0.46025 0.206499 -0.0999994
    endloop
  endfacet
  facet normal 0 0 -1
    outer loop
      vertex -0.414599 0.2372 -0.0999994
      vertex -0.462799 0.0669994 -0.0999994
      vertex -0.462749 0.201249 -0.0999994
    endloop
  endfacet
  facet normal 0 0 -1
    outer loop
      vertex -0.474999 0.0669994 -0.0999994
      vertex -0.462749 0.201249 -0.0999994
      vertex -0.462799 0.0669994 -0.0999994
    endloop
  endfacet
  facet normal -0 0 -1
    outer loop
      vertex -0.462749 0.201249 -0.0999994
      vertex -0.474999 0.0669994 -0.0999994
      vertex -0.474999 0.201249 -0.0999994
    endloop
  endfacet
  facet normal -0 0 -1
    outer loop
      vertex -0.161249 -0.1895 -0.0999994
      vertex -0.161699 -0.193 -0.0999994
      vertex -0.16185 -0.1895 -0.0999994
    endloop
  endfacet
  facet normal -0 0 -1
    outer loop
      vertex -0.161699 -0.193 -0.0999994
      vertex -0.16225 -0.195999 -0.0999994
      vertex -0.16225 -0.193 -0.0999994
    endloop
  endfacet
  facet normal -0 0 -1
    outer loop
      vertex -0.16225 -0.195999 -0.0999994
      vertex -0.1627 -0.199249 -0.0999994
      vertex -0.162849 -0.195999 -0.0999994
    endloop
  endfacet
  facet normal 0 0 -1
    outer loop
      vertex -0.1627 -0.199249 -0.0999994
      vertex -0.163199 -0.2035 -0.0999994
      vertex -0.163349 -0.2 -0.0999994
    endloop
  endfacet
  facet normal -0 0 -1
    outer loop
      vertex -0.163199 -0.2035 -0.0999994
      vertex -0.163699 -0.207 -0.0999994
      vertex -0.16385 -0.2035 -0.0999994
    endloop
  endfacet
  facet normal -0 0 -1
    outer loop
      vertex -0.163699 -0.207 -0.0999994
      vertex -0.1642 -0.2105 -0.0999994
      vertex -0.16435 -0.207 -0.0999994
    endloop
  endfacet
  facet normal -0 0 -1
    outer loop
      vertex -0.1642 -0.2105 -0.0999994
      vertex -0.1647 -0.21375 -0.0999994
      vertex -0.164849 -0.2105 -0.0999994
    endloop
  endfacet
  facet normal 0 0 -1
    outer loop
      vertex -0.1647 -0.21375 -0.0999994
      vertex -0.165199 -0.215249 -0.0999994
      vertex -0.1655 -0.214499 -0.0999994
    endloop
  endfacet
  facet normal -0 0 -1
    outer loop
      vertex -0.16525 0.186999 -0.0999994
      vertex -0.16575 0.186 -0.0999994
      vertex -0.16575 0.186999 -0.0999994
    endloop
  endfacet
  facet normal -0 0 -1
    outer loop
      vertex -0.16575 0.186 -0.0999994
      vertex -0.1662 0.1845 -0.0999994
      vertex -0.1664 0.186 -0.0999994
    endloop
  endfacet
  facet normal -0 0 -1
    outer loop
      vertex -0.1662 0.1845 -0.0999994
      vertex -0.166699 0.183499 -0.0999994
      vertex -0.166949 0.1845 -0.0999994
    endloop
  endfacet
  facet normal -0 0 -1
    outer loop
      vertex -0.166699 0.183499 -0.0999994
      vertex -0.167199 0.181999 -0.0999994
      vertex -0.167399 0.183499 -0.0999994
    endloop
  endfacet
  facet normal -0 0 -1
    outer loop
      vertex -0.167199 0.181999 -0.0999994
      vertex -0.1677 0.180499 -0.0999994
      vertex -0.167899 0.181999 -0.0999994
    endloop
  endfacet
  facet normal -0 0 -1
    outer loop
      vertex -0.1677 0.180499 -0.0999994
      vertex -0.168249 0.1795 -0.0999994
      vertex -0.168249 0.180499 -0.0999994
    endloop
  endfacet
  facet normal -0 0 -1
    outer loop
      vertex -0.168249 0.1795 -0.0999994
      vertex -0.168699 0.177999 -0.0999994
      vertex -0.1689 0.1795 -0.0999994
    endloop
  endfacet
  facet normal -0 0 -1
    outer loop
      vertex -0.168699 0.177999 -0.0999994
      vertex -0.1692 0.176999 -0.0999994
      vertex -0.16945 0.177999 -0.0999994
    endloop
  endfacet
  facet normal -0 0 -1
    outer loop
      vertex -0.1692 0.176999 -0.0999994
      vertex -0.1697 0.1755 -0.0999994
      vertex -0.1699 0.176999 -0.0999994
    endloop
  endfacet
  facet normal -0 0 -1
    outer loop
      vertex -0.1697 0.1755 -0.0999994
      vertex -0.170199 0.174 -0.0999994
      vertex -0.1704 0.1755 -0.0999994
    endloop
  endfacet
  facet normal -0 0 -1
    outer loop
      vertex -0.170199 0.174 -0.0999994
      vertex -0.17075 0.172999 -0.0999994
      vertex -0.17075 0.174 -0.0999994
    endloop
  endfacet
  facet normal -0 0 -1
    outer loop
      vertex -0.17075 0.172999 -0.0999994
      vertex -0.1712 0.171499 -0.0999994
      vertex -0.171399 0.172999 -0.0999994
    endloop
  endfacet
  facet normal -0 0 -1
    outer loop
      vertex -0.0734491 0.0818996 -0.0999994
      vertex -0.210349 0.0370998 -0.0999994
      vertex -0.0799999 0.104549 -0.0999994
    endloop
  endfacet
  facet normal 0 0 -1
    outer loop
      vertex -0.179799 -0.00774956 -0.0999994
      vertex -0.172999 -0.0123491 -0.0999994
      vertex -0.179099 -0.00839996 -0.0999994
    endloop
  endfacet
  facet normal 0 0 -1
    outer loop
      vertex -0.1045 -0.0123491 -0.0999994
      vertex -0.179799 -0.00774956 -0.0999994
      vertex -0.207749 0.0325994 -0.0999994
    endloop
  endfacet
  facet normal 0 0 -1
    outer loop
      vertex -0.18135 -0.00669956 -0.0999994
      vertex -0.179799 -0.00774956 -0.0999994
      vertex -0.180149 -0.00774956 -0.0999994
    endloop
  endfacet
  facet normal 0 0 -1
    outer loop
      vertex -0.179799 -0.00774956 -0.0999994
      vertex -0.18135 -0.00669956 -0.0999994
      vertex -0.207749 0.0325994 -0.0999994
    endloop
  endfacet
  facet normal 0 0 -1
    outer loop
      vertex -0.207749 0.0325994 -0.0999994
      vertex -0.18135 -0.00669956 -0.0999994
      vertex -0.187599 -0.00249958 -0.0999994
    endloop
  endfacet
  facet normal 0 0 -1
    outer loop
      vertex -0.2126 0.0394497 -0.0999994
      vertex -0.0799999 0.104549 -0.0999994
      vertex -0.210349 0.0370998 -0.0999994
    endloop
  endfacet
  facet normal -0 0 -1
    outer loop
      vertex -0.0799999 0.104549 -0.0999994
      vertex -0.2126 0.0394497 -0.0999994
      vertex -0.1712 0.171499 -0.0999994
    endloop
  endfacet
  facet normal -0 0 -1
    outer loop
      vertex -0.1712 0.171499 -0.0999994
      vertex -0.2126 0.0394497 -0.0999994
      vertex -0.171749 0.171499 -0.0999994
    endloop
  endfacet
  facet normal 0 0 -1
    outer loop
      vertex -0.207749 0.0325994 -0.0999994
      vertex -0.187599 -0.00249958 -0.0999994
      vertex -0.20255 0.0123997 -0.0999994
    endloop
  endfacet
  facet normal 0 0 -1
    outer loop
      vertex -0.227249 0.0416498 -0.0999994
      vertex -0.171749 0.171499 -0.0999994
      vertex -0.2126 0.0394497 -0.0999994
    endloop
  endfacet
  facet normal 0 0 -1
    outer loop
      vertex -0.2331 0.0424995 -0.0999994
      vertex -0.171749 0.171499 -0.0999994
      vertex -0.227249 0.0416498 -0.0999994
    endloop
  endfacet
  facet normal 0 0 -1
    outer loop
      vertex -0.234949 0.0427494 -0.0999994
      vertex -0.171749 0.171499 -0.0999994
      vertex -0.2331 0.0424995 -0.0999994
    endloop
  endfacet
  facet normal 0 0 -1
    outer loop
      vertex -0.210349 0.0370998 -0.0999994
      vertex -0.207749 0.0325994 -0.0999994
      vertex -0.209599 0.0356493 -0.0999994
    endloop
  endfacet
  facet normal 0 0 -1
    outer loop
      vertex -0.237849 0.0431995 -0.0999994
      vertex -0.171749 0.171499 -0.0999994
      vertex -0.234949 0.0427494 -0.0999994
    endloop
  endfacet
  facet normal -0 0 -1
    outer loop
      vertex -0.171749 0.171499 -0.0999994
      vertex -0.237849 0.0431995 -0.0999994
      vertex -0.187599 0.184099 -0.0999994
    endloop
  endfacet
  facet normal -0 0 -1
    outer loop
      vertex -0.187599 0.184099 -0.0999994
      vertex -0.237849 0.0431995 -0.0999994
      vertex -0.192849 0.187099 -0.0999994
    endloop
  endfacet
  facet normal -0 0 -1
    outer loop
      vertex -0.192849 0.187099 -0.0999994
      vertex -0.237849 0.0431995 -0.0999994
      vertex -0.19625 0.189899 -0.0999994
    endloop
  endfacet
  facet normal 0 -0 -1
    outer loop
      vertex -0.23405 0.208949 -0.0999994
      vertex -0.19625 0.189899 -0.0999994
      vertex -0.237849 0.0431995 -0.0999994
    endloop
  endfacet
  facet normal 0 0 -1
    outer loop
      vertex -0.19625 0.189899 -0.0999994
      vertex -0.23405 0.208949 -0.0999994
      vertex -0.20595 0.19835 -0.0999994
    endloop
  endfacet
  facet normal 0 0 -1
    outer loop
      vertex -0.20595 0.19835 -0.0999994
      vertex -0.23405 0.208949 -0.0999994
      vertex -0.2078 0.199949 -0.0999994
    endloop
  endfacet
  facet normal 0 0 -1
    outer loop
      vertex -0.2078 0.199949 -0.0999994
      vertex -0.23405 0.208949 -0.0999994
      vertex -0.2126 0.204149 -0.0999994
    endloop
  endfacet
  facet normal 0 0 -1
    outer loop
      vertex -0.237849 0.0431995 -0.0999994
      vertex -0.234949 0.0427494 -0.0999994
      vertex -0.23675 0.0429993 -0.0999994
    endloop
  endfacet
  facet normal -0 0 -1
    outer loop
      vertex -0.23405 0.208949 -0.0999994
      vertex -0.237849 0.0431995 -0.0999994
      vertex -0.234949 0.2092 -0.0999994
    endloop
  endfacet
  facet normal 0 0 -1
    outer loop
      vertex -0.245099 0.0412998 -0.0999994
      vertex -0.234949 0.2092 -0.0999994
      vertex -0.237849 0.0431995 -0.0999994
    endloop
  endfacet
  facet normal 0 0 -1
    outer loop
      vertex -0.250099 0.0401993 -0.0999994
      vertex -0.234949 0.2092 -0.0999994
      vertex -0.245099 0.0412998 -0.0999994
    endloop
  endfacet
  facet normal -0 0 -1
    outer loop
      vertex -0.234949 0.2092 -0.0999994
      vertex -0.250099 0.0401993 -0.0999994
      vertex -0.23685 0.210199 -0.0999994
    endloop
  endfacet
  facet normal -0 0 -1
    outer loop
      vertex -0.23685 0.210199 -0.0999994
      vertex -0.250099 0.0401993 -0.0999994
      vertex -0.241699 0.212449 -0.0999994
    endloop
  endfacet
  facet normal 0 0 -1
    outer loop
      vertex -0.261849 0.0372496 -0.0999994
      vertex -0.241699 0.212449 -0.0999994
      vertex -0.250099 0.0401993 -0.0999994
    endloop
  endfacet
  facet normal 0 0 -1
    outer loop
      vertex -0.27885 0.2287 -0.0999994
      vertex -0.241699 0.212449 -0.0999994
      vertex -0.261849 0.0372496 -0.0999994
    endloop
  endfacet
  facet normal 0 0 -1
    outer loop
      vertex -0.241699 0.212449 -0.0999994
      vertex -0.27885 0.2287 -0.0999994
      vertex -0.248599 0.217699 -0.0999994
    endloop
  endfacet
  facet normal 0 0 -1
    outer loop
      vertex -0.248599 0.217699 -0.0999994
      vertex -0.27885 0.2287 -0.0999994
      vertex -0.254 0.221749 -0.0999994
    endloop
  endfacet
  facet normal -0 -0 -1
    outer loop
      vertex -0.269099 0.228499 -0.0999994
      vertex -0.254 0.221749 -0.0999994
      vertex -0.27885 0.2287 -0.0999994
    endloop
  endfacet
  facet normal 0 0 -1
    outer loop
      vertex -0.254 0.221749 -0.0999994
      vertex -0.256 0.223249 -0.0999994
      vertex -0.2541 0.2219 -0.0999994
    endloop
  endfacet
  facet normal -0 -0 -1
    outer loop
      vertex -0.2611 0.227099 -0.0999994
      vertex -0.256 0.223249 -0.0999994
      vertex -0.269099 0.228499 -0.0999994
    endloop
  endfacet
  facet normal 0 0 -1
    outer loop
      vertex -0.254 0.221749 -0.0999994
      vertex -0.269099 0.228499 -0.0999994
      vertex -0.256 0.223249 -0.0999994
    endloop
  endfacet
  facet normal -0 -0 -1
    outer loop
      vertex -0.262699 0.22825 -0.0999994
      vertex -0.2611 0.227099 -0.0999994
      vertex -0.269099 0.228499 -0.0999994
    endloop
  endfacet
  facet normal 0 0 -1
    outer loop
      vertex -0.2637 0.0362997 -0.0999994
      vertex -0.261849 0.0372496 -0.0999994
      vertex -0.263 0.0359993 -0.0999994
    endloop
  endfacet
  facet normal 0 0 -1
    outer loop
      vertex -0.27885 0.2287 -0.0999994
      vertex -0.261849 0.0372496 -0.0999994
      vertex -0.2637 0.0362997 -0.0999994
    endloop
  endfacet
  facet normal 0 0 -1
    outer loop
      vertex -0.324349 0.237049 -0.0999994
      vertex -0.2637 0.0362997 -0.0999994
      vertex -0.2644 0.0356493 -0.0999994
    endloop
  endfacet
  facet normal 0 0 -1
    outer loop
      vertex -0.2611 0.227099 -0.0999994
      vertex -0.262699 0.22825 -0.0999994
      vertex -0.2616 0.22765 -0.0999994
    endloop
  endfacet
  facet normal 0 0 -1
    outer loop
      vertex -0.324349 0.237049 -0.0999994
      vertex -0.2644 0.0356493 -0.0999994
      vertex -0.272849 0.0286493 -0.0999994
    endloop
  endfacet
  facet normal 0 0 -1
    outer loop
      vertex -0.275849 0.0261497 -0.0999994
      vertex -0.272849 0.0286493 -0.0999994
      vertex -0.2731 0.0283499 -0.0999994
    endloop
  endfacet
  facet normal -0 0 -1
    outer loop
      vertex -0.272849 0.0286493 -0.0999994
      vertex -0.275849 0.0261497 -0.0999994
      vertex -0.324349 0.237049 -0.0999994
    endloop
  endfacet
  facet normal 0 0 -1
    outer loop
      vertex -0.277499 0.0247498 -0.0999994
      vertex -0.275849 0.0261497 -0.0999994
      vertex -0.276099 0.0258493 -0.0999994
    endloop
  endfacet
  facet normal 0 0 -1
    outer loop
      vertex -0.45305 0.0521994 -0.0999994
      vertex -0.275849 0.0261497 -0.0999994
      vertex -0.277499 0.0247498 -0.0999994
    endloop
  endfacet
  facet normal 0 0 -1
    outer loop
      vertex -0.256 0.223249 -0.0999994
      vertex -0.2611 0.227099 -0.0999994
      vertex -0.2561 0.223399 -0.0999994
    endloop
  endfacet
  facet normal 0 0 -1
    outer loop
      vertex -0.2637 0.0362997 -0.0999994
      vertex -0.31135 0.235 -0.0999994
      vertex -0.27885 0.2287 -0.0999994
    endloop
  endfacet
  facet normal 0 0 -1
    outer loop
      vertex -0.293349 0.0126495 -0.0999994
      vertex -0.277499 0.0247498 -0.0999994
      vertex -0.2876 0.0163498 -0.0999994
    endloop
  endfacet
  facet normal 0 0 -1
    outer loop
      vertex -0.27885 0.2287 -0.0999994
      vertex -0.289599 0.233 -0.0999994
      vertex -0.2871 0.23255 -0.0999994
    endloop
  endfacet
  facet normal 0 0 -1
    outer loop
      vertex -0.45305 0.0521994 -0.0999994
      vertex -0.293349 0.0126495 -0.0999994
      vertex -0.4065 0.00604916 -0.0999994
    endloop
  endfacet
  facet normal 0 0 -1
    outer loop
      vertex -0.4065 0.00604916 -0.0999994
      vertex -0.293349 0.0126495 -0.0999994
      vertex -0.295099 0.0112 -0.0999994
    endloop
  endfacet
  facet normal 0 0 -1
    outer loop
      vertex -0.4065 0.00604916 -0.0999994
      vertex -0.30635 0.000749588 -0.0999994
      vertex -0.329049 -0.0122499 -0.0999994
    endloop
  endfacet
  facet normal 0 0 -1
    outer loop
      vertex -0.27885 0.2287 -0.0999994
      vertex -0.31135 0.235 -0.0999994
      vertex -0.289599 0.233 -0.0999994
    endloop
  endfacet
  facet normal 0 0 -1
    outer loop
      vertex -0.316449 -0.00674915 -0.0999994
      vertex -0.30635 0.000749588 -0.0999994
      vertex -0.312599 -0.00499916 -0.0999994
    endloop
  endfacet
  facet normal 0 0 -1
    outer loop
      vertex -0.2637 0.0362997 -0.0999994
      vertex -0.314349 0.2352 -0.0999994
      vertex -0.31135 0.235 -0.0999994
    endloop
  endfacet
  facet normal 0 0 -1
    outer loop
      vertex -0.316449 -0.00674915 -0.0999994
      vertex -0.312599 -0.00499916 -0.0999994
      vertex -0.316299 -0.00674915 -0.0999994
    endloop
  endfacet
  facet normal 0 0 -1
    outer loop
      vertex -0.3206 -0.00869942 -0.0999994
      vertex -0.30635 0.000749588 -0.0999994
      vertex -0.316449 -0.00674915 -0.0999994
    endloop
  endfacet
  facet normal 0 0 -1
    outer loop
      vertex -0.329049 -0.0122499 -0.0999994
      vertex -0.30635 0.000749588 -0.0999994
      vertex -0.3206 -0.00869942 -0.0999994
    endloop
  endfacet
  facet normal 0 0 -1
    outer loop
      vertex -0.2637 0.0362997 -0.0999994
      vertex -0.324349 0.237049 -0.0999994
      vertex -0.314349 0.2352 -0.0999994
    endloop
  endfacet
  facet normal 0 0 -1
    outer loop
      vertex -0.314349 0.2352 -0.0999994
      vertex -0.324349 0.237049 -0.0999994
      vertex -0.323099 0.236899 -0.0999994
    endloop
  endfacet
  facet normal 0 0 -1
    outer loop
      vertex -0.293349 0.0126495 -0.0999994
      vertex -0.45305 0.0521994 -0.0999994
      vertex -0.277499 0.0247498 -0.0999994
    endloop
  endfacet
  facet normal 0 0 -1
    outer loop
      vertex -0.327 0.23805 -0.0999994
      vertex -0.327749 0.2385 -0.0999994
      vertex -0.327 0.2385 -0.0999994
    endloop
  endfacet
  facet normal 0 0 -1
    outer loop
      vertex -0.30635 0.000749588 -0.0999994
      vertex -0.4065 0.00604916 -0.0999994
      vertex -0.295099 0.0112 -0.0999994
    endloop
  endfacet
  facet normal 0 0 -1
    outer loop
      vertex -0.329049 -0.0122499 -0.0999994
      vertex -0.3206 -0.00869942 -0.0999994
      vertex -0.3285 -0.0122499 -0.0999994
    endloop
  endfacet
  facet normal 0 0 -1
    outer loop
      vertex -0.454599 0.0547495 -0.0999994
      vertex -0.275849 0.0261497 -0.0999994
      vertex -0.45305 0.0521994 -0.0999994
    endloop
  endfacet
  facet normal 0 0 -1
    outer loop
      vertex -0.275849 0.0261497 -0.0999994
      vertex -0.454599 0.0547495 -0.0999994
      vertex -0.324349 0.237049 -0.0999994
    endloop
  endfacet
  facet normal 0 0 -1
    outer loop
      vertex -0.2161 -0.29665 -0.0999994
      vertex -0.228749 -0.320999 -0.0999994
      vertex -0.228499 -0.317349 -0.0999994
    endloop
  endfacet
  facet normal 0 0 -1
    outer loop
      vertex -0.24725 -0.405299 -0.0999994
      vertex -0.241249 -0.458549 -0.0999994
      vertex -0.243199 -0.4536 -0.0999994
    endloop
  endfacet
  facet normal 0 0 -1
    outer loop
      vertex -0.237749 -0.46635 -0.0999994
      vertex -0.24725 -0.405299 -0.0999994
      vertex -0.2379 -0.37385 -0.0999994
    endloop
  endfacet
  facet normal 0 0 -1
    outer loop
      vertex -0.24725 -0.405299 -0.0999994
      vertex -0.243199 -0.4536 -0.0999994
      vertex -0.243999 -0.4514 -0.0999994
    endloop
  endfacet
  facet normal 0 0 -1
    outer loop
      vertex -0.244699 -0.449599 -0.0999994
      vertex -0.243999 -0.4514 -0.0999994
      vertex -0.244599 -0.45035 -0.0999994
    endloop
  endfacet
  facet normal 0 0 -1
    outer loop
      vertex -0.24725 -0.405299 -0.0999994
      vertex -0.243999 -0.4514 -0.0999994
      vertex -0.244699 -0.449599 -0.0999994
    endloop
  endfacet
  facet normal 0 0 -1
    outer loop
      vertex -0.2379 -0.37385 -0.0999994
      vertex -0.246249 -0.3979 -0.0999994
      vertex -0.241099 -0.37925 -0.0999994
    endloop
  endfacet
  facet normal 0 0 -1
    outer loop
      vertex -0.241099 -0.37925 -0.0999994
      vertex -0.246249 -0.3979 -0.0999994
      vertex -0.244849 -0.3855 -0.0999994
    endloop
  endfacet
  facet normal 0 0 -1
    outer loop
      vertex -0.24725 -0.405299 -0.0999994
      vertex -0.244699 -0.449599 -0.0999994
      vertex -0.2455 -0.447399 -0.0999994
    endloop
  endfacet
  facet normal 0 0 -1
    outer loop
      vertex -0.2462 -0.4456 -0.0999994
      vertex -0.2455 -0.447399 -0.0999994
      vertex -0.246099 -0.446349 -0.0999994
    endloop
  endfacet
  facet normal 0 0 -1
    outer loop
      vertex -0.24725 -0.405299 -0.0999994
      vertex -0.2455 -0.447399 -0.0999994
      vertex -0.2462 -0.4456 -0.0999994
    endloop
  endfacet
  facet normal 0 0 -1
    outer loop
      vertex -0.244849 -0.3855 -0.0999994
      vertex -0.246249 -0.3979 -0.0999994
      vertex -0.24525 -0.38625 -0.0999994
    endloop
  endfacet
  facet normal 0 0 -1
    outer loop
      vertex -0.24525 -0.38625 -0.0999994
      vertex -0.246249 -0.3979 -0.0999994
      vertex -0.2463 -0.38765 -0.0999994
    endloop
  endfacet
  facet normal 0 0 -1
    outer loop
      vertex -0.240849 0.43765 -0.0999994
      vertex -0.241249 0.433299 -0.0999994
      vertex -0.2413 0.4373 -0.0999994
    endloop
  endfacet
  facet normal -0 0 -1
    outer loop
      vertex -0.244849 -0.3855 -0.0999994
      vertex -0.24525 -0.38625 -0.0999994
      vertex -0.24525 -0.3855 -0.0999994
    endloop
  endfacet
  facet normal 0 0 -1
    outer loop
      vertex -0.246949 0.3769 -0.0999994
      vertex -0.246249 0.372649 -0.0999994
      vertex -0.246599 0.37305 -0.0999994
    endloop
  endfacet
  facet normal 0 0 -1
    outer loop
      vertex -0.24725 0.38005 -0.0999994
      vertex -0.246249 0.372649 -0.0999994
      vertex -0.246949 0.3769 -0.0999994
    endloop
  endfacet
  facet normal 0 0 -1
    outer loop
      vertex -0.24725 0.38005 -0.0999994
      vertex -0.246949 0.3769 -0.0999994
      vertex -0.24725 0.37865 -0.0999994
    endloop
  endfacet
  facet normal 0 0 -1
    outer loop
      vertex -0.244699 0.424399 -0.0999994
      vertex -0.248249 0.398649 -0.0999994
      vertex -0.2455 0.42215 -0.0999994
    endloop
  endfacet
  facet normal 0 0 -1
    outer loop
      vertex -0.2477 0.381399 -0.0999994
      vertex -0.24725 0.38005 -0.0999994
      vertex -0.2476 0.38065 -0.0999994
    endloop
  endfacet
  facet normal 0 0 -1
    outer loop
      vertex -0.24725 0.38005 -0.0999994
      vertex -0.2477 0.381399 -0.0999994
      vertex -0.247749 0.38355 -0.0999994
    endloop
  endfacet
  facet normal 0 0 -1
    outer loop
      vertex -0.248249 0.398649 -0.0999994
      vertex -0.24725 0.38005 -0.0999994
      vertex -0.247749 0.38355 -0.0999994
    endloop
  endfacet
  facet normal 0 0 -1
    outer loop
      vertex -0.24815 0.384999 -0.0999994
      vertex -0.247749 0.38355 -0.0999994
      vertex -0.248099 0.38415 -0.0999994
    endloop
  endfacet
  facet normal 0 0 -1
    outer loop
      vertex -0.247749 0.38355 -0.0999994
      vertex -0.24815 0.384999 -0.0999994
      vertex -0.248249 0.398649 -0.0999994
    endloop
  endfacet
  facet normal 0 0 -1
    outer loop
      vertex -0.2455 0.42215 -0.0999994
      vertex -0.248249 0.398649 -0.0999994
      vertex -0.2462 0.4204 -0.0999994
    endloop
  endfacet
  facet normal 0 0 -1
    outer loop
      vertex -0.248899 0.407399 -0.0999994
      vertex -0.2462 0.4204 -0.0999994
      vertex -0.248249 0.398649 -0.0999994
    endloop
  endfacet
  facet normal 0 0 -1
    outer loop
      vertex -0.248899 0.407399 -0.0999994
      vertex -0.248249 0.398649 -0.0999994
      vertex -0.248599 0.398999 -0.0999994
    endloop
  endfacet
  facet normal 0 0 -1
    outer loop
      vertex -0.2462 0.4204 -0.0999994
      vertex -0.248899 0.407399 -0.0999994
      vertex -0.248249 0.415 -0.0999994
    endloop
  endfacet
  facet normal 0 0 -1
    outer loop
      vertex -0.2492 0.410899 -0.0999994
      vertex -0.248249 0.415 -0.0999994
      vertex -0.248899 0.407399 -0.0999994
    endloop
  endfacet
  facet normal 0 0 -1
    outer loop
      vertex -0.248249 0.415 -0.0999994
      vertex -0.2492 0.410899 -0.0999994
      vertex -0.249399 0.41185 -0.0999994
    endloop
  endfacet
  facet normal 0 0 -1
    outer loop
      vertex -0.246949 -0.4021 -0.0999994
      vertex -0.24725 -0.405299 -0.0999994
      vertex -0.24725 -0.40385 -0.0999994
    endloop
  endfacet
  facet normal 0 0 -1
    outer loop
      vertex -0.24725 -0.405299 -0.0999994
      vertex -0.247749 -0.408099 -0.0999994
      vertex -0.2476 -0.405849 -0.0999994
    endloop
  endfacet
  facet normal 0 0 -1
    outer loop
      vertex -0.427349 -0.0414991 -0.0999994
      vertex -0.428249 -0.0421991 -0.0999994
      vertex -0.428249 -0.0417995 -0.0999994
    endloop
  endfacet
  facet normal 0 0 -1
    outer loop
      vertex -0.457049 -0.0805998 -0.0999994
      vertex -0.457749 -0.0827494 -0.0999994
      vertex -0.457749 -0.0822496 -0.0999994
    endloop
  endfacet
  facet normal 0 0 -1
    outer loop
      vertex -0.4577 0.212299 -0.0999994
      vertex -0.46025 0.206499 -0.0999994
      vertex -0.46025 0.20675 -0.0999994
    endloop
  endfacet
  facet normal 0 0 -1
    outer loop
      vertex -0.0643997 0.0351496 -0.0999994
      vertex -0.0647497 0.0523996 -0.0999994
      vertex -0.0632992 0.0378494 -0.0999994
    endloop
  endfacet
  facet normal 0 0 -1
    outer loop
      vertex -0.0667496 0.0278997 -0.0999994
      vertex -0.0647497 0.0523996 -0.0999994
      vertex -0.0643997 0.0351496 -0.0999994
    endloop
  endfacet
  facet normal 0 0 -1
    outer loop
      vertex -0.0647497 0.0523996 -0.0999994
      vertex -0.0719995 0.0717993 -0.0999994
      vertex -0.06565 0.0614491 -0.0999994
    endloop
  endfacet
  facet normal -0 0 -1
    outer loop
      vertex -0.0647497 0.0523996 -0.0999994
      vertex -0.0667496 0.0278997 -0.0999994
      vertex -0.0719995 0.0717993 -0.0999994
    endloop
  endfacet
  facet normal 0 0 -1
    outer loop
      vertex -0.0880995 -0.00394917 -0.0999994
      vertex -0.0667496 0.0278997 -0.0999994
      vertex -0.0716 0.0124998 -0.0999994
    endloop
  endfacet
  facet normal 0 0 -1
    outer loop
      vertex -0.06565 0.0614491 -0.0999994
      vertex -0.0719995 0.0717993 -0.0999994
      vertex -0.0657997 0.0625 -0.0999994
    endloop
  endfacet
  facet normal 0 0 -1
    outer loop
      vertex -0.0724497 0.0753994 -0.0999994
      vertex -0.0719995 0.0731497 -0.0999994
      vertex -0.0719995 0.0717993 -0.0999994
    endloop
  endfacet
  facet normal 0 0 -1
    outer loop
      vertex -0.1045 -0.0123491 -0.0999994
      vertex -0.0667496 0.0278997 -0.0999994
      vertex -0.0880995 -0.00394917 -0.0999994
    endloop
  endfacet
  facet normal -0 0 -1
    outer loop
      vertex -0.0667496 0.0278997 -0.0999994
      vertex -0.1045 -0.0123491 -0.0999994
      vertex -0.0719995 0.0717993 -0.0999994
    endloop
  endfacet
  facet normal 0 0 -1
    outer loop
      vertex -0.0719995 0.0731497 -0.0999994
      vertex -0.0724497 0.0753994 -0.0999994
      vertex -0.0721493 0.0746498 -0.0999994
    endloop
  endfacet
  facet normal 0 0 -1
    outer loop
      vertex -0.207749 0.0325994 -0.0999994
      vertex -0.0719995 0.0717993 -0.0999994
      vertex -0.1045 -0.0123491 -0.0999994
    endloop
  endfacet
  facet normal 0 0 -1
    outer loop
      vertex -0.0724497 0.0753994 -0.0999994
      vertex -0.0734491 0.0818996 -0.0999994
      vertex -0.07265 0.0769997 -0.0999994
    endloop
  endfacet
  facet normal 0 0 -1
    outer loop
      vertex -0.07265 0.0769997 -0.0999994
      vertex -0.0734491 0.0818996 -0.0999994
      vertex -0.0730991 0.0804996 -0.0999994
    endloop
  endfacet
  facet normal 0 0 -1
    outer loop
      vertex -0.0730991 0.0804996 -0.0999994
      vertex -0.0734491 0.0818996 -0.0999994
      vertex -0.0731497 0.0811491 -0.0999994
    endloop
  endfacet
  facet normal -0 0 -1
    outer loop
      vertex -0.0719995 0.0717993 -0.0999994
      vertex -0.207749 0.0325994 -0.0999994
      vertex -0.0724497 0.0753994 -0.0999994
    endloop
  endfacet
  facet normal 0 0 -1
    outer loop
      vertex -0.0734491 0.0818996 -0.0999994
      vertex -0.0799999 0.104549 -0.0999994
      vertex -0.0736494 0.0834999 -0.0999994
    endloop
  endfacet
  facet normal 0 0 -1
    outer loop
      vertex -0.0736494 0.0834999 -0.0999994
      vertex -0.0799999 0.104549 -0.0999994
      vertex -0.0738993 0.0852499 -0.0999994
    endloop
  endfacet
  facet normal 0 0 -1
    outer loop
      vertex -0.0738993 0.0852499 -0.0999994
      vertex -0.0741997 0.0871496 -0.0999994
      vertex -0.0739498 0.0861492 -0.0999994
    endloop
  endfacet
  facet normal 0 0 -1
    outer loop
      vertex -0.0738993 0.0852499 -0.0999994
      vertex -0.0799999 0.104549 -0.0999994
      vertex -0.0741997 0.0871496 -0.0999994
    endloop
  endfacet
  facet normal -0 0 -1
    outer loop
      vertex -0.0793991 -0.1271 -0.0999994
      vertex -0.0800495 -0.129299 -0.0999994
      vertex -0.0795498 -0.1263 -0.0999994
    endloop
  endfacet
  facet normal -0 0 -1
    outer loop
      vertex -0.0788994 -0.1241 -0.0999994
      vertex -0.0795498 -0.1263 -0.0999994
      vertex -0.0789995 -0.123699 -0.0999994
    endloop
  endfacet
  facet normal -0 0 -1
    outer loop
      vertex -0.0783997 -0.121599 -0.0999994
      vertex -0.0789995 -0.123699 -0.0999994
      vertex -0.0785494 -0.120799 -0.0999994
    endloop
  endfacet
  facet normal -0 0 -1
    outer loop
      vertex -0.0778999 -0.1186 -0.0999994
      vertex -0.0785494 -0.120799 -0.0999994
      vertex -0.0779991 -0.118199 -0.0999994
    endloop
  endfacet
  facet normal 0 0 -1
    outer loop
      vertex -0.0779991 -0.118199 -0.0999994
      vertex -0.0774994 -0.116349 -0.0999994
      vertex -0.0776491 -0.11735 -0.0999994
    endloop
  endfacet
  facet normal -0 0 -1
    outer loop
      vertex -0.0754995 -0.10185 -0.0999994
      vertex -0.0756493 -0.10275 -0.0999994
      vertex -0.0754995 -0.100499 -0.0999994
    endloop
  endfacet
  facet normal 0 0 -1
    outer loop
      vertex -0.0692997 -0.0919991 -0.0999994
      vertex -0.066 -0.0860996 -0.0999994
      vertex -0.066 -0.0873499 -0.0999994
    endloop
  endfacet
  facet normal -0 0 -1
    outer loop
      vertex -0.066 -0.0860996 -0.0999994
      vertex -0.0692997 -0.0919991 -0.0999994
      vertex -0.0684996 -0.0430994 -0.0999994
    endloop
  endfacet
  facet normal 0 0 -1
    outer loop
      vertex -0.0754995 -0.100499 -0.0999994
      vertex -0.0684996 -0.0430994 -0.0999994
      vertex -0.0692997 -0.0919991 -0.0999994
    endloop
  endfacet
  facet normal 0 0 -1
    outer loop
      vertex -0.1045 -0.0128498 -0.0999994
      vertex -0.0684996 -0.0430994 -0.0999994
      vertex -0.0754995 -0.100499 -0.0999994
    endloop
  endfacet
  facet normal 0 0 -1
    outer loop
      vertex -0.2085 -0.0583496 -0.0999994
      vertex -0.0756493 -0.10275 -0.0999994
      vertex -0.0766497 -0.110749 -0.0999994
    endloop
  endfacet
  facet normal 0 0 -1
    outer loop
      vertex -0.0785494 -0.120799 -0.0999994
      vertex -0.2085 -0.0583496 -0.0999994
      vertex -0.0774994 -0.115199 -0.0999994
    endloop
  endfacet
  facet normal 0 0 -1
    outer loop
      vertex -0.0774994 -0.115199 -0.0999994
      vertex -0.0766497 -0.110749 -0.0999994
      vertex -0.0769491 -0.113099 -0.0999994
    endloop
  endfacet
  facet normal 0 0 -1
    outer loop
      vertex -0.0795498 -0.1263 -0.0999994
      vertex -0.2085 -0.0583496 -0.0999994
      vertex -0.0785494 -0.120799 -0.0999994
    endloop
  endfacet
  facet normal -0 0 -1
    outer loop
      vertex -0.0774994 -0.116349 -0.0999994
      vertex -0.0779991 -0.118199 -0.0999994
      vertex -0.0774994 -0.115199 -0.0999994
    endloop
  endfacet
  facet normal 0 0 -1
    outer loop
      vertex -0.0785494 -0.120799 -0.0999994
      vertex -0.0774994 -0.115199 -0.0999994
      vertex -0.0779991 -0.118199 -0.0999994
    endloop
  endfacet
  facet normal 0 0 -1
    outer loop
      vertex -0.2085 -0.0583496 -0.0999994
      vertex -0.0795498 -0.1263 -0.0999994
      vertex -0.161249 -0.186199 -0.0999994
    endloop
  endfacet
  facet normal 0 0 -1
    outer loop
      vertex -0.0795498 -0.1263 -0.0999994
      vertex -0.0785494 -0.120799 -0.0999994
      vertex -0.0789995 -0.123699 -0.0999994
    endloop
  endfacet
  facet normal -0 0 -1
    outer loop
      vertex -0.0800495 -0.129299 -0.0999994
      vertex -0.161249 -0.186199 -0.0999994
      vertex -0.0795498 -0.1263 -0.0999994
    endloop
  endfacet
  facet normal -0 0 -1
    outer loop
      vertex -0.0798492 -0.12995 -0.0999994
      vertex -0.161249 -0.186199 -0.0999994
      vertex -0.0800495 -0.129299 -0.0999994
    endloop
  endfacet
  facet normal 0 0 -1
    outer loop
      vertex -0.0684996 -0.0430994 -0.0999994
      vertex -0.1045 -0.0128498 -0.0999994
      vertex -0.0884991 -0.0197496 -0.0999994
    endloop
  endfacet
  facet normal -0 0 -1
    outer loop
      vertex -0.0627995 -0.0627995 -0.0999994
      vertex -0.066 -0.0860996 -0.0999994
      vertex -0.0684996 -0.0430994 -0.0999994
    endloop
  endfacet
  facet normal 0 0 -1
    outer loop
      vertex -0.23275 -0.4873 -0.0999994
      vertex -0.0262499 -0.4878 -0.0999994
      vertex -0.0262499 -0.5 -0.0999994
    endloop
  endfacet
  facet normal 0 0 -1
    outer loop
      vertex -0.0224991 -0.4828 -0.0999994
      vertex -0.2379 -0.37385 -0.0999994
      vertex -0.0328493 -0.31825 -0.0999994
    endloop
  endfacet
  facet normal 0 -0 -1
    outer loop
      vertex -0.237 -0.3706 -0.0999994
      vertex -0.0328493 -0.31825 -0.0999994
      vertex -0.2379 -0.37385 -0.0999994
    endloop
  endfacet
  facet normal 0 -0 -1
    outer loop
      vertex -0.0373993 -0.31285 -0.0999994
      vertex -0.0328493 -0.31825 -0.0999994
      vertex -0.237 -0.3706 -0.0999994
    endloop
  endfacet
  facet normal 0 0 -1
    outer loop
      vertex -0.0328493 -0.31825 -0.0999994
      vertex -0.0373993 -0.31285 -0.0999994
      vertex -0.0367994 -0.313499 -0.0999994
    endloop
  endfacet
  facet normal 0 -0 -1
    outer loop
      vertex -0.228749 -0.3286 -0.0999994
      vertex -0.0373993 -0.31285 -0.0999994
      vertex -0.235399 -0.363099 -0.0999994
    endloop
  endfacet
  facet normal 0 0 -1
    outer loop
      vertex -0.0306997 -0.119499 -0.0999994
      vertex -0.0460997 -0.115849 -0.0999994
      vertex -0.0375996 -0.11545 -0.0999994
    endloop
  endfacet
  facet normal 0 -0 -1
    outer loop
      vertex -0.212799 -0.292299 -0.0999994
      vertex -0.0373993 -0.31285 -0.0999994
      vertex -0.228749 -0.3286 -0.0999994
    endloop
  endfacet
  facet normal 0 0 -1
    outer loop
      vertex -0.0460997 -0.115849 -0.0999994
      vertex -0.0798492 -0.12995 -0.0999994
      vertex -0.0626497 -0.117 -0.0999994
    endloop
  endfacet
  facet normal 0 0 -1
    outer loop
      vertex -0.0379496 -0.26285 -0.0999994
      vertex -0.165199 -0.215249 -0.0999994
      vertex -0.1647 -0.21375 -0.0999994
    endloop
  endfacet
  facet normal 0 0 -1
    outer loop
      vertex -0.0700998 -0.0376492 -0.0999994
      vertex -0.0884991 -0.0197496 -0.0999994
      vertex -0.0879993 -0.0197496 -0.0999994
    endloop
  endfacet
  facet normal 0 0 -1
    outer loop
      vertex -0.0684996 -0.0430994 -0.0999994
      vertex -0.0884991 -0.0197496 -0.0999994
      vertex -0.0700998 -0.0376492 -0.0999994
    endloop
  endfacet
  facet normal 0 0 -1
    outer loop
      vertex -0.0379496 -0.26285 -0.0999994
      vertex -0.1647 -0.21375 -0.0999994
      vertex -0.1642 -0.2105 -0.0999994
    endloop
  endfacet
  facet normal 0 0 -1
    outer loop
      vertex -0.0756493 -0.10275 -0.0999994
      vertex -0.2085 -0.0583496 -0.0999994
      vertex -0.0754995 -0.100499 -0.0999994
    endloop
  endfacet
  facet normal 0 0 -1
    outer loop
      vertex -0.0774994 -0.115199 -0.0999994
      vertex -0.2085 -0.0583496 -0.0999994
      vertex -0.0766497 -0.110749 -0.0999994
    endloop
  endfacet
  facet normal 0 0 -1
    outer loop
      vertex -0.161249 -0.186199 -0.0999994
      vertex -0.0798492 -0.12995 -0.0999994
      vertex -0.161249 -0.1895 -0.0999994
    endloop
  endfacet
  facet normal 0 0 -1
    outer loop
      vertex -0.0374994 -0.262349 -0.0999994
      vertex -0.161699 -0.193 -0.0999994
      vertex -0.0798492 -0.12995 -0.0999994
    endloop
  endfacet
  facet normal 0 0 -1
    outer loop
      vertex -0.161699 -0.193 -0.0999994
      vertex -0.1627 -0.199249 -0.0999994
      vertex -0.16225 -0.195999 -0.0999994
    endloop
  endfacet
  facet normal 0 -0 -1
    outer loop
      vertex -0.161249 -0.1895 -0.0999994
      vertex -0.0798492 -0.12995 -0.0999994
      vertex -0.161699 -0.193 -0.0999994
    endloop
  endfacet
  facet normal 0 0 -1
    outer loop
      vertex -0.0374994 -0.262349 -0.0999994
      vertex -0.1627 -0.199249 -0.0999994
      vertex -0.161699 -0.193 -0.0999994
    endloop
  endfacet
  facet normal 0 0 -1
    outer loop
      vertex -0.0374994 -0.262349 -0.0999994
      vertex -0.163199 -0.2035 -0.0999994
      vertex -0.1627 -0.199249 -0.0999994
    endloop
  endfacet
  facet normal 0 0 -1
    outer loop
      vertex -0.0379496 -0.26285 -0.0999994
      vertex -0.163699 -0.207 -0.0999994
      vertex -0.163199 -0.2035 -0.0999994
    endloop
  endfacet
  facet normal 0 0 -1
    outer loop
      vertex -0.0379496 -0.26285 -0.0999994
      vertex -0.1642 -0.2105 -0.0999994
      vertex -0.163699 -0.207 -0.0999994
    endloop
  endfacet
  facet normal 0 -0 -1
    outer loop
      vertex -0.1839 -0.237599 -0.0999994
      vertex -0.0432997 -0.2877 -0.0999994
      vertex -0.18785 -0.244849 -0.0999994
    endloop
  endfacet
  facet normal 0 0 -1
    outer loop
      vertex -0.0432997 -0.2877 -0.0999994
      vertex -0.1839 -0.237599 -0.0999994
      vertex -0.165199 -0.215249 -0.0999994
    endloop
  endfacet
  facet normal 0 0 -1
    outer loop
      vertex -0.0432997 -0.2877 -0.0999994
      vertex -0.2083 -0.283099 -0.0999994
      vertex -0.18785 -0.244849 -0.0999994
    endloop
  endfacet
  facet normal 0 -0 -1
    outer loop
      vertex -0.1929 -0.2505 -0.0999994
      vertex -0.18785 -0.244849 -0.0999994
      vertex -0.2083 -0.283099 -0.0999994
    endloop
  endfacet
  facet normal 0 0 -1
    outer loop
      vertex -0.18785 -0.244849 -0.0999994
      vertex -0.1929 -0.2505 -0.0999994
      vertex -0.188649 -0.2456 -0.0999994
    endloop
  endfacet
  facet normal 0 -0 -1
    outer loop
      vertex -0.20655 -0.27485 -0.0999994
      vertex -0.1929 -0.2505 -0.0999994
      vertex -0.2083 -0.283099 -0.0999994
    endloop
  endfacet
  facet normal 0 -0 -1
    outer loop
      vertex -0.204 -0.263599 -0.0999994
      vertex -0.20245 -0.2611 -0.0999994
      vertex -0.20575 -0.2715 -0.0999994
    endloop
  endfacet
  facet normal 0 0 -1
    outer loop
      vertex -0.20245 -0.2611 -0.0999994
      vertex -0.204 -0.263599 -0.0999994
      vertex -0.20375 -0.26275 -0.0999994
    endloop
  endfacet
  facet normal 0 0 -1
    outer loop
      vertex -0.1929 -0.2505 -0.0999994
      vertex -0.20575 -0.2715 -0.0999994
      vertex -0.20245 -0.2611 -0.0999994
    endloop
  endfacet
  facet normal 0 -0 -1
    outer loop
      vertex -0.20575 -0.2715 -0.0999994
      vertex -0.1929 -0.2505 -0.0999994
      vertex -0.20655 -0.27485 -0.0999994
    endloop
  endfacet
  facet normal 0 0 -1
    outer loop
      vertex -0.0427494 -0.2899 -0.0999994
      vertex -0.2083 -0.283099 -0.0999994
      vertex -0.0432997 -0.2877 -0.0999994
    endloop
  endfacet
  facet normal 0 0 -1
    outer loop
      vertex -0.0379992 -0.310849 -0.0999994
      vertex -0.2083 -0.283099 -0.0999994
      vertex -0.0427494 -0.2899 -0.0999994
    endloop
  endfacet
  facet normal 0 0 -1
    outer loop
      vertex -0.212799 -0.292299 -0.0999994
      vertex -0.228749 -0.3286 -0.0999994
      vertex -0.214499 -0.294499 -0.0999994
    endloop
  endfacet
  facet normal 0 -0 -1
    outer loop
      vertex -0.2161 -0.29665 -0.0999994
      vertex -0.214499 -0.294499 -0.0999994
      vertex -0.228749 -0.3286 -0.0999994
    endloop
  endfacet
  facet normal 0 0 -1
    outer loop
      vertex -0.214499 -0.294499 -0.0999994
      vertex -0.2161 -0.29665 -0.0999994
      vertex -0.214649 -0.2946 -0.0999994
    endloop
  endfacet
  facet normal 0 0 -1
    outer loop
      vertex -0.2161 -0.29665 -0.0999994
      vertex -0.228499 -0.317349 -0.0999994
      vertex -0.228299 -0.3125 -0.0999994
    endloop
  endfacet
  facet normal 0 0 -1
    outer loop
      vertex -0.228749 -0.320999 -0.0999994
      vertex -0.2161 -0.29665 -0.0999994
      vertex -0.228749 -0.3286 -0.0999994
    endloop
  endfacet
  facet normal 0 0 -1
    outer loop
      vertex -0.23275 -0.4873 -0.0999994
      vertex -0.0262499 -0.5 -0.0999994
      vertex -0.23275 -0.5 -0.0999994
    endloop
  endfacet
  facet normal 0 0 -1
    outer loop
      vertex -0.0262499 -0.4878 -0.0999994
      vertex -0.23275 -0.4873 -0.0999994
      vertex -0.235749 -0.4745 -0.0999994
    endloop
  endfacet
  facet normal 0 -0 -1
    outer loop
      vertex -0.2083 -0.283099 -0.0999994
      vertex -0.0379992 -0.310849 -0.0999994
      vertex -0.212799 -0.292299 -0.0999994
    endloop
  endfacet
  facet normal 0 -0 -1
    outer loop
      vertex -0.23525 -0.35885 -0.0999994
      vertex -0.228749 -0.3286 -0.0999994
      vertex -0.235399 -0.363099 -0.0999994
    endloop
  endfacet
  facet normal 0 0 -1
    outer loop
      vertex -0.228749 -0.3286 -0.0999994
      vertex -0.23525 -0.35885 -0.0999994
      vertex -0.233049 -0.3376 -0.0999994
    endloop
  endfacet
  facet normal 0 0 -1
    outer loop
      vertex -0.0262499 -0.4878 -0.0999994
      vertex -0.235749 -0.4745 -0.0999994
      vertex -0.237749 -0.46635 -0.0999994
    endloop
  endfacet
  facet normal 0 0 -1
    outer loop
      vertex -0.0373993 -0.31285 -0.0999994
      vertex -0.212799 -0.292299 -0.0999994
      vertex -0.0379992 -0.310849 -0.0999994
    endloop
  endfacet
  facet normal 0 0 -1
    outer loop
      vertex -0.235399 -0.363099 -0.0999994
      vertex -0.237 -0.3706 -0.0999994
      vertex -0.236199 -0.366349 -0.0999994
    endloop
  endfacet
  facet normal 0 0 -1
    outer loop
      vertex -0.0262499 -0.4878 -0.0999994
      vertex -0.237749 -0.46635 -0.0999994
      vertex -0.2379 -0.37385 -0.0999994
    endloop
  endfacet
  facet normal 0 -0 -1
    outer loop
      vertex -0.235399 -0.363099 -0.0999994
      vertex -0.0373993 -0.31285 -0.0999994
      vertex -0.237 -0.3706 -0.0999994
    endloop
  endfacet
  facet normal 0 0 -1
    outer loop
      vertex -0.241249 -0.458549 -0.0999994
      vertex -0.237749 -0.46635 -0.0999994
      vertex -0.2391 -0.465099 -0.0999994
    endloop
  endfacet
  facet normal 0 0 -1
    outer loop
      vertex -0.241249 -0.458549 -0.0999994
      vertex -0.2391 -0.465099 -0.0999994
      vertex -0.240849 -0.46285 -0.0999994
    endloop
  endfacet
  facet normal 0 0 -1
    outer loop
      vertex -0.24725 -0.405299 -0.0999994
      vertex -0.237749 -0.46635 -0.0999994
      vertex -0.241249 -0.458549 -0.0999994
    endloop
  endfacet
  facet normal 0 0 -1
    outer loop
      vertex -0.243199 -0.4536 -0.0999994
      vertex -0.241249 -0.458549 -0.0999994
      vertex -0.243099 -0.45435 -0.0999994
    endloop
  endfacet
  facet normal 0 -0 -1
    outer loop
      vertex -0.241249 -0.458549 -0.0999994
      vertex -0.240849 -0.46285 -0.0999994
      vertex -0.2413 -0.462549 -0.0999994
    endloop
  endfacet
  facet normal 0 0 1
    outer loop
      vertex -0.327 0.2385 0.0999994
      vertex -0.327749 0.2385 0.0999994
      vertex -0.327 0.23805 0.0999994
    endloop
  endfacet
  facet normal 0 0 1
    outer loop
      vertex -0.000499725 0.43415 0.0999994
      vertex -0.00094986 0.4373 0.0999994
      vertex -0.000499725 0.433749 0.0999994
    endloop
  endfacet
  facet normal -0 0 1
    outer loop
      vertex 0.0126991 -0.379999 0.0999994
      vertex 0.0127497 -0.421749 0.0999994
      vertex 0.0149498 -0.37435 0.0999994
    endloop
  endfacet
  facet normal -0 0 1
    outer loop
      vertex 0.0120497 -0.379999 0.0999994
      vertex 0.0127497 -0.421749 0.0999994
      vertex 0.0126991 -0.379999 0.0999994
    endloop
  endfacet
  facet normal 0 0 1
    outer loop
      vertex 0.0120497 -0.379999 0.0999994
      vertex 0.0119991 -0.421749 0.0999994
      vertex 0.0127497 -0.421749 0.0999994
    endloop
  endfacet
  facet normal 0 0 1
    outer loop
      vertex 0.00979996 -0.37435 0.0999994
      vertex 0.0119991 -0.421749 0.0999994
      vertex 0.0120497 -0.379999 0.0999994
    endloop
  endfacet
  facet normal 0 0 1
    outer loop
      vertex -0.00789928 -0.348849 0.0999994
      vertex 0.0119991 -0.421749 0.0999994
      vertex 0.00979996 -0.37435 0.0999994
    endloop
  endfacet
  facet normal 0 -0 1
    outer loop
      vertex -0.00304985 -0.45305 0.0999994
      vertex 0.0119991 -0.421749 0.0999994
      vertex -0.00789928 -0.348849 0.0999994
    endloop
  endfacet
  facet normal 0 0 1
    outer loop
      vertex 0.0119991 -0.4225 0.0999994
      vertex 0.0064497 -0.440149 0.0999994
      vertex 0.00849915 -0.43685 0.0999994
    endloop
  endfacet
  facet normal 0 0 1
    outer loop
      vertex 0.00849915 -0.43685 0.0999994
      vertex 0.0064497 -0.440149 0.0999994
      vertex 0.00774956 -0.43835 0.0999994
    endloop
  endfacet
  facet normal 0 0 1
    outer loop
      vertex 0.00194931 -0.359349 0.0999994
      vertex 0.00979996 -0.37435 0.0999994
      vertex 0.00599957 -0.36525 0.0999994
    endloop
  endfacet
  facet normal 0 0 1
    outer loop
      vertex 0.00194931 -0.359349 0.0999994
      vertex 0.00599957 -0.36525 0.0999994
      vertex 0.00504971 -0.362849 0.0999994
    endloop
  endfacet
  facet normal 0 0 1
    outer loop
      vertex -0.00789928 -0.348849 0.0999994
      vertex 0.00979996 -0.37435 0.0999994
      vertex 0.00194931 -0.359349 0.0999994
    endloop
  endfacet
  facet normal 0 -0 1
    outer loop
      vertex 0.0064497 -0.440149 0.0999994
      vertex 0.0119991 -0.421749 0.0999994
      vertex -0.00304985 -0.45305 0.0999994
    endloop
  endfacet
  facet normal 0 0 1
    outer loop
      vertex 0.0119991 -0.421749 0.0999994
      vertex 0.0064497 -0.440149 0.0999994
      vertex 0.0119991 -0.4225 0.0999994
    endloop
  endfacet
  facet normal 0 0 1
    outer loop
      vertex -0.0128994 -0.343349 0.0999994
      vertex -0.00304985 -0.45305 0.0999994
      vertex -0.00789928 -0.348849 0.0999994
    endloop
  endfacet
  facet normal 0 0 1
    outer loop
      vertex -0.0199499 -0.47975 0.0999994
      vertex -0.00304985 -0.45305 0.0999994
      vertex -0.0128994 -0.343349 0.0999994
    endloop
  endfacet
  facet normal 0 -0 1
    outer loop
      vertex -0.0040493 -0.459299 0.0999994
      vertex -0.00304985 -0.45305 0.0999994
      vertex -0.0138998 -0.472349 0.0999994
    endloop
  endfacet
  facet normal 0 0 1
    outer loop
      vertex -0.0040493 -0.459299 0.0999994
      vertex -0.0138998 -0.472349 0.0999994
      vertex -0.00429916 -0.4619 0.0999994
    endloop
  endfacet
  facet normal 0 0 1
    outer loop
      vertex -0.00304985 -0.45305 0.0999994
      vertex -0.0040493 -0.459299 0.0999994
      vertex -0.00344944 -0.4571 0.0999994
    endloop
  endfacet
  facet normal 0 0 1
    outer loop
      vertex -0.00429916 -0.4619 0.0999994
      vertex -0.0138998 -0.472349 0.0999994
      vertex -0.0043993 -0.462749 0.0999994
    endloop
  endfacet
  facet normal 0 0 1
    outer loop
      vertex -0.00304985 -0.45305 0.0999994
      vertex -0.0159998 -0.47495 0.0999994
      vertex -0.0138998 -0.472349 0.0999994
    endloop
  endfacet
  facet normal 0 0 1
    outer loop
      vertex -0.0224991 -0.4828 0.0999994
      vertex -0.0128994 -0.343349 0.0999994
      vertex -0.0163498 -0.33785 0.0999994
    endloop
  endfacet
  facet normal 0 0 1
    outer loop
      vertex -0.00304985 -0.45305 0.0999994
      vertex -0.0199499 -0.47975 0.0999994
      vertex -0.0159998 -0.47495 0.0999994
    endloop
  endfacet
  facet normal 0 0 1
    outer loop
      vertex -0.0159998 -0.47495 0.0999994
      vertex -0.0166998 -0.4759 0.0999994
      vertex -0.0159998 -0.4752 0.0999994
    endloop
  endfacet
  facet normal 0 -0 1
    outer loop
      vertex -0.0190992 -0.4788 0.0999994
      vertex -0.0159998 -0.47495 0.0999994
      vertex -0.0199499 -0.47975 0.0999994
    endloop
  endfacet
  facet normal 0 0 1
    outer loop
      vertex -0.0159998 -0.47495 0.0999994
      vertex -0.0190992 -0.4788 0.0999994
      vertex -0.0166998 -0.4759 0.0999994
    endloop
  endfacet
  facet normal 0 0 1
    outer loop
      vertex -0.0190992 -0.4788 0.0999994
      vertex -0.0199499 -0.47975 0.0999994
      vertex -0.0195999 -0.47975 0.0999994
    endloop
  endfacet
  facet normal 0 0 1
    outer loop
      vertex -0.0128994 -0.343349 0.0999994
      vertex -0.0224991 -0.4828 0.0999994
      vertex -0.0199499 -0.47975 0.0999994
    endloop
  endfacet
  facet normal 0 0 1
    outer loop
      vertex -0.0199499 -0.47975 0.0999994
      vertex -0.0224991 -0.4828 0.0999994
      vertex -0.0220995 -0.482599 0.0999994
    endloop
  endfacet
  facet normal 0 0 1
    outer loop
      vertex -0.0224991 -0.4828 0.0999994
      vertex -0.0249996 -0.485999 0.0999994
      vertex -0.0224991 -0.483199 0.0999994
    endloop
  endfacet
  facet normal 0 0 1
    outer loop
      vertex -0.0328493 -0.31825 0.0999994
      vertex -0.0224991 -0.4828 0.0999994
      vertex -0.0163498 -0.33785 0.0999994
    endloop
  endfacet
  facet normal -0 0 1
    outer loop
      vertex -0.2379 -0.37385 0.0999994
      vertex -0.0224991 -0.4828 0.0999994
      vertex -0.0328493 -0.31825 0.0999994
    endloop
  endfacet
  facet normal 0 0 1
    outer loop
      vertex -0.0224991 -0.4828 0.0999994
      vertex -0.2379 -0.37385 0.0999994
      vertex -0.0249996 -0.485999 0.0999994
    endloop
  endfacet
  facet normal 0 0 1
    outer loop
      vertex -0.0249996 -0.485999 0.0999994
      vertex -0.2379 -0.37385 0.0999994
      vertex -0.0262499 -0.4878 0.0999994
    endloop
  endfacet
  facet normal 0 0 1
    outer loop
      vertex -0.0373993 -0.31285 0.0999994
      vertex -0.0328493 -0.31825 0.0999994
      vertex -0.0367994 -0.313499 0.0999994
    endloop
  endfacet
  facet normal 0 0 1
    outer loop
      vertex -0.0328493 -0.31825 0.0999994
      vertex -0.0373993 -0.31285 0.0999994
      vertex -0.237 -0.3706 0.0999994
    endloop
  endfacet
  facet normal 0 0 1
    outer loop
      vertex -0.212799 -0.292299 0.0999994
      vertex -0.0373993 -0.31285 0.0999994
      vertex -0.0379992 -0.310849 0.0999994
    endloop
  endfacet
  facet normal 0 0 1
    outer loop
      vertex -0.2083 -0.283099 0.0999994
      vertex -0.0379992 -0.310849 0.0999994
      vertex -0.0427494 -0.2899 0.0999994
    endloop
  endfacet
  facet normal 0 0 1
    outer loop
      vertex -0.2083 -0.283099 0.0999994
      vertex -0.0427494 -0.2899 0.0999994
      vertex -0.0432997 -0.2877 0.0999994
    endloop
  endfacet
  facet normal -0 0 1
    outer loop
      vertex -0.1627 -0.199249 0.0999994
      vertex -0.0374994 -0.262349 0.0999994
      vertex -0.161699 -0.193 0.0999994
    endloop
  endfacet
  facet normal -0 0 1
    outer loop
      vertex -0.163199 -0.2035 0.0999994
      vertex -0.0374994 -0.262349 0.0999994
      vertex -0.1627 -0.199249 0.0999994
    endloop
  endfacet
  facet normal -0 0 1
    outer loop
      vertex -0.1642 -0.2105 0.0999994
      vertex -0.0379496 -0.26285 0.0999994
      vertex -0.163699 -0.207 0.0999994
    endloop
  endfacet
  facet normal 0 0 1
    outer loop
      vertex -0.161249 -0.186199 0.0999994
      vertex -0.0798492 -0.12995 0.0999994
      vertex -0.0800495 -0.129299 0.0999994
    endloop
  endfacet
  facet normal 0 0 1
    outer loop
      vertex -0.0766497 -0.110749 0.0999994
      vertex -0.210549 -0.0625496 0.0999994
      vertex -0.0774994 -0.115199 0.0999994
    endloop
  endfacet
  facet normal 0 0 1
    outer loop
      vertex -0.0774994 -0.115199 0.0999994
      vertex -0.210549 -0.0625496 0.0999994
      vertex -0.0785494 -0.120799 0.0999994
    endloop
  endfacet
  facet normal 0 0 1
    outer loop
      vertex -0.0785494 -0.120799 0.0999994
      vertex -0.210549 -0.0625496 0.0999994
      vertex -0.0795498 -0.1263 0.0999994
    endloop
  endfacet
  facet normal 0 0 1
    outer loop
      vertex -0.0798492 -0.12995 0.0999994
      vertex -0.161249 -0.186199 0.0999994
      vertex -0.161249 -0.1895 0.0999994
    endloop
  endfacet
  facet normal 0 0 1
    outer loop
      vertex -0.0798492 -0.12995 0.0999994
      vertex -0.161249 -0.1895 0.0999994
      vertex -0.161699 -0.193 0.0999994
    endloop
  endfacet
  facet normal 0 0 1
    outer loop
      vertex -0.0374994 -0.262349 0.0999994
      vertex -0.163199 -0.2035 0.0999994
      vertex -0.0379496 -0.26285 0.0999994
    endloop
  endfacet
  facet normal 0 0 1
    outer loop
      vertex -0.16225 -0.195999 0.0999994
      vertex -0.161699 -0.193 0.0999994
      vertex -0.16225 -0.193 0.0999994
    endloop
  endfacet
  facet normal 0 0 1
    outer loop
      vertex -0.1627 -0.199249 0.0999994
      vertex -0.161699 -0.193 0.0999994
      vertex -0.16225 -0.195999 0.0999994
    endloop
  endfacet
  facet normal -0 0 1
    outer loop
      vertex -0.163699 -0.207 0.0999994
      vertex -0.0379496 -0.26285 0.0999994
      vertex -0.163199 -0.2035 0.0999994
    endloop
  endfacet
  facet normal -0 0 1
    outer loop
      vertex -0.1647 -0.21375 0.0999994
      vertex -0.0379496 -0.26285 0.0999994
      vertex -0.1642 -0.2105 0.0999994
    endloop
  endfacet
  facet normal -0 0 1
    outer loop
      vertex -0.165199 -0.215249 0.0999994
      vertex -0.0379496 -0.26285 0.0999994
      vertex -0.1647 -0.21375 0.0999994
    endloop
  endfacet
  facet normal 0 0 1
    outer loop
      vertex -0.0379496 -0.26285 0.0999994
      vertex -0.165199 -0.215249 0.0999994
      vertex -0.0387497 -0.267099 0.0999994
    endloop
  endfacet
  facet normal 0 0 1
    outer loop
      vertex -0.0387497 -0.267099 0.0999994
      vertex -0.165199 -0.215249 0.0999994
      vertex -0.0432997 -0.2877 0.0999994
    endloop
  endfacet
  facet normal -0 0 1
    outer loop
      vertex -0.1839 -0.237599 0.0999994
      vertex -0.0432997 -0.2877 0.0999994
      vertex -0.165199 -0.215249 0.0999994
    endloop
  endfacet
  facet normal 0 0 1
    outer loop
      vertex -0.0432997 -0.2877 0.0999994
      vertex -0.1839 -0.237599 0.0999994
      vertex -0.18785 -0.244849 0.0999994
    endloop
  endfacet
  facet normal -0 0 1
    outer loop
      vertex -0.2083 -0.283099 0.0999994
      vertex -0.0432997 -0.2877 0.0999994
      vertex -0.18785 -0.244849 0.0999994
    endloop
  endfacet
  facet normal 0 0 1
    outer loop
      vertex -0.1929 -0.2505 0.0999994
      vertex -0.18785 -0.244849 0.0999994
      vertex -0.188649 -0.2456 0.0999994
    endloop
  endfacet
  facet normal 0 0 1
    outer loop
      vertex -0.18785 -0.244849 0.0999994
      vertex -0.1929 -0.2505 0.0999994
      vertex -0.2083 -0.283099 0.0999994
    endloop
  endfacet
  facet normal 0 0 1
    outer loop
      vertex -0.20575 -0.2715 0.0999994
      vertex -0.1929 -0.2505 0.0999994
      vertex -0.20245 -0.2611 0.0999994
    endloop
  endfacet
  facet normal 0 0 1
    outer loop
      vertex -0.204 -0.263599 0.0999994
      vertex -0.20245 -0.2611 0.0999994
      vertex -0.20375 -0.26275 0.0999994
    endloop
  endfacet
  facet normal 0 0 1
    outer loop
      vertex -0.20245 -0.2611 0.0999994
      vertex -0.204 -0.263599 0.0999994
      vertex -0.20575 -0.2715 0.0999994
    endloop
  endfacet
  facet normal 0 0 1
    outer loop
      vertex -0.1929 -0.2505 0.0999994
      vertex -0.20575 -0.2715 0.0999994
      vertex -0.20655 -0.27485 0.0999994
    endloop
  endfacet
  facet normal 0 0 1
    outer loop
      vertex -0.1929 -0.2505 0.0999994
      vertex -0.20655 -0.27485 0.0999994
      vertex -0.2083 -0.283099 0.0999994
    endloop
  endfacet
  facet normal 0 0 1
    outer loop
      vertex -0.0379992 -0.310849 0.0999994
      vertex -0.2083 -0.283099 0.0999994
      vertex -0.212799 -0.292299 0.0999994
    endloop
  endfacet
  facet normal 0 0 1
    outer loop
      vertex -0.0373993 -0.31285 0.0999994
      vertex -0.212799 -0.292299 0.0999994
      vertex -0.228749 -0.3286 0.0999994
    endloop
  endfacet
  facet normal 0 0 1
    outer loop
      vertex -0.228749 -0.3286 0.0999994
      vertex -0.212799 -0.292299 0.0999994
      vertex -0.214499 -0.294499 0.0999994
    endloop
  endfacet
  facet normal 0 0 1
    outer loop
      vertex -0.2161 -0.29665 0.0999994
      vertex -0.214499 -0.294499 0.0999994
      vertex -0.214649 -0.2946 0.0999994
    endloop
  endfacet
  facet normal 0 0 1
    outer loop
      vertex -0.214499 -0.294499 0.0999994
      vertex -0.2161 -0.29665 0.0999994
      vertex -0.228749 -0.3286 0.0999994
    endloop
  endfacet
  facet normal 0 0 1
    outer loop
      vertex -0.228499 -0.317349 0.0999994
      vertex -0.2161 -0.29665 0.0999994
      vertex -0.228299 -0.3125 0.0999994
    endloop
  endfacet
  facet normal 0 0 1
    outer loop
      vertex -0.228749 -0.320999 0.0999994
      vertex -0.2161 -0.29665 0.0999994
      vertex -0.228499 -0.317349 0.0999994
    endloop
  endfacet
  facet normal 0 0 1
    outer loop
      vertex -0.2161 -0.29665 0.0999994
      vertex -0.228749 -0.320999 0.0999994
      vertex -0.228749 -0.3286 0.0999994
    endloop
  endfacet
  facet normal 0 0 1
    outer loop
      vertex -0.0373993 -0.31285 0.0999994
      vertex -0.228749 -0.3286 0.0999994
      vertex -0.235399 -0.363099 0.0999994
    endloop
  endfacet
  facet normal 0 0 1
    outer loop
      vertex -0.0373993 -0.31285 0.0999994
      vertex -0.235399 -0.363099 0.0999994
      vertex -0.237 -0.3706 0.0999994
    endloop
  endfacet
  facet normal 0 0 1
    outer loop
      vertex -0.0262499 -0.5 0.0999994
      vertex -0.23275 -0.4873 0.0999994
      vertex -0.23275 -0.5 0.0999994
    endloop
  endfacet
  facet normal 0 0 1
    outer loop
      vertex 0.0287991 0.435049 0.0999994
      vertex 0.0281496 0.432899 0.0999994
      vertex 0.0282497 0.432449 0.0999994
    endloop
  endfacet
  facet normal 0 0 1
    outer loop
      vertex 0.0292492 0.437249 0.0999994
      vertex 0.0285997 0.4359 0.0999994
      vertex 0.0287991 0.435049 0.0999994
    endloop
  endfacet
  facet normal 0 0 1
    outer loop
      vertex 0.26265 -0.37385 0.0999994
      vertex 0.0497494 -0.485999 0.0999994
      vertex 0.0509996 -0.4878 0.0999994
    endloop
  endfacet
  facet normal 0 0 1
    outer loop
      vertex 0.26265 -0.37385 0.0999994
      vertex 0.0472498 -0.4828 0.0999994
      vertex 0.0497494 -0.485999 0.0999994
    endloop
  endfacet
  facet normal -0 0 1
    outer loop
      vertex 0.0376492 -0.343349 0.0999994
      vertex 0.0472498 -0.4828 0.0999994
      vertex 0.0522499 -0.324599 0.0999994
    endloop
  endfacet
  facet normal 0 0 1
    outer loop
      vertex 0.0472498 -0.4828 0.0999994
      vertex 0.0446997 -0.47975 0.0999994
      vertex 0.0468493 -0.482599 0.0999994
    endloop
  endfacet
  facet normal 0 0 1
    outer loop
      vertex 0.0472498 -0.4828 0.0999994
      vertex 0.0439997 -0.478849 0.0999994
      vertex 0.0446997 -0.47975 0.0999994
    endloop
  endfacet
  facet normal 0 0 1
    outer loop
      vertex 0.0446997 -0.47975 0.0999994
      vertex 0.0439997 -0.478849 0.0999994
      vertex 0.0442991 -0.47975 0.0999994
    endloop
  endfacet
  facet normal 0 0 1
    outer loop
      vertex 0.0472498 -0.4828 0.0999994
      vertex 0.0376492 -0.343349 0.0999994
      vertex 0.0439997 -0.478849 0.0999994
    endloop
  endfacet
  facet normal 0 0 1
    outer loop
      vertex 0.0376492 -0.343349 0.0999994
      vertex 0.0522499 -0.324599 0.0999994
      vertex 0.0410995 -0.33785 0.0999994
    endloop
  endfacet
  facet normal -0 0 1
    outer loop
      vertex 0.0277491 -0.452999 0.0999994
      vertex 0.0439997 -0.478849 0.0999994
      vertex 0.0376492 -0.343349 0.0999994
    endloop
  endfacet
  facet normal -0 -0 1
    outer loop
      vertex 0.0388994 -0.4726 0.0999994
      vertex 0.0439997 -0.478849 0.0999994
      vertex 0.0277491 -0.452999 0.0999994
    endloop
  endfacet
  facet normal 0 0 1
    outer loop
      vertex 0.0277491 -0.452999 0.0999994
      vertex 0.0376492 -0.343349 0.0999994
      vertex 0.0309992 -0.350599 0.0999994
    endloop
  endfacet
  facet normal 0 0 1
    outer loop
      vertex 0.0439997 -0.478849 0.0999994
      vertex 0.0388994 -0.4726 0.0999994
      vertex 0.0432997 -0.4781 0.0999994
    endloop
  endfacet
  facet normal -0 -0 1
    outer loop
      vertex 0.0290499 -0.4619 0.0999994
      vertex 0.0388994 -0.4726 0.0999994
      vertex 0.0287991 -0.459299 0.0999994
    endloop
  endfacet
  facet normal 0 0 1
    outer loop
      vertex 0.0388994 -0.4726 0.0999994
      vertex 0.0290499 -0.4619 0.0999994
      vertex 0.0291491 -0.462749 0.0999994
    endloop
  endfacet
  facet normal 0 0 1
    outer loop
      vertex 0.0388994 -0.4726 0.0999994
      vertex 0.0282993 -0.455799 0.0999994
      vertex 0.0287991 -0.459299 0.0999994
    endloop
  endfacet
  facet normal 0 0 1
    outer loop
      vertex 0.0388994 -0.4726 0.0999994
      vertex 0.0277491 -0.452999 0.0999994
      vertex 0.0282993 -0.455799 0.0999994
    endloop
  endfacet
  facet normal -0 0 1
    outer loop
      vertex 0.0127497 -0.421749 0.0999994
      vertex 0.0277491 -0.452999 0.0999994
      vertex 0.0309992 -0.350599 0.0999994
    endloop
  endfacet
  facet normal 0 0 1
    outer loop
      vertex 0.0163994 -0.370999 0.0999994
      vertex 0.0309992 -0.350599 0.0999994
      vertex 0.0227995 -0.359349 0.0999994
    endloop
  endfacet
  facet normal 0 0 1
    outer loop
      vertex 0.0163994 -0.370999 0.0999994
      vertex 0.0227995 -0.359349 0.0999994
      vertex 0.0196991 -0.362849 0.0999994
    endloop
  endfacet
  facet normal 0 0 1
    outer loop
      vertex 0.0309992 -0.350599 0.0999994
      vertex 0.0163994 -0.370999 0.0999994
      vertex 0.0127497 -0.421749 0.0999994
    endloop
  endfacet
  facet normal 0 0 1
    outer loop
      vertex 0.0277491 -0.452999 0.0999994
      vertex 0.0127497 -0.421749 0.0999994
      vertex 0.0237494 -0.447599 0.0999994
    endloop
  endfacet
  facet normal 0 0 1
    outer loop
      vertex 0.0237494 -0.447599 0.0999994
      vertex 0.0127497 -0.421749 0.0999994
      vertex 0.0169992 -0.43835 0.0999994
    endloop
  endfacet
  facet normal 0 0 1
    outer loop
      vertex 0.0127497 -0.421749 0.0999994
      vertex 0.0163994 -0.370999 0.0999994
      vertex 0.0149498 -0.37435 0.0999994
    endloop
  endfacet
  facet normal 0 0 1
    outer loop
      vertex 0.0169992 -0.43835 0.0999994
      vertex 0.0127497 -0.421749 0.0999994
      vertex 0.0162497 -0.43685 0.0999994
    endloop
  endfacet
  facet normal 0 0 1
    outer loop
      vertex 0.0162497 -0.43685 0.0999994
      vertex 0.0127497 -0.421749 0.0999994
      vertex 0.0127497 -0.4225 0.0999994
    endloop
  endfacet
  facet normal 0 0 1
    outer loop
      vertex 0.18995 -0.215249 0.0999994
      vertex 0.0634995 -0.267099 0.0999994
      vertex 0.0680494 -0.2877 0.0999994
    endloop
  endfacet
  facet normal 0 0 1
    outer loop
      vertex 0.10465 -0.12995 0.0999994
      vertex 0.0626993 -0.26285 0.0999994
      vertex 0.0634995 -0.267099 0.0999994
    endloop
  endfacet
  facet normal 0 0 1
    outer loop
      vertex 0.0554495 -0.119499 0.0999994
      vertex 0.0701494 -0.1158 0.0999994
      vertex 0.0623999 -0.11545 0.0999994
    endloop
  endfacet
  facet normal 0 0 1
    outer loop
      vertex 0.10465 -0.12995 0.0999994
      vertex 0.0622492 -0.262349 0.0999994
      vertex 0.0626993 -0.26285 0.0999994
    endloop
  endfacet
  facet normal 0 0 1
    outer loop
      vertex 0.0126495 -0.158999 0.0999994
      vertex 0.10465 -0.12995 0.0999994
      vertex 0.0554495 -0.119499 0.0999994
    endloop
  endfacet
  facet normal 0 -0 1
    outer loop
      vertex 0.0133495 -0.2253 0.0999994
      vertex 0.10465 -0.12995 0.0999994
      vertex 0.0126495 -0.158999 0.0999994
    endloop
  endfacet
  facet normal 0 0 1
    outer loop
      vertex 0.0227499 -0.13775 0.0999994
      vertex 0.0554495 -0.119499 0.0999994
      vertex 0.0373993 -0.123099 0.0999994
    endloop
  endfacet
  facet normal 0 0 1
    outer loop
      vertex 0.0126495 -0.158999 0.0999994
      vertex 0.0554495 -0.119499 0.0999994
      vertex 0.0189991 -0.145599 0.0999994
    endloop
  endfacet
  facet normal 0 0 1
    outer loop
      vertex 0.0554495 -0.119499 0.0999994
      vertex 0.0227499 -0.13775 0.0999994
      vertex 0.0189991 -0.145599 0.0999994
    endloop
  endfacet
  facet normal 0 0 1
    outer loop
      vertex 0.10465 -0.12995 0.0999994
      vertex 0.0133495 -0.2253 0.0999994
      vertex 0.0622492 -0.262349 0.0999994
    endloop
  endfacet
  facet normal -0 -0 1
    outer loop
      vertex 0.0184994 -0.234599 0.0999994
      vertex 0.0622492 -0.262349 0.0999994
      vertex 0.0139999 -0.2266 0.0999994
    endloop
  endfacet
  facet normal 0 0 1
    outer loop
      vertex 0.0379 -0.25495 0.0999994
      vertex 0.0199499 -0.23735 0.0999994
      vertex 0.0372496 -0.2546 0.0999994
    endloop
  endfacet
  facet normal -0 -0 1
    outer loop
      vertex 0.0199499 -0.23735 0.0999994
      vertex 0.0379 -0.25495 0.0999994
      vertex 0.0184994 -0.234599 0.0999994
    endloop
  endfacet
  facet normal 0 0 1
    outer loop
      vertex 0.0622492 -0.262349 0.0999994
      vertex 0.0184994 -0.234599 0.0999994
      vertex 0.0379 -0.25495 0.0999994
    endloop
  endfacet
  facet normal 0 0 1
    outer loop
      vertex 0.0622492 -0.262349 0.0999994
      vertex 0.0133495 -0.2253 0.0999994
      vertex 0.0139999 -0.2266 0.0999994
    endloop
  endfacet
  facet normal 0 0 1
    outer loop
      vertex 0.0126495 -0.158999 0.0999994
      vertex 0.0126495 -0.224 0.0999994
      vertex 0.0133495 -0.2253 0.0999994
    endloop
  endfacet
  facet normal -0 0 1
    outer loop
      vertex 0.0120993 -0.158999 0.0999994
      vertex 0.0126495 -0.224 0.0999994
      vertex 0.0126495 -0.158999 0.0999994
    endloop
  endfacet
  facet normal 0 0 1
    outer loop
      vertex 0.0120993 -0.158999 0.0999994
      vertex 0.0120993 -0.224 0.0999994
      vertex 0.0126495 -0.224 0.0999994
    endloop
  endfacet
  facet normal 0 0 1
    outer loop
      vertex -0.0798492 -0.12995 0.0999994
      vertex 0.0120993 -0.224 0.0999994
      vertex 0.0120993 -0.158999 0.0999994
    endloop
  endfacet
  facet normal 0 0 1
    outer loop
      vertex 0.0120993 -0.224 0.0999994
      vertex -0.0798492 -0.12995 0.0999994
      vertex 0.0107498 -0.2266 0.0999994
    endloop
  endfacet
  facet normal 0 0 1
    outer loop
      vertex -0.0306997 -0.119499 0.0999994
      vertex 0.0120993 -0.158999 0.0999994
      vertex 0.0057497 -0.145599 0.0999994
    endloop
  endfacet
  facet normal 0 0 1
    outer loop
      vertex 0.0107498 -0.2266 0.0999994
      vertex -0.0374994 -0.262349 0.0999994
      vertex 0.00689983 -0.2335 0.0999994
    endloop
  endfacet
  facet normal 0 0 1
    outer loop
      vertex -0.0306997 -0.119499 0.0999994
      vertex 0.0057497 -0.145599 0.0999994
      vertex 0.00199986 -0.13775 0.0999994
    endloop
  endfacet
  facet normal 0 0 1
    outer loop
      vertex -0.0460997 -0.115849 0.0999994
      vertex -0.0798492 -0.12995 0.0999994
      vertex -0.0306997 -0.119499 0.0999994
    endloop
  endfacet
  facet normal 0 0 1
    outer loop
      vertex -0.0306997 -0.119499 0.0999994
      vertex 0.00199986 -0.13775 0.0999994
      vertex -0.0126495 -0.123099 0.0999994
    endloop
  endfacet
  facet normal 0 -0 1
    outer loop
      vertex -0.0130997 -0.25495 0.0999994
      vertex 0.00689983 -0.2335 0.0999994
      vertex -0.0374994 -0.262349 0.0999994
    endloop
  endfacet
  facet normal 0 0 1
    outer loop
      vertex 0.00689983 -0.2335 0.0999994
      vertex -0.0130997 -0.25495 0.0999994
      vertex 0.00479984 -0.23735 0.0999994
    endloop
  endfacet
  facet normal 0 0 1
    outer loop
      vertex 0.00479984 -0.23735 0.0999994
      vertex -0.0130997 -0.25495 0.0999994
      vertex -0.0124998 -0.2546 0.0999994
    endloop
  endfacet
  facet normal -0 0 1
    outer loop
      vertex -0.0460997 -0.115849 0.0999994
      vertex -0.0306997 -0.119499 0.0999994
      vertex -0.0375996 -0.11545 0.0999994
    endloop
  endfacet
  facet normal 0 0 1
    outer loop
      vertex -0.0798492 -0.12995 0.0999994
      vertex -0.0460997 -0.115849 0.0999994
      vertex -0.0626497 -0.117 0.0999994
    endloop
  endfacet
  facet normal 0 0 1
    outer loop
      vertex -0.0306997 -0.119499 0.0999994
      vertex -0.0798492 -0.12995 0.0999994
      vertex 0.0120993 -0.158999 0.0999994
    endloop
  endfacet
  facet normal 0 0 1
    outer loop
      vertex 0.0107498 -0.2266 0.0999994
      vertex -0.0798492 -0.12995 0.0999994
      vertex -0.0374994 -0.262349 0.0999994
    endloop
  endfacet
  facet normal -0 0 1
    outer loop
      vertex -0.161699 -0.193 0.0999994
      vertex -0.0374994 -0.262349 0.0999994
      vertex -0.0798492 -0.12995 0.0999994
    endloop
  endfacet
  facet normal 0 0 1
    outer loop
      vertex 0.0513992 0.46285 0.0999994
      vertex 0.0695496 0.476299 0.0999994
      vertex 0.0684996 0.475949 0.0999994
    endloop
  endfacet
  facet normal 0 0 1
    outer loop
      vertex 0.0695496 0.476299 0.0999994
      vertex 0.0647497 0.278399 0.0999994
      vertex 0.0689497 0.2624 0.0999994
    endloop
  endfacet
  facet normal 0 0 1
    outer loop
      vertex 0.0513992 0.46285 0.0999994
      vertex 0.0684996 0.475949 0.0999994
      vertex 0.0643997 0.474449 0.0999994
    endloop
  endfacet
  facet normal 0 0 1
    outer loop
      vertex 0.0619497 0.47345 0.0999994
      vertex 0.0643997 0.474449 0.0999994
      vertex 0.0636492 0.47435 0.0999994
    endloop
  endfacet
  facet normal 0 0 1
    outer loop
      vertex 0.0695496 0.476299 0.0999994
      vertex 0.062149 0.2876 0.0999994
      vertex 0.0647497 0.278399 0.0999994
    endloop
  endfacet
  facet normal 0 0 1
    outer loop
      vertex 0.0643997 0.474449 0.0999994
      vertex 0.0619497 0.47345 0.0999994
      vertex 0.0513992 0.46285 0.0999994
    endloop
  endfacet
  facet normal 0 0 1
    outer loop
      vertex 0.0695496 0.476299 0.0999994
      vertex 0.0513992 0.46285 0.0999994
      vertex 0.0486498 0.45945 0.0999994
    endloop
  endfacet
  facet normal 0 0 1
    outer loop
      vertex 0.0695496 0.476299 0.0999994
      vertex 0.0486498 0.45945 0.0999994
      vertex 0.0472498 0.457549 0.0999994
    endloop
  endfacet
  facet normal 0 0 1
    outer loop
      vertex 0.0472498 0.457549 0.0999994
      vertex 0.0486498 0.45945 0.0999994
      vertex 0.0472498 0.45795 0.0999994
    endloop
  endfacet
  facet normal 0 0 1
    outer loop
      vertex 0.0695496 0.476299 0.0999994
      vertex 0.0472498 0.457549 0.0999994
      vertex 0.0446997 0.454499 0.0999994
    endloop
  endfacet
  facet normal 0 0 1
    outer loop
      vertex 0.0446997 0.454499 0.0999994
      vertex 0.0472498 0.457549 0.0999994
      vertex 0.0468493 0.457399 0.0999994
    endloop
  endfacet
  facet normal 0 0 1
    outer loop
      vertex 0.0695496 0.476299 0.0999994
      vertex 0.0446997 0.454499 0.0999994
      vertex 0.0376492 0.31815 0.0999994
    endloop
  endfacet
  facet normal 0 0 1
    outer loop
      vertex 0.0439997 0.45365 0.0999994
      vertex 0.0446997 0.454499 0.0999994
      vertex 0.0442991 0.454499 0.0999994
    endloop
  endfacet
  facet normal 0 0 1
    outer loop
      vertex 0.0376492 0.31815 0.0999994
      vertex 0.0446997 0.454499 0.0999994
      vertex 0.0439997 0.45365 0.0999994
    endloop
  endfacet
  facet normal 0 0 1
    outer loop
      vertex 0.0695496 0.476299 0.0999994
      vertex 0.0410995 0.31265 0.0999994
      vertex 0.062149 0.2876 0.0999994
    endloop
  endfacet
  facet normal 0 0 1
    outer loop
      vertex 0.0271997 0.427199 0.0999994
      vertex 0.0439997 0.45365 0.0999994
      vertex 0.0388994 0.447399 0.0999994
    endloop
  endfacet
  facet normal 0 0 1
    outer loop
      vertex 0.0695496 0.476299 0.0999994
      vertex 0.0376492 0.31815 0.0999994
      vertex 0.0410995 0.31265 0.0999994
    endloop
  endfacet
  facet normal 0 0 1
    outer loop
      vertex 0.0439997 0.45365 0.0999994
      vertex 0.0271997 0.427199 0.0999994
      vertex 0.0376492 0.31815 0.0999994
    endloop
  endfacet
  facet normal 0 0 1
    outer loop
      vertex 0.0287991 0.435049 0.0999994
      vertex 0.0388994 0.447399 0.0999994
      vertex 0.0292492 0.437249 0.0999994
    endloop
  endfacet
  facet normal 0 -0 1
    outer loop
      vertex 0.0292492 0.437249 0.0999994
      vertex 0.0388994 0.447399 0.0999994
      vertex 0.0291996 0.43755 0.0999994
    endloop
  endfacet
  facet normal -0 0 1
    outer loop
      vertex 0.0900993 -0.0817499 0.0999994
      vertex 0.1003 -0.100499 0.0999994
      vertex 0.0905495 -0.0523491 0.0999994
    endloop
  endfacet
  facet normal 0 0 1
    outer loop
      vertex 0.1003 -0.100499 0.0999994
      vertex 0.0900993 -0.0817499 0.0999994
      vertex 0.0907497 -0.0860996 0.0999994
    endloop
  endfacet
  facet normal 0 -0 1
    outer loop
      vertex 0.0900993 -0.0817499 0.0999994
      vertex 0.0905495 -0.0523491 0.0999994
      vertex 0.0875492 -0.0627499 0.0999994
    endloop
  endfacet
  facet normal 0 0 1
    outer loop
      vertex 0.186 -0.186199 0.0999994
      vertex 0.1043 -0.1263 0.0999994
      vertex 0.104799 -0.129299 0.0999994
    endloop
  endfacet
  facet normal 0 0 1
    outer loop
      vertex 0.11325 -0.0197496 0.0999994
      vertex 0.103299 -0.120799 0.0999994
      vertex 0.1043 -0.1263 0.0999994
    endloop
  endfacet
  facet normal 0 0 1
    outer loop
      vertex 0.1043 -0.1263 0.0999994
      vertex 0.103299 -0.120799 0.0999994
      vertex 0.103749 -0.123699 0.0999994
    endloop
  endfacet
  facet normal 0 0 1
    outer loop
      vertex 0.11325 -0.0197496 0.0999994
      vertex 0.102249 -0.115199 0.0999994
      vertex 0.103299 -0.120799 0.0999994
    endloop
  endfacet
  facet normal 0 0 1
    outer loop
      vertex 0.103299 -0.120799 0.0999994
      vertex 0.102249 -0.115199 0.0999994
      vertex 0.10275 -0.118199 0.0999994
    endloop
  endfacet
  facet normal -0 -0 1
    outer loop
      vertex 0.1023 -0.11685 0.0999994
      vertex 0.10275 -0.118199 0.0999994
      vertex 0.102249 -0.115199 0.0999994
    endloop
  endfacet
  facet normal 0 0 1
    outer loop
      vertex 0.10275 -0.118199 0.0999994
      vertex 0.1023 -0.11685 0.0999994
      vertex 0.1024 -0.11735 0.0999994
    endloop
  endfacet
  facet normal 0 0 1
    outer loop
      vertex 0.11325 -0.0197496 0.0999994
      vertex 0.10075 -0.10425 0.0999994
      vertex 0.102249 -0.115199 0.0999994
    endloop
  endfacet
  facet normal 0 0 1
    outer loop
      vertex 0.102249 -0.115199 0.0999994
      vertex 0.101399 -0.110749 0.0999994
      vertex 0.1017 -0.113099 0.0999994
    endloop
  endfacet
  facet normal 0 0 1
    outer loop
      vertex 0.102249 -0.115199 0.0999994
      vertex 0.101049 -0.107599 0.0999994
      vertex 0.101399 -0.110749 0.0999994
    endloop
  endfacet
  facet normal 0 0 1
    outer loop
      vertex 0.102249 -0.115199 0.0999994
      vertex 0.10075 -0.10425 0.0999994
      vertex 0.101049 -0.107599 0.0999994
    endloop
  endfacet
  facet normal 0 0 1
    outer loop
      vertex 0.11325 -0.0197496 0.0999994
      vertex 0.1003 -0.100499 0.0999994
      vertex 0.10075 -0.10425 0.0999994
    endloop
  endfacet
  facet normal 0 0 1
    outer loop
      vertex 0.0905495 -0.0523491 0.0999994
      vertex 0.11325 -0.0197496 0.0999994
      vertex 0.0948496 -0.0376492 0.0999994
    endloop
  endfacet
  facet normal 0 0 1
    outer loop
      vertex 0.11325 -0.0197496 0.0999994
      vertex 0.0905495 -0.0523491 0.0999994
      vertex 0.1003 -0.100499 0.0999994
    endloop
  endfacet
  facet normal 0 0 1
    outer loop
      vertex 0.1003 -0.100499 0.0999994
      vertex 0.0907497 -0.0860996 0.0999994
      vertex 0.0999994 -0.1002 0.0999994
    endloop
  endfacet
  facet normal 0 0 1
    outer loop
      vertex 0.0999994 -0.1002 0.0999994
      vertex 0.0907497 -0.0860996 0.0999994
      vertex 0.0907497 -0.0873499 0.0999994
    endloop
  endfacet
  facet normal 0 0 1
    outer loop
      vertex 0.0911493 0.487399 0.0999994
      vertex 0.226749 0.48755 0.0999994
      vertex 0.226749 0.5 0.0999994
    endloop
  endfacet
  facet normal 0 0 1
    outer loop
      vertex 0.226749 0.48755 0.0999994
      vertex 0.0689497 0.2624 0.0999994
      vertex 0.216599 0.22415 0.0999994
    endloop
  endfacet
  facet normal 0 -0 1
    outer loop
      vertex 0.2126 0.219649 0.0999994
      vertex 0.216599 0.22415 0.0999994
      vertex 0.0689497 0.2624 0.0999994
    endloop
  endfacet
  facet normal 0 0 1
    outer loop
      vertex 0.216599 0.22415 0.0999994
      vertex 0.2126 0.219649 0.0999994
      vertex 0.2134 0.2204 0.0999994
    endloop
  endfacet
  facet normal 0 0 1
    outer loop
      vertex 0.2126 0.219649 0.0999994
      vertex 0.0689497 0.2624 0.0999994
      vertex 0.20865 0.212399 0.0999994
    endloop
  endfacet
  facet normal 0 0 1
    outer loop
      vertex 0.0639992 0.237149 0.0999994
      vertex 0.19 0.186999 0.0999994
      vertex 0.19 0.190049 0.0999994
    endloop
  endfacet
  facet normal -0 0 1
    outer loop
      vertex 0.12925 -0.0128498 0.0999994
      vertex 0.186 -0.186199 0.0999994
      vertex 0.12925 -0.0123491 0.0999994
    endloop
  endfacet
  facet normal 0 0 1
    outer loop
      vertex 0.19 0.186999 0.0999994
      vertex 0.12925 -0.0123491 0.0999994
      vertex 0.186 -0.186199 0.0999994
    endloop
  endfacet
  facet normal 0 0 1
    outer loop
      vertex 0.20865 0.212399 0.0999994
      vertex 0.0689497 0.2624 0.0999994
      vertex 0.19 0.190049 0.0999994
    endloop
  endfacet
  facet normal 0 0 1
    outer loop
      vertex 0.19 0.186999 0.0999994
      vertex 0.10475 0.104549 0.0999994
      vertex 0.12925 -0.0123491 0.0999994
    endloop
  endfacet
  facet normal -0 0 1
    outer loop
      vertex 0.0981998 0.0818996 0.0999994
      vertex 0.12925 -0.0123491 0.0999994
      vertex 0.10475 0.104549 0.0999994
    endloop
  endfacet
  facet normal -0 0 1
    outer loop
      vertex 0.0660992 0.24675 0.0999994
      vertex 0.19 0.190049 0.0999994
      vertex 0.0689497 0.2624 0.0999994
    endloop
  endfacet
  facet normal 0 0 1
    outer loop
      vertex 0.0911493 0.487399 0.0999994
      vertex 0.226749 0.5 0.0999994
      vertex 0.0912495 0.5 0.0999994
    endloop
  endfacet
  facet normal 0 0 1
    outer loop
      vertex 0.0801497 0.4801 0.0999994
      vertex 0.226749 0.48755 0.0999994
      vertex 0.0911493 0.487399 0.0999994
    endloop
  endfacet
  facet normal 0 0 1
    outer loop
      vertex 0.19 0.186999 0.0999994
      vertex 0.10465 0.104699 0.0999994
      vertex 0.10475 0.104549 0.0999994
    endloop
  endfacet
  facet normal 0 0 1
    outer loop
      vertex 0.0801497 0.4801 0.0999994
      vertex 0.0911493 0.487399 0.0999994
      vertex 0.0870991 0.48535 0.0999994
    endloop
  endfacet
  facet normal 0 0 1
    outer loop
      vertex 0.226749 0.48755 0.0999994
      vertex 0.0801497 0.4801 0.0999994
      vertex 0.0689497 0.2624 0.0999994
    endloop
  endfacet
  facet normal 0 0 1
    outer loop
      vertex 0.0750494 0.478299 0.0999994
      vertex 0.0801497 0.4801 0.0999994
      vertex 0.0776491 0.4793 0.0999994
    endloop
  endfacet
  facet normal 0 0 1
    outer loop
      vertex 0.0801497 0.4801 0.0999994
      vertex 0.0750494 0.478299 0.0999994
      vertex 0.0689497 0.2624 0.0999994
    endloop
  endfacet
  facet normal 0 0 1
    outer loop
      vertex 0.0735493 0.47775 0.0999994
      vertex 0.0750494 0.478299 0.0999994
      vertex 0.0747995 0.47855 0.0999994
    endloop
  endfacet
  facet normal 0 0 1
    outer loop
      vertex 0.0750494 0.478299 0.0999994
      vertex 0.0735493 0.47775 0.0999994
      vertex 0.0689497 0.2624 0.0999994
    endloop
  endfacet
  facet normal -0 0 1
    outer loop
      vertex 0.0653496 0.242749 0.0999994
      vertex 0.19 0.190049 0.0999994
      vertex 0.0660992 0.24675 0.0999994
    endloop
  endfacet
  facet normal 0 0 1
    outer loop
      vertex 0.0695496 0.476299 0.0999994
      vertex 0.0735493 0.47775 0.0999994
      vertex 0.0708494 0.4768 0.0999994
    endloop
  endfacet
  facet normal 0 0 1
    outer loop
      vertex 0.0735493 0.47775 0.0999994
      vertex 0.0695496 0.476299 0.0999994
      vertex 0.0689497 0.2624 0.0999994
    endloop
  endfacet
  facet normal 0 0 1
    outer loop
      vertex 0.0684996 0.475949 0.0999994
      vertex 0.0695496 0.476299 0.0999994
      vertex 0.0692492 0.476549 0.0999994
    endloop
  endfacet
  facet normal -0 0 1
    outer loop
      vertex 0.0647497 0.239349 0.0999994
      vertex 0.19 0.190049 0.0999994
      vertex 0.0653496 0.242749 0.0999994
    endloop
  endfacet
  facet normal -0 0 1
    outer loop
      vertex 0.0639992 0.237149 0.0999994
      vertex 0.19 0.190049 0.0999994
      vertex 0.0647497 0.239349 0.0999994
    endloop
  endfacet
  facet normal 0 0 1
    outer loop
      vertex 0.19 0.186999 0.0999994
      vertex 0.0639992 0.237149 0.0999994
      vertex 0.0628996 0.23595 0.0999994
    endloop
  endfacet
  facet normal 0 0 1
    outer loop
      vertex 0.0647497 0.239349 0.0999994
      vertex 0.0653496 0.242749 0.0999994
      vertex 0.06495 0.240899 0.0999994
    endloop
  endfacet
  facet normal 0 0 1
    outer loop
      vertex 0.19 0.186999 0.0999994
      vertex 0.0628996 0.23595 0.0999994
      vertex 0.10465 0.104699 0.0999994
    endloop
  endfacet
  facet normal -0 0 1
    outer loop
      vertex 0.0596495 0.234449 0.0999994
      vertex 0.10465 0.104699 0.0999994
      vertex 0.0628996 0.23595 0.0999994
    endloop
  endfacet
  facet normal -0 0 1
    outer loop
      vertex 0.0126495 0.13375 0.0999994
      vertex 0.10465 0.104699 0.0999994
      vertex 0.0596495 0.234449 0.0999994
    endloop
  endfacet
  facet normal -0 -0 1
    outer loop
      vertex 0.0156994 0.127399 0.0999994
      vertex 0.10465 0.104699 0.0999994
      vertex 0.0141993 0.130549 0.0999994
    endloop
  endfacet
  facet normal 0 0 1
    outer loop
      vertex 0.10465 0.104699 0.0999994
      vertex 0.0709 0.0905991 0.0999994
      vertex 0.0873995 0.0917492 0.0999994
    endloop
  endfacet
  facet normal 0 0 1
    outer loop
      vertex 0.0709 0.0905991 0.0999994
      vertex 0.0554495 0.0942497 0.0999994
      vertex 0.0623999 0.0901995 0.0999994
    endloop
  endfacet
  facet normal 0 0 1
    outer loop
      vertex 0.0199499 0.21215 0.0999994
      vertex 0.0596495 0.234449 0.0999994
      vertex 0.0379 0.229699 0.0999994
    endloop
  endfacet
  facet normal 0 0 1
    outer loop
      vertex 0.0138493 0.20115 0.0999994
      vertex 0.0596495 0.234449 0.0999994
      vertex 0.0173492 0.207399 0.0999994
    endloop
  endfacet
  facet normal 0 0 1
    outer loop
      vertex 0.0199499 0.21215 0.0999994
      vertex 0.0379 0.229699 0.0999994
      vertex 0.0372496 0.229349 0.0999994
    endloop
  endfacet
  facet normal -0 -0 1
    outer loop
      vertex 0.0189991 0.120399 0.0999994
      vertex 0.0554495 0.0942497 0.0999994
      vertex 0.0156994 0.127399 0.0999994
    endloop
  endfacet
  facet normal 0 0 1
    outer loop
      vertex 0.0596495 0.234449 0.0999994
      vertex 0.0199499 0.21215 0.0999994
      vertex 0.0173492 0.207399 0.0999994
    endloop
  endfacet
  facet normal 0 0 1
    outer loop
      vertex 0.0554495 0.0942497 0.0999994
      vertex 0.0227499 0.112499 0.0999994
      vertex 0.0373993 0.0978498 0.0999994
    endloop
  endfacet
  facet normal 0 -0 1
    outer loop
      vertex 0.0709 0.0905991 0.0999994
      vertex 0.10465 0.104699 0.0999994
      vertex 0.0554495 0.0942497 0.0999994
    endloop
  endfacet
  facet normal -0 -0 1
    outer loop
      vertex 0.0227499 0.112499 0.0999994
      vertex 0.0554495 0.0942497 0.0999994
      vertex 0.0189991 0.120399 0.0999994
    endloop
  endfacet
  facet normal 0 0 1
    outer loop
      vertex 0.10465 0.104699 0.0999994
      vertex 0.0156994 0.127399 0.0999994
      vertex 0.0554495 0.0942497 0.0999994
    endloop
  endfacet
  facet normal 0 0 1
    outer loop
      vertex 0.0126495 0.19875 0.0999994
      vertex 0.0596495 0.234449 0.0999994
      vertex 0.0138493 0.20115 0.0999994
    endloop
  endfacet
  facet normal 0 0 1
    outer loop
      vertex 0.0596495 0.234449 0.0999994
      vertex 0.0126495 0.19875 0.0999994
      vertex 0.0126495 0.13375 0.0999994
    endloop
  endfacet
  facet normal 0 0 1
    outer loop
      vertex 0.10465 0.104699 0.0999994
      vertex 0.0126495 0.13375 0.0999994
      vertex 0.0141993 0.130549 0.0999994
    endloop
  endfacet
  facet normal -0 0 1
    outer loop
      vertex 0.0120993 0.19875 0.0999994
      vertex 0.0126495 0.13375 0.0999994
      vertex 0.0126495 0.19875 0.0999994
    endloop
  endfacet
  facet normal 0 0 1
    outer loop
      vertex 0.0120993 0.19875 0.0999994
      vertex 0.0120993 0.13375 0.0999994
      vertex 0.0126495 0.13375 0.0999994
    endloop
  endfacet
  facet normal 0 0 1
    outer loop
      vertex -0.0348492 0.234449 0.0999994
      vertex 0.0120993 0.19875 0.0999994
      vertex 0.0108995 0.20115 0.0999994
    endloop
  endfacet
  facet normal 0 0 1
    outer loop
      vertex 0.0120993 0.19875 0.0999994
      vertex -0.0798492 0.104699 0.0999994
      vertex 0.0120993 0.13375 0.0999994
    endloop
  endfacet
  facet normal 0 0 1
    outer loop
      vertex -0.0348492 0.234449 0.0999994
      vertex 0.0108995 0.20115 0.0999994
      vertex 0.00554943 0.21075 0.0999994
    endloop
  endfacet
  facet normal 0 0 1
    outer loop
      vertex -0.0348492 0.234449 0.0999994
      vertex 0.00554943 0.21075 0.0999994
      vertex 0.00479984 0.21215 0.0999994
    endloop
  endfacet
  facet normal 0 0 1
    outer loop
      vertex 0.0120993 0.19875 0.0999994
      vertex -0.0348492 0.234449 0.0999994
      vertex -0.0798492 0.104699 0.0999994
    endloop
  endfacet
  facet normal 0 0 1
    outer loop
      vertex -0.0348492 0.234449 0.0999994
      vertex 0.00479984 0.21215 0.0999994
      vertex -0.0124998 0.229349 0.0999994
    endloop
  endfacet
  facet normal 0 0 1
    outer loop
      vertex 0.0120993 0.13375 0.0999994
      vertex -0.0798492 0.104699 0.0999994
      vertex 0.00824928 0.125649 0.0999994
    endloop
  endfacet
  facet normal 0 0 1
    outer loop
      vertex -0.0348492 0.234449 0.0999994
      vertex -0.0124998 0.229349 0.0999994
      vertex -0.0130997 0.229699 0.0999994
    endloop
  endfacet
  facet normal 0 0 1
    outer loop
      vertex 0.00199986 0.112499 0.0999994
      vertex -0.0306997 0.0942497 0.0999994
      vertex -0.0126495 0.0978498 0.0999994
    endloop
  endfacet
  facet normal 0 -0 1
    outer loop
      vertex -0.0306997 0.0942497 0.0999994
      vertex 0.00824928 0.125649 0.0999994
      vertex -0.0798492 0.104699 0.0999994
    endloop
  endfacet
  facet normal 0 0 1
    outer loop
      vertex 0.00824928 0.125649 0.0999994
      vertex -0.0306997 0.0942497 0.0999994
      vertex 0.00199986 0.112499 0.0999994
    endloop
  endfacet
  facet normal 0 0 1
    outer loop
      vertex -0.0798492 0.104699 0.0999994
      vertex -0.0348492 0.234449 0.0999994
      vertex -0.0380993 0.23595 0.0999994
    endloop
  endfacet
  facet normal 0 0 1
    outer loop
      vertex -0.16525 0.186999 0.0999994
      vertex -0.0380993 0.23595 0.0999994
      vertex -0.0392494 0.237149 0.0999994
    endloop
  endfacet
  facet normal 0 0 1
    outer loop
      vertex -0.16525 0.190049 0.0999994
      vertex -0.0392494 0.237149 0.0999994
      vertex -0.04 0.2393 0.0999994
    endloop
  endfacet
  facet normal 0 0 1
    outer loop
      vertex -0.16525 0.190049 0.0999994
      vertex -0.04 0.2393 0.0999994
      vertex -0.0416994 0.248899 0.0999994
    endloop
  endfacet
  facet normal 0 0 1
    outer loop
      vertex -0.16525 0.190049 0.0999994
      vertex -0.0416994 0.248899 0.0999994
      vertex -0.0428991 0.2549 0.0999994
    endloop
  endfacet
  facet normal 0 0 1
    outer loop
      vertex -0.16525 0.190049 0.0999994
      vertex -0.0428991 0.2549 0.0999994
      vertex -0.0441999 0.262449 0.0999994
    endloop
  endfacet
  facet normal 0 -0 1
    outer loop
      vertex -0.0453491 0.0905495 0.0999994
      vertex -0.0306997 0.0942497 0.0999994
      vertex -0.0798492 0.104699 0.0999994
    endloop
  endfacet
  facet normal 0 0 1
    outer loop
      vertex 0.2625 0.441199 0.0999994
      vertex 0.26475 0.438499 0.0999994
      vertex 0.26475 0.43895 0.0999994
    endloop
  endfacet
  facet normal 0 0 1
    outer loop
      vertex 0.26475 0.438499 0.0999994
      vertex 0.2625 0.441199 0.0999994
      vertex 0.26265 0.34865 0.0999994
    endloop
  endfacet
  facet normal 0 0 1
    outer loop
      vertex 0.22705 0.4873 0.0999994
      vertex 0.26265 0.34865 0.0999994
      vertex 0.2625 0.441199 0.0999994
    endloop
  endfacet
  facet normal 0 0 1
    outer loop
      vertex 0.226749 0.48755 0.0999994
      vertex 0.26265 0.34865 0.0999994
      vertex 0.22705 0.4873 0.0999994
    endloop
  endfacet
  facet normal 0 0 1
    outer loop
      vertex 0.22705 0.4873 0.0999994
      vertex 0.2625 0.441199 0.0999994
      vertex 0.2605 0.449249 0.0999994
    endloop
  endfacet
  facet normal 0 0 1
    outer loop
      vertex 0.26265 0.34865 0.0999994
      vertex 0.226749 0.48755 0.0999994
      vertex 0.261749 0.3454 0.0999994
    endloop
  endfacet
  facet normal 0 -0 1
    outer loop
      vertex 0.26015 0.337899 0.0999994
      vertex 0.261749 0.3454 0.0999994
      vertex 0.226749 0.48755 0.0999994
    endloop
  endfacet
  facet normal 0 0 1
    outer loop
      vertex 0.261749 0.3454 0.0999994
      vertex 0.26015 0.337899 0.0999994
      vertex 0.260949 0.341149 0.0999994
    endloop
  endfacet
  facet normal 0 0 1
    outer loop
      vertex 0.23765 0.48255 0.0999994
      vertex 0.2605 0.449249 0.0999994
      vertex 0.257449 0.46235 0.0999994
    endloop
  endfacet
  facet normal 0 -0 1
    outer loop
      vertex 0.23755 0.26705 0.0999994
      vertex 0.26015 0.337899 0.0999994
      vertex 0.226749 0.48755 0.0999994
    endloop
  endfacet
  facet normal 0 0 1
    outer loop
      vertex 0.2471 0.27965 0.0999994
      vertex 0.2535 0.29575 0.0999994
      vertex 0.2535 0.303399 0.0999994
    endloop
  endfacet
  facet normal 0 0 1
    outer loop
      vertex 0.2535 0.29575 0.0999994
      vertex 0.2471 0.27965 0.0999994
      vertex 0.253249 0.29215 0.0999994
    endloop
  endfacet
  facet normal 0 -0 1
    outer loop
      vertex 0.2535 0.303399 0.0999994
      vertex 0.26015 0.337899 0.0999994
      vertex 0.23755 0.26705 0.0999994
    endloop
  endfacet
  facet normal 0 0 1
    outer loop
      vertex 0.259999 0.33365 0.0999994
      vertex 0.2535 0.303399 0.0999994
      vertex 0.257799 0.3124 0.0999994
    endloop
  endfacet
  facet normal 0 0 1
    outer loop
      vertex 0.253249 0.29215 0.0999994
      vertex 0.2518 0.2857 0.0999994
      vertex 0.25305 0.28725 0.0999994
    endloop
  endfacet
  facet normal 0 0 1
    outer loop
      vertex 0.253249 0.29215 0.0999994
      vertex 0.2471 0.27965 0.0999994
      vertex 0.247649 0.280199 0.0999994
    endloop
  endfacet
  facet normal 0 0 1
    outer loop
      vertex 0.253249 0.29215 0.0999994
      vertex 0.247649 0.280199 0.0999994
      vertex 0.2518 0.2857 0.0999994
    endloop
  endfacet
  facet normal 0 0 1
    outer loop
      vertex 0.26015 0.337899 0.0999994
      vertex 0.2535 0.303399 0.0999994
      vertex 0.259999 0.33365 0.0999994
    endloop
  endfacet
  facet normal 0 0 1
    outer loop
      vertex 0.2471 0.27965 0.0999994
      vertex 0.24525 0.277149 0.0999994
      vertex 0.245899 0.2779 0.0999994
    endloop
  endfacet
  facet normal 0 0 1
    outer loop
      vertex 0.2535 0.303399 0.0999994
      vertex 0.24525 0.277149 0.0999994
      vertex 0.2471 0.27965 0.0999994
    endloop
  endfacet
  facet normal 0 0 1
    outer loop
      vertex 0.2535 0.303399 0.0999994
      vertex 0.2427 0.273899 0.0999994
      vertex 0.24525 0.277149 0.0999994
    endloop
  endfacet
  facet normal 0 0 1
    outer loop
      vertex 0.2535 0.303399 0.0999994
      vertex 0.2406 0.27115 0.0999994
      vertex 0.2427 0.273899 0.0999994
    endloop
  endfacet
  facet normal 0 0 1
    outer loop
      vertex 0.2605 0.449249 0.0999994
      vertex 0.23765 0.48255 0.0999994
      vertex 0.233999 0.484249 0.0999994
    endloop
  endfacet
  facet normal 0 0 1
    outer loop
      vertex 0.2605 0.449249 0.0999994
      vertex 0.233999 0.484249 0.0999994
      vertex 0.22705 0.4873 0.0999994
    endloop
  endfacet
  facet normal 0 0 1
    outer loop
      vertex 0.2427 0.273899 0.0999994
      vertex 0.2406 0.27115 0.0999994
      vertex 0.2422 0.272949 0.0999994
    endloop
  endfacet
  facet normal 0 0 1
    outer loop
      vertex 0.2535 0.303399 0.0999994
      vertex 0.23755 0.26705 0.0999994
      vertex 0.2406 0.27115 0.0999994
    endloop
  endfacet
  facet normal 0 0 1
    outer loop
      vertex 0.2406 0.27115 0.0999994
      vertex 0.23755 0.26705 0.0999994
      vertex 0.24 0.270249 0.0999994
    endloop
  endfacet
  facet normal 0 0 1
    outer loop
      vertex 0.23755 0.26705 0.0999994
      vertex 0.226749 0.48755 0.0999994
      vertex 0.233049 0.257899 0.0999994
    endloop
  endfacet
  facet normal 0 0 1
    outer loop
      vertex 0.216599 0.22415 0.0999994
      vertex 0.233049 0.257899 0.0999994
      vertex 0.226749 0.48755 0.0999994
    endloop
  endfacet
  facet normal 0 0 1
    outer loop
      vertex 0.233049 0.257899 0.0999994
      vertex 0.216599 0.22415 0.0999994
      vertex 0.231299 0.249649 0.0999994
    endloop
  endfacet
  facet normal 0 0 1
    outer loop
      vertex 0.231299 0.249649 0.0999994
      vertex 0.2272 0.2359 0.0999994
      vertex 0.228499 0.237499 0.0999994
    endloop
  endfacet
  facet normal 0 0 1
    outer loop
      vertex 0.231299 0.249649 0.0999994
      vertex 0.216599 0.22415 0.0999994
      vertex 0.2272 0.2359 0.0999994
    endloop
  endfacet
  facet normal 0 0 1
    outer loop
      vertex 0.186649 -0.1895 0.0999994
      vertex 0.186 -0.1895 0.0999994
      vertex 0.186449 -0.193 0.0999994
    endloop
  endfacet
  facet normal 0 0 1
    outer loop
      vertex 0.186999 -0.193 0.0999994
      vertex 0.186449 -0.193 0.0999994
      vertex 0.186999 -0.195999 0.0999994
    endloop
  endfacet
  facet normal 0 0 1
    outer loop
      vertex 0.18765 -0.195999 0.0999994
      vertex 0.186999 -0.195999 0.0999994
      vertex 0.187449 -0.199249 0.0999994
    endloop
  endfacet
  facet normal 0 0 1
    outer loop
      vertex 0.1881 -0.2 0.0999994
      vertex 0.187449 -0.199249 0.0999994
      vertex 0.187949 -0.2035 0.0999994
    endloop
  endfacet
  facet normal 0 0 1
    outer loop
      vertex 0.188649 -0.2035 0.0999994
      vertex 0.187949 -0.2035 0.0999994
      vertex 0.18845 -0.207 0.0999994
    endloop
  endfacet
  facet normal 0 0 1
    outer loop
      vertex 0.18915 -0.207 0.0999994
      vertex 0.18845 -0.207 0.0999994
      vertex 0.18895 -0.2105 0.0999994
    endloop
  endfacet
  facet normal 0 0 1
    outer loop
      vertex 0.18965 -0.2105 0.0999994
      vertex 0.18895 -0.2105 0.0999994
      vertex 0.189449 -0.214499 0.0999994
    endloop
  endfacet
  facet normal 0 0 1
    outer loop
      vertex 0.190249 -0.214499 0.0999994
      vertex 0.189449 -0.214499 0.0999994
      vertex 0.18995 -0.215249 0.0999994
    endloop
  endfacet
  facet normal 0 0 1
    outer loop
      vertex 0.190499 0.186999 0.0999994
      vertex 0.19 0.186999 0.0999994
      vertex 0.190499 0.186 0.0999994
    endloop
  endfacet
  facet normal 0 0 1
    outer loop
      vertex 0.19115 0.186 0.0999994
      vertex 0.190499 0.186 0.0999994
      vertex 0.190949 0.1845 0.0999994
    endloop
  endfacet
  facet normal 0 0 1
    outer loop
      vertex 0.1917 0.1845 0.0999994
      vertex 0.190949 0.1845 0.0999994
      vertex 0.191449 0.183499 0.0999994
    endloop
  endfacet
  facet normal 0 0 1
    outer loop
      vertex 0.192149 0.183499 0.0999994
      vertex 0.191449 0.183499 0.0999994
      vertex 0.19195 0.181999 0.0999994
    endloop
  endfacet
  facet normal 0 0 1
    outer loop
      vertex 0.19265 0.181999 0.0999994
      vertex 0.19195 0.181999 0.0999994
      vertex 0.19245 0.180499 0.0999994
    endloop
  endfacet
  facet normal 0 0 1
    outer loop
      vertex 0.193 0.180499 0.0999994
      vertex 0.19245 0.180499 0.0999994
      vertex 0.193 0.1795 0.0999994
    endloop
  endfacet
  facet normal 0 0 1
    outer loop
      vertex 0.193649 0.1795 0.0999994
      vertex 0.193 0.1795 0.0999994
      vertex 0.19345 0.177999 0.0999994
    endloop
  endfacet
  facet normal 0 0 1
    outer loop
      vertex 0.1942 0.177999 0.0999994
      vertex 0.19345 0.177999 0.0999994
      vertex 0.19395 0.176999 0.0999994
    endloop
  endfacet
  facet normal 0 0 1
    outer loop
      vertex 0.19465 0.176999 0.0999994
      vertex 0.19395 0.176999 0.0999994
      vertex 0.194449 0.1755 0.0999994
    endloop
  endfacet
  facet normal 0 0 1
    outer loop
      vertex 0.195149 0.1755 0.0999994
      vertex 0.194449 0.1755 0.0999994
      vertex 0.194949 0.174 0.0999994
    endloop
  endfacet
  facet normal 0 0 1
    outer loop
      vertex 0.195499 0.174 0.0999994
      vertex 0.194949 0.174 0.0999994
      vertex 0.195499 0.172999 0.0999994
    endloop
  endfacet
  facet normal 0 0 1
    outer loop
      vertex 0.19615 0.172999 0.0999994
      vertex 0.195499 0.172999 0.0999994
      vertex 0.19595 0.171499 0.0999994
    endloop
  endfacet
  facet normal 0 0 1
    outer loop
      vertex 0.24305 -0.2995 0.0999994
      vertex 0.2535 -0.320999 0.0999994
      vertex 0.25315 -0.31495 0.0999994
    endloop
  endfacet
  facet normal 0 0 1
    outer loop
      vertex 0.266049 0.4372 0.0999994
      vertex 0.26475 0.438499 0.0999994
      vertex 0.265949 0.433249 0.0999994
    endloop
  endfacet
  facet normal 0 0 1
    outer loop
      vertex 0.271749 0.4184 0.0999994
      vertex 0.273549 0.40525 0.0999994
      vertex 0.2738 0.409149 0.0999994
    endloop
  endfacet
  facet normal 0 0 1
    outer loop
      vertex 0.273149 0.3994 0.0999994
      vertex 0.272699 0.384399 0.0999994
      vertex 0.272949 0.386149 0.0999994
    endloop
  endfacet
  facet normal 0 0 1
    outer loop
      vertex 0.271999 0.38005 0.0999994
      vertex 0.272699 0.384399 0.0999994
      vertex 0.273149 0.3994 0.0999994
    endloop
  endfacet
  facet normal 0 0 1
    outer loop
      vertex 0.272699 0.384399 0.0999994
      vertex 0.271999 0.38005 0.0999994
      vertex 0.272349 0.38065 0.0999994
    endloop
  endfacet
  facet normal 0 0 1
    outer loop
      vertex 0.271999 0.38005 0.0999994
      vertex 0.27185 0.377749 0.0999994
      vertex 0.271999 0.37865 0.0999994
    endloop
  endfacet
  facet normal 0 0 1
    outer loop
      vertex 0.265949 0.433249 0.0999994
      vertex 0.271999 0.38005 0.0999994
      vertex 0.273149 0.3994 0.0999994
    endloop
  endfacet
  facet normal 0 0 1
    outer loop
      vertex 0.271749 0.4184 0.0999994
      vertex 0.27405 0.411349 0.0999994
      vertex 0.27415 0.41185 0.0999994
    endloop
  endfacet
  facet normal 0 0 1
    outer loop
      vertex 0.271749 0.4184 0.0999994
      vertex 0.2738 0.409149 0.0999994
      vertex 0.27405 0.411349 0.0999994
    endloop
  endfacet
  facet normal 0 0 1
    outer loop
      vertex 0.270949 0.4204 0.0999994
      vertex 0.273549 0.40525 0.0999994
      vertex 0.271749 0.4184 0.0999994
    endloop
  endfacet
  facet normal 0 0 1
    outer loop
      vertex 0.270249 0.42215 0.0999994
      vertex 0.273549 0.40525 0.0999994
      vertex 0.270949 0.4204 0.0999994
    endloop
  endfacet
  facet normal 0 0 1
    outer loop
      vertex 0.273549 0.40525 0.0999994
      vertex 0.270249 0.42215 0.0999994
      vertex 0.273149 0.3994 0.0999994
    endloop
  endfacet
  facet normal 0 0 1
    outer loop
      vertex 0.269449 0.424399 0.0999994
      vertex 0.273149 0.3994 0.0999994
      vertex 0.270249 0.42215 0.0999994
    endloop
  endfacet
  facet normal 0 0 1
    outer loop
      vertex 0.271449 0.374399 0.0999994
      vertex 0.271 0.372649 0.0999994
      vertex 0.271399 0.37305 0.0999994
    endloop
  endfacet
  facet normal 0 0 1
    outer loop
      vertex 0.267699 0.4289 0.0999994
      vertex 0.273149 0.3994 0.0999994
      vertex 0.269449 0.424399 0.0999994
    endloop
  endfacet
  facet normal 0 0 1
    outer loop
      vertex 0.271399 -0.398299 0.0999994
      vertex 0.271 -0.3979 0.0999994
      vertex 0.271399 -0.39895 0.0999994
    endloop
  endfacet
  facet normal 0 0 1
    outer loop
      vertex 0.271999 -0.40385 0.0999994
      vertex 0.2717 -0.4021 0.0999994
      vertex 0.271999 -0.405299 0.0999994
    endloop
  endfacet
  facet normal 0 0 1
    outer loop
      vertex 0.452999 -0.0417995 0.0999994
      vertex 0.4521 -0.0414991 0.0999994
      vertex 0.452999 -0.0421991 0.0999994
    endloop
  endfacet
  facet normal -0 0 1
    outer loop
      vertex 0.462549 -0.0499992 0.0999994
      vertex 0.474999 -0.256 0.0999994
      vertex 0.474999 -0.0499992 0.0999994
    endloop
  endfacet
  facet normal 0 0 1
    outer loop
      vertex 0.462549 -0.0499992 0.0999994
      vertex 0.46215 -0.256 0.0999994
      vertex 0.474999 -0.256 0.0999994
    endloop
  endfacet
  facet normal 0 0 1
    outer loop
      vertex 0.375099 -0.262799 0.0999994
      vertex 0.462549 -0.0499992 0.0999994
      vertex 0.460549 -0.0483999 0.0999994
    endloop
  endfacet
  facet normal 0 0 1
    outer loop
      vertex 0.2989 -0.0510998 0.0999994
      vertex 0.460549 -0.0483999 0.0999994
      vertex 0.459249 -0.0472498 0.0999994
    endloop
  endfacet
  facet normal 0 0 1
    outer loop
      vertex 0.2989 -0.0510998 0.0999994
      vertex 0.459249 -0.0472498 0.0999994
      vertex 0.455649 -0.0442495 0.0999994
    endloop
  endfacet
  facet normal 0 0 1
    outer loop
      vertex 0.2989 -0.0510998 0.0999994
      vertex 0.455649 -0.0442495 0.0999994
      vertex 0.452999 -0.0421991 0.0999994
    endloop
  endfacet
  facet normal 0 0 1
    outer loop
      vertex 0.316649 -0.0372992 0.0999994
      vertex 0.452999 -0.0421991 0.0999994
      vertex 0.4521 -0.0414991 0.0999994
    endloop
  endfacet
  facet normal -0 0 1
    outer loop
      vertex 0.44895 -0.0389996 0.0999994
      vertex 0.4521 -0.0414991 0.0999994
      vertex 0.4494 -0.0389996 0.0999994
    endloop
  endfacet
  facet normal 0 0 1
    outer loop
      vertex 0.425799 -0.0259991 0.0999994
      vertex 0.4521 -0.0414991 0.0999994
      vertex 0.44895 -0.0389996 0.0999994
    endloop
  endfacet
  facet normal 0 0 1
    outer loop
      vertex 0.462549 -0.0499992 0.0999994
      vertex 0.447399 -0.258499 0.0999994
      vertex 0.46215 -0.256 0.0999994
    endloop
  endfacet
  facet normal 0 0 1
    outer loop
      vertex 0.462549 -0.0499992 0.0999994
      vertex 0.445149 -0.2588 0.0999994
      vertex 0.447399 -0.258499 0.0999994
    endloop
  endfacet
  facet normal 0 0 1
    outer loop
      vertex 0.462549 -0.0499992 0.0999994
      vertex 0.4424 -0.25925 0.0999994
      vertex 0.445149 -0.2588 0.0999994
    endloop
  endfacet
  facet normal 0 0 1
    outer loop
      vertex 0.445149 -0.2588 0.0999994
      vertex 0.4424 -0.25925 0.0999994
      vertex 0.44395 -0.25925 0.0999994
    endloop
  endfacet
  facet normal -0 0 1
    outer loop
      vertex 0.4366 -0.0274992 0.0999994
      vertex 0.44895 -0.0389996 0.0999994
      vertex 0.437349 -0.0274992 0.0999994
    endloop
  endfacet
  facet normal 0 0 1
    outer loop
      vertex 0.4332 -0.0269995 0.0999994
      vertex 0.44895 -0.0389996 0.0999994
      vertex 0.4366 -0.0274992 0.0999994
    endloop
  endfacet
  facet normal 0 0 1
    outer loop
      vertex 0.429199 -0.0264997 0.0999994
      vertex 0.44895 -0.0389996 0.0999994
      vertex 0.4332 -0.0269995 0.0999994
    endloop
  endfacet
  facet normal 0 0 1
    outer loop
      vertex 0.4332 -0.0269995 0.0999994
      vertex 0.4366 -0.0274992 0.0999994
      vertex 0.436199 -0.0270996 0.0999994
    endloop
  endfacet
  facet normal 0 0 1
    outer loop
      vertex 0.462549 -0.0499992 0.0999994
      vertex 0.431399 -0.26125 0.0999994
      vertex 0.4424 -0.25925 0.0999994
    endloop
  endfacet
  facet normal 0 0 1
    outer loop
      vertex 0.429199 -0.0264997 0.0999994
      vertex 0.4332 -0.0269995 0.0999994
      vertex 0.43265 -0.0265999 0.0999994
    endloop
  endfacet
  facet normal 0 0 1
    outer loop
      vertex 0.425799 -0.0259991 0.0999994
      vertex 0.44895 -0.0389996 0.0999994
      vertex 0.429199 -0.0264997 0.0999994
    endloop
  endfacet
  facet normal 0 0 1
    outer loop
      vertex 0.4424 -0.25925 0.0999994
      vertex 0.431399 -0.26125 0.0999994
      vertex 0.436649 -0.260699 0.0999994
    endloop
  endfacet
  facet normal 0 0 1
    outer loop
      vertex 0.42645 -0.0259991 0.0999994
      vertex 0.429199 -0.0264997 0.0999994
      vertex 0.42865 -0.0261497 0.0999994
    endloop
  endfacet
  facet normal 0 0 1
    outer loop
      vertex 0.429199 -0.0264997 0.0999994
      vertex 0.42645 -0.0259991 0.0999994
      vertex 0.425799 -0.0259991 0.0999994
    endloop
  endfacet
  facet normal 0 0 1
    outer loop
      vertex 0.4521 -0.0414991 0.0999994
      vertex 0.425799 -0.0259991 0.0999994
      vertex 0.316649 -0.0372992 0.0999994
    endloop
  endfacet
  facet normal 0 0 1
    outer loop
      vertex 0.462549 -0.0499992 0.0999994
      vertex 0.4234 -0.2623 0.0999994
      vertex 0.431399 -0.26125 0.0999994
    endloop
  endfacet
  facet normal 0 0 1
    outer loop
      vertex 0.462549 -0.0499992 0.0999994
      vertex 0.4204 -0.262799 0.0999994
      vertex 0.4234 -0.2623 0.0999994
    endloop
  endfacet
  facet normal 0 0 1
    outer loop
      vertex 0.397499 -0.0128498 0.0999994
      vertex 0.425799 -0.0259991 0.0999994
      vertex 0.41815 -0.0206499 0.0999994
    endloop
  endfacet
  facet normal 0 0 1
    outer loop
      vertex 0.462549 -0.0499992 0.0999994
      vertex 0.37855 -0.2632 0.0999994
      vertex 0.4204 -0.262799 0.0999994
    endloop
  endfacet
  facet normal 0 0 1
    outer loop
      vertex 0.4204 -0.262799 0.0999994
      vertex 0.416849 -0.26425 0.0999994
      vertex 0.41725 -0.26425 0.0999994
    endloop
  endfacet
  facet normal 0 -0 1
    outer loop
      vertex 0.405899 -0.26575 0.0999994
      vertex 0.4204 -0.262799 0.0999994
      vertex 0.3979 -0.265249 0.0999994
    endloop
  endfacet
  facet normal 0 0 1
    outer loop
      vertex 0.4155 -0.26485 0.0999994
      vertex 0.414499 -0.265249 0.0999994
      vertex 0.4155 -0.265249 0.0999994
    endloop
  endfacet
  facet normal 0 0 1
    outer loop
      vertex 0.4204 -0.262799 0.0999994
      vertex 0.405899 -0.26575 0.0999994
      vertex 0.416849 -0.26425 0.0999994
    endloop
  endfacet
  facet normal 0 0 1
    outer loop
      vertex 0.414499 -0.265249 0.0999994
      vertex 0.412649 -0.26625 0.0999994
      vertex 0.414499 -0.26565 0.0999994
    endloop
  endfacet
  facet normal 0 0 1
    outer loop
      vertex 0.416849 -0.26425 0.0999994
      vertex 0.405899 -0.26575 0.0999994
      vertex 0.4155 -0.26485 0.0999994
    endloop
  endfacet
  facet normal 0 0 1
    outer loop
      vertex 0.397499 -0.0128498 0.0999994
      vertex 0.41815 -0.0206499 0.0999994
      vertex 0.412149 -0.0165997 0.0999994
    endloop
  endfacet
  facet normal 0 -0 1
    outer loop
      vertex 0.40765 -0.26625 0.0999994
      vertex 0.414499 -0.265249 0.0999994
      vertex 0.405899 -0.26575 0.0999994
    endloop
  endfacet
  facet normal 0 0 1
    outer loop
      vertex 0.414499 -0.265249 0.0999994
      vertex 0.40765 -0.26625 0.0999994
      vertex 0.412649 -0.26625 0.0999994
    endloop
  endfacet
  facet normal 0 0 1
    outer loop
      vertex 0.4155 -0.26485 0.0999994
      vertex 0.405899 -0.26575 0.0999994
      vertex 0.414499 -0.265249 0.0999994
    endloop
  endfacet
  facet normal 0 0 1
    outer loop
      vertex 0.405899 -0.26575 0.0999994
      vertex 0.3979 -0.265249 0.0999994
      vertex 0.39965 -0.2658 0.0999994
    endloop
  endfacet
  facet normal 0 0 1
    outer loop
      vertex 0.425799 -0.0259991 0.0999994
      vertex 0.397499 -0.0128498 0.0999994
      vertex 0.32165 -0.0328999 0.0999994
    endloop
  endfacet
  facet normal 0 0 1
    outer loop
      vertex 0.4204 -0.262799 0.0999994
      vertex 0.38155 -0.2637 0.0999994
      vertex 0.3979 -0.265249 0.0999994
    endloop
  endfacet
  facet normal 0 0 1
    outer loop
      vertex 0.271999 -0.405299 0.0999994
      vertex 0.272949 -0.411349 0.0999994
      vertex 0.272449 -0.4071 0.0999994
    endloop
  endfacet
  facet normal 0 0 1
    outer loop
      vertex 0.271999 -0.405299 0.0999994
      vertex 0.272449 -0.4071 0.0999994
      vertex 0.272349 -0.405849 0.0999994
    endloop
  endfacet
  facet normal 0 0 1
    outer loop
      vertex 0.27395 -0.436099 0.0999994
      vertex 0.272249 -0.442249 0.0999994
      vertex 0.27415 -0.437099 0.0999994
    endloop
  endfacet
  facet normal 0 0 1
    outer loop
      vertex 0.273549 -0.430499 0.0999994
      vertex 0.272249 -0.442249 0.0999994
      vertex 0.27395 -0.436099 0.0999994
    endloop
  endfacet
  facet normal 0 0 1
    outer loop
      vertex 0.270949 -0.4456 0.0999994
      vertex 0.273549 -0.430499 0.0999994
      vertex 0.273149 -0.4246 0.0999994
    endloop
  endfacet
  facet normal 0 0 1
    outer loop
      vertex 0.272949 -0.411349 0.0999994
      vertex 0.271999 -0.405299 0.0999994
      vertex 0.273149 -0.4246 0.0999994
    endloop
  endfacet
  facet normal 0 0 1
    outer loop
      vertex 0.265949 -0.4585 0.0999994
      vertex 0.273149 -0.4246 0.0999994
      vertex 0.271999 -0.405299 0.0999994
    endloop
  endfacet
  facet normal 0 0 1
    outer loop
      vertex 0.271 -0.3979 0.0999994
      vertex 0.271999 -0.405299 0.0999994
      vertex 0.2717 -0.4021 0.0999994
    endloop
  endfacet
  facet normal 0 0 1
    outer loop
      vertex 0.271 -0.3979 0.0999994
      vertex 0.2717 -0.4021 0.0999994
      vertex 0.271399 -0.39895 0.0999994
    endloop
  endfacet
  facet normal 0 0 1
    outer loop
      vertex 0.271999 -0.405299 0.0999994
      vertex 0.271 -0.3979 0.0999994
      vertex 0.26265 -0.37385 0.0999994
    endloop
  endfacet
  facet normal 0 0 1
    outer loop
      vertex 0.273549 -0.430499 0.0999994
      vertex 0.270949 -0.4456 0.0999994
      vertex 0.272249 -0.442249 0.0999994
    endloop
  endfacet
  facet normal 0 0 1
    outer loop
      vertex 0.270249 0.42215 0.0999994
      vertex 0.270949 0.4204 0.0999994
      vertex 0.270849 0.421149 0.0999994
    endloop
  endfacet
  facet normal 0 0 1
    outer loop
      vertex 0.271 0.372649 0.0999994
      vertex 0.27035 0.3614 0.0999994
      vertex 0.271049 0.362499 0.0999994
    endloop
  endfacet
  facet normal 0 0 1
    outer loop
      vertex 0.265949 0.433249 0.0999994
      vertex 0.273149 0.3994 0.0999994
      vertex 0.267699 0.4289 0.0999994
    endloop
  endfacet
  facet normal 0 0 1
    outer loop
      vertex 0.26265 0.34865 0.0999994
      vertex 0.271999 0.38005 0.0999994
      vertex 0.265949 0.433249 0.0999994
    endloop
  endfacet
  facet normal 0 0 1
    outer loop
      vertex 0.27185 0.377749 0.0999994
      vertex 0.271 0.372649 0.0999994
      vertex 0.271449 0.374399 0.0999994
    endloop
  endfacet
  facet normal 0 0 1
    outer loop
      vertex 0.267699 0.4289 0.0999994
      vertex 0.269449 0.424399 0.0999994
      vertex 0.269349 0.42515 0.0999994
    endloop
  endfacet
  facet normal 0 -0 1
    outer loop
      vertex 0.271 0.372649 0.0999994
      vertex 0.271999 0.38005 0.0999994
      vertex 0.26265 0.34865 0.0999994
    endloop
  endfacet
  facet normal 0 0 1
    outer loop
      vertex 0.265949 0.433249 0.0999994
      vertex 0.267699 0.4289 0.0999994
      vertex 0.2668 0.4317 0.0999994
    endloop
  endfacet
  facet normal 0 0 1
    outer loop
      vertex 0.271999 0.38005 0.0999994
      vertex 0.271 0.372649 0.0999994
      vertex 0.27185 0.377749 0.0999994
    endloop
  endfacet
  facet normal 0 0 1
    outer loop
      vertex 0.26265 0.34865 0.0999994
      vertex 0.265949 0.433249 0.0999994
      vertex 0.26475 0.438499 0.0999994
    endloop
  endfacet
  facet normal 0 0 1
    outer loop
      vertex 0.271 0.372649 0.0999994
      vertex 0.26265 0.34865 0.0999994
      vertex 0.27035 0.3614 0.0999994
    endloop
  endfacet
  facet normal 0 0 1
    outer loop
      vertex 0.273149 -0.4246 0.0999994
      vertex 0.270249 -0.447399 0.0999994
      vertex 0.270949 -0.4456 0.0999994
    endloop
  endfacet
  facet normal 0 0 1
    outer loop
      vertex 0.270949 -0.4456 0.0999994
      vertex 0.270249 -0.447399 0.0999994
      vertex 0.270849 -0.446349 0.0999994
    endloop
  endfacet
  facet normal 0 0 1
    outer loop
      vertex 0.268149 -0.382999 0.0999994
      vertex 0.271 -0.3979 0.0999994
      vertex 0.271049 -0.38775 0.0999994
    endloop
  endfacet
  facet normal 0 0 1
    outer loop
      vertex 0.26265 -0.37385 0.0999994
      vertex 0.271 -0.3979 0.0999994
      vertex 0.268149 -0.382999 0.0999994
    endloop
  endfacet
  facet normal 0 0 1
    outer loop
      vertex 0.271999 -0.405299 0.0999994
      vertex 0.26265 -0.37385 0.0999994
      vertex 0.265949 -0.4585 0.0999994
    endloop
  endfacet
  facet normal 0 0 1
    outer loop
      vertex 0.273149 -0.4246 0.0999994
      vertex 0.269449 -0.449599 0.0999994
      vertex 0.270249 -0.447399 0.0999994
    endloop
  endfacet
  facet normal 0 0 1
    outer loop
      vertex 0.273149 -0.4246 0.0999994
      vertex 0.267699 -0.4541 0.0999994
      vertex 0.269449 -0.449599 0.0999994
    endloop
  endfacet
  facet normal 0 0 1
    outer loop
      vertex 0.269449 -0.449599 0.0999994
      vertex 0.267699 -0.4541 0.0999994
      vertex 0.269349 -0.45035 0.0999994
    endloop
  endfacet
  facet normal 0 0 1
    outer loop
      vertex 0.273149 -0.4246 0.0999994
      vertex 0.265949 -0.4585 0.0999994
      vertex 0.267699 -0.4541 0.0999994
    endloop
  endfacet
  facet normal 0 0 1
    outer loop
      vertex 0.267699 -0.4541 0.0999994
      vertex 0.265949 -0.4585 0.0999994
      vertex 0.2668 -0.456949 0.0999994
    endloop
  endfacet
  facet normal 0 0 1
    outer loop
      vertex 0.265949 -0.4585 0.0999994
      vertex 0.26265 -0.37385 0.0999994
      vertex 0.2625 -0.46645 0.0999994
    endloop
  endfacet
  facet normal 0 0 1
    outer loop
      vertex 0.265949 -0.4585 0.0999994
      vertex 0.2625 -0.46645 0.0999994
      vertex 0.26475 -0.46375 0.0999994
    endloop
  endfacet
  facet normal 0 0 1
    outer loop
      vertex 0.26475 -0.46375 0.0999994
      vertex 0.2625 -0.46645 0.0999994
      vertex 0.26475 -0.464199 0.0999994
    endloop
  endfacet
  facet normal 0 0 1
    outer loop
      vertex 0.0522499 -0.324599 0.0999994
      vertex 0.26265 -0.37385 0.0999994
      vertex 0.261749 -0.3706 0.0999994
    endloop
  endfacet
  facet normal 0 0 1
    outer loop
      vertex 0.26265 -0.37385 0.0999994
      vertex 0.0509996 -0.4878 0.0999994
      vertex 0.2625 -0.46645 0.0999994
    endloop
  endfacet
  facet normal 0 0 1
    outer loop
      vertex 0.26015 -0.363099 0.0999994
      vertex 0.261749 -0.3706 0.0999994
      vertex 0.260949 -0.366349 0.0999994
    endloop
  endfacet
  facet normal 0 0 1
    outer loop
      vertex 0.062149 -0.31285 0.0999994
      vertex 0.261749 -0.3706 0.0999994
      vertex 0.26015 -0.363099 0.0999994
    endloop
  endfacet
  facet normal 0 0 1
    outer loop
      vertex 0.062149 -0.31285 0.0999994
      vertex 0.26015 -0.363099 0.0999994
      vertex 0.259999 -0.35885 0.0999994
    endloop
  endfacet
  facet normal 0 0 1
    outer loop
      vertex 0.2535 -0.3286 0.0999994
      vertex 0.259999 -0.35885 0.0999994
      vertex 0.257799 -0.3376 0.0999994
    endloop
  endfacet
  facet normal 0 0 1
    outer loop
      vertex 0.2625 -0.46645 0.0999994
      vertex 0.0509996 -0.4878 0.0999994
      vertex 0.261049 -0.472099 0.0999994
    endloop
  endfacet
  facet normal 0 0 1
    outer loop
      vertex 0.259999 -0.35885 0.0999994
      vertex 0.2535 -0.3286 0.0999994
      vertex 0.062149 -0.31285 0.0999994
    endloop
  endfacet
  facet normal 0 0 1
    outer loop
      vertex 0.261049 -0.472099 0.0999994
      vertex 0.0509996 -0.4878 0.0999994
      vertex 0.2575 -0.4873 0.0999994
    endloop
  endfacet
  facet normal 0 0 1
    outer loop
      vertex 0.2535 -0.320999 0.0999994
      vertex 0.24305 -0.2995 0.0999994
      vertex 0.2535 -0.3286 0.0999994
    endloop
  endfacet
  facet normal 0 0 1
    outer loop
      vertex 0.24305 -0.2995 0.0999994
      vertex 0.25315 -0.31495 0.0999994
      vertex 0.25305 -0.3125 0.0999994
    endloop
  endfacet
  facet normal 0 0 1
    outer loop
      vertex 0.2406 -0.29635 0.0999994
      vertex 0.2535 -0.3286 0.0999994
      vertex 0.24305 -0.2995 0.0999994
    endloop
  endfacet
  facet normal 0 0 1
    outer loop
      vertex 0.2406 -0.29635 0.0999994
      vertex 0.24305 -0.2995 0.0999994
      vertex 0.24115 -0.296949 0.0999994
    endloop
  endfacet
  facet normal 0 0 1
    outer loop
      vertex 0.23755 -0.292299 0.0999994
      vertex 0.2535 -0.3286 0.0999994
      vertex 0.2406 -0.29635 0.0999994
    endloop
  endfacet
  facet normal 0 0 1
    outer loop
      vertex 0.239149 -0.29435 0.0999994
      vertex 0.2406 -0.29635 0.0999994
      vertex 0.2394 -0.2946 0.0999994
    endloop
  endfacet
  facet normal 0 0 1
    outer loop
      vertex 0.23755 -0.292299 0.0999994
      vertex 0.2406 -0.29635 0.0999994
      vertex 0.239149 -0.29435 0.0999994
    endloop
  endfacet
  facet normal 0 0 1
    outer loop
      vertex 0.2535 -0.3286 0.0999994
      vertex 0.23755 -0.292299 0.0999994
      vertex 0.062149 -0.31285 0.0999994
    endloop
  endfacet
  facet normal 0 0 1
    outer loop
      vertex 0.0627499 -0.310849 0.0999994
      vertex 0.23755 -0.292299 0.0999994
      vertex 0.233049 -0.283099 0.0999994
    endloop
  endfacet
  facet normal 0 0 1
    outer loop
      vertex 0.214999 -0.247499 0.0999994
      vertex 0.233049 -0.283099 0.0999994
      vertex 0.231299 -0.27485 0.0999994
    endloop
  endfacet
  facet normal 0 0 1
    outer loop
      vertex 0.214999 -0.247499 0.0999994
      vertex 0.231299 -0.27485 0.0999994
      vertex 0.229199 -0.265849 0.0999994
    endloop
  endfacet
  facet normal 0 0 1
    outer loop
      vertex 0.2272 -0.2611 0.0999994
      vertex 0.229199 -0.265849 0.0999994
      vertex 0.228649 -0.2632 0.0999994
    endloop
  endfacet
  facet normal 0 0 1
    outer loop
      vertex 0.2272 -0.2611 0.0999994
      vertex 0.228649 -0.2632 0.0999994
      vertex 0.228499 -0.26275 0.0999994
    endloop
  endfacet
  facet normal 0 0 1
    outer loop
      vertex 0.229199 -0.265849 0.0999994
      vertex 0.2272 -0.2611 0.0999994
      vertex 0.214999 -0.247499 0.0999994
    endloop
  endfacet
  facet normal 0 0 1
    outer loop
      vertex 0.233049 -0.283099 0.0999994
      vertex 0.214999 -0.247499 0.0999994
      vertex 0.0680494 -0.2877 0.0999994
    endloop
  endfacet
  facet normal 0 0 1
    outer loop
      vertex 0.2126 -0.244849 0.0999994
      vertex 0.214999 -0.247499 0.0999994
      vertex 0.2134 -0.2456 0.0999994
    endloop
  endfacet
  facet normal 0 0 1
    outer loop
      vertex 0.214999 -0.247499 0.0999994
      vertex 0.2126 -0.244849 0.0999994
      vertex 0.0680494 -0.2877 0.0999994
    endloop
  endfacet
  facet normal 0 0 1
    outer loop
      vertex 0.0680494 -0.2877 0.0999994
      vertex 0.2126 -0.244849 0.0999994
      vertex 0.20865 -0.237599 0.0999994
    endloop
  endfacet
  facet normal 0 0 1
    outer loop
      vertex 0.0680494 -0.2877 0.0999994
      vertex 0.20865 -0.237599 0.0999994
      vertex 0.18995 -0.215249 0.0999994
    endloop
  endfacet
  facet normal 0 0 1
    outer loop
      vertex 0.0634995 -0.267099 0.0999994
      vertex 0.18995 -0.215249 0.0999994
      vertex 0.189449 -0.214499 0.0999994
    endloop
  endfacet
  facet normal 0 0 1
    outer loop
      vertex 0.0634995 -0.267099 0.0999994
      vertex 0.18895 -0.2105 0.0999994
      vertex 0.18845 -0.207 0.0999994
    endloop
  endfacet
  facet normal 0 0 1
    outer loop
      vertex 0.0634995 -0.267099 0.0999994
      vertex 0.18845 -0.207 0.0999994
      vertex 0.187949 -0.2035 0.0999994
    endloop
  endfacet
  facet normal 0 0 1
    outer loop
      vertex 0.186449 -0.193 0.0999994
      vertex 0.0634995 -0.267099 0.0999994
      vertex 0.186999 -0.195999 0.0999994
    endloop
  endfacet
  facet normal 0 0 1
    outer loop
      vertex 0.0634995 -0.267099 0.0999994
      vertex 0.186449 -0.193 0.0999994
      vertex 0.10465 -0.12995 0.0999994
    endloop
  endfacet
  facet normal 0 0 1
    outer loop
      vertex 0.186999 -0.195999 0.0999994
      vertex 0.0634995 -0.267099 0.0999994
      vertex 0.187449 -0.199249 0.0999994
    endloop
  endfacet
  facet normal -0 0 1
    outer loop
      vertex 0.1043 -0.1263 0.0999994
      vertex 0.186 -0.186199 0.0999994
      vertex 0.12925 -0.0128498 0.0999994
    endloop
  endfacet
  facet normal -0 0 1
    outer loop
      vertex 0.10465 -0.12995 0.0999994
      vertex 0.186 -0.186199 0.0999994
      vertex 0.104799 -0.129299 0.0999994
    endloop
  endfacet
  facet normal 0 0 1
    outer loop
      vertex 0.186 -0.186199 0.0999994
      vertex 0.10465 -0.12995 0.0999994
      vertex 0.186 -0.1895 0.0999994
    endloop
  endfacet
  facet normal 0 0 1
    outer loop
      vertex 0.186 -0.1895 0.0999994
      vertex 0.10465 -0.12995 0.0999994
      vertex 0.186449 -0.193 0.0999994
    endloop
  endfacet
  facet normal 0 0 1
    outer loop
      vertex 0.1043 -0.1263 0.0999994
      vertex 0.12925 -0.0128498 0.0999994
      vertex 0.11325 -0.0197496 0.0999994
    endloop
  endfacet
  facet normal 0 0 1
    outer loop
      vertex 0.0948496 -0.0376492 0.0999994
      vertex 0.11325 -0.0197496 0.0999994
      vertex 0.112749 -0.0197496 0.0999994
    endloop
  endfacet
  facet normal 0 0 1
    outer loop
      vertex 0.187449 -0.199249 0.0999994
      vertex 0.0634995 -0.267099 0.0999994
      vertex 0.187949 -0.2035 0.0999994
    endloop
  endfacet
  facet normal 0 0 1
    outer loop
      vertex 0.0634995 -0.267099 0.0999994
      vertex 0.189449 -0.214499 0.0999994
      vertex 0.18895 -0.2105 0.0999994
    endloop
  endfacet
  facet normal 0 0 1
    outer loop
      vertex 0.0701494 -0.1158 0.0999994
      vertex 0.10465 -0.12995 0.0999994
      vertex 0.0873995 -0.117 0.0999994
    endloop
  endfacet
  facet normal -0 0 1
    outer loop
      vertex 0.0554495 -0.119499 0.0999994
      vertex 0.10465 -0.12995 0.0999994
      vertex 0.0701494 -0.1158 0.0999994
    endloop
  endfacet
  facet normal 0 0 1
    outer loop
      vertex 0.233049 -0.283099 0.0999994
      vertex 0.0680494 -0.2877 0.0999994
      vertex 0.0669498 -0.2921 0.0999994
    endloop
  endfacet
  facet normal 0 0 1
    outer loop
      vertex 0.233049 -0.283099 0.0999994
      vertex 0.0669498 -0.2921 0.0999994
      vertex 0.0627499 -0.310849 0.0999994
    endloop
  endfacet
  facet normal 0 0 1
    outer loop
      vertex 0.23755 -0.292299 0.0999994
      vertex 0.0627499 -0.310849 0.0999994
      vertex 0.062149 -0.31285 0.0999994
    endloop
  endfacet
  facet normal 0 0 1
    outer loop
      vertex 0.261749 -0.3706 0.0999994
      vertex 0.062149 -0.31285 0.0999994
      vertex 0.0609999 -0.314099 0.0999994
    endloop
  endfacet
  facet normal 0 0 1
    outer loop
      vertex 0.261749 -0.3706 0.0999994
      vertex 0.0609999 -0.314099 0.0999994
      vertex 0.0522499 -0.324599 0.0999994
    endloop
  endfacet
  facet normal 0 0 1
    outer loop
      vertex 0.0472498 -0.4828 0.0999994
      vertex 0.26265 -0.37385 0.0999994
      vertex 0.0522499 -0.324599 0.0999994
    endloop
  endfacet
  facet normal 0 0 1
    outer loop
      vertex 0.2575 -0.4873 0.0999994
      vertex 0.0509996 -0.4878 0.0999994
      vertex 0.2575 -0.5 0.0999994
    endloop
  endfacet
  facet normal 0 0 1
    outer loop
      vertex 0.2575 -0.5 0.0999994
      vertex 0.0509996 -0.4878 0.0999994
      vertex 0.0509996 -0.5 0.0999994
    endloop
  endfacet
  facet normal 0 0 1
    outer loop
      vertex 0.266049 -0.462449 0.0999994
      vertex 0.265949 -0.4585 0.0999994
      vertex 0.26475 -0.46375 0.0999994
    endloop
  endfacet
  facet normal 0 0 1
    outer loop
      vertex 0.0985498 0.0843992 0.0999994
      vertex 0.10475 0.104549 0.0999994
      vertex 0.0989494 0.0871496 0.0999994
    endloop
  endfacet
  facet normal 0 0 1
    outer loop
      vertex 0.0985498 0.0843992 0.0999994
      vertex 0.0989494 0.0871496 0.0999994
      vertex 0.0986996 0.0861492 0.0999994
    endloop
  endfacet
  facet normal 0 0 1
    outer loop
      vertex 0.0981998 0.0818996 0.0999994
      vertex 0.10475 0.104549 0.0999994
      vertex 0.0985498 0.0843992 0.0999994
    endloop
  endfacet
  facet normal 0 0 1
    outer loop
      vertex 0.0981998 0.0818996 0.0999994
      vertex 0.0985498 0.0843992 0.0999994
      vertex 0.0982494 0.0826492 0.0999994
    endloop
  endfacet
  facet normal -0 0 1
    outer loop
      vertex 0.0975494 0.0778999 0.0999994
      vertex 0.12925 -0.0123491 0.0999994
      vertex 0.0981998 0.0818996 0.0999994
    endloop
  endfacet
  facet normal 0 0 1
    outer loop
      vertex 0.0975494 0.0778999 0.0999994
      vertex 0.0981998 0.0818996 0.0999994
      vertex 0.0978994 0.0811491 0.0999994
    endloop
  endfacet
  facet normal -0 0 1
    outer loop
      vertex 0.0971994 0.0753994 0.0999994
      vertex 0.12925 -0.0123491 0.0999994
      vertex 0.0975494 0.0778999 0.0999994
    endloop
  endfacet
  facet normal 0 0 1
    outer loop
      vertex 0.0971994 0.0753994 0.0999994
      vertex 0.0975494 0.0778999 0.0999994
      vertex 0.09725 0.0761499 0.0999994
    endloop
  endfacet
  facet normal -0 0 1
    outer loop
      vertex 0.0967493 0.0717993 0.0999994
      vertex 0.12925 -0.0123491 0.0999994
      vertex 0.0971994 0.0753994 0.0999994
    endloop
  endfacet
  facet normal 0 0 1
    outer loop
      vertex 0.0967493 0.0724497 0.0999994
      vertex 0.0971994 0.0753994 0.0999994
      vertex 0.0969 0.0746498 0.0999994
    endloop
  endfacet
  facet normal 0 0 1
    outer loop
      vertex 0.0971994 0.0753994 0.0999994
      vertex 0.0967493 0.0724497 0.0999994
      vertex 0.0967493 0.0717993 0.0999994
    endloop
  endfacet
  facet normal -0 0 1
    outer loop
      vertex 0.0914993 0.0278997 0.0999994
      vertex 0.12925 -0.0123491 0.0999994
      vertex 0.0967493 0.0717993 0.0999994
    endloop
  endfacet
  facet normal 0 0 1
    outer loop
      vertex 0.12925 -0.0123491 0.0999994
      vertex 0.0914993 0.0278997 0.0999994
      vertex 0.1129 -0.00394917 0.0999994
    endloop
  endfacet
  facet normal 0 0 1
    outer loop
      vertex 0.1129 -0.00394917 0.0999994
      vertex 0.0914993 0.0278997 0.0999994
      vertex 0.0963497 0.0124998 0.0999994
    endloop
  endfacet
  facet normal 0 0 1
    outer loop
      vertex 0.0902491 0.0603991 0.0999994
      vertex 0.0967493 0.0717993 0.0999994
      vertex 0.0905495 0.0625 0.0999994
    endloop
  endfacet
  facet normal 0 0 1
    outer loop
      vertex 0.0891495 0.0351496 0.0999994
      vertex 0.0967493 0.0717993 0.0999994
      vertex 0.0902491 0.0603991 0.0999994
    endloop
  endfacet
  facet normal 0 0 1
    outer loop
      vertex 0.0967493 0.0717993 0.0999994
      vertex 0.0891495 0.0351496 0.0999994
      vertex 0.0914993 0.0278997 0.0999994
    endloop
  endfacet
  facet normal -0 0 1
    outer loop
      vertex 0.0881491 0.0386 0.0999994
      vertex 0.0891495 0.0351496 0.0999994
      vertex 0.0902491 0.0603991 0.0999994
    endloop
  endfacet
  facet normal 0 0 1
    outer loop
      vertex 0.0891495 0.0351496 0.0999994
      vertex 0.0881491 0.0386 0.0999994
      vertex 0.0880499 0.0378494 0.0999994
    endloop
  endfacet
  facet normal 0 0 1
    outer loop
      vertex 0.104799 -0.129299 0.0999994
      vertex 0.1043 -0.1263 0.0999994
      vertex 0.10415 -0.1271 0.0999994
    endloop
  endfacet
  facet normal 0 0 1
    outer loop
      vertex 0.1043 -0.1263 0.0999994
      vertex 0.103749 -0.123699 0.0999994
      vertex 0.103649 -0.1241 0.0999994
    endloop
  endfacet
  facet normal 0 0 1
    outer loop
      vertex 0.103749 -0.123699 0.0999994
      vertex 0.103299 -0.120799 0.0999994
      vertex 0.103149 -0.121599 0.0999994
    endloop
  endfacet
  facet normal 0 0 1
    outer loop
      vertex 0.103299 -0.120799 0.0999994
      vertex 0.10275 -0.118199 0.0999994
      vertex 0.10265 -0.1186 0.0999994
    endloop
  endfacet
  facet normal 0 0 1
    outer loop
      vertex 0.101049 -0.107599 0.0999994
      vertex 0.10075 -0.10425 0.0999994
      vertex 0.10075 -0.105849 0.0999994
    endloop
  endfacet
  facet normal 0 0 1
    outer loop
      vertex 0.10075 -0.10425 0.0999994
      vertex 0.1003 -0.100499 0.0999994
      vertex 0.100149 -0.102099 0.0999994
    endloop
  endfacet
  facet normal 0 0 1
    outer loop
      vertex 0.0497494 -0.485999 0.0999994
      vertex 0.0472498 -0.4828 0.0999994
      vertex 0.0472498 -0.483199 0.0999994
    endloop
  endfacet
  facet normal 0 0 1
    outer loop
      vertex 0.0282497 0.432449 0.0999994
      vertex 0.0388994 0.447399 0.0999994
      vertex 0.0287991 0.435049 0.0999994
    endloop
  endfacet
  facet normal 0 0 1
    outer loop
      vertex 0.0273991 0.428049 0.0999994
      vertex 0.0388994 0.447399 0.0999994
      vertex 0.0282497 0.432449 0.0999994
    endloop
  endfacet
  facet normal 0 0 1
    outer loop
      vertex 0.0273991 0.428049 0.0999994
      vertex 0.0282497 0.432449 0.0999994
      vertex 0.0278997 0.431649 0.0999994
    endloop
  endfacet
  facet normal 0 0 1
    outer loop
      vertex 0.0271997 0.427199 0.0999994
      vertex 0.0388994 0.447399 0.0999994
      vertex 0.0273991 0.428049 0.0999994
    endloop
  endfacet
  facet normal 0 0 1
    outer loop
      vertex 0.0376492 0.31815 0.0999994
      vertex 0.0271997 0.427199 0.0999994
      vertex 0.0351496 0.3209 0.0999994
    endloop
  endfacet
  facet normal -0 0 1
    outer loop
      vertex 0.0126991 0.397499 0.0999994
      vertex 0.0351496 0.3209 0.0999994
      vertex 0.0271997 0.427199 0.0999994
    endloop
  endfacet
  facet normal -0 -0 1
    outer loop
      vertex 0.0141993 0.351899 0.0999994
      vertex 0.0351496 0.3209 0.0999994
      vertex 0.0126991 0.397499 0.0999994
    endloop
  endfacet
  facet normal 0 0 1
    outer loop
      vertex 0.0243492 0.3325 0.0999994
      vertex 0.0186491 0.34065 0.0999994
      vertex 0.0195999 0.3377 0.0999994
    endloop
  endfacet
  facet normal 0 0 1
    outer loop
      vertex 0.0127993 0.398049 0.0999994
      vertex 0.0271997 0.427199 0.0999994
      vertex 0.0167999 0.41325 0.0999994
    endloop
  endfacet
  facet normal 0 0 1
    outer loop
      vertex 0.0126991 0.397499 0.0999994
      vertex 0.0271997 0.427199 0.0999994
      vertex 0.0127993 0.398049 0.0999994
    endloop
  endfacet
  facet normal 0 0 1
    outer loop
      vertex 0.0127993 0.398049 0.0999994
      vertex 0.0167999 0.41325 0.0999994
      vertex 0.0162497 0.41255 0.0999994
    endloop
  endfacet
  facet normal 0 0 1
    outer loop
      vertex 0.0351496 0.3209 0.0999994
      vertex 0.0141993 0.351899 0.0999994
      vertex 0.0243492 0.3325 0.0999994
    endloop
  endfacet
  facet normal 0 0 1
    outer loop
      vertex 0.0243492 0.3325 0.0999994
      vertex 0.0167494 0.345249 0.0999994
      vertex 0.0186491 0.34065 0.0999994
    endloop
  endfacet
  facet normal 0 0 1
    outer loop
      vertex 0.0243492 0.3325 0.0999994
      vertex 0.0141993 0.351899 0.0999994
      vertex 0.0167494 0.345249 0.0999994
    endloop
  endfacet
  facet normal 0 0 1
    outer loop
      vertex 0.0141993 0.351899 0.0999994
      vertex 0.0126991 0.397499 0.0999994
      vertex 0.0133991 0.353849 0.0999994
    endloop
  endfacet
  facet normal 0 0 1
    outer loop
      vertex 0.0126991 0.397499 0.0999994
      vertex 0.0125999 0.355849 0.0999994
      vertex 0.0133991 0.353849 0.0999994
    endloop
  endfacet
  facet normal 0 0 1
    outer loop
      vertex 0.0120497 0.35605 0.0999994
      vertex 0.0126991 0.397499 0.0999994
      vertex 0.0120497 0.397499 0.0999994
    endloop
  endfacet
  facet normal 0 0 1
    outer loop
      vertex 0.0126991 0.397499 0.0999994
      vertex 0.0120497 0.35605 0.0999994
      vertex 0.0125999 0.355849 0.0999994
    endloop
  endfacet
  facet normal 0 0 1
    outer loop
      vertex -0.00139999 0.33215 0.0999994
      vertex 0.0120497 0.35605 0.0999994
      vertex 0.0120497 0.397499 0.0999994
    endloop
  endfacet
  facet normal 0 0 1
    outer loop
      vertex 0.000999451 0.42375 0.0999994
      vertex 0.0120497 0.397499 0.0999994
      vertex 0.00854969 0.41245 0.0999994
    endloop
  endfacet
  facet normal 0 0 1
    outer loop
      vertex -0.00909996 0.32395 0.0999994
      vertex 0.0120497 0.397499 0.0999994
      vertex 0.000999451 0.42375 0.0999994
    endloop
  endfacet
  facet normal 0 0 1
    outer loop
      vertex 0.0120497 0.35605 0.0999994
      vertex -0.00139999 0.33215 0.0999994
      vertex 0.0116997 0.354899 0.0999994
    endloop
  endfacet
  facet normal 0 0 1
    outer loop
      vertex -0.0133991 0.4499 0.0999994
      vertex 0.000999451 0.42375 0.0999994
      vertex 0.000249863 0.42915 0.0999994
    endloop
  endfacet
  facet normal 0 0 1
    outer loop
      vertex -0.0133991 0.4499 0.0999994
      vertex 0.000249863 0.42915 0.0999994
      vertex -4.95911e-05 0.4309 0.0999994
    endloop
  endfacet
  facet normal 0 0 1
    outer loop
      vertex -0.000499725 0.433749 0.0999994
      vertex -4.95911e-05 0.4309 0.0999994
      vertex -0.000199318 0.43265 0.0999994
    endloop
  endfacet
  facet normal 0 0 1
    outer loop
      vertex -4.95911e-05 0.4309 0.0999994
      vertex -0.000499725 0.433749 0.0999994
      vertex -0.0133991 0.4499 0.0999994
    endloop
  endfacet
  facet normal 0 0 1
    outer loop
      vertex -0.0133991 0.4499 0.0999994
      vertex -0.000499725 0.433749 0.0999994
      vertex -0.00094986 0.4373 0.0999994
    endloop
  endfacet
  facet normal 0 0 1
    outer loop
      vertex 0.0116997 0.354899 0.0999994
      vertex -0.00139999 0.33215 0.0999994
      vertex 0.00354958 0.33715 0.0999994
    endloop
  endfacet
  facet normal 0 0 1
    outer loop
      vertex 0.0120497 0.397499 0.0999994
      vertex -0.00909996 0.32395 0.0999994
      vertex -0.00139999 0.33215 0.0999994
    endloop
  endfacet
  facet normal 0 0 1
    outer loop
      vertex 0.000999451 0.42375 0.0999994
      vertex -0.0133991 0.4499 0.0999994
      vertex -0.0126991 0.320299 0.0999994
    endloop
  endfacet
  facet normal 0 0 1
    outer loop
      vertex 0.000999451 0.42375 0.0999994
      vertex -0.0126991 0.320299 0.0999994
      vertex -0.00909996 0.32395 0.0999994
    endloop
  endfacet
  facet normal 0 0 1
    outer loop
      vertex -0.0158997 0.45315 0.0999994
      vertex -0.0133991 0.4499 0.0999994
      vertex -0.0140991 0.45105 0.0999994
    endloop
  endfacet
  facet normal 0 0 1
    outer loop
      vertex -0.0133991 0.4499 0.0999994
      vertex -0.0158997 0.45315 0.0999994
      vertex -0.0126991 0.320299 0.0999994
    endloop
  endfacet
  facet normal 0 0 1
    outer loop
      vertex -0.0178995 0.455649 0.0999994
      vertex -0.0158997 0.45315 0.0999994
      vertex -0.0175991 0.4554 0.0999994
    endloop
  endfacet
  facet normal 0 0 1
    outer loop
      vertex -0.0158997 0.45315 0.0999994
      vertex -0.0178995 0.455649 0.0999994
      vertex -0.0126991 0.320299 0.0999994
    endloop
  endfacet
  facet normal 0 0 1
    outer loop
      vertex -0.0603495 0.48675 0.0999994
      vertex -0.0126991 0.320299 0.0999994
      vertex -0.0178995 0.455649 0.0999994
    endloop
  endfacet
  facet normal 0 0 1
    outer loop
      vertex -0.0582495 0.485999 0.0999994
      vertex -0.0178995 0.455649 0.0999994
      vertex -0.0239496 0.463149 0.0999994
    endloop
  endfacet
  facet normal 0 -0 1
    outer loop
      vertex -0.0258493 0.302649 0.0999994
      vertex -0.0126991 0.320299 0.0999994
      vertex -0.0603495 0.48675 0.0999994
    endloop
  endfacet
  facet normal 0 0 1
    outer loop
      vertex -0.0126991 0.320299 0.0999994
      vertex -0.0258493 0.302649 0.0999994
      vertex -0.0175991 0.3123 0.0999994
    endloop
  endfacet
  facet normal 0 -0 1
    outer loop
      vertex -0.0303993 0.2974 0.0999994
      vertex -0.0258493 0.302649 0.0999994
      vertex -0.0603495 0.48675 0.0999994
    endloop
  endfacet
  facet normal 0 0 1
    outer loop
      vertex -0.0460997 0.48055 0.0999994
      vertex -0.0239496 0.463149 0.0999994
      vertex -0.0378494 0.476899 0.0999994
    endloop
  endfacet
  facet normal 0 0 1
    outer loop
      vertex -0.0582495 0.485999 0.0999994
      vertex -0.0239496 0.463149 0.0999994
      vertex -0.0460997 0.48055 0.0999994
    endloop
  endfacet
  facet normal 0 0 1
    outer loop
      vertex -0.0258493 0.302649 0.0999994
      vertex -0.0303993 0.2974 0.0999994
      vertex -0.0295992 0.298149 0.0999994
    endloop
  endfacet
  facet normal -0 0 1
    outer loop
      vertex -0.237 0.3454 0.0999994
      vertex -0.0303993 0.2974 0.0999994
      vertex -0.0603495 0.48675 0.0999994
    endloop
  endfacet
  facet normal 0 0 1
    outer loop
      vertex -0.0303993 0.2974 0.0999994
      vertex -0.237 0.3454 0.0999994
      vertex -0.0387497 0.287499 0.0999994
    endloop
  endfacet
  facet normal -0 -0 1
    outer loop
      vertex -0.235399 0.337899 0.0999994
      vertex -0.0387497 0.287499 0.0999994
      vertex -0.237 0.3454 0.0999994
    endloop
  endfacet
  facet normal -0 -0 1
    outer loop
      vertex -0.228749 0.303399 0.0999994
      vertex -0.0387497 0.287499 0.0999994
      vertex -0.235399 0.337899 0.0999994
    endloop
  endfacet
  facet normal 0 -0 1
    outer loop
      vertex -0.212799 0.26705 0.0999994
      vertex -0.0387497 0.287499 0.0999994
      vertex -0.228749 0.303399 0.0999994
    endloop
  endfacet
  facet normal 0 0 1
    outer loop
      vertex -0.0178995 0.455649 0.0999994
      vertex -0.0582495 0.485999 0.0999994
      vertex -0.0603495 0.48675 0.0999994
    endloop
  endfacet
  facet normal 0 0 1
    outer loop
      vertex -0.0387497 0.287499 0.0999994
      vertex -0.212799 0.26705 0.0999994
      vertex -0.0394497 0.285549 0.0999994
    endloop
  endfacet
  facet normal 0 0 1
    outer loop
      vertex -0.2379 0.34865 0.0999994
      vertex -0.0603495 0.48675 0.0999994
      vertex -0.0614996 0.487499 0.0999994
    endloop
  endfacet
  facet normal 0 0 1
    outer loop
      vertex -0.0392494 0.237149 0.0999994
      vertex -0.16525 0.190049 0.0999994
      vertex -0.16525 0.186999 0.0999994
    endloop
  endfacet
  facet normal 0 0 1
    outer loop
      vertex 0.0290499 -0.4619 0.0999994
      vertex 0.0287991 -0.459299 0.0999994
      vertex 0.0286999 -0.4606 0.0999994
    endloop
  endfacet
  facet normal 0 0 1
    outer loop
      vertex 0.0287991 -0.459299 0.0999994
      vertex 0.0282993 -0.455799 0.0999994
      vertex 0.0281496 -0.4571 0.0999994
    endloop
  endfacet
  facet normal 0 0 1
    outer loop
      vertex 0.0282993 -0.455799 0.0999994
      vertex 0.0277491 -0.452999 0.0999994
      vertex 0.0276499 -0.4536 0.0999994
    endloop
  endfacet
  facet normal 0 0 1
    outer loop
      vertex -0.2379 0.34865 0.0999994
      vertex -0.24725 0.38005 0.0999994
      vertex -0.246249 0.372649 0.0999994
    endloop
  endfacet
  facet normal 0 0 1
    outer loop
      vertex -0.246249 0.372649 0.0999994
      vertex -0.246949 0.3769 0.0999994
      vertex -0.246599 0.37305 0.0999994
    endloop
  endfacet
  facet normal 0 0 1
    outer loop
      vertex -0.246249 0.372649 0.0999994
      vertex -0.24725 0.38005 0.0999994
      vertex -0.246949 0.3769 0.0999994
    endloop
  endfacet
  facet normal -0 0 1
    outer loop
      vertex -0.248249 0.398649 0.0999994
      vertex -0.24725 0.38005 0.0999994
      vertex -0.2462 0.4204 0.0999994
    endloop
  endfacet
  facet normal -0 -0 1
    outer loop
      vertex -0.2477 0.381399 0.0999994
      vertex -0.24725 0.38005 0.0999994
      vertex -0.247749 0.38355 0.0999994
    endloop
  endfacet
  facet normal 0 0 1
    outer loop
      vertex -0.24725 0.38005 0.0999994
      vertex -0.2477 0.381399 0.0999994
      vertex -0.2476 0.38065 0.0999994
    endloop
  endfacet
  facet normal 0 0 1
    outer loop
      vertex -0.24725 0.38005 0.0999994
      vertex -0.248249 0.398649 0.0999994
      vertex -0.247749 0.38355 0.0999994
    endloop
  endfacet
  facet normal -0 -0 1
    outer loop
      vertex -0.24815 0.384999 0.0999994
      vertex -0.247749 0.38355 0.0999994
      vertex -0.248249 0.398649 0.0999994
    endloop
  endfacet
  facet normal 0 0 1
    outer loop
      vertex -0.248899 0.407399 0.0999994
      vertex -0.2462 0.4204 0.0999994
      vertex -0.248249 0.415 0.0999994
    endloop
  endfacet
  facet normal 0 0 1
    outer loop
      vertex -0.247749 0.38355 0.0999994
      vertex -0.24815 0.384999 0.0999994
      vertex -0.248099 0.38415 0.0999994
    endloop
  endfacet
  facet normal 0 0 1
    outer loop
      vertex -0.2462 0.4204 0.0999994
      vertex -0.248899 0.407399 0.0999994
      vertex -0.248249 0.398649 0.0999994
    endloop
  endfacet
  facet normal 0 0 1
    outer loop
      vertex -0.248249 0.398649 0.0999994
      vertex -0.248899 0.407399 0.0999994
      vertex -0.248599 0.398999 0.0999994
    endloop
  endfacet
  facet normal 0 0 1
    outer loop
      vertex -0.248249 0.415 0.0999994
      vertex -0.2492 0.410899 0.0999994
      vertex -0.248899 0.407399 0.0999994
    endloop
  endfacet
  facet normal 0 -0 1
    outer loop
      vertex -0.2492 0.410899 0.0999994
      vertex -0.248249 0.415 0.0999994
      vertex -0.249399 0.41185 0.0999994
    endloop
  endfacet
  facet normal 0 0 1
    outer loop
      vertex -0.2379 -0.37385 0.0999994
      vertex -0.243099 -0.45435 0.0999994
      vertex -0.241249 -0.458549 0.0999994
    endloop
  endfacet
  facet normal 0 0 1
    outer loop
      vertex -0.2379 -0.37385 0.0999994
      vertex -0.243199 -0.4536 0.0999994
      vertex -0.243099 -0.45435 0.0999994
    endloop
  endfacet
  facet normal 0 0 1
    outer loop
      vertex -0.2379 -0.37385 0.0999994
      vertex -0.24725 -0.405299 0.0999994
      vertex -0.243199 -0.4536 0.0999994
    endloop
  endfacet
  facet normal -0 0 1
    outer loop
      vertex -0.248249 -0.4239 0.0999994
      vertex -0.243199 -0.4536 0.0999994
      vertex -0.24725 -0.405299 0.0999994
    endloop
  endfacet
  facet normal 0 0 1
    outer loop
      vertex -0.243999 -0.4514 0.0999994
      vertex -0.244699 -0.449599 0.0999994
      vertex -0.244599 -0.45035 0.0999994
    endloop
  endfacet
  facet normal 0 0 1
    outer loop
      vertex -0.246249 -0.3979 0.0999994
      vertex -0.241099 -0.37925 0.0999994
      vertex -0.244849 -0.3855 0.0999994
    endloop
  endfacet
  facet normal 0 0 1
    outer loop
      vertex -0.24525 -0.38625 0.0999994
      vertex -0.244849 -0.3855 0.0999994
      vertex -0.24525 -0.3855 0.0999994
    endloop
  endfacet
  facet normal 0 0 1
    outer loop
      vertex -0.246249 -0.3979 0.0999994
      vertex -0.244849 -0.3855 0.0999994
      vertex -0.24525 -0.38625 0.0999994
    endloop
  endfacet
  facet normal 0 0 1
    outer loop
      vertex -0.2379 -0.37385 0.0999994
      vertex -0.246249 -0.3979 0.0999994
      vertex -0.24725 -0.405299 0.0999994
    endloop
  endfacet
  facet normal 0 0 1
    outer loop
      vertex -0.243199 -0.4536 0.0999994
      vertex -0.248249 -0.4239 0.0999994
      vertex -0.243999 -0.4514 0.0999994
    endloop
  endfacet
  facet normal 0 0 1
    outer loop
      vertex -0.243999 -0.4514 0.0999994
      vertex -0.248249 -0.4239 0.0999994
      vertex -0.244699 -0.449599 0.0999994
    endloop
  endfacet
  facet normal 0 0 1
    outer loop
      vertex -0.2455 -0.447399 0.0999994
      vertex -0.2462 -0.4456 0.0999994
      vertex -0.246099 -0.446349 0.0999994
    endloop
  endfacet
  facet normal 0 -0 1
    outer loop
      vertex -0.246249 -0.3979 0.0999994
      vertex -0.24525 -0.38625 0.0999994
      vertex -0.2463 -0.38765 0.0999994
    endloop
  endfacet
  facet normal 0 0 1
    outer loop
      vertex -0.240849 0.43765 0.0999994
      vertex -0.2413 0.4373 0.0999994
      vertex -0.241249 0.433299 0.0999994
    endloop
  endfacet
  facet normal 0 0 1
    outer loop
      vertex -0.23525 -0.35885 0.0999994
      vertex -0.228749 -0.3286 0.0999994
      vertex -0.233049 -0.3376 0.0999994
    endloop
  endfacet
  facet normal 0 0 1
    outer loop
      vertex -0.228749 -0.3286 0.0999994
      vertex -0.23525 -0.35885 0.0999994
      vertex -0.235399 -0.363099 0.0999994
    endloop
  endfacet
  facet normal 0 0 1
    outer loop
      vertex -0.0328493 -0.31825 0.0999994
      vertex -0.237 -0.3706 0.0999994
      vertex -0.2379 -0.37385 0.0999994
    endloop
  endfacet
  facet normal 0 0 1
    outer loop
      vertex -0.0262499 -0.4878 0.0999994
      vertex -0.23275 -0.4873 0.0999994
      vertex -0.0262499 -0.5 0.0999994
    endloop
  endfacet
  facet normal 0 0 1
    outer loop
      vertex -0.237 -0.3706 0.0999994
      vertex -0.235399 -0.363099 0.0999994
      vertex -0.236199 -0.366349 0.0999994
    endloop
  endfacet
  facet normal -0 -0 1
    outer loop
      vertex -0.237749 -0.46635 0.0999994
      vertex -0.0262499 -0.4878 0.0999994
      vertex -0.2379 -0.37385 0.0999994
    endloop
  endfacet
  facet normal -0 -0 1
    outer loop
      vertex -0.23275 -0.4873 0.0999994
      vertex -0.0262499 -0.4878 0.0999994
      vertex -0.235749 -0.4745 0.0999994
    endloop
  endfacet
  facet normal -0 -0 1
    outer loop
      vertex -0.235749 -0.4745 0.0999994
      vertex -0.0262499 -0.4878 0.0999994
      vertex -0.237749 -0.46635 0.0999994
    endloop
  endfacet
  facet normal -0 0 1
    outer loop
      vertex -0.241249 -0.458549 0.0999994
      vertex -0.237749 -0.46635 0.0999994
      vertex -0.2379 -0.37385 0.0999994
    endloop
  endfacet
  facet normal 0 0 1
    outer loop
      vertex -0.237749 -0.46635 0.0999994
      vertex -0.241249 -0.458549 0.0999994
      vertex -0.2391 -0.465099 0.0999994
    endloop
  endfacet
  facet normal 0 0 1
    outer loop
      vertex -0.246249 -0.3979 0.0999994
      vertex -0.2379 -0.37385 0.0999994
      vertex -0.241099 -0.37925 0.0999994
    endloop
  endfacet
  facet normal 0 0 1
    outer loop
      vertex -0.2391 -0.465099 0.0999994
      vertex -0.241249 -0.458549 0.0999994
      vertex -0.240849 -0.46285 0.0999994
    endloop
  endfacet
  facet normal 0 0 1
    outer loop
      vertex -0.240849 -0.46285 0.0999994
      vertex -0.241249 -0.458549 0.0999994
      vertex -0.2413 -0.462549 0.0999994
    endloop
  endfacet
  facet normal 0 0 1
    outer loop
      vertex -0.1045 -0.0123491 0.0999994
      vertex -0.179099 -0.00839996 0.0999994
      vertex -0.172999 -0.0123491 0.0999994
    endloop
  endfacet
  facet normal 0 0 1
    outer loop
      vertex -0.1712 0.171499 0.0999994
      vertex -0.179799 -0.00774956 0.0999994
      vertex -0.179099 -0.00839996 0.0999994
    endloop
  endfacet
  facet normal 0 0 1
    outer loop
      vertex -0.1712 0.171499 0.0999994
      vertex -0.207749 0.0325994 0.0999994
      vertex -0.179799 -0.00774956 0.0999994
    endloop
  endfacet
  facet normal -0 -0 1
    outer loop
      vertex -0.18135 -0.00669956 0.0999994
      vertex -0.179799 -0.00774956 0.0999994
      vertex -0.207749 0.0325994 0.0999994
    endloop
  endfacet
  facet normal 0 0 1
    outer loop
      vertex -0.237849 0.0431995 0.0999994
      vertex -0.171749 0.171499 0.0999994
      vertex -0.187599 0.184099 0.0999994
    endloop
  endfacet
  facet normal 0 0 1
    outer loop
      vertex -0.179799 -0.00774956 0.0999994
      vertex -0.18135 -0.00669956 0.0999994
      vertex -0.180149 -0.00774956 0.0999994
    endloop
  endfacet
  facet normal 0 0 1
    outer loop
      vertex -0.237849 0.0431995 0.0999994
      vertex -0.187599 0.184099 0.0999994
      vertex -0.192849 0.187099 0.0999994
    endloop
  endfacet
  facet normal 0 0 1
    outer loop
      vertex -0.237849 0.0431995 0.0999994
      vertex -0.192849 0.187099 0.0999994
      vertex -0.19625 0.189899 0.0999994
    endloop
  endfacet
  facet normal 0 0 1
    outer loop
      vertex -0.18135 -0.00669956 0.0999994
      vertex -0.207749 0.0325994 0.0999994
      vertex -0.187599 -0.00249958 0.0999994
    endloop
  endfacet
  facet normal 0 0 1
    outer loop
      vertex -0.23405 0.208949 0.0999994
      vertex -0.19625 0.189899 0.0999994
      vertex -0.20595 0.19835 0.0999994
    endloop
  endfacet
  facet normal 0 0 1
    outer loop
      vertex -0.187599 -0.00249958 0.0999994
      vertex -0.207749 0.0325994 0.0999994
      vertex -0.20255 0.0123997 0.0999994
    endloop
  endfacet
  facet normal 0 0 1
    outer loop
      vertex -0.23405 0.208949 0.0999994
      vertex -0.20595 0.19835 0.0999994
      vertex -0.2078 0.199949 0.0999994
    endloop
  endfacet
  facet normal 0 0 1
    outer loop
      vertex -0.1712 0.171499 0.0999994
      vertex -0.210349 0.0370998 0.0999994
      vertex -0.207749 0.0325994 0.0999994
    endloop
  endfacet
  facet normal 0 0 1
    outer loop
      vertex -0.207749 0.0325994 0.0999994
      vertex -0.210349 0.0370998 0.0999994
      vertex -0.209599 0.0356493 0.0999994
    endloop
  endfacet
  facet normal 0 0 1
    outer loop
      vertex -0.23405 0.208949 0.0999994
      vertex -0.2078 0.199949 0.0999994
      vertex -0.2126 0.204149 0.0999994
    endloop
  endfacet
  facet normal 0 0 1
    outer loop
      vertex -0.1712 0.171499 0.0999994
      vertex -0.2126 0.0394497 0.0999994
      vertex -0.210349 0.0370998 0.0999994
    endloop
  endfacet
  facet normal 0 0 1
    outer loop
      vertex -0.171749 0.171499 0.0999994
      vertex -0.227249 0.0416498 0.0999994
      vertex -0.2126 0.0394497 0.0999994
    endloop
  endfacet
  facet normal 0 0 1
    outer loop
      vertex -0.171749 0.171499 0.0999994
      vertex -0.2331 0.0424995 0.0999994
      vertex -0.227249 0.0416498 0.0999994
    endloop
  endfacet
  facet normal 0 0 1
    outer loop
      vertex -0.19625 0.189899 0.0999994
      vertex -0.23405 0.208949 0.0999994
      vertex -0.237849 0.0431995 0.0999994
    endloop
  endfacet
  facet normal 0 0 1
    outer loop
      vertex -0.237849 0.0431995 0.0999994
      vertex -0.23405 0.208949 0.0999994
      vertex -0.234949 0.2092 0.0999994
    endloop
  endfacet
  facet normal 0 0 1
    outer loop
      vertex -0.171749 0.171499 0.0999994
      vertex -0.234949 0.0427494 0.0999994
      vertex -0.2331 0.0424995 0.0999994
    endloop
  endfacet
  facet normal 0 0 1
    outer loop
      vertex -0.171749 0.171499 0.0999994
      vertex -0.237849 0.0431995 0.0999994
      vertex -0.234949 0.0427494 0.0999994
    endloop
  endfacet
  facet normal 0 0 1
    outer loop
      vertex -0.250099 0.0401993 0.0999994
      vertex -0.234949 0.2092 0.0999994
      vertex -0.23685 0.210199 0.0999994
    endloop
  endfacet
  facet normal 0 0 1
    outer loop
      vertex -0.234949 0.0427494 0.0999994
      vertex -0.237849 0.0431995 0.0999994
      vertex -0.23675 0.0429993 0.0999994
    endloop
  endfacet
  facet normal 0 0 1
    outer loop
      vertex -0.250099 0.0401993 0.0999994
      vertex -0.23685 0.210199 0.0999994
      vertex -0.241699 0.212449 0.0999994
    endloop
  endfacet
  facet normal 0 0 1
    outer loop
      vertex -0.234949 0.2092 0.0999994
      vertex -0.245099 0.0412998 0.0999994
      vertex -0.237849 0.0431995 0.0999994
    endloop
  endfacet
  facet normal 0 0 1
    outer loop
      vertex -0.27885 0.2287 0.0999994
      vertex -0.241699 0.212449 0.0999994
      vertex -0.248599 0.217699 0.0999994
    endloop
  endfacet
  facet normal 0 0 1
    outer loop
      vertex -0.234949 0.2092 0.0999994
      vertex -0.250099 0.0401993 0.0999994
      vertex -0.245099 0.0412998 0.0999994
    endloop
  endfacet
  facet normal 0 0 1
    outer loop
      vertex -0.27885 0.2287 0.0999994
      vertex -0.248599 0.217699 0.0999994
      vertex -0.254 0.221749 0.0999994
    endloop
  endfacet
  facet normal 0 0 1
    outer loop
      vertex -0.256 0.223249 0.0999994
      vertex -0.254 0.221749 0.0999994
      vertex -0.2541 0.2219 0.0999994
    endloop
  endfacet
  facet normal 0 0 1
    outer loop
      vertex -0.269099 0.228499 0.0999994
      vertex -0.254 0.221749 0.0999994
      vertex -0.256 0.223249 0.0999994
    endloop
  endfacet
  facet normal 0 0 1
    outer loop
      vertex -0.2611 0.227099 0.0999994
      vertex -0.256 0.223249 0.0999994
      vertex -0.2561 0.223399 0.0999994
    endloop
  endfacet
  facet normal 0 0 1
    outer loop
      vertex -0.256 0.223249 0.0999994
      vertex -0.2611 0.227099 0.0999994
      vertex -0.269099 0.228499 0.0999994
    endloop
  endfacet
  facet normal 0 0 1
    outer loop
      vertex -0.262699 0.22825 0.0999994
      vertex -0.2611 0.227099 0.0999994
      vertex -0.2616 0.22765 0.0999994
    endloop
  endfacet
  facet normal 0 0 1
    outer loop
      vertex -0.254 0.221749 0.0999994
      vertex -0.269099 0.228499 0.0999994
      vertex -0.27885 0.2287 0.0999994
    endloop
  endfacet
  facet normal 0 0 1
    outer loop
      vertex -0.2611 0.227099 0.0999994
      vertex -0.262699 0.22825 0.0999994
      vertex -0.269099 0.228499 0.0999994
    endloop
  endfacet
  facet normal 0 0 1
    outer loop
      vertex -0.241699 0.212449 0.0999994
      vertex -0.27885 0.2287 0.0999994
      vertex -0.261849 0.0372496 0.0999994
    endloop
  endfacet
  facet normal 0 0 1
    outer loop
      vertex -0.261849 0.0372496 0.0999994
      vertex -0.2637 0.0362997 0.0999994
      vertex -0.263 0.0359993 0.0999994
    endloop
  endfacet
  facet normal 0 0 1
    outer loop
      vertex -0.241699 0.212449 0.0999994
      vertex -0.261849 0.0372496 0.0999994
      vertex -0.250099 0.0401993 0.0999994
    endloop
  endfacet
  facet normal 0 0 1
    outer loop
      vertex -0.261849 0.0372496 0.0999994
      vertex -0.27885 0.2287 0.0999994
      vertex -0.2637 0.0362997 0.0999994
    endloop
  endfacet
  facet normal 0 0 1
    outer loop
      vertex -0.31135 0.235 0.0999994
      vertex -0.2637 0.0362997 0.0999994
      vertex -0.27885 0.2287 0.0999994
    endloop
  endfacet
  facet normal 0 0 1
    outer loop
      vertex -0.314349 0.2352 0.0999994
      vertex -0.2637 0.0362997 0.0999994
      vertex -0.31135 0.235 0.0999994
    endloop
  endfacet
  facet normal 0 0 1
    outer loop
      vertex -0.324349 0.237049 0.0999994
      vertex -0.2637 0.0362997 0.0999994
      vertex -0.314349 0.2352 0.0999994
    endloop
  endfacet
  facet normal 0 0 1
    outer loop
      vertex -0.2637 0.0362997 0.0999994
      vertex -0.324349 0.237049 0.0999994
      vertex -0.2644 0.0356493 0.0999994
    endloop
  endfacet
  facet normal 0 0 1
    outer loop
      vertex -0.2644 0.0356493 0.0999994
      vertex -0.324349 0.237049 0.0999994
      vertex -0.272849 0.0286493 0.0999994
    endloop
  endfacet
  facet normal 0 -0 1
    outer loop
      vertex -0.275849 0.0261497 0.0999994
      vertex -0.272849 0.0286493 0.0999994
      vertex -0.324349 0.237049 0.0999994
    endloop
  endfacet
  facet normal 0 0 1
    outer loop
      vertex -0.289599 0.233 0.0999994
      vertex -0.27885 0.2287 0.0999994
      vertex -0.2871 0.23255 0.0999994
    endloop
  endfacet
  facet normal 0 0 1
    outer loop
      vertex -0.31135 0.235 0.0999994
      vertex -0.27885 0.2287 0.0999994
      vertex -0.289599 0.233 0.0999994
    endloop
  endfacet
  facet normal 0 0 1
    outer loop
      vertex -0.272849 0.0286493 0.0999994
      vertex -0.275849 0.0261497 0.0999994
      vertex -0.2731 0.0283499 0.0999994
    endloop
  endfacet
  facet normal -0 0 1
    outer loop
      vertex -0.454599 0.0547495 0.0999994
      vertex -0.275849 0.0261497 0.0999994
      vertex -0.324349 0.237049 0.0999994
    endloop
  endfacet
  facet normal 0 0 1
    outer loop
      vertex -0.275849 0.0261497 0.0999994
      vertex -0.277499 0.0247498 0.0999994
      vertex -0.276099 0.0258493 0.0999994
    endloop
  endfacet
  facet normal 0 0 1
    outer loop
      vertex -0.275849 0.0261497 0.0999994
      vertex -0.454599 0.0547495 0.0999994
      vertex -0.277499 0.0247498 0.0999994
    endloop
  endfacet
  facet normal -0 -0 1
    outer loop
      vertex -0.45305 0.0521994 0.0999994
      vertex -0.277499 0.0247498 0.0999994
      vertex -0.454599 0.0547495 0.0999994
    endloop
  endfacet
  facet normal 0 -0 1
    outer loop
      vertex -0.293349 0.0126495 0.0999994
      vertex -0.277499 0.0247498 0.0999994
      vertex -0.45305 0.0521994 0.0999994
    endloop
  endfacet
  facet normal 0 0 1
    outer loop
      vertex -0.277499 0.0247498 0.0999994
      vertex -0.293349 0.0126495 0.0999994
      vertex -0.2876 0.0163498 0.0999994
    endloop
  endfacet
  facet normal 0 0 1
    outer loop
      vertex -0.293349 0.0126495 0.0999994
      vertex -0.4065 0.00604916 0.0999994
      vertex -0.295099 0.0112 0.0999994
    endloop
  endfacet
  facet normal 0 0 1
    outer loop
      vertex -0.312599 -0.00499916 0.0999994
      vertex -0.316449 -0.00674915 0.0999994
      vertex -0.316299 -0.00674915 0.0999994
    endloop
  endfacet
  facet normal 0 0 1
    outer loop
      vertex -0.295099 0.0112 0.0999994
      vertex -0.40535 0.00529957 0.0999994
      vertex -0.30635 0.000749588 0.0999994
    endloop
  endfacet
  facet normal 0 0 1
    outer loop
      vertex -0.324349 0.237049 0.0999994
      vertex -0.314349 0.2352 0.0999994
      vertex -0.323099 0.236899 0.0999994
    endloop
  endfacet
  facet normal 0 -0 1
    outer loop
      vertex -0.372749 -0.0123491 0.0999994
      vertex -0.30635 0.000749588 0.0999994
      vertex -0.40535 0.00529957 0.0999994
    endloop
  endfacet
  facet normal 0 0 1
    outer loop
      vertex -0.462399 0.0663996 0.0999994
      vertex -0.324349 0.237049 0.0999994
      vertex -0.327 0.23805 0.0999994
    endloop
  endfacet
  facet normal 0 0 1
    outer loop
      vertex -0.3459 0.244499 0.0999994
      vertex -0.327 0.23805 0.0999994
      vertex -0.327749 0.2385 0.0999994
    endloop
  endfacet
  facet normal 0 0 1
    outer loop
      vertex -0.30635 0.000749588 0.0999994
      vertex -0.316449 -0.00674915 0.0999994
      vertex -0.312599 -0.00499916 0.0999994
    endloop
  endfacet
  facet normal 0 0 1
    outer loop
      vertex -0.3206 -0.00869942 0.0999994
      vertex -0.329049 -0.0122499 0.0999994
      vertex -0.3285 -0.0122499 0.0999994
    endloop
  endfacet
  facet normal 0 0 1
    outer loop
      vertex -0.33025 0.24 0.0999994
      vertex -0.327749 0.2385 0.0999994
      vertex -0.32935 0.23965 0.0999994
    endloop
  endfacet
  facet normal 0 0 1
    outer loop
      vertex -0.17075 0.172999 0.0999994
      vertex -0.171399 0.172999 0.0999994
      vertex -0.1712 0.171499 0.0999994
    endloop
  endfacet
  facet normal 0 0 1
    outer loop
      vertex -0.1697 0.1755 0.0999994
      vertex -0.1704 0.1755 0.0999994
      vertex -0.170199 0.174 0.0999994
    endloop
  endfacet
  facet normal 0 0 1
    outer loop
      vertex -0.1692 0.176999 0.0999994
      vertex -0.1699 0.176999 0.0999994
      vertex -0.1697 0.1755 0.0999994
    endloop
  endfacet
  facet normal 0 0 1
    outer loop
      vertex -0.168699 0.177999 0.0999994
      vertex -0.16945 0.177999 0.0999994
      vertex -0.1692 0.176999 0.0999994
    endloop
  endfacet
  facet normal 0 0 1
    outer loop
      vertex -0.168249 0.1795 0.0999994
      vertex -0.1689 0.1795 0.0999994
      vertex -0.168699 0.177999 0.0999994
    endloop
  endfacet
  facet normal 0 0 1
    outer loop
      vertex -0.167199 0.181999 0.0999994
      vertex -0.167899 0.181999 0.0999994
      vertex -0.1677 0.180499 0.0999994
    endloop
  endfacet
  facet normal 0 0 1
    outer loop
      vertex -0.166699 0.183499 0.0999994
      vertex -0.167399 0.183499 0.0999994
      vertex -0.167199 0.181999 0.0999994
    endloop
  endfacet
  facet normal 0 0 1
    outer loop
      vertex -0.1662 0.1845 0.0999994
      vertex -0.166949 0.1845 0.0999994
      vertex -0.166699 0.183499 0.0999994
    endloop
  endfacet
  facet normal 0 0 1
    outer loop
      vertex -0.16575 0.186 0.0999994
      vertex -0.1664 0.186 0.0999994
      vertex -0.1662 0.1845 0.0999994
    endloop
  endfacet
  facet normal 0 0 1
    outer loop
      vertex -0.1647 -0.21375 0.0999994
      vertex -0.1655 -0.214499 0.0999994
      vertex -0.165199 -0.215249 0.0999994
    endloop
  endfacet
  facet normal 0 0 1
    outer loop
      vertex -0.1642 -0.2105 0.0999994
      vertex -0.164849 -0.2105 0.0999994
      vertex -0.1647 -0.21375 0.0999994
    endloop
  endfacet
  facet normal 0 0 1
    outer loop
      vertex -0.163699 -0.207 0.0999994
      vertex -0.16435 -0.207 0.0999994
      vertex -0.1642 -0.2105 0.0999994
    endloop
  endfacet
  facet normal 0 0 1
    outer loop
      vertex -0.163199 -0.2035 0.0999994
      vertex -0.16385 -0.2035 0.0999994
      vertex -0.163699 -0.207 0.0999994
    endloop
  endfacet
  facet normal 0 0 1
    outer loop
      vertex -0.1627 -0.199249 0.0999994
      vertex -0.163349 -0.2 0.0999994
      vertex -0.163199 -0.2035 0.0999994
    endloop
  endfacet
  facet normal 0 0 1
    outer loop
      vertex -0.16225 -0.195999 0.0999994
      vertex -0.162849 -0.195999 0.0999994
      vertex -0.1627 -0.199249 0.0999994
    endloop
  endfacet
  facet normal 0 0 1
    outer loop
      vertex -0.161249 -0.1895 0.0999994
      vertex -0.16185 -0.1895 0.0999994
      vertex -0.161699 -0.193 0.0999994
    endloop
  endfacet
  facet normal 0 0 1
    outer loop
      vertex -0.0692997 -0.0919991 0.0999994
      vertex -0.0627995 -0.0627995 0.0999994
      vertex -0.0684996 -0.0430994 0.0999994
    endloop
  endfacet
  facet normal 0 0 1
    outer loop
      vertex -0.0627995 -0.0627995 0.0999994
      vertex -0.0692997 -0.0919991 0.0999994
      vertex -0.066 -0.0860996 0.0999994
    endloop
  endfacet
  facet normal 0 0 1
    outer loop
      vertex -0.066 -0.0860996 0.0999994
      vertex -0.0692997 -0.0919991 0.0999994
      vertex -0.066 -0.0873499 0.0999994
    endloop
  endfacet
  facet normal -0 0 1
    outer loop
      vertex -0.0884991 -0.0197496 0.0999994
      vertex -0.0700998 -0.0376492 0.0999994
      vertex -0.0879993 -0.0197496 0.0999994
    endloop
  endfacet
  facet normal 0 0 1
    outer loop
      vertex -0.0684996 -0.0430994 0.0999994
      vertex -0.0754995 -0.100499 0.0999994
      vertex -0.0692997 -0.0919991 0.0999994
    endloop
  endfacet
  facet normal 0 0 1
    outer loop
      vertex -0.0754995 -0.100499 0.0999994
      vertex -0.0756493 -0.10275 0.0999994
      vertex -0.0754995 -0.10185 0.0999994
    endloop
  endfacet
  facet normal -0 0 1
    outer loop
      vertex -0.210549 -0.0625496 0.0999994
      vertex -0.0754995 -0.100499 0.0999994
      vertex -0.2085 -0.0583496 0.0999994
    endloop
  endfacet
  facet normal 0 0 1
    outer loop
      vertex -0.0700998 -0.0376492 0.0999994
      vertex -0.0884991 -0.0197496 0.0999994
      vertex -0.0684996 -0.0430994 0.0999994
    endloop
  endfacet
  facet normal 0 0 1
    outer loop
      vertex -0.1045 -0.0128498 0.0999994
      vertex -0.0684996 -0.0430994 0.0999994
      vertex -0.0884991 -0.0197496 0.0999994
    endloop
  endfacet
  facet normal 0 0 1
    outer loop
      vertex -0.0754995 -0.100499 0.0999994
      vertex -0.210549 -0.0625496 0.0999994
      vertex -0.0756493 -0.10275 0.0999994
    endloop
  endfacet
  facet normal 0 0 1
    outer loop
      vertex -0.0779991 -0.118199 0.0999994
      vertex -0.0774994 -0.116349 0.0999994
      vertex -0.0774994 -0.115199 0.0999994
    endloop
  endfacet
  facet normal 0 0 1
    outer loop
      vertex -0.0774994 -0.116349 0.0999994
      vertex -0.0779991 -0.118199 0.0999994
      vertex -0.0776491 -0.11735 0.0999994
    endloop
  endfacet
  facet normal 0 0 1
    outer loop
      vertex -0.0766497 -0.110749 0.0999994
      vertex -0.0774994 -0.115199 0.0999994
      vertex -0.0769491 -0.113099 0.0999994
    endloop
  endfacet
  facet normal 0 0 1
    outer loop
      vertex -0.0684996 -0.0430994 0.0999994
      vertex -0.1045 -0.0128498 0.0999994
      vertex -0.0754995 -0.100499 0.0999994
    endloop
  endfacet
  facet normal 0 0 1
    outer loop
      vertex -0.0774994 -0.115199 0.0999994
      vertex -0.0785494 -0.120799 0.0999994
      vertex -0.0779991 -0.118199 0.0999994
    endloop
  endfacet
  facet normal -0 0 1
    outer loop
      vertex -0.2085 -0.0583496 0.0999994
      vertex -0.0754995 -0.100499 0.0999994
      vertex -0.1045 -0.0128498 0.0999994
    endloop
  endfacet
  facet normal 0 0 1
    outer loop
      vertex -0.0785494 -0.120799 0.0999994
      vertex -0.0795498 -0.1263 0.0999994
      vertex -0.0789995 -0.123699 0.0999994
    endloop
  endfacet
  facet normal 0 0 1
    outer loop
      vertex -0.0756493 -0.10275 0.0999994
      vertex -0.210549 -0.0625496 0.0999994
      vertex -0.0766497 -0.110749 0.0999994
    endloop
  endfacet
  facet normal 0 0 1
    outer loop
      vertex -0.0778999 -0.1186 0.0999994
      vertex -0.0779991 -0.118199 0.0999994
      vertex -0.0785494 -0.120799 0.0999994
    endloop
  endfacet
  facet normal 0 0 1
    outer loop
      vertex -0.0783997 -0.121599 0.0999994
      vertex -0.0785494 -0.120799 0.0999994
      vertex -0.0789995 -0.123699 0.0999994
    endloop
  endfacet
  facet normal 0 0 1
    outer loop
      vertex -0.0788994 -0.1241 0.0999994
      vertex -0.0789995 -0.123699 0.0999994
      vertex -0.0795498 -0.1263 0.0999994
    endloop
  endfacet
  facet normal 0 0 1
    outer loop
      vertex -0.0793991 -0.1271 0.0999994
      vertex -0.0795498 -0.1263 0.0999994
      vertex -0.0800495 -0.129299 0.0999994
    endloop
  endfacet
  facet normal 0 0 1
    outer loop
      vertex -0.0724497 0.0753994 0.0999994
      vertex -0.0719995 0.0731497 0.0999994
      vertex -0.0721493 0.0746498 0.0999994
    endloop
  endfacet
  facet normal 0 0 1
    outer loop
      vertex -0.0647497 0.0523996 0.0999994
      vertex -0.0643997 0.0351496 0.0999994
      vertex -0.0632992 0.0378494 0.0999994
    endloop
  endfacet
  facet normal 0 0 1
    outer loop
      vertex -0.0719995 0.0717993 0.0999994
      vertex -0.0647497 0.0523996 0.0999994
      vertex -0.06565 0.0614491 0.0999994
    endloop
  endfacet
  facet normal 0 0 1
    outer loop
      vertex -0.0719995 0.0717993 0.0999994
      vertex -0.06565 0.0614491 0.0999994
      vertex -0.0657997 0.0625 0.0999994
    endloop
  endfacet
  facet normal 0 -0 1
    outer loop
      vertex -0.0667496 0.0278997 0.0999994
      vertex -0.0647497 0.0523996 0.0999994
      vertex -0.0719995 0.0717993 0.0999994
    endloop
  endfacet
  facet normal 0 0 1
    outer loop
      vertex -0.0647497 0.0523996 0.0999994
      vertex -0.0667496 0.0278997 0.0999994
      vertex -0.0643997 0.0351496 0.0999994
    endloop
  endfacet
  facet normal 0 0 1
    outer loop
      vertex -0.1045 -0.0123491 0.0999994
      vertex -0.0667496 0.0278997 0.0999994
      vertex -0.0719995 0.0717993 0.0999994
    endloop
  endfacet
  facet normal 0 0 1
    outer loop
      vertex -0.0719995 0.0731497 0.0999994
      vertex -0.0724497 0.0753994 0.0999994
      vertex -0.0719995 0.0717993 0.0999994
    endloop
  endfacet
  facet normal 0 0 1
    outer loop
      vertex -0.179099 -0.00839996 0.0999994
      vertex -0.0719995 0.0717993 0.0999994
      vertex -0.0724497 0.0753994 0.0999994
    endloop
  endfacet
  facet normal 0 0 1
    outer loop
      vertex -0.179099 -0.00839996 0.0999994
      vertex -0.0724497 0.0753994 0.0999994
      vertex -0.07265 0.0769997 0.0999994
    endloop
  endfacet
  facet normal 0 0 1
    outer loop
      vertex -0.0734491 0.0818996 0.0999994
      vertex -0.07265 0.0769997 0.0999994
      vertex -0.0730991 0.0804996 0.0999994
    endloop
  endfacet
  facet normal 0 0 1
    outer loop
      vertex -0.0734491 0.0818996 0.0999994
      vertex -0.0730991 0.0804996 0.0999994
      vertex -0.0731497 0.0811491 0.0999994
    endloop
  endfacet
  facet normal 0 0 1
    outer loop
      vertex -0.179099 -0.00839996 0.0999994
      vertex -0.07265 0.0769997 0.0999994
      vertex -0.0734491 0.0818996 0.0999994
    endloop
  endfacet
  facet normal 0 0 1
    outer loop
      vertex -0.0799999 0.104549 0.0999994
      vertex -0.0734491 0.0818996 0.0999994
      vertex -0.0736494 0.0834999 0.0999994
    endloop
  endfacet
  facet normal 0 0 1
    outer loop
      vertex -0.0799999 0.104549 0.0999994
      vertex -0.0736494 0.0834999 0.0999994
      vertex -0.0738993 0.0852499 0.0999994
    endloop
  endfacet
  facet normal 0 0 1
    outer loop
      vertex -0.0741997 0.0871496 0.0999994
      vertex -0.0738993 0.0852499 0.0999994
      vertex -0.0739498 0.0861492 0.0999994
    endloop
  endfacet
  facet normal 0 0 1
    outer loop
      vertex -0.0799999 0.104549 0.0999994
      vertex -0.0738993 0.0852499 0.0999994
      vertex -0.0741997 0.0871496 0.0999994
    endloop
  endfacet
  facet normal 0 0 1
    outer loop
      vertex -0.179099 -0.00839996 0.0999994
      vertex -0.0734491 0.0818996 0.0999994
      vertex -0.0799999 0.104549 0.0999994
    endloop
  endfacet
  facet normal 0 0 1
    outer loop
      vertex -0.0667496 0.0278997 0.0999994
      vertex -0.1045 -0.0123491 0.0999994
      vertex -0.0880995 -0.00394917 0.0999994
    endloop
  endfacet
  facet normal -0 0 1
    outer loop
      vertex -0.202 0.48755 0.0999994
      vertex -0.0614996 0.487499 0.0999994
      vertex -0.0614996 0.5 0.0999994
    endloop
  endfacet
  facet normal 0 0 1
    outer loop
      vertex -0.0453491 0.0905495 0.0999994
      vertex -0.0798492 0.104699 0.0999994
      vertex -0.0626497 0.0917492 0.0999994
    endloop
  endfacet
  facet normal 0 0 1
    outer loop
      vertex -0.0306997 0.0942497 0.0999994
      vertex -0.0453491 0.0905495 0.0999994
      vertex -0.0375996 0.0901995 0.0999994
    endloop
  endfacet
  facet normal 0 0 1
    outer loop
      vertex -0.0380993 0.23595 0.0999994
      vertex -0.16525 0.186999 0.0999994
      vertex -0.0798492 0.104699 0.0999994
    endloop
  endfacet
  facet normal -0 0 1
    outer loop
      vertex -0.1662 0.1845 0.0999994
      vertex -0.0798492 0.104699 0.0999994
      vertex -0.16525 0.186999 0.0999994
    endloop
  endfacet
  facet normal 0 0 1
    outer loop
      vertex -0.172999 -0.0129499 0.0999994
      vertex -0.1045 -0.0128498 0.0999994
      vertex -0.1045 -0.0123491 0.0999994
    endloop
  endfacet
  facet normal -0 0 1
    outer loop
      vertex -0.1677 0.180499 0.0999994
      vertex -0.0798492 0.104699 0.0999994
      vertex -0.1662 0.1845 0.0999994
    endloop
  endfacet
  facet normal -0 0 1
    outer loop
      vertex -0.168699 0.177999 0.0999994
      vertex -0.0798492 0.104699 0.0999994
      vertex -0.1677 0.180499 0.0999994
    endloop
  endfacet
  facet normal 0 -0 1
    outer loop
      vertex -0.1839 0.212399 0.0999994
      vertex -0.0441999 0.262449 0.0999994
      vertex -0.18785 0.219649 0.0999994
    endloop
  endfacet
  facet normal 0 0 1
    outer loop
      vertex -0.0441999 0.262449 0.0999994
      vertex -0.1839 0.212399 0.0999994
      vertex -0.16525 0.190049 0.0999994
    endloop
  endfacet
  facet normal 0 0 1
    outer loop
      vertex -0.0441999 0.262449 0.0999994
      vertex -0.2083 0.257899 0.0999994
      vertex -0.18785 0.219649 0.0999994
    endloop
  endfacet
  facet normal -0 -0 1
    outer loop
      vertex -0.19185 0.22415 0.0999994
      vertex -0.18785 0.219649 0.0999994
      vertex -0.2083 0.257899 0.0999994
    endloop
  endfacet
  facet normal 0 0 1
    outer loop
      vertex -0.202 0.48755 0.0999994
      vertex -0.0614996 0.5 0.0999994
      vertex -0.202 0.5 0.0999994
    endloop
  endfacet
  facet normal 0 0 1
    outer loop
      vertex -0.237749 0.44115 0.0999994
      vertex -0.0614996 0.487499 0.0999994
      vertex -0.202 0.48755 0.0999994
    endloop
  endfacet
  facet normal 0 0 1
    outer loop
      vertex -0.18785 0.219649 0.0999994
      vertex -0.19185 0.22415 0.0999994
      vertex -0.18825 0.219999 0.0999994
    endloop
  endfacet
  facet normal 0 0 1
    outer loop
      vertex -0.237749 0.44115 0.0999994
      vertex -0.202 0.48755 0.0999994
      vertex -0.2026 0.4871 0.0999994
    endloop
  endfacet
  facet normal -0 -0 1
    outer loop
      vertex -0.20655 0.249649 0.0999994
      vertex -0.19185 0.22415 0.0999994
      vertex -0.2083 0.257899 0.0999994
    endloop
  endfacet
  facet normal 0 0 1
    outer loop
      vertex -0.20245 0.2359 0.0999994
      vertex -0.20445 0.240649 0.0999994
      vertex -0.20375 0.237499 0.0999994
    endloop
  endfacet
  facet normal 0 0 1
    outer loop
      vertex -0.19185 0.22415 0.0999994
      vertex -0.20445 0.240649 0.0999994
      vertex -0.20245 0.2359 0.0999994
    endloop
  endfacet
  facet normal -0 -0 1
    outer loop
      vertex -0.20445 0.240649 0.0999994
      vertex -0.19185 0.22415 0.0999994
      vertex -0.20655 0.249649 0.0999994
    endloop
  endfacet
  facet normal 0 0 1
    outer loop
      vertex -0.2363 0.446899 0.0999994
      vertex -0.2026 0.4871 0.0999994
      vertex -0.209249 0.484249 0.0999994
    endloop
  endfacet
  facet normal 0 0 1
    outer loop
      vertex -0.0414991 0.2759 0.0999994
      vertex -0.2083 0.257899 0.0999994
      vertex -0.0441999 0.262449 0.0999994
    endloop
  endfacet
  facet normal 0 0 1
    outer loop
      vertex -0.2363 0.446899 0.0999994
      vertex -0.209249 0.484249 0.0999994
      vertex -0.21285 0.48255 0.0999994
    endloop
  endfacet
  facet normal 0 0 1
    outer loop
      vertex -0.0394497 0.285549 0.0999994
      vertex -0.2083 0.257899 0.0999994
      vertex -0.0407495 0.278999 0.0999994
    endloop
  endfacet
  facet normal 0 0 1
    outer loop
      vertex -0.0407495 0.278999 0.0999994
      vertex -0.2083 0.257899 0.0999994
      vertex -0.0414991 0.2759 0.0999994
    endloop
  endfacet
  facet normal 0 0 1
    outer loop
      vertex -0.212799 0.26705 0.0999994
      vertex -0.228749 0.303399 0.0999994
      vertex -0.21435 0.26915 0.0999994
    endloop
  endfacet
  facet normal -0 -0 1
    outer loop
      vertex -0.21585 0.27115 0.0999994
      vertex -0.21435 0.26915 0.0999994
      vertex -0.228749 0.303399 0.0999994
    endloop
  endfacet
  facet normal 0 0 1
    outer loop
      vertex -0.21435 0.26915 0.0999994
      vertex -0.21585 0.27115 0.0999994
      vertex -0.214499 0.26925 0.0999994
    endloop
  endfacet
  facet normal 0 0 1
    outer loop
      vertex -0.2161 0.271399 0.0999994
      vertex -0.228749 0.303399 0.0999994
      vertex -0.2226 0.2799 0.0999994
    endloop
  endfacet
  facet normal 0 0 1
    outer loop
      vertex -0.2226 0.2799 0.0999994
      vertex -0.228399 0.2897 0.0999994
      vertex -0.228299 0.28725 0.0999994
    endloop
  endfacet
  facet normal -0 0 1
    outer loop
      vertex -0.228749 0.29575 0.0999994
      vertex -0.2226 0.2799 0.0999994
      vertex -0.228749 0.303399 0.0999994
    endloop
  endfacet
  facet normal 0 0 1
    outer loop
      vertex -0.2363 0.446899 0.0999994
      vertex -0.21285 0.48255 0.0999994
      vertex -0.232699 0.46235 0.0999994
    endloop
  endfacet
  facet normal 0 0 1
    outer loop
      vertex -0.21585 0.27115 0.0999994
      vertex -0.228749 0.303399 0.0999994
      vertex -0.2161 0.271399 0.0999994
    endloop
  endfacet
  facet normal -0 -0 1
    outer loop
      vertex -0.23525 0.33365 0.0999994
      vertex -0.228749 0.303399 0.0999994
      vertex -0.235399 0.337899 0.0999994
    endloop
  endfacet
  facet normal 0 0 1
    outer loop
      vertex -0.228749 0.303399 0.0999994
      vertex -0.23525 0.33365 0.0999994
      vertex -0.233049 0.3124 0.0999994
    endloop
  endfacet
  facet normal 0 0 1
    outer loop
      vertex -0.2026 0.4871 0.0999994
      vertex -0.2363 0.446899 0.0999994
      vertex -0.237749 0.44115 0.0999994
    endloop
  endfacet
  facet normal 0 -0 1
    outer loop
      vertex -0.2083 0.257899 0.0999994
      vertex -0.0394497 0.285549 0.0999994
      vertex -0.212799 0.26705 0.0999994
    endloop
  endfacet
  facet normal 0 0 1
    outer loop
      vertex -0.235399 0.337899 0.0999994
      vertex -0.237 0.3454 0.0999994
      vertex -0.236199 0.341149 0.0999994
    endloop
  endfacet
  facet normal 0 0 1
    outer loop
      vertex -0.0614996 0.487499 0.0999994
      vertex -0.237749 0.44115 0.0999994
      vertex -0.2379 0.34865 0.0999994
    endloop
  endfacet
  facet normal 0 0 1
    outer loop
      vertex -0.0603495 0.48675 0.0999994
      vertex -0.2379 0.34865 0.0999994
      vertex -0.237 0.3454 0.0999994
    endloop
  endfacet
  facet normal 0 0 1
    outer loop
      vertex -0.241249 0.433299 0.0999994
      vertex -0.237749 0.44115 0.0999994
      vertex -0.2391 0.43985 0.0999994
    endloop
  endfacet
  facet normal 0 0 1
    outer loop
      vertex -0.241249 0.433299 0.0999994
      vertex -0.2391 0.43985 0.0999994
      vertex -0.240849 0.43765 0.0999994
    endloop
  endfacet
  facet normal 0 0 1
    outer loop
      vertex -0.24725 0.38005 0.0999994
      vertex -0.237749 0.44115 0.0999994
      vertex -0.241249 0.433299 0.0999994
    endloop
  endfacet
  facet normal 0 0 1
    outer loop
      vertex -0.243199 0.428399 0.0999994
      vertex -0.241249 0.433299 0.0999994
      vertex -0.243099 0.42915 0.0999994
    endloop
  endfacet
  facet normal 0 0 1
    outer loop
      vertex -0.24725 0.38005 0.0999994
      vertex -0.241249 0.433299 0.0999994
      vertex -0.243199 0.428399 0.0999994
    endloop
  endfacet
  facet normal 0 0 1
    outer loop
      vertex -0.24725 0.38005 0.0999994
      vertex -0.243199 0.428399 0.0999994
      vertex -0.243999 0.426149 0.0999994
    endloop
  endfacet
  facet normal 0 0 1
    outer loop
      vertex -0.244699 0.424399 0.0999994
      vertex -0.243999 0.426149 0.0999994
      vertex -0.244599 0.42515 0.0999994
    endloop
  endfacet
  facet normal 0 0 1
    outer loop
      vertex -0.2455 0.42215 0.0999994
      vertex -0.243999 0.426149 0.0999994
      vertex -0.244699 0.424399 0.0999994
    endloop
  endfacet
  facet normal 0 0 1
    outer loop
      vertex -0.237749 0.44115 0.0999994
      vertex -0.24725 0.38005 0.0999994
      vertex -0.2379 0.34865 0.0999994
    endloop
  endfacet
  facet normal 0 0 1
    outer loop
      vertex -0.2379 0.34865 0.0999994
      vertex -0.246249 0.372649 0.0999994
      vertex -0.244849 0.36025 0.0999994
    endloop
  endfacet
  facet normal 0 0 1
    outer loop
      vertex -0.24725 0.38005 0.0999994
      vertex -0.243999 0.426149 0.0999994
      vertex -0.2455 0.42215 0.0999994
    endloop
  endfacet
  facet normal 0 0 1
    outer loop
      vertex -0.2462 0.4204 0.0999994
      vertex -0.2455 0.42215 0.0999994
      vertex -0.246099 0.421149 0.0999994
    endloop
  endfacet
  facet normal 0 0 1
    outer loop
      vertex -0.24725 0.38005 0.0999994
      vertex -0.2455 0.42215 0.0999994
      vertex -0.2462 0.4204 0.0999994
    endloop
  endfacet
  facet normal 0 0 1
    outer loop
      vertex -0.244849 0.36025 0.0999994
      vertex -0.246249 0.372649 0.0999994
      vertex -0.24525 0.360999 0.0999994
    endloop
  endfacet
  facet normal 0 0 1
    outer loop
      vertex -0.24525 0.360999 0.0999994
      vertex -0.246249 0.372649 0.0999994
      vertex -0.2463 0.362399 0.0999994
    endloop
  endfacet
  facet normal -0 0 1
    outer loop
      vertex -0.170199 0.174 0.0999994
      vertex -0.0798492 0.104699 0.0999994
      vertex -0.168699 0.177999 0.0999994
    endloop
  endfacet
  facet normal 0 0 1
    outer loop
      vertex -0.16575 0.186 0.0999994
      vertex -0.16525 0.186999 0.0999994
      vertex -0.16575 0.186999 0.0999994
    endloop
  endfacet
  facet normal 0 0 1
    outer loop
      vertex -0.1662 0.1845 0.0999994
      vertex -0.16525 0.186999 0.0999994
      vertex -0.16575 0.186 0.0999994
    endloop
  endfacet
  facet normal -0 0 1
    outer loop
      vertex -0.1712 0.171499 0.0999994
      vertex -0.0798492 0.104699 0.0999994
      vertex -0.170199 0.174 0.0999994
    endloop
  endfacet
  facet normal 0 0 1
    outer loop
      vertex -0.167199 0.181999 0.0999994
      vertex -0.1662 0.1845 0.0999994
      vertex -0.166699 0.183499 0.0999994
    endloop
  endfacet
  facet normal 0 0 1
    outer loop
      vertex -0.1677 0.180499 0.0999994
      vertex -0.1662 0.1845 0.0999994
      vertex -0.167199 0.181999 0.0999994
    endloop
  endfacet
  facet normal 0 0 1
    outer loop
      vertex -0.0798492 0.104699 0.0999994
      vertex -0.1712 0.171499 0.0999994
      vertex -0.0799999 0.104549 0.0999994
    endloop
  endfacet
  facet normal 0 0 1
    outer loop
      vertex -0.168249 0.1795 0.0999994
      vertex -0.1677 0.180499 0.0999994
      vertex -0.168249 0.180499 0.0999994
    endloop
  endfacet
  facet normal 0 0 1
    outer loop
      vertex -0.168699 0.177999 0.0999994
      vertex -0.1677 0.180499 0.0999994
      vertex -0.168249 0.1795 0.0999994
    endloop
  endfacet
  facet normal 0 0 1
    outer loop
      vertex -0.179099 -0.00839996 0.0999994
      vertex -0.0799999 0.104549 0.0999994
      vertex -0.1712 0.171499 0.0999994
    endloop
  endfacet
  facet normal 0 0 1
    outer loop
      vertex -0.1697 0.1755 0.0999994
      vertex -0.168699 0.177999 0.0999994
      vertex -0.1692 0.176999 0.0999994
    endloop
  endfacet
  facet normal 0 0 1
    outer loop
      vertex -0.170199 0.174 0.0999994
      vertex -0.168699 0.177999 0.0999994
      vertex -0.1697 0.1755 0.0999994
    endloop
  endfacet
  facet normal -0 0 1
    outer loop
      vertex -0.179099 -0.00839996 0.0999994
      vertex -0.1045 -0.0123491 0.0999994
      vertex -0.0719995 0.0717993 0.0999994
    endloop
  endfacet
  facet normal 0 0 1
    outer loop
      vertex -0.17075 0.172999 0.0999994
      vertex -0.170199 0.174 0.0999994
      vertex -0.17075 0.174 0.0999994
    endloop
  endfacet
  facet normal 0 0 1
    outer loop
      vertex -0.1712 0.171499 0.0999994
      vertex -0.170199 0.174 0.0999994
      vertex -0.17075 0.172999 0.0999994
    endloop
  endfacet
  facet normal 0 0 1
    outer loop
      vertex -0.0667496 0.0278997 0.0999994
      vertex -0.0880995 -0.00394917 0.0999994
      vertex -0.0716 0.0124998 0.0999994
    endloop
  endfacet
  facet normal 0 0 1
    outer loop
      vertex -0.2126 0.0394497 0.0999994
      vertex -0.1712 0.171499 0.0999994
      vertex -0.171749 0.171499 0.0999994
    endloop
  endfacet
  facet normal 0 0 1
    outer loop
      vertex -0.172999 -0.0129499 0.0999994
      vertex -0.1045 -0.0123491 0.0999994
      vertex -0.172999 -0.0123491 0.0999994
    endloop
  endfacet
  facet normal 0 0 1
    outer loop
      vertex -0.1045 -0.0128498 0.0999994
      vertex -0.172999 -0.0129499 0.0999994
      vertex -0.2085 -0.0583496 0.0999994
    endloop
  endfacet
  facet normal 0 0 1
    outer loop
      vertex -0.183599 -0.0190496 0.0999994
      vertex -0.172999 -0.0129499 0.0999994
      vertex -0.17435 -0.0134993 0.0999994
    endloop
  endfacet
  facet normal 0 0 1
    outer loop
      vertex -0.172999 -0.0129499 0.0999994
      vertex -0.183599 -0.0190496 0.0999994
      vertex -0.207749 -0.0550995 0.0999994
    endloop
  endfacet
  facet normal 0 0 1
    outer loop
      vertex -0.186649 -0.0209999 0.0999994
      vertex -0.183599 -0.0190496 0.0999994
      vertex -0.1851 -0.0198498 0.0999994
    endloop
  endfacet
  facet normal 0 0 1
    outer loop
      vertex -0.183599 -0.0190496 0.0999994
      vertex -0.186649 -0.0209999 0.0999994
      vertex -0.207749 -0.0550995 0.0999994
    endloop
  endfacet
  facet normal 0 0 1
    outer loop
      vertex -0.203799 -0.0376492 0.0999994
      vertex -0.186649 -0.0209999 0.0999994
      vertex -0.187149 -0.0209999 0.0999994
    endloop
  endfacet
  facet normal 0 -0 1
    outer loop
      vertex -0.161249 -0.186199 0.0999994
      vertex -0.0795498 -0.1263 0.0999994
      vertex -0.210549 -0.0625496 0.0999994
    endloop
  endfacet
  facet normal 0 0 1
    outer loop
      vertex -0.0795498 -0.1263 0.0999994
      vertex -0.161249 -0.186199 0.0999994
      vertex -0.0800495 -0.129299 0.0999994
    endloop
  endfacet
  facet normal 0 0 1
    outer loop
      vertex -0.186649 -0.0209999 0.0999994
      vertex -0.203799 -0.0376492 0.0999994
      vertex -0.20605 -0.0473499 0.0999994
    endloop
  endfacet
  facet normal 0 0 1
    outer loop
      vertex -0.186649 -0.0209999 0.0999994
      vertex -0.20605 -0.0473499 0.0999994
      vertex -0.207749 -0.0550995 0.0999994
    endloop
  endfacet
  facet normal 0 0 1
    outer loop
      vertex -0.172999 -0.0129499 0.0999994
      vertex -0.207749 -0.0550995 0.0999994
      vertex -0.2085 -0.0583496 0.0999994
    endloop
  endfacet
  facet normal -0 0 1
    outer loop
      vertex -0.212049 -0.06425 0.0999994
      vertex -0.161249 -0.186199 0.0999994
      vertex -0.210549 -0.0625496 0.0999994
    endloop
  endfacet
  facet normal -0 0 1
    outer loop
      vertex -0.21295 -0.0647497 0.0999994
      vertex -0.161249 -0.186199 0.0999994
      vertex -0.212049 -0.06425 0.0999994
    endloop
  endfacet
  facet normal -0 0 1
    outer loop
      vertex -0.2268 -0.0667496 0.0999994
      vertex -0.161249 -0.186199 0.0999994
      vertex -0.21295 -0.0647497 0.0999994
    endloop
  endfacet
  facet normal 0 0 1
    outer loop
      vertex -0.161249 -0.186199 0.0999994
      vertex -0.2268 -0.0667496 0.0999994
      vertex -0.187699 -0.2085 0.0999994
    endloop
  endfacet
  facet normal -0 0 1
    outer loop
      vertex -0.237749 -0.0682993 0.0999994
      vertex -0.187699 -0.2085 0.0999994
      vertex -0.2268 -0.0667496 0.0999994
    endloop
  endfacet
  facet normal 0 0 1
    outer loop
      vertex -0.187699 -0.2085 0.0999994
      vertex -0.237749 -0.0682993 0.0999994
      vertex -0.197 -0.212749 0.0999994
    endloop
  endfacet
  facet normal 0 -0 1
    outer loop
      vertex -0.22965 -0.22975 0.0999994
      vertex -0.197 -0.212749 0.0999994
      vertex -0.237749 -0.0682993 0.0999994
    endloop
  endfacet
  facet normal 0 0 1
    outer loop
      vertex -0.197 -0.212749 0.0999994
      vertex -0.22965 -0.22975 0.0999994
      vertex -0.20595 -0.2211 0.0999994
    endloop
  endfacet
  facet normal 0 0 1
    outer loop
      vertex -0.211849 -0.226549 0.0999994
      vertex -0.213449 -0.227249 0.0999994
      vertex -0.21305 -0.2275 0.0999994
    endloop
  endfacet
  facet normal 0 -0 1
    outer loop
      vertex -0.222899 -0.228849 0.0999994
      vertex -0.20595 -0.2211 0.0999994
      vertex -0.22965 -0.22975 0.0999994
    endloop
  endfacet
  facet normal 0 -0 1
    outer loop
      vertex -0.2176 -0.228049 0.0999994
      vertex -0.209599 -0.22435 0.0999994
      vertex -0.220099 -0.228299 0.0999994
    endloop
  endfacet
  facet normal 0 -0 1
    outer loop
      vertex -0.213449 -0.227249 0.0999994
      vertex -0.209599 -0.22435 0.0999994
      vertex -0.2176 -0.228049 0.0999994
    endloop
  endfacet
  facet normal 0 0 1
    outer loop
      vertex -0.209599 -0.22435 0.0999994
      vertex -0.213449 -0.227249 0.0999994
      vertex -0.211849 -0.226549 0.0999994
    endloop
  endfacet
  facet normal 0 0 1
    outer loop
      vertex -0.20595 -0.2211 0.0999994
      vertex -0.220099 -0.228299 0.0999994
      vertex -0.209599 -0.22435 0.0999994
    endloop
  endfacet
  facet normal 0 0 1
    outer loop
      vertex -0.220099 -0.228299 0.0999994
      vertex -0.222899 -0.228849 0.0999994
      vertex -0.22195 -0.228749 0.0999994
    endloop
  endfacet
  facet normal 0 0 1
    outer loop
      vertex -0.222899 -0.228849 0.0999994
      vertex -0.22965 -0.22975 0.0999994
      vertex -0.229099 -0.22985 0.0999994
    endloop
  endfacet
  facet normal 0 -0 1
    outer loop
      vertex -0.220099 -0.228299 0.0999994
      vertex -0.20595 -0.2211 0.0999994
      vertex -0.222899 -0.228849 0.0999994
    endloop
  endfacet
  facet normal 0 0 1
    outer loop
      vertex -0.2546 -0.0626993 0.0999994
      vertex -0.22965 -0.22975 0.0999994
      vertex -0.237749 -0.0682993 0.0999994
    endloop
  endfacet
  facet normal 0 0 1
    outer loop
      vertex -0.22965 -0.22975 0.0999994
      vertex -0.23835 -0.23455 0.0999994
      vertex -0.23735 -0.23415 0.0999994
    endloop
  endfacet
  facet normal 0 0 1
    outer loop
      vertex -0.22965 -0.22975 0.0999994
      vertex -0.246599 -0.237599 0.0999994
      vertex -0.23835 -0.23455 0.0999994
    endloop
  endfacet
  facet normal 0 0 1
    outer loop
      vertex -0.22965 -0.22975 0.0999994
      vertex -0.2546 -0.0626993 0.0999994
      vertex -0.246599 -0.237599 0.0999994
    endloop
  endfacet
  facet normal 0 0 1
    outer loop
      vertex -0.2757 -0.25075 0.0999994
      vertex -0.246599 -0.237599 0.0999994
      vertex -0.2546 -0.0626993 0.0999994
    endloop
  endfacet
  facet normal 0 0 1
    outer loop
      vertex -0.246599 -0.237599 0.0999994
      vertex -0.2757 -0.25075 0.0999994
      vertex -0.247749 -0.238449 0.0999994
    endloop
  endfacet
  facet normal 0 0 1
    outer loop
      vertex -0.25005 -0.24035 0.0999994
      vertex -0.2519 -0.24175 0.0999994
      vertex -0.25145 -0.24175 0.0999994
    endloop
  endfacet
  facet normal 0 0 1
    outer loop
      vertex -0.247749 -0.238449 0.0999994
      vertex -0.2757 -0.25075 0.0999994
      vertex -0.25005 -0.24035 0.0999994
    endloop
  endfacet
  facet normal 0 0 1
    outer loop
      vertex -0.25005 -0.24035 0.0999994
      vertex -0.2757 -0.25075 0.0999994
      vertex -0.2519 -0.24175 0.0999994
    endloop
  endfacet
  facet normal 0 0 1
    outer loop
      vertex -0.2519 -0.24175 0.0999994
      vertex -0.2757 -0.25075 0.0999994
      vertex -0.252999 -0.242849 0.0999994
    endloop
  endfacet
  facet normal 0 0 1
    outer loop
      vertex -0.252999 -0.242849 0.0999994
      vertex -0.2757 -0.25075 0.0999994
      vertex -0.25635 -0.245549 0.0999994
    endloop
  endfacet
  facet normal 0 0 1
    outer loop
      vertex -0.25635 -0.245549 0.0999994
      vertex -0.25735 -0.246249 0.0999994
      vertex -0.256749 -0.246249 0.0999994
    endloop
  endfacet
  facet normal 0 0 1
    outer loop
      vertex -0.25635 -0.245549 0.0999994
      vertex -0.2757 -0.25075 0.0999994
      vertex -0.25735 -0.246249 0.0999994
    endloop
  endfacet
  facet normal 0 0 1
    outer loop
      vertex -0.25735 -0.246249 0.0999994
      vertex -0.260349 -0.24875 0.0999994
      vertex -0.26005 -0.24875 0.0999994
    endloop
  endfacet
  facet normal 0 0 1
    outer loop
      vertex -0.268649 -0.0529499 0.0999994
      vertex -0.2546 -0.0626993 0.0999994
      vertex -0.2626 -0.0547991 0.0999994
    endloop
  endfacet
  facet normal 0 0 1
    outer loop
      vertex -0.25735 -0.246249 0.0999994
      vertex -0.2757 -0.25075 0.0999994
      vertex -0.260349 -0.24875 0.0999994
    endloop
  endfacet
  facet normal -0 0 1
    outer loop
      vertex -0.268649 -0.0529499 0.0999994
      vertex -0.2626 -0.0547991 0.0999994
      vertex -0.26785 -0.0529499 0.0999994
    endloop
  endfacet
  facet normal 0 0 1
    outer loop
      vertex -0.27415 -0.0510998 0.0999994
      vertex -0.2546 -0.0626993 0.0999994
      vertex -0.268649 -0.0529499 0.0999994
    endloop
  endfacet
  facet normal 0 0 1
    outer loop
      vertex -0.312099 -0.25875 0.0999994
      vertex -0.2546 -0.0626993 0.0999994
      vertex -0.27415 -0.0510998 0.0999994
    endloop
  endfacet
  facet normal 0 0 1
    outer loop
      vertex -0.260349 -0.24875 0.0999994
      vertex -0.2757 -0.25075 0.0999994
      vertex -0.2626 -0.25075 0.0999994
    endloop
  endfacet
  facet normal 0 0 1
    outer loop
      vertex -0.2546 -0.0626993 0.0999994
      vertex -0.312099 -0.25875 0.0999994
      vertex -0.2757 -0.25075 0.0999994
    endloop
  endfacet
  facet normal 0 -0 1
    outer loop
      vertex -0.3046 -0.25855 0.0999994
      vertex -0.2757 -0.25075 0.0999994
      vertex -0.312099 -0.25875 0.0999994
    endloop
  endfacet
  facet normal 0 0 1
    outer loop
      vertex -0.457749 -0.0827494 0.0999994
      vertex -0.27415 -0.0510998 0.0999994
      vertex -0.291849 -0.0372992 0.0999994
    endloop
  endfacet
  facet normal 0 0 1
    outer loop
      vertex -0.28185 -0.254299 0.0999994
      vertex -0.295099 -0.25805 0.0999994
      vertex -0.2876 -0.2577 0.0999994
    endloop
  endfacet
  facet normal 0 0 1
    outer loop
      vertex -0.2757 -0.25075 0.0999994
      vertex -0.295099 -0.25805 0.0999994
      vertex -0.28185 -0.254299 0.0999994
    endloop
  endfacet
  facet normal 0 0 1
    outer loop
      vertex -0.295099 -0.25805 0.0999994
      vertex -0.3046 -0.25855 0.0999994
      vertex -0.2955 -0.258149 0.0999994
    endloop
  endfacet
  facet normal 0 -0 1
    outer loop
      vertex -0.295099 -0.25805 0.0999994
      vertex -0.2757 -0.25075 0.0999994
      vertex -0.3046 -0.25855 0.0999994
    endloop
  endfacet
  facet normal 0 0 1
    outer loop
      vertex -0.3046 -0.25855 0.0999994
      vertex -0.312099 -0.25875 0.0999994
      vertex -0.304999 -0.25875 0.0999994
    endloop
  endfacet
  facet normal -0 0 1
    outer loop
      vertex -0.31355 -0.0184994 0.0999994
      vertex -0.291849 -0.0372992 0.0999994
      vertex -0.313 -0.0184994 0.0999994
    endloop
  endfacet
  facet normal 0 0 1
    outer loop
      vertex -0.32885 -0.0128498 0.0999994
      vertex -0.291849 -0.0372992 0.0999994
      vertex -0.31355 -0.0184994 0.0999994
    endloop
  endfacet
  facet normal 0 0 1
    outer loop
      vertex -0.27415 -0.0510998 0.0999994
      vertex -0.322849 -0.260249 0.0999994
      vertex -0.312099 -0.25875 0.0999994
    endloop
  endfacet
  facet normal -0 0 1
    outer loop
      vertex -0.372749 -0.0128498 0.0999994
      vertex -0.291849 -0.0372992 0.0999994
      vertex -0.32885 -0.0128498 0.0999994
    endloop
  endfacet
  facet normal 0 0 1
    outer loop
      vertex -0.372749 -0.0128498 0.0999994
      vertex -0.32885 -0.0128498 0.0999994
      vertex -0.329049 -0.0122499 0.0999994
    endloop
  endfacet
  facet normal -0 0 1
    outer loop
      vertex -0.33025 0.24 0.0999994
      vertex -0.32935 0.23965 0.0999994
      vertex -0.32955 0.24 0.0999994
    endloop
  endfacet
  facet normal 0 0 1
    outer loop
      vertex -0.3459 0.244499 0.0999994
      vertex -0.327749 0.2385 0.0999994
      vertex -0.33025 0.24 0.0999994
    endloop
  endfacet
  facet normal 0 0 1
    outer loop
      vertex -0.33295 0.2415 0.0999994
      vertex -0.33025 0.24 0.0999994
      vertex -0.331849 0.24115 0.0999994
    endloop
  endfacet
  facet normal -0 0 1
    outer loop
      vertex -0.33295 0.2415 0.0999994
      vertex -0.331849 0.24115 0.0999994
      vertex -0.332049 0.2415 0.0999994
    endloop
  endfacet
  facet normal 0 0 1
    outer loop
      vertex -0.33025 0.24 0.0999994
      vertex -0.33295 0.2415 0.0999994
      vertex -0.3459 0.244499 0.0999994
    endloop
  endfacet
  facet normal 0 0 1
    outer loop
      vertex -0.337749 0.24455 0.0999994
      vertex -0.33295 0.2415 0.0999994
      vertex -0.3333 0.242 0.0999994
    endloop
  endfacet
  facet normal 0 0 1
    outer loop
      vertex -0.33295 0.2415 0.0999994
      vertex -0.337749 0.24455 0.0999994
      vertex -0.3459 0.244499 0.0999994
    endloop
  endfacet
  facet normal 0 0 1
    outer loop
      vertex -0.30635 0.000749588 0.0999994
      vertex -0.3206 -0.00869942 0.0999994
      vertex -0.316449 -0.00674915 0.0999994
    endloop
  endfacet
  facet normal 0 0 1
    outer loop
      vertex -0.372749 -0.0128498 0.0999994
      vertex -0.329049 -0.0122499 0.0999994
      vertex -0.372749 -0.0123491 0.0999994
    endloop
  endfacet
  facet normal 0 0 1
    outer loop
      vertex -0.291849 -0.0372992 0.0999994
      vertex -0.372749 -0.0128498 0.0999994
      vertex -0.40105 -0.0259991 0.0999994
    endloop
  endfacet
  facet normal 0 0 1
    outer loop
      vertex -0.327 0.23805 0.0999994
      vertex -0.3459 0.244499 0.0999994
      vertex -0.349299 0.245 0.0999994
    endloop
  endfacet
  facet normal 0 0 1
    outer loop
      vertex -0.349299 0.245 0.0999994
      vertex -0.3459 0.244499 0.0999994
      vertex -0.346299 0.2449 0.0999994
    endloop
  endfacet
  facet normal 0 0 1
    outer loop
      vertex -0.291849 -0.0372992 0.0999994
      vertex -0.40105 -0.0259991 0.0999994
      vertex -0.457749 -0.0827494 0.0999994
    endloop
  endfacet
  facet normal 0 0 1
    outer loop
      vertex -0.327 0.23805 0.0999994
      vertex -0.349299 0.245 0.0999994
      vertex -0.35325 0.2455 0.0999994
    endloop
  endfacet
  facet normal 0 0 1
    outer loop
      vertex -0.35325 0.2455 0.0999994
      vertex -0.349299 0.245 0.0999994
      vertex -0.34985 0.245449 0.0999994
    endloop
  endfacet
  facet normal 0 0 1
    outer loop
      vertex -0.322849 -0.260249 0.0999994
      vertex -0.342349 -0.2623 0.0999994
      vertex -0.338599 -0.26225 0.0999994
    endloop
  endfacet
  facet normal 0 0 1
    outer loop
      vertex -0.27415 -0.0510998 0.0999994
      vertex -0.457749 -0.0827494 0.0999994
      vertex -0.342349 -0.2623 0.0999994
    endloop
  endfacet
  facet normal 0 0 1
    outer loop
      vertex -0.327 0.23805 0.0999994
      vertex -0.35325 0.2455 0.0999994
      vertex -0.405849 0.240499 0.0999994
    endloop
  endfacet
  facet normal 0 0 1
    outer loop
      vertex -0.342349 -0.2623 0.0999994
      vertex -0.3503 -0.26275 0.0999994
      vertex -0.34785 -0.262799 0.0999994
    endloop
  endfacet
  facet normal 0 0 1
    outer loop
      vertex -0.356099 0.245999 0.0999994
      vertex -0.35325 0.2455 0.0999994
      vertex -0.353849 0.24585 0.0999994
    endloop
  endfacet
  facet normal 0 0 1
    outer loop
      vertex -0.342349 -0.2623 0.0999994
      vertex -0.457749 -0.0827494 0.0999994
      vertex -0.3503 -0.26275 0.0999994
    endloop
  endfacet
  facet normal 0 0 1
    outer loop
      vertex -0.35325 0.2455 0.0999994
      vertex -0.356099 0.245999 0.0999994
      vertex -0.356799 0.245999 0.0999994
    endloop
  endfacet
  facet normal 0 0 1
    outer loop
      vertex -0.405849 0.240499 0.0999994
      vertex -0.35325 0.2455 0.0999994
      vertex -0.356799 0.245999 0.0999994
    endloop
  endfacet
  facet normal 0 0 1
    outer loop
      vertex -0.3503 -0.26275 0.0999994
      vertex -0.3538 -0.2632 0.0999994
      vertex -0.35135 -0.26335 0.0999994
    endloop
  endfacet
  facet normal 0 0 1
    outer loop
      vertex -0.359599 0.246499 0.0999994
      vertex -0.356799 0.245999 0.0999994
      vertex -0.357349 0.246349 0.0999994
    endloop
  endfacet
  facet normal -0 0 1
    outer loop
      vertex -0.461949 -0.0890999 0.0999994
      vertex -0.3503 -0.26275 0.0999994
      vertex -0.457749 -0.0827494 0.0999994
    endloop
  endfacet
  facet normal 0 0 1
    outer loop
      vertex -0.356799 0.245999 0.0999994
      vertex -0.359599 0.246499 0.0999994
      vertex -0.360299 0.246499 0.0999994
    endloop
  endfacet
  facet normal 0 0 1
    outer loop
      vertex -0.3503 -0.26275 0.0999994
      vertex -0.461949 -0.0890999 0.0999994
      vertex -0.3538 -0.2632 0.0999994
    endloop
  endfacet
  facet normal 0 0 1
    outer loop
      vertex -0.405849 0.240499 0.0999994
      vertex -0.356799 0.245999 0.0999994
      vertex -0.360299 0.246499 0.0999994
    endloop
  endfacet
  facet normal 0 0 1
    outer loop
      vertex -0.3538 -0.2632 0.0999994
      vertex -0.356799 -0.2637 0.0999994
      vertex -0.354549 -0.263849 0.0999994
    endloop
  endfacet
  facet normal 0 0 1
    outer loop
      vertex -0.3769 0.247 0.0999994
      vertex -0.360299 0.246499 0.0999994
      vertex -0.360849 0.246949 0.0999994
    endloop
  endfacet
  facet normal 0 0 1
    outer loop
      vertex -0.3538 -0.2632 0.0999994
      vertex -0.461949 -0.0890999 0.0999994
      vertex -0.356799 -0.2637 0.0999994
    endloop
  endfacet
  facet normal 0 0 1
    outer loop
      vertex -0.356799 -0.2637 0.0999994
      vertex -0.359799 -0.264199 0.0999994
      vertex -0.35755 -0.26435 0.0999994
    endloop
  endfacet
  facet normal 0 0 1
    outer loop
      vertex -0.27415 -0.0510998 0.0999994
      vertex -0.342349 -0.2623 0.0999994
      vertex -0.322849 -0.260249 0.0999994
    endloop
  endfacet
  facet normal 0 0 1
    outer loop
      vertex -0.360299 0.246499 0.0999994
      vertex -0.3769 0.247 0.0999994
      vertex -0.405849 0.240499 0.0999994
    endloop
  endfacet
  facet normal 0 0 1
    outer loop
      vertex -0.3868 0.247499 0.0999994
      vertex -0.3769 0.247 0.0999994
      vertex -0.377299 0.247399 0.0999994
    endloop
  endfacet
  facet normal 0 0 1
    outer loop
      vertex -0.3769 0.247 0.0999994
      vertex -0.3868 0.247499 0.0999994
      vertex -0.3931 0.245549 0.0999994
    endloop
  endfacet
  facet normal 0 0 1
    outer loop
      vertex -0.3206 -0.00869942 0.0999994
      vertex -0.372749 -0.0123491 0.0999994
      vertex -0.329049 -0.0122499 0.0999994
    endloop
  endfacet
  facet normal 0 0 1
    outer loop
      vertex -0.387799 0.247499 0.0999994
      vertex -0.3868 0.247499 0.0999994
      vertex -0.387449 0.247999 0.0999994
    endloop
  endfacet
  facet normal 0 0 1
    outer loop
      vertex -0.390599 0.24655 0.0999994
      vertex -0.3868 0.247499 0.0999994
      vertex -0.387799 0.247499 0.0999994
    endloop
  endfacet
  facet normal 0 0 1
    outer loop
      vertex -0.390599 0.24655 0.0999994
      vertex -0.387799 0.247499 0.0999994
      vertex -0.388599 0.247499 0.0999994
    endloop
  endfacet
  facet normal 0 0 1
    outer loop
      vertex -0.372749 -0.0123491 0.0999994
      vertex -0.38925 -0.00724983 0.0999994
      vertex -0.387349 -0.00864983 0.0999994
    endloop
  endfacet
  facet normal 0 0 1
    outer loop
      vertex -0.3868 0.247499 0.0999994
      vertex -0.390599 0.24655 0.0999994
      vertex -0.3931 0.245549 0.0999994
    endloop
  endfacet
  facet normal 0 0 1
    outer loop
      vertex -0.3769 0.247 0.0999994
      vertex -0.3931 0.245549 0.0999994
      vertex -0.39695 0.243999 0.0999994
    endloop
  endfacet
  facet normal 0 0 1
    outer loop
      vertex -0.39695 0.243999 0.0999994
      vertex -0.3931 0.245549 0.0999994
      vertex -0.3951 0.244949 0.0999994
    endloop
  endfacet
  facet normal 0 0 1
    outer loop
      vertex -0.3769 0.247 0.0999994
      vertex -0.39695 0.243999 0.0999994
      vertex -0.401099 0.24245 0.0999994
    endloop
  endfacet
  facet normal 0 0 1
    outer loop
      vertex -0.398399 0.2435 0.0999994
      vertex -0.39695 0.243999 0.0999994
      vertex -0.3979 0.243999 0.0999994
    endloop
  endfacet
  facet normal 0 0 1
    outer loop
      vertex -0.401099 0.24245 0.0999994
      vertex -0.39695 0.243999 0.0999994
      vertex -0.398399 0.2435 0.0999994
    endloop
  endfacet
  facet normal 0 0 1
    outer loop
      vertex -0.3769 0.247 0.0999994
      vertex -0.401099 0.24245 0.0999994
      vertex -0.4035 0.2415 0.0999994
    endloop
  endfacet
  facet normal 0 0 1
    outer loop
      vertex -0.4035 0.2415 0.0999994
      vertex -0.401099 0.24245 0.0999994
      vertex -0.40185 0.24235 0.0999994
    endloop
  endfacet
  facet normal 0 0 1
    outer loop
      vertex -0.3769 0.247 0.0999994
      vertex -0.4035 0.2415 0.0999994
      vertex -0.405849 0.240499 0.0999994
    endloop
  endfacet
  facet normal 0 0 1
    outer loop
      vertex -0.405849 0.240499 0.0999994
      vertex -0.4035 0.2415 0.0999994
      vertex -0.404249 0.2415 0.0999994
    endloop
  endfacet
  facet normal 0 0 1
    outer loop
      vertex -0.372749 -0.0123491 0.0999994
      vertex -0.40535 0.00529957 0.0999994
      vertex -0.38925 -0.00724983 0.0999994
    endloop
  endfacet
  facet normal 0 0 1
    outer loop
      vertex -0.327 0.23805 0.0999994
      vertex -0.405849 0.240499 0.0999994
      vertex -0.40965 0.2391 0.0999994
    endloop
  endfacet
  facet normal 0 0 1
    outer loop
      vertex -0.30635 0.000749588 0.0999994
      vertex -0.372749 -0.0123491 0.0999994
      vertex -0.3206 -0.00869942 0.0999994
    endloop
  endfacet
  facet normal 0 0 1
    outer loop
      vertex -0.40965 0.2391 0.0999994
      vertex -0.405849 0.240499 0.0999994
      vertex -0.4066 0.240499 0.0999994
    endloop
  endfacet
  facet normal 0 -0 1
    outer loop
      vertex -0.40535 0.00529957 0.0999994
      vertex -0.295099 0.0112 0.0999994
      vertex -0.4065 0.00604916 0.0999994
    endloop
  endfacet
  facet normal 0 0 1
    outer loop
      vertex -0.327 0.23805 0.0999994
      vertex -0.40965 0.2391 0.0999994
      vertex -0.462799 0.0669994 0.0999994
    endloop
  endfacet
  facet normal 0 0 1
    outer loop
      vertex -0.462799 0.0669994 0.0999994
      vertex -0.40965 0.2391 0.0999994
      vertex -0.4107 0.2387 0.0999994
    endloop
  endfacet
  facet normal -0 -0 1
    outer loop
      vertex -0.42275 0.0162497 0.0999994
      vertex -0.4065 0.00604916 0.0999994
      vertex -0.45305 0.0521994 0.0999994
    endloop
  endfacet
  facet normal 0 0 1
    outer loop
      vertex -0.4065 0.00604916 0.0999994
      vertex -0.4108 0.0067997 0.0999994
      vertex -0.4086 0.00619984 0.0999994
    endloop
  endfacet
  facet normal 0 0 1
    outer loop
      vertex -0.412849 0.23805 0.0999994
      vertex -0.4107 0.2387 0.0999994
      vertex -0.4126 0.238549 0.0999994
    endloop
  endfacet
  facet normal 0 0 1
    outer loop
      vertex -0.414599 0.2372 0.0999994
      vertex -0.4107 0.2387 0.0999994
      vertex -0.412849 0.23805 0.0999994
    endloop
  endfacet
  facet normal -0 -0 1
    outer loop
      vertex -0.4129 0.00719929 0.0999994
      vertex -0.4108 0.0067997 0.0999994
      vertex -0.418349 0.0127497 0.0999994
    endloop
  endfacet
  facet normal 0 0 1
    outer loop
      vertex -0.462799 0.0669994 0.0999994
      vertex -0.4107 0.2387 0.0999994
      vertex -0.414599 0.2372 0.0999994
    endloop
  endfacet
  facet normal 0 0 1
    outer loop
      vertex -0.4108 0.0067997 0.0999994
      vertex -0.4129 0.00719929 0.0999994
      vertex -0.411599 0.00659943 0.0999994
    endloop
  endfacet
  facet normal -0 -0 1
    outer loop
      vertex -0.418349 0.0127497 0.0999994
      vertex -0.4065 0.00604916 0.0999994
      vertex -0.42275 0.0162497 0.0999994
    endloop
  endfacet
  facet normal 0 0 1
    outer loop
      vertex -0.418349 0.0127497 0.0999994
      vertex -0.42025 0.0141497 0.0999994
      vertex -0.41875 0.0127497 0.0999994
    endloop
  endfacet
  facet normal 0 0 1
    outer loop
      vertex -0.418349 0.0127497 0.0999994
      vertex -0.42275 0.0162497 0.0999994
      vertex -0.42025 0.0141497 0.0999994
    endloop
  endfacet
  facet normal -0 -0 1
    outer loop
      vertex -0.4108 0.0067997 0.0999994
      vertex -0.4065 0.00604916 0.0999994
      vertex -0.418349 0.0127497 0.0999994
    endloop
  endfacet
  facet normal 0 0 1
    outer loop
      vertex -0.42275 0.0162497 0.0999994
      vertex -0.424199 0.0171499 0.0999994
      vertex -0.423249 0.0162497 0.0999994
    endloop
  endfacet
  facet normal -0 -0 1
    outer loop
      vertex -0.426849 0.0192499 0.0999994
      vertex -0.42275 0.0162497 0.0999994
      vertex -0.45305 0.0521994 0.0999994
    endloop
  endfacet
  facet normal -0 -0 1
    outer loop
      vertex -0.424999 0.0177498 0.0999994
      vertex -0.42275 0.0162497 0.0999994
      vertex -0.426849 0.0192499 0.0999994
    endloop
  endfacet
  facet normal 0 0 1
    outer loop
      vertex -0.424999 0.0177498 0.0999994
      vertex -0.426849 0.0192499 0.0999994
      vertex -0.4252 0.0177498 0.0999994
    endloop
  endfacet
  facet normal 0 0 1
    outer loop
      vertex -0.42275 0.0162497 0.0999994
      vertex -0.424999 0.0177498 0.0999994
      vertex -0.424199 0.0171499 0.0999994
    endloop
  endfacet
  facet normal -0 -0 1
    outer loop
      vertex -0.428849 0.0207491 0.0999994
      vertex -0.426849 0.0192499 0.0999994
      vertex -0.45305 0.0521994 0.0999994
    endloop
  endfacet
  facet normal 0 0 1
    outer loop
      vertex -0.426849 0.0192499 0.0999994
      vertex -0.428849 0.0207491 0.0999994
      vertex -0.427199 0.0192499 0.0999994
    endloop
  endfacet
  facet normal -0 -0 1
    outer loop
      vertex -0.433249 0.0242491 0.0999994
      vertex -0.428849 0.0207491 0.0999994
      vertex -0.45305 0.0521994 0.0999994
    endloop
  endfacet
  facet normal 0 0 1
    outer loop
      vertex -0.428849 0.0207491 0.0999994
      vertex -0.43075 0.0221491 0.0999994
      vertex -0.42925 0.0207491 0.0999994
    endloop
  endfacet
  facet normal 0 0 1
    outer loop
      vertex -0.428849 0.0207491 0.0999994
      vertex -0.433249 0.0242491 0.0999994
      vertex -0.43075 0.0221491 0.0999994
    endloop
  endfacet
  facet normal -0 -0 1
    outer loop
      vertex -0.451349 0.0476494 0.0999994
      vertex -0.433249 0.0242491 0.0999994
      vertex -0.45305 0.0521994 0.0999994
    endloop
  endfacet
  facet normal 0 0 1
    outer loop
      vertex -0.433249 0.0242491 0.0999994
      vertex -0.434699 0.0251493 0.0999994
      vertex -0.433749 0.0242491 0.0999994
    endloop
  endfacet
  facet normal -0 -0 1
    outer loop
      vertex -0.4373 0.0271492 0.0999994
      vertex -0.433249 0.0242491 0.0999994
      vertex -0.451349 0.0476494 0.0999994
    endloop
  endfacet
  facet normal 0 0 1
    outer loop
      vertex -0.46025 0.206499 0.0999994
      vertex -0.414599 0.2372 0.0999994
      vertex -0.43685 0.232249 0.0999994
    endloop
  endfacet
  facet normal 0 0 1
    outer loop
      vertex -0.433249 0.0242491 0.0999994
      vertex -0.435499 0.0257492 0.0999994
      vertex -0.434699 0.0251493 0.0999994
    endloop
  endfacet
  facet normal 0 0 1
    outer loop
      vertex -0.4577 0.212299 0.0999994
      vertex -0.43685 0.232249 0.0999994
      vertex -0.43765 0.231999 0.0999994
    endloop
  endfacet
  facet normal 0 0 1
    outer loop
      vertex -0.433249 0.0242491 0.0999994
      vertex -0.4373 0.0271492 0.0999994
      vertex -0.435499 0.0257492 0.0999994
    endloop
  endfacet
  facet normal 0 0 1
    outer loop
      vertex -0.4373 0.0271492 0.0999994
      vertex -0.447749 0.0381498 0.0999994
      vertex -0.447749 0.0374994 0.0999994
    endloop
  endfacet
  facet normal 0 0 1
    outer loop
      vertex -0.2226 0.2799 0.0999994
      vertex -0.228749 0.29575 0.0999994
      vertex -0.228399 0.2897 0.0999994
    endloop
  endfacet
  facet normal 0 0 1
    outer loop
      vertex -0.244849 0.36025 0.0999994
      vertex -0.24525 0.360999 0.0999994
      vertex -0.24525 0.36025 0.0999994
    endloop
  endfacet
  facet normal 0 0 1
    outer loop
      vertex -0.246949 -0.4021 0.0999994
      vertex -0.246249 -0.3979 0.0999994
      vertex -0.246599 -0.398299 0.0999994
    endloop
  endfacet
  facet normal 0 0 1
    outer loop
      vertex -0.24725 -0.405299 0.0999994
      vertex -0.246249 -0.3979 0.0999994
      vertex -0.246949 -0.4021 0.0999994
    endloop
  endfacet
  facet normal 0 0 1
    outer loop
      vertex -0.24725 -0.405299 0.0999994
      vertex -0.246949 -0.4021 0.0999994
      vertex -0.24725 -0.40385 0.0999994
    endloop
  endfacet
  facet normal 0 0 1
    outer loop
      vertex -0.244699 -0.449599 0.0999994
      vertex -0.248249 -0.4239 0.0999994
      vertex -0.2455 -0.447399 0.0999994
    endloop
  endfacet
  facet normal 0 0 1
    outer loop
      vertex -0.2455 -0.447399 0.0999994
      vertex -0.248249 -0.4239 0.0999994
      vertex -0.2462 -0.4456 0.0999994
    endloop
  endfacet
  facet normal 0 0 1
    outer loop
      vertex -0.247749 -0.408099 0.0999994
      vertex -0.24725 -0.405299 0.0999994
      vertex -0.2476 -0.405849 0.0999994
    endloop
  endfacet
  facet normal 0 0 1
    outer loop
      vertex -0.24725 -0.405299 0.0999994
      vertex -0.247749 -0.408099 0.0999994
      vertex -0.247749 -0.408799 0.0999994
    endloop
  endfacet
  facet normal 0 0 1
    outer loop
      vertex -0.248249 -0.4239 0.0999994
      vertex -0.24725 -0.405299 0.0999994
      vertex -0.247749 -0.408799 0.0999994
    endloop
  endfacet
  facet normal 0 0 1
    outer loop
      vertex -0.248199 -0.411099 0.0999994
      vertex -0.247749 -0.408799 0.0999994
      vertex -0.248099 -0.409349 0.0999994
    endloop
  endfacet
  facet normal 0 0 1
    outer loop
      vertex -0.247749 -0.408799 0.0999994
      vertex -0.248199 -0.411099 0.0999994
      vertex -0.248249 -0.4239 0.0999994
    endloop
  endfacet
  facet normal -0 0 1
    outer loop
      vertex -0.248899 -0.432599 0.0999994
      vertex -0.2462 -0.4456 0.0999994
      vertex -0.248249 -0.4239 0.0999994
    endloop
  endfacet
  facet normal 0 0 1
    outer loop
      vertex -0.248899 -0.432599 0.0999994
      vertex -0.248249 -0.4239 0.0999994
      vertex -0.248599 -0.42425 0.0999994
    endloop
  endfacet
  facet normal 0 0 1
    outer loop
      vertex -0.2462 -0.4456 0.0999994
      vertex -0.248899 -0.432599 0.0999994
      vertex -0.247499 -0.442249 0.0999994
    endloop
  endfacet
  facet normal -0 0 1
    outer loop
      vertex -0.249299 -0.4366 0.0999994
      vertex -0.247499 -0.442249 0.0999994
      vertex -0.248899 -0.432599 0.0999994
    endloop
  endfacet
  facet normal 0 0 1
    outer loop
      vertex -0.247499 -0.442249 0.0999994
      vertex -0.249299 -0.4366 0.0999994
      vertex -0.249399 -0.437099 0.0999994
    endloop
  endfacet
  facet normal 0 0 1
    outer loop
      vertex -0.246949 0.3769 0.0999994
      vertex -0.24725 0.38005 0.0999994
      vertex -0.24725 0.37865 0.0999994
    endloop
  endfacet
  facet normal 0 0 1
    outer loop
      vertex -0.4373 0.0271492 0.0999994
      vertex -0.44875 0.0407 0.0999994
      vertex -0.447749 0.0381498 0.0999994
    endloop
  endfacet
  facet normal 0 0 1
    outer loop
      vertex -0.4373 0.0271492 0.0999994
      vertex -0.449249 0.0419998 0.0999994
      vertex -0.44875 0.0407 0.0999994
    endloop
  endfacet
  facet normal 0 0 1
    outer loop
      vertex -0.4373 0.0271492 0.0999994
      vertex -0.45 0.0440493 0.0999994
      vertex -0.449249 0.0419998 0.0999994
    endloop
  endfacet
  facet normal 0 0 1
    outer loop
      vertex -0.4373 0.0271492 0.0999994
      vertex -0.451349 0.0476494 0.0999994
      vertex -0.45 0.0440493 0.0999994
    endloop
  endfacet
  facet normal 0 0 1
    outer loop
      vertex -0.45 0.0440493 0.0999994
      vertex -0.451349 0.0476494 0.0999994
      vertex -0.4507 0.0453997 0.0999994
    endloop
  endfacet
  facet normal 0 0 1
    outer loop
      vertex -0.435499 0.0257492 0.0999994
      vertex -0.4373 0.0271492 0.0999994
      vertex -0.435699 0.0257492 0.0999994
    endloop
  endfacet
  facet normal 0 0 1
    outer loop
      vertex -0.451349 0.0476494 0.0999994
      vertex -0.45305 0.0521994 0.0999994
      vertex -0.4522 0.0493994 0.0999994
    endloop
  endfacet
  facet normal 0 -0 1
    outer loop
      vertex -0.4065 0.00604916 0.0999994
      vertex -0.293349 0.0126495 0.0999994
      vertex -0.45305 0.0521994 0.0999994
    endloop
  endfacet
  facet normal 0 0 1
    outer loop
      vertex -0.43685 0.232249 0.0999994
      vertex -0.4577 0.212299 0.0999994
      vertex -0.46025 0.206499 0.0999994
    endloop
  endfacet
  facet normal 0 0 1
    outer loop
      vertex -0.46025 0.206499 0.0999994
      vertex -0.4577 0.212299 0.0999994
      vertex -0.46025 0.20675 0.0999994
    endloop
  endfacet
  facet normal 0 0 1
    outer loop
      vertex -0.414599 0.2372 0.0999994
      vertex -0.46025 0.206499 0.0999994
      vertex -0.462749 0.201249 0.0999994
    endloop
  endfacet
  facet normal 0 0 1
    outer loop
      vertex -0.462799 0.0669994 0.0999994
      vertex -0.414599 0.2372 0.0999994
      vertex -0.462749 0.201249 0.0999994
    endloop
  endfacet
  facet normal 0 0 1
    outer loop
      vertex -0.454599 0.0547495 0.0999994
      vertex -0.462399 0.0663996 0.0999994
      vertex -0.4606 0.0626497 0.0999994
    endloop
  endfacet
  facet normal 0 0 1
    outer loop
      vertex -0.324349 0.237049 0.0999994
      vertex -0.462399 0.0663996 0.0999994
      vertex -0.454599 0.0547495 0.0999994
    endloop
  endfacet
  facet normal 0 0 1
    outer loop
      vertex -0.327 0.23805 0.0999994
      vertex -0.462799 0.0669994 0.0999994
      vertex -0.462399 0.0663996 0.0999994
    endloop
  endfacet
  facet normal -0 0 1
    outer loop
      vertex -0.474999 0.201249 0.0999994
      vertex -0.462799 0.0669994 0.0999994
      vertex -0.462749 0.201249 0.0999994
    endloop
  endfacet
  facet normal 0 0 1
    outer loop
      vertex -0.462799 0.0669994 0.0999994
      vertex -0.474999 0.201249 0.0999994
      vertex -0.474999 0.0669994 0.0999994
    endloop
  endfacet
  facet normal -0 -0 1
    outer loop
      vertex -0.395599 -0.262799 0.0999994
      vertex -0.356799 -0.2637 0.0999994
      vertex -0.461949 -0.0890999 0.0999994
    endloop
  endfacet
  facet normal 0 0 1
    outer loop
      vertex -0.356799 -0.2637 0.0999994
      vertex -0.395599 -0.262799 0.0999994
      vertex -0.359799 -0.264199 0.0999994
    endloop
  endfacet
  facet normal 0 0 1
    outer loop
      vertex -0.359799 -0.264199 0.0999994
      vertex -0.3656 -0.264899 0.0999994
      vertex -0.36045 -0.264799 0.0999994
    endloop
  endfacet
  facet normal 0 0 1
    outer loop
      vertex -0.359799 -0.264199 0.0999994
      vertex -0.395599 -0.262799 0.0999994
      vertex -0.3656 -0.264899 0.0999994
    endloop
  endfacet
  facet normal 0 0 1
    outer loop
      vertex -0.3656 -0.264899 0.0999994
      vertex -0.373099 -0.265249 0.0999994
      vertex -0.36735 -0.265249 0.0999994
    endloop
  endfacet
  facet normal 0 0 1
    outer loop
      vertex -0.39335 -0.0206499 0.0999994
      vertex -0.372749 -0.0128498 0.0999994
      vertex -0.387349 -0.0165997 0.0999994
    endloop
  endfacet
  facet normal 0 0 1
    outer loop
      vertex -0.40105 -0.0259991 0.0999994
      vertex -0.372749 -0.0128498 0.0999994
      vertex -0.39335 -0.0206499 0.0999994
    endloop
  endfacet
  facet normal 0 0 1
    outer loop
      vertex -0.3656 -0.264899 0.0999994
      vertex -0.395599 -0.262799 0.0999994
      vertex -0.373099 -0.265249 0.0999994
    endloop
  endfacet
  facet normal 0 0 1
    outer loop
      vertex -0.38785 -0.26625 0.0999994
      vertex -0.38985 -0.265349 0.0999994
      vertex -0.3896 -0.265599 0.0999994
    endloop
  endfacet
  facet normal 0 -0 1
    outer loop
      vertex -0.3811 -0.26575 0.0999994
      vertex -0.373099 -0.265249 0.0999994
      vertex -0.395599 -0.262799 0.0999994
    endloop
  endfacet
  facet normal 0 0 1
    outer loop
      vertex -0.3811 -0.26575 0.0999994
      vertex -0.38985 -0.265349 0.0999994
      vertex -0.38285 -0.26625 0.0999994
    endloop
  endfacet
  facet normal 0 0 1
    outer loop
      vertex -0.38285 -0.26625 0.0999994
      vertex -0.38985 -0.265349 0.0999994
      vertex -0.38785 -0.26625 0.0999994
    endloop
  endfacet
  facet normal -0 -0 1
    outer loop
      vertex -0.39205 -0.26425 0.0999994
      vertex -0.3811 -0.26575 0.0999994
      vertex -0.395599 -0.262799 0.0999994
    endloop
  endfacet
  facet normal 0 0 1
    outer loop
      vertex -0.39205 -0.26425 0.0999994
      vertex -0.395599 -0.262799 0.0999994
      vertex -0.3925 -0.26425 0.0999994
    endloop
  endfacet
  facet normal -0 -0 1
    outer loop
      vertex -0.38985 -0.265349 0.0999994
      vertex -0.3811 -0.26575 0.0999994
      vertex -0.39205 -0.26425 0.0999994
    endloop
  endfacet
  facet normal 0 0 1
    outer loop
      vertex -0.404449 -0.0264997 0.0999994
      vertex -0.40105 -0.0259991 0.0999994
      vertex -0.403099 -0.0260496 0.0999994
    endloop
  endfacet
  facet normal 0 0 1
    outer loop
      vertex -0.404449 -0.0264997 0.0999994
      vertex -0.403099 -0.0260496 0.0999994
      vertex -0.40385 -0.0261497 0.0999994
    endloop
  endfacet
  facet normal 0 0 1
    outer loop
      vertex -0.40105 -0.0259991 0.0999994
      vertex -0.404449 -0.0264997 0.0999994
      vertex -0.424199 -0.0389996 0.0999994
    endloop
  endfacet
  facet normal 0 0 1
    outer loop
      vertex -0.373099 -0.265249 0.0999994
      vertex -0.3811 -0.26575 0.0999994
      vertex -0.374849 -0.2658 0.0999994
    endloop
  endfacet
  facet normal 0 0 1
    outer loop
      vertex -0.408449 -0.0269995 0.0999994
      vertex -0.404449 -0.0264997 0.0999994
      vertex -0.407849 -0.0265999 0.0999994
    endloop
  endfacet
  facet normal 0 0 1
    outer loop
      vertex -0.424199 -0.0389996 0.0999994
      vertex -0.404449 -0.0264997 0.0999994
      vertex -0.408449 -0.0269995 0.0999994
    endloop
  endfacet
  facet normal 0 0 1
    outer loop
      vertex -0.41185 -0.0274992 0.0999994
      vertex -0.408449 -0.0269995 0.0999994
      vertex -0.411449 -0.0270996 0.0999994
    endloop
  endfacet
  facet normal 0 0 1
    outer loop
      vertex -0.424199 -0.0389996 0.0999994
      vertex -0.408449 -0.0269995 0.0999994
      vertex -0.41185 -0.0274992 0.0999994
    endloop
  endfacet
  facet normal 0 0 1
    outer loop
      vertex -0.40105 -0.0259991 0.0999994
      vertex -0.424199 -0.0389996 0.0999994
      vertex -0.457749 -0.0827494 0.0999994
    endloop
  endfacet
  facet normal 0 0 1
    outer loop
      vertex -0.424199 -0.0389996 0.0999994
      vertex -0.41185 -0.0274992 0.0999994
      vertex -0.4126 -0.0274992 0.0999994
    endloop
  endfacet
  facet normal -0 0 1
    outer loop
      vertex -0.462649 -0.0900497 0.0999994
      vertex -0.395599 -0.262799 0.0999994
      vertex -0.461949 -0.0890999 0.0999994
    endloop
  endfacet
  facet normal 0 0 1
    outer loop
      vertex -0.395599 -0.262799 0.0999994
      vertex -0.462649 -0.0900497 0.0999994
      vertex -0.397099 -0.262549 0.0999994
    endloop
  endfacet
  facet normal -0 0 1
    outer loop
      vertex -0.462649 -0.2247 0.0999994
      vertex -0.397099 -0.262549 0.0999994
      vertex -0.462649 -0.0900497 0.0999994
    endloop
  endfacet
  facet normal 0 0 1
    outer loop
      vertex -0.397099 -0.262549 0.0999994
      vertex -0.462649 -0.2247 0.0999994
      vertex -0.4066 -0.26125 0.0999994
    endloop
  endfacet
  facet normal -0 -0 1
    outer loop
      vertex -0.462199 -0.225349 0.0999994
      vertex -0.4066 -0.26125 0.0999994
      vertex -0.462649 -0.2247 0.0999994
    endloop
  endfacet
  facet normal 0 0 1
    outer loop
      vertex -0.427349 -0.0414991 0.0999994
      vertex -0.424199 -0.0389996 0.0999994
      vertex -0.424649 -0.0389996 0.0999994
    endloop
  endfacet
  facet normal 0 0 1
    outer loop
      vertex -0.457749 -0.0827494 0.0999994
      vertex -0.424199 -0.0389996 0.0999994
      vertex -0.427349 -0.0414991 0.0999994
    endloop
  endfacet
  facet normal 0 0 1
    outer loop
      vertex -0.428249 -0.0421991 0.0999994
      vertex -0.427349 -0.0414991 0.0999994
      vertex -0.428249 -0.0417995 0.0999994
    endloop
  endfacet
  facet normal 0 0 1
    outer loop
      vertex -0.457749 -0.0827494 0.0999994
      vertex -0.427349 -0.0414991 0.0999994
      vertex -0.428249 -0.0421991 0.0999994
    endloop
  endfacet
  facet normal 0 0 1
    outer loop
      vertex -0.457749 -0.0827494 0.0999994
      vertex -0.428249 -0.0421991 0.0999994
      vertex -0.433 -0.0459995 0.0999994
    endloop
  endfacet
  facet normal 0 0 1
    outer loop
      vertex -0.43685 -0.0492992 0.0999994
      vertex -0.433 -0.0459995 0.0999994
      vertex -0.435249 -0.0478497 0.0999994
    endloop
  endfacet
  facet normal 0 0 1
    outer loop
      vertex -0.457049 -0.0805998 0.0999994
      vertex -0.433 -0.0459995 0.0999994
      vertex -0.43685 -0.0492992 0.0999994
    endloop
  endfacet
  facet normal -0 -0 1
    outer loop
      vertex -0.4176 -0.25925 0.0999994
      vertex -0.4066 -0.26125 0.0999994
      vertex -0.462199 -0.225349 0.0999994
    endloop
  endfacet
  facet normal 0 0 1
    outer loop
      vertex -0.45245 -0.0683498 0.0999994
      vertex -0.43685 -0.0492992 0.0999994
      vertex -0.450199 -0.0625496 0.0999994
    endloop
  endfacet
  facet normal 0 0 1
    outer loop
      vertex -0.457049 -0.0805998 0.0999994
      vertex -0.43685 -0.0492992 0.0999994
      vertex -0.45245 -0.0683498 0.0999994
    endloop
  endfacet
  facet normal 0 0 1
    outer loop
      vertex -0.4066 -0.26125 0.0999994
      vertex -0.4176 -0.25925 0.0999994
      vertex -0.41185 -0.260699 0.0999994
    endloop
  endfacet
  facet normal 0 0 1
    outer loop
      vertex -0.433 -0.0459995 0.0999994
      vertex -0.457049 -0.0805998 0.0999994
      vertex -0.457749 -0.0827494 0.0999994
    endloop
  endfacet
  facet normal 0 0 1
    outer loop
      vertex -0.457749 -0.0827494 0.0999994
      vertex -0.457049 -0.0805998 0.0999994
      vertex -0.457749 -0.0822496 0.0999994
    endloop
  endfacet
  facet normal -0 -0 1
    outer loop
      vertex -0.4562 -0.237599 0.0999994
      vertex -0.421499 -0.25865 0.0999994
      vertex -0.462199 -0.225349 0.0999994
    endloop
  endfacet
  facet normal 0 0 1
    outer loop
      vertex -0.461949 -0.0890999 0.0999994
      vertex -0.457749 -0.0827494 0.0999994
      vertex -0.46095 -0.0871496 0.0999994
    endloop
  endfacet
  facet normal -0 -0 1
    outer loop
      vertex -0.4204 -0.2588 0.0999994
      vertex -0.4176 -0.25925 0.0999994
      vertex -0.462199 -0.225349 0.0999994
    endloop
  endfacet
  facet normal 0 0 1
    outer loop
      vertex -0.421499 -0.25865 0.0999994
      vertex -0.4562 -0.237599 0.0999994
      vertex -0.437599 -0.256 0.0999994
    endloop
  endfacet
  facet normal 0 0 1
    outer loop
      vertex -0.4176 -0.25925 0.0999994
      vertex -0.4204 -0.2588 0.0999994
      vertex -0.4192 -0.25925 0.0999994
    endloop
  endfacet
  facet normal 0 0 1
    outer loop
      vertex -0.4204 -0.2588 0.0999994
      vertex -0.462199 -0.225349 0.0999994
      vertex -0.421499 -0.25865 0.0999994
    endloop
  endfacet
  facet normal 0 0 1
    outer loop
      vertex -0.474999 -0.0899992 0.0999994
      vertex -0.462649 -0.2247 0.0999994
      vertex -0.462649 -0.0900497 0.0999994
    endloop
  endfacet
  facet normal 0 0 1
    outer loop
      vertex -0.462649 -0.2247 0.0999994
      vertex -0.474999 -0.0899992 0.0999994
      vertex -0.474999 -0.22475 0.0999994
    endloop
  endfacet
  facet normal 0 0 1
    outer loop
      vertex -0.42025 0.0141497 0.0999994
      vertex -0.42275 0.0162497 0.0999994
      vertex -0.42275 0.0158997 0.0999994
    endloop
  endfacet
  facet normal 0 0 1
    outer loop
      vertex -0.43075 0.0221491 0.0999994
      vertex -0.433249 0.0242491 0.0999994
      vertex -0.433249 0.0238991 0.0999994
    endloop
  endfacet
  facet normal 0 0 1
    outer loop
      vertex -0.447749 0.0381498 0.0999994
      vertex -0.44875 0.0407 0.0999994
      vertex -0.44875 0.0397491 0.0999994
    endloop
  endfacet
  facet normal 0 0 1
    outer loop
      vertex -0.44875 0.0407 0.0999994
      vertex -0.449249 0.0419998 0.0999994
      vertex -0.449249 0.04105 0.0999994
    endloop
  endfacet
  facet normal 0 0 1
    outer loop
      vertex -0.449249 0.0419998 0.0999994
      vertex -0.45 0.0440493 0.0999994
      vertex -0.4501 0.0436497 0.0999994
    endloop
  endfacet
  facet normal 0 0 1
    outer loop
      vertex -0.00394917 -0.4606 0.0999994
      vertex -0.0040493 -0.459299 0.0999994
      vertex -0.00429916 -0.4619 0.0999994
    endloop
  endfacet
  facet normal 0 0 1
    outer loop
      vertex 0.4536 0.0207491 0.0999994
      vertex 0.297649 0.0286493 0.0999994
      vertex 0.451599 0.0192499 0.0999994
    endloop
  endfacet
  facet normal 0 0 1
    outer loop
      vertex 0.451599 0.0192499 0.0999994
      vertex 0.297649 0.0286493 0.0999994
      vertex 0.447499 0.0162497 0.0999994
    endloop
  endfacet
  facet normal 0 0 1
    outer loop
      vertex 0.351749 0.23805 0.0999994
      vertex 0.3525 0.2385 0.0999994
      vertex 0.351749 0.2385 0.0999994
    endloop
  endfacet
  facet normal 0 -0 1
    outer loop
      vertex 0.326349 0.00514984 0.0999994
      vertex 0.43125 0.00604916 0.0999994
      vertex 0.3199 0.0112 0.0999994
    endloop
  endfacet
  facet normal 0 -0 1
    outer loop
      vertex 0.31815 0.0126495 0.0999994
      vertex 0.447499 0.0162497 0.0999994
      vertex 0.297649 0.0286493 0.0999994
    endloop
  endfacet
  facet normal 0 0 1
    outer loop
      vertex 0.339149 0.2352 0.0999994
      vertex 0.34915 0.237049 0.0999994
      vertex 0.346649 0.236699 0.0999994
    endloop
  endfacet
  facet normal 0 0 1
    outer loop
      vertex 0.43125 0.00604916 0.0999994
      vertex 0.326349 0.00514984 0.0999994
      vertex 0.3538 -0.0122499 0.0999994
    endloop
  endfacet
  facet normal 0 0 1
    outer loop
      vertex 0.29225 0.0330992 0.0999994
      vertex 0.34915 0.237049 0.0999994
      vertex 0.339149 0.2352 0.0999994
    endloop
  endfacet
  facet normal 0 0 1
    outer loop
      vertex 0.3538 -0.0122499 0.0999994
      vertex 0.3411 -0.00674915 0.0999994
      vertex 0.35325 -0.0122499 0.0999994
    endloop
  endfacet
  facet normal 0 0 1
    outer loop
      vertex 0.288449 0.0362997 0.0999994
      vertex 0.339149 0.2352 0.0999994
      vertex 0.33315 0.23475 0.0999994
    endloop
  endfacet
  facet normal 0 0 1
    outer loop
      vertex 0.3411 -0.00674915 0.0999994
      vertex 0.326349 0.00514984 0.0999994
      vertex 0.337399 -0.00499916 0.0999994
    endloop
  endfacet
  facet normal -0 -0 1
    outer loop
      vertex 0.3411 -0.00674915 0.0999994
      vertex 0.3538 -0.0122499 0.0999994
      vertex 0.326349 0.00514984 0.0999994
    endloop
  endfacet
  facet normal 0 0 1
    outer loop
      vertex 0.43125 0.00604916 0.0999994
      vertex 0.31815 0.0126495 0.0999994
      vertex 0.3199 0.0112 0.0999994
    endloop
  endfacet
  facet normal 0 0 1
    outer loop
      vertex 0.30365 0.2287 0.0999994
      vertex 0.33315 0.23475 0.0999994
      vertex 0.3144 0.233 0.0999994
    endloop
  endfacet
  facet normal 0 0 1
    outer loop
      vertex 0.447499 0.0162497 0.0999994
      vertex 0.31815 0.0126495 0.0999994
      vertex 0.43125 0.00604916 0.0999994
    endloop
  endfacet
  facet normal 0 0 1
    outer loop
      vertex 0.30365 0.2287 0.0999994
      vertex 0.3144 0.233 0.0999994
      vertex 0.311899 0.23255 0.0999994
    endloop
  endfacet
  facet normal 0 0 1
    outer loop
      vertex 0.33315 0.23475 0.0999994
      vertex 0.30365 0.2287 0.0999994
      vertex 0.288449 0.0362997 0.0999994
    endloop
  endfacet
  facet normal 0 0 1
    outer loop
      vertex 0.31815 0.0126495 0.0999994
      vertex 0.297649 0.0286493 0.0999994
      vertex 0.3124 0.0163498 0.0999994
    endloop
  endfacet
  facet normal 0 0 1
    outer loop
      vertex 0.3124 0.0163498 0.0999994
      vertex 0.297649 0.0286493 0.0999994
      vertex 0.297899 0.0283499 0.0999994
    endloop
  endfacet
  facet normal 0 0 1
    outer loop
      vertex 0.34915 0.237049 0.0999994
      vertex 0.294649 0.0311499 0.0999994
      vertex 0.297649 0.0286493 0.0999994
    endloop
  endfacet
  facet normal 0 0 1
    outer loop
      vertex 0.297649 0.0286493 0.0999994
      vertex 0.294649 0.0311499 0.0999994
      vertex 0.2949 0.0308495 0.0999994
    endloop
  endfacet
  facet normal 0 0 1
    outer loop
      vertex 0.278649 0.2216 0.0999994
      vertex 0.30365 0.2287 0.0999994
      vertex 0.29365 0.228499 0.0999994
    endloop
  endfacet
  facet normal 0 0 1
    outer loop
      vertex 0.34915 0.237049 0.0999994
      vertex 0.29225 0.0330992 0.0999994
      vertex 0.294649 0.0311499 0.0999994
    endloop
  endfacet
  facet normal 0 0 1
    outer loop
      vertex 0.339149 0.2352 0.0999994
      vertex 0.288449 0.0362997 0.0999994
      vertex 0.29225 0.0330992 0.0999994
    endloop
  endfacet
  facet normal 0 0 1
    outer loop
      vertex 0.30365 0.2287 0.0999994
      vertex 0.286599 0.0372496 0.0999994
      vertex 0.288449 0.0362997 0.0999994
    endloop
  endfacet
  facet normal 0 0 1
    outer loop
      vertex 0.285899 0.227099 0.0999994
      vertex 0.29365 0.228499 0.0999994
      vertex 0.28745 0.22825 0.0999994
    endloop
  endfacet
  facet normal 0 0 1
    outer loop
      vertex 0.288449 0.0362997 0.0999994
      vertex 0.286599 0.0372496 0.0999994
      vertex 0.287749 0.0359993 0.0999994
    endloop
  endfacet
  facet normal 0 0 1
    outer loop
      vertex 0.285899 0.227099 0.0999994
      vertex 0.28745 0.22825 0.0999994
      vertex 0.2864 0.22765 0.0999994
    endloop
  endfacet
  facet normal 0 0 1
    outer loop
      vertex 0.280649 0.2231 0.0999994
      vertex 0.29365 0.228499 0.0999994
      vertex 0.285899 0.227099 0.0999994
    endloop
  endfacet
  facet normal 0 0 1
    outer loop
      vertex 0.280649 0.2231 0.0999994
      vertex 0.285899 0.227099 0.0999994
      vertex 0.280749 0.223249 0.0999994
    endloop
  endfacet
  facet normal 0 0 1
    outer loop
      vertex 0.278649 0.2216 0.0999994
      vertex 0.29365 0.228499 0.0999994
      vertex 0.280649 0.2231 0.0999994
    endloop
  endfacet
  facet normal 0 0 1
    outer loop
      vertex 0.278649 0.2216 0.0999994
      vertex 0.280649 0.2231 0.0999994
      vertex 0.278749 0.221749 0.0999994
    endloop
  endfacet
  facet normal 0 0 1
    outer loop
      vertex 0.30365 0.2287 0.0999994
      vertex 0.278649 0.2216 0.0999994
      vertex 0.2695 0.2148 0.0999994
    endloop
  endfacet
  facet normal 0 0 1
    outer loop
      vertex 0.26645 0.212449 0.0999994
      vertex 0.30365 0.2287 0.0999994
      vertex 0.2695 0.2148 0.0999994
    endloop
  endfacet
  facet normal 0 0 1
    outer loop
      vertex 0.30365 0.2287 0.0999994
      vertex 0.26645 0.212449 0.0999994
      vertex 0.286599 0.0372496 0.0999994
    endloop
  endfacet
  facet normal 0 0 1
    outer loop
      vertex 0.286599 0.0372496 0.0999994
      vertex 0.26645 0.212449 0.0999994
      vertex 0.274899 0.0401993 0.0999994
    endloop
  endfacet
  facet normal -0 0 1
    outer loop
      vertex 0.260699 0.2097 0.0999994
      vertex 0.274899 0.0401993 0.0999994
      vertex 0.26645 0.212449 0.0999994
    endloop
  endfacet
  facet normal -0 0 1
    outer loop
      vertex 0.259749 0.2092 0.0999994
      vertex 0.274899 0.0401993 0.0999994
      vertex 0.260699 0.2097 0.0999994
    endloop
  endfacet
  facet normal 0 0 1
    outer loop
      vertex 0.274899 0.0401993 0.0999994
      vertex 0.259749 0.2092 0.0999994
      vertex 0.269899 0.0412998 0.0999994
    endloop
  endfacet
  facet normal 0 0 1
    outer loop
      vertex 0.269899 0.0412998 0.0999994
      vertex 0.259749 0.2092 0.0999994
      vertex 0.26615 0.0422993 0.0999994
    endloop
  endfacet
  facet normal 0 0 1
    outer loop
      vertex 0.26615 0.0422993 0.0999994
      vertex 0.259749 0.2092 0.0999994
      vertex 0.2624 0.0432491 0.0999994
    endloop
  endfacet
  facet normal -0 0 1
    outer loop
      vertex 0.258149 0.208699 0.0999994
      vertex 0.2624 0.0432491 0.0999994
      vertex 0.259749 0.2092 0.0999994
    endloop
  endfacet
  facet normal -0 0 1
    outer loop
      vertex 0.22015 0.189099 0.0999994
      vertex 0.2624 0.0432491 0.0999994
      vertex 0.258149 0.208699 0.0999994
    endloop
  endfacet
  facet normal -0 0 1
    outer loop
      vertex 0.217649 0.187099 0.0999994
      vertex 0.2624 0.0432491 0.0999994
      vertex 0.22015 0.189099 0.0999994
    endloop
  endfacet
  facet normal -0 0 1
    outer loop
      vertex 0.21235 0.184099 0.0999994
      vertex 0.2624 0.0432491 0.0999994
      vertex 0.217649 0.187099 0.0999994
    endloop
  endfacet
  facet normal 0 0 1
    outer loop
      vertex 0.221 0.189899 0.0999994
      vertex 0.258149 0.208699 0.0999994
      vertex 0.237399 0.204149 0.0999994
    endloop
  endfacet
  facet normal 0 0 1
    outer loop
      vertex 0.22015 0.189099 0.0999994
      vertex 0.258149 0.208699 0.0999994
      vertex 0.221 0.189899 0.0999994
    endloop
  endfacet
  facet normal -0 0 1
    outer loop
      vertex 0.1965 0.171499 0.0999994
      vertex 0.2624 0.0432491 0.0999994
      vertex 0.21235 0.184099 0.0999994
    endloop
  endfacet
  facet normal 0 -0 1
    outer loop
      vertex 0.257899 0.0424995 0.0999994
      vertex 0.2624 0.0432491 0.0999994
      vertex 0.1965 0.171499 0.0999994
    endloop
  endfacet
  facet normal 0 0 1
    outer loop
      vertex 0.2624 0.0432491 0.0999994
      vertex 0.257899 0.0424995 0.0999994
      vertex 0.261149 0.0429993 0.0999994
    endloop
  endfacet
  facet normal 0 0 1
    outer loop
      vertex 0.257899 0.0424995 0.0999994
      vertex 0.1965 0.171499 0.0999994
      vertex 0.23765 0.0394497 0.0999994
    endloop
  endfacet
  facet normal -0 0 1
    outer loop
      vertex 0.19595 0.171499 0.0999994
      vertex 0.236799 0.0389996 0.0999994
      vertex 0.1965 0.171499 0.0999994
    endloop
  endfacet
  facet normal 0 0 1
    outer loop
      vertex 0.236799 0.0389996 0.0999994
      vertex 0.19595 0.171499 0.0999994
      vertex 0.2351 0.0369997 0.0999994
    endloop
  endfacet
  facet normal 0 -0 1
    outer loop
      vertex 0.232499 0.0325994 0.0999994
      vertex 0.2351 0.0369997 0.0999994
      vertex 0.19595 0.171499 0.0999994
    endloop
  endfacet
  facet normal 0 0 1
    outer loop
      vertex 0.2351 0.0369997 0.0999994
      vertex 0.232499 0.0325994 0.0999994
      vertex 0.23475 0.0362997 0.0999994
    endloop
  endfacet
  facet normal 0 -0 1
    outer loop
      vertex 0.197749 -0.0123491 0.0999994
      vertex 0.232499 0.0325994 0.0999994
      vertex 0.19595 0.171499 0.0999994
    endloop
  endfacet
  facet normal 0 -0 1
    outer loop
      vertex 0.204599 -0.00774956 0.0999994
      vertex 0.232499 0.0325994 0.0999994
      vertex 0.197749 -0.0123491 0.0999994
    endloop
  endfacet
  facet normal 0 0 1
    outer loop
      vertex 0.23765 0.0394497 0.0999994
      vertex 0.1965 0.171499 0.0999994
      vertex 0.236799 0.0389996 0.0999994
    endloop
  endfacet
  facet normal 0 -0 1
    outer loop
      vertex 0.2057 -0.00704956 0.0999994
      vertex 0.232499 0.0325994 0.0999994
      vertex 0.204599 -0.00774956 0.0999994
    endloop
  endfacet
  facet normal 0 -0 1
    outer loop
      vertex 0.21215 -0.00269985 0.0999994
      vertex 0.229199 0.0198994 0.0999994
      vertex 0.2057 -0.00704956 0.0999994
    endloop
  endfacet
  facet normal 0 -0 1
    outer loop
      vertex 0.2281 0.0156498 0.0999994
      vertex 0.229199 0.0198994 0.0999994
      vertex 0.21215 -0.00269985 0.0999994
    endloop
  endfacet
  facet normal 0 0 1
    outer loop
      vertex 0.2281 0.0156498 0.0999994
      vertex 0.21215 -0.00269985 0.0999994
      vertex 0.227249 0.0123997 0.0999994
    endloop
  endfacet
  facet normal 0 0 1
    outer loop
      vertex 0.2057 -0.00704956 0.0999994
      vertex 0.204599 -0.00774956 0.0999994
      vertex 0.204949 -0.00774956 0.0999994
    endloop
  endfacet
  facet normal 0 0 1
    outer loop
      vertex 0.229199 0.0198994 0.0999994
      vertex 0.2281 0.0156498 0.0999994
      vertex 0.228499 0.0168991 0.0999994
    endloop
  endfacet
  facet normal 0 0 1
    outer loop
      vertex 0.204599 -0.00774956 0.0999994
      vertex 0.197749 -0.0123491 0.0999994
      vertex 0.203549 -0.00859928 0.0999994
    endloop
  endfacet
  facet normal 0 0 1
    outer loop
      vertex 0.232499 0.0325994 0.0999994
      vertex 0.2057 -0.00704956 0.0999994
      vertex 0.229199 0.0198994 0.0999994
    endloop
  endfacet
  facet normal -0 0 1
    outer loop
      vertex 0.462649 0.231999 0.0999994
      vertex 0.474999 0.0274992 0.0999994
      vertex 0.474999 0.231999 0.0999994
    endloop
  endfacet
  facet normal 0 0 1
    outer loop
      vertex 0.462649 0.231999 0.0999994
      vertex 0.462649 0.0274992 0.0999994
      vertex 0.474999 0.0274992 0.0999994
    endloop
  endfacet
  facet normal 0 0 1
    outer loop
      vertex 0.439349 0.2372 0.0999994
      vertex 0.462649 0.0274992 0.0999994
      vertex 0.462649 0.231999 0.0999994
    endloop
  endfacet
  facet normal 0 0 1
    outer loop
      vertex 0.46075 0.0261993 0.0999994
      vertex 0.46025 0.0257492 0.0999994
      vertex 0.46075 0.0257492 0.0999994
    endloop
  endfacet
  facet normal 0 0 1
    outer loop
      vertex 0.462649 0.0274992 0.0999994
      vertex 0.439349 0.2372 0.0999994
      vertex 0.46075 0.0261993 0.0999994
    endloop
  endfacet
  facet normal 0 0 1
    outer loop
      vertex 0.43545 0.2387 0.0999994
      vertex 0.46075 0.0261993 0.0999994
      vertex 0.439349 0.2372 0.0999994
    endloop
  endfacet
  facet normal -0 0 1
    outer loop
      vertex 0.374049 0.245 0.0999994
      vertex 0.351749 0.23805 0.0999994
      vertex 0.377999 0.2455 0.0999994
    endloop
  endfacet
  facet normal 0 0 1
    outer loop
      vertex 0.459849 0.0254498 0.0999994
      vertex 0.457999 0.0242491 0.0999994
      vertex 0.4585 0.0242491 0.0999994
    endloop
  endfacet
  facet normal 0 0 1
    outer loop
      vertex 0.457999 0.0242491 0.0999994
      vertex 0.4555 0.0221491 0.0999994
      vertex 0.457999 0.0238991 0.0999994
    endloop
  endfacet
  facet normal 0 0 1
    outer loop
      vertex 0.46075 0.0261993 0.0999994
      vertex 0.459849 0.0254498 0.0999994
      vertex 0.46025 0.0257492 0.0999994
    endloop
  endfacet
  facet normal 0 0 1
    outer loop
      vertex 0.377999 0.2455 0.0999994
      vertex 0.351749 0.23805 0.0999994
      vertex 0.43545 0.2387 0.0999994
    endloop
  endfacet
  facet normal 0 0 1
    outer loop
      vertex 0.4555 0.0221491 0.0999994
      vertex 0.4536 0.0207491 0.0999994
      vertex 0.454 0.0207491 0.0999994
    endloop
  endfacet
  facet normal 0 -0 1
    outer loop
      vertex 0.459849 0.0254498 0.0999994
      vertex 0.46075 0.0261993 0.0999994
      vertex 0.457999 0.0242491 0.0999994
    endloop
  endfacet
  facet normal 0 0 1
    outer loop
      vertex 0.4536 0.0207491 0.0999994
      vertex 0.451599 0.0192499 0.0999994
      vertex 0.451949 0.0192499 0.0999994
    endloop
  endfacet
  facet normal 0 0 1
    outer loop
      vertex 0.43545 0.2387 0.0999994
      vertex 0.351749 0.23805 0.0999994
      vertex 0.46075 0.0261993 0.0999994
    endloop
  endfacet
  facet normal 0 0 1
    outer loop
      vertex 0.451599 0.0192499 0.0999994
      vertex 0.44975 0.0177498 0.0999994
      vertex 0.449949 0.0177498 0.0999994
    endloop
  endfacet
  facet normal 0 0 1
    outer loop
      vertex 0.457999 0.0242491 0.0999994
      vertex 0.4536 0.0207491 0.0999994
      vertex 0.4555 0.0221491 0.0999994
    endloop
  endfacet
  facet normal -0 0 1
    outer loop
      vertex 0.34915 0.237049 0.0999994
      vertex 0.46075 0.0261993 0.0999994
      vertex 0.351749 0.23805 0.0999994
    endloop
  endfacet
  facet normal 0 0 1
    outer loop
      vertex 0.449349 0.0174494 0.0999994
      vertex 0.447499 0.0162497 0.0999994
      vertex 0.448 0.0162497 0.0999994
    endloop
  endfacet
  facet normal 0 0 1
    outer loop
      vertex 0.447499 0.0162497 0.0999994
      vertex 0.445 0.0141497 0.0999994
      vertex 0.447499 0.0158997 0.0999994
    endloop
  endfacet
  facet normal 0 0 1
    outer loop
      vertex 0.46075 0.0261993 0.0999994
      vertex 0.34915 0.237049 0.0999994
      vertex 0.457999 0.0242491 0.0999994
    endloop
  endfacet
  facet normal 0 0 1
    outer loop
      vertex 0.451599 0.0192499 0.0999994
      vertex 0.447499 0.0162497 0.0999994
      vertex 0.44975 0.0177498 0.0999994
    endloop
  endfacet
  facet normal 0 0 1
    outer loop
      vertex 0.445 0.0141497 0.0999994
      vertex 0.4431 0.0127497 0.0999994
      vertex 0.4435 0.0127497 0.0999994
    endloop
  endfacet
  facet normal 0 0 1
    outer loop
      vertex 0.44975 0.0177498 0.0999994
      vertex 0.447499 0.0162497 0.0999994
      vertex 0.449349 0.0174494 0.0999994
    endloop
  endfacet
  facet normal 0 0 1
    outer loop
      vertex 0.43545 0.2387 0.0999994
      vertex 0.439349 0.2372 0.0999994
      vertex 0.43765 0.23805 0.0999994
    endloop
  endfacet
  facet normal 0 0 1
    outer loop
      vertex 0.457999 0.0242491 0.0999994
      vertex 0.34915 0.237049 0.0999994
      vertex 0.4536 0.0207491 0.0999994
    endloop
  endfacet
  facet normal 0 0 1
    outer loop
      vertex 0.43545 0.2387 0.0999994
      vertex 0.43765 0.23805 0.0999994
      vertex 0.437349 0.238549 0.0999994
    endloop
  endfacet
  facet normal 0 -0 1
    outer loop
      vertex 0.4431 0.0127497 0.0999994
      vertex 0.447499 0.0162497 0.0999994
      vertex 0.43125 0.00604916 0.0999994
    endloop
  endfacet
  facet normal 0 0 1
    outer loop
      vertex 0.43765 0.00719929 0.0999994
      vertex 0.43555 0.0067997 0.0999994
      vertex 0.436399 0.00659943 0.0999994
    endloop
  endfacet
  facet normal 0 0 1
    outer loop
      vertex 0.4431 0.0127497 0.0999994
      vertex 0.43555 0.0067997 0.0999994
      vertex 0.43765 0.00719929 0.0999994
    endloop
  endfacet
  facet normal 0 0 1
    outer loop
      vertex 0.4431 0.0127497 0.0999994
      vertex 0.43125 0.00604916 0.0999994
      vertex 0.43555 0.0067997 0.0999994
    endloop
  endfacet
  facet normal 0 0 1
    outer loop
      vertex 0.43065 0.240499 0.0999994
      vertex 0.43545 0.2387 0.0999994
      vertex 0.4324 0.24 0.0999994
    endloop
  endfacet
  facet normal -0 0 1
    outer loop
      vertex 0.43065 0.240499 0.0999994
      vertex 0.4324 0.24 0.0999994
      vertex 0.431399 0.240499 0.0999994
    endloop
  endfacet
  facet normal 0 0 1
    outer loop
      vertex 0.377999 0.2455 0.0999994
      vertex 0.43545 0.2387 0.0999994
      vertex 0.43065 0.240499 0.0999994
    endloop
  endfacet
  facet normal 0 0 1
    outer loop
      vertex 0.43555 0.0067997 0.0999994
      vertex 0.43125 0.00604916 0.0999994
      vertex 0.433399 0.00619984 0.0999994
    endloop
  endfacet
  facet normal 0 0 1
    outer loop
      vertex 0.447499 0.0162497 0.0999994
      vertex 0.4431 0.0127497 0.0999994
      vertex 0.445 0.0141497 0.0999994
    endloop
  endfacet
  facet normal -0 0 1
    outer loop
      vertex 0.428249 0.2415 0.0999994
      vertex 0.43065 0.240499 0.0999994
      vertex 0.429 0.2415 0.0999994
    endloop
  endfacet
  facet normal 0 0 1
    outer loop
      vertex 0.401649 0.247 0.0999994
      vertex 0.43065 0.240499 0.0999994
      vertex 0.428249 0.2415 0.0999994
    endloop
  endfacet
  facet normal 0 0 1
    outer loop
      vertex 0.4259 0.24245 0.0999994
      vertex 0.428249 0.2415 0.0999994
      vertex 0.426649 0.24235 0.0999994
    endloop
  endfacet
  facet normal 0 0 1
    outer loop
      vertex 0.401649 0.247 0.0999994
      vertex 0.428249 0.2415 0.0999994
      vertex 0.4259 0.24245 0.0999994
    endloop
  endfacet
  facet normal 0 0 1
    outer loop
      vertex 0.401649 0.247 0.0999994
      vertex 0.4259 0.24245 0.0999994
      vertex 0.423149 0.2435 0.0999994
    endloop
  endfacet
  facet normal -0 0 1
    outer loop
      vertex 0.4217 0.243999 0.0999994
      vertex 0.423149 0.2435 0.0999994
      vertex 0.422649 0.243999 0.0999994
    endloop
  endfacet
  facet normal 0 0 1
    outer loop
      vertex 0.401649 0.247 0.0999994
      vertex 0.423149 0.2435 0.0999994
      vertex 0.4217 0.243999 0.0999994
    endloop
  endfacet
  facet normal 0 0 1
    outer loop
      vertex 0.417899 0.245549 0.0999994
      vertex 0.4217 0.243999 0.0999994
      vertex 0.4199 0.244949 0.0999994
    endloop
  endfacet
  facet normal 0 0 1
    outer loop
      vertex 0.4217 0.243999 0.0999994
      vertex 0.417899 0.245549 0.0999994
      vertex 0.401649 0.247 0.0999994
    endloop
  endfacet
  facet normal 0 0 1
    outer loop
      vertex 0.43065 0.240499 0.0999994
      vertex 0.401649 0.247 0.0999994
      vertex 0.38155 0.245999 0.0999994
    endloop
  endfacet
  facet normal 0 0 1
    outer loop
      vertex 0.41155 0.247499 0.0999994
      vertex 0.417899 0.245549 0.0999994
      vertex 0.414399 0.247 0.0999994
    endloop
  endfacet
  facet normal -0 0 1
    outer loop
      vertex 0.41255 0.247499 0.0999994
      vertex 0.414399 0.247 0.0999994
      vertex 0.4134 0.247499 0.0999994
    endloop
  endfacet
  facet normal -0 0 1
    outer loop
      vertex 0.41155 0.247499 0.0999994
      vertex 0.414399 0.247 0.0999994
      vertex 0.41255 0.247499 0.0999994
    endloop
  endfacet
  facet normal 0 0 1
    outer loop
      vertex 0.41155 0.247499 0.0999994
      vertex 0.41255 0.247499 0.0999994
      vertex 0.4122 0.247999 0.0999994
    endloop
  endfacet
  facet normal 0 0 1
    outer loop
      vertex 0.417899 0.245549 0.0999994
      vertex 0.41155 0.247499 0.0999994
      vertex 0.401649 0.247 0.0999994
    endloop
  endfacet
  facet normal 0 0 1
    outer loop
      vertex 0.43065 0.240499 0.0999994
      vertex 0.38155 0.245999 0.0999994
      vertex 0.377999 0.2455 0.0999994
    endloop
  endfacet
  facet normal 0 0 1
    outer loop
      vertex 0.401649 0.247 0.0999994
      vertex 0.41155 0.247499 0.0999994
      vertex 0.402049 0.247399 0.0999994
    endloop
  endfacet
  facet normal -0 0 1
    outer loop
      vertex 0.370649 0.244499 0.0999994
      vertex 0.351749 0.23805 0.0999994
      vertex 0.374049 0.245 0.0999994
    endloop
  endfacet
  facet normal -0 0 1
    outer loop
      vertex 0.297649 0.0286493 0.0999994
      vertex 0.4536 0.0207491 0.0999994
      vertex 0.34915 0.237049 0.0999994
    endloop
  endfacet
  facet normal 0 0 1
    outer loop
      vertex 0.3538 -0.0122499 0.0999994
      vertex 0.397499 -0.0128498 0.0999994
      vertex 0.397499 -0.0123491 0.0999994
    endloop
  endfacet
  facet normal 0 0 1
    outer loop
      vertex 0.43125 0.00604916 0.0999994
      vertex 0.3538 -0.0122499 0.0999994
      vertex 0.430099 0.00529957 0.0999994
    endloop
  endfacet
  facet normal 0 0 1
    outer loop
      vertex 0.397499 -0.0128498 0.0999994
      vertex 0.3538 -0.0122499 0.0999994
      vertex 0.3536 -0.0128498 0.0999994
    endloop
  endfacet
  facet normal 0 0 1
    outer loop
      vertex 0.38505 0.246499 0.0999994
      vertex 0.401649 0.247 0.0999994
      vertex 0.38565 0.246949 0.0999994
    endloop
  endfacet
  facet normal 0 0 1
    outer loop
      vertex 0.397499 -0.0128498 0.0999994
      vertex 0.3536 -0.0128498 0.0999994
      vertex 0.32615 -0.0288992 0.0999994
    endloop
  endfacet
  facet normal 0 0 1
    outer loop
      vertex 0.38155 0.245999 0.0999994
      vertex 0.401649 0.247 0.0999994
      vertex 0.38505 0.246499 0.0999994
    endloop
  endfacet
  facet normal 0 0 1
    outer loop
      vertex 0.3979 -0.265249 0.0999994
      vertex 0.3904 -0.264899 0.0999994
      vertex 0.39215 -0.265249 0.0999994
    endloop
  endfacet
  facet normal 0 0 1
    outer loop
      vertex 0.38155 0.245999 0.0999994
      vertex 0.38505 0.246499 0.0999994
      vertex 0.382899 0.246449 0.0999994
    endloop
  endfacet
  facet normal 0 0 1
    outer loop
      vertex 0.425799 -0.0259991 0.0999994
      vertex 0.32165 -0.0328999 0.0999994
      vertex 0.316649 -0.0372992 0.0999994
    endloop
  endfacet
  facet normal 0 0 1
    outer loop
      vertex 0.38155 0.245999 0.0999994
      vertex 0.382899 0.246449 0.0999994
      vertex 0.38215 0.246349 0.0999994
    endloop
  endfacet
  facet normal 0 -0 1
    outer loop
      vertex 0.397499 -0.0123491 0.0999994
      vertex 0.430099 0.00529957 0.0999994
      vertex 0.3538 -0.0122499 0.0999994
    endloop
  endfacet
  facet normal 0 0 1
    outer loop
      vertex 0.3904 -0.264899 0.0999994
      vertex 0.384549 -0.264199 0.0999994
      vertex 0.3852 -0.264799 0.0999994
    endloop
  endfacet
  facet normal 0 0 1
    outer loop
      vertex 0.377999 0.2455 0.0999994
      vertex 0.38155 0.245999 0.0999994
      vertex 0.379399 0.24595 0.0999994
    endloop
  endfacet
  facet normal 0 0 1
    outer loop
      vertex 0.452999 -0.0421991 0.0999994
      vertex 0.316649 -0.0372992 0.0999994
      vertex 0.2989 -0.0510998 0.0999994
    endloop
  endfacet
  facet normal 0 0 1
    outer loop
      vertex 0.377999 0.2455 0.0999994
      vertex 0.379399 0.24595 0.0999994
      vertex 0.37865 0.24585 0.0999994
    endloop
  endfacet
  facet normal 0 0 1
    outer loop
      vertex 0.384549 -0.264199 0.0999994
      vertex 0.38155 -0.2637 0.0999994
      vertex 0.382299 -0.26435 0.0999994
    endloop
  endfacet
  facet normal 0 0 1
    outer loop
      vertex 0.430099 0.00529957 0.0999994
      vertex 0.397499 -0.0123491 0.0999994
      vertex 0.417899 -0.00424957 0.0999994
    endloop
  endfacet
  facet normal 0 0 1
    outer loop
      vertex 0.3979 -0.265249 0.0999994
      vertex 0.38155 -0.2637 0.0999994
      vertex 0.3904 -0.264899 0.0999994
    endloop
  endfacet
  facet normal 0 0 1
    outer loop
      vertex 0.38155 -0.2637 0.0999994
      vertex 0.37855 -0.2632 0.0999994
      vertex 0.379299 -0.263849 0.0999994
    endloop
  endfacet
  facet normal 0 0 1
    outer loop
      vertex 0.374049 0.245 0.0999994
      vertex 0.377999 0.2455 0.0999994
      vertex 0.374649 0.245449 0.0999994
    endloop
  endfacet
  facet normal 0 0 1
    outer loop
      vertex 0.351749 0.23805 0.0999994
      vertex 0.370649 0.244499 0.0999994
      vertex 0.3525 0.2385 0.0999994
    endloop
  endfacet
  facet normal 0 0 1
    outer loop
      vertex 0.3904 -0.264899 0.0999994
      vertex 0.38155 -0.2637 0.0999994
      vertex 0.384549 -0.264199 0.0999994
    endloop
  endfacet
  facet normal 0 0 1
    outer loop
      vertex 0.370649 0.244499 0.0999994
      vertex 0.374049 0.245 0.0999994
      vertex 0.37105 0.2449 0.0999994
    endloop
  endfacet
  facet normal -0 0 1
    outer loop
      vertex 0.355 0.24 0.0999994
      vertex 0.3525 0.2385 0.0999994
      vertex 0.370649 0.244499 0.0999994
    endloop
  endfacet
  facet normal 0 0 1
    outer loop
      vertex 0.37855 -0.2632 0.0999994
      vertex 0.375099 -0.262799 0.0999994
      vertex 0.3761 -0.26335 0.0999994
    endloop
  endfacet
  facet normal 0 0 1
    outer loop
      vertex 0.4204 -0.262799 0.0999994
      vertex 0.37855 -0.2632 0.0999994
      vertex 0.38155 -0.2637 0.0999994
    endloop
  endfacet
  facet normal 0 0 1
    outer loop
      vertex 0.357699 0.2415 0.0999994
      vertex 0.370649 0.244499 0.0999994
      vertex 0.362499 0.24455 0.0999994
    endloop
  endfacet
  facet normal 0 0 1
    outer loop
      vertex 0.357699 0.2415 0.0999994
      vertex 0.362499 0.24455 0.0999994
      vertex 0.358049 0.242 0.0999994
    endloop
  endfacet
  facet normal 0 0 1
    outer loop
      vertex 0.355 0.24 0.0999994
      vertex 0.370649 0.244499 0.0999994
      vertex 0.357699 0.2415 0.0999994
    endloop
  endfacet
  facet normal 0 0 1
    outer loop
      vertex 0.356649 0.24115 0.0999994
      vertex 0.357699 0.2415 0.0999994
      vertex 0.356799 0.2415 0.0999994
    endloop
  endfacet
  facet normal 0 0 1
    outer loop
      vertex 0.355 0.24 0.0999994
      vertex 0.357699 0.2415 0.0999994
      vertex 0.356649 0.24115 0.0999994
    endloop
  endfacet
  facet normal 0 0 1
    outer loop
      vertex 0.462549 -0.0499992 0.0999994
      vertex 0.375099 -0.262799 0.0999994
      vertex 0.37855 -0.2632 0.0999994
    endloop
  endfacet
  facet normal 0 0 1
    outer loop
      vertex 0.3525 0.2385 0.0999994
      vertex 0.355 0.24 0.0999994
      vertex 0.35415 0.23965 0.0999994
    endloop
  endfacet
  facet normal 0 0 1
    outer loop
      vertex 0.35415 0.23965 0.0999994
      vertex 0.355 0.24 0.0999994
      vertex 0.3543 0.24 0.0999994
    endloop
  endfacet
  facet normal 0 0 1
    outer loop
      vertex 0.417899 -0.00424957 0.0999994
      vertex 0.397499 -0.0123491 0.0999994
      vertex 0.412149 -0.00864983 0.0999994
    endloop
  endfacet
  facet normal 0 0 1
    outer loop
      vertex 0.460549 -0.0483999 0.0999994
      vertex 0.2989 -0.0510998 0.0999994
      vertex 0.375099 -0.262799 0.0999994
    endloop
  endfacet
  facet normal 0 0 1
    outer loop
      vertex 0.375099 -0.262799 0.0999994
      vertex 0.367399 -0.2623 0.0999994
      vertex 0.3719 -0.262799 0.0999994
    endloop
  endfacet
  facet normal 0 0 1
    outer loop
      vertex 0.330649 -0.0248995 0.0999994
      vertex 0.3536 -0.0128498 0.0999994
      vertex 0.3383 -0.0184994 0.0999994
    endloop
  endfacet
  facet normal 0 0 1
    outer loop
      vertex 0.330649 -0.0248995 0.0999994
      vertex 0.3383 -0.0184994 0.0999994
      vertex 0.337749 -0.0184994 0.0999994
    endloop
  endfacet
  facet normal 0 0 1
    outer loop
      vertex 0.32615 -0.0288992 0.0999994
      vertex 0.3536 -0.0128498 0.0999994
      vertex 0.330649 -0.0248995 0.0999994
    endloop
  endfacet
  facet normal 0 0 1
    outer loop
      vertex 0.397499 -0.0128498 0.0999994
      vertex 0.32615 -0.0288992 0.0999994
      vertex 0.32165 -0.0328999 0.0999994
    endloop
  endfacet
  facet normal 0 0 1
    outer loop
      vertex 0.375099 -0.262799 0.0999994
      vertex 0.2989 -0.0510998 0.0999994
      vertex 0.367399 -0.2623 0.0999994
    endloop
  endfacet
  facet normal -0 -0 1
    outer loop
      vertex 0.356 -0.26135 0.0999994
      vertex 0.367399 -0.2623 0.0999994
      vertex 0.2989 -0.0510998 0.0999994
    endloop
  endfacet
  facet normal 0 0 1
    outer loop
      vertex 0.32615 -0.0288992 0.0999994
      vertex 0.330649 -0.0248995 0.0999994
      vertex 0.3265 -0.0284996 0.0999994
    endloop
  endfacet
  facet normal 0 0 1
    outer loop
      vertex 0.367399 -0.2623 0.0999994
      vertex 0.356 -0.26135 0.0999994
      vertex 0.3634 -0.26225 0.0999994
    endloop
  endfacet
  facet normal 0 0 1
    outer loop
      vertex 0.32165 -0.0328999 0.0999994
      vertex 0.32615 -0.0288992 0.0999994
      vertex 0.322 -0.0324993 0.0999994
    endloop
  endfacet
  facet normal 0 0 1
    outer loop
      vertex 0.356 -0.26135 0.0999994
      vertex 0.2989 -0.0510998 0.0999994
      vertex 0.3369 -0.25875 0.0999994
    endloop
  endfacet
  facet normal 0 0 1
    outer loop
      vertex 0.3369 -0.25875 0.0999994
      vertex 0.329399 -0.25855 0.0999994
      vertex 0.329749 -0.25875 0.0999994
    endloop
  endfacet
  facet normal -0 0 1
    outer loop
      vertex 0.27965 -0.0623999 0.0999994
      vertex 0.3369 -0.25875 0.0999994
      vertex 0.2989 -0.0510998 0.0999994
    endloop
  endfacet
  facet normal 0 0 1
    outer loop
      vertex 0.316649 -0.0372992 0.0999994
      vertex 0.32165 -0.0328999 0.0999994
      vertex 0.317249 -0.0366993 0.0999994
    endloop
  endfacet
  facet normal -0 -0 1
    outer loop
      vertex 0.300449 -0.25075 0.0999994
      vertex 0.3369 -0.25875 0.0999994
      vertex 0.27965 -0.0623999 0.0999994
    endloop
  endfacet
  facet normal -0 -0 1
    outer loop
      vertex 0.3199 -0.25805 0.0999994
      vertex 0.329399 -0.25855 0.0999994
      vertex 0.300449 -0.25075 0.0999994
    endloop
  endfacet
  facet normal 0 0 1
    outer loop
      vertex 0.329399 -0.25855 0.0999994
      vertex 0.3199 -0.25805 0.0999994
      vertex 0.320649 -0.2582 0.0999994
    endloop
  endfacet
  facet normal 0 0 1
    outer loop
      vertex 0.3199 -0.25805 0.0999994
      vertex 0.310399 -0.256499 0.0999994
      vertex 0.3124 -0.2577 0.0999994
    endloop
  endfacet
  facet normal 0 0 1
    outer loop
      vertex 0.3199 -0.25805 0.0999994
      vertex 0.300449 -0.25075 0.0999994
      vertex 0.310399 -0.256499 0.0999994
    endloop
  endfacet
  facet normal 0 0 1
    outer loop
      vertex 0.27965 -0.0623999 0.0999994
      vertex 0.2989 -0.0510998 0.0999994
      vertex 0.2934 -0.0529499 0.0999994
    endloop
  endfacet
  facet normal 0 0 1
    outer loop
      vertex 0.287399 -0.0547991 0.0999994
      vertex 0.2934 -0.0529499 0.0999994
      vertex 0.292649 -0.0529499 0.0999994
    endloop
  endfacet
  facet normal 0 0 1
    outer loop
      vertex 0.2934 -0.0529499 0.0999994
      vertex 0.287399 -0.0547991 0.0999994
      vertex 0.27965 -0.0623999 0.0999994
    endloop
  endfacet
  facet normal 0 0 1
    outer loop
      vertex 0.3369 -0.25875 0.0999994
      vertex 0.300449 -0.25075 0.0999994
      vertex 0.329399 -0.25855 0.0999994
    endloop
  endfacet
  facet normal 0 0 1
    outer loop
      vertex 0.300449 -0.25075 0.0999994
      vertex 0.28515 -0.24875 0.0999994
      vertex 0.28735 -0.25075 0.0999994
    endloop
  endfacet
  facet normal -0 0 1
    outer loop
      vertex 0.27135 -0.237599 0.0999994
      vertex 0.300449 -0.25075 0.0999994
      vertex 0.27965 -0.0623999 0.0999994
    endloop
  endfacet
  facet normal 0 0 1
    outer loop
      vertex 0.300449 -0.25075 0.0999994
      vertex 0.2821 -0.246249 0.0999994
      vertex 0.28515 -0.24875 0.0999994
    endloop
  endfacet
  facet normal 0 0 1
    outer loop
      vertex 0.28515 -0.24875 0.0999994
      vertex 0.2821 -0.246249 0.0999994
      vertex 0.2848 -0.24875 0.0999994
    endloop
  endfacet
  facet normal 0 0 1
    outer loop
      vertex 0.2821 -0.246249 0.0999994
      vertex 0.28115 -0.245549 0.0999994
      vertex 0.2815 -0.246249 0.0999994
    endloop
  endfacet
  facet normal -0 -0 1
    outer loop
      vertex 0.28115 -0.245549 0.0999994
      vertex 0.300449 -0.25075 0.0999994
      vertex 0.276649 -0.24175 0.0999994
    endloop
  endfacet
  facet normal 0 0 1
    outer loop
      vertex 0.300449 -0.25075 0.0999994
      vertex 0.28115 -0.245549 0.0999994
      vertex 0.2821 -0.246249 0.0999994
    endloop
  endfacet
  facet normal 0 0 1
    outer loop
      vertex 0.27135 -0.237599 0.0999994
      vertex 0.27965 -0.0623999 0.0999994
      vertex 0.278399 -0.0629997 0.0999994
    endloop
  endfacet
  facet normal 0 0 1
    outer loop
      vertex 0.28115 -0.245549 0.0999994
      vertex 0.276649 -0.24175 0.0999994
      vertex 0.278449 -0.243449 0.0999994
    endloop
  endfacet
  facet normal 0 0 1
    outer loop
      vertex 0.300449 -0.25075 0.0999994
      vertex 0.273649 -0.2393 0.0999994
      vertex 0.276649 -0.24175 0.0999994
    endloop
  endfacet
  facet normal 0 0 1
    outer loop
      vertex 0.254399 -0.22975 0.0999994
      vertex 0.278399 -0.0629997 0.0999994
      vertex 0.275649 -0.0636997 0.0999994
    endloop
  endfacet
  facet normal 0 0 1
    outer loop
      vertex 0.276649 -0.24175 0.0999994
      vertex 0.273649 -0.2393 0.0999994
      vertex 0.276199 -0.24175 0.0999994
    endloop
  endfacet
  facet normal 0 0 1
    outer loop
      vertex 0.300449 -0.25075 0.0999994
      vertex 0.27135 -0.237599 0.0999994
      vertex 0.273649 -0.2393 0.0999994
    endloop
  endfacet
  facet normal 0 0 1
    outer loop
      vertex 0.254399 -0.22975 0.0999994
      vertex 0.275649 -0.0636997 0.0999994
      vertex 0.262449 -0.0675497 0.0999994
    endloop
  endfacet
  facet normal 0 0 1
    outer loop
      vertex 0.278399 -0.0629997 0.0999994
      vertex 0.254399 -0.22975 0.0999994
      vertex 0.27135 -0.237599 0.0999994
    endloop
  endfacet
  facet normal 0 0 1
    outer loop
      vertex 0.27135 -0.237599 0.0999994
      vertex 0.254399 -0.22975 0.0999994
      vertex 0.26215 -0.23415 0.0999994
    endloop
  endfacet
  facet normal -0 0 1
    outer loop
      vertex 0.221749 -0.212749 0.0999994
      vertex 0.254399 -0.22975 0.0999994
      vertex 0.262449 -0.0675497 0.0999994
    endloop
  endfacet
  facet normal 0 0 1
    outer loop
      vertex 0.186 -0.186199 0.0999994
      vertex 0.262449 -0.0675497 0.0999994
      vertex 0.25365 -0.066 0.0999994
    endloop
  endfacet
  facet normal -0 -0 1
    outer loop
      vertex 0.2259 -0.216649 0.0999994
      vertex 0.254399 -0.22975 0.0999994
      vertex 0.221749 -0.212749 0.0999994
    endloop
  endfacet
  facet normal 0 0 1
    outer loop
      vertex 0.186 -0.186199 0.0999994
      vertex 0.25365 -0.066 0.0999994
      vertex 0.24875 -0.0650997 0.0999994
    endloop
  endfacet
  facet normal -0 -0 1
    outer loop
      vertex 0.2504 -0.22925 0.0999994
      vertex 0.254399 -0.22975 0.0999994
      vertex 0.2259 -0.216649 0.0999994
    endloop
  endfacet
  facet normal 0 0 1
    outer loop
      vertex 0.254399 -0.22975 0.0999994
      vertex 0.2504 -0.22925 0.0999994
      vertex 0.2539 -0.22985 0.0999994
    endloop
  endfacet
  facet normal -0 -0 1
    outer loop
      vertex 0.22915 -0.219649 0.0999994
      vertex 0.2504 -0.22925 0.0999994
      vertex 0.2259 -0.216649 0.0999994
    endloop
  endfacet
  facet normal 0 0 1
    outer loop
      vertex 0.186 -0.186199 0.0999994
      vertex 0.24875 -0.0650997 0.0999994
      vertex 0.23885 -0.0633497 0.0999994
    endloop
  endfacet
  facet normal -0 -0 1
    outer loop
      vertex 0.2449 -0.228299 0.0999994
      vertex 0.2504 -0.22925 0.0999994
      vertex 0.22915 -0.219649 0.0999994
    endloop
  endfacet
  facet normal 0 0 1
    outer loop
      vertex 0.2449 -0.228299 0.0999994
      vertex 0.232499 -0.22275 0.0999994
      vertex 0.24315 -0.228149 0.0999994
    endloop
  endfacet
  facet normal 0 0 1
    outer loop
      vertex 0.186 -0.186199 0.0999994
      vertex 0.23885 -0.0633497 0.0999994
      vertex 0.23755 -0.0632 0.0999994
    endloop
  endfacet
  facet normal -0 -0 1
    outer loop
      vertex 0.2372 -0.226999 0.0999994
      vertex 0.238199 -0.227249 0.0999994
      vertex 0.235499 -0.22545 0.0999994
    endloop
  endfacet
  facet normal 0 0 1
    outer loop
      vertex 0.186 -0.186199 0.0999994
      vertex 0.23755 -0.0632 0.0999994
      vertex 0.2371 -0.06285 0.0999994
    endloop
  endfacet
  facet normal 0 0 1
    outer loop
      vertex 0.186 -0.186199 0.0999994
      vertex 0.2371 -0.06285 0.0999994
      vertex 0.23605 -0.0613499 0.0999994
    endloop
  endfacet
  facet normal 0 0 1
    outer loop
      vertex 0.20715 -0.0183496 0.0999994
      vertex 0.23605 -0.0613499 0.0999994
      vertex 0.235749 -0.0598497 0.0999994
    endloop
  endfacet
  facet normal 0 0 1
    outer loop
      vertex 0.238199 -0.227249 0.0999994
      vertex 0.2372 -0.226999 0.0999994
      vertex 0.2378 -0.2275 0.0999994
    endloop
  endfacet
  facet normal 0 0 1
    outer loop
      vertex 0.24315 -0.228149 0.0999994
      vertex 0.235499 -0.22545 0.0999994
      vertex 0.238199 -0.227249 0.0999994
    endloop
  endfacet
  facet normal -0 -0 1
    outer loop
      vertex 0.235499 -0.22545 0.0999994
      vertex 0.24315 -0.228149 0.0999994
      vertex 0.232499 -0.22275 0.0999994
    endloop
  endfacet
  facet normal 0 0 1
    outer loop
      vertex 0.211399 -0.0209999 0.0999994
      vertex 0.235749 -0.0598497 0.0999994
      vertex 0.228499 -0.0375996 0.0999994
    endloop
  endfacet
  facet normal -0 -0 1
    outer loop
      vertex 0.232499 -0.22275 0.0999994
      vertex 0.2449 -0.228299 0.0999994
      vertex 0.22915 -0.219649 0.0999994
    endloop
  endfacet
  facet normal 0 0 1
    outer loop
      vertex 0.2504 -0.22925 0.0999994
      vertex 0.2449 -0.228299 0.0999994
      vertex 0.246699 -0.228749 0.0999994
    endloop
  endfacet
  facet normal 0 0 1
    outer loop
      vertex 0.262449 -0.0675497 0.0999994
      vertex 0.186 -0.186199 0.0999994
      vertex 0.212449 -0.2085 0.0999994
    endloop
  endfacet
  facet normal -0 0 1
    outer loop
      vertex 0.211399 -0.0209999 0.0999994
      vertex 0.228499 -0.0375996 0.0999994
      vertex 0.2119 -0.0209999 0.0999994
    endloop
  endfacet
  facet normal 0 0 1
    outer loop
      vertex 0.235749 -0.0598497 0.0999994
      vertex 0.211399 -0.0209999 0.0999994
      vertex 0.20715 -0.0183496 0.0999994
    endloop
  endfacet
  facet normal 0 0 1
    outer loop
      vertex 0.20715 -0.0183496 0.0999994
      vertex 0.211399 -0.0209999 0.0999994
      vertex 0.2099 -0.0198498 0.0999994
    endloop
  endfacet
  facet normal 0 0 1
    outer loop
      vertex 0.23605 -0.0613499 0.0999994
      vertex 0.20715 -0.0183496 0.0999994
      vertex 0.197749 -0.0129499 0.0999994
    endloop
  endfacet
  facet normal 0 0 1
    outer loop
      vertex 0.197749 -0.0129499 0.0999994
      vertex 0.20715 -0.0183496 0.0999994
      vertex 0.199149 -0.0134993 0.0999994
    endloop
  endfacet
  facet normal 0 0 1
    outer loop
      vertex 0.23605 -0.0613499 0.0999994
      vertex 0.197749 -0.0129499 0.0999994
      vertex 0.186 -0.186199 0.0999994
    endloop
  endfacet
  facet normal 0 0 1
    outer loop
      vertex 0.194949 0.174 0.0999994
      vertex 0.197749 -0.0123491 0.0999994
      vertex 0.19595 0.171499 0.0999994
    endloop
  endfacet
  facet normal 0 0 1
    outer loop
      vertex 0.194949 0.174 0.0999994
      vertex 0.19595 0.171499 0.0999994
      vertex 0.195499 0.172999 0.0999994
    endloop
  endfacet
  facet normal 0 0 1
    outer loop
      vertex 0.19345 0.177999 0.0999994
      vertex 0.197749 -0.0123491 0.0999994
      vertex 0.194949 0.174 0.0999994
    endloop
  endfacet
  facet normal 0 0 1
    outer loop
      vertex 0.19345 0.177999 0.0999994
      vertex 0.194949 0.174 0.0999994
      vertex 0.194449 0.1755 0.0999994
    endloop
  endfacet
  facet normal 0 0 1
    outer loop
      vertex 0.19345 0.177999 0.0999994
      vertex 0.194449 0.1755 0.0999994
      vertex 0.19395 0.176999 0.0999994
    endloop
  endfacet
  facet normal 0 0 1
    outer loop
      vertex 0.19245 0.180499 0.0999994
      vertex 0.197749 -0.0123491 0.0999994
      vertex 0.19345 0.177999 0.0999994
    endloop
  endfacet
  facet normal 0 0 1
    outer loop
      vertex 0.19245 0.180499 0.0999994
      vertex 0.19345 0.177999 0.0999994
      vertex 0.193 0.1795 0.0999994
    endloop
  endfacet
  facet normal 0 0 1
    outer loop
      vertex 0.190949 0.1845 0.0999994
      vertex 0.197749 -0.0123491 0.0999994
      vertex 0.19245 0.180499 0.0999994
    endloop
  endfacet
  facet normal 0 0 1
    outer loop
      vertex 0.190949 0.1845 0.0999994
      vertex 0.19245 0.180499 0.0999994
      vertex 0.19195 0.181999 0.0999994
    endloop
  endfacet
  facet normal 0 0 1
    outer loop
      vertex 0.190949 0.1845 0.0999994
      vertex 0.19195 0.181999 0.0999994
      vertex 0.191449 0.183499 0.0999994
    endloop
  endfacet
  facet normal 0 0 1
    outer loop
      vertex 0.19 0.186999 0.0999994
      vertex 0.197749 -0.0123491 0.0999994
      vertex 0.190949 0.1845 0.0999994
    endloop
  endfacet
  facet normal 0 0 1
    outer loop
      vertex 0.19 0.186999 0.0999994
      vertex 0.190949 0.1845 0.0999994
      vertex 0.190499 0.186 0.0999994
    endloop
  endfacet
  facet normal 0 0 1
    outer loop
      vertex 0.186 -0.186199 0.0999994
      vertex 0.197749 -0.0123491 0.0999994
      vertex 0.19 0.186999 0.0999994
    endloop
  endfacet
  facet normal 0 0 1
    outer loop
      vertex 0.262449 -0.0675497 0.0999994
      vertex 0.212449 -0.2085 0.0999994
      vertex 0.221749 -0.212749 0.0999994
    endloop
  endfacet
  facet normal 0 0 1
    outer loop
      vertex 0.197749 -0.0123491 0.0999994
      vertex 0.186 -0.186199 0.0999994
      vertex 0.197749 -0.0129499 0.0999994
    endloop
  endfacet
  facet normal 0.821393 -0.570363 0
    outer loop
      vertex -0.0262499 -0.4878 0.0999994
      vertex -0.0249996 -0.485999 -0.0999994
      vertex -0.0249996 -0.485999 0.0999994
    endloop
  endfacet
  facet normal 0.821393 -0.570363 0
    outer loop
      vertex -0.0249996 -0.485999 -0.0999994
      vertex -0.0262499 -0.4878 0.0999994
      vertex -0.0262499 -0.4878 -0.0999994
    endloop
  endfacet
  facet normal 0.745866 -0.666097 0
    outer loop
      vertex -0.0249996 -0.485999 0.0999994
      vertex -0.0224991 -0.483199 -0.0999994
      vertex -0.0224991 -0.483199 0.0999994
    endloop
  endfacet
  facet normal 0.745866 -0.666097 0
    outer loop
      vertex -0.0224991 -0.483199 -0.0999994
      vertex -0.0249996 -0.485999 0.0999994
      vertex -0.0249996 -0.485999 -0.0999994
    endloop
  endfacet
  facet normal 1 -0 0
    outer loop
      vertex -0.0224991 -0.483199 0.0999994
      vertex -0.0224991 -0.4828 -0.0999994
      vertex -0.0224991 -0.4828 0.0999994
    endloop
  endfacet
  facet normal 1 0 0
    outer loop
      vertex -0.0224991 -0.4828 -0.0999994
      vertex -0.0224991 -0.483199 0.0999994
      vertex -0.0224991 -0.483199 -0.0999994
    endloop
  endfacet
  facet normal 0.448067 -0.894 0
    outer loop
      vertex -0.0224991 -0.4828 -0.0999994
      vertex -0.0220995 -0.482599 0.0999994
      vertex -0.0224991 -0.4828 0.0999994
    endloop
  endfacet
  facet normal 0.448067 -0.894 0
    outer loop
      vertex -0.0220995 -0.482599 0.0999994
      vertex -0.0224991 -0.4828 -0.0999994
      vertex -0.0220995 -0.482599 -0.0999994
    endloop
  endfacet
  facet normal 0.79833 -0.602221 0
    outer loop
      vertex -0.0220995 -0.482599 0.0999994
      vertex -0.0199499 -0.47975 -0.0999994
      vertex -0.0199499 -0.47975 0.0999994
    endloop
  endfacet
  facet normal 0.79833 -0.602221 0
    outer loop
      vertex -0.0199499 -0.47975 -0.0999994
      vertex -0.0220995 -0.482599 0.0999994
      vertex -0.0220995 -0.482599 -0.0999994
    endloop
  endfacet
  facet normal 0 -1 0
    outer loop
      vertex -0.0199499 -0.47975 -0.0999994
      vertex -0.0195999 -0.47975 0.0999994
      vertex -0.0199499 -0.47975 0.0999994
    endloop
  endfacet
  facet normal 0 -1 -0
    outer loop
      vertex -0.0195999 -0.47975 0.0999994
      vertex -0.0199499 -0.47975 -0.0999994
      vertex -0.0195999 -0.47975 -0.0999994
    endloop
  endfacet
  facet normal 0.884629 -0.466295 0
    outer loop
      vertex -0.0195999 -0.47975 0.0999994
      vertex -0.0190992 -0.4788 -0.0999994
      vertex -0.0190992 -0.4788 0.0999994
    endloop
  endfacet
  facet normal 0.884629 -0.466295 0
    outer loop
      vertex -0.0190992 -0.4788 -0.0999994
      vertex -0.0195999 -0.47975 0.0999994
      vertex -0.0195999 -0.47975 -0.0999994
    endloop
  endfacet
  facet normal 0.77048 -0.637464 0
    outer loop
      vertex -0.0190992 -0.4788 0.0999994
      vertex -0.0166998 -0.4759 -0.0999994
      vertex -0.0166998 -0.4759 0.0999994
    endloop
  endfacet
  facet normal 0.77048 -0.637464 0
    outer loop
      vertex -0.0166998 -0.4759 -0.0999994
      vertex -0.0190992 -0.4788 0.0999994
      vertex -0.0190992 -0.4788 -0.0999994
    endloop
  endfacet
  facet normal 0.707107 -0.707107 0
    outer loop
      vertex -0.0166998 -0.4759 0.0999994
      vertex -0.0159998 -0.4752 -0.0999994
      vertex -0.0159998 -0.4752 0.0999994
    endloop
  endfacet
  facet normal 0.707107 -0.707107 0
    outer loop
      vertex -0.0159998 -0.4752 -0.0999994
      vertex -0.0166998 -0.4759 0.0999994
      vertex -0.0166998 -0.4759 -0.0999994
    endloop
  endfacet
  facet normal 1 -0 0
    outer loop
      vertex -0.0159998 -0.4752 0.0999994
      vertex -0.0159998 -0.47495 -0.0999994
      vertex -0.0159998 -0.47495 0.0999994
    endloop
  endfacet
  facet normal 1 0 0
    outer loop
      vertex -0.0159998 -0.47495 -0.0999994
      vertex -0.0159998 -0.4752 0.0999994
      vertex -0.0159998 -0.4752 -0.0999994
    endloop
  endfacet
  facet normal 0.778022 -0.628237 0
    outer loop
      vertex -0.0159998 -0.47495 0.0999994
      vertex -0.0138998 -0.472349 -0.0999994
      vertex -0.0138998 -0.472349 0.0999994
    endloop
  endfacet
  facet normal 0.778022 -0.628237 0
    outer loop
      vertex -0.0138998 -0.472349 -0.0999994
      vertex -0.0159998 -0.47495 0.0999994
      vertex -0.0159998 -0.47495 -0.0999994
    endloop
  endfacet
  facet normal 0.710769 -0.703425 0
    outer loop
      vertex -0.0138998 -0.472349 0.0999994
      vertex -0.0043993 -0.462749 -0.0999994
      vertex -0.0043993 -0.462749 0.0999994
    endloop
  endfacet
  facet normal 0.710769 -0.703425 0
    outer loop
      vertex -0.0043993 -0.462749 -0.0999994
      vertex -0.0138998 -0.472349 0.0999994
      vertex -0.0138998 -0.472349 -0.0999994
    endloop
  endfacet
  facet normal 0.993128 -0.117035 0
    outer loop
      vertex -0.0043993 -0.462749 0.0999994
      vertex -0.00429916 -0.4619 -0.0999994
      vertex -0.00429916 -0.4619 0.0999994
    endloop
  endfacet
  facet normal 0.993128 -0.117035 0
    outer loop
      vertex -0.00429916 -0.4619 -0.0999994
      vertex -0.0043993 -0.462749 0.0999994
      vertex -0.0043993 -0.462749 -0.0999994
    endloop
  endfacet
  facet normal 0.965609 -0.259999 0
    outer loop
      vertex -0.00429916 -0.4619 0.0999994
      vertex -0.00394917 -0.4606 -0.0999994
      vertex -0.00394917 -0.4606 0.0999994
    endloop
  endfacet
  facet normal 0.965609 -0.259999 0
    outer loop
      vertex -0.00394917 -0.4606 -0.0999994
      vertex -0.00429916 -0.4619 0.0999994
      vertex -0.00429916 -0.4619 -0.0999994
    endloop
  endfacet
  facet normal 0.99705 0.0767524 0
    outer loop
      vertex -0.00394917 -0.4606 0.0999994
      vertex -0.0040493 -0.459299 -0.0999994
      vertex -0.0040493 -0.459299 0.0999994
    endloop
  endfacet
  facet normal 0.99705 0.0767524 0
    outer loop
      vertex -0.0040493 -0.459299 -0.0999994
      vertex -0.00394917 -0.4606 0.0999994
      vertex -0.00394917 -0.4606 -0.0999994
    endloop
  endfacet
  facet normal 0.964754 -0.263153 0
    outer loop
      vertex -0.0040493 -0.459299 0.0999994
      vertex -0.00344944 -0.4571 -0.0999994
      vertex -0.00344944 -0.4571 0.0999994
    endloop
  endfacet
  facet normal 0.964754 -0.263153 0
    outer loop
      vertex -0.00344944 -0.4571 -0.0999994
      vertex -0.0040493 -0.459299 0.0999994
      vertex -0.0040493 -0.459299 -0.0999994
    endloop
  endfacet
  facet normal 0.995169 -0.0981812 0
    outer loop
      vertex -0.00344944 -0.4571 0.0999994
      vertex -0.00304985 -0.45305 -0.0999994
      vertex -0.00304985 -0.45305 0.0999994
    endloop
  endfacet
  facet normal 0.995169 -0.0981812 0
    outer loop
      vertex -0.00304985 -0.45305 -0.0999994
      vertex -0.00344944 -0.4571 0.0999994
      vertex -0.00344944 -0.4571 -0.0999994
    endloop
  endfacet
  facet normal 0.805234 -0.592957 0
    outer loop
      vertex -0.00304985 -0.45305 0.0999994
      vertex 0.0064497 -0.440149 -0.0999994
      vertex 0.0064497 -0.440149 0.0999994
    endloop
  endfacet
  facet normal 0.805234 -0.592957 0
    outer loop
      vertex 0.0064497 -0.440149 -0.0999994
      vertex -0.00304985 -0.45305 0.0999994
      vertex -0.00304985 -0.45305 -0.0999994
    endloop
  endfacet
  facet normal 0.810645 -0.585538 0
    outer loop
      vertex 0.0064497 -0.440149 0.0999994
      vertex 0.00774956 -0.43835 -0.0999994
      vertex 0.00774956 -0.43835 0.0999994
    endloop
  endfacet
  facet normal 0.810645 -0.585538 0
    outer loop
      vertex 0.00774956 -0.43835 -0.0999994
      vertex 0.0064497 -0.440149 0.0999994
      vertex 0.0064497 -0.440149 -0.0999994
    endloop
  endfacet
  facet normal 0.894541 -0.446986 0
    outer loop
      vertex 0.00774956 -0.43835 0.0999994
      vertex 0.00849915 -0.43685 -0.0999994
      vertex 0.00849915 -0.43685 0.0999994
    endloop
  endfacet
  facet normal 0.894541 -0.446986 0
    outer loop
      vertex 0.00849915 -0.43685 -0.0999994
      vertex 0.00774956 -0.43835 0.0999994
      vertex 0.00774956 -0.43835 -0.0999994
    endloop
  endfacet
  facet normal 0.97152 -0.236956 0
    outer loop
      vertex 0.00849915 -0.43685 0.0999994
      vertex 0.0119991 -0.4225 -0.0999994
      vertex 0.0119991 -0.4225 0.0999994
    endloop
  endfacet
  facet normal 0.97152 -0.236956 0
    outer loop
      vertex 0.0119991 -0.4225 -0.0999994
      vertex 0.00849915 -0.43685 0.0999994
      vertex 0.00849915 -0.43685 -0.0999994
    endloop
  endfacet
  facet normal 1 -0 0
    outer loop
      vertex 0.0119991 -0.4225 0.0999994
      vertex 0.0119991 -0.421749 -0.0999994
      vertex 0.0119991 -0.421749 0.0999994
    endloop
  endfacet
  facet normal 1 0 0
    outer loop
      vertex 0.0119991 -0.421749 -0.0999994
      vertex 0.0119991 -0.4225 0.0999994
      vertex 0.0119991 -0.4225 -0.0999994
    endloop
  endfacet
  facet normal 0 -1 0
    outer loop
      vertex 0.0119991 -0.421749 -0.0999994
      vertex 0.0127497 -0.421749 0.0999994
      vertex 0.0119991 -0.421749 0.0999994
    endloop
  endfacet
  facet normal 0 -1 -0
    outer loop
      vertex 0.0127497 -0.421749 0.0999994
      vertex 0.0119991 -0.421749 -0.0999994
      vertex 0.0127497 -0.421749 -0.0999994
    endloop
  endfacet
  facet normal -1 0 0
    outer loop
      vertex 0.0127497 -0.4225 -0.0999994
      vertex 0.0127497 -0.421749 0.0999994
      vertex 0.0127497 -0.421749 -0.0999994
    endloop
  endfacet
  facet normal -1 -0 0
    outer loop
      vertex 0.0127497 -0.421749 0.0999994
      vertex 0.0127497 -0.4225 -0.0999994
      vertex 0.0127497 -0.4225 0.0999994
    endloop
  endfacet
  facet normal -0.97152 -0.236956 0
    outer loop
      vertex 0.0162497 -0.43685 -0.0999994
      vertex 0.0127497 -0.4225 0.0999994
      vertex 0.0127497 -0.4225 -0.0999994
    endloop
  endfacet
  facet normal -0.97152 -0.236956 0
    outer loop
      vertex 0.0127497 -0.4225 0.0999994
      vertex 0.0162497 -0.43685 -0.0999994
      vertex 0.0162497 -0.43685 0.0999994
    endloop
  endfacet
  facet normal -0.894541 -0.446986 0
    outer loop
      vertex 0.0169992 -0.43835 -0.0999994
      vertex 0.0162497 -0.43685 0.0999994
      vertex 0.0162497 -0.43685 -0.0999994
    endloop
  endfacet
  facet normal -0.894541 -0.446986 0
    outer loop
      vertex 0.0162497 -0.43685 0.0999994
      vertex 0.0169992 -0.43835 -0.0999994
      vertex 0.0169992 -0.43835 0.0999994
    endloop
  endfacet
  facet normal -0.807777 -0.589488 0
    outer loop
      vertex 0.0237494 -0.447599 -0.0999994
      vertex 0.0169992 -0.43835 0.0999994
      vertex 0.0169992 -0.43835 -0.0999994
    endloop
  endfacet
  facet normal -0.807777 -0.589488 0
    outer loop
      vertex 0.0169992 -0.43835 0.0999994
      vertex 0.0237494 -0.447599 -0.0999994
      vertex 0.0237494 -0.447599 0.0999994
    endloop
  endfacet
  facet normal -0.803562 -0.595221 0
    outer loop
      vertex 0.0277491 -0.452999 -0.0999994
      vertex 0.0237494 -0.447599 0.0999994
      vertex 0.0237494 -0.447599 -0.0999994
    endloop
  endfacet
  facet normal -0.803562 -0.595221 0
    outer loop
      vertex 0.0237494 -0.447599 0.0999994
      vertex 0.0277491 -0.452999 -0.0999994
      vertex 0.0277491 -0.452999 0.0999994
    endloop
  endfacet
  facet normal -0.986647 0.162875 0
    outer loop
      vertex 0.0276499 -0.4536 -0.0999994
      vertex 0.0277491 -0.452999 0.0999994
      vertex 0.0277491 -0.452999 -0.0999994
    endloop
  endfacet
  facet normal -0.986647 0.162875 0
    outer loop
      vertex 0.0277491 -0.452999 0.0999994
      vertex 0.0276499 -0.4536 -0.0999994
      vertex 0.0276499 -0.4536 0.0999994
    endloop
  endfacet
  facet normal -0.959054 -0.283224 0
    outer loop
      vertex 0.0282993 -0.455799 -0.0999994
      vertex 0.0276499 -0.4536 0.0999994
      vertex 0.0276499 -0.4536 -0.0999994
    endloop
  endfacet
  facet normal -0.959054 -0.283224 0
    outer loop
      vertex 0.0276499 -0.4536 0.0999994
      vertex 0.0282993 -0.455799 -0.0999994
      vertex 0.0282993 -0.455799 0.0999994
    endloop
  endfacet
  facet normal -0.993441 0.114348 0
    outer loop
      vertex 0.0281496 -0.4571 -0.0999994
      vertex 0.0282993 -0.455799 0.0999994
      vertex 0.0282993 -0.455799 -0.0999994
    endloop
  endfacet
  facet normal -0.993441 0.114348 0
    outer loop
      vertex 0.0282993 -0.455799 0.0999994
      vertex 0.0281496 -0.4571 -0.0999994
      vertex 0.0281496 -0.4571 0.0999994
    endloop
  endfacet
  facet normal -0.959054 -0.283224 0
    outer loop
      vertex 0.0287991 -0.459299 -0.0999994
      vertex 0.0281496 -0.4571 0.0999994
      vertex 0.0281496 -0.4571 -0.0999994
    endloop
  endfacet
  facet normal -0.959054 -0.283224 0
    outer loop
      vertex 0.0281496 -0.4571 0.0999994
      vertex 0.0287991 -0.459299 -0.0999994
      vertex 0.0287991 -0.459299 0.0999994
    endloop
  endfacet
  facet normal -0.997106 0.0760257 0
    outer loop
      vertex 0.0286999 -0.4606 -0.0999994
      vertex 0.0287991 -0.459299 0.0999994
      vertex 0.0287991 -0.459299 -0.0999994
    endloop
  endfacet
  facet normal -0.997106 0.0760257 0
    outer loop
      vertex 0.0287991 -0.459299 0.0999994
      vertex 0.0286999 -0.4606 -0.0999994
      vertex 0.0286999 -0.4606 0.0999994
    endloop
  endfacet
  facet normal -0.965609 -0.259999 0
    outer loop
      vertex 0.0290499 -0.4619 -0.0999994
      vertex 0.0286999 -0.4606 0.0999994
      vertex 0.0286999 -0.4606 -0.0999994
    endloop
  endfacet
  facet normal -0.965609 -0.259999 0
    outer loop
      vertex 0.0286999 -0.4606 0.0999994
      vertex 0.0290499 -0.4619 -0.0999994
      vertex 0.0290499 -0.4619 0.0999994
    endloop
  endfacet
  facet normal -0.993257 -0.115936 0
    outer loop
      vertex 0.0291491 -0.462749 -0.0999994
      vertex 0.0290499 -0.4619 0.0999994
      vertex 0.0290499 -0.4619 -0.0999994
    endloop
  endfacet
  facet normal -0.993257 -0.115936 0
    outer loop
      vertex 0.0290499 -0.4619 0.0999994
      vertex 0.0291491 -0.462749 -0.0999994
      vertex 0.0291491 -0.462749 0.0999994
    endloop
  endfacet
  facet normal -0.71071 -0.703485 0
    outer loop
      vertex 0.0388994 -0.4726 -0.0999994
      vertex 0.0291491 -0.462749 0.0999994
      vertex 0.0291491 -0.462749 -0.0999994
    endloop
  endfacet
  facet normal -0.71071 -0.703485 0
    outer loop
      vertex 0.0291491 -0.462749 0.0999994
      vertex 0.0388994 -0.4726 -0.0999994
      vertex 0.0388994 -0.4726 0.0999994
    endloop
  endfacet
  facet normal -0.780842 -0.624728 0
    outer loop
      vertex 0.0432997 -0.4781 -0.0999994
      vertex 0.0388994 -0.4726 0.0999994
      vertex 0.0388994 -0.4726 -0.0999994
    endloop
  endfacet
  facet normal -0.780842 -0.624728 0
    outer loop
      vertex 0.0388994 -0.4726 0.0999994
      vertex 0.0432997 -0.4781 -0.0999994
      vertex 0.0432997 -0.4781 0.0999994
    endloop
  endfacet
  facet normal -0.73087 -0.682517 0
    outer loop
      vertex 0.0439997 -0.478849 -0.0999994
      vertex 0.0432997 -0.4781 0.0999994
      vertex 0.0432997 -0.4781 -0.0999994
    endloop
  endfacet
  facet normal -0.73087 -0.682517 0
    outer loop
      vertex 0.0432997 -0.4781 0.0999994
      vertex 0.0439997 -0.478849 -0.0999994
      vertex 0.0439997 -0.478849 0.0999994
    endloop
  endfacet
  facet normal -0.948884 -0.315625 0
    outer loop
      vertex 0.0442991 -0.47975 -0.0999994
      vertex 0.0439997 -0.478849 0.0999994
      vertex 0.0439997 -0.478849 -0.0999994
    endloop
  endfacet
  facet normal -0.948884 -0.315625 0
    outer loop
      vertex 0.0439997 -0.478849 0.0999994
      vertex 0.0442991 -0.47975 -0.0999994
      vertex 0.0442991 -0.47975 0.0999994
    endloop
  endfacet
  facet normal 0 -1 0
    outer loop
      vertex 0.0442991 -0.47975 -0.0999994
      vertex 0.0446997 -0.47975 0.0999994
      vertex 0.0442991 -0.47975 0.0999994
    endloop
  endfacet
  facet normal 0 -1 -0
    outer loop
      vertex 0.0446997 -0.47975 0.0999994
      vertex 0.0442991 -0.47975 -0.0999994
      vertex 0.0446997 -0.47975 -0.0999994
    endloop
  endfacet
  facet normal -0.79833 -0.602221 0
    outer loop
      vertex 0.0468493 -0.482599 -0.0999994
      vertex 0.0446997 -0.47975 0.0999994
      vertex 0.0446997 -0.47975 -0.0999994
    endloop
  endfacet
  facet normal -0.79833 -0.602221 0
    outer loop
      vertex 0.0446997 -0.47975 0.0999994
      vertex 0.0468493 -0.482599 -0.0999994
      vertex 0.0468493 -0.482599 0.0999994
    endloop
  endfacet
  facet normal -0.447214 -0.894427 0
    outer loop
      vertex 0.0468493 -0.482599 -0.0999994
      vertex 0.0472498 -0.4828 0.0999994
      vertex 0.0468493 -0.482599 0.0999994
    endloop
  endfacet
  facet normal -0.447214 -0.894427 -0
    outer loop
      vertex 0.0472498 -0.4828 0.0999994
      vertex 0.0468493 -0.482599 -0.0999994
      vertex 0.0472498 -0.4828 -0.0999994
    endloop
  endfacet
  facet normal -1 0 0
    outer loop
      vertex 0.0472498 -0.483199 -0.0999994
      vertex 0.0472498 -0.4828 0.0999994
      vertex 0.0472498 -0.4828 -0.0999994
    endloop
  endfacet
  facet normal -1 -0 0
    outer loop
      vertex 0.0472498 -0.4828 0.0999994
      vertex 0.0472498 -0.483199 -0.0999994
      vertex 0.0472498 -0.483199 0.0999994
    endloop
  endfacet
  facet normal -0.745992 -0.665955 0
    outer loop
      vertex 0.0497494 -0.485999 -0.0999994
      vertex 0.0472498 -0.483199 0.0999994
      vertex 0.0472498 -0.483199 -0.0999994
    endloop
  endfacet
  facet normal -0.745992 -0.665955 0
    outer loop
      vertex 0.0472498 -0.483199 0.0999994
      vertex 0.0497494 -0.485999 -0.0999994
      vertex 0.0497494 -0.485999 0.0999994
    endloop
  endfacet
  facet normal -0.821393 -0.570363 0
    outer loop
      vertex 0.0509996 -0.4878 -0.0999994
      vertex 0.0497494 -0.485999 0.0999994
      vertex 0.0497494 -0.485999 -0.0999994
    endloop
  endfacet
  facet normal -0.821393 -0.570363 0
    outer loop
      vertex 0.0497494 -0.485999 0.0999994
      vertex 0.0509996 -0.4878 -0.0999994
      vertex 0.0509996 -0.4878 0.0999994
    endloop
  endfacet
  facet normal -1 0 0
    outer loop
      vertex 0.0509996 -0.5 -0.0999994
      vertex 0.0509996 -0.4878 0.0999994
      vertex 0.0509996 -0.4878 -0.0999994
    endloop
  endfacet
  facet normal -1 -0 0
    outer loop
      vertex 0.0509996 -0.4878 0.0999994
      vertex 0.0509996 -0.5 -0.0999994
      vertex 0.0509996 -0.5 0.0999994
    endloop
  endfacet
  facet normal 0 -1 0
    outer loop
      vertex 0.0509996 -0.5 -0.0999994
      vertex 0.2575 -0.5 0.0999994
      vertex 0.0509996 -0.5 0.0999994
    endloop
  endfacet
  facet normal 0 -1 -0
    outer loop
      vertex 0.2575 -0.5 0.0999994
      vertex 0.0509996 -0.5 -0.0999994
      vertex 0.2575 -0.5 -0.0999994
    endloop
  endfacet
  facet normal 1 -0 0
    outer loop
      vertex 0.2575 -0.5 0.0999994
      vertex 0.2575 -0.4873 -0.0999994
      vertex 0.2575 -0.4873 0.0999994
    endloop
  endfacet
  facet normal 1 0 0
    outer loop
      vertex 0.2575 -0.4873 -0.0999994
      vertex 0.2575 -0.5 0.0999994
      vertex 0.2575 -0.5 -0.0999994
    endloop
  endfacet
  facet normal 0.973802 -0.227398 0
    outer loop
      vertex 0.2575 -0.4873 0.0999994
      vertex 0.261049 -0.472099 -0.0999994
      vertex 0.261049 -0.472099 0.0999994
    endloop
  endfacet
  facet normal 0.973802 -0.227398 0
    outer loop
      vertex 0.261049 -0.472099 -0.0999994
      vertex 0.2575 -0.4873 0.0999994
      vertex 0.2575 -0.4873 -0.0999994
    endloop
  endfacet
  facet normal 0.968584 -0.248686 0
    outer loop
      vertex 0.261049 -0.472099 0.0999994
      vertex 0.2625 -0.46645 -0.0999994
      vertex 0.2625 -0.46645 0.0999994
    endloop
  endfacet
  facet normal 0.968584 -0.248686 0
    outer loop
      vertex 0.2625 -0.46645 -0.0999994
      vertex 0.261049 -0.472099 0.0999994
      vertex 0.261049 -0.472099 -0.0999994
    endloop
  endfacet
  facet normal 0.707257 -0.706957 0
    outer loop
      vertex 0.2625 -0.46645 0.0999994
      vertex 0.26475 -0.464199 -0.0999994
      vertex 0.26475 -0.464199 0.0999994
    endloop
  endfacet
  facet normal 0.707257 -0.706957 0
    outer loop
      vertex 0.26475 -0.464199 -0.0999994
      vertex 0.2625 -0.46645 0.0999994
      vertex 0.2625 -0.46645 -0.0999994
    endloop
  endfacet
  facet normal 1 -0 0
    outer loop
      vertex 0.26475 -0.464199 0.0999994
      vertex 0.26475 -0.46375 -0.0999994
      vertex 0.26475 -0.46375 0.0999994
    endloop
  endfacet
  facet normal 1 0 0
    outer loop
      vertex 0.26475 -0.46375 -0.0999994
      vertex 0.26475 -0.464199 0.0999994
      vertex 0.26475 -0.464199 -0.0999994
    endloop
  endfacet
  facet normal 0.707366 -0.706847 0
    outer loop
      vertex 0.26475 -0.46375 0.0999994
      vertex 0.266049 -0.462449 -0.0999994
      vertex 0.266049 -0.462449 0.0999994
    endloop
  endfacet
  facet normal 0.707366 -0.706847 0
    outer loop
      vertex 0.266049 -0.462449 -0.0999994
      vertex 0.26475 -0.46375 0.0999994
      vertex 0.26475 -0.46375 -0.0999994
    endloop
  endfacet
  facet normal 0.999679 0.025348 0
    outer loop
      vertex 0.266049 -0.462449 0.0999994
      vertex 0.265949 -0.4585 -0.0999994
      vertex 0.265949 -0.4585 0.0999994
    endloop
  endfacet
  facet normal 0.999679 0.025348 0
    outer loop
      vertex 0.265949 -0.4585 -0.0999994
      vertex 0.266049 -0.462449 0.0999994
      vertex 0.266049 -0.462449 -0.0999994
    endloop
  endfacet
  facet normal 0.876739 -0.480966 0
    outer loop
      vertex 0.265949 -0.4585 0.0999994
      vertex 0.2668 -0.456949 -0.0999994
      vertex 0.2668 -0.456949 0.0999994
    endloop
  endfacet
  facet normal 0.876739 -0.480966 0
    outer loop
      vertex 0.2668 -0.456949 -0.0999994
      vertex 0.265949 -0.4585 0.0999994
      vertex 0.265949 -0.4585 -0.0999994
    endloop
  endfacet
  facet normal 0.953636 -0.300963 0
    outer loop
      vertex 0.2668 -0.456949 0.0999994
      vertex 0.267699 -0.4541 -0.0999994
      vertex 0.267699 -0.4541 0.0999994
    endloop
  endfacet
  facet normal 0.953636 -0.300963 0
    outer loop
      vertex 0.267699 -0.4541 -0.0999994
      vertex 0.2668 -0.456949 0.0999994
      vertex 0.2668 -0.456949 -0.0999994
    endloop
  endfacet
  facet normal 0.915322 -0.402723 0
    outer loop
      vertex 0.267699 -0.4541 0.0999994
      vertex 0.269349 -0.45035 -0.0999994
      vertex 0.269349 -0.45035 0.0999994
    endloop
  endfacet
  facet normal 0.915322 -0.402723 0
    outer loop
      vertex 0.269349 -0.45035 -0.0999994
      vertex 0.267699 -0.4541 0.0999994
      vertex 0.267699 -0.4541 -0.0999994
    endloop
  endfacet
  facet normal 0.991217 -0.132246 0
    outer loop
      vertex 0.269349 -0.45035 0.0999994
      vertex 0.269449 -0.449599 -0.0999994
      vertex 0.269449 -0.449599 0.0999994
    endloop
  endfacet
  facet normal 0.991217 -0.132246 0
    outer loop
      vertex 0.269449 -0.449599 -0.0999994
      vertex 0.269349 -0.45035 0.0999994
      vertex 0.269349 -0.45035 -0.0999994
    endloop
  endfacet
  facet normal 0.939782 -0.341776 0
    outer loop
      vertex 0.269449 -0.449599 0.0999994
      vertex 0.270249 -0.447399 -0.0999994
      vertex 0.270249 -0.447399 0.0999994
    endloop
  endfacet
  facet normal 0.939782 -0.341776 0
    outer loop
      vertex 0.270249 -0.447399 -0.0999994
      vertex 0.269449 -0.449599 0.0999994
      vertex 0.269449 -0.449599 -0.0999994
    endloop
  endfacet
  facet normal 0.868292 -0.496054 0
    outer loop
      vertex 0.270249 -0.447399 0.0999994
      vertex 0.270849 -0.446349 -0.0999994
      vertex 0.270849 -0.446349 0.0999994
    endloop
  endfacet
  facet normal 0.868292 -0.496054 0
    outer loop
      vertex 0.270849 -0.446349 -0.0999994
      vertex 0.270249 -0.447399 0.0999994
      vertex 0.270249 -0.447399 -0.0999994
    endloop
  endfacet
  facet normal 0.991195 -0.132412 0
    outer loop
      vertex 0.270849 -0.446349 0.0999994
      vertex 0.270949 -0.4456 -0.0999994
      vertex 0.270949 -0.4456 0.0999994
    endloop
  endfacet
  facet normal 0.991195 -0.132412 0
    outer loop
      vertex 0.270949 -0.4456 -0.0999994
      vertex 0.270849 -0.446349 0.0999994
      vertex 0.270849 -0.446349 -0.0999994
    endloop
  endfacet
  facet normal 0.932288 -0.361716 0
    outer loop
      vertex 0.270949 -0.4456 0.0999994
      vertex 0.272249 -0.442249 -0.0999994
      vertex 0.272249 -0.442249 0.0999994
    endloop
  endfacet
  facet normal 0.932288 -0.361716 0
    outer loop
      vertex 0.272249 -0.442249 -0.0999994
      vertex 0.270949 -0.4456 0.0999994
      vertex 0.270949 -0.4456 -0.0999994
    endloop
  endfacet
  facet normal 0.938144 -0.346245 0
    outer loop
      vertex 0.272249 -0.442249 0.0999994
      vertex 0.27415 -0.437099 -0.0999994
      vertex 0.27415 -0.437099 0.0999994
    endloop
  endfacet
  facet normal 0.938144 -0.346245 0
    outer loop
      vertex 0.27415 -0.437099 -0.0999994
      vertex 0.272249 -0.442249 0.0999994
      vertex 0.272249 -0.442249 -0.0999994
    endloop
  endfacet
  facet normal 0.980545 0.196296 0
    outer loop
      vertex 0.27415 -0.437099 0.0999994
      vertex 0.27395 -0.436099 -0.0999994
      vertex 0.27395 -0.436099 0.0999994
    endloop
  endfacet
  facet normal 0.980545 0.196296 0
    outer loop
      vertex 0.27395 -0.436099 -0.0999994
      vertex 0.27415 -0.437099 0.0999994
      vertex 0.27415 -0.437099 -0.0999994
    endloop
  endfacet
  facet normal 0.997452 0.0713436 0
    outer loop
      vertex 0.27395 -0.436099 0.0999994
      vertex 0.273549 -0.430499 -0.0999994
      vertex 0.273549 -0.430499 0.0999994
    endloop
  endfacet
  facet normal 0.997452 0.0713436 0
    outer loop
      vertex 0.273549 -0.430499 -0.0999994
      vertex 0.27395 -0.436099 0.0999994
      vertex 0.27395 -0.436099 -0.0999994
    endloop
  endfacet
  facet normal 0.997714 0.0675787 0
    outer loop
      vertex 0.273549 -0.430499 0.0999994
      vertex 0.273149 -0.4246 -0.0999994
      vertex 0.273149 -0.4246 0.0999994
    endloop
  endfacet
  facet normal 0.997714 0.0675787 0
    outer loop
      vertex 0.273149 -0.4246 -0.0999994
      vertex 0.273549 -0.430499 0.0999994
      vertex 0.273549 -0.430499 -0.0999994
    endloop
  endfacet
  facet normal 0.999886 0.0151127 0
    outer loop
      vertex 0.273149 -0.4246 0.0999994
      vertex 0.272949 -0.411349 -0.0999994
      vertex 0.272949 -0.411349 0.0999994
    endloop
  endfacet
  facet normal 0.999886 0.0151127 0
    outer loop
      vertex 0.272949 -0.411349 -0.0999994
      vertex 0.273149 -0.4246 0.0999994
      vertex 0.273149 -0.4246 -0.0999994
    endloop
  endfacet
  facet normal 0.993157 0.11679 0
    outer loop
      vertex 0.272949 -0.411349 0.0999994
      vertex 0.272449 -0.4071 -0.0999994
      vertex 0.272449 -0.4071 0.0999994
    endloop
  endfacet
  facet normal 0.993157 0.11679 0
    outer loop
      vertex 0.272449 -0.4071 -0.0999994
      vertex 0.272949 -0.411349 0.0999994
      vertex 0.272949 -0.411349 -0.0999994
    endloop
  endfacet
  facet normal 0.996808 0.0798359 0
    outer loop
      vertex 0.272449 -0.4071 0.0999994
      vertex 0.272349 -0.405849 -0.0999994
      vertex 0.272349 -0.405849 0.0999994
    endloop
  endfacet
  facet normal 0.996808 0.0798359 0
    outer loop
      vertex 0.272349 -0.405849 -0.0999994
      vertex 0.272449 -0.4071 0.0999994
      vertex 0.272449 -0.4071 -0.0999994
    endloop
  endfacet
  facet normal 0.843782 0.536686 0
    outer loop
      vertex 0.272349 -0.405849 0.0999994
      vertex 0.271999 -0.405299 -0.0999994
      vertex 0.271999 -0.405299 0.0999994
    endloop
  endfacet
  facet normal 0.843782 0.536686 0
    outer loop
      vertex 0.271999 -0.405299 -0.0999994
      vertex 0.272349 -0.405849 0.0999994
      vertex 0.272349 -0.405849 -0.0999994
    endloop
  endfacet
  facet normal 1 -0 0
    outer loop
      vertex 0.271999 -0.405299 0.0999994
      vertex 0.271999 -0.40385 -0.0999994
      vertex 0.271999 -0.40385 0.0999994
    endloop
  endfacet
  facet normal 1 0 0
    outer loop
      vertex 0.271999 -0.40385 -0.0999994
      vertex 0.271999 -0.405299 0.0999994
      vertex 0.271999 -0.405299 -0.0999994
    endloop
  endfacet
  facet normal 0.985673 0.168666 0
    outer loop
      vertex 0.271999 -0.40385 0.0999994
      vertex 0.2717 -0.4021 -0.0999994
      vertex 0.2717 -0.4021 0.0999994
    endloop
  endfacet
  facet normal 0.985673 0.168666 0
    outer loop
      vertex 0.2717 -0.4021 -0.0999994
      vertex 0.271999 -0.40385 0.0999994
      vertex 0.271999 -0.40385 -0.0999994
    endloop
  endfacet
  facet normal 0.995483 0.0949371 0
    outer loop
      vertex 0.2717 -0.4021 0.0999994
      vertex 0.271399 -0.39895 -0.0999994
      vertex 0.271399 -0.39895 0.0999994
    endloop
  endfacet
  facet normal 0.995483 0.0949371 0
    outer loop
      vertex 0.271399 -0.39895 -0.0999994
      vertex 0.2717 -0.4021 0.0999994
      vertex 0.2717 -0.4021 -0.0999994
    endloop
  endfacet
  facet normal 1 -0 0
    outer loop
      vertex 0.271399 -0.39895 0.0999994
      vertex 0.271399 -0.398299 -0.0999994
      vertex 0.271399 -0.398299 0.0999994
    endloop
  endfacet
  facet normal 1 0 0
    outer loop
      vertex 0.271399 -0.398299 -0.0999994
      vertex 0.271399 -0.39895 0.0999994
      vertex 0.271399 -0.39895 -0.0999994
    endloop
  endfacet
  facet normal 0.707107 0.707107 0
    outer loop
      vertex 0.271399 -0.398299 0.0999994
      vertex 0.271 -0.3979 -0.0999994
      vertex 0.271 -0.3979 0.0999994
    endloop
  endfacet
  facet normal 0.707107 0.707107 0
    outer loop
      vertex 0.271 -0.3979 -0.0999994
      vertex 0.271399 -0.398299 0.0999994
      vertex 0.271399 -0.398299 -0.0999994
    endloop
  endfacet
  facet normal 0.999988 -0.00488578 0
    outer loop
      vertex 0.271 -0.3979 0.0999994
      vertex 0.271049 -0.38775 -0.0999994
      vertex 0.271049 -0.38775 0.0999994
    endloop
  endfacet
  facet normal 0.999988 -0.00488578 0
    outer loop
      vertex 0.271049 -0.38775 -0.0999994
      vertex 0.271 -0.3979 0.0999994
      vertex 0.271 -0.3979 -0.0999994
    endloop
  endfacet
  facet normal 0.853506 0.521083 0
    outer loop
      vertex 0.271049 -0.38775 0.0999994
      vertex 0.268149 -0.382999 -0.0999994
      vertex 0.268149 -0.382999 0.0999994
    endloop
  endfacet
  facet normal 0.853506 0.521083 0
    outer loop
      vertex 0.268149 -0.382999 -0.0999994
      vertex 0.271049 -0.38775 0.0999994
      vertex 0.271049 -0.38775 -0.0999994
    endloop
  endfacet
  facet normal 0.857075 0.515192 0
    outer loop
      vertex 0.268149 -0.382999 0.0999994
      vertex 0.26265 -0.37385 -0.0999994
      vertex 0.26265 -0.37385 0.0999994
    endloop
  endfacet
  facet normal 0.857075 0.515192 0
    outer loop
      vertex 0.26265 -0.37385 -0.0999994
      vertex 0.268149 -0.382999 0.0999994
      vertex 0.268149 -0.382999 -0.0999994
    endloop
  endfacet
  facet normal 0.963712 0.266944 0
    outer loop
      vertex 0.26265 -0.37385 0.0999994
      vertex 0.261749 -0.3706 -0.0999994
      vertex 0.261749 -0.3706 0.0999994
    endloop
  endfacet
  facet normal 0.963712 0.266944 0
    outer loop
      vertex 0.261749 -0.3706 -0.0999994
      vertex 0.26265 -0.37385 0.0999994
      vertex 0.26265 -0.37385 -0.0999994
    endloop
  endfacet
  facet normal 0.98274 0.184994 0
    outer loop
      vertex 0.261749 -0.3706 0.0999994
      vertex 0.260949 -0.366349 -0.0999994
      vertex 0.260949 -0.366349 0.0999994
    endloop
  endfacet
  facet normal 0.98274 0.184994 0
    outer loop
      vertex 0.260949 -0.366349 -0.0999994
      vertex 0.261749 -0.3706 0.0999994
      vertex 0.261749 -0.3706 -0.0999994
    endloop
  endfacet
  facet normal 0.971074 0.238779 0
    outer loop
      vertex 0.260949 -0.366349 0.0999994
      vertex 0.26015 -0.363099 -0.0999994
      vertex 0.26015 -0.363099 0.0999994
    endloop
  endfacet
  facet normal 0.971074 0.238779 0
    outer loop
      vertex 0.26015 -0.363099 -0.0999994
      vertex 0.260949 -0.366349 0.0999994
      vertex 0.260949 -0.366349 -0.0999994
    endloop
  endfacet
  facet normal 0.999372 0.0354355 0
    outer loop
      vertex 0.26015 -0.363099 0.0999994
      vertex 0.259999 -0.35885 -0.0999994
      vertex 0.259999 -0.35885 0.0999994
    endloop
  endfacet
  facet normal 0.999372 0.0354355 0
    outer loop
      vertex 0.259999 -0.35885 -0.0999994
      vertex 0.26015 -0.363099 0.0999994
      vertex 0.26015 -0.363099 -0.0999994
    endloop
  endfacet
  facet normal 0.994683 0.102986 0
    outer loop
      vertex 0.259999 -0.35885 0.0999994
      vertex 0.257799 -0.3376 -0.0999994
      vertex 0.257799 -0.3376 0.0999994
    endloop
  endfacet
  facet normal 0.994683 0.102986 0
    outer loop
      vertex 0.257799 -0.3376 -0.0999994
      vertex 0.259999 -0.35885 0.0999994
      vertex 0.259999 -0.35885 -0.0999994
    endloop
  endfacet
  facet normal 0.902333 0.431039 0
    outer loop
      vertex 0.257799 -0.3376 0.0999994
      vertex 0.2535 -0.3286 -0.0999994
      vertex 0.2535 -0.3286 0.0999994
    endloop
  endfacet
  facet normal 0.902333 0.431039 0
    outer loop
      vertex 0.2535 -0.3286 -0.0999994
      vertex 0.257799 -0.3376 0.0999994
      vertex 0.257799 -0.3376 -0.0999994
    endloop
  endfacet
  facet normal 1 -0 0
    outer loop
      vertex 0.2535 -0.3286 0.0999994
      vertex 0.2535 -0.320999 -0.0999994
      vertex 0.2535 -0.320999 0.0999994
    endloop
  endfacet
  facet normal 1 0 0
    outer loop
      vertex 0.2535 -0.320999 -0.0999994
      vertex 0.2535 -0.3286 0.0999994
      vertex 0.2535 -0.3286 -0.0999994
    endloop
  endfacet
  facet normal 0.99833 0.0577625 0
    outer loop
      vertex 0.2535 -0.320999 0.0999994
      vertex 0.25315 -0.31495 -0.0999994
      vertex 0.25315 -0.31495 0.0999994
    endloop
  endfacet
  facet normal 0.99833 0.0577625 0
    outer loop
      vertex 0.25315 -0.31495 -0.0999994
      vertex 0.2535 -0.320999 0.0999994
      vertex 0.2535 -0.320999 -0.0999994
    endloop
  endfacet
  facet normal 0.999166 0.0408378 0
    outer loop
      vertex 0.25315 -0.31495 0.0999994
      vertex 0.25305 -0.3125 -0.0999994
      vertex 0.25305 -0.3125 0.0999994
    endloop
  endfacet
  facet normal 0.999166 0.0408378 0
    outer loop
      vertex 0.25305 -0.3125 -0.0999994
      vertex 0.25315 -0.31495 0.0999994
      vertex 0.25315 -0.31495 -0.0999994
    endloop
  endfacet
  facet normal 0.792628 0.609705 0
    outer loop
      vertex 0.25305 -0.3125 0.0999994
      vertex 0.24305 -0.2995 -0.0999994
      vertex 0.24305 -0.2995 0.0999994
    endloop
  endfacet
  facet normal 0.792628 0.609705 0
    outer loop
      vertex 0.24305 -0.2995 -0.0999994
      vertex 0.25305 -0.3125 0.0999994
      vertex 0.25305 -0.3125 -0.0999994
    endloop
  endfacet
  facet normal 0.801939 0.597406 0
    outer loop
      vertex 0.24305 -0.2995 0.0999994
      vertex 0.24115 -0.296949 -0.0999994
      vertex 0.24115 -0.296949 0.0999994
    endloop
  endfacet
  facet normal 0.801939 0.597406 0
    outer loop
      vertex 0.24115 -0.296949 -0.0999994
      vertex 0.24305 -0.2995 0.0999994
      vertex 0.24305 -0.2995 -0.0999994
    endloop
  endfacet
  facet normal 0.736911 0.67599 0
    outer loop
      vertex 0.24115 -0.296949 0.0999994
      vertex 0.2406 -0.29635 -0.0999994
      vertex 0.2406 -0.29635 0.0999994
    endloop
  endfacet
  facet normal 0.736911 0.67599 0
    outer loop
      vertex 0.2406 -0.29635 -0.0999994
      vertex 0.24115 -0.296949 0.0999994
      vertex 0.24115 -0.296949 -0.0999994
    endloop
  endfacet
  facet normal 0.824789 0.565441 0
    outer loop
      vertex 0.2406 -0.29635 0.0999994
      vertex 0.2394 -0.2946 -0.0999994
      vertex 0.2394 -0.2946 0.0999994
    endloop
  endfacet
  facet normal 0.824789 0.565441 0
    outer loop
      vertex 0.2394 -0.2946 -0.0999994
      vertex 0.2406 -0.29635 0.0999994
      vertex 0.2406 -0.29635 -0.0999994
    endloop
  endfacet
  facet normal 0.705759 0.708452 -0
    outer loop
      vertex 0.2394 -0.2946 -0.0999994
      vertex 0.239149 -0.29435 0.0999994
      vertex 0.2394 -0.2946 0.0999994
    endloop
  endfacet
  facet normal 0.705759 0.708452 0
    outer loop
      vertex 0.239149 -0.29435 0.0999994
      vertex 0.2394 -0.2946 -0.0999994
      vertex 0.239149 -0.29435 -0.0999994
    endloop
  endfacet
  facet normal 0.788502 0.615032 0
    outer loop
      vertex 0.239149 -0.29435 0.0999994
      vertex 0.23755 -0.292299 -0.0999994
      vertex 0.23755 -0.292299 0.0999994
    endloop
  endfacet
  facet normal 0.788502 0.615032 0
    outer loop
      vertex 0.23755 -0.292299 -0.0999994
      vertex 0.239149 -0.29435 0.0999994
      vertex 0.239149 -0.29435 -0.0999994
    endloop
  endfacet
  facet normal 0.898286 0.439412 0
    outer loop
      vertex 0.23755 -0.292299 0.0999994
      vertex 0.233049 -0.283099 -0.0999994
      vertex 0.233049 -0.283099 0.0999994
    endloop
  endfacet
  facet normal 0.898286 0.439412 0
    outer loop
      vertex 0.233049 -0.283099 -0.0999994
      vertex 0.23755 -0.292299 0.0999994
      vertex 0.23755 -0.292299 -0.0999994
    endloop
  endfacet
  facet normal 0.978231 0.207521 0
    outer loop
      vertex 0.233049 -0.283099 0.0999994
      vertex 0.231299 -0.27485 -0.0999994
      vertex 0.231299 -0.27485 0.0999994
    endloop
  endfacet
  facet normal 0.978231 0.207521 0
    outer loop
      vertex 0.231299 -0.27485 -0.0999994
      vertex 0.233049 -0.283099 0.0999994
      vertex 0.233049 -0.283099 -0.0999994
    endloop
  endfacet
  facet normal 0.973846 0.22721 0
    outer loop
      vertex 0.231299 -0.27485 0.0999994
      vertex 0.229199 -0.265849 -0.0999994
      vertex 0.229199 -0.265849 0.0999994
    endloop
  endfacet
  facet normal 0.973846 0.22721 0
    outer loop
      vertex 0.229199 -0.265849 -0.0999994
      vertex 0.231299 -0.27485 0.0999994
      vertex 0.231299 -0.27485 -0.0999994
    endloop
  endfacet
  facet normal 0.979103 0.203363 0
    outer loop
      vertex 0.229199 -0.265849 0.0999994
      vertex 0.228649 -0.2632 -0.0999994
      vertex 0.228649 -0.2632 0.0999994
    endloop
  endfacet
  facet normal 0.979103 0.203363 0
    outer loop
      vertex 0.228649 -0.2632 -0.0999994
      vertex 0.229199 -0.265849 0.0999994
      vertex 0.229199 -0.265849 -0.0999994
    endloop
  endfacet
  facet normal 0.948884 0.315625 0
    outer loop
      vertex 0.228649 -0.2632 0.0999994
      vertex 0.228499 -0.26275 -0.0999994
      vertex 0.228499 -0.26275 0.0999994
    endloop
  endfacet
  facet normal 0.948884 0.315625 0
    outer loop
      vertex 0.228499 -0.26275 -0.0999994
      vertex 0.228649 -0.2632 0.0999994
      vertex 0.228649 -0.2632 -0.0999994
    endloop
  endfacet
  facet normal 0.785498 0.618864 0
    outer loop
      vertex 0.228499 -0.26275 0.0999994
      vertex 0.2272 -0.2611 -0.0999994
      vertex 0.2272 -0.2611 0.0999994
    endloop
  endfacet
  facet normal 0.785498 0.618864 0
    outer loop
      vertex 0.2272 -0.2611 -0.0999994
      vertex 0.228499 -0.26275 0.0999994
      vertex 0.228499 -0.26275 -0.0999994
    endloop
  endfacet
  facet normal 0.744381 0.667756 0
    outer loop
      vertex 0.2272 -0.2611 0.0999994
      vertex 0.214999 -0.247499 -0.0999994
      vertex 0.214999 -0.247499 0.0999994
    endloop
  endfacet
  facet normal 0.744381 0.667756 0
    outer loop
      vertex 0.214999 -0.247499 -0.0999994
      vertex 0.2272 -0.2611 0.0999994
      vertex 0.2272 -0.2611 -0.0999994
    endloop
  endfacet
  facet normal 0.765001 0.644029 0
    outer loop
      vertex 0.214999 -0.247499 0.0999994
      vertex 0.2134 -0.2456 -0.0999994
      vertex 0.2134 -0.2456 0.0999994
    endloop
  endfacet
  facet normal 0.765001 0.644029 0
    outer loop
      vertex 0.2134 -0.2456 -0.0999994
      vertex 0.214999 -0.247499 0.0999994
      vertex 0.214999 -0.247499 -0.0999994
    endloop
  endfacet
  facet normal 0.684144 0.729347 -0
    outer loop
      vertex 0.2134 -0.2456 -0.0999994
      vertex 0.2126 -0.244849 0.0999994
      vertex 0.2134 -0.2456 0.0999994
    endloop
  endfacet
  facet normal 0.684144 0.729347 0
    outer loop
      vertex 0.2126 -0.244849 0.0999994
      vertex 0.2134 -0.2456 -0.0999994
      vertex 0.2126 -0.244849 -0.0999994
    endloop
  endfacet
  facet normal 0.878116 0.478447 0
    outer loop
      vertex 0.2126 -0.244849 0.0999994
      vertex 0.20865 -0.237599 -0.0999994
      vertex 0.20865 -0.237599 0.0999994
    endloop
  endfacet
  facet normal 0.878116 0.478447 0
    outer loop
      vertex 0.20865 -0.237599 -0.0999994
      vertex 0.2126 -0.244849 0.0999994
      vertex 0.2126 -0.244849 -0.0999994
    endloop
  endfacet
  facet normal 0.766964 0.64169 0
    outer loop
      vertex 0.20865 -0.237599 0.0999994
      vertex 0.18995 -0.215249 -0.0999994
      vertex 0.18995 -0.215249 0.0999994
    endloop
  endfacet
  facet normal 0.766964 0.64169 0
    outer loop
      vertex 0.18995 -0.215249 -0.0999994
      vertex 0.20865 -0.237599 0.0999994
      vertex 0.20865 -0.237599 -0.0999994
    endloop
  endfacet
  facet normal 0.92864 -0.370983 0
    outer loop
      vertex 0.18995 -0.215249 0.0999994
      vertex 0.190249 -0.214499 -0.0999994
      vertex 0.190249 -0.214499 0.0999994
    endloop
  endfacet
  facet normal 0.92864 -0.370983 0
    outer loop
      vertex 0.190249 -0.214499 -0.0999994
      vertex 0.18995 -0.215249 0.0999994
      vertex 0.18995 -0.215249 -0.0999994
    endloop
  endfacet
  facet normal 0 1 -0
    outer loop
      vertex 0.190249 -0.214499 -0.0999994
      vertex 0.189449 -0.214499 0.0999994
      vertex 0.190249 -0.214499 0.0999994
    endloop
  endfacet
  facet normal 0 1 0
    outer loop
      vertex 0.189449 -0.214499 0.0999994
      vertex 0.190249 -0.214499 -0.0999994
      vertex 0.189449 -0.214499 -0.0999994
    endloop
  endfacet
  facet normal 0.998749 -0.0500089 0
    outer loop
      vertex 0.189449 -0.214499 0.0999994
      vertex 0.18965 -0.2105 -0.0999994
      vertex 0.18965 -0.2105 0.0999994
    endloop
  endfacet
  facet normal 0.998749 -0.0500089 0
    outer loop
      vertex 0.18965 -0.2105 -0.0999994
      vertex 0.189449 -0.214499 0.0999994
      vertex 0.189449 -0.214499 -0.0999994
    endloop
  endfacet
  facet normal 0 1 -0
    outer loop
      vertex 0.18965 -0.2105 -0.0999994
      vertex 0.18895 -0.2105 0.0999994
      vertex 0.18965 -0.2105 0.0999994
    endloop
  endfacet
  facet normal 0 1 0
    outer loop
      vertex 0.18895 -0.2105 0.0999994
      vertex 0.18965 -0.2105 -0.0999994
      vertex 0.18895 -0.2105 -0.0999994
    endloop
  endfacet
  facet normal 0.998367 -0.0571273 0
    outer loop
      vertex 0.18895 -0.2105 0.0999994
      vertex 0.18915 -0.207 -0.0999994
      vertex 0.18915 -0.207 0.0999994
    endloop
  endfacet
  facet normal 0.998367 -0.0571273 0
    outer loop
      vertex 0.18915 -0.207 -0.0999994
      vertex 0.18895 -0.2105 0.0999994
      vertex 0.18895 -0.2105 -0.0999994
    endloop
  endfacet
  facet normal 0 1 -0
    outer loop
      vertex 0.18915 -0.207 -0.0999994
      vertex 0.18845 -0.207 0.0999994
      vertex 0.18915 -0.207 0.0999994
    endloop
  endfacet
  facet normal 0 1 0
    outer loop
      vertex 0.18845 -0.207 0.0999994
      vertex 0.18915 -0.207 -0.0999994
      vertex 0.18845 -0.207 -0.0999994
    endloop
  endfacet
  facet normal 0.998382 -0.0568561 0
    outer loop
      vertex 0.18845 -0.207 0.0999994
      vertex 0.188649 -0.2035 -0.0999994
      vertex 0.188649 -0.2035 0.0999994
    endloop
  endfacet
  facet normal 0.998382 -0.0568561 0
    outer loop
      vertex 0.188649 -0.2035 -0.0999994
      vertex 0.18845 -0.207 0.0999994
      vertex 0.18845 -0.207 -0.0999994
    endloop
  endfacet
  facet normal 0 1 -0
    outer loop
      vertex 0.188649 -0.2035 -0.0999994
      vertex 0.187949 -0.2035 0.0999994
      vertex 0.188649 -0.2035 0.0999994
    endloop
  endfacet
  facet normal 0 1 0
    outer loop
      vertex 0.187949 -0.2035 0.0999994
      vertex 0.188649 -0.2035 -0.0999994
      vertex 0.187949 -0.2035 -0.0999994
    endloop
  endfacet
  facet normal 0.999075 -0.0430119 0
    outer loop
      vertex 0.187949 -0.2035 0.0999994
      vertex 0.1881 -0.2 -0.0999994
      vertex 0.1881 -0.2 0.0999994
    endloop
  endfacet
  facet normal 0.999075 -0.0430119 0
    outer loop
      vertex 0.1881 -0.2 -0.0999994
      vertex 0.187949 -0.2035 0.0999994
      vertex 0.187949 -0.2035 -0.0999994
    endloop
  endfacet
  facet normal 0.755721 0.654894 0
    outer loop
      vertex 0.1881 -0.2 0.0999994
      vertex 0.187449 -0.199249 -0.0999994
      vertex 0.187449 -0.199249 0.0999994
    endloop
  endfacet
  facet normal 0.755721 0.654894 0
    outer loop
      vertex 0.187449 -0.199249 -0.0999994
      vertex 0.1881 -0.2 0.0999994
      vertex 0.1881 -0.2 -0.0999994
    endloop
  endfacet
  facet normal 0.998107 -0.0615031 0
    outer loop
      vertex 0.187449 -0.199249 0.0999994
      vertex 0.18765 -0.195999 -0.0999994
      vertex 0.18765 -0.195999 0.0999994
    endloop
  endfacet
  facet normal 0.998107 -0.0615031 0
    outer loop
      vertex 0.18765 -0.195999 -0.0999994
      vertex 0.187449 -0.199249 0.0999994
      vertex 0.187449 -0.199249 -0.0999994
    endloop
  endfacet
  facet normal 0 1 -0
    outer loop
      vertex 0.18765 -0.195999 -0.0999994
      vertex 0.186999 -0.195999 0.0999994
      vertex 0.18765 -0.195999 0.0999994
    endloop
  endfacet
  facet normal 0 1 0
    outer loop
      vertex 0.186999 -0.195999 0.0999994
      vertex 0.18765 -0.195999 -0.0999994
      vertex 0.186999 -0.195999 -0.0999994
    endloop
  endfacet
  facet normal 1 -0 0
    outer loop
      vertex 0.186999 -0.195999 0.0999994
      vertex 0.186999 -0.193 -0.0999994
      vertex 0.186999 -0.193 0.0999994
    endloop
  endfacet
  facet normal 1 0 0
    outer loop
      vertex 0.186999 -0.193 -0.0999994
      vertex 0.186999 -0.195999 0.0999994
      vertex 0.186999 -0.195999 -0.0999994
    endloop
  endfacet
  facet normal 0 1 -0
    outer loop
      vertex 0.186999 -0.193 -0.0999994
      vertex 0.186449 -0.193 0.0999994
      vertex 0.186999 -0.193 0.0999994
    endloop
  endfacet
  facet normal 0 1 0
    outer loop
      vertex 0.186449 -0.193 0.0999994
      vertex 0.186999 -0.193 -0.0999994
      vertex 0.186449 -0.193 -0.0999994
    endloop
  endfacet
  facet normal 0.998367 -0.0571273 0
    outer loop
      vertex 0.186449 -0.193 0.0999994
      vertex 0.186649 -0.1895 -0.0999994
      vertex 0.186649 -0.1895 0.0999994
    endloop
  endfacet
  facet normal 0.998367 -0.0571273 0
    outer loop
      vertex 0.186649 -0.1895 -0.0999994
      vertex 0.186449 -0.193 0.0999994
      vertex 0.186449 -0.193 -0.0999994
    endloop
  endfacet
  facet normal 0 1 -0
    outer loop
      vertex 0.186649 -0.1895 -0.0999994
      vertex 0.186 -0.1895 0.0999994
      vertex 0.186649 -0.1895 0.0999994
    endloop
  endfacet
  facet normal 0 1 0
    outer loop
      vertex 0.186 -0.1895 0.0999994
      vertex 0.186649 -0.1895 -0.0999994
      vertex 0.186 -0.1895 -0.0999994
    endloop
  endfacet
  facet normal 1 -0 0
    outer loop
      vertex 0.186 -0.1895 0.0999994
      vertex 0.186 -0.186199 -0.0999994
      vertex 0.186 -0.186199 0.0999994
    endloop
  endfacet
  facet normal 1 0 0
    outer loop
      vertex 0.186 -0.186199 -0.0999994
      vertex 0.186 -0.1895 0.0999994
      vertex 0.186 -0.1895 -0.0999994
    endloop
  endfacet
  facet normal -0.644604 -0.764516 0
    outer loop
      vertex 0.186 -0.186199 -0.0999994
      vertex 0.212449 -0.2085 0.0999994
      vertex 0.186 -0.186199 0.0999994
    endloop
  endfacet
  facet normal -0.644604 -0.764516 -0
    outer loop
      vertex 0.212449 -0.2085 0.0999994
      vertex 0.186 -0.186199 -0.0999994
      vertex 0.212449 -0.2085 -0.0999994
    endloop
  endfacet
  facet normal -0.415601 -0.909547 0
    outer loop
      vertex 0.212449 -0.2085 -0.0999994
      vertex 0.221749 -0.212749 0.0999994
      vertex 0.212449 -0.2085 0.0999994
    endloop
  endfacet
  facet normal -0.415601 -0.909547 -0
    outer loop
      vertex 0.221749 -0.212749 0.0999994
      vertex 0.212449 -0.2085 -0.0999994
      vertex 0.221749 -0.212749 -0.0999994
    endloop
  endfacet
  facet normal -0.684743 -0.728785 0
    outer loop
      vertex 0.221749 -0.212749 -0.0999994
      vertex 0.2259 -0.216649 0.0999994
      vertex 0.221749 -0.212749 0.0999994
    endloop
  endfacet
  facet normal -0.684743 -0.728785 -0
    outer loop
      vertex 0.2259 -0.216649 0.0999994
      vertex 0.221749 -0.212749 -0.0999994
      vertex 0.2259 -0.216649 -0.0999994
    endloop
  endfacet
  facet normal -0.678298 -0.734787 0
    outer loop
      vertex 0.2259 -0.216649 -0.0999994
      vertex 0.22915 -0.219649 0.0999994
      vertex 0.2259 -0.216649 0.0999994
    endloop
  endfacet
  facet normal -0.678298 -0.734787 -0
    outer loop
      vertex 0.22915 -0.219649 0.0999994
      vertex 0.2259 -0.216649 -0.0999994
      vertex 0.22915 -0.219649 -0.0999994
    endloop
  endfacet
  facet normal -0.679312 -0.733849 0
    outer loop
      vertex 0.22915 -0.219649 -0.0999994
      vertex 0.232499 -0.22275 0.0999994
      vertex 0.22915 -0.219649 0.0999994
    endloop
  endfacet
  facet normal -0.679312 -0.733849 -0
    outer loop
      vertex 0.232499 -0.22275 0.0999994
      vertex 0.22915 -0.219649 -0.0999994
      vertex 0.232499 -0.22275 -0.0999994
    endloop
  endfacet
  facet normal -0.668913 -0.743341 0
    outer loop
      vertex 0.232499 -0.22275 -0.0999994
      vertex 0.235499 -0.22545 0.0999994
      vertex 0.232499 -0.22275 0.0999994
    endloop
  endfacet
  facet normal -0.668913 -0.743341 -0
    outer loop
      vertex 0.235499 -0.22545 0.0999994
      vertex 0.232499 -0.22275 -0.0999994
      vertex 0.235499 -0.22545 -0.0999994
    endloop
  endfacet
  facet normal -0.673601 -0.739095 0
    outer loop
      vertex 0.235499 -0.22545 -0.0999994
      vertex 0.2372 -0.226999 0.0999994
      vertex 0.235499 -0.22545 0.0999994
    endloop
  endfacet
  facet normal -0.673601 -0.739095 -0
    outer loop
      vertex 0.2372 -0.226999 0.0999994
      vertex 0.235499 -0.22545 -0.0999994
      vertex 0.2372 -0.226999 -0.0999994
    endloop
  endfacet
  facet normal -0.640784 -0.767721 0
    outer loop
      vertex 0.2372 -0.226999 -0.0999994
      vertex 0.2378 -0.2275 0.0999994
      vertex 0.2372 -0.226999 0.0999994
    endloop
  endfacet
  facet normal -0.640784 -0.767721 -0
    outer loop
      vertex 0.2378 -0.2275 0.0999994
      vertex 0.2372 -0.226999 -0.0999994
      vertex 0.2378 -0.2275 -0.0999994
    endloop
  endfacet
  facet normal 0.531633 -0.846975 0
    outer loop
      vertex 0.2378 -0.2275 -0.0999994
      vertex 0.238199 -0.227249 0.0999994
      vertex 0.2378 -0.2275 0.0999994
    endloop
  endfacet
  facet normal 0.531633 -0.846975 0
    outer loop
      vertex 0.238199 -0.227249 0.0999994
      vertex 0.2378 -0.2275 -0.0999994
      vertex 0.238199 -0.227249 -0.0999994
    endloop
  endfacet
  facet normal -0.178919 -0.983864 0
    outer loop
      vertex 0.238199 -0.227249 -0.0999994
      vertex 0.24315 -0.228149 0.0999994
      vertex 0.238199 -0.227249 0.0999994
    endloop
  endfacet
  facet normal -0.178919 -0.983864 -0
    outer loop
      vertex 0.24315 -0.228149 0.0999994
      vertex 0.238199 -0.227249 -0.0999994
      vertex 0.24315 -0.228149 -0.0999994
    endloop
  endfacet
  facet normal -0.0852471 -0.99636 0
    outer loop
      vertex 0.24315 -0.228149 -0.0999994
      vertex 0.2449 -0.228299 0.0999994
      vertex 0.24315 -0.228149 0.0999994
    endloop
  endfacet
  facet normal -0.0852471 -0.99636 -0
    outer loop
      vertex 0.2449 -0.228299 0.0999994
      vertex 0.24315 -0.228149 -0.0999994
      vertex 0.2449 -0.228299 -0.0999994
    endloop
  endfacet
  facet normal -0.242657 -0.970112 0
    outer loop
      vertex 0.2449 -0.228299 -0.0999994
      vertex 0.246699 -0.228749 0.0999994
      vertex 0.2449 -0.228299 0.0999994
    endloop
  endfacet
  facet normal -0.242657 -0.970112 -0
    outer loop
      vertex 0.246699 -0.228749 0.0999994
      vertex 0.2449 -0.228299 -0.0999994
      vertex 0.246699 -0.228749 -0.0999994
    endloop
  endfacet
  facet normal -0.134087 -0.99097 0
    outer loop
      vertex 0.246699 -0.228749 -0.0999994
      vertex 0.2504 -0.22925 0.0999994
      vertex 0.246699 -0.228749 0.0999994
    endloop
  endfacet
  facet normal -0.134087 -0.99097 -0
    outer loop
      vertex 0.2504 -0.22925 0.0999994
      vertex 0.246699 -0.228749 -0.0999994
      vertex 0.2504 -0.22925 -0.0999994
    endloop
  endfacet
  facet normal -0.168927 -0.985629 0
    outer loop
      vertex 0.2504 -0.22925 -0.0999994
      vertex 0.2539 -0.22985 0.0999994
      vertex 0.2504 -0.22925 0.0999994
    endloop
  endfacet
  facet normal -0.168927 -0.985629 -0
    outer loop
      vertex 0.2539 -0.22985 0.0999994
      vertex 0.2504 -0.22925 -0.0999994
      vertex 0.2539 -0.22985 -0.0999994
    endloop
  endfacet
  facet normal 0.196476 -0.980509 0
    outer loop
      vertex 0.2539 -0.22985 -0.0999994
      vertex 0.254399 -0.22975 0.0999994
      vertex 0.2539 -0.22985 0.0999994
    endloop
  endfacet
  facet normal 0.196476 -0.980509 0
    outer loop
      vertex 0.254399 -0.22975 0.0999994
      vertex 0.2539 -0.22985 -0.0999994
      vertex 0.254399 -0.22975 -0.0999994
    endloop
  endfacet
  facet normal -0.493717 -0.869623 0
    outer loop
      vertex 0.254399 -0.22975 -0.0999994
      vertex 0.26215 -0.23415 0.0999994
      vertex 0.254399 -0.22975 0.0999994
    endloop
  endfacet
  facet normal -0.493717 -0.869623 -0
    outer loop
      vertex 0.26215 -0.23415 0.0999994
      vertex 0.254399 -0.22975 -0.0999994
      vertex 0.26215 -0.23415 -0.0999994
    endloop
  endfacet
  facet normal -0.35107 -0.936349 0
    outer loop
      vertex 0.26215 -0.23415 -0.0999994
      vertex 0.27135 -0.237599 0.0999994
      vertex 0.26215 -0.23415 0.0999994
    endloop
  endfacet
  facet normal -0.35107 -0.936349 -0
    outer loop
      vertex 0.27135 -0.237599 0.0999994
      vertex 0.26215 -0.23415 -0.0999994
      vertex 0.27135 -0.237599 -0.0999994
    endloop
  endfacet
  facet normal -0.594597 -0.804024 0
    outer loop
      vertex 0.27135 -0.237599 -0.0999994
      vertex 0.273649 -0.2393 0.0999994
      vertex 0.27135 -0.237599 0.0999994
    endloop
  endfacet
  facet normal -0.594597 -0.804024 -0
    outer loop
      vertex 0.273649 -0.2393 0.0999994
      vertex 0.27135 -0.237599 -0.0999994
      vertex 0.273649 -0.2393 -0.0999994
    endloop
  endfacet
  facet normal -0.692807 -0.721123 0
    outer loop
      vertex 0.273649 -0.2393 -0.0999994
      vertex 0.276199 -0.24175 0.0999994
      vertex 0.273649 -0.2393 0.0999994
    endloop
  endfacet
  facet normal -0.692807 -0.721123 -0
    outer loop
      vertex 0.276199 -0.24175 0.0999994
      vertex 0.273649 -0.2393 -0.0999994
      vertex 0.276199 -0.24175 -0.0999994
    endloop
  endfacet
  facet normal 0 -1 0
    outer loop
      vertex 0.276199 -0.24175 -0.0999994
      vertex 0.276649 -0.24175 0.0999994
      vertex 0.276199 -0.24175 0.0999994
    endloop
  endfacet
  facet normal 0 -1 -0
    outer loop
      vertex 0.276649 -0.24175 0.0999994
      vertex 0.276199 -0.24175 -0.0999994
      vertex 0.276649 -0.24175 -0.0999994
    endloop
  endfacet
  facet normal -0.68659 -0.727045 0
    outer loop
      vertex 0.276649 -0.24175 -0.0999994
      vertex 0.278449 -0.243449 0.0999994
      vertex 0.276649 -0.24175 0.0999994
    endloop
  endfacet
  facet normal -0.68659 -0.727045 -0
    outer loop
      vertex 0.278449 -0.243449 0.0999994
      vertex 0.276649 -0.24175 -0.0999994
      vertex 0.278449 -0.243449 -0.0999994
    endloop
  endfacet
  facet normal -0.613825 -0.789442 0
    outer loop
      vertex 0.278449 -0.243449 -0.0999994
      vertex 0.28115 -0.245549 0.0999994
      vertex 0.278449 -0.243449 0.0999994
    endloop
  endfacet
  facet normal -0.613825 -0.789442 -0
    outer loop
      vertex 0.28115 -0.245549 0.0999994
      vertex 0.278449 -0.243449 -0.0999994
      vertex 0.28115 -0.245549 -0.0999994
    endloop
  endfacet
  facet normal -0.894427 -0.447214 0
    outer loop
      vertex 0.2815 -0.246249 -0.0999994
      vertex 0.28115 -0.245549 0.0999994
      vertex 0.28115 -0.245549 -0.0999994
    endloop
  endfacet
  facet normal -0.894427 -0.447214 0
    outer loop
      vertex 0.28115 -0.245549 0.0999994
      vertex 0.2815 -0.246249 -0.0999994
      vertex 0.2815 -0.246249 0.0999994
    endloop
  endfacet
  facet normal 0 -1 0
    outer loop
      vertex 0.2815 -0.246249 -0.0999994
      vertex 0.2821 -0.246249 0.0999994
      vertex 0.2815 -0.246249 0.0999994
    endloop
  endfacet
  facet normal 0 -1 -0
    outer loop
      vertex 0.2821 -0.246249 0.0999994
      vertex 0.2815 -0.246249 -0.0999994
      vertex 0.2821 -0.246249 -0.0999994
    endloop
  endfacet
  facet normal -0.679506 -0.73367 0
    outer loop
      vertex 0.2821 -0.246249 -0.0999994
      vertex 0.2848 -0.24875 0.0999994
      vertex 0.2821 -0.246249 0.0999994
    endloop
  endfacet
  facet normal -0.679506 -0.73367 -0
    outer loop
      vertex 0.2848 -0.24875 0.0999994
      vertex 0.2821 -0.246249 -0.0999994
      vertex 0.2848 -0.24875 -0.0999994
    endloop
  endfacet
  facet normal 0 -1 0
    outer loop
      vertex 0.2848 -0.24875 -0.0999994
      vertex 0.28515 -0.24875 0.0999994
      vertex 0.2848 -0.24875 0.0999994
    endloop
  endfacet
  facet normal 0 -1 -0
    outer loop
      vertex 0.28515 -0.24875 0.0999994
      vertex 0.2848 -0.24875 -0.0999994
      vertex 0.28515 -0.24875 -0.0999994
    endloop
  endfacet
  facet normal -0.672625 -0.739984 0
    outer loop
      vertex 0.28515 -0.24875 -0.0999994
      vertex 0.28735 -0.25075 0.0999994
      vertex 0.28515 -0.24875 0.0999994
    endloop
  endfacet
  facet normal -0.672625 -0.739984 -0
    outer loop
      vertex 0.28735 -0.25075 0.0999994
      vertex 0.28515 -0.24875 -0.0999994
      vertex 0.28735 -0.25075 -0.0999994
    endloop
  endfacet
  facet normal 0 -1 0
    outer loop
      vertex 0.28735 -0.25075 -0.0999994
      vertex 0.300449 -0.25075 0.0999994
      vertex 0.28735 -0.25075 0.0999994
    endloop
  endfacet
  facet normal 0 -1 -0
    outer loop
      vertex 0.300449 -0.25075 0.0999994
      vertex 0.28735 -0.25075 -0.0999994
      vertex 0.300449 -0.25075 -0.0999994
    endloop
  endfacet
  facet normal -0.500343 -0.865828 0
    outer loop
      vertex 0.300449 -0.25075 -0.0999994
      vertex 0.310399 -0.256499 0.0999994
      vertex 0.300449 -0.25075 0.0999994
    endloop
  endfacet
  facet normal -0.500343 -0.865828 -0
    outer loop
      vertex 0.310399 -0.256499 0.0999994
      vertex 0.300449 -0.25075 -0.0999994
      vertex 0.310399 -0.256499 -0.0999994
    endloop
  endfacet
  facet normal -0.514556 -0.857457 0
    outer loop
      vertex 0.310399 -0.256499 -0.0999994
      vertex 0.3124 -0.2577 0.0999994
      vertex 0.310399 -0.256499 0.0999994
    endloop
  endfacet
  facet normal -0.514556 -0.857457 -0
    outer loop
      vertex 0.3124 -0.2577 0.0999994
      vertex 0.310399 -0.256499 -0.0999994
      vertex 0.3124 -0.2577 -0.0999994
    endloop
  endfacet
  facet normal -0.0466176 -0.998913 0
    outer loop
      vertex 0.3124 -0.2577 -0.0999994
      vertex 0.3199 -0.25805 0.0999994
      vertex 0.3124 -0.2577 0.0999994
    endloop
  endfacet
  facet normal -0.0466176 -0.998913 -0
    outer loop
      vertex 0.3199 -0.25805 0.0999994
      vertex 0.3124 -0.2577 -0.0999994
      vertex 0.3199 -0.25805 -0.0999994
    endloop
  endfacet
  facet normal -0.195876 -0.980629 0
    outer loop
      vertex 0.3199 -0.25805 -0.0999994
      vertex 0.320649 -0.2582 0.0999994
      vertex 0.3199 -0.25805 0.0999994
    endloop
  endfacet
  facet normal -0.195876 -0.980629 -0
    outer loop
      vertex 0.320649 -0.2582 0.0999994
      vertex 0.3199 -0.25805 -0.0999994
      vertex 0.320649 -0.2582 -0.0999994
    endloop
  endfacet
  facet normal -0.039968 -0.999201 0
    outer loop
      vertex 0.320649 -0.2582 -0.0999994
      vertex 0.329399 -0.25855 0.0999994
      vertex 0.320649 -0.2582 0.0999994
    endloop
  endfacet
  facet normal -0.039968 -0.999201 -0
    outer loop
      vertex 0.329399 -0.25855 0.0999994
      vertex 0.320649 -0.2582 -0.0999994
      vertex 0.329399 -0.25855 -0.0999994
    endloop
  endfacet
  facet normal -0.496648 -0.867952 0
    outer loop
      vertex 0.329399 -0.25855 -0.0999994
      vertex 0.329749 -0.25875 0.0999994
      vertex 0.329399 -0.25855 0.0999994
    endloop
  endfacet
  facet normal -0.496648 -0.867952 -0
    outer loop
      vertex 0.329749 -0.25875 0.0999994
      vertex 0.329399 -0.25855 -0.0999994
      vertex 0.329749 -0.25875 -0.0999994
    endloop
  endfacet
  facet normal 0 -1 0
    outer loop
      vertex 0.329749 -0.25875 -0.0999994
      vertex 0.3369 -0.25875 0.0999994
      vertex 0.329749 -0.25875 0.0999994
    endloop
  endfacet
  facet normal 0 -1 -0
    outer loop
      vertex 0.3369 -0.25875 0.0999994
      vertex 0.329749 -0.25875 -0.0999994
      vertex 0.3369 -0.25875 -0.0999994
    endloop
  endfacet
  facet normal -0.134866 -0.990864 0
    outer loop
      vertex 0.3369 -0.25875 -0.0999994
      vertex 0.356 -0.26135 0.0999994
      vertex 0.3369 -0.25875 0.0999994
    endloop
  endfacet
  facet normal -0.134866 -0.990864 -0
    outer loop
      vertex 0.356 -0.26135 0.0999994
      vertex 0.3369 -0.25875 -0.0999994
      vertex 0.356 -0.26135 -0.0999994
    endloop
  endfacet
  facet normal -0.120775 -0.99268 0
    outer loop
      vertex 0.356 -0.26135 -0.0999994
      vertex 0.3634 -0.26225 0.0999994
      vertex 0.356 -0.26135 0.0999994
    endloop
  endfacet
  facet normal -0.120775 -0.99268 -0
    outer loop
      vertex 0.3634 -0.26225 0.0999994
      vertex 0.356 -0.26135 -0.0999994
      vertex 0.3634 -0.26225 -0.0999994
    endloop
  endfacet
  facet normal -0.0123977 -0.999923 0
    outer loop
      vertex 0.3634 -0.26225 -0.0999994
      vertex 0.367399 -0.2623 0.0999994
      vertex 0.3634 -0.26225 0.0999994
    endloop
  endfacet
  facet normal -0.0123977 -0.999923 -0
    outer loop
      vertex 0.367399 -0.2623 0.0999994
      vertex 0.3634 -0.26225 -0.0999994
      vertex 0.367399 -0.2623 -0.0999994
    endloop
  endfacet
  facet normal -0.110362 -0.993891 0
    outer loop
      vertex 0.367399 -0.2623 -0.0999994
      vertex 0.3719 -0.262799 0.0999994
      vertex 0.367399 -0.2623 0.0999994
    endloop
  endfacet
  facet normal -0.110362 -0.993891 -0
    outer loop
      vertex 0.3719 -0.262799 0.0999994
      vertex 0.367399 -0.2623 -0.0999994
      vertex 0.3719 -0.262799 -0.0999994
    endloop
  endfacet
  facet normal 0 -1 0
    outer loop
      vertex 0.3719 -0.262799 -0.0999994
      vertex 0.375099 -0.262799 0.0999994
      vertex 0.3719 -0.262799 0.0999994
    endloop
  endfacet
  facet normal 0 -1 -0
    outer loop
      vertex 0.375099 -0.262799 0.0999994
      vertex 0.3719 -0.262799 -0.0999994
      vertex 0.375099 -0.262799 -0.0999994
    endloop
  endfacet
  facet normal -0.481951 -0.876198 0
    outer loop
      vertex 0.375099 -0.262799 -0.0999994
      vertex 0.3761 -0.26335 0.0999994
      vertex 0.375099 -0.262799 0.0999994
    endloop
  endfacet
  facet normal -0.481951 -0.876198 -0
    outer loop
      vertex 0.3761 -0.26335 0.0999994
      vertex 0.375099 -0.262799 -0.0999994
      vertex 0.3761 -0.26335 -0.0999994
    endloop
  endfacet
  facet normal 0.0609995 -0.998138 0
    outer loop
      vertex 0.3761 -0.26335 -0.0999994
      vertex 0.37855 -0.2632 0.0999994
      vertex 0.3761 -0.26335 0.0999994
    endloop
  endfacet
  facet normal 0.0609995 -0.998138 0
    outer loop
      vertex 0.37855 -0.2632 0.0999994
      vertex 0.3761 -0.26335 -0.0999994
      vertex 0.37855 -0.2632 -0.0999994
    endloop
  endfacet
  facet normal -0.654821 -0.755784 0
    outer loop
      vertex 0.37855 -0.2632 -0.0999994
      vertex 0.379299 -0.263849 0.0999994
      vertex 0.37855 -0.2632 0.0999994
    endloop
  endfacet
  facet normal -0.654821 -0.755784 -0
    outer loop
      vertex 0.379299 -0.263849 0.0999994
      vertex 0.37855 -0.2632 -0.0999994
      vertex 0.379299 -0.263849 -0.0999994
    endloop
  endfacet
  facet normal 0.0663787 -0.997795 0
    outer loop
      vertex 0.379299 -0.263849 -0.0999994
      vertex 0.38155 -0.2637 0.0999994
      vertex 0.379299 -0.263849 0.0999994
    endloop
  endfacet
  facet normal 0.0663787 -0.997795 0
    outer loop
      vertex 0.38155 -0.2637 0.0999994
      vertex 0.379299 -0.263849 -0.0999994
      vertex 0.38155 -0.2637 -0.0999994
    endloop
  endfacet
  facet normal -0.655369 -0.755308 0
    outer loop
      vertex 0.38155 -0.2637 -0.0999994
      vertex 0.382299 -0.26435 0.0999994
      vertex 0.38155 -0.2637 0.0999994
    endloop
  endfacet
  facet normal -0.655369 -0.755308 -0
    outer loop
      vertex 0.382299 -0.26435 0.0999994
      vertex 0.38155 -0.2637 -0.0999994
      vertex 0.382299 -0.26435 -0.0999994
    endloop
  endfacet
  facet normal 0.0668278 -0.997765 0
    outer loop
      vertex 0.382299 -0.26435 -0.0999994
      vertex 0.384549 -0.264199 0.0999994
      vertex 0.382299 -0.26435 0.0999994
    endloop
  endfacet
  facet normal 0.0668278 -0.997765 0
    outer loop
      vertex 0.384549 -0.264199 0.0999994
      vertex 0.382299 -0.26435 -0.0999994
      vertex 0.384549 -0.264199 -0.0999994
    endloop
  endfacet
  facet normal -0.677967 -0.735093 0
    outer loop
      vertex 0.384549 -0.264199 -0.0999994
      vertex 0.3852 -0.264799 0.0999994
      vertex 0.384549 -0.264199 0.0999994
    endloop
  endfacet
  facet normal -0.677967 -0.735093 -0
    outer loop
      vertex 0.3852 -0.264799 0.0999994
      vertex 0.384549 -0.264199 -0.0999994
      vertex 0.3852 -0.264799 -0.0999994
    endloop
  endfacet
  facet normal -0.0192519 -0.999815 0
    outer loop
      vertex 0.3852 -0.264799 -0.0999994
      vertex 0.3904 -0.264899 0.0999994
      vertex 0.3852 -0.264799 0.0999994
    endloop
  endfacet
  facet normal -0.0192519 -0.999815 -0
    outer loop
      vertex 0.3904 -0.264899 0.0999994
      vertex 0.3852 -0.264799 -0.0999994
      vertex 0.3904 -0.264899 -0.0999994
    endloop
  endfacet
  facet normal -0.196116 -0.980581 0
    outer loop
      vertex 0.3904 -0.264899 -0.0999994
      vertex 0.39215 -0.265249 0.0999994
      vertex 0.3904 -0.264899 0.0999994
    endloop
  endfacet
  facet normal -0.196116 -0.980581 -0
    outer loop
      vertex 0.39215 -0.265249 0.0999994
      vertex 0.3904 -0.264899 -0.0999994
      vertex 0.39215 -0.265249 -0.0999994
    endloop
  endfacet
  facet normal 0 -1 0
    outer loop
      vertex 0.39215 -0.265249 -0.0999994
      vertex 0.3979 -0.265249 0.0999994
      vertex 0.39215 -0.265249 0.0999994
    endloop
  endfacet
  facet normal 0 -1 -0
    outer loop
      vertex 0.3979 -0.265249 0.0999994
      vertex 0.39215 -0.265249 -0.0999994
      vertex 0.3979 -0.265249 -0.0999994
    endloop
  endfacet
  facet normal -0.299962 -0.953951 0
    outer loop
      vertex 0.3979 -0.265249 -0.0999994
      vertex 0.39965 -0.2658 0.0999994
      vertex 0.3979 -0.265249 0.0999994
    endloop
  endfacet
  facet normal -0.299962 -0.953951 -0
    outer loop
      vertex 0.39965 -0.2658 0.0999994
      vertex 0.3979 -0.265249 -0.0999994
      vertex 0.39965 -0.2658 -0.0999994
    endloop
  endfacet
  facet normal 0.00793505 -0.999969 0
    outer loop
      vertex 0.39965 -0.2658 -0.0999994
      vertex 0.405899 -0.26575 0.0999994
      vertex 0.39965 -0.2658 0.0999994
    endloop
  endfacet
  facet normal 0.00793505 -0.999969 0
    outer loop
      vertex 0.405899 -0.26575 0.0999994
      vertex 0.39965 -0.2658 -0.0999994
      vertex 0.405899 -0.26575 -0.0999994
    endloop
  endfacet
  facet normal -0.274444 -0.961603 0
    outer loop
      vertex 0.405899 -0.26575 -0.0999994
      vertex 0.40765 -0.26625 0.0999994
      vertex 0.405899 -0.26575 0.0999994
    endloop
  endfacet
  facet normal -0.274444 -0.961603 -0
    outer loop
      vertex 0.40765 -0.26625 0.0999994
      vertex 0.405899 -0.26575 -0.0999994
      vertex 0.40765 -0.26625 -0.0999994
    endloop
  endfacet
  facet normal 0 -1 0
    outer loop
      vertex 0.40765 -0.26625 -0.0999994
      vertex 0.412649 -0.26625 0.0999994
      vertex 0.40765 -0.26625 0.0999994
    endloop
  endfacet
  facet normal 0 -1 -0
    outer loop
      vertex 0.412649 -0.26625 0.0999994
      vertex 0.40765 -0.26625 -0.0999994
      vertex 0.412649 -0.26625 -0.0999994
    endloop
  endfacet
  facet normal 0.308421 -0.95125 0
    outer loop
      vertex 0.412649 -0.26625 -0.0999994
      vertex 0.414499 -0.26565 0.0999994
      vertex 0.412649 -0.26625 0.0999994
    endloop
  endfacet
  facet normal 0.308421 -0.95125 0
    outer loop
      vertex 0.414499 -0.26565 0.0999994
      vertex 0.412649 -0.26625 -0.0999994
      vertex 0.414499 -0.26565 -0.0999994
    endloop
  endfacet
  facet normal 1 -0 0
    outer loop
      vertex 0.414499 -0.26565 0.0999994
      vertex 0.414499 -0.265249 -0.0999994
      vertex 0.414499 -0.265249 0.0999994
    endloop
  endfacet
  facet normal 1 0 0
    outer loop
      vertex 0.414499 -0.265249 -0.0999994
      vertex 0.414499 -0.26565 0.0999994
      vertex 0.414499 -0.26565 -0.0999994
    endloop
  endfacet
  facet normal 0 -1 0
    outer loop
      vertex 0.414499 -0.265249 -0.0999994
      vertex 0.4155 -0.265249 0.0999994
      vertex 0.414499 -0.265249 0.0999994
    endloop
  endfacet
  facet normal 0 -1 -0
    outer loop
      vertex 0.4155 -0.265249 0.0999994
      vertex 0.414499 -0.265249 -0.0999994
      vertex 0.4155 -0.265249 -0.0999994
    endloop
  endfacet
  facet normal 1 -0 0
    outer loop
      vertex 0.4155 -0.265249 0.0999994
      vertex 0.4155 -0.26485 -0.0999994
      vertex 0.4155 -0.26485 0.0999994
    endloop
  endfacet
  facet normal 1 0 0
    outer loop
      vertex 0.4155 -0.26485 -0.0999994
      vertex 0.4155 -0.265249 0.0999994
      vertex 0.4155 -0.265249 -0.0999994
    endloop
  endfacet
  facet normal 0.406198 -0.913785 0
    outer loop
      vertex 0.4155 -0.26485 -0.0999994
      vertex 0.416849 -0.26425 0.0999994
      vertex 0.4155 -0.26485 0.0999994
    endloop
  endfacet
  facet normal 0.406198 -0.913785 0
    outer loop
      vertex 0.416849 -0.26425 0.0999994
      vertex 0.4155 -0.26485 -0.0999994
      vertex 0.416849 -0.26425 -0.0999994
    endloop
  endfacet
  facet normal 0 -1 0
    outer loop
      vertex 0.416849 -0.26425 -0.0999994
      vertex 0.41725 -0.26425 0.0999994
      vertex 0.416849 -0.26425 0.0999994
    endloop
  endfacet
  facet normal 0 -1 -0
    outer loop
      vertex 0.41725 -0.26425 0.0999994
      vertex 0.416849 -0.26425 -0.0999994
      vertex 0.41725 -0.26425 -0.0999994
    endloop
  endfacet
  facet normal 0.418273 -0.908321 0
    outer loop
      vertex 0.41725 -0.26425 -0.0999994
      vertex 0.4204 -0.262799 0.0999994
      vertex 0.41725 -0.26425 0.0999994
    endloop
  endfacet
  facet normal 0.418273 -0.908321 0
    outer loop
      vertex 0.4204 -0.262799 0.0999994
      vertex 0.41725 -0.26425 -0.0999994
      vertex 0.4204 -0.262799 -0.0999994
    endloop
  endfacet
  facet normal 0.164297 -0.986411 0
    outer loop
      vertex 0.4204 -0.262799 -0.0999994
      vertex 0.4234 -0.2623 0.0999994
      vertex 0.4204 -0.262799 0.0999994
    endloop
  endfacet
  facet normal 0.164297 -0.986411 0
    outer loop
      vertex 0.4234 -0.2623 0.0999994
      vertex 0.4204 -0.262799 -0.0999994
      vertex 0.4234 -0.2623 -0.0999994
    endloop
  endfacet
  facet normal 0.130143 -0.991495 0
    outer loop
      vertex 0.4234 -0.2623 -0.0999994
      vertex 0.431399 -0.26125 0.0999994
      vertex 0.4234 -0.2623 0.0999994
    endloop
  endfacet
  facet normal 0.130143 -0.991495 0
    outer loop
      vertex 0.431399 -0.26125 0.0999994
      vertex 0.4234 -0.2623 -0.0999994
      vertex 0.431399 -0.26125 -0.0999994
    endloop
  endfacet
  facet normal 0.104243 -0.994552 0
    outer loop
      vertex 0.431399 -0.26125 -0.0999994
      vertex 0.436649 -0.260699 0.0999994
      vertex 0.431399 -0.26125 0.0999994
    endloop
  endfacet
  facet normal 0.104243 -0.994552 0
    outer loop
      vertex 0.436649 -0.260699 0.0999994
      vertex 0.431399 -0.26125 -0.0999994
      vertex 0.436649 -0.260699 -0.0999994
    endloop
  endfacet
  facet normal 0.244427 -0.969668 0
    outer loop
      vertex 0.436649 -0.260699 -0.0999994
      vertex 0.4424 -0.25925 0.0999994
      vertex 0.436649 -0.260699 0.0999994
    endloop
  endfacet
  facet normal 0.244427 -0.969668 0
    outer loop
      vertex 0.4424 -0.25925 0.0999994
      vertex 0.436649 -0.260699 -0.0999994
      vertex 0.4424 -0.25925 -0.0999994
    endloop
  endfacet
  facet normal 0 -1 0
    outer loop
      vertex 0.4424 -0.25925 -0.0999994
      vertex 0.44395 -0.25925 0.0999994
      vertex 0.4424 -0.25925 0.0999994
    endloop
  endfacet
  facet normal 0 -1 -0
    outer loop
      vertex 0.44395 -0.25925 0.0999994
      vertex 0.4424 -0.25925 -0.0999994
      vertex 0.44395 -0.25925 -0.0999994
    endloop
  endfacet
  facet normal 0.351287 -0.936268 0
    outer loop
      vertex 0.44395 -0.25925 -0.0999994
      vertex 0.445149 -0.2588 0.0999994
      vertex 0.44395 -0.25925 0.0999994
    endloop
  endfacet
  facet normal 0.351287 -0.936268 0
    outer loop
      vertex 0.445149 -0.2588 0.0999994
      vertex 0.44395 -0.25925 -0.0999994
      vertex 0.445149 -0.2588 -0.0999994
    endloop
  endfacet
  facet normal 0.132356 -0.991202 0
    outer loop
      vertex 0.445149 -0.2588 -0.0999994
      vertex 0.447399 -0.258499 0.0999994
      vertex 0.445149 -0.2588 0.0999994
    endloop
  endfacet
  facet normal 0.132356 -0.991202 0
    outer loop
      vertex 0.447399 -0.258499 0.0999994
      vertex 0.445149 -0.2588 -0.0999994
      vertex 0.447399 -0.258499 -0.0999994
    endloop
  endfacet
  facet normal 0.167076 -0.985944 0
    outer loop
      vertex 0.447399 -0.258499 -0.0999994
      vertex 0.46215 -0.256 0.0999994
      vertex 0.447399 -0.258499 0.0999994
    endloop
  endfacet
  facet normal 0.167076 -0.985944 0
    outer loop
      vertex 0.46215 -0.256 0.0999994
      vertex 0.447399 -0.258499 -0.0999994
      vertex 0.46215 -0.256 -0.0999994
    endloop
  endfacet
  facet normal 0 -1 0
    outer loop
      vertex 0.46215 -0.256 -0.0999994
      vertex 0.474999 -0.256 0.0999994
      vertex 0.46215 -0.256 0.0999994
    endloop
  endfacet
  facet normal 0 -1 -0
    outer loop
      vertex 0.474999 -0.256 0.0999994
      vertex 0.46215 -0.256 -0.0999994
      vertex 0.474999 -0.256 -0.0999994
    endloop
  endfacet
  facet normal 1 -0 0
    outer loop
      vertex 0.474999 -0.256 0.0999994
      vertex 0.474999 -0.0499992 -0.0999994
      vertex 0.474999 -0.0499992 0.0999994
    endloop
  endfacet
  facet normal 1 0 0
    outer loop
      vertex 0.474999 -0.0499992 -0.0999994
      vertex 0.474999 -0.256 0.0999994
      vertex 0.474999 -0.256 -0.0999994
    endloop
  endfacet
  facet normal 0 1 -0
    outer loop
      vertex 0.474999 -0.0499992 -0.0999994
      vertex 0.462549 -0.0499992 0.0999994
      vertex 0.474999 -0.0499992 0.0999994
    endloop
  endfacet
  facet normal 0 1 0
    outer loop
      vertex 0.462549 -0.0499992 0.0999994
      vertex 0.474999 -0.0499992 -0.0999994
      vertex 0.462549 -0.0499992 -0.0999994
    endloop
  endfacet
  facet normal 0.624559 0.780978 -0
    outer loop
      vertex 0.462549 -0.0499992 -0.0999994
      vertex 0.460549 -0.0483999 0.0999994
      vertex 0.462549 -0.0499992 0.0999994
    endloop
  endfacet
  facet normal 0.624559 0.780978 0
    outer loop
      vertex 0.460549 -0.0483999 0.0999994
      vertex 0.462549 -0.0499992 -0.0999994
      vertex 0.460549 -0.0483999 -0.0999994
    endloop
  endfacet
  facet normal 0.662657 0.748923 -0
    outer loop
      vertex 0.460549 -0.0483999 -0.0999994
      vertex 0.459249 -0.0472498 0.0999994
      vertex 0.460549 -0.0483999 0.0999994
    endloop
  endfacet
  facet normal 0.662657 0.748923 0
    outer loop
      vertex 0.459249 -0.0472498 0.0999994
      vertex 0.460549 -0.0483999 -0.0999994
      vertex 0.459249 -0.0472498 -0.0999994
    endloop
  endfacet
  facet normal 0.640204 0.768205 -0
    outer loop
      vertex 0.459249 -0.0472498 -0.0999994
      vertex 0.455649 -0.0442495 0.0999994
      vertex 0.459249 -0.0472498 0.0999994
    endloop
  endfacet
  facet normal 0.640204 0.768205 0
    outer loop
      vertex 0.455649 -0.0442495 0.0999994
      vertex 0.459249 -0.0472498 -0.0999994
      vertex 0.455649 -0.0442495 -0.0999994
    endloop
  endfacet
  facet normal 0.611909 0.790928 -0
    outer loop
      vertex 0.455649 -0.0442495 -0.0999994
      vertex 0.452999 -0.0421991 0.0999994
      vertex 0.455649 -0.0442495 0.0999994
    endloop
  endfacet
  facet normal 0.611909 0.790928 0
    outer loop
      vertex 0.452999 -0.0421991 0.0999994
      vertex 0.455649 -0.0442495 -0.0999994
      vertex 0.452999 -0.0421991 -0.0999994
    endloop
  endfacet
  facet normal 1 -0 0
    outer loop
      vertex 0.452999 -0.0421991 0.0999994
      vertex 0.452999 -0.0417995 -0.0999994
      vertex 0.452999 -0.0417995 0.0999994
    endloop
  endfacet
  facet normal 1 0 0
    outer loop
      vertex 0.452999 -0.0417995 -0.0999994
      vertex 0.452999 -0.0421991 0.0999994
      vertex 0.452999 -0.0421991 -0.0999994
    endloop
  endfacet
  facet normal 0.316831 0.948482 -0
    outer loop
      vertex 0.452999 -0.0417995 -0.0999994
      vertex 0.4521 -0.0414991 0.0999994
      vertex 0.452999 -0.0417995 0.0999994
    endloop
  endfacet
  facet normal 0.316831 0.948482 0
    outer loop
      vertex 0.4521 -0.0414991 0.0999994
      vertex 0.452999 -0.0417995 -0.0999994
      vertex 0.4521 -0.0414991 -0.0999994
    endloop
  endfacet
  facet normal 0.679367 0.733799 -0
    outer loop
      vertex 0.4521 -0.0414991 -0.0999994
      vertex 0.4494 -0.0389996 0.0999994
      vertex 0.4521 -0.0414991 0.0999994
    endloop
  endfacet
  facet normal 0.679367 0.733799 0
    outer loop
      vertex 0.4494 -0.0389996 0.0999994
      vertex 0.4521 -0.0414991 -0.0999994
      vertex 0.4494 -0.0389996 -0.0999994
    endloop
  endfacet
  facet normal 0 1 -0
    outer loop
      vertex 0.4494 -0.0389996 -0.0999994
      vertex 0.44895 -0.0389996 0.0999994
      vertex 0.4494 -0.0389996 0.0999994
    endloop
  endfacet
  facet normal 0 1 0
    outer loop
      vertex 0.44895 -0.0389996 0.0999994
      vertex 0.4494 -0.0389996 -0.0999994
      vertex 0.44895 -0.0389996 -0.0999994
    endloop
  endfacet
  facet normal 0.704035 0.710165 -0
    outer loop
      vertex 0.44895 -0.0389996 -0.0999994
      vertex 0.437349 -0.0274992 0.0999994
      vertex 0.44895 -0.0389996 0.0999994
    endloop
  endfacet
  facet normal 0.704035 0.710165 0
    outer loop
      vertex 0.437349 -0.0274992 0.0999994
      vertex 0.44895 -0.0389996 -0.0999994
      vertex 0.437349 -0.0274992 -0.0999994
    endloop
  endfacet
  facet normal 0 1 -0
    outer loop
      vertex 0.437349 -0.0274992 -0.0999994
      vertex 0.4366 -0.0274992 0.0999994
      vertex 0.437349 -0.0274992 0.0999994
    endloop
  endfacet
  facet normal 0 1 0
    outer loop
      vertex 0.4366 -0.0274992 0.0999994
      vertex 0.437349 -0.0274992 -0.0999994
      vertex 0.4366 -0.0274992 -0.0999994
    endloop
  endfacet
  facet normal 0.706263 0.707949 -0
    outer loop
      vertex 0.4366 -0.0274992 -0.0999994
      vertex 0.436199 -0.0270996 0.0999994
      vertex 0.4366 -0.0274992 0.0999994
    endloop
  endfacet
  facet normal 0.706263 0.707949 0
    outer loop
      vertex 0.436199 -0.0270996 0.0999994
      vertex 0.4366 -0.0274992 -0.0999994
      vertex 0.436199 -0.0270996 -0.0999994
    endloop
  endfacet
  facet normal 0.0333677 0.999443 -0
    outer loop
      vertex 0.436199 -0.0270996 -0.0999994
      vertex 0.4332 -0.0269995 0.0999994
      vertex 0.436199 -0.0270996 0.0999994
    endloop
  endfacet
  facet normal 0.0333677 0.999443 0
    outer loop
      vertex 0.4332 -0.0269995 0.0999994
      vertex 0.436199 -0.0270996 -0.0999994
      vertex 0.4332 -0.0269995 -0.0999994
    endloop
  endfacet
  facet normal 0.587588 0.80916 -0
    outer loop
      vertex 0.4332 -0.0269995 -0.0999994
      vertex 0.43265 -0.0265999 0.0999994
      vertex 0.4332 -0.0269995 0.0999994
    endloop
  endfacet
  facet normal 0.587588 0.80916 0
    outer loop
      vertex 0.43265 -0.0265999 0.0999994
      vertex 0.4332 -0.0269995 -0.0999994
      vertex 0.43265 -0.0265999 -0.0999994
    endloop
  endfacet
  facet normal 0.0290093 0.999579 -0
    outer loop
      vertex 0.43265 -0.0265999 -0.0999994
      vertex 0.429199 -0.0264997 0.0999994
      vertex 0.43265 -0.0265999 0.0999994
    endloop
  endfacet
  facet normal 0.0290093 0.999579 0
    outer loop
      vertex 0.429199 -0.0264997 0.0999994
      vertex 0.43265 -0.0265999 -0.0999994
      vertex 0.429199 -0.0264997 -0.0999994
    endloop
  endfacet
  facet normal 0.537349 0.84336 -0
    outer loop
      vertex 0.429199 -0.0264997 -0.0999994
      vertex 0.42865 -0.0261497 0.0999994
      vertex 0.429199 -0.0264997 0.0999994
    endloop
  endfacet
  facet normal 0.537349 0.84336 0
    outer loop
      vertex 0.42865 -0.0261497 0.0999994
      vertex 0.429199 -0.0264997 -0.0999994
      vertex 0.42865 -0.0261497 -0.0999994
    endloop
  endfacet
  facet normal 0.0683272 0.997663 -0
    outer loop
      vertex 0.42865 -0.0261497 -0.0999994
      vertex 0.42645 -0.0259991 0.0999994
      vertex 0.42865 -0.0261497 0.0999994
    endloop
  endfacet
  facet normal 0.0683272 0.997663 0
    outer loop
      vertex 0.42645 -0.0259991 0.0999994
      vertex 0.42865 -0.0261497 -0.0999994
      vertex 0.42645 -0.0259991 -0.0999994
    endloop
  endfacet
  facet normal 0 1 -0
    outer loop
      vertex 0.42645 -0.0259991 -0.0999994
      vertex 0.425799 -0.0259991 0.0999994
      vertex 0.42645 -0.0259991 0.0999994
    endloop
  endfacet
  facet normal 0 1 0
    outer loop
      vertex 0.425799 -0.0259991 0.0999994
      vertex 0.42645 -0.0259991 -0.0999994
      vertex 0.425799 -0.0259991 -0.0999994
    endloop
  endfacet
  facet normal 0.573071 0.819505 -0
    outer loop
      vertex 0.425799 -0.0259991 -0.0999994
      vertex 0.41815 -0.0206499 0.0999994
      vertex 0.425799 -0.0259991 0.0999994
    endloop
  endfacet
  facet normal 0.573071 0.819505 0
    outer loop
      vertex 0.41815 -0.0206499 0.0999994
      vertex 0.425799 -0.0259991 -0.0999994
      vertex 0.41815 -0.0206499 -0.0999994
    endloop
  endfacet
  facet normal 0.559464 0.828855 -0
    outer loop
      vertex 0.41815 -0.0206499 -0.0999994
      vertex 0.412149 -0.0165997 0.0999994
      vertex 0.41815 -0.0206499 0.0999994
    endloop
  endfacet
  facet normal 0.559464 0.828855 0
    outer loop
      vertex 0.412149 -0.0165997 0.0999994
      vertex 0.41815 -0.0206499 -0.0999994
      vertex 0.412149 -0.0165997 -0.0999994
    endloop
  endfacet
  facet normal 0.247963 0.96877 -0
    outer loop
      vertex 0.412149 -0.0165997 -0.0999994
      vertex 0.397499 -0.0128498 0.0999994
      vertex 0.412149 -0.0165997 0.0999994
    endloop
  endfacet
  facet normal 0.247963 0.96877 0
    outer loop
      vertex 0.397499 -0.0128498 0.0999994
      vertex 0.412149 -0.0165997 -0.0999994
      vertex 0.397499 -0.0128498 -0.0999994
    endloop
  endfacet
  facet normal 1 -0 0
    outer loop
      vertex 0.397499 -0.0128498 0.0999994
      vertex 0.397499 -0.0123491 -0.0999994
      vertex 0.397499 -0.0123491 0.0999994
    endloop
  endfacet
  facet normal 1 0 0
    outer loop
      vertex 0.397499 -0.0123491 -0.0999994
      vertex 0.397499 -0.0128498 0.0999994
      vertex 0.397499 -0.0128498 -0.0999994
    endloop
  endfacet
  facet normal 0.244822 -0.969568 0
    outer loop
      vertex 0.397499 -0.0123491 -0.0999994
      vertex 0.412149 -0.00864983 0.0999994
      vertex 0.397499 -0.0123491 0.0999994
    endloop
  endfacet
  facet normal 0.244822 -0.969568 0
    outer loop
      vertex 0.412149 -0.00864983 0.0999994
      vertex 0.397499 -0.0123491 -0.0999994
      vertex 0.412149 -0.00864983 -0.0999994
    endloop
  endfacet
  facet normal 0.607748 -0.79413 0
    outer loop
      vertex 0.412149 -0.00864983 -0.0999994
      vertex 0.417899 -0.00424957 0.0999994
      vertex 0.412149 -0.00864983 0.0999994
    endloop
  endfacet
  facet normal 0.607748 -0.79413 0
    outer loop
      vertex 0.417899 -0.00424957 0.0999994
      vertex 0.412149 -0.00864983 -0.0999994
      vertex 0.417899 -0.00424957 -0.0999994
    endloop
  endfacet
  facet normal 0.61635 -0.787473 0
    outer loop
      vertex 0.417899 -0.00424957 -0.0999994
      vertex 0.430099 0.00529957 0.0999994
      vertex 0.417899 -0.00424957 0.0999994
    endloop
  endfacet
  facet normal 0.61635 -0.787473 0
    outer loop
      vertex 0.430099 0.00529957 0.0999994
      vertex 0.417899 -0.00424957 -0.0999994
      vertex 0.430099 0.00529957 -0.0999994
    endloop
  endfacet
  facet normal 0.546013 -0.837776 0
    outer loop
      vertex 0.430099 0.00529957 -0.0999994
      vertex 0.43125 0.00604916 0.0999994
      vertex 0.430099 0.00529957 0.0999994
    endloop
  endfacet
  facet normal 0.546013 -0.837776 0
    outer loop
      vertex 0.43125 0.00604916 0.0999994
      vertex 0.430099 0.00529957 -0.0999994
      vertex 0.43125 0.00604916 -0.0999994
    endloop
  endfacet
  facet normal 0.069926 -0.997552 0
    outer loop
      vertex 0.43125 0.00604916 -0.0999994
      vertex 0.433399 0.00619984 0.0999994
      vertex 0.43125 0.00604916 0.0999994
    endloop
  endfacet
  facet normal 0.069926 -0.997552 0
    outer loop
      vertex 0.433399 0.00619984 0.0999994
      vertex 0.43125 0.00604916 -0.0999994
      vertex 0.433399 0.00619984 -0.0999994
    endloop
  endfacet
  facet normal 0.268679 -0.96323 0
    outer loop
      vertex 0.433399 0.00619984 -0.0999994
      vertex 0.43555 0.0067997 0.0999994
      vertex 0.433399 0.00619984 0.0999994
    endloop
  endfacet
  facet normal 0.268679 -0.96323 0
    outer loop
      vertex 0.43555 0.0067997 0.0999994
      vertex 0.433399 0.00619984 -0.0999994
      vertex 0.43555 0.0067997 -0.0999994
    endloop
  endfacet
  facet normal -0.229405 -0.973331 0
    outer loop
      vertex 0.43555 0.0067997 -0.0999994
      vertex 0.436399 0.00659943 0.0999994
      vertex 0.43555 0.0067997 0.0999994
    endloop
  endfacet
  facet normal -0.229405 -0.973331 -0
    outer loop
      vertex 0.436399 0.00659943 0.0999994
      vertex 0.43555 0.0067997 -0.0999994
      vertex 0.436399 0.00659943 -0.0999994
    endloop
  endfacet
  facet normal 0.432575 -0.901598 0
    outer loop
      vertex 0.436399 0.00659943 -0.0999994
      vertex 0.43765 0.00719929 0.0999994
      vertex 0.436399 0.00659943 0.0999994
    endloop
  endfacet
  facet normal 0.432575 -0.901598 0
    outer loop
      vertex 0.43765 0.00719929 0.0999994
      vertex 0.436399 0.00659943 -0.0999994
      vertex 0.43765 0.00719929 -0.0999994
    endloop
  endfacet
  facet normal 0.713514 -0.700641 0
    outer loop
      vertex 0.43765 0.00719929 0.0999994
      vertex 0.4431 0.0127497 -0.0999994
      vertex 0.4431 0.0127497 0.0999994
    endloop
  endfacet
  facet normal 0.713514 -0.700641 0
    outer loop
      vertex 0.4431 0.0127497 -0.0999994
      vertex 0.43765 0.00719929 0.0999994
      vertex 0.43765 0.00719929 -0.0999994
    endloop
  endfacet
  facet normal 0 -1 0
    outer loop
      vertex 0.4431 0.0127497 -0.0999994
      vertex 0.4435 0.0127497 0.0999994
      vertex 0.4431 0.0127497 0.0999994
    endloop
  endfacet
  facet normal 0 -1 -0
    outer loop
      vertex 0.4435 0.0127497 0.0999994
      vertex 0.4431 0.0127497 -0.0999994
      vertex 0.4435 0.0127497 -0.0999994
    endloop
  endfacet
  facet normal 0.682285 -0.731086 0
    outer loop
      vertex 0.4435 0.0127497 -0.0999994
      vertex 0.445 0.0141497 0.0999994
      vertex 0.4435 0.0127497 0.0999994
    endloop
  endfacet
  facet normal 0.682285 -0.731086 0
    outer loop
      vertex 0.445 0.0141497 0.0999994
      vertex 0.4435 0.0127497 -0.0999994
      vertex 0.445 0.0141497 -0.0999994
    endloop
  endfacet
  facet normal 0.573525 -0.819188 0
    outer loop
      vertex 0.445 0.0141497 -0.0999994
      vertex 0.447499 0.0158997 0.0999994
      vertex 0.445 0.0141497 0.0999994
    endloop
  endfacet
  facet normal 0.573525 -0.819188 0
    outer loop
      vertex 0.447499 0.0158997 0.0999994
      vertex 0.445 0.0141497 -0.0999994
      vertex 0.447499 0.0158997 -0.0999994
    endloop
  endfacet
  facet normal 1 -0 0
    outer loop
      vertex 0.447499 0.0158997 0.0999994
      vertex 0.447499 0.0162497 -0.0999994
      vertex 0.447499 0.0162497 0.0999994
    endloop
  endfacet
  facet normal 1 0 0
    outer loop
      vertex 0.447499 0.0162497 -0.0999994
      vertex 0.447499 0.0158997 0.0999994
      vertex 0.447499 0.0158997 -0.0999994
    endloop
  endfacet
  facet normal 0 -1 0
    outer loop
      vertex 0.447499 0.0162497 -0.0999994
      vertex 0.448 0.0162497 0.0999994
      vertex 0.447499 0.0162497 0.0999994
    endloop
  endfacet
  facet normal 0 -1 -0
    outer loop
      vertex 0.448 0.0162497 0.0999994
      vertex 0.447499 0.0162497 -0.0999994
      vertex 0.448 0.0162497 -0.0999994
    endloop
  endfacet
  facet normal 0.664429 -0.747351 0
    outer loop
      vertex 0.448 0.0162497 -0.0999994
      vertex 0.449349 0.0174494 0.0999994
      vertex 0.448 0.0162497 0.0999994
    endloop
  endfacet
  facet normal 0.664429 -0.747351 0
    outer loop
      vertex 0.449349 0.0174494 0.0999994
      vertex 0.448 0.0162497 -0.0999994
      vertex 0.449349 0.0174494 -0.0999994
    endloop
  endfacet
  facet normal 0.6 -0.8 0
    outer loop
      vertex 0.449349 0.0174494 -0.0999994
      vertex 0.44975 0.0177498 0.0999994
      vertex 0.449349 0.0174494 0.0999994
    endloop
  endfacet
  facet normal 0.6 -0.8 0
    outer loop
      vertex 0.44975 0.0177498 0.0999994
      vertex 0.449349 0.0174494 -0.0999994
      vertex 0.44975 0.0177498 -0.0999994
    endloop
  endfacet
  facet normal 0 -1 0
    outer loop
      vertex 0.44975 0.0177498 -0.0999994
      vertex 0.449949 0.0177498 0.0999994
      vertex 0.44975 0.0177498 0.0999994
    endloop
  endfacet
  facet normal 0 -1 -0
    outer loop
      vertex 0.449949 0.0177498 0.0999994
      vertex 0.44975 0.0177498 -0.0999994
      vertex 0.449949 0.0177498 -0.0999994
    endloop
  endfacet
  facet normal 0.672737 -0.739882 0
    outer loop
      vertex 0.449949 0.0177498 -0.0999994
      vertex 0.451599 0.0192499 0.0999994
      vertex 0.449949 0.0177498 0.0999994
    endloop
  endfacet
  facet normal 0.672737 -0.739882 0
    outer loop
      vertex 0.451599 0.0192499 0.0999994
      vertex 0.449949 0.0177498 -0.0999994
      vertex 0.451599 0.0192499 -0.0999994
    endloop
  endfacet
  facet normal 0 -1 0
    outer loop
      vertex 0.451599 0.0192499 -0.0999994
      vertex 0.451949 0.0192499 0.0999994
      vertex 0.451599 0.0192499 0.0999994
    endloop
  endfacet
  facet normal 0 -1 -0
    outer loop
      vertex 0.451949 0.0192499 0.0999994
      vertex 0.451599 0.0192499 -0.0999994
      vertex 0.451949 0.0192499 -0.0999994
    endloop
  endfacet
  facet normal 0.67229 -0.740288 0
    outer loop
      vertex 0.451949 0.0192499 -0.0999994
      vertex 0.4536 0.0207491 0.0999994
      vertex 0.451949 0.0192499 0.0999994
    endloop
  endfacet
  facet normal 0.67229 -0.740288 0
    outer loop
      vertex 0.4536 0.0207491 0.0999994
      vertex 0.451949 0.0192499 -0.0999994
      vertex 0.4536 0.0207491 -0.0999994
    endloop
  endfacet
  facet normal 0 -1 0
    outer loop
      vertex 0.4536 0.0207491 -0.0999994
      vertex 0.454 0.0207491 0.0999994
      vertex 0.4536 0.0207491 0.0999994
    endloop
  endfacet
  facet normal 0 -1 -0
    outer loop
      vertex 0.454 0.0207491 0.0999994
      vertex 0.4536 0.0207491 -0.0999994
      vertex 0.454 0.0207491 -0.0999994
    endloop
  endfacet
  facet normal 0.682285 -0.731086 0
    outer loop
      vertex 0.454 0.0207491 -0.0999994
      vertex 0.4555 0.0221491 0.0999994
      vertex 0.454 0.0207491 0.0999994
    endloop
  endfacet
  facet normal 0.682285 -0.731086 0
    outer loop
      vertex 0.4555 0.0221491 0.0999994
      vertex 0.454 0.0207491 -0.0999994
      vertex 0.4555 0.0221491 -0.0999994
    endloop
  endfacet
  facet normal 0.573525 -0.819188 0
    outer loop
      vertex 0.4555 0.0221491 -0.0999994
      vertex 0.457999 0.0238991 0.0999994
      vertex 0.4555 0.0221491 0.0999994
    endloop
  endfacet
  facet normal 0.573525 -0.819188 0
    outer loop
      vertex 0.457999 0.0238991 0.0999994
      vertex 0.4555 0.0221491 -0.0999994
      vertex 0.457999 0.0238991 -0.0999994
    endloop
  endfacet
  facet normal 1 -0 0
    outer loop
      vertex 0.457999 0.0238991 0.0999994
      vertex 0.457999 0.0242491 -0.0999994
      vertex 0.457999 0.0242491 0.0999994
    endloop
  endfacet
  facet normal 1 0 0
    outer loop
      vertex 0.457999 0.0242491 -0.0999994
      vertex 0.457999 0.0238991 0.0999994
      vertex 0.457999 0.0238991 -0.0999994
    endloop
  endfacet
  facet normal 0 -1 0
    outer loop
      vertex 0.457999 0.0242491 -0.0999994
      vertex 0.4585 0.0242491 0.0999994
      vertex 0.457999 0.0242491 0.0999994
    endloop
  endfacet
  facet normal 0 -1 -0
    outer loop
      vertex 0.4585 0.0242491 0.0999994
      vertex 0.457999 0.0242491 -0.0999994
      vertex 0.4585 0.0242491 -0.0999994
    endloop
  endfacet
  facet normal 0.664724 -0.747089 0
    outer loop
      vertex 0.4585 0.0242491 -0.0999994
      vertex 0.459849 0.0254498 0.0999994
      vertex 0.4585 0.0242491 0.0999994
    endloop
  endfacet
  facet normal 0.664724 -0.747089 0
    outer loop
      vertex 0.459849 0.0254498 0.0999994
      vertex 0.4585 0.0242491 -0.0999994
      vertex 0.459849 0.0254498 -0.0999994
    endloop
  endfacet
  facet normal 0.598779 -0.800914 0
    outer loop
      vertex 0.459849 0.0254498 -0.0999994
      vertex 0.46025 0.0257492 0.0999994
      vertex 0.459849 0.0254498 0.0999994
    endloop
  endfacet
  facet normal 0.598779 -0.800914 0
    outer loop
      vertex 0.46025 0.0257492 0.0999994
      vertex 0.459849 0.0254498 -0.0999994
      vertex 0.46025 0.0257492 -0.0999994
    endloop
  endfacet
  facet normal 0 -1 0
    outer loop
      vertex 0.46025 0.0257492 -0.0999994
      vertex 0.46075 0.0257492 0.0999994
      vertex 0.46025 0.0257492 0.0999994
    endloop
  endfacet
  facet normal 0 -1 -0
    outer loop
      vertex 0.46075 0.0257492 0.0999994
      vertex 0.46025 0.0257492 -0.0999994
      vertex 0.46075 0.0257492 -0.0999994
    endloop
  endfacet
  facet normal 1 -0 0
    outer loop
      vertex 0.46075 0.0257492 0.0999994
      vertex 0.46075 0.0261993 -0.0999994
      vertex 0.46075 0.0261993 0.0999994
    endloop
  endfacet
  facet normal 1 0 0
    outer loop
      vertex 0.46075 0.0261993 -0.0999994
      vertex 0.46075 0.0257492 0.0999994
      vertex 0.46075 0.0257492 -0.0999994
    endloop
  endfacet
  facet normal 0.564699 -0.825297 0
    outer loop
      vertex 0.46075 0.0261993 -0.0999994
      vertex 0.462649 0.0274992 0.0999994
      vertex 0.46075 0.0261993 0.0999994
    endloop
  endfacet
  facet normal 0.564699 -0.825297 0
    outer loop
      vertex 0.462649 0.0274992 0.0999994
      vertex 0.46075 0.0261993 -0.0999994
      vertex 0.462649 0.0274992 -0.0999994
    endloop
  endfacet
  facet normal 0 -1 0
    outer loop
      vertex 0.462649 0.0274992 -0.0999994
      vertex 0.474999 0.0274992 0.0999994
      vertex 0.462649 0.0274992 0.0999994
    endloop
  endfacet
  facet normal 0 -1 -0
    outer loop
      vertex 0.474999 0.0274992 0.0999994
      vertex 0.462649 0.0274992 -0.0999994
      vertex 0.474999 0.0274992 -0.0999994
    endloop
  endfacet
  facet normal 1 -0 0
    outer loop
      vertex 0.474999 0.0274992 0.0999994
      vertex 0.474999 0.231999 -0.0999994
      vertex 0.474999 0.231999 0.0999994
    endloop
  endfacet
  facet normal 1 0 0
    outer loop
      vertex 0.474999 0.231999 -0.0999994
      vertex 0.474999 0.0274992 0.0999994
      vertex 0.474999 0.0274992 -0.0999994
    endloop
  endfacet
  facet normal 0 1 -0
    outer loop
      vertex 0.474999 0.231999 -0.0999994
      vertex 0.462649 0.231999 0.0999994
      vertex 0.474999 0.231999 0.0999994
    endloop
  endfacet
  facet normal 0 1 0
    outer loop
      vertex 0.462649 0.231999 0.0999994
      vertex 0.474999 0.231999 -0.0999994
      vertex 0.462649 0.231999 -0.0999994
    endloop
  endfacet
  facet normal 0.217831 0.975986 -0
    outer loop
      vertex 0.462649 0.231999 -0.0999994
      vertex 0.439349 0.2372 0.0999994
      vertex 0.462649 0.231999 0.0999994
    endloop
  endfacet
  facet normal 0.217831 0.975986 0
    outer loop
      vertex 0.439349 0.2372 0.0999994
      vertex 0.462649 0.231999 -0.0999994
      vertex 0.439349 0.2372 -0.0999994
    endloop
  endfacet
  facet normal 0.447214 0.894427 -0
    outer loop
      vertex 0.439349 0.2372 -0.0999994
      vertex 0.43765 0.23805 0.0999994
      vertex 0.439349 0.2372 0.0999994
    endloop
  endfacet
  facet normal 0.447214 0.894427 0
    outer loop
      vertex 0.43765 0.23805 0.0999994
      vertex 0.439349 0.2372 -0.0999994
      vertex 0.43765 0.23805 -0.0999994
    endloop
  endfacet
  facet normal 0.85706 0.515217 0
    outer loop
      vertex 0.43765 0.23805 0.0999994
      vertex 0.437349 0.238549 -0.0999994
      vertex 0.437349 0.238549 0.0999994
    endloop
  endfacet
  facet normal 0.85706 0.515217 0
    outer loop
      vertex 0.437349 0.238549 -0.0999994
      vertex 0.43765 0.23805 0.0999994
      vertex 0.43765 0.23805 -0.0999994
    endloop
  endfacet
  facet normal 0.0790689 0.996869 -0
    outer loop
      vertex 0.437349 0.238549 -0.0999994
      vertex 0.43545 0.2387 0.0999994
      vertex 0.437349 0.238549 0.0999994
    endloop
  endfacet
  facet normal 0.0790689 0.996869 0
    outer loop
      vertex 0.43545 0.2387 0.0999994
      vertex 0.437349 0.238549 -0.0999994
      vertex 0.43545 0.2387 -0.0999994
    endloop
  endfacet
  facet normal 0.392078 0.919932 -0
    outer loop
      vertex 0.43545 0.2387 -0.0999994
      vertex 0.4324 0.24 0.0999994
      vertex 0.43545 0.2387 0.0999994
    endloop
  endfacet
  facet normal 0.392078 0.919932 0
    outer loop
      vertex 0.4324 0.24 0.0999994
      vertex 0.43545 0.2387 -0.0999994
      vertex 0.4324 0.24 -0.0999994
    endloop
  endfacet
  facet normal 0.446872 0.894598 -0
    outer loop
      vertex 0.4324 0.24 -0.0999994
      vertex 0.431399 0.240499 0.0999994
      vertex 0.4324 0.24 0.0999994
    endloop
  endfacet
  facet normal 0.446872 0.894598 0
    outer loop
      vertex 0.431399 0.240499 0.0999994
      vertex 0.4324 0.24 -0.0999994
      vertex 0.431399 0.240499 -0.0999994
    endloop
  endfacet
  facet normal 0 1 -0
    outer loop
      vertex 0.431399 0.240499 -0.0999994
      vertex 0.43065 0.240499 0.0999994
      vertex 0.431399 0.240499 0.0999994
    endloop
  endfacet
  facet normal 0 1 0
    outer loop
      vertex 0.43065 0.240499 0.0999994
      vertex 0.431399 0.240499 -0.0999994
      vertex 0.43065 0.240499 -0.0999994
    endloop
  endfacet
  facet normal 0.518488 0.855085 -0
    outer loop
      vertex 0.43065 0.240499 -0.0999994
      vertex 0.429 0.2415 0.0999994
      vertex 0.43065 0.240499 0.0999994
    endloop
  endfacet
  facet normal 0.518488 0.855085 0
    outer loop
      vertex 0.429 0.2415 0.0999994
      vertex 0.43065 0.240499 -0.0999994
      vertex 0.429 0.2415 -0.0999994
    endloop
  endfacet
  facet normal 0 1 -0
    outer loop
      vertex 0.429 0.2415 -0.0999994
      vertex 0.428249 0.2415 0.0999994
      vertex 0.429 0.2415 0.0999994
    endloop
  endfacet
  facet normal 0 1 0
    outer loop
      vertex 0.428249 0.2415 0.0999994
      vertex 0.429 0.2415 -0.0999994
      vertex 0.428249 0.2415 -0.0999994
    endloop
  endfacet
  facet normal 0.468976 0.883211 -0
    outer loop
      vertex 0.428249 0.2415 -0.0999994
      vertex 0.426649 0.24235 0.0999994
      vertex 0.428249 0.2415 0.0999994
    endloop
  endfacet
  facet normal 0.468976 0.883211 0
    outer loop
      vertex 0.426649 0.24235 0.0999994
      vertex 0.428249 0.2415 -0.0999994
      vertex 0.426649 0.24235 -0.0999994
    endloop
  endfacet
  facet normal 0.132412 0.991195 -0
    outer loop
      vertex 0.426649 0.24235 -0.0999994
      vertex 0.4259 0.24245 0.0999994
      vertex 0.426649 0.24235 0.0999994
    endloop
  endfacet
  facet normal 0.132412 0.991195 0
    outer loop
      vertex 0.4259 0.24245 0.0999994
      vertex 0.426649 0.24235 -0.0999994
      vertex 0.4259 0.24245 -0.0999994
    endloop
  endfacet
  facet normal 0.356655 0.934236 -0
    outer loop
      vertex 0.4259 0.24245 -0.0999994
      vertex 0.423149 0.2435 0.0999994
      vertex 0.4259 0.24245 0.0999994
    endloop
  endfacet
  facet normal 0.356655 0.934236 0
    outer loop
      vertex 0.423149 0.2435 0.0999994
      vertex 0.4259 0.24245 -0.0999994
      vertex 0.423149 0.2435 -0.0999994
    endloop
  endfacet
  facet normal 0.707107 0.707107 0
    outer loop
      vertex 0.423149 0.2435 0.0999994
      vertex 0.422649 0.243999 -0.0999994
      vertex 0.422649 0.243999 0.0999994
    endloop
  endfacet
  facet normal 0.707107 0.707107 0
    outer loop
      vertex 0.422649 0.243999 -0.0999994
      vertex 0.423149 0.2435 0.0999994
      vertex 0.423149 0.2435 -0.0999994
    endloop
  endfacet
  facet normal 0 1 -0
    outer loop
      vertex 0.422649 0.243999 -0.0999994
      vertex 0.4217 0.243999 0.0999994
      vertex 0.422649 0.243999 0.0999994
    endloop
  endfacet
  facet normal 0 1 0
    outer loop
      vertex 0.4217 0.243999 0.0999994
      vertex 0.422649 0.243999 -0.0999994
      vertex 0.4217 0.243999 -0.0999994
    endloop
  endfacet
  facet normal 0.466789 0.884369 -0
    outer loop
      vertex 0.4217 0.243999 -0.0999994
      vertex 0.4199 0.244949 0.0999994
      vertex 0.4217 0.243999 0.0999994
    endloop
  endfacet
  facet normal 0.466789 0.884369 0
    outer loop
      vertex 0.4199 0.244949 0.0999994
      vertex 0.4217 0.243999 -0.0999994
      vertex 0.4199 0.244949 -0.0999994
    endloop
  endfacet
  facet normal 0.28718 0.957877 -0
    outer loop
      vertex 0.4199 0.244949 -0.0999994
      vertex 0.417899 0.245549 0.0999994
      vertex 0.4199 0.244949 0.0999994
    endloop
  endfacet
  facet normal 0.28718 0.957877 0
    outer loop
      vertex 0.417899 0.245549 0.0999994
      vertex 0.4199 0.244949 -0.0999994
      vertex 0.417899 0.245549 -0.0999994
    endloop
  endfacet
  facet normal 0.382863 0.923805 -0
    outer loop
      vertex 0.417899 0.245549 -0.0999994
      vertex 0.414399 0.247 0.0999994
      vertex 0.417899 0.245549 0.0999994
    endloop
  endfacet
  facet normal 0.382863 0.923805 0
    outer loop
      vertex 0.414399 0.247 0.0999994
      vertex 0.417899 0.245549 -0.0999994
      vertex 0.414399 0.247 -0.0999994
    endloop
  endfacet
  facet normal 0.447214 0.894427 -0
    outer loop
      vertex 0.414399 0.247 -0.0999994
      vertex 0.4134 0.247499 0.0999994
      vertex 0.414399 0.247 0.0999994
    endloop
  endfacet
  facet normal 0.447214 0.894427 0
    outer loop
      vertex 0.4134 0.247499 0.0999994
      vertex 0.414399 0.247 -0.0999994
      vertex 0.4134 0.247499 -0.0999994
    endloop
  endfacet
  facet normal 0 1 -0
    outer loop
      vertex 0.4134 0.247499 -0.0999994
      vertex 0.41255 0.247499 0.0999994
      vertex 0.4134 0.247499 0.0999994
    endloop
  endfacet
  facet normal 0 1 0
    outer loop
      vertex 0.41255 0.247499 0.0999994
      vertex 0.4134 0.247499 -0.0999994
      vertex 0.41255 0.247499 -0.0999994
    endloop
  endfacet
  facet normal 0.819085 0.573672 0
    outer loop
      vertex 0.41255 0.247499 0.0999994
      vertex 0.4122 0.247999 -0.0999994
      vertex 0.4122 0.247999 0.0999994
    endloop
  endfacet
  facet normal 0.819085 0.573672 0
    outer loop
      vertex 0.4122 0.247999 -0.0999994
      vertex 0.41255 0.247499 0.0999994
      vertex 0.41255 0.247499 -0.0999994
    endloop
  endfacet
  facet normal -0.609261 0.79297 0
    outer loop
      vertex 0.4122 0.247999 -0.0999994
      vertex 0.41155 0.247499 0.0999994
      vertex 0.4122 0.247999 0.0999994
    endloop
  endfacet
  facet normal -0.609261 0.79297 0
    outer loop
      vertex 0.41155 0.247499 0.0999994
      vertex 0.4122 0.247999 -0.0999994
      vertex 0.41155 0.247499 -0.0999994
    endloop
  endfacet
  facet normal -0.0105395 0.999944 0
    outer loop
      vertex 0.41155 0.247499 -0.0999994
      vertex 0.402049 0.247399 0.0999994
      vertex 0.41155 0.247499 0.0999994
    endloop
  endfacet
  facet normal -0.0105395 0.999944 0
    outer loop
      vertex 0.402049 0.247399 0.0999994
      vertex 0.41155 0.247499 -0.0999994
      vertex 0.402049 0.247399 -0.0999994
    endloop
  endfacet
  facet normal -0.707107 0.707107 0
    outer loop
      vertex 0.401649 0.247 -0.0999994
      vertex 0.402049 0.247399 0.0999994
      vertex 0.402049 0.247399 -0.0999994
    endloop
  endfacet
  facet normal -0.707107 0.707107 0
    outer loop
      vertex 0.402049 0.247399 0.0999994
      vertex 0.401649 0.247 -0.0999994
      vertex 0.401649 0.247 0.0999994
    endloop
  endfacet
  facet normal -0.00315907 0.999995 0
    outer loop
      vertex 0.401649 0.247 -0.0999994
      vertex 0.38565 0.246949 0.0999994
      vertex 0.401649 0.247 0.0999994
    endloop
  endfacet
  facet normal -0.00315907 0.999995 0
    outer loop
      vertex 0.38565 0.246949 0.0999994
      vertex 0.401649 0.247 -0.0999994
      vertex 0.38565 0.246949 -0.0999994
    endloop
  endfacet
  facet normal -0.600203 0.799847 0
    outer loop
      vertex 0.38565 0.246949 -0.0999994
      vertex 0.38505 0.246499 0.0999994
      vertex 0.38565 0.246949 0.0999994
    endloop
  endfacet
  facet normal -0.600203 0.799847 0
    outer loop
      vertex 0.38505 0.246499 0.0999994
      vertex 0.38565 0.246949 -0.0999994
      vertex 0.38505 0.246499 -0.0999994
    endloop
  endfacet
  facet normal -0.0230537 0.999734 0
    outer loop
      vertex 0.38505 0.246499 -0.0999994
      vertex 0.382899 0.246449 0.0999994
      vertex 0.38505 0.246499 0.0999994
    endloop
  endfacet
  facet normal -0.0230537 0.999734 0
    outer loop
      vertex 0.382899 0.246449 0.0999994
      vertex 0.38505 0.246499 -0.0999994
      vertex 0.382899 0.246449 -0.0999994
    endloop
  endfacet
  facet normal -0.132412 0.991195 0
    outer loop
      vertex 0.382899 0.246449 -0.0999994
      vertex 0.38215 0.246349 0.0999994
      vertex 0.382899 0.246449 0.0999994
    endloop
  endfacet
  facet normal -0.132412 0.991195 0
    outer loop
      vertex 0.38215 0.246349 0.0999994
      vertex 0.382899 0.246449 -0.0999994
      vertex 0.38215 0.246349 -0.0999994
    endloop
  endfacet
  facet normal -0.503956 0.863729 0
    outer loop
      vertex 0.38215 0.246349 -0.0999994
      vertex 0.38155 0.245999 0.0999994
      vertex 0.38215 0.246349 0.0999994
    endloop
  endfacet
  facet normal -0.503956 0.863729 0
    outer loop
      vertex 0.38155 0.245999 0.0999994
      vertex 0.38215 0.246349 -0.0999994
      vertex 0.38155 0.245999 -0.0999994
    endloop
  endfacet
  facet normal -0.0230537 0.999734 0
    outer loop
      vertex 0.38155 0.245999 -0.0999994
      vertex 0.379399 0.24595 0.0999994
      vertex 0.38155 0.245999 0.0999994
    endloop
  endfacet
  facet normal -0.0230537 0.999734 0
    outer loop
      vertex 0.379399 0.24595 0.0999994
      vertex 0.38155 0.245999 -0.0999994
      vertex 0.379399 0.24595 -0.0999994
    endloop
  endfacet
  facet normal -0.132412 0.991195 0
    outer loop
      vertex 0.379399 0.24595 -0.0999994
      vertex 0.37865 0.24585 0.0999994
      vertex 0.379399 0.24595 0.0999994
    endloop
  endfacet
  facet normal -0.132412 0.991195 0
    outer loop
      vertex 0.37865 0.24585 0.0999994
      vertex 0.379399 0.24595 -0.0999994
      vertex 0.37865 0.24585 -0.0999994
    endloop
  endfacet
  facet normal -0.473869 0.880595 0
    outer loop
      vertex 0.37865 0.24585 -0.0999994
      vertex 0.377999 0.2455 0.0999994
      vertex 0.37865 0.24585 0.0999994
    endloop
  endfacet
  facet normal -0.473869 0.880595 0
    outer loop
      vertex 0.377999 0.2455 0.0999994
      vertex 0.37865 0.24585 -0.0999994
      vertex 0.377999 0.2455 -0.0999994
    endloop
  endfacet
  facet normal -0.0150851 0.999886 0
    outer loop
      vertex 0.377999 0.2455 -0.0999994
      vertex 0.374649 0.245449 0.0999994
      vertex 0.377999 0.2455 0.0999994
    endloop
  endfacet
  facet normal -0.0150851 0.999886 0
    outer loop
      vertex 0.374649 0.245449 0.0999994
      vertex 0.377999 0.2455 -0.0999994
      vertex 0.374649 0.245449 -0.0999994
    endloop
  endfacet
  facet normal -0.599389 0.800458 0
    outer loop
      vertex 0.374649 0.245449 -0.0999994
      vertex 0.374049 0.245 0.0999994
      vertex 0.374649 0.245449 0.0999994
    endloop
  endfacet
  facet normal -0.599389 0.800458 0
    outer loop
      vertex 0.374049 0.245 0.0999994
      vertex 0.374649 0.245449 -0.0999994
      vertex 0.374049 0.245 -0.0999994
    endloop
  endfacet
  facet normal -0.0333677 0.999443 0
    outer loop
      vertex 0.374049 0.245 -0.0999994
      vertex 0.37105 0.2449 0.0999994
      vertex 0.374049 0.245 0.0999994
    endloop
  endfacet
  facet normal -0.0333677 0.999443 0
    outer loop
      vertex 0.37105 0.2449 0.0999994
      vertex 0.374049 0.245 -0.0999994
      vertex 0.37105 0.2449 -0.0999994
    endloop
  endfacet
  facet normal -0.707107 0.707107 0
    outer loop
      vertex 0.370649 0.244499 -0.0999994
      vertex 0.37105 0.2449 0.0999994
      vertex 0.37105 0.2449 -0.0999994
    endloop
  endfacet
  facet normal -0.707107 0.707107 0
    outer loop
      vertex 0.37105 0.2449 0.0999994
      vertex 0.370649 0.244499 -0.0999994
      vertex 0.370649 0.244499 0.0999994
    endloop
  endfacet
  facet normal 0.00620161 0.999981 -0
    outer loop
      vertex 0.370649 0.244499 -0.0999994
      vertex 0.362499 0.24455 0.0999994
      vertex 0.370649 0.244499 0.0999994
    endloop
  endfacet
  facet normal 0.00620161 0.999981 0
    outer loop
      vertex 0.362499 0.24455 0.0999994
      vertex 0.370649 0.244499 -0.0999994
      vertex 0.362499 0.24455 -0.0999994
    endloop
  endfacet
  facet normal -0.49722 0.867625 0
    outer loop
      vertex 0.362499 0.24455 -0.0999994
      vertex 0.358049 0.242 0.0999994
      vertex 0.362499 0.24455 0.0999994
    endloop
  endfacet
  facet normal -0.49722 0.867625 0
    outer loop
      vertex 0.358049 0.242 0.0999994
      vertex 0.362499 0.24455 -0.0999994
      vertex 0.358049 0.242 -0.0999994
    endloop
  endfacet
  facet normal -0.819085 0.573672 0
    outer loop
      vertex 0.357699 0.2415 -0.0999994
      vertex 0.358049 0.242 0.0999994
      vertex 0.358049 0.242 -0.0999994
    endloop
  endfacet
  facet normal -0.819085 0.573672 0
    outer loop
      vertex 0.358049 0.242 0.0999994
      vertex 0.357699 0.2415 -0.0999994
      vertex 0.357699 0.2415 0.0999994
    endloop
  endfacet
  facet normal 0 1 -0
    outer loop
      vertex 0.357699 0.2415 -0.0999994
      vertex 0.356799 0.2415 0.0999994
      vertex 0.357699 0.2415 0.0999994
    endloop
  endfacet
  facet normal 0 1 0
    outer loop
      vertex 0.356799 0.2415 0.0999994
      vertex 0.357699 0.2415 -0.0999994
      vertex 0.356799 0.2415 -0.0999994
    endloop
  endfacet
  facet normal -0.919404 0.393315 0
    outer loop
      vertex 0.356649 0.24115 -0.0999994
      vertex 0.356799 0.2415 0.0999994
      vertex 0.356799 0.2415 -0.0999994
    endloop
  endfacet
  facet normal -0.919404 0.393315 0
    outer loop
      vertex 0.356799 0.2415 0.0999994
      vertex 0.356649 0.24115 -0.0999994
      vertex 0.356649 0.24115 0.0999994
    endloop
  endfacet
  facet normal -0.57187 0.820344 0
    outer loop
      vertex 0.356649 0.24115 -0.0999994
      vertex 0.355 0.24 0.0999994
      vertex 0.356649 0.24115 0.0999994
    endloop
  endfacet
  facet normal -0.57187 0.820344 0
    outer loop
      vertex 0.355 0.24 0.0999994
      vertex 0.356649 0.24115 -0.0999994
      vertex 0.355 0.24 -0.0999994
    endloop
  endfacet
  facet normal 0 1 -0
    outer loop
      vertex 0.355 0.24 -0.0999994
      vertex 0.3543 0.24 0.0999994
      vertex 0.355 0.24 0.0999994
    endloop
  endfacet
  facet normal 0 1 0
    outer loop
      vertex 0.3543 0.24 0.0999994
      vertex 0.355 0.24 -0.0999994
      vertex 0.3543 0.24 -0.0999994
    endloop
  endfacet
  facet normal -0.919404 0.393315 0
    outer loop
      vertex 0.35415 0.23965 -0.0999994
      vertex 0.3543 0.24 0.0999994
      vertex 0.3543 0.24 -0.0999994
    endloop
  endfacet
  facet normal -0.919404 0.393315 0
    outer loop
      vertex 0.3543 0.24 0.0999994
      vertex 0.35415 0.23965 -0.0999994
      vertex 0.35415 0.23965 0.0999994
    endloop
  endfacet
  facet normal -0.57187 0.820344 0
    outer loop
      vertex 0.35415 0.23965 -0.0999994
      vertex 0.3525 0.2385 0.0999994
      vertex 0.35415 0.23965 0.0999994
    endloop
  endfacet
  facet normal -0.57187 0.820344 0
    outer loop
      vertex 0.3525 0.2385 0.0999994
      vertex 0.35415 0.23965 -0.0999994
      vertex 0.3525 0.2385 -0.0999994
    endloop
  endfacet
  facet normal 0 1 -0
    outer loop
      vertex 0.3525 0.2385 -0.0999994
      vertex 0.351749 0.2385 0.0999994
      vertex 0.3525 0.2385 0.0999994
    endloop
  endfacet
  facet normal 0 1 0
    outer loop
      vertex 0.351749 0.2385 0.0999994
      vertex 0.3525 0.2385 -0.0999994
      vertex 0.351749 0.2385 -0.0999994
    endloop
  endfacet
  facet normal -1 0 0
    outer loop
      vertex 0.351749 0.23805 -0.0999994
      vertex 0.351749 0.2385 0.0999994
      vertex 0.351749 0.2385 -0.0999994
    endloop
  endfacet
  facet normal -1 -0 0
    outer loop
      vertex 0.351749 0.2385 0.0999994
      vertex 0.351749 0.23805 -0.0999994
      vertex 0.351749 0.23805 0.0999994
    endloop
  endfacet
  facet normal -0.35914 0.933284 0
    outer loop
      vertex 0.351749 0.23805 -0.0999994
      vertex 0.34915 0.237049 0.0999994
      vertex 0.351749 0.23805 0.0999994
    endloop
  endfacet
  facet normal -0.35914 0.933284 0
    outer loop
      vertex 0.34915 0.237049 0.0999994
      vertex 0.351749 0.23805 -0.0999994
      vertex 0.34915 0.237049 -0.0999994
    endloop
  endfacet
  facet normal -0.138618 0.990346 0
    outer loop
      vertex 0.34915 0.237049 -0.0999994
      vertex 0.346649 0.236699 0.0999994
      vertex 0.34915 0.237049 0.0999994
    endloop
  endfacet
  facet normal -0.138618 0.990346 0
    outer loop
      vertex 0.346649 0.236699 0.0999994
      vertex 0.34915 0.237049 -0.0999994
      vertex 0.346649 0.236699 -0.0999994
    endloop
  endfacet
  facet normal -0.19602 0.9806 0
    outer loop
      vertex 0.346649 0.236699 -0.0999994
      vertex 0.339149 0.2352 0.0999994
      vertex 0.346649 0.236699 0.0999994
    endloop
  endfacet
  facet normal -0.19602 0.9806 0
    outer loop
      vertex 0.339149 0.2352 0.0999994
      vertex 0.346649 0.236699 -0.0999994
      vertex 0.339149 0.2352 -0.0999994
    endloop
  endfacet
  facet normal -0.0748175 0.997197 0
    outer loop
      vertex 0.339149 0.2352 -0.0999994
      vertex 0.33315 0.23475 0.0999994
      vertex 0.339149 0.2352 0.0999994
    endloop
  endfacet
  facet normal -0.0748175 0.997197 0
    outer loop
      vertex 0.33315 0.23475 0.0999994
      vertex 0.339149 0.2352 -0.0999994
      vertex 0.33315 0.23475 -0.0999994
    endloop
  endfacet
  facet normal -0.0929281 0.995673 0
    outer loop
      vertex 0.33315 0.23475 -0.0999994
      vertex 0.3144 0.233 0.0999994
      vertex 0.33315 0.23475 0.0999994
    endloop
  endfacet
  facet normal -0.0929281 0.995673 0
    outer loop
      vertex 0.3144 0.233 0.0999994
      vertex 0.33315 0.23475 -0.0999994
      vertex 0.3144 0.233 -0.0999994
    endloop
  endfacet
  facet normal -0.177168 0.984181 0
    outer loop
      vertex 0.3144 0.233 -0.0999994
      vertex 0.311899 0.23255 0.0999994
      vertex 0.3144 0.233 0.0999994
    endloop
  endfacet
  facet normal -0.177168 0.984181 0
    outer loop
      vertex 0.311899 0.23255 0.0999994
      vertex 0.3144 0.233 -0.0999994
      vertex 0.311899 0.23255 -0.0999994
    endloop
  endfacet
  facet normal -0.422914 0.90617 0
    outer loop
      vertex 0.311899 0.23255 -0.0999994
      vertex 0.30365 0.2287 0.0999994
      vertex 0.311899 0.23255 0.0999994
    endloop
  endfacet
  facet normal -0.422914 0.90617 0
    outer loop
      vertex 0.30365 0.2287 0.0999994
      vertex 0.311899 0.23255 -0.0999994
      vertex 0.30365 0.2287 -0.0999994
    endloop
  endfacet
  facet normal -0.0200227 0.9998 0
    outer loop
      vertex 0.30365 0.2287 -0.0999994
      vertex 0.29365 0.228499 0.0999994
      vertex 0.30365 0.2287 0.0999994
    endloop
  endfacet
  facet normal -0.0200227 0.9998 0
    outer loop
      vertex 0.29365 0.228499 0.0999994
      vertex 0.30365 0.2287 -0.0999994
      vertex 0.29365 0.228499 -0.0999994
    endloop
  endfacet
  facet normal -0.0402688 0.999189 0
    outer loop
      vertex 0.29365 0.228499 -0.0999994
      vertex 0.28745 0.22825 0.0999994
      vertex 0.29365 0.228499 0.0999994
    endloop
  endfacet
  facet normal -0.0402688 0.999189 0
    outer loop
      vertex 0.28745 0.22825 0.0999994
      vertex 0.29365 0.228499 -0.0999994
      vertex 0.28745 0.22825 -0.0999994
    endloop
  endfacet
  facet normal -0.496054 0.868292 0
    outer loop
      vertex 0.28745 0.22825 -0.0999994
      vertex 0.2864 0.22765 0.0999994
      vertex 0.28745 0.22825 0.0999994
    endloop
  endfacet
  facet normal -0.496054 0.868292 0
    outer loop
      vertex 0.2864 0.22765 0.0999994
      vertex 0.28745 0.22825 -0.0999994
      vertex 0.2864 0.22765 -0.0999994
    endloop
  endfacet
  facet normal -0.73965 0.672992 0
    outer loop
      vertex 0.285899 0.227099 -0.0999994
      vertex 0.2864 0.22765 0.0999994
      vertex 0.2864 0.22765 -0.0999994
    endloop
  endfacet
  facet normal -0.73965 0.672992 0
    outer loop
      vertex 0.2864 0.22765 0.0999994
      vertex 0.285899 0.227099 -0.0999994
      vertex 0.285899 0.227099 0.0999994
    endloop
  endfacet
  facet normal -0.598765 0.800925 0
    outer loop
      vertex 0.285899 0.227099 -0.0999994
      vertex 0.280749 0.223249 0.0999994
      vertex 0.285899 0.227099 0.0999994
    endloop
  endfacet
  facet normal -0.598765 0.800925 0
    outer loop
      vertex 0.280749 0.223249 0.0999994
      vertex 0.285899 0.227099 -0.0999994
      vertex 0.280749 0.223249 -0.0999994
    endloop
  endfacet
  facet normal -0.831235 0.555921 0
    outer loop
      vertex 0.280649 0.2231 -0.0999994
      vertex 0.280749 0.223249 0.0999994
      vertex 0.280749 0.223249 -0.0999994
    endloop
  endfacet
  facet normal -0.831235 0.555921 0
    outer loop
      vertex 0.280749 0.223249 0.0999994
      vertex 0.280649 0.2231 -0.0999994
      vertex 0.280649 0.2231 0.0999994
    endloop
  endfacet
  facet normal -0.579379 0.815058 0
    outer loop
      vertex 0.280649 0.2231 -0.0999994
      vertex 0.278749 0.221749 0.0999994
      vertex 0.280649 0.2231 0.0999994
    endloop
  endfacet
  facet normal -0.579379 0.815058 0
    outer loop
      vertex 0.278749 0.221749 0.0999994
      vertex 0.280649 0.2231 -0.0999994
      vertex 0.278749 0.221749 -0.0999994
    endloop
  endfacet
  facet normal -0.831235 0.555921 0
    outer loop
      vertex 0.278649 0.2216 -0.0999994
      vertex 0.278749 0.221749 0.0999994
      vertex 0.278749 0.221749 -0.0999994
    endloop
  endfacet
  facet normal -0.831235 0.555921 0
    outer loop
      vertex 0.278749 0.221749 0.0999994
      vertex 0.278649 0.2216 -0.0999994
      vertex 0.278649 0.2216 0.0999994
    endloop
  endfacet
  facet normal -0.596487 0.802623 0
    outer loop
      vertex 0.278649 0.2216 -0.0999994
      vertex 0.2695 0.2148 0.0999994
      vertex 0.278649 0.2216 0.0999994
    endloop
  endfacet
  facet normal -0.596487 0.802623 0
    outer loop
      vertex 0.2695 0.2148 0.0999994
      vertex 0.278649 0.2216 -0.0999994
      vertex 0.2695 0.2148 -0.0999994
    endloop
  endfacet
  facet normal -0.610488 0.792025 0
    outer loop
      vertex 0.2695 0.2148 -0.0999994
      vertex 0.26645 0.212449 0.0999994
      vertex 0.2695 0.2148 0.0999994
    endloop
  endfacet
  facet normal -0.610488 0.792025 0
    outer loop
      vertex 0.26645 0.212449 0.0999994
      vertex 0.2695 0.2148 -0.0999994
      vertex 0.26645 0.212449 -0.0999994
    endloop
  endfacet
  facet normal -0.431344 0.902187 0
    outer loop
      vertex 0.26645 0.212449 -0.0999994
      vertex 0.260699 0.2097 0.0999994
      vertex 0.26645 0.212449 0.0999994
    endloop
  endfacet
  facet normal -0.431344 0.902187 0
    outer loop
      vertex 0.260699 0.2097 0.0999994
      vertex 0.26645 0.212449 -0.0999994
      vertex 0.260699 0.2097 -0.0999994
    endloop
  endfacet
  facet normal -0.4656 0.884995 0
    outer loop
      vertex 0.260699 0.2097 -0.0999994
      vertex 0.259749 0.2092 0.0999994
      vertex 0.260699 0.2097 0.0999994
    endloop
  endfacet
  facet normal -0.4656 0.884995 0
    outer loop
      vertex 0.259749 0.2092 0.0999994
      vertex 0.260699 0.2097 -0.0999994
      vertex 0.259749 0.2092 -0.0999994
    endloop
  endfacet
  facet normal -0.298599 0.954379 0
    outer loop
      vertex 0.259749 0.2092 -0.0999994
      vertex 0.258149 0.208699 0.0999994
      vertex 0.259749 0.2092 0.0999994
    endloop
  endfacet
  facet normal -0.298599 0.954379 0
    outer loop
      vertex 0.258149 0.208699 0.0999994
      vertex 0.259749 0.2092 -0.0999994
      vertex 0.258149 0.208699 -0.0999994
    endloop
  endfacet
  facet normal -0.214187 0.976793 0
    outer loop
      vertex 0.258149 0.208699 -0.0999994
      vertex 0.237399 0.204149 0.0999994
      vertex 0.258149 0.208699 0.0999994
    endloop
  endfacet
  facet normal -0.214187 0.976793 0
    outer loop
      vertex 0.237399 0.204149 0.0999994
      vertex 0.258149 0.208699 -0.0999994
      vertex 0.237399 0.204149 -0.0999994
    endloop
  endfacet
  facet normal -0.655903 0.754846 0
    outer loop
      vertex 0.237399 0.204149 -0.0999994
      vertex 0.221 0.189899 0.0999994
      vertex 0.237399 0.204149 0.0999994
    endloop
  endfacet
  facet normal -0.655903 0.754846 0
    outer loop
      vertex 0.221 0.189899 0.0999994
      vertex 0.237399 0.204149 -0.0999994
      vertex 0.221 0.189899 -0.0999994
    endloop
  endfacet
  facet normal -0.685543 0.728032 0
    outer loop
      vertex 0.221 0.189899 -0.0999994
      vertex 0.22015 0.189099 0.0999994
      vertex 0.221 0.189899 0.0999994
    endloop
  endfacet
  facet normal -0.685543 0.728032 0
    outer loop
      vertex 0.22015 0.189099 0.0999994
      vertex 0.221 0.189899 -0.0999994
      vertex 0.22015 0.189099 -0.0999994
    endloop
  endfacet
  facet normal -0.624586 0.780956 0
    outer loop
      vertex 0.22015 0.189099 -0.0999994
      vertex 0.217649 0.187099 0.0999994
      vertex 0.22015 0.189099 0.0999994
    endloop
  endfacet
  facet normal -0.624586 0.780956 0
    outer loop
      vertex 0.217649 0.187099 0.0999994
      vertex 0.22015 0.189099 -0.0999994
      vertex 0.217649 0.187099 -0.0999994
    endloop
  endfacet
  facet normal -0.492661 0.870221 0
    outer loop
      vertex 0.217649 0.187099 -0.0999994
      vertex 0.21235 0.184099 0.0999994
      vertex 0.217649 0.187099 0.0999994
    endloop
  endfacet
  facet normal -0.492661 0.870221 0
    outer loop
      vertex 0.21235 0.184099 0.0999994
      vertex 0.217649 0.187099 -0.0999994
      vertex 0.21235 0.184099 -0.0999994
    endloop
  endfacet
  facet normal -0.62228 0.782795 0
    outer loop
      vertex 0.21235 0.184099 -0.0999994
      vertex 0.1965 0.171499 0.0999994
      vertex 0.21235 0.184099 0.0999994
    endloop
  endfacet
  facet normal -0.62228 0.782795 0
    outer loop
      vertex 0.1965 0.171499 0.0999994
      vertex 0.21235 0.184099 -0.0999994
      vertex 0.1965 0.171499 -0.0999994
    endloop
  endfacet
  facet normal 0 1 -0
    outer loop
      vertex 0.1965 0.171499 -0.0999994
      vertex 0.19595 0.171499 0.0999994
      vertex 0.1965 0.171499 0.0999994
    endloop
  endfacet
  facet normal 0 1 0
    outer loop
      vertex 0.19595 0.171499 0.0999994
      vertex 0.1965 0.171499 -0.0999994
      vertex 0.19595 0.171499 -0.0999994
    endloop
  endfacet
  facet normal 0.991206 -0.132329 0
    outer loop
      vertex 0.19595 0.171499 0.0999994
      vertex 0.19615 0.172999 -0.0999994
      vertex 0.19615 0.172999 0.0999994
    endloop
  endfacet
  facet normal 0.991206 -0.132329 0
    outer loop
      vertex 0.19615 0.172999 -0.0999994
      vertex 0.19595 0.171499 0.0999994
      vertex 0.19595 0.171499 -0.0999994
    endloop
  endfacet
  facet normal 0 1 -0
    outer loop
      vertex 0.19615 0.172999 -0.0999994
      vertex 0.195499 0.172999 0.0999994
      vertex 0.19615 0.172999 0.0999994
    endloop
  endfacet
  facet normal 0 1 0
    outer loop
      vertex 0.195499 0.172999 0.0999994
      vertex 0.19615 0.172999 -0.0999994
      vertex 0.195499 0.172999 -0.0999994
    endloop
  endfacet
  facet normal 1 -0 0
    outer loop
      vertex 0.195499 0.172999 0.0999994
      vertex 0.195499 0.174 -0.0999994
      vertex 0.195499 0.174 0.0999994
    endloop
  endfacet
  facet normal 1 0 0
    outer loop
      vertex 0.195499 0.174 -0.0999994
      vertex 0.195499 0.172999 0.0999994
      vertex 0.195499 0.172999 -0.0999994
    endloop
  endfacet
  facet normal 0 1 -0
    outer loop
      vertex 0.195499 0.174 -0.0999994
      vertex 0.194949 0.174 0.0999994
      vertex 0.195499 0.174 0.0999994
    endloop
  endfacet
  facet normal 0 1 0
    outer loop
      vertex 0.194949 0.174 0.0999994
      vertex 0.195499 0.174 -0.0999994
      vertex 0.194949 0.174 -0.0999994
    endloop
  endfacet
  facet normal 0.991206 -0.132329 0
    outer loop
      vertex 0.194949 0.174 0.0999994
      vertex 0.195149 0.1755 -0.0999994
      vertex 0.195149 0.1755 0.0999994
    endloop
  endfacet
  facet normal 0.991206 -0.132329 0
    outer loop
      vertex 0.195149 0.1755 -0.0999994
      vertex 0.194949 0.174 0.0999994
      vertex 0.194949 0.174 -0.0999994
    endloop
  endfacet
  facet normal 0 1 -0
    outer loop
      vertex 0.195149 0.1755 -0.0999994
      vertex 0.194449 0.1755 0.0999994
      vertex 0.195149 0.1755 0.0999994
    endloop
  endfacet
  facet normal 0 1 0
    outer loop
      vertex 0.194449 0.1755 0.0999994
      vertex 0.195149 0.1755 -0.0999994
      vertex 0.194449 0.1755 -0.0999994
    endloop
  endfacet
  facet normal 0.991195 -0.132412 0
    outer loop
      vertex 0.194449 0.1755 0.0999994
      vertex 0.19465 0.176999 -0.0999994
      vertex 0.19465 0.176999 0.0999994
    endloop
  endfacet
  facet normal 0.991195 -0.132412 0
    outer loop
      vertex 0.19465 0.176999 -0.0999994
      vertex 0.194449 0.1755 0.0999994
      vertex 0.194449 0.1755 -0.0999994
    endloop
  endfacet
  facet normal 0 1 -0
    outer loop
      vertex 0.19465 0.176999 -0.0999994
      vertex 0.19395 0.176999 0.0999994
      vertex 0.19465 0.176999 0.0999994
    endloop
  endfacet
  facet normal 0 1 0
    outer loop
      vertex 0.19395 0.176999 0.0999994
      vertex 0.19465 0.176999 -0.0999994
      vertex 0.19395 0.176999 -0.0999994
    endloop
  endfacet
  facet normal 0.970197 -0.242318 0
    outer loop
      vertex 0.19395 0.176999 0.0999994
      vertex 0.1942 0.177999 -0.0999994
      vertex 0.1942 0.177999 0.0999994
    endloop
  endfacet
  facet normal 0.970197 -0.242318 0
    outer loop
      vertex 0.1942 0.177999 -0.0999994
      vertex 0.19395 0.176999 0.0999994
      vertex 0.19395 0.176999 -0.0999994
    endloop
  endfacet
  facet normal 0 1 -0
    outer loop
      vertex 0.1942 0.177999 -0.0999994
      vertex 0.19345 0.177999 0.0999994
      vertex 0.1942 0.177999 0.0999994
    endloop
  endfacet
  facet normal 0 1 0
    outer loop
      vertex 0.19345 0.177999 0.0999994
      vertex 0.1942 0.177999 -0.0999994
      vertex 0.19345 0.177999 -0.0999994
    endloop
  endfacet
  facet normal 0.991288 -0.13171 0
    outer loop
      vertex 0.19345 0.177999 0.0999994
      vertex 0.193649 0.1795 -0.0999994
      vertex 0.193649 0.1795 0.0999994
    endloop
  endfacet
  facet normal 0.991288 -0.13171 0
    outer loop
      vertex 0.193649 0.1795 -0.0999994
      vertex 0.19345 0.177999 0.0999994
      vertex 0.19345 0.177999 -0.0999994
    endloop
  endfacet
  facet normal 0 1 -0
    outer loop
      vertex 0.193649 0.1795 -0.0999994
      vertex 0.193 0.1795 0.0999994
      vertex 0.193649 0.1795 0.0999994
    endloop
  endfacet
  facet normal 0 1 0
    outer loop
      vertex 0.193 0.1795 0.0999994
      vertex 0.193649 0.1795 -0.0999994
      vertex 0.193 0.1795 -0.0999994
    endloop
  endfacet
  facet normal 1 -0 0
    outer loop
      vertex 0.193 0.1795 0.0999994
      vertex 0.193 0.180499 -0.0999994
      vertex 0.193 0.180499 0.0999994
    endloop
  endfacet
  facet normal 1 0 0
    outer loop
      vertex 0.193 0.180499 -0.0999994
      vertex 0.193 0.1795 0.0999994
      vertex 0.193 0.1795 -0.0999994
    endloop
  endfacet
  facet normal 0 1 -0
    outer loop
      vertex 0.193 0.180499 -0.0999994
      vertex 0.19245 0.180499 0.0999994
      vertex 0.193 0.180499 0.0999994
    endloop
  endfacet
  facet normal 0 1 0
    outer loop
      vertex 0.19245 0.180499 0.0999994
      vertex 0.193 0.180499 -0.0999994
      vertex 0.19245 0.180499 -0.0999994
    endloop
  endfacet
  facet normal 0.991206 -0.132329 0
    outer loop
      vertex 0.19245 0.180499 0.0999994
      vertex 0.19265 0.181999 -0.0999994
      vertex 0.19265 0.181999 0.0999994
    endloop
  endfacet
  facet normal 0.991206 -0.132329 0
    outer loop
      vertex 0.19265 0.181999 -0.0999994
      vertex 0.19245 0.180499 0.0999994
      vertex 0.19245 0.180499 -0.0999994
    endloop
  endfacet
  facet normal 0 1 -0
    outer loop
      vertex 0.19265 0.181999 -0.0999994
      vertex 0.19195 0.181999 0.0999994
      vertex 0.19265 0.181999 0.0999994
    endloop
  endfacet
  facet normal 0 1 0
    outer loop
      vertex 0.19195 0.181999 0.0999994
      vertex 0.19265 0.181999 -0.0999994
      vertex 0.19195 0.181999 -0.0999994
    endloop
  endfacet
  facet normal 0.991288 -0.13171 0
    outer loop
      vertex 0.19195 0.181999 0.0999994
      vertex 0.192149 0.183499 -0.0999994
      vertex 0.192149 0.183499 0.0999994
    endloop
  endfacet
  facet normal 0.991288 -0.13171 0
    outer loop
      vertex 0.192149 0.183499 -0.0999994
      vertex 0.19195 0.181999 0.0999994
      vertex 0.19195 0.181999 -0.0999994
    endloop
  endfacet
  facet normal 0 1 -0
    outer loop
      vertex 0.192149 0.183499 -0.0999994
      vertex 0.191449 0.183499 0.0999994
      vertex 0.192149 0.183499 0.0999994
    endloop
  endfacet
  facet normal 0 1 0
    outer loop
      vertex 0.191449 0.183499 0.0999994
      vertex 0.192149 0.183499 -0.0999994
      vertex 0.191449 0.183499 -0.0999994
    endloop
  endfacet
  facet normal 0.969979 -0.243188 0
    outer loop
      vertex 0.191449 0.183499 0.0999994
      vertex 0.1917 0.1845 -0.0999994
      vertex 0.1917 0.1845 0.0999994
    endloop
  endfacet
  facet normal 0.969979 -0.243188 0
    outer loop
      vertex 0.1917 0.1845 -0.0999994
      vertex 0.191449 0.183499 0.0999994
      vertex 0.191449 0.183499 -0.0999994
    endloop
  endfacet
  facet normal 0 1 -0
    outer loop
      vertex 0.1917 0.1845 -0.0999994
      vertex 0.190949 0.1845 0.0999994
      vertex 0.1917 0.1845 0.0999994
    endloop
  endfacet
  facet normal 0 1 0
    outer loop
      vertex 0.190949 0.1845 0.0999994
      vertex 0.1917 0.1845 -0.0999994
      vertex 0.190949 0.1845 -0.0999994
    endloop
  endfacet
  facet normal 0.991206 -0.132329 0
    outer loop
      vertex 0.190949 0.1845 0.0999994
      vertex 0.19115 0.186 -0.0999994
      vertex 0.19115 0.186 0.0999994
    endloop
  endfacet
  facet normal 0.991206 -0.132329 0
    outer loop
      vertex 0.19115 0.186 -0.0999994
      vertex 0.190949 0.1845 0.0999994
      vertex 0.190949 0.1845 -0.0999994
    endloop
  endfacet
  facet normal 0 1 -0
    outer loop
      vertex 0.19115 0.186 -0.0999994
      vertex 0.190499 0.186 0.0999994
      vertex 0.19115 0.186 0.0999994
    endloop
  endfacet
  facet normal 0 1 0
    outer loop
      vertex 0.190499 0.186 0.0999994
      vertex 0.19115 0.186 -0.0999994
      vertex 0.190499 0.186 -0.0999994
    endloop
  endfacet
  facet normal 1 -0 0
    outer loop
      vertex 0.190499 0.186 0.0999994
      vertex 0.190499 0.186999 -0.0999994
      vertex 0.190499 0.186999 0.0999994
    endloop
  endfacet
  facet normal 1 0 0
    outer loop
      vertex 0.190499 0.186999 -0.0999994
      vertex 0.190499 0.186 0.0999994
      vertex 0.190499 0.186 -0.0999994
    endloop
  endfacet
  facet normal 0 1 -0
    outer loop
      vertex 0.190499 0.186999 -0.0999994
      vertex 0.19 0.186999 0.0999994
      vertex 0.190499 0.186999 0.0999994
    endloop
  endfacet
  facet normal 0 1 0
    outer loop
      vertex 0.19 0.186999 0.0999994
      vertex 0.190499 0.186999 -0.0999994
      vertex 0.19 0.186999 -0.0999994
    endloop
  endfacet
  facet normal 1 -0 0
    outer loop
      vertex 0.19 0.186999 0.0999994
      vertex 0.19 0.190049 -0.0999994
      vertex 0.19 0.190049 0.0999994
    endloop
  endfacet
  facet normal 1 0 0
    outer loop
      vertex 0.19 0.190049 -0.0999994
      vertex 0.19 0.186999 0.0999994
      vertex 0.19 0.186999 -0.0999994
    endloop
  endfacet
  facet normal 0.767802 -0.640687 0
    outer loop
      vertex 0.19 0.190049 0.0999994
      vertex 0.20865 0.212399 -0.0999994
      vertex 0.20865 0.212399 0.0999994
    endloop
  endfacet
  facet normal 0.767802 -0.640687 0
    outer loop
      vertex 0.20865 0.212399 -0.0999994
      vertex 0.19 0.190049 0.0999994
      vertex 0.19 0.190049 -0.0999994
    endloop
  endfacet
  facet normal 0.878116 -0.478447 0
    outer loop
      vertex 0.20865 0.212399 0.0999994
      vertex 0.2126 0.219649 -0.0999994
      vertex 0.2126 0.219649 0.0999994
    endloop
  endfacet
  facet normal 0.878116 -0.478447 0
    outer loop
      vertex 0.2126 0.219649 -0.0999994
      vertex 0.20865 0.212399 0.0999994
      vertex 0.20865 0.212399 -0.0999994
    endloop
  endfacet
  facet normal 0.684144 -0.729347 0
    outer loop
      vertex 0.2126 0.219649 -0.0999994
      vertex 0.2134 0.2204 0.0999994
      vertex 0.2126 0.219649 0.0999994
    endloop
  endfacet
  facet normal 0.684144 -0.729347 0
    outer loop
      vertex 0.2134 0.2204 0.0999994
      vertex 0.2126 0.219649 -0.0999994
      vertex 0.2134 0.2204 -0.0999994
    endloop
  endfacet
  facet normal 0.760716 -0.649085 0
    outer loop
      vertex 0.2134 0.2204 0.0999994
      vertex 0.216599 0.22415 -0.0999994
      vertex 0.216599 0.22415 0.0999994
    endloop
  endfacet
  facet normal 0.760716 -0.649085 0
    outer loop
      vertex 0.216599 0.22415 -0.0999994
      vertex 0.2134 0.2204 0.0999994
      vertex 0.2134 0.2204 -0.0999994
    endloop
  endfacet
  facet normal 0.742512 -0.669833 0
    outer loop
      vertex 0.216599 0.22415 0.0999994
      vertex 0.2272 0.2359 -0.0999994
      vertex 0.2272 0.2359 0.0999994
    endloop
  endfacet
  facet normal 0.742512 -0.669833 0
    outer loop
      vertex 0.2272 0.2359 -0.0999994
      vertex 0.216599 0.22415 0.0999994
      vertex 0.216599 0.22415 -0.0999994
    endloop
  endfacet
  facet normal 0.776015 -0.630715 0
    outer loop
      vertex 0.2272 0.2359 0.0999994
      vertex 0.228499 0.237499 -0.0999994
      vertex 0.228499 0.237499 0.0999994
    endloop
  endfacet
  facet normal 0.776015 -0.630715 0
    outer loop
      vertex 0.228499 0.237499 -0.0999994
      vertex 0.2272 0.2359 0.0999994
      vertex 0.2272 0.2359 -0.0999994
    endloop
  endfacet
  facet normal 0.974458 -0.224569 0
    outer loop
      vertex 0.228499 0.237499 0.0999994
      vertex 0.231299 0.249649 -0.0999994
      vertex 0.231299 0.249649 0.0999994
    endloop
  endfacet
  facet normal 0.974458 -0.224569 0
    outer loop
      vertex 0.231299 0.249649 -0.0999994
      vertex 0.228499 0.237499 0.0999994
      vertex 0.228499 0.237499 -0.0999994
    endloop
  endfacet
  facet normal 0.978236 -0.207498 0
    outer loop
      vertex 0.231299 0.249649 0.0999994
      vertex 0.233049 0.257899 -0.0999994
      vertex 0.233049 0.257899 0.0999994
    endloop
  endfacet
  facet normal 0.978236 -0.207498 0
    outer loop
      vertex 0.233049 0.257899 -0.0999994
      vertex 0.231299 0.249649 0.0999994
      vertex 0.231299 0.249649 -0.0999994
    endloop
  endfacet
  facet normal 0.897345 -0.441331 0
    outer loop
      vertex 0.233049 0.257899 0.0999994
      vertex 0.23755 0.26705 -0.0999994
      vertex 0.23755 0.26705 0.0999994
    endloop
  endfacet
  facet normal 0.897345 -0.441331 0
    outer loop
      vertex 0.23755 0.26705 -0.0999994
      vertex 0.233049 0.257899 0.0999994
      vertex 0.233049 0.257899 -0.0999994
    endloop
  endfacet
  facet normal 0.793968 -0.607959 0
    outer loop
      vertex 0.23755 0.26705 0.0999994
      vertex 0.24 0.270249 -0.0999994
      vertex 0.24 0.270249 0.0999994
    endloop
  endfacet
  facet normal 0.793968 -0.607959 0
    outer loop
      vertex 0.24 0.270249 -0.0999994
      vertex 0.23755 0.26705 0.0999994
      vertex 0.23755 0.26705 -0.0999994
    endloop
  endfacet
  facet normal 0.832186 -0.554497 0
    outer loop
      vertex 0.24 0.270249 0.0999994
      vertex 0.2406 0.27115 -0.0999994
      vertex 0.2406 0.27115 0.0999994
    endloop
  endfacet
  facet normal 0.832186 -0.554497 0
    outer loop
      vertex 0.2406 0.27115 -0.0999994
      vertex 0.24 0.270249 0.0999994
      vertex 0.24 0.270249 -0.0999994
    endloop
  endfacet
  facet normal 0.747278 -0.664511 0
    outer loop
      vertex 0.2406 0.27115 0.0999994
      vertex 0.2422 0.272949 -0.0999994
      vertex 0.2422 0.272949 0.0999994
    endloop
  endfacet
  facet normal 0.747278 -0.664511 0
    outer loop
      vertex 0.2422 0.272949 -0.0999994
      vertex 0.2406 0.27115 0.0999994
      vertex 0.2406 0.27115 -0.0999994
    endloop
  endfacet
  facet normal 0.884995 -0.4656 0
    outer loop
      vertex 0.2422 0.272949 0.0999994
      vertex 0.2427 0.273899 -0.0999994
      vertex 0.2427 0.273899 0.0999994
    endloop
  endfacet
  facet normal 0.884995 -0.4656 0
    outer loop
      vertex 0.2427 0.273899 -0.0999994
      vertex 0.2422 0.272949 0.0999994
      vertex 0.2422 0.272949 -0.0999994
    endloop
  endfacet
  facet normal 0.786735 -0.617291 0
    outer loop
      vertex 0.2427 0.273899 0.0999994
      vertex 0.24525 0.277149 -0.0999994
      vertex 0.24525 0.277149 0.0999994
    endloop
  endfacet
  facet normal 0.786735 -0.617291 0
    outer loop
      vertex 0.24525 0.277149 -0.0999994
      vertex 0.2427 0.273899 0.0999994
      vertex 0.2427 0.273899 -0.0999994
    endloop
  endfacet
  facet normal 0.756196 -0.654345 0
    outer loop
      vertex 0.24525 0.277149 0.0999994
      vertex 0.245899 0.2779 -0.0999994
      vertex 0.245899 0.2779 0.0999994
    endloop
  endfacet
  facet normal 0.756196 -0.654345 0
    outer loop
      vertex 0.245899 0.2779 -0.0999994
      vertex 0.24525 0.277149 0.0999994
      vertex 0.24525 0.277149 -0.0999994
    endloop
  endfacet
  facet normal 0.824579 -0.565747 0
    outer loop
      vertex 0.245899 0.2779 0.0999994
      vertex 0.2471 0.27965 -0.0999994
      vertex 0.2471 0.27965 0.0999994
    endloop
  endfacet
  facet normal 0.824579 -0.565747 0
    outer loop
      vertex 0.2471 0.27965 -0.0999994
      vertex 0.245899 0.2779 0.0999994
      vertex 0.245899 0.2779 -0.0999994
    endloop
  endfacet
  facet normal 0.707107 -0.707107 0
    outer loop
      vertex 0.2471 0.27965 0.0999994
      vertex 0.247649 0.280199 -0.0999994
      vertex 0.247649 0.280199 0.0999994
    endloop
  endfacet
  facet normal 0.707107 -0.707107 0
    outer loop
      vertex 0.247649 0.280199 -0.0999994
      vertex 0.2471 0.27965 0.0999994
      vertex 0.2471 0.27965 -0.0999994
    endloop
  endfacet
  facet normal 0.79827 -0.6023 0
    outer loop
      vertex 0.247649 0.280199 0.0999994
      vertex 0.2518 0.2857 -0.0999994
      vertex 0.2518 0.2857 0.0999994
    endloop
  endfacet
  facet normal 0.79827 -0.6023 0
    outer loop
      vertex 0.2518 0.2857 -0.0999994
      vertex 0.247649 0.280199 0.0999994
      vertex 0.247649 0.280199 -0.0999994
    endloop
  endfacet
  facet normal 0.778292 -0.627902 0
    outer loop
      vertex 0.2518 0.2857 0.0999994
      vertex 0.25305 0.28725 -0.0999994
      vertex 0.25305 0.28725 0.0999994
    endloop
  endfacet
  facet normal 0.778292 -0.627902 0
    outer loop
      vertex 0.25305 0.28725 -0.0999994
      vertex 0.2518 0.2857 0.0999994
      vertex 0.2518 0.2857 -0.0999994
    endloop
  endfacet
  facet normal 0.999174 -0.0406437 0
    outer loop
      vertex 0.25305 0.28725 0.0999994
      vertex 0.253249 0.29215 -0.0999994
      vertex 0.253249 0.29215 0.0999994
    endloop
  endfacet
  facet normal 0.999174 -0.0406437 0
    outer loop
      vertex 0.253249 0.29215 -0.0999994
      vertex 0.25305 0.28725 0.0999994
      vertex 0.25305 0.28725 -0.0999994
    endloop
  endfacet
  facet normal 0.997582 -0.0695004 0
    outer loop
      vertex 0.253249 0.29215 0.0999994
      vertex 0.2535 0.29575 -0.0999994
      vertex 0.2535 0.29575 0.0999994
    endloop
  endfacet
  facet normal 0.997582 -0.0695004 0
    outer loop
      vertex 0.2535 0.29575 -0.0999994
      vertex 0.253249 0.29215 0.0999994
      vertex 0.253249 0.29215 -0.0999994
    endloop
  endfacet
  facet normal 1 -0 0
    outer loop
      vertex 0.2535 0.29575 0.0999994
      vertex 0.2535 0.303399 -0.0999994
      vertex 0.2535 0.303399 0.0999994
    endloop
  endfacet
  facet normal 1 0 0
    outer loop
      vertex 0.2535 0.303399 -0.0999994
      vertex 0.2535 0.29575 0.0999994
      vertex 0.2535 0.29575 -0.0999994
    endloop
  endfacet
  facet normal 0.902351 -0.431002 0
    outer loop
      vertex 0.2535 0.303399 0.0999994
      vertex 0.257799 0.3124 -0.0999994
      vertex 0.257799 0.3124 0.0999994
    endloop
  endfacet
  facet normal 0.902351 -0.431002 0
    outer loop
      vertex 0.257799 0.3124 -0.0999994
      vertex 0.2535 0.303399 0.0999994
      vertex 0.2535 0.303399 -0.0999994
    endloop
  endfacet
  facet normal 0.994683 -0.102986 0
    outer loop
      vertex 0.257799 0.3124 0.0999994
      vertex 0.259999 0.33365 -0.0999994
      vertex 0.259999 0.33365 0.0999994
    endloop
  endfacet
  facet normal 0.994683 -0.102986 0
    outer loop
      vertex 0.259999 0.33365 -0.0999994
      vertex 0.257799 0.3124 0.0999994
      vertex 0.257799 0.3124 -0.0999994
    endloop
  endfacet
  facet normal 0.999372 -0.0354355 0
    outer loop
      vertex 0.259999 0.33365 0.0999994
      vertex 0.26015 0.337899 -0.0999994
      vertex 0.26015 0.337899 0.0999994
    endloop
  endfacet
  facet normal 0.999372 -0.0354355 0
    outer loop
      vertex 0.26015 0.337899 -0.0999994
      vertex 0.259999 0.33365 0.0999994
      vertex 0.259999 0.33365 -0.0999994
    endloop
  endfacet
  facet normal 0.971074 -0.238779 0
    outer loop
      vertex 0.26015 0.337899 0.0999994
      vertex 0.260949 0.341149 -0.0999994
      vertex 0.260949 0.341149 0.0999994
    endloop
  endfacet
  facet normal 0.971074 -0.238779 0
    outer loop
      vertex 0.260949 0.341149 -0.0999994
      vertex 0.26015 0.337899 0.0999994
      vertex 0.26015 0.337899 -0.0999994
    endloop
  endfacet
  facet normal 0.98274 -0.184994 0
    outer loop
      vertex 0.260949 0.341149 0.0999994
      vertex 0.261749 0.3454 -0.0999994
      vertex 0.261749 0.3454 0.0999994
    endloop
  endfacet
  facet normal 0.98274 -0.184994 0
    outer loop
      vertex 0.261749 0.3454 -0.0999994
      vertex 0.260949 0.341149 0.0999994
      vertex 0.260949 0.341149 -0.0999994
    endloop
  endfacet
  facet normal 0.963712 -0.266944 0
    outer loop
      vertex 0.261749 0.3454 0.0999994
      vertex 0.26265 0.34865 -0.0999994
      vertex 0.26265 0.34865 0.0999994
    endloop
  endfacet
  facet normal 0.963712 -0.266944 0
    outer loop
      vertex 0.26265 0.34865 -0.0999994
      vertex 0.261749 0.3454 0.0999994
      vertex 0.261749 0.3454 -0.0999994
    endloop
  endfacet
  facet normal 0.856004 -0.51697 0
    outer loop
      vertex 0.26265 0.34865 0.0999994
      vertex 0.27035 0.3614 -0.0999994
      vertex 0.27035 0.3614 0.0999994
    endloop
  endfacet
  facet normal 0.856004 -0.51697 0
    outer loop
      vertex 0.27035 0.3614 -0.0999994
      vertex 0.26265 0.34865 0.0999994
      vertex 0.26265 0.34865 -0.0999994
    endloop
  endfacet
  facet normal 0.843571 -0.537018 0
    outer loop
      vertex 0.27035 0.3614 0.0999994
      vertex 0.271049 0.362499 -0.0999994
      vertex 0.271049 0.362499 0.0999994
    endloop
  endfacet
  facet normal 0.843571 -0.537018 0
    outer loop
      vertex 0.271049 0.362499 -0.0999994
      vertex 0.27035 0.3614 0.0999994
      vertex 0.27035 0.3614 -0.0999994
    endloop
  endfacet
  facet normal 0.999988 0.00488578 0
    outer loop
      vertex 0.271049 0.362499 0.0999994
      vertex 0.271 0.372649 -0.0999994
      vertex 0.271 0.372649 0.0999994
    endloop
  endfacet
  facet normal 0.999988 0.00488578 0
    outer loop
      vertex 0.271 0.372649 -0.0999994
      vertex 0.271049 0.362499 0.0999994
      vertex 0.271049 0.362499 -0.0999994
    endloop
  endfacet
  facet normal 0.707949 -0.706263 0
    outer loop
      vertex 0.271 0.372649 0.0999994
      vertex 0.271399 0.37305 -0.0999994
      vertex 0.271399 0.37305 0.0999994
    endloop
  endfacet
  facet normal 0.707949 -0.706263 0
    outer loop
      vertex 0.271399 0.37305 -0.0999994
      vertex 0.271 0.372649 0.0999994
      vertex 0.271 0.372649 -0.0999994
    endloop
  endfacet
  facet normal 0.999325 -0.0367243 0
    outer loop
      vertex 0.271399 0.37305 0.0999994
      vertex 0.271449 0.374399 -0.0999994
      vertex 0.271449 0.374399 0.0999994
    endloop
  endfacet
  facet normal 0.999325 -0.0367243 0
    outer loop
      vertex 0.271449 0.374399 -0.0999994
      vertex 0.271399 0.37305 0.0999994
      vertex 0.271399 0.37305 -0.0999994
    endloop
  endfacet
  facet normal 0.992929 -0.118711 0
    outer loop
      vertex 0.271449 0.374399 0.0999994
      vertex 0.27185 0.377749 -0.0999994
      vertex 0.27185 0.377749 0.0999994
    endloop
  endfacet
  facet normal 0.992929 -0.118711 0
    outer loop
      vertex 0.27185 0.377749 -0.0999994
      vertex 0.271449 0.374399 0.0999994
      vertex 0.271449 0.374399 -0.0999994
    endloop
  endfacet
  facet normal 0.98645 -0.16406 0
    outer loop
      vertex 0.27185 0.377749 0.0999994
      vertex 0.271999 0.37865 -0.0999994
      vertex 0.271999 0.37865 0.0999994
    endloop
  endfacet
  facet normal 0.98645 -0.16406 0
    outer loop
      vertex 0.271999 0.37865 -0.0999994
      vertex 0.27185 0.377749 0.0999994
      vertex 0.27185 0.377749 -0.0999994
    endloop
  endfacet
  facet normal 1 -0 0
    outer loop
      vertex 0.271999 0.37865 0.0999994
      vertex 0.271999 0.38005 -0.0999994
      vertex 0.271999 0.38005 0.0999994
    endloop
  endfacet
  facet normal 1 0 0
    outer loop
      vertex 0.271999 0.38005 -0.0999994
      vertex 0.271999 0.37865 0.0999994
      vertex 0.271999 0.37865 -0.0999994
    endloop
  endfacet
  facet normal 0.863729 -0.503956 0
    outer loop
      vertex 0.271999 0.38005 0.0999994
      vertex 0.272349 0.38065 -0.0999994
      vertex 0.272349 0.38065 0.0999994
    endloop
  endfacet
  facet normal 0.863729 -0.503956 0
    outer loop
      vertex 0.272349 0.38065 -0.0999994
      vertex 0.271999 0.38005 0.0999994
      vertex 0.271999 0.38005 -0.0999994
    endloop
  endfacet
  facet normal 0.995672 -0.0929328 0
    outer loop
      vertex 0.272349 0.38065 0.0999994
      vertex 0.272699 0.384399 -0.0999994
      vertex 0.272699 0.384399 0.0999994
    endloop
  endfacet
  facet normal 0.995672 -0.0929328 0
    outer loop
      vertex 0.272699 0.384399 -0.0999994
      vertex 0.272349 0.38065 0.0999994
      vertex 0.272349 0.38065 -0.0999994
    endloop
  endfacet
  facet normal 0.98996 -0.141346 0
    outer loop
      vertex 0.272699 0.384399 0.0999994
      vertex 0.272949 0.386149 -0.0999994
      vertex 0.272949 0.386149 0.0999994
    endloop
  endfacet
  facet normal 0.98996 -0.141346 0
    outer loop
      vertex 0.272949 0.386149 -0.0999994
      vertex 0.272699 0.384399 0.0999994
      vertex 0.272699 0.384399 -0.0999994
    endloop
  endfacet
  facet normal 0.999886 -0.0151127 0
    outer loop
      vertex 0.272949 0.386149 0.0999994
      vertex 0.273149 0.3994 -0.0999994
      vertex 0.273149 0.3994 0.0999994
    endloop
  endfacet
  facet normal 0.999886 -0.0151127 0
    outer loop
      vertex 0.273149 0.3994 -0.0999994
      vertex 0.272949 0.386149 0.0999994
      vertex 0.272949 0.386149 -0.0999994
    endloop
  endfacet
  facet normal 0.997675 -0.068149 0
    outer loop
      vertex 0.273149 0.3994 0.0999994
      vertex 0.273549 0.40525 -0.0999994
      vertex 0.273549 0.40525 0.0999994
    endloop
  endfacet
  facet normal 0.997675 -0.068149 0
    outer loop
      vertex 0.273549 0.40525 -0.0999994
      vertex 0.273149 0.3994 0.0999994
      vertex 0.273149 0.3994 -0.0999994
    endloop
  endfacet
  facet normal 0.997938 -0.0641863 0
    outer loop
      vertex 0.273549 0.40525 0.0999994
      vertex 0.2738 0.409149 -0.0999994
      vertex 0.2738 0.409149 0.0999994
    endloop
  endfacet
  facet normal 0.997938 -0.0641863 0
    outer loop
      vertex 0.2738 0.409149 -0.0999994
      vertex 0.273549 0.40525 0.0999994
      vertex 0.273549 0.40525 -0.0999994
    endloop
  endfacet
  facet normal 0.993613 -0.112842 0
    outer loop
      vertex 0.2738 0.409149 0.0999994
      vertex 0.27405 0.411349 -0.0999994
      vertex 0.27405 0.411349 0.0999994
    endloop
  endfacet
  facet normal 0.993613 -0.112842 0
    outer loop
      vertex 0.27405 0.411349 -0.0999994
      vertex 0.2738 0.409149 0.0999994
      vertex 0.2738 0.409149 -0.0999994
    endloop
  endfacet
  facet normal 0.980581 -0.196116 0
    outer loop
      vertex 0.27405 0.411349 0.0999994
      vertex 0.27415 0.41185 -0.0999994
      vertex 0.27415 0.41185 0.0999994
    endloop
  endfacet
  facet normal 0.980581 -0.196116 0
    outer loop
      vertex 0.27415 0.41185 -0.0999994
      vertex 0.27405 0.411349 0.0999994
      vertex 0.27405 0.411349 -0.0999994
    endloop
  endfacet
  facet normal 0.938932 0.344102 0
    outer loop
      vertex 0.27415 0.41185 0.0999994
      vertex 0.271749 0.4184 -0.0999994
      vertex 0.271749 0.4184 0.0999994
    endloop
  endfacet
  facet normal 0.938932 0.344102 0
    outer loop
      vertex 0.271749 0.4184 -0.0999994
      vertex 0.27415 0.41185 0.0999994
      vertex 0.27415 0.41185 -0.0999994
    endloop
  endfacet
  facet normal 0.928446 0.371467 0
    outer loop
      vertex 0.271749 0.4184 0.0999994
      vertex 0.270949 0.4204 -0.0999994
      vertex 0.270949 0.4204 0.0999994
    endloop
  endfacet
  facet normal 0.928446 0.371467 0
    outer loop
      vertex 0.270949 0.4204 -0.0999994
      vertex 0.271749 0.4184 0.0999994
      vertex 0.271749 0.4184 -0.0999994
    endloop
  endfacet
  facet normal 0.991195 0.132412 0
    outer loop
      vertex 0.270949 0.4204 0.0999994
      vertex 0.270849 0.421149 -0.0999994
      vertex 0.270849 0.421149 0.0999994
    endloop
  endfacet
  facet normal 0.991195 0.132412 0
    outer loop
      vertex 0.270849 0.421149 -0.0999994
      vertex 0.270949 0.4204 0.0999994
      vertex 0.270949 0.4204 -0.0999994
    endloop
  endfacet
  facet normal 0.857637 0.514255 0
    outer loop
      vertex 0.270849 0.421149 0.0999994
      vertex 0.270249 0.42215 -0.0999994
      vertex 0.270249 0.42215 0.0999994
    endloop
  endfacet
  facet normal 0.857637 0.514255 0
    outer loop
      vertex 0.270249 0.42215 -0.0999994
      vertex 0.270849 0.421149 0.0999994
      vertex 0.270849 0.421149 -0.0999994
    endloop
  endfacet
  facet normal 0.942184 0.335096 0
    outer loop
      vertex 0.270249 0.42215 0.0999994
      vertex 0.269449 0.424399 -0.0999994
      vertex 0.269449 0.424399 0.0999994
    endloop
  endfacet
  facet normal 0.942184 0.335096 0
    outer loop
      vertex 0.269449 0.424399 -0.0999994
      vertex 0.270249 0.42215 0.0999994
      vertex 0.270249 0.42215 -0.0999994
    endloop
  endfacet
  facet normal 0.991217 0.132246 0
    outer loop
      vertex 0.269449 0.424399 0.0999994
      vertex 0.269349 0.42515 -0.0999994
      vertex 0.269349 0.42515 0.0999994
    endloop
  endfacet
  facet normal 0.991217 0.132246 0
    outer loop
      vertex 0.269349 0.42515 -0.0999994
      vertex 0.269449 0.424399 0.0999994
      vertex 0.269449 0.424399 -0.0999994
    endloop
  endfacet
  facet normal 0.915322 0.402723 0
    outer loop
      vertex 0.269349 0.42515 0.0999994
      vertex 0.267699 0.4289 -0.0999994
      vertex 0.267699 0.4289 0.0999994
    endloop
  endfacet
  facet normal 0.915322 0.402723 0
    outer loop
      vertex 0.267699 0.4289 -0.0999994
      vertex 0.269349 0.42515 0.0999994
      vertex 0.269349 0.42515 -0.0999994
    endloop
  endfacet
  facet normal 0.952096 0.305799 0
    outer loop
      vertex 0.267699 0.4289 0.0999994
      vertex 0.2668 0.4317 -0.0999994
      vertex 0.2668 0.4317 0.0999994
    endloop
  endfacet
  facet normal 0.952096 0.305799 0
    outer loop
      vertex 0.2668 0.4317 -0.0999994
      vertex 0.267699 0.4289 0.0999994
      vertex 0.267699 0.4289 -0.0999994
    endloop
  endfacet
  facet normal 0.876614 0.481194 0
    outer loop
      vertex 0.2668 0.4317 0.0999994
      vertex 0.265949 0.433249 -0.0999994
      vertex 0.265949 0.433249 0.0999994
    endloop
  endfacet
  facet normal 0.876614 0.481194 0
    outer loop
      vertex 0.265949 0.433249 -0.0999994
      vertex 0.2668 0.4317 0.0999994
      vertex 0.2668 0.4317 -0.0999994
    endloop
  endfacet
  facet normal 0.999679 -0.0253419 0
    outer loop
      vertex 0.265949 0.433249 0.0999994
      vertex 0.266049 0.4372 -0.0999994
      vertex 0.266049 0.4372 0.0999994
    endloop
  endfacet
  facet normal 0.999679 -0.0253419 0
    outer loop
      vertex 0.266049 0.4372 -0.0999994
      vertex 0.265949 0.433249 0.0999994
      vertex 0.265949 0.433249 -0.0999994
    endloop
  endfacet
  facet normal 0.707107 0.707107 0
    outer loop
      vertex 0.266049 0.4372 0.0999994
      vertex 0.26475 0.438499 -0.0999994
      vertex 0.26475 0.438499 0.0999994
    endloop
  endfacet
  facet normal 0.707107 0.707107 0
    outer loop
      vertex 0.26475 0.438499 -0.0999994
      vertex 0.266049 0.4372 0.0999994
      vertex 0.266049 0.4372 -0.0999994
    endloop
  endfacet
  facet normal 1 -0 0
    outer loop
      vertex 0.26475 0.438499 0.0999994
      vertex 0.26475 0.43895 -0.0999994
      vertex 0.26475 0.43895 0.0999994
    endloop
  endfacet
  facet normal 1 0 0
    outer loop
      vertex 0.26475 0.43895 -0.0999994
      vertex 0.26475 0.438499 0.0999994
      vertex 0.26475 0.438499 -0.0999994
    endloop
  endfacet
  facet normal 0.707107 0.707107 0
    outer loop
      vertex 0.26475 0.43895 0.0999994
      vertex 0.2625 0.441199 -0.0999994
      vertex 0.2625 0.441199 0.0999994
    endloop
  endfacet
  facet normal 0.707107 0.707107 0
    outer loop
      vertex 0.2625 0.441199 -0.0999994
      vertex 0.26475 0.43895 0.0999994
      vertex 0.26475 0.43895 -0.0999994
    endloop
  endfacet
  facet normal 0.9705 0.241102 0
    outer loop
      vertex 0.2625 0.441199 0.0999994
      vertex 0.2605 0.449249 -0.0999994
      vertex 0.2605 0.449249 0.0999994
    endloop
  endfacet
  facet normal 0.9705 0.241102 0
    outer loop
      vertex 0.2605 0.449249 -0.0999994
      vertex 0.2625 0.441199 0.0999994
      vertex 0.2625 0.441199 -0.0999994
    endloop
  endfacet
  facet normal 0.97394 0.226806 0
    outer loop
      vertex 0.2605 0.449249 0.0999994
      vertex 0.257449 0.46235 -0.0999994
      vertex 0.257449 0.46235 0.0999994
    endloop
  endfacet
  facet normal 0.97394 0.226806 0
    outer loop
      vertex 0.257449 0.46235 -0.0999994
      vertex 0.2605 0.449249 0.0999994
      vertex 0.2605 0.449249 -0.0999994
    endloop
  endfacet
  facet normal 0.714152 0.699991 0
    outer loop
      vertex 0.257449 0.46235 0.0999994
      vertex 0.23765 0.48255 -0.0999994
      vertex 0.23765 0.48255 0.0999994
    endloop
  endfacet
  facet normal 0.714152 0.699991 0
    outer loop
      vertex 0.23765 0.48255 -0.0999994
      vertex 0.257449 0.46235 0.0999994
      vertex 0.257449 0.46235 -0.0999994
    endloop
  endfacet
  facet normal 0.42203 0.906582 -0
    outer loop
      vertex 0.23765 0.48255 -0.0999994
      vertex 0.233999 0.484249 0.0999994
      vertex 0.23765 0.48255 0.0999994
    endloop
  endfacet
  facet normal 0.42203 0.906582 0
    outer loop
      vertex 0.233999 0.484249 0.0999994
      vertex 0.23765 0.48255 -0.0999994
      vertex 0.233999 0.484249 -0.0999994
    endloop
  endfacet
  facet normal 0.401972 0.915652 -0
    outer loop
      vertex 0.233999 0.484249 -0.0999994
      vertex 0.22705 0.4873 0.0999994
      vertex 0.233999 0.484249 0.0999994
    endloop
  endfacet
  facet normal 0.401972 0.915652 0
    outer loop
      vertex 0.22705 0.4873 0.0999994
      vertex 0.233999 0.484249 -0.0999994
      vertex 0.22705 0.4873 -0.0999994
    endloop
  endfacet
  facet normal 0.639464 0.768821 -0
    outer loop
      vertex 0.22705 0.4873 -0.0999994
      vertex 0.226749 0.48755 0.0999994
      vertex 0.22705 0.4873 0.0999994
    endloop
  endfacet
  facet normal 0.639464 0.768821 0
    outer loop
      vertex 0.226749 0.48755 0.0999994
      vertex 0.22705 0.4873 -0.0999994
      vertex 0.226749 0.48755 -0.0999994
    endloop
  endfacet
  facet normal 1 -0 0
    outer loop
      vertex 0.226749 0.48755 0.0999994
      vertex 0.226749 0.5 -0.0999994
      vertex 0.226749 0.5 0.0999994
    endloop
  endfacet
  facet normal 1 0 0
    outer loop
      vertex 0.226749 0.5 -0.0999994
      vertex 0.226749 0.48755 0.0999994
      vertex 0.226749 0.48755 -0.0999994
    endloop
  endfacet
  facet normal 0 1 -0
    outer loop
      vertex 0.226749 0.5 -0.0999994
      vertex 0.0912495 0.5 0.0999994
      vertex 0.226749 0.5 0.0999994
    endloop
  endfacet
  facet normal 0 1 0
    outer loop
      vertex 0.0912495 0.5 0.0999994
      vertex 0.226749 0.5 -0.0999994
      vertex 0.0912495 0.5 -0.0999994
    endloop
  endfacet
  facet normal -0.999968 0.00794647 0
    outer loop
      vertex 0.0911493 0.487399 -0.0999994
      vertex 0.0912495 0.5 0.0999994
      vertex 0.0912495 0.5 -0.0999994
    endloop
  endfacet
  facet normal -0.999968 0.00794647 0
    outer loop
      vertex 0.0912495 0.5 0.0999994
      vertex 0.0911493 0.487399 -0.0999994
      vertex 0.0911493 0.487399 0.0999994
    endloop
  endfacet
  facet normal -0.451494 0.892274 0
    outer loop
      vertex 0.0911493 0.487399 -0.0999994
      vertex 0.0870991 0.48535 0.0999994
      vertex 0.0911493 0.487399 0.0999994
    endloop
  endfacet
  facet normal -0.451494 0.892274 0
    outer loop
      vertex 0.0870991 0.48535 0.0999994
      vertex 0.0911493 0.487399 -0.0999994
      vertex 0.0870991 0.48535 -0.0999994
    endloop
  endfacet
  facet normal -0.602782 0.797906 0
    outer loop
      vertex 0.0870991 0.48535 -0.0999994
      vertex 0.0801497 0.4801 0.0999994
      vertex 0.0870991 0.48535 0.0999994
    endloop
  endfacet
  facet normal -0.602782 0.797906 0
    outer loop
      vertex 0.0801497 0.4801 0.0999994
      vertex 0.0870991 0.48535 -0.0999994
      vertex 0.0801497 0.4801 -0.0999994
    endloop
  endfacet
  facet normal -0.304763 0.952428 0
    outer loop
      vertex 0.0801497 0.4801 -0.0999994
      vertex 0.0776491 0.4793 0.0999994
      vertex 0.0801497 0.4801 0.0999994
    endloop
  endfacet
  facet normal -0.304763 0.952428 0
    outer loop
      vertex 0.0776491 0.4793 0.0999994
      vertex 0.0801497 0.4801 -0.0999994
      vertex 0.0776491 0.4793 -0.0999994
    endloop
  endfacet
  facet normal -0.35914 0.933284 0
    outer loop
      vertex 0.0776491 0.4793 -0.0999994
      vertex 0.0750494 0.478299 0.0999994
      vertex 0.0776491 0.4793 0.0999994
    endloop
  endfacet
  facet normal -0.35914 0.933284 0
    outer loop
      vertex 0.0750494 0.478299 0.0999994
      vertex 0.0776491 0.4793 -0.0999994
      vertex 0.0750494 0.478299 -0.0999994
    endloop
  endfacet
  facet normal 0.708452 0.705759 0
    outer loop
      vertex 0.0750494 0.478299 0.0999994
      vertex 0.0747995 0.47855 -0.0999994
      vertex 0.0747995 0.47855 0.0999994
    endloop
  endfacet
  facet normal 0.708452 0.705759 0
    outer loop
      vertex 0.0747995 0.47855 -0.0999994
      vertex 0.0750494 0.478299 0.0999994
      vertex 0.0750494 0.478299 -0.0999994
    endloop
  endfacet
  facet normal -0.539035 0.842283 0
    outer loop
      vertex 0.0747995 0.47855 -0.0999994
      vertex 0.0735493 0.47775 0.0999994
      vertex 0.0747995 0.47855 0.0999994
    endloop
  endfacet
  facet normal -0.539035 0.842283 0
    outer loop
      vertex 0.0735493 0.47775 0.0999994
      vertex 0.0747995 0.47855 -0.0999994
      vertex 0.0735493 0.47775 -0.0999994
    endloop
  endfacet
  facet normal -0.331879 0.943322 0
    outer loop
      vertex 0.0735493 0.47775 -0.0999994
      vertex 0.0708494 0.4768 0.0999994
      vertex 0.0735493 0.47775 0.0999994
    endloop
  endfacet
  facet normal -0.331879 0.943322 0
    outer loop
      vertex 0.0708494 0.4768 0.0999994
      vertex 0.0735493 0.47775 -0.0999994
      vertex 0.0708494 0.4768 -0.0999994
    endloop
  endfacet
  facet normal -0.359438 0.933169 0
    outer loop
      vertex 0.0708494 0.4768 -0.0999994
      vertex 0.0695496 0.476299 0.0999994
      vertex 0.0708494 0.4768 0.0999994
    endloop
  endfacet
  facet normal -0.359438 0.933169 0
    outer loop
      vertex 0.0695496 0.476299 0.0999994
      vertex 0.0708494 0.4768 -0.0999994
      vertex 0.0695496 0.476299 -0.0999994
    endloop
  endfacet
  facet normal 0.639464 0.768821 -0
    outer loop
      vertex 0.0695496 0.476299 -0.0999994
      vertex 0.0692492 0.476549 0.0999994
      vertex 0.0695496 0.476299 0.0999994
    endloop
  endfacet
  facet normal 0.639464 0.768821 0
    outer loop
      vertex 0.0692492 0.476549 0.0999994
      vertex 0.0695496 0.476299 -0.0999994
      vertex 0.0692492 0.476549 -0.0999994
    endloop
  endfacet
  facet normal -0.624816 0.780772 0
    outer loop
      vertex 0.0692492 0.476549 -0.0999994
      vertex 0.0684996 0.475949 0.0999994
      vertex 0.0692492 0.476549 0.0999994
    endloop
  endfacet
  facet normal -0.624816 0.780772 0
    outer loop
      vertex 0.0684996 0.475949 0.0999994
      vertex 0.0692492 0.476549 -0.0999994
      vertex 0.0684996 0.475949 -0.0999994
    endloop
  endfacet
  facet normal -0.343619 0.939109 0
    outer loop
      vertex 0.0684996 0.475949 -0.0999994
      vertex 0.0643997 0.474449 0.0999994
      vertex 0.0684996 0.475949 0.0999994
    endloop
  endfacet
  facet normal -0.343619 0.939109 0
    outer loop
      vertex 0.0643997 0.474449 0.0999994
      vertex 0.0684996 0.475949 -0.0999994
      vertex 0.0643997 0.474449 -0.0999994
    endloop
  endfacet
  facet normal -0.131008 0.991381 0
    outer loop
      vertex 0.0643997 0.474449 -0.0999994
      vertex 0.0636492 0.47435 0.0999994
      vertex 0.0643997 0.474449 0.0999994
    endloop
  endfacet
  facet normal -0.131008 0.991381 0
    outer loop
      vertex 0.0636492 0.47435 0.0999994
      vertex 0.0643997 0.474449 -0.0999994
      vertex 0.0636492 0.47435 -0.0999994
    endloop
  endfacet
  facet normal -0.468116 0.883667 0
    outer loop
      vertex 0.0636492 0.47435 -0.0999994
      vertex 0.0619497 0.47345 0.0999994
      vertex 0.0636492 0.47435 0.0999994
    endloop
  endfacet
  facet normal -0.468116 0.883667 0
    outer loop
      vertex 0.0619497 0.47345 0.0999994
      vertex 0.0636492 0.47435 -0.0999994
      vertex 0.0619497 0.47345 -0.0999994
    endloop
  endfacet
  facet normal -0.708763 0.705447 0
    outer loop
      vertex 0.0513992 0.46285 -0.0999994
      vertex 0.0619497 0.47345 0.0999994
      vertex 0.0619497 0.47345 -0.0999994
    endloop
  endfacet
  facet normal -0.708763 0.705447 0
    outer loop
      vertex 0.0619497 0.47345 0.0999994
      vertex 0.0513992 0.46285 -0.0999994
      vertex 0.0513992 0.46285 0.0999994
    endloop
  endfacet
  facet normal -0.77756 0.628809 0
    outer loop
      vertex 0.0486498 0.45945 -0.0999994
      vertex 0.0513992 0.46285 0.0999994
      vertex 0.0513992 0.46285 -0.0999994
    endloop
  endfacet
  facet normal -0.77756 0.628809 0
    outer loop
      vertex 0.0513992 0.46285 0.0999994
      vertex 0.0486498 0.45945 -0.0999994
      vertex 0.0486498 0.45945 0.0999994
    endloop
  endfacet
  facet normal -0.731086 0.682285 0
    outer loop
      vertex 0.0472498 0.45795 -0.0999994
      vertex 0.0486498 0.45945 0.0999994
      vertex 0.0486498 0.45945 -0.0999994
    endloop
  endfacet
  facet normal -0.731086 0.682285 0
    outer loop
      vertex 0.0486498 0.45945 0.0999994
      vertex 0.0472498 0.45795 -0.0999994
      vertex 0.0472498 0.45795 0.0999994
    endloop
  endfacet
  facet normal -1 0 0
    outer loop
      vertex 0.0472498 0.457549 -0.0999994
      vertex 0.0472498 0.45795 0.0999994
      vertex 0.0472498 0.45795 -0.0999994
    endloop
  endfacet
  facet normal -1 -0 0
    outer loop
      vertex 0.0472498 0.45795 0.0999994
      vertex 0.0472498 0.457549 -0.0999994
      vertex 0.0472498 0.457549 0.0999994
    endloop
  endfacet
  facet normal -0.350146 0.936695 0
    outer loop
      vertex 0.0472498 0.457549 -0.0999994
      vertex 0.0468493 0.457399 0.0999994
      vertex 0.0472498 0.457549 0.0999994
    endloop
  endfacet
  facet normal -0.350146 0.936695 0
    outer loop
      vertex 0.0468493 0.457399 0.0999994
      vertex 0.0472498 0.457549 -0.0999994
      vertex 0.0468493 0.457399 -0.0999994
    endloop
  endfacet
  facet normal -0.803379 0.595468 0
    outer loop
      vertex 0.0446997 0.454499 -0.0999994
      vertex 0.0468493 0.457399 0.0999994
      vertex 0.0468493 0.457399 -0.0999994
    endloop
  endfacet
  facet normal -0.803379 0.595468 0
    outer loop
      vertex 0.0468493 0.457399 0.0999994
      vertex 0.0446997 0.454499 -0.0999994
      vertex 0.0446997 0.454499 0.0999994
    endloop
  endfacet
  facet normal 0 1 -0
    outer loop
      vertex 0.0446997 0.454499 -0.0999994
      vertex 0.0442991 0.454499 0.0999994
      vertex 0.0446997 0.454499 0.0999994
    endloop
  endfacet
  facet normal 0 1 0
    outer loop
      vertex 0.0442991 0.454499 0.0999994
      vertex 0.0446997 0.454499 -0.0999994
      vertex 0.0442991 0.454499 -0.0999994
    endloop
  endfacet
  facet normal -0.943147 0.332377 0
    outer loop
      vertex 0.0439997 0.45365 -0.0999994
      vertex 0.0442991 0.454499 0.0999994
      vertex 0.0442991 0.454499 -0.0999994
    endloop
  endfacet
  facet normal -0.943147 0.332377 0
    outer loop
      vertex 0.0442991 0.454499 0.0999994
      vertex 0.0439997 0.45365 -0.0999994
      vertex 0.0439997 0.45365 0.0999994
    endloop
  endfacet
  facet normal -0.774789 0.63222 0
    outer loop
      vertex 0.0388994 0.447399 -0.0999994
      vertex 0.0439997 0.45365 0.0999994
      vertex 0.0439997 0.45365 -0.0999994
    endloop
  endfacet
  facet normal -0.774789 0.63222 0
    outer loop
      vertex 0.0439997 0.45365 0.0999994
      vertex 0.0388994 0.447399 -0.0999994
      vertex 0.0388994 0.447399 0.0999994
    endloop
  endfacet
  facet normal -0.712502 0.701671 0
    outer loop
      vertex 0.0291996 0.43755 -0.0999994
      vertex 0.0388994 0.447399 0.0999994
      vertex 0.0388994 0.447399 -0.0999994
    endloop
  endfacet
  facet normal -0.712502 0.701671 0
    outer loop
      vertex 0.0388994 0.447399 0.0999994
      vertex 0.0291996 0.43755 -0.0999994
      vertex 0.0291996 0.43755 0.0999994
    endloop
  endfacet
  facet normal -0.986647 -0.162875 0
    outer loop
      vertex 0.0292492 0.437249 -0.0999994
      vertex 0.0291996 0.43755 0.0999994
      vertex 0.0291996 0.43755 -0.0999994
    endloop
  endfacet
  facet normal -0.986647 -0.162875 0
    outer loop
      vertex 0.0291996 0.43755 0.0999994
      vertex 0.0292492 0.437249 -0.0999994
      vertex 0.0292492 0.437249 0.0999994
    endloop
  endfacet
  facet normal -0.901075 0.433662 0
    outer loop
      vertex 0.0285997 0.4359 -0.0999994
      vertex 0.0292492 0.437249 0.0999994
      vertex 0.0292492 0.437249 -0.0999994
    endloop
  endfacet
  facet normal -0.901075 0.433662 0
    outer loop
      vertex 0.0292492 0.437249 0.0999994
      vertex 0.0285997 0.4359 -0.0999994
      vertex 0.0285997 0.4359 0.0999994
    endloop
  endfacet
  facet normal -0.973631 -0.228127 0
    outer loop
      vertex 0.0287991 0.435049 -0.0999994
      vertex 0.0285997 0.4359 0.0999994
      vertex 0.0285997 0.4359 -0.0999994
    endloop
  endfacet
  facet normal -0.973631 -0.228127 0
    outer loop
      vertex 0.0285997 0.4359 0.0999994
      vertex 0.0287991 0.435049 -0.0999994
      vertex 0.0287991 0.435049 0.0999994
    endloop
  endfacet
  facet normal -0.957263 0.289218 0
    outer loop
      vertex 0.0281496 0.432899 -0.0999994
      vertex 0.0287991 0.435049 0.0999994
      vertex 0.0287991 0.435049 -0.0999994
    endloop
  endfacet
  facet normal -0.957263 0.289218 0
    outer loop
      vertex 0.0287991 0.435049 0.0999994
      vertex 0.0281496 0.432899 -0.0999994
      vertex 0.0281496 0.432899 0.0999994
    endloop
  endfacet
  facet normal -0.976138 -0.217149 0
    outer loop
      vertex 0.0282497 0.432449 -0.0999994
      vertex 0.0281496 0.432899 0.0999994
      vertex 0.0281496 0.432899 -0.0999994
    endloop
  endfacet
  facet normal -0.976138 -0.217149 0
    outer loop
      vertex 0.0281496 0.432899 0.0999994
      vertex 0.0282497 0.432449 -0.0999994
      vertex 0.0282497 0.432449 0.0999994
    endloop
  endfacet
  facet normal -0.916182 0.400762 0
    outer loop
      vertex 0.0278997 0.431649 -0.0999994
      vertex 0.0282497 0.432449 0.0999994
      vertex 0.0282497 0.432449 -0.0999994
    endloop
  endfacet
  facet normal -0.916182 0.400762 0
    outer loop
      vertex 0.0282497 0.432449 0.0999994
      vertex 0.0278997 0.431649 -0.0999994
      vertex 0.0278997 0.431649 0.0999994
    endloop
  endfacet
  facet normal -0.990467 0.137747 0
    outer loop
      vertex 0.0273991 0.428049 -0.0999994
      vertex 0.0278997 0.431649 0.0999994
      vertex 0.0278997 0.431649 -0.0999994
    endloop
  endfacet
  facet normal -0.990467 0.137747 0
    outer loop
      vertex 0.0278997 0.431649 0.0999994
      vertex 0.0273991 0.428049 -0.0999994
      vertex 0.0273991 0.428049 0.0999994
    endloop
  endfacet
  facet normal -0.973575 0.228369 0
    outer loop
      vertex 0.0271997 0.427199 -0.0999994
      vertex 0.0273991 0.428049 0.0999994
      vertex 0.0273991 0.428049 -0.0999994
    endloop
  endfacet
  facet normal -0.973575 0.228369 0
    outer loop
      vertex 0.0273991 0.428049 0.0999994
      vertex 0.0271997 0.427199 -0.0999994
      vertex 0.0271997 0.427199 0.0999994
    endloop
  endfacet
  facet normal -0.801713 0.597709 0
    outer loop
      vertex 0.0167999 0.41325 -0.0999994
      vertex 0.0271997 0.427199 0.0999994
      vertex 0.0271997 0.427199 -0.0999994
    endloop
  endfacet
  facet normal -0.801713 0.597709 0
    outer loop
      vertex 0.0271997 0.427199 0.0999994
      vertex 0.0167999 0.41325 -0.0999994
      vertex 0.0167999 0.41325 0.0999994
    endloop
  endfacet
  facet normal -0.78617 0.618011 0
    outer loop
      vertex 0.0162497 0.41255 -0.0999994
      vertex 0.0167999 0.41325 0.0999994
      vertex 0.0167999 0.41325 -0.0999994
    endloop
  endfacet
  facet normal -0.78617 0.618011 0
    outer loop
      vertex 0.0167999 0.41325 0.0999994
      vertex 0.0162497 0.41255 -0.0999994
      vertex 0.0162497 0.41255 0.0999994
    endloop
  endfacet
  facet normal -0.972838 0.231485 0
    outer loop
      vertex 0.0127993 0.398049 -0.0999994
      vertex 0.0162497 0.41255 0.0999994
      vertex 0.0162497 0.41255 -0.0999994
    endloop
  endfacet
  facet normal -0.972838 0.231485 0
    outer loop
      vertex 0.0162497 0.41255 0.0999994
      vertex 0.0127993 0.398049 -0.0999994
      vertex 0.0127993 0.398049 0.0999994
    endloop
  endfacet
  facet normal -0.983843 0.179035 0
    outer loop
      vertex 0.0126991 0.397499 -0.0999994
      vertex 0.0127993 0.398049 0.0999994
      vertex 0.0127993 0.398049 -0.0999994
    endloop
  endfacet
  facet normal -0.983843 0.179035 0
    outer loop
      vertex 0.0127993 0.398049 0.0999994
      vertex 0.0126991 0.397499 -0.0999994
      vertex 0.0126991 0.397499 0.0999994
    endloop
  endfacet
  facet normal 0 1 -0
    outer loop
      vertex 0.0126991 0.397499 -0.0999994
      vertex 0.0120497 0.397499 0.0999994
      vertex 0.0126991 0.397499 0.0999994
    endloop
  endfacet
  facet normal 0 1 0
    outer loop
      vertex 0.0120497 0.397499 0.0999994
      vertex 0.0126991 0.397499 -0.0999994
      vertex 0.0120497 0.397499 -0.0999994
    endloop
  endfacet
  facet normal 0.973676 0.227938 0
    outer loop
      vertex 0.0120497 0.397499 0.0999994
      vertex 0.00854969 0.41245 -0.0999994
      vertex 0.00854969 0.41245 0.0999994
    endloop
  endfacet
  facet normal 0.973676 0.227938 0
    outer loop
      vertex 0.00854969 0.41245 -0.0999994
      vertex 0.0120497 0.397499 0.0999994
      vertex 0.0120497 0.397499 -0.0999994
    endloop
  endfacet
  facet normal 0.831478 0.555558 0
    outer loop
      vertex 0.00854969 0.41245 0.0999994
      vertex 0.000999451 0.42375 -0.0999994
      vertex 0.000999451 0.42375 0.0999994
    endloop
  endfacet
  facet normal 0.831478 0.555558 0
    outer loop
      vertex 0.000999451 0.42375 -0.0999994
      vertex 0.00854969 0.41245 0.0999994
      vertex 0.00854969 0.41245 -0.0999994
    endloop
  endfacet
  facet normal 0.990502 0.137502 0
    outer loop
      vertex 0.000999451 0.42375 0.0999994
      vertex 0.000249863 0.42915 -0.0999994
      vertex 0.000249863 0.42915 0.0999994
    endloop
  endfacet
  facet normal 0.990502 0.137502 0
    outer loop
      vertex 0.000249863 0.42915 -0.0999994
      vertex 0.000999451 0.42375 0.0999994
      vertex 0.000999451 0.42375 -0.0999994
    endloop
  endfacet
  facet normal 0.985673 0.168666 0
    outer loop
      vertex 0.000249863 0.42915 0.0999994
      vertex -4.95911e-05 0.4309 -0.0999994
      vertex -4.95911e-05 0.4309 0.0999994
    endloop
  endfacet
  facet normal 0.985673 0.168666 0
    outer loop
      vertex -4.95911e-05 0.4309 -0.0999994
      vertex 0.000249863 0.42915 0.0999994
      vertex 0.000249863 0.42915 -0.0999994
    endloop
  endfacet
  facet normal 0.99636 0.0852471 0
    outer loop
      vertex -4.95911e-05 0.4309 0.0999994
      vertex -0.000199318 0.43265 -0.0999994
      vertex -0.000199318 0.43265 0.0999994
    endloop
  endfacet
  facet normal 0.99636 0.0852471 0
    outer loop
      vertex -0.000199318 0.43265 -0.0999994
      vertex -4.95911e-05 0.4309 0.0999994
      vertex -4.95911e-05 0.4309 -0.0999994
    endloop
  endfacet
  facet normal 0.964648 0.263542 0
    outer loop
      vertex -0.000199318 0.43265 0.0999994
      vertex -0.000499725 0.433749 -0.0999994
      vertex -0.000499725 0.433749 0.0999994
    endloop
  endfacet
  facet normal 0.964648 0.263542 0
    outer loop
      vertex -0.000499725 0.433749 -0.0999994
      vertex -0.000199318 0.43265 0.0999994
      vertex -0.000199318 0.43265 -0.0999994
    endloop
  endfacet
  facet normal 1 -0 0
    outer loop
      vertex -0.000499725 0.433749 0.0999994
      vertex -0.000499725 0.43415 -0.0999994
      vertex -0.000499725 0.43415 0.0999994
    endloop
  endfacet
  facet normal 1 0 0
    outer loop
      vertex -0.000499725 0.43415 -0.0999994
      vertex -0.000499725 0.433749 0.0999994
      vertex -0.000499725 0.433749 -0.0999994
    endloop
  endfacet
  facet normal 0.989943 0.141463 0
    outer loop
      vertex -0.000499725 0.43415 0.0999994
      vertex -0.00094986 0.4373 -0.0999994
      vertex -0.00094986 0.4373 0.0999994
    endloop
  endfacet
  facet normal 0.989943 0.141463 0
    outer loop
      vertex -0.00094986 0.4373 -0.0999994
      vertex -0.000499725 0.43415 0.0999994
      vertex -0.000499725 0.43415 -0.0999994
    endloop
  endfacet
  facet normal 0.711347 0.702841 0
    outer loop
      vertex -0.00094986 0.4373 0.0999994
      vertex -0.0133991 0.4499 -0.0999994
      vertex -0.0133991 0.4499 0.0999994
    endloop
  endfacet
  facet normal 0.711347 0.702841 0
    outer loop
      vertex -0.0133991 0.4499 -0.0999994
      vertex -0.00094986 0.4373 0.0999994
      vertex -0.00094986 0.4373 -0.0999994
    endloop
  endfacet
  facet normal 0.854226 0.519902 0
    outer loop
      vertex -0.0133991 0.4499 0.0999994
      vertex -0.0140991 0.45105 -0.0999994
      vertex -0.0140991 0.45105 0.0999994
    endloop
  endfacet
  facet normal 0.854226 0.519902 0
    outer loop
      vertex -0.0140991 0.45105 -0.0999994
      vertex -0.0133991 0.4499 0.0999994
      vertex -0.0133991 0.4499 -0.0999994
    endloop
  endfacet
  facet normal 0.759159 0.650905 0
    outer loop
      vertex -0.0140991 0.45105 0.0999994
      vertex -0.0158997 0.45315 -0.0999994
      vertex -0.0158997 0.45315 0.0999994
    endloop
  endfacet
  facet normal 0.759159 0.650905 0
    outer loop
      vertex -0.0158997 0.45315 -0.0999994
      vertex -0.0140991 0.45105 0.0999994
      vertex -0.0140991 0.45105 -0.0999994
    endloop
  endfacet
  facet normal 0.797925 0.602757 0
    outer loop
      vertex -0.0158997 0.45315 0.0999994
      vertex -0.0175991 0.4554 -0.0999994
      vertex -0.0175991 0.4554 0.0999994
    endloop
  endfacet
  facet normal 0.797925 0.602757 0
    outer loop
      vertex -0.0175991 0.4554 -0.0999994
      vertex -0.0158997 0.45315 0.0999994
      vertex -0.0158997 0.45315 -0.0999994
    endloop
  endfacet
  facet normal 0.639464 0.768821 -0
    outer loop
      vertex -0.0175991 0.4554 -0.0999994
      vertex -0.0178995 0.455649 0.0999994
      vertex -0.0175991 0.4554 0.0999994
    endloop
  endfacet
  facet normal 0.639464 0.768821 0
    outer loop
      vertex -0.0178995 0.455649 0.0999994
      vertex -0.0175991 0.4554 -0.0999994
      vertex -0.0178995 0.455649 -0.0999994
    endloop
  endfacet
  facet normal 0.778313 0.627876 0
    outer loop
      vertex -0.0178995 0.455649 0.0999994
      vertex -0.0239496 0.463149 -0.0999994
      vertex -0.0239496 0.463149 0.0999994
    endloop
  endfacet
  facet normal 0.778313 0.627876 0
    outer loop
      vertex -0.0239496 0.463149 -0.0999994
      vertex -0.0178995 0.455649 0.0999994
      vertex -0.0178995 0.455649 -0.0999994
    endloop
  endfacet
  facet normal 0.703267 0.710925 -0
    outer loop
      vertex -0.0239496 0.463149 -0.0999994
      vertex -0.0378494 0.476899 0.0999994
      vertex -0.0239496 0.463149 0.0999994
    endloop
  endfacet
  facet normal 0.703267 0.710925 0
    outer loop
      vertex -0.0378494 0.476899 0.0999994
      vertex -0.0239496 0.463149 -0.0999994
      vertex -0.0378494 0.476899 -0.0999994
    endloop
  endfacet
  facet normal 0.404647 0.914473 -0
    outer loop
      vertex -0.0378494 0.476899 -0.0999994
      vertex -0.0460997 0.48055 0.0999994
      vertex -0.0378494 0.476899 0.0999994
    endloop
  endfacet
  facet normal 0.404647 0.914473 0
    outer loop
      vertex -0.0460997 0.48055 0.0999994
      vertex -0.0378494 0.476899 -0.0999994
      vertex -0.0460997 0.48055 -0.0999994
    endloop
  endfacet
  facet normal 0.409233 0.91243 -0
    outer loop
      vertex -0.0460997 0.48055 -0.0999994
      vertex -0.0582495 0.485999 0.0999994
      vertex -0.0460997 0.48055 0.0999994
    endloop
  endfacet
  facet normal 0.409233 0.91243 0
    outer loop
      vertex -0.0582495 0.485999 0.0999994
      vertex -0.0460997 0.48055 -0.0999994
      vertex -0.0582495 0.485999 -0.0999994
    endloop
  endfacet
  facet normal 0.336553 0.941664 -0
    outer loop
      vertex -0.0582495 0.485999 -0.0999994
      vertex -0.0603495 0.48675 0.0999994
      vertex -0.0582495 0.485999 0.0999994
    endloop
  endfacet
  facet normal 0.336553 0.941664 0
    outer loop
      vertex -0.0603495 0.48675 0.0999994
      vertex -0.0582495 0.485999 -0.0999994
      vertex -0.0603495 0.48675 -0.0999994
    endloop
  endfacet
  facet normal 0.546013 0.837776 -0
    outer loop
      vertex -0.0603495 0.48675 -0.0999994
      vertex -0.0614996 0.487499 0.0999994
      vertex -0.0603495 0.48675 0.0999994
    endloop
  endfacet
  facet normal 0.546013 0.837776 0
    outer loop
      vertex -0.0614996 0.487499 0.0999994
      vertex -0.0603495 0.48675 -0.0999994
      vertex -0.0614996 0.487499 -0.0999994
    endloop
  endfacet
  facet normal 1 -0 0
    outer loop
      vertex -0.0614996 0.487499 0.0999994
      vertex -0.0614996 0.5 -0.0999994
      vertex -0.0614996 0.5 0.0999994
    endloop
  endfacet
  facet normal 1 0 0
    outer loop
      vertex -0.0614996 0.5 -0.0999994
      vertex -0.0614996 0.487499 0.0999994
      vertex -0.0614996 0.487499 -0.0999994
    endloop
  endfacet
  facet normal 0 1 -0
    outer loop
      vertex -0.0614996 0.5 -0.0999994
      vertex -0.202 0.5 0.0999994
      vertex -0.0614996 0.5 0.0999994
    endloop
  endfacet
  facet normal 0 1 0
    outer loop
      vertex -0.202 0.5 0.0999994
      vertex -0.0614996 0.5 -0.0999994
      vertex -0.202 0.5 -0.0999994
    endloop
  endfacet
  facet normal -1 0 0
    outer loop
      vertex -0.202 0.48755 -0.0999994
      vertex -0.202 0.5 0.0999994
      vertex -0.202 0.5 -0.0999994
    endloop
  endfacet
  facet normal -1 -0 0
    outer loop
      vertex -0.202 0.5 0.0999994
      vertex -0.202 0.48755 -0.0999994
      vertex -0.202 0.48755 0.0999994
    endloop
  endfacet
  facet normal -0.600203 0.799847 0
    outer loop
      vertex -0.202 0.48755 -0.0999994
      vertex -0.2026 0.4871 0.0999994
      vertex -0.202 0.48755 0.0999994
    endloop
  endfacet
  facet normal -0.600203 0.799847 0
    outer loop
      vertex -0.2026 0.4871 0.0999994
      vertex -0.202 0.48755 -0.0999994
      vertex -0.2026 0.4871 -0.0999994
    endloop
  endfacet
  facet normal -0.393983 0.919118 0
    outer loop
      vertex -0.2026 0.4871 -0.0999994
      vertex -0.209249 0.484249 0.0999994
      vertex -0.2026 0.4871 0.0999994
    endloop
  endfacet
  facet normal -0.393983 0.919118 0
    outer loop
      vertex -0.209249 0.484249 0.0999994
      vertex -0.2026 0.4871 -0.0999994
      vertex -0.209249 0.484249 -0.0999994
    endloop
  endfacet
  facet normal -0.426881 0.904308 0
    outer loop
      vertex -0.209249 0.484249 -0.0999994
      vertex -0.21285 0.48255 0.0999994
      vertex -0.209249 0.484249 0.0999994
    endloop
  endfacet
  facet normal -0.426881 0.904308 0
    outer loop
      vertex -0.21285 0.48255 0.0999994
      vertex -0.209249 0.484249 -0.0999994
      vertex -0.21285 0.48255 -0.0999994
    endloop
  endfacet
  facet normal -0.713259 0.700901 0
    outer loop
      vertex -0.232699 0.46235 -0.0999994
      vertex -0.21285 0.48255 0.0999994
      vertex -0.21285 0.48255 -0.0999994
    endloop
  endfacet
  facet normal -0.713259 0.700901 0
    outer loop
      vertex -0.21285 0.48255 0.0999994
      vertex -0.232699 0.46235 -0.0999994
      vertex -0.232699 0.46235 0.0999994
    endloop
  endfacet
  facet normal -0.973911 0.226931 0
    outer loop
      vertex -0.2363 0.446899 -0.0999994
      vertex -0.232699 0.46235 0.0999994
      vertex -0.232699 0.46235 -0.0999994
    endloop
  endfacet
  facet normal -0.973911 0.226931 0
    outer loop
      vertex -0.232699 0.46235 0.0999994
      vertex -0.2363 0.446899 -0.0999994
      vertex -0.2363 0.446899 0.0999994
    endloop
  endfacet
  facet normal -0.969658 0.244465 0
    outer loop
      vertex -0.237749 0.44115 -0.0999994
      vertex -0.2363 0.446899 0.0999994
      vertex -0.2363 0.446899 -0.0999994
    endloop
  endfacet
  facet normal -0.969658 0.244465 0
    outer loop
      vertex -0.2363 0.446899 0.0999994
      vertex -0.237749 0.44115 -0.0999994
      vertex -0.237749 0.44115 0.0999994
    endloop
  endfacet
  facet normal -0.693495 0.720461 0
    outer loop
      vertex -0.237749 0.44115 -0.0999994
      vertex -0.2391 0.43985 0.0999994
      vertex -0.237749 0.44115 0.0999994
    endloop
  endfacet
  facet normal -0.693495 0.720461 0
    outer loop
      vertex -0.2391 0.43985 0.0999994
      vertex -0.237749 0.44115 -0.0999994
      vertex -0.2391 0.43985 -0.0999994
    endloop
  endfacet
  facet normal -0.78262 0.6225 0
    outer loop
      vertex -0.240849 0.43765 -0.0999994
      vertex -0.2391 0.43985 0.0999994
      vertex -0.2391 0.43985 -0.0999994
    endloop
  endfacet
  facet normal -0.78262 0.6225 0
    outer loop
      vertex -0.2391 0.43985 0.0999994
      vertex -0.240849 0.43765 -0.0999994
      vertex -0.240849 0.43765 0.0999994
    endloop
  endfacet
  facet normal -0.613825 0.789442 0
    outer loop
      vertex -0.240849 0.43765 -0.0999994
      vertex -0.2413 0.4373 0.0999994
      vertex -0.240849 0.43765 0.0999994
    endloop
  endfacet
  facet normal -0.613825 0.789442 0
    outer loop
      vertex -0.2413 0.4373 0.0999994
      vertex -0.240849 0.43765 -0.0999994
      vertex -0.2413 0.4373 -0.0999994
    endloop
  endfacet
  facet normal -0.99992 -0.0126331 0
    outer loop
      vertex -0.241249 0.433299 -0.0999994
      vertex -0.2413 0.4373 0.0999994
      vertex -0.2413 0.4373 -0.0999994
    endloop
  endfacet
  facet normal -0.99992 -0.0126331 0
    outer loop
      vertex -0.2413 0.4373 0.0999994
      vertex -0.241249 0.433299 -0.0999994
      vertex -0.241249 0.433299 0.0999994
    endloop
  endfacet
  facet normal -0.913326 0.407229 0
    outer loop
      vertex -0.243099 0.42915 -0.0999994
      vertex -0.241249 0.433299 0.0999994
      vertex -0.241249 0.433299 -0.0999994
    endloop
  endfacet
  facet normal -0.913326 0.407229 0
    outer loop
      vertex -0.241249 0.433299 0.0999994
      vertex -0.243099 0.42915 -0.0999994
      vertex -0.243099 0.42915 0.0999994
    endloop
  endfacet
  facet normal -0.991217 0.132246 0
    outer loop
      vertex -0.243199 0.428399 -0.0999994
      vertex -0.243099 0.42915 0.0999994
      vertex -0.243099 0.42915 -0.0999994
    endloop
  endfacet
  facet normal -0.991217 0.132246 0
    outer loop
      vertex -0.243099 0.42915 0.0999994
      vertex -0.243199 0.428399 -0.0999994
      vertex -0.243199 0.428399 0.0999994
    endloop
  endfacet
  facet normal -0.942184 0.335096 0
    outer loop
      vertex -0.243999 0.426149 -0.0999994
      vertex -0.243199 0.428399 0.0999994
      vertex -0.243199 0.428399 -0.0999994
    endloop
  endfacet
  facet normal -0.942184 0.335096 0
    outer loop
      vertex -0.243199 0.428399 0.0999994
      vertex -0.243999 0.426149 -0.0999994
      vertex -0.243999 0.426149 0.0999994
    endloop
  endfacet
  facet normal -0.857421 0.514616 0
    outer loop
      vertex -0.244599 0.42515 -0.0999994
      vertex -0.243999 0.426149 0.0999994
      vertex -0.243999 0.426149 -0.0999994
    endloop
  endfacet
  facet normal -0.857421 0.514616 0
    outer loop
      vertex -0.243999 0.426149 0.0999994
      vertex -0.244599 0.42515 -0.0999994
      vertex -0.244599 0.42515 0.0999994
    endloop
  endfacet
  facet normal -0.991217 0.132246 0
    outer loop
      vertex -0.244699 0.424399 -0.0999994
      vertex -0.244599 0.42515 0.0999994
      vertex -0.244599 0.42515 -0.0999994
    endloop
  endfacet
  facet normal -0.991217 0.132246 0
    outer loop
      vertex -0.244599 0.42515 0.0999994
      vertex -0.244699 0.424399 -0.0999994
      vertex -0.244699 0.424399 0.0999994
    endloop
  endfacet
  facet normal -0.942184 0.335096 0
    outer loop
      vertex -0.2455 0.42215 -0.0999994
      vertex -0.244699 0.424399 0.0999994
      vertex -0.244699 0.424399 -0.0999994
    endloop
  endfacet
  facet normal -0.942184 0.335096 0
    outer loop
      vertex -0.244699 0.424399 0.0999994
      vertex -0.2455 0.42215 -0.0999994
      vertex -0.2455 0.42215 0.0999994
    endloop
  endfacet
  facet normal -0.857637 0.514255 0
    outer loop
      vertex -0.246099 0.421149 -0.0999994
      vertex -0.2455 0.42215 0.0999994
      vertex -0.2455 0.42215 -0.0999994
    endloop
  endfacet
  facet normal -0.857637 0.514255 0
    outer loop
      vertex -0.2455 0.42215 0.0999994
      vertex -0.246099 0.421149 -0.0999994
      vertex -0.246099 0.421149 0.0999994
    endloop
  endfacet
  facet normal -0.991195 0.132412 0
    outer loop
      vertex -0.2462 0.4204 -0.0999994
      vertex -0.246099 0.421149 0.0999994
      vertex -0.246099 0.421149 -0.0999994
    endloop
  endfacet
  facet normal -0.991195 0.132412 0
    outer loop
      vertex -0.246099 0.421149 0.0999994
      vertex -0.2462 0.4204 -0.0999994
      vertex -0.2462 0.4204 0.0999994
    endloop
  endfacet
  facet normal -0.934924 0.354848 0
    outer loop
      vertex -0.248249 0.415 -0.0999994
      vertex -0.2462 0.4204 0.0999994
      vertex -0.2462 0.4204 -0.0999994
    endloop
  endfacet
  facet normal -0.934924 0.354848 0
    outer loop
      vertex -0.2462 0.4204 0.0999994
      vertex -0.248249 0.415 -0.0999994
      vertex -0.248249 0.415 0.0999994
    endloop
  endfacet
  facet normal -0.939344 0.342976 0
    outer loop
      vertex -0.249399 0.41185 -0.0999994
      vertex -0.248249 0.415 0.0999994
      vertex -0.248249 0.415 -0.0999994
    endloop
  endfacet
  facet normal -0.939344 0.342976 0
    outer loop
      vertex -0.248249 0.415 0.0999994
      vertex -0.249399 0.41185 -0.0999994
      vertex -0.249399 0.41185 0.0999994
    endloop
  endfacet
  facet normal -0.978726 -0.205169 0
    outer loop
      vertex -0.2492 0.410899 -0.0999994
      vertex -0.249399 0.41185 0.0999994
      vertex -0.249399 0.41185 -0.0999994
    endloop
  endfacet
  facet normal -0.978726 -0.205169 0
    outer loop
      vertex -0.249399 0.41185 0.0999994
      vertex -0.2492 0.410899 -0.0999994
      vertex -0.2492 0.410899 0.0999994
    endloop
  endfacet
  facet normal -0.996337 -0.0855166 0
    outer loop
      vertex -0.248899 0.407399 -0.0999994
      vertex -0.2492 0.410899 0.0999994
      vertex -0.2492 0.410899 -0.0999994
    endloop
  endfacet
  facet normal -0.996337 -0.0855166 0
    outer loop
      vertex -0.2492 0.410899 0.0999994
      vertex -0.248899 0.407399 -0.0999994
      vertex -0.248899 0.407399 0.0999994
    endloop
  endfacet
  facet normal -0.999361 -0.0357401 0
    outer loop
      vertex -0.248599 0.398999 -0.0999994
      vertex -0.248899 0.407399 0.0999994
      vertex -0.248899 0.407399 -0.0999994
    endloop
  endfacet
  facet normal -0.999361 -0.0357401 0
    outer loop
      vertex -0.248899 0.407399 0.0999994
      vertex -0.248599 0.398999 -0.0999994
      vertex -0.248599 0.398999 0.0999994
    endloop
  endfacet
  facet normal -0.707107 -0.707107 0
    outer loop
      vertex -0.248249 0.398649 -0.0999994
      vertex -0.248599 0.398999 0.0999994
      vertex -0.248599 0.398999 -0.0999994
    endloop
  endfacet
  facet normal -0.707107 -0.707107 0
    outer loop
      vertex -0.248599 0.398999 0.0999994
      vertex -0.248249 0.398649 -0.0999994
      vertex -0.248249 0.398649 0.0999994
    endloop
  endfacet
  facet normal -0.999974 -0.00726593 0
    outer loop
      vertex -0.24815 0.384999 -0.0999994
      vertex -0.248249 0.398649 0.0999994
      vertex -0.248249 0.398649 -0.0999994
    endloop
  endfacet
  facet normal -0.999974 -0.00726593 0
    outer loop
      vertex -0.248249 0.398649 0.0999994
      vertex -0.24815 0.384999 -0.0999994
      vertex -0.24815 0.384999 0.0999994
    endloop
  endfacet
  facet normal -0.998236 -0.0593788 0
    outer loop
      vertex -0.248099 0.38415 -0.0999994
      vertex -0.24815 0.384999 0.0999994
      vertex -0.24815 0.384999 -0.0999994
    endloop
  endfacet
  facet normal -0.998236 -0.0593788 0
    outer loop
      vertex -0.24815 0.384999 0.0999994
      vertex -0.248099 0.38415 -0.0999994
      vertex -0.248099 0.38415 0.0999994
    endloop
  endfacet
  facet normal -0.863729 -0.503956 0
    outer loop
      vertex -0.247749 0.38355 -0.0999994
      vertex -0.248099 0.38415 0.0999994
      vertex -0.248099 0.38415 -0.0999994
    endloop
  endfacet
  facet normal -0.863729 -0.503956 0
    outer loop
      vertex -0.248099 0.38415 0.0999994
      vertex -0.247749 0.38355 -0.0999994
      vertex -0.247749 0.38355 0.0999994
    endloop
  endfacet
  facet normal -0.999734 -0.0230537 0
    outer loop
      vertex -0.2477 0.381399 -0.0999994
      vertex -0.247749 0.38355 0.0999994
      vertex -0.247749 0.38355 -0.0999994
    endloop
  endfacet
  facet normal -0.999734 -0.0230537 0
    outer loop
      vertex -0.247749 0.38355 0.0999994
      vertex -0.2477 0.381399 -0.0999994
      vertex -0.2477 0.381399 0.0999994
    endloop
  endfacet
  facet normal -0.991195 -0.132412 0
    outer loop
      vertex -0.2476 0.38065 -0.0999994
      vertex -0.2477 0.381399 0.0999994
      vertex -0.2477 0.381399 -0.0999994
    endloop
  endfacet
  facet normal -0.991195 -0.132412 0
    outer loop
      vertex -0.2477 0.381399 0.0999994
      vertex -0.2476 0.38065 -0.0999994
      vertex -0.2476 0.38065 0.0999994
    endloop
  endfacet
  facet normal -0.863729 -0.503956 0
    outer loop
      vertex -0.24725 0.38005 -0.0999994
      vertex -0.2476 0.38065 0.0999994
      vertex -0.2476 0.38065 -0.0999994
    endloop
  endfacet
  facet normal -0.863729 -0.503956 0
    outer loop
      vertex -0.2476 0.38065 0.0999994
      vertex -0.24725 0.38005 -0.0999994
      vertex -0.24725 0.38005 0.0999994
    endloop
  endfacet
  facet normal -1 0 0
    outer loop
      vertex -0.24725 0.37865 -0.0999994
      vertex -0.24725 0.38005 0.0999994
      vertex -0.24725 0.38005 -0.0999994
    endloop
  endfacet
  facet normal -1 -0 0
    outer loop
      vertex -0.24725 0.38005 0.0999994
      vertex -0.24725 0.37865 -0.0999994
      vertex -0.24725 0.37865 0.0999994
    endloop
  endfacet
  facet normal -0.985584 -0.169187 0
    outer loop
      vertex -0.246949 0.3769 -0.0999994
      vertex -0.24725 0.37865 0.0999994
      vertex -0.24725 0.37865 -0.0999994
    endloop
  endfacet
  facet normal -0.985584 -0.169187 0
    outer loop
      vertex -0.24725 0.37865 0.0999994
      vertex -0.246949 0.3769 -0.0999994
      vertex -0.246949 0.3769 0.0999994
    endloop
  endfacet
  facet normal -0.995893 -0.0905357 0
    outer loop
      vertex -0.246599 0.37305 -0.0999994
      vertex -0.246949 0.3769 0.0999994
      vertex -0.246949 0.3769 -0.0999994
    endloop
  endfacet
  facet normal -0.995893 -0.0905357 0
    outer loop
      vertex -0.246949 0.3769 0.0999994
      vertex -0.246599 0.37305 -0.0999994
      vertex -0.246599 0.37305 0.0999994
    endloop
  endfacet
  facet normal -0.753021 -0.657997 0
    outer loop
      vertex -0.246249 0.372649 -0.0999994
      vertex -0.246599 0.37305 0.0999994
      vertex -0.246599 0.37305 -0.0999994
    endloop
  endfacet
  facet normal -0.753021 -0.657997 0
    outer loop
      vertex -0.246599 0.37305 0.0999994
      vertex -0.246249 0.372649 -0.0999994
      vertex -0.246249 0.372649 0.0999994
    endloop
  endfacet
  facet normal -0.999988 0.00493109 0
    outer loop
      vertex -0.2463 0.362399 -0.0999994
      vertex -0.246249 0.372649 0.0999994
      vertex -0.246249 0.372649 -0.0999994
    endloop
  endfacet
  facet normal -0.999988 0.00493109 0
    outer loop
      vertex -0.246249 0.372649 0.0999994
      vertex -0.2463 0.362399 -0.0999994
      vertex -0.2463 0.362399 0.0999994
    endloop
  endfacet
  facet normal -0.8 -0.6 0
    outer loop
      vertex -0.24525 0.360999 -0.0999994
      vertex -0.2463 0.362399 0.0999994
      vertex -0.2463 0.362399 -0.0999994
    endloop
  endfacet
  facet normal -0.8 -0.6 0
    outer loop
      vertex -0.2463 0.362399 0.0999994
      vertex -0.24525 0.360999 -0.0999994
      vertex -0.24525 0.360999 0.0999994
    endloop
  endfacet
  facet normal -1 0 0
    outer loop
      vertex -0.24525 0.36025 -0.0999994
      vertex -0.24525 0.360999 0.0999994
      vertex -0.24525 0.360999 -0.0999994
    endloop
  endfacet
  facet normal -1 -0 0
    outer loop
      vertex -0.24525 0.360999 0.0999994
      vertex -0.24525 0.36025 -0.0999994
      vertex -0.24525 0.36025 0.0999994
    endloop
  endfacet
  facet normal 0 -1 0
    outer loop
      vertex -0.24525 0.36025 -0.0999994
      vertex -0.244849 0.36025 0.0999994
      vertex -0.24525 0.36025 0.0999994
    endloop
  endfacet
  facet normal 0 -1 -0
    outer loop
      vertex -0.244849 0.36025 0.0999994
      vertex -0.24525 0.36025 -0.0999994
      vertex -0.244849 0.36025 -0.0999994
    endloop
  endfacet
  facet normal -0.857829 -0.513936 0
    outer loop
      vertex -0.2379 0.34865 -0.0999994
      vertex -0.244849 0.36025 0.0999994
      vertex -0.244849 0.36025 -0.0999994
    endloop
  endfacet
  facet normal -0.857829 -0.513936 0
    outer loop
      vertex -0.244849 0.36025 0.0999994
      vertex -0.2379 0.34865 -0.0999994
      vertex -0.2379 0.34865 0.0999994
    endloop
  endfacet
  facet normal -0.963712 -0.266944 0
    outer loop
      vertex -0.237 0.3454 -0.0999994
      vertex -0.2379 0.34865 0.0999994
      vertex -0.2379 0.34865 -0.0999994
    endloop
  endfacet
  facet normal -0.963712 -0.266944 0
    outer loop
      vertex -0.2379 0.34865 0.0999994
      vertex -0.237 0.3454 -0.0999994
      vertex -0.237 0.3454 0.0999994
    endloop
  endfacet
  facet normal -0.98274 -0.184994 0
    outer loop
      vertex -0.236199 0.341149 -0.0999994
      vertex -0.237 0.3454 0.0999994
      vertex -0.237 0.3454 -0.0999994
    endloop
  endfacet
  facet normal -0.98274 -0.184994 0
    outer loop
      vertex -0.237 0.3454 0.0999994
      vertex -0.236199 0.341149 -0.0999994
      vertex -0.236199 0.341149 0.0999994
    endloop
  endfacet
  facet normal -0.971008 -0.239048 0
    outer loop
      vertex -0.235399 0.337899 -0.0999994
      vertex -0.236199 0.341149 0.0999994
      vertex -0.236199 0.341149 -0.0999994
    endloop
  endfacet
  facet normal -0.971008 -0.239048 0
    outer loop
      vertex -0.236199 0.341149 0.0999994
      vertex -0.235399 0.337899 -0.0999994
      vertex -0.235399 0.337899 0.0999994
    endloop
  endfacet
  facet normal -0.99938 -0.0352115 0
    outer loop
      vertex -0.23525 0.33365 -0.0999994
      vertex -0.235399 0.337899 0.0999994
      vertex -0.235399 0.337899 -0.0999994
    endloop
  endfacet
  facet normal -0.99938 -0.0352115 0
    outer loop
      vertex -0.235399 0.337899 0.0999994
      vertex -0.23525 0.33365 -0.0999994
      vertex -0.23525 0.33365 0.0999994
    endloop
  endfacet
  facet normal -0.994683 -0.102986 0
    outer loop
      vertex -0.233049 0.3124 -0.0999994
      vertex -0.23525 0.33365 0.0999994
      vertex -0.23525 0.33365 -0.0999994
    endloop
  endfacet
  facet normal -0.994683 -0.102986 0
    outer loop
      vertex -0.23525 0.33365 0.0999994
      vertex -0.233049 0.3124 -0.0999994
      vertex -0.233049 0.3124 0.0999994
    endloop
  endfacet
  facet normal -0.902314 -0.43108 0
    outer loop
      vertex -0.228749 0.303399 -0.0999994
      vertex -0.233049 0.3124 0.0999994
      vertex -0.233049 0.3124 -0.0999994
    endloop
  endfacet
  facet normal -0.902314 -0.43108 0
    outer loop
      vertex -0.233049 0.3124 0.0999994
      vertex -0.228749 0.303399 -0.0999994
      vertex -0.228749 0.303399 0.0999994
    endloop
  endfacet
  facet normal -1 0 0
    outer loop
      vertex -0.228749 0.29575 -0.0999994
      vertex -0.228749 0.303399 0.0999994
      vertex -0.228749 0.303399 -0.0999994
    endloop
  endfacet
  facet normal -1 -0 0
    outer loop
      vertex -0.228749 0.303399 0.0999994
      vertex -0.228749 0.29575 -0.0999994
      vertex -0.228749 0.29575 0.0999994
    endloop
  endfacet
  facet normal -0.998331 -0.0577534 0
    outer loop
      vertex -0.228399 0.2897 -0.0999994
      vertex -0.228749 0.29575 0.0999994
      vertex -0.228749 0.29575 -0.0999994
    endloop
  endfacet
  facet normal -0.998331 -0.0577534 0
    outer loop
      vertex -0.228749 0.29575 0.0999994
      vertex -0.228399 0.2897 -0.0999994
      vertex -0.228399 0.2897 0.0999994
    endloop
  endfacet
  facet normal -0.999166 -0.0408378 0
    outer loop
      vertex -0.228299 0.28725 -0.0999994
      vertex -0.228399 0.2897 0.0999994
      vertex -0.228399 0.2897 -0.0999994
    endloop
  endfacet
  facet normal -0.999166 -0.0408378 0
    outer loop
      vertex -0.228399 0.2897 0.0999994
      vertex -0.228299 0.28725 -0.0999994
      vertex -0.228299 0.28725 0.0999994
    endloop
  endfacet
  facet normal -0.790262 -0.612769 0
    outer loop
      vertex -0.2226 0.2799 -0.0999994
      vertex -0.228299 0.28725 0.0999994
      vertex -0.228299 0.28725 -0.0999994
    endloop
  endfacet
  facet normal -0.790262 -0.612769 0
    outer loop
      vertex -0.228299 0.28725 0.0999994
      vertex -0.2226 0.2799 -0.0999994
      vertex -0.2226 0.2799 0.0999994
    endloop
  endfacet
  facet normal -0.79435 -0.60746 0
    outer loop
      vertex -0.2161 0.271399 -0.0999994
      vertex -0.2226 0.2799 0.0999994
      vertex -0.2226 0.2799 -0.0999994
    endloop
  endfacet
  facet normal -0.79435 -0.60746 0
    outer loop
      vertex -0.2226 0.2799 0.0999994
      vertex -0.2161 0.271399 -0.0999994
      vertex -0.2161 0.271399 0.0999994
    endloop
  endfacet
  facet normal -0.707107 -0.707107 0
    outer loop
      vertex -0.21585 0.27115 -0.0999994
      vertex -0.2161 0.271399 0.0999994
      vertex -0.2161 0.271399 -0.0999994
    endloop
  endfacet
  facet normal -0.707107 -0.707107 0
    outer loop
      vertex -0.2161 0.271399 0.0999994
      vertex -0.21585 0.27115 -0.0999994
      vertex -0.21585 0.27115 0.0999994
    endloop
  endfacet
  facet normal -0.815058 -0.579379 0
    outer loop
      vertex -0.214499 0.26925 -0.0999994
      vertex -0.21585 0.27115 0.0999994
      vertex -0.21585 0.27115 -0.0999994
    endloop
  endfacet
  facet normal -0.815058 -0.579379 0
    outer loop
      vertex -0.21585 0.27115 0.0999994
      vertex -0.214499 0.26925 -0.0999994
      vertex -0.214499 0.26925 0.0999994
    endloop
  endfacet
  facet normal -0.555921 -0.831235 0
    outer loop
      vertex -0.214499 0.26925 -0.0999994
      vertex -0.21435 0.26915 0.0999994
      vertex -0.214499 0.26925 0.0999994
    endloop
  endfacet
  facet normal -0.555921 -0.831235 -0
    outer loop
      vertex -0.21435 0.26915 0.0999994
      vertex -0.214499 0.26925 -0.0999994
      vertex -0.21435 0.26915 -0.0999994
    endloop
  endfacet
  facet normal -0.804449 -0.594021 0
    outer loop
      vertex -0.212799 0.26705 -0.0999994
      vertex -0.21435 0.26915 0.0999994
      vertex -0.21435 0.26915 -0.0999994
    endloop
  endfacet
  facet normal -0.804449 -0.594021 0
    outer loop
      vertex -0.21435 0.26915 0.0999994
      vertex -0.212799 0.26705 -0.0999994
      vertex -0.212799 0.26705 0.0999994
    endloop
  endfacet
  facet normal -0.897382 -0.441255 0
    outer loop
      vertex -0.2083 0.257899 -0.0999994
      vertex -0.212799 0.26705 0.0999994
      vertex -0.212799 0.26705 -0.0999994
    endloop
  endfacet
  facet normal -0.897382 -0.441255 0
    outer loop
      vertex -0.212799 0.26705 0.0999994
      vertex -0.2083 0.257899 -0.0999994
      vertex -0.2083 0.257899 0.0999994
    endloop
  endfacet
  facet normal -0.978236 -0.207498 0
    outer loop
      vertex -0.20655 0.249649 -0.0999994
      vertex -0.2083 0.257899 0.0999994
      vertex -0.2083 0.257899 -0.0999994
    endloop
  endfacet
  facet normal -0.978236 -0.207498 0
    outer loop
      vertex -0.2083 0.257899 0.0999994
      vertex -0.20655 0.249649 -0.0999994
      vertex -0.20655 0.249649 0.0999994
    endloop
  endfacet
  facet normal -0.97384 -0.227233 0
    outer loop
      vertex -0.20445 0.240649 -0.0999994
      vertex -0.20655 0.249649 0.0999994
      vertex -0.20655 0.249649 -0.0999994
    endloop
  endfacet
  facet normal -0.97384 -0.227233 0
    outer loop
      vertex -0.20655 0.249649 0.0999994
      vertex -0.20445 0.240649 -0.0999994
      vertex -0.20445 0.240649 0.0999994
    endloop
  endfacet
  facet normal -0.976187 -0.21693 0
    outer loop
      vertex -0.20375 0.237499 -0.0999994
      vertex -0.20445 0.240649 0.0999994
      vertex -0.20445 0.240649 -0.0999994
    endloop
  endfacet
  facet normal -0.976187 -0.21693 0
    outer loop
      vertex -0.20445 0.240649 0.0999994
      vertex -0.20375 0.237499 -0.0999994
      vertex -0.20375 0.237499 0.0999994
    endloop
  endfacet
  facet normal -0.776015 -0.630715 0
    outer loop
      vertex -0.20245 0.2359 -0.0999994
      vertex -0.20375 0.237499 0.0999994
      vertex -0.20375 0.237499 -0.0999994
    endloop
  endfacet
  facet normal -0.776015 -0.630715 0
    outer loop
      vertex -0.20375 0.237499 0.0999994
      vertex -0.20245 0.2359 -0.0999994
      vertex -0.20245 0.2359 0.0999994
    endloop
  endfacet
  facet normal -0.742512 -0.669833 0
    outer loop
      vertex -0.19185 0.22415 -0.0999994
      vertex -0.20245 0.2359 0.0999994
      vertex -0.20245 0.2359 -0.0999994
    endloop
  endfacet
  facet normal -0.742512 -0.669833 0
    outer loop
      vertex -0.20245 0.2359 0.0999994
      vertex -0.19185 0.22415 -0.0999994
      vertex -0.19185 0.22415 0.0999994
    endloop
  endfacet
  facet normal -0.755408 -0.655254 0
    outer loop
      vertex -0.18825 0.219999 -0.0999994
      vertex -0.19185 0.22415 0.0999994
      vertex -0.19185 0.22415 -0.0999994
    endloop
  endfacet
  facet normal -0.755408 -0.655254 0
    outer loop
      vertex -0.19185 0.22415 0.0999994
      vertex -0.18825 0.219999 -0.0999994
      vertex -0.18825 0.219999 0.0999994
    endloop
  endfacet
  facet normal -0.658886 -0.752243 0
    outer loop
      vertex -0.18825 0.219999 -0.0999994
      vertex -0.18785 0.219649 0.0999994
      vertex -0.18825 0.219999 0.0999994
    endloop
  endfacet
  facet normal -0.658886 -0.752243 -0
    outer loop
      vertex -0.18785 0.219649 0.0999994
      vertex -0.18825 0.219999 -0.0999994
      vertex -0.18785 0.219649 -0.0999994
    endloop
  endfacet
  facet normal -0.878116 -0.478447 0
    outer loop
      vertex -0.1839 0.212399 -0.0999994
      vertex -0.18785 0.219649 0.0999994
      vertex -0.18785 0.219649 -0.0999994
    endloop
  endfacet
  facet normal -0.878116 -0.478447 0
    outer loop
      vertex -0.18785 0.219649 0.0999994
      vertex -0.1839 0.212399 -0.0999994
      vertex -0.1839 0.212399 0.0999994
    endloop
  endfacet
  facet normal -0.767802 -0.640687 0
    outer loop
      vertex -0.16525 0.190049 -0.0999994
      vertex -0.1839 0.212399 0.0999994
      vertex -0.1839 0.212399 -0.0999994
    endloop
  endfacet
  facet normal -0.767802 -0.640687 0
    outer loop
      vertex -0.1839 0.212399 0.0999994
      vertex -0.16525 0.190049 -0.0999994
      vertex -0.16525 0.190049 0.0999994
    endloop
  endfacet
  facet normal -1 0 0
    outer loop
      vertex -0.16525 0.186999 -0.0999994
      vertex -0.16525 0.190049 0.0999994
      vertex -0.16525 0.190049 -0.0999994
    endloop
  endfacet
  facet normal -1 -0 0
    outer loop
      vertex -0.16525 0.190049 0.0999994
      vertex -0.16525 0.186999 -0.0999994
      vertex -0.16525 0.186999 0.0999994
    endloop
  endfacet
  facet normal 0 1 -0
    outer loop
      vertex -0.16525 0.186999 -0.0999994
      vertex -0.16575 0.186999 0.0999994
      vertex -0.16525 0.186999 0.0999994
    endloop
  endfacet
  facet normal 0 1 0
    outer loop
      vertex -0.16575 0.186999 0.0999994
      vertex -0.16525 0.186999 -0.0999994
      vertex -0.16575 0.186999 -0.0999994
    endloop
  endfacet
  facet normal -1 0 0
    outer loop
      vertex -0.16575 0.186 -0.0999994
      vertex -0.16575 0.186999 0.0999994
      vertex -0.16575 0.186999 -0.0999994
    endloop
  endfacet
  facet normal -1 -0 0
    outer loop
      vertex -0.16575 0.186999 0.0999994
      vertex -0.16575 0.186 -0.0999994
      vertex -0.16575 0.186 0.0999994
    endloop
  endfacet
  facet normal 0 1 -0
    outer loop
      vertex -0.16575 0.186 -0.0999994
      vertex -0.1664 0.186 0.0999994
      vertex -0.16575 0.186 0.0999994
    endloop
  endfacet
  facet normal 0 1 0
    outer loop
      vertex -0.1664 0.186 0.0999994
      vertex -0.16575 0.186 -0.0999994
      vertex -0.1664 0.186 -0.0999994
    endloop
  endfacet
  facet normal -0.991206 -0.132329 0
    outer loop
      vertex -0.1662 0.1845 -0.0999994
      vertex -0.1664 0.186 0.0999994
      vertex -0.1664 0.186 -0.0999994
    endloop
  endfacet
  facet normal -0.991206 -0.132329 0
    outer loop
      vertex -0.1664 0.186 0.0999994
      vertex -0.1662 0.1845 -0.0999994
      vertex -0.1662 0.1845 0.0999994
    endloop
  endfacet
  facet normal 0 1 -0
    outer loop
      vertex -0.1662 0.1845 -0.0999994
      vertex -0.166949 0.1845 0.0999994
      vertex -0.1662 0.1845 0.0999994
    endloop
  endfacet
  facet normal 0 1 0
    outer loop
      vertex -0.166949 0.1845 0.0999994
      vertex -0.1662 0.1845 -0.0999994
      vertex -0.166949 0.1845 -0.0999994
    endloop
  endfacet
  facet normal -0.970197 -0.242318 0
    outer loop
      vertex -0.166699 0.183499 -0.0999994
      vertex -0.166949 0.1845 0.0999994
      vertex -0.166949 0.1845 -0.0999994
    endloop
  endfacet
  facet normal -0.970197 -0.242318 0
    outer loop
      vertex -0.166949 0.1845 0.0999994
      vertex -0.166699 0.183499 -0.0999994
      vertex -0.166699 0.183499 0.0999994
    endloop
  endfacet
  facet normal 0 1 -0
    outer loop
      vertex -0.166699 0.183499 -0.0999994
      vertex -0.167399 0.183499 0.0999994
      vertex -0.166699 0.183499 0.0999994
    endloop
  endfacet
  facet normal 0 1 0
    outer loop
      vertex -0.167399 0.183499 0.0999994
      vertex -0.166699 0.183499 -0.0999994
      vertex -0.167399 0.183499 -0.0999994
    endloop
  endfacet
  facet normal -0.991206 -0.132329 0
    outer loop
      vertex -0.167199 0.181999 -0.0999994
      vertex -0.167399 0.183499 0.0999994
      vertex -0.167399 0.183499 -0.0999994
    endloop
  endfacet
  facet normal -0.991206 -0.132329 0
    outer loop
      vertex -0.167399 0.183499 0.0999994
      vertex -0.167199 0.181999 -0.0999994
      vertex -0.167199 0.181999 0.0999994
    endloop
  endfacet
  facet normal 0 1 -0
    outer loop
      vertex -0.167199 0.181999 -0.0999994
      vertex -0.167899 0.181999 0.0999994
      vertex -0.167199 0.181999 0.0999994
    endloop
  endfacet
  facet normal 0 1 0
    outer loop
      vertex -0.167899 0.181999 0.0999994
      vertex -0.167199 0.181999 -0.0999994
      vertex -0.167899 0.181999 -0.0999994
    endloop
  endfacet
  facet normal -0.991288 -0.13171 0
    outer loop
      vertex -0.1677 0.180499 -0.0999994
      vertex -0.167899 0.181999 0.0999994
      vertex -0.167899 0.181999 -0.0999994
    endloop
  endfacet
  facet normal -0.991288 -0.13171 0
    outer loop
      vertex -0.167899 0.181999 0.0999994
      vertex -0.1677 0.180499 -0.0999994
      vertex -0.1677 0.180499 0.0999994
    endloop
  endfacet
  facet normal 0 1 -0
    outer loop
      vertex -0.1677 0.180499 -0.0999994
      vertex -0.168249 0.180499 0.0999994
      vertex -0.1677 0.180499 0.0999994
    endloop
  endfacet
  facet normal 0 1 0
    outer loop
      vertex -0.168249 0.180499 0.0999994
      vertex -0.1677 0.180499 -0.0999994
      vertex -0.168249 0.180499 -0.0999994
    endloop
  endfacet
  facet normal -1 0 0
    outer loop
      vertex -0.168249 0.1795 -0.0999994
      vertex -0.168249 0.180499 0.0999994
      vertex -0.168249 0.180499 -0.0999994
    endloop
  endfacet
  facet normal -1 -0 0
    outer loop
      vertex -0.168249 0.180499 0.0999994
      vertex -0.168249 0.1795 -0.0999994
      vertex -0.168249 0.1795 0.0999994
    endloop
  endfacet
  facet normal 0 1 -0
    outer loop
      vertex -0.168249 0.1795 -0.0999994
      vertex -0.1689 0.1795 0.0999994
      vertex -0.168249 0.1795 0.0999994
    endloop
  endfacet
  facet normal 0 1 0
    outer loop
      vertex -0.1689 0.1795 0.0999994
      vertex -0.168249 0.1795 -0.0999994
      vertex -0.1689 0.1795 -0.0999994
    endloop
  endfacet
  facet normal -0.991206 -0.132329 0
    outer loop
      vertex -0.168699 0.177999 -0.0999994
      vertex -0.1689 0.1795 0.0999994
      vertex -0.1689 0.1795 -0.0999994
    endloop
  endfacet
  facet normal -0.991206 -0.132329 0
    outer loop
      vertex -0.1689 0.1795 0.0999994
      vertex -0.168699 0.177999 -0.0999994
      vertex -0.168699 0.177999 0.0999994
    endloop
  endfacet
  facet normal 0 1 -0
    outer loop
      vertex -0.168699 0.177999 -0.0999994
      vertex -0.16945 0.177999 0.0999994
      vertex -0.168699 0.177999 0.0999994
    endloop
  endfacet
  facet normal 0 1 0
    outer loop
      vertex -0.16945 0.177999 0.0999994
      vertex -0.168699 0.177999 -0.0999994
      vertex -0.16945 0.177999 -0.0999994
    endloop
  endfacet
  facet normal -0.970197 -0.242318 0
    outer loop
      vertex -0.1692 0.176999 -0.0999994
      vertex -0.16945 0.177999 0.0999994
      vertex -0.16945 0.177999 -0.0999994
    endloop
  endfacet
  facet normal -0.970197 -0.242318 0
    outer loop
      vertex -0.16945 0.177999 0.0999994
      vertex -0.1692 0.176999 -0.0999994
      vertex -0.1692 0.176999 0.0999994
    endloop
  endfacet
  facet normal 0 1 -0
    outer loop
      vertex -0.1692 0.176999 -0.0999994
      vertex -0.1699 0.176999 0.0999994
      vertex -0.1692 0.176999 0.0999994
    endloop
  endfacet
  facet normal 0 1 0
    outer loop
      vertex -0.1699 0.176999 0.0999994
      vertex -0.1692 0.176999 -0.0999994
      vertex -0.1699 0.176999 -0.0999994
    endloop
  endfacet
  facet normal -0.991195 -0.132412 0
    outer loop
      vertex -0.1697 0.1755 -0.0999994
      vertex -0.1699 0.176999 0.0999994
      vertex -0.1699 0.176999 -0.0999994
    endloop
  endfacet
  facet normal -0.991195 -0.132412 0
    outer loop
      vertex -0.1699 0.176999 0.0999994
      vertex -0.1697 0.1755 -0.0999994
      vertex -0.1697 0.1755 0.0999994
    endloop
  endfacet
  facet normal 0 1 -0
    outer loop
      vertex -0.1697 0.1755 -0.0999994
      vertex -0.1704 0.1755 0.0999994
      vertex -0.1697 0.1755 0.0999994
    endloop
  endfacet
  facet normal 0 1 0
    outer loop
      vertex -0.1704 0.1755 0.0999994
      vertex -0.1697 0.1755 -0.0999994
      vertex -0.1704 0.1755 -0.0999994
    endloop
  endfacet
  facet normal -0.991206 -0.132329 0
    outer loop
      vertex -0.170199 0.174 -0.0999994
      vertex -0.1704 0.1755 0.0999994
      vertex -0.1704 0.1755 -0.0999994
    endloop
  endfacet
  facet normal -0.991206 -0.132329 0
    outer loop
      vertex -0.1704 0.1755 0.0999994
      vertex -0.170199 0.174 -0.0999994
      vertex -0.170199 0.174 0.0999994
    endloop
  endfacet
  facet normal 0 1 -0
    outer loop
      vertex -0.170199 0.174 -0.0999994
      vertex -0.17075 0.174 0.0999994
      vertex -0.170199 0.174 0.0999994
    endloop
  endfacet
  facet normal 0 1 0
    outer loop
      vertex -0.17075 0.174 0.0999994
      vertex -0.170199 0.174 -0.0999994
      vertex -0.17075 0.174 -0.0999994
    endloop
  endfacet
  facet normal -1 0 0
    outer loop
      vertex -0.17075 0.172999 -0.0999994
      vertex -0.17075 0.174 0.0999994
      vertex -0.17075 0.174 -0.0999994
    endloop
  endfacet
  facet normal -1 -0 0
    outer loop
      vertex -0.17075 0.174 0.0999994
      vertex -0.17075 0.172999 -0.0999994
      vertex -0.17075 0.172999 0.0999994
    endloop
  endfacet
  facet normal 0 1 -0
    outer loop
      vertex -0.17075 0.172999 -0.0999994
      vertex -0.171399 0.172999 0.0999994
      vertex -0.17075 0.172999 0.0999994
    endloop
  endfacet
  facet normal 0 1 0
    outer loop
      vertex -0.171399 0.172999 0.0999994
      vertex -0.17075 0.172999 -0.0999994
      vertex -0.171399 0.172999 -0.0999994
    endloop
  endfacet
  facet normal -0.991288 -0.13171 0
    outer loop
      vertex -0.1712 0.171499 -0.0999994
      vertex -0.171399 0.172999 0.0999994
      vertex -0.171399 0.172999 -0.0999994
    endloop
  endfacet
  facet normal -0.991288 -0.13171 0
    outer loop
      vertex -0.171399 0.172999 0.0999994
      vertex -0.1712 0.171499 -0.0999994
      vertex -0.1712 0.171499 0.0999994
    endloop
  endfacet
  facet normal 0 1 -0
    outer loop
      vertex -0.1712 0.171499 -0.0999994
      vertex -0.171749 0.171499 0.0999994
      vertex -0.1712 0.171499 0.0999994
    endloop
  endfacet
  facet normal 0 1 0
    outer loop
      vertex -0.171749 0.171499 0.0999994
      vertex -0.1712 0.171499 -0.0999994
      vertex -0.171749 0.171499 -0.0999994
    endloop
  endfacet
  facet normal 0.62228 0.782795 -0
    outer loop
      vertex -0.171749 0.171499 -0.0999994
      vertex -0.187599 0.184099 0.0999994
      vertex -0.171749 0.171499 0.0999994
    endloop
  endfacet
  facet normal 0.62228 0.782795 0
    outer loop
      vertex -0.187599 0.184099 0.0999994
      vertex -0.171749 0.171499 -0.0999994
      vertex -0.187599 0.184099 -0.0999994
    endloop
  endfacet
  facet normal 0.496173 0.868224 -0
    outer loop
      vertex -0.187599 0.184099 -0.0999994
      vertex -0.192849 0.187099 0.0999994
      vertex -0.187599 0.184099 0.0999994
    endloop
  endfacet
  facet normal 0.496173 0.868224 0
    outer loop
      vertex -0.192849 0.187099 0.0999994
      vertex -0.187599 0.184099 -0.0999994
      vertex -0.192849 0.187099 -0.0999994
    endloop
  endfacet
  facet normal 0.635616 0.772005 -0
    outer loop
      vertex -0.192849 0.187099 -0.0999994
      vertex -0.19625 0.189899 0.0999994
      vertex -0.192849 0.187099 0.0999994
    endloop
  endfacet
  facet normal 0.635616 0.772005 0
    outer loop
      vertex -0.19625 0.189899 0.0999994
      vertex -0.192849 0.187099 -0.0999994
      vertex -0.19625 0.189899 -0.0999994
    endloop
  endfacet
  facet normal 0.656881 0.753994 -0
    outer loop
      vertex -0.19625 0.189899 -0.0999994
      vertex -0.20595 0.19835 0.0999994
      vertex -0.19625 0.189899 0.0999994
    endloop
  endfacet
  facet normal 0.656881 0.753994 0
    outer loop
      vertex -0.20595 0.19835 0.0999994
      vertex -0.19625 0.189899 -0.0999994
      vertex -0.20595 0.19835 -0.0999994
    endloop
  endfacet
  facet normal 0.653965 0.756525 -0
    outer loop
      vertex -0.20595 0.19835 -0.0999994
      vertex -0.2078 0.199949 0.0999994
      vertex -0.20595 0.19835 0.0999994
    endloop
  endfacet
  facet normal 0.653965 0.756525 0
    outer loop
      vertex -0.2078 0.199949 0.0999994
      vertex -0.20595 0.19835 -0.0999994
      vertex -0.2078 0.199949 -0.0999994
    endloop
  endfacet
  facet normal 0.658515 0.752567 -0
    outer loop
      vertex -0.2078 0.199949 -0.0999994
      vertex -0.2126 0.204149 0.0999994
      vertex -0.2078 0.199949 0.0999994
    endloop
  endfacet
  facet normal 0.658515 0.752567 0
    outer loop
      vertex -0.2126 0.204149 0.0999994
      vertex -0.2078 0.199949 -0.0999994
      vertex -0.2126 0.204149 -0.0999994
    endloop
  endfacet
  facet normal 0.218368 0.975866 -0
    outer loop
      vertex -0.2126 0.204149 -0.0999994
      vertex -0.23405 0.208949 0.0999994
      vertex -0.2126 0.204149 0.0999994
    endloop
  endfacet
  facet normal 0.218368 0.975866 0
    outer loop
      vertex -0.23405 0.208949 0.0999994
      vertex -0.2126 0.204149 -0.0999994
      vertex -0.23405 0.208949 -0.0999994
    endloop
  endfacet
  facet normal 0.268645 0.963239 -0
    outer loop
      vertex -0.23405 0.208949 -0.0999994
      vertex -0.234949 0.2092 0.0999994
      vertex -0.23405 0.208949 0.0999994
    endloop
  endfacet
  facet normal 0.268645 0.963239 0
    outer loop
      vertex -0.234949 0.2092 0.0999994
      vertex -0.23405 0.208949 -0.0999994
      vertex -0.234949 0.2092 -0.0999994
    endloop
  endfacet
  facet normal 0.465417 0.885092 -0
    outer loop
      vertex -0.234949 0.2092 -0.0999994
      vertex -0.23685 0.210199 0.0999994
      vertex -0.234949 0.2092 0.0999994
    endloop
  endfacet
  facet normal 0.465417 0.885092 0
    outer loop
      vertex -0.23685 0.210199 0.0999994
      vertex -0.234949 0.2092 -0.0999994
      vertex -0.23685 0.210199 -0.0999994
    endloop
  endfacet
  facet normal 0.420833 0.907138 -0
    outer loop
      vertex -0.23685 0.210199 -0.0999994
      vertex -0.241699 0.212449 0.0999994
      vertex -0.23685 0.210199 0.0999994
    endloop
  endfacet
  facet normal 0.420833 0.907138 0
    outer loop
      vertex -0.241699 0.212449 0.0999994
      vertex -0.23685 0.210199 -0.0999994
      vertex -0.241699 0.212449 -0.0999994
    endloop
  endfacet
  facet normal 0.605529 0.795823 -0
    outer loop
      vertex -0.241699 0.212449 -0.0999994
      vertex -0.248599 0.217699 0.0999994
      vertex -0.241699 0.212449 0.0999994
    endloop
  endfacet
  facet normal 0.605529 0.795823 0
    outer loop
      vertex -0.248599 0.217699 0.0999994
      vertex -0.241699 0.212449 -0.0999994
      vertex -0.248599 0.217699 -0.0999994
    endloop
  endfacet
  facet normal 0.599977 0.800017 -0
    outer loop
      vertex -0.248599 0.217699 -0.0999994
      vertex -0.254 0.221749 0.0999994
      vertex -0.248599 0.217699 0.0999994
    endloop
  endfacet
  facet normal 0.599977 0.800017 0
    outer loop
      vertex -0.254 0.221749 0.0999994
      vertex -0.248599 0.217699 -0.0999994
      vertex -0.254 0.221749 -0.0999994
    endloop
  endfacet
  facet normal 0.83286 0.553483 0
    outer loop
      vertex -0.254 0.221749 0.0999994
      vertex -0.2541 0.2219 -0.0999994
      vertex -0.2541 0.2219 0.0999994
    endloop
  endfacet
  facet normal 0.83286 0.553483 0
    outer loop
      vertex -0.2541 0.2219 -0.0999994
      vertex -0.254 0.221749 0.0999994
      vertex -0.254 0.221749 -0.0999994
    endloop
  endfacet
  facet normal 0.579107 0.815252 -0
    outer loop
      vertex -0.2541 0.2219 -0.0999994
      vertex -0.256 0.223249 0.0999994
      vertex -0.2541 0.2219 0.0999994
    endloop
  endfacet
  facet normal 0.579107 0.815252 0
    outer loop
      vertex -0.256 0.223249 0.0999994
      vertex -0.2541 0.2219 -0.0999994
      vertex -0.256 0.223249 -0.0999994
    endloop
  endfacet
  facet normal 0.831235 0.555921 0
    outer loop
      vertex -0.256 0.223249 0.0999994
      vertex -0.2561 0.223399 -0.0999994
      vertex -0.2561 0.223399 0.0999994
    endloop
  endfacet
  facet normal 0.831235 0.555921 0
    outer loop
      vertex -0.2561 0.223399 -0.0999994
      vertex -0.256 0.223249 0.0999994
      vertex -0.256 0.223249 -0.0999994
    endloop
  endfacet
  facet normal 0.594861 0.803829 -0
    outer loop
      vertex -0.2561 0.223399 -0.0999994
      vertex -0.2611 0.227099 0.0999994
      vertex -0.2561 0.223399 0.0999994
    endloop
  endfacet
  facet normal 0.594861 0.803829 0
    outer loop
      vertex -0.2611 0.227099 0.0999994
      vertex -0.2561 0.223399 -0.0999994
      vertex -0.2611 0.227099 -0.0999994
    endloop
  endfacet
  facet normal 0.740288 0.67229 0
    outer loop
      vertex -0.2611 0.227099 0.0999994
      vertex -0.2616 0.22765 -0.0999994
      vertex -0.2616 0.22765 0.0999994
    endloop
  endfacet
  facet normal 0.740288 0.67229 0
    outer loop
      vertex -0.2616 0.22765 -0.0999994
      vertex -0.2611 0.227099 0.0999994
      vertex -0.2611 0.227099 -0.0999994
    endloop
  endfacet
  facet normal 0.478905 0.877866 -0
    outer loop
      vertex -0.2616 0.22765 -0.0999994
      vertex -0.262699 0.22825 0.0999994
      vertex -0.2616 0.22765 0.0999994
    endloop
  endfacet
  facet normal 0.478905 0.877866 0
    outer loop
      vertex -0.262699 0.22825 0.0999994
      vertex -0.2616 0.22765 -0.0999994
      vertex -0.262699 0.22825 -0.0999994
    endloop
  endfacet
  facet normal 0.0390107 0.999239 -0
    outer loop
      vertex -0.262699 0.22825 -0.0999994
      vertex -0.269099 0.228499 0.0999994
      vertex -0.262699 0.22825 0.0999994
    endloop
  endfacet
  facet normal 0.0390107 0.999239 0
    outer loop
      vertex -0.269099 0.228499 0.0999994
      vertex -0.262699 0.22825 -0.0999994
      vertex -0.269099 0.228499 -0.0999994
    endloop
  endfacet
  facet normal 0.0205356 0.999789 -0
    outer loop
      vertex -0.269099 0.228499 -0.0999994
      vertex -0.27885 0.2287 0.0999994
      vertex -0.269099 0.228499 0.0999994
    endloop
  endfacet
  facet normal 0.0205356 0.999789 0
    outer loop
      vertex -0.27885 0.2287 0.0999994
      vertex -0.269099 0.228499 -0.0999994
      vertex -0.27885 0.2287 -0.0999994
    endloop
  endfacet
  facet normal 0.422874 0.906188 -0
    outer loop
      vertex -0.27885 0.2287 -0.0999994
      vertex -0.2871 0.23255 0.0999994
      vertex -0.27885 0.2287 0.0999994
    endloop
  endfacet
  facet normal 0.422874 0.906188 0
    outer loop
      vertex -0.2871 0.23255 0.0999994
      vertex -0.27885 0.2287 -0.0999994
      vertex -0.2871 0.23255 -0.0999994
    endloop
  endfacet
  facet normal 0.177233 0.984169 -0
    outer loop
      vertex -0.2871 0.23255 -0.0999994
      vertex -0.289599 0.233 0.0999994
      vertex -0.2871 0.23255 0.0999994
    endloop
  endfacet
  facet normal 0.177233 0.984169 0
    outer loop
      vertex -0.289599 0.233 0.0999994
      vertex -0.2871 0.23255 -0.0999994
      vertex -0.289599 0.233 -0.0999994
    endloop
  endfacet
  facet normal 0.0915593 0.9958 -0
    outer loop
      vertex -0.289599 0.233 -0.0999994
      vertex -0.31135 0.235 0.0999994
      vertex -0.289599 0.233 0.0999994
    endloop
  endfacet
  facet normal 0.0915593 0.9958 0
    outer loop
      vertex -0.31135 0.235 0.0999994
      vertex -0.289599 0.233 -0.0999994
      vertex -0.31135 0.235 -0.0999994
    endloop
  endfacet
  facet normal 0.0666243 0.997778 -0
    outer loop
      vertex -0.31135 0.235 -0.0999994
      vertex -0.314349 0.2352 0.0999994
      vertex -0.31135 0.235 0.0999994
    endloop
  endfacet
  facet normal 0.0666243 0.997778 0
    outer loop
      vertex -0.314349 0.2352 0.0999994
      vertex -0.31135 0.235 -0.0999994
      vertex -0.314349 0.2352 -0.0999994
    endloop
  endfacet
  facet normal 0.190661 0.981656 -0
    outer loop
      vertex -0.314349 0.2352 -0.0999994
      vertex -0.323099 0.236899 0.0999994
      vertex -0.314349 0.2352 0.0999994
    endloop
  endfacet
  facet normal 0.190661 0.981656 0
    outer loop
      vertex -0.323099 0.236899 0.0999994
      vertex -0.314349 0.2352 -0.0999994
      vertex -0.323099 0.236899 -0.0999994
    endloop
  endfacet
  facet normal 0.118906 0.992905 -0
    outer loop
      vertex -0.323099 0.236899 -0.0999994
      vertex -0.324349 0.237049 0.0999994
      vertex -0.323099 0.236899 0.0999994
    endloop
  endfacet
  facet normal 0.118906 0.992905 0
    outer loop
      vertex -0.324349 0.237049 0.0999994
      vertex -0.323099 0.236899 -0.0999994
      vertex -0.324349 0.237049 -0.0999994
    endloop
  endfacet
  facet normal 0.353152 0.935566 -0
    outer loop
      vertex -0.324349 0.237049 -0.0999994
      vertex -0.327 0.23805 0.0999994
      vertex -0.324349 0.237049 0.0999994
    endloop
  endfacet
  facet normal 0.353152 0.935566 0
    outer loop
      vertex -0.327 0.23805 0.0999994
      vertex -0.324349 0.237049 -0.0999994
      vertex -0.327 0.23805 -0.0999994
    endloop
  endfacet
  facet normal 1 -0 0
    outer loop
      vertex -0.327 0.23805 0.0999994
      vertex -0.327 0.2385 -0.0999994
      vertex -0.327 0.2385 0.0999994
    endloop
  endfacet
  facet normal 1 0 0
    outer loop
      vertex -0.327 0.2385 -0.0999994
      vertex -0.327 0.23805 0.0999994
      vertex -0.327 0.23805 -0.0999994
    endloop
  endfacet
  facet normal 0 1 -0
    outer loop
      vertex -0.327 0.2385 -0.0999994
      vertex -0.327749 0.2385 0.0999994
      vertex -0.327 0.2385 0.0999994
    endloop
  endfacet
  facet normal 0 1 0
    outer loop
      vertex -0.327749 0.2385 0.0999994
      vertex -0.327 0.2385 -0.0999994
      vertex -0.327749 0.2385 -0.0999994
    endloop
  endfacet
  facet normal 0.583616 0.81203 -0
    outer loop
      vertex -0.327749 0.2385 -0.0999994
      vertex -0.32935 0.23965 0.0999994
      vertex -0.327749 0.2385 0.0999994
    endloop
  endfacet
  facet normal 0.583616 0.81203 0
    outer loop
      vertex -0.32935 0.23965 0.0999994
      vertex -0.327749 0.2385 -0.0999994
      vertex -0.32935 0.23965 -0.0999994
    endloop
  endfacet
  facet normal 0.867952 0.496648 0
    outer loop
      vertex -0.32935 0.23965 0.0999994
      vertex -0.32955 0.24 -0.0999994
      vertex -0.32955 0.24 0.0999994
    endloop
  endfacet
  facet normal 0.867952 0.496648 0
    outer loop
      vertex -0.32955 0.24 -0.0999994
      vertex -0.32935 0.23965 0.0999994
      vertex -0.32935 0.23965 -0.0999994
    endloop
  endfacet
  facet normal 0 1 -0
    outer loop
      vertex -0.32955 0.24 -0.0999994
      vertex -0.33025 0.24 0.0999994
      vertex -0.32955 0.24 0.0999994
    endloop
  endfacet
  facet normal 0 1 0
    outer loop
      vertex -0.33025 0.24 0.0999994
      vertex -0.32955 0.24 -0.0999994
      vertex -0.33025 0.24 -0.0999994
    endloop
  endfacet
  facet normal 0.583846 0.811865 -0
    outer loop
      vertex -0.33025 0.24 -0.0999994
      vertex -0.331849 0.24115 0.0999994
      vertex -0.33025 0.24 0.0999994
    endloop
  endfacet
  facet normal 0.583846 0.811865 0
    outer loop
      vertex -0.331849 0.24115 0.0999994
      vertex -0.33025 0.24 -0.0999994
      vertex -0.331849 0.24115 -0.0999994
    endloop
  endfacet
  facet normal 0.867952 0.496648 0
    outer loop
      vertex -0.331849 0.24115 0.0999994
      vertex -0.332049 0.2415 -0.0999994
      vertex -0.332049 0.2415 0.0999994
    endloop
  endfacet
  facet normal 0.867952 0.496648 0
    outer loop
      vertex -0.332049 0.2415 -0.0999994
      vertex -0.331849 0.24115 0.0999994
      vertex -0.331849 0.24115 -0.0999994
    endloop
  endfacet
  facet normal 0 1 -0
    outer loop
      vertex -0.332049 0.2415 -0.0999994
      vertex -0.33295 0.2415 0.0999994
      vertex -0.332049 0.2415 0.0999994
    endloop
  endfacet
  facet normal 0 1 0
    outer loop
      vertex -0.33295 0.2415 0.0999994
      vertex -0.332049 0.2415 -0.0999994
      vertex -0.33295 0.2415 -0.0999994
    endloop
  endfacet
  facet normal 0.819085 0.573672 0
    outer loop
      vertex -0.33295 0.2415 0.0999994
      vertex -0.3333 0.242 -0.0999994
      vertex -0.3333 0.242 0.0999994
    endloop
  endfacet
  facet normal 0.819085 0.573672 0
    outer loop
      vertex -0.3333 0.242 -0.0999994
      vertex -0.33295 0.2415 0.0999994
      vertex -0.33295 0.2415 -0.0999994
    endloop
  endfacet
  facet normal 0.49722 0.867625 -0
    outer loop
      vertex -0.3333 0.242 -0.0999994
      vertex -0.337749 0.24455 0.0999994
      vertex -0.3333 0.242 0.0999994
    endloop
  endfacet
  facet normal 0.49722 0.867625 0
    outer loop
      vertex -0.337749 0.24455 0.0999994
      vertex -0.3333 0.242 -0.0999994
      vertex -0.337749 0.24455 -0.0999994
    endloop
  endfacet
  facet normal -0.00620161 0.999981 0
    outer loop
      vertex -0.337749 0.24455 -0.0999994
      vertex -0.3459 0.244499 0.0999994
      vertex -0.337749 0.24455 0.0999994
    endloop
  endfacet
  facet normal -0.00620161 0.999981 0
    outer loop
      vertex -0.3459 0.244499 0.0999994
      vertex -0.337749 0.24455 -0.0999994
      vertex -0.3459 0.244499 -0.0999994
    endloop
  endfacet
  facet normal 0.707949 0.706263 0
    outer loop
      vertex -0.3459 0.244499 0.0999994
      vertex -0.346299 0.2449 -0.0999994
      vertex -0.346299 0.2449 0.0999994
    endloop
  endfacet
  facet normal 0.707949 0.706263 0
    outer loop
      vertex -0.346299 0.2449 -0.0999994
      vertex -0.3459 0.244499 0.0999994
      vertex -0.3459 0.244499 -0.0999994
    endloop
  endfacet
  facet normal 0.0333571 0.999443 -0
    outer loop
      vertex -0.346299 0.2449 -0.0999994
      vertex -0.349299 0.245 0.0999994
      vertex -0.346299 0.2449 0.0999994
    endloop
  endfacet
  facet normal 0.0333571 0.999443 0
    outer loop
      vertex -0.349299 0.245 0.0999994
      vertex -0.346299 0.2449 -0.0999994
      vertex -0.349299 0.245 -0.0999994
    endloop
  endfacet
  facet normal 0.63236 0.774675 -0
    outer loop
      vertex -0.349299 0.245 -0.0999994
      vertex -0.34985 0.245449 0.0999994
      vertex -0.349299 0.245 0.0999994
    endloop
  endfacet
  facet normal 0.63236 0.774675 0
    outer loop
      vertex -0.34985 0.245449 0.0999994
      vertex -0.349299 0.245 -0.0999994
      vertex -0.34985 0.245449 -0.0999994
    endloop
  endfacet
  facet normal 0.0148651 0.99989 -0
    outer loop
      vertex -0.34985 0.245449 -0.0999994
      vertex -0.35325 0.2455 0.0999994
      vertex -0.34985 0.245449 0.0999994
    endloop
  endfacet
  facet normal 0.0148651 0.99989 0
    outer loop
      vertex -0.35325 0.2455 0.0999994
      vertex -0.34985 0.245449 -0.0999994
      vertex -0.35325 0.2455 -0.0999994
    endloop
  endfacet
  facet normal 0.503956 0.863729 -0
    outer loop
      vertex -0.35325 0.2455 -0.0999994
      vertex -0.353849 0.24585 0.0999994
      vertex -0.35325 0.2455 0.0999994
    endloop
  endfacet
  facet normal 0.503956 0.863729 0
    outer loop
      vertex -0.353849 0.24585 0.0999994
      vertex -0.35325 0.2455 -0.0999994
      vertex -0.353849 0.24585 -0.0999994
    endloop
  endfacet
  facet normal 0.0664067 0.997793 -0
    outer loop
      vertex -0.353849 0.24585 -0.0999994
      vertex -0.356099 0.245999 0.0999994
      vertex -0.353849 0.24585 0.0999994
    endloop
  endfacet
  facet normal 0.0664067 0.997793 0
    outer loop
      vertex -0.356099 0.245999 0.0999994
      vertex -0.353849 0.24585 -0.0999994
      vertex -0.356099 0.245999 -0.0999994
    endloop
  endfacet
  facet normal 0 1 -0
    outer loop
      vertex -0.356099 0.245999 -0.0999994
      vertex -0.356799 0.245999 0.0999994
      vertex -0.356099 0.245999 0.0999994
    endloop
  endfacet
  facet normal 0 1 0
    outer loop
      vertex -0.356799 0.245999 0.0999994
      vertex -0.356099 0.245999 -0.0999994
      vertex -0.356799 0.245999 -0.0999994
    endloop
  endfacet
  facet normal 0.536686 0.843782 -0
    outer loop
      vertex -0.356799 0.245999 -0.0999994
      vertex -0.357349 0.246349 0.0999994
      vertex -0.356799 0.245999 0.0999994
    endloop
  endfacet
  facet normal 0.536686 0.843782 0
    outer loop
      vertex -0.357349 0.246349 0.0999994
      vertex -0.356799 0.245999 -0.0999994
      vertex -0.357349 0.246349 -0.0999994
    endloop
  endfacet
  facet normal 0.0664067 0.997793 -0
    outer loop
      vertex -0.357349 0.246349 -0.0999994
      vertex -0.359599 0.246499 0.0999994
      vertex -0.357349 0.246349 0.0999994
    endloop
  endfacet
  facet normal 0.0664067 0.997793 0
    outer loop
      vertex -0.359599 0.246499 0.0999994
      vertex -0.357349 0.246349 -0.0999994
      vertex -0.359599 0.246499 -0.0999994
    endloop
  endfacet
  facet normal 0 1 -0
    outer loop
      vertex -0.359599 0.246499 -0.0999994
      vertex -0.360299 0.246499 0.0999994
      vertex -0.359599 0.246499 0.0999994
    endloop
  endfacet
  facet normal 0 1 0
    outer loop
      vertex -0.360299 0.246499 0.0999994
      vertex -0.359599 0.246499 -0.0999994
      vertex -0.360299 0.246499 -0.0999994
    endloop
  endfacet
  facet normal 0.633165 0.774017 -0
    outer loop
      vertex -0.360299 0.246499 -0.0999994
      vertex -0.360849 0.246949 0.0999994
      vertex -0.360299 0.246499 0.0999994
    endloop
  endfacet
  facet normal 0.633165 0.774017 0
    outer loop
      vertex -0.360849 0.246949 0.0999994
      vertex -0.360299 0.246499 -0.0999994
      vertex -0.360849 0.246949 -0.0999994
    endloop
  endfacet
  facet normal 0.00314912 0.999995 -0
    outer loop
      vertex -0.360849 0.246949 -0.0999994
      vertex -0.3769 0.247 0.0999994
      vertex -0.360849 0.246949 0.0999994
    endloop
  endfacet
  facet normal 0.00314912 0.999995 0
    outer loop
      vertex -0.3769 0.247 0.0999994
      vertex -0.360849 0.246949 -0.0999994
      vertex -0.3769 0.247 -0.0999994
    endloop
  endfacet
  facet normal 0.707107 0.707107 0
    outer loop
      vertex -0.3769 0.247 0.0999994
      vertex -0.377299 0.247399 -0.0999994
      vertex -0.377299 0.247399 0.0999994
    endloop
  endfacet
  facet normal 0.707107 0.707107 0
    outer loop
      vertex -0.377299 0.247399 -0.0999994
      vertex -0.3769 0.247 0.0999994
      vertex -0.3769 0.247 -0.0999994
    endloop
  endfacet
  facet normal 0.0105395 0.999944 -0
    outer loop
      vertex -0.377299 0.247399 -0.0999994
      vertex -0.3868 0.247499 0.0999994
      vertex -0.377299 0.247399 0.0999994
    endloop
  endfacet
  facet normal 0.0105395 0.999944 0
    outer loop
      vertex -0.3868 0.247499 0.0999994
      vertex -0.377299 0.247399 -0.0999994
      vertex -0.3868 0.247499 -0.0999994
    endloop
  endfacet
  facet normal 0.609823 0.792537 -0
    outer loop
      vertex -0.3868 0.247499 -0.0999994
      vertex -0.387449 0.247999 0.0999994
      vertex -0.3868 0.247499 0.0999994
    endloop
  endfacet
  facet normal 0.609823 0.792537 0
    outer loop
      vertex -0.387449 0.247999 0.0999994
      vertex -0.3868 0.247499 -0.0999994
      vertex -0.387449 0.247999 -0.0999994
    endloop
  endfacet
  facet normal -0.819085 0.573672 0
    outer loop
      vertex -0.387799 0.247499 -0.0999994
      vertex -0.387449 0.247999 0.0999994
      vertex -0.387449 0.247999 -0.0999994
    endloop
  endfacet
  facet normal -0.819085 0.573672 0
    outer loop
      vertex -0.387449 0.247999 0.0999994
      vertex -0.387799 0.247499 -0.0999994
      vertex -0.387799 0.247499 0.0999994
    endloop
  endfacet
  facet normal 0 1 -0
    outer loop
      vertex -0.387799 0.247499 -0.0999994
      vertex -0.388599 0.247499 0.0999994
      vertex -0.387799 0.247499 0.0999994
    endloop
  endfacet
  facet normal 0 1 0
    outer loop
      vertex -0.388599 0.247499 0.0999994
      vertex -0.387799 0.247499 -0.0999994
      vertex -0.388599 0.247499 -0.0999994
    endloop
  endfacet
  facet normal -0.42903 0.90329 0
    outer loop
      vertex -0.388599 0.247499 -0.0999994
      vertex -0.390599 0.24655 0.0999994
      vertex -0.388599 0.247499 0.0999994
    endloop
  endfacet
  facet normal -0.42903 0.90329 0
    outer loop
      vertex -0.390599 0.24655 0.0999994
      vertex -0.388599 0.247499 -0.0999994
      vertex -0.390599 0.24655 -0.0999994
    endloop
  endfacet
  facet normal -0.371452 0.928452 0
    outer loop
      vertex -0.390599 0.24655 -0.0999994
      vertex -0.3931 0.245549 0.0999994
      vertex -0.390599 0.24655 0.0999994
    endloop
  endfacet
  facet normal -0.371452 0.928452 0
    outer loop
      vertex -0.3931 0.245549 0.0999994
      vertex -0.390599 0.24655 -0.0999994
      vertex -0.3931 0.245549 -0.0999994
    endloop
  endfacet
  facet normal -0.287306 0.957839 0
    outer loop
      vertex -0.3931 0.245549 -0.0999994
      vertex -0.3951 0.244949 0.0999994
      vertex -0.3931 0.245549 0.0999994
    endloop
  endfacet
  facet normal -0.287306 0.957839 0
    outer loop
      vertex -0.3951 0.244949 0.0999994
      vertex -0.3931 0.245549 -0.0999994
      vertex -0.3951 0.244949 -0.0999994
    endloop
  endfacet
  facet normal -0.456726 0.889607 0
    outer loop
      vertex -0.3951 0.244949 -0.0999994
      vertex -0.39695 0.243999 0.0999994
      vertex -0.3951 0.244949 0.0999994
    endloop
  endfacet
  facet normal -0.456726 0.889607 0
    outer loop
      vertex -0.39695 0.243999 0.0999994
      vertex -0.3951 0.244949 -0.0999994
      vertex -0.39695 0.243999 -0.0999994
    endloop
  endfacet
  facet normal 0 1 -0
    outer loop
      vertex -0.39695 0.243999 -0.0999994
      vertex -0.3979 0.243999 0.0999994
      vertex -0.39695 0.243999 0.0999994
    endloop
  endfacet
  facet normal 0 1 0
    outer loop
      vertex -0.3979 0.243999 0.0999994
      vertex -0.39695 0.243999 -0.0999994
      vertex -0.3979 0.243999 -0.0999994
    endloop
  endfacet
  facet normal -0.707107 0.707107 0
    outer loop
      vertex -0.398399 0.2435 -0.0999994
      vertex -0.3979 0.243999 0.0999994
      vertex -0.3979 0.243999 -0.0999994
    endloop
  endfacet
  facet normal -0.707107 0.707107 0
    outer loop
      vertex -0.3979 0.243999 0.0999994
      vertex -0.398399 0.2435 -0.0999994
      vertex -0.398399 0.2435 0.0999994
    endloop
  endfacet
  facet normal -0.362462 0.931998 0
    outer loop
      vertex -0.398399 0.2435 -0.0999994
      vertex -0.401099 0.24245 0.0999994
      vertex -0.398399 0.2435 0.0999994
    endloop
  endfacet
  facet normal -0.362462 0.931998 0
    outer loop
      vertex -0.401099 0.24245 0.0999994
      vertex -0.398399 0.2435 -0.0999994
      vertex -0.401099 0.24245 -0.0999994
    endloop
  endfacet
  facet normal -0.132246 0.991217 0
    outer loop
      vertex -0.401099 0.24245 -0.0999994
      vertex -0.40185 0.24235 0.0999994
      vertex -0.401099 0.24245 0.0999994
    endloop
  endfacet
  facet normal -0.132246 0.991217 0
    outer loop
      vertex -0.40185 0.24235 0.0999994
      vertex -0.401099 0.24245 -0.0999994
      vertex -0.40185 0.24235 -0.0999994
    endloop
  endfacet
  facet normal -0.45787 0.889019 0
    outer loop
      vertex -0.40185 0.24235 -0.0999994
      vertex -0.4035 0.2415 0.0999994
      vertex -0.40185 0.24235 0.0999994
    endloop
  endfacet
  facet normal -0.45787 0.889019 0
    outer loop
      vertex -0.4035 0.2415 0.0999994
      vertex -0.40185 0.24235 -0.0999994
      vertex -0.4035 0.2415 -0.0999994
    endloop
  endfacet
  facet normal 0 1 -0
    outer loop
      vertex -0.4035 0.2415 -0.0999994
      vertex -0.404249 0.2415 0.0999994
      vertex -0.4035 0.2415 0.0999994
    endloop
  endfacet
  facet normal 0 1 0
    outer loop
      vertex -0.404249 0.2415 0.0999994
      vertex -0.4035 0.2415 -0.0999994
      vertex -0.404249 0.2415 -0.0999994
    endloop
  endfacet
  facet normal -0.53009 0.847942 0
    outer loop
      vertex -0.404249 0.2415 -0.0999994
      vertex -0.405849 0.240499 0.0999994
      vertex -0.404249 0.2415 0.0999994
    endloop
  endfacet
  facet normal -0.53009 0.847942 0
    outer loop
      vertex -0.405849 0.240499 0.0999994
      vertex -0.404249 0.2415 -0.0999994
      vertex -0.405849 0.240499 -0.0999994
    endloop
  endfacet
  facet normal 0 1 -0
    outer loop
      vertex -0.405849 0.240499 -0.0999994
      vertex -0.4066 0.240499 0.0999994
      vertex -0.405849 0.240499 0.0999994
    endloop
  endfacet
  facet normal 0 1 0
    outer loop
      vertex -0.4066 0.240499 0.0999994
      vertex -0.405849 0.240499 -0.0999994
      vertex -0.4066 0.240499 -0.0999994
    endloop
  endfacet
  facet normal -0.417183 0.908822 0
    outer loop
      vertex -0.4066 0.240499 -0.0999994
      vertex -0.40965 0.2391 0.0999994
      vertex -0.4066 0.240499 0.0999994
    endloop
  endfacet
  facet normal -0.417183 0.908822 0
    outer loop
      vertex -0.40965 0.2391 0.0999994
      vertex -0.4066 0.240499 -0.0999994
      vertex -0.40965 0.2391 -0.0999994
    endloop
  endfacet
  facet normal -0.355678 0.934609 0
    outer loop
      vertex -0.40965 0.2391 -0.0999994
      vertex -0.4107 0.2387 0.0999994
      vertex -0.40965 0.2391 0.0999994
    endloop
  endfacet
  facet normal -0.355678 0.934609 0
    outer loop
      vertex -0.4107 0.2387 0.0999994
      vertex -0.40965 0.2391 -0.0999994
      vertex -0.4107 0.2387 -0.0999994
    endloop
  endfacet
  facet normal -0.0790689 0.996869 0
    outer loop
      vertex -0.4107 0.2387 -0.0999994
      vertex -0.4126 0.238549 0.0999994
      vertex -0.4107 0.2387 0.0999994
    endloop
  endfacet
  facet normal -0.0790689 0.996869 0
    outer loop
      vertex -0.4126 0.238549 0.0999994
      vertex -0.4107 0.2387 -0.0999994
      vertex -0.4126 0.238549 -0.0999994
    endloop
  endfacet
  facet normal -0.894427 0.447214 0
    outer loop
      vertex -0.412849 0.23805 -0.0999994
      vertex -0.4126 0.238549 0.0999994
      vertex -0.4126 0.238549 -0.0999994
    endloop
  endfacet
  facet normal -0.894427 0.447214 0
    outer loop
      vertex -0.4126 0.238549 0.0999994
      vertex -0.412849 0.23805 -0.0999994
      vertex -0.412849 0.23805 0.0999994
    endloop
  endfacet
  facet normal -0.436791 0.899563 0
    outer loop
      vertex -0.412849 0.23805 -0.0999994
      vertex -0.414599 0.2372 0.0999994
      vertex -0.412849 0.23805 0.0999994
    endloop
  endfacet
  facet normal -0.436791 0.899563 0
    outer loop
      vertex -0.414599 0.2372 0.0999994
      vertex -0.412849 0.23805 -0.0999994
      vertex -0.414599 0.2372 -0.0999994
    endloop
  endfacet
  facet normal -0.217183 0.976131 0
    outer loop
      vertex -0.414599 0.2372 -0.0999994
      vertex -0.43685 0.232249 0.0999994
      vertex -0.414599 0.2372 0.0999994
    endloop
  endfacet
  facet normal -0.217183 0.976131 0
    outer loop
      vertex -0.43685 0.232249 0.0999994
      vertex -0.414599 0.2372 -0.0999994
      vertex -0.43685 0.232249 -0.0999994
    endloop
  endfacet
  facet normal -0.298081 0.954541 0
    outer loop
      vertex -0.43685 0.232249 -0.0999994
      vertex -0.43765 0.231999 0.0999994
      vertex -0.43685 0.232249 0.0999994
    endloop
  endfacet
  facet normal -0.298081 0.954541 0
    outer loop
      vertex -0.43765 0.231999 0.0999994
      vertex -0.43685 0.232249 -0.0999994
      vertex -0.43765 0.231999 -0.0999994
    endloop
  endfacet
  facet normal -0.700854 0.713305 0
    outer loop
      vertex -0.43765 0.231999 -0.0999994
      vertex -0.4577 0.212299 0.0999994
      vertex -0.43765 0.231999 0.0999994
    endloop
  endfacet
  facet normal -0.700854 0.713305 0
    outer loop
      vertex -0.4577 0.212299 0.0999994
      vertex -0.43765 0.231999 -0.0999994
      vertex -0.4577 0.212299 -0.0999994
    endloop
  endfacet
  facet normal -0.908653 0.417552 0
    outer loop
      vertex -0.46025 0.20675 -0.0999994
      vertex -0.4577 0.212299 0.0999994
      vertex -0.4577 0.212299 -0.0999994
    endloop
  endfacet
  facet normal -0.908653 0.417552 0
    outer loop
      vertex -0.4577 0.212299 0.0999994
      vertex -0.46025 0.20675 -0.0999994
      vertex -0.46025 0.20675 0.0999994
    endloop
  endfacet
  facet normal -1 0 0
    outer loop
      vertex -0.46025 0.206499 -0.0999994
      vertex -0.46025 0.20675 0.0999994
      vertex -0.46025 0.20675 -0.0999994
    endloop
  endfacet
  facet normal -1 -0 0
    outer loop
      vertex -0.46025 0.20675 0.0999994
      vertex -0.46025 0.206499 -0.0999994
      vertex -0.46025 0.206499 0.0999994
    endloop
  endfacet
  facet normal -0.902888 0.429876 0
    outer loop
      vertex -0.462749 0.201249 -0.0999994
      vertex -0.46025 0.206499 0.0999994
      vertex -0.46025 0.206499 -0.0999994
    endloop
  endfacet
  facet normal -0.902888 0.429876 0
    outer loop
      vertex -0.46025 0.206499 0.0999994
      vertex -0.462749 0.201249 -0.0999994
      vertex -0.462749 0.201249 0.0999994
    endloop
  endfacet
  facet normal 0 1 -0
    outer loop
      vertex -0.462749 0.201249 -0.0999994
      vertex -0.474999 0.201249 0.0999994
      vertex -0.462749 0.201249 0.0999994
    endloop
  endfacet
  facet normal 0 1 0
    outer loop
      vertex -0.474999 0.201249 0.0999994
      vertex -0.462749 0.201249 -0.0999994
      vertex -0.474999 0.201249 -0.0999994
    endloop
  endfacet
  facet normal -1 0 0
    outer loop
      vertex -0.474999 0.0669994 -0.0999994
      vertex -0.474999 0.201249 0.0999994
      vertex -0.474999 0.201249 -0.0999994
    endloop
  endfacet
  facet normal -1 -0 0
    outer loop
      vertex -0.474999 0.201249 0.0999994
      vertex -0.474999 0.0669994 -0.0999994
      vertex -0.474999 0.0669994 0.0999994
    endloop
  endfacet
  facet normal 0 -1 0
    outer loop
      vertex -0.474999 0.0669994 -0.0999994
      vertex -0.462799 0.0669994 0.0999994
      vertex -0.474999 0.0669994 0.0999994
    endloop
  endfacet
  facet normal 0 -1 -0
    outer loop
      vertex -0.462799 0.0669994 0.0999994
      vertex -0.474999 0.0669994 -0.0999994
      vertex -0.462799 0.0669994 -0.0999994
    endloop
  endfacet
  facet normal -0.832254 -0.554395 0
    outer loop
      vertex -0.462399 0.0663996 -0.0999994
      vertex -0.462799 0.0669994 0.0999994
      vertex -0.462799 0.0669994 -0.0999994
    endloop
  endfacet
  facet normal -0.832254 -0.554395 0
    outer loop
      vertex -0.462799 0.0669994 0.0999994
      vertex -0.462399 0.0663996 -0.0999994
      vertex -0.462399 0.0663996 0.0999994
    endloop
  endfacet
  facet normal -0.901555 -0.432664 0
    outer loop
      vertex -0.4606 0.0626497 -0.0999994
      vertex -0.462399 0.0663996 0.0999994
      vertex -0.462399 0.0663996 -0.0999994
    endloop
  endfacet
  facet normal -0.901555 -0.432664 0
    outer loop
      vertex -0.462399 0.0663996 0.0999994
      vertex -0.4606 0.0626497 -0.0999994
      vertex -0.4606 0.0626497 0.0999994
    endloop
  endfacet
  facet normal -0.79634 -0.604849 0
    outer loop
      vertex -0.454599 0.0547495 -0.0999994
      vertex -0.4606 0.0626497 0.0999994
      vertex -0.4606 0.0626497 -0.0999994
    endloop
  endfacet
  facet normal -0.79634 -0.604849 0
    outer loop
      vertex -0.4606 0.0626497 0.0999994
      vertex -0.454599 0.0547495 -0.0999994
      vertex -0.454599 0.0547495 0.0999994
    endloop
  endfacet
  facet normal -0.854575 -0.519328 0
    outer loop
      vertex -0.45305 0.0521994 -0.0999994
      vertex -0.454599 0.0547495 0.0999994
      vertex -0.454599 0.0547495 -0.0999994
    endloop
  endfacet
  facet normal -0.854575 -0.519328 0
    outer loop
      vertex -0.454599 0.0547495 0.0999994
      vertex -0.45305 0.0521994 -0.0999994
      vertex -0.45305 0.0521994 0.0999994
    endloop
  endfacet
  facet normal -0.956906 -0.290396 0
    outer loop
      vertex -0.4522 0.0493994 -0.0999994
      vertex -0.45305 0.0521994 0.0999994
      vertex -0.45305 0.0521994 -0.0999994
    endloop
  endfacet
  facet normal -0.956906 -0.290396 0
    outer loop
      vertex -0.45305 0.0521994 0.0999994
      vertex -0.4522 0.0493994 -0.0999994
      vertex -0.4522 0.0493994 0.0999994
    endloop
  endfacet
  facet normal -0.899371 -0.437187 0
    outer loop
      vertex -0.451349 0.0476494 -0.0999994
      vertex -0.4522 0.0493994 0.0999994
      vertex -0.4522 0.0493994 -0.0999994
    endloop
  endfacet
  facet normal -0.899371 -0.437187 0
    outer loop
      vertex -0.4522 0.0493994 0.0999994
      vertex -0.451349 0.0476494 -0.0999994
      vertex -0.451349 0.0476494 0.0999994
    endloop
  endfacet
  facet normal -0.960767 -0.277356 0
    outer loop
      vertex -0.4507 0.0453997 -0.0999994
      vertex -0.451349 0.0476494 0.0999994
      vertex -0.451349 0.0476494 -0.0999994
    endloop
  endfacet
  facet normal -0.960767 -0.277356 0
    outer loop
      vertex -0.451349 0.0476494 0.0999994
      vertex -0.4507 0.0453997 -0.0999994
      vertex -0.4507 0.0453997 0.0999994
    endloop
  endfacet
  facet normal -0.887811 -0.460207 0
    outer loop
      vertex -0.45 0.0440493 -0.0999994
      vertex -0.4507 0.0453997 0.0999994
      vertex -0.4507 0.0453997 -0.0999994
    endloop
  endfacet
  facet normal -0.887811 -0.460207 0
    outer loop
      vertex -0.4507 0.0453997 0.0999994
      vertex -0.45 0.0440493 -0.0999994
      vertex -0.45 0.0440493 0.0999994
    endloop
  endfacet
  facet normal -0.970006 0.24308 0
    outer loop
      vertex -0.4501 0.0436497 -0.0999994
      vertex -0.45 0.0440493 0.0999994
      vertex -0.45 0.0440493 -0.0999994
    endloop
  endfacet
  facet normal -0.970006 0.24308 0
    outer loop
      vertex -0.45 0.0440493 0.0999994
      vertex -0.4501 0.0436497 -0.0999994
      vertex -0.4501 0.0436497 0.0999994
    endloop
  endfacet
  facet normal -0.88881 -0.458276 0
    outer loop
      vertex -0.449249 0.0419998 -0.0999994
      vertex -0.4501 0.0436497 0.0999994
      vertex -0.4501 0.0436497 -0.0999994
    endloop
  endfacet
  facet normal -0.88881 -0.458276 0
    outer loop
      vertex -0.4501 0.0436497 0.0999994
      vertex -0.449249 0.0419998 -0.0999994
      vertex -0.449249 0.0419998 0.0999994
    endloop
  endfacet
  facet normal -1 0 0
    outer loop
      vertex -0.449249 0.04105 -0.0999994
      vertex -0.449249 0.0419998 0.0999994
      vertex -0.449249 0.0419998 -0.0999994
    endloop
  endfacet
  facet normal -1 -0 0
    outer loop
      vertex -0.449249 0.0419998 0.0999994
      vertex -0.449249 0.04105 -0.0999994
      vertex -0.449249 0.04105 0.0999994
    endloop
  endfacet
  facet normal -0.573672 -0.819085 0
    outer loop
      vertex -0.449249 0.04105 -0.0999994
      vertex -0.44875 0.0407 0.0999994
      vertex -0.449249 0.04105 0.0999994
    endloop
  endfacet
  facet normal -0.573672 -0.819085 -0
    outer loop
      vertex -0.44875 0.0407 0.0999994
      vertex -0.449249 0.04105 -0.0999994
      vertex -0.44875 0.0407 -0.0999994
    endloop
  endfacet
  facet normal -1 0 0
    outer loop
      vertex -0.44875 0.0397491 -0.0999994
      vertex -0.44875 0.0407 0.0999994
      vertex -0.44875 0.0407 -0.0999994
    endloop
  endfacet
  facet normal -1 -0 0
    outer loop
      vertex -0.44875 0.0407 0.0999994
      vertex -0.44875 0.0397491 -0.0999994
      vertex -0.44875 0.0397491 0.0999994
    endloop
  endfacet
  facet normal -0.847799 -0.530317 0
    outer loop
      vertex -0.447749 0.0381498 -0.0999994
      vertex -0.44875 0.0397491 0.0999994
      vertex -0.44875 0.0397491 -0.0999994
    endloop
  endfacet
  facet normal -0.847799 -0.530317 0
    outer loop
      vertex -0.44875 0.0397491 0.0999994
      vertex -0.447749 0.0381498 -0.0999994
      vertex -0.447749 0.0381498 0.0999994
    endloop
  endfacet
  facet normal -1 0 0
    outer loop
      vertex -0.447749 0.0374994 -0.0999994
      vertex -0.447749 0.0381498 0.0999994
      vertex -0.447749 0.0381498 -0.0999994
    endloop
  endfacet
  facet normal -1 -0 0
    outer loop
      vertex -0.447749 0.0381498 0.0999994
      vertex -0.447749 0.0374994 -0.0999994
      vertex -0.447749 0.0374994 0.0999994
    endloop
  endfacet
  facet normal -0.703727 -0.710471 0
    outer loop
      vertex -0.447749 0.0374994 -0.0999994
      vertex -0.4373 0.0271492 0.0999994
      vertex -0.447749 0.0374994 0.0999994
    endloop
  endfacet
  facet normal -0.703727 -0.710471 -0
    outer loop
      vertex -0.4373 0.0271492 0.0999994
      vertex -0.447749 0.0374994 -0.0999994
      vertex -0.4373 0.0271492 -0.0999994
    endloop
  endfacet
  facet normal -0.658441 -0.752632 0
    outer loop
      vertex -0.4373 0.0271492 -0.0999994
      vertex -0.435699 0.0257492 0.0999994
      vertex -0.4373 0.0271492 0.0999994
    endloop
  endfacet
  facet normal -0.658441 -0.752632 -0
    outer loop
      vertex -0.435699 0.0257492 0.0999994
      vertex -0.4373 0.0271492 -0.0999994
      vertex -0.435699 0.0257492 -0.0999994
    endloop
  endfacet
  facet normal 0 -1 0
    outer loop
      vertex -0.435699 0.0257492 -0.0999994
      vertex -0.435499 0.0257492 0.0999994
      vertex -0.435699 0.0257492 0.0999994
    endloop
  endfacet
  facet normal 0 -1 -0
    outer loop
      vertex -0.435499 0.0257492 0.0999994
      vertex -0.435699 0.0257492 -0.0999994
      vertex -0.435499 0.0257492 -0.0999994
    endloop
  endfacet
  facet normal -0.599847 -0.800114 0
    outer loop
      vertex -0.435499 0.0257492 -0.0999994
      vertex -0.434699 0.0251493 0.0999994
      vertex -0.435499 0.0257492 0.0999994
    endloop
  endfacet
  facet normal -0.599847 -0.800114 -0
    outer loop
      vertex -0.434699 0.0251493 0.0999994
      vertex -0.435499 0.0257492 -0.0999994
      vertex -0.434699 0.0251493 -0.0999994
    endloop
  endfacet
  facet normal -0.687906 -0.725799 0
    outer loop
      vertex -0.434699 0.0251493 -0.0999994
      vertex -0.433749 0.0242491 0.0999994
      vertex -0.434699 0.0251493 0.0999994
    endloop
  endfacet
  facet normal -0.687906 -0.725799 -0
    outer loop
      vertex -0.433749 0.0242491 0.0999994
      vertex -0.434699 0.0251493 -0.0999994
      vertex -0.433749 0.0242491 -0.0999994
    endloop
  endfacet
  facet normal 0 -1 0
    outer loop
      vertex -0.433749 0.0242491 -0.0999994
      vertex -0.433249 0.0242491 0.0999994
      vertex -0.433749 0.0242491 0.0999994
    endloop
  endfacet
  facet normal 0 -1 -0
    outer loop
      vertex -0.433249 0.0242491 0.0999994
      vertex -0.433749 0.0242491 -0.0999994
      vertex -0.433249 0.0242491 -0.0999994
    endloop
  endfacet
  facet normal -1 0 0
    outer loop
      vertex -0.433249 0.0238991 -0.0999994
      vertex -0.433249 0.0242491 0.0999994
      vertex -0.433249 0.0242491 -0.0999994
    endloop
  endfacet
  facet normal -1 -0 0
    outer loop
      vertex -0.433249 0.0242491 0.0999994
      vertex -0.433249 0.0238991 -0.0999994
      vertex -0.433249 0.0238991 0.0999994
    endloop
  endfacet
  facet normal -0.573525 -0.819188 0
    outer loop
      vertex -0.433249 0.0238991 -0.0999994
      vertex -0.43075 0.0221491 0.0999994
      vertex -0.433249 0.0238991 0.0999994
    endloop
  endfacet
  facet normal -0.573525 -0.819188 -0
    outer loop
      vertex -0.43075 0.0221491 0.0999994
      vertex -0.433249 0.0238991 -0.0999994
      vertex -0.43075 0.0221491 -0.0999994
    endloop
  endfacet
  facet normal -0.682285 -0.731086 0
    outer loop
      vertex -0.43075 0.0221491 -0.0999994
      vertex -0.42925 0.0207491 0.0999994
      vertex -0.43075 0.0221491 0.0999994
    endloop
  endfacet
  facet normal -0.682285 -0.731086 -0
    outer loop
      vertex -0.42925 0.0207491 0.0999994
      vertex -0.43075 0.0221491 -0.0999994
      vertex -0.42925 0.0207491 -0.0999994
    endloop
  endfacet
  facet normal 0 -1 0
    outer loop
      vertex -0.42925 0.0207491 -0.0999994
      vertex -0.428849 0.0207491 0.0999994
      vertex -0.42925 0.0207491 0.0999994
    endloop
  endfacet
  facet normal 0 -1 -0
    outer loop
      vertex -0.428849 0.0207491 0.0999994
      vertex -0.42925 0.0207491 -0.0999994
      vertex -0.428849 0.0207491 -0.0999994
    endloop
  endfacet
  facet normal -0.672502 -0.740095 0
    outer loop
      vertex -0.428849 0.0207491 -0.0999994
      vertex -0.427199 0.0192499 0.0999994
      vertex -0.428849 0.0207491 0.0999994
    endloop
  endfacet
  facet normal -0.672502 -0.740095 -0
    outer loop
      vertex -0.427199 0.0192499 0.0999994
      vertex -0.428849 0.0207491 -0.0999994
      vertex -0.427199 0.0192499 -0.0999994
    endloop
  endfacet
  facet normal 0 -1 0
    outer loop
      vertex -0.427199 0.0192499 -0.0999994
      vertex -0.426849 0.0192499 0.0999994
      vertex -0.427199 0.0192499 0.0999994
    endloop
  endfacet
  facet normal 0 -1 -0
    outer loop
      vertex -0.426849 0.0192499 0.0999994
      vertex -0.427199 0.0192499 -0.0999994
      vertex -0.426849 0.0192499 -0.0999994
    endloop
  endfacet
  facet normal -0.672737 -0.739882 0
    outer loop
      vertex -0.426849 0.0192499 -0.0999994
      vertex -0.4252 0.0177498 0.0999994
      vertex -0.426849 0.0192499 0.0999994
    endloop
  endfacet
  facet normal -0.672737 -0.739882 -0
    outer loop
      vertex -0.4252 0.0177498 0.0999994
      vertex -0.426849 0.0192499 -0.0999994
      vertex -0.4252 0.0177498 -0.0999994
    endloop
  endfacet
  facet normal 0 -1 0
    outer loop
      vertex -0.4252 0.0177498 -0.0999994
      vertex -0.424999 0.0177498 0.0999994
      vertex -0.4252 0.0177498 0.0999994
    endloop
  endfacet
  facet normal 0 -1 -0
    outer loop
      vertex -0.424999 0.0177498 0.0999994
      vertex -0.4252 0.0177498 -0.0999994
      vertex -0.424999 0.0177498 -0.0999994
    endloop
  endfacet
  facet normal -0.599847 -0.800114 0
    outer loop
      vertex -0.424999 0.0177498 -0.0999994
      vertex -0.424199 0.0171499 0.0999994
      vertex -0.424999 0.0177498 0.0999994
    endloop
  endfacet
  facet normal -0.599847 -0.800114 -0
    outer loop
      vertex -0.424199 0.0171499 0.0999994
      vertex -0.424999 0.0177498 -0.0999994
      vertex -0.424199 0.0171499 -0.0999994
    endloop
  endfacet
  facet normal -0.687906 -0.725799 0
    outer loop
      vertex -0.424199 0.0171499 -0.0999994
      vertex -0.423249 0.0162497 0.0999994
      vertex -0.424199 0.0171499 0.0999994
    endloop
  endfacet
  facet normal -0.687906 -0.725799 -0
    outer loop
      vertex -0.423249 0.0162497 0.0999994
      vertex -0.424199 0.0171499 -0.0999994
      vertex -0.423249 0.0162497 -0.0999994
    endloop
  endfacet
  facet normal 0 -1 0
    outer loop
      vertex -0.423249 0.0162497 -0.0999994
      vertex -0.42275 0.0162497 0.0999994
      vertex -0.423249 0.0162497 0.0999994
    endloop
  endfacet
  facet normal 0 -1 -0
    outer loop
      vertex -0.42275 0.0162497 0.0999994
      vertex -0.423249 0.0162497 -0.0999994
      vertex -0.42275 0.0162497 -0.0999994
    endloop
  endfacet
  facet normal -1 0 0
    outer loop
      vertex -0.42275 0.0158997 -0.0999994
      vertex -0.42275 0.0162497 0.0999994
      vertex -0.42275 0.0162497 -0.0999994
    endloop
  endfacet
  facet normal -1 -0 0
    outer loop
      vertex -0.42275 0.0162497 0.0999994
      vertex -0.42275 0.0158997 -0.0999994
      vertex -0.42275 0.0158997 0.0999994
    endloop
  endfacet
  facet normal -0.573525 -0.819188 0
    outer loop
      vertex -0.42275 0.0158997 -0.0999994
      vertex -0.42025 0.0141497 0.0999994
      vertex -0.42275 0.0158997 0.0999994
    endloop
  endfacet
  facet normal -0.573525 -0.819188 -0
    outer loop
      vertex -0.42025 0.0141497 0.0999994
      vertex -0.42275 0.0158997 -0.0999994
      vertex -0.42025 0.0141497 -0.0999994
    endloop
  endfacet
  facet normal -0.682285 -0.731086 0
    outer loop
      vertex -0.42025 0.0141497 -0.0999994
      vertex -0.41875 0.0127497 0.0999994
      vertex -0.42025 0.0141497 0.0999994
    endloop
  endfacet
  facet normal -0.682285 -0.731086 -0
    outer loop
      vertex -0.41875 0.0127497 0.0999994
      vertex -0.42025 0.0141497 -0.0999994
      vertex -0.41875 0.0127497 -0.0999994
    endloop
  endfacet
  facet normal 0 -1 0
    outer loop
      vertex -0.41875 0.0127497 -0.0999994
      vertex -0.418349 0.0127497 0.0999994
      vertex -0.41875 0.0127497 0.0999994
    endloop
  endfacet
  facet normal 0 -1 -0
    outer loop
      vertex -0.418349 0.0127497 0.0999994
      vertex -0.41875 0.0127497 -0.0999994
      vertex -0.418349 0.0127497 -0.0999994
    endloop
  endfacet
  facet normal -0.713575 -0.700579 0
    outer loop
      vertex -0.4129 0.00719929 -0.0999994
      vertex -0.418349 0.0127497 0.0999994
      vertex -0.418349 0.0127497 -0.0999994
    endloop
  endfacet
  facet normal -0.713575 -0.700579 0
    outer loop
      vertex -0.418349 0.0127497 0.0999994
      vertex -0.4129 0.00719929 -0.0999994
      vertex -0.4129 0.00719929 0.0999994
    endloop
  endfacet
  facet normal -0.418763 -0.908096 0
    outer loop
      vertex -0.4129 0.00719929 -0.0999994
      vertex -0.411599 0.00659943 0.0999994
      vertex -0.4129 0.00719929 0.0999994
    endloop
  endfacet
  facet normal -0.418763 -0.908096 -0
    outer loop
      vertex -0.411599 0.00659943 0.0999994
      vertex -0.4129 0.00719929 -0.0999994
      vertex -0.411599 0.00659943 -0.0999994
    endloop
  endfacet
  facet normal 0.24308 -0.970006 0
    outer loop
      vertex -0.411599 0.00659943 -0.0999994
      vertex -0.4108 0.0067997 0.0999994
      vertex -0.411599 0.00659943 0.0999994
    endloop
  endfacet
  facet normal 0.24308 -0.970006 0
    outer loop
      vertex -0.4108 0.0067997 0.0999994
      vertex -0.411599 0.00659943 -0.0999994
      vertex -0.4108 0.0067997 -0.0999994
    endloop
  endfacet
  facet normal -0.263047 -0.964783 0
    outer loop
      vertex -0.4108 0.0067997 -0.0999994
      vertex -0.4086 0.00619984 0.0999994
      vertex -0.4108 0.0067997 0.0999994
    endloop
  endfacet
  facet normal -0.263047 -0.964783 -0
    outer loop
      vertex -0.4086 0.00619984 0.0999994
      vertex -0.4108 0.0067997 -0.0999994
      vertex -0.4086 0.00619984 -0.0999994
    endloop
  endfacet
  facet normal -0.071569 -0.997436 0
    outer loop
      vertex -0.4086 0.00619984 -0.0999994
      vertex -0.4065 0.00604916 0.0999994
      vertex -0.4086 0.00619984 0.0999994
    endloop
  endfacet
  facet normal -0.071569 -0.997436 -0
    outer loop
      vertex -0.4065 0.00604916 0.0999994
      vertex -0.4086 0.00619984 -0.0999994
      vertex -0.4065 0.00604916 -0.0999994
    endloop
  endfacet
  facet normal -0.546013 -0.837776 0
    outer loop
      vertex -0.4065 0.00604916 -0.0999994
      vertex -0.40535 0.00529957 0.0999994
      vertex -0.4065 0.00604916 0.0999994
    endloop
  endfacet
  facet normal -0.546013 -0.837776 -0
    outer loop
      vertex -0.40535 0.00529957 0.0999994
      vertex -0.4065 0.00604916 -0.0999994
      vertex -0.40535 0.00529957 -0.0999994
    endloop
  endfacet
  facet normal -0.614772 -0.788705 0
    outer loop
      vertex -0.40535 0.00529957 -0.0999994
      vertex -0.38925 -0.00724983 0.0999994
      vertex -0.40535 0.00529957 0.0999994
    endloop
  endfacet
  facet normal -0.614772 -0.788705 -0
    outer loop
      vertex -0.38925 -0.00724983 0.0999994
      vertex -0.40535 0.00529957 -0.0999994
      vertex -0.38925 -0.00724983 -0.0999994
    endloop
  endfacet
  facet normal -0.593061 -0.805157 0
    outer loop
      vertex -0.38925 -0.00724983 -0.0999994
      vertex -0.387349 -0.00864983 0.0999994
      vertex -0.38925 -0.00724983 0.0999994
    endloop
  endfacet
  facet normal -0.593061 -0.805157 -0
    outer loop
      vertex -0.387349 -0.00864983 0.0999994
      vertex -0.38925 -0.00724983 -0.0999994
      vertex -0.387349 -0.00864983 -0.0999994
    endloop
  endfacet
  facet normal -0.245618 -0.969367 0
    outer loop
      vertex -0.387349 -0.00864983 -0.0999994
      vertex -0.372749 -0.0123491 0.0999994
      vertex -0.387349 -0.00864983 0.0999994
    endloop
  endfacet
  facet normal -0.245618 -0.969367 -0
    outer loop
      vertex -0.372749 -0.0123491 0.0999994
      vertex -0.387349 -0.00864983 -0.0999994
      vertex -0.372749 -0.0123491 -0.0999994
    endloop
  endfacet
  facet normal -1 0 0
    outer loop
      vertex -0.372749 -0.0128498 -0.0999994
      vertex -0.372749 -0.0123491 0.0999994
      vertex -0.372749 -0.0123491 -0.0999994
    endloop
  endfacet
  facet normal -1 -0 0
    outer loop
      vertex -0.372749 -0.0123491 0.0999994
      vertex -0.372749 -0.0128498 -0.0999994
      vertex -0.372749 -0.0128498 0.0999994
    endloop
  endfacet
  facet normal -0.248768 0.968563 0
    outer loop
      vertex -0.372749 -0.0128498 -0.0999994
      vertex -0.387349 -0.0165997 0.0999994
      vertex -0.372749 -0.0128498 0.0999994
    endloop
  endfacet
  facet normal -0.248768 0.968563 0
    outer loop
      vertex -0.387349 -0.0165997 0.0999994
      vertex -0.372749 -0.0128498 -0.0999994
      vertex -0.387349 -0.0165997 -0.0999994
    endloop
  endfacet
  facet normal -0.559464 0.828855 0
    outer loop
      vertex -0.387349 -0.0165997 -0.0999994
      vertex -0.39335 -0.0206499 0.0999994
      vertex -0.387349 -0.0165997 0.0999994
    endloop
  endfacet
  facet normal -0.559464 0.828855 0
    outer loop
      vertex -0.39335 -0.0206499 0.0999994
      vertex -0.387349 -0.0165997 -0.0999994
      vertex -0.39335 -0.0206499 -0.0999994
    endloop
  endfacet
  facet normal -0.570537 0.821272 0
    outer loop
      vertex -0.39335 -0.0206499 -0.0999994
      vertex -0.40105 -0.0259991 0.0999994
      vertex -0.39335 -0.0206499 0.0999994
    endloop
  endfacet
  facet normal -0.570537 0.821272 0
    outer loop
      vertex -0.40105 -0.0259991 0.0999994
      vertex -0.39335 -0.0206499 -0.0999994
      vertex -0.40105 -0.0259991 -0.0999994
    endloop
  endfacet
  facet normal -0.0246551 0.999696 0
    outer loop
      vertex -0.40105 -0.0259991 -0.0999994
      vertex -0.403099 -0.0260496 0.0999994
      vertex -0.40105 -0.0259991 0.0999994
    endloop
  endfacet
  facet normal -0.0246551 0.999696 0
    outer loop
      vertex -0.403099 -0.0260496 0.0999994
      vertex -0.40105 -0.0259991 -0.0999994
      vertex -0.403099 -0.0260496 -0.0999994
    endloop
  endfacet
  facet normal -0.132246 0.991217 0
    outer loop
      vertex -0.403099 -0.0260496 -0.0999994
      vertex -0.40385 -0.0261497 0.0999994
      vertex -0.403099 -0.0260496 0.0999994
    endloop
  endfacet
  facet normal -0.132246 0.991217 0
    outer loop
      vertex -0.40385 -0.0261497 0.0999994
      vertex -0.403099 -0.0260496 -0.0999994
      vertex -0.40385 -0.0261497 -0.0999994
    endloop
  endfacet
  facet normal -0.503956 0.863729 0
    outer loop
      vertex -0.40385 -0.0261497 -0.0999994
      vertex -0.404449 -0.0264997 0.0999994
      vertex -0.40385 -0.0261497 0.0999994
    endloop
  endfacet
  facet normal -0.503956 0.863729 0
    outer loop
      vertex -0.404449 -0.0264997 0.0999994
      vertex -0.40385 -0.0261497 -0.0999994
      vertex -0.404449 -0.0264997 -0.0999994
    endloop
  endfacet
  facet normal -0.0294402 0.999567 0
    outer loop
      vertex -0.404449 -0.0264997 -0.0999994
      vertex -0.407849 -0.0265999 0.0999994
      vertex -0.404449 -0.0264997 0.0999994
    endloop
  endfacet
  facet normal -0.0294402 0.999567 0
    outer loop
      vertex -0.407849 -0.0265999 0.0999994
      vertex -0.404449 -0.0264997 -0.0999994
      vertex -0.407849 -0.0265999 -0.0999994
    endloop
  endfacet
  facet normal -0.554395 0.832254 0
    outer loop
      vertex -0.407849 -0.0265999 -0.0999994
      vertex -0.408449 -0.0269995 0.0999994
      vertex -0.407849 -0.0265999 0.0999994
    endloop
  endfacet
  facet normal -0.554395 0.832254 0
    outer loop
      vertex -0.408449 -0.0269995 0.0999994
      vertex -0.407849 -0.0265999 -0.0999994
      vertex -0.408449 -0.0269995 -0.0999994
    endloop
  endfacet
  facet normal -0.0333571 0.999443 0
    outer loop
      vertex -0.408449 -0.0269995 -0.0999994
      vertex -0.411449 -0.0270996 0.0999994
      vertex -0.408449 -0.0269995 0.0999994
    endloop
  endfacet
  facet normal -0.0333571 0.999443 0
    outer loop
      vertex -0.411449 -0.0270996 0.0999994
      vertex -0.408449 -0.0269995 -0.0999994
      vertex -0.411449 -0.0270996 -0.0999994
    endloop
  endfacet
  facet normal -0.706263 0.707949 0
    outer loop
      vertex -0.411449 -0.0270996 -0.0999994
      vertex -0.41185 -0.0274992 0.0999994
      vertex -0.411449 -0.0270996 0.0999994
    endloop
  endfacet
  facet normal -0.706263 0.707949 0
    outer loop
      vertex -0.41185 -0.0274992 0.0999994
      vertex -0.411449 -0.0270996 -0.0999994
      vertex -0.41185 -0.0274992 -0.0999994
    endloop
  endfacet
  facet normal 0 1 -0
    outer loop
      vertex -0.41185 -0.0274992 -0.0999994
      vertex -0.4126 -0.0274992 0.0999994
      vertex -0.41185 -0.0274992 0.0999994
    endloop
  endfacet
  facet normal 0 1 0
    outer loop
      vertex -0.4126 -0.0274992 0.0999994
      vertex -0.41185 -0.0274992 -0.0999994
      vertex -0.4126 -0.0274992 -0.0999994
    endloop
  endfacet
  facet normal -0.704064 0.710136 0
    outer loop
      vertex -0.4126 -0.0274992 -0.0999994
      vertex -0.424199 -0.0389996 0.0999994
      vertex -0.4126 -0.0274992 0.0999994
    endloop
  endfacet
  facet normal -0.704064 0.710136 0
    outer loop
      vertex -0.424199 -0.0389996 0.0999994
      vertex -0.4126 -0.0274992 -0.0999994
      vertex -0.424199 -0.0389996 -0.0999994
    endloop
  endfacet
  facet normal 0 1 -0
    outer loop
      vertex -0.424199 -0.0389996 -0.0999994
      vertex -0.424649 -0.0389996 0.0999994
      vertex -0.424199 -0.0389996 0.0999994
    endloop
  endfacet
  facet normal 0 1 0
    outer loop
      vertex -0.424649 -0.0389996 0.0999994
      vertex -0.424199 -0.0389996 -0.0999994
      vertex -0.424649 -0.0389996 -0.0999994
    endloop
  endfacet
  facet normal -0.679367 0.733799 0
    outer loop
      vertex -0.424649 -0.0389996 -0.0999994
      vertex -0.427349 -0.0414991 0.0999994
      vertex -0.424649 -0.0389996 0.0999994
    endloop
  endfacet
  facet normal -0.679367 0.733799 0
    outer loop
      vertex -0.427349 -0.0414991 0.0999994
      vertex -0.424649 -0.0389996 -0.0999994
      vertex -0.427349 -0.0414991 -0.0999994
    endloop
  endfacet
  facet normal -0.316529 0.948583 0
    outer loop
      vertex -0.427349 -0.0414991 -0.0999994
      vertex -0.428249 -0.0417995 0.0999994
      vertex -0.427349 -0.0414991 0.0999994
    endloop
  endfacet
  facet normal -0.316529 0.948583 0
    outer loop
      vertex -0.428249 -0.0417995 0.0999994
      vertex -0.427349 -0.0414991 -0.0999994
      vertex -0.428249 -0.0417995 -0.0999994
    endloop
  endfacet
  facet normal -1 0 0
    outer loop
      vertex -0.428249 -0.0421991 -0.0999994
      vertex -0.428249 -0.0417995 0.0999994
      vertex -0.428249 -0.0417995 -0.0999994
    endloop
  endfacet
  facet normal -1 -0 0
    outer loop
      vertex -0.428249 -0.0417995 0.0999994
      vertex -0.428249 -0.0421991 -0.0999994
      vertex -0.428249 -0.0421991 0.0999994
    endloop
  endfacet
  facet normal -0.624714 0.780854 0
    outer loop
      vertex -0.428249 -0.0421991 -0.0999994
      vertex -0.433 -0.0459995 0.0999994
      vertex -0.428249 -0.0421991 0.0999994
    endloop
  endfacet
  facet normal -0.624714 0.780854 0
    outer loop
      vertex -0.433 -0.0459995 0.0999994
      vertex -0.428249 -0.0421991 -0.0999994
      vertex -0.433 -0.0459995 -0.0999994
    endloop
  endfacet
  facet normal -0.635179 0.772365 0
    outer loop
      vertex -0.433 -0.0459995 -0.0999994
      vertex -0.435249 -0.0478497 0.0999994
      vertex -0.433 -0.0459995 0.0999994
    endloop
  endfacet
  facet normal -0.635179 0.772365 0
    outer loop
      vertex -0.435249 -0.0478497 0.0999994
      vertex -0.433 -0.0459995 -0.0999994
      vertex -0.435249 -0.0478497 -0.0999994
    endloop
  endfacet
  facet normal -0.671353 0.741138 0
    outer loop
      vertex -0.435249 -0.0478497 -0.0999994
      vertex -0.43685 -0.0492992 0.0999994
      vertex -0.435249 -0.0478497 0.0999994
    endloop
  endfacet
  facet normal -0.671353 0.741138 0
    outer loop
      vertex -0.43685 -0.0492992 0.0999994
      vertex -0.435249 -0.0478497 -0.0999994
      vertex -0.43685 -0.0492992 -0.0999994
    endloop
  endfacet
  facet normal -0.704465 0.709738 0
    outer loop
      vertex -0.43685 -0.0492992 -0.0999994
      vertex -0.450199 -0.0625496 0.0999994
      vertex -0.43685 -0.0492992 0.0999994
    endloop
  endfacet
  facet normal -0.704465 0.709738 0
    outer loop
      vertex -0.450199 -0.0625496 0.0999994
      vertex -0.43685 -0.0492992 -0.0999994
      vertex -0.450199 -0.0625496 -0.0999994
    endloop
  endfacet
  facet normal -0.932275 0.361751 0
    outer loop
      vertex -0.45245 -0.0683498 -0.0999994
      vertex -0.450199 -0.0625496 0.0999994
      vertex -0.450199 -0.0625496 -0.0999994
    endloop
  endfacet
  facet normal -0.932275 0.361751 0
    outer loop
      vertex -0.450199 -0.0625496 0.0999994
      vertex -0.45245 -0.0683498 -0.0999994
      vertex -0.45245 -0.0683498 0.0999994
    endloop
  endfacet
  facet normal -0.936182 0.351515 0
    outer loop
      vertex -0.457049 -0.0805998 -0.0999994
      vertex -0.45245 -0.0683498 0.0999994
      vertex -0.45245 -0.0683498 -0.0999994
    endloop
  endfacet
  facet normal -0.936182 0.351515 0
    outer loop
      vertex -0.45245 -0.0683498 0.0999994
      vertex -0.457049 -0.0805998 -0.0999994
      vertex -0.457049 -0.0805998 0.0999994
    endloop
  endfacet
  facet normal -0.92057 0.390577 0
    outer loop
      vertex -0.457749 -0.0822496 -0.0999994
      vertex -0.457049 -0.0805998 0.0999994
      vertex -0.457049 -0.0805998 -0.0999994
    endloop
  endfacet
  facet normal -0.92057 0.390577 0
    outer loop
      vertex -0.457049 -0.0805998 0.0999994
      vertex -0.457749 -0.0822496 -0.0999994
      vertex -0.457749 -0.0822496 0.0999994
    endloop
  endfacet
  facet normal -1 0 0
    outer loop
      vertex -0.457749 -0.0827494 -0.0999994
      vertex -0.457749 -0.0822496 0.0999994
      vertex -0.457749 -0.0822496 -0.0999994
    endloop
  endfacet
  facet normal -1 -0 0
    outer loop
      vertex -0.457749 -0.0822496 0.0999994
      vertex -0.457749 -0.0827494 -0.0999994
      vertex -0.457749 -0.0827494 0.0999994
    endloop
  endfacet
  facet normal -0.808706 0.588213 0
    outer loop
      vertex -0.46095 -0.0871496 -0.0999994
      vertex -0.457749 -0.0827494 0.0999994
      vertex -0.457749 -0.0827494 -0.0999994
    endloop
  endfacet
  facet normal -0.808706 0.588213 0
    outer loop
      vertex -0.457749 -0.0827494 0.0999994
      vertex -0.46095 -0.0871496 -0.0999994
      vertex -0.46095 -0.0871496 0.0999994
    endloop
  endfacet
  facet normal -0.889944 0.456069 0
    outer loop
      vertex -0.461949 -0.0890999 -0.0999994
      vertex -0.46095 -0.0871496 0.0999994
      vertex -0.46095 -0.0871496 -0.0999994
    endloop
  endfacet
  facet normal -0.889944 0.456069 0
    outer loop
      vertex -0.46095 -0.0871496 0.0999994
      vertex -0.461949 -0.0890999 -0.0999994
      vertex -0.461949 -0.0890999 0.0999994
    endloop
  endfacet
  facet normal -0.805015 0.593254 0
    outer loop
      vertex -0.462649 -0.0900497 -0.0999994
      vertex -0.461949 -0.0890999 0.0999994
      vertex -0.461949 -0.0890999 -0.0999994
    endloop
  endfacet
  facet normal -0.805015 0.593254 0
    outer loop
      vertex -0.461949 -0.0890999 0.0999994
      vertex -0.462649 -0.0900497 -0.0999994
      vertex -0.462649 -0.0900497 0.0999994
    endloop
  endfacet
  facet normal 0.00409263 0.999992 -0
    outer loop
      vertex -0.462649 -0.0900497 -0.0999994
      vertex -0.474999 -0.0899992 0.0999994
      vertex -0.462649 -0.0900497 0.0999994
    endloop
  endfacet
  facet normal 0.00409263 0.999992 0
    outer loop
      vertex -0.474999 -0.0899992 0.0999994
      vertex -0.462649 -0.0900497 -0.0999994
      vertex -0.474999 -0.0899992 -0.0999994
    endloop
  endfacet
  facet normal -1 0 0
    outer loop
      vertex -0.474999 -0.22475 -0.0999994
      vertex -0.474999 -0.0899992 0.0999994
      vertex -0.474999 -0.0899992 -0.0999994
    endloop
  endfacet
  facet normal -1 -0 0
    outer loop
      vertex -0.474999 -0.0899992 0.0999994
      vertex -0.474999 -0.22475 -0.0999994
      vertex -0.474999 -0.22475 0.0999994
    endloop
  endfacet
  facet normal 0.00401541 -0.999992 0
    outer loop
      vertex -0.474999 -0.22475 -0.0999994
      vertex -0.462649 -0.2247 0.0999994
      vertex -0.474999 -0.22475 0.0999994
    endloop
  endfacet
  facet normal 0.00401541 -0.999992 0
    outer loop
      vertex -0.462649 -0.2247 0.0999994
      vertex -0.474999 -0.22475 -0.0999994
      vertex -0.462649 -0.2247 -0.0999994
    endloop
  endfacet
  facet normal -0.821888 -0.569649 0
    outer loop
      vertex -0.462199 -0.225349 -0.0999994
      vertex -0.462649 -0.2247 0.0999994
      vertex -0.462649 -0.2247 -0.0999994
    endloop
  endfacet
  facet normal -0.821888 -0.569649 0
    outer loop
      vertex -0.462649 -0.2247 0.0999994
      vertex -0.462199 -0.225349 -0.0999994
      vertex -0.462199 -0.225349 0.0999994
    endloop
  endfacet
  facet normal -0.898075 -0.439843 0
    outer loop
      vertex -0.4562 -0.237599 -0.0999994
      vertex -0.462199 -0.225349 0.0999994
      vertex -0.462199 -0.225349 -0.0999994
    endloop
  endfacet
  facet normal -0.898075 -0.439843 0
    outer loop
      vertex -0.462199 -0.225349 0.0999994
      vertex -0.4562 -0.237599 -0.0999994
      vertex -0.4562 -0.237599 0.0999994
    endloop
  endfacet
  facet normal -0.703269 -0.710924 0
    outer loop
      vertex -0.4562 -0.237599 -0.0999994
      vertex -0.437599 -0.256 0.0999994
      vertex -0.4562 -0.237599 0.0999994
    endloop
  endfacet
  facet normal -0.703269 -0.710924 -0
    outer loop
      vertex -0.437599 -0.256 0.0999994
      vertex -0.4562 -0.237599 -0.0999994
      vertex -0.437599 -0.256 -0.0999994
    endloop
  endfacet
  facet normal -0.162427 -0.986721 0
    outer loop
      vertex -0.437599 -0.256 -0.0999994
      vertex -0.421499 -0.25865 0.0999994
      vertex -0.437599 -0.256 0.0999994
    endloop
  endfacet
  facet normal -0.162427 -0.986721 -0
    outer loop
      vertex -0.421499 -0.25865 0.0999994
      vertex -0.437599 -0.256 -0.0999994
      vertex -0.421499 -0.25865 -0.0999994
    endloop
  endfacet
  facet normal -0.134921 -0.990856 0
    outer loop
      vertex -0.421499 -0.25865 -0.0999994
      vertex -0.4204 -0.2588 0.0999994
      vertex -0.421499 -0.25865 0.0999994
    endloop
  endfacet
  facet normal -0.134921 -0.990856 -0
    outer loop
      vertex -0.4204 -0.2588 0.0999994
      vertex -0.421499 -0.25865 -0.0999994
      vertex -0.4204 -0.2588 -0.0999994
    endloop
  endfacet
  facet normal -0.351287 -0.936268 0
    outer loop
      vertex -0.4204 -0.2588 -0.0999994
      vertex -0.4192 -0.25925 0.0999994
      vertex -0.4204 -0.2588 0.0999994
    endloop
  endfacet
  facet normal -0.351287 -0.936268 -0
    outer loop
      vertex -0.4192 -0.25925 0.0999994
      vertex -0.4204 -0.2588 -0.0999994
      vertex -0.4192 -0.25925 -0.0999994
    endloop
  endfacet
  facet normal 0 -1 0
    outer loop
      vertex -0.4192 -0.25925 -0.0999994
      vertex -0.4176 -0.25925 0.0999994
      vertex -0.4192 -0.25925 0.0999994
    endloop
  endfacet
  facet normal 0 -1 -0
    outer loop
      vertex -0.4176 -0.25925 0.0999994
      vertex -0.4192 -0.25925 -0.0999994
      vertex -0.4176 -0.25925 -0.0999994
    endloop
  endfacet
  facet normal -0.244465 -0.969658 0
    outer loop
      vertex -0.4176 -0.25925 -0.0999994
      vertex -0.41185 -0.260699 0.0999994
      vertex -0.4176 -0.25925 0.0999994
    endloop
  endfacet
  facet normal -0.244465 -0.969658 -0
    outer loop
      vertex -0.41185 -0.260699 0.0999994
      vertex -0.4176 -0.25925 -0.0999994
      vertex -0.41185 -0.260699 -0.0999994
    endloop
  endfacet
  facet normal -0.104243 -0.994552 0
    outer loop
      vertex -0.41185 -0.260699 -0.0999994
      vertex -0.4066 -0.26125 0.0999994
      vertex -0.41185 -0.260699 0.0999994
    endloop
  endfacet
  facet normal -0.104243 -0.994552 -0
    outer loop
      vertex -0.4066 -0.26125 0.0999994
      vertex -0.41185 -0.260699 -0.0999994
      vertex -0.4066 -0.26125 -0.0999994
    endloop
  endfacet
  facet normal -0.135557 -0.99077 0
    outer loop
      vertex -0.4066 -0.26125 -0.0999994
      vertex -0.397099 -0.262549 0.0999994
      vertex -0.4066 -0.26125 0.0999994
    endloop
  endfacet
  facet normal -0.135557 -0.99077 -0
    outer loop
      vertex -0.397099 -0.262549 0.0999994
      vertex -0.4066 -0.26125 -0.0999994
      vertex -0.397099 -0.262549 -0.0999994
    endloop
  endfacet
  facet normal -0.164297 -0.986411 0
    outer loop
      vertex -0.397099 -0.262549 -0.0999994
      vertex -0.395599 -0.262799 0.0999994
      vertex -0.397099 -0.262549 0.0999994
    endloop
  endfacet
  facet normal -0.164297 -0.986411 -0
    outer loop
      vertex -0.395599 -0.262799 0.0999994
      vertex -0.397099 -0.262549 -0.0999994
      vertex -0.395599 -0.262799 -0.0999994
    endloop
  endfacet
  facet normal -0.423877 -0.90572 0
    outer loop
      vertex -0.395599 -0.262799 -0.0999994
      vertex -0.3925 -0.26425 0.0999994
      vertex -0.395599 -0.262799 0.0999994
    endloop
  endfacet
  facet normal -0.423877 -0.90572 -0
    outer loop
      vertex -0.3925 -0.26425 0.0999994
      vertex -0.395599 -0.262799 -0.0999994
      vertex -0.3925 -0.26425 -0.0999994
    endloop
  endfacet
  facet normal 0 -1 0
    outer loop
      vertex -0.3925 -0.26425 -0.0999994
      vertex -0.39205 -0.26425 0.0999994
      vertex -0.3925 -0.26425 0.0999994
    endloop
  endfacet
  facet normal 0 -1 -0
    outer loop
      vertex -0.39205 -0.26425 0.0999994
      vertex -0.3925 -0.26425 -0.0999994
      vertex -0.39205 -0.26425 -0.0999994
    endloop
  endfacet
  facet normal -0.447058 -0.894505 0
    outer loop
      vertex -0.39205 -0.26425 -0.0999994
      vertex -0.38985 -0.265349 0.0999994
      vertex -0.39205 -0.26425 0.0999994
    endloop
  endfacet
  facet normal -0.447058 -0.894505 -0
    outer loop
      vertex -0.38985 -0.265349 0.0999994
      vertex -0.39205 -0.26425 -0.0999994
      vertex -0.38985 -0.265349 -0.0999994
    endloop
  endfacet
  facet normal -0.707107 -0.707107 0
    outer loop
      vertex -0.3896 -0.265599 -0.0999994
      vertex -0.38985 -0.265349 0.0999994
      vertex -0.38985 -0.265349 -0.0999994
    endloop
  endfacet
  facet normal -0.707107 -0.707107 0
    outer loop
      vertex -0.38985 -0.265349 0.0999994
      vertex -0.3896 -0.265599 -0.0999994
      vertex -0.3896 -0.265599 0.0999994
    endloop
  endfacet
  facet normal -0.348379 -0.937354 0
    outer loop
      vertex -0.3896 -0.265599 -0.0999994
      vertex -0.38785 -0.26625 0.0999994
      vertex -0.3896 -0.265599 0.0999994
    endloop
  endfacet
  facet normal -0.348379 -0.937354 -0
    outer loop
      vertex -0.38785 -0.26625 0.0999994
      vertex -0.3896 -0.265599 -0.0999994
      vertex -0.38785 -0.26625 -0.0999994
    endloop
  endfacet
  facet normal 0 -1 0
    outer loop
      vertex -0.38785 -0.26625 -0.0999994
      vertex -0.38285 -0.26625 0.0999994
      vertex -0.38785 -0.26625 0.0999994
    endloop
  endfacet
  facet normal 0 -1 -0
    outer loop
      vertex -0.38285 -0.26625 0.0999994
      vertex -0.38785 -0.26625 -0.0999994
      vertex -0.38285 -0.26625 -0.0999994
    endloop
  endfacet
  facet normal 0.274583 -0.961563 0
    outer loop
      vertex -0.38285 -0.26625 -0.0999994
      vertex -0.3811 -0.26575 0.0999994
      vertex -0.38285 -0.26625 0.0999994
    endloop
  endfacet
  facet normal 0.274583 -0.961563 0
    outer loop
      vertex -0.3811 -0.26575 0.0999994
      vertex -0.38285 -0.26625 -0.0999994
      vertex -0.3811 -0.26575 -0.0999994
    endloop
  endfacet
  facet normal -0.00793384 -0.999969 0
    outer loop
      vertex -0.3811 -0.26575 -0.0999994
      vertex -0.374849 -0.2658 0.0999994
      vertex -0.3811 -0.26575 0.0999994
    endloop
  endfacet
  facet normal -0.00793384 -0.999969 -0
    outer loop
      vertex -0.374849 -0.2658 0.0999994
      vertex -0.3811 -0.26575 -0.0999994
      vertex -0.374849 -0.2658 -0.0999994
    endloop
  endfacet
  facet normal 0.299962 -0.953951 0
    outer loop
      vertex -0.374849 -0.2658 -0.0999994
      vertex -0.373099 -0.265249 0.0999994
      vertex -0.374849 -0.2658 0.0999994
    endloop
  endfacet
  facet normal 0.299962 -0.953951 0
    outer loop
      vertex -0.373099 -0.265249 0.0999994
      vertex -0.374849 -0.2658 -0.0999994
      vertex -0.373099 -0.265249 -0.0999994
    endloop
  endfacet
  facet normal 0 -1 0
    outer loop
      vertex -0.373099 -0.265249 -0.0999994
      vertex -0.36735 -0.265249 0.0999994
      vertex -0.373099 -0.265249 0.0999994
    endloop
  endfacet
  facet normal 0 -1 -0
    outer loop
      vertex -0.36735 -0.265249 0.0999994
      vertex -0.373099 -0.265249 -0.0999994
      vertex -0.36735 -0.265249 -0.0999994
    endloop
  endfacet
  facet normal 0.196116 -0.980581 0
    outer loop
      vertex -0.36735 -0.265249 -0.0999994
      vertex -0.3656 -0.264899 0.0999994
      vertex -0.36735 -0.265249 0.0999994
    endloop
  endfacet
  facet normal 0.196116 -0.980581 0
    outer loop
      vertex -0.3656 -0.264899 0.0999994
      vertex -0.36735 -0.265249 -0.0999994
      vertex -0.3656 -0.264899 -0.0999994
    endloop
  endfacet
  facet normal 0.0194408 -0.999811 0
    outer loop
      vertex -0.3656 -0.264899 -0.0999994
      vertex -0.36045 -0.264799 0.0999994
      vertex -0.3656 -0.264899 0.0999994
    endloop
  endfacet
  facet normal 0.0194408 -0.999811 0
    outer loop
      vertex -0.36045 -0.264799 0.0999994
      vertex -0.3656 -0.264899 -0.0999994
      vertex -0.36045 -0.264799 -0.0999994
    endloop
  endfacet
  facet normal 0.677967 -0.735093 0
    outer loop
      vertex -0.36045 -0.264799 -0.0999994
      vertex -0.359799 -0.264199 0.0999994
      vertex -0.36045 -0.264799 0.0999994
    endloop
  endfacet
  facet normal 0.677967 -0.735093 0
    outer loop
      vertex -0.359799 -0.264199 0.0999994
      vertex -0.36045 -0.264799 -0.0999994
      vertex -0.359799 -0.264199 -0.0999994
    endloop
  endfacet
  facet normal -0.0668278 -0.997765 0
    outer loop
      vertex -0.359799 -0.264199 -0.0999994
      vertex -0.35755 -0.26435 0.0999994
      vertex -0.359799 -0.264199 0.0999994
    endloop
  endfacet
  facet normal -0.0668278 -0.997765 -0
    outer loop
      vertex -0.35755 -0.26435 0.0999994
      vertex -0.359799 -0.264199 -0.0999994
      vertex -0.35755 -0.26435 -0.0999994
    endloop
  endfacet
  facet normal 0.654894 -0.755721 0
    outer loop
      vertex -0.35755 -0.26435 -0.0999994
      vertex -0.356799 -0.2637 0.0999994
      vertex -0.35755 -0.26435 0.0999994
    endloop
  endfacet
  facet normal 0.654894 -0.755721 0
    outer loop
      vertex -0.356799 -0.2637 0.0999994
      vertex -0.35755 -0.26435 -0.0999994
      vertex -0.356799 -0.2637 -0.0999994
    endloop
  endfacet
  facet normal -0.0664067 -0.997793 0
    outer loop
      vertex -0.356799 -0.2637 -0.0999994
      vertex -0.354549 -0.263849 0.0999994
      vertex -0.356799 -0.2637 0.0999994
    endloop
  endfacet
  facet normal -0.0664067 -0.997793 -0
    outer loop
      vertex -0.354549 -0.263849 0.0999994
      vertex -0.356799 -0.2637 -0.0999994
      vertex -0.354549 -0.263849 -0.0999994
    endloop
  endfacet
  facet normal 0.654821 -0.755784 0
    outer loop
      vertex -0.354549 -0.263849 -0.0999994
      vertex -0.3538 -0.2632 0.0999994
      vertex -0.354549 -0.263849 0.0999994
    endloop
  endfacet
  facet normal 0.654821 -0.755784 0
    outer loop
      vertex -0.3538 -0.2632 0.0999994
      vertex -0.354549 -0.263849 -0.0999994
      vertex -0.3538 -0.2632 -0.0999994
    endloop
  endfacet
  facet normal -0.0609995 -0.998138 0
    outer loop
      vertex -0.3538 -0.2632 -0.0999994
      vertex -0.35135 -0.26335 0.0999994
      vertex -0.3538 -0.2632 0.0999994
    endloop
  endfacet
  facet normal -0.0609995 -0.998138 -0
    outer loop
      vertex -0.35135 -0.26335 0.0999994
      vertex -0.3538 -0.2632 -0.0999994
      vertex -0.35135 -0.26335 -0.0999994
    endloop
  endfacet
  facet normal 0.496054 -0.868292 0
    outer loop
      vertex -0.35135 -0.26335 -0.0999994
      vertex -0.3503 -0.26275 0.0999994
      vertex -0.35135 -0.26335 0.0999994
    endloop
  endfacet
  facet normal 0.496054 -0.868292 0
    outer loop
      vertex -0.3503 -0.26275 0.0999994
      vertex -0.35135 -0.26335 -0.0999994
      vertex -0.3503 -0.26275 -0.0999994
    endloop
  endfacet
  facet normal -0.0202372 -0.999795 0
    outer loop
      vertex -0.3503 -0.26275 -0.0999994
      vertex -0.34785 -0.262799 0.0999994
      vertex -0.3503 -0.26275 0.0999994
    endloop
  endfacet
  facet normal -0.0202372 -0.999795 -0
    outer loop
      vertex -0.34785 -0.262799 0.0999994
      vertex -0.3503 -0.26275 -0.0999994
      vertex -0.34785 -0.262799 -0.0999994
    endloop
  endfacet
  facet normal 0.0904735 -0.995899 0
    outer loop
      vertex -0.34785 -0.262799 -0.0999994
      vertex -0.342349 -0.2623 0.0999994
      vertex -0.34785 -0.262799 0.0999994
    endloop
  endfacet
  facet normal 0.0904735 -0.995899 0
    outer loop
      vertex -0.342349 -0.2623 0.0999994
      vertex -0.34785 -0.262799 -0.0999994
      vertex -0.342349 -0.2623 -0.0999994
    endloop
  endfacet
  facet normal 0.0132237 -0.999913 0
    outer loop
      vertex -0.342349 -0.2623 -0.0999994
      vertex -0.338599 -0.26225 0.0999994
      vertex -0.342349 -0.2623 0.0999994
    endloop
  endfacet
  facet normal 0.0132237 -0.999913 0
    outer loop
      vertex -0.338599 -0.26225 0.0999994
      vertex -0.342349 -0.2623 -0.0999994
      vertex -0.338599 -0.26225 -0.0999994
    endloop
  endfacet
  facet normal 0.126023 -0.992027 0
    outer loop
      vertex -0.338599 -0.26225 -0.0999994
      vertex -0.322849 -0.260249 0.0999994
      vertex -0.338599 -0.26225 0.0999994
    endloop
  endfacet
  facet normal 0.126023 -0.992027 0
    outer loop
      vertex -0.322849 -0.260249 0.0999994
      vertex -0.338599 -0.26225 -0.0999994
      vertex -0.322849 -0.260249 -0.0999994
    endloop
  endfacet
  facet normal 0.138124 -0.990415 0
    outer loop
      vertex -0.322849 -0.260249 -0.0999994
      vertex -0.312099 -0.25875 0.0999994
      vertex -0.322849 -0.260249 0.0999994
    endloop
  endfacet
  facet normal 0.138124 -0.990415 0
    outer loop
      vertex -0.312099 -0.25875 0.0999994
      vertex -0.322849 -0.260249 -0.0999994
      vertex -0.312099 -0.25875 -0.0999994
    endloop
  endfacet
  facet normal 0 -1 0
    outer loop
      vertex -0.312099 -0.25875 -0.0999994
      vertex -0.304999 -0.25875 0.0999994
      vertex -0.312099 -0.25875 0.0999994
    endloop
  endfacet
  facet normal 0 -1 -0
    outer loop
      vertex -0.304999 -0.25875 0.0999994
      vertex -0.312099 -0.25875 -0.0999994
      vertex -0.304999 -0.25875 -0.0999994
    endloop
  endfacet
  facet normal 0.448067 -0.894 0
    outer loop
      vertex -0.304999 -0.25875 -0.0999994
      vertex -0.3046 -0.25855 0.0999994
      vertex -0.304999 -0.25875 0.0999994
    endloop
  endfacet
  facet normal 0.448067 -0.894 0
    outer loop
      vertex -0.3046 -0.25855 0.0999994
      vertex -0.304999 -0.25875 -0.0999994
      vertex -0.3046 -0.25855 -0.0999994
    endloop
  endfacet
  facet normal 0.0439734 -0.999033 0
    outer loop
      vertex -0.3046 -0.25855 -0.0999994
      vertex -0.2955 -0.258149 0.0999994
      vertex -0.3046 -0.25855 0.0999994
    endloop
  endfacet
  facet normal 0.0439734 -0.999033 0
    outer loop
      vertex -0.2955 -0.258149 0.0999994
      vertex -0.3046 -0.25855 -0.0999994
      vertex -0.2955 -0.258149 -0.0999994
    endloop
  endfacet
  facet normal 0.24036 -0.970684 0
    outer loop
      vertex -0.2955 -0.258149 -0.0999994
      vertex -0.295099 -0.25805 0.0999994
      vertex -0.2955 -0.258149 0.0999994
    endloop
  endfacet
  facet normal 0.24036 -0.970684 0
    outer loop
      vertex -0.295099 -0.25805 0.0999994
      vertex -0.2955 -0.258149 -0.0999994
      vertex -0.295099 -0.25805 -0.0999994
    endloop
  endfacet
  facet normal 0.0466176 -0.998913 0
    outer loop
      vertex -0.295099 -0.25805 -0.0999994
      vertex -0.2876 -0.2577 0.0999994
      vertex -0.295099 -0.25805 0.0999994
    endloop
  endfacet
  facet normal 0.0466176 -0.998913 0
    outer loop
      vertex -0.2876 -0.2577 0.0999994
      vertex -0.295099 -0.25805 -0.0999994
      vertex -0.2876 -0.2577 -0.0999994
    endloop
  endfacet
  facet normal 0.50909 -0.860713 0
    outer loop
      vertex -0.2876 -0.2577 -0.0999994
      vertex -0.28185 -0.254299 0.0999994
      vertex -0.2876 -0.2577 0.0999994
    endloop
  endfacet
  facet normal 0.50909 -0.860713 0
    outer loop
      vertex -0.28185 -0.254299 0.0999994
      vertex -0.2876 -0.2577 -0.0999994
      vertex -0.28185 -0.254299 -0.0999994
    endloop
  endfacet
  facet normal 0.499866 -0.866103 0
    outer loop
      vertex -0.28185 -0.254299 -0.0999994
      vertex -0.2757 -0.25075 0.0999994
      vertex -0.28185 -0.254299 0.0999994
    endloop
  endfacet
  facet normal 0.499866 -0.866103 0
    outer loop
      vertex -0.2757 -0.25075 0.0999994
      vertex -0.28185 -0.254299 -0.0999994
      vertex -0.2757 -0.25075 -0.0999994
    endloop
  endfacet
  facet normal 0 -1 0
    outer loop
      vertex -0.2757 -0.25075 -0.0999994
      vertex -0.2626 -0.25075 0.0999994
      vertex -0.2757 -0.25075 0.0999994
    endloop
  endfacet
  facet normal 0 -1 -0
    outer loop
      vertex -0.2626 -0.25075 0.0999994
      vertex -0.2757 -0.25075 -0.0999994
      vertex -0.2626 -0.25075 -0.0999994
    endloop
  endfacet
  facet normal 0.664226 -0.747532 0
    outer loop
      vertex -0.2626 -0.25075 -0.0999994
      vertex -0.260349 -0.24875 0.0999994
      vertex -0.2626 -0.25075 0.0999994
    endloop
  endfacet
  facet normal 0.664226 -0.747532 0
    outer loop
      vertex -0.260349 -0.24875 0.0999994
      vertex -0.2626 -0.25075 -0.0999994
      vertex -0.260349 -0.24875 -0.0999994
    endloop
  endfacet
  facet normal 0 -1 0
    outer loop
      vertex -0.260349 -0.24875 -0.0999994
      vertex -0.26005 -0.24875 0.0999994
      vertex -0.260349 -0.24875 0.0999994
    endloop
  endfacet
  facet normal 0 -1 -0
    outer loop
      vertex -0.26005 -0.24875 0.0999994
      vertex -0.260349 -0.24875 -0.0999994
      vertex -0.26005 -0.24875 -0.0999994
    endloop
  endfacet
  facet normal 0.679506 -0.73367 0
    outer loop
      vertex -0.26005 -0.24875 -0.0999994
      vertex -0.25735 -0.246249 0.0999994
      vertex -0.26005 -0.24875 0.0999994
    endloop
  endfacet
  facet normal 0.679506 -0.73367 0
    outer loop
      vertex -0.25735 -0.246249 0.0999994
      vertex -0.26005 -0.24875 -0.0999994
      vertex -0.25735 -0.246249 -0.0999994
    endloop
  endfacet
  facet normal 0 -1 0
    outer loop
      vertex -0.25735 -0.246249 -0.0999994
      vertex -0.256749 -0.246249 0.0999994
      vertex -0.25735 -0.246249 0.0999994
    endloop
  endfacet
  facet normal 0 -1 -0
    outer loop
      vertex -0.256749 -0.246249 0.0999994
      vertex -0.25735 -0.246249 -0.0999994
      vertex -0.256749 -0.246249 -0.0999994
    endloop
  endfacet
  facet normal 0.868461 -0.495757 0
    outer loop
      vertex -0.256749 -0.246249 0.0999994
      vertex -0.25635 -0.245549 -0.0999994
      vertex -0.25635 -0.245549 0.0999994
    endloop
  endfacet
  facet normal 0.868461 -0.495757 0
    outer loop
      vertex -0.25635 -0.245549 -0.0999994
      vertex -0.256749 -0.246249 0.0999994
      vertex -0.256749 -0.246249 -0.0999994
    endloop
  endfacet
  facet normal 0.627475 -0.778637 0
    outer loop
      vertex -0.25635 -0.245549 -0.0999994
      vertex -0.252999 -0.242849 0.0999994
      vertex -0.25635 -0.245549 0.0999994
    endloop
  endfacet
  facet normal 0.627475 -0.778637 0
    outer loop
      vertex -0.252999 -0.242849 0.0999994
      vertex -0.25635 -0.245549 -0.0999994
      vertex -0.252999 -0.242849 -0.0999994
    endloop
  endfacet
  facet normal 0.707107 -0.707107 0
    outer loop
      vertex -0.252999 -0.242849 0.0999994
      vertex -0.2519 -0.24175 -0.0999994
      vertex -0.2519 -0.24175 0.0999994
    endloop
  endfacet
  facet normal 0.707107 -0.707107 0
    outer loop
      vertex -0.2519 -0.24175 -0.0999994
      vertex -0.252999 -0.242849 0.0999994
      vertex -0.252999 -0.242849 -0.0999994
    endloop
  endfacet
  facet normal 0 -1 0
    outer loop
      vertex -0.2519 -0.24175 -0.0999994
      vertex -0.25145 -0.24175 0.0999994
      vertex -0.2519 -0.24175 0.0999994
    endloop
  endfacet
  facet normal 0 -1 -0
    outer loop
      vertex -0.25145 -0.24175 0.0999994
      vertex -0.2519 -0.24175 -0.0999994
      vertex -0.25145 -0.24175 -0.0999994
    endloop
  endfacet
  facet normal 0.707107 -0.707107 0
    outer loop
      vertex -0.25145 -0.24175 0.0999994
      vertex -0.25005 -0.24035 -0.0999994
      vertex -0.25005 -0.24035 0.0999994
    endloop
  endfacet
  facet normal 0.707107 -0.707107 0
    outer loop
      vertex -0.25005 -0.24035 -0.0999994
      vertex -0.25145 -0.24175 0.0999994
      vertex -0.25145 -0.24175 -0.0999994
    endloop
  endfacet
  facet normal 0.636972 -0.770887 0
    outer loop
      vertex -0.25005 -0.24035 -0.0999994
      vertex -0.247749 -0.238449 0.0999994
      vertex -0.25005 -0.24035 0.0999994
    endloop
  endfacet
  facet normal 0.636972 -0.770887 0
    outer loop
      vertex -0.247749 -0.238449 0.0999994
      vertex -0.25005 -0.24035 -0.0999994
      vertex -0.247749 -0.238449 -0.0999994
    endloop
  endfacet
  facet normal 0.594222 -0.804301 0
    outer loop
      vertex -0.247749 -0.238449 -0.0999994
      vertex -0.246599 -0.237599 0.0999994
      vertex -0.247749 -0.238449 0.0999994
    endloop
  endfacet
  facet normal 0.594222 -0.804301 0
    outer loop
      vertex -0.246599 -0.237599 0.0999994
      vertex -0.247749 -0.238449 -0.0999994
      vertex -0.246599 -0.237599 -0.0999994
    endloop
  endfacet
  facet normal 0.34677 -0.93795 0
    outer loop
      vertex -0.246599 -0.237599 -0.0999994
      vertex -0.23835 -0.23455 0.0999994
      vertex -0.246599 -0.237599 0.0999994
    endloop
  endfacet
  facet normal 0.34677 -0.93795 0
    outer loop
      vertex -0.23835 -0.23455 0.0999994
      vertex -0.246599 -0.237599 -0.0999994
      vertex -0.23835 -0.23455 -0.0999994
    endloop
  endfacet
  facet normal 0.370933 -0.92866 0
    outer loop
      vertex -0.23835 -0.23455 -0.0999994
      vertex -0.23735 -0.23415 0.0999994
      vertex -0.23835 -0.23455 0.0999994
    endloop
  endfacet
  facet normal 0.370933 -0.92866 0
    outer loop
      vertex -0.23735 -0.23415 0.0999994
      vertex -0.23835 -0.23455 -0.0999994
      vertex -0.23735 -0.23415 -0.0999994
    endloop
  endfacet
  facet normal 0.496162 -0.86823 0
    outer loop
      vertex -0.23735 -0.23415 -0.0999994
      vertex -0.22965 -0.22975 0.0999994
      vertex -0.23735 -0.23415 0.0999994
    endloop
  endfacet
  facet normal 0.496162 -0.86823 0
    outer loop
      vertex -0.22965 -0.22975 0.0999994
      vertex -0.23735 -0.23415 -0.0999994
      vertex -0.22965 -0.22975 -0.0999994
    endloop
  endfacet
  facet normal -0.179035 -0.983843 0
    outer loop
      vertex -0.22965 -0.22975 -0.0999994
      vertex -0.229099 -0.22985 0.0999994
      vertex -0.22965 -0.22975 0.0999994
    endloop
  endfacet
  facet normal -0.179035 -0.983843 -0
    outer loop
      vertex -0.229099 -0.22985 0.0999994
      vertex -0.22965 -0.22975 -0.0999994
      vertex -0.229099 -0.22985 -0.0999994
    endloop
  endfacet
  facet normal 0.159299 -0.98723 0
    outer loop
      vertex -0.229099 -0.22985 -0.0999994
      vertex -0.222899 -0.228849 0.0999994
      vertex -0.229099 -0.22985 0.0999994
    endloop
  endfacet
  facet normal 0.159299 -0.98723 0
    outer loop
      vertex -0.222899 -0.228849 0.0999994
      vertex -0.229099 -0.22985 -0.0999994
      vertex -0.222899 -0.228849 -0.0999994
    endloop
  endfacet
  facet normal 0.104841 -0.994489 0
    outer loop
      vertex -0.222899 -0.228849 -0.0999994
      vertex -0.22195 -0.228749 0.0999994
      vertex -0.222899 -0.228849 0.0999994
    endloop
  endfacet
  facet normal 0.104841 -0.994489 0
    outer loop
      vertex -0.22195 -0.228749 0.0999994
      vertex -0.222899 -0.228849 -0.0999994
      vertex -0.22195 -0.228749 -0.0999994
    endloop
  endfacet
  facet normal 0.236403 -0.971655 0
    outer loop
      vertex -0.22195 -0.228749 -0.0999994
      vertex -0.220099 -0.228299 0.0999994
      vertex -0.22195 -0.228749 0.0999994
    endloop
  endfacet
  facet normal 0.236403 -0.971655 0
    outer loop
      vertex -0.220099 -0.228299 0.0999994
      vertex -0.22195 -0.228749 -0.0999994
      vertex -0.220099 -0.228299 -0.0999994
    endloop
  endfacet
  facet normal 0.0994661 -0.995041 0
    outer loop
      vertex -0.220099 -0.228299 -0.0999994
      vertex -0.2176 -0.228049 0.0999994
      vertex -0.220099 -0.228299 0.0999994
    endloop
  endfacet
  facet normal 0.0994661 -0.995041 0
    outer loop
      vertex -0.2176 -0.228049 0.0999994
      vertex -0.220099 -0.228299 -0.0999994
      vertex -0.2176 -0.228049 -0.0999994
    endloop
  endfacet
  facet normal 0.189299 -0.981919 0
    outer loop
      vertex -0.2176 -0.228049 -0.0999994
      vertex -0.213449 -0.227249 0.0999994
      vertex -0.2176 -0.228049 0.0999994
    endloop
  endfacet
  facet normal 0.189299 -0.981919 0
    outer loop
      vertex -0.213449 -0.227249 0.0999994
      vertex -0.2176 -0.228049 -0.0999994
      vertex -0.213449 -0.227249 -0.0999994
    endloop
  endfacet
  facet normal -0.531633 -0.846975 0
    outer loop
      vertex -0.213449 -0.227249 -0.0999994
      vertex -0.21305 -0.2275 0.0999994
      vertex -0.213449 -0.227249 0.0999994
    endloop
  endfacet
  facet normal -0.531633 -0.846975 -0
    outer loop
      vertex -0.21305 -0.2275 0.0999994
      vertex -0.213449 -0.227249 -0.0999994
      vertex -0.21305 -0.2275 -0.0999994
    endloop
  endfacet
  facet normal 0.620815 -0.783957 0
    outer loop
      vertex -0.21305 -0.2275 -0.0999994
      vertex -0.211849 -0.226549 0.0999994
      vertex -0.21305 -0.2275 0.0999994
    endloop
  endfacet
  facet normal 0.620815 -0.783957 0
    outer loop
      vertex -0.211849 -0.226549 0.0999994
      vertex -0.21305 -0.2275 -0.0999994
      vertex -0.211849 -0.226549 -0.0999994
    endloop
  endfacet
  facet normal 0.699028 -0.715094 0
    outer loop
      vertex -0.211849 -0.226549 -0.0999994
      vertex -0.209599 -0.22435 0.0999994
      vertex -0.211849 -0.226549 0.0999994
    endloop
  endfacet
  facet normal 0.699028 -0.715094 0
    outer loop
      vertex -0.209599 -0.22435 0.0999994
      vertex -0.211849 -0.226549 -0.0999994
      vertex -0.209599 -0.22435 -0.0999994
    endloop
  endfacet
  facet normal 0.665042 -0.746806 0
    outer loop
      vertex -0.209599 -0.22435 -0.0999994
      vertex -0.20595 -0.2211 0.0999994
      vertex -0.209599 -0.22435 0.0999994
    endloop
  endfacet
  facet normal 0.665042 -0.746806 0
    outer loop
      vertex -0.20595 -0.2211 0.0999994
      vertex -0.209599 -0.22435 -0.0999994
      vertex -0.20595 -0.2211 -0.0999994
    endloop
  endfacet
  facet normal 0.682179 -0.731185 0
    outer loop
      vertex -0.20595 -0.2211 -0.0999994
      vertex -0.197 -0.212749 0.0999994
      vertex -0.20595 -0.2211 0.0999994
    endloop
  endfacet
  facet normal 0.682179 -0.731185 0
    outer loop
      vertex -0.197 -0.212749 0.0999994
      vertex -0.20595 -0.2211 -0.0999994
      vertex -0.197 -0.212749 -0.0999994
    endloop
  endfacet
  facet normal 0.415601 -0.909547 0
    outer loop
      vertex -0.197 -0.212749 -0.0999994
      vertex -0.187699 -0.2085 0.0999994
      vertex -0.197 -0.212749 0.0999994
    endloop
  endfacet
  facet normal 0.415601 -0.909547 0
    outer loop
      vertex -0.187699 -0.2085 0.0999994
      vertex -0.197 -0.212749 -0.0999994
      vertex -0.187699 -0.2085 -0.0999994
    endloop
  endfacet
  facet normal 0.644591 -0.764528 0
    outer loop
      vertex -0.187699 -0.2085 -0.0999994
      vertex -0.161249 -0.186199 0.0999994
      vertex -0.187699 -0.2085 0.0999994
    endloop
  endfacet
  facet normal 0.644591 -0.764528 0
    outer loop
      vertex -0.161249 -0.186199 0.0999994
      vertex -0.187699 -0.2085 -0.0999994
      vertex -0.161249 -0.186199 -0.0999994
    endloop
  endfacet
  facet normal -1 0 0
    outer loop
      vertex -0.161249 -0.1895 -0.0999994
      vertex -0.161249 -0.186199 0.0999994
      vertex -0.161249 -0.186199 -0.0999994
    endloop
  endfacet
  facet normal -1 -0 0
    outer loop
      vertex -0.161249 -0.186199 0.0999994
      vertex -0.161249 -0.1895 -0.0999994
      vertex -0.161249 -0.1895 0.0999994
    endloop
  endfacet
  facet normal 0 1 -0
    outer loop
      vertex -0.161249 -0.1895 -0.0999994
      vertex -0.16185 -0.1895 0.0999994
      vertex -0.161249 -0.1895 0.0999994
    endloop
  endfacet
  facet normal 0 1 0
    outer loop
      vertex -0.16185 -0.1895 0.0999994
      vertex -0.161249 -0.1895 -0.0999994
      vertex -0.16185 -0.1895 -0.0999994
    endloop
  endfacet
  facet normal -0.999075 -0.0430119 0
    outer loop
      vertex -0.161699 -0.193 -0.0999994
      vertex -0.16185 -0.1895 0.0999994
      vertex -0.16185 -0.1895 -0.0999994
    endloop
  endfacet
  facet normal -0.999075 -0.0430119 0
    outer loop
      vertex -0.16185 -0.1895 0.0999994
      vertex -0.161699 -0.193 -0.0999994
      vertex -0.161699 -0.193 0.0999994
    endloop
  endfacet
  facet normal 0 1 -0
    outer loop
      vertex -0.161699 -0.193 -0.0999994
      vertex -0.16225 -0.193 0.0999994
      vertex -0.161699 -0.193 0.0999994
    endloop
  endfacet
  facet normal 0 1 0
    outer loop
      vertex -0.16225 -0.193 0.0999994
      vertex -0.161699 -0.193 -0.0999994
      vertex -0.16225 -0.193 -0.0999994
    endloop
  endfacet
  facet normal -1 0 0
    outer loop
      vertex -0.16225 -0.195999 -0.0999994
      vertex -0.16225 -0.193 0.0999994
      vertex -0.16225 -0.193 -0.0999994
    endloop
  endfacet
  facet normal -1 -0 0
    outer loop
      vertex -0.16225 -0.193 0.0999994
      vertex -0.16225 -0.195999 -0.0999994
      vertex -0.16225 -0.195999 0.0999994
    endloop
  endfacet
  facet normal 0 1 -0
    outer loop
      vertex -0.16225 -0.195999 -0.0999994
      vertex -0.162849 -0.195999 0.0999994
      vertex -0.16225 -0.195999 0.0999994
    endloop
  endfacet
  facet normal 0 1 0
    outer loop
      vertex -0.162849 -0.195999 0.0999994
      vertex -0.16225 -0.195999 -0.0999994
      vertex -0.162849 -0.195999 -0.0999994
    endloop
  endfacet
  facet normal -0.998941 -0.0460193 0
    outer loop
      vertex -0.1627 -0.199249 -0.0999994
      vertex -0.162849 -0.195999 0.0999994
      vertex -0.162849 -0.195999 -0.0999994
    endloop
  endfacet
  facet normal -0.998941 -0.0460193 0
    outer loop
      vertex -0.162849 -0.195999 0.0999994
      vertex -0.1627 -0.199249 -0.0999994
      vertex -0.1627 -0.199249 0.0999994
    endloop
  endfacet
  facet normal -0.756196 0.654345 0
    outer loop
      vertex -0.163349 -0.2 -0.0999994
      vertex -0.1627 -0.199249 0.0999994
      vertex -0.1627 -0.199249 -0.0999994
    endloop
  endfacet
  facet normal -0.756196 0.654345 0
    outer loop
      vertex -0.1627 -0.199249 0.0999994
      vertex -0.163349 -0.2 -0.0999994
      vertex -0.163349 -0.2 0.0999994
    endloop
  endfacet
  facet normal -0.999086 -0.0427402 0
    outer loop
      vertex -0.163199 -0.2035 -0.0999994
      vertex -0.163349 -0.2 0.0999994
      vertex -0.163349 -0.2 -0.0999994
    endloop
  endfacet
  facet normal -0.999086 -0.0427402 0
    outer loop
      vertex -0.163349 -0.2 0.0999994
      vertex -0.163199 -0.2035 -0.0999994
      vertex -0.163199 -0.2035 0.0999994
    endloop
  endfacet
  facet normal 0 1 -0
    outer loop
      vertex -0.163199 -0.2035 -0.0999994
      vertex -0.16385 -0.2035 0.0999994
      vertex -0.163199 -0.2035 0.0999994
    endloop
  endfacet
  facet normal 0 1 0
    outer loop
      vertex -0.16385 -0.2035 0.0999994
      vertex -0.163199 -0.2035 -0.0999994
      vertex -0.16385 -0.2035 -0.0999994
    endloop
  endfacet
  facet normal -0.999075 -0.0430119 0
    outer loop
      vertex -0.163699 -0.207 -0.0999994
      vertex -0.16385 -0.2035 0.0999994
      vertex -0.16385 -0.2035 -0.0999994
    endloop
  endfacet
  facet normal -0.999075 -0.0430119 0
    outer loop
      vertex -0.16385 -0.2035 0.0999994
      vertex -0.163699 -0.207 -0.0999994
      vertex -0.163699 -0.207 0.0999994
    endloop
  endfacet
  facet normal 0 1 -0
    outer loop
      vertex -0.163699 -0.207 -0.0999994
      vertex -0.16435 -0.207 0.0999994
      vertex -0.163699 -0.207 0.0999994
    endloop
  endfacet
  facet normal 0 1 0
    outer loop
      vertex -0.16435 -0.207 0.0999994
      vertex -0.163699 -0.207 -0.0999994
      vertex -0.16435 -0.207 -0.0999994
    endloop
  endfacet
  facet normal -0.999086 -0.0427402 0
    outer loop
      vertex -0.1642 -0.2105 -0.0999994
      vertex -0.16435 -0.207 0.0999994
      vertex -0.16435 -0.207 -0.0999994
    endloop
  endfacet
  facet normal -0.999086 -0.0427402 0
    outer loop
      vertex -0.16435 -0.207 0.0999994
      vertex -0.1642 -0.2105 -0.0999994
      vertex -0.1642 -0.2105 0.0999994
    endloop
  endfacet
  facet normal 0 1 -0
    outer loop
      vertex -0.1642 -0.2105 -0.0999994
      vertex -0.164849 -0.2105 0.0999994
      vertex -0.1642 -0.2105 0.0999994
    endloop
  endfacet
  facet normal 0 1 0
    outer loop
      vertex -0.164849 -0.2105 0.0999994
      vertex -0.1642 -0.2105 -0.0999994
      vertex -0.164849 -0.2105 -0.0999994
    endloop
  endfacet
  facet normal -0.998941 -0.0460193 0
    outer loop
      vertex -0.1647 -0.21375 -0.0999994
      vertex -0.164849 -0.2105 0.0999994
      vertex -0.164849 -0.2105 -0.0999994
    endloop
  endfacet
  facet normal -0.998941 -0.0460193 0
    outer loop
      vertex -0.164849 -0.2105 0.0999994
      vertex -0.1647 -0.21375 -0.0999994
      vertex -0.1647 -0.21375 0.0999994
    endloop
  endfacet
  facet normal -0.683681 0.729781 0
    outer loop
      vertex -0.1647 -0.21375 -0.0999994
      vertex -0.1655 -0.214499 0.0999994
      vertex -0.1647 -0.21375 0.0999994
    endloop
  endfacet
  facet normal -0.683681 0.729781 0
    outer loop
      vertex -0.1655 -0.214499 0.0999994
      vertex -0.1647 -0.21375 -0.0999994
      vertex -0.1655 -0.214499 -0.0999994
    endloop
  endfacet
  facet normal -0.928232 -0.372001 0
    outer loop
      vertex -0.165199 -0.215249 -0.0999994
      vertex -0.1655 -0.214499 0.0999994
      vertex -0.1655 -0.214499 -0.0999994
    endloop
  endfacet
  facet normal -0.928232 -0.372001 0
    outer loop
      vertex -0.1655 -0.214499 0.0999994
      vertex -0.165199 -0.215249 -0.0999994
      vertex -0.165199 -0.215249 0.0999994
    endloop
  endfacet
  facet normal -0.766948 0.641709 0
    outer loop
      vertex -0.1839 -0.237599 -0.0999994
      vertex -0.165199 -0.215249 0.0999994
      vertex -0.165199 -0.215249 -0.0999994
    endloop
  endfacet
  facet normal -0.766948 0.641709 0
    outer loop
      vertex -0.165199 -0.215249 0.0999994
      vertex -0.1839 -0.237599 -0.0999994
      vertex -0.1839 -0.237599 0.0999994
    endloop
  endfacet
  facet normal -0.878116 0.478447 0
    outer loop
      vertex -0.18785 -0.244849 -0.0999994
      vertex -0.1839 -0.237599 0.0999994
      vertex -0.1839 -0.237599 -0.0999994
    endloop
  endfacet
  facet normal -0.878116 0.478447 0
    outer loop
      vertex -0.1839 -0.237599 0.0999994
      vertex -0.18785 -0.244849 -0.0999994
      vertex -0.18785 -0.244849 0.0999994
    endloop
  endfacet
  facet normal -0.684577 0.72894 0
    outer loop
      vertex -0.18785 -0.244849 -0.0999994
      vertex -0.188649 -0.2456 0.0999994
      vertex -0.18785 -0.244849 0.0999994
    endloop
  endfacet
  facet normal -0.684577 0.72894 0
    outer loop
      vertex -0.188649 -0.2456 0.0999994
      vertex -0.18785 -0.244849 -0.0999994
      vertex -0.188649 -0.2456 -0.0999994
    endloop
  endfacet
  facet normal -0.755393 0.655272 0
    outer loop
      vertex -0.1929 -0.2505 -0.0999994
      vertex -0.188649 -0.2456 0.0999994
      vertex -0.188649 -0.2456 -0.0999994
    endloop
  endfacet
  facet normal -0.755393 0.655272 0
    outer loop
      vertex -0.188649 -0.2456 0.0999994
      vertex -0.1929 -0.2505 -0.0999994
      vertex -0.1929 -0.2505 0.0999994
    endloop
  endfacet
  facet normal -0.742945 0.669352 0
    outer loop
      vertex -0.20245 -0.2611 -0.0999994
      vertex -0.1929 -0.2505 0.0999994
      vertex -0.1929 -0.2505 -0.0999994
    endloop
  endfacet
  facet normal -0.742945 0.669352 0
    outer loop
      vertex -0.1929 -0.2505 0.0999994
      vertex -0.20245 -0.2611 -0.0999994
      vertex -0.20245 -0.2611 0.0999994
    endloop
  endfacet
  facet normal -0.785498 0.618864 0
    outer loop
      vertex -0.20375 -0.26275 -0.0999994
      vertex -0.20245 -0.2611 0.0999994
      vertex -0.20245 -0.2611 -0.0999994
    endloop
  endfacet
  facet normal -0.785498 0.618864 0
    outer loop
      vertex -0.20245 -0.2611 0.0999994
      vertex -0.20375 -0.26275 -0.0999994
      vertex -0.20375 -0.26275 0.0999994
    endloop
  endfacet
  facet normal -0.959383 0.282108 0
    outer loop
      vertex -0.204 -0.263599 -0.0999994
      vertex -0.20375 -0.26275 0.0999994
      vertex -0.20375 -0.26275 -0.0999994
    endloop
  endfacet
  facet normal -0.959383 0.282108 0
    outer loop
      vertex -0.20375 -0.26275 0.0999994
      vertex -0.204 -0.263599 -0.0999994
      vertex -0.204 -0.263599 0.0999994
    endloop
  endfacet
  facet normal -0.976334 0.216269 0
    outer loop
      vertex -0.20575 -0.2715 -0.0999994
      vertex -0.204 -0.263599 0.0999994
      vertex -0.204 -0.263599 -0.0999994
    endloop
  endfacet
  facet normal -0.976334 0.216269 0
    outer loop
      vertex -0.204 -0.263599 0.0999994
      vertex -0.20575 -0.2715 -0.0999994
      vertex -0.20575 -0.2715 0.0999994
    endloop
  endfacet
  facet normal -0.972646 0.232294 0
    outer loop
      vertex -0.20655 -0.27485 -0.0999994
      vertex -0.20575 -0.2715 0.0999994
      vertex -0.20575 -0.2715 -0.0999994
    endloop
  endfacet
  facet normal -0.972646 0.232294 0
    outer loop
      vertex -0.20575 -0.2715 0.0999994
      vertex -0.20655 -0.27485 -0.0999994
      vertex -0.20655 -0.27485 0.0999994
    endloop
  endfacet
  facet normal -0.978231 0.207521 0
    outer loop
      vertex -0.2083 -0.283099 -0.0999994
      vertex -0.20655 -0.27485 0.0999994
      vertex -0.20655 -0.27485 -0.0999994
    endloop
  endfacet
  facet normal -0.978231 0.207521 0
    outer loop
      vertex -0.20655 -0.27485 0.0999994
      vertex -0.2083 -0.283099 -0.0999994
      vertex -0.2083 -0.283099 0.0999994
    endloop
  endfacet
  facet normal -0.898322 0.439337 0
    outer loop
      vertex -0.212799 -0.292299 -0.0999994
      vertex -0.2083 -0.283099 0.0999994
      vertex -0.2083 -0.283099 -0.0999994
    endloop
  endfacet
  facet normal -0.898322 0.439337 0
    outer loop
      vertex -0.2083 -0.283099 0.0999994
      vertex -0.212799 -0.292299 -0.0999994
      vertex -0.212799 -0.292299 0.0999994
    endloop
  endfacet
  facet normal -0.791232 0.611516 0
    outer loop
      vertex -0.214499 -0.294499 -0.0999994
      vertex -0.212799 -0.292299 0.0999994
      vertex -0.212799 -0.292299 -0.0999994
    endloop
  endfacet
  facet normal -0.791232 0.611516 0
    outer loop
      vertex -0.212799 -0.292299 0.0999994
      vertex -0.214499 -0.294499 -0.0999994
      vertex -0.214499 -0.294499 0.0999994
    endloop
  endfacet
  facet normal -0.555921 0.831235 0
    outer loop
      vertex -0.214499 -0.294499 -0.0999994
      vertex -0.214649 -0.2946 0.0999994
      vertex -0.214499 -0.294499 0.0999994
    endloop
  endfacet
  facet normal -0.555921 0.831235 0
    outer loop
      vertex -0.214649 -0.2946 0.0999994
      vertex -0.214499 -0.294499 -0.0999994
      vertex -0.214649 -0.2946 -0.0999994
    endloop
  endfacet
  facet normal -0.816368 0.577533 0
    outer loop
      vertex -0.2161 -0.29665 -0.0999994
      vertex -0.214649 -0.2946 0.0999994
      vertex -0.214649 -0.2946 -0.0999994
    endloop
  endfacet
  facet normal -0.816368 0.577533 0
    outer loop
      vertex -0.214649 -0.2946 0.0999994
      vertex -0.2161 -0.29665 -0.0999994
      vertex -0.2161 -0.29665 0.0999994
    endloop
  endfacet
  facet normal -0.792454 0.609932 0
    outer loop
      vertex -0.228299 -0.3125 -0.0999994
      vertex -0.2161 -0.29665 0.0999994
      vertex -0.2161 -0.29665 -0.0999994
    endloop
  endfacet
  facet normal -0.792454 0.609932 0
    outer loop
      vertex -0.2161 -0.29665 0.0999994
      vertex -0.228299 -0.3125 -0.0999994
      vertex -0.228299 -0.3125 0.0999994
    endloop
  endfacet
  facet normal -0.999148 0.0412628 0
    outer loop
      vertex -0.228499 -0.317349 -0.0999994
      vertex -0.228299 -0.3125 0.0999994
      vertex -0.228299 -0.3125 -0.0999994
    endloop
  endfacet
  facet normal -0.999148 0.0412628 0
    outer loop
      vertex -0.228299 -0.3125 0.0999994
      vertex -0.228499 -0.317349 -0.0999994
      vertex -0.228499 -0.317349 0.0999994
    endloop
  endfacet
  facet normal -0.997665 0.0683011 0
    outer loop
      vertex -0.228749 -0.320999 -0.0999994
      vertex -0.228499 -0.317349 0.0999994
      vertex -0.228499 -0.317349 -0.0999994
    endloop
  endfacet
  facet normal -0.997665 0.0683011 0
    outer loop
      vertex -0.228499 -0.317349 0.0999994
      vertex -0.228749 -0.320999 -0.0999994
      vertex -0.228749 -0.320999 0.0999994
    endloop
  endfacet
  facet normal -1 0 0
    outer loop
      vertex -0.228749 -0.3286 -0.0999994
      vertex -0.228749 -0.320999 0.0999994
      vertex -0.228749 -0.320999 -0.0999994
    endloop
  endfacet
  facet normal -1 -0 0
    outer loop
      vertex -0.228749 -0.320999 0.0999994
      vertex -0.228749 -0.3286 -0.0999994
      vertex -0.228749 -0.3286 0.0999994
    endloop
  endfacet
  facet normal -0.902296 0.431117 0
    outer loop
      vertex -0.233049 -0.3376 -0.0999994
      vertex -0.228749 -0.3286 0.0999994
      vertex -0.228749 -0.3286 -0.0999994
    endloop
  endfacet
  facet normal -0.902296 0.431117 0
    outer loop
      vertex -0.228749 -0.3286 0.0999994
      vertex -0.233049 -0.3376 -0.0999994
      vertex -0.233049 -0.3376 0.0999994
    endloop
  endfacet
  facet normal -0.994683 0.102986 0
    outer loop
      vertex -0.23525 -0.35885 -0.0999994
      vertex -0.233049 -0.3376 0.0999994
      vertex -0.233049 -0.3376 -0.0999994
    endloop
  endfacet
  facet normal -0.994683 0.102986 0
    outer loop
      vertex -0.233049 -0.3376 0.0999994
      vertex -0.23525 -0.35885 -0.0999994
      vertex -0.23525 -0.35885 0.0999994
    endloop
  endfacet
  facet normal -0.99938 0.0352115 0
    outer loop
      vertex -0.235399 -0.363099 -0.0999994
      vertex -0.23525 -0.35885 0.0999994
      vertex -0.23525 -0.35885 -0.0999994
    endloop
  endfacet
  facet normal -0.99938 0.0352115 0
    outer loop
      vertex -0.23525 -0.35885 0.0999994
      vertex -0.235399 -0.363099 -0.0999994
      vertex -0.235399 -0.363099 0.0999994
    endloop
  endfacet
  facet normal -0.971008 0.239048 0
    outer loop
      vertex -0.236199 -0.366349 -0.0999994
      vertex -0.235399 -0.363099 0.0999994
      vertex -0.235399 -0.363099 -0.0999994
    endloop
  endfacet
  facet normal -0.971008 0.239048 0
    outer loop
      vertex -0.235399 -0.363099 0.0999994
      vertex -0.236199 -0.366349 -0.0999994
      vertex -0.236199 -0.366349 0.0999994
    endloop
  endfacet
  facet normal -0.98274 0.184994 0
    outer loop
      vertex -0.237 -0.3706 -0.0999994
      vertex -0.236199 -0.366349 0.0999994
      vertex -0.236199 -0.366349 -0.0999994
    endloop
  endfacet
  facet normal -0.98274 0.184994 0
    outer loop
      vertex -0.236199 -0.366349 0.0999994
      vertex -0.237 -0.3706 -0.0999994
      vertex -0.237 -0.3706 0.0999994
    endloop
  endfacet
  facet normal -0.963712 0.266944 0
    outer loop
      vertex -0.2379 -0.37385 -0.0999994
      vertex -0.237 -0.3706 0.0999994
      vertex -0.237 -0.3706 -0.0999994
    endloop
  endfacet
  facet normal -0.963712 0.266944 0
    outer loop
      vertex -0.237 -0.3706 0.0999994
      vertex -0.2379 -0.37385 -0.0999994
      vertex -0.2379 -0.37385 0.0999994
    endloop
  endfacet
  facet normal -0.860309 0.509773 0
    outer loop
      vertex -0.241099 -0.37925 -0.0999994
      vertex -0.2379 -0.37385 0.0999994
      vertex -0.2379 -0.37385 -0.0999994
    endloop
  endfacet
  facet normal -0.860309 0.509773 0
    outer loop
      vertex -0.2379 -0.37385 0.0999994
      vertex -0.241099 -0.37925 -0.0999994
      vertex -0.241099 -0.37925 0.0999994
    endloop
  endfacet
  facet normal -0.857516 0.514457 0
    outer loop
      vertex -0.244849 -0.3855 -0.0999994
      vertex -0.241099 -0.37925 0.0999994
      vertex -0.241099 -0.37925 -0.0999994
    endloop
  endfacet
  facet normal -0.857516 0.514457 0
    outer loop
      vertex -0.241099 -0.37925 0.0999994
      vertex -0.244849 -0.3855 -0.0999994
      vertex -0.244849 -0.3855 0.0999994
    endloop
  endfacet
  facet normal 0 1 -0
    outer loop
      vertex -0.244849 -0.3855 -0.0999994
      vertex -0.24525 -0.3855 0.0999994
      vertex -0.244849 -0.3855 0.0999994
    endloop
  endfacet
  facet normal 0 1 0
    outer loop
      vertex -0.24525 -0.3855 0.0999994
      vertex -0.244849 -0.3855 -0.0999994
      vertex -0.24525 -0.3855 -0.0999994
    endloop
  endfacet
  facet normal -1 0 0
    outer loop
      vertex -0.24525 -0.38625 -0.0999994
      vertex -0.24525 -0.3855 0.0999994
      vertex -0.24525 -0.3855 -0.0999994
    endloop
  endfacet
  facet normal -1 -0 0
    outer loop
      vertex -0.24525 -0.3855 0.0999994
      vertex -0.24525 -0.38625 -0.0999994
      vertex -0.24525 -0.38625 0.0999994
    endloop
  endfacet
  facet normal -0.8 0.6 0
    outer loop
      vertex -0.2463 -0.38765 -0.0999994
      vertex -0.24525 -0.38625 0.0999994
      vertex -0.24525 -0.38625 -0.0999994
    endloop
  endfacet
  facet normal -0.8 0.6 0
    outer loop
      vertex -0.24525 -0.38625 0.0999994
      vertex -0.2463 -0.38765 -0.0999994
      vertex -0.2463 -0.38765 0.0999994
    endloop
  endfacet
  facet normal -0.999988 -0.00493109 0
    outer loop
      vertex -0.246249 -0.3979 -0.0999994
      vertex -0.2463 -0.38765 0.0999994
      vertex -0.2463 -0.38765 -0.0999994
    endloop
  endfacet
  facet normal -0.999988 -0.00493109 0
    outer loop
      vertex -0.2463 -0.38765 0.0999994
      vertex -0.246249 -0.3979 -0.0999994
      vertex -0.246249 -0.3979 0.0999994
    endloop
  endfacet
  facet normal -0.752243 0.658886 0
    outer loop
      vertex -0.246599 -0.398299 -0.0999994
      vertex -0.246249 -0.3979 0.0999994
      vertex -0.246249 -0.3979 -0.0999994
    endloop
  endfacet
  facet normal -0.752243 0.658886 0
    outer loop
      vertex -0.246249 -0.3979 0.0999994
      vertex -0.246599 -0.398299 -0.0999994
      vertex -0.246599 -0.398299 0.0999994
    endloop
  endfacet
  facet normal -0.995786 0.0917073 0
    outer loop
      vertex -0.246949 -0.4021 -0.0999994
      vertex -0.246599 -0.398299 0.0999994
      vertex -0.246599 -0.398299 -0.0999994
    endloop
  endfacet
  facet normal -0.995786 0.0917073 0
    outer loop
      vertex -0.246599 -0.398299 0.0999994
      vertex -0.246949 -0.4021 -0.0999994
      vertex -0.246949 -0.4021 0.0999994
    endloop
  endfacet
  facet normal -0.985584 0.169187 0
    outer loop
      vertex -0.24725 -0.40385 -0.0999994
      vertex -0.246949 -0.4021 0.0999994
      vertex -0.246949 -0.4021 -0.0999994
    endloop
  endfacet
  facet normal -0.985584 0.169187 0
    outer loop
      vertex -0.246949 -0.4021 0.0999994
      vertex -0.24725 -0.40385 -0.0999994
      vertex -0.24725 -0.40385 0.0999994
    endloop
  endfacet
  facet normal -1 0 0
    outer loop
      vertex -0.24725 -0.405299 -0.0999994
      vertex -0.24725 -0.40385 0.0999994
      vertex -0.24725 -0.40385 -0.0999994
    endloop
  endfacet
  facet normal -1 -0 0
    outer loop
      vertex -0.24725 -0.40385 0.0999994
      vertex -0.24725 -0.405299 -0.0999994
      vertex -0.24725 -0.405299 0.0999994
    endloop
  endfacet
  facet normal -0.843782 0.536686 0
    outer loop
      vertex -0.2476 -0.405849 -0.0999994
      vertex -0.24725 -0.405299 0.0999994
      vertex -0.24725 -0.405299 -0.0999994
    endloop
  endfacet
  facet normal -0.843782 0.536686 0
    outer loop
      vertex -0.24725 -0.405299 0.0999994
      vertex -0.2476 -0.405849 -0.0999994
      vertex -0.2476 -0.405849 0.0999994
    endloop
  endfacet
  facet normal -0.997793 0.0664067 0
    outer loop
      vertex -0.247749 -0.408099 -0.0999994
      vertex -0.2476 -0.405849 0.0999994
      vertex -0.2476 -0.405849 -0.0999994
    endloop
  endfacet
  facet normal -0.997793 0.0664067 0
    outer loop
      vertex -0.2476 -0.405849 0.0999994
      vertex -0.247749 -0.408099 -0.0999994
      vertex -0.247749 -0.408099 0.0999994
    endloop
  endfacet
  facet normal -1 0 0
    outer loop
      vertex -0.247749 -0.408799 -0.0999994
      vertex -0.247749 -0.408099 0.0999994
      vertex -0.247749 -0.408099 -0.0999994
    endloop
  endfacet
  facet normal -1 -0 0
    outer loop
      vertex -0.247749 -0.408099 0.0999994
      vertex -0.247749 -0.408799 -0.0999994
      vertex -0.247749 -0.408799 0.0999994
    endloop
  endfacet
  facet normal -0.843782 0.536686 0
    outer loop
      vertex -0.248099 -0.409349 -0.0999994
      vertex -0.247749 -0.408799 0.0999994
      vertex -0.247749 -0.408799 -0.0999994
    endloop
  endfacet
  facet normal -0.843782 0.536686 0
    outer loop
      vertex -0.247749 -0.408799 0.0999994
      vertex -0.248099 -0.409349 -0.0999994
      vertex -0.248099 -0.409349 0.0999994
    endloop
  endfacet
  facet normal -0.998367 0.0571273 0
    outer loop
      vertex -0.248199 -0.411099 -0.0999994
      vertex -0.248099 -0.409349 0.0999994
      vertex -0.248099 -0.409349 -0.0999994
    endloop
  endfacet
  facet normal -0.998367 0.0571273 0
    outer loop
      vertex -0.248099 -0.409349 0.0999994
      vertex -0.248199 -0.411099 -0.0999994
      vertex -0.248199 -0.411099 0.0999994
    endloop
  endfacet
  facet normal -0.999992 0.00387421 0
    outer loop
      vertex -0.248249 -0.4239 -0.0999994
      vertex -0.248199 -0.411099 0.0999994
      vertex -0.248199 -0.411099 -0.0999994
    endloop
  endfacet
  facet normal -0.999992 0.00387421 0
    outer loop
      vertex -0.248199 -0.411099 0.0999994
      vertex -0.248249 -0.4239 -0.0999994
      vertex -0.248249 -0.4239 0.0999994
    endloop
  endfacet
  facet normal -0.707107 0.707107 0
    outer loop
      vertex -0.248599 -0.42425 -0.0999994
      vertex -0.248249 -0.4239 0.0999994
      vertex -0.248249 -0.4239 -0.0999994
    endloop
  endfacet
  facet normal -0.707107 0.707107 0
    outer loop
      vertex -0.248249 -0.4239 0.0999994
      vertex -0.248599 -0.42425 -0.0999994
      vertex -0.248599 -0.42425 0.0999994
    endloop
  endfacet
  facet normal -0.999353 0.0359562 0
    outer loop
      vertex -0.248899 -0.432599 -0.0999994
      vertex -0.248599 -0.42425 0.0999994
      vertex -0.248599 -0.42425 -0.0999994
    endloop
  endfacet
  facet normal -0.999353 0.0359562 0
    outer loop
      vertex -0.248599 -0.42425 0.0999994
      vertex -0.248899 -0.432599 -0.0999994
      vertex -0.248899 -0.432599 0.0999994
    endloop
  endfacet
  facet normal -0.995049 0.0993863 0
    outer loop
      vertex -0.249299 -0.4366 -0.0999994
      vertex -0.248899 -0.432599 0.0999994
      vertex -0.248899 -0.432599 -0.0999994
    endloop
  endfacet
  facet normal -0.995049 0.0993863 0
    outer loop
      vertex -0.248899 -0.432599 0.0999994
      vertex -0.249299 -0.4366 -0.0999994
      vertex -0.249299 -0.4366 0.0999994
    endloop
  endfacet
  facet normal -0.980509 0.196476 0
    outer loop
      vertex -0.249399 -0.437099 -0.0999994
      vertex -0.249299 -0.4366 0.0999994
      vertex -0.249299 -0.4366 -0.0999994
    endloop
  endfacet
  facet normal -0.980509 0.196476 0
    outer loop
      vertex -0.249299 -0.4366 0.0999994
      vertex -0.249399 -0.437099 -0.0999994
      vertex -0.249399 -0.437099 0.0999994
    endloop
  endfacet
  facet normal -0.938201 -0.346092 0
    outer loop
      vertex -0.247499 -0.442249 -0.0999994
      vertex -0.249399 -0.437099 0.0999994
      vertex -0.249399 -0.437099 -0.0999994
    endloop
  endfacet
  facet normal -0.938201 -0.346092 0
    outer loop
      vertex -0.249399 -0.437099 0.0999994
      vertex -0.247499 -0.442249 -0.0999994
      vertex -0.247499 -0.442249 0.0999994
    endloop
  endfacet
  facet normal -0.932288 -0.361716 0
    outer loop
      vertex -0.2462 -0.4456 -0.0999994
      vertex -0.247499 -0.442249 0.0999994
      vertex -0.247499 -0.442249 -0.0999994
    endloop
  endfacet
  facet normal -0.932288 -0.361716 0
    outer loop
      vertex -0.247499 -0.442249 0.0999994
      vertex -0.2462 -0.4456 -0.0999994
      vertex -0.2462 -0.4456 0.0999994
    endloop
  endfacet
  facet normal -0.991195 -0.132412 0
    outer loop
      vertex -0.246099 -0.446349 -0.0999994
      vertex -0.2462 -0.4456 0.0999994
      vertex -0.2462 -0.4456 -0.0999994
    endloop
  endfacet
  facet normal -0.991195 -0.132412 0
    outer loop
      vertex -0.2462 -0.4456 0.0999994
      vertex -0.246099 -0.446349 -0.0999994
      vertex -0.246099 -0.446349 0.0999994
    endloop
  endfacet
  facet normal -0.868292 -0.496054 0
    outer loop
      vertex -0.2455 -0.447399 -0.0999994
      vertex -0.246099 -0.446349 0.0999994
      vertex -0.246099 -0.446349 -0.0999994
    endloop
  endfacet
  facet normal -0.868292 -0.496054 0
    outer loop
      vertex -0.246099 -0.446349 0.0999994
      vertex -0.2455 -0.447399 -0.0999994
      vertex -0.2455 -0.447399 0.0999994
    endloop
  endfacet
  facet normal -0.939782 -0.341776 0
    outer loop
      vertex -0.244699 -0.449599 -0.0999994
      vertex -0.2455 -0.447399 0.0999994
      vertex -0.2455 -0.447399 -0.0999994
    endloop
  endfacet
  facet normal -0.939782 -0.341776 0
    outer loop
      vertex -0.2455 -0.447399 0.0999994
      vertex -0.244699 -0.449599 -0.0999994
      vertex -0.244699 -0.449599 0.0999994
    endloop
  endfacet
  facet normal -0.991217 -0.132246 0
    outer loop
      vertex -0.244599 -0.45035 -0.0999994
      vertex -0.244699 -0.449599 0.0999994
      vertex -0.244699 -0.449599 -0.0999994
    endloop
  endfacet
  facet normal -0.991217 -0.132246 0
    outer loop
      vertex -0.244699 -0.449599 0.0999994
      vertex -0.244599 -0.45035 -0.0999994
      vertex -0.244599 -0.45035 0.0999994
    endloop
  endfacet
  facet normal -0.868292 -0.496054 0
    outer loop
      vertex -0.243999 -0.4514 -0.0999994
      vertex -0.244599 -0.45035 0.0999994
      vertex -0.244599 -0.45035 -0.0999994
    endloop
  endfacet
  facet normal -0.868292 -0.496054 0
    outer loop
      vertex -0.244599 -0.45035 0.0999994
      vertex -0.243999 -0.4514 -0.0999994
      vertex -0.243999 -0.4514 0.0999994
    endloop
  endfacet
  facet normal -0.939782 -0.341776 0
    outer loop
      vertex -0.243199 -0.4536 -0.0999994
      vertex -0.243999 -0.4514 0.0999994
      vertex -0.243999 -0.4514 -0.0999994
    endloop
  endfacet
  facet normal -0.939782 -0.341776 0
    outer loop
      vertex -0.243999 -0.4514 0.0999994
      vertex -0.243199 -0.4536 -0.0999994
      vertex -0.243199 -0.4536 0.0999994
    endloop
  endfacet
  facet normal -0.991195 -0.132412 0
    outer loop
      vertex -0.243099 -0.45435 -0.0999994
      vertex -0.243199 -0.4536 0.0999994
      vertex -0.243199 -0.4536 -0.0999994
    endloop
  endfacet
  facet normal -0.991195 -0.132412 0
    outer loop
      vertex -0.243199 -0.4536 0.0999994
      vertex -0.243099 -0.45435 -0.0999994
      vertex -0.243099 -0.45435 0.0999994
    endloop
  endfacet
  facet normal -0.915143 -0.403129 0
    outer loop
      vertex -0.241249 -0.458549 -0.0999994
      vertex -0.243099 -0.45435 0.0999994
      vertex -0.243099 -0.45435 -0.0999994
    endloop
  endfacet
  facet normal -0.915143 -0.403129 0
    outer loop
      vertex -0.243099 -0.45435 0.0999994
      vertex -0.241249 -0.458549 -0.0999994
      vertex -0.241249 -0.458549 0.0999994
    endloop
  endfacet
  facet normal -0.99992 0.0126361 0
    outer loop
      vertex -0.2413 -0.462549 -0.0999994
      vertex -0.241249 -0.458549 0.0999994
      vertex -0.241249 -0.458549 -0.0999994
    endloop
  endfacet
  facet normal -0.99992 0.0126361 0
    outer loop
      vertex -0.241249 -0.458549 0.0999994
      vertex -0.2413 -0.462549 -0.0999994
      vertex -0.2413 -0.462549 0.0999994
    endloop
  endfacet
  facet normal -0.555107 -0.831779 0
    outer loop
      vertex -0.2413 -0.462549 -0.0999994
      vertex -0.240849 -0.46285 0.0999994
      vertex -0.2413 -0.462549 0.0999994
    endloop
  endfacet
  facet normal -0.555107 -0.831779 -0
    outer loop
      vertex -0.240849 -0.46285 0.0999994
      vertex -0.2413 -0.462549 -0.0999994
      vertex -0.240849 -0.46285 -0.0999994
    endloop
  endfacet
  facet normal -0.789316 -0.613987 0
    outer loop
      vertex -0.2391 -0.465099 -0.0999994
      vertex -0.240849 -0.46285 0.0999994
      vertex -0.240849 -0.46285 -0.0999994
    endloop
  endfacet
  facet normal -0.789316 -0.613987 0
    outer loop
      vertex -0.240849 -0.46285 0.0999994
      vertex -0.2391 -0.465099 -0.0999994
      vertex -0.2391 -0.465099 0.0999994
    endloop
  endfacet
  facet normal -0.679377 -0.733789 0
    outer loop
      vertex -0.2391 -0.465099 -0.0999994
      vertex -0.237749 -0.46635 0.0999994
      vertex -0.2391 -0.465099 0.0999994
    endloop
  endfacet
  facet normal -0.679377 -0.733789 -0
    outer loop
      vertex -0.237749 -0.46635 0.0999994
      vertex -0.2391 -0.465099 -0.0999994
      vertex -0.237749 -0.46635 -0.0999994
    endloop
  endfacet
  facet normal -0.97119 -0.238308 0
    outer loop
      vertex -0.235749 -0.4745 -0.0999994
      vertex -0.237749 -0.46635 0.0999994
      vertex -0.237749 -0.46635 -0.0999994
    endloop
  endfacet
  facet normal -0.97119 -0.238308 0
    outer loop
      vertex -0.237749 -0.46635 0.0999994
      vertex -0.235749 -0.4745 -0.0999994
      vertex -0.235749 -0.4745 0.0999994
    endloop
  endfacet
  facet normal -0.973629 -0.228138 0
    outer loop
      vertex -0.23275 -0.4873 -0.0999994
      vertex -0.235749 -0.4745 0.0999994
      vertex -0.235749 -0.4745 -0.0999994
    endloop
  endfacet
  facet normal -0.973629 -0.228138 0
    outer loop
      vertex -0.235749 -0.4745 0.0999994
      vertex -0.23275 -0.4873 -0.0999994
      vertex -0.23275 -0.4873 0.0999994
    endloop
  endfacet
  facet normal -1 0 0
    outer loop
      vertex -0.23275 -0.5 -0.0999994
      vertex -0.23275 -0.4873 0.0999994
      vertex -0.23275 -0.4873 -0.0999994
    endloop
  endfacet
  facet normal -1 -0 0
    outer loop
      vertex -0.23275 -0.4873 0.0999994
      vertex -0.23275 -0.5 -0.0999994
      vertex -0.23275 -0.5 0.0999994
    endloop
  endfacet
  facet normal 0 -1 0
    outer loop
      vertex -0.23275 -0.5 -0.0999994
      vertex -0.0262499 -0.5 0.0999994
      vertex -0.23275 -0.5 0.0999994
    endloop
  endfacet
  facet normal 0 -1 -0
    outer loop
      vertex -0.0262499 -0.5 0.0999994
      vertex -0.23275 -0.5 -0.0999994
      vertex -0.0262499 -0.5 -0.0999994
    endloop
  endfacet
  facet normal 1 -0 0
    outer loop
      vertex -0.0262499 -0.5 0.0999994
      vertex -0.0262499 -0.4878 -0.0999994
      vertex -0.0262499 -0.4878 0.0999994
    endloop
  endfacet
  facet normal 1 0 0
    outer loop
      vertex -0.0262499 -0.4878 -0.0999994
      vertex -0.0262499 -0.5 0.0999994
      vertex -0.0262499 -0.5 -0.0999994
    endloop
  endfacet
  facet normal 0.894498 0.447071 0
    outer loop
      vertex 0.0120993 0.19875 0.0999994
      vertex 0.0108995 0.20115 -0.0999994
      vertex 0.0108995 0.20115 0.0999994
    endloop
  endfacet
  facet normal 0.894498 0.447071 0
    outer loop
      vertex 0.0108995 0.20115 -0.0999994
      vertex 0.0120993 0.19875 0.0999994
      vertex 0.0120993 0.19875 -0.0999994
    endloop
  endfacet
  facet normal 0.873502 0.486821 0
    outer loop
      vertex 0.0108995 0.20115 0.0999994
      vertex 0.00554943 0.21075 -0.0999994
      vertex 0.00554943 0.21075 0.0999994
    endloop
  endfacet
  facet normal 0.873502 0.486821 0
    outer loop
      vertex 0.00554943 0.21075 -0.0999994
      vertex 0.0108995 0.20115 0.0999994
      vertex 0.0108995 0.20115 -0.0999994
    endloop
  endfacet
  facet normal 0.881587 0.472021 0
    outer loop
      vertex 0.00554943 0.21075 0.0999994
      vertex 0.00479984 0.21215 -0.0999994
      vertex 0.00479984 0.21215 0.0999994
    endloop
  endfacet
  facet normal 0.881587 0.472021 0
    outer loop
      vertex 0.00479984 0.21215 -0.0999994
      vertex 0.00554943 0.21075 0.0999994
      vertex 0.00554943 0.21075 -0.0999994
    endloop
  endfacet
  facet normal 0.705051 0.709156 -0
    outer loop
      vertex 0.00479984 0.21215 -0.0999994
      vertex -0.0124998 0.229349 0.0999994
      vertex 0.00479984 0.21215 0.0999994
    endloop
  endfacet
  facet normal 0.705051 0.709156 0
    outer loop
      vertex -0.0124998 0.229349 0.0999994
      vertex 0.00479984 0.21215 -0.0999994
      vertex -0.0124998 0.229349 -0.0999994
    endloop
  endfacet
  facet normal 0.503956 0.863729 -0
    outer loop
      vertex -0.0124998 0.229349 -0.0999994
      vertex -0.0130997 0.229699 0.0999994
      vertex -0.0124998 0.229349 0.0999994
    endloop
  endfacet
  facet normal 0.503956 0.863729 0
    outer loop
      vertex -0.0130997 0.229699 0.0999994
      vertex -0.0124998 0.229349 -0.0999994
      vertex -0.0130997 0.229699 -0.0999994
    endloop
  endfacet
  facet normal 0.213377 0.97697 -0
    outer loop
      vertex -0.0130997 0.229699 -0.0999994
      vertex -0.0348492 0.234449 0.0999994
      vertex -0.0130997 0.229699 0.0999994
    endloop
  endfacet
  facet normal 0.213377 0.97697 0
    outer loop
      vertex -0.0348492 0.234449 0.0999994
      vertex -0.0130997 0.229699 -0.0999994
      vertex -0.0348492 0.234449 -0.0999994
    endloop
  endfacet
  facet normal 0.419075 0.907952 -0
    outer loop
      vertex -0.0348492 0.234449 -0.0999994
      vertex -0.0380993 0.23595 0.0999994
      vertex -0.0348492 0.234449 0.0999994
    endloop
  endfacet
  facet normal 0.419075 0.907952 0
    outer loop
      vertex -0.0380993 0.23595 0.0999994
      vertex -0.0348492 0.234449 -0.0999994
      vertex -0.0380993 0.23595 -0.0999994
    endloop
  endfacet
  facet normal 0.721869 0.69203 0
    outer loop
      vertex -0.0380993 0.23595 0.0999994
      vertex -0.0392494 0.237149 -0.0999994
      vertex -0.0392494 0.237149 0.0999994
    endloop
  endfacet
  facet normal 0.721869 0.69203 0
    outer loop
      vertex -0.0392494 0.237149 -0.0999994
      vertex -0.0380993 0.23595 0.0999994
      vertex -0.0380993 0.23595 -0.0999994
    endloop
  endfacet
  facet normal 0.944152 0.329511 0
    outer loop
      vertex -0.0392494 0.237149 0.0999994
      vertex -0.04 0.2393 -0.0999994
      vertex -0.04 0.2393 0.0999994
    endloop
  endfacet
  facet normal 0.944152 0.329511 0
    outer loop
      vertex -0.04 0.2393 -0.0999994
      vertex -0.0392494 0.237149 0.0999994
      vertex -0.0392494 0.237149 -0.0999994
    endloop
  endfacet
  facet normal 0.984689 0.174321 0
    outer loop
      vertex -0.04 0.2393 0.0999994
      vertex -0.0416994 0.248899 -0.0999994
      vertex -0.0416994 0.248899 0.0999994
    endloop
  endfacet
  facet normal 0.984689 0.174321 0
    outer loop
      vertex -0.0416994 0.248899 -0.0999994
      vertex -0.04 0.2393 0.0999994
      vertex -0.04 0.2393 -0.0999994
    endloop
  endfacet
  facet normal 0.980593 0.196056 0
    outer loop
      vertex -0.0416994 0.248899 0.0999994
      vertex -0.0428991 0.2549 -0.0999994
      vertex -0.0428991 0.2549 0.0999994
    endloop
  endfacet
  facet normal 0.980593 0.196056 0
    outer loop
      vertex -0.0428991 0.2549 -0.0999994
      vertex -0.0416994 0.248899 0.0999994
      vertex -0.0416994 0.248899 -0.0999994
    endloop
  endfacet
  facet normal 0.985477 0.169807 0
    outer loop
      vertex -0.0428991 0.2549 0.0999994
      vertex -0.0441999 0.262449 -0.0999994
      vertex -0.0441999 0.262449 0.0999994
    endloop
  endfacet
  facet normal 0.985477 0.169807 0
    outer loop
      vertex -0.0441999 0.262449 -0.0999994
      vertex -0.0428991 0.2549 0.0999994
      vertex -0.0428991 0.2549 -0.0999994
    endloop
  endfacet
  facet normal 0.980431 -0.196865 0
    outer loop
      vertex -0.0441999 0.262449 0.0999994
      vertex -0.0414991 0.2759 -0.0999994
      vertex -0.0414991 0.2759 0.0999994
    endloop
  endfacet
  facet normal 0.980431 -0.196865 0
    outer loop
      vertex -0.0414991 0.2759 -0.0999994
      vertex -0.0441999 0.262449 0.0999994
      vertex -0.0441999 0.262449 -0.0999994
    endloop
  endfacet
  facet normal 0.971979 -0.235069 0
    outer loop
      vertex -0.0414991 0.2759 0.0999994
      vertex -0.0407495 0.278999 -0.0999994
      vertex -0.0407495 0.278999 0.0999994
    endloop
  endfacet
  facet normal 0.971979 -0.235069 0
    outer loop
      vertex -0.0407495 0.278999 -0.0999994
      vertex -0.0414991 0.2759 0.0999994
      vertex -0.0414991 0.2759 -0.0999994
    endloop
  endfacet
  facet normal 0.980871 -0.19466 0
    outer loop
      vertex -0.0407495 0.278999 0.0999994
      vertex -0.0394497 0.285549 -0.0999994
      vertex -0.0394497 0.285549 0.0999994
    endloop
  endfacet
  facet normal 0.980871 -0.19466 0
    outer loop
      vertex -0.0394497 0.285549 -0.0999994
      vertex -0.0407495 0.278999 0.0999994
      vertex -0.0407495 0.278999 -0.0999994
    endloop
  endfacet
  facet normal 0.94121 -0.337823 0
    outer loop
      vertex -0.0394497 0.285549 0.0999994
      vertex -0.0387497 0.287499 -0.0999994
      vertex -0.0387497 0.287499 0.0999994
    endloop
  endfacet
  facet normal 0.94121 -0.337823 0
    outer loop
      vertex -0.0387497 0.287499 -0.0999994
      vertex -0.0394497 0.285549 0.0999994
      vertex -0.0394497 0.285549 -0.0999994
    endloop
  endfacet
  facet normal 0.764399 -0.644743 0
    outer loop
      vertex -0.0387497 0.287499 0.0999994
      vertex -0.0303993 0.2974 -0.0999994
      vertex -0.0303993 0.2974 0.0999994
    endloop
  endfacet
  facet normal 0.764399 -0.644743 0
    outer loop
      vertex -0.0303993 0.2974 -0.0999994
      vertex -0.0387497 0.287499 0.0999994
      vertex -0.0387497 0.287499 -0.0999994
    endloop
  endfacet
  facet normal 0.683681 -0.729781 0
    outer loop
      vertex -0.0303993 0.2974 -0.0999994
      vertex -0.0295992 0.298149 0.0999994
      vertex -0.0303993 0.2974 0.0999994
    endloop
  endfacet
  facet normal 0.683681 -0.729781 0
    outer loop
      vertex -0.0295992 0.298149 0.0999994
      vertex -0.0303993 0.2974 -0.0999994
      vertex -0.0295992 0.298149 -0.0999994
    endloop
  endfacet
  facet normal 0.768261 -0.640136 0
    outer loop
      vertex -0.0295992 0.298149 0.0999994
      vertex -0.0258493 0.302649 -0.0999994
      vertex -0.0258493 0.302649 0.0999994
    endloop
  endfacet
  facet normal 0.768261 -0.640136 0
    outer loop
      vertex -0.0258493 0.302649 -0.0999994
      vertex -0.0295992 0.298149 0.0999994
      vertex -0.0295992 0.298149 -0.0999994
    endloop
  endfacet
  facet normal 0.760088 -0.64982 0
    outer loop
      vertex -0.0258493 0.302649 0.0999994
      vertex -0.0175991 0.3123 -0.0999994
      vertex -0.0175991 0.3123 0.0999994
    endloop
  endfacet
  facet normal 0.760088 -0.64982 0
    outer loop
      vertex -0.0175991 0.3123 -0.0999994
      vertex -0.0258493 0.302649 0.0999994
      vertex -0.0258493 0.302649 -0.0999994
    endloop
  endfacet
  facet normal 0.852739 -0.522338 0
    outer loop
      vertex -0.0175991 0.3123 0.0999994
      vertex -0.0126991 0.320299 -0.0999994
      vertex -0.0126991 0.320299 0.0999994
    endloop
  endfacet
  facet normal 0.852739 -0.522338 0
    outer loop
      vertex -0.0126991 0.320299 -0.0999994
      vertex -0.0175991 0.3123 0.0999994
      vertex -0.0175991 0.3123 -0.0999994
    endloop
  endfacet
  facet normal 0.712112 -0.702066 0
    outer loop
      vertex -0.0126991 0.320299 0.0999994
      vertex -0.00909996 0.32395 -0.0999994
      vertex -0.00909996 0.32395 0.0999994
    endloop
  endfacet
  facet normal 0.712112 -0.702066 0
    outer loop
      vertex -0.00909996 0.32395 -0.0999994
      vertex -0.0126991 0.320299 0.0999994
      vertex -0.0126991 0.320299 -0.0999994
    endloop
  endfacet
  facet normal 0.728971 -0.684544 0
    outer loop
      vertex -0.00909996 0.32395 0.0999994
      vertex -0.00139999 0.33215 -0.0999994
      vertex -0.00139999 0.33215 0.0999994
    endloop
  endfacet
  facet normal 0.728971 -0.684544 0
    outer loop
      vertex -0.00139999 0.33215 -0.0999994
      vertex -0.00909996 0.32395 0.0999994
      vertex -0.00909996 0.32395 -0.0999994
    endloop
  endfacet
  facet normal 0.71069 -0.703506 0
    outer loop
      vertex -0.00139999 0.33215 0.0999994
      vertex 0.00354958 0.33715 -0.0999994
      vertex 0.00354958 0.33715 0.0999994
    endloop
  endfacet
  facet normal 0.71069 -0.703506 0
    outer loop
      vertex 0.00354958 0.33715 -0.0999994
      vertex -0.00139999 0.33215 0.0999994
      vertex -0.00139999 0.33215 -0.0999994
    endloop
  endfacet
  facet normal 0.908778 -0.41728 0
    outer loop
      vertex 0.00354958 0.33715 0.0999994
      vertex 0.0116997 0.354899 -0.0999994
      vertex 0.0116997 0.354899 0.0999994
    endloop
  endfacet
  facet normal 0.908778 -0.41728 0
    outer loop
      vertex 0.0116997 0.354899 -0.0999994
      vertex 0.00354958 0.33715 0.0999994
      vertex 0.00354958 0.33715 -0.0999994
    endloop
  endfacet
  facet normal 0.956683 -0.29113 0
    outer loop
      vertex 0.0116997 0.354899 0.0999994
      vertex 0.0120497 0.35605 -0.0999994
      vertex 0.0120497 0.35605 0.0999994
    endloop
  endfacet
  facet normal 0.956683 -0.29113 0
    outer loop
      vertex 0.0120497 0.35605 -0.0999994
      vertex 0.0116997 0.354899 0.0999994
      vertex 0.0116997 0.354899 -0.0999994
    endloop
  endfacet
  facet normal -0.342005 -0.939698 0
    outer loop
      vertex 0.0120497 0.35605 -0.0999994
      vertex 0.0125999 0.355849 0.0999994
      vertex 0.0120497 0.35605 0.0999994
    endloop
  endfacet
  facet normal -0.342005 -0.939698 -0
    outer loop
      vertex 0.0125999 0.355849 0.0999994
      vertex 0.0120497 0.35605 -0.0999994
      vertex 0.0125999 0.355849 -0.0999994
    endloop
  endfacet
  facet normal -0.928599 -0.371085 0
    outer loop
      vertex 0.0133991 0.353849 -0.0999994
      vertex 0.0125999 0.355849 0.0999994
      vertex 0.0125999 0.355849 -0.0999994
    endloop
  endfacet
  facet normal -0.928599 -0.371085 0
    outer loop
      vertex 0.0125999 0.355849 0.0999994
      vertex 0.0133991 0.353849 -0.0999994
      vertex 0.0133991 0.353849 0.0999994
    endloop
  endfacet
  facet normal -0.925165 -0.379566 0
    outer loop
      vertex 0.0141993 0.351899 -0.0999994
      vertex 0.0133991 0.353849 0.0999994
      vertex 0.0133991 0.353849 -0.0999994
    endloop
  endfacet
  facet normal -0.925165 -0.379566 0
    outer loop
      vertex 0.0133991 0.353849 0.0999994
      vertex 0.0141993 0.351899 -0.0999994
      vertex 0.0141993 0.351899 0.0999994
    endloop
  endfacet
  facet normal -0.933701 -0.358055 0
    outer loop
      vertex 0.0167494 0.345249 -0.0999994
      vertex 0.0141993 0.351899 0.0999994
      vertex 0.0141993 0.351899 -0.0999994
    endloop
  endfacet
  facet normal -0.933701 -0.358055 0
    outer loop
      vertex 0.0141993 0.351899 0.0999994
      vertex 0.0167494 0.345249 -0.0999994
      vertex 0.0167494 0.345249 0.0999994
    endloop
  endfacet
  facet normal -0.924269 -0.381742 0
    outer loop
      vertex 0.0186491 0.34065 -0.0999994
      vertex 0.0167494 0.345249 0.0999994
      vertex 0.0167494 0.345249 -0.0999994
    endloop
  endfacet
  facet normal -0.924269 -0.381742 0
    outer loop
      vertex 0.0167494 0.345249 0.0999994
      vertex 0.0186491 0.34065 -0.0999994
      vertex 0.0186491 0.34065 0.0999994
    endloop
  endfacet
  facet normal -0.951775 -0.306796 0
    outer loop
      vertex 0.0195999 0.3377 -0.0999994
      vertex 0.0186491 0.34065 0.0999994
      vertex 0.0186491 0.34065 -0.0999994
    endloop
  endfacet
  facet normal -0.951775 -0.306796 0
    outer loop
      vertex 0.0186491 0.34065 0.0999994
      vertex 0.0195999 0.3377 -0.0999994
      vertex 0.0195999 0.3377 0.0999994
    endloop
  endfacet
  facet normal -0.738406 -0.674356 0
    outer loop
      vertex 0.0243492 0.3325 -0.0999994
      vertex 0.0195999 0.3377 0.0999994
      vertex 0.0195999 0.3377 -0.0999994
    endloop
  endfacet
  facet normal -0.738406 -0.674356 0
    outer loop
      vertex 0.0195999 0.3377 0.0999994
      vertex 0.0243492 0.3325 -0.0999994
      vertex 0.0243492 0.3325 0.0999994
    endloop
  endfacet
  facet normal -0.731869 -0.681445 0
    outer loop
      vertex 0.0351496 0.3209 -0.0999994
      vertex 0.0243492 0.3325 0.0999994
      vertex 0.0243492 0.3325 -0.0999994
    endloop
  endfacet
  facet normal -0.731869 -0.681445 0
    outer loop
      vertex 0.0243492 0.3325 0.0999994
      vertex 0.0351496 0.3209 -0.0999994
      vertex 0.0351496 0.3209 0.0999994
    endloop
  endfacet
  facet normal -0.740045 -0.672558 0
    outer loop
      vertex 0.0376492 0.31815 -0.0999994
      vertex 0.0351496 0.3209 0.0999994
      vertex 0.0351496 0.3209 -0.0999994
    endloop
  endfacet
  facet normal -0.740045 -0.672558 0
    outer loop
      vertex 0.0351496 0.3209 0.0999994
      vertex 0.0376492 0.31815 -0.0999994
      vertex 0.0376492 0.31815 0.0999994
    endloop
  endfacet
  facet normal -0.847098 -0.531437 0
    outer loop
      vertex 0.0410995 0.31265 -0.0999994
      vertex 0.0376492 0.31815 0.0999994
      vertex 0.0376492 0.31815 -0.0999994
    endloop
  endfacet
  facet normal -0.847098 -0.531437 0
    outer loop
      vertex 0.0376492 0.31815 0.0999994
      vertex 0.0410995 0.31265 -0.0999994
      vertex 0.0410995 0.31265 0.0999994
    endloop
  endfacet
  facet normal -0.765594 -0.643324 0
    outer loop
      vertex 0.062149 0.2876 -0.0999994
      vertex 0.0410995 0.31265 0.0999994
      vertex 0.0410995 0.31265 -0.0999994
    endloop
  endfacet
  facet normal -0.765594 -0.643324 0
    outer loop
      vertex 0.0410995 0.31265 0.0999994
      vertex 0.062149 0.2876 -0.0999994
      vertex 0.062149 0.2876 0.0999994
    endloop
  endfacet
  facet normal -0.962292 -0.272019 0
    outer loop
      vertex 0.0647497 0.278399 -0.0999994
      vertex 0.062149 0.2876 0.0999994
      vertex 0.062149 0.2876 -0.0999994
    endloop
  endfacet
  facet normal -0.962292 -0.272019 0
    outer loop
      vertex 0.062149 0.2876 0.0999994
      vertex 0.0647497 0.278399 -0.0999994
      vertex 0.0647497 0.278399 0.0999994
    endloop
  endfacet
  facet normal -0.96723 -0.2539 0
    outer loop
      vertex 0.0689497 0.2624 -0.0999994
      vertex 0.0647497 0.278399 0.0999994
      vertex 0.0647497 0.278399 -0.0999994
    endloop
  endfacet
  facet normal -0.96723 -0.2539 0
    outer loop
      vertex 0.0647497 0.278399 0.0999994
      vertex 0.0689497 0.2624 -0.0999994
      vertex 0.0689497 0.2624 0.0999994
    endloop
  endfacet
  facet normal -0.983813 0.179197 0
    outer loop
      vertex 0.0660992 0.24675 -0.0999994
      vertex 0.0689497 0.2624 0.0999994
      vertex 0.0689497 0.2624 -0.0999994
    endloop
  endfacet
  facet normal -0.983813 0.179197 0
    outer loop
      vertex 0.0689497 0.2624 0.0999994
      vertex 0.0660992 0.24675 -0.0999994
      vertex 0.0660992 0.24675 0.0999994
    endloop
  endfacet
  facet normal -0.982896 0.184161 0
    outer loop
      vertex 0.0653496 0.242749 -0.0999994
      vertex 0.0660992 0.24675 0.0999994
      vertex 0.0660992 0.24675 -0.0999994
    endloop
  endfacet
  facet normal -0.982896 0.184161 0
    outer loop
      vertex 0.0660992 0.24675 0.0999994
      vertex 0.0653496 0.242749 -0.0999994
      vertex 0.0653496 0.242749 0.0999994
    endloop
  endfacet
  facet normal -0.977462 0.211112 0
    outer loop
      vertex 0.06495 0.240899 -0.0999994
      vertex 0.0653496 0.242749 0.0999994
      vertex 0.0653496 0.242749 -0.0999994
    endloop
  endfacet
  facet normal -0.977462 0.211112 0
    outer loop
      vertex 0.0653496 0.242749 0.0999994
      vertex 0.06495 0.240899 -0.0999994
      vertex 0.06495 0.240899 0.0999994
    endloop
  endfacet
  facet normal -0.991753 0.128165 0
    outer loop
      vertex 0.0647497 0.239349 -0.0999994
      vertex 0.06495 0.240899 0.0999994
      vertex 0.06495 0.240899 -0.0999994
    endloop
  endfacet
  facet normal -0.991753 0.128165 0
    outer loop
      vertex 0.06495 0.240899 0.0999994
      vertex 0.0647497 0.239349 -0.0999994
      vertex 0.0647497 0.239349 0.0999994
    endloop
  endfacet
  facet normal -0.946445 0.322866 0
    outer loop
      vertex 0.0639992 0.237149 -0.0999994
      vertex 0.0647497 0.239349 0.0999994
      vertex 0.0647497 0.239349 -0.0999994
    endloop
  endfacet
  facet normal -0.946445 0.322866 0
    outer loop
      vertex 0.0647497 0.239349 0.0999994
      vertex 0.0639992 0.237149 -0.0999994
      vertex 0.0639992 0.237149 0.0999994
    endloop
  endfacet
  facet normal -0.737203 0.675672 0
    outer loop
      vertex 0.0628996 0.23595 -0.0999994
      vertex 0.0639992 0.237149 0.0999994
      vertex 0.0639992 0.237149 -0.0999994
    endloop
  endfacet
  facet normal -0.737203 0.675672 0
    outer loop
      vertex 0.0639992 0.237149 0.0999994
      vertex 0.0628996 0.23595 -0.0999994
      vertex 0.0628996 0.23595 0.0999994
    endloop
  endfacet
  facet normal -0.419075 0.907952 0
    outer loop
      vertex 0.0628996 0.23595 -0.0999994
      vertex 0.0596495 0.234449 0.0999994
      vertex 0.0628996 0.23595 0.0999994
    endloop
  endfacet
  facet normal -0.419075 0.907952 0
    outer loop
      vertex 0.0596495 0.234449 0.0999994
      vertex 0.0628996 0.23595 -0.0999994
      vertex 0.0596495 0.234449 -0.0999994
    endloop
  endfacet
  facet normal -0.213377 0.97697 0
    outer loop
      vertex 0.0596495 0.234449 -0.0999994
      vertex 0.0379 0.229699 0.0999994
      vertex 0.0596495 0.234449 0.0999994
    endloop
  endfacet
  facet normal -0.213377 0.97697 0
    outer loop
      vertex 0.0379 0.229699 0.0999994
      vertex 0.0596495 0.234449 -0.0999994
      vertex 0.0379 0.229699 -0.0999994
    endloop
  endfacet
  facet normal -0.473869 0.880595 0
    outer loop
      vertex 0.0379 0.229699 -0.0999994
      vertex 0.0372496 0.229349 0.0999994
      vertex 0.0379 0.229699 0.0999994
    endloop
  endfacet
  facet normal -0.473869 0.880595 0
    outer loop
      vertex 0.0372496 0.229349 0.0999994
      vertex 0.0379 0.229699 -0.0999994
      vertex 0.0372496 0.229349 -0.0999994
    endloop
  endfacet
  facet normal -0.705051 0.709156 0
    outer loop
      vertex 0.0372496 0.229349 -0.0999994
      vertex 0.0199499 0.21215 0.0999994
      vertex 0.0372496 0.229349 0.0999994
    endloop
  endfacet
  facet normal -0.705051 0.709156 0
    outer loop
      vertex 0.0199499 0.21215 0.0999994
      vertex 0.0372496 0.229349 -0.0999994
      vertex 0.0199499 0.21215 -0.0999994
    endloop
  endfacet
  facet normal -0.877147 0.480221 0
    outer loop
      vertex 0.0173492 0.207399 -0.0999994
      vertex 0.0199499 0.21215 0.0999994
      vertex 0.0199499 0.21215 -0.0999994
    endloop
  endfacet
  facet normal -0.877147 0.480221 0
    outer loop
      vertex 0.0199499 0.21215 0.0999994
      vertex 0.0173492 0.207399 -0.0999994
      vertex 0.0173492 0.207399 0.0999994
    endloop
  endfacet
  facet normal -0.872488 0.488636 0
    outer loop
      vertex 0.0138493 0.20115 -0.0999994
      vertex 0.0173492 0.207399 0.0999994
      vertex 0.0173492 0.207399 -0.0999994
    endloop
  endfacet
  facet normal -0.872488 0.488636 0
    outer loop
      vertex 0.0173492 0.207399 0.0999994
      vertex 0.0138493 0.20115 -0.0999994
      vertex 0.0138493 0.20115 0.0999994
    endloop
  endfacet
  facet normal -0.894498 0.447071 0
    outer loop
      vertex 0.0126495 0.19875 -0.0999994
      vertex 0.0138493 0.20115 0.0999994
      vertex 0.0138493 0.20115 -0.0999994
    endloop
  endfacet
  facet normal -0.894498 0.447071 0
    outer loop
      vertex 0.0138493 0.20115 0.0999994
      vertex 0.0126495 0.19875 -0.0999994
      vertex 0.0126495 0.19875 0.0999994
    endloop
  endfacet
  facet normal 0 1 -0
    outer loop
      vertex 0.0126495 0.19875 -0.0999994
      vertex 0.0120993 0.19875 0.0999994
      vertex 0.0126495 0.19875 0.0999994
    endloop
  endfacet
  facet normal 0 1 0
    outer loop
      vertex 0.0120993 0.19875 0.0999994
      vertex 0.0126495 0.19875 -0.0999994
      vertex 0.0120993 0.19875 -0.0999994
    endloop
  endfacet
  facet normal 0.903682 0.428205 0
    outer loop
      vertex 0.0120993 -0.158999 0.0999994
      vertex 0.0057497 -0.145599 -0.0999994
      vertex 0.0057497 -0.145599 0.0999994
    endloop
  endfacet
  facet normal 0.903682 0.428205 0
    outer loop
      vertex 0.0057497 -0.145599 -0.0999994
      vertex 0.0120993 -0.158999 0.0999994
      vertex 0.0120993 -0.158999 -0.0999994
    endloop
  endfacet
  facet normal 0.902329 0.431048 0
    outer loop
      vertex 0.0057497 -0.145599 0.0999994
      vertex 0.00199986 -0.13775 -0.0999994
      vertex 0.00199986 -0.13775 0.0999994
    endloop
  endfacet
  facet normal 0.902329 0.431048 0
    outer loop
      vertex 0.00199986 -0.13775 -0.0999994
      vertex 0.0057497 -0.145599 0.0999994
      vertex 0.0057497 -0.145599 -0.0999994
    endloop
  endfacet
  facet normal 0.70713 0.707084 0
    outer loop
      vertex 0.00199986 -0.13775 0.0999994
      vertex -0.0126495 -0.123099 -0.0999994
      vertex -0.0126495 -0.123099 0.0999994
    endloop
  endfacet
  facet normal 0.70713 0.707084 0
    outer loop
      vertex -0.0126495 -0.123099 -0.0999994
      vertex 0.00199986 -0.13775 0.0999994
      vertex 0.00199986 -0.13775 -0.0999994
    endloop
  endfacet
  facet normal 0.195598 0.980684 -0
    outer loop
      vertex -0.0126495 -0.123099 -0.0999994
      vertex -0.0306997 -0.119499 0.0999994
      vertex -0.0126495 -0.123099 0.0999994
    endloop
  endfacet
  facet normal 0.195598 0.980684 0
    outer loop
      vertex -0.0306997 -0.119499 0.0999994
      vertex -0.0126495 -0.123099 -0.0999994
      vertex -0.0306997 -0.119499 -0.0999994
    endloop
  endfacet
  facet normal 0.506145 0.862449 -0
    outer loop
      vertex -0.0306997 -0.119499 -0.0999994
      vertex -0.0375996 -0.11545 0.0999994
      vertex -0.0306997 -0.119499 0.0999994
    endloop
  endfacet
  facet normal 0.506145 0.862449 0
    outer loop
      vertex -0.0375996 -0.11545 0.0999994
      vertex -0.0306997 -0.119499 -0.0999994
      vertex -0.0375996 -0.11545 -0.0999994
    endloop
  endfacet
  facet normal -0.0469581 0.998897 0
    outer loop
      vertex -0.0375996 -0.11545 -0.0999994
      vertex -0.0460997 -0.115849 0.0999994
      vertex -0.0375996 -0.11545 0.0999994
    endloop
  endfacet
  facet normal -0.0469581 0.998897 0
    outer loop
      vertex -0.0460997 -0.115849 0.0999994
      vertex -0.0375996 -0.11545 -0.0999994
      vertex -0.0460997 -0.115849 -0.0999994
    endloop
  endfacet
  facet normal -0.0693269 0.997594 0
    outer loop
      vertex -0.0460997 -0.115849 -0.0999994
      vertex -0.0626497 -0.117 0.0999994
      vertex -0.0460997 -0.115849 0.0999994
    endloop
  endfacet
  facet normal -0.0693269 0.997594 0
    outer loop
      vertex -0.0626497 -0.117 0.0999994
      vertex -0.0460997 -0.115849 -0.0999994
      vertex -0.0626497 -0.117 -0.0999994
    endloop
  endfacet
  facet normal -0.601494 0.798877 0
    outer loop
      vertex -0.0626497 -0.117 -0.0999994
      vertex -0.0798492 -0.12995 0.0999994
      vertex -0.0626497 -0.117 0.0999994
    endloop
  endfacet
  facet normal -0.601494 0.798877 0
    outer loop
      vertex -0.0798492 -0.12995 0.0999994
      vertex -0.0626497 -0.117 -0.0999994
      vertex -0.0798492 -0.12995 -0.0999994
    endloop
  endfacet
  facet normal 0.955718 0.294283 0
    outer loop
      vertex -0.0798492 -0.12995 0.0999994
      vertex -0.0800495 -0.129299 -0.0999994
      vertex -0.0800495 -0.129299 0.0999994
    endloop
  endfacet
  facet normal 0.955718 0.294283 0
    outer loop
      vertex -0.0800495 -0.129299 -0.0999994
      vertex -0.0798492 -0.12995 0.0999994
      vertex -0.0798492 -0.12995 -0.0999994
    endloop
  endfacet
  facet normal 0.958941 -0.283607 0
    outer loop
      vertex -0.0800495 -0.129299 0.0999994
      vertex -0.0793991 -0.1271 -0.0999994
      vertex -0.0793991 -0.1271 0.0999994
    endloop
  endfacet
  facet normal 0.958941 -0.283607 0
    outer loop
      vertex -0.0793991 -0.1271 -0.0999994
      vertex -0.0800495 -0.129299 0.0999994
      vertex -0.0800495 -0.129299 -0.0999994
    endloop
  endfacet
  facet normal 0.982726 0.185066 0
    outer loop
      vertex -0.0793991 -0.1271 0.0999994
      vertex -0.0795498 -0.1263 -0.0999994
      vertex -0.0795498 -0.1263 0.0999994
    endloop
  endfacet
  facet normal 0.982726 0.185066 0
    outer loop
      vertex -0.0795498 -0.1263 -0.0999994
      vertex -0.0793991 -0.1271 0.0999994
      vertex -0.0793991 -0.1271 -0.0999994
    endloop
  endfacet
  facet normal 0.958974 -0.283494 0
    outer loop
      vertex -0.0795498 -0.1263 0.0999994
      vertex -0.0788994 -0.1241 -0.0999994
      vertex -0.0788994 -0.1241 0.0999994
    endloop
  endfacet
  facet normal 0.958974 -0.283494 0
    outer loop
      vertex -0.0788994 -0.1241 -0.0999994
      vertex -0.0795498 -0.1263 0.0999994
      vertex -0.0795498 -0.1263 -0.0999994
    endloop
  endfacet
  facet normal 0.970143 0.242536 0
    outer loop
      vertex -0.0788994 -0.1241 0.0999994
      vertex -0.0789995 -0.123699 -0.0999994
      vertex -0.0789995 -0.123699 0.0999994
    endloop
  endfacet
  facet normal 0.970143 0.242536 0
    outer loop
      vertex -0.0789995 -0.123699 -0.0999994
      vertex -0.0788994 -0.1241 0.0999994
      vertex -0.0788994 -0.1241 -0.0999994
    endloop
  endfacet
  facet normal 0.96154 -0.274663 0
    outer loop
      vertex -0.0789995 -0.123699 0.0999994
      vertex -0.0783997 -0.121599 -0.0999994
      vertex -0.0783997 -0.121599 0.0999994
    endloop
  endfacet
  facet normal 0.96154 -0.274663 0
    outer loop
      vertex -0.0783997 -0.121599 -0.0999994
      vertex -0.0789995 -0.123699 0.0999994
      vertex -0.0789995 -0.123699 -0.0999994
    endloop
  endfacet
  facet normal 0.982938 0.183935 0
    outer loop
      vertex -0.0783997 -0.121599 0.0999994
      vertex -0.0785494 -0.120799 -0.0999994
      vertex -0.0785494 -0.120799 0.0999994
    endloop
  endfacet
  facet normal 0.982938 0.183935 0
    outer loop
      vertex -0.0785494 -0.120799 -0.0999994
      vertex -0.0783997 -0.121599 0.0999994
      vertex -0.0783997 -0.121599 -0.0999994
    endloop
  endfacet
  facet normal 0.959054 -0.283224 0
    outer loop
      vertex -0.0785494 -0.120799 0.0999994
      vertex -0.0778999 -0.1186 -0.0999994
      vertex -0.0778999 -0.1186 0.0999994
    endloop
  endfacet
  facet normal 0.959054 -0.283224 0
    outer loop
      vertex -0.0778999 -0.1186 -0.0999994
      vertex -0.0785494 -0.120799 0.0999994
      vertex -0.0785494 -0.120799 -0.0999994
    endloop
  endfacet
  facet normal 0.970684 0.24036 0
    outer loop
      vertex -0.0778999 -0.1186 0.0999994
      vertex -0.0779991 -0.118199 -0.0999994
      vertex -0.0779991 -0.118199 0.0999994
    endloop
  endfacet
  facet normal 0.970684 0.24036 0
    outer loop
      vertex -0.0779991 -0.118199 -0.0999994
      vertex -0.0778999 -0.1186 0.0999994
      vertex -0.0778999 -0.1186 -0.0999994
    endloop
  endfacet
  facet normal 0.924635 -0.380854 0
    outer loop
      vertex -0.0779991 -0.118199 0.0999994
      vertex -0.0776491 -0.11735 -0.0999994
      vertex -0.0776491 -0.11735 0.0999994
    endloop
  endfacet
  facet normal 0.924635 -0.380854 0
    outer loop
      vertex -0.0776491 -0.11735 -0.0999994
      vertex -0.0779991 -0.118199 0.0999994
      vertex -0.0779991 -0.118199 -0.0999994
    endloop
  endfacet
  facet normal 0.988985 -0.148018 0
    outer loop
      vertex -0.0776491 -0.11735 0.0999994
      vertex -0.0774994 -0.116349 -0.0999994
      vertex -0.0774994 -0.116349 0.0999994
    endloop
  endfacet
  facet normal 0.988985 -0.148018 0
    outer loop
      vertex -0.0774994 -0.116349 -0.0999994
      vertex -0.0776491 -0.11735 0.0999994
      vertex -0.0776491 -0.11735 -0.0999994
    endloop
  endfacet
  facet normal 1 -0 0
    outer loop
      vertex -0.0774994 -0.116349 0.0999994
      vertex -0.0774994 -0.115199 -0.0999994
      vertex -0.0774994 -0.115199 0.0999994
    endloop
  endfacet
  facet normal 1 0 0
    outer loop
      vertex -0.0774994 -0.115199 -0.0999994
      vertex -0.0774994 -0.116349 0.0999994
      vertex -0.0774994 -0.116349 -0.0999994
    endloop
  endfacet
  facet normal 0.967341 -0.253477 0
    outer loop
      vertex -0.0774994 -0.115199 0.0999994
      vertex -0.0769491 -0.113099 -0.0999994
      vertex -0.0769491 -0.113099 0.0999994
    endloop
  endfacet
  facet normal 0.967341 -0.253477 0
    outer loop
      vertex -0.0769491 -0.113099 -0.0999994
      vertex -0.0774994 -0.115199 0.0999994
      vertex -0.0774994 -0.115199 -0.0999994
    endloop
  endfacet
  facet normal 0.991978 -0.126413 0
    outer loop
      vertex -0.0769491 -0.113099 0.0999994
      vertex -0.0766497 -0.110749 -0.0999994
      vertex -0.0766497 -0.110749 0.0999994
    endloop
  endfacet
  facet normal 0.991978 -0.126413 0
    outer loop
      vertex -0.0766497 -0.110749 -0.0999994
      vertex -0.0769491 -0.113099 0.0999994
      vertex -0.0769491 -0.113099 -0.0999994
    endloop
  endfacet
  facet normal 0.992271 -0.124093 0
    outer loop
      vertex -0.0766497 -0.110749 0.0999994
      vertex -0.0756493 -0.10275 -0.0999994
      vertex -0.0756493 -0.10275 0.0999994
    endloop
  endfacet
  facet normal 0.992271 -0.124093 0
    outer loop
      vertex -0.0756493 -0.10275 -0.0999994
      vertex -0.0766497 -0.110749 0.0999994
      vertex -0.0766497 -0.110749 -0.0999994
    endloop
  endfacet
  facet normal 0.98645 -0.16406 0
    outer loop
      vertex -0.0756493 -0.10275 0.0999994
      vertex -0.0754995 -0.10185 -0.0999994
      vertex -0.0754995 -0.10185 0.0999994
    endloop
  endfacet
  facet normal 0.98645 -0.16406 0
    outer loop
      vertex -0.0754995 -0.10185 -0.0999994
      vertex -0.0756493 -0.10275 0.0999994
      vertex -0.0756493 -0.10275 -0.0999994
    endloop
  endfacet
  facet normal 1 -0 0
    outer loop
      vertex -0.0754995 -0.10185 0.0999994
      vertex -0.0754995 -0.100499 -0.0999994
      vertex -0.0754995 -0.100499 0.0999994
    endloop
  endfacet
  facet normal 1 0 0
    outer loop
      vertex -0.0754995 -0.100499 -0.0999994
      vertex -0.0754995 -0.10185 0.0999994
      vertex -0.0754995 -0.10185 -0.0999994
    endloop
  endfacet
  facet normal 0.807924 -0.589287 0
    outer loop
      vertex -0.0754995 -0.100499 0.0999994
      vertex -0.0692997 -0.0919991 -0.0999994
      vertex -0.0692997 -0.0919991 0.0999994
    endloop
  endfacet
  facet normal 0.807924 -0.589287 0
    outer loop
      vertex -0.0692997 -0.0919991 -0.0999994
      vertex -0.0754995 -0.100499 0.0999994
      vertex -0.0754995 -0.100499 -0.0999994
    endloop
  endfacet
  facet normal 0.815482 -0.578783 0
    outer loop
      vertex -0.0692997 -0.0919991 0.0999994
      vertex -0.066 -0.0873499 -0.0999994
      vertex -0.066 -0.0873499 0.0999994
    endloop
  endfacet
  facet normal 0.815482 -0.578783 0
    outer loop
      vertex -0.066 -0.0873499 -0.0999994
      vertex -0.0692997 -0.0919991 0.0999994
      vertex -0.0692997 -0.0919991 -0.0999994
    endloop
  endfacet
  facet normal 1 -0 0
    outer loop
      vertex -0.066 -0.0873499 0.0999994
      vertex -0.066 -0.0860996 -0.0999994
      vertex -0.066 -0.0860996 0.0999994
    endloop
  endfacet
  facet normal 1 0 0
    outer loop
      vertex -0.066 -0.0860996 -0.0999994
      vertex -0.066 -0.0873499 0.0999994
      vertex -0.066 -0.0873499 -0.0999994
    endloop
  endfacet
  facet normal 0.990697 -0.136083 0
    outer loop
      vertex -0.066 -0.0860996 0.0999994
      vertex -0.0627995 -0.0627995 -0.0999994
      vertex -0.0627995 -0.0627995 0.0999994
    endloop
  endfacet
  facet normal 0.990697 -0.136083 0
    outer loop
      vertex -0.0627995 -0.0627995 -0.0999994
      vertex -0.066 -0.0860996 0.0999994
      vertex -0.066 -0.0860996 -0.0999994
    endloop
  endfacet
  facet normal 0.960597 0.277944 0
    outer loop
      vertex -0.0627995 -0.0627995 0.0999994
      vertex -0.0684996 -0.0430994 -0.0999994
      vertex -0.0684996 -0.0430994 0.0999994
    endloop
  endfacet
  facet normal 0.960597 0.277944 0
    outer loop
      vertex -0.0684996 -0.0430994 -0.0999994
      vertex -0.0627995 -0.0627995 0.0999994
      vertex -0.0627995 -0.0627995 -0.0999994
    endloop
  endfacet
  facet normal 0.959496 0.281721 0
    outer loop
      vertex -0.0684996 -0.0430994 0.0999994
      vertex -0.0700998 -0.0376492 -0.0999994
      vertex -0.0700998 -0.0376492 0.0999994
    endloop
  endfacet
  facet normal 0.959496 0.281721 0
    outer loop
      vertex -0.0700998 -0.0376492 -0.0999994
      vertex -0.0684996 -0.0430994 0.0999994
      vertex -0.0684996 -0.0430994 -0.0999994
    endloop
  endfacet
  facet normal 0.707107 0.707107 0
    outer loop
      vertex -0.0700998 -0.0376492 0.0999994
      vertex -0.0879993 -0.0197496 -0.0999994
      vertex -0.0879993 -0.0197496 0.0999994
    endloop
  endfacet
  facet normal 0.707107 0.707107 0
    outer loop
      vertex -0.0879993 -0.0197496 -0.0999994
      vertex -0.0700998 -0.0376492 0.0999994
      vertex -0.0700998 -0.0376492 -0.0999994
    endloop
  endfacet
  facet normal 0 1 -0
    outer loop
      vertex -0.0879993 -0.0197496 -0.0999994
      vertex -0.0884991 -0.0197496 0.0999994
      vertex -0.0879993 -0.0197496 0.0999994
    endloop
  endfacet
  facet normal 0 1 0
    outer loop
      vertex -0.0884991 -0.0197496 0.0999994
      vertex -0.0879993 -0.0197496 -0.0999994
      vertex -0.0884991 -0.0197496 -0.0999994
    endloop
  endfacet
  facet normal 0.395973 0.918262 -0
    outer loop
      vertex -0.0884991 -0.0197496 -0.0999994
      vertex -0.1045 -0.0128498 0.0999994
      vertex -0.0884991 -0.0197496 0.0999994
    endloop
  endfacet
  facet normal 0.395973 0.918262 0
    outer loop
      vertex -0.1045 -0.0128498 0.0999994
      vertex -0.0884991 -0.0197496 -0.0999994
      vertex -0.1045 -0.0128498 -0.0999994
    endloop
  endfacet
  facet normal 1 -0 0
    outer loop
      vertex -0.1045 -0.0128498 0.0999994
      vertex -0.1045 -0.0123491 -0.0999994
      vertex -0.1045 -0.0123491 0.0999994
    endloop
  endfacet
  facet normal 1 0 0
    outer loop
      vertex -0.1045 -0.0123491 -0.0999994
      vertex -0.1045 -0.0128498 0.0999994
      vertex -0.1045 -0.0128498 -0.0999994
    endloop
  endfacet
  facet normal 0.455867 -0.890048 0
    outer loop
      vertex -0.1045 -0.0123491 -0.0999994
      vertex -0.0880995 -0.00394917 0.0999994
      vertex -0.1045 -0.0123491 0.0999994
    endloop
  endfacet
  facet normal 0.455867 -0.890048 0
    outer loop
      vertex -0.0880995 -0.00394917 0.0999994
      vertex -0.1045 -0.0123491 -0.0999994
      vertex -0.0880995 -0.00394917 -0.0999994
    endloop
  endfacet
  facet normal 0.706021 -0.708191 0
    outer loop
      vertex -0.0880995 -0.00394917 -0.0999994
      vertex -0.0716 0.0124998 0.0999994
      vertex -0.0880995 -0.00394917 0.0999994
    endloop
  endfacet
  facet normal 0.706021 -0.708191 0
    outer loop
      vertex -0.0716 0.0124998 0.0999994
      vertex -0.0880995 -0.00394917 -0.0999994
      vertex -0.0716 0.0124998 -0.0999994
    endloop
  endfacet
  facet normal 0.953809 -0.300413 0
    outer loop
      vertex -0.0716 0.0124998 0.0999994
      vertex -0.0667496 0.0278997 -0.0999994
      vertex -0.0667496 0.0278997 0.0999994
    endloop
  endfacet
  facet normal 0.953809 -0.300413 0
    outer loop
      vertex -0.0667496 0.0278997 -0.0999994
      vertex -0.0716 0.0124998 0.0999994
      vertex -0.0716 0.0124998 -0.0999994
    endloop
  endfacet
  facet normal 0.951278 -0.308333 0
    outer loop
      vertex -0.0667496 0.0278997 0.0999994
      vertex -0.0643997 0.0351496 -0.0999994
      vertex -0.0643997 0.0351496 0.0999994
    endloop
  endfacet
  facet normal 0.951278 -0.308333 0
    outer loop
      vertex -0.0643997 0.0351496 -0.0999994
      vertex -0.0667496 0.0278997 0.0999994
      vertex -0.0667496 0.0278997 -0.0999994
    endloop
  endfacet
  facet normal 0.92602 -0.377474 0
    outer loop
      vertex -0.0643997 0.0351496 0.0999994
      vertex -0.0632992 0.0378494 -0.0999994
      vertex -0.0632992 0.0378494 0.0999994
    endloop
  endfacet
  facet normal 0.92602 -0.377474 0
    outer loop
      vertex -0.0632992 0.0378494 -0.0999994
      vertex -0.0643997 0.0351496 0.0999994
      vertex -0.0643997 0.0351496 -0.0999994
    endloop
  endfacet
  facet normal 0.995067 0.0992002 0
    outer loop
      vertex -0.0632992 0.0378494 0.0999994
      vertex -0.0647497 0.0523996 -0.0999994
      vertex -0.0647497 0.0523996 0.0999994
    endloop
  endfacet
  facet normal 0.995067 0.0992002 0
    outer loop
      vertex -0.0647497 0.0523996 -0.0999994
      vertex -0.0632992 0.0378494 0.0999994
      vertex -0.0632992 0.0378494 -0.0999994
    endloop
  endfacet
  facet normal 0.995088 0.0989949 0
    outer loop
      vertex -0.0647497 0.0523996 0.0999994
      vertex -0.06565 0.0614491 -0.0999994
      vertex -0.06565 0.0614491 0.0999994
    endloop
  endfacet
  facet normal 0.995088 0.0989949 0
    outer loop
      vertex -0.06565 0.0614491 -0.0999994
      vertex -0.0647497 0.0523996 0.0999994
      vertex -0.0647497 0.0523996 -0.0999994
    endloop
  endfacet
  facet normal 0.990003 0.141044 0
    outer loop
      vertex -0.06565 0.0614491 0.0999994
      vertex -0.0657997 0.0625 -0.0999994
      vertex -0.0657997 0.0625 0.0999994
    endloop
  endfacet
  facet normal 0.990003 0.141044 0
    outer loop
      vertex -0.0657997 0.0625 -0.0999994
      vertex -0.06565 0.0614491 0.0999994
      vertex -0.06565 0.0614491 -0.0999994
    endloop
  endfacet
  facet normal 0.832037 0.55472 0
    outer loop
      vertex -0.0657997 0.0625 0.0999994
      vertex -0.0719995 0.0717993 -0.0999994
      vertex -0.0719995 0.0717993 0.0999994
    endloop
  endfacet
  facet normal 0.832037 0.55472 0
    outer loop
      vertex -0.0719995 0.0717993 -0.0999994
      vertex -0.0657997 0.0625 0.0999994
      vertex -0.0657997 0.0625 -0.0999994
    endloop
  endfacet
  facet normal 1 -0 0
    outer loop
      vertex -0.0719995 0.0717993 0.0999994
      vertex -0.0719995 0.0731497 -0.0999994
      vertex -0.0719995 0.0731497 0.0999994
    endloop
  endfacet
  facet normal 1 0 0
    outer loop
      vertex -0.0719995 0.0731497 -0.0999994
      vertex -0.0719995 0.0717993 0.0999994
      vertex -0.0719995 0.0717993 -0.0999994
    endloop
  endfacet
  facet normal 0.995056 0.0993158 0
    outer loop
      vertex -0.0719995 0.0731497 0.0999994
      vertex -0.0721493 0.0746498 -0.0999994
      vertex -0.0721493 0.0746498 0.0999994
    endloop
  endfacet
  facet normal 0.995056 0.0993158 0
    outer loop
      vertex -0.0721493 0.0746498 -0.0999994
      vertex -0.0719995 0.0731497 0.0999994
      vertex -0.0719995 0.0731497 -0.0999994
    endloop
  endfacet
  facet normal 0.928232 0.372001 0
    outer loop
      vertex -0.0721493 0.0746498 0.0999994
      vertex -0.0724497 0.0753994 -0.0999994
      vertex -0.0724497 0.0753994 0.0999994
    endloop
  endfacet
  facet normal 0.928232 0.372001 0
    outer loop
      vertex -0.0724497 0.0753994 -0.0999994
      vertex -0.0721493 0.0746498 0.0999994
      vertex -0.0721493 0.0746498 -0.0999994
    endloop
  endfacet
  facet normal 0.99226 0.12418 0
    outer loop
      vertex -0.0724497 0.0753994 0.0999994
      vertex -0.07265 0.0769997 -0.0999994
      vertex -0.07265 0.0769997 0.0999994
    endloop
  endfacet
  facet normal 0.99226 0.12418 0
    outer loop
      vertex -0.07265 0.0769997 -0.0999994
      vertex -0.0724497 0.0753994 0.0999994
      vertex -0.0724497 0.0753994 -0.0999994
    endloop
  endfacet
  facet normal 0.991865 0.127294 0
    outer loop
      vertex -0.07265 0.0769997 0.0999994
      vertex -0.0730991 0.0804996 -0.0999994
      vertex -0.0730991 0.0804996 0.0999994
    endloop
  endfacet
  facet normal 0.991865 0.127294 0
    outer loop
      vertex -0.0730991 0.0804996 -0.0999994
      vertex -0.07265 0.0769997 0.0999994
      vertex -0.07265 0.0769997 -0.0999994
    endloop
  endfacet
  facet normal 0.996985 0.0775921 0
    outer loop
      vertex -0.0730991 0.0804996 0.0999994
      vertex -0.0731497 0.0811491 -0.0999994
      vertex -0.0731497 0.0811491 0.0999994
    endloop
  endfacet
  facet normal 0.996985 0.0775921 0
    outer loop
      vertex -0.0731497 0.0811491 -0.0999994
      vertex -0.0730991 0.0804996 0.0999994
      vertex -0.0730991 0.0804996 -0.0999994
    endloop
  endfacet
  facet normal 0.928802 0.370577 0
    outer loop
      vertex -0.0731497 0.0811491 0.0999994
      vertex -0.0734491 0.0818996 -0.0999994
      vertex -0.0734491 0.0818996 0.0999994
    endloop
  endfacet
  facet normal 0.928802 0.370577 0
    outer loop
      vertex -0.0734491 0.0818996 -0.0999994
      vertex -0.0731497 0.0811491 0.0999994
      vertex -0.0731497 0.0811491 -0.0999994
    endloop
  endfacet
  facet normal 0.99226 0.12418 0
    outer loop
      vertex -0.0734491 0.0818996 0.0999994
      vertex -0.0736494 0.0834999 -0.0999994
      vertex -0.0736494 0.0834999 0.0999994
    endloop
  endfacet
  facet normal 0.99226 0.12418 0
    outer loop
      vertex -0.0736494 0.0834999 -0.0999994
      vertex -0.0734491 0.0818996 0.0999994
      vertex -0.0734491 0.0818996 -0.0999994
    endloop
  endfacet
  facet normal 0.98996 0.141346 0
    outer loop
      vertex -0.0736494 0.0834999 0.0999994
      vertex -0.0738993 0.0852499 -0.0999994
      vertex -0.0738993 0.0852499 0.0999994
    endloop
  endfacet
  facet normal 0.98996 0.141346 0
    outer loop
      vertex -0.0738993 0.0852499 -0.0999994
      vertex -0.0736494 0.0834999 0.0999994
      vertex -0.0736494 0.0834999 -0.0999994
    endloop
  endfacet
  facet normal 0.998424 0.056115 0
    outer loop
      vertex -0.0738993 0.0852499 0.0999994
      vertex -0.0739498 0.0861492 -0.0999994
      vertex -0.0739498 0.0861492 0.0999994
    endloop
  endfacet
  facet normal 0.998424 0.056115 0
    outer loop
      vertex -0.0739498 0.0861492 -0.0999994
      vertex -0.0738993 0.0852499 0.0999994
      vertex -0.0738993 0.0852499 -0.0999994
    endloop
  endfacet
  facet normal 0.970197 0.242318 0
    outer loop
      vertex -0.0739498 0.0861492 0.0999994
      vertex -0.0741997 0.0871496 -0.0999994
      vertex -0.0741997 0.0871496 0.0999994
    endloop
  endfacet
  facet normal 0.970197 0.242318 0
    outer loop
      vertex -0.0741997 0.0871496 -0.0999994
      vertex -0.0739498 0.0861492 0.0999994
      vertex -0.0739498 0.0861492 -0.0999994
    endloop
  endfacet
  facet normal 0.948678 0.316243 0
    outer loop
      vertex -0.0741997 0.0871496 0.0999994
      vertex -0.0799999 0.104549 -0.0999994
      vertex -0.0799999 0.104549 0.0999994
    endloop
  endfacet
  facet normal 0.948678 0.316243 0
    outer loop
      vertex -0.0799999 0.104549 -0.0999994
      vertex -0.0741997 0.0871496 0.0999994
      vertex -0.0741997 0.0871496 -0.0999994
    endloop
  endfacet
  facet normal 0.704858 -0.709348 0
    outer loop
      vertex -0.0799999 0.104549 -0.0999994
      vertex -0.0798492 0.104699 0.0999994
      vertex -0.0799999 0.104549 0.0999994
    endloop
  endfacet
  facet normal 0.704858 -0.709348 0
    outer loop
      vertex -0.0798492 0.104699 0.0999994
      vertex -0.0799999 0.104549 -0.0999994
      vertex -0.0798492 0.104699 -0.0999994
    endloop
  endfacet
  facet normal -0.601494 -0.798877 0
    outer loop
      vertex -0.0798492 0.104699 -0.0999994
      vertex -0.0626497 0.0917492 0.0999994
      vertex -0.0798492 0.104699 0.0999994
    endloop
  endfacet
  facet normal -0.601494 -0.798877 -0
    outer loop
      vertex -0.0626497 0.0917492 0.0999994
      vertex -0.0798492 0.104699 -0.0999994
      vertex -0.0626497 0.0917492 -0.0999994
    endloop
  endfacet
  facet normal -0.0691795 -0.997604 0
    outer loop
      vertex -0.0626497 0.0917492 -0.0999994
      vertex -0.0453491 0.0905495 0.0999994
      vertex -0.0626497 0.0917492 0.0999994
    endloop
  endfacet
  facet normal -0.0691795 -0.997604 -0
    outer loop
      vertex -0.0453491 0.0905495 0.0999994
      vertex -0.0626497 0.0917492 -0.0999994
      vertex -0.0453491 0.0905495 -0.0999994
    endloop
  endfacet
  facet normal -0.0451177 -0.998982 0
    outer loop
      vertex -0.0453491 0.0905495 -0.0999994
      vertex -0.0375996 0.0901995 0.0999994
      vertex -0.0453491 0.0905495 0.0999994
    endloop
  endfacet
  facet normal -0.0451177 -0.998982 -0
    outer loop
      vertex -0.0375996 0.0901995 0.0999994
      vertex -0.0453491 0.0905495 -0.0999994
      vertex -0.0375996 0.0901995 -0.0999994
    endloop
  endfacet
  facet normal 0.506233 -0.862397 0
    outer loop
      vertex -0.0375996 0.0901995 -0.0999994
      vertex -0.0306997 0.0942497 0.0999994
      vertex -0.0375996 0.0901995 0.0999994
    endloop
  endfacet
  facet normal 0.506233 -0.862397 0
    outer loop
      vertex -0.0306997 0.0942497 0.0999994
      vertex -0.0375996 0.0901995 -0.0999994
      vertex -0.0306997 0.0942497 -0.0999994
    endloop
  endfacet
  facet normal 0.195598 -0.980684 0
    outer loop
      vertex -0.0306997 0.0942497 -0.0999994
      vertex -0.0126495 0.0978498 0.0999994
      vertex -0.0306997 0.0942497 0.0999994
    endloop
  endfacet
  facet normal 0.195598 -0.980684 0
    outer loop
      vertex -0.0126495 0.0978498 0.0999994
      vertex -0.0306997 0.0942497 -0.0999994
      vertex -0.0126495 0.0978498 -0.0999994
    endloop
  endfacet
  facet normal 0.707107 -0.707107 0
    outer loop
      vertex -0.0126495 0.0978498 0.0999994
      vertex 0.00199986 0.112499 -0.0999994
      vertex 0.00199986 0.112499 0.0999994
    endloop
  endfacet
  facet normal 0.707107 -0.707107 0
    outer loop
      vertex 0.00199986 0.112499 -0.0999994
      vertex -0.0126495 0.0978498 0.0999994
      vertex -0.0126495 0.0978498 -0.0999994
    endloop
  endfacet
  facet normal 0.903196 -0.429229 0
    outer loop
      vertex 0.00199986 0.112499 0.0999994
      vertex 0.00824928 0.125649 -0.0999994
      vertex 0.00824928 0.125649 0.0999994
    endloop
  endfacet
  facet normal 0.903196 -0.429229 0
    outer loop
      vertex 0.00824928 0.125649 -0.0999994
      vertex 0.00199986 0.112499 0.0999994
      vertex 0.00199986 0.112499 -0.0999994
    endloop
  endfacet
  facet normal 0.903181 -0.429261 0
    outer loop
      vertex 0.00824928 0.125649 0.0999994
      vertex 0.0120993 0.13375 -0.0999994
      vertex 0.0120993 0.13375 0.0999994
    endloop
  endfacet
  facet normal 0.903181 -0.429261 0
    outer loop
      vertex 0.0120993 0.13375 -0.0999994
      vertex 0.00824928 0.125649 0.0999994
      vertex 0.00824928 0.125649 -0.0999994
    endloop
  endfacet
  facet normal 0 -1 0
    outer loop
      vertex 0.0120993 0.13375 -0.0999994
      vertex 0.0126495 0.13375 0.0999994
      vertex 0.0120993 0.13375 0.0999994
    endloop
  endfacet
  facet normal 0 -1 -0
    outer loop
      vertex 0.0126495 0.13375 0.0999994
      vertex 0.0120993 0.13375 -0.0999994
      vertex 0.0126495 0.13375 -0.0999994
    endloop
  endfacet
  facet normal -0.900041 -0.435806 0
    outer loop
      vertex 0.0141993 0.130549 -0.0999994
      vertex 0.0126495 0.13375 0.0999994
      vertex 0.0126495 0.13375 -0.0999994
    endloop
  endfacet
  facet normal -0.900041 -0.435806 0
    outer loop
      vertex 0.0126495 0.13375 0.0999994
      vertex 0.0141993 0.130549 -0.0999994
      vertex 0.0141993 0.130549 0.0999994
    endloop
  endfacet
  facet normal -0.902845 -0.429965 0
    outer loop
      vertex 0.0156994 0.127399 -0.0999994
      vertex 0.0141993 0.130549 0.0999994
      vertex 0.0141993 0.130549 -0.0999994
    endloop
  endfacet
  facet normal -0.902845 -0.429965 0
    outer loop
      vertex 0.0141993 0.130549 0.0999994
      vertex 0.0156994 0.127399 -0.0999994
      vertex 0.0156994 0.127399 0.0999994
    endloop
  endfacet
  facet normal -0.904539 -0.42639 0
    outer loop
      vertex 0.0189991 0.120399 -0.0999994
      vertex 0.0156994 0.127399 0.0999994
      vertex 0.0156994 0.127399 -0.0999994
    endloop
  endfacet
  facet normal -0.904539 -0.42639 0
    outer loop
      vertex 0.0156994 0.127399 0.0999994
      vertex 0.0189991 0.120399 -0.0999994
      vertex 0.0189991 0.120399 0.0999994
    endloop
  endfacet
  facet normal -0.903358 -0.428888 0
    outer loop
      vertex 0.0227499 0.112499 -0.0999994
      vertex 0.0189991 0.120399 0.0999994
      vertex 0.0189991 0.120399 -0.0999994
    endloop
  endfacet
  facet normal -0.903358 -0.428888 0
    outer loop
      vertex 0.0189991 0.120399 0.0999994
      vertex 0.0227499 0.112499 -0.0999994
      vertex 0.0227499 0.112499 0.0999994
    endloop
  endfacet
  facet normal -0.707107 -0.707107 0
    outer loop
      vertex 0.0373993 0.0978498 -0.0999994
      vertex 0.0227499 0.112499 0.0999994
      vertex 0.0227499 0.112499 -0.0999994
    endloop
  endfacet
  facet normal -0.707107 -0.707107 0
    outer loop
      vertex 0.0227499 0.112499 0.0999994
      vertex 0.0373993 0.0978498 -0.0999994
      vertex 0.0373993 0.0978498 0.0999994
    endloop
  endfacet
  facet normal -0.195598 -0.980684 0
    outer loop
      vertex 0.0373993 0.0978498 -0.0999994
      vertex 0.0554495 0.0942497 0.0999994
      vertex 0.0373993 0.0978498 0.0999994
    endloop
  endfacet
  facet normal -0.195598 -0.980684 -0
    outer loop
      vertex 0.0554495 0.0942497 0.0999994
      vertex 0.0373993 0.0978498 -0.0999994
      vertex 0.0554495 0.0942497 -0.0999994
    endloop
  endfacet
  facet normal -0.503488 -0.864002 0
    outer loop
      vertex 0.0554495 0.0942497 -0.0999994
      vertex 0.0623999 0.0901995 0.0999994
      vertex 0.0554495 0.0942497 0.0999994
    endloop
  endfacet
  facet normal -0.503488 -0.864002 -0
    outer loop
      vertex 0.0623999 0.0901995 0.0999994
      vertex 0.0554495 0.0942497 -0.0999994
      vertex 0.0623999 0.0901995 -0.0999994
    endloop
  endfacet
  facet normal 0.0469581 -0.998897 0
    outer loop
      vertex 0.0623999 0.0901995 -0.0999994
      vertex 0.0709 0.0905991 0.0999994
      vertex 0.0623999 0.0901995 0.0999994
    endloop
  endfacet
  facet normal 0.0469581 -0.998897 0
    outer loop
      vertex 0.0709 0.0905991 0.0999994
      vertex 0.0623999 0.0901995 -0.0999994
      vertex 0.0709 0.0905991 -0.0999994
    endloop
  endfacet
  facet normal 0.0695382 -0.997579 0
    outer loop
      vertex 0.0709 0.0905991 -0.0999994
      vertex 0.0873995 0.0917492 0.0999994
      vertex 0.0709 0.0905991 0.0999994
    endloop
  endfacet
  facet normal 0.0695382 -0.997579 0
    outer loop
      vertex 0.0873995 0.0917492 0.0999994
      vertex 0.0709 0.0905991 -0.0999994
      vertex 0.0873995 0.0917492 -0.0999994
    endloop
  endfacet
  facet normal 0.600368 -0.799724 0
    outer loop
      vertex 0.0873995 0.0917492 -0.0999994
      vertex 0.10465 0.104699 0.0999994
      vertex 0.0873995 0.0917492 0.0999994
    endloop
  endfacet
  facet normal 0.600368 -0.799724 0
    outer loop
      vertex 0.10465 0.104699 0.0999994
      vertex 0.0873995 0.0917492 -0.0999994
      vertex 0.10465 0.104699 -0.0999994
    endloop
  endfacet
  facet normal -0.831235 -0.555921 0
    outer loop
      vertex 0.10475 0.104549 -0.0999994
      vertex 0.10465 0.104699 0.0999994
      vertex 0.10465 0.104699 -0.0999994
    endloop
  endfacet
  facet normal -0.831235 -0.555921 0
    outer loop
      vertex 0.10465 0.104699 0.0999994
      vertex 0.10475 0.104549 -0.0999994
      vertex 0.10475 0.104549 0.0999994
    endloop
  endfacet
  facet normal -0.948678 0.316243 0
    outer loop
      vertex 0.0989494 0.0871496 -0.0999994
      vertex 0.10475 0.104549 0.0999994
      vertex 0.10475 0.104549 -0.0999994
    endloop
  endfacet
  facet normal -0.948678 0.316243 0
    outer loop
      vertex 0.10475 0.104549 0.0999994
      vertex 0.0989494 0.0871496 -0.0999994
      vertex 0.0989494 0.0871496 0.0999994
    endloop
  endfacet
  facet normal -0.970197 0.242318 0
    outer loop
      vertex 0.0986996 0.0861492 -0.0999994
      vertex 0.0989494 0.0871496 0.0999994
      vertex 0.0989494 0.0871496 -0.0999994
    endloop
  endfacet
  facet normal -0.970197 0.242318 0
    outer loop
      vertex 0.0989494 0.0871496 0.0999994
      vertex 0.0986996 0.0861492 -0.0999994
      vertex 0.0986996 0.0861492 0.0999994
    endloop
  endfacet
  facet normal -0.99636 0.0852471 0
    outer loop
      vertex 0.0985498 0.0843992 -0.0999994
      vertex 0.0986996 0.0861492 0.0999994
      vertex 0.0986996 0.0861492 -0.0999994
    endloop
  endfacet
  facet normal -0.99636 0.0852471 0
    outer loop
      vertex 0.0986996 0.0861492 0.0999994
      vertex 0.0985498 0.0843992 -0.0999994
      vertex 0.0985498 0.0843992 0.0999994
    endloop
  endfacet
  facet normal -0.985584 0.169187 0
    outer loop
      vertex 0.0982494 0.0826492 -0.0999994
      vertex 0.0985498 0.0843992 0.0999994
      vertex 0.0985498 0.0843992 -0.0999994
    endloop
  endfacet
  facet normal -0.985584 0.169187 0
    outer loop
      vertex 0.0985498 0.0843992 0.0999994
      vertex 0.0982494 0.0826492 -0.0999994
      vertex 0.0982494 0.0826492 0.0999994
    endloop
  endfacet
  facet normal -0.997819 0.0660135 0
    outer loop
      vertex 0.0981998 0.0818996 -0.0999994
      vertex 0.0982494 0.0826492 0.0999994
      vertex 0.0982494 0.0826492 -0.0999994
    endloop
  endfacet
  facet normal -0.997819 0.0660135 0
    outer loop
      vertex 0.0982494 0.0826492 0.0999994
      vertex 0.0981998 0.0818996 -0.0999994
      vertex 0.0981998 0.0818996 0.0999994
    endloop
  endfacet
  facet normal -0.928395 0.371594 0
    outer loop
      vertex 0.0978994 0.0811491 -0.0999994
      vertex 0.0981998 0.0818996 0.0999994
      vertex 0.0981998 0.0818996 -0.0999994
    endloop
  endfacet
  facet normal -0.928395 0.371594 0
    outer loop
      vertex 0.0981998 0.0818996 0.0999994
      vertex 0.0978994 0.0811491 -0.0999994
      vertex 0.0978994 0.0811491 0.0999994
    endloop
  endfacet
  facet normal -0.994248 0.1071 0
    outer loop
      vertex 0.0975494 0.0778999 -0.0999994
      vertex 0.0978994 0.0811491 0.0999994
      vertex 0.0978994 0.0811491 -0.0999994
    endloop
  endfacet
  facet normal -0.994248 0.1071 0
    outer loop
      vertex 0.0978994 0.0811491 0.0999994
      vertex 0.0975494 0.0778999 -0.0999994
      vertex 0.0975494 0.0778999 0.0999994
    endloop
  endfacet
  facet normal -0.985673 0.168666 0
    outer loop
      vertex 0.09725 0.0761499 -0.0999994
      vertex 0.0975494 0.0778999 0.0999994
      vertex 0.0975494 0.0778999 -0.0999994
    endloop
  endfacet
  facet normal -0.985673 0.168666 0
    outer loop
      vertex 0.0975494 0.0778999 0.0999994
      vertex 0.09725 0.0761499 -0.0999994
      vertex 0.09725 0.0761499 0.0999994
    endloop
  endfacet
  facet normal -0.99774 0.0671922 0
    outer loop
      vertex 0.0971994 0.0753994 -0.0999994
      vertex 0.09725 0.0761499 0.0999994
      vertex 0.09725 0.0761499 -0.0999994
    endloop
  endfacet
  facet normal -0.99774 0.0671922 0
    outer loop
      vertex 0.09725 0.0761499 0.0999994
      vertex 0.0971994 0.0753994 -0.0999994
      vertex 0.0971994 0.0753994 0.0999994
    endloop
  endfacet
  facet normal -0.92864 0.370983 0
    outer loop
      vertex 0.0969 0.0746498 -0.0999994
      vertex 0.0971994 0.0753994 0.0999994
      vertex 0.0971994 0.0753994 -0.0999994
    endloop
  endfacet
  facet normal -0.92864 0.370983 0
    outer loop
      vertex 0.0971994 0.0753994 0.0999994
      vertex 0.0969 0.0746498 -0.0999994
      vertex 0.0969 0.0746498 0.0999994
    endloop
  endfacet
  facet normal -0.997663 0.0683272 0
    outer loop
      vertex 0.0967493 0.0724497 -0.0999994
      vertex 0.0969 0.0746498 0.0999994
      vertex 0.0969 0.0746498 -0.0999994
    endloop
  endfacet
  facet normal -0.997663 0.0683272 0
    outer loop
      vertex 0.0969 0.0746498 0.0999994
      vertex 0.0967493 0.0724497 -0.0999994
      vertex 0.0967493 0.0724497 0.0999994
    endloop
  endfacet
  facet normal -1 0 0
    outer loop
      vertex 0.0967493 0.0717993 -0.0999994
      vertex 0.0967493 0.0724497 0.0999994
      vertex 0.0967493 0.0724497 -0.0999994
    endloop
  endfacet
  facet normal -1 -0 0
    outer loop
      vertex 0.0967493 0.0724497 0.0999994
      vertex 0.0967493 0.0717993 -0.0999994
      vertex 0.0967493 0.0717993 0.0999994
    endloop
  endfacet
  facet normal -0.832037 0.55472 0
    outer loop
      vertex 0.0905495 0.0625 -0.0999994
      vertex 0.0967493 0.0717993 0.0999994
      vertex 0.0967493 0.0717993 -0.0999994
    endloop
  endfacet
  facet normal -0.832037 0.55472 0
    outer loop
      vertex 0.0967493 0.0717993 0.0999994
      vertex 0.0905495 0.0625 -0.0999994
      vertex 0.0905495 0.0625 0.0999994
    endloop
  endfacet
  facet normal -0.989932 0.141547 0
    outer loop
      vertex 0.0902491 0.0603991 -0.0999994
      vertex 0.0905495 0.0625 0.0999994
      vertex 0.0905495 0.0625 -0.0999994
    endloop
  endfacet
  facet normal -0.989932 0.141547 0
    outer loop
      vertex 0.0905495 0.0625 0.0999994
      vertex 0.0902491 0.0603991 -0.0999994
      vertex 0.0902491 0.0603991 0.0999994
    endloop
  endfacet
  facet normal -0.995392 0.09589 0
    outer loop
      vertex 0.0881491 0.0386 -0.0999994
      vertex 0.0902491 0.0603991 0.0999994
      vertex 0.0902491 0.0603991 -0.0999994
    endloop
  endfacet
  facet normal -0.995392 0.09589 0
    outer loop
      vertex 0.0902491 0.0603991 0.0999994
      vertex 0.0881491 0.0386 -0.0999994
      vertex 0.0881491 0.0386 0.0999994
    endloop
  endfacet
  facet normal -0.991381 0.131008 0
    outer loop
      vertex 0.0880499 0.0378494 -0.0999994
      vertex 0.0881491 0.0386 0.0999994
      vertex 0.0881491 0.0386 -0.0999994
    endloop
  endfacet
  facet normal -0.991381 0.131008 0
    outer loop
      vertex 0.0881491 0.0386 0.0999994
      vertex 0.0880499 0.0378494 -0.0999994
      vertex 0.0880499 0.0378494 0.0999994
    endloop
  endfacet
  facet normal -0.926135 -0.377193 0
    outer loop
      vertex 0.0891495 0.0351496 -0.0999994
      vertex 0.0880499 0.0378494 0.0999994
      vertex 0.0880499 0.0378494 -0.0999994
    endloop
  endfacet
  facet normal -0.926135 -0.377193 0
    outer loop
      vertex 0.0880499 0.0378494 0.0999994
      vertex 0.0891495 0.0351496 -0.0999994
      vertex 0.0891495 0.0351496 0.0999994
    endloop
  endfacet
  facet normal -0.951278 -0.308333 0
    outer loop
      vertex 0.0914993 0.0278997 -0.0999994
      vertex 0.0891495 0.0351496 0.0999994
      vertex 0.0891495 0.0351496 -0.0999994
    endloop
  endfacet
  facet normal -0.951278 -0.308333 0
    outer loop
      vertex 0.0891495 0.0351496 0.0999994
      vertex 0.0914993 0.0278997 -0.0999994
      vertex 0.0914993 0.0278997 0.0999994
    endloop
  endfacet
  facet normal -0.953809 -0.300413 0
    outer loop
      vertex 0.0963497 0.0124998 -0.0999994
      vertex 0.0914993 0.0278997 0.0999994
      vertex 0.0914993 0.0278997 -0.0999994
    endloop
  endfacet
  facet normal -0.953809 -0.300413 0
    outer loop
      vertex 0.0914993 0.0278997 0.0999994
      vertex 0.0963497 0.0124998 -0.0999994
      vertex 0.0963497 0.0124998 0.0999994
    endloop
  endfacet
  facet normal -0.704937 -0.70927 0
    outer loop
      vertex 0.0963497 0.0124998 -0.0999994
      vertex 0.1129 -0.00394917 0.0999994
      vertex 0.0963497 0.0124998 0.0999994
    endloop
  endfacet
  facet normal -0.704937 -0.70927 -0
    outer loop
      vertex 0.1129 -0.00394917 0.0999994
      vertex 0.0963497 0.0124998 -0.0999994
      vertex 0.1129 -0.00394917 -0.0999994
    endloop
  endfacet
  facet normal -0.456982 -0.889476 0
    outer loop
      vertex 0.1129 -0.00394917 -0.0999994
      vertex 0.12925 -0.0123491 0.0999994
      vertex 0.1129 -0.00394917 0.0999994
    endloop
  endfacet
  facet normal -0.456982 -0.889476 -0
    outer loop
      vertex 0.12925 -0.0123491 0.0999994
      vertex 0.1129 -0.00394917 -0.0999994
      vertex 0.12925 -0.0123491 -0.0999994
    endloop
  endfacet
  facet normal -1 0 0
    outer loop
      vertex 0.12925 -0.0128498 -0.0999994
      vertex 0.12925 -0.0123491 0.0999994
      vertex 0.12925 -0.0123491 -0.0999994
    endloop
  endfacet
  facet normal -1 -0 0
    outer loop
      vertex 0.12925 -0.0123491 0.0999994
      vertex 0.12925 -0.0128498 -0.0999994
      vertex 0.12925 -0.0128498 0.0999994
    endloop
  endfacet
  facet normal -0.395992 0.918254 0
    outer loop
      vertex 0.12925 -0.0128498 -0.0999994
      vertex 0.11325 -0.0197496 0.0999994
      vertex 0.12925 -0.0128498 0.0999994
    endloop
  endfacet
  facet normal -0.395992 0.918254 0
    outer loop
      vertex 0.11325 -0.0197496 0.0999994
      vertex 0.12925 -0.0128498 -0.0999994
      vertex 0.11325 -0.0197496 -0.0999994
    endloop
  endfacet
  facet normal 0 1 -0
    outer loop
      vertex 0.11325 -0.0197496 -0.0999994
      vertex 0.112749 -0.0197496 0.0999994
      vertex 0.11325 -0.0197496 0.0999994
    endloop
  endfacet
  facet normal 0 1 0
    outer loop
      vertex 0.112749 -0.0197496 0.0999994
      vertex 0.11325 -0.0197496 -0.0999994
      vertex 0.112749 -0.0197496 -0.0999994
    endloop
  endfacet
  facet normal -0.707107 0.707107 0
    outer loop
      vertex 0.0948496 -0.0376492 -0.0999994
      vertex 0.112749 -0.0197496 0.0999994
      vertex 0.112749 -0.0197496 -0.0999994
    endloop
  endfacet
  facet normal -0.707107 0.707107 0
    outer loop
      vertex 0.112749 -0.0197496 0.0999994
      vertex 0.0948496 -0.0376492 -0.0999994
      vertex 0.0948496 -0.0376492 0.0999994
    endloop
  endfacet
  facet normal -0.959778 0.28076 0
    outer loop
      vertex 0.0905495 -0.0523491 -0.0999994
      vertex 0.0948496 -0.0376492 0.0999994
      vertex 0.0948496 -0.0376492 -0.0999994
    endloop
  endfacet
  facet normal -0.959778 0.28076 0
    outer loop
      vertex 0.0948496 -0.0376492 0.0999994
      vertex 0.0905495 -0.0523491 -0.0999994
      vertex 0.0905495 -0.0523491 0.0999994
    endloop
  endfacet
  facet normal -0.960823 0.277164 0
    outer loop
      vertex 0.0875492 -0.0627499 -0.0999994
      vertex 0.0905495 -0.0523491 0.0999994
      vertex 0.0905495 -0.0523491 -0.0999994
    endloop
  endfacet
  facet normal -0.960823 0.277164 0
    outer loop
      vertex 0.0905495 -0.0523491 0.0999994
      vertex 0.0875492 -0.0627499 -0.0999994
      vertex 0.0875492 -0.0627499 0.0999994
    endloop
  endfacet
  facet normal -0.991113 -0.133024 0
    outer loop
      vertex 0.0900993 -0.0817499 -0.0999994
      vertex 0.0875492 -0.0627499 0.0999994
      vertex 0.0875492 -0.0627499 -0.0999994
    endloop
  endfacet
  facet normal -0.991113 -0.133024 0
    outer loop
      vertex 0.0875492 -0.0627499 0.0999994
      vertex 0.0900993 -0.0817499 -0.0999994
      vertex 0.0900993 -0.0817499 0.0999994
    endloop
  endfacet
  facet normal -0.989005 -0.147884 0
    outer loop
      vertex 0.0907497 -0.0860996 -0.0999994
      vertex 0.0900993 -0.0817499 0.0999994
      vertex 0.0900993 -0.0817499 -0.0999994
    endloop
  endfacet
  facet normal -0.989005 -0.147884 0
    outer loop
      vertex 0.0900993 -0.0817499 0.0999994
      vertex 0.0907497 -0.0860996 -0.0999994
      vertex 0.0907497 -0.0860996 0.0999994
    endloop
  endfacet
  facet normal -1 0 0
    outer loop
      vertex 0.0907497 -0.0873499 -0.0999994
      vertex 0.0907497 -0.0860996 0.0999994
      vertex 0.0907497 -0.0860996 -0.0999994
    endloop
  endfacet
  facet normal -1 -0 0
    outer loop
      vertex 0.0907497 -0.0860996 0.0999994
      vertex 0.0907497 -0.0873499 -0.0999994
      vertex 0.0907497 -0.0873499 0.0999994
    endloop
  endfacet
  facet normal -0.811599 -0.584214 0
    outer loop
      vertex 0.0999994 -0.1002 -0.0999994
      vertex 0.0907497 -0.0873499 0.0999994
      vertex 0.0907497 -0.0873499 -0.0999994
    endloop
  endfacet
  facet normal -0.811599 -0.584214 0
    outer loop
      vertex 0.0907497 -0.0873499 0.0999994
      vertex 0.0999994 -0.1002 -0.0999994
      vertex 0.0999994 -0.1002 0.0999994
    endloop
  endfacet
  facet normal -0.705982 -0.70823 0
    outer loop
      vertex 0.0999994 -0.1002 -0.0999994
      vertex 0.1003 -0.100499 0.0999994
      vertex 0.0999994 -0.1002 0.0999994
    endloop
  endfacet
  facet normal -0.705982 -0.70823 -0
    outer loop
      vertex 0.1003 -0.100499 0.0999994
      vertex 0.0999994 -0.1002 -0.0999994
      vertex 0.1003 -0.100499 -0.0999994
    endloop
  endfacet
  facet normal -0.995596 0.0937451 0
    outer loop
      vertex 0.100149 -0.102099 -0.0999994
      vertex 0.1003 -0.100499 0.0999994
      vertex 0.1003 -0.100499 -0.0999994
    endloop
  endfacet
  facet normal -0.995596 0.0937451 0
    outer loop
      vertex 0.1003 -0.100499 0.0999994
      vertex 0.100149 -0.102099 -0.0999994
      vertex 0.100149 -0.102099 0.0999994
    endloop
  endfacet
  facet normal -0.963119 -0.269075 0
    outer loop
      vertex 0.10075 -0.10425 -0.0999994
      vertex 0.100149 -0.102099 0.0999994
      vertex 0.100149 -0.102099 -0.0999994
    endloop
  endfacet
  facet normal -0.963119 -0.269075 0
    outer loop
      vertex 0.100149 -0.102099 0.0999994
      vertex 0.10075 -0.10425 -0.0999994
      vertex 0.10075 -0.10425 0.0999994
    endloop
  endfacet
  facet normal -1 0 0
    outer loop
      vertex 0.10075 -0.105849 -0.0999994
      vertex 0.10075 -0.10425 0.0999994
      vertex 0.10075 -0.10425 -0.0999994
    endloop
  endfacet
  facet normal -1 -0 0
    outer loop
      vertex 0.10075 -0.10425 0.0999994
      vertex 0.10075 -0.105849 -0.0999994
      vertex 0.10075 -0.105849 0.0999994
    endloop
  endfacet
  facet normal -0.985673 -0.168666 0
    outer loop
      vertex 0.101049 -0.107599 -0.0999994
      vertex 0.10075 -0.105849 0.0999994
      vertex 0.10075 -0.105849 -0.0999994
    endloop
  endfacet
  facet normal -0.985673 -0.168666 0
    outer loop
      vertex 0.10075 -0.105849 0.0999994
      vertex 0.101049 -0.107599 -0.0999994
      vertex 0.101049 -0.107599 0.0999994
    endloop
  endfacet
  facet normal -0.993884 -0.110432 0
    outer loop
      vertex 0.101399 -0.110749 -0.0999994
      vertex 0.101049 -0.107599 0.0999994
      vertex 0.101049 -0.107599 -0.0999994
    endloop
  endfacet
  facet normal -0.993884 -0.110432 0
    outer loop
      vertex 0.101049 -0.107599 0.0999994
      vertex 0.101399 -0.110749 -0.0999994
      vertex 0.101399 -0.110749 0.0999994
    endloop
  endfacet
  facet normal -0.991927 -0.126809 0
    outer loop
      vertex 0.1017 -0.113099 -0.0999994
      vertex 0.101399 -0.110749 0.0999994
      vertex 0.101399 -0.110749 -0.0999994
    endloop
  endfacet
  facet normal -0.991927 -0.126809 0
    outer loop
      vertex 0.101399 -0.110749 0.0999994
      vertex 0.1017 -0.113099 -0.0999994
      vertex 0.1017 -0.113099 0.0999994
    endloop
  endfacet
  facet normal -0.967449 -0.253066 0
    outer loop
      vertex 0.102249 -0.115199 -0.0999994
      vertex 0.1017 -0.113099 0.0999994
      vertex 0.1017 -0.113099 -0.0999994
    endloop
  endfacet
  facet normal -0.967449 -0.253066 0
    outer loop
      vertex 0.1017 -0.113099 0.0999994
      vertex 0.102249 -0.115199 -0.0999994
      vertex 0.102249 -0.115199 0.0999994
    endloop
  endfacet
  facet normal -0.999532 -0.0306038 0
    outer loop
      vertex 0.1023 -0.11685 -0.0999994
      vertex 0.102249 -0.115199 0.0999994
      vertex 0.102249 -0.115199 -0.0999994
    endloop
  endfacet
  facet normal -0.999532 -0.0306038 0
    outer loop
      vertex 0.102249 -0.115199 0.0999994
      vertex 0.1023 -0.11685 -0.0999994
      vertex 0.1023 -0.11685 0.0999994
    endloop
  endfacet
  facet normal -0.980509 -0.196476 0
    outer loop
      vertex 0.1024 -0.11735 -0.0999994
      vertex 0.1023 -0.11685 0.0999994
      vertex 0.1023 -0.11685 -0.0999994
    endloop
  endfacet
  facet normal -0.980509 -0.196476 0
    outer loop
      vertex 0.1023 -0.11685 0.0999994
      vertex 0.1024 -0.11735 -0.0999994
      vertex 0.1024 -0.11735 0.0999994
    endloop
  endfacet
  facet normal -0.924635 -0.380854 0
    outer loop
      vertex 0.10275 -0.118199 -0.0999994
      vertex 0.1024 -0.11735 0.0999994
      vertex 0.1024 -0.11735 -0.0999994
    endloop
  endfacet
  facet normal -0.924635 -0.380854 0
    outer loop
      vertex 0.1024 -0.11735 0.0999994
      vertex 0.10275 -0.118199 -0.0999994
      vertex 0.10275 -0.118199 0.0999994
    endloop
  endfacet
  facet normal -0.970143 0.242536 0
    outer loop
      vertex 0.10265 -0.1186 -0.0999994
      vertex 0.10275 -0.118199 0.0999994
      vertex 0.10275 -0.118199 -0.0999994
    endloop
  endfacet
  facet normal -0.970143 0.242536 0
    outer loop
      vertex 0.10275 -0.118199 0.0999994
      vertex 0.10265 -0.1186 -0.0999994
      vertex 0.10265 -0.1186 0.0999994
    endloop
  endfacet
  facet normal -0.959054 -0.283224 0
    outer loop
      vertex 0.103299 -0.120799 -0.0999994
      vertex 0.10265 -0.1186 0.0999994
      vertex 0.10265 -0.1186 -0.0999994
    endloop
  endfacet
  facet normal -0.959054 -0.283224 0
    outer loop
      vertex 0.10265 -0.1186 0.0999994
      vertex 0.103299 -0.120799 -0.0999994
      vertex 0.103299 -0.120799 0.0999994
    endloop
  endfacet
  facet normal -0.982938 0.183935 0
    outer loop
      vertex 0.103149 -0.121599 -0.0999994
      vertex 0.103299 -0.120799 0.0999994
      vertex 0.103299 -0.120799 -0.0999994
    endloop
  endfacet
  facet normal -0.982938 0.183935 0
    outer loop
      vertex 0.103299 -0.120799 0.0999994
      vertex 0.103149 -0.121599 -0.0999994
      vertex 0.103149 -0.121599 0.0999994
    endloop
  endfacet
  facet normal -0.96154 -0.274663 0
    outer loop
      vertex 0.103749 -0.123699 -0.0999994
      vertex 0.103149 -0.121599 0.0999994
      vertex 0.103149 -0.121599 -0.0999994
    endloop
  endfacet
  facet normal -0.96154 -0.274663 0
    outer loop
      vertex 0.103149 -0.121599 0.0999994
      vertex 0.103749 -0.123699 -0.0999994
      vertex 0.103749 -0.123699 0.0999994
    endloop
  endfacet
  facet normal -0.970143 0.242536 0
    outer loop
      vertex 0.103649 -0.1241 -0.0999994
      vertex 0.103749 -0.123699 0.0999994
      vertex 0.103749 -0.123699 -0.0999994
    endloop
  endfacet
  facet normal -0.970143 0.242536 0
    outer loop
      vertex 0.103749 -0.123699 0.0999994
      vertex 0.103649 -0.1241 -0.0999994
      vertex 0.103649 -0.1241 0.0999994
    endloop
  endfacet
  facet normal -0.958974 -0.283494 0
    outer loop
      vertex 0.1043 -0.1263 -0.0999994
      vertex 0.103649 -0.1241 0.0999994
      vertex 0.103649 -0.1241 -0.0999994
    endloop
  endfacet
  facet normal -0.958974 -0.283494 0
    outer loop
      vertex 0.103649 -0.1241 0.0999994
      vertex 0.1043 -0.1263 -0.0999994
      vertex 0.1043 -0.1263 0.0999994
    endloop
  endfacet
  facet normal -0.982938 0.183935 0
    outer loop
      vertex 0.10415 -0.1271 -0.0999994
      vertex 0.1043 -0.1263 0.0999994
      vertex 0.1043 -0.1263 -0.0999994
    endloop
  endfacet
  facet normal -0.982938 0.183935 0
    outer loop
      vertex 0.1043 -0.1263 0.0999994
      vertex 0.10415 -0.1271 -0.0999994
      vertex 0.10415 -0.1271 0.0999994
    endloop
  endfacet
  facet normal -0.959054 -0.283224 0
    outer loop
      vertex 0.104799 -0.129299 -0.0999994
      vertex 0.10415 -0.1271 0.0999994
      vertex 0.10415 -0.1271 -0.0999994
    endloop
  endfacet
  facet normal -0.959054 -0.283224 0
    outer loop
      vertex 0.10415 -0.1271 0.0999994
      vertex 0.104799 -0.129299 -0.0999994
      vertex 0.104799 -0.129299 0.0999994
    endloop
  endfacet
  facet normal -0.974511 0.224338 0
    outer loop
      vertex 0.10465 -0.12995 -0.0999994
      vertex 0.104799 -0.129299 0.0999994
      vertex 0.104799 -0.129299 -0.0999994
    endloop
  endfacet
  facet normal -0.974511 0.224338 0
    outer loop
      vertex 0.104799 -0.129299 0.0999994
      vertex 0.10465 -0.12995 -0.0999994
      vertex 0.10465 -0.12995 0.0999994
    endloop
  endfacet
  facet normal 0.600368 0.799724 -0
    outer loop
      vertex 0.10465 -0.12995 -0.0999994
      vertex 0.0873995 -0.117 0.0999994
      vertex 0.10465 -0.12995 0.0999994
    endloop
  endfacet
  facet normal 0.600368 0.799724 0
    outer loop
      vertex 0.0873995 -0.117 0.0999994
      vertex 0.10465 -0.12995 -0.0999994
      vertex 0.0873995 -0.117 -0.0999994
    endloop
  endfacet
  facet normal 0.0693813 0.99759 -0
    outer loop
      vertex 0.0873995 -0.117 -0.0999994
      vertex 0.0701494 -0.1158 0.0999994
      vertex 0.0873995 -0.117 0.0999994
    endloop
  endfacet
  facet normal 0.0693813 0.99759 0
    outer loop
      vertex 0.0701494 -0.1158 0.0999994
      vertex 0.0873995 -0.117 -0.0999994
      vertex 0.0701494 -0.1158 -0.0999994
    endloop
  endfacet
  facet normal 0.0451177 0.998982 -0
    outer loop
      vertex 0.0701494 -0.1158 -0.0999994
      vertex 0.0623999 -0.11545 0.0999994
      vertex 0.0701494 -0.1158 0.0999994
    endloop
  endfacet
  facet normal 0.0451177 0.998982 0
    outer loop
      vertex 0.0623999 -0.11545 0.0999994
      vertex 0.0701494 -0.1158 -0.0999994
      vertex 0.0623999 -0.11545 -0.0999994
    endloop
  endfacet
  facet normal -0.503399 0.864054 0
    outer loop
      vertex 0.0623999 -0.11545 -0.0999994
      vertex 0.0554495 -0.119499 0.0999994
      vertex 0.0623999 -0.11545 0.0999994
    endloop
  endfacet
  facet normal -0.503399 0.864054 0
    outer loop
      vertex 0.0554495 -0.119499 0.0999994
      vertex 0.0623999 -0.11545 -0.0999994
      vertex 0.0554495 -0.119499 -0.0999994
    endloop
  endfacet
  facet normal -0.195598 0.980684 0
    outer loop
      vertex 0.0554495 -0.119499 -0.0999994
      vertex 0.0373993 -0.123099 0.0999994
      vertex 0.0554495 -0.119499 0.0999994
    endloop
  endfacet
  facet normal -0.195598 0.980684 0
    outer loop
      vertex 0.0373993 -0.123099 0.0999994
      vertex 0.0554495 -0.119499 -0.0999994
      vertex 0.0373993 -0.123099 -0.0999994
    endloop
  endfacet
  facet normal -0.70713 0.707084 0
    outer loop
      vertex 0.0227499 -0.13775 -0.0999994
      vertex 0.0373993 -0.123099 0.0999994
      vertex 0.0373993 -0.123099 -0.0999994
    endloop
  endfacet
  facet normal -0.70713 0.707084 0
    outer loop
      vertex 0.0373993 -0.123099 0.0999994
      vertex 0.0227499 -0.13775 -0.0999994
      vertex 0.0227499 -0.13775 0.0999994
    endloop
  endfacet
  facet normal -0.902286 0.431137 0
    outer loop
      vertex 0.0189991 -0.145599 -0.0999994
      vertex 0.0227499 -0.13775 0.0999994
      vertex 0.0227499 -0.13775 -0.0999994
    endloop
  endfacet
  facet normal -0.902286 0.431137 0
    outer loop
      vertex 0.0227499 -0.13775 0.0999994
      vertex 0.0189991 -0.145599 -0.0999994
      vertex 0.0189991 -0.145599 0.0999994
    endloop
  endfacet
  facet normal -0.903682 0.428205 0
    outer loop
      vertex 0.0126495 -0.158999 -0.0999994
      vertex 0.0189991 -0.145599 0.0999994
      vertex 0.0189991 -0.145599 -0.0999994
    endloop
  endfacet
  facet normal -0.903682 0.428205 0
    outer loop
      vertex 0.0189991 -0.145599 0.0999994
      vertex 0.0126495 -0.158999 -0.0999994
      vertex 0.0126495 -0.158999 0.0999994
    endloop
  endfacet
  facet normal 0 1 -0
    outer loop
      vertex 0.0126495 -0.158999 -0.0999994
      vertex 0.0120993 -0.158999 0.0999994
      vertex 0.0126495 -0.158999 0.0999994
    endloop
  endfacet
  facet normal 0 1 0
    outer loop
      vertex 0.0120993 -0.158999 0.0999994
      vertex 0.0126495 -0.158999 -0.0999994
      vertex 0.0120993 -0.158999 -0.0999994
    endloop
  endfacet
  facet normal 0.180704 0.983537 -0
    outer loop
      vertex 0.25365 -0.066 -0.0999994
      vertex 0.24875 -0.0650997 0.0999994
      vertex 0.25365 -0.066 0.0999994
    endloop
  endfacet
  facet normal 0.180704 0.983537 0
    outer loop
      vertex 0.24875 -0.0650997 0.0999994
      vertex 0.25365 -0.066 -0.0999994
      vertex 0.24875 -0.0650997 -0.0999994
    endloop
  endfacet
  facet normal 0.174067 0.984734 -0
    outer loop
      vertex 0.24875 -0.0650997 -0.0999994
      vertex 0.23885 -0.0633497 0.0999994
      vertex 0.24875 -0.0650997 0.0999994
    endloop
  endfacet
  facet normal 0.174067 0.984734 0
    outer loop
      vertex 0.23885 -0.0633497 0.0999994
      vertex 0.24875 -0.0650997 -0.0999994
      vertex 0.23885 -0.0633497 -0.0999994
    endloop
  endfacet
  facet normal 0.11443 0.993431 -0
    outer loop
      vertex 0.23885 -0.0633497 -0.0999994
      vertex 0.23755 -0.0632 0.0999994
      vertex 0.23885 -0.0633497 0.0999994
    endloop
  endfacet
  facet normal 0.11443 0.993431 0
    outer loop
      vertex 0.23755 -0.0632 0.0999994
      vertex 0.23885 -0.0633497 -0.0999994
      vertex 0.23755 -0.0632 -0.0999994
    endloop
  endfacet
  facet normal 0.613825 0.789442 -0
    outer loop
      vertex 0.23755 -0.0632 -0.0999994
      vertex 0.2371 -0.06285 0.0999994
      vertex 0.23755 -0.0632 0.0999994
    endloop
  endfacet
  facet normal 0.613825 0.789442 0
    outer loop
      vertex 0.2371 -0.06285 0.0999994
      vertex 0.23755 -0.0632 -0.0999994
      vertex 0.2371 -0.06285 -0.0999994
    endloop
  endfacet
  facet normal 0.819256 0.573427 0
    outer loop
      vertex 0.2371 -0.06285 0.0999994
      vertex 0.23605 -0.0613499 -0.0999994
      vertex 0.23605 -0.0613499 0.0999994
    endloop
  endfacet
  facet normal 0.819256 0.573427 0
    outer loop
      vertex 0.23605 -0.0613499 -0.0999994
      vertex 0.2371 -0.06285 0.0999994
      vertex 0.2371 -0.06285 -0.0999994
    endloop
  endfacet
  facet normal 0.980533 0.196356 0
    outer loop
      vertex 0.23605 -0.0613499 0.0999994
      vertex 0.235749 -0.0598497 -0.0999994
      vertex 0.235749 -0.0598497 0.0999994
    endloop
  endfacet
  facet normal 0.980533 0.196356 0
    outer loop
      vertex 0.235749 -0.0598497 -0.0999994
      vertex 0.23605 -0.0613499 0.0999994
      vertex 0.23605 -0.0613499 -0.0999994
    endloop
  endfacet
  facet normal 0.950801 0.309802 0
    outer loop
      vertex 0.235749 -0.0598497 0.0999994
      vertex 0.228499 -0.0375996 -0.0999994
      vertex 0.228499 -0.0375996 0.0999994
    endloop
  endfacet
  facet normal 0.950801 0.309802 0
    outer loop
      vertex 0.228499 -0.0375996 -0.0999994
      vertex 0.235749 -0.0598497 0.0999994
      vertex 0.235749 -0.0598497 -0.0999994
    endloop
  endfacet
  facet normal 0.707107 0.707107 0
    outer loop
      vertex 0.228499 -0.0375996 0.0999994
      vertex 0.2119 -0.0209999 -0.0999994
      vertex 0.2119 -0.0209999 0.0999994
    endloop
  endfacet
  facet normal 0.707107 0.707107 0
    outer loop
      vertex 0.2119 -0.0209999 -0.0999994
      vertex 0.228499 -0.0375996 0.0999994
      vertex 0.228499 -0.0375996 -0.0999994
    endloop
  endfacet
  facet normal 0 1 -0
    outer loop
      vertex 0.2119 -0.0209999 -0.0999994
      vertex 0.211399 -0.0209999 0.0999994
      vertex 0.2119 -0.0209999 0.0999994
    endloop
  endfacet
  facet normal 0 1 0
    outer loop
      vertex 0.211399 -0.0209999 0.0999994
      vertex 0.2119 -0.0209999 -0.0999994
      vertex 0.211399 -0.0209999 -0.0999994
    endloop
  endfacet
  facet normal 0.608686 0.793411 -0
    outer loop
      vertex 0.211399 -0.0209999 -0.0999994
      vertex 0.2099 -0.0198498 0.0999994
      vertex 0.211399 -0.0209999 0.0999994
    endloop
  endfacet
  facet normal 0.608686 0.793411 0
    outer loop
      vertex 0.2099 -0.0198498 0.0999994
      vertex 0.211399 -0.0209999 -0.0999994
      vertex 0.2099 -0.0198498 -0.0999994
    endloop
  endfacet
  facet normal 0.478831 0.877907 -0
    outer loop
      vertex 0.2099 -0.0198498 -0.0999994
      vertex 0.20715 -0.0183496 0.0999994
      vertex 0.2099 -0.0198498 0.0999994
    endloop
  endfacet
  facet normal 0.478831 0.877907 0
    outer loop
      vertex 0.20715 -0.0183496 0.0999994
      vertex 0.2099 -0.0198498 -0.0999994
      vertex 0.20715 -0.0183496 -0.0999994
    endloop
  endfacet
  facet normal 0.518433 0.855118 -0
    outer loop
      vertex 0.20715 -0.0183496 -0.0999994
      vertex 0.199149 -0.0134993 0.0999994
      vertex 0.20715 -0.0183496 0.0999994
    endloop
  endfacet
  facet normal 0.518433 0.855118 0
    outer loop
      vertex 0.199149 -0.0134993 0.0999994
      vertex 0.20715 -0.0183496 -0.0999994
      vertex 0.199149 -0.0134993 -0.0999994
    endloop
  endfacet
  facet normal 0.36526 0.930906 -0
    outer loop
      vertex 0.199149 -0.0134993 -0.0999994
      vertex 0.197749 -0.0129499 0.0999994
      vertex 0.199149 -0.0134993 0.0999994
    endloop
  endfacet
  facet normal 0.36526 0.930906 0
    outer loop
      vertex 0.197749 -0.0129499 0.0999994
      vertex 0.199149 -0.0134993 -0.0999994
      vertex 0.197749 -0.0129499 -0.0999994
    endloop
  endfacet
  facet normal 1 -0 0
    outer loop
      vertex 0.197749 -0.0129499 0.0999994
      vertex 0.197749 -0.0123491 -0.0999994
      vertex 0.197749 -0.0123491 0.0999994
    endloop
  endfacet
  facet normal 1 0 0
    outer loop
      vertex 0.197749 -0.0123491 -0.0999994
      vertex 0.197749 -0.0129499 0.0999994
      vertex 0.197749 -0.0129499 -0.0999994
    endloop
  endfacet
  facet normal 0.542919 -0.839785 0
    outer loop
      vertex 0.197749 -0.0123491 -0.0999994
      vertex 0.203549 -0.00859928 0.0999994
      vertex 0.197749 -0.0123491 0.0999994
    endloop
  endfacet
  facet normal 0.542919 -0.839785 0
    outer loop
      vertex 0.203549 -0.00859928 0.0999994
      vertex 0.197749 -0.0123491 -0.0999994
      vertex 0.203549 -0.00859928 -0.0999994
    endloop
  endfacet
  facet normal 0.629076 -0.777344 0
    outer loop
      vertex 0.203549 -0.00859928 -0.0999994
      vertex 0.204599 -0.00774956 0.0999994
      vertex 0.203549 -0.00859928 0.0999994
    endloop
  endfacet
  facet normal 0.629076 -0.777344 0
    outer loop
      vertex 0.204599 -0.00774956 0.0999994
      vertex 0.203549 -0.00859928 -0.0999994
      vertex 0.204599 -0.00774956 -0.0999994
    endloop
  endfacet
  facet normal 0 -1 0
    outer loop
      vertex 0.204599 -0.00774956 -0.0999994
      vertex 0.204949 -0.00774956 0.0999994
      vertex 0.204599 -0.00774956 0.0999994
    endloop
  endfacet
  facet normal 0 -1 -0
    outer loop
      vertex 0.204949 -0.00774956 0.0999994
      vertex 0.204599 -0.00774956 -0.0999994
      vertex 0.204949 -0.00774956 -0.0999994
    endloop
  endfacet
  facet normal 0.682053 -0.731302 0
    outer loop
      vertex 0.204949 -0.00774956 -0.0999994
      vertex 0.2057 -0.00704956 0.0999994
      vertex 0.204949 -0.00774956 0.0999994
    endloop
  endfacet
  facet normal 0.682053 -0.731302 0
    outer loop
      vertex 0.2057 -0.00704956 0.0999994
      vertex 0.204949 -0.00774956 -0.0999994
      vertex 0.2057 -0.00704956 -0.0999994
    endloop
  endfacet
  facet normal 0.559134 -0.829077 0
    outer loop
      vertex 0.2057 -0.00704956 -0.0999994
      vertex 0.21215 -0.00269985 0.0999994
      vertex 0.2057 -0.00704956 0.0999994
    endloop
  endfacet
  facet normal 0.559134 -0.829077 0
    outer loop
      vertex 0.21215 -0.00269985 0.0999994
      vertex 0.2057 -0.00704956 -0.0999994
      vertex 0.21215 -0.00269985 -0.0999994
    endloop
  endfacet
  facet normal 0.707107 -0.707107 0
    outer loop
      vertex 0.21215 -0.00269985 0.0999994
      vertex 0.227249 0.0123997 -0.0999994
      vertex 0.227249 0.0123997 0.0999994
    endloop
  endfacet
  facet normal 0.707107 -0.707107 0
    outer loop
      vertex 0.227249 0.0123997 -0.0999994
      vertex 0.21215 -0.00269985 0.0999994
      vertex 0.21215 -0.00269985 -0.0999994
    endloop
  endfacet
  facet normal 0.967412 -0.253208 0
    outer loop
      vertex 0.227249 0.0123997 0.0999994
      vertex 0.2281 0.0156498 -0.0999994
      vertex 0.2281 0.0156498 0.0999994
    endloop
  endfacet
  facet normal 0.967412 -0.253208 0
    outer loop
      vertex 0.2281 0.0156498 -0.0999994
      vertex 0.227249 0.0123997 0.0999994
      vertex 0.227249 0.0123997 -0.0999994
    endloop
  endfacet
  facet normal 0.952466 -0.304644 0
    outer loop
      vertex 0.2281 0.0156498 0.0999994
      vertex 0.228499 0.0168991 -0.0999994
      vertex 0.228499 0.0168991 0.0999994
    endloop
  endfacet
  facet normal 0.952466 -0.304644 0
    outer loop
      vertex 0.228499 0.0168991 -0.0999994
      vertex 0.2281 0.0156498 0.0999994
      vertex 0.2281 0.0156498 -0.0999994
    endloop
  endfacet
  facet normal 0.973846 -0.22721 0
    outer loop
      vertex 0.228499 0.0168991 0.0999994
      vertex 0.229199 0.0198994 -0.0999994
      vertex 0.229199 0.0198994 0.0999994
    endloop
  endfacet
  facet normal 0.973846 -0.22721 0
    outer loop
      vertex 0.229199 0.0198994 -0.0999994
      vertex 0.228499 0.0168991 0.0999994
      vertex 0.228499 0.0168991 -0.0999994
    endloop
  endfacet
  facet normal 0.967865 -0.251469 0
    outer loop
      vertex 0.229199 0.0198994 0.0999994
      vertex 0.232499 0.0325994 -0.0999994
      vertex 0.232499 0.0325994 0.0999994
    endloop
  endfacet
  facet normal 0.967865 -0.251469 0
    outer loop
      vertex 0.232499 0.0325994 -0.0999994
      vertex 0.229199 0.0198994 0.0999994
      vertex 0.229199 0.0198994 -0.0999994
    endloop
  endfacet
  facet normal 0.854369 -0.519667 0
    outer loop
      vertex 0.232499 0.0325994 0.0999994
      vertex 0.23475 0.0362997 -0.0999994
      vertex 0.23475 0.0362997 0.0999994
    endloop
  endfacet
  facet normal 0.854369 -0.519667 0
    outer loop
      vertex 0.23475 0.0362997 -0.0999994
      vertex 0.232499 0.0325994 0.0999994
      vertex 0.232499 0.0325994 -0.0999994
    endloop
  endfacet
  facet normal 0.894427 -0.447214 0
    outer loop
      vertex 0.23475 0.0362997 0.0999994
      vertex 0.2351 0.0369997 -0.0999994
      vertex 0.2351 0.0369997 0.0999994
    endloop
  endfacet
  facet normal 0.894427 -0.447214 0
    outer loop
      vertex 0.2351 0.0369997 -0.0999994
      vertex 0.23475 0.0362997 0.0999994
      vertex 0.23475 0.0362997 -0.0999994
    endloop
  endfacet
  facet normal 0.76202 -0.647553 0
    outer loop
      vertex 0.2351 0.0369997 0.0999994
      vertex 0.236799 0.0389996 -0.0999994
      vertex 0.236799 0.0389996 0.0999994
    endloop
  endfacet
  facet normal 0.76202 -0.647553 0
    outer loop
      vertex 0.236799 0.0389996 -0.0999994
      vertex 0.2351 0.0369997 0.0999994
      vertex 0.2351 0.0369997 -0.0999994
    endloop
  endfacet
  facet normal 0.467706 -0.883884 0
    outer loop
      vertex 0.236799 0.0389996 -0.0999994
      vertex 0.23765 0.0394497 0.0999994
      vertex 0.236799 0.0389996 0.0999994
    endloop
  endfacet
  facet normal 0.467706 -0.883884 0
    outer loop
      vertex 0.23765 0.0394497 0.0999994
      vertex 0.236799 0.0389996 -0.0999994
      vertex 0.23765 0.0394497 -0.0999994
    endloop
  endfacet
  facet normal 0.148935 -0.988847 0
    outer loop
      vertex 0.23765 0.0394497 -0.0999994
      vertex 0.257899 0.0424995 0.0999994
      vertex 0.23765 0.0394497 0.0999994
    endloop
  endfacet
  facet normal 0.148935 -0.988847 0
    outer loop
      vertex 0.257899 0.0424995 0.0999994
      vertex 0.23765 0.0394497 -0.0999994
      vertex 0.257899 0.0424995 -0.0999994
    endloop
  endfacet
  facet normal 0.15197 -0.988385 0
    outer loop
      vertex 0.257899 0.0424995 -0.0999994
      vertex 0.261149 0.0429993 0.0999994
      vertex 0.257899 0.0424995 0.0999994
    endloop
  endfacet
  facet normal 0.15197 -0.988385 0
    outer loop
      vertex 0.261149 0.0429993 0.0999994
      vertex 0.257899 0.0424995 -0.0999994
      vertex 0.261149 0.0429993 -0.0999994
    endloop
  endfacet
  facet normal 0.195972 -0.980609 0
    outer loop
      vertex 0.261149 0.0429993 -0.0999994
      vertex 0.2624 0.0432491 0.0999994
      vertex 0.261149 0.0429993 0.0999994
    endloop
  endfacet
  facet normal 0.195972 -0.980609 0
    outer loop
      vertex 0.2624 0.0432491 0.0999994
      vertex 0.261149 0.0429993 -0.0999994
      vertex 0.2624 0.0432491 -0.0999994
    endloop
  endfacet
  facet normal -0.245551 -0.969384 0
    outer loop
      vertex 0.2624 0.0432491 -0.0999994
      vertex 0.26615 0.0422993 0.0999994
      vertex 0.2624 0.0432491 0.0999994
    endloop
  endfacet
  facet normal -0.245551 -0.969384 -0
    outer loop
      vertex 0.26615 0.0422993 0.0999994
      vertex 0.2624 0.0432491 -0.0999994
      vertex 0.26615 0.0422993 -0.0999994
    endloop
  endfacet
  facet normal -0.25754 -0.966268 0
    outer loop
      vertex 0.26615 0.0422993 -0.0999994
      vertex 0.269899 0.0412998 0.0999994
      vertex 0.26615 0.0422993 0.0999994
    endloop
  endfacet
  facet normal -0.25754 -0.966268 -0
    outer loop
      vertex 0.269899 0.0412998 0.0999994
      vertex 0.26615 0.0422993 -0.0999994
      vertex 0.269899 0.0412998 -0.0999994
    endloop
  endfacet
  facet normal -0.214958 -0.976623 0
    outer loop
      vertex 0.269899 0.0412998 -0.0999994
      vertex 0.274899 0.0401993 0.0999994
      vertex 0.269899 0.0412998 0.0999994
    endloop
  endfacet
  facet normal -0.214958 -0.976623 -0
    outer loop
      vertex 0.274899 0.0401993 0.0999994
      vertex 0.269899 0.0412998 -0.0999994
      vertex 0.274899 0.0401993 -0.0999994
    endloop
  endfacet
  facet normal -0.244469 -0.969657 0
    outer loop
      vertex 0.274899 0.0401993 -0.0999994
      vertex 0.286599 0.0372496 0.0999994
      vertex 0.274899 0.0401993 0.0999994
    endloop
  endfacet
  facet normal -0.244469 -0.969657 -0
    outer loop
      vertex 0.286599 0.0372496 0.0999994
      vertex 0.274899 0.0401993 -0.0999994
      vertex 0.286599 0.0372496 -0.0999994
    endloop
  endfacet
  facet normal -0.735965 -0.67702 0
    outer loop
      vertex 0.287749 0.0359993 -0.0999994
      vertex 0.286599 0.0372496 0.0999994
      vertex 0.286599 0.0372496 -0.0999994
    endloop
  endfacet
  facet normal -0.735965 -0.67702 0
    outer loop
      vertex 0.286599 0.0372496 0.0999994
      vertex 0.287749 0.0359993 -0.0999994
      vertex 0.287749 0.0359993 0.0999994
    endloop
  endfacet
  facet normal 0.394373 -0.918951 0
    outer loop
      vertex 0.287749 0.0359993 -0.0999994
      vertex 0.288449 0.0362997 0.0999994
      vertex 0.287749 0.0359993 0.0999994
    endloop
  endfacet
  facet normal 0.394373 -0.918951 0
    outer loop
      vertex 0.288449 0.0362997 0.0999994
      vertex 0.287749 0.0359993 -0.0999994
      vertex 0.288449 0.0362997 -0.0999994
    endloop
  endfacet
  facet normal -0.644159 -0.764891 0
    outer loop
      vertex 0.288449 0.0362997 -0.0999994
      vertex 0.29225 0.0330992 0.0999994
      vertex 0.288449 0.0362997 0.0999994
    endloop
  endfacet
  facet normal -0.644159 -0.764891 -0
    outer loop
      vertex 0.29225 0.0330992 0.0999994
      vertex 0.288449 0.0362997 -0.0999994
      vertex 0.29225 0.0330992 -0.0999994
    endloop
  endfacet
  facet normal -0.630546 -0.776152 0
    outer loop
      vertex 0.29225 0.0330992 -0.0999994
      vertex 0.294649 0.0311499 0.0999994
      vertex 0.29225 0.0330992 0.0999994
    endloop
  endfacet
  facet normal -0.630546 -0.776152 -0
    outer loop
      vertex 0.294649 0.0311499 0.0999994
      vertex 0.29225 0.0330992 -0.0999994
      vertex 0.294649 0.0311499 -0.0999994
    endloop
  endfacet
  facet normal -0.767622 -0.640903 0
    outer loop
      vertex 0.2949 0.0308495 -0.0999994
      vertex 0.294649 0.0311499 0.0999994
      vertex 0.294649 0.0311499 -0.0999994
    endloop
  endfacet
  facet normal -0.767622 -0.640903 0
    outer loop
      vertex 0.294649 0.0311499 0.0999994
      vertex 0.2949 0.0308495 -0.0999994
      vertex 0.2949 0.0308495 0.0999994
    endloop
  endfacet
  facet normal -0.624794 -0.78079 0
    outer loop
      vertex 0.2949 0.0308495 -0.0999994
      vertex 0.297649 0.0286493 0.0999994
      vertex 0.2949 0.0308495 0.0999994
    endloop
  endfacet
  facet normal -0.624794 -0.78079 -0
    outer loop
      vertex 0.297649 0.0286493 0.0999994
      vertex 0.2949 0.0308495 -0.0999994
      vertex 0.297649 0.0286493 -0.0999994
    endloop
  endfacet
  facet normal -0.76782 -0.640665 0
    outer loop
      vertex 0.297899 0.0283499 -0.0999994
      vertex 0.297649 0.0286493 0.0999994
      vertex 0.297649 0.0286493 -0.0999994
    endloop
  endfacet
  facet normal -0.76782 -0.640665 0
    outer loop
      vertex 0.297649 0.0286493 0.0999994
      vertex 0.297899 0.0283499 -0.0999994
      vertex 0.297899 0.0283499 0.0999994
    endloop
  endfacet
  facet normal -0.637554 -0.770405 0
    outer loop
      vertex 0.297899 0.0283499 -0.0999994
      vertex 0.3124 0.0163498 0.0999994
      vertex 0.297899 0.0283499 0.0999994
    endloop
  endfacet
  facet normal -0.637554 -0.770405 -0
    outer loop
      vertex 0.3124 0.0163498 0.0999994
      vertex 0.297899 0.0283499 -0.0999994
      vertex 0.3124 0.0163498 -0.0999994
    endloop
  endfacet
  facet normal -0.541173 -0.840911 0
    outer loop
      vertex 0.3124 0.0163498 -0.0999994
      vertex 0.31815 0.0126495 0.0999994
      vertex 0.3124 0.0163498 0.0999994
    endloop
  endfacet
  facet normal -0.541173 -0.840911 -0
    outer loop
      vertex 0.31815 0.0126495 0.0999994
      vertex 0.3124 0.0163498 -0.0999994
      vertex 0.31815 0.0126495 -0.0999994
    endloop
  endfacet
  facet normal -0.637911 -0.77011 0
    outer loop
      vertex 0.31815 0.0126495 -0.0999994
      vertex 0.3199 0.0112 0.0999994
      vertex 0.31815 0.0126495 0.0999994
    endloop
  endfacet
  facet normal -0.637911 -0.77011 -0
    outer loop
      vertex 0.3199 0.0112 0.0999994
      vertex 0.31815 0.0126495 -0.0999994
      vertex 0.3199 0.0112 -0.0999994
    endloop
  endfacet
  facet normal -0.684153 -0.729339 0
    outer loop
      vertex 0.3199 0.0112 -0.0999994
      vertex 0.326349 0.00514984 0.0999994
      vertex 0.3199 0.0112 0.0999994
    endloop
  endfacet
  facet normal -0.684153 -0.729339 -0
    outer loop
      vertex 0.326349 0.00514984 0.0999994
      vertex 0.3199 0.0112 -0.0999994
      vertex 0.326349 0.00514984 -0.0999994
    endloop
  endfacet
  facet normal -0.676435 -0.736502 0
    outer loop
      vertex 0.326349 0.00514984 -0.0999994
      vertex 0.337399 -0.00499916 0.0999994
      vertex 0.326349 0.00514984 0.0999994
    endloop
  endfacet
  facet normal -0.676435 -0.736502 -0
    outer loop
      vertex 0.337399 -0.00499916 0.0999994
      vertex 0.326349 0.00514984 -0.0999994
      vertex 0.337399 -0.00499916 -0.0999994
    endloop
  endfacet
  facet normal -0.427535 -0.903999 0
    outer loop
      vertex 0.337399 -0.00499916 -0.0999994
      vertex 0.3411 -0.00674915 0.0999994
      vertex 0.337399 -0.00499916 0.0999994
    endloop
  endfacet
  facet normal -0.427535 -0.903999 -0
    outer loop
      vertex 0.3411 -0.00674915 0.0999994
      vertex 0.337399 -0.00499916 -0.0999994
      vertex 0.3411 -0.00674915 -0.0999994
    endloop
  endfacet
  facet normal -0.412445 -0.910983 0
    outer loop
      vertex 0.3411 -0.00674915 -0.0999994
      vertex 0.35325 -0.0122499 0.0999994
      vertex 0.3411 -0.00674915 0.0999994
    endloop
  endfacet
  facet normal -0.412445 -0.910983 -0
    outer loop
      vertex 0.35325 -0.0122499 0.0999994
      vertex 0.3411 -0.00674915 -0.0999994
      vertex 0.35325 -0.0122499 -0.0999994
    endloop
  endfacet
  facet normal 0 -1 0
    outer loop
      vertex 0.35325 -0.0122499 -0.0999994
      vertex 0.3538 -0.0122499 0.0999994
      vertex 0.35325 -0.0122499 0.0999994
    endloop
  endfacet
  facet normal 0 -1 -0
    outer loop
      vertex 0.3538 -0.0122499 0.0999994
      vertex 0.35325 -0.0122499 -0.0999994
      vertex 0.3538 -0.0122499 -0.0999994
    endloop
  endfacet
  facet normal -0.948532 0.31668 0
    outer loop
      vertex 0.3536 -0.0128498 -0.0999994
      vertex 0.3538 -0.0122499 0.0999994
      vertex 0.3538 -0.0122499 -0.0999994
    endloop
  endfacet
  facet normal -0.948532 0.31668 0
    outer loop
      vertex 0.3538 -0.0122499 0.0999994
      vertex 0.3536 -0.0128498 -0.0999994
      vertex 0.3536 -0.0128498 0.0999994
    endloop
  endfacet
  facet normal -0.346396 0.938088 0
    outer loop
      vertex 0.3536 -0.0128498 -0.0999994
      vertex 0.3383 -0.0184994 0.0999994
      vertex 0.3536 -0.0128498 0.0999994
    endloop
  endfacet
  facet normal -0.346396 0.938088 0
    outer loop
      vertex 0.3383 -0.0184994 0.0999994
      vertex 0.3536 -0.0128498 -0.0999994
      vertex 0.3383 -0.0184994 -0.0999994
    endloop
  endfacet
  facet normal 0 1 -0
    outer loop
      vertex 0.3383 -0.0184994 -0.0999994
      vertex 0.337749 -0.0184994 0.0999994
      vertex 0.3383 -0.0184994 0.0999994
    endloop
  endfacet
  facet normal 0 1 0
    outer loop
      vertex 0.337749 -0.0184994 0.0999994
      vertex 0.3383 -0.0184994 -0.0999994
      vertex 0.337749 -0.0184994 -0.0999994
    endloop
  endfacet
  facet normal -0.669543 0.742773 0
    outer loop
      vertex 0.337749 -0.0184994 -0.0999994
      vertex 0.330649 -0.0248995 0.0999994
      vertex 0.337749 -0.0184994 0.0999994
    endloop
  endfacet
  facet normal -0.669543 0.742773 0
    outer loop
      vertex 0.330649 -0.0248995 0.0999994
      vertex 0.337749 -0.0184994 -0.0999994
      vertex 0.330649 -0.0248995 -0.0999994
    endloop
  endfacet
  facet normal -0.65534 0.755334 0
    outer loop
      vertex 0.330649 -0.0248995 -0.0999994
      vertex 0.3265 -0.0284996 0.0999994
      vertex 0.330649 -0.0248995 0.0999994
    endloop
  endfacet
  facet normal -0.65534 0.755334 0
    outer loop
      vertex 0.3265 -0.0284996 0.0999994
      vertex 0.330649 -0.0248995 -0.0999994
      vertex 0.3265 -0.0284996 -0.0999994
    endloop
  endfacet
  facet normal -0.752243 0.658886 0
    outer loop
      vertex 0.32615 -0.0288992 -0.0999994
      vertex 0.3265 -0.0284996 0.0999994
      vertex 0.3265 -0.0284996 -0.0999994
    endloop
  endfacet
  facet normal -0.752243 0.658886 0
    outer loop
      vertex 0.3265 -0.0284996 0.0999994
      vertex 0.32615 -0.0288992 -0.0999994
      vertex 0.32615 -0.0288992 0.0999994
    endloop
  endfacet
  facet normal -0.655254 0.755408 0
    outer loop
      vertex 0.32615 -0.0288992 -0.0999994
      vertex 0.322 -0.0324993 0.0999994
      vertex 0.32615 -0.0288992 0.0999994
    endloop
  endfacet
  facet normal -0.655254 0.755408 0
    outer loop
      vertex 0.322 -0.0324993 0.0999994
      vertex 0.32615 -0.0288992 -0.0999994
      vertex 0.322 -0.0324993 -0.0999994
    endloop
  endfacet
  facet normal -0.753021 0.657997 0
    outer loop
      vertex 0.32165 -0.0328999 -0.0999994
      vertex 0.322 -0.0324993 0.0999994
      vertex 0.322 -0.0324993 -0.0999994
    endloop
  endfacet
  facet normal -0.753021 0.657997 0
    outer loop
      vertex 0.322 -0.0324993 0.0999994
      vertex 0.32165 -0.0328999 -0.0999994
      vertex 0.32165 -0.0328999 0.0999994
    endloop
  endfacet
  facet normal -0.653543 0.756889 0
    outer loop
      vertex 0.32165 -0.0328999 -0.0999994
      vertex 0.317249 -0.0366993 0.0999994
      vertex 0.32165 -0.0328999 0.0999994
    endloop
  endfacet
  facet normal -0.653543 0.756889 0
    outer loop
      vertex 0.317249 -0.0366993 0.0999994
      vertex 0.32165 -0.0328999 -0.0999994
      vertex 0.317249 -0.0366993 -0.0999994
    endloop
  endfacet
  facet normal -0.707107 0.707107 0
    outer loop
      vertex 0.316649 -0.0372992 -0.0999994
      vertex 0.317249 -0.0366993 0.0999994
      vertex 0.317249 -0.0366993 -0.0999994
    endloop
  endfacet
  facet normal -0.707107 0.707107 0
    outer loop
      vertex 0.317249 -0.0366993 0.0999994
      vertex 0.316649 -0.0372992 -0.0999994
      vertex 0.316649 -0.0372992 0.0999994
    endloop
  endfacet
  facet normal -0.613808 0.789455 0
    outer loop
      vertex 0.316649 -0.0372992 -0.0999994
      vertex 0.2989 -0.0510998 0.0999994
      vertex 0.316649 -0.0372992 0.0999994
    endloop
  endfacet
  facet normal -0.613808 0.789455 0
    outer loop
      vertex 0.2989 -0.0510998 0.0999994
      vertex 0.316649 -0.0372992 -0.0999994
      vertex 0.2989 -0.0510998 -0.0999994
    endloop
  endfacet
  facet normal -0.31884 0.947809 0
    outer loop
      vertex 0.2989 -0.0510998 -0.0999994
      vertex 0.2934 -0.0529499 0.0999994
      vertex 0.2989 -0.0510998 0.0999994
    endloop
  endfacet
  facet normal -0.31884 0.947809 0
    outer loop
      vertex 0.2934 -0.0529499 0.0999994
      vertex 0.2989 -0.0510998 -0.0999994
      vertex 0.2934 -0.0529499 -0.0999994
    endloop
  endfacet
  facet normal 0 1 -0
    outer loop
      vertex 0.2934 -0.0529499 -0.0999994
      vertex 0.292649 -0.0529499 0.0999994
      vertex 0.2934 -0.0529499 0.0999994
    endloop
  endfacet
  facet normal 0 1 0
    outer loop
      vertex 0.292649 -0.0529499 0.0999994
      vertex 0.2934 -0.0529499 -0.0999994
      vertex 0.292649 -0.0529499 -0.0999994
    endloop
  endfacet
  facet normal -0.33222 0.943202 0
    outer loop
      vertex 0.292649 -0.0529499 -0.0999994
      vertex 0.287399 -0.0547991 0.0999994
      vertex 0.292649 -0.0529499 0.0999994
    endloop
  endfacet
  facet normal -0.33222 0.943202 0
    outer loop
      vertex 0.287399 -0.0547991 0.0999994
      vertex 0.292649 -0.0529499 -0.0999994
      vertex 0.287399 -0.0547991 -0.0999994
    endloop
  endfacet
  facet normal -0.700221 0.713926 0
    outer loop
      vertex 0.287399 -0.0547991 -0.0999994
      vertex 0.27965 -0.0623999 0.0999994
      vertex 0.287399 -0.0547991 0.0999994
    endloop
  endfacet
  facet normal -0.700221 0.713926 0
    outer loop
      vertex 0.27965 -0.0623999 0.0999994
      vertex 0.287399 -0.0547991 -0.0999994
      vertex 0.27965 -0.0623999 -0.0999994
    endloop
  endfacet
  facet normal -0.432575 0.901598 0
    outer loop
      vertex 0.27965 -0.0623999 -0.0999994
      vertex 0.278399 -0.0629997 0.0999994
      vertex 0.27965 -0.0623999 0.0999994
    endloop
  endfacet
  facet normal -0.432575 0.901598 0
    outer loop
      vertex 0.278399 -0.0629997 0.0999994
      vertex 0.27965 -0.0623999 -0.0999994
      vertex 0.278399 -0.0629997 -0.0999994
    endloop
  endfacet
  facet normal -0.246645 0.969106 0
    outer loop
      vertex 0.278399 -0.0629997 -0.0999994
      vertex 0.275649 -0.0636997 0.0999994
      vertex 0.278399 -0.0629997 0.0999994
    endloop
  endfacet
  facet normal -0.246645 0.969106 0
    outer loop
      vertex 0.275649 -0.0636997 0.0999994
      vertex 0.278399 -0.0629997 -0.0999994
      vertex 0.275649 -0.0636997 -0.0999994
    endloop
  endfacet
  facet normal -0.280003 0.959999 0
    outer loop
      vertex 0.275649 -0.0636997 -0.0999994
      vertex 0.262449 -0.0675497 0.0999994
      vertex 0.275649 -0.0636997 0.0999994
    endloop
  endfacet
  facet normal -0.280003 0.959999 0
    outer loop
      vertex 0.262449 -0.0675497 0.0999994
      vertex 0.275649 -0.0636997 -0.0999994
      vertex 0.262449 -0.0675497 -0.0999994
    endloop
  endfacet
  facet normal 0.173444 0.984844 -0
    outer loop
      vertex 0.262449 -0.0675497 -0.0999994
      vertex 0.25365 -0.066 0.0999994
      vertex 0.262449 -0.0675497 0.0999994
    endloop
  endfacet
  facet normal 0.173444 0.984844 0
    outer loop
      vertex 0.25365 -0.066 0.0999994
      vertex 0.262449 -0.0675497 -0.0999994
      vertex 0.25365 -0.066 -0.0999994
    endloop
  endfacet
  facet normal 0.70264 0.711546 -0
    outer loop
      vertex -0.2546 -0.0626993 -0.0999994
      vertex -0.2626 -0.0547991 0.0999994
      vertex -0.2546 -0.0626993 0.0999994
    endloop
  endfacet
  facet normal 0.70264 0.711546 0
    outer loop
      vertex -0.2626 -0.0547991 0.0999994
      vertex -0.2546 -0.0626993 -0.0999994
      vertex -0.2626 -0.0547991 -0.0999994
    endloop
  endfacet
  facet normal 0.33222 0.943202 -0
    outer loop
      vertex -0.2626 -0.0547991 -0.0999994
      vertex -0.26785 -0.0529499 0.0999994
      vertex -0.2626 -0.0547991 0.0999994
    endloop
  endfacet
  facet normal 0.33222 0.943202 0
    outer loop
      vertex -0.26785 -0.0529499 0.0999994
      vertex -0.2626 -0.0547991 -0.0999994
      vertex -0.26785 -0.0529499 -0.0999994
    endloop
  endfacet
  facet normal 0 1 -0
    outer loop
      vertex -0.26785 -0.0529499 -0.0999994
      vertex -0.268649 -0.0529499 0.0999994
      vertex -0.26785 -0.0529499 0.0999994
    endloop
  endfacet
  facet normal 0 1 0
    outer loop
      vertex -0.268649 -0.0529499 0.0999994
      vertex -0.26785 -0.0529499 -0.0999994
      vertex -0.268649 -0.0529499 -0.0999994
    endloop
  endfacet
  facet normal 0.31879 0.947825 -0
    outer loop
      vertex -0.268649 -0.0529499 -0.0999994
      vertex -0.27415 -0.0510998 0.0999994
      vertex -0.268649 -0.0529499 0.0999994
    endloop
  endfacet
  facet normal 0.31879 0.947825 0
    outer loop
      vertex -0.27415 -0.0510998 0.0999994
      vertex -0.268649 -0.0529499 -0.0999994
      vertex -0.27415 -0.0510998 -0.0999994
    endloop
  endfacet
  facet normal 0.614899 0.788606 -0
    outer loop
      vertex -0.27415 -0.0510998 -0.0999994
      vertex -0.291849 -0.0372992 0.0999994
      vertex -0.27415 -0.0510998 0.0999994
    endloop
  endfacet
  facet normal 0.614899 0.788606 0
    outer loop
      vertex -0.291849 -0.0372992 0.0999994
      vertex -0.27415 -0.0510998 -0.0999994
      vertex -0.291849 -0.0372992 -0.0999994
    endloop
  endfacet
  facet normal 0.664349 0.747422 -0
    outer loop
      vertex -0.291849 -0.0372992 -0.0999994
      vertex -0.313 -0.0184994 0.0999994
      vertex -0.291849 -0.0372992 0.0999994
    endloop
  endfacet
  facet normal 0.664349 0.747422 0
    outer loop
      vertex -0.313 -0.0184994 0.0999994
      vertex -0.291849 -0.0372992 -0.0999994
      vertex -0.313 -0.0184994 -0.0999994
    endloop
  endfacet
  facet normal 0 1 -0
    outer loop
      vertex -0.313 -0.0184994 -0.0999994
      vertex -0.31355 -0.0184994 0.0999994
      vertex -0.313 -0.0184994 0.0999994
    endloop
  endfacet
  facet normal 0 1 0
    outer loop
      vertex -0.31355 -0.0184994 0.0999994
      vertex -0.313 -0.0184994 -0.0999994
      vertex -0.31355 -0.0184994 -0.0999994
    endloop
  endfacet
  facet normal 0.346396 0.938088 -0
    outer loop
      vertex -0.31355 -0.0184994 -0.0999994
      vertex -0.32885 -0.0128498 0.0999994
      vertex -0.31355 -0.0184994 0.0999994
    endloop
  endfacet
  facet normal 0.346396 0.938088 0
    outer loop
      vertex -0.32885 -0.0128498 0.0999994
      vertex -0.31355 -0.0184994 -0.0999994
      vertex -0.32885 -0.0128498 -0.0999994
    endloop
  endfacet
  facet normal 0.948985 0.315322 0
    outer loop
      vertex -0.32885 -0.0128498 0.0999994
      vertex -0.329049 -0.0122499 -0.0999994
      vertex -0.329049 -0.0122499 0.0999994
    endloop
  endfacet
  facet normal 0.948985 0.315322 0
    outer loop
      vertex -0.329049 -0.0122499 -0.0999994
      vertex -0.32885 -0.0128498 0.0999994
      vertex -0.32885 -0.0128498 -0.0999994
    endloop
  endfacet
  facet normal 0 -1 0
    outer loop
      vertex -0.329049 -0.0122499 -0.0999994
      vertex -0.3285 -0.0122499 0.0999994
      vertex -0.329049 -0.0122499 0.0999994
    endloop
  endfacet
  facet normal 0 -1 -0
    outer loop
      vertex -0.3285 -0.0122499 0.0999994
      vertex -0.329049 -0.0122499 -0.0999994
      vertex -0.3285 -0.0122499 -0.0999994
    endloop
  endfacet
  facet normal 0.409925 -0.912119 0
    outer loop
      vertex -0.3285 -0.0122499 -0.0999994
      vertex -0.3206 -0.00869942 0.0999994
      vertex -0.3285 -0.0122499 0.0999994
    endloop
  endfacet
  facet normal 0.409925 -0.912119 0
    outer loop
      vertex -0.3206 -0.00869942 0.0999994
      vertex -0.3285 -0.0122499 -0.0999994
      vertex -0.3206 -0.00869942 -0.0999994
    endloop
  endfacet
  facet normal 0.425286 -0.905059 0
    outer loop
      vertex -0.3206 -0.00869942 -0.0999994
      vertex -0.316449 -0.00674915 0.0999994
      vertex -0.3206 -0.00869942 0.0999994
    endloop
  endfacet
  facet normal 0.425286 -0.905059 0
    outer loop
      vertex -0.316449 -0.00674915 0.0999994
      vertex -0.3206 -0.00869942 -0.0999994
      vertex -0.316449 -0.00674915 -0.0999994
    endloop
  endfacet
  facet normal 0 -1 0
    outer loop
      vertex -0.316449 -0.00674915 -0.0999994
      vertex -0.316299 -0.00674915 0.0999994
      vertex -0.316449 -0.00674915 0.0999994
    endloop
  endfacet
  facet normal 0 -1 -0
    outer loop
      vertex -0.316299 -0.00674915 0.0999994
      vertex -0.316449 -0.00674915 -0.0999994
      vertex -0.316299 -0.00674915 -0.0999994
    endloop
  endfacet
  facet normal 0.427535 -0.903999 0
    outer loop
      vertex -0.316299 -0.00674915 -0.0999994
      vertex -0.312599 -0.00499916 0.0999994
      vertex -0.316299 -0.00674915 0.0999994
    endloop
  endfacet
  facet normal 0.427535 -0.903999 0
    outer loop
      vertex -0.312599 -0.00499916 0.0999994
      vertex -0.316299 -0.00674915 -0.0999994
      vertex -0.312599 -0.00499916 -0.0999994
    endloop
  endfacet
  facet normal 0.67701 -0.735974 0
    outer loop
      vertex -0.312599 -0.00499916 -0.0999994
      vertex -0.30635 0.000749588 0.0999994
      vertex -0.312599 -0.00499916 0.0999994
    endloop
  endfacet
  facet normal 0.67701 -0.735974 0
    outer loop
      vertex -0.30635 0.000749588 0.0999994
      vertex -0.312599 -0.00499916 -0.0999994
      vertex -0.30635 0.000749588 -0.0999994
    endloop
  endfacet
  facet normal 0.680573 -0.732681 0
    outer loop
      vertex -0.30635 0.000749588 -0.0999994
      vertex -0.295099 0.0112 0.0999994
      vertex -0.30635 0.000749588 0.0999994
    endloop
  endfacet
  facet normal 0.680573 -0.732681 0
    outer loop
      vertex -0.295099 0.0112 0.0999994
      vertex -0.30635 0.000749588 -0.0999994
      vertex -0.295099 0.0112 -0.0999994
    endloop
  endfacet
  facet normal 0.637911 -0.77011 0
    outer loop
      vertex -0.295099 0.0112 -0.0999994
      vertex -0.293349 0.0126495 0.0999994
      vertex -0.295099 0.0112 0.0999994
    endloop
  endfacet
  facet normal 0.637911 -0.77011 0
    outer loop
      vertex -0.293349 0.0126495 0.0999994
      vertex -0.295099 0.0112 -0.0999994
      vertex -0.293349 0.0126495 -0.0999994
    endloop
  endfacet
  facet normal 0.541173 -0.840911 0
    outer loop
      vertex -0.293349 0.0126495 -0.0999994
      vertex -0.2876 0.0163498 0.0999994
      vertex -0.293349 0.0126495 0.0999994
    endloop
  endfacet
  facet normal 0.541173 -0.840911 0
    outer loop
      vertex -0.2876 0.0163498 0.0999994
      vertex -0.293349 0.0126495 -0.0999994
      vertex -0.2876 0.0163498 -0.0999994
    endloop
  endfacet
  facet normal 0.63942 -0.768858 0
    outer loop
      vertex -0.2876 0.0163498 -0.0999994
      vertex -0.277499 0.0247498 0.0999994
      vertex -0.2876 0.0163498 0.0999994
    endloop
  endfacet
  facet normal 0.63942 -0.768858 0
    outer loop
      vertex -0.277499 0.0247498 0.0999994
      vertex -0.2876 0.0163498 -0.0999994
      vertex -0.277499 0.0247498 -0.0999994
    endloop
  endfacet
  facet normal 0.61768 -0.78643 0
    outer loop
      vertex -0.277499 0.0247498 -0.0999994
      vertex -0.276099 0.0258493 0.0999994
      vertex -0.277499 0.0247498 0.0999994
    endloop
  endfacet
  facet normal 0.61768 -0.78643 0
    outer loop
      vertex -0.276099 0.0258493 0.0999994
      vertex -0.277499 0.0247498 -0.0999994
      vertex -0.276099 0.0258493 -0.0999994
    endloop
  endfacet
  facet normal 0.768821 -0.639464 0
    outer loop
      vertex -0.276099 0.0258493 0.0999994
      vertex -0.275849 0.0261497 -0.0999994
      vertex -0.275849 0.0261497 0.0999994
    endloop
  endfacet
  facet normal 0.768821 -0.639464 0
    outer loop
      vertex -0.275849 0.0261497 -0.0999994
      vertex -0.276099 0.0258493 0.0999994
      vertex -0.276099 0.0258493 -0.0999994
    endloop
  endfacet
  facet normal 0.624794 -0.78079 0
    outer loop
      vertex -0.275849 0.0261497 -0.0999994
      vertex -0.2731 0.0283499 0.0999994
      vertex -0.275849 0.0261497 0.0999994
    endloop
  endfacet
  facet normal 0.624794 -0.78079 0
    outer loop
      vertex -0.2731 0.0283499 0.0999994
      vertex -0.275849 0.0261497 -0.0999994
      vertex -0.2731 0.0283499 -0.0999994
    endloop
  endfacet
  facet normal 0.766618 -0.642104 0
    outer loop
      vertex -0.2731 0.0283499 0.0999994
      vertex -0.272849 0.0286493 -0.0999994
      vertex -0.272849 0.0286493 0.0999994
    endloop
  endfacet
  facet normal 0.766618 -0.642104 0
    outer loop
      vertex -0.272849 0.0286493 -0.0999994
      vertex -0.2731 0.0283499 0.0999994
      vertex -0.2731 0.0283499 -0.0999994
    endloop
  endfacet
  facet normal 0.637959 -0.77007 0
    outer loop
      vertex -0.272849 0.0286493 -0.0999994
      vertex -0.2644 0.0356493 0.0999994
      vertex -0.272849 0.0286493 0.0999994
    endloop
  endfacet
  facet normal 0.637959 -0.77007 0
    outer loop
      vertex -0.2644 0.0356493 0.0999994
      vertex -0.272849 0.0286493 -0.0999994
      vertex -0.2644 0.0356493 -0.0999994
    endloop
  endfacet
  facet normal 0.680681 -0.73258 0
    outer loop
      vertex -0.2644 0.0356493 -0.0999994
      vertex -0.2637 0.0362997 0.0999994
      vertex -0.2644 0.0356493 0.0999994
    endloop
  endfacet
  facet normal 0.680681 -0.73258 0
    outer loop
      vertex -0.2637 0.0362997 0.0999994
      vertex -0.2644 0.0356493 -0.0999994
      vertex -0.2637 0.0362997 -0.0999994
    endloop
  endfacet
  facet normal -0.394373 -0.918951 0
    outer loop
      vertex -0.2637 0.0362997 -0.0999994
      vertex -0.263 0.0359993 0.0999994
      vertex -0.2637 0.0362997 0.0999994
    endloop
  endfacet
  facet normal -0.394373 -0.918951 -0
    outer loop
      vertex -0.263 0.0359993 0.0999994
      vertex -0.2637 0.0362997 -0.0999994
      vertex -0.263 0.0359993 -0.0999994
    endloop
  endfacet
  facet normal 0.735965 -0.67702 0
    outer loop
      vertex -0.263 0.0359993 0.0999994
      vertex -0.261849 0.0372496 -0.0999994
      vertex -0.261849 0.0372496 0.0999994
    endloop
  endfacet
  facet normal 0.735965 -0.67702 0
    outer loop
      vertex -0.261849 0.0372496 -0.0999994
      vertex -0.263 0.0359993 0.0999994
      vertex -0.263 0.0359993 -0.0999994
    endloop
  endfacet
  facet normal 0.24348 -0.969906 0
    outer loop
      vertex -0.261849 0.0372496 -0.0999994
      vertex -0.250099 0.0401993 0.0999994
      vertex -0.261849 0.0372496 0.0999994
    endloop
  endfacet
  facet normal 0.24348 -0.969906 0
    outer loop
      vertex -0.250099 0.0401993 0.0999994
      vertex -0.261849 0.0372496 -0.0999994
      vertex -0.250099 0.0401993 -0.0999994
    endloop
  endfacet
  facet normal 0.214958 -0.976623 0
    outer loop
      vertex -0.250099 0.0401993 -0.0999994
      vertex -0.245099 0.0412998 0.0999994
      vertex -0.250099 0.0401993 0.0999994
    endloop
  endfacet
  facet normal 0.214958 -0.976623 0
    outer loop
      vertex -0.245099 0.0412998 0.0999994
      vertex -0.250099 0.0401993 -0.0999994
      vertex -0.245099 0.0412998 -0.0999994
    endloop
  endfacet
  facet normal 0.253478 -0.967341 0
    outer loop
      vertex -0.245099 0.0412998 -0.0999994
      vertex -0.237849 0.0431995 0.0999994
      vertex -0.245099 0.0412998 0.0999994
    endloop
  endfacet
  facet normal 0.253478 -0.967341 0
    outer loop
      vertex -0.237849 0.0431995 0.0999994
      vertex -0.245099 0.0412998 -0.0999994
      vertex -0.237849 0.0431995 -0.0999994
    endloop
  endfacet
  facet normal -0.179186 -0.983815 0
    outer loop
      vertex -0.237849 0.0431995 -0.0999994
      vertex -0.23675 0.0429993 0.0999994
      vertex -0.237849 0.0431995 0.0999994
    endloop
  endfacet
  facet normal -0.179186 -0.983815 -0
    outer loop
      vertex -0.23675 0.0429993 0.0999994
      vertex -0.237849 0.0431995 -0.0999994
      vertex -0.23675 0.0429993 -0.0999994
    endloop
  endfacet
  facet normal -0.137454 -0.990508 0
    outer loop
      vertex -0.23675 0.0429993 -0.0999994
      vertex -0.234949 0.0427494 0.0999994
      vertex -0.23675 0.0429993 0.0999994
    endloop
  endfacet
  facet normal -0.137454 -0.990508 -0
    outer loop
      vertex -0.234949 0.0427494 0.0999994
      vertex -0.23675 0.0429993 -0.0999994
      vertex -0.234949 0.0427494 -0.0999994
    endloop
  endfacet
  facet normal -0.133904 -0.990994 0
    outer loop
      vertex -0.234949 0.0427494 -0.0999994
      vertex -0.2331 0.0424995 0.0999994
      vertex -0.234949 0.0427494 0.0999994
    endloop
  endfacet
  facet normal -0.133904 -0.990994 -0
    outer loop
      vertex -0.2331 0.0424995 0.0999994
      vertex -0.234949 0.0427494 -0.0999994
      vertex -0.2331 0.0424995 -0.0999994
    endloop
  endfacet
  facet normal -0.143724 -0.989618 0
    outer loop
      vertex -0.2331 0.0424995 -0.0999994
      vertex -0.227249 0.0416498 0.0999994
      vertex -0.2331 0.0424995 0.0999994
    endloop
  endfacet
  facet normal -0.143724 -0.989618 -0
    outer loop
      vertex -0.227249 0.0416498 0.0999994
      vertex -0.2331 0.0424995 -0.0999994
      vertex -0.227249 0.0416498 -0.0999994
    endloop
  endfacet
  facet normal -0.14852 -0.988909 0
    outer loop
      vertex -0.227249 0.0416498 -0.0999994
      vertex -0.2126 0.0394497 0.0999994
      vertex -0.227249 0.0416498 0.0999994
    endloop
  endfacet
  facet normal -0.14852 -0.988909 -0
    outer loop
      vertex -0.2126 0.0394497 0.0999994
      vertex -0.227249 0.0416498 -0.0999994
      vertex -0.2126 0.0394497 -0.0999994
    endloop
  endfacet
  facet normal -0.722183 -0.691702 0
    outer loop
      vertex -0.210349 0.0370998 -0.0999994
      vertex -0.2126 0.0394497 0.0999994
      vertex -0.2126 0.0394497 -0.0999994
    endloop
  endfacet
  facet normal -0.722183 -0.691702 0
    outer loop
      vertex -0.2126 0.0394497 0.0999994
      vertex -0.210349 0.0370998 -0.0999994
      vertex -0.210349 0.0370998 0.0999994
    endloop
  endfacet
  facet normal -0.88839 -0.459089 0
    outer loop
      vertex -0.209599 0.0356493 -0.0999994
      vertex -0.210349 0.0370998 0.0999994
      vertex -0.210349 0.0370998 -0.0999994
    endloop
  endfacet
  facet normal -0.88839 -0.459089 0
    outer loop
      vertex -0.210349 0.0370998 0.0999994
      vertex -0.209599 0.0356493 -0.0999994
      vertex -0.209599 0.0356493 0.0999994
    endloop
  endfacet
  facet normal -0.854982 -0.518657 0
    outer loop
      vertex -0.207749 0.0325994 -0.0999994
      vertex -0.209599 0.0356493 0.0999994
      vertex -0.209599 0.0356493 -0.0999994
    endloop
  endfacet
  facet normal -0.854982 -0.518657 0
    outer loop
      vertex -0.209599 0.0356493 0.0999994
      vertex -0.207749 0.0325994 -0.0999994
      vertex -0.207749 0.0325994 0.0999994
    endloop
  endfacet
  facet normal -0.968433 -0.249275 0
    outer loop
      vertex -0.20255 0.0123997 -0.0999994
      vertex -0.207749 0.0325994 0.0999994
      vertex -0.207749 0.0325994 -0.0999994
    endloop
  endfacet
  facet normal -0.968433 -0.249275 0
    outer loop
      vertex -0.207749 0.0325994 0.0999994
      vertex -0.20255 0.0123997 -0.0999994
      vertex -0.20255 0.0123997 0.0999994
    endloop
  endfacet
  facet normal -0.705886 -0.708326 0
    outer loop
      vertex -0.20255 0.0123997 -0.0999994
      vertex -0.187599 -0.00249958 0.0999994
      vertex -0.20255 0.0123997 0.0999994
    endloop
  endfacet
  facet normal -0.705886 -0.708326 -0
    outer loop
      vertex -0.187599 -0.00249958 0.0999994
      vertex -0.20255 0.0123997 -0.0999994
      vertex -0.187599 -0.00249958 -0.0999994
    endloop
  endfacet
  facet normal -0.557795 -0.829979 0
    outer loop
      vertex -0.187599 -0.00249958 -0.0999994
      vertex -0.18135 -0.00669956 0.0999994
      vertex -0.187599 -0.00249958 0.0999994
    endloop
  endfacet
  facet normal -0.557795 -0.829979 -0
    outer loop
      vertex -0.18135 -0.00669956 0.0999994
      vertex -0.187599 -0.00249958 -0.0999994
      vertex -0.18135 -0.00669956 -0.0999994
    endloop
  endfacet
  facet normal -0.658293 -0.752762 0
    outer loop
      vertex -0.18135 -0.00669956 -0.0999994
      vertex -0.180149 -0.00774956 0.0999994
      vertex -0.18135 -0.00669956 0.0999994
    endloop
  endfacet
  facet normal -0.658293 -0.752762 -0
    outer loop
      vertex -0.180149 -0.00774956 0.0999994
      vertex -0.18135 -0.00669956 -0.0999994
      vertex -0.180149 -0.00774956 -0.0999994
    endloop
  endfacet
  facet normal 0 -1 0
    outer loop
      vertex -0.180149 -0.00774956 -0.0999994
      vertex -0.179799 -0.00774956 0.0999994
      vertex -0.180149 -0.00774956 0.0999994
    endloop
  endfacet
  facet normal 0 -1 -0
    outer loop
      vertex -0.179799 -0.00774956 0.0999994
      vertex -0.180149 -0.00774956 -0.0999994
      vertex -0.179799 -0.00774956 -0.0999994
    endloop
  endfacet
  facet normal -0.680681 -0.73258 0
    outer loop
      vertex -0.179799 -0.00774956 -0.0999994
      vertex -0.179099 -0.00839996 0.0999994
      vertex -0.179799 -0.00774956 0.0999994
    endloop
  endfacet
  facet normal -0.680681 -0.73258 -0
    outer loop
      vertex -0.179099 -0.00839996 0.0999994
      vertex -0.179799 -0.00774956 -0.0999994
      vertex -0.179099 -0.00839996 -0.0999994
    endloop
  endfacet
  facet normal -0.543474 -0.839426 0
    outer loop
      vertex -0.179099 -0.00839996 -0.0999994
      vertex -0.172999 -0.0123491 0.0999994
      vertex -0.179099 -0.00839996 0.0999994
    endloop
  endfacet
  facet normal -0.543474 -0.839426 -0
    outer loop
      vertex -0.172999 -0.0123491 0.0999994
      vertex -0.179099 -0.00839996 -0.0999994
      vertex -0.172999 -0.0123491 -0.0999994
    endloop
  endfacet
  facet normal -1 0 0
    outer loop
      vertex -0.172999 -0.0129499 -0.0999994
      vertex -0.172999 -0.0123491 0.0999994
      vertex -0.172999 -0.0123491 -0.0999994
    endloop
  endfacet
  facet normal -1 -0 0
    outer loop
      vertex -0.172999 -0.0123491 0.0999994
      vertex -0.172999 -0.0129499 -0.0999994
      vertex -0.172999 -0.0129499 0.0999994
    endloop
  endfacet
  facet normal -0.376798 0.926295 0
    outer loop
      vertex -0.172999 -0.0129499 -0.0999994
      vertex -0.17435 -0.0134993 0.0999994
      vertex -0.172999 -0.0129499 0.0999994
    endloop
  endfacet
  facet normal -0.376798 0.926295 0
    outer loop
      vertex -0.17435 -0.0134993 0.0999994
      vertex -0.172999 -0.0129499 -0.0999994
      vertex -0.17435 -0.0134993 -0.0999994
    endloop
  endfacet
  facet normal -0.514535 0.85747 0
    outer loop
      vertex -0.17435 -0.0134993 -0.0999994
      vertex -0.183599 -0.0190496 0.0999994
      vertex -0.17435 -0.0134993 0.0999994
    endloop
  endfacet
  facet normal -0.514535 0.85747 0
    outer loop
      vertex -0.183599 -0.0190496 0.0999994
      vertex -0.17435 -0.0134993 -0.0999994
      vertex -0.183599 -0.0190496 -0.0999994
    endloop
  endfacet
  facet normal -0.470617 0.882337 0
    outer loop
      vertex -0.183599 -0.0190496 -0.0999994
      vertex -0.1851 -0.0198498 0.0999994
      vertex -0.183599 -0.0190496 0.0999994
    endloop
  endfacet
  facet normal -0.470617 0.882337 0
    outer loop
      vertex -0.1851 -0.0198498 0.0999994
      vertex -0.183599 -0.0190496 -0.0999994
      vertex -0.1851 -0.0198498 -0.0999994
    endloop
  endfacet
  facet normal -0.59596 0.803014 0
    outer loop
      vertex -0.1851 -0.0198498 -0.0999994
      vertex -0.186649 -0.0209999 0.0999994
      vertex -0.1851 -0.0198498 0.0999994
    endloop
  endfacet
  facet normal -0.59596 0.803014 0
    outer loop
      vertex -0.186649 -0.0209999 0.0999994
      vertex -0.1851 -0.0198498 -0.0999994
      vertex -0.186649 -0.0209999 -0.0999994
    endloop
  endfacet
  facet normal 0 1 -0
    outer loop
      vertex -0.186649 -0.0209999 -0.0999994
      vertex -0.187149 -0.0209999 0.0999994
      vertex -0.186649 -0.0209999 0.0999994
    endloop
  endfacet
  facet normal 0 1 0
    outer loop
      vertex -0.187149 -0.0209999 0.0999994
      vertex -0.186649 -0.0209999 -0.0999994
      vertex -0.187149 -0.0209999 -0.0999994
    endloop
  endfacet
  facet normal -0.707087 0.707127 0
    outer loop
      vertex -0.187149 -0.0209999 -0.0999994
      vertex -0.203799 -0.0376492 0.0999994
      vertex -0.187149 -0.0209999 0.0999994
    endloop
  endfacet
  facet normal -0.707087 0.707127 0
    outer loop
      vertex -0.203799 -0.0376492 0.0999994
      vertex -0.187149 -0.0209999 -0.0999994
      vertex -0.203799 -0.0376492 -0.0999994
    endloop
  endfacet
  facet normal -0.974126 0.226006 0
    outer loop
      vertex -0.20605 -0.0473499 -0.0999994
      vertex -0.203799 -0.0376492 0.0999994
      vertex -0.203799 -0.0376492 -0.0999994
    endloop
  endfacet
  facet normal -0.974126 0.226006 0
    outer loop
      vertex -0.203799 -0.0376492 0.0999994
      vertex -0.20605 -0.0473499 -0.0999994
      vertex -0.20605 -0.0473499 0.0999994
    endloop
  endfacet
  facet normal -0.976789 0.214206 0
    outer loop
      vertex -0.207749 -0.0550995 -0.0999994
      vertex -0.20605 -0.0473499 0.0999994
      vertex -0.20605 -0.0473499 -0.0999994
    endloop
  endfacet
  facet normal -0.976789 0.214206 0
    outer loop
      vertex -0.20605 -0.0473499 0.0999994
      vertex -0.207749 -0.0550995 -0.0999994
      vertex -0.207749 -0.0550995 0.0999994
    endloop
  endfacet
  facet normal -0.974357 0.225006 0
    outer loop
      vertex -0.2085 -0.0583496 -0.0999994
      vertex -0.207749 -0.0550995 0.0999994
      vertex -0.207749 -0.0550995 -0.0999994
    endloop
  endfacet
  facet normal -0.974357 0.225006 0
    outer loop
      vertex -0.207749 -0.0550995 0.0999994
      vertex -0.2085 -0.0583496 -0.0999994
      vertex -0.2085 -0.0583496 0.0999994
    endloop
  endfacet
  facet normal -0.898712 0.43854 0
    outer loop
      vertex -0.210549 -0.0625496 -0.0999994
      vertex -0.2085 -0.0583496 0.0999994
      vertex -0.2085 -0.0583496 -0.0999994
    endloop
  endfacet
  facet normal -0.898712 0.43854 0
    outer loop
      vertex -0.2085 -0.0583496 0.0999994
      vertex -0.210549 -0.0625496 -0.0999994
      vertex -0.210549 -0.0625496 0.0999994
    endloop
  endfacet
  facet normal -0.749887 0.661566 0
    outer loop
      vertex -0.212049 -0.06425 -0.0999994
      vertex -0.210549 -0.0625496 0.0999994
      vertex -0.210549 -0.0625496 -0.0999994
    endloop
  endfacet
  facet normal -0.749887 0.661566 0
    outer loop
      vertex -0.210549 -0.0625496 0.0999994
      vertex -0.212049 -0.06425 -0.0999994
      vertex -0.212049 -0.06425 0.0999994
    endloop
  endfacet
  facet normal -0.485328 0.874332 0
    outer loop
      vertex -0.212049 -0.06425 -0.0999994
      vertex -0.21295 -0.0647497 0.0999994
      vertex -0.212049 -0.06425 0.0999994
    endloop
  endfacet
  facet normal -0.485328 0.874332 0
    outer loop
      vertex -0.21295 -0.0647497 0.0999994
      vertex -0.212049 -0.06425 -0.0999994
      vertex -0.21295 -0.0647497 -0.0999994
    endloop
  endfacet
  facet normal -0.14291 0.989736 0
    outer loop
      vertex -0.21295 -0.0647497 -0.0999994
      vertex -0.2268 -0.0667496 0.0999994
      vertex -0.21295 -0.0647497 0.0999994
    endloop
  endfacet
  facet normal -0.14291 0.989736 0
    outer loop
      vertex -0.2268 -0.0667496 0.0999994
      vertex -0.21295 -0.0647497 -0.0999994
      vertex -0.2268 -0.0667496 -0.0999994
    endloop
  endfacet
  facet normal -0.140141 0.990131 0
    outer loop
      vertex -0.2268 -0.0667496 -0.0999994
      vertex -0.237749 -0.0682993 0.0999994
      vertex -0.2268 -0.0667496 0.0999994
    endloop
  endfacet
  facet normal -0.140141 0.990131 0
    outer loop
      vertex -0.237749 -0.0682993 0.0999994
      vertex -0.2268 -0.0667496 -0.0999994
      vertex -0.237749 -0.0682993 -0.0999994
    endloop
  endfacet
  facet normal 0.315374 0.948968 -0
    outer loop
      vertex -0.237749 -0.0682993 -0.0999994
      vertex -0.2546 -0.0626993 0.0999994
      vertex -0.237749 -0.0682993 0.0999994
    endloop
  endfacet
  facet normal 0.315374 0.948968 0
    outer loop
      vertex -0.2546 -0.0626993 0.0999994
      vertex -0.237749 -0.0682993 -0.0999994
      vertex -0.2546 -0.0626993 -0.0999994
    endloop
  endfacet
  facet normal 0.929049 0.369957 0
    outer loop
      vertex 0.0120497 -0.379999 0.0999994
      vertex 0.00979996 -0.37435 -0.0999994
      vertex 0.00979996 -0.37435 0.0999994
    endloop
  endfacet
  facet normal 0.929049 0.369957 0
    outer loop
      vertex 0.00979996 -0.37435 -0.0999994
      vertex 0.0120497 -0.379999 0.0999994
      vertex 0.0120497 -0.379999 -0.0999994
    endloop
  endfacet
  facet normal 0.922762 0.385371 0
    outer loop
      vertex 0.00979996 -0.37435 0.0999994
      vertex 0.00599957 -0.36525 -0.0999994
      vertex 0.00599957 -0.36525 0.0999994
    endloop
  endfacet
  facet normal 0.922762 0.385371 0
    outer loop
      vertex 0.00599957 -0.36525 -0.0999994
      vertex 0.00979996 -0.37435 0.0999994
      vertex 0.00979996 -0.37435 -0.0999994
    endloop
  endfacet
  facet normal 0.929846 0.367949 0
    outer loop
      vertex 0.00599957 -0.36525 0.0999994
      vertex 0.00504971 -0.362849 -0.0999994
      vertex 0.00504971 -0.362849 0.0999994
    endloop
  endfacet
  facet normal 0.929846 0.367949 0
    outer loop
      vertex 0.00504971 -0.362849 -0.0999994
      vertex 0.00599957 -0.36525 0.0999994
      vertex 0.00599957 -0.36525 -0.0999994
    endloop
  endfacet
  facet normal 0.748545 0.663084 0
    outer loop
      vertex 0.00504971 -0.362849 0.0999994
      vertex 0.00194931 -0.359349 -0.0999994
      vertex 0.00194931 -0.359349 0.0999994
    endloop
  endfacet
  facet normal 0.748545 0.663084 0
    outer loop
      vertex 0.00194931 -0.359349 -0.0999994
      vertex 0.00504971 -0.362849 0.0999994
      vertex 0.00504971 -0.362849 -0.0999994
    endloop
  endfacet
  facet normal 0.729368 0.684122 0
    outer loop
      vertex 0.00194931 -0.359349 0.0999994
      vertex -0.00789928 -0.348849 -0.0999994
      vertex -0.00789928 -0.348849 0.0999994
    endloop
  endfacet
  facet normal 0.729368 0.684122 0
    outer loop
      vertex -0.00789928 -0.348849 -0.0999994
      vertex 0.00194931 -0.359349 0.0999994
      vertex 0.00194931 -0.359349 -0.0999994
    endloop
  endfacet
  facet normal 0.739923 0.672692 0
    outer loop
      vertex -0.00789928 -0.348849 0.0999994
      vertex -0.0128994 -0.343349 -0.0999994
      vertex -0.0128994 -0.343349 0.0999994
    endloop
  endfacet
  facet normal 0.739923 0.672692 0
    outer loop
      vertex -0.0128994 -0.343349 -0.0999994
      vertex -0.00789928 -0.348849 0.0999994
      vertex -0.00789928 -0.348849 -0.0999994
    endloop
  endfacet
  facet normal 0.847098 0.531437 0
    outer loop
      vertex -0.0128994 -0.343349 0.0999994
      vertex -0.0163498 -0.33785 -0.0999994
      vertex -0.0163498 -0.33785 0.0999994
    endloop
  endfacet
  facet normal 0.847098 0.531437 0
    outer loop
      vertex -0.0163498 -0.33785 -0.0999994
      vertex -0.0128994 -0.343349 0.0999994
      vertex -0.0128994 -0.343349 -0.0999994
    endloop
  endfacet
  facet normal 0.76502 0.644006 0
    outer loop
      vertex -0.0163498 -0.33785 0.0999994
      vertex -0.0328493 -0.31825 -0.0999994
      vertex -0.0328493 -0.31825 0.0999994
    endloop
  endfacet
  facet normal 0.76502 0.644006 0
    outer loop
      vertex -0.0328493 -0.31825 -0.0999994
      vertex -0.0163498 -0.33785 0.0999994
      vertex -0.0163498 -0.33785 -0.0999994
    endloop
  endfacet
  facet normal 0.768891 0.639379 0
    outer loop
      vertex -0.0328493 -0.31825 0.0999994
      vertex -0.0367994 -0.313499 -0.0999994
      vertex -0.0367994 -0.313499 0.0999994
    endloop
  endfacet
  facet normal 0.768891 0.639379 0
    outer loop
      vertex -0.0367994 -0.313499 -0.0999994
      vertex -0.0328493 -0.31825 0.0999994
      vertex -0.0328493 -0.31825 -0.0999994
    endloop
  endfacet
  facet normal 0.734597 0.678504 0
    outer loop
      vertex -0.0367994 -0.313499 0.0999994
      vertex -0.0373993 -0.31285 -0.0999994
      vertex -0.0373993 -0.31285 0.0999994
    endloop
  endfacet
  facet normal 0.734597 0.678504 0
    outer loop
      vertex -0.0373993 -0.31285 -0.0999994
      vertex -0.0367994 -0.313499 0.0999994
      vertex -0.0367994 -0.313499 -0.0999994
    endloop
  endfacet
  facet normal 0.957877 0.28718 0
    outer loop
      vertex -0.0373993 -0.31285 0.0999994
      vertex -0.0379992 -0.310849 -0.0999994
      vertex -0.0379992 -0.310849 0.0999994
    endloop
  endfacet
  facet normal 0.957877 0.28718 0
    outer loop
      vertex -0.0379992 -0.310849 -0.0999994
      vertex -0.0373993 -0.31285 0.0999994
      vertex -0.0373993 -0.31285 -0.0999994
    endloop
  endfacet
  facet normal 0.975243 0.221136 0
    outer loop
      vertex -0.0379992 -0.310849 0.0999994
      vertex -0.0427494 -0.2899 -0.0999994
      vertex -0.0427494 -0.2899 0.0999994
    endloop
  endfacet
  facet normal 0.975243 0.221136 0
    outer loop
      vertex -0.0427494 -0.2899 -0.0999994
      vertex -0.0379992 -0.310849 0.0999994
      vertex -0.0379992 -0.310849 -0.0999994
    endloop
  endfacet
  facet normal 0.970118 0.242635 0
    outer loop
      vertex -0.0427494 -0.2899 0.0999994
      vertex -0.0432997 -0.2877 -0.0999994
      vertex -0.0432997 -0.2877 0.0999994
    endloop
  endfacet
  facet normal 0.970118 0.242635 0
    outer loop
      vertex -0.0432997 -0.2877 -0.0999994
      vertex -0.0427494 -0.2899 0.0999994
      vertex -0.0427494 -0.2899 -0.0999994
    endloop
  endfacet
  facet normal 0.976466 -0.215671 0
    outer loop
      vertex -0.0432997 -0.2877 0.0999994
      vertex -0.0387497 -0.267099 -0.0999994
      vertex -0.0387497 -0.267099 0.0999994
    endloop
  endfacet
  facet normal 0.976466 -0.215671 0
    outer loop
      vertex -0.0387497 -0.267099 -0.0999994
      vertex -0.0432997 -0.2877 0.0999994
      vertex -0.0432997 -0.2877 -0.0999994
    endloop
  endfacet
  facet normal 0.982732 -0.185034 0
    outer loop
      vertex -0.0387497 -0.267099 0.0999994
      vertex -0.0379496 -0.26285 -0.0999994
      vertex -0.0379496 -0.26285 0.0999994
    endloop
  endfacet
  facet normal 0.982732 -0.185034 0
    outer loop
      vertex -0.0379496 -0.26285 -0.0999994
      vertex -0.0387497 -0.267099 0.0999994
      vertex -0.0387497 -0.267099 -0.0999994
    endloop
  endfacet
  facet normal 0.743646 -0.668573 0
    outer loop
      vertex -0.0379496 -0.26285 0.0999994
      vertex -0.0374994 -0.262349 -0.0999994
      vertex -0.0374994 -0.262349 0.0999994
    endloop
  endfacet
  facet normal 0.743646 -0.668573 0
    outer loop
      vertex -0.0374994 -0.262349 -0.0999994
      vertex -0.0379496 -0.26285 0.0999994
      vertex -0.0379496 -0.26285 -0.0999994
    endloop
  endfacet
  facet normal 0.290212 -0.956962 0
    outer loop
      vertex -0.0374994 -0.262349 -0.0999994
      vertex -0.0130997 -0.25495 0.0999994
      vertex -0.0374994 -0.262349 0.0999994
    endloop
  endfacet
  facet normal 0.290212 -0.956962 0
    outer loop
      vertex -0.0130997 -0.25495 0.0999994
      vertex -0.0374994 -0.262349 -0.0999994
      vertex -0.0130997 -0.25495 -0.0999994
    endloop
  endfacet
  facet normal 0.503956 -0.863729 0
    outer loop
      vertex -0.0130997 -0.25495 -0.0999994
      vertex -0.0124998 -0.2546 0.0999994
      vertex -0.0130997 -0.25495 0.0999994
    endloop
  endfacet
  facet normal 0.503956 -0.863729 0
    outer loop
      vertex -0.0124998 -0.2546 0.0999994
      vertex -0.0130997 -0.25495 -0.0999994
      vertex -0.0124998 -0.2546 -0.0999994
    endloop
  endfacet
  facet normal 0.706091 -0.708121 0
    outer loop
      vertex -0.0124998 -0.2546 -0.0999994
      vertex 0.00479984 -0.23735 0.0999994
      vertex -0.0124998 -0.2546 0.0999994
    endloop
  endfacet
  facet normal 0.706091 -0.708121 0
    outer loop
      vertex 0.00479984 -0.23735 0.0999994
      vertex -0.0124998 -0.2546 -0.0999994
      vertex 0.00479984 -0.23735 -0.0999994
    endloop
  endfacet
  facet normal 0.877896 -0.478852 0
    outer loop
      vertex 0.00479984 -0.23735 0.0999994
      vertex 0.00689983 -0.2335 -0.0999994
      vertex 0.00689983 -0.2335 0.0999994
    endloop
  endfacet
  facet normal 0.877896 -0.478852 0
    outer loop
      vertex 0.00689983 -0.2335 -0.0999994
      vertex 0.00479984 -0.23735 0.0999994
      vertex 0.00479984 -0.23735 -0.0999994
    endloop
  endfacet
  facet normal 0.873256 -0.487261 0
    outer loop
      vertex 0.00689983 -0.2335 0.0999994
      vertex 0.0107498 -0.2266 -0.0999994
      vertex 0.0107498 -0.2266 0.0999994
    endloop
  endfacet
  facet normal 0.873256 -0.487261 0
    outer loop
      vertex 0.0107498 -0.2266 -0.0999994
      vertex 0.00689983 -0.2335 0.0999994
      vertex 0.00689983 -0.2335 -0.0999994
    endloop
  endfacet
  facet normal 0.887552 -0.460707 0
    outer loop
      vertex 0.0107498 -0.2266 0.0999994
      vertex 0.0120993 -0.224 -0.0999994
      vertex 0.0120993 -0.224 0.0999994
    endloop
  endfacet
  facet normal 0.887552 -0.460707 0
    outer loop
      vertex 0.0120993 -0.224 -0.0999994
      vertex 0.0107498 -0.2266 0.0999994
      vertex 0.0107498 -0.2266 -0.0999994
    endloop
  endfacet
  facet normal 0 -1 0
    outer loop
      vertex 0.0120993 -0.224 -0.0999994
      vertex 0.0126495 -0.224 0.0999994
      vertex 0.0120993 -0.224 0.0999994
    endloop
  endfacet
  facet normal 0 -1 -0
    outer loop
      vertex 0.0126495 -0.224 0.0999994
      vertex 0.0120993 -0.224 -0.0999994
      vertex 0.0126495 -0.224 -0.0999994
    endloop
  endfacet
  facet normal -0.88045 -0.474138 0
    outer loop
      vertex 0.0133495 -0.2253 -0.0999994
      vertex 0.0126495 -0.224 0.0999994
      vertex 0.0126495 -0.224 -0.0999994
    endloop
  endfacet
  facet normal -0.88045 -0.474138 0
    outer loop
      vertex 0.0126495 -0.224 0.0999994
      vertex 0.0133495 -0.2253 -0.0999994
      vertex 0.0133495 -0.2253 0.0999994
    endloop
  endfacet
  facet normal -0.894296 -0.447476 0
    outer loop
      vertex 0.0139999 -0.2266 -0.0999994
      vertex 0.0133495 -0.2253 0.0999994
      vertex 0.0133495 -0.2253 -0.0999994
    endloop
  endfacet
  facet normal -0.894296 -0.447476 0
    outer loop
      vertex 0.0133495 -0.2253 0.0999994
      vertex 0.0139999 -0.2266 -0.0999994
      vertex 0.0139999 -0.2266 0.0999994
    endloop
  endfacet
  facet normal -0.871587 -0.490242 0
    outer loop
      vertex 0.0184994 -0.234599 -0.0999994
      vertex 0.0139999 -0.2266 0.0999994
      vertex 0.0139999 -0.2266 -0.0999994
    endloop
  endfacet
  facet normal -0.871587 -0.490242 0
    outer loop
      vertex 0.0139999 -0.2266 0.0999994
      vertex 0.0184994 -0.234599 -0.0999994
      vertex 0.0184994 -0.234599 0.0999994
    endloop
  endfacet
  facet normal -0.884525 -0.466492 0
    outer loop
      vertex 0.0199499 -0.23735 -0.0999994
      vertex 0.0184994 -0.234599 0.0999994
      vertex 0.0184994 -0.234599 -0.0999994
    endloop
  endfacet
  facet normal -0.884525 -0.466492 0
    outer loop
      vertex 0.0184994 -0.234599 0.0999994
      vertex 0.0199499 -0.23735 -0.0999994
      vertex 0.0199499 -0.23735 0.0999994
    endloop
  endfacet
  facet normal -0.706091 -0.708121 0
    outer loop
      vertex 0.0199499 -0.23735 -0.0999994
      vertex 0.0372496 -0.2546 0.0999994
      vertex 0.0199499 -0.23735 0.0999994
    endloop
  endfacet
  facet normal -0.706091 -0.708121 -0
    outer loop
      vertex 0.0372496 -0.2546 0.0999994
      vertex 0.0199499 -0.23735 -0.0999994
      vertex 0.0372496 -0.2546 -0.0999994
    endloop
  endfacet
  facet normal -0.473869 -0.880595 0
    outer loop
      vertex 0.0372496 -0.2546 -0.0999994
      vertex 0.0379 -0.25495 0.0999994
      vertex 0.0372496 -0.2546 0.0999994
    endloop
  endfacet
  facet normal -0.473869 -0.880595 -0
    outer loop
      vertex 0.0379 -0.25495 0.0999994
      vertex 0.0372496 -0.2546 -0.0999994
      vertex 0.0379 -0.25495 -0.0999994
    endloop
  endfacet
  facet normal -0.290763 -0.956795 0
    outer loop
      vertex 0.0379 -0.25495 -0.0999994
      vertex 0.0622492 -0.262349 0.0999994
      vertex 0.0379 -0.25495 0.0999994
    endloop
  endfacet
  facet normal -0.290763 -0.956795 -0
    outer loop
      vertex 0.0622492 -0.262349 0.0999994
      vertex 0.0379 -0.25495 -0.0999994
      vertex 0.0622492 -0.262349 -0.0999994
    endloop
  endfacet
  facet normal -0.743646 -0.668573 0
    outer loop
      vertex 0.0626993 -0.26285 -0.0999994
      vertex 0.0622492 -0.262349 0.0999994
      vertex 0.0622492 -0.262349 -0.0999994
    endloop
  endfacet
  facet normal -0.743646 -0.668573 0
    outer loop
      vertex 0.0622492 -0.262349 0.0999994
      vertex 0.0626993 -0.26285 -0.0999994
      vertex 0.0626993 -0.26285 0.0999994
    endloop
  endfacet
  facet normal -0.982732 -0.185034 0
    outer loop
      vertex 0.0634995 -0.267099 -0.0999994
      vertex 0.0626993 -0.26285 0.0999994
      vertex 0.0626993 -0.26285 -0.0999994
    endloop
  endfacet
  facet normal -0.982732 -0.185034 0
    outer loop
      vertex 0.0626993 -0.26285 0.0999994
      vertex 0.0634995 -0.267099 -0.0999994
      vertex 0.0634995 -0.267099 0.0999994
    endloop
  endfacet
  facet normal -0.976466 -0.215671 0
    outer loop
      vertex 0.0680494 -0.2877 -0.0999994
      vertex 0.0634995 -0.267099 0.0999994
      vertex 0.0634995 -0.267099 -0.0999994
    endloop
  endfacet
  facet normal -0.976466 -0.215671 0
    outer loop
      vertex 0.0634995 -0.267099 0.0999994
      vertex 0.0680494 -0.2877 -0.0999994
      vertex 0.0680494 -0.2877 0.0999994
    endloop
  endfacet
  facet normal -0.970167 0.242437 0
    outer loop
      vertex 0.0669498 -0.2921 -0.0999994
      vertex 0.0680494 -0.2877 0.0999994
      vertex 0.0680494 -0.2877 -0.0999994
    endloop
  endfacet
  facet normal -0.970167 0.242437 0
    outer loop
      vertex 0.0680494 -0.2877 0.0999994
      vertex 0.0669498 -0.2921 -0.0999994
      vertex 0.0669498 -0.2921 0.0999994
    endloop
  endfacet
  facet normal -0.975817 0.218591 0
    outer loop
      vertex 0.0627499 -0.310849 -0.0999994
      vertex 0.0669498 -0.2921 0.0999994
      vertex 0.0669498 -0.2921 -0.0999994
    endloop
  endfacet
  facet normal -0.975817 0.218591 0
    outer loop
      vertex 0.0669498 -0.2921 0.0999994
      vertex 0.0627499 -0.310849 -0.0999994
      vertex 0.0627499 -0.310849 0.0999994
    endloop
  endfacet
  facet normal -0.957751 0.287599 0
    outer loop
      vertex 0.062149 -0.31285 -0.0999994
      vertex 0.0627499 -0.310849 0.0999994
      vertex 0.0627499 -0.310849 -0.0999994
    endloop
  endfacet
  facet normal -0.957751 0.287599 0
    outer loop
      vertex 0.0627499 -0.310849 0.0999994
      vertex 0.062149 -0.31285 -0.0999994
      vertex 0.062149 -0.31285 0.0999994
    endloop
  endfacet
  facet normal -0.735987 0.676996 0
    outer loop
      vertex 0.0609999 -0.314099 -0.0999994
      vertex 0.062149 -0.31285 0.0999994
      vertex 0.062149 -0.31285 -0.0999994
    endloop
  endfacet
  facet normal -0.735987 0.676996 0
    outer loop
      vertex 0.062149 -0.31285 0.0999994
      vertex 0.0609999 -0.314099 -0.0999994
      vertex 0.0609999 -0.314099 0.0999994
    endloop
  endfacet
  facet normal -0.768221 0.640184 0
    outer loop
      vertex 0.0522499 -0.324599 -0.0999994
      vertex 0.0609999 -0.314099 0.0999994
      vertex 0.0609999 -0.314099 -0.0999994
    endloop
  endfacet
  facet normal -0.768221 0.640184 0
    outer loop
      vertex 0.0609999 -0.314099 0.0999994
      vertex 0.0522499 -0.324599 -0.0999994
      vertex 0.0522499 -0.324599 0.0999994
    endloop
  endfacet
  facet normal -0.765134 0.643871 0
    outer loop
      vertex 0.0410995 -0.33785 -0.0999994
      vertex 0.0522499 -0.324599 0.0999994
      vertex 0.0522499 -0.324599 -0.0999994
    endloop
  endfacet
  facet normal -0.765134 0.643871 0
    outer loop
      vertex 0.0522499 -0.324599 0.0999994
      vertex 0.0410995 -0.33785 -0.0999994
      vertex 0.0410995 -0.33785 0.0999994
    endloop
  endfacet
  facet normal -0.847098 0.531437 0
    outer loop
      vertex 0.0376492 -0.343349 -0.0999994
      vertex 0.0410995 -0.33785 0.0999994
      vertex 0.0410995 -0.33785 -0.0999994
    endloop
  endfacet
  facet normal -0.847098 0.531437 0
    outer loop
      vertex 0.0410995 -0.33785 0.0999994
      vertex 0.0376492 -0.343349 -0.0999994
      vertex 0.0376492 -0.343349 0.0999994
    endloop
  endfacet
  facet normal -0.736937 0.675962 0
    outer loop
      vertex 0.0309992 -0.350599 -0.0999994
      vertex 0.0376492 -0.343349 0.0999994
      vertex 0.0376492 -0.343349 -0.0999994
    endloop
  endfacet
  facet normal -0.736937 0.675962 0
    outer loop
      vertex 0.0376492 -0.343349 0.0999994
      vertex 0.0309992 -0.350599 -0.0999994
      vertex 0.0309992 -0.350599 0.0999994
    endloop
  endfacet
  facet normal -0.729679 0.68379 0
    outer loop
      vertex 0.0227995 -0.359349 -0.0999994
      vertex 0.0309992 -0.350599 0.0999994
      vertex 0.0309992 -0.350599 -0.0999994
    endloop
  endfacet
  facet normal -0.729679 0.68379 0
    outer loop
      vertex 0.0309992 -0.350599 0.0999994
      vertex 0.0227995 -0.359349 -0.0999994
      vertex 0.0227995 -0.359349 0.0999994
    endloop
  endfacet
  facet normal -0.748545 0.663084 0
    outer loop
      vertex 0.0196991 -0.362849 -0.0999994
      vertex 0.0227995 -0.359349 0.0999994
      vertex 0.0227995 -0.359349 -0.0999994
    endloop
  endfacet
  facet normal -0.748545 0.663084 0
    outer loop
      vertex 0.0227995 -0.359349 0.0999994
      vertex 0.0196991 -0.362849 -0.0999994
      vertex 0.0196991 -0.362849 0.0999994
    endloop
  endfacet
  facet normal -0.926913 0.375277 0
    outer loop
      vertex 0.0163994 -0.370999 -0.0999994
      vertex 0.0196991 -0.362849 0.0999994
      vertex 0.0196991 -0.362849 -0.0999994
    endloop
  endfacet
  facet normal -0.926913 0.375277 0
    outer loop
      vertex 0.0196991 -0.362849 0.0999994
      vertex 0.0163994 -0.370999 -0.0999994
      vertex 0.0163994 -0.370999 0.0999994
    endloop
  endfacet
  facet normal -0.917775 0.397101 0
    outer loop
      vertex 0.0149498 -0.37435 -0.0999994
      vertex 0.0163994 -0.370999 0.0999994
      vertex 0.0163994 -0.370999 -0.0999994
    endloop
  endfacet
  facet normal -0.917775 0.397101 0
    outer loop
      vertex 0.0163994 -0.370999 0.0999994
      vertex 0.0149498 -0.37435 -0.0999994
      vertex 0.0149498 -0.37435 0.0999994
    endloop
  endfacet
  facet normal -0.928995 0.370093 0
    outer loop
      vertex 0.0126991 -0.379999 -0.0999994
      vertex 0.0149498 -0.37435 0.0999994
      vertex 0.0149498 -0.37435 -0.0999994
    endloop
  endfacet
  facet normal -0.928995 0.370093 0
    outer loop
      vertex 0.0149498 -0.37435 0.0999994
      vertex 0.0126991 -0.379999 -0.0999994
      vertex 0.0126991 -0.379999 0.0999994
    endloop
  endfacet
  facet normal 0 1 -0
    outer loop
      vertex 0.0126991 -0.379999 -0.0999994
      vertex 0.0120497 -0.379999 0.0999994
      vertex 0.0126991 -0.379999 0.0999994
    endloop
  endfacet
  facet normal 0 1 0
    outer loop
      vertex 0.0120497 -0.379999 0.0999994
      vertex 0.0126991 -0.379999 -0.0999994
      vertex 0.0120497 -0.379999 -0.0999994
    endloop
  endfacet
endsolid OpenSCAD_Model
