ISO-10303-21;
HEADER;
/* Generated by software containing ST-Developer
 * from STEP Tools, Inc. (www.steptools.com) 
 */

FILE_DESCRIPTION(
/* description */ (''),
/* implementation_level */ '2;1');

FILE_NAME(
/* name */ 'keystone_plate_1_gang.step',
/* time_stamp */ '2023-09-12T06:45:33-04:00',
/* author */ (''),
/* organization */ (''),
/* preprocessor_version */ 'ST-DEVELOPER v20',
/* originating_system */ 'Autodesk Translation Framework v12.9.0.99',
/* authorisation */ '');

FILE_SCHEMA (('AUTOMOTIVE_DESIGN { 1 0 10303 214 3 1 1 }'));
ENDSEC;

DATA;
#10=MECHANICAL_DESIGN_GEOMETRIC_PRESENTATION_REPRESENTATION('',(#13),#2146);
#11=SHAPE_REPRESENTATION_RELATIONSHIP('SRR','None',#2152,#12);
#12=ADVANCED_BREP_SHAPE_REPRESENTATION('',(#14),#2145);
#13=STYLED_ITEM('',(#2162),#14);
#14=MANIFOLD_SOLID_BREP('1_gang_keystone_plate',#1271);
#15=CONICAL_SURFACE('',#1380,2.74999999999999,0.694738276196703);
#16=CONICAL_SURFACE('',#1383,2.75,0.694738276196708);
#17=FACE_BOUND('',#448,.T.);
#18=FACE_BOUND('',#449,.T.);
#19=FACE_BOUND('',#450,.T.);
#20=FACE_BOUND('',#461,.T.);
#21=FACE_BOUND('',#462,.T.);
#22=FACE_BOUND('',#463,.T.);
#23=FACE_BOUND('',#482,.T.);
#24=PLANE('',#1337);
#25=PLANE('',#1338);
#26=PLANE('',#1339);
#27=PLANE('',#1340);
#28=PLANE('',#1341);
#29=PLANE('',#1342);
#30=PLANE('',#1347);
#31=PLANE('',#1348);
#32=PLANE('',#1362);
#33=PLANE('',#1363);
#34=PLANE('',#1364);
#35=PLANE('',#1367);
#36=PLANE('',#1368);
#37=PLANE('',#1369);
#38=PLANE('',#1370);
#39=PLANE('',#1371);
#40=PLANE('',#1372);
#41=PLANE('',#1373);
#42=PLANE('',#1374);
#43=PLANE('',#1375);
#44=PLANE('',#1376);
#45=PLANE('',#1377);
#46=PLANE('',#1378);
#47=PLANE('',#1379);
#48=PLANE('',#1386);
#49=PLANE('',#1387);
#50=PLANE('',#1388);
#51=PLANE('',#1389);
#52=PLANE('',#1390);
#53=PLANE('',#1391);
#54=PLANE('',#1392);
#55=PLANE('',#1393);
#56=PLANE('',#1394);
#57=PLANE('',#1395);
#58=PLANE('',#1396);
#59=PLANE('',#1397);
#60=PLANE('',#1398);
#61=PLANE('',#1399);
#62=TOROIDAL_SURFACE('',#1279,3.00000000000001,1.5);
#63=TOROIDAL_SURFACE('',#1288,3.00000000000002,1.5);
#64=TOROIDAL_SURFACE('',#1299,3.,1.5);
#65=TOROIDAL_SURFACE('',#1311,3.00000000000001,1.5);
#66=TOROIDAL_SURFACE('',#1318,3.00000000000001,1.5);
#67=TOROIDAL_SURFACE('',#1324,3.00000000000001,1.5);
#68=TOROIDAL_SURFACE('',#1352,2.99999999999999,1.49999999999999);
#69=TOROIDAL_SURFACE('',#1357,2.99999999999998,1.49999999999999);
#70=ELLIPSE('',#1278,2.12132034355964,1.5);
#71=ELLIPSE('',#1298,2.12132034355965,1.5);
#72=LINE('',#1791,#197);
#73=LINE('',#1793,#198);
#74=LINE('',#1829,#199);
#75=LINE('',#1831,#200);
#76=LINE('',#1843,#201);
#77=LINE('',#1844,#202);
#78=LINE('',#1853,#203);
#79=LINE('',#1854,#204);
#80=LINE('',#1856,#205);
#81=LINE('',#1857,#206);
#82=LINE('',#1868,#207);
#83=LINE('',#1869,#208);
#84=LINE('',#1871,#209);
#85=LINE('',#1872,#210);
#86=LINE('',#1883,#211);
#87=LINE('',#1884,#212);
#88=LINE('',#1895,#213);
#89=LINE('',#1896,#214);
#90=LINE('',#1898,#215);
#91=LINE('',#1899,#216);
#92=LINE('',#1901,#217);
#93=LINE('',#1902,#218);
#94=LINE('',#1904,#219);
#95=LINE('',#1905,#220);
#96=LINE('',#1907,#221);
#97=LINE('',#1908,#222);
#98=LINE('',#1910,#223);
#99=LINE('',#1911,#224);
#100=LINE('',#1913,#225);
#101=LINE('',#1914,#226);
#102=LINE('',#1916,#227);
#103=LINE('',#1917,#228);
#104=LINE('',#1920,#229);
#105=LINE('',#1922,#230);
#106=LINE('',#1924,#231);
#107=LINE('',#1926,#232);
#108=LINE('',#1928,#233);
#109=LINE('',#1929,#234);
#110=LINE('',#1932,#235);
#111=LINE('',#1934,#236);
#112=LINE('',#1936,#237);
#113=LINE('',#1938,#238);
#114=LINE('',#1940,#239);
#115=LINE('',#1941,#240);
#116=LINE('',#1948,#241);
#117=LINE('',#1950,#242);
#118=LINE('',#1952,#243);
#119=LINE('',#1953,#244);
#120=LINE('',#1959,#245);
#121=LINE('',#1963,#246);
#122=LINE('',#1966,#247);
#123=LINE('',#1973,#248);
#124=LINE('',#1976,#249);
#125=LINE('',#1984,#250);
#126=LINE('',#1992,#251);
#127=LINE('',#1995,#252);
#128=LINE('',#1997,#253);
#129=LINE('',#1999,#254);
#130=LINE('',#2000,#255);
#131=LINE('',#2003,#256);
#132=LINE('',#2005,#257);
#133=LINE('',#2006,#258);
#134=LINE('',#2010,#259);
#135=LINE('',#2012,#260);
#136=LINE('',#2014,#261);
#137=LINE('',#2015,#262);
#138=LINE('',#2017,#263);
#139=LINE('',#2019,#264);
#140=LINE('',#2021,#265);
#141=LINE('',#2022,#266);
#142=LINE('',#2029,#267);
#143=LINE('',#2030,#268);
#144=LINE('',#2033,#269);
#145=LINE('',#2034,#270);
#146=LINE('',#2037,#271);
#147=LINE('',#2038,#272);
#148=LINE('',#2040,#273);
#149=LINE('',#2043,#274);
#150=LINE('',#2044,#275);
#151=LINE('',#2047,#276);
#152=LINE('',#2048,#277);
#153=LINE('',#2052,#278);
#154=LINE('',#2054,#279);
#155=LINE('',#2056,#280);
#156=LINE('',#2057,#281);
#157=LINE('',#2059,#282);
#158=LINE('',#2062,#283);
#159=LINE('',#2064,#284);
#160=LINE('',#2065,#285);
#161=LINE('',#2067,#286);
#162=LINE('',#2068,#287);
#163=LINE('',#2070,#288);
#164=LINE('',#2071,#289);
#165=LINE('',#2076,#290);
#166=LINE('',#2079,#291);
#167=LINE('',#2082,#292);
#168=LINE('',#2085,#293);
#169=LINE('',#2089,#294);
#170=LINE('',#2091,#295);
#171=LINE('',#2093,#296);
#172=LINE('',#2094,#297);
#173=LINE('',#2097,#298);
#174=LINE('',#2099,#299);
#175=LINE('',#2101,#300);
#176=LINE('',#2102,#301);
#177=LINE('',#2104,#302);
#178=LINE('',#2105,#303);
#179=LINE('',#2107,#304);
#180=LINE('',#2108,#305);
#181=LINE('',#2114,#306);
#182=LINE('',#2115,#307);
#183=LINE('',#2116,#308);
#184=LINE('',#2119,#309);
#185=LINE('',#2121,#310);
#186=LINE('',#2122,#311);
#187=LINE('',#2125,#312);
#188=LINE('',#2126,#313);
#189=LINE('',#2127,#314);
#190=LINE('',#2129,#315);
#191=LINE('',#2132,#316);
#192=LINE('',#2133,#317);
#193=LINE('',#2135,#318);
#194=LINE('',#2138,#319);
#195=LINE('',#2139,#320);
#196=LINE('',#2141,#321);
#197=VECTOR('',#1412,10.);
#198=VECTOR('',#1413,10.);
#199=VECTOR('',#1454,10.);
#200=VECTOR('',#1455,10.);
#201=VECTOR('',#1470,10.);
#202=VECTOR('',#1471,10.);
#203=VECTOR('',#1482,10.);
#204=VECTOR('',#1483,10.);
#205=VECTOR('',#1486,10.);
#206=VECTOR('',#1487,10.);
#207=VECTOR('',#1500,10.);
#208=VECTOR('',#1501,10.);
#209=VECTOR('',#1504,10.);
#210=VECTOR('',#1505,10.);
#211=VECTOR('',#1518,10.);
#212=VECTOR('',#1519,10.);
#213=VECTOR('',#1532,10.);
#214=VECTOR('',#1533,10.);
#215=VECTOR('',#1536,10.);
#216=VECTOR('',#1537,10.);
#217=VECTOR('',#1540,10.);
#218=VECTOR('',#1541,10.);
#219=VECTOR('',#1544,10.);
#220=VECTOR('',#1545,10.);
#221=VECTOR('',#1548,10.);
#222=VECTOR('',#1549,10.);
#223=VECTOR('',#1552,10.);
#224=VECTOR('',#1553,10.);
#225=VECTOR('',#1556,10.);
#226=VECTOR('',#1557,10.);
#227=VECTOR('',#1560,10.);
#228=VECTOR('',#1561,10.);
#229=VECTOR('',#1564,10.);
#230=VECTOR('',#1565,10.);
#231=VECTOR('',#1566,10.);
#232=VECTOR('',#1567,10.);
#233=VECTOR('',#1568,10.);
#234=VECTOR('',#1569,10.);
#235=VECTOR('',#1572,10.);
#236=VECTOR('',#1573,1.);
#237=VECTOR('',#1574,1.);
#238=VECTOR('',#1575,1.);
#239=VECTOR('',#1576,1.);
#240=VECTOR('',#1577,1.);
#241=VECTOR('',#1586,0.1);
#242=VECTOR('',#1587,0.1);
#243=VECTOR('',#1588,0.1);
#244=VECTOR('',#1589,0.1);
#245=VECTOR('',#1594,10.);
#246=VECTOR('',#1597,10.);
#247=VECTOR('',#1600,10.);
#248=VECTOR('',#1609,10.);
#249=VECTOR('',#1612,10.);
#250=VECTOR('',#1623,10.);
#251=VECTOR('',#1634,10.);
#252=VECTOR('',#1637,10.);
#253=VECTOR('',#1638,10.);
#254=VECTOR('',#1639,10.);
#255=VECTOR('',#1640,10.);
#256=VECTOR('',#1643,10.);
#257=VECTOR('',#1644,10.);
#258=VECTOR('',#1645,10.);
#259=VECTOR('',#1648,0.1);
#260=VECTOR('',#1649,1.);
#261=VECTOR('',#1650,0.1);
#262=VECTOR('',#1651,0.1);
#263=VECTOR('',#1652,10.);
#264=VECTOR('',#1653,10.);
#265=VECTOR('',#1654,10.);
#266=VECTOR('',#1655,10.);
#267=VECTOR('',#1662,10.);
#268=VECTOR('',#1663,10.);
#269=VECTOR('',#1666,1.);
#270=VECTOR('',#1667,1.);
#271=VECTOR('',#1670,1.);
#272=VECTOR('',#1671,1.);
#273=VECTOR('',#1674,1.);
#274=VECTOR('',#1677,1.);
#275=VECTOR('',#1678,1.);
#276=VECTOR('',#1681,1.);
#277=VECTOR('',#1682,1.);
#278=VECTOR('',#1685,1.);
#279=VECTOR('',#1686,1.);
#280=VECTOR('',#1687,10.);
#281=VECTOR('',#1688,1.);
#282=VECTOR('',#1691,1.);
#283=VECTOR('',#1694,1.);
#284=VECTOR('',#1695,1.);
#285=VECTOR('',#1696,10.);
#286=VECTOR('',#1699,1.);
#287=VECTOR('',#1700,1.);
#288=VECTOR('',#1703,10.);
#289=VECTOR('',#1704,10.);
#290=VECTOR('',#1711,2.74999999999999);
#291=VECTOR('',#1716,1.99999999999999);
#292=VECTOR('',#1719,2.75);
#293=VECTOR('',#1724,2.);
#294=VECTOR('',#1727,0.1);
#295=VECTOR('',#1728,0.1);
#296=VECTOR('',#1729,0.1);
#297=VECTOR('',#1730,0.1);
#298=VECTOR('',#1731,0.1);
#299=VECTOR('',#1732,1.);
#300=VECTOR('',#1733,0.1);
#301=VECTOR('',#1734,0.1);
#302=VECTOR('',#1737,0.1);
#303=VECTOR('',#1738,0.1);
#304=VECTOR('',#1741,0.1);
#305=VECTOR('',#1742,0.1);
#306=VECTOR('',#1749,1.);
#307=VECTOR('',#1750,0.1);
#308=VECTOR('',#1751,0.1);
#309=VECTOR('',#1754,1.);
#310=VECTOR('',#1755,0.1);
#311=VECTOR('',#1756,0.1);
#312=VECTOR('',#1759,0.1);
#313=VECTOR('',#1760,0.1);
#314=VECTOR('',#1761,1.);
#315=VECTOR('',#1764,10.);
#316=VECTOR('',#1767,0.1);
#317=VECTOR('',#1768,1.);
#318=VECTOR('',#1771,1.);
#319=VECTOR('',#1774,1.);
#320=VECTOR('',#1775,1.);
#321=VECTOR('',#1778,0.1);
#322=CYLINDRICAL_SURFACE('',#1277,1.5);
#323=CYLINDRICAL_SURFACE('',#1297,1.5);
#324=CYLINDRICAL_SURFACE('',#1304,1.5);
#325=CYLINDRICAL_SURFACE('',#1309,1.5);
#326=CYLINDRICAL_SURFACE('',#1310,1.5);
#327=CYLINDRICAL_SURFACE('',#1316,1.5);
#328=CYLINDRICAL_SURFACE('',#1317,1.5);
#329=CYLINDRICAL_SURFACE('',#1323,1.5);
#330=CYLINDRICAL_SURFACE('',#1329,1.5);
#331=CYLINDRICAL_SURFACE('',#1330,1.5);
#332=CYLINDRICAL_SURFACE('',#1331,1.5);
#333=CYLINDRICAL_SURFACE('',#1332,1.5);
#334=CYLINDRICAL_SURFACE('',#1333,1.5);
#335=CYLINDRICAL_SURFACE('',#1334,1.5);
#336=CYLINDRICAL_SURFACE('',#1335,1.5);
#337=CYLINDRICAL_SURFACE('',#1336,1.5);
#338=CYLINDRICAL_SURFACE('',#1349,1.49999999999999);
#339=CYLINDRICAL_SURFACE('',#1355,1.49999999999999);
#340=CYLINDRICAL_SURFACE('',#1360,1.49999999999999);
#341=CYLINDRICAL_SURFACE('',#1382,1.99999999999999);
#342=CYLINDRICAL_SURFACE('',#1385,2.);
#343=FACE_OUTER_BOUND('',#416,.T.);
#344=FACE_OUTER_BOUND('',#417,.T.);
#345=FACE_OUTER_BOUND('',#418,.T.);
#346=FACE_OUTER_BOUND('',#419,.T.);
#347=FACE_OUTER_BOUND('',#420,.T.);
#348=FACE_OUTER_BOUND('',#421,.T.);
#349=FACE_OUTER_BOUND('',#422,.T.);
#350=FACE_OUTER_BOUND('',#423,.T.);
#351=FACE_OUTER_BOUND('',#424,.T.);
#352=FACE_OUTER_BOUND('',#425,.T.);
#353=FACE_OUTER_BOUND('',#426,.T.);
#354=FACE_OUTER_BOUND('',#427,.T.);
#355=FACE_OUTER_BOUND('',#428,.T.);
#356=FACE_OUTER_BOUND('',#429,.T.);
#357=FACE_OUTER_BOUND('',#430,.T.);
#358=FACE_OUTER_BOUND('',#431,.T.);
#359=FACE_OUTER_BOUND('',#432,.T.);
#360=FACE_OUTER_BOUND('',#433,.T.);
#361=FACE_OUTER_BOUND('',#434,.T.);
#362=FACE_OUTER_BOUND('',#435,.T.);
#363=FACE_OUTER_BOUND('',#436,.T.);
#364=FACE_OUTER_BOUND('',#437,.T.);
#365=FACE_OUTER_BOUND('',#438,.T.);
#366=FACE_OUTER_BOUND('',#439,.T.);
#367=FACE_OUTER_BOUND('',#440,.T.);
#368=FACE_OUTER_BOUND('',#441,.T.);
#369=FACE_OUTER_BOUND('',#442,.T.);
#370=FACE_OUTER_BOUND('',#443,.T.);
#371=FACE_OUTER_BOUND('',#444,.T.);
#372=FACE_OUTER_BOUND('',#445,.T.);
#373=FACE_OUTER_BOUND('',#446,.T.);
#374=FACE_OUTER_BOUND('',#447,.T.);
#375=FACE_OUTER_BOUND('',#451,.T.);
#376=FACE_OUTER_BOUND('',#452,.T.);
#377=FACE_OUTER_BOUND('',#453,.T.);
#378=FACE_OUTER_BOUND('',#454,.T.);
#379=FACE_OUTER_BOUND('',#455,.T.);
#380=FACE_OUTER_BOUND('',#456,.T.);
#381=FACE_OUTER_BOUND('',#457,.T.);
#382=FACE_OUTER_BOUND('',#458,.T.);
#383=FACE_OUTER_BOUND('',#459,.T.);
#384=FACE_OUTER_BOUND('',#460,.T.);
#385=FACE_OUTER_BOUND('',#464,.T.);
#386=FACE_OUTER_BOUND('',#465,.T.);
#387=FACE_OUTER_BOUND('',#466,.T.);
#388=FACE_OUTER_BOUND('',#467,.T.);
#389=FACE_OUTER_BOUND('',#468,.T.);
#390=FACE_OUTER_BOUND('',#469,.T.);
#391=FACE_OUTER_BOUND('',#470,.T.);
#392=FACE_OUTER_BOUND('',#471,.T.);
#393=FACE_OUTER_BOUND('',#472,.T.);
#394=FACE_OUTER_BOUND('',#473,.T.);
#395=FACE_OUTER_BOUND('',#474,.T.);
#396=FACE_OUTER_BOUND('',#475,.T.);
#397=FACE_OUTER_BOUND('',#476,.T.);
#398=FACE_OUTER_BOUND('',#477,.T.);
#399=FACE_OUTER_BOUND('',#478,.T.);
#400=FACE_OUTER_BOUND('',#479,.T.);
#401=FACE_OUTER_BOUND('',#480,.T.);
#402=FACE_OUTER_BOUND('',#481,.T.);
#403=FACE_OUTER_BOUND('',#483,.T.);
#404=FACE_OUTER_BOUND('',#484,.T.);
#405=FACE_OUTER_BOUND('',#485,.T.);
#406=FACE_OUTER_BOUND('',#486,.T.);
#407=FACE_OUTER_BOUND('',#487,.T.);
#408=FACE_OUTER_BOUND('',#488,.T.);
#409=FACE_OUTER_BOUND('',#489,.T.);
#410=FACE_OUTER_BOUND('',#490,.T.);
#411=FACE_OUTER_BOUND('',#491,.T.);
#412=FACE_OUTER_BOUND('',#492,.T.);
#413=FACE_OUTER_BOUND('',#493,.T.);
#414=FACE_OUTER_BOUND('',#494,.T.);
#415=FACE_OUTER_BOUND('',#495,.T.);
#416=EDGE_LOOP('',(#836,#837,#838));
#417=EDGE_LOOP('',(#839,#840,#841,#842));
#418=EDGE_LOOP('',(#843,#844,#845,#846));
#419=EDGE_LOOP('',(#847,#848,#849));
#420=EDGE_LOOP('',(#850,#851,#852,#853));
#421=EDGE_LOOP('',(#854,#855,#856));
#422=EDGE_LOOP('',(#857,#858,#859,#860));
#423=EDGE_LOOP('',(#861,#862,#863,#864));
#424=EDGE_LOOP('',(#865,#866,#867,#868));
#425=EDGE_LOOP('',(#869,#870,#871));
#426=EDGE_LOOP('',(#872,#873,#874,#875));
#427=EDGE_LOOP('',(#876,#877,#878,#879));
#428=EDGE_LOOP('',(#880,#881,#882,#883));
#429=EDGE_LOOP('',(#884,#885,#886,#887));
#430=EDGE_LOOP('',(#888,#889,#890,#891));
#431=EDGE_LOOP('',(#892,#893,#894,#895));
#432=EDGE_LOOP('',(#896,#897,#898,#899));
#433=EDGE_LOOP('',(#900,#901,#902,#903));
#434=EDGE_LOOP('',(#904,#905,#906,#907));
#435=EDGE_LOOP('',(#908,#909,#910,#911));
#436=EDGE_LOOP('',(#912,#913,#914,#915));
#437=EDGE_LOOP('',(#916,#917,#918,#919));
#438=EDGE_LOOP('',(#920,#921,#922,#923));
#439=EDGE_LOOP('',(#924,#925,#926,#927));
#440=EDGE_LOOP('',(#928,#929,#930,#931));
#441=EDGE_LOOP('',(#932,#933,#934,#935));
#442=EDGE_LOOP('',(#936,#937,#938,#939,#940,#941,#942,#943));
#443=EDGE_LOOP('',(#944,#945,#946,#947,#948,#949,#950,#951,#952,#953,#954,
#955));
#444=EDGE_LOOP('',(#956,#957,#958,#959));
#445=EDGE_LOOP('',(#960,#961,#962,#963));
#446=EDGE_LOOP('',(#964,#965,#966,#967));
#447=EDGE_LOOP('',(#968,#969,#970,#971));
#448=EDGE_LOOP('',(#972));
#449=EDGE_LOOP('',(#973));
#450=EDGE_LOOP('',(#974,#975,#976,#977,#978,#979,#980,#981,#982,#983,#984,
#985,#986,#987));
#451=EDGE_LOOP('',(#988,#989,#990,#991));
#452=EDGE_LOOP('',(#992,#993,#994,#995));
#453=EDGE_LOOP('',(#996,#997,#998,#999,#1000,#1001));
#454=EDGE_LOOP('',(#1002,#1003,#1004,#1005));
#455=EDGE_LOOP('',(#1006,#1007,#1008,#1009));
#456=EDGE_LOOP('',(#1010,#1011,#1012,#1013));
#457=EDGE_LOOP('',(#1014,#1015,#1016,#1017,#1018,#1019));
#458=EDGE_LOOP('',(#1020,#1021,#1022,#1023,#1024,#1025,#1026,#1027));
#459=EDGE_LOOP('',(#1028,#1029,#1030,#1031,#1032));
#460=EDGE_LOOP('',(#1033,#1034,#1035,#1036));
#461=EDGE_LOOP('',(#1037,#1038,#1039,#1040,#1041,#1042,#1043,#1044,#1045,
#1046));
#462=EDGE_LOOP('',(#1047));
#463=EDGE_LOOP('',(#1048));
#464=EDGE_LOOP('',(#1049,#1050,#1051,#1052,#1053));
#465=EDGE_LOOP('',(#1054,#1055,#1056,#1057));
#466=EDGE_LOOP('',(#1058,#1059,#1060,#1061));
#467=EDGE_LOOP('',(#1062,#1063,#1064,#1065));
#468=EDGE_LOOP('',(#1066,#1067,#1068,#1069));
#469=EDGE_LOOP('',(#1070,#1071,#1072,#1073));
#470=EDGE_LOOP('',(#1074,#1075,#1076,#1077));
#471=EDGE_LOOP('',(#1078,#1079,#1080,#1081));
#472=EDGE_LOOP('',(#1082,#1083,#1084,#1085));
#473=EDGE_LOOP('',(#1086,#1087,#1088,#1089));
#474=EDGE_LOOP('',(#1090,#1091,#1092,#1093));
#475=EDGE_LOOP('',(#1094,#1095,#1096,#1097,#1098,#1099,#1100,#1101,#1102,
#1103));
#476=EDGE_LOOP('',(#1104,#1105,#1106,#1107,#1108,#1109,#1110,#1111,#1112,
#1113));
#477=EDGE_LOOP('',(#1114,#1115,#1116,#1117));
#478=EDGE_LOOP('',(#1118,#1119,#1120,#1121));
#479=EDGE_LOOP('',(#1122,#1123,#1124,#1125));
#480=EDGE_LOOP('',(#1126,#1127,#1128,#1129));
#481=EDGE_LOOP('',(#1130,#1131,#1132,#1133));
#482=EDGE_LOOP('',(#1134,#1135,#1136,#1137));
#483=EDGE_LOOP('',(#1138,#1139,#1140,#1141));
#484=EDGE_LOOP('',(#1142,#1143,#1144,#1145));
#485=EDGE_LOOP('',(#1146,#1147,#1148,#1149));
#486=EDGE_LOOP('',(#1150,#1151,#1152,#1153));
#487=EDGE_LOOP('',(#1154,#1155,#1156,#1157));
#488=EDGE_LOOP('',(#1158,#1159,#1160,#1161,#1162));
#489=EDGE_LOOP('',(#1163,#1164,#1165,#1166,#1167,#1168));
#490=EDGE_LOOP('',(#1169,#1170,#1171,#1172));
#491=EDGE_LOOP('',(#1173,#1174,#1175,#1176));
#492=EDGE_LOOP('',(#1177,#1178,#1179,#1180));
#493=EDGE_LOOP('',(#1181,#1182,#1183,#1184,#1185,#1186));
#494=EDGE_LOOP('',(#1187,#1188,#1189));
#495=EDGE_LOOP('',(#1190,#1191,#1192,#1193));
#496=CIRCLE('',#1274,1.50000000000001);
#497=CIRCLE('',#1275,1.5);
#498=CIRCLE('',#1276,1.5);
#499=CIRCLE('',#1280,1.5);
#500=CIRCLE('',#1281,1.5);
#501=CIRCLE('',#1282,1.5);
#502=CIRCLE('',#1283,3.);
#503=CIRCLE('',#1285,1.5);
#504=CIRCLE('',#1286,1.5);
#505=CIRCLE('',#1287,1.5);
#506=CIRCLE('',#1289,1.5);
#507=CIRCLE('',#1290,1.5);
#508=CIRCLE('',#1291,3.);
#509=CIRCLE('',#1292,1.5);
#510=CIRCLE('',#1294,1.5);
#511=CIRCLE('',#1295,1.5);
#512=CIRCLE('',#1296,1.5);
#513=CIRCLE('',#1300,1.5);
#514=CIRCLE('',#1301,1.5);
#515=CIRCLE('',#1302,3.00000000000001);
#516=CIRCLE('',#1303,1.5);
#517=CIRCLE('',#1306,1.5);
#518=CIRCLE('',#1307,1.5);
#519=CIRCLE('',#1308,1.5);
#520=CIRCLE('',#1312,3.00000000000001);
#521=CIRCLE('',#1313,1.5);
#522=CIRCLE('',#1314,1.5);
#523=CIRCLE('',#1315,1.5);
#524=CIRCLE('',#1319,1.5);
#525=CIRCLE('',#1320,1.5);
#526=CIRCLE('',#1321,3.00000000000001);
#527=CIRCLE('',#1322,1.5);
#528=CIRCLE('',#1325,1.5);
#529=CIRCLE('',#1326,1.5);
#530=CIRCLE('',#1327,3.00000000000001);
#531=CIRCLE('',#1328,1.5);
#532=CIRCLE('',#1343,2.);
#533=CIRCLE('',#1344,1.99999999999999);
#534=CIRCLE('',#1345,2.99999999999999);
#535=CIRCLE('',#1346,2.99999999999999);
#536=CIRCLE('',#1350,1.49999999999999);
#537=CIRCLE('',#1351,1.49999999999999);
#538=CIRCLE('',#1353,1.5);
#539=CIRCLE('',#1354,2.99999999999999);
#540=CIRCLE('',#1356,1.5);
#541=CIRCLE('',#1358,1.49999999999999);
#542=CIRCLE('',#1359,2.99999999999998);
#543=CIRCLE('',#1361,1.49999999999999);
#544=CIRCLE('',#1365,3.5);
#545=CIRCLE('',#1366,3.50000000000001);
#546=CIRCLE('',#1381,1.99999999999999);
#547=CIRCLE('',#1384,2.);
#548=VERTEX_POINT('',#1783);
#549=VERTEX_POINT('',#1784);
#550=VERTEX_POINT('',#1786);
#551=VERTEX_POINT('',#1790);
#552=VERTEX_POINT('',#1792);
#553=VERTEX_POINT('',#1796);
#554=VERTEX_POINT('',#1797);
#555=VERTEX_POINT('',#1799);
#556=VERTEX_POINT('',#1801);
#557=VERTEX_POINT('',#1805);
#558=VERTEX_POINT('',#1806);
#559=VERTEX_POINT('',#1808);
#560=VERTEX_POINT('',#1812);
#561=VERTEX_POINT('',#1813);
#562=VERTEX_POINT('',#1815);
#563=VERTEX_POINT('',#1817);
#564=VERTEX_POINT('',#1821);
#565=VERTEX_POINT('',#1822);
#566=VERTEX_POINT('',#1824);
#567=VERTEX_POINT('',#1828);
#568=VERTEX_POINT('',#1830);
#569=VERTEX_POINT('',#1834);
#570=VERTEX_POINT('',#1835);
#571=VERTEX_POINT('',#1837);
#572=VERTEX_POINT('',#1839);
#573=VERTEX_POINT('',#1846);
#574=VERTEX_POINT('',#1847);
#575=VERTEX_POINT('',#1849);
#576=VERTEX_POINT('',#1859);
#577=VERTEX_POINT('',#1860);
#578=VERTEX_POINT('',#1862);
#579=VERTEX_POINT('',#1864);
#580=VERTEX_POINT('',#1874);
#581=VERTEX_POINT('',#1875);
#582=VERTEX_POINT('',#1877);
#583=VERTEX_POINT('',#1879);
#584=VERTEX_POINT('',#1886);
#585=VERTEX_POINT('',#1887);
#586=VERTEX_POINT('',#1889);
#587=VERTEX_POINT('',#1891);
#588=VERTEX_POINT('',#1919);
#589=VERTEX_POINT('',#1921);
#590=VERTEX_POINT('',#1923);
#591=VERTEX_POINT('',#1925);
#592=VERTEX_POINT('',#1927);
#593=VERTEX_POINT('',#1931);
#594=VERTEX_POINT('',#1933);
#595=VERTEX_POINT('',#1935);
#596=VERTEX_POINT('',#1937);
#597=VERTEX_POINT('',#1939);
#598=VERTEX_POINT('',#1946);
#599=VERTEX_POINT('',#1947);
#600=VERTEX_POINT('',#1949);
#601=VERTEX_POINT('',#1951);
#602=VERTEX_POINT('',#1954);
#603=VERTEX_POINT('',#1956);
#604=VERTEX_POINT('',#1958);
#605=VERTEX_POINT('',#1960);
#606=VERTEX_POINT('',#1962);
#607=VERTEX_POINT('',#1964);
#608=VERTEX_POINT('',#1970);
#609=VERTEX_POINT('',#1971);
#610=VERTEX_POINT('',#1974);
#611=VERTEX_POINT('',#1978);
#612=VERTEX_POINT('',#1982);
#613=VERTEX_POINT('',#1986);
#614=VERTEX_POINT('',#1990);
#615=VERTEX_POINT('',#1994);
#616=VERTEX_POINT('',#1996);
#617=VERTEX_POINT('',#1998);
#618=VERTEX_POINT('',#2002);
#619=VERTEX_POINT('',#2004);
#620=VERTEX_POINT('',#2008);
#621=VERTEX_POINT('',#2009);
#622=VERTEX_POINT('',#2011);
#623=VERTEX_POINT('',#2013);
#624=VERTEX_POINT('',#2016);
#625=VERTEX_POINT('',#2018);
#626=VERTEX_POINT('',#2020);
#627=VERTEX_POINT('',#2023);
#628=VERTEX_POINT('',#2025);
#629=VERTEX_POINT('',#2028);
#630=VERTEX_POINT('',#2032);
#631=VERTEX_POINT('',#2036);
#632=VERTEX_POINT('',#2042);
#633=VERTEX_POINT('',#2046);
#634=VERTEX_POINT('',#2050);
#635=VERTEX_POINT('',#2051);
#636=VERTEX_POINT('',#2053);
#637=VERTEX_POINT('',#2055);
#638=VERTEX_POINT('',#2061);
#639=VERTEX_POINT('',#2063);
#640=VERTEX_POINT('',#2075);
#641=VERTEX_POINT('',#2081);
#642=VERTEX_POINT('',#2087);
#643=VERTEX_POINT('',#2088);
#644=VERTEX_POINT('',#2090);
#645=VERTEX_POINT('',#2092);
#646=VERTEX_POINT('',#2095);
#647=VERTEX_POINT('',#2096);
#648=VERTEX_POINT('',#2098);
#649=VERTEX_POINT('',#2100);
#650=VERTEX_POINT('',#2112);
#651=VERTEX_POINT('',#2113);
#652=VERTEX_POINT('',#2118);
#653=VERTEX_POINT('',#2120);
#654=VERTEX_POINT('',#2124);
#655=VERTEX_POINT('',#2131);
#656=VERTEX_POINT('',#2137);
#657=EDGE_CURVE('',#548,#549,#496,.F.);
#658=EDGE_CURVE('',#550,#548,#497,.F.);
#659=EDGE_CURVE('',#549,#550,#498,.F.);
#660=EDGE_CURVE('',#551,#550,#72,.T.);
#661=EDGE_CURVE('',#548,#552,#73,.T.);
#662=EDGE_CURVE('',#552,#551,#70,.T.);
#663=EDGE_CURVE('',#553,#554,#499,.T.);
#664=EDGE_CURVE('',#555,#553,#500,.F.);
#665=EDGE_CURVE('',#556,#555,#501,.T.);
#666=EDGE_CURVE('',#556,#554,#502,.T.);
#667=EDGE_CURVE('',#557,#558,#503,.F.);
#668=EDGE_CURVE('',#559,#557,#504,.F.);
#669=EDGE_CURVE('',#558,#559,#505,.F.);
#670=EDGE_CURVE('',#560,#561,#506,.F.);
#671=EDGE_CURVE('',#562,#560,#507,.T.);
#672=EDGE_CURVE('',#562,#563,#508,.T.);
#673=EDGE_CURVE('',#561,#563,#509,.T.);
#674=EDGE_CURVE('',#564,#565,#510,.F.);
#675=EDGE_CURVE('',#566,#564,#511,.F.);
#676=EDGE_CURVE('',#565,#566,#512,.F.);
#677=EDGE_CURVE('',#567,#566,#74,.T.);
#678=EDGE_CURVE('',#564,#568,#75,.T.);
#679=EDGE_CURVE('',#568,#567,#71,.T.);
#680=EDGE_CURVE('',#569,#570,#513,.F.);
#681=EDGE_CURVE('',#571,#569,#514,.T.);
#682=EDGE_CURVE('',#571,#572,#515,.T.);
#683=EDGE_CURVE('',#570,#572,#516,.T.);
#684=EDGE_CURVE('',#568,#571,#76,.T.);
#685=EDGE_CURVE('',#569,#567,#77,.T.);
#686=EDGE_CURVE('',#573,#574,#517,.F.);
#687=EDGE_CURVE('',#575,#573,#518,.F.);
#688=EDGE_CURVE('',#574,#575,#519,.F.);
#689=EDGE_CURVE('',#573,#557,#78,.T.);
#690=EDGE_CURVE('',#558,#575,#79,.T.);
#691=EDGE_CURVE('',#575,#564,#80,.T.);
#692=EDGE_CURVE('',#565,#574,#81,.T.);
#693=EDGE_CURVE('',#576,#577,#520,.T.);
#694=EDGE_CURVE('',#578,#577,#521,.T.);
#695=EDGE_CURVE('',#579,#578,#522,.F.);
#696=EDGE_CURVE('',#576,#579,#523,.T.);
#697=EDGE_CURVE('',#577,#562,#82,.T.);
#698=EDGE_CURVE('',#560,#578,#83,.T.);
#699=EDGE_CURVE('',#557,#579,#84,.T.);
#700=EDGE_CURVE('',#578,#559,#85,.T.);
#701=EDGE_CURVE('',#580,#581,#524,.F.);
#702=EDGE_CURVE('',#582,#580,#525,.T.);
#703=EDGE_CURVE('',#582,#583,#526,.T.);
#704=EDGE_CURVE('',#581,#583,#527,.T.);
#705=EDGE_CURVE('',#570,#582,#86,.T.);
#706=EDGE_CURVE('',#580,#569,#87,.T.);
#707=EDGE_CURVE('',#584,#585,#528,.F.);
#708=EDGE_CURVE('',#586,#584,#529,.T.);
#709=EDGE_CURVE('',#586,#587,#530,.T.);
#710=EDGE_CURVE('',#585,#587,#531,.T.);
#711=EDGE_CURVE('',#583,#586,#88,.T.);
#712=EDGE_CURVE('',#584,#581,#89,.T.);
#713=EDGE_CURVE('',#587,#576,#90,.T.);
#714=EDGE_CURVE('',#579,#585,#91,.T.);
#715=EDGE_CURVE('',#585,#573,#92,.T.);
#716=EDGE_CURVE('',#574,#584,#93,.T.);
#717=EDGE_CURVE('',#581,#565,#94,.T.);
#718=EDGE_CURVE('',#566,#580,#95,.T.);
#719=EDGE_CURVE('',#563,#555,#96,.T.);
#720=EDGE_CURVE('',#553,#561,#97,.T.);
#721=EDGE_CURVE('',#561,#548,#98,.T.);
#722=EDGE_CURVE('',#549,#560,#99,.T.);
#723=EDGE_CURVE('',#559,#549,#100,.T.);
#724=EDGE_CURVE('',#550,#558,#101,.T.);
#725=EDGE_CURVE('',#552,#553,#102,.T.);
#726=EDGE_CURVE('',#554,#551,#103,.T.);
#727=EDGE_CURVE('',#588,#568,#104,.T.);
#728=EDGE_CURVE('',#589,#588,#105,.T.);
#729=EDGE_CURVE('',#590,#589,#106,.T.);
#730=EDGE_CURVE('',#591,#590,#107,.T.);
#731=EDGE_CURVE('',#592,#591,#108,.T.);
#732=EDGE_CURVE('',#572,#592,#109,.T.);
#733=EDGE_CURVE('',#551,#593,#110,.T.);
#734=EDGE_CURVE('',#594,#593,#111,.T.);
#735=EDGE_CURVE('',#594,#595,#112,.T.);
#736=EDGE_CURVE('',#595,#596,#113,.T.);
#737=EDGE_CURVE('',#597,#596,#114,.T.);
#738=EDGE_CURVE('',#588,#597,#115,.T.);
#739=EDGE_CURVE('',#598,#599,#116,.T.);
#740=EDGE_CURVE('',#599,#600,#117,.T.);
#741=EDGE_CURVE('',#601,#600,#118,.T.);
#742=EDGE_CURVE('',#598,#601,#119,.T.);
#743=EDGE_CURVE('',#602,#602,#532,.T.);
#744=EDGE_CURVE('',#603,#603,#533,.T.);
#745=EDGE_CURVE('',#604,#570,#120,.T.);
#746=EDGE_CURVE('',#605,#604,#534,.T.);
#747=EDGE_CURVE('',#606,#605,#121,.T.);
#748=EDGE_CURVE('',#607,#606,#535,.T.);
#749=EDGE_CURVE('',#555,#607,#122,.T.);
#750=EDGE_CURVE('',#608,#609,#536,.T.);
#751=EDGE_CURVE('',#609,#556,#123,.T.);
#752=EDGE_CURVE('',#607,#610,#537,.T.);
#753=EDGE_CURVE('',#610,#608,#124,.T.);
#754=EDGE_CURVE('',#606,#611,#538,.T.);
#755=EDGE_CURVE('',#611,#610,#539,.T.);
#756=EDGE_CURVE('',#612,#605,#540,.T.);
#757=EDGE_CURVE('',#612,#611,#125,.T.);
#758=EDGE_CURVE('',#604,#613,#541,.T.);
#759=EDGE_CURVE('',#613,#612,#542,.T.);
#760=EDGE_CURVE('',#592,#614,#543,.T.);
#761=EDGE_CURVE('',#614,#613,#126,.T.);
#762=EDGE_CURVE('',#615,#609,#127,.T.);
#763=EDGE_CURVE('',#616,#615,#128,.T.);
#764=EDGE_CURVE('',#617,#616,#129,.T.);
#765=EDGE_CURVE('',#593,#617,#130,.T.);
#766=EDGE_CURVE('',#618,#608,#131,.T.);
#767=EDGE_CURVE('',#619,#618,#132,.T.);
#768=EDGE_CURVE('',#615,#619,#133,.T.);
#769=EDGE_CURVE('',#620,#621,#134,.T.);
#770=EDGE_CURVE('',#620,#622,#135,.T.);
#771=EDGE_CURVE('',#622,#623,#136,.T.);
#772=EDGE_CURVE('',#621,#623,#137,.T.);
#773=EDGE_CURVE('',#614,#624,#138,.T.);
#774=EDGE_CURVE('',#624,#625,#139,.T.);
#775=EDGE_CURVE('',#625,#626,#140,.T.);
#776=EDGE_CURVE('',#626,#618,#141,.T.);
#777=EDGE_CURVE('',#627,#627,#544,.T.);
#778=EDGE_CURVE('',#628,#628,#545,.T.);
#779=EDGE_CURVE('',#629,#591,#142,.T.);
#780=EDGE_CURVE('',#629,#624,#143,.T.);
#781=EDGE_CURVE('',#590,#630,#144,.T.);
#782=EDGE_CURVE('',#630,#629,#145,.T.);
#783=EDGE_CURVE('',#589,#631,#146,.T.);
#784=EDGE_CURVE('',#630,#631,#147,.T.);
#785=EDGE_CURVE('',#631,#597,#148,.T.);
#786=EDGE_CURVE('',#632,#619,#149,.T.);
#787=EDGE_CURVE('',#632,#616,#150,.T.);
#788=EDGE_CURVE('',#632,#633,#151,.T.);
#789=EDGE_CURVE('',#633,#617,#152,.T.);
#790=EDGE_CURVE('',#634,#635,#153,.T.);
#791=EDGE_CURVE('',#636,#634,#154,.T.);
#792=EDGE_CURVE('',#636,#637,#155,.F.);
#793=EDGE_CURVE('',#637,#635,#156,.T.);
#794=EDGE_CURVE('',#633,#594,#157,.T.);
#795=EDGE_CURVE('',#638,#637,#158,.T.);
#796=EDGE_CURVE('',#639,#636,#159,.T.);
#797=EDGE_CURVE('',#639,#638,#160,.T.);
#798=EDGE_CURVE('',#596,#635,#161,.T.);
#799=EDGE_CURVE('',#595,#634,#162,.T.);
#800=EDGE_CURVE('',#639,#626,#163,.T.);
#801=EDGE_CURVE('',#638,#625,#164,.T.);
#802=EDGE_CURVE('',#627,#640,#165,.T.);
#803=EDGE_CURVE('',#640,#640,#546,.T.);
#804=EDGE_CURVE('',#640,#603,#166,.T.);
#805=EDGE_CURVE('',#628,#641,#167,.T.);
#806=EDGE_CURVE('',#641,#641,#547,.T.);
#807=EDGE_CURVE('',#602,#641,#168,.T.);
#808=EDGE_CURVE('',#642,#643,#169,.T.);
#809=EDGE_CURVE('',#644,#643,#170,.T.);
#810=EDGE_CURVE('',#645,#644,#171,.T.);
#811=EDGE_CURVE('',#645,#642,#172,.T.);
#812=EDGE_CURVE('',#646,#647,#173,.T.);
#813=EDGE_CURVE('',#646,#648,#174,.T.);
#814=EDGE_CURVE('',#648,#649,#175,.T.);
#815=EDGE_CURVE('',#647,#649,#176,.T.);
#816=EDGE_CURVE('',#648,#601,#177,.T.);
#817=EDGE_CURVE('',#600,#649,#178,.T.);
#818=EDGE_CURVE('',#599,#647,#179,.T.);
#819=EDGE_CURVE('',#646,#598,#180,.T.);
#820=EDGE_CURVE('',#650,#651,#181,.T.);
#821=EDGE_CURVE('',#650,#645,#182,.T.);
#822=EDGE_CURVE('',#651,#644,#183,.T.);
#823=EDGE_CURVE('',#652,#651,#184,.T.);
#824=EDGE_CURVE('',#653,#643,#185,.T.);
#825=EDGE_CURVE('',#652,#653,#186,.T.);
#826=EDGE_CURVE('',#654,#620,#187,.T.);
#827=EDGE_CURVE('',#650,#654,#188,.T.);
#828=EDGE_CURVE('',#622,#652,#189,.T.);
#829=EDGE_CURVE('',#623,#653,#190,.T.);
#830=EDGE_CURVE('',#655,#653,#191,.T.);
#831=EDGE_CURVE('',#621,#655,#192,.T.);
#832=EDGE_CURVE('',#642,#655,#193,.T.);
#833=EDGE_CURVE('',#654,#656,#194,.T.);
#834=EDGE_CURVE('',#655,#656,#195,.T.);
#835=EDGE_CURVE('',#621,#656,#196,.T.);
#836=ORIENTED_EDGE('',*,*,#657,.F.);
#837=ORIENTED_EDGE('',*,*,#658,.F.);
#838=ORIENTED_EDGE('',*,*,#659,.F.);
#839=ORIENTED_EDGE('',*,*,#660,.T.);
#840=ORIENTED_EDGE('',*,*,#658,.T.);
#841=ORIENTED_EDGE('',*,*,#661,.T.);
#842=ORIENTED_EDGE('',*,*,#662,.T.);
#843=ORIENTED_EDGE('',*,*,#663,.F.);
#844=ORIENTED_EDGE('',*,*,#664,.F.);
#845=ORIENTED_EDGE('',*,*,#665,.F.);
#846=ORIENTED_EDGE('',*,*,#666,.T.);
#847=ORIENTED_EDGE('',*,*,#667,.F.);
#848=ORIENTED_EDGE('',*,*,#668,.F.);
#849=ORIENTED_EDGE('',*,*,#669,.F.);
#850=ORIENTED_EDGE('',*,*,#670,.F.);
#851=ORIENTED_EDGE('',*,*,#671,.F.);
#852=ORIENTED_EDGE('',*,*,#672,.T.);
#853=ORIENTED_EDGE('',*,*,#673,.F.);
#854=ORIENTED_EDGE('',*,*,#674,.F.);
#855=ORIENTED_EDGE('',*,*,#675,.F.);
#856=ORIENTED_EDGE('',*,*,#676,.F.);
#857=ORIENTED_EDGE('',*,*,#677,.T.);
#858=ORIENTED_EDGE('',*,*,#675,.T.);
#859=ORIENTED_EDGE('',*,*,#678,.T.);
#860=ORIENTED_EDGE('',*,*,#679,.T.);
#861=ORIENTED_EDGE('',*,*,#680,.F.);
#862=ORIENTED_EDGE('',*,*,#681,.F.);
#863=ORIENTED_EDGE('',*,*,#682,.T.);
#864=ORIENTED_EDGE('',*,*,#683,.F.);
#865=ORIENTED_EDGE('',*,*,#684,.T.);
#866=ORIENTED_EDGE('',*,*,#681,.T.);
#867=ORIENTED_EDGE('',*,*,#685,.T.);
#868=ORIENTED_EDGE('',*,*,#679,.F.);
#869=ORIENTED_EDGE('',*,*,#686,.F.);
#870=ORIENTED_EDGE('',*,*,#687,.F.);
#871=ORIENTED_EDGE('',*,*,#688,.F.);
#872=ORIENTED_EDGE('',*,*,#687,.T.);
#873=ORIENTED_EDGE('',*,*,#689,.T.);
#874=ORIENTED_EDGE('',*,*,#667,.T.);
#875=ORIENTED_EDGE('',*,*,#690,.T.);
#876=ORIENTED_EDGE('',*,*,#688,.T.);
#877=ORIENTED_EDGE('',*,*,#691,.T.);
#878=ORIENTED_EDGE('',*,*,#674,.T.);
#879=ORIENTED_EDGE('',*,*,#692,.T.);
#880=ORIENTED_EDGE('',*,*,#693,.T.);
#881=ORIENTED_EDGE('',*,*,#694,.F.);
#882=ORIENTED_EDGE('',*,*,#695,.F.);
#883=ORIENTED_EDGE('',*,*,#696,.F.);
#884=ORIENTED_EDGE('',*,*,#694,.T.);
#885=ORIENTED_EDGE('',*,*,#697,.T.);
#886=ORIENTED_EDGE('',*,*,#671,.T.);
#887=ORIENTED_EDGE('',*,*,#698,.T.);
#888=ORIENTED_EDGE('',*,*,#668,.T.);
#889=ORIENTED_EDGE('',*,*,#699,.T.);
#890=ORIENTED_EDGE('',*,*,#695,.T.);
#891=ORIENTED_EDGE('',*,*,#700,.T.);
#892=ORIENTED_EDGE('',*,*,#701,.F.);
#893=ORIENTED_EDGE('',*,*,#702,.F.);
#894=ORIENTED_EDGE('',*,*,#703,.T.);
#895=ORIENTED_EDGE('',*,*,#704,.F.);
#896=ORIENTED_EDGE('',*,*,#680,.T.);
#897=ORIENTED_EDGE('',*,*,#705,.T.);
#898=ORIENTED_EDGE('',*,*,#702,.T.);
#899=ORIENTED_EDGE('',*,*,#706,.T.);
#900=ORIENTED_EDGE('',*,*,#707,.F.);
#901=ORIENTED_EDGE('',*,*,#708,.F.);
#902=ORIENTED_EDGE('',*,*,#709,.T.);
#903=ORIENTED_EDGE('',*,*,#710,.F.);
#904=ORIENTED_EDGE('',*,*,#704,.T.);
#905=ORIENTED_EDGE('',*,*,#711,.T.);
#906=ORIENTED_EDGE('',*,*,#708,.T.);
#907=ORIENTED_EDGE('',*,*,#712,.T.);
#908=ORIENTED_EDGE('',*,*,#710,.T.);
#909=ORIENTED_EDGE('',*,*,#713,.T.);
#910=ORIENTED_EDGE('',*,*,#696,.T.);
#911=ORIENTED_EDGE('',*,*,#714,.T.);
#912=ORIENTED_EDGE('',*,*,#707,.T.);
#913=ORIENTED_EDGE('',*,*,#715,.T.);
#914=ORIENTED_EDGE('',*,*,#686,.T.);
#915=ORIENTED_EDGE('',*,*,#716,.T.);
#916=ORIENTED_EDGE('',*,*,#701,.T.);
#917=ORIENTED_EDGE('',*,*,#717,.T.);
#918=ORIENTED_EDGE('',*,*,#676,.T.);
#919=ORIENTED_EDGE('',*,*,#718,.T.);
#920=ORIENTED_EDGE('',*,*,#673,.T.);
#921=ORIENTED_EDGE('',*,*,#719,.T.);
#922=ORIENTED_EDGE('',*,*,#664,.T.);
#923=ORIENTED_EDGE('',*,*,#720,.T.);
#924=ORIENTED_EDGE('',*,*,#670,.T.);
#925=ORIENTED_EDGE('',*,*,#721,.T.);
#926=ORIENTED_EDGE('',*,*,#657,.T.);
#927=ORIENTED_EDGE('',*,*,#722,.T.);
#928=ORIENTED_EDGE('',*,*,#669,.T.);
#929=ORIENTED_EDGE('',*,*,#723,.T.);
#930=ORIENTED_EDGE('',*,*,#659,.T.);
#931=ORIENTED_EDGE('',*,*,#724,.T.);
#932=ORIENTED_EDGE('',*,*,#725,.T.);
#933=ORIENTED_EDGE('',*,*,#663,.T.);
#934=ORIENTED_EDGE('',*,*,#726,.T.);
#935=ORIENTED_EDGE('',*,*,#662,.F.);
#936=ORIENTED_EDGE('',*,*,#682,.F.);
#937=ORIENTED_EDGE('',*,*,#684,.F.);
#938=ORIENTED_EDGE('',*,*,#727,.F.);
#939=ORIENTED_EDGE('',*,*,#728,.F.);
#940=ORIENTED_EDGE('',*,*,#729,.F.);
#941=ORIENTED_EDGE('',*,*,#730,.F.);
#942=ORIENTED_EDGE('',*,*,#731,.F.);
#943=ORIENTED_EDGE('',*,*,#732,.F.);
#944=ORIENTED_EDGE('',*,*,#678,.F.);
#945=ORIENTED_EDGE('',*,*,#691,.F.);
#946=ORIENTED_EDGE('',*,*,#690,.F.);
#947=ORIENTED_EDGE('',*,*,#724,.F.);
#948=ORIENTED_EDGE('',*,*,#660,.F.);
#949=ORIENTED_EDGE('',*,*,#733,.T.);
#950=ORIENTED_EDGE('',*,*,#734,.F.);
#951=ORIENTED_EDGE('',*,*,#735,.T.);
#952=ORIENTED_EDGE('',*,*,#736,.T.);
#953=ORIENTED_EDGE('',*,*,#737,.F.);
#954=ORIENTED_EDGE('',*,*,#738,.F.);
#955=ORIENTED_EDGE('',*,*,#727,.T.);
#956=ORIENTED_EDGE('',*,*,#677,.F.);
#957=ORIENTED_EDGE('',*,*,#685,.F.);
#958=ORIENTED_EDGE('',*,*,#706,.F.);
#959=ORIENTED_EDGE('',*,*,#718,.F.);
#960=ORIENTED_EDGE('',*,*,#689,.F.);
#961=ORIENTED_EDGE('',*,*,#715,.F.);
#962=ORIENTED_EDGE('',*,*,#714,.F.);
#963=ORIENTED_EDGE('',*,*,#699,.F.);
#964=ORIENTED_EDGE('',*,*,#698,.F.);
#965=ORIENTED_EDGE('',*,*,#722,.F.);
#966=ORIENTED_EDGE('',*,*,#723,.F.);
#967=ORIENTED_EDGE('',*,*,#700,.F.);
#968=ORIENTED_EDGE('',*,*,#739,.T.);
#969=ORIENTED_EDGE('',*,*,#740,.T.);
#970=ORIENTED_EDGE('',*,*,#741,.F.);
#971=ORIENTED_EDGE('',*,*,#742,.F.);
#972=ORIENTED_EDGE('',*,*,#743,.T.);
#973=ORIENTED_EDGE('',*,*,#744,.T.);
#974=ORIENTED_EDGE('',*,*,#709,.F.);
#975=ORIENTED_EDGE('',*,*,#711,.F.);
#976=ORIENTED_EDGE('',*,*,#703,.F.);
#977=ORIENTED_EDGE('',*,*,#705,.F.);
#978=ORIENTED_EDGE('',*,*,#745,.F.);
#979=ORIENTED_EDGE('',*,*,#746,.F.);
#980=ORIENTED_EDGE('',*,*,#747,.F.);
#981=ORIENTED_EDGE('',*,*,#748,.F.);
#982=ORIENTED_EDGE('',*,*,#749,.F.);
#983=ORIENTED_EDGE('',*,*,#719,.F.);
#984=ORIENTED_EDGE('',*,*,#672,.F.);
#985=ORIENTED_EDGE('',*,*,#697,.F.);
#986=ORIENTED_EDGE('',*,*,#693,.F.);
#987=ORIENTED_EDGE('',*,*,#713,.F.);
#988=ORIENTED_EDGE('',*,*,#712,.F.);
#989=ORIENTED_EDGE('',*,*,#716,.F.);
#990=ORIENTED_EDGE('',*,*,#692,.F.);
#991=ORIENTED_EDGE('',*,*,#717,.F.);
#992=ORIENTED_EDGE('',*,*,#720,.F.);
#993=ORIENTED_EDGE('',*,*,#725,.F.);
#994=ORIENTED_EDGE('',*,*,#661,.F.);
#995=ORIENTED_EDGE('',*,*,#721,.F.);
#996=ORIENTED_EDGE('',*,*,#750,.T.);
#997=ORIENTED_EDGE('',*,*,#751,.T.);
#998=ORIENTED_EDGE('',*,*,#665,.T.);
#999=ORIENTED_EDGE('',*,*,#749,.T.);
#1000=ORIENTED_EDGE('',*,*,#752,.T.);
#1001=ORIENTED_EDGE('',*,*,#753,.T.);
#1002=ORIENTED_EDGE('',*,*,#754,.T.);
#1003=ORIENTED_EDGE('',*,*,#755,.T.);
#1004=ORIENTED_EDGE('',*,*,#752,.F.);
#1005=ORIENTED_EDGE('',*,*,#748,.T.);
#1006=ORIENTED_EDGE('',*,*,#756,.F.);
#1007=ORIENTED_EDGE('',*,*,#757,.T.);
#1008=ORIENTED_EDGE('',*,*,#754,.F.);
#1009=ORIENTED_EDGE('',*,*,#747,.T.);
#1010=ORIENTED_EDGE('',*,*,#758,.T.);
#1011=ORIENTED_EDGE('',*,*,#759,.T.);
#1012=ORIENTED_EDGE('',*,*,#756,.T.);
#1013=ORIENTED_EDGE('',*,*,#746,.T.);
#1014=ORIENTED_EDGE('',*,*,#760,.T.);
#1015=ORIENTED_EDGE('',*,*,#761,.T.);
#1016=ORIENTED_EDGE('',*,*,#758,.F.);
#1017=ORIENTED_EDGE('',*,*,#745,.T.);
#1018=ORIENTED_EDGE('',*,*,#683,.T.);
#1019=ORIENTED_EDGE('',*,*,#732,.T.);
#1020=ORIENTED_EDGE('',*,*,#666,.F.);
#1021=ORIENTED_EDGE('',*,*,#751,.F.);
#1022=ORIENTED_EDGE('',*,*,#762,.F.);
#1023=ORIENTED_EDGE('',*,*,#763,.F.);
#1024=ORIENTED_EDGE('',*,*,#764,.F.);
#1025=ORIENTED_EDGE('',*,*,#765,.F.);
#1026=ORIENTED_EDGE('',*,*,#733,.F.);
#1027=ORIENTED_EDGE('',*,*,#726,.F.);
#1028=ORIENTED_EDGE('',*,*,#750,.F.);
#1029=ORIENTED_EDGE('',*,*,#766,.F.);
#1030=ORIENTED_EDGE('',*,*,#767,.F.);
#1031=ORIENTED_EDGE('',*,*,#768,.F.);
#1032=ORIENTED_EDGE('',*,*,#762,.T.);
#1033=ORIENTED_EDGE('',*,*,#769,.F.);
#1034=ORIENTED_EDGE('',*,*,#770,.T.);
#1035=ORIENTED_EDGE('',*,*,#771,.T.);
#1036=ORIENTED_EDGE('',*,*,#772,.F.);
#1037=ORIENTED_EDGE('',*,*,#761,.F.);
#1038=ORIENTED_EDGE('',*,*,#773,.T.);
#1039=ORIENTED_EDGE('',*,*,#774,.T.);
#1040=ORIENTED_EDGE('',*,*,#775,.T.);
#1041=ORIENTED_EDGE('',*,*,#776,.T.);
#1042=ORIENTED_EDGE('',*,*,#766,.T.);
#1043=ORIENTED_EDGE('',*,*,#753,.F.);
#1044=ORIENTED_EDGE('',*,*,#755,.F.);
#1045=ORIENTED_EDGE('',*,*,#757,.F.);
#1046=ORIENTED_EDGE('',*,*,#759,.F.);
#1047=ORIENTED_EDGE('',*,*,#777,.F.);
#1048=ORIENTED_EDGE('',*,*,#778,.F.);
#1049=ORIENTED_EDGE('',*,*,#760,.F.);
#1050=ORIENTED_EDGE('',*,*,#731,.T.);
#1051=ORIENTED_EDGE('',*,*,#779,.F.);
#1052=ORIENTED_EDGE('',*,*,#780,.T.);
#1053=ORIENTED_EDGE('',*,*,#773,.F.);
#1054=ORIENTED_EDGE('',*,*,#730,.T.);
#1055=ORIENTED_EDGE('',*,*,#781,.T.);
#1056=ORIENTED_EDGE('',*,*,#782,.T.);
#1057=ORIENTED_EDGE('',*,*,#779,.T.);
#1058=ORIENTED_EDGE('',*,*,#729,.T.);
#1059=ORIENTED_EDGE('',*,*,#783,.T.);
#1060=ORIENTED_EDGE('',*,*,#784,.F.);
#1061=ORIENTED_EDGE('',*,*,#781,.F.);
#1062=ORIENTED_EDGE('',*,*,#728,.T.);
#1063=ORIENTED_EDGE('',*,*,#738,.T.);
#1064=ORIENTED_EDGE('',*,*,#785,.F.);
#1065=ORIENTED_EDGE('',*,*,#783,.F.);
#1066=ORIENTED_EDGE('',*,*,#763,.T.);
#1067=ORIENTED_EDGE('',*,*,#768,.T.);
#1068=ORIENTED_EDGE('',*,*,#786,.F.);
#1069=ORIENTED_EDGE('',*,*,#787,.T.);
#1070=ORIENTED_EDGE('',*,*,#764,.T.);
#1071=ORIENTED_EDGE('',*,*,#787,.F.);
#1072=ORIENTED_EDGE('',*,*,#788,.T.);
#1073=ORIENTED_EDGE('',*,*,#789,.T.);
#1074=ORIENTED_EDGE('',*,*,#790,.F.);
#1075=ORIENTED_EDGE('',*,*,#791,.F.);
#1076=ORIENTED_EDGE('',*,*,#792,.T.);
#1077=ORIENTED_EDGE('',*,*,#793,.T.);
#1078=ORIENTED_EDGE('',*,*,#765,.T.);
#1079=ORIENTED_EDGE('',*,*,#789,.F.);
#1080=ORIENTED_EDGE('',*,*,#794,.T.);
#1081=ORIENTED_EDGE('',*,*,#734,.T.);
#1082=ORIENTED_EDGE('',*,*,#795,.T.);
#1083=ORIENTED_EDGE('',*,*,#792,.F.);
#1084=ORIENTED_EDGE('',*,*,#796,.F.);
#1085=ORIENTED_EDGE('',*,*,#797,.T.);
#1086=ORIENTED_EDGE('',*,*,#798,.F.);
#1087=ORIENTED_EDGE('',*,*,#736,.F.);
#1088=ORIENTED_EDGE('',*,*,#799,.T.);
#1089=ORIENTED_EDGE('',*,*,#790,.T.);
#1090=ORIENTED_EDGE('',*,*,#800,.T.);
#1091=ORIENTED_EDGE('',*,*,#775,.F.);
#1092=ORIENTED_EDGE('',*,*,#801,.F.);
#1093=ORIENTED_EDGE('',*,*,#797,.F.);
#1094=ORIENTED_EDGE('',*,*,#801,.T.);
#1095=ORIENTED_EDGE('',*,*,#774,.F.);
#1096=ORIENTED_EDGE('',*,*,#780,.F.);
#1097=ORIENTED_EDGE('',*,*,#782,.F.);
#1098=ORIENTED_EDGE('',*,*,#784,.T.);
#1099=ORIENTED_EDGE('',*,*,#785,.T.);
#1100=ORIENTED_EDGE('',*,*,#737,.T.);
#1101=ORIENTED_EDGE('',*,*,#798,.T.);
#1102=ORIENTED_EDGE('',*,*,#793,.F.);
#1103=ORIENTED_EDGE('',*,*,#795,.F.);
#1104=ORIENTED_EDGE('',*,*,#767,.T.);
#1105=ORIENTED_EDGE('',*,*,#776,.F.);
#1106=ORIENTED_EDGE('',*,*,#800,.F.);
#1107=ORIENTED_EDGE('',*,*,#796,.T.);
#1108=ORIENTED_EDGE('',*,*,#791,.T.);
#1109=ORIENTED_EDGE('',*,*,#799,.F.);
#1110=ORIENTED_EDGE('',*,*,#735,.F.);
#1111=ORIENTED_EDGE('',*,*,#794,.F.);
#1112=ORIENTED_EDGE('',*,*,#788,.F.);
#1113=ORIENTED_EDGE('',*,*,#786,.T.);
#1114=ORIENTED_EDGE('',*,*,#777,.T.);
#1115=ORIENTED_EDGE('',*,*,#802,.T.);
#1116=ORIENTED_EDGE('',*,*,#803,.T.);
#1117=ORIENTED_EDGE('',*,*,#802,.F.);
#1118=ORIENTED_EDGE('',*,*,#803,.F.);
#1119=ORIENTED_EDGE('',*,*,#804,.T.);
#1120=ORIENTED_EDGE('',*,*,#744,.F.);
#1121=ORIENTED_EDGE('',*,*,#804,.F.);
#1122=ORIENTED_EDGE('',*,*,#778,.T.);
#1123=ORIENTED_EDGE('',*,*,#805,.T.);
#1124=ORIENTED_EDGE('',*,*,#806,.T.);
#1125=ORIENTED_EDGE('',*,*,#805,.F.);
#1126=ORIENTED_EDGE('',*,*,#743,.F.);
#1127=ORIENTED_EDGE('',*,*,#807,.T.);
#1128=ORIENTED_EDGE('',*,*,#806,.F.);
#1129=ORIENTED_EDGE('',*,*,#807,.F.);
#1130=ORIENTED_EDGE('',*,*,#808,.T.);
#1131=ORIENTED_EDGE('',*,*,#809,.F.);
#1132=ORIENTED_EDGE('',*,*,#810,.F.);
#1133=ORIENTED_EDGE('',*,*,#811,.T.);
#1134=ORIENTED_EDGE('',*,*,#812,.F.);
#1135=ORIENTED_EDGE('',*,*,#813,.T.);
#1136=ORIENTED_EDGE('',*,*,#814,.T.);
#1137=ORIENTED_EDGE('',*,*,#815,.F.);
#1138=ORIENTED_EDGE('',*,*,#814,.F.);
#1139=ORIENTED_EDGE('',*,*,#816,.T.);
#1140=ORIENTED_EDGE('',*,*,#741,.T.);
#1141=ORIENTED_EDGE('',*,*,#817,.T.);
#1142=ORIENTED_EDGE('',*,*,#812,.T.);
#1143=ORIENTED_EDGE('',*,*,#818,.F.);
#1144=ORIENTED_EDGE('',*,*,#739,.F.);
#1145=ORIENTED_EDGE('',*,*,#819,.F.);
#1146=ORIENTED_EDGE('',*,*,#817,.F.);
#1147=ORIENTED_EDGE('',*,*,#740,.F.);
#1148=ORIENTED_EDGE('',*,*,#818,.T.);
#1149=ORIENTED_EDGE('',*,*,#815,.T.);
#1150=ORIENTED_EDGE('',*,*,#813,.F.);
#1151=ORIENTED_EDGE('',*,*,#819,.T.);
#1152=ORIENTED_EDGE('',*,*,#742,.T.);
#1153=ORIENTED_EDGE('',*,*,#816,.F.);
#1154=ORIENTED_EDGE('',*,*,#820,.F.);
#1155=ORIENTED_EDGE('',*,*,#821,.T.);
#1156=ORIENTED_EDGE('',*,*,#810,.T.);
#1157=ORIENTED_EDGE('',*,*,#822,.F.);
#1158=ORIENTED_EDGE('',*,*,#823,.T.);
#1159=ORIENTED_EDGE('',*,*,#822,.T.);
#1160=ORIENTED_EDGE('',*,*,#809,.T.);
#1161=ORIENTED_EDGE('',*,*,#824,.F.);
#1162=ORIENTED_EDGE('',*,*,#825,.F.);
#1163=ORIENTED_EDGE('',*,*,#826,.F.);
#1164=ORIENTED_EDGE('',*,*,#827,.F.);
#1165=ORIENTED_EDGE('',*,*,#820,.T.);
#1166=ORIENTED_EDGE('',*,*,#823,.F.);
#1167=ORIENTED_EDGE('',*,*,#828,.F.);
#1168=ORIENTED_EDGE('',*,*,#770,.F.);
#1169=ORIENTED_EDGE('',*,*,#828,.T.);
#1170=ORIENTED_EDGE('',*,*,#825,.T.);
#1171=ORIENTED_EDGE('',*,*,#829,.F.);
#1172=ORIENTED_EDGE('',*,*,#771,.F.);
#1173=ORIENTED_EDGE('',*,*,#829,.T.);
#1174=ORIENTED_EDGE('',*,*,#830,.F.);
#1175=ORIENTED_EDGE('',*,*,#831,.F.);
#1176=ORIENTED_EDGE('',*,*,#772,.T.);
#1177=ORIENTED_EDGE('',*,*,#824,.T.);
#1178=ORIENTED_EDGE('',*,*,#808,.F.);
#1179=ORIENTED_EDGE('',*,*,#832,.T.);
#1180=ORIENTED_EDGE('',*,*,#830,.T.);
#1181=ORIENTED_EDGE('',*,*,#833,.T.);
#1182=ORIENTED_EDGE('',*,*,#834,.F.);
#1183=ORIENTED_EDGE('',*,*,#832,.F.);
#1184=ORIENTED_EDGE('',*,*,#811,.F.);
#1185=ORIENTED_EDGE('',*,*,#821,.F.);
#1186=ORIENTED_EDGE('',*,*,#827,.T.);
#1187=ORIENTED_EDGE('',*,*,#831,.T.);
#1188=ORIENTED_EDGE('',*,*,#834,.T.);
#1189=ORIENTED_EDGE('',*,*,#835,.F.);
#1190=ORIENTED_EDGE('',*,*,#835,.T.);
#1191=ORIENTED_EDGE('',*,*,#833,.F.);
#1192=ORIENTED_EDGE('',*,*,#826,.T.);
#1193=ORIENTED_EDGE('',*,*,#769,.T.);
#1194=SPHERICAL_SURFACE('',#1273,1.5);
#1195=SPHERICAL_SURFACE('',#1284,1.5);
#1196=SPHERICAL_SURFACE('',#1293,1.5);
#1197=SPHERICAL_SURFACE('',#1305,1.5);
#1198=ADVANCED_FACE('',(#343),#1194,.T.);
#1199=ADVANCED_FACE('',(#344),#322,.T.);
#1200=ADVANCED_FACE('',(#345),#62,.T.);
#1201=ADVANCED_FACE('',(#346),#1195,.T.);
#1202=ADVANCED_FACE('',(#347),#63,.F.);
#1203=ADVANCED_FACE('',(#348),#1196,.T.);
#1204=ADVANCED_FACE('',(#349),#323,.T.);
#1205=ADVANCED_FACE('',(#350),#64,.T.);
#1206=ADVANCED_FACE('',(#351),#324,.T.);
#1207=ADVANCED_FACE('',(#352),#1197,.T.);
#1208=ADVANCED_FACE('',(#353),#325,.T.);
#1209=ADVANCED_FACE('',(#354),#326,.T.);
#1210=ADVANCED_FACE('',(#355),#65,.F.);
#1211=ADVANCED_FACE('',(#356),#327,.F.);
#1212=ADVANCED_FACE('',(#357),#328,.T.);
#1213=ADVANCED_FACE('',(#358),#66,.F.);
#1214=ADVANCED_FACE('',(#359),#329,.F.);
#1215=ADVANCED_FACE('',(#360),#67,.F.);
#1216=ADVANCED_FACE('',(#361),#330,.F.);
#1217=ADVANCED_FACE('',(#362),#331,.F.);
#1218=ADVANCED_FACE('',(#363),#332,.T.);
#1219=ADVANCED_FACE('',(#364),#333,.T.);
#1220=ADVANCED_FACE('',(#365),#334,.F.);
#1221=ADVANCED_FACE('',(#366),#335,.T.);
#1222=ADVANCED_FACE('',(#367),#336,.T.);
#1223=ADVANCED_FACE('',(#368),#337,.T.);
#1224=ADVANCED_FACE('',(#369),#24,.F.);
#1225=ADVANCED_FACE('',(#370),#25,.T.);
#1226=ADVANCED_FACE('',(#371),#26,.T.);
#1227=ADVANCED_FACE('',(#372),#27,.T.);
#1228=ADVANCED_FACE('',(#373),#28,.T.);
#1229=ADVANCED_FACE('',(#374,#17,#18,#19),#29,.T.);
#1230=ADVANCED_FACE('',(#375),#30,.T.);
#1231=ADVANCED_FACE('',(#376),#31,.T.);
#1232=ADVANCED_FACE('',(#377),#338,.T.);
#1233=ADVANCED_FACE('',(#378),#68,.T.);
#1234=ADVANCED_FACE('',(#379),#339,.T.);
#1235=ADVANCED_FACE('',(#380),#69,.T.);
#1236=ADVANCED_FACE('',(#381),#340,.T.);
#1237=ADVANCED_FACE('',(#382),#32,.F.);
#1238=ADVANCED_FACE('',(#383),#33,.F.);
#1239=ADVANCED_FACE('',(#384,#20,#21,#22),#34,.T.);
#1240=ADVANCED_FACE('',(#385),#35,.F.);
#1241=ADVANCED_FACE('',(#386),#36,.T.);
#1242=ADVANCED_FACE('',(#387),#37,.T.);
#1243=ADVANCED_FACE('',(#388),#38,.T.);
#1244=ADVANCED_FACE('',(#389),#39,.T.);
#1245=ADVANCED_FACE('',(#390),#40,.T.);
#1246=ADVANCED_FACE('',(#391),#41,.T.);
#1247=ADVANCED_FACE('',(#392),#42,.T.);
#1248=ADVANCED_FACE('',(#393),#43,.T.);
#1249=ADVANCED_FACE('',(#394),#44,.T.);
#1250=ADVANCED_FACE('',(#395),#45,.F.);
#1251=ADVANCED_FACE('',(#396),#46,.F.);
#1252=ADVANCED_FACE('',(#397),#47,.F.);
#1253=ADVANCED_FACE('',(#398),#15,.F.);
#1254=ADVANCED_FACE('',(#399),#341,.F.);
#1255=ADVANCED_FACE('',(#400),#16,.F.);
#1256=ADVANCED_FACE('',(#401),#342,.F.);
#1257=ADVANCED_FACE('',(#402,#23),#48,.T.);
#1258=ADVANCED_FACE('',(#403),#49,.T.);
#1259=ADVANCED_FACE('',(#404),#50,.T.);
#1260=ADVANCED_FACE('',(#405),#51,.T.);
#1261=ADVANCED_FACE('',(#406),#52,.T.);
#1262=ADVANCED_FACE('',(#407),#53,.T.);
#1263=ADVANCED_FACE('',(#408),#54,.T.);
#1264=ADVANCED_FACE('',(#409),#55,.T.);
#1265=ADVANCED_FACE('',(#410),#56,.T.);
#1266=ADVANCED_FACE('',(#411),#57,.T.);
#1267=ADVANCED_FACE('',(#412),#58,.T.);
#1268=ADVANCED_FACE('',(#413),#59,.T.);
#1269=ADVANCED_FACE('',(#414),#60,.T.);
#1270=ADVANCED_FACE('',(#415),#61,.T.);
#1271=CLOSED_SHELL('',(#1198,#1199,#1200,#1201,#1202,#1203,#1204,#1205,
#1206,#1207,#1208,#1209,#1210,#1211,#1212,#1213,#1214,#1215,#1216,#1217,
#1218,#1219,#1220,#1221,#1222,#1223,#1224,#1225,#1226,#1227,#1228,#1229,
#1230,#1231,#1232,#1233,#1234,#1235,#1236,#1237,#1238,#1239,#1240,#1241,
#1242,#1243,#1244,#1245,#1246,#1247,#1248,#1249,#1250,#1251,#1252,#1253,
#1254,#1255,#1256,#1257,#1258,#1259,#1260,#1261,#1262,#1263,#1264,#1265,
#1266,#1267,#1268,#1269,#1270));
#1272=AXIS2_PLACEMENT_3D('',#1781,#1400,#1401);
#1273=AXIS2_PLACEMENT_3D('',#1782,#1402,#1403);
#1274=AXIS2_PLACEMENT_3D('',#1785,#1404,#1405);
#1275=AXIS2_PLACEMENT_3D('',#1787,#1406,#1407);
#1276=AXIS2_PLACEMENT_3D('',#1788,#1408,#1409);
#1277=AXIS2_PLACEMENT_3D('',#1789,#1410,#1411);
#1278=AXIS2_PLACEMENT_3D('',#1794,#1414,#1415);
#1279=AXIS2_PLACEMENT_3D('',#1795,#1416,#1417);
#1280=AXIS2_PLACEMENT_3D('',#1798,#1418,#1419);
#1281=AXIS2_PLACEMENT_3D('',#1800,#1420,#1421);
#1282=AXIS2_PLACEMENT_3D('',#1802,#1422,#1423);
#1283=AXIS2_PLACEMENT_3D('',#1803,#1424,#1425);
#1284=AXIS2_PLACEMENT_3D('',#1804,#1426,#1427);
#1285=AXIS2_PLACEMENT_3D('',#1807,#1428,#1429);
#1286=AXIS2_PLACEMENT_3D('',#1809,#1430,#1431);
#1287=AXIS2_PLACEMENT_3D('',#1810,#1432,#1433);
#1288=AXIS2_PLACEMENT_3D('',#1811,#1434,#1435);
#1289=AXIS2_PLACEMENT_3D('',#1814,#1436,#1437);
#1290=AXIS2_PLACEMENT_3D('',#1816,#1438,#1439);
#1291=AXIS2_PLACEMENT_3D('',#1818,#1440,#1441);
#1292=AXIS2_PLACEMENT_3D('',#1819,#1442,#1443);
#1293=AXIS2_PLACEMENT_3D('',#1820,#1444,#1445);
#1294=AXIS2_PLACEMENT_3D('',#1823,#1446,#1447);
#1295=AXIS2_PLACEMENT_3D('',#1825,#1448,#1449);
#1296=AXIS2_PLACEMENT_3D('',#1826,#1450,#1451);
#1297=AXIS2_PLACEMENT_3D('',#1827,#1452,#1453);
#1298=AXIS2_PLACEMENT_3D('',#1832,#1456,#1457);
#1299=AXIS2_PLACEMENT_3D('',#1833,#1458,#1459);
#1300=AXIS2_PLACEMENT_3D('',#1836,#1460,#1461);
#1301=AXIS2_PLACEMENT_3D('',#1838,#1462,#1463);
#1302=AXIS2_PLACEMENT_3D('',#1840,#1464,#1465);
#1303=AXIS2_PLACEMENT_3D('',#1841,#1466,#1467);
#1304=AXIS2_PLACEMENT_3D('',#1842,#1468,#1469);
#1305=AXIS2_PLACEMENT_3D('',#1845,#1472,#1473);
#1306=AXIS2_PLACEMENT_3D('',#1848,#1474,#1475);
#1307=AXIS2_PLACEMENT_3D('',#1850,#1476,#1477);
#1308=AXIS2_PLACEMENT_3D('',#1851,#1478,#1479);
#1309=AXIS2_PLACEMENT_3D('',#1852,#1480,#1481);
#1310=AXIS2_PLACEMENT_3D('',#1855,#1484,#1485);
#1311=AXIS2_PLACEMENT_3D('',#1858,#1488,#1489);
#1312=AXIS2_PLACEMENT_3D('',#1861,#1490,#1491);
#1313=AXIS2_PLACEMENT_3D('',#1863,#1492,#1493);
#1314=AXIS2_PLACEMENT_3D('',#1865,#1494,#1495);
#1315=AXIS2_PLACEMENT_3D('',#1866,#1496,#1497);
#1316=AXIS2_PLACEMENT_3D('',#1867,#1498,#1499);
#1317=AXIS2_PLACEMENT_3D('',#1870,#1502,#1503);
#1318=AXIS2_PLACEMENT_3D('',#1873,#1506,#1507);
#1319=AXIS2_PLACEMENT_3D('',#1876,#1508,#1509);
#1320=AXIS2_PLACEMENT_3D('',#1878,#1510,#1511);
#1321=AXIS2_PLACEMENT_3D('',#1880,#1512,#1513);
#1322=AXIS2_PLACEMENT_3D('',#1881,#1514,#1515);
#1323=AXIS2_PLACEMENT_3D('',#1882,#1516,#1517);
#1324=AXIS2_PLACEMENT_3D('',#1885,#1520,#1521);
#1325=AXIS2_PLACEMENT_3D('',#1888,#1522,#1523);
#1326=AXIS2_PLACEMENT_3D('',#1890,#1524,#1525);
#1327=AXIS2_PLACEMENT_3D('',#1892,#1526,#1527);
#1328=AXIS2_PLACEMENT_3D('',#1893,#1528,#1529);
#1329=AXIS2_PLACEMENT_3D('',#1894,#1530,#1531);
#1330=AXIS2_PLACEMENT_3D('',#1897,#1534,#1535);
#1331=AXIS2_PLACEMENT_3D('',#1900,#1538,#1539);
#1332=AXIS2_PLACEMENT_3D('',#1903,#1542,#1543);
#1333=AXIS2_PLACEMENT_3D('',#1906,#1546,#1547);
#1334=AXIS2_PLACEMENT_3D('',#1909,#1550,#1551);
#1335=AXIS2_PLACEMENT_3D('',#1912,#1554,#1555);
#1336=AXIS2_PLACEMENT_3D('',#1915,#1558,#1559);
#1337=AXIS2_PLACEMENT_3D('',#1918,#1562,#1563);
#1338=AXIS2_PLACEMENT_3D('',#1930,#1570,#1571);
#1339=AXIS2_PLACEMENT_3D('',#1942,#1578,#1579);
#1340=AXIS2_PLACEMENT_3D('',#1943,#1580,#1581);
#1341=AXIS2_PLACEMENT_3D('',#1944,#1582,#1583);
#1342=AXIS2_PLACEMENT_3D('',#1945,#1584,#1585);
#1343=AXIS2_PLACEMENT_3D('',#1955,#1590,#1591);
#1344=AXIS2_PLACEMENT_3D('',#1957,#1592,#1593);
#1345=AXIS2_PLACEMENT_3D('',#1961,#1595,#1596);
#1346=AXIS2_PLACEMENT_3D('',#1965,#1598,#1599);
#1347=AXIS2_PLACEMENT_3D('',#1967,#1601,#1602);
#1348=AXIS2_PLACEMENT_3D('',#1968,#1603,#1604);
#1349=AXIS2_PLACEMENT_3D('',#1969,#1605,#1606);
#1350=AXIS2_PLACEMENT_3D('',#1972,#1607,#1608);
#1351=AXIS2_PLACEMENT_3D('',#1975,#1610,#1611);
#1352=AXIS2_PLACEMENT_3D('',#1977,#1613,#1614);
#1353=AXIS2_PLACEMENT_3D('',#1979,#1615,#1616);
#1354=AXIS2_PLACEMENT_3D('',#1980,#1617,#1618);
#1355=AXIS2_PLACEMENT_3D('',#1981,#1619,#1620);
#1356=AXIS2_PLACEMENT_3D('',#1983,#1621,#1622);
#1357=AXIS2_PLACEMENT_3D('',#1985,#1624,#1625);
#1358=AXIS2_PLACEMENT_3D('',#1987,#1626,#1627);
#1359=AXIS2_PLACEMENT_3D('',#1988,#1628,#1629);
#1360=AXIS2_PLACEMENT_3D('',#1989,#1630,#1631);
#1361=AXIS2_PLACEMENT_3D('',#1991,#1632,#1633);
#1362=AXIS2_PLACEMENT_3D('',#1993,#1635,#1636);
#1363=AXIS2_PLACEMENT_3D('',#2001,#1641,#1642);
#1364=AXIS2_PLACEMENT_3D('',#2007,#1646,#1647);
#1365=AXIS2_PLACEMENT_3D('',#2024,#1656,#1657);
#1366=AXIS2_PLACEMENT_3D('',#2026,#1658,#1659);
#1367=AXIS2_PLACEMENT_3D('',#2027,#1660,#1661);
#1368=AXIS2_PLACEMENT_3D('',#2031,#1664,#1665);
#1369=AXIS2_PLACEMENT_3D('',#2035,#1668,#1669);
#1370=AXIS2_PLACEMENT_3D('',#2039,#1672,#1673);
#1371=AXIS2_PLACEMENT_3D('',#2041,#1675,#1676);
#1372=AXIS2_PLACEMENT_3D('',#2045,#1679,#1680);
#1373=AXIS2_PLACEMENT_3D('',#2049,#1683,#1684);
#1374=AXIS2_PLACEMENT_3D('',#2058,#1689,#1690);
#1375=AXIS2_PLACEMENT_3D('',#2060,#1692,#1693);
#1376=AXIS2_PLACEMENT_3D('',#2066,#1697,#1698);
#1377=AXIS2_PLACEMENT_3D('',#2069,#1701,#1702);
#1378=AXIS2_PLACEMENT_3D('',#2072,#1705,#1706);
#1379=AXIS2_PLACEMENT_3D('',#2073,#1707,#1708);
#1380=AXIS2_PLACEMENT_3D('',#2074,#1709,#1710);
#1381=AXIS2_PLACEMENT_3D('',#2077,#1712,#1713);
#1382=AXIS2_PLACEMENT_3D('',#2078,#1714,#1715);
#1383=AXIS2_PLACEMENT_3D('',#2080,#1717,#1718);
#1384=AXIS2_PLACEMENT_3D('',#2083,#1720,#1721);
#1385=AXIS2_PLACEMENT_3D('',#2084,#1722,#1723);
#1386=AXIS2_PLACEMENT_3D('',#2086,#1725,#1726);
#1387=AXIS2_PLACEMENT_3D('',#2103,#1735,#1736);
#1388=AXIS2_PLACEMENT_3D('',#2106,#1739,#1740);
#1389=AXIS2_PLACEMENT_3D('',#2109,#1743,#1744);
#1390=AXIS2_PLACEMENT_3D('',#2110,#1745,#1746);
#1391=AXIS2_PLACEMENT_3D('',#2111,#1747,#1748);
#1392=AXIS2_PLACEMENT_3D('',#2117,#1752,#1753);
#1393=AXIS2_PLACEMENT_3D('',#2123,#1757,#1758);
#1394=AXIS2_PLACEMENT_3D('',#2128,#1762,#1763);
#1395=AXIS2_PLACEMENT_3D('',#2130,#1765,#1766);
#1396=AXIS2_PLACEMENT_3D('',#2134,#1769,#1770);
#1397=AXIS2_PLACEMENT_3D('',#2136,#1772,#1773);
#1398=AXIS2_PLACEMENT_3D('',#2140,#1776,#1777);
#1399=AXIS2_PLACEMENT_3D('',#2142,#1779,#1780);
#1400=DIRECTION('axis',(0.,0.,1.));
#1401=DIRECTION('refdir',(1.,0.,0.));
#1402=DIRECTION('center_axis',(-0.408248290463865,-0.40824829046386,-0.816496580927727));
#1403=DIRECTION('ref_axis',(-0.577350269189628,-0.577350269189623,0.577350269189627));
#1404=DIRECTION('center_axis',(7.40148683083438E-16,0.,1.));
#1405=DIRECTION('ref_axis',(0.,-1.,0.));
#1406=DIRECTION('center_axis',(-1.,2.96059473233374E-15,0.));
#1407=DIRECTION('ref_axis',(0.,0.,1.));
#1408=DIRECTION('center_axis',(0.,-1.,-5.9211894646675E-15));
#1409=DIRECTION('ref_axis',(-1.,0.,0.));
#1410=DIRECTION('center_axis',(1.,-2.43081332542367E-71,0.));
#1411=DIRECTION('ref_axis',(0.,-0.707106781186548,0.707106781186547));
#1412=DIRECTION('',(-1.,2.43081332542367E-71,0.));
#1413=DIRECTION('',(1.,-2.43081332542367E-71,0.));
#1414=DIRECTION('center_axis',(-0.707106781186548,0.,0.707106781186547));
#1415=DIRECTION('ref_axis',(-0.707106781186547,3.4376891724114E-71,-0.707106781186548));
#1416=DIRECTION('center_axis',(-1.,0.,0.));
#1417=DIRECTION('ref_axis',(0.,0.,1.));
#1418=DIRECTION('center_axis',(0.,0.,1.));
#1419=DIRECTION('ref_axis',(0.,-1.,0.));
#1420=DIRECTION('center_axis',(-1.,0.,0.));
#1421=DIRECTION('ref_axis',(0.,0.,-1.));
#1422=DIRECTION('center_axis',(0.,-1.,0.));
#1423=DIRECTION('ref_axis',(1.,0.,0.));
#1424=DIRECTION('center_axis',(1.,-1.62080416161974E-39,0.));
#1425=DIRECTION('ref_axis',(0.,0.707106781186548,-0.707106781186547));
#1426=DIRECTION('center_axis',(-0.816496580927729,-0.40824829046386,-0.408248290463861));
#1427=DIRECTION('ref_axis',(-0.577350269189625,0.577350269189625,0.577350269189628));
#1428=DIRECTION('center_axis',(-1.,0.,2.96059473233375E-15));
#1429=DIRECTION('ref_axis',(0.,1.,0.));
#1430=DIRECTION('center_axis',(0.,0.,1.));
#1431=DIRECTION('ref_axis',(-1.,0.,0.));
#1432=DIRECTION('center_axis',(0.,1.,0.));
#1433=DIRECTION('ref_axis',(0.,0.,1.));
#1434=DIRECTION('center_axis',(0.,0.,-1.));
#1435=DIRECTION('ref_axis',(-1.,0.,0.));
#1436=DIRECTION('center_axis',(0.,-7.40148683083432E-16,-1.));
#1437=DIRECTION('ref_axis',(-1.,0.,0.));
#1438=DIRECTION('center_axis',(0.,-1.,0.));
#1439=DIRECTION('ref_axis',(0.,0.,-1.));
#1440=DIRECTION('center_axis',(-1.32348898008484E-23,1.2246449997006E-16,
1.));
#1441=DIRECTION('ref_axis',(-0.707106781186544,-0.707106781186551,1.30841038223647E-16));
#1442=DIRECTION('center_axis',(-1.,0.,0.));
#1443=DIRECTION('ref_axis',(0.,1.,0.));
#1444=DIRECTION('center_axis',(-0.816496580927726,-0.408248290463863,0.408248290463863));
#1445=DIRECTION('ref_axis',(0.577350269189626,-0.577350269189626,0.577350269189625));
#1446=DIRECTION('center_axis',(0.,-1.,0.));
#1447=DIRECTION('ref_axis',(0.,0.,1.));
#1448=DIRECTION('center_axis',(1.,0.,0.));
#1449=DIRECTION('ref_axis',(0.,-1.,0.));
#1450=DIRECTION('center_axis',(0.,0.,1.));
#1451=DIRECTION('ref_axis',(1.,0.,0.));
#1452=DIRECTION('center_axis',(1.,-2.43081332542367E-71,0.));
#1453=DIRECTION('ref_axis',(0.,-0.707106781186548,0.707106781186547));
#1454=DIRECTION('',(1.,-2.43081332542367E-71,0.));
#1455=DIRECTION('',(-1.,2.43081332542367E-71,0.));
#1456=DIRECTION('center_axis',(0.707106781186547,0.,0.707106781186548));
#1457=DIRECTION('ref_axis',(-0.707106781186548,3.43768917241139E-71,0.707106781186547));
#1458=DIRECTION('center_axis',(1.,0.,0.));
#1459=DIRECTION('ref_axis',(0.,0.,-1.));
#1460=DIRECTION('center_axis',(1.,0.,0.));
#1461=DIRECTION('ref_axis',(0.,1.,0.));
#1462=DIRECTION('center_axis',(0.,0.,1.));
#1463=DIRECTION('ref_axis',(-1.,0.,0.));
#1464=DIRECTION('center_axis',(-1.,1.62080416161974E-39,0.));
#1465=DIRECTION('ref_axis',(0.,0.707106781186548,-0.707106781186547));
#1466=DIRECTION('center_axis',(0.,-1.,0.));
#1467=DIRECTION('ref_axis',(0.,0.,1.));
#1468=DIRECTION('center_axis',(-1.98490971202154E-55,-1.2246449997006E-16,
-1.));
#1469=DIRECTION('ref_axis',(-0.707106781186548,-0.707106781186548,0.));
#1470=DIRECTION('',(-1.98490971202154E-55,-1.2246449997006E-16,-1.));
#1471=DIRECTION('',(1.98490971202154E-55,1.2246449997006E-16,1.));
#1472=DIRECTION('center_axis',(-0.816496580927726,0.408248290463861,0.408248290463864));
#1473=DIRECTION('ref_axis',(0.577350269189628,0.577350269189623,0.577350269189626));
#1474=DIRECTION('center_axis',(7.40148683083436E-16,0.,1.));
#1475=DIRECTION('ref_axis',(0.,1.,0.));
#1476=DIRECTION('center_axis',(1.,0.,0.));
#1477=DIRECTION('ref_axis',(0.,0.,1.));
#1478=DIRECTION('center_axis',(0.,1.,0.));
#1479=DIRECTION('ref_axis',(1.,0.,0.));
#1480=DIRECTION('center_axis',(1.,-2.43081332542367E-71,0.));
#1481=DIRECTION('ref_axis',(0.,0.707106781186544,0.707106781186551));
#1482=DIRECTION('',(-1.,2.43081332542367E-71,0.));
#1483=DIRECTION('',(1.,-2.43081332542367E-71,0.));
#1484=DIRECTION('center_axis',(2.43081332542367E-71,1.,-1.2246449997006E-16));
#1485=DIRECTION('ref_axis',(0.707106781186548,0.,0.707106781186547));
#1486=DIRECTION('',(-2.43081332542367E-71,-1.,1.2246449997006E-16));
#1487=DIRECTION('',(2.43081332542367E-71,1.,-1.2246449997006E-16));
#1488=DIRECTION('center_axis',(0.,0.,1.));
#1489=DIRECTION('ref_axis',(1.,0.,0.));
#1490=DIRECTION('center_axis',(-1.32348898008484E-23,1.2246449997006E-16,
1.));
#1491=DIRECTION('ref_axis',(-0.707106781186547,0.707106781186549,-1.30841038223648E-16));
#1492=DIRECTION('center_axis',(0.,1.,0.));
#1493=DIRECTION('ref_axis',(1.,0.,0.));
#1494=DIRECTION('center_axis',(-3.70074341541719E-16,0.,-1.));
#1495=DIRECTION('ref_axis',(0.,1.,0.));
#1496=DIRECTION('center_axis',(-1.,0.,0.));
#1497=DIRECTION('ref_axis',(0.,0.,-1.));
#1498=DIRECTION('center_axis',(2.43081332542367E-71,1.,-1.2246449997006E-16));
#1499=DIRECTION('ref_axis',(0.707106781186546,0.,-0.707106781186549));
#1500=DIRECTION('',(-2.43081332542367E-71,-1.,1.2246449997006E-16));
#1501=DIRECTION('',(2.43081332542367E-71,1.,-1.2246449997006E-16));
#1502=DIRECTION('center_axis',(2.97688338418567E-87,1.2246449997006E-16,
1.));
#1503=DIRECTION('ref_axis',(-0.70710678118655,0.707106781186545,0.));
#1504=DIRECTION('',(-2.97688338418567E-87,-1.2246449997006E-16,-1.));
#1505=DIRECTION('',(2.97688338418567E-87,1.2246449997006E-16,1.));
#1506=DIRECTION('center_axis',(0.,0.,-1.));
#1507=DIRECTION('ref_axis',(-1.,0.,0.));
#1508=DIRECTION('center_axis',(0.,0.,-1.));
#1509=DIRECTION('ref_axis',(0.,-1.,0.));
#1510=DIRECTION('center_axis',(1.,0.,0.));
#1511=DIRECTION('ref_axis',(0.,0.,-1.));
#1512=DIRECTION('center_axis',(-1.32348898008484E-23,1.2246449997006E-16,
1.));
#1513=DIRECTION('ref_axis',(0.707106781186547,-0.707106781186547,1.30841038223648E-16));
#1514=DIRECTION('center_axis',(0.,-1.,0.));
#1515=DIRECTION('ref_axis',(-1.,0.,0.));
#1516=DIRECTION('center_axis',(-1.,-1.62080416161974E-39,-1.32348898008484E-23));
#1517=DIRECTION('ref_axis',(0.,0.707106781186548,-0.707106781186547));
#1518=DIRECTION('',(1.,1.62080416161974E-39,1.32348898008484E-23));
#1519=DIRECTION('',(-1.,-1.62080416161974E-39,-1.32348898008484E-23));
#1520=DIRECTION('center_axis',(0.,0.,-1.));
#1521=DIRECTION('ref_axis',(-1.,0.,0.));
#1522=DIRECTION('center_axis',(0.,-7.40148683083436E-16,-1.));
#1523=DIRECTION('ref_axis',(1.,0.,0.));
#1524=DIRECTION('center_axis',(0.,1.,0.));
#1525=DIRECTION('ref_axis',(0.,0.,-1.));
#1526=DIRECTION('center_axis',(-1.32348898008484E-23,1.2246449997006E-16,
1.));
#1527=DIRECTION('ref_axis',(0.707106781186547,0.707106781186547,-1.30841038223648E-16));
#1528=DIRECTION('center_axis',(1.,0.,0.));
#1529=DIRECTION('ref_axis',(0.,-1.,0.));
#1530=DIRECTION('center_axis',(-2.43081332542367E-71,-1.,1.2246449997006E-16));
#1531=DIRECTION('ref_axis',(-0.707106781186548,0.,-0.707106781186547));
#1532=DIRECTION('',(2.43081332542367E-71,1.,-1.2246449997006E-16));
#1533=DIRECTION('',(-2.43081332542367E-71,-1.,1.2246449997006E-16));
#1534=DIRECTION('center_axis',(1.,1.62080416161974E-39,1.32348898008484E-23));
#1535=DIRECTION('ref_axis',(0.,-0.707106781186544,-0.707106781186551));
#1536=DIRECTION('',(-1.,-1.62080416161974E-39,-1.32348898008484E-23));
#1537=DIRECTION('',(1.,1.62080416161974E-39,1.32348898008484E-23));
#1538=DIRECTION('center_axis',(-2.97688338418567E-87,-1.2246449997006E-16,
-1.));
#1539=DIRECTION('ref_axis',(0.707106781186552,0.707106781186543,0.));
#1540=DIRECTION('',(2.97688338418567E-87,1.2246449997006E-16,1.));
#1541=DIRECTION('',(-2.97688338418567E-87,-1.2246449997006E-16,-1.));
#1542=DIRECTION('center_axis',(-2.97688338418567E-87,-1.2246449997006E-16,
-1.));
#1543=DIRECTION('ref_axis',(0.707106781186548,-0.707106781186548,0.));
#1544=DIRECTION('',(2.97688338418567E-87,1.2246449997006E-16,1.));
#1545=DIRECTION('',(-2.97688338418567E-87,-1.2246449997006E-16,-1.));
#1546=DIRECTION('center_axis',(-1.,-1.62080416161974E-39,-1.32348898008484E-23));
#1547=DIRECTION('ref_axis',(0.,0.707106781186548,-0.707106781186547));
#1548=DIRECTION('',(1.,1.62080416161974E-39,1.32348898008484E-23));
#1549=DIRECTION('',(-1.,-1.62080416161974E-39,-1.32348898008484E-23));
#1550=DIRECTION('center_axis',(-2.97688338418567E-87,-1.2246449997006E-16,
-1.));
#1551=DIRECTION('ref_axis',(-0.707106781186545,-0.70710678118655,0.));
#1552=DIRECTION('',(2.97688338418567E-87,1.2246449997006E-16,1.));
#1553=DIRECTION('',(-2.97688338418567E-87,-1.2246449997006E-16,-1.));
#1554=DIRECTION('center_axis',(2.43081332542367E-71,1.,-1.2246449997006E-16));
#1555=DIRECTION('ref_axis',(-0.707106781186549,0.,0.707106781186546));
#1556=DIRECTION('',(-2.43081332542367E-71,-1.,1.2246449997006E-16));
#1557=DIRECTION('',(2.43081332542367E-71,1.,-1.2246449997006E-16));
#1558=DIRECTION('center_axis',(1.98490971202154E-55,1.2246449997006E-16,
1.));
#1559=DIRECTION('ref_axis',(0.707106781186545,-0.70710678118655,0.));
#1560=DIRECTION('',(-1.98490971202154E-55,-1.2246449997006E-16,-1.));
#1561=DIRECTION('',(1.98490971202154E-55,1.2246449997006E-16,1.));
#1562=DIRECTION('center_axis',(1.,-1.62080416161974E-39,0.));
#1563=DIRECTION('ref_axis',(1.62080416161974E-39,1.,-1.2246449997006E-16));
#1564=DIRECTION('',(-1.62080416161974E-39,-1.,1.2246449997006E-16));
#1565=DIRECTION('',(1.14608176389755E-39,0.707106873881801,0.707106688491282));
#1566=DIRECTION('',(1.98490971202154E-55,1.2246449997006E-16,1.));
#1567=DIRECTION('',(-1.62080416161974E-39,-1.,1.2246449997006E-16));
#1568=DIRECTION('',(0.,0.,1.));
#1569=DIRECTION('',(1.62080416161974E-39,1.,-1.2246449997006E-16));
#1570=DIRECTION('center_axis',(2.97688338418567E-87,1.2246449997006E-16,
1.));
#1571=DIRECTION('ref_axis',(1.,-2.43081332542367E-71,0.));
#1572=DIRECTION('',(1.62080416161974E-39,1.,-1.2246449997006E-16));
#1573=DIRECTION('',(1.,-2.43081332542367E-71,0.));
#1574=DIRECTION('',(2.43081332542367E-71,1.,-1.2246449997006E-16));
#1575=DIRECTION('',(1.,-2.43081332542367E-71,0.));
#1576=DIRECTION('',(2.43081332542367E-71,1.,-1.2246449997006E-16));
#1577=DIRECTION('',(1.,-2.43081332542367E-71,0.));
#1578=DIRECTION('center_axis',(-2.43081332542367E-71,-1.,1.2246449997006E-16));
#1579=DIRECTION('ref_axis',(-2.97688338418567E-87,-1.2246449997006E-16,
-1.));
#1580=DIRECTION('center_axis',(2.43081332542367E-71,1.,-1.2246449997006E-16));
#1581=DIRECTION('ref_axis',(0.,1.2246449997006E-16,1.));
#1582=DIRECTION('center_axis',(-1.,2.43081332542367E-71,0.));
#1583=DIRECTION('ref_axis',(2.97688338418567E-87,1.2246449997006E-16,1.));
#1584=DIRECTION('center_axis',(-1.32348898008484E-23,1.2246449997006E-16,
1.));
#1585=DIRECTION('ref_axis',(1.,0.,2.06795153138257E-23));
#1586=DIRECTION('',(1.,0.,2.06795153138257E-23));
#1587=DIRECTION('',(0.,1.,-1.22464461919751E-16));
#1588=DIRECTION('',(1.,0.,2.06795153138257E-23));
#1589=DIRECTION('',(0.,1.,-1.22464461919751E-16));
#1590=DIRECTION('center_axis',(1.32348898008484E-23,-1.2246449997006E-16,
-1.));
#1591=DIRECTION('ref_axis',(1.,0.,0.));
#1592=DIRECTION('center_axis',(1.32348898008484E-23,-1.2246449997006E-16,
-1.));
#1593=DIRECTION('ref_axis',(1.,0.,0.));
#1594=DIRECTION('',(1.62080416161974E-39,1.,-1.2246449997006E-16));
#1595=DIRECTION('center_axis',(-1.32348898008484E-23,1.2246449997006E-16,
1.));
#1596=DIRECTION('ref_axis',(0.707106781186556,-0.707106781186539,8.65954877419281E-17));
#1597=DIRECTION('',(1.,1.77635683940018E-14,1.32348876254419E-23));
#1598=DIRECTION('center_axis',(-1.32348898008484E-23,1.2246449997006E-16,
1.));
#1599=DIRECTION('ref_axis',(-0.707106781186542,-0.707106781186553,8.65954690249692E-17));
#1600=DIRECTION('',(-1.62080416161974E-39,-1.,1.2246449997006E-16));
#1601=DIRECTION('center_axis',(1.,-2.43081332542367E-71,0.));
#1602=DIRECTION('ref_axis',(-2.97688338418567E-87,-1.2246449997006E-16,
-1.));
#1603=DIRECTION('center_axis',(-2.43081332542367E-71,-1.,1.2246449997006E-16));
#1604=DIRECTION('ref_axis',(-2.97688338418567E-87,-1.2246449997006E-16,
-1.));
#1605=DIRECTION('center_axis',(-1.62080416161974E-39,-1.,1.2246449997006E-16));
#1606=DIRECTION('ref_axis',(0.707106781186548,0.,-0.707106781186548));
#1607=DIRECTION('center_axis',(0.,-1.,0.));
#1608=DIRECTION('ref_axis',(0.707106781186548,0.,-0.707106781186548));
#1609=DIRECTION('',(-1.62080416161974E-39,-1.,1.2246449997006E-16));
#1610=DIRECTION('center_axis',(0.,1.,0.));
#1611=DIRECTION('ref_axis',(1.,0.,-1.04083408558609E-16));
#1612=DIRECTION('',(1.62080416161974E-39,1.,-1.2246449997006E-16));
#1613=DIRECTION('center_axis',(1.32348898008484E-23,-1.2246449997006E-16,
-1.));
#1614=DIRECTION('ref_axis',(-1.,0.,0.));
#1615=DIRECTION('center_axis',(-1.,-1.77635683940025E-14,0.));
#1616=DIRECTION('ref_axis',(-1.77635683940025E-14,1.,5.78241158658934E-17));
#1617=DIRECTION('center_axis',(1.32348898008484E-23,-1.2246449997006E-16,
-1.));
#1618=DIRECTION('ref_axis',(-0.707106781186542,-0.707106781186553,8.65954690249692E-17));
#1619=DIRECTION('center_axis',(1.,1.77635683940018E-14,1.32348876254419E-23));
#1620=DIRECTION('ref_axis',(-1.25607396694703E-14,0.707106781186545,-0.70710678118655));
#1621=DIRECTION('center_axis',(1.,1.77635683940025E-14,0.));
#1622=DIRECTION('ref_axis',(-1.77635683940025E-14,1.,9.67975699595056E-15));
#1623=DIRECTION('',(-1.,-1.77635683940018E-14,-1.32348876254419E-23));
#1624=DIRECTION('center_axis',(1.32348898008484E-23,-1.2246449997006E-16,
-1.));
#1625=DIRECTION('ref_axis',(-1.,0.,0.));
#1626=DIRECTION('center_axis',(0.,-1.,0.));
#1627=DIRECTION('ref_axis',(-1.,0.,1.27213054904966E-16));
#1628=DIRECTION('center_axis',(1.32348898008484E-23,-1.2246449997006E-16,
-1.));
#1629=DIRECTION('ref_axis',(0.707106781186556,-0.707106781186539,8.65954877419281E-17));
#1630=DIRECTION('center_axis',(1.62080416161974E-39,1.,-1.2246449997006E-16));
#1631=DIRECTION('ref_axis',(-0.70710678118655,0.,-0.707106781186545));
#1632=DIRECTION('center_axis',(0.,-1.,0.));
#1633=DIRECTION('ref_axis',(-0.70710678118655,0.,-0.707106781186545));
#1634=DIRECTION('',(-1.62080416161974E-39,-1.,1.2246449997006E-16));
#1635=DIRECTION('center_axis',(-1.,1.62080416161974E-39,0.));
#1636=DIRECTION('ref_axis',(-1.62080416161974E-39,-1.,1.2246449997006E-16));
#1637=DIRECTION('',(0.,0.,-1.));
#1638=DIRECTION('',(1.62080416161974E-39,1.,-1.2246449997006E-16));
#1639=DIRECTION('',(-1.98490971202154E-55,-1.2246449997006E-16,-1.));
#1640=DIRECTION('',(-1.14608176389755E-39,-0.707106873881801,-0.707106688491282));
#1641=DIRECTION('center_axis',(0.,-1.,0.));
#1642=DIRECTION('ref_axis',(-1.,0.,2.97688338418567E-87));
#1643=DIRECTION('',(1.,0.,1.32348898008484E-23));
#1644=DIRECTION('',(0.,0.,-1.));
#1645=DIRECTION('',(-1.,0.,2.97688338418567E-87));
#1646=DIRECTION('center_axis',(1.32348898008484E-23,-1.2246449997006E-16,
-1.));
#1647=DIRECTION('ref_axis',(-1.,0.,-2.06795153138257E-23));
#1648=DIRECTION('',(1.,0.,2.06795153138257E-23));
#1649=DIRECTION('',(-6.20009140629203E-5,0.999999998077943,-1.22464552909619E-16));
#1650=DIRECTION('',(1.,0.,2.06795153138257E-23));
#1651=DIRECTION('',(0.,1.,-1.22464461919751E-16));
#1652=DIRECTION('',(1.,0.,1.32348898008484E-23));
#1653=DIRECTION('',(-3.64562535113477E-103,1.,-1.2246449997006E-16));
#1654=DIRECTION('',(-1.,-2.01076468338595E-87,-1.32348898008484E-23));
#1655=DIRECTION('',(3.64562535113477E-103,-1.,1.2246449997006E-16));
#1656=DIRECTION('center_axis',(1.32348898008484E-23,-1.2246449997006E-16,
-1.));
#1657=DIRECTION('ref_axis',(1.,1.62080416161974E-39,1.32348898008484E-23));
#1658=DIRECTION('center_axis',(1.32348898008484E-23,-1.2246449997006E-16,
-1.));
#1659=DIRECTION('ref_axis',(1.,1.62080416161974E-39,1.32348898008484E-23));
#1660=DIRECTION('center_axis',(0.,-1.,0.));
#1661=DIRECTION('ref_axis',(-1.,0.,2.97688338418567E-87));
#1662=DIRECTION('',(-1.,0.,2.97688338418567E-87));
#1663=DIRECTION('',(0.,0.,-1.));
#1664=DIRECTION('center_axis',(2.97688338418567E-87,1.2246449997006E-16,
1.));
#1665=DIRECTION('ref_axis',(1.,-2.43081332542367E-71,0.));
#1666=DIRECTION('',(1.,-2.43081332542367E-71,0.));
#1667=DIRECTION('',(2.43081332542367E-71,1.,-1.2246449997006E-16));
#1668=DIRECTION('center_axis',(2.43081332542367E-71,1.,-1.2246449997006E-16));
#1669=DIRECTION('ref_axis',(2.97688338418567E-87,1.2246449997006E-16,1.));
#1670=DIRECTION('',(1.,-2.43081332542367E-71,0.));
#1671=DIRECTION('',(2.97688338418567E-87,1.2246449997006E-16,1.));
#1672=DIRECTION('center_axis',(1.71884436088081E-71,0.707106688491282,-0.707106873881801));
#1673=DIRECTION('ref_axis',(-1.,2.43081332542367E-71,0.));
#1674=DIRECTION('',(1.71884481153055E-71,0.707106873881801,0.707106688491282));
#1675=DIRECTION('center_axis',(2.97688338418567E-87,1.2246449997006E-16,
1.));
#1676=DIRECTION('ref_axis',(1.,-2.43081332542367E-71,0.));
#1677=DIRECTION('',(2.43081332542367E-71,1.,-1.2246449997006E-16));
#1678=DIRECTION('',(1.,-2.43081332542367E-71,0.));
#1679=DIRECTION('center_axis',(2.43081332542367E-71,1.,-1.2246449997006E-16));
#1680=DIRECTION('ref_axis',(2.97688338418567E-87,1.2246449997006E-16,1.));
#1681=DIRECTION('',(2.97688338418567E-87,1.2246449997006E-16,1.));
#1682=DIRECTION('',(1.,-2.43081332542367E-71,0.));
#1683=DIRECTION('center_axis',(-2.43081332542367E-71,-1.,1.2246449997006E-16));
#1684=DIRECTION('ref_axis',(-2.97688338418567E-87,-1.2246449997006E-16,
-1.));
#1685=DIRECTION('',(1.,-2.43081332542367E-71,0.));
#1686=DIRECTION('',(2.97688338418567E-87,1.2246449997006E-16,1.));
#1687=DIRECTION('',(-1.,2.43081332542367E-71,0.));
#1688=DIRECTION('',(2.97688338418567E-87,1.2246449997006E-16,1.));
#1689=DIRECTION('center_axis',(1.71884436088081E-71,0.707106688491282,-0.707106873881801));
#1690=DIRECTION('ref_axis',(-1.,2.43081332542367E-71,0.));
#1691=DIRECTION('',(1.71884481153055E-71,0.707106873881801,0.707106688491282));
#1692=DIRECTION('center_axis',(2.97688338418567E-87,1.2246449997006E-16,
1.));
#1693=DIRECTION('ref_axis',(1.,-2.43081332542367E-71,0.));
#1694=DIRECTION('',(2.43081332542367E-71,1.,-1.2246449997006E-16));
#1695=DIRECTION('',(2.43081332542367E-71,1.,-1.2246449997006E-16));
#1696=DIRECTION('',(1.,2.01076468338595E-87,-2.97688338418567E-87));
#1697=DIRECTION('center_axis',(-1.71884437051915E-71,-0.70710669245635,
-0.707106869916734));
#1698=DIRECTION('ref_axis',(-1.,2.43081332542367E-71,0.));
#1699=DIRECTION('',(1.71884480189222E-71,0.707106869916734,-0.70710669245635));
#1700=DIRECTION('',(1.71884480189222E-71,0.707106869916734,-0.70710669245635));
#1701=DIRECTION('center_axis',(-2.01076468338595E-87,1.,0.));
#1702=DIRECTION('ref_axis',(1.,2.01076468338595E-87,-2.97688338418567E-87));
#1703=DIRECTION('',(0.,0.,-1.));
#1704=DIRECTION('',(0.,0.,-1.));
#1705=DIRECTION('center_axis',(1.,3.64562535113477E-103,0.));
#1706=DIRECTION('ref_axis',(3.64562535113477E-103,-1.,1.2246449997006E-16));
#1707=DIRECTION('center_axis',(-1.,-3.64562535113477E-103,0.));
#1708=DIRECTION('ref_axis',(-3.64562535113477E-103,1.,-1.2246449997006E-16));
#1709=DIRECTION('center_axis',(0.,0.,-1.));
#1710=DIRECTION('ref_axis',(1.,1.03142083012166E-39,8.42220260053992E-24));
#1711=DIRECTION('',(0.64018439966448,-7.83999775913175E-17,0.768221279597376));
#1712=DIRECTION('center_axis',(-1.32348898008484E-23,1.2246449997006E-16,
1.));
#1713=DIRECTION('ref_axis',(1.,0.,0.));
#1714=DIRECTION('center_axis',(0.,0.,1.));
#1715=DIRECTION('ref_axis',(1.,0.,0.));
#1716=DIRECTION('',(0.,0.,1.));
#1717=DIRECTION('center_axis',(0.,0.,-1.));
#1718=DIRECTION('ref_axis',(1.,1.03142083012166E-39,8.42220260053992E-24));
#1719=DIRECTION('',(0.640184399664484,-7.8399977591318E-17,0.768221279597373));
#1720=DIRECTION('center_axis',(-1.32348898008484E-23,1.2246449997006E-16,
1.));
#1721=DIRECTION('ref_axis',(1.,0.,0.));
#1722=DIRECTION('center_axis',(0.,0.,-1.));
#1723=DIRECTION('ref_axis',(1.,0.,0.));
#1724=DIRECTION('',(0.,0.,-1.));
#1725=DIRECTION('center_axis',(-1.32348898008484E-23,1.2246449997006E-16,
1.));
#1726=DIRECTION('ref_axis',(1.,0.,2.06795153138257E-23));
#1727=DIRECTION('',(0.,1.,-1.22464461919751E-16));
#1728=DIRECTION('',(1.,0.,2.06795153138257E-23));
#1729=DIRECTION('',(0.,1.,-1.22464461919751E-16));
#1730=DIRECTION('',(1.,0.,2.06795153138257E-23));
#1731=DIRECTION('',(1.,0.,2.06795153138257E-23));
#1732=DIRECTION('',(-3.94430452610506E-30,1.,-1.2246448673517E-16));
#1733=DIRECTION('',(1.,0.,2.06795153138257E-23));
#1734=DIRECTION('',(0.,1.,-1.22464461919751E-16));
#1735=DIRECTION('center_axis',(-6.61744490042422E-24,-0.724999433594414,
0.688749461914693));
#1736=DIRECTION('ref_axis',(1.,0.,2.06795153138257E-23));
#1737=DIRECTION('',(0.554891523788269,-0.572986319452517,-0.603143494160545));
#1738=DIRECTION('',(0.554891523788269,0.572986319452517,0.603143494160545));
#1739=DIRECTION('center_axis',(-1.32348898008484E-23,0.724999433594414,
0.688749461914693));
#1740=DIRECTION('ref_axis',(1.,0.,2.06795153138257E-23));
#1741=DIRECTION('',(0.554891523788269,-0.572986319452517,0.603143494160545));
#1742=DIRECTION('',(0.554891523788269,0.572986319452517,-0.603143494160545));
#1743=DIRECTION('center_axis',(-0.735931310175016,8.29153405226742E-17,
0.677056206458581));
#1744=DIRECTION('ref_axis',(0.677056206458581,9.01254636407151E-17,0.735931310175016));
#1745=DIRECTION('center_axis',(0.735931310175016,8.29153140528946E-17,0.677056206458581));
#1746=DIRECTION('ref_axis',(0.677056206458581,-9.01254222816845E-17,-0.735931310175016));
#1747=DIRECTION('center_axis',(-1.,-3.15544362088405E-30,-1.32348898008484E-23));
#1748=DIRECTION('ref_axis',(-1.03397576569128E-23,1.22464503278782E-16,
1.));
#1749=DIRECTION('',(1.51461293802434E-27,0.999999998078178,-6.19971300585371E-5));
#1750=DIRECTION('',(-1.03397576569128E-23,1.22464503278782E-16,1.));
#1751=DIRECTION('',(-1.03397576569128E-23,1.22464503278782E-16,1.));
#1752=DIRECTION('center_axis',(-3.15544362088405E-30,1.,-1.22464552909619E-16));
#1753=DIRECTION('ref_axis',(-1.03397576569128E-23,1.22464503278782E-16,
1.));
#1754=DIRECTION('',(-0.707128359385198,8.65928399422971E-17,0.707085202329392));
#1755=DIRECTION('',(-1.03397576569128E-23,1.22464503278782E-16,1.));
#1756=DIRECTION('',(1.,0.,2.06795153138257E-23));
#1757=DIRECTION('center_axis',(-0.707085201649905,-4.38399289070078E-5,
-0.70712835870567));
#1758=DIRECTION('ref_axis',(-0.707128359385198,8.65928233986849E-17,0.707085202329392));
#1759=DIRECTION('',(0.577349934645233,0.577350380704356,-0.577350492219137));
#1760=DIRECTION('',(0.707128359385198,-8.65927820396542E-17,-0.707085202329392));
#1761=DIRECTION('',(-0.577397843909571,0.577326148790421,0.577326811928391));
#1762=DIRECTION('center_axis',(6.61744490042422E-24,0.707107187290578,-0.707106375082284));
#1763=DIRECTION('ref_axis',(-1.,0.,-2.06795153138257E-23));
#1764=DIRECTION('',(0.577350416559586,0.577349863921931,0.577350527087142));
#1765=DIRECTION('center_axis',(0.707106848870549,-8.65954604504777E-17,
-0.707106713502539));
#1766=DIRECTION('ref_axis',(-0.707106713502539,-8.6595470376645E-17,-0.70710684887055));
#1767=DIRECTION('',(0.,1.,-1.22464461919751E-16));
#1768=DIRECTION('',(0.579053947211888,-0.57392762963298,0.579054058065567));
#1769=DIRECTION('center_axis',(1.,3.15544362088405E-30,1.32348898008484E-23));
#1770=DIRECTION('ref_axis',(1.03397576569128E-23,-1.22464503278782E-16,
-1.));
#1771=DIRECTION('',(2.48154183765908E-23,-1.22464552909619E-16,-1.));
#1772=DIRECTION('center_axis',(3.15544362088405E-30,-1.,1.22464552909619E-16));
#1773=DIRECTION('ref_axis',(1.03397576569128E-23,-1.22464503278782E-16,
-1.));
#1774=DIRECTION('',(1.,0.,1.65436122510605E-23));
#1775=DIRECTION('',(-0.707106781186547,-8.65954538330328E-17,-0.707106781186548));
#1776=DIRECTION('center_axis',(0.707106781186541,-1.36577129438352E-7,-0.707106781186541));
#1777=DIRECTION('ref_axis',(-0.707106781186547,-8.65954290176144E-17,-0.707106781186548));
#1778=DIRECTION('',(0.577350232018039,-0.577350232018039,0.577350343532792));
#1779=DIRECTION('center_axis',(0.,-0.707106849475102,-0.707106712897986));
#1780=DIRECTION('ref_axis',(-1.,0.,-2.06795153138257E-23));
#1781=CARTESIAN_POINT('',(0.,0.,0.));
#1782=CARTESIAN_POINT('Origin',(34.5,54.75,11.9000001907349));
#1783=CARTESIAN_POINT('',(34.5,53.25,11.9000001907349));
#1784=CARTESIAN_POINT('',(33.,54.75,11.9000001907349));
#1785=CARTESIAN_POINT('Origin',(34.5,54.75,11.9000001907349));
#1786=CARTESIAN_POINT('',(34.5,54.75,13.4000001907349));
#1787=CARTESIAN_POINT('Origin',(34.5,54.75,11.9000001907349));
#1788=CARTESIAN_POINT('Origin',(34.5,54.75,11.9000001907349));
#1789=CARTESIAN_POINT('Origin',(35.,54.75,11.9000001907349));
#1790=CARTESIAN_POINT('',(42.25,54.75,13.4000001907349));
#1791=CARTESIAN_POINT('',(35.,54.75,13.4000001907349));
#1792=CARTESIAN_POINT('',(40.75,53.25,11.9000001907349));
#1793=CARTESIAN_POINT('',(35.,53.25,11.9000001907349));
#1794=CARTESIAN_POINT('Origin',(40.75,54.75,11.9000001907349));
#1795=CARTESIAN_POINT('Origin',(40.75,51.75,8.09999999999998));
#1796=CARTESIAN_POINT('',(40.75,53.25,8.09999999999998));
#1797=CARTESIAN_POINT('',(42.25,54.75,8.09999999999998));
#1798=CARTESIAN_POINT('Origin',(40.75,54.75,8.09999999999998));
#1799=CARTESIAN_POINT('',(40.75,51.75,6.59999999999998));
#1800=CARTESIAN_POINT('Origin',(40.75,51.75,8.09999999999998));
#1801=CARTESIAN_POINT('',(42.25,51.75,5.09999999999998));
#1802=CARTESIAN_POINT('Origin',(40.75,51.75,5.09999999999998));
#1803=CARTESIAN_POINT('Origin',(42.25,51.75,8.09999999999998));
#1804=CARTESIAN_POINT('Origin',(34.5,81.25,11.9000001907349));
#1805=CARTESIAN_POINT('',(34.5,82.75,11.9000001907349));
#1806=CARTESIAN_POINT('',(34.5,81.25,13.4000001907349));
#1807=CARTESIAN_POINT('Origin',(34.5,81.25,11.9000001907349));
#1808=CARTESIAN_POINT('',(33.,81.25,11.9000001907349));
#1809=CARTESIAN_POINT('Origin',(34.5,81.25,11.9000001907349));
#1810=CARTESIAN_POINT('Origin',(34.5,81.25,11.9000001907349));
#1811=CARTESIAN_POINT('Origin',(34.5,54.75,8.09999999999998));
#1812=CARTESIAN_POINT('',(33.,54.75,8.09999999999998));
#1813=CARTESIAN_POINT('',(34.5,53.25,8.09999999999998));
#1814=CARTESIAN_POINT('Origin',(34.5,54.75,8.09999999999998));
#1815=CARTESIAN_POINT('',(31.5,54.75,6.59999999999998));
#1816=CARTESIAN_POINT('Origin',(31.5,54.75,8.09999999999998));
#1817=CARTESIAN_POINT('',(34.5,51.75,6.59999999999998));
#1818=CARTESIAN_POINT('Origin',(34.5,54.75,6.59999999999998));
#1819=CARTESIAN_POINT('Origin',(34.5,51.75,8.09999999999998));
#1820=CARTESIAN_POINT('Origin',(54.5,54.75,11.9000001907349));
#1821=CARTESIAN_POINT('',(54.5,54.75,13.4000001907349));
#1822=CARTESIAN_POINT('',(56.,54.75,11.9000001907349));
#1823=CARTESIAN_POINT('Origin',(54.5,54.75,11.9000001907349));
#1824=CARTESIAN_POINT('',(54.5,53.25,11.9000001907349));
#1825=CARTESIAN_POINT('Origin',(54.5,54.75,11.9000001907349));
#1826=CARTESIAN_POINT('Origin',(54.5,54.75,11.9000001907349));
#1827=CARTESIAN_POINT('Origin',(35.,54.75,11.9000001907349));
#1828=CARTESIAN_POINT('',(48.25,53.25,11.9000001907349));
#1829=CARTESIAN_POINT('',(35.,53.25,11.9000001907349));
#1830=CARTESIAN_POINT('',(46.75,54.75,13.4000001907349));
#1831=CARTESIAN_POINT('',(35.,54.75,13.4000001907349));
#1832=CARTESIAN_POINT('Origin',(48.25,54.75,11.9000001907349));
#1833=CARTESIAN_POINT('Origin',(48.25,51.75,8.09999999999998));
#1834=CARTESIAN_POINT('',(48.25,53.25,8.09999999999998));
#1835=CARTESIAN_POINT('',(48.25,51.75,6.59999999999998));
#1836=CARTESIAN_POINT('Origin',(48.25,51.75,8.09999999999998));
#1837=CARTESIAN_POINT('',(46.75,54.75,8.09999999999998));
#1838=CARTESIAN_POINT('Origin',(48.25,54.75,8.09999999999998));
#1839=CARTESIAN_POINT('',(46.75,51.75,5.09999999999998));
#1840=CARTESIAN_POINT('Origin',(46.75,51.75,8.09999999999998));
#1841=CARTESIAN_POINT('Origin',(48.25,51.75,5.09999999999998));
#1842=CARTESIAN_POINT('Origin',(48.25,54.75,8.50000009536743));
#1843=CARTESIAN_POINT('',(46.75,54.75,8.50000009536743));
#1844=CARTESIAN_POINT('',(48.25,53.25,8.50000009536743));
#1845=CARTESIAN_POINT('Origin',(54.5,81.25,11.9000001907349));
#1846=CARTESIAN_POINT('',(54.5,82.75,11.9000001907349));
#1847=CARTESIAN_POINT('',(56.,81.25,11.9000001907349));
#1848=CARTESIAN_POINT('Origin',(54.5,81.25,11.9000001907349));
#1849=CARTESIAN_POINT('',(54.5,81.25,13.4000001907349));
#1850=CARTESIAN_POINT('Origin',(54.5,81.25,11.9000001907349));
#1851=CARTESIAN_POINT('Origin',(54.5,81.25,11.9000001907349));
#1852=CARTESIAN_POINT('Origin',(40.75,81.25,11.9000001907349));
#1853=CARTESIAN_POINT('',(40.75,82.75,11.9000001907349));
#1854=CARTESIAN_POINT('',(40.75,81.25,13.4000001907349));
#1855=CARTESIAN_POINT('Origin',(54.5,109.299999237061,11.9000001907349));
#1856=CARTESIAN_POINT('',(54.5,109.299999237061,13.4000001907349));
#1857=CARTESIAN_POINT('',(56.,109.299999237061,11.9000001907349));
#1858=CARTESIAN_POINT('Origin',(34.5,81.25,8.09999999999998));
#1859=CARTESIAN_POINT('',(34.5,84.25,6.59999999999998));
#1860=CARTESIAN_POINT('',(31.5,81.25,6.59999999999998));
#1861=CARTESIAN_POINT('Origin',(34.5,81.25,6.59999999999998));
#1862=CARTESIAN_POINT('',(33.,81.25,8.09999999999998));
#1863=CARTESIAN_POINT('Origin',(31.5,81.25,8.09999999999998));
#1864=CARTESIAN_POINT('',(34.5,82.75,8.09999999999998));
#1865=CARTESIAN_POINT('Origin',(34.5,81.25,8.09999999999998));
#1866=CARTESIAN_POINT('Origin',(34.5,84.25,8.09999999999998));
#1867=CARTESIAN_POINT('Origin',(31.5,86.3838199615478,8.09999999999998));
#1868=CARTESIAN_POINT('',(31.5,86.3838199615478,6.59999999999998));
#1869=CARTESIAN_POINT('',(33.,86.3838199615478,8.09999999999998));
#1870=CARTESIAN_POINT('Origin',(34.5,81.25,7.55000004768375));
#1871=CARTESIAN_POINT('',(34.5,82.75,7.55000004768375));
#1872=CARTESIAN_POINT('',(33.,81.25,7.55000004768375));
#1873=CARTESIAN_POINT('Origin',(54.5,54.75,8.09999999999998));
#1874=CARTESIAN_POINT('',(54.5,53.25,8.09999999999998));
#1875=CARTESIAN_POINT('',(56.,54.75,8.09999999999998));
#1876=CARTESIAN_POINT('Origin',(54.5,54.75,8.09999999999998));
#1877=CARTESIAN_POINT('',(54.5,51.75,6.59999999999998));
#1878=CARTESIAN_POINT('Origin',(54.5,51.75,8.09999999999998));
#1879=CARTESIAN_POINT('',(57.5,54.75,6.59999999999998));
#1880=CARTESIAN_POINT('Origin',(54.5,54.75,6.59999999999998));
#1881=CARTESIAN_POINT('Origin',(57.5,54.75,8.09999999999998));
#1882=CARTESIAN_POINT('Origin',(34.9982642998666,51.75,8.09999999999998));
#1883=CARTESIAN_POINT('',(34.9982642998666,51.75,6.59999999999998));
#1884=CARTESIAN_POINT('',(34.9982642998666,53.25,8.09999999999998));
#1885=CARTESIAN_POINT('Origin',(54.5,81.25,8.09999999999998));
#1886=CARTESIAN_POINT('',(56.,81.25,8.09999999999998));
#1887=CARTESIAN_POINT('',(54.5,82.75,8.09999999999998));
#1888=CARTESIAN_POINT('Origin',(54.5,81.25,8.09999999999998));
#1889=CARTESIAN_POINT('',(57.5,81.25,6.59999999999998));
#1890=CARTESIAN_POINT('Origin',(57.5,81.25,8.09999999999998));
#1891=CARTESIAN_POINT('',(54.5,84.25,6.59999999999998));
#1892=CARTESIAN_POINT('Origin',(54.5,81.25,6.59999999999998));
#1893=CARTESIAN_POINT('Origin',(54.5,84.25,8.09999999999998));
#1894=CARTESIAN_POINT('Origin',(57.5,86.3838199615478,8.09999999999998));
#1895=CARTESIAN_POINT('',(57.5,86.3838199615478,6.59999999999998));
#1896=CARTESIAN_POINT('',(56.,86.3838199615478,8.09999999999998));
#1897=CARTESIAN_POINT('Origin',(40.7482642998666,84.25,8.09999999999998));
#1898=CARTESIAN_POINT('',(40.7482642998666,84.25,6.59999999999998));
#1899=CARTESIAN_POINT('',(40.7482642998666,82.75,8.09999999999998));
#1900=CARTESIAN_POINT('Origin',(54.5,81.25,10.9500001430512));
#1901=CARTESIAN_POINT('',(54.5,82.75,10.9500001430512));
#1902=CARTESIAN_POINT('',(56.,81.25,10.9500001430512));
#1903=CARTESIAN_POINT('Origin',(54.5,54.75,13.4000001907349));
#1904=CARTESIAN_POINT('',(56.,54.75,13.4000001907349));
#1905=CARTESIAN_POINT('',(54.5,53.25,13.4000001907349));
#1906=CARTESIAN_POINT('Origin',(34.9982642998666,51.75,8.09999999999998));
#1907=CARTESIAN_POINT('',(34.9982642998666,51.75,6.59999999999998));
#1908=CARTESIAN_POINT('',(34.9982642998666,53.25,8.09999999999998));
#1909=CARTESIAN_POINT('Origin',(34.5,54.75,10.0000000953674));
#1910=CARTESIAN_POINT('',(34.5,53.25,10.0000000953674));
#1911=CARTESIAN_POINT('',(33.,54.75,10.0000000953674));
#1912=CARTESIAN_POINT('Origin',(34.5,109.299999237061,11.9000001907349));
#1913=CARTESIAN_POINT('',(33.,109.299999237061,11.9000001907349));
#1914=CARTESIAN_POINT('',(34.5,109.299999237061,13.4000001907349));
#1915=CARTESIAN_POINT('Origin',(40.75,54.75,8.50000009536743));
#1916=CARTESIAN_POINT('',(40.75,53.25,8.50000009536743));
#1917=CARTESIAN_POINT('',(42.25,54.75,8.50000009536743));
#1918=CARTESIAN_POINT('Origin',(46.75,44.5000008940697,3.6));
#1919=CARTESIAN_POINT('',(46.75,58.8187274932862,13.4000001907349));
#1920=CARTESIAN_POINT('',(46.75,75.4249996840954,13.4000001907349));
#1921=CARTESIAN_POINT('',(46.75,57.,11.5812731742859));
#1922=CARTESIAN_POINT('',(46.75,51.8171810942416,6.39845562736805));
#1923=CARTESIAN_POINT('',(46.75,57.,9.99900064468383));
#1924=CARTESIAN_POINT('',(46.75,57.,7.59063658714294));
#1925=CARTESIAN_POINT('',(46.75,58.8187274932862,9.99900064468383));
#1926=CARTESIAN_POINT('',(46.75,51.8745007216931,9.99900064468384));
#1927=CARTESIAN_POINT('',(46.75,58.8187274932862,5.09999999999999));
#1928=CARTESIAN_POINT('',(46.75,58.8187274932862,8.50000009536743));
#1929=CARTESIAN_POINT('',(46.75,66.7588200271129,5.09999999999999));
#1930=CARTESIAN_POINT('Origin',(37.,106.349998474121,13.4000001907349));
#1931=CARTESIAN_POINT('',(42.25,58.8187274932862,13.4000001907349));
#1932=CARTESIAN_POINT('',(42.25,82.7093629837037,13.4000001907349));
#1933=CARTESIAN_POINT('',(36.75,58.8187274932862,13.4000001907349));
#1934=CARTESIAN_POINT('',(37.,58.8187274932862,13.4000001907349));
#1935=CARTESIAN_POINT('',(36.75,77.8499994277954,13.4000001907349));
#1936=CARTESIAN_POINT('',(36.75,59.0687274932862,13.4000001907349));
#1937=CARTESIAN_POINT('',(52.25,77.8499994277955,13.4000001907349));
#1938=CARTESIAN_POINT('',(37.,77.8499994277954,13.4000001907349));
#1939=CARTESIAN_POINT('',(52.25,58.8187274932862,13.4000001907349));
#1940=CARTESIAN_POINT('',(52.25,59.0687274932862,13.4000001907349));
#1941=CARTESIAN_POINT('',(37.,58.8187274932862,13.4000001907349));
#1942=CARTESIAN_POINT('Origin',(33.,53.25,13.4000001907349));
#1943=CARTESIAN_POINT('Origin',(44.5,82.75,8.5000000953675));
#1944=CARTESIAN_POINT('Origin',(33.,112.25,6.59999999999999));
#1945=CARTESIAN_POINT('Origin',(36.9965285997332,60.5176399230957,6.59999999999998));
#1946=CARTESIAN_POINT('',(8.07852933215501,7.41264038085932,6.6));
#1947=CARTESIAN_POINT('',(82.5200698594988,7.41264038085927,6.6));
#1948=CARTESIAN_POINT('',(8.07852933215501,7.41264038085932,6.6));
#1949=CARTESIAN_POINT('',(82.5200698594988,126.556622314453,6.59999999999999));
#1950=CARTESIAN_POINT('',(82.5200698594988,7.41264038085927,6.6));
#1951=CARTESIAN_POINT('',(8.07852933215501,126.556622314453,6.59999999999999));
#1952=CARTESIAN_POINT('',(8.07852933215501,126.556622314453,6.59999999999999));
#1953=CARTESIAN_POINT('',(8.07852933215501,7.41264038085932,6.6));
#1954=CARTESIAN_POINT('',(42.4965285997332,24.8463897705078,6.59999999999998));
#1955=CARTESIAN_POINT('Origin',(44.4965285997332,24.8463897705078,6.59999999999998));
#1956=CARTESIAN_POINT('',(42.4965285997332,108.188888549805,6.59999999999998));
#1957=CARTESIAN_POINT('Origin',(44.4965285997332,108.188888549805,6.59999999999998));
#1958=CARTESIAN_POINT('',(48.25,44.5000008940697,6.59999999999998));
#1959=CARTESIAN_POINT('',(48.25,52.5088204085827,6.59999999999998));
#1960=CARTESIAN_POINT('',(45.2500000000001,41.5000008940697,6.59999999999998));
#1961=CARTESIAN_POINT('Origin',(45.25,44.5000008940697,6.59999999999998));
#1962=CARTESIAN_POINT('',(43.75,41.5000008940697,6.59999999999998));
#1963=CARTESIAN_POINT('',(40.4982642998667,41.5000008940696,6.59999999999998));
#1964=CARTESIAN_POINT('',(40.75,44.5000008940697,6.59999999999998));
#1965=CARTESIAN_POINT('Origin',(43.75,44.5000008940697,6.59999999999998));
#1966=CARTESIAN_POINT('',(40.75,59.7931837081909,6.59999999999998));
#1967=CARTESIAN_POINT('Origin',(56.,112.25,13.4000001907349));
#1968=CARTESIAN_POINT('Origin',(33.,53.25,13.4000001907349));
#1969=CARTESIAN_POINT('Origin',(40.75,74.0431833267212,5.09999999999999));
#1970=CARTESIAN_POINT('',(40.75,58.8187274932862,3.6));
#1971=CARTESIAN_POINT('',(42.25,58.8187274932862,5.09999999999999));
#1972=CARTESIAN_POINT('Origin',(40.75,58.8187274932862,5.09999999999999));
#1973=CARTESIAN_POINT('',(42.25,74.0431833267212,5.09999999999999));
#1974=CARTESIAN_POINT('',(40.75,44.5000008940697,3.6));
#1975=CARTESIAN_POINT('Origin',(40.75,44.5000008940697,5.09999999999999));
#1976=CARTESIAN_POINT('',(40.75,74.0431833267212,3.59999999999999));
#1977=CARTESIAN_POINT('Origin',(43.75,44.5000008940697,5.09999999999999));
#1978=CARTESIAN_POINT('',(43.75,41.5000008940697,3.6));
#1979=CARTESIAN_POINT('Origin',(43.75,41.5000008940697,5.09999999999999));
#1980=CARTESIAN_POINT('Origin',(43.75,44.5000008940697,3.6));
#1981=CARTESIAN_POINT('Origin',(40.498264299867,41.5000008940696,5.09999999999999));
#1982=CARTESIAN_POINT('',(45.2500000000001,41.5000008940697,3.6));
#1983=CARTESIAN_POINT('Origin',(45.2500000000001,41.5000008940697,5.09999999999998));
#1984=CARTESIAN_POINT('',(40.498264299867,41.5000008940696,3.6));
#1985=CARTESIAN_POINT('Origin',(45.25,44.5000008940697,5.09999999999999));
#1986=CARTESIAN_POINT('',(48.25,44.5000008940697,3.6));
#1987=CARTESIAN_POINT('Origin',(48.25,44.5000008940697,5.09999999999999));
#1988=CARTESIAN_POINT('Origin',(45.25,44.5000008940697,3.6));
#1989=CARTESIAN_POINT('Origin',(48.25,66.7588200271129,5.09999999999999));
#1990=CARTESIAN_POINT('',(48.25,58.8187274932862,3.6));
#1991=CARTESIAN_POINT('Origin',(48.25,58.8187274932862,5.09999999999999));
#1992=CARTESIAN_POINT('',(48.25,66.7588200271129,3.6));
#1993=CARTESIAN_POINT('Origin',(42.25,59.0687274932862,3.6));
#1994=CARTESIAN_POINT('',(42.25,58.8187274932862,9.99900064468383));
#1995=CARTESIAN_POINT('',(42.25,58.8187274932862,8.50000009536743));
#1996=CARTESIAN_POINT('',(42.25,57.,9.99900064468383));
#1997=CARTESIAN_POINT('',(42.25,59.1588640213013,9.99900064468383));
#1998=CARTESIAN_POINT('',(42.25,57.,11.5812731742859));
#1999=CARTESIAN_POINT('',(42.25,57.,7.59063658714294));
#2000=CARTESIAN_POINT('',(42.25,55.4593636989595,10.0406372771721));
#2001=CARTESIAN_POINT('Origin',(52.,58.8187274932862,13.4000001907349));
#2002=CARTESIAN_POINT('',(36.75,58.8187274932862,3.6));
#2003=CARTESIAN_POINT('',(44.4982642998666,58.8187274932862,3.6));
#2004=CARTESIAN_POINT('',(36.75,58.8187274932862,9.99900064468383));
#2005=CARTESIAN_POINT('',(36.75,58.8187274932862,13.4000001907349));
#2006=CARTESIAN_POINT('',(52.,58.8187274932862,9.99900064468383));
#2007=CARTESIAN_POINT('Origin',(36.9965285997332,89.0176391601562,3.59999999999999));
#2008=CARTESIAN_POINT('',(4.04652859973313,3.79263916015622,3.6));
#2009=CARTESIAN_POINT('',(84.9612472276629,3.79263916015622,3.59999999999999));
#2010=CARTESIAN_POINT('',(4.04652859973313,3.79263916015622,3.6));
#2011=CARTESIAN_POINT('',(4.03875277233713,129.207360839844,3.59999999999998));
#2012=CARTESIAN_POINT('',(4.04400909333238,44.4292399905942,3.59999999999998));
#2013=CARTESIAN_POINT('',(84.9612472276629,129.207360839844,3.59999999999997));
#2014=CARTESIAN_POINT('',(4.04652859973315,129.207360839844,3.59999999999998));
#2015=CARTESIAN_POINT('',(84.9612472276629,3.79263916015622,3.59999999999999));
#2016=CARTESIAN_POINT('',(52.25,58.8187274932862,3.6));
#2017=CARTESIAN_POINT('',(44.4982642998666,58.8187274932862,3.6));
#2018=CARTESIAN_POINT('',(52.25,75.9277761681629,3.59999999999999));
#2019=CARTESIAN_POINT('',(52.25,82.38431930542,3.59999999999999));
#2020=CARTESIAN_POINT('',(36.75,75.9277761681629,3.59999999999999));
#2021=CARTESIAN_POINT('',(36.9982642998666,75.9277761681629,3.59999999999999));
#2022=CARTESIAN_POINT('',(36.75,74.0431833267212,3.59999999999999));
#2023=CARTESIAN_POINT('',(40.9965285997332,108.188888549805,3.59999999999999));
#2024=CARTESIAN_POINT('Origin',(44.4965285997332,108.188888549805,3.59999999999999));
#2025=CARTESIAN_POINT('',(40.9965285997332,24.8463897705078,3.6));
#2026=CARTESIAN_POINT('Origin',(44.4965285997332,24.8463897705078,3.6));
#2027=CARTESIAN_POINT('Origin',(52.,58.8187274932862,13.4000001907349));
#2028=CARTESIAN_POINT('',(52.25,58.8187274932862,9.99900064468383));
#2029=CARTESIAN_POINT('',(52.,58.8187274932862,9.99900064468383));
#2030=CARTESIAN_POINT('',(52.25,58.8187274932862,13.4000001907349));
#2031=CARTESIAN_POINT('Origin',(52.,59.2490005493165,9.99900064468383));
#2032=CARTESIAN_POINT('',(52.25,57.,9.99900064468383));
#2033=CARTESIAN_POINT('',(37.,57.,9.99900064468383));
#2034=CARTESIAN_POINT('',(52.25,57.25,9.99900064468383));
#2035=CARTESIAN_POINT('Origin',(52.,57.,11.5812731742859));
#2036=CARTESIAN_POINT('',(52.25,57.,11.5812731742859));
#2037=CARTESIAN_POINT('',(37.,57.,11.5812731742859));
#2038=CARTESIAN_POINT('',(52.25,57.,9.99900064468383));
#2039=CARTESIAN_POINT('Origin',(52.,57.,11.5812731742859));
#2040=CARTESIAN_POINT('',(52.25,57.,11.5812731742859));
#2041=CARTESIAN_POINT('Origin',(52.,59.2490005493165,9.99900064468383));
#2042=CARTESIAN_POINT('',(36.75,57.,9.99900064468383));
#2043=CARTESIAN_POINT('',(36.75,57.25,9.99900064468383));
#2044=CARTESIAN_POINT('',(37.,57.,9.99900064468383));
#2045=CARTESIAN_POINT('Origin',(52.,57.,11.5812731742859));
#2046=CARTESIAN_POINT('',(36.75,57.,11.5812731742859));
#2047=CARTESIAN_POINT('',(36.75,57.,9.99900064468383));
#2048=CARTESIAN_POINT('',(37.,57.,11.5812731742859));
#2049=CARTESIAN_POINT('Origin',(37.,79.9267767174792,11.3232234222533));
#2050=CARTESIAN_POINT('',(36.75,79.9267767174792,11.3232234222533));
#2051=CARTESIAN_POINT('',(52.25,79.9267767174792,11.3232234222533));
#2052=CARTESIAN_POINT('',(37.,79.9267767174792,11.3232234222533));
#2053=CARTESIAN_POINT('',(36.75,79.9267767174792,7.49900064468383));
#2054=CARTESIAN_POINT('',(36.75,79.9267767174792,7.32222397156975));
#2055=CARTESIAN_POINT('',(52.25,79.9267767174792,7.49900064468383));
#2056=CARTESIAN_POINT('',(44.5,79.9267767174792,7.49900064468383));
#2057=CARTESIAN_POINT('',(52.25,79.9267767174792,7.32222397156975));
#2058=CARTESIAN_POINT('Origin',(52.,57.,11.5812731742859));
#2059=CARTESIAN_POINT('',(36.75,57.,11.5812731742859));
#2060=CARTESIAN_POINT('Origin',(52.,79.75,7.49900064468383));
#2061=CARTESIAN_POINT('',(52.25,75.9277761681629,7.49900064468383));
#2062=CARTESIAN_POINT('',(52.25,75.7509994506837,7.49900064468383));
#2063=CARTESIAN_POINT('',(36.75,75.9277761681629,7.49900064468383));
#2064=CARTESIAN_POINT('',(36.75,75.7509994506837,7.49900064468383));
#2065=CARTESIAN_POINT('',(44.5,75.9277761681629,7.49900064468383));
#2066=CARTESIAN_POINT('Origin',(52.,78.0267761452746,13.2232235176208));
#2067=CARTESIAN_POINT('',(52.25,78.0267761452746,13.2232235176208));
#2068=CARTESIAN_POINT('',(36.75,78.0267761452746,13.2232235176208));
#2069=CARTESIAN_POINT('Origin',(37.,75.9277761681629,13.2232235176208));
#2070=CARTESIAN_POINT('',(36.75,75.9277761681629,13.2232235176208));
#2071=CARTESIAN_POINT('',(52.25,75.9277761681629,13.2232235176208));
#2072=CARTESIAN_POINT('Origin',(52.25,75.7509994506837,13.4000001907349));
#2073=CARTESIAN_POINT('Origin',(36.75,59.0687274932862,13.4000001907349));
#2074=CARTESIAN_POINT('Origin',(44.4965285997332,108.188888549805,4.49999999999999));
#2075=CARTESIAN_POINT('',(42.4965285997332,108.188888549805,5.4));
#2076=CARTESIAN_POINT('',(41.7465285997332,108.188888549805,4.49999999999999));
#2077=CARTESIAN_POINT('Origin',(44.4965285997332,108.188888549805,5.4));
#2078=CARTESIAN_POINT('Origin',(44.4965285997332,108.188888549805,4.99999999999999));
#2079=CARTESIAN_POINT('',(42.4965285997332,108.188888549805,4.99999999999999));
#2080=CARTESIAN_POINT('Origin',(44.4965285997332,24.8463897705078,4.49999999999999));
#2081=CARTESIAN_POINT('',(42.4965285997332,24.8463897705078,5.39999999999998));
#2082=CARTESIAN_POINT('',(41.7465285997332,24.8463897705078,4.49999999999999));
#2083=CARTESIAN_POINT('Origin',(44.4965285997332,24.8463897705078,5.39999999999998));
#2084=CARTESIAN_POINT('Origin',(44.4965285997332,24.8463897705078,5.));
#2085=CARTESIAN_POINT('',(42.4965285997332,24.8463897705078,5.));
#2086=CARTESIAN_POINT('Origin',(88.9465285997332,133.192639160156,9.59999999999999));
#2087=CARTESIAN_POINT('',(88.9465285997332,-0.157360839843863,9.60000000000001));
#2088=CARTESIAN_POINT('',(88.9465285997332,133.192639160156,9.59999999999999));
#2089=CARTESIAN_POINT('',(88.9465285997332,-0.157360839843863,9.60000000000001));
#2090=CARTESIAN_POINT('',(0.0465285997331827,133.192639160156,9.59999999999999));
#2091=CARTESIAN_POINT('',(0.0465285997331827,133.192639160156,9.59999999999999));
#2092=CARTESIAN_POINT('',(0.0465285997331827,-0.157360839843788,9.6));
#2093=CARTESIAN_POINT('',(0.0465285997331827,-0.157360839843788,9.6));
#2094=CARTESIAN_POINT('',(0.0465285997331827,-0.157360839843788,9.6));
#2095=CARTESIAN_POINT('',(5.31853177356126,4.56264038085936,9.60000000000001));
#2096=CARTESIAN_POINT('',(85.2800674180926,4.56264038085939,9.60000000000001));
#2097=CARTESIAN_POINT('',(5.31853177356126,4.56264038085936,9.60000000000001));
#2098=CARTESIAN_POINT('',(5.31853177356125,129.406622314453,9.59999999999999));
#2099=CARTESIAN_POINT('',(5.31853177356126,129.874630737305,9.59999999999999));
#2100=CARTESIAN_POINT('',(85.2800674180926,129.406622314453,9.59999999999999));
#2101=CARTESIAN_POINT('',(5.31853177356125,129.406622314453,9.59999999999999));
#2102=CARTESIAN_POINT('',(85.2800674180926,4.56264038085939,9.60000000000001));
#2103=CARTESIAN_POINT('Origin',(5.31853177356125,129.406622314453,9.59999999999999));
#2104=CARTESIAN_POINT('',(5.31853177356125,129.406622314453,9.59999999999999));
#2105=CARTESIAN_POINT('',(82.5200698594988,126.556622314453,6.59999999999999));
#2106=CARTESIAN_POINT('Origin',(85.2800674180926,4.56264038085939,9.60000000000001));
#2107=CARTESIAN_POINT('',(82.5200698594988,7.41264038085927,6.6));
#2108=CARTESIAN_POINT('',(5.31853177356126,4.56264038085936,9.60000000000001));
#2109=CARTESIAN_POINT('Origin',(82.5200698594988,126.556622314453,6.59999999999999));
#2110=CARTESIAN_POINT('Origin',(8.07852933215501,126.556622314453,6.59999999999999));
#2111=CARTESIAN_POINT('Origin',(0.0465285997331472,133.192639160156,7.60000076293943));
#2112=CARTESIAN_POINT('',(0.0465285997331649,-0.157360839843788,7.60000076293946));
#2113=CARTESIAN_POINT('',(0.0465285997331294,133.192639160156,7.59173344563025));
#2114=CARTESIAN_POINT('',(0.0465285997331827,66.5176404538094,7.59586710420465));
#2115=CARTESIAN_POINT('',(0.0465285997331649,-0.157360839843788,7.60000076293946));
#2116=CARTESIAN_POINT('',(0.0465285997331472,133.192639160156,7.60000076293943));
#2117=CARTESIAN_POINT('Origin',(0.0465285997331472,133.192639160156,7.60000076293943));
#2118=CARTESIAN_POINT('',(0.05297954112433,133.192639160156,7.58528289794925));
#2119=CARTESIAN_POINT('',(0.0673964669651533,133.192639160156,7.57086685199404));
#2120=CARTESIAN_POINT('',(88.9465285363129,133.192637380122,7.58528245305927));
#2121=CARTESIAN_POINT('',(88.9465285997331,133.192639160156,7.5852828979492));
#2122=CARTESIAN_POINT('',(0.0612502794205733,133.192639160156,7.58528289794921));
#2123=CARTESIAN_POINT('Origin',(0.0965316514909881,-0.157360839843868,7.55000076293945));
#2124=CARTESIAN_POINT('',(0.0965316514909881,-0.157360839843868,7.55000076293945));
#2125=CARTESIAN_POINT('',(0.0965316514909881,-0.157360839843868,7.55000076293945));
#2126=CARTESIAN_POINT('',(0.0465285997331649,-0.157360839843788,7.60000076293946));
#2127=CARTESIAN_POINT('',(24.2862056179346,108.962422107452,-16.6449619864704));
#2128=CARTESIAN_POINT('Origin',(4.04652859973315,129.207360839844,3.59999999999998));
#2129=CARTESIAN_POINT('',(71.4754539051189,115.72158042585,-9.88579590425482));
#2130=CARTESIAN_POINT('Origin',(84.9612472276629,129.207360839844,3.59999999999997));
#2131=CARTESIAN_POINT('',(88.9465285997331,-0.157360839843883,7.58528213500977));
#2132=CARTESIAN_POINT('',(88.9465285997331,-0.157360839843883,7.58528213500977));
#2133=CARTESIAN_POINT('',(66.1022034004312,22.4847252516435,-15.2590474375937));
#2134=CARTESIAN_POINT('Origin',(88.9465285997331,-0.157360839843883,7.58528213500977));
#2135=CARTESIAN_POINT('',(88.9465285997332,-0.157360839843872,7.59264144897461));
#2136=CARTESIAN_POINT('Origin',(0.0465285997331649,-0.157360839843788,7.60000076293946));
#2137=CARTESIAN_POINT('',(88.9112472276629,-0.157360839843905,7.55000076293946));
#2138=CARTESIAN_POINT('',(42.503887913698,-0.157360839843839,7.55000076293938));
#2139=CARTESIAN_POINT('',(66.7075675706805,-0.157360839843825,-14.653678894043));
#2140=CARTESIAN_POINT('Origin',(88.9112472276629,-0.157360839843905,7.55000076293946));
#2141=CARTESIAN_POINT('',(84.9612472276629,3.79263916015622,3.59999999999999));
#2142=CARTESIAN_POINT('Origin',(84.9612472276629,3.79263916015622,3.59999999999999));
#2143=UNCERTAINTY_MEASURE_WITH_UNIT(LENGTH_MEASURE(0.01),#2147,
'DISTANCE_ACCURACY_VALUE',
'Maximum model space distance between geometric entities at asserted c
onnectivities');
#2144=UNCERTAINTY_MEASURE_WITH_UNIT(LENGTH_MEASURE(0.01),#2147,
'DISTANCE_ACCURACY_VALUE',
'Maximum model space distance between geometric entities at asserted c
onnectivities');
#2145=(
GEOMETRIC_REPRESENTATION_CONTEXT(3)
GLOBAL_UNCERTAINTY_ASSIGNED_CONTEXT((#2143))
GLOBAL_UNIT_ASSIGNED_CONTEXT((#2147,#2148,#2149))
REPRESENTATION_CONTEXT('','3D')
);
#2146=(
GEOMETRIC_REPRESENTATION_CONTEXT(3)
GLOBAL_UNCERTAINTY_ASSIGNED_CONTEXT((#2144))
GLOBAL_UNIT_ASSIGNED_CONTEXT((#2147,#2148,#2149))
REPRESENTATION_CONTEXT('','3D')
);
#2147=(
LENGTH_UNIT()
NAMED_UNIT(*)
SI_UNIT(.MILLI.,.METRE.)
);
#2148=(
NAMED_UNIT(*)
PLANE_ANGLE_UNIT()
SI_UNIT($,.RADIAN.)
);
#2149=(
NAMED_UNIT(*)
SI_UNIT($,.STERADIAN.)
SOLID_ANGLE_UNIT()
);
#2150=SHAPE_DEFINITION_REPRESENTATION(#2151,#2152);
#2151=PRODUCT_DEFINITION_SHAPE('',$,#2154);
#2152=SHAPE_REPRESENTATION('',(#1272),#2145);
#2153=PRODUCT_DEFINITION_CONTEXT('part definition',#2158,'design');
#2154=PRODUCT_DEFINITION('metric_keystone','metric_keystone v8',#2155,#2153);
#2155=PRODUCT_DEFINITION_FORMATION('',$,#2160);
#2156=PRODUCT_RELATED_PRODUCT_CATEGORY('metric_keystone v8',
'metric_keystone v8',(#2160));
#2157=APPLICATION_PROTOCOL_DEFINITION('international standard',
'automotive_design',2009,#2158);
#2158=APPLICATION_CONTEXT(
'Core Data for Automotive Mechanical Design Process');
#2159=PRODUCT_CONTEXT('part definition',#2158,'mechanical');
#2160=PRODUCT('metric_keystone','metric_keystone v8',$,(#2159));
#2161=PRESENTATION_STYLE_ASSIGNMENT((#2164));
#2162=PRESENTATION_STYLE_ASSIGNMENT((#2165));
#2163=PRESENTATION_STYLE_ASSIGNMENT((#2166));
#2164=SURFACE_STYLE_USAGE(.BOTH.,#2167);
#2165=SURFACE_STYLE_USAGE(.BOTH.,#2168);
#2166=SURFACE_STYLE_USAGE(.BOTH.,#2169);
#2167=SURFACE_SIDE_STYLE('',(#2170));
#2168=SURFACE_SIDE_STYLE('',(#2171));
#2169=SURFACE_SIDE_STYLE('',(#2172));
#2170=SURFACE_STYLE_FILL_AREA(#2173);
#2171=SURFACE_STYLE_FILL_AREA(#2174);
#2172=SURFACE_STYLE_FILL_AREA(#2175);
#2173=FILL_AREA_STYLE('Steel - Satin',(#2176));
#2174=FILL_AREA_STYLE('Plastic - Matte (White)',(#2177));
#2175=FILL_AREA_STYLE('Rubber - Hard',(#2178));
#2176=FILL_AREA_STYLE_COLOUR('Steel - Satin',#2179);
#2177=FILL_AREA_STYLE_COLOUR('Plastic - Matte (White)',#2180);
#2178=FILL_AREA_STYLE_COLOUR('Rubber - Hard',#2181);
#2179=COLOUR_RGB('Steel - Satin',0.627450980392157,0.627450980392157,0.627450980392157);
#2180=COLOUR_RGB('Plastic - Matte (White)',0.964705882352941,0.964705882352941,
0.952941176470588);
#2181=COLOUR_RGB('Rubber - Hard',0.152941176470588,0.152941176470588,0.152941176470588);
ENDSEC;
END-ISO-10303-21;
