ISO-10303-21;
HEADER;
/* Generated by software containing ST-Developer
 * from STEP Tools, Inc. (www.steptools.com) 
 */

FILE_DESCRIPTION(
/* description */ (''),
/* implementation_level */ '2;1');

FILE_NAME(
/* name */ 'vizio_bezel_2_gang.step',
/* time_stamp */ '2023-09-12T06:49:11-04:00',
/* author */ (''),
/* organization */ (''),
/* preprocessor_version */ 'ST-DEVELOPER v20',
/* originating_system */ 'Autodesk Translation Framework v12.9.0.99',
/* authorisation */ '');

FILE_SCHEMA (('AUTOMOTIVE_DESIGN { 1 0 10303 214 3 1 1 }'));
ENDSEC;

DATA;
#10=MECHANICAL_DESIGN_GEOMETRIC_PRESENTATION_REPRESENTATION('',(#13),#2115);
#11=SHAPE_REPRESENTATION_RELATIONSHIP('SRR','None',#2122,#12);
#12=ADVANCED_BREP_SHAPE_REPRESENTATION('',(#14),#2114);
#13=STYLED_ITEM('',(#2134),#14);
#14=MANIFOLD_SOLID_BREP('2_gang_bez',#1261);
#15=TOROIDAL_SURFACE('',#1331,9.5,1.5);
#16=TOROIDAL_SURFACE('',#1338,9.50000000000002,1.5);
#17=TOROIDAL_SURFACE('',#1345,9.5,1.5);
#18=TOROIDAL_SURFACE('',#1353,9.50000000000002,1.5);
#19=ELLIPSE('',#1308,2.33358574029062,1.5);
#20=ELLIPSE('',#1309,2.33358574029062,1.5);
#21=ELLIPSE('',#1310,2.33358574029062,1.5);
#22=ELLIPSE('',#1311,2.33358574029062,1.5);
#23=ELLIPSE('',#1366,2.12132034355964,1.5);
#24=ELLIPSE('',#1367,2.12132034355964,1.5);
#25=ELLIPSE('',#1369,2.12132034355965,1.5);
#26=ELLIPSE('',#1371,2.12132034355964,1.5);
#27=SPHERICAL_SURFACE('',#1304,1.5);
#28=SPHERICAL_SURFACE('',#1320,1.5);
#29=CIRCLE('',#1279,3.5);
#30=CIRCLE('',#1280,3.5);
#31=CIRCLE('',#1282,3.5);
#32=CIRCLE('',#1283,3.5);
#33=CIRCLE('',#1285,3.5);
#34=CIRCLE('',#1286,3.5);
#35=CIRCLE('',#1293,3.5);
#36=CIRCLE('',#1295,1.5);
#37=CIRCLE('',#1299,1.5);
#38=CIRCLE('',#1300,1.5);
#39=CIRCLE('',#1302,1.5);
#40=CIRCLE('',#1303,1.5);
#41=CIRCLE('',#1305,1.5);
#42=CIRCLE('',#1307,1.5);
#43=CIRCLE('',#1316,1.5);
#44=CIRCLE('',#1317,1.5);
#45=CIRCLE('',#1319,1.5);
#46=CIRCLE('',#1321,1.5);
#47=CIRCLE('',#1323,9.50000000000002);
#48=CIRCLE('',#1325,1.5);
#49=CIRCLE('',#1330,1.50000000000001);
#50=CIRCLE('',#1332,1.50000000000001);
#51=CIRCLE('',#1333,11.);
#52=CIRCLE('',#1334,1.5);
#53=CIRCLE('',#1335,9.5);
#54=CIRCLE('',#1337,1.5);
#55=CIRCLE('',#1339,11.);
#56=CIRCLE('',#1341,11.);
#57=CIRCLE('',#1344,3.5);
#58=CIRCLE('',#1346,1.49999999999999);
#59=CIRCLE('',#1347,1.5);
#60=CIRCLE('',#1348,9.5);
#61=CIRCLE('',#1350,1.49999999999999);
#62=CIRCLE('',#1352,1.5);
#63=CIRCLE('',#1354,11.);
#64=CIRCLE('',#1355,9.50000000000002);
#65=CYLINDRICAL_SURFACE('',#1278,3.5);
#66=CYLINDRICAL_SURFACE('',#1281,3.5);
#67=CYLINDRICAL_SURFACE('',#1284,3.5);
#68=CYLINDRICAL_SURFACE('',#1298,1.5);
#69=CYLINDRICAL_SURFACE('',#1301,1.5);
#70=CYLINDRICAL_SURFACE('',#1313,1.5);
#71=CYLINDRICAL_SURFACE('',#1315,1.5);
#72=CYLINDRICAL_SURFACE('',#1318,1.5);
#73=CYLINDRICAL_SURFACE('',#1324,1.5);
#74=CYLINDRICAL_SURFACE('',#1329,1.5);
#75=CYLINDRICAL_SURFACE('',#1336,1.5);
#76=CYLINDRICAL_SURFACE('',#1340,11.);
#77=CYLINDRICAL_SURFACE('',#1342,1.5);
#78=CYLINDRICAL_SURFACE('',#1349,1.5);
#79=CYLINDRICAL_SURFACE('',#1351,1.5);
#80=CYLINDRICAL_SURFACE('',#1356,1.5);
#81=CYLINDRICAL_SURFACE('',#1359,11.);
#82=CYLINDRICAL_SURFACE('',#1362,3.5);
#83=CYLINDRICAL_SURFACE('',#1365,1.5);
#84=CYLINDRICAL_SURFACE('',#1368,1.5);
#85=CYLINDRICAL_SURFACE('',#1370,1.5);
#86=CYLINDRICAL_SURFACE('',#1372,1.5);
#87=FACE_BOUND('',#159,.T.);
#88=FACE_BOUND('',#202,.T.);
#89=FACE_OUTER_BOUND('',#157,.T.);
#90=FACE_OUTER_BOUND('',#158,.T.);
#91=FACE_OUTER_BOUND('',#160,.T.);
#92=FACE_OUTER_BOUND('',#161,.T.);
#93=FACE_OUTER_BOUND('',#162,.T.);
#94=FACE_OUTER_BOUND('',#163,.T.);
#95=FACE_OUTER_BOUND('',#164,.T.);
#96=FACE_OUTER_BOUND('',#165,.T.);
#97=FACE_OUTER_BOUND('',#166,.T.);
#98=FACE_OUTER_BOUND('',#167,.T.);
#99=FACE_OUTER_BOUND('',#168,.T.);
#100=FACE_OUTER_BOUND('',#169,.T.);
#101=FACE_OUTER_BOUND('',#170,.T.);
#102=FACE_OUTER_BOUND('',#171,.T.);
#103=FACE_OUTER_BOUND('',#172,.T.);
#104=FACE_OUTER_BOUND('',#173,.T.);
#105=FACE_OUTER_BOUND('',#174,.T.);
#106=FACE_OUTER_BOUND('',#175,.T.);
#107=FACE_OUTER_BOUND('',#176,.T.);
#108=FACE_OUTER_BOUND('',#177,.T.);
#109=FACE_OUTER_BOUND('',#178,.T.);
#110=FACE_OUTER_BOUND('',#179,.T.);
#111=FACE_OUTER_BOUND('',#180,.T.);
#112=FACE_OUTER_BOUND('',#181,.T.);
#113=FACE_OUTER_BOUND('',#182,.T.);
#114=FACE_OUTER_BOUND('',#183,.T.);
#115=FACE_OUTER_BOUND('',#184,.T.);
#116=FACE_OUTER_BOUND('',#185,.T.);
#117=FACE_OUTER_BOUND('',#186,.T.);
#118=FACE_OUTER_BOUND('',#187,.T.);
#119=FACE_OUTER_BOUND('',#188,.T.);
#120=FACE_OUTER_BOUND('',#189,.T.);
#121=FACE_OUTER_BOUND('',#190,.T.);
#122=FACE_OUTER_BOUND('',#191,.T.);
#123=FACE_OUTER_BOUND('',#192,.T.);
#124=FACE_OUTER_BOUND('',#193,.T.);
#125=FACE_OUTER_BOUND('',#194,.T.);
#126=FACE_OUTER_BOUND('',#195,.T.);
#127=FACE_OUTER_BOUND('',#196,.T.);
#128=FACE_OUTER_BOUND('',#197,.T.);
#129=FACE_OUTER_BOUND('',#198,.T.);
#130=FACE_OUTER_BOUND('',#199,.T.);
#131=FACE_OUTER_BOUND('',#200,.T.);
#132=FACE_OUTER_BOUND('',#201,.T.);
#133=FACE_OUTER_BOUND('',#203,.T.);
#134=FACE_OUTER_BOUND('',#204,.T.);
#135=FACE_OUTER_BOUND('',#205,.T.);
#136=FACE_OUTER_BOUND('',#206,.T.);
#137=FACE_OUTER_BOUND('',#207,.T.);
#138=FACE_OUTER_BOUND('',#208,.T.);
#139=FACE_OUTER_BOUND('',#209,.T.);
#140=FACE_OUTER_BOUND('',#210,.T.);
#141=FACE_OUTER_BOUND('',#211,.T.);
#142=FACE_OUTER_BOUND('',#212,.T.);
#143=FACE_OUTER_BOUND('',#213,.T.);
#144=FACE_OUTER_BOUND('',#214,.T.);
#145=FACE_OUTER_BOUND('',#215,.T.);
#146=FACE_OUTER_BOUND('',#216,.T.);
#147=FACE_OUTER_BOUND('',#217,.T.);
#148=FACE_OUTER_BOUND('',#218,.T.);
#149=FACE_OUTER_BOUND('',#219,.T.);
#150=FACE_OUTER_BOUND('',#220,.T.);
#151=FACE_OUTER_BOUND('',#221,.T.);
#152=FACE_OUTER_BOUND('',#222,.T.);
#153=FACE_OUTER_BOUND('',#223,.T.);
#154=FACE_OUTER_BOUND('',#224,.T.);
#155=FACE_OUTER_BOUND('',#225,.T.);
#156=FACE_OUTER_BOUND('',#226,.T.);
#157=EDGE_LOOP('',(#793,#794,#795,#796,#797,#798,#799,#800));
#158=EDGE_LOOP('',(#801,#802,#803,#804,#805,#806,#807,#808));
#159=EDGE_LOOP('',(#809,#810,#811,#812));
#160=EDGE_LOOP('',(#813,#814,#815,#816));
#161=EDGE_LOOP('',(#817,#818,#819,#820));
#162=EDGE_LOOP('',(#821,#822,#823,#824));
#163=EDGE_LOOP('',(#825,#826,#827,#828));
#164=EDGE_LOOP('',(#829,#830,#831,#832));
#165=EDGE_LOOP('',(#833,#834,#835,#836));
#166=EDGE_LOOP('',(#837,#838,#839,#840,#841));
#167=EDGE_LOOP('',(#842,#843,#844,#845,#846));
#168=EDGE_LOOP('',(#847,#848,#849,#850,#851));
#169=EDGE_LOOP('',(#852,#853,#854,#855,#856));
#170=EDGE_LOOP('',(#857,#858,#859,#860,#861,#862,#863,#864,#865,#866,#867,
#868,#869));
#171=EDGE_LOOP('',(#870,#871,#872,#873));
#172=EDGE_LOOP('',(#874,#875,#876,#877,#878,#879));
#173=EDGE_LOOP('',(#880,#881,#882,#883));
#174=EDGE_LOOP('',(#884,#885,#886,#887));
#175=EDGE_LOOP('',(#888,#889,#890));
#176=EDGE_LOOP('',(#891,#892,#893,#894,#895,#896,#897,#898,#899,#900,#901,
#902,#903,#904,#905,#906,#907,#908,#909,#910,#911,#912,#913,#914,#915,#916));
#177=EDGE_LOOP('',(#917,#918,#919,#920));
#178=EDGE_LOOP('',(#921,#922,#923,#924));
#179=EDGE_LOOP('',(#925,#926,#927,#928,#929,#930));
#180=EDGE_LOOP('',(#931,#932,#933,#934));
#181=EDGE_LOOP('',(#935,#936,#937,#938));
#182=EDGE_LOOP('',(#939,#940,#941));
#183=EDGE_LOOP('',(#942,#943,#944,#945,#946,#947,#948,#949,#950));
#184=EDGE_LOOP('',(#951,#952,#953,#954));
#185=EDGE_LOOP('',(#955,#956,#957,#958));
#186=EDGE_LOOP('',(#959,#960,#961,#962));
#187=EDGE_LOOP('',(#963,#964,#965,#966));
#188=EDGE_LOOP('',(#967,#968,#969,#970));
#189=EDGE_LOOP('',(#971,#972,#973,#974));
#190=EDGE_LOOP('',(#975,#976,#977,#978,#979,#980,#981,#982));
#191=EDGE_LOOP('',(#983,#984,#985,#986));
#192=EDGE_LOOP('',(#987,#988,#989,#990));
#193=EDGE_LOOP('',(#991,#992,#993,#994));
#194=EDGE_LOOP('',(#995,#996,#997,#998,#999,#1000,#1001,#1002,#1003));
#195=EDGE_LOOP('',(#1004,#1005,#1006,#1007));
#196=EDGE_LOOP('',(#1008,#1009,#1010,#1011));
#197=EDGE_LOOP('',(#1012,#1013,#1014,#1015));
#198=EDGE_LOOP('',(#1016,#1017,#1018,#1019));
#199=EDGE_LOOP('',(#1020,#1021,#1022,#1023));
#200=EDGE_LOOP('',(#1024,#1025,#1026,#1027,#1028,#1029));
#201=EDGE_LOOP('',(#1030,#1031,#1032,#1033));
#202=EDGE_LOOP('',(#1034,#1035,#1036,#1037));
#203=EDGE_LOOP('',(#1038,#1039,#1040,#1041));
#204=EDGE_LOOP('',(#1042,#1043,#1044,#1045));
#205=EDGE_LOOP('',(#1046,#1047,#1048,#1049,#1050,#1051,#1052,#1053,#1054,
#1055,#1056,#1057,#1058));
#206=EDGE_LOOP('',(#1059,#1060,#1061,#1062));
#207=EDGE_LOOP('',(#1063,#1064,#1065,#1066,#1067,#1068,#1069,#1070,#1071,
#1072));
#208=EDGE_LOOP('',(#1073,#1074,#1075,#1076,#1077,#1078,#1079,#1080));
#209=EDGE_LOOP('',(#1081,#1082,#1083,#1084));
#210=EDGE_LOOP('',(#1085,#1086,#1087,#1088));
#211=EDGE_LOOP('',(#1089,#1090,#1091,#1092));
#212=EDGE_LOOP('',(#1093,#1094,#1095,#1096));
#213=EDGE_LOOP('',(#1097,#1098,#1099,#1100));
#214=EDGE_LOOP('',(#1101,#1102,#1103,#1104));
#215=EDGE_LOOP('',(#1105,#1106,#1107,#1108));
#216=EDGE_LOOP('',(#1109,#1110,#1111,#1112));
#217=EDGE_LOOP('',(#1113,#1114,#1115,#1116));
#218=EDGE_LOOP('',(#1117,#1118,#1119,#1120));
#219=EDGE_LOOP('',(#1121,#1122,#1123,#1124));
#220=EDGE_LOOP('',(#1125,#1126,#1127,#1128));
#221=EDGE_LOOP('',(#1129,#1130,#1131,#1132));
#222=EDGE_LOOP('',(#1133,#1134,#1135,#1136));
#223=EDGE_LOOP('',(#1137,#1138,#1139,#1140));
#224=EDGE_LOOP('',(#1141,#1142,#1143,#1144));
#225=EDGE_LOOP('',(#1145,#1146,#1147,#1148));
#226=EDGE_LOOP('',(#1149,#1150,#1151,#1152));
#227=LINE('',#1753,#363);
#228=LINE('',#1755,#364);
#229=LINE('',#1757,#365);
#230=LINE('',#1759,#366);
#231=LINE('',#1761,#367);
#232=LINE('',#1763,#368);
#233=LINE('',#1765,#369);
#234=LINE('',#1766,#370);
#235=LINE('',#1769,#371);
#236=LINE('',#1771,#372);
#237=LINE('',#1773,#373);
#238=LINE('',#1775,#374);
#239=LINE('',#1777,#375);
#240=LINE('',#1779,#376);
#241=LINE('',#1780,#377);
#242=LINE('',#1783,#378);
#243=LINE('',#1785,#379);
#244=LINE('',#1787,#380);
#245=LINE('',#1788,#381);
#246=LINE('',#1792,#382);
#247=LINE('',#1794,#383);
#248=LINE('',#1796,#384);
#249=LINE('',#1797,#385);
#250=LINE('',#1806,#386);
#251=LINE('',#1812,#387);
#252=LINE('',#1815,#388);
#253=LINE('',#1819,#389);
#254=LINE('',#1820,#390);
#255=LINE('',#1821,#391);
#256=LINE('',#1825,#392);
#257=LINE('',#1827,#393);
#258=LINE('',#1829,#394);
#259=LINE('',#1830,#395);
#260=LINE('',#1833,#396);
#261=LINE('',#1834,#397);
#262=LINE('',#1836,#398);
#263=LINE('',#1839,#399);
#264=LINE('',#1840,#400);
#265=LINE('',#1841,#401);
#266=LINE('',#1844,#402);
#267=LINE('',#1846,#403);
#268=LINE('',#1849,#404);
#269=LINE('',#1852,#405);
#270=LINE('',#1854,#406);
#271=LINE('',#1856,#407);
#272=LINE('',#1858,#408);
#273=LINE('',#1860,#409);
#274=LINE('',#1862,#410);
#275=LINE('',#1864,#411);
#276=LINE('',#1866,#412);
#277=LINE('',#1869,#413);
#278=LINE('',#1871,#414);
#279=LINE('',#1874,#415);
#280=LINE('',#1876,#416);
#281=LINE('',#1878,#417);
#282=LINE('',#1879,#418);
#283=LINE('',#1885,#419);
#284=LINE('',#1888,#420);
#285=LINE('',#1894,#421);
#286=LINE('',#1896,#422);
#287=LINE('',#1900,#423);
#288=LINE('',#1902,#424);
#289=LINE('',#1904,#425);
#290=LINE('',#1905,#426);
#291=LINE('',#1907,#427);
#292=LINE('',#1909,#428);
#293=LINE('',#1911,#429);
#294=LINE('',#1913,#430);
#295=LINE('',#1915,#431);
#296=LINE('',#1917,#432);
#297=LINE('',#1919,#433);
#298=LINE('',#1923,#434);
#299=LINE('',#1925,#435);
#300=LINE('',#1929,#436);
#301=LINE('',#1933,#437);
#302=LINE('',#1937,#438);
#303=LINE('',#1941,#439);
#304=LINE('',#1942,#440);
#305=LINE('',#1944,#441);
#306=LINE('',#1946,#442);
#307=LINE('',#1949,#443);
#308=LINE('',#1950,#444);
#309=LINE('',#1955,#445);
#310=LINE('',#1959,#446);
#311=LINE('',#1961,#447);
#312=LINE('',#1966,#448);
#313=LINE('',#1969,#449);
#314=LINE('',#1970,#450);
#315=LINE('',#1973,#451);
#316=LINE('',#1976,#452);
#317=LINE('',#1978,#453);
#318=LINE('',#1983,#454);
#319=LINE('',#1996,#455);
#320=LINE('',#1997,#456);
#321=LINE('',#1998,#457);
#322=LINE('',#2003,#458);
#323=LINE('',#2006,#459);
#324=LINE('',#2008,#460);
#325=LINE('',#2009,#461);
#326=LINE('',#2012,#462);
#327=LINE('',#2024,#463);
#328=LINE('',#2025,#464);
#329=LINE('',#2028,#465);
#330=LINE('',#2031,#466);
#331=LINE('',#2036,#467);
#332=LINE('',#2037,#468);
#333=LINE('',#2040,#469);
#334=LINE('',#2043,#470);
#335=LINE('',#2045,#471);
#336=LINE('',#2047,#472);
#337=LINE('',#2048,#473);
#338=LINE('',#2050,#474);
#339=LINE('',#2054,#475);
#340=LINE('',#2056,#476);
#341=LINE('',#2057,#477);
#342=LINE('',#2058,#478);
#343=LINE('',#2060,#479);
#344=LINE('',#2062,#480);
#345=LINE('',#2075,#481);
#346=LINE('',#2076,#482);
#347=LINE('',#2077,#483);
#348=LINE('',#2079,#484);
#349=LINE('',#2083,#485);
#350=LINE('',#2084,#486);
#351=LINE('',#2086,#487);
#352=LINE('',#2090,#488);
#353=LINE('',#2091,#489);
#354=LINE('',#2093,#490);
#355=LINE('',#2097,#491);
#356=LINE('',#2099,#492);
#357=LINE('',#2100,#493);
#358=LINE('',#2103,#494);
#359=LINE('',#2105,#495);
#360=LINE('',#2106,#496);
#361=LINE('',#2108,#497);
#362=LINE('',#2109,#498);
#363=VECTOR('',#1391,10.);
#364=VECTOR('',#1392,10.);
#365=VECTOR('',#1393,10.);
#366=VECTOR('',#1394,10.);
#367=VECTOR('',#1395,10.);
#368=VECTOR('',#1396,10.);
#369=VECTOR('',#1397,10.);
#370=VECTOR('',#1398,10.);
#371=VECTOR('',#1401,10.);
#372=VECTOR('',#1402,10.);
#373=VECTOR('',#1403,10.);
#374=VECTOR('',#1404,10.);
#375=VECTOR('',#1405,10.);
#376=VECTOR('',#1406,10.);
#377=VECTOR('',#1407,10.);
#378=VECTOR('',#1408,10.);
#379=VECTOR('',#1409,10.);
#380=VECTOR('',#1410,10.);
#381=VECTOR('',#1411,10.);
#382=VECTOR('',#1414,10.);
#383=VECTOR('',#1415,10.);
#384=VECTOR('',#1416,10.);
#385=VECTOR('',#1417,10.);
#386=VECTOR('',#1430,10.);
#387=VECTOR('',#1435,10.);
#388=VECTOR('',#1438,10.);
#389=VECTOR('',#1441,10.);
#390=VECTOR('',#1442,10.);
#391=VECTOR('',#1443,10.);
#392=VECTOR('',#1446,10.);
#393=VECTOR('',#1447,10.);
#394=VECTOR('',#1448,10.);
#395=VECTOR('',#1449,10.);
#396=VECTOR('',#1452,10.);
#397=VECTOR('',#1453,10.);
#398=VECTOR('',#1456,10.);
#399=VECTOR('',#1459,10.);
#400=VECTOR('',#1460,10.);
#401=VECTOR('',#1461,10.);
#402=VECTOR('',#1464,10.);
#403=VECTOR('',#1465,10.);
#404=VECTOR('',#1468,10.);
#405=VECTOR('',#1471,10.);
#406=VECTOR('',#1472,10.);
#407=VECTOR('',#1473,10.);
#408=VECTOR('',#1474,10.);
#409=VECTOR('',#1475,10.);
#410=VECTOR('',#1476,10.);
#411=VECTOR('',#1477,10.);
#412=VECTOR('',#1478,10.);
#413=VECTOR('',#1481,10.);
#414=VECTOR('',#1484,10.);
#415=VECTOR('',#1487,10.);
#416=VECTOR('',#1488,10.);
#417=VECTOR('',#1489,10.);
#418=VECTOR('',#1490,10.);
#419=VECTOR('',#1495,10.);
#420=VECTOR('',#1498,10.);
#421=VECTOR('',#1503,10.);
#422=VECTOR('',#1506,10.);
#423=VECTOR('',#1513,10.);
#424=VECTOR('',#1514,10.);
#425=VECTOR('',#1515,10.);
#426=VECTOR('',#1516,10.);
#427=VECTOR('',#1517,10.);
#428=VECTOR('',#1518,10.);
#429=VECTOR('',#1519,10.);
#430=VECTOR('',#1520,10.);
#431=VECTOR('',#1521,10.);
#432=VECTOR('',#1522,10.);
#433=VECTOR('',#1523,10.);
#434=VECTOR('',#1526,10.);
#435=VECTOR('',#1527,10.);
#436=VECTOR('',#1530,10.);
#437=VECTOR('',#1533,10.);
#438=VECTOR('',#1536,10.);
#439=VECTOR('',#1539,10.);
#440=VECTOR('',#1540,10.);
#441=VECTOR('',#1543,10.);
#442=VECTOR('',#1546,10.);
#443=VECTOR('',#1549,10.);
#444=VECTOR('',#1550,10.);
#445=VECTOR('',#1555,10.);
#446=VECTOR('',#1560,10.);
#447=VECTOR('',#1563,10.);
#448=VECTOR('',#1570,10.);
#449=VECTOR('',#1573,10.);
#450=VECTOR('',#1574,10.);
#451=VECTOR('',#1577,10.);
#452=VECTOR('',#1582,10.);
#453=VECTOR('',#1585,10.);
#454=VECTOR('',#1592,10.);
#455=VECTOR('',#1607,10.);
#456=VECTOR('',#1608,10.);
#457=VECTOR('',#1609,10.);
#458=VECTOR('',#1616,10.);
#459=VECTOR('',#1619,10.);
#460=VECTOR('',#1622,10.);
#461=VECTOR('',#1623,10.);
#462=VECTOR('',#1626,10.);
#463=VECTOR('',#1641,10.);
#464=VECTOR('',#1642,10.);
#465=VECTOR('',#1645,10.);
#466=VECTOR('',#1648,10.);
#467=VECTOR('',#1657,10.);
#468=VECTOR('',#1658,10.);
#469=VECTOR('',#1663,10.);
#470=VECTOR('',#1664,10.);
#471=VECTOR('',#1665,10.);
#472=VECTOR('',#1666,10.);
#473=VECTOR('',#1667,10.);
#474=VECTOR('',#1670,10.);
#475=VECTOR('',#1675,10.);
#476=VECTOR('',#1676,10.);
#477=VECTOR('',#1677,10.);
#478=VECTOR('',#1678,10.);
#479=VECTOR('',#1681,10.);
#480=VECTOR('',#1684,10.);
#481=VECTOR('',#1705,10.);
#482=VECTOR('',#1706,10.);
#483=VECTOR('',#1707,10.);
#484=VECTOR('',#1710,10.);
#485=VECTOR('',#1715,10.);
#486=VECTOR('',#1716,10.);
#487=VECTOR('',#1719,10.);
#488=VECTOR('',#1724,10.);
#489=VECTOR('',#1725,10.);
#490=VECTOR('',#1728,10.);
#491=VECTOR('',#1733,10.);
#492=VECTOR('',#1734,10.);
#493=VECTOR('',#1735,10.);
#494=VECTOR('',#1738,10.);
#495=VECTOR('',#1739,10.);
#496=VECTOR('',#1740,10.);
#497=VECTOR('',#1743,10.);
#498=VECTOR('',#1744,10.);
#499=VERTEX_POINT('',#1751);
#500=VERTEX_POINT('',#1752);
#501=VERTEX_POINT('',#1754);
#502=VERTEX_POINT('',#1756);
#503=VERTEX_POINT('',#1758);
#504=VERTEX_POINT('',#1760);
#505=VERTEX_POINT('',#1762);
#506=VERTEX_POINT('',#1764);
#507=VERTEX_POINT('',#1768);
#508=VERTEX_POINT('',#1770);
#509=VERTEX_POINT('',#1772);
#510=VERTEX_POINT('',#1774);
#511=VERTEX_POINT('',#1776);
#512=VERTEX_POINT('',#1778);
#513=VERTEX_POINT('',#1781);
#514=VERTEX_POINT('',#1782);
#515=VERTEX_POINT('',#1784);
#516=VERTEX_POINT('',#1786);
#517=VERTEX_POINT('',#1790);
#518=VERTEX_POINT('',#1791);
#519=VERTEX_POINT('',#1793);
#520=VERTEX_POINT('',#1795);
#521=VERTEX_POINT('',#1802);
#522=VERTEX_POINT('',#1804);
#523=VERTEX_POINT('',#1808);
#524=VERTEX_POINT('',#1809);
#525=VERTEX_POINT('',#1811);
#526=VERTEX_POINT('',#1813);
#527=VERTEX_POINT('',#1817);
#528=VERTEX_POINT('',#1818);
#529=VERTEX_POINT('',#1823);
#530=VERTEX_POINT('',#1824);
#531=VERTEX_POINT('',#1826);
#532=VERTEX_POINT('',#1828);
#533=VERTEX_POINT('',#1832);
#534=VERTEX_POINT('',#1838);
#535=VERTEX_POINT('',#1843);
#536=VERTEX_POINT('',#1845);
#537=VERTEX_POINT('',#1847);
#538=VERTEX_POINT('',#1851);
#539=VERTEX_POINT('',#1853);
#540=VERTEX_POINT('',#1855);
#541=VERTEX_POINT('',#1857);
#542=VERTEX_POINT('',#1859);
#543=VERTEX_POINT('',#1861);
#544=VERTEX_POINT('',#1863);
#545=VERTEX_POINT('',#1865);
#546=VERTEX_POINT('',#1867);
#547=VERTEX_POINT('',#1873);
#548=VERTEX_POINT('',#1875);
#549=VERTEX_POINT('',#1877);
#550=VERTEX_POINT('',#1881);
#551=VERTEX_POINT('',#1882);
#552=VERTEX_POINT('',#1884);
#553=VERTEX_POINT('',#1886);
#554=VERTEX_POINT('',#1890);
#555=VERTEX_POINT('',#1891);
#556=VERTEX_POINT('',#1893);
#557=VERTEX_POINT('',#1901);
#558=VERTEX_POINT('',#1903);
#559=VERTEX_POINT('',#1906);
#560=VERTEX_POINT('',#1908);
#561=VERTEX_POINT('',#1910);
#562=VERTEX_POINT('',#1912);
#563=VERTEX_POINT('',#1914);
#564=VERTEX_POINT('',#1916);
#565=VERTEX_POINT('',#1918);
#566=VERTEX_POINT('',#1920);
#567=VERTEX_POINT('',#1922);
#568=VERTEX_POINT('',#1924);
#569=VERTEX_POINT('',#1926);
#570=VERTEX_POINT('',#1928);
#571=VERTEX_POINT('',#1930);
#572=VERTEX_POINT('',#1932);
#573=VERTEX_POINT('',#1934);
#574=VERTEX_POINT('',#1936);
#575=VERTEX_POINT('',#1938);
#576=VERTEX_POINT('',#1940);
#577=VERTEX_POINT('',#1948);
#578=VERTEX_POINT('',#1952);
#579=VERTEX_POINT('',#1954);
#580=VERTEX_POINT('',#1958);
#581=VERTEX_POINT('',#1965);
#582=VERTEX_POINT('',#1967);
#583=VERTEX_POINT('',#1972);
#584=VERTEX_POINT('',#1981);
#585=VERTEX_POINT('',#1985);
#586=VERTEX_POINT('',#1986);
#587=VERTEX_POINT('',#1988);
#588=VERTEX_POINT('',#1990);
#589=VERTEX_POINT('',#1994);
#590=VERTEX_POINT('',#2002);
#591=VERTEX_POINT('',#2004);
#592=VERTEX_POINT('',#2011);
#593=VERTEX_POINT('',#2015);
#594=VERTEX_POINT('',#2017);
#595=VERTEX_POINT('',#2021);
#596=VERTEX_POINT('',#2022);
#597=VERTEX_POINT('',#2027);
#598=VERTEX_POINT('',#2029);
#599=VERTEX_POINT('',#2041);
#600=VERTEX_POINT('',#2042);
#601=VERTEX_POINT('',#2044);
#602=VERTEX_POINT('',#2046);
#603=VERTEX_POINT('',#2053);
#604=VERTEX_POINT('',#2055);
#605=VERTEX_POINT('',#2073);
#606=VERTEX_POINT('',#2074);
#607=VERTEX_POINT('',#2082);
#608=VERTEX_POINT('',#2089);
#609=VERTEX_POINT('',#2096);
#610=VERTEX_POINT('',#2098);
#611=VERTEX_POINT('',#2102);
#612=VERTEX_POINT('',#2104);
#613=EDGE_CURVE('',#499,#500,#227,.T.);
#614=EDGE_CURVE('',#500,#501,#228,.T.);
#615=EDGE_CURVE('',#501,#502,#229,.T.);
#616=EDGE_CURVE('',#503,#502,#230,.T.);
#617=EDGE_CURVE('',#503,#504,#231,.T.);
#618=EDGE_CURVE('',#504,#505,#232,.T.);
#619=EDGE_CURVE('',#505,#506,#233,.T.);
#620=EDGE_CURVE('',#499,#506,#234,.T.);
#621=EDGE_CURVE('',#500,#507,#235,.T.);
#622=EDGE_CURVE('',#508,#507,#236,.T.);
#623=EDGE_CURVE('',#509,#508,#237,.T.);
#624=EDGE_CURVE('',#509,#510,#238,.T.);
#625=EDGE_CURVE('',#510,#511,#239,.T.);
#626=EDGE_CURVE('',#511,#512,#240,.T.);
#627=EDGE_CURVE('',#501,#512,#241,.T.);
#628=EDGE_CURVE('',#513,#514,#242,.T.);
#629=EDGE_CURVE('',#515,#513,#243,.T.);
#630=EDGE_CURVE('',#516,#515,#244,.T.);
#631=EDGE_CURVE('',#514,#516,#245,.T.);
#632=EDGE_CURVE('',#517,#518,#246,.T.);
#633=EDGE_CURVE('',#519,#518,#247,.T.);
#634=EDGE_CURVE('',#519,#520,#248,.T.);
#635=EDGE_CURVE('',#517,#520,#249,.T.);
#636=EDGE_CURVE('',#518,#499,#29,.T.);
#637=EDGE_CURVE('',#506,#519,#30,.T.);
#638=EDGE_CURVE('',#521,#503,#31,.T.);
#639=EDGE_CURVE('',#502,#522,#32,.T.);
#640=EDGE_CURVE('',#522,#521,#250,.T.);
#641=EDGE_CURVE('',#523,#524,#33,.T.);
#642=EDGE_CURVE('',#524,#525,#251,.T.);
#643=EDGE_CURVE('',#526,#525,#34,.T.);
#644=EDGE_CURVE('',#526,#523,#252,.T.);
#645=EDGE_CURVE('',#527,#528,#253,.T.);
#646=EDGE_CURVE('',#505,#527,#254,.T.);
#647=EDGE_CURVE('',#528,#504,#255,.T.);
#648=EDGE_CURVE('',#529,#530,#256,.T.);
#649=EDGE_CURVE('',#531,#529,#257,.T.);
#650=EDGE_CURVE('',#532,#531,#258,.T.);
#651=EDGE_CURVE('',#530,#532,#259,.T.);
#652=EDGE_CURVE('',#528,#533,#260,.T.);
#653=EDGE_CURVE('',#533,#521,#261,.T.);
#654=EDGE_CURVE('',#520,#527,#262,.T.);
#655=EDGE_CURVE('',#530,#534,#263,.T.);
#656=EDGE_CURVE('',#524,#532,#264,.T.);
#657=EDGE_CURVE('',#534,#523,#265,.T.);
#658=EDGE_CURVE('',#535,#529,#266,.T.);
#659=EDGE_CURVE('',#536,#535,#267,.T.);
#660=EDGE_CURVE('',#537,#536,#35,.T.);
#661=EDGE_CURVE('',#531,#537,#268,.T.);
#662=EDGE_CURVE('',#534,#538,#269,.T.);
#663=EDGE_CURVE('',#538,#539,#270,.T.);
#664=EDGE_CURVE('',#540,#539,#271,.T.);
#665=EDGE_CURVE('',#541,#540,#272,.T.);
#666=EDGE_CURVE('',#541,#542,#273,.F.);
#667=EDGE_CURVE('',#542,#543,#274,.T.);
#668=EDGE_CURVE('',#544,#543,#275,.T.);
#669=EDGE_CURVE('',#545,#544,#276,.T.);
#670=EDGE_CURVE('',#546,#545,#36,.F.);
#671=EDGE_CURVE('',#546,#535,#277,.T.);
#672=EDGE_CURVE('',#526,#538,#278,.T.);
#673=EDGE_CURVE('',#522,#547,#279,.T.);
#674=EDGE_CURVE('',#548,#547,#280,.T.);
#675=EDGE_CURVE('',#549,#548,#281,.T.);
#676=EDGE_CURVE('',#533,#549,#282,.T.);
#677=EDGE_CURVE('',#550,#551,#37,.T.);
#678=EDGE_CURVE('',#551,#552,#283,.T.);
#679=EDGE_CURVE('',#552,#553,#38,.T.);
#680=EDGE_CURVE('',#553,#550,#284,.T.);
#681=EDGE_CURVE('',#554,#555,#39,.T.);
#682=EDGE_CURVE('',#555,#556,#285,.T.);
#683=EDGE_CURVE('',#556,#552,#40,.T.);
#684=EDGE_CURVE('',#552,#554,#286,.T.);
#685=EDGE_CURVE('',#556,#553,#41,.T.);
#686=EDGE_CURVE('',#550,#544,#287,.T.);
#687=EDGE_CURVE('',#543,#557,#288,.T.);
#688=EDGE_CURVE('',#557,#558,#289,.T.);
#689=EDGE_CURVE('',#558,#540,#290,.T.);
#690=EDGE_CURVE('',#539,#559,#291,.T.);
#691=EDGE_CURVE('',#559,#560,#292,.T.);
#692=EDGE_CURVE('',#560,#561,#293,.T.);
#693=EDGE_CURVE('',#561,#562,#294,.T.);
#694=EDGE_CURVE('',#562,#563,#295,.T.);
#695=EDGE_CURVE('',#563,#564,#296,.F.);
#696=EDGE_CURVE('',#564,#565,#297,.T.);
#697=EDGE_CURVE('',#566,#565,#42,.T.);
#698=EDGE_CURVE('',#566,#567,#298,.T.);
#699=EDGE_CURVE('',#567,#568,#299,.T.);
#700=EDGE_CURVE('',#569,#568,#19,.F.);
#701=EDGE_CURVE('',#569,#570,#300,.T.);
#702=EDGE_CURVE('',#571,#570,#20,.F.);
#703=EDGE_CURVE('',#571,#572,#301,.T.);
#704=EDGE_CURVE('',#573,#572,#21,.F.);
#705=EDGE_CURVE('',#573,#574,#302,.T.);
#706=EDGE_CURVE('',#575,#574,#22,.F.);
#707=EDGE_CURVE('',#575,#576,#303,.T.);
#708=EDGE_CURVE('',#576,#551,#304,.T.);
#709=EDGE_CURVE('',#545,#553,#305,.T.);
#710=EDGE_CURVE('',#556,#546,#306,.T.);
#711=EDGE_CURVE('',#555,#577,#307,.T.);
#712=EDGE_CURVE('',#536,#577,#308,.T.);
#713=EDGE_CURVE('',#547,#578,#43,.T.);
#714=EDGE_CURVE('',#578,#579,#309,.T.);
#715=EDGE_CURVE('',#579,#548,#44,.T.);
#716=EDGE_CURVE('',#565,#580,#310,.T.);
#717=EDGE_CURVE('',#580,#579,#45,.T.);
#718=EDGE_CURVE('',#579,#566,#311,.T.);
#719=EDGE_CURVE('',#580,#548,#46,.T.);
#720=EDGE_CURVE('',#581,#501,#312,.T.);
#721=EDGE_CURVE('',#582,#581,#47,.T.);
#722=EDGE_CURVE('',#568,#582,#313,.T.);
#723=EDGE_CURVE('',#567,#578,#314,.T.);
#724=EDGE_CURVE('',#580,#583,#315,.T.);
#725=EDGE_CURVE('',#549,#583,#48,.T.);
#726=EDGE_CURVE('',#583,#564,#316,.T.);
#727=EDGE_CURVE('',#554,#576,#317,.T.);
#728=EDGE_CURVE('',#582,#584,#49,.T.);
#729=EDGE_CURVE('',#584,#569,#318,.T.);
#730=EDGE_CURVE('',#585,#586,#50,.T.);
#731=EDGE_CURVE('',#586,#587,#51,.T.);
#732=EDGE_CURVE('',#587,#588,#52,.T.);
#733=EDGE_CURVE('',#588,#585,#53,.T.);
#734=EDGE_CURVE('',#589,#581,#54,.T.);
#735=EDGE_CURVE('',#512,#509,#319,.T.);
#736=EDGE_CURVE('',#508,#588,#320,.T.);
#737=EDGE_CURVE('',#587,#589,#321,.T.);
#738=EDGE_CURVE('',#589,#584,#55,.T.);
#739=EDGE_CURVE('',#586,#590,#322,.T.);
#740=EDGE_CURVE('',#591,#590,#56,.T.);
#741=EDGE_CURVE('',#591,#587,#323,.T.);
#742=EDGE_CURVE('',#585,#575,#324,.T.);
#743=EDGE_CURVE('',#574,#586,#325,.T.);
#744=EDGE_CURVE('',#592,#508,#326,.T.);
#745=EDGE_CURVE('',#577,#592,#57,.T.);
#746=EDGE_CURVE('',#593,#591,#58,.T.);
#747=EDGE_CURVE('',#590,#594,#59,.T.);
#748=EDGE_CURVE('',#594,#593,#60,.T.);
#749=EDGE_CURVE('',#595,#596,#61,.T.);
#750=EDGE_CURVE('',#596,#591,#327,.T.);
#751=EDGE_CURVE('',#593,#595,#328,.T.);
#752=EDGE_CURVE('',#570,#597,#329,.T.);
#753=EDGE_CURVE('',#597,#598,#62,.T.);
#754=EDGE_CURVE('',#598,#571,#330,.T.);
#755=EDGE_CURVE('',#597,#596,#63,.T.);
#756=EDGE_CURVE('',#595,#598,#64,.T.);
#757=EDGE_CURVE('',#590,#573,#331,.T.);
#758=EDGE_CURVE('',#572,#594,#332,.T.);
#759=EDGE_CURVE('',#589,#596,#333,.T.);
#760=EDGE_CURVE('',#599,#600,#334,.T.);
#761=EDGE_CURVE('',#601,#599,#335,.T.);
#762=EDGE_CURVE('',#602,#601,#336,.T.);
#763=EDGE_CURVE('',#600,#602,#337,.T.);
#764=EDGE_CURVE('',#597,#584,#338,.T.);
#765=EDGE_CURVE('',#563,#603,#339,.T.);
#766=EDGE_CURVE('',#603,#604,#340,.T.);
#767=EDGE_CURVE('',#560,#604,#341,.T.);
#768=EDGE_CURVE('',#559,#517,#342,.T.);
#769=EDGE_CURVE('',#592,#537,#343,.T.);
#770=EDGE_CURVE('',#525,#507,#344,.T.);
#771=EDGE_CURVE('',#601,#516,#23,.T.);
#772=EDGE_CURVE('',#602,#515,#24,.T.);
#773=EDGE_CURVE('',#599,#514,#25,.T.);
#774=EDGE_CURVE('',#600,#513,#26,.T.);
#775=EDGE_CURVE('',#605,#606,#345,.T.);
#776=EDGE_CURVE('',#606,#562,#346,.T.);
#777=EDGE_CURVE('',#605,#561,#347,.T.);
#778=EDGE_CURVE('',#606,#603,#348,.T.);
#779=EDGE_CURVE('',#607,#558,#349,.T.);
#780=EDGE_CURVE('',#607,#541,#350,.T.);
#781=EDGE_CURVE('',#604,#605,#351,.T.);
#782=EDGE_CURVE('',#608,#607,#352,.T.);
#783=EDGE_CURVE('',#542,#608,#353,.T.);
#784=EDGE_CURVE('',#608,#557,#354,.T.);
#785=EDGE_CURVE('',#512,#609,#355,.T.);
#786=EDGE_CURVE('',#610,#609,#356,.T.);
#787=EDGE_CURVE('',#509,#610,#357,.T.);
#788=EDGE_CURVE('',#511,#611,#358,.T.);
#789=EDGE_CURVE('',#510,#612,#359,.T.);
#790=EDGE_CURVE('',#611,#612,#360,.T.);
#791=EDGE_CURVE('',#612,#610,#361,.T.);
#792=EDGE_CURVE('',#609,#611,#362,.T.);
#793=ORIENTED_EDGE('',*,*,#613,.T.);
#794=ORIENTED_EDGE('',*,*,#614,.T.);
#795=ORIENTED_EDGE('',*,*,#615,.T.);
#796=ORIENTED_EDGE('',*,*,#616,.F.);
#797=ORIENTED_EDGE('',*,*,#617,.T.);
#798=ORIENTED_EDGE('',*,*,#618,.T.);
#799=ORIENTED_EDGE('',*,*,#619,.T.);
#800=ORIENTED_EDGE('',*,*,#620,.F.);
#801=ORIENTED_EDGE('',*,*,#621,.T.);
#802=ORIENTED_EDGE('',*,*,#622,.F.);
#803=ORIENTED_EDGE('',*,*,#623,.F.);
#804=ORIENTED_EDGE('',*,*,#624,.T.);
#805=ORIENTED_EDGE('',*,*,#625,.T.);
#806=ORIENTED_EDGE('',*,*,#626,.T.);
#807=ORIENTED_EDGE('',*,*,#627,.F.);
#808=ORIENTED_EDGE('',*,*,#614,.F.);
#809=ORIENTED_EDGE('',*,*,#628,.F.);
#810=ORIENTED_EDGE('',*,*,#629,.F.);
#811=ORIENTED_EDGE('',*,*,#630,.F.);
#812=ORIENTED_EDGE('',*,*,#631,.F.);
#813=ORIENTED_EDGE('',*,*,#632,.T.);
#814=ORIENTED_EDGE('',*,*,#633,.F.);
#815=ORIENTED_EDGE('',*,*,#634,.T.);
#816=ORIENTED_EDGE('',*,*,#635,.F.);
#817=ORIENTED_EDGE('',*,*,#636,.T.);
#818=ORIENTED_EDGE('',*,*,#620,.T.);
#819=ORIENTED_EDGE('',*,*,#637,.T.);
#820=ORIENTED_EDGE('',*,*,#633,.T.);
#821=ORIENTED_EDGE('',*,*,#638,.T.);
#822=ORIENTED_EDGE('',*,*,#616,.T.);
#823=ORIENTED_EDGE('',*,*,#639,.T.);
#824=ORIENTED_EDGE('',*,*,#640,.T.);
#825=ORIENTED_EDGE('',*,*,#641,.T.);
#826=ORIENTED_EDGE('',*,*,#642,.T.);
#827=ORIENTED_EDGE('',*,*,#643,.F.);
#828=ORIENTED_EDGE('',*,*,#644,.T.);
#829=ORIENTED_EDGE('',*,*,#645,.F.);
#830=ORIENTED_EDGE('',*,*,#646,.F.);
#831=ORIENTED_EDGE('',*,*,#618,.F.);
#832=ORIENTED_EDGE('',*,*,#647,.F.);
#833=ORIENTED_EDGE('',*,*,#648,.F.);
#834=ORIENTED_EDGE('',*,*,#649,.F.);
#835=ORIENTED_EDGE('',*,*,#650,.F.);
#836=ORIENTED_EDGE('',*,*,#651,.F.);
#837=ORIENTED_EDGE('',*,*,#652,.F.);
#838=ORIENTED_EDGE('',*,*,#647,.T.);
#839=ORIENTED_EDGE('',*,*,#617,.F.);
#840=ORIENTED_EDGE('',*,*,#638,.F.);
#841=ORIENTED_EDGE('',*,*,#653,.F.);
#842=ORIENTED_EDGE('',*,*,#654,.F.);
#843=ORIENTED_EDGE('',*,*,#634,.F.);
#844=ORIENTED_EDGE('',*,*,#637,.F.);
#845=ORIENTED_EDGE('',*,*,#619,.F.);
#846=ORIENTED_EDGE('',*,*,#646,.T.);
#847=ORIENTED_EDGE('',*,*,#655,.F.);
#848=ORIENTED_EDGE('',*,*,#651,.T.);
#849=ORIENTED_EDGE('',*,*,#656,.F.);
#850=ORIENTED_EDGE('',*,*,#641,.F.);
#851=ORIENTED_EDGE('',*,*,#657,.F.);
#852=ORIENTED_EDGE('',*,*,#658,.F.);
#853=ORIENTED_EDGE('',*,*,#659,.F.);
#854=ORIENTED_EDGE('',*,*,#660,.F.);
#855=ORIENTED_EDGE('',*,*,#661,.F.);
#856=ORIENTED_EDGE('',*,*,#649,.T.);
#857=ORIENTED_EDGE('',*,*,#658,.T.);
#858=ORIENTED_EDGE('',*,*,#648,.T.);
#859=ORIENTED_EDGE('',*,*,#655,.T.);
#860=ORIENTED_EDGE('',*,*,#662,.T.);
#861=ORIENTED_EDGE('',*,*,#663,.T.);
#862=ORIENTED_EDGE('',*,*,#664,.F.);
#863=ORIENTED_EDGE('',*,*,#665,.F.);
#864=ORIENTED_EDGE('',*,*,#666,.T.);
#865=ORIENTED_EDGE('',*,*,#667,.T.);
#866=ORIENTED_EDGE('',*,*,#668,.F.);
#867=ORIENTED_EDGE('',*,*,#669,.F.);
#868=ORIENTED_EDGE('',*,*,#670,.F.);
#869=ORIENTED_EDGE('',*,*,#671,.T.);
#870=ORIENTED_EDGE('',*,*,#657,.T.);
#871=ORIENTED_EDGE('',*,*,#644,.F.);
#872=ORIENTED_EDGE('',*,*,#672,.T.);
#873=ORIENTED_EDGE('',*,*,#662,.F.);
#874=ORIENTED_EDGE('',*,*,#653,.T.);
#875=ORIENTED_EDGE('',*,*,#640,.F.);
#876=ORIENTED_EDGE('',*,*,#673,.T.);
#877=ORIENTED_EDGE('',*,*,#674,.F.);
#878=ORIENTED_EDGE('',*,*,#675,.F.);
#879=ORIENTED_EDGE('',*,*,#676,.F.);
#880=ORIENTED_EDGE('',*,*,#677,.T.);
#881=ORIENTED_EDGE('',*,*,#678,.T.);
#882=ORIENTED_EDGE('',*,*,#679,.T.);
#883=ORIENTED_EDGE('',*,*,#680,.T.);
#884=ORIENTED_EDGE('',*,*,#681,.T.);
#885=ORIENTED_EDGE('',*,*,#682,.T.);
#886=ORIENTED_EDGE('',*,*,#683,.T.);
#887=ORIENTED_EDGE('',*,*,#684,.T.);
#888=ORIENTED_EDGE('',*,*,#683,.F.);
#889=ORIENTED_EDGE('',*,*,#685,.T.);
#890=ORIENTED_EDGE('',*,*,#679,.F.);
#891=ORIENTED_EDGE('',*,*,#677,.F.);
#892=ORIENTED_EDGE('',*,*,#686,.T.);
#893=ORIENTED_EDGE('',*,*,#668,.T.);
#894=ORIENTED_EDGE('',*,*,#687,.T.);
#895=ORIENTED_EDGE('',*,*,#688,.T.);
#896=ORIENTED_EDGE('',*,*,#689,.T.);
#897=ORIENTED_EDGE('',*,*,#664,.T.);
#898=ORIENTED_EDGE('',*,*,#690,.T.);
#899=ORIENTED_EDGE('',*,*,#691,.T.);
#900=ORIENTED_EDGE('',*,*,#692,.T.);
#901=ORIENTED_EDGE('',*,*,#693,.T.);
#902=ORIENTED_EDGE('',*,*,#694,.T.);
#903=ORIENTED_EDGE('',*,*,#695,.T.);
#904=ORIENTED_EDGE('',*,*,#696,.T.);
#905=ORIENTED_EDGE('',*,*,#697,.F.);
#906=ORIENTED_EDGE('',*,*,#698,.T.);
#907=ORIENTED_EDGE('',*,*,#699,.T.);
#908=ORIENTED_EDGE('',*,*,#700,.F.);
#909=ORIENTED_EDGE('',*,*,#701,.T.);
#910=ORIENTED_EDGE('',*,*,#702,.F.);
#911=ORIENTED_EDGE('',*,*,#703,.T.);
#912=ORIENTED_EDGE('',*,*,#704,.F.);
#913=ORIENTED_EDGE('',*,*,#705,.T.);
#914=ORIENTED_EDGE('',*,*,#706,.F.);
#915=ORIENTED_EDGE('',*,*,#707,.T.);
#916=ORIENTED_EDGE('',*,*,#708,.T.);
#917=ORIENTED_EDGE('',*,*,#680,.F.);
#918=ORIENTED_EDGE('',*,*,#709,.F.);
#919=ORIENTED_EDGE('',*,*,#669,.T.);
#920=ORIENTED_EDGE('',*,*,#686,.F.);
#921=ORIENTED_EDGE('',*,*,#685,.F.);
#922=ORIENTED_EDGE('',*,*,#710,.T.);
#923=ORIENTED_EDGE('',*,*,#670,.T.);
#924=ORIENTED_EDGE('',*,*,#709,.T.);
#925=ORIENTED_EDGE('',*,*,#659,.T.);
#926=ORIENTED_EDGE('',*,*,#671,.F.);
#927=ORIENTED_EDGE('',*,*,#710,.F.);
#928=ORIENTED_EDGE('',*,*,#682,.F.);
#929=ORIENTED_EDGE('',*,*,#711,.T.);
#930=ORIENTED_EDGE('',*,*,#712,.F.);
#931=ORIENTED_EDGE('',*,*,#713,.T.);
#932=ORIENTED_EDGE('',*,*,#714,.T.);
#933=ORIENTED_EDGE('',*,*,#715,.T.);
#934=ORIENTED_EDGE('',*,*,#674,.T.);
#935=ORIENTED_EDGE('',*,*,#697,.T.);
#936=ORIENTED_EDGE('',*,*,#716,.T.);
#937=ORIENTED_EDGE('',*,*,#717,.T.);
#938=ORIENTED_EDGE('',*,*,#718,.T.);
#939=ORIENTED_EDGE('',*,*,#717,.F.);
#940=ORIENTED_EDGE('',*,*,#719,.T.);
#941=ORIENTED_EDGE('',*,*,#715,.F.);
#942=ORIENTED_EDGE('',*,*,#713,.F.);
#943=ORIENTED_EDGE('',*,*,#673,.F.);
#944=ORIENTED_EDGE('',*,*,#639,.F.);
#945=ORIENTED_EDGE('',*,*,#615,.F.);
#946=ORIENTED_EDGE('',*,*,#720,.F.);
#947=ORIENTED_EDGE('',*,*,#721,.F.);
#948=ORIENTED_EDGE('',*,*,#722,.F.);
#949=ORIENTED_EDGE('',*,*,#699,.F.);
#950=ORIENTED_EDGE('',*,*,#723,.T.);
#951=ORIENTED_EDGE('',*,*,#719,.F.);
#952=ORIENTED_EDGE('',*,*,#724,.T.);
#953=ORIENTED_EDGE('',*,*,#725,.F.);
#954=ORIENTED_EDGE('',*,*,#675,.T.);
#955=ORIENTED_EDGE('',*,*,#716,.F.);
#956=ORIENTED_EDGE('',*,*,#696,.F.);
#957=ORIENTED_EDGE('',*,*,#726,.F.);
#958=ORIENTED_EDGE('',*,*,#724,.F.);
#959=ORIENTED_EDGE('',*,*,#678,.F.);
#960=ORIENTED_EDGE('',*,*,#708,.F.);
#961=ORIENTED_EDGE('',*,*,#727,.F.);
#962=ORIENTED_EDGE('',*,*,#684,.F.);
#963=ORIENTED_EDGE('',*,*,#714,.F.);
#964=ORIENTED_EDGE('',*,*,#723,.F.);
#965=ORIENTED_EDGE('',*,*,#698,.F.);
#966=ORIENTED_EDGE('',*,*,#718,.F.);
#967=ORIENTED_EDGE('',*,*,#700,.T.);
#968=ORIENTED_EDGE('',*,*,#722,.T.);
#969=ORIENTED_EDGE('',*,*,#728,.T.);
#970=ORIENTED_EDGE('',*,*,#729,.T.);
#971=ORIENTED_EDGE('',*,*,#730,.T.);
#972=ORIENTED_EDGE('',*,*,#731,.T.);
#973=ORIENTED_EDGE('',*,*,#732,.T.);
#974=ORIENTED_EDGE('',*,*,#733,.T.);
#975=ORIENTED_EDGE('',*,*,#734,.T.);
#976=ORIENTED_EDGE('',*,*,#720,.T.);
#977=ORIENTED_EDGE('',*,*,#627,.T.);
#978=ORIENTED_EDGE('',*,*,#735,.T.);
#979=ORIENTED_EDGE('',*,*,#623,.T.);
#980=ORIENTED_EDGE('',*,*,#736,.T.);
#981=ORIENTED_EDGE('',*,*,#732,.F.);
#982=ORIENTED_EDGE('',*,*,#737,.T.);
#983=ORIENTED_EDGE('',*,*,#734,.F.);
#984=ORIENTED_EDGE('',*,*,#738,.T.);
#985=ORIENTED_EDGE('',*,*,#728,.F.);
#986=ORIENTED_EDGE('',*,*,#721,.T.);
#987=ORIENTED_EDGE('',*,*,#731,.F.);
#988=ORIENTED_EDGE('',*,*,#739,.T.);
#989=ORIENTED_EDGE('',*,*,#740,.F.);
#990=ORIENTED_EDGE('',*,*,#741,.T.);
#991=ORIENTED_EDGE('',*,*,#730,.F.);
#992=ORIENTED_EDGE('',*,*,#742,.T.);
#993=ORIENTED_EDGE('',*,*,#706,.T.);
#994=ORIENTED_EDGE('',*,*,#743,.T.);
#995=ORIENTED_EDGE('',*,*,#681,.F.);
#996=ORIENTED_EDGE('',*,*,#727,.T.);
#997=ORIENTED_EDGE('',*,*,#707,.F.);
#998=ORIENTED_EDGE('',*,*,#742,.F.);
#999=ORIENTED_EDGE('',*,*,#733,.F.);
#1000=ORIENTED_EDGE('',*,*,#736,.F.);
#1001=ORIENTED_EDGE('',*,*,#744,.F.);
#1002=ORIENTED_EDGE('',*,*,#745,.F.);
#1003=ORIENTED_EDGE('',*,*,#711,.F.);
#1004=ORIENTED_EDGE('',*,*,#746,.T.);
#1005=ORIENTED_EDGE('',*,*,#740,.T.);
#1006=ORIENTED_EDGE('',*,*,#747,.T.);
#1007=ORIENTED_EDGE('',*,*,#748,.T.);
#1008=ORIENTED_EDGE('',*,*,#749,.T.);
#1009=ORIENTED_EDGE('',*,*,#750,.T.);
#1010=ORIENTED_EDGE('',*,*,#746,.F.);
#1011=ORIENTED_EDGE('',*,*,#751,.T.);
#1012=ORIENTED_EDGE('',*,*,#702,.T.);
#1013=ORIENTED_EDGE('',*,*,#752,.T.);
#1014=ORIENTED_EDGE('',*,*,#753,.T.);
#1015=ORIENTED_EDGE('',*,*,#754,.T.);
#1016=ORIENTED_EDGE('',*,*,#753,.F.);
#1017=ORIENTED_EDGE('',*,*,#755,.T.);
#1018=ORIENTED_EDGE('',*,*,#749,.F.);
#1019=ORIENTED_EDGE('',*,*,#756,.T.);
#1020=ORIENTED_EDGE('',*,*,#747,.F.);
#1021=ORIENTED_EDGE('',*,*,#757,.T.);
#1022=ORIENTED_EDGE('',*,*,#704,.T.);
#1023=ORIENTED_EDGE('',*,*,#758,.T.);
#1024=ORIENTED_EDGE('',*,*,#751,.F.);
#1025=ORIENTED_EDGE('',*,*,#748,.F.);
#1026=ORIENTED_EDGE('',*,*,#758,.F.);
#1027=ORIENTED_EDGE('',*,*,#703,.F.);
#1028=ORIENTED_EDGE('',*,*,#754,.F.);
#1029=ORIENTED_EDGE('',*,*,#756,.F.);
#1030=ORIENTED_EDGE('',*,*,#737,.F.);
#1031=ORIENTED_EDGE('',*,*,#741,.F.);
#1032=ORIENTED_EDGE('',*,*,#750,.F.);
#1033=ORIENTED_EDGE('',*,*,#759,.F.);
#1034=ORIENTED_EDGE('',*,*,#760,.F.);
#1035=ORIENTED_EDGE('',*,*,#761,.F.);
#1036=ORIENTED_EDGE('',*,*,#762,.F.);
#1037=ORIENTED_EDGE('',*,*,#763,.F.);
#1038=ORIENTED_EDGE('',*,*,#738,.F.);
#1039=ORIENTED_EDGE('',*,*,#759,.T.);
#1040=ORIENTED_EDGE('',*,*,#755,.F.);
#1041=ORIENTED_EDGE('',*,*,#764,.T.);
#1042=ORIENTED_EDGE('',*,*,#729,.F.);
#1043=ORIENTED_EDGE('',*,*,#764,.F.);
#1044=ORIENTED_EDGE('',*,*,#752,.F.);
#1045=ORIENTED_EDGE('',*,*,#701,.F.);
#1046=ORIENTED_EDGE('',*,*,#635,.T.);
#1047=ORIENTED_EDGE('',*,*,#654,.T.);
#1048=ORIENTED_EDGE('',*,*,#645,.T.);
#1049=ORIENTED_EDGE('',*,*,#652,.T.);
#1050=ORIENTED_EDGE('',*,*,#676,.T.);
#1051=ORIENTED_EDGE('',*,*,#725,.T.);
#1052=ORIENTED_EDGE('',*,*,#726,.T.);
#1053=ORIENTED_EDGE('',*,*,#695,.F.);
#1054=ORIENTED_EDGE('',*,*,#765,.T.);
#1055=ORIENTED_EDGE('',*,*,#766,.T.);
#1056=ORIENTED_EDGE('',*,*,#767,.F.);
#1057=ORIENTED_EDGE('',*,*,#691,.F.);
#1058=ORIENTED_EDGE('',*,*,#768,.T.);
#1059=ORIENTED_EDGE('',*,*,#660,.T.);
#1060=ORIENTED_EDGE('',*,*,#712,.T.);
#1061=ORIENTED_EDGE('',*,*,#745,.T.);
#1062=ORIENTED_EDGE('',*,*,#769,.T.);
#1063=ORIENTED_EDGE('',*,*,#643,.T.);
#1064=ORIENTED_EDGE('',*,*,#770,.T.);
#1065=ORIENTED_EDGE('',*,*,#621,.F.);
#1066=ORIENTED_EDGE('',*,*,#613,.F.);
#1067=ORIENTED_EDGE('',*,*,#636,.F.);
#1068=ORIENTED_EDGE('',*,*,#632,.F.);
#1069=ORIENTED_EDGE('',*,*,#768,.F.);
#1070=ORIENTED_EDGE('',*,*,#690,.F.);
#1071=ORIENTED_EDGE('',*,*,#663,.F.);
#1072=ORIENTED_EDGE('',*,*,#672,.F.);
#1073=ORIENTED_EDGE('',*,*,#769,.F.);
#1074=ORIENTED_EDGE('',*,*,#744,.T.);
#1075=ORIENTED_EDGE('',*,*,#622,.T.);
#1076=ORIENTED_EDGE('',*,*,#770,.F.);
#1077=ORIENTED_EDGE('',*,*,#642,.F.);
#1078=ORIENTED_EDGE('',*,*,#656,.T.);
#1079=ORIENTED_EDGE('',*,*,#650,.T.);
#1080=ORIENTED_EDGE('',*,*,#661,.T.);
#1081=ORIENTED_EDGE('',*,*,#762,.T.);
#1082=ORIENTED_EDGE('',*,*,#771,.T.);
#1083=ORIENTED_EDGE('',*,*,#630,.T.);
#1084=ORIENTED_EDGE('',*,*,#772,.F.);
#1085=ORIENTED_EDGE('',*,*,#761,.T.);
#1086=ORIENTED_EDGE('',*,*,#773,.T.);
#1087=ORIENTED_EDGE('',*,*,#631,.T.);
#1088=ORIENTED_EDGE('',*,*,#771,.F.);
#1089=ORIENTED_EDGE('',*,*,#772,.T.);
#1090=ORIENTED_EDGE('',*,*,#629,.T.);
#1091=ORIENTED_EDGE('',*,*,#774,.F.);
#1092=ORIENTED_EDGE('',*,*,#763,.T.);
#1093=ORIENTED_EDGE('',*,*,#760,.T.);
#1094=ORIENTED_EDGE('',*,*,#774,.T.);
#1095=ORIENTED_EDGE('',*,*,#628,.T.);
#1096=ORIENTED_EDGE('',*,*,#773,.F.);
#1097=ORIENTED_EDGE('',*,*,#775,.T.);
#1098=ORIENTED_EDGE('',*,*,#776,.T.);
#1099=ORIENTED_EDGE('',*,*,#693,.F.);
#1100=ORIENTED_EDGE('',*,*,#777,.F.);
#1101=ORIENTED_EDGE('',*,*,#778,.T.);
#1102=ORIENTED_EDGE('',*,*,#765,.F.);
#1103=ORIENTED_EDGE('',*,*,#694,.F.);
#1104=ORIENTED_EDGE('',*,*,#776,.F.);
#1105=ORIENTED_EDGE('',*,*,#757,.F.);
#1106=ORIENTED_EDGE('',*,*,#739,.F.);
#1107=ORIENTED_EDGE('',*,*,#743,.F.);
#1108=ORIENTED_EDGE('',*,*,#705,.F.);
#1109=ORIENTED_EDGE('',*,*,#665,.T.);
#1110=ORIENTED_EDGE('',*,*,#689,.F.);
#1111=ORIENTED_EDGE('',*,*,#779,.F.);
#1112=ORIENTED_EDGE('',*,*,#780,.T.);
#1113=ORIENTED_EDGE('',*,*,#781,.F.);
#1114=ORIENTED_EDGE('',*,*,#766,.F.);
#1115=ORIENTED_EDGE('',*,*,#778,.F.);
#1116=ORIENTED_EDGE('',*,*,#775,.F.);
#1117=ORIENTED_EDGE('',*,*,#692,.F.);
#1118=ORIENTED_EDGE('',*,*,#767,.T.);
#1119=ORIENTED_EDGE('',*,*,#781,.T.);
#1120=ORIENTED_EDGE('',*,*,#777,.T.);
#1121=ORIENTED_EDGE('',*,*,#782,.F.);
#1122=ORIENTED_EDGE('',*,*,#783,.F.);
#1123=ORIENTED_EDGE('',*,*,#666,.F.);
#1124=ORIENTED_EDGE('',*,*,#780,.F.);
#1125=ORIENTED_EDGE('',*,*,#783,.T.);
#1126=ORIENTED_EDGE('',*,*,#784,.T.);
#1127=ORIENTED_EDGE('',*,*,#687,.F.);
#1128=ORIENTED_EDGE('',*,*,#667,.F.);
#1129=ORIENTED_EDGE('',*,*,#782,.T.);
#1130=ORIENTED_EDGE('',*,*,#779,.T.);
#1131=ORIENTED_EDGE('',*,*,#688,.F.);
#1132=ORIENTED_EDGE('',*,*,#784,.F.);
#1133=ORIENTED_EDGE('',*,*,#785,.T.);
#1134=ORIENTED_EDGE('',*,*,#786,.F.);
#1135=ORIENTED_EDGE('',*,*,#787,.F.);
#1136=ORIENTED_EDGE('',*,*,#735,.F.);
#1137=ORIENTED_EDGE('',*,*,#788,.F.);
#1138=ORIENTED_EDGE('',*,*,#625,.F.);
#1139=ORIENTED_EDGE('',*,*,#789,.T.);
#1140=ORIENTED_EDGE('',*,*,#790,.F.);
#1141=ORIENTED_EDGE('',*,*,#790,.T.);
#1142=ORIENTED_EDGE('',*,*,#791,.T.);
#1143=ORIENTED_EDGE('',*,*,#786,.T.);
#1144=ORIENTED_EDGE('',*,*,#792,.T.);
#1145=ORIENTED_EDGE('',*,*,#789,.F.);
#1146=ORIENTED_EDGE('',*,*,#624,.F.);
#1147=ORIENTED_EDGE('',*,*,#787,.T.);
#1148=ORIENTED_EDGE('',*,*,#791,.F.);
#1149=ORIENTED_EDGE('',*,*,#785,.F.);
#1150=ORIENTED_EDGE('',*,*,#626,.F.);
#1151=ORIENTED_EDGE('',*,*,#788,.T.);
#1152=ORIENTED_EDGE('',*,*,#792,.F.);
#1153=PLANE('',#1275);
#1154=PLANE('',#1276);
#1155=PLANE('',#1277);
#1156=PLANE('',#1287);
#1157=PLANE('',#1288);
#1158=PLANE('',#1289);
#1159=PLANE('',#1290);
#1160=PLANE('',#1291);
#1161=PLANE('',#1292);
#1162=PLANE('',#1294);
#1163=PLANE('',#1296);
#1164=PLANE('',#1297);
#1165=PLANE('',#1306);
#1166=PLANE('',#1312);
#1167=PLANE('',#1314);
#1168=PLANE('',#1322);
#1169=PLANE('',#1326);
#1170=PLANE('',#1327);
#1171=PLANE('',#1328);
#1172=PLANE('',#1343);
#1173=PLANE('',#1357);
#1174=PLANE('',#1358);
#1175=PLANE('',#1360);
#1176=PLANE('',#1361);
#1177=PLANE('',#1363);
#1178=PLANE('',#1364);
#1179=PLANE('',#1373);
#1180=PLANE('',#1374);
#1181=PLANE('',#1375);
#1182=PLANE('',#1376);
#1183=PLANE('',#1377);
#1184=PLANE('',#1378);
#1185=PLANE('',#1379);
#1186=PLANE('',#1380);
#1187=PLANE('',#1381);
#1188=PLANE('',#1382);
#1189=PLANE('',#1383);
#1190=PLANE('',#1384);
#1191=PLANE('',#1385);
#1192=PLANE('',#1386);
#1193=ADVANCED_FACE('',(#89),#1153,.T.);
#1194=ADVANCED_FACE('',(#90,#87),#1154,.T.);
#1195=ADVANCED_FACE('',(#91),#1155,.F.);
#1196=ADVANCED_FACE('',(#92),#65,.F.);
#1197=ADVANCED_FACE('',(#93),#66,.F.);
#1198=ADVANCED_FACE('',(#94),#67,.F.);
#1199=ADVANCED_FACE('',(#95),#1156,.F.);
#1200=ADVANCED_FACE('',(#96),#1157,.F.);
#1201=ADVANCED_FACE('',(#97),#1158,.F.);
#1202=ADVANCED_FACE('',(#98),#1159,.F.);
#1203=ADVANCED_FACE('',(#99),#1160,.F.);
#1204=ADVANCED_FACE('',(#100),#1161,.F.);
#1205=ADVANCED_FACE('',(#101),#1162,.F.);
#1206=ADVANCED_FACE('',(#102),#1163,.F.);
#1207=ADVANCED_FACE('',(#103),#1164,.F.);
#1208=ADVANCED_FACE('',(#104),#68,.T.);
#1209=ADVANCED_FACE('',(#105),#69,.T.);
#1210=ADVANCED_FACE('',(#106),#27,.T.);
#1211=ADVANCED_FACE('',(#107),#1165,.T.);
#1212=ADVANCED_FACE('',(#108),#1166,.T.);
#1213=ADVANCED_FACE('',(#109),#70,.T.);
#1214=ADVANCED_FACE('',(#110),#1167,.F.);
#1215=ADVANCED_FACE('',(#111),#71,.T.);
#1216=ADVANCED_FACE('',(#112),#72,.T.);
#1217=ADVANCED_FACE('',(#113),#28,.T.);
#1218=ADVANCED_FACE('',(#114),#1168,.T.);
#1219=ADVANCED_FACE('',(#115),#73,.T.);
#1220=ADVANCED_FACE('',(#116),#1169,.T.);
#1221=ADVANCED_FACE('',(#117),#1170,.F.);
#1222=ADVANCED_FACE('',(#118),#1171,.F.);
#1223=ADVANCED_FACE('',(#119),#74,.T.);
#1224=ADVANCED_FACE('',(#120),#15,.T.);
#1225=ADVANCED_FACE('',(#121),#75,.T.);
#1226=ADVANCED_FACE('',(#122),#16,.T.);
#1227=ADVANCED_FACE('',(#123),#76,.T.);
#1228=ADVANCED_FACE('',(#124),#77,.T.);
#1229=ADVANCED_FACE('',(#125),#1172,.T.);
#1230=ADVANCED_FACE('',(#126),#17,.T.);
#1231=ADVANCED_FACE('',(#127),#78,.T.);
#1232=ADVANCED_FACE('',(#128),#79,.T.);
#1233=ADVANCED_FACE('',(#129),#18,.T.);
#1234=ADVANCED_FACE('',(#130),#80,.T.);
#1235=ADVANCED_FACE('',(#131),#1173,.T.);
#1236=ADVANCED_FACE('',(#132,#88),#1174,.T.);
#1237=ADVANCED_FACE('',(#133),#81,.T.);
#1238=ADVANCED_FACE('',(#134),#1175,.T.);
#1239=ADVANCED_FACE('',(#135),#1176,.T.);
#1240=ADVANCED_FACE('',(#136),#82,.F.);
#1241=ADVANCED_FACE('',(#137),#1177,.T.);
#1242=ADVANCED_FACE('',(#138),#1178,.F.);
#1243=ADVANCED_FACE('',(#139),#83,.T.);
#1244=ADVANCED_FACE('',(#140),#84,.T.);
#1245=ADVANCED_FACE('',(#141),#85,.T.);
#1246=ADVANCED_FACE('',(#142),#86,.T.);
#1247=ADVANCED_FACE('',(#143),#1179,.F.);
#1248=ADVANCED_FACE('',(#144),#1180,.F.);
#1249=ADVANCED_FACE('',(#145),#1181,.T.);
#1250=ADVANCED_FACE('',(#146),#1182,.F.);
#1251=ADVANCED_FACE('',(#147),#1183,.T.);
#1252=ADVANCED_FACE('',(#148),#1184,.F.);
#1253=ADVANCED_FACE('',(#149),#1185,.T.);
#1254=ADVANCED_FACE('',(#150),#1186,.F.);
#1255=ADVANCED_FACE('',(#151),#1187,.F.);
#1256=ADVANCED_FACE('',(#152),#1188,.T.);
#1257=ADVANCED_FACE('',(#153),#1189,.T.);
#1258=ADVANCED_FACE('',(#154),#1190,.T.);
#1259=ADVANCED_FACE('',(#155),#1191,.T.);
#1260=ADVANCED_FACE('',(#156),#1192,.T.);
#1261=CLOSED_SHELL('',(#1193,#1194,#1195,#1196,#1197,#1198,#1199,#1200,
#1201,#1202,#1203,#1204,#1205,#1206,#1207,#1208,#1209,#1210,#1211,#1212,
#1213,#1214,#1215,#1216,#1217,#1218,#1219,#1220,#1221,#1222,#1223,#1224,
#1225,#1226,#1227,#1228,#1229,#1230,#1231,#1232,#1233,#1234,#1235,#1236,
#1237,#1238,#1239,#1240,#1241,#1242,#1243,#1244,#1245,#1246,#1247,#1248,
#1249,#1250,#1251,#1252,#1253,#1254,#1255,#1256,#1257,#1258,#1259,#1260));
#1262=DERIVED_UNIT_ELEMENT(#1264,1.);
#1263=DERIVED_UNIT_ELEMENT(#2117,-3.);
#1264=(
MASS_UNIT()
NAMED_UNIT(*)
SI_UNIT(.KILO.,.GRAM.)
);
#1265=DERIVED_UNIT((#1262,#1263));
#1266=MEASURE_REPRESENTATION_ITEM('density measure',
POSITIVE_RATIO_MEASURE(7850.),#1265);
#1267=PROPERTY_DEFINITION_REPRESENTATION(#1272,#1269);
#1268=PROPERTY_DEFINITION_REPRESENTATION(#1273,#1270);
#1269=REPRESENTATION('material name',(#1271),#2114);
#1270=REPRESENTATION('density',(#1266),#2114);
#1271=DESCRIPTIVE_REPRESENTATION_ITEM('Steel','Steel');
#1272=PROPERTY_DEFINITION('material property','material name',#2124);
#1273=PROPERTY_DEFINITION('material property','density of part',#2124);
#1274=AXIS2_PLACEMENT_3D('',#1749,#1387,#1388);
#1275=AXIS2_PLACEMENT_3D('',#1750,#1389,#1390);
#1276=AXIS2_PLACEMENT_3D('',#1767,#1399,#1400);
#1277=AXIS2_PLACEMENT_3D('',#1789,#1412,#1413);
#1278=AXIS2_PLACEMENT_3D('',#1798,#1418,#1419);
#1279=AXIS2_PLACEMENT_3D('',#1799,#1420,#1421);
#1280=AXIS2_PLACEMENT_3D('',#1800,#1422,#1423);
#1281=AXIS2_PLACEMENT_3D('',#1801,#1424,#1425);
#1282=AXIS2_PLACEMENT_3D('',#1803,#1426,#1427);
#1283=AXIS2_PLACEMENT_3D('',#1805,#1428,#1429);
#1284=AXIS2_PLACEMENT_3D('',#1807,#1431,#1432);
#1285=AXIS2_PLACEMENT_3D('',#1810,#1433,#1434);
#1286=AXIS2_PLACEMENT_3D('',#1814,#1436,#1437);
#1287=AXIS2_PLACEMENT_3D('',#1816,#1439,#1440);
#1288=AXIS2_PLACEMENT_3D('',#1822,#1444,#1445);
#1289=AXIS2_PLACEMENT_3D('',#1831,#1450,#1451);
#1290=AXIS2_PLACEMENT_3D('',#1835,#1454,#1455);
#1291=AXIS2_PLACEMENT_3D('',#1837,#1457,#1458);
#1292=AXIS2_PLACEMENT_3D('',#1842,#1462,#1463);
#1293=AXIS2_PLACEMENT_3D('',#1848,#1466,#1467);
#1294=AXIS2_PLACEMENT_3D('',#1850,#1469,#1470);
#1295=AXIS2_PLACEMENT_3D('',#1868,#1479,#1480);
#1296=AXIS2_PLACEMENT_3D('',#1870,#1482,#1483);
#1297=AXIS2_PLACEMENT_3D('',#1872,#1485,#1486);
#1298=AXIS2_PLACEMENT_3D('',#1880,#1491,#1492);
#1299=AXIS2_PLACEMENT_3D('',#1883,#1493,#1494);
#1300=AXIS2_PLACEMENT_3D('',#1887,#1496,#1497);
#1301=AXIS2_PLACEMENT_3D('',#1889,#1499,#1500);
#1302=AXIS2_PLACEMENT_3D('',#1892,#1501,#1502);
#1303=AXIS2_PLACEMENT_3D('',#1895,#1504,#1505);
#1304=AXIS2_PLACEMENT_3D('',#1897,#1507,#1508);
#1305=AXIS2_PLACEMENT_3D('',#1898,#1509,#1510);
#1306=AXIS2_PLACEMENT_3D('',#1899,#1511,#1512);
#1307=AXIS2_PLACEMENT_3D('',#1921,#1524,#1525);
#1308=AXIS2_PLACEMENT_3D('',#1927,#1528,#1529);
#1309=AXIS2_PLACEMENT_3D('',#1931,#1531,#1532);
#1310=AXIS2_PLACEMENT_3D('',#1935,#1534,#1535);
#1311=AXIS2_PLACEMENT_3D('',#1939,#1537,#1538);
#1312=AXIS2_PLACEMENT_3D('',#1943,#1541,#1542);
#1313=AXIS2_PLACEMENT_3D('',#1945,#1544,#1545);
#1314=AXIS2_PLACEMENT_3D('',#1947,#1547,#1548);
#1315=AXIS2_PLACEMENT_3D('',#1951,#1551,#1552);
#1316=AXIS2_PLACEMENT_3D('',#1953,#1553,#1554);
#1317=AXIS2_PLACEMENT_3D('',#1956,#1556,#1557);
#1318=AXIS2_PLACEMENT_3D('',#1957,#1558,#1559);
#1319=AXIS2_PLACEMENT_3D('',#1960,#1561,#1562);
#1320=AXIS2_PLACEMENT_3D('',#1962,#1564,#1565);
#1321=AXIS2_PLACEMENT_3D('',#1963,#1566,#1567);
#1322=AXIS2_PLACEMENT_3D('',#1964,#1568,#1569);
#1323=AXIS2_PLACEMENT_3D('',#1968,#1571,#1572);
#1324=AXIS2_PLACEMENT_3D('',#1971,#1575,#1576);
#1325=AXIS2_PLACEMENT_3D('',#1974,#1578,#1579);
#1326=AXIS2_PLACEMENT_3D('',#1975,#1580,#1581);
#1327=AXIS2_PLACEMENT_3D('',#1977,#1583,#1584);
#1328=AXIS2_PLACEMENT_3D('',#1979,#1586,#1587);
#1329=AXIS2_PLACEMENT_3D('',#1980,#1588,#1589);
#1330=AXIS2_PLACEMENT_3D('',#1982,#1590,#1591);
#1331=AXIS2_PLACEMENT_3D('',#1984,#1593,#1594);
#1332=AXIS2_PLACEMENT_3D('',#1987,#1595,#1596);
#1333=AXIS2_PLACEMENT_3D('',#1989,#1597,#1598);
#1334=AXIS2_PLACEMENT_3D('',#1991,#1599,#1600);
#1335=AXIS2_PLACEMENT_3D('',#1992,#1601,#1602);
#1336=AXIS2_PLACEMENT_3D('',#1993,#1603,#1604);
#1337=AXIS2_PLACEMENT_3D('',#1995,#1605,#1606);
#1338=AXIS2_PLACEMENT_3D('',#1999,#1610,#1611);
#1339=AXIS2_PLACEMENT_3D('',#2000,#1612,#1613);
#1340=AXIS2_PLACEMENT_3D('',#2001,#1614,#1615);
#1341=AXIS2_PLACEMENT_3D('',#2005,#1617,#1618);
#1342=AXIS2_PLACEMENT_3D('',#2007,#1620,#1621);
#1343=AXIS2_PLACEMENT_3D('',#2010,#1624,#1625);
#1344=AXIS2_PLACEMENT_3D('',#2013,#1627,#1628);
#1345=AXIS2_PLACEMENT_3D('',#2014,#1629,#1630);
#1346=AXIS2_PLACEMENT_3D('',#2016,#1631,#1632);
#1347=AXIS2_PLACEMENT_3D('',#2018,#1633,#1634);
#1348=AXIS2_PLACEMENT_3D('',#2019,#1635,#1636);
#1349=AXIS2_PLACEMENT_3D('',#2020,#1637,#1638);
#1350=AXIS2_PLACEMENT_3D('',#2023,#1639,#1640);
#1351=AXIS2_PLACEMENT_3D('',#2026,#1643,#1644);
#1352=AXIS2_PLACEMENT_3D('',#2030,#1646,#1647);
#1353=AXIS2_PLACEMENT_3D('',#2032,#1649,#1650);
#1354=AXIS2_PLACEMENT_3D('',#2033,#1651,#1652);
#1355=AXIS2_PLACEMENT_3D('',#2034,#1653,#1654);
#1356=AXIS2_PLACEMENT_3D('',#2035,#1655,#1656);
#1357=AXIS2_PLACEMENT_3D('',#2038,#1659,#1660);
#1358=AXIS2_PLACEMENT_3D('',#2039,#1661,#1662);
#1359=AXIS2_PLACEMENT_3D('',#2049,#1668,#1669);
#1360=AXIS2_PLACEMENT_3D('',#2051,#1671,#1672);
#1361=AXIS2_PLACEMENT_3D('',#2052,#1673,#1674);
#1362=AXIS2_PLACEMENT_3D('',#2059,#1679,#1680);
#1363=AXIS2_PLACEMENT_3D('',#2061,#1682,#1683);
#1364=AXIS2_PLACEMENT_3D('',#2063,#1685,#1686);
#1365=AXIS2_PLACEMENT_3D('',#2064,#1687,#1688);
#1366=AXIS2_PLACEMENT_3D('',#2065,#1689,#1690);
#1367=AXIS2_PLACEMENT_3D('',#2066,#1691,#1692);
#1368=AXIS2_PLACEMENT_3D('',#2067,#1693,#1694);
#1369=AXIS2_PLACEMENT_3D('',#2068,#1695,#1696);
#1370=AXIS2_PLACEMENT_3D('',#2069,#1697,#1698);
#1371=AXIS2_PLACEMENT_3D('',#2070,#1699,#1700);
#1372=AXIS2_PLACEMENT_3D('',#2071,#1701,#1702);
#1373=AXIS2_PLACEMENT_3D('',#2072,#1703,#1704);
#1374=AXIS2_PLACEMENT_3D('',#2078,#1708,#1709);
#1375=AXIS2_PLACEMENT_3D('',#2080,#1711,#1712);
#1376=AXIS2_PLACEMENT_3D('',#2081,#1713,#1714);
#1377=AXIS2_PLACEMENT_3D('',#2085,#1717,#1718);
#1378=AXIS2_PLACEMENT_3D('',#2087,#1720,#1721);
#1379=AXIS2_PLACEMENT_3D('',#2088,#1722,#1723);
#1380=AXIS2_PLACEMENT_3D('',#2092,#1726,#1727);
#1381=AXIS2_PLACEMENT_3D('',#2094,#1729,#1730);
#1382=AXIS2_PLACEMENT_3D('',#2095,#1731,#1732);
#1383=AXIS2_PLACEMENT_3D('',#2101,#1736,#1737);
#1384=AXIS2_PLACEMENT_3D('',#2107,#1741,#1742);
#1385=AXIS2_PLACEMENT_3D('',#2110,#1745,#1746);
#1386=AXIS2_PLACEMENT_3D('',#2111,#1747,#1748);
#1387=DIRECTION('axis',(0.,0.,1.));
#1388=DIRECTION('refdir',(1.,0.,0.));
#1389=DIRECTION('center_axis',(-1.,7.71147284152287E-89,0.));
#1390=DIRECTION('ref_axis',(0.,0.,1.));
#1391=DIRECTION('',(0.,0.,-1.));
#1392=DIRECTION('',(-7.71147284152287E-89,-1.,0.));
#1393=DIRECTION('',(0.,0.,1.));
#1394=DIRECTION('',(-7.71147284152287E-89,-1.,-1.79944675796455E-22));
#1395=DIRECTION('',(-1.387638480381E-110,-1.79944675796455E-22,1.));
#1396=DIRECTION('',(1.54229456830457E-88,1.,1.79944675796455E-22));
#1397=DIRECTION('',(1.387638480381E-110,1.79944675796455E-22,-1.));
#1398=DIRECTION('',(-7.71147284152287E-89,-1.,-1.79944675796455E-22));
#1399=DIRECTION('center_axis',(0.,0.,1.));
#1400=DIRECTION('ref_axis',(1.,0.,0.));
#1401=DIRECTION('',(-1.,0.,0.));
#1402=DIRECTION('',(-2.38154795474174E-45,1.,1.79944675796455E-22));
#1403=DIRECTION('',(-1.,0.,0.));
#1404=DIRECTION('',(7.71147284152287E-89,1.,1.79944675796455E-22));
#1405=DIRECTION('',(1.,0.,-4.28546874609713E-67));
#1406=DIRECTION('',(-7.71147284152287E-89,-1.,-1.79944675796455E-22));
#1407=DIRECTION('',(-1.,0.,0.));
#1408=DIRECTION('',(-1.,0.,4.28546874609713E-67));
#1409=DIRECTION('',(7.71147284152287E-89,1.,1.79944675796455E-22));
#1410=DIRECTION('',(1.,0.,-4.28546874609713E-67));
#1411=DIRECTION('',(-7.71147284152287E-89,-1.,-1.79944675796455E-22));
#1412=DIRECTION('center_axis',(4.28546874609713E-67,-1.79944675796455E-22,
1.));
#1413=DIRECTION('ref_axis',(-1.,0.,4.28546874609713E-67));
#1414=DIRECTION('',(1.,0.,-4.28546874609713E-67));
#1415=DIRECTION('',(7.71147284152287E-89,1.,1.79944675796455E-22));
#1416=DIRECTION('',(-1.,0.,4.28546874609713E-67));
#1417=DIRECTION('',(0.,-1.,-1.79944675796455E-22));
#1418=DIRECTION('center_axis',(-7.71147284152287E-89,-1.,-1.79944675796455E-22));
#1419=DIRECTION('ref_axis',(0.707106781186546,0.,0.707106781186549));
#1420=DIRECTION('center_axis',(0.,1.,0.));
#1421=DIRECTION('ref_axis',(0.707106781186546,0.,0.707106781186549));
#1422=DIRECTION('center_axis',(-7.71147284152287E-89,-1.,0.));
#1423=DIRECTION('ref_axis',(0.707106781186546,0.,0.707106781186549));
#1424=DIRECTION('center_axis',(-7.71147284152287E-89,-1.,-1.79944675796455E-22));
#1425=DIRECTION('ref_axis',(0.707106781186546,0.,0.707106781186549));
#1426=DIRECTION('center_axis',(-5.28515138169136E-39,1.,0.));
#1427=DIRECTION('ref_axis',(0.707106781186546,0.,0.707106781186549));
#1428=DIRECTION('center_axis',(0.,-1.,0.));
#1429=DIRECTION('ref_axis',(0.707106781186546,0.,0.707106781186549));
#1430=DIRECTION('',(7.71147284152287E-89,1.,1.79944675796455E-22));
#1431=DIRECTION('center_axis',(2.38154795474174E-45,-1.,-1.79944675796455E-22));
#1432=DIRECTION('ref_axis',(-0.707106781186547,0.,0.707106781186548));
#1433=DIRECTION('center_axis',(-7.71147284152287E-89,-1.,0.));
#1434=DIRECTION('ref_axis',(-0.707106781186547,0.,0.707106781186548));
#1435=DIRECTION('',(-2.38154795474174E-45,1.,1.79944675796455E-22));
#1436=DIRECTION('center_axis',(0.,-1.,0.));
#1437=DIRECTION('ref_axis',(-0.707106781186547,0.,0.707106781186548));
#1438=DIRECTION('',(2.38154795474174E-45,-1.,-1.79944675796455E-22));
#1439=DIRECTION('center_axis',(-1.387638480381E-110,-1.79944675796455E-22,
1.));
#1440=DIRECTION('ref_axis',(1.,-7.71147284152287E-89,0.));
#1441=DIRECTION('',(-6.45692131774423E-39,-1.,-1.79944675796455E-22));
#1442=DIRECTION('',(-1.,7.71147284152287E-89,0.));
#1443=DIRECTION('',(1.,5.28515138169136E-39,-2.9370979487438E-17));
#1444=DIRECTION('center_axis',(-1.387638480381E-110,-1.79944675796455E-22,
1.));
#1445=DIRECTION('ref_axis',(1.,-7.71147284152287E-89,0.));
#1446=DIRECTION('',(-9.40948654776387E-39,1.,1.79944675796455E-22));
#1447=DIRECTION('',(1.,5.28515138169136E-39,-2.9370979487438E-17));
#1448=DIRECTION('',(2.38154795474174E-45,-1.,-1.79944675796455E-22));
#1449=DIRECTION('',(-1.,7.71147284152287E-89,0.));
#1450=DIRECTION('center_axis',(-7.71147284152287E-89,-1.,-1.79944675796455E-22));
#1451=DIRECTION('ref_axis',(1.,5.28515138169136E-39,-2.9370979487438E-17));
#1452=DIRECTION('',(-1.66533453693773E-16,1.79944675796455E-22,-1.));
#1453=DIRECTION('',(1.,0.,-4.28546874609713E-67));
#1454=DIRECTION('center_axis',(7.71147284152287E-89,1.,1.79944675796455E-22));
#1455=DIRECTION('ref_axis',(-1.,7.71147284152287E-89,0.));
#1456=DIRECTION('',(1.66533453693773E-16,-1.79944675796455E-22,1.));
#1457=DIRECTION('center_axis',(7.71147284152287E-89,1.,1.79944675796455E-22));
#1458=DIRECTION('ref_axis',(-1.,7.71147284152287E-89,0.));
#1459=DIRECTION('',(-1.11022302462516E-16,1.79944675796455E-22,-1.));
#1460=DIRECTION('',(-1.387638480381E-110,-1.79944675796455E-22,1.));
#1461=DIRECTION('',(-1.,0.,4.28546874609713E-67));
#1462=DIRECTION('center_axis',(-7.71147284152287E-89,-1.,-1.79944675796455E-22));
#1463=DIRECTION('ref_axis',(1.,5.28515138169136E-39,-2.9370979487438E-17));
#1464=DIRECTION('',(1.11022302462516E-16,-1.79944675796455E-22,1.));
#1465=DIRECTION('',(1.,0.,-4.28546874609713E-67));
#1466=DIRECTION('center_axis',(-5.28515138169136E-39,1.,0.));
#1467=DIRECTION('ref_axis',(-0.707106781186547,0.,0.707106781186548));
#1468=DIRECTION('',(0.,0.,-1.));
#1469=DIRECTION('center_axis',(-1.,-2.93873587705572E-38,1.11022302462516E-16));
#1470=DIRECTION('ref_axis',(1.11022302462516E-16,-5.87747175411144E-39,
1.));
#1471=DIRECTION('',(-9.40948654776387E-39,1.,1.79944675796455E-22));
#1472=DIRECTION('',(3.36067510156804E-16,9.87613649210588E-54,1.));
#1473=DIRECTION('',(-1.35963201439555E-32,1.,-1.2246449997006E-16));
#1474=DIRECTION('',(1.11022302462516E-16,0.,1.));
#1475=DIRECTION('',(-2.93873587705572E-38,1.,0.));
#1476=DIRECTION('',(1.11022302462516E-16,-6.42784677654323E-23,1.));
#1477=DIRECTION('',(-1.35963201439555E-32,1.,-1.2246449997006E-16));
#1478=DIRECTION('',(1.11022302462516E-16,-5.87747175411144E-39,1.));
#1479=DIRECTION('center_axis',(-1.,-2.93873587705572E-38,1.11022302462516E-16));
#1480=DIRECTION('ref_axis',(0.,0.707106781186547,-0.707106781186548));
#1481=DIRECTION('',(-9.40948654776387E-39,1.,1.79944675796455E-22));
#1482=DIRECTION('center_axis',(4.28546874609713E-67,-1.79944675796455E-22,
1.));
#1483=DIRECTION('ref_axis',(-1.,0.,4.28546874609713E-67));
#1484=DIRECTION('',(1.,0.,-4.28546874609713E-67));
#1485=DIRECTION('center_axis',(4.28546874609713E-67,-1.79944675796455E-22,
1.));
#1486=DIRECTION('ref_axis',(-1.,0.,4.28546874609713E-67));
#1487=DIRECTION('',(-1.,0.,0.));
#1488=DIRECTION('',(-1.62080416161974E-39,-1.,-1.79944675796455E-22));
#1489=DIRECTION('',(-1.,3.51421366849547E-23,6.32364039256887E-45));
#1490=DIRECTION('',(0.,-1.,-1.79944675796455E-22));
#1491=DIRECTION('center_axis',(2.39927213151802E-55,-8.43155491902087E-78,
-1.));
#1492=DIRECTION('ref_axis',(0.707106781186547,0.707106781186548,0.));
#1493=DIRECTION('center_axis',(1.32348898008484E-23,-1.2246449997006E-16,
-1.));
#1494=DIRECTION('ref_axis',(0.707106781186547,0.707106781186548,0.));
#1495=DIRECTION('',(2.39927213151802E-55,-8.43155491902087E-78,-1.));
#1496=DIRECTION('center_axis',(0.,0.,1.));
#1497=DIRECTION('ref_axis',(1.,0.,0.));
#1498=DIRECTION('',(-2.39927213151802E-55,8.43155491902087E-78,1.));
#1499=DIRECTION('center_axis',(-1.62080416161974E-39,-1.,-1.79944675796455E-22));
#1500=DIRECTION('ref_axis',(0.707106781186546,0.,-0.707106781186549));
#1501=DIRECTION('center_axis',(0.,1.,0.));
#1502=DIRECTION('ref_axis',(0.707106781186546,0.,-0.707106781186549));
#1503=DIRECTION('',(1.62080416161974E-39,1.,1.79944675796455E-22));
#1504=DIRECTION('center_axis',(0.,-1.,-2.96059473233375E-15));
#1505=DIRECTION('ref_axis',(0.,2.96059473233375E-15,-1.));
#1506=DIRECTION('',(-1.62080416161974E-39,-1.,-1.79944675796455E-22));
#1507=DIRECTION('center_axis',(0.408248290463864,-0.816496580927726,-0.408248290463863));
#1508=DIRECTION('ref_axis',(0.577350269189627,0.577350269189625,-0.577350269189626));
#1509=DIRECTION('center_axis',(1.,-3.51421366849547E-23,-6.32364039256887E-45));
#1510=DIRECTION('ref_axis',(0.,0.707106781186547,-0.707106781186548));
#1511=DIRECTION('center_axis',(-1.32348898008484E-23,1.2246449997006E-16,
1.));
#1512=DIRECTION('ref_axis',(1.,0.,1.32348898008484E-23));
#1513=DIRECTION('',(-1.,3.51421366849547E-23,-1.32348898008484E-23));
#1514=DIRECTION('',(-1.,0.,-1.32348898008484E-23));
#1515=DIRECTION('',(0.,1.,-1.2246449997006E-16));
#1516=DIRECTION('',(1.,0.,1.32348898008484E-23));
#1517=DIRECTION('',(1.,0.,0.));
#1518=DIRECTION('',(1.37683957028827E-32,-1.,1.2246449997006E-16));
#1519=DIRECTION('',(1.,0.,1.32348898008484E-23));
#1520=DIRECTION('',(0.,-1.,1.2246449997006E-16));
#1521=DIRECTION('',(-1.,0.,-1.32348898008484E-23));
#1522=DIRECTION('',(-2.0394459644782E-32,1.,-1.2246449997006E-16));
#1523=DIRECTION('',(-1.,3.51421366849547E-23,-1.32348898008484E-23));
#1524=DIRECTION('center_axis',(1.32348898008484E-23,-1.2246449997006E-16,
-1.));
#1525=DIRECTION('ref_axis',(-0.707106781186549,0.707106781186546,0.));
#1526=DIRECTION('',(-1.62080416161974E-39,-1.,1.2246449997006E-16));
#1527=DIRECTION('',(1.,0.,1.32348898008484E-23));
#1528=DIRECTION('center_axis',(-1.32348898008484E-23,1.2246449997006E-16,
1.));
#1529=DIRECTION('ref_axis',(1.,-1.18939600702961E-16,4.20514991043414E-17));
#1530=DIRECTION('',(-1.45947507804572E-16,1.,-1.2246449997006E-16));
#1531=DIRECTION('center_axis',(-1.32348898008484E-23,1.2246449997006E-16,
1.));
#1532=DIRECTION('ref_axis',(1.,-1.78409401054441E-16,-1.45254431564164E-31));
#1533=DIRECTION('',(-1.,0.,-1.32348898008484E-23));
#1534=DIRECTION('center_axis',(-1.32348898008484E-23,1.2246449997006E-16,
1.));
#1535=DIRECTION('ref_axis',(-1.,-5.94698003514803E-17,-3.49931130586396E-31));
#1536=DIRECTION('',(-1.45947507804572E-16,-1.,1.2246449997006E-16));
#1537=DIRECTION('center_axis',(-1.32348898008484E-23,1.2246449997006E-16,
1.));
#1538=DIRECTION('ref_axis',(-1.,-1.18939600702961E-16,4.20514991043417E-17));
#1539=DIRECTION('',(1.,0.,1.32348898008484E-23));
#1540=DIRECTION('',(1.62080416161974E-39,1.,-1.2246449997006E-16));
#1541=DIRECTION('center_axis',(3.51421366849547E-23,1.,0.));
#1542=DIRECTION('ref_axis',(-1.,3.51421366849547E-23,6.32364039256887E-45));
#1543=DIRECTION('',(1.,-3.51421366849547E-23,-6.32364039256887E-45));
#1544=DIRECTION('center_axis',(1.,-3.51421366849547E-23,-6.32364039256887E-45));
#1545=DIRECTION('ref_axis',(0.,0.707106781186547,-0.707106781186548));
#1546=DIRECTION('',(-1.,3.51421366849547E-23,6.32364039256887E-45));
#1547=DIRECTION('center_axis',(4.28546874609713E-67,-1.79944675796455E-22,
1.));
#1548=DIRECTION('ref_axis',(-1.,0.,4.28546874609713E-67));
#1549=DIRECTION('',(-1.,0.,0.));
#1550=DIRECTION('',(2.38154795474174E-45,-1.,-1.79944675796455E-22));
#1551=DIRECTION('center_axis',(1.62080416161974E-39,1.,1.79944675796455E-22));
#1552=DIRECTION('ref_axis',(-0.707106781186548,0.,-0.707106781186547));
#1553=DIRECTION('center_axis',(0.,1.,0.));
#1554=DIRECTION('ref_axis',(-0.707106781186548,0.,-0.707106781186547));
#1555=DIRECTION('',(1.62080416161974E-39,1.,1.79944675796455E-22));
#1556=DIRECTION('center_axis',(0.,-1.,0.));
#1557=DIRECTION('ref_axis',(-1.,0.,0.));
#1558=DIRECTION('center_axis',(-2.39927213151802E-55,8.43155491902087E-78,
1.));
#1559=DIRECTION('ref_axis',(-0.707106781186549,0.707106781186546,0.));
#1560=DIRECTION('',(2.39927213151802E-55,-8.43155491902087E-78,-1.));
#1561=DIRECTION('center_axis',(0.,0.,1.));
#1562=DIRECTION('ref_axis',(0.,1.,0.));
#1563=DIRECTION('',(-2.39927213151802E-55,8.43155491902087E-78,1.));
#1564=DIRECTION('center_axis',(0.408248290463864,-0.408248290463862,-0.816496580927726));
#1565=DIRECTION('ref_axis',(-0.577350269189627,0.577350269189625,-0.577350269189626));
#1566=DIRECTION('center_axis',(-1.,3.51421366849547E-23,6.32364039256887E-45));
#1567=DIRECTION('ref_axis',(0.,0.707106781186547,-0.707106781186548));
#1568=DIRECTION('center_axis',(0.,-1.,0.));
#1569=DIRECTION('ref_axis',(-1.,0.,4.28546874609713E-67));
#1570=DIRECTION('',(-1.,0.,0.));
#1571=DIRECTION('center_axis',(0.,1.,0.));
#1572=DIRECTION('ref_axis',(0.342020143325669,0.,-0.939692620785908));
#1573=DIRECTION('',(-0.766044443118978,0.,-0.642787609686539));
#1574=DIRECTION('',(2.39927213151802E-55,0.,-1.));
#1575=DIRECTION('center_axis',(1.,-3.51421366849547E-23,-6.32364039256887E-45));
#1576=DIRECTION('ref_axis',(0.,0.707106781186547,-0.707106781186548));
#1577=DIRECTION('',(1.,-3.51421366849547E-23,-6.32364039256887E-45));
#1578=DIRECTION('center_axis',(1.,2.35098870164458E-38,-1.66533453693773E-16));
#1579=DIRECTION('ref_axis',(0.,0.707106781186547,-0.707106781186548));
#1580=DIRECTION('center_axis',(3.51421366849547E-23,1.,0.));
#1581=DIRECTION('ref_axis',(-1.,3.51421366849547E-23,6.32364039256887E-45));
#1582=DIRECTION('',(1.11022302462516E-16,2.35098870164457E-38,1.));
#1583=DIRECTION('center_axis',(-1.,1.62080416161974E-39,-2.39927213151802E-55));
#1584=DIRECTION('ref_axis',(1.62080416161974E-39,1.,-1.2246449997006E-16));
#1585=DIRECTION('',(-2.39927213151802E-55,0.,1.));
#1586=DIRECTION('center_axis',(1.,-1.62080416161974E-39,2.39927213151802E-55));
#1587=DIRECTION('ref_axis',(-1.62080416161974E-39,-1.,1.2246449997006E-16));
#1588=DIRECTION('center_axis',(0.766044443118978,0.,0.642787609686539));
#1589=DIRECTION('ref_axis',(0.454519477672036,-0.707106781186551,-0.541675220419705));
#1590=DIRECTION('center_axis',(0.766044443118979,0.,0.642787609686538));
#1591=DIRECTION('ref_axis',(0.,-1.,0.));
#1592=DIRECTION('',(0.766044443118978,0.,0.642787609686539));
#1593=DIRECTION('center_axis',(0.,-1.,0.));
#1594=DIRECTION('ref_axis',(0.,0.,-1.));
#1595=DIRECTION('center_axis',(0.766044443118977,-3.64913531784211E-16,
-0.64278760968654));
#1596=DIRECTION('ref_axis',(-2.96059473233374E-15,-1.,-2.96059473233374E-15));
#1597=DIRECTION('center_axis',(0.,-1.,0.));
#1598=DIRECTION('ref_axis',(-0.0847853076952723,0.,-0.99639924307429));
#1599=DIRECTION('center_axis',(-1.,0.,0.));
#1600=DIRECTION('ref_axis',(0.,0.,-1.));
#1601=DIRECTION('center_axis',(0.,1.,0.));
#1602=DIRECTION('ref_axis',(-0.0847853076952723,0.,-0.99639924307429));
#1603=DIRECTION('center_axis',(1.,0.,0.));
#1604=DIRECTION('ref_axis',(0.,-0.707106781186547,-0.707106781186548));
#1605=DIRECTION('center_axis',(-1.,0.,0.));
#1606=DIRECTION('ref_axis',(0.,0.,-1.));
#1607=DIRECTION('',(-1.,0.,0.));
#1608=DIRECTION('',(-1.,0.,0.));
#1609=DIRECTION('',(1.,0.,0.));
#1610=DIRECTION('center_axis',(0.,1.,0.));
#1611=DIRECTION('ref_axis',(0.,0.,1.));
#1612=DIRECTION('center_axis',(0.,-1.,0.));
#1613=DIRECTION('ref_axis',(0.342020143325669,0.,-0.939692620785908));
#1614=DIRECTION('center_axis',(7.71147284152287E-89,1.,0.));
#1615=DIRECTION('ref_axis',(-0.342020143325669,0.,-0.939692620785908));
#1616=DIRECTION('',(7.71147284152287E-89,1.,0.));
#1617=DIRECTION('center_axis',(0.,1.,0.));
#1618=DIRECTION('ref_axis',(-0.0847853076952714,0.,-0.99639924307429));
#1619=DIRECTION('',(-7.71147284152287E-89,-1.,0.));
#1620=DIRECTION('center_axis',(0.766044443118978,0.,-0.642787609686539));
#1621=DIRECTION('ref_axis',(-0.454519477672044,-0.70710678118655,-0.541675220419698));
#1622=DIRECTION('',(-0.766044443118978,0.,0.642787609686539));
#1623=DIRECTION('',(0.766044443118978,0.,-0.642787609686539));
#1624=DIRECTION('center_axis',(0.,-1.,0.));
#1625=DIRECTION('ref_axis',(-1.,0.,4.28546874609713E-67));
#1626=DIRECTION('',(0.,0.,-1.));
#1627=DIRECTION('center_axis',(0.,-1.,0.));
#1628=DIRECTION('ref_axis',(-0.707106781186547,0.,0.707106781186548));
#1629=DIRECTION('center_axis',(0.,1.,0.));
#1630=DIRECTION('ref_axis',(0.,0.,1.));
#1631=DIRECTION('center_axis',(-1.,0.,0.));
#1632=DIRECTION('ref_axis',(0.,1.,0.));
#1633=DIRECTION('center_axis',(0.766044443118979,-3.03700718276319E-15,
-0.642787609686538));
#1634=DIRECTION('ref_axis',(-0.642787609686538,0.,-0.766044443118979));
#1635=DIRECTION('center_axis',(0.,-1.,0.));
#1636=DIRECTION('ref_axis',(-0.0847853076952714,0.,-0.99639924307429));
#1637=DIRECTION('center_axis',(-1.,0.,0.));
#1638=DIRECTION('ref_axis',(0.,0.707106781186544,-0.707106781186551));
#1639=DIRECTION('center_axis',(-1.,0.,0.));
#1640=DIRECTION('ref_axis',(0.,1.,0.));
#1641=DIRECTION('',(-1.,0.,0.));
#1642=DIRECTION('',(1.,0.,0.));
#1643=DIRECTION('center_axis',(0.766044443118978,0.,0.642787609686539));
#1644=DIRECTION('ref_axis',(0.454519477672046,0.707106781186546,-0.541675220419701));
#1645=DIRECTION('',(-0.766044443118978,0.,-0.642787609686539));
#1646=DIRECTION('center_axis',(0.766044443118979,0.,0.642787609686538));
#1647=DIRECTION('ref_axis',(0.642787609686538,0.,-0.76604444311898));
#1648=DIRECTION('',(0.766044443118978,0.,0.642787609686539));
#1649=DIRECTION('center_axis',(0.,-1.,0.));
#1650=DIRECTION('ref_axis',(0.,0.,-1.));
#1651=DIRECTION('center_axis',(0.,1.,0.));
#1652=DIRECTION('ref_axis',(0.342020143325669,0.,-0.939692620785908));
#1653=DIRECTION('center_axis',(0.,-1.,0.));
#1654=DIRECTION('ref_axis',(0.342020143325669,0.,-0.939692620785908));
#1655=DIRECTION('center_axis',(0.766044443118978,0.,-0.642787609686539));
#1656=DIRECTION('ref_axis',(-0.454519477672046,0.707106781186544,-0.541675220419704));
#1657=DIRECTION('',(-0.766044443118978,0.,0.642787609686539));
#1658=DIRECTION('',(0.766044443118978,0.,-0.642787609686539));
#1659=DIRECTION('center_axis',(0.,1.,0.));
#1660=DIRECTION('ref_axis',(1.,0.,-4.28546874609713E-67));
#1661=DIRECTION('center_axis',(0.,0.,-1.));
#1662=DIRECTION('ref_axis',(-1.,0.,0.));
#1663=DIRECTION('',(7.71147284152287E-89,1.,0.));
#1664=DIRECTION('',(1.,0.,0.));
#1665=DIRECTION('',(7.71147284152287E-89,1.,0.));
#1666=DIRECTION('',(-1.,0.,0.));
#1667=DIRECTION('',(-7.71147284152287E-89,-1.,0.));
#1668=DIRECTION('center_axis',(7.71147284152287E-89,1.,0.));
#1669=DIRECTION('ref_axis',(0.342020143325669,0.,-0.939692620785908));
#1670=DIRECTION('',(-7.71147284152287E-89,-1.,0.));
#1671=DIRECTION('center_axis',(0.642787609686539,-4.95683919496515E-89,
-0.766044443118978));
#1672=DIRECTION('ref_axis',(-1.3784561896272E-22,-1.,-1.15666208031022E-22));
#1673=DIRECTION('center_axis',(-1.,-2.35098870164458E-38,1.66533453693773E-16));
#1674=DIRECTION('ref_axis',(1.11022302462516E-16,2.35098870164457E-38,1.));
#1675=DIRECTION('',(-1.66533453693773E-16,6.42784677654323E-23,-1.));
#1676=DIRECTION('',(-2.35098870164458E-38,1.,0.));
#1677=DIRECTION('',(-1.12427648063307E-16,0.,-1.));
#1678=DIRECTION('',(-1.66533453693773E-16,0.,-1.));
#1679=DIRECTION('center_axis',(2.38154795474174E-45,-1.,-1.79944675796455E-22));
#1680=DIRECTION('ref_axis',(-0.707106781186547,0.,0.707106781186548));
#1681=DIRECTION('',(-2.38154795474174E-45,1.,1.79944675796455E-22));
#1682=DIRECTION('center_axis',(0.,-1.,0.));
#1683=DIRECTION('ref_axis',(1.,0.,-4.28546874609713E-67));
#1684=DIRECTION('',(0.,0.,-1.));
#1685=DIRECTION('center_axis',(-1.,-2.38154795474174E-45,0.));
#1686=DIRECTION('ref_axis',(-4.28546874609713E-67,1.79944675796455E-22,
-1.));
#1687=DIRECTION('center_axis',(1.,0.,0.));
#1688=DIRECTION('ref_axis',(0.,0.707106781186549,-0.707106781186546));
#1689=DIRECTION('center_axis',(0.70710678118655,-0.707106781186545,-4.18691322315672E-15));
#1690=DIRECTION('ref_axis',(-0.707106781186545,-0.70710678118655,-4.18691322315675E-15));
#1691=DIRECTION('center_axis',(0.707106781186547,0.707106781186548,0.));
#1692=DIRECTION('ref_axis',(0.707106781186548,-0.707106781186547,0.));
#1693=DIRECTION('center_axis',(-7.71147284152287E-89,-1.,0.));
#1694=DIRECTION('ref_axis',(0.707106781186547,0.,-0.707106781186547));
#1695=DIRECTION('center_axis',(-0.707106781186549,-0.707106781186546,-2.09345661157837E-15));
#1696=DIRECTION('ref_axis',(-0.707106781186546,0.707106781186549,-2.09345661157837E-15));
#1697=DIRECTION('center_axis',(7.71147284152287E-89,1.,0.));
#1698=DIRECTION('ref_axis',(-0.707106781186544,0.,-0.707106781186551));
#1699=DIRECTION('center_axis',(-0.707106781186548,0.707106781186548,-8.37382644631347E-15));
#1700=DIRECTION('ref_axis',(0.707106781186547,0.707106781186547,-8.37382644631347E-15));
#1701=DIRECTION('center_axis',(-1.,0.,0.));
#1702=DIRECTION('ref_axis',(0.,-0.707106781186553,-0.707106781186542));
#1703=DIRECTION('center_axis',(1.,0.,0.));
#1704=DIRECTION('ref_axis',(0.,1.,0.));
#1705=DIRECTION('',(0.,-1.,0.));
#1706=DIRECTION('',(0.,0.,1.));
#1707=DIRECTION('',(0.,0.,1.));
#1708=DIRECTION('center_axis',(0.,-1.,0.));
#1709=DIRECTION('ref_axis',(1.,0.,0.));
#1710=DIRECTION('',(-1.,0.,0.));
#1711=DIRECTION('center_axis',(-0.642787609686539,4.95683919496515E-89,
-0.766044443118978));
#1712=DIRECTION('ref_axis',(-1.3784561896272E-22,1.,1.15666208031022E-22));
#1713=DIRECTION('center_axis',(0.,1.,0.));
#1714=DIRECTION('ref_axis',(-1.,0.,0.));
#1715=DIRECTION('',(0.,0.,1.));
#1716=DIRECTION('',(1.,0.,0.));
#1717=DIRECTION('center_axis',(0.,0.,1.));
#1718=DIRECTION('ref_axis',(-1.,0.,0.));
#1719=DIRECTION('',(1.,0.,0.));
#1720=DIRECTION('center_axis',(0.,1.,0.));
#1721=DIRECTION('ref_axis',(-1.,0.,0.));
#1722=DIRECTION('center_axis',(0.,0.,1.));
#1723=DIRECTION('ref_axis',(-1.,0.,0.));
#1724=DIRECTION('',(0.,1.,0.));
#1725=DIRECTION('',(-1.,0.,0.));
#1726=DIRECTION('center_axis',(0.,-1.,0.));
#1727=DIRECTION('ref_axis',(1.,0.,0.));
#1728=DIRECTION('',(0.,0.,1.));
#1729=DIRECTION('center_axis',(-1.,0.,0.));
#1730=DIRECTION('ref_axis',(0.,-1.,0.));
#1731=DIRECTION('center_axis',(0.,-1.,0.));
#1732=DIRECTION('ref_axis',(-1.,0.,4.28546874609713E-67));
#1733=DIRECTION('',(0.,0.,1.));
#1734=DIRECTION('',(1.,0.,-4.28546874609713E-67));
#1735=DIRECTION('',(0.,0.,1.));
#1736=DIRECTION('center_axis',(0.,1.,0.));
#1737=DIRECTION('ref_axis',(-1.,0.,4.28546874609713E-67));
#1738=DIRECTION('',(0.,0.,1.));
#1739=DIRECTION('',(0.,0.,1.));
#1740=DIRECTION('',(-1.,0.,4.28546874609713E-67));
#1741=DIRECTION('center_axis',(0.,0.,1.));
#1742=DIRECTION('ref_axis',(1.,0.,0.));
#1743=DIRECTION('',(-7.71147284152287E-89,-1.,0.));
#1744=DIRECTION('',(7.71147284152287E-89,1.,0.));
#1745=DIRECTION('center_axis',(-1.,7.71147284152287E-89,0.));
#1746=DIRECTION('ref_axis',(-7.71147284152287E-89,-1.,-1.79944675796455E-22));
#1747=DIRECTION('center_axis',(1.,-7.71147284152287E-89,0.));
#1748=DIRECTION('ref_axis',(7.71147284152287E-89,1.,1.79944675796455E-22));
#1749=CARTESIAN_POINT('',(0.,0.,0.));
#1750=CARTESIAN_POINT('Origin',(85.75,82.5,-7.54999999999999));
#1751=CARTESIAN_POINT('',(85.75,169.,-13.1));
#1752=CARTESIAN_POINT('',(85.75,169.,-18.6));
#1753=CARTESIAN_POINT('',(85.75,169.,-13.075));
#1754=CARTESIAN_POINT('',(85.75,-13.,-18.6));
#1755=CARTESIAN_POINT('',(85.75,84.5,-18.6));
#1756=CARTESIAN_POINT('',(85.75,-13.,-13.1));
#1757=CARTESIAN_POINT('',(85.75,-13.,-12.6506806862891));
#1758=CARTESIAN_POINT('',(85.75,67.,-13.1));
#1759=CARTESIAN_POINT('',(85.75,84.,-13.1));
#1760=CARTESIAN_POINT('',(85.75,67.,-8.84999999999999));
#1761=CARTESIAN_POINT('',(85.75,67.,-9.34999999999999));
#1762=CARTESIAN_POINT('',(85.75,102.,-8.84999999999999));
#1763=CARTESIAN_POINT('',(85.75,127.85,-8.84999999999999));
#1764=CARTESIAN_POINT('',(85.75,102.,-13.1));
#1765=CARTESIAN_POINT('',(85.75,102.,-9.34999999999999));
#1766=CARTESIAN_POINT('',(85.75,84.,-13.1));
#1767=CARTESIAN_POINT('Origin',(42.5,84.5000075480986,-18.6));
#1768=CARTESIAN_POINT('',(-0.75,169.,-18.6));
#1769=CARTESIAN_POINT('',(64.125,169.,-18.6));
#1770=CARTESIAN_POINT('',(-0.750000000000002,-13.,-18.6));
#1771=CARTESIAN_POINT('',(-0.750000000000002,41.75,-18.6));
#1772=CARTESIAN_POINT('',(4.,-13.,-18.6));
#1773=CARTESIAN_POINT('',(65.75,-13.,-18.6));
#1774=CARTESIAN_POINT('',(4.,-12.6,-18.6));
#1775=CARTESIAN_POINT('',(4.,39.95,-18.6));
#1776=CARTESIAN_POINT('',(79.6,-12.6,-18.6));
#1777=CARTESIAN_POINT('',(60.,-12.6,-18.6));
#1778=CARTESIAN_POINT('',(79.6,-13.,-18.6));
#1779=CARTESIAN_POINT('',(79.6,39.75,-18.6));
#1780=CARTESIAN_POINT('',(65.75,-13.,-18.6));
#1781=CARTESIAN_POINT('',(81.,152.,-18.6));
#1782=CARTESIAN_POINT('',(4.,152.,-18.6));
#1783=CARTESIAN_POINT('',(81.,152.,-18.6));
#1784=CARTESIAN_POINT('',(81.,17.,-18.6));
#1785=CARTESIAN_POINT('',(81.,18.,-18.6));
#1786=CARTESIAN_POINT('',(4.,17.,-18.6));
#1787=CARTESIAN_POINT('',(4.,17.,-18.6));
#1788=CARTESIAN_POINT('',(4.,149.,-18.6));
#1789=CARTESIAN_POINT('Origin',(40.5,85.5,-9.59999999999999));
#1790=CARTESIAN_POINT('',(81.9999999474393,169.,-9.59999999999999));
#1791=CARTESIAN_POINT('',(82.25,169.,-9.59999999999999));
#1792=CARTESIAN_POINT('',(41.4971241128124,169.,-9.59999999999999));
#1793=CARTESIAN_POINT('',(82.25,102.,-9.59999999999999));
#1794=CARTESIAN_POINT('',(82.25,84.,-9.59999999999999));
#1795=CARTESIAN_POINT('',(82.,102.,-9.59999999999999));
#1796=CARTESIAN_POINT('',(63.1221241128124,102.,-9.59999999999999));
#1797=CARTESIAN_POINT('',(82.,131.,-9.59999999999999));
#1798=CARTESIAN_POINT('Origin',(82.25,84.,-13.1));
#1799=CARTESIAN_POINT('Origin',(82.25,169.,-13.1));
#1800=CARTESIAN_POINT('Origin',(82.25,102.,-13.1));
#1801=CARTESIAN_POINT('Origin',(82.25,84.,-13.1));
#1802=CARTESIAN_POINT('',(82.25,67.,-9.59999999999999));
#1803=CARTESIAN_POINT('Origin',(82.25,67.,-13.1));
#1804=CARTESIAN_POINT('',(82.25,-13.,-9.59999999999999));
#1805=CARTESIAN_POINT('Origin',(82.25,-13.,-13.1));
#1806=CARTESIAN_POINT('',(82.25,84.,-9.59999999999999));
#1807=CARTESIAN_POINT('Origin',(2.75,42.75,-13.1));
#1808=CARTESIAN_POINT('',(2.75,102.,-9.59999999999999));
#1809=CARTESIAN_POINT('',(-0.749999999999993,102.,-13.1));
#1810=CARTESIAN_POINT('Origin',(2.75,102.,-13.1));
#1811=CARTESIAN_POINT('',(-0.75,169.,-13.1));
#1812=CARTESIAN_POINT('',(-0.75,42.75,-13.1));
#1813=CARTESIAN_POINT('',(2.75,169.,-9.59999999999999));
#1814=CARTESIAN_POINT('Origin',(2.75,169.,-13.1));
#1815=CARTESIAN_POINT('',(2.75,42.75,-9.59999999999999));
#1816=CARTESIAN_POINT('Origin',(42.4942482256247,171.5,-8.84999999999999));
#1817=CARTESIAN_POINT('',(81.9999998948786,102.,-8.84999999999999));
#1818=CARTESIAN_POINT('',(81.9999998948786,67.,-8.84999999999999));
#1819=CARTESIAN_POINT('',(81.9999998948786,132.566909885406,-8.84999999999999));
#1820=CARTESIAN_POINT('',(85.7442482256247,102.,-8.84999999999999));
#1821=CARTESIAN_POINT('',(3.99424822562471,67.,-8.84999999999999));
#1822=CARTESIAN_POINT('Origin',(42.4942482256247,171.5,-8.84999999999999));
#1823=CARTESIAN_POINT('',(2.99999958173466,67.,-8.84999999999999));
#1824=CARTESIAN_POINT('',(2.99999958173466,102.,-8.84999999999999));
#1825=CARTESIAN_POINT('',(2.99999958173466,132.566909885406,-8.84999999999999));
#1826=CARTESIAN_POINT('',(-0.750000000000002,67.,-8.84999999999999));
#1827=CARTESIAN_POINT('',(3.99424822562471,67.,-8.84999999999999));
#1828=CARTESIAN_POINT('',(-0.749999999999993,102.,-8.84999999999999));
#1829=CARTESIAN_POINT('',(-0.750000000000002,127.85,-8.84999999999999));
#1830=CARTESIAN_POINT('',(85.7442482256247,102.,-8.84999999999999));
#1831=CARTESIAN_POINT('Origin',(3.99424822562471,67.,-9.59999999999999));
#1832=CARTESIAN_POINT('',(81.9999998948786,67.,-9.59999999999999));
#1833=CARTESIAN_POINT('',(81.9999998948786,67.,-9.34999994264008));
#1834=CARTESIAN_POINT('',(22.2471241128124,67.,-9.59999999999999));
#1835=CARTESIAN_POINT('Origin',(85.7442482256247,102.,-9.59999999999999));
#1836=CARTESIAN_POINT('',(81.9999998948786,102.,-9.34999994264007));
#1837=CARTESIAN_POINT('Origin',(85.7442482256247,102.,-9.59999999999999));
#1838=CARTESIAN_POINT('',(2.99999958173466,102.,-9.59999999999999));
#1839=CARTESIAN_POINT('',(2.99999958173466,102.,-9.34999995885533));
#1840=CARTESIAN_POINT('',(-0.749999999999993,102.,-9.34999999999999));
#1841=CARTESIAN_POINT('',(63.1221241128124,102.,-9.59999999999999));
#1842=CARTESIAN_POINT('Origin',(3.99424822562471,67.,-9.59999999999999));
#1843=CARTESIAN_POINT('',(2.99999958173466,67.,-9.59999999999999));
#1844=CARTESIAN_POINT('',(2.99999958173466,67.,-9.34999995885533));
#1845=CARTESIAN_POINT('',(2.75,67.,-9.59999999999999));
#1846=CARTESIAN_POINT('',(22.2471241128124,67.,-9.59999999999999));
#1847=CARTESIAN_POINT('',(-0.750000000000002,67.,-13.1));
#1848=CARTESIAN_POINT('Origin',(2.75,67.,-13.1));
#1849=CARTESIAN_POINT('',(-0.750000000000002,67.,-8.59999999999999));
#1850=CARTESIAN_POINT('Origin',(2.99999958173466,93.633819770813,-9.09999991771068));
#1851=CARTESIAN_POINT('',(3.,169.,-9.59999999999999));
#1852=CARTESIAN_POINT('',(2.99999958173466,89.5669098854065,-9.59999999999999));
#1853=CARTESIAN_POINT('',(2.99999958173466,169.,5.44999999999999));
#1854=CARTESIAN_POINT('',(2.99999958173466,169.,-9.59999999999999));
#1855=CARTESIAN_POINT('',(2.99999958173466,153.42,5.44999999999999));
#1856=CARTESIAN_POINT('',(2.99999958173466,83.625,5.45));
#1857=CARTESIAN_POINT('',(2.99999958173466,153.42,-1.39999999999999));
#1858=CARTESIAN_POINT('',(2.99999958173466,153.42,-1.79999999999999));
#1859=CARTESIAN_POINT('',(2.99999958173465,15.52,-1.39999999999999));
#1860=CARTESIAN_POINT('',(2.99999958173465,88.5669098854065,-1.39999999999999));
#1861=CARTESIAN_POINT('',(2.99999958173466,15.52,5.45000000000001));
#1862=CARTESIAN_POINT('',(2.99999958173466,15.52,-4.99097076176597));
#1863=CARTESIAN_POINT('',(2.99999958173466,-11.,5.45000000000001));
#1864=CARTESIAN_POINT('',(2.99999958173465,88.5669098854065,5.45));
#1865=CARTESIAN_POINT('',(2.99999958173467,-11.,-8.09999999999999));
#1866=CARTESIAN_POINT('',(2.99999958173467,-11.,-10.5999999177107));
#1867=CARTESIAN_POINT('',(2.99999958173465,-12.5,-9.59999999999999));
#1868=CARTESIAN_POINT('Origin',(2.99999958173466,-12.5,-8.09999999999999));
#1869=CARTESIAN_POINT('',(2.99999958173466,89.5669098854065,-9.59999999999999));
#1870=CARTESIAN_POINT('Origin',(40.5,85.5,-9.59999999999999));
#1871=CARTESIAN_POINT('',(20.25,169.,-9.59999999999999));
#1872=CARTESIAN_POINT('Origin',(40.5,85.5,-9.59999999999999));
#1873=CARTESIAN_POINT('',(48.9942482256247,-13.,-9.59999999999999));
#1874=CARTESIAN_POINT('',(65.75,-13.,-9.59999999999999));
#1875=CARTESIAN_POINT('',(48.9942482256247,-12.5,-9.59999999999999));
#1876=CARTESIAN_POINT('',(48.9942482256247,37.25,-9.59999999999999));
#1877=CARTESIAN_POINT('',(81.9999998948786,-12.5,-9.59999999999999));
#1878=CARTESIAN_POINT('',(62.75,-12.5,-9.59999999999999));
#1879=CARTESIAN_POINT('',(82.,131.,-9.59999999999999));
#1880=CARTESIAN_POINT('Origin',(35.9942482256247,-12.5,-7.07499999999999));
#1881=CARTESIAN_POINT('',(35.9942482256247,-11.,5.45000000000001));
#1882=CARTESIAN_POINT('',(37.4942482256247,-12.5,5.45000000000001));
#1883=CARTESIAN_POINT('Origin',(35.9942482256247,-12.5,5.45));
#1884=CARTESIAN_POINT('',(37.4942482256247,-12.5,-8.09999999999999));
#1885=CARTESIAN_POINT('',(37.4942482256247,-12.5,-7.07499999999999));
#1886=CARTESIAN_POINT('',(35.9942482256247,-11.,-8.09999999999999));
#1887=CARTESIAN_POINT('Origin',(35.9942482256247,-12.5,-8.09999999999999));
#1888=CARTESIAN_POINT('',(35.9942482256247,-11.,-7.07499999999999));
#1889=CARTESIAN_POINT('Origin',(35.9942482256247,36.25,-8.09999999999999));
#1890=CARTESIAN_POINT('',(37.4942482256247,-13.,-8.09999999999999));
#1891=CARTESIAN_POINT('',(35.9942482256247,-13.,-9.59999999999999));
#1892=CARTESIAN_POINT('Origin',(35.9942482256247,-13.,-8.09999999999999));
#1893=CARTESIAN_POINT('',(35.9942482256247,-12.5,-9.59999999999999));
#1894=CARTESIAN_POINT('',(35.9942482256247,36.25,-9.59999999999999));
#1895=CARTESIAN_POINT('Origin',(35.9942482256247,-12.5,-8.09999999999999));
#1896=CARTESIAN_POINT('',(37.4942482256247,36.25,-8.09999999999999));
#1897=CARTESIAN_POINT('Origin',(35.9942482256247,-12.5,-8.09999999999999));
#1898=CARTESIAN_POINT('Origin',(35.9942482256247,-12.5,-8.09999999999999));
#1899=CARTESIAN_POINT('Origin',(42.5,83.5,5.45));
#1900=CARTESIAN_POINT('',(63.75,-11.,5.45000000000001));
#1901=CARTESIAN_POINT('',(-26.6,15.52,5.45000000000001));
#1902=CARTESIAN_POINT('',(25.,15.52,5.45000000000001));
#1903=CARTESIAN_POINT('',(-26.6,153.42,5.44999999999999));
#1904=CARTESIAN_POINT('',(-26.6,112.75,5.45));
#1905=CARTESIAN_POINT('',(60.,153.42,5.44999999999999));
#1906=CARTESIAN_POINT('',(82.,169.,5.44999999999999));
#1907=CARTESIAN_POINT('',(73.,169.,5.44999999999999));
#1908=CARTESIAN_POINT('',(81.9999995817347,153.42,5.44999999999998));
#1909=CARTESIAN_POINT('',(81.9999995817347,83.625,5.45));
#1910=CARTESIAN_POINT('',(111.59,153.42,5.44999999999999));
#1911=CARTESIAN_POINT('',(60.,153.42,5.44999999999999));
#1912=CARTESIAN_POINT('',(111.59,15.52,5.45000000000001));
#1913=CARTESIAN_POINT('',(111.59,55.25,5.45));
#1914=CARTESIAN_POINT('',(81.9999998948786,15.52,5.45000000000001));
#1915=CARTESIAN_POINT('',(25.,15.52,5.45000000000001));
#1916=CARTESIAN_POINT('',(81.9999998948786,-11.,5.45000000000001));
#1917=CARTESIAN_POINT('',(81.9999998948786,88.5669098854065,5.45));
#1918=CARTESIAN_POINT('',(48.9942482256247,-11.,5.45000000000001));
#1919=CARTESIAN_POINT('',(63.75,-11.,5.45000000000001));
#1920=CARTESIAN_POINT('',(47.4942482256247,-12.5,5.45000000000001));
#1921=CARTESIAN_POINT('Origin',(48.9942482256247,-12.5,5.45));
#1922=CARTESIAN_POINT('',(47.4942482256247,-13.,5.45));
#1923=CARTESIAN_POINT('',(47.4942482256247,36.25,5.45000000000001));
#1924=CARTESIAN_POINT('',(121.055719496796,-13.,5.45000000000002));
#1925=CARTESIAN_POINT('',(65.75,-13.,5.45000000000001));
#1926=CARTESIAN_POINT('',(123.389305237087,-11.5,5.45000000000001));
#1927=CARTESIAN_POINT('Origin',(121.055719496796,-11.5,5.45000000000002));
#1928=CARTESIAN_POINT('',(123.389305237087,180.5,5.44999999999999));
#1929=CARTESIAN_POINT('',(123.389305237087,127.25,5.44999999999999));
#1930=CARTESIAN_POINT('',(121.055719496796,182.,5.44999999999999));
#1931=CARTESIAN_POINT('Origin',(121.055719496796,180.5,5.44999999999999));
#1932=CARTESIAN_POINT('',(-36.0672230455466,182.,5.44999999999999));
#1933=CARTESIAN_POINT('',(19.25,182.,5.44999999999999));
#1934=CARTESIAN_POINT('',(-38.4008087858372,180.5,5.44999999999998));
#1935=CARTESIAN_POINT('Origin',(-36.0672230455466,180.5,5.44999999999999));
#1936=CARTESIAN_POINT('',(-38.4008087858373,-11.5,5.45000000000001));
#1937=CARTESIAN_POINT('',(-38.4008087858372,41.1832762967137,5.45000000000001));
#1938=CARTESIAN_POINT('',(-36.0672230455466,-13.,5.45000000000001));
#1939=CARTESIAN_POINT('Origin',(-36.0672230455466,-11.5,5.45000000000001));
#1940=CARTESIAN_POINT('',(37.4942482256247,-13.,5.45000000000001));
#1941=CARTESIAN_POINT('',(65.75,-13.,5.45000000000001));
#1942=CARTESIAN_POINT('',(37.4942482256247,35.25,5.45000000000001));
#1943=CARTESIAN_POINT('Origin',(85.,-11.,-18.6));
#1944=CARTESIAN_POINT('',(62.75,-11.,-8.09999999999999));
#1945=CARTESIAN_POINT('Origin',(62.75,-12.5,-8.09999999999999));
#1946=CARTESIAN_POINT('',(62.75,-12.5,-9.59999999999999));
#1947=CARTESIAN_POINT('Origin',(40.5,85.5,-9.59999999999999));
#1948=CARTESIAN_POINT('',(2.74999999999999,-13.,-9.59999999999999));
#1949=CARTESIAN_POINT('',(65.75,-13.,-9.59999999999999));
#1950=CARTESIAN_POINT('',(2.75,42.75,-9.59999999999999));
#1951=CARTESIAN_POINT('Origin',(48.9942482256247,37.25,-8.09999999999999));
#1952=CARTESIAN_POINT('',(47.4942482256247,-13.,-8.09999999999999));
#1953=CARTESIAN_POINT('Origin',(48.9942482256247,-13.,-8.09999999999999));
#1954=CARTESIAN_POINT('',(47.4942482256247,-12.5,-8.09999999999999));
#1955=CARTESIAN_POINT('',(47.4942482256247,37.25,-8.09999999999999));
#1956=CARTESIAN_POINT('Origin',(48.9942482256247,-12.5,-8.09999999999999));
#1957=CARTESIAN_POINT('Origin',(48.9942482256247,-12.5,-7.07499999999999));
#1958=CARTESIAN_POINT('',(48.9942482256247,-11.,-8.09999999999999));
#1959=CARTESIAN_POINT('',(48.9942482256247,-11.,-7.07499999999999));
#1960=CARTESIAN_POINT('Origin',(48.9942482256247,-12.5,-8.09999999999999));
#1961=CARTESIAN_POINT('',(47.4942482256247,-12.5,-7.07499999999999));
#1962=CARTESIAN_POINT('Origin',(48.9942482256247,-12.5,-8.09999999999999));
#1963=CARTESIAN_POINT('Origin',(48.9942482256247,-12.5,-8.09999999999999));
#1964=CARTESIAN_POINT('Origin',(89.,-13.,-18.6));
#1965=CARTESIAN_POINT('',(88.9363283693764,-13.,-18.6));
#1966=CARTESIAN_POINT('',(65.75,-13.,-18.6));
#1967=CARTESIAN_POINT('',(95.0428106613985,-13.,-16.3774222096303));
#1968=CARTESIAN_POINT('Origin',(88.9363283693764,-13.,-9.09999999999997));
#1969=CARTESIAN_POINT('',(91.7636111884901,-13.,-19.1289972779045));
#1970=CARTESIAN_POINT('',(47.4942482256247,-13.,-7.07499999999999));
#1971=CARTESIAN_POINT('Origin',(62.75,-12.5,-8.09999999999999));
#1972=CARTESIAN_POINT('',(81.9999998948786,-11.,-8.09999999999999));
#1973=CARTESIAN_POINT('',(62.75,-11.,-8.09999999999999));
#1974=CARTESIAN_POINT('Origin',(81.9999998948786,-12.5,-8.09999999999999));
#1975=CARTESIAN_POINT('Origin',(85.,-11.,-18.6));
#1976=CARTESIAN_POINT('',(81.9999998948786,-11.,-9.09999988528016));
#1977=CARTESIAN_POINT('Origin',(37.4942482256247,-13.,4.45000000000001));
#1978=CARTESIAN_POINT('',(37.4942482256247,-13.,-7.07499999999999));
#1979=CARTESIAN_POINT('Origin',(47.4942482256247,-11.,4.45));
#1980=CARTESIAN_POINT('Origin',(91.7636111884901,-11.5,-19.1289972779045));
#1981=CARTESIAN_POINT('',(96.0069920759283,-11.5,-17.5264888743087));
#1982=CARTESIAN_POINT('Origin',(95.0428106613985,-11.5,-16.3774222096303));
#1983=CARTESIAN_POINT('',(92.7277926030199,-11.5,-20.278063942583));
#1984=CARTESIAN_POINT('Origin',(-3.94783191812695,-11.5,-9.09999999999999));
#1985=CARTESIAN_POINT('',(-10.0543142101491,-13.,-16.3774222096303));
#1986=CARTESIAN_POINT('',(-11.0184956246789,-11.5,-17.5264888743088));
#1987=CARTESIAN_POINT('Origin',(-10.0543142101491,-11.5,-16.3774222096303));
#1988=CARTESIAN_POINT('',(-3.94783191812695,-11.5,-20.1));
#1989=CARTESIAN_POINT('Origin',(-3.94783191812695,-11.5,-9.09999999999999));
#1990=CARTESIAN_POINT('',(-3.94783191812695,-13.,-18.6));
#1991=CARTESIAN_POINT('Origin',(-3.94783191812695,-11.5,-18.6));
#1992=CARTESIAN_POINT('Origin',(-3.94783191812695,-13.,-9.09999999999999));
#1993=CARTESIAN_POINT('Origin',(65.75,-11.5,-18.6));
#1994=CARTESIAN_POINT('',(88.9363283693764,-11.5,-20.1));
#1995=CARTESIAN_POINT('Origin',(88.9363283693764,-11.5,-18.6));
#1996=CARTESIAN_POINT('',(65.75,-13.,-18.6));
#1997=CARTESIAN_POINT('',(65.75,-13.,-18.6));
#1998=CARTESIAN_POINT('',(65.75,-11.5,-20.1));
#1999=CARTESIAN_POINT('Origin',(88.9363283693764,-11.5,-9.09999999999997));
#2000=CARTESIAN_POINT('Origin',(88.9363283693764,-11.5,-9.09999999999997));
#2001=CARTESIAN_POINT('Origin',(-3.94783191812695,41.1832762967137,-9.09999999999999));
#2002=CARTESIAN_POINT('',(-11.0184956246789,180.5,-17.5264888743088));
#2003=CARTESIAN_POINT('',(-11.0184956246789,41.1832762967137,-17.5264888743088));
#2004=CARTESIAN_POINT('',(-3.94783191812695,180.5,-20.1));
#2005=CARTESIAN_POINT('Origin',(-3.94783191812695,180.5,-9.09999999999999));
#2006=CARTESIAN_POINT('',(-3.94783191812695,41.1832762967137,-20.1));
#2007=CARTESIAN_POINT('Origin',(20.5155797890248,-11.5,-42.0286089894656));
#2008=CARTESIAN_POINT('',(20.5155797890248,-13.,-42.0286089894656));
#2009=CARTESIAN_POINT('',(19.551398374495,-11.5,-43.1776756541441));
#2010=CARTESIAN_POINT('Origin',(89.,-13.,-18.6));
#2011=CARTESIAN_POINT('',(-0.750000000000011,-13.,-13.1));
#2012=CARTESIAN_POINT('',(-0.750000000000011,-13.,-13.075));
#2013=CARTESIAN_POINT('Origin',(2.75,-13.,-13.1));
#2014=CARTESIAN_POINT('Origin',(-3.94783191812695,180.5,-9.09999999999999));
#2015=CARTESIAN_POINT('',(-3.94783191812695,182.,-18.6));
#2016=CARTESIAN_POINT('Origin',(-3.94783191812695,180.5,-18.6));
#2017=CARTESIAN_POINT('',(-10.0543142101491,182.,-16.3774222096303));
#2018=CARTESIAN_POINT('Origin',(-10.0543142101491,180.5,-16.3774222096303));
#2019=CARTESIAN_POINT('Origin',(-3.94783191812695,182.,-9.09999999999999));
#2020=CARTESIAN_POINT('Origin',(19.25,180.5,-18.6));
#2021=CARTESIAN_POINT('',(88.9363283693764,182.,-18.6));
#2022=CARTESIAN_POINT('',(88.9363283693764,180.5,-20.1));
#2023=CARTESIAN_POINT('Origin',(88.9363283693764,180.5,-18.6));
#2024=CARTESIAN_POINT('',(19.25,180.5,-20.1));
#2025=CARTESIAN_POINT('',(19.25,182.,-18.6));
#2026=CARTESIAN_POINT('Origin',(64.4516708639087,180.5,-42.0464363309966));
#2027=CARTESIAN_POINT('',(96.0069920759283,180.5,-17.5264888743087));
#2028=CARTESIAN_POINT('',(65.4158522784385,180.5,-43.1955029956751));
#2029=CARTESIAN_POINT('',(95.0428106613985,182.,-16.3774222096303));
#2030=CARTESIAN_POINT('Origin',(95.0428106613985,180.5,-16.3774222096303));
#2031=CARTESIAN_POINT('',(64.4516708639087,182.,-42.0464363309966));
#2032=CARTESIAN_POINT('Origin',(88.9363283693764,180.5,-9.09999999999997));
#2033=CARTESIAN_POINT('Origin',(88.9363283693764,180.5,-9.09999999999997));
#2034=CARTESIAN_POINT('Origin',(88.9363283693764,182.,-9.09999999999997));
#2035=CARTESIAN_POINT('Origin',(-6.74712014790602,180.5,-19.1524875274901));
#2036=CARTESIAN_POINT('',(-7.71130156243583,180.5,-20.3015541921686));
#2037=CARTESIAN_POINT('',(-6.74712014790602,182.,-19.1524875274901));
#2038=CARTESIAN_POINT('Origin',(-4.,182.,-18.7));
#2039=CARTESIAN_POINT('Origin',(42.5,83.5,-20.1));
#2040=CARTESIAN_POINT('',(88.9363283693764,127.25,-20.1));
#2041=CARTESIAN_POINT('',(2.50000000000001,153.5,-20.1));
#2042=CARTESIAN_POINT('',(82.5,153.5,-20.1));
#2043=CARTESIAN_POINT('',(61.75,153.5,-20.1));
#2044=CARTESIAN_POINT('',(2.5,15.5,-20.1));
#2045=CARTESIAN_POINT('',(2.5,116.25,-20.1));
#2046=CARTESIAN_POINT('',(82.5,15.5,-20.1));
#2047=CARTESIAN_POINT('',(23.25,15.5,-20.1));
#2048=CARTESIAN_POINT('',(82.5,50.75,-20.1));
#2049=CARTESIAN_POINT('Origin',(88.9363283693764,127.25,-9.09999999999997));
#2050=CARTESIAN_POINT('',(96.0069920759283,127.25,-17.5264888743087));
#2051=CARTESIAN_POINT('Origin',(94.0890659102942,171.,-19.1358200125176));
#2052=CARTESIAN_POINT('Origin',(81.9999998948786,93.633819770813,-9.09999988528016));
#2053=CARTESIAN_POINT('',(81.9999998948786,15.52,-1.39999999999999));
#2054=CARTESIAN_POINT('',(81.9999998948786,15.52,21.8205841774821));
#2055=CARTESIAN_POINT('',(81.9999998948786,153.42,-1.39999999999999));
#2056=CARTESIAN_POINT('',(81.9999998948786,88.5669098854065,-1.39999999999999));
#2057=CARTESIAN_POINT('',(81.9999995817347,153.42,-1.79999999999999));
#2058=CARTESIAN_POINT('',(81.9999998948786,169.,-1.94999994264008));
#2059=CARTESIAN_POINT('Origin',(2.75,42.75,-13.1));
#2060=CARTESIAN_POINT('',(-0.75,42.75,-13.1));
#2061=CARTESIAN_POINT('Origin',(-3.97718508441871E-43,169.,-18.6));
#2062=CARTESIAN_POINT('',(-0.75,169.,-14.1));
#2063=CARTESIAN_POINT('Origin',(-0.75,0.,-9.59999999999999));
#2064=CARTESIAN_POINT('Origin',(23.25,15.5,-18.6));
#2065=CARTESIAN_POINT('Origin',(2.5,15.5,-18.6));
#2066=CARTESIAN_POINT('Origin',(82.5,15.5,-18.6));
#2067=CARTESIAN_POINT('Origin',(2.5,116.25,-18.6));
#2068=CARTESIAN_POINT('Origin',(2.5,153.5,-18.6));
#2069=CARTESIAN_POINT('Origin',(82.5,50.75,-18.6));
#2070=CARTESIAN_POINT('Origin',(82.5,153.5,-18.6));
#2071=CARTESIAN_POINT('Origin',(61.75,153.5,-18.6));
#2072=CARTESIAN_POINT('Origin',(111.59,27.,-1.39999999999999));
#2073=CARTESIAN_POINT('',(111.59,153.42,-1.39999999999999));
#2074=CARTESIAN_POINT('',(111.59,15.52,-1.39999999999999));
#2075=CARTESIAN_POINT('',(111.59,55.25,-1.39999999999999));
#2076=CARTESIAN_POINT('',(111.59,15.52,-1.39999999999999));
#2077=CARTESIAN_POINT('',(111.59,153.42,-1.39999999999999));
#2078=CARTESIAN_POINT('Origin',(7.5,15.52,-1.39999999999999));
#2079=CARTESIAN_POINT('',(77.5,15.52,-1.39999999999999));
#2080=CARTESIAN_POINT('Origin',(-9.10057122754004,-1.13344740657261,-19.1358185285739));
#2081=CARTESIAN_POINT('Origin',(77.5,153.42,-1.39999999999999));
#2082=CARTESIAN_POINT('',(-26.6,153.42,-1.39999999999999));
#2083=CARTESIAN_POINT('',(-26.6,153.42,-1.39999999999999));
#2084=CARTESIAN_POINT('',(7.5,153.42,-1.39999999999999));
#2085=CARTESIAN_POINT('Origin',(38.75,83.5,-1.39999999999999));
#2086=CARTESIAN_POINT('',(7.5,153.42,-1.39999999999999));
#2087=CARTESIAN_POINT('Origin',(77.5,153.42,-1.39999999999999));
#2088=CARTESIAN_POINT('Origin',(38.75,83.5,-1.39999999999999));
#2089=CARTESIAN_POINT('',(-26.6,15.52,-1.39999999999999));
#2090=CARTESIAN_POINT('',(-26.6,112.75,-1.39999999999999));
#2091=CARTESIAN_POINT('',(77.5,15.52,-1.39999999999999));
#2092=CARTESIAN_POINT('Origin',(7.5,15.52,-1.39999999999999));
#2093=CARTESIAN_POINT('',(-26.6,15.52,-1.39999999999999));
#2094=CARTESIAN_POINT('Origin',(-26.6,142.,-1.39999999999999));
#2095=CARTESIAN_POINT('Origin',(89.,-13.,-18.6));
#2096=CARTESIAN_POINT('',(79.6,-13.,-9.69999999999999));
#2097=CARTESIAN_POINT('',(79.6,-13.,-19.1));
#2098=CARTESIAN_POINT('',(4.,-13.,-9.69999999999999));
#2099=CARTESIAN_POINT('',(42.5,-13.,-9.69999999999999));
#2100=CARTESIAN_POINT('',(4.,-13.,-19.1));
#2101=CARTESIAN_POINT('Origin',(77.5,-12.6,-19.1));
#2102=CARTESIAN_POINT('',(79.6,-12.6,-9.69999999999999));
#2103=CARTESIAN_POINT('',(79.6,-12.6,-19.1));
#2104=CARTESIAN_POINT('',(4.,-12.6,-9.69999999999999));
#2105=CARTESIAN_POINT('',(4.,-12.6,-19.1));
#2106=CARTESIAN_POINT('',(7.5,-12.6,-9.69999999999999));
#2107=CARTESIAN_POINT('Origin',(42.5,82.5,-9.69999999999999));
#2108=CARTESIAN_POINT('',(4.,39.45,-9.69999999999999));
#2109=CARTESIAN_POINT('',(79.6,39.25,-9.69999999999999));
#2110=CARTESIAN_POINT('Origin',(4.,-3.59999999999999,-19.1));
#2111=CARTESIAN_POINT('Origin',(79.6,-3.99999999999999,-19.1));
#2112=UNCERTAINTY_MEASURE_WITH_UNIT(LENGTH_MEASURE(0.01),#2116,
'DISTANCE_ACCURACY_VALUE',
'Maximum model space distance between geometric entities at asserted c
onnectivities');
#2113=UNCERTAINTY_MEASURE_WITH_UNIT(LENGTH_MEASURE(0.01),#2116,
'DISTANCE_ACCURACY_VALUE',
'Maximum model space distance between geometric entities at asserted c
onnectivities');
#2114=(
GEOMETRIC_REPRESENTATION_CONTEXT(3)
GLOBAL_UNCERTAINTY_ASSIGNED_CONTEXT((#2112))
GLOBAL_UNIT_ASSIGNED_CONTEXT((#2116,#2118,#2119))
REPRESENTATION_CONTEXT('','3D')
);
#2115=(
GEOMETRIC_REPRESENTATION_CONTEXT(3)
GLOBAL_UNCERTAINTY_ASSIGNED_CONTEXT((#2113))
GLOBAL_UNIT_ASSIGNED_CONTEXT((#2116,#2118,#2119))
REPRESENTATION_CONTEXT('','3D')
);
#2116=(
LENGTH_UNIT()
NAMED_UNIT(*)
SI_UNIT(.MILLI.,.METRE.)
);
#2117=(
LENGTH_UNIT()
NAMED_UNIT(*)
SI_UNIT($,.METRE.)
);
#2118=(
NAMED_UNIT(*)
PLANE_ANGLE_UNIT()
SI_UNIT($,.RADIAN.)
);
#2119=(
NAMED_UNIT(*)
SI_UNIT($,.STERADIAN.)
SOLID_ANGLE_UNIT()
);
#2120=SHAPE_DEFINITION_REPRESENTATION(#2121,#2122);
#2121=PRODUCT_DEFINITION_SHAPE('',$,#2124);
#2122=SHAPE_REPRESENTATION('',(#1274),#2114);
#2123=PRODUCT_DEFINITION_CONTEXT('part definition',#2128,'design');
#2124=PRODUCT_DEFINITION('vizio_2_gang_bezel_and_plate',
'vizio_2_gang_bezel_and_plate v20',#2125,#2123);
#2125=PRODUCT_DEFINITION_FORMATION('',$,#2130);
#2126=PRODUCT_RELATED_PRODUCT_CATEGORY(
'vizio_2_gang_bezel_and_plate v20','vizio_2_gang_bezel_and_plate v20',(#2130));
#2127=APPLICATION_PROTOCOL_DEFINITION('international standard',
'automotive_design',2009,#2128);
#2128=APPLICATION_CONTEXT(
'Core Data for Automotive Mechanical Design Process');
#2129=PRODUCT_CONTEXT('part definition',#2128,'mechanical');
#2130=PRODUCT('vizio_2_gang_bezel_and_plate',
'vizio_2_gang_bezel_and_plate v20',$,(#2129));
#2131=PRESENTATION_STYLE_ASSIGNMENT((#2136));
#2132=PRESENTATION_STYLE_ASSIGNMENT((#2137));
#2133=PRESENTATION_STYLE_ASSIGNMENT((#2138));
#2134=PRESENTATION_STYLE_ASSIGNMENT((#2139));
#2135=PRESENTATION_STYLE_ASSIGNMENT((#2140));
#2136=SURFACE_STYLE_USAGE(.BOTH.,#2141);
#2137=SURFACE_STYLE_USAGE(.BOTH.,#2142);
#2138=SURFACE_STYLE_USAGE(.BOTH.,#2143);
#2139=SURFACE_STYLE_USAGE(.BOTH.,#2144);
#2140=SURFACE_STYLE_USAGE(.BOTH.,#2145);
#2141=SURFACE_SIDE_STYLE('',(#2146));
#2142=SURFACE_SIDE_STYLE('',(#2147));
#2143=SURFACE_SIDE_STYLE('',(#2148));
#2144=SURFACE_SIDE_STYLE('',(#2149));
#2145=SURFACE_SIDE_STYLE('',(#2150));
#2146=SURFACE_STYLE_FILL_AREA(#2151);
#2147=SURFACE_STYLE_FILL_AREA(#2152);
#2148=SURFACE_STYLE_FILL_AREA(#2153);
#2149=SURFACE_STYLE_FILL_AREA(#2154);
#2150=SURFACE_STYLE_FILL_AREA(#2155);
#2151=FILL_AREA_STYLE('Steel - Satin',(#2156));
#2152=FILL_AREA_STYLE('Plastic - Matte (Yellow)',(#2157));
#2153=FILL_AREA_STYLE('Rubber - Hard',(#2158));
#2154=FILL_AREA_STYLE('Plastic - Glossy (Red)',(#2159));
#2155=FILL_AREA_STYLE('Plastic - Glossy (Green)',(#2160));
#2156=FILL_AREA_STYLE_COLOUR('Steel - Satin',#2161);
#2157=FILL_AREA_STYLE_COLOUR('Plastic - Matte (Yellow)',#2162);
#2158=FILL_AREA_STYLE_COLOUR('Rubber - Hard',#2163);
#2159=FILL_AREA_STYLE_COLOUR('Plastic - Glossy (Red)',#2164);
#2160=FILL_AREA_STYLE_COLOUR('Plastic - Glossy (Green)',#2165);
#2161=COLOUR_RGB('Steel - Satin',0.627450980392157,0.627450980392157,0.627450980392157);
#2162=COLOUR_RGB('Plastic - Matte (Yellow)',0.909803921568627,0.67843137254902,
0.137254901960784);
#2163=COLOUR_RGB('Rubber - Hard',0.152941176470588,0.152941176470588,0.152941176470588);
#2164=COLOUR_RGB('Plastic - Glossy (Red)',1.,1.,1.);
#2165=COLOUR_RGB('Plastic - Glossy (Green)',0.396078431372549,0.882352941176471,
0.968627450980392);
ENDSEC;
END-ISO-10303-21;
