ISO-10303-21;
HEADER;
/* Generated by software containing ST-Developer
 * from STEP Tools, Inc. (www.steptools.com) 
 */

FILE_DESCRIPTION(
/* description */ (''),
/* implementation_level */ '2;1');

FILE_NAME(
/* name */ '225mL centrifuge bottle shaker mount_v3.step',
/* time_stamp */ '2026-03-17T23:33:19-04:00',
/* author */ (''),
/* organization */ (''),
/* preprocessor_version */ 'ST-DEVELOPER v20.1',
/* originating_system */ 'Autodesk Translation Framework v14.24.0.0',
/* authorisation */ '');

FILE_SCHEMA (('AUTOMOTIVE_DESIGN { 1 0 10303 214 3 1 1 }'));
ENDSEC;

DATA;
#10=MECHANICAL_DESIGN_GEOMETRIC_PRESENTATION_REPRESENTATION('',(#13,#14),
#2787);
#11=SHAPE_REPRESENTATION_RELATIONSHIP('SRR','None',#2794,#12);
#12=ADVANCED_BREP_SHAPE_REPRESENTATION('',(#15,#16),#2786);
#13=STYLED_ITEM('',(#2803),#15);
#14=STYLED_ITEM('',(#2803),#16);
#15=MANIFOLD_SOLID_BREP('clip_a',#1566);
#16=MANIFOLD_SOLID_BREP('clip_b',#1567);
#17=B_SPLINE_CURVE_WITH_KNOTS('',3,(#2418,#2419,#2420,#2421,#2422,#2423,
#2424,#2425,#2426,#2427,#2428,#2429,#2430,#2431,#2432,#2433,#2434,#2435,
#2436,#2437,#2438,#2439,#2440,#2441,#2442,#2443,#2444,#2445,#2446,#2447,
#2448,#2449,#2450,#2451),.UNSPECIFIED.,.T.,.F.,(4,2,2,2,2,2,2,2,2,2,2,2,
2,2,2,2,4),(0.,0.189068980410815,0.37813796082163,0.584968283180686,0.791798605539742,
0.98824605568,1.18469350582026,1.37239930686098,1.56010510790169,1.74781090894241,
1.93551670998313,2.13196416012339,2.32841161026365,2.5352419326227,2.74207225498176,
2.93114123539257,3.12021021580339),.UNSPECIFIED.);
#18=B_SPLINE_CURVE_WITH_KNOTS('',3,(#2596,#2597,#2598,#2599,#2600,#2601,
#2602,#2603,#2604,#2605,#2606,#2607,#2608,#2609,#2610,#2611,#2612,#2613,
#2614,#2615,#2616,#2617,#2618,#2619,#2620,#2621,#2622,#2623,#2624,#2625,
#2626,#2627,#2628,#2629),.UNSPECIFIED.,.T.,.F.,(4,2,2,2,2,2,2,2,2,2,2,2,
2,2,2,2,4),(0.,0.187705801040719,0.375411602081438,0.571859052221695,0.768306502361952,
0.975136824721007,1.18196714708006,1.37103612749088,1.56010510790169,1.74917408831251,
1.93824306872333,2.14507339108238,2.35190371344144,2.54835116358169,2.74479861372195,
2.93250441476267,3.12021021580339),.UNSPECIFIED.);
#19=(
BOUNDED_SURFACE()
B_SPLINE_SURFACE(2,2,((#2379,#2380,#2381,#2382,#2383,#2384,#2385,#2386,
#2387),(#2388,#2389,#2390,#2391,#2392,#2393,#2394,#2395,#2396),(#2397,#2398,
#2399,#2400,#2401,#2402,#2403,#2404,#2405)),.UNSPECIFIED.,.F.,.T.,.F.)
B_SPLINE_SURFACE_WITH_KNOTS((3,3),(3,2,2,2,3),(-1.12788528272125,0.),(-3.14159265358979,
-1.5707963267949,0.,1.5707963267949,3.14159265358979),.UNSPECIFIED.)
GEOMETRIC_REPRESENTATION_ITEM()
RATIONAL_B_SPLINE_SURFACE(((1.,0.707106781186548,1.,0.707106781186548,1.,
0.707106781186548,1.,0.707106781186548,1.),(0.845154254728539,0.597614304667212,
0.845154254728539,0.597614304667212,0.845154254728539,0.597614304667212,
0.845154254728539,0.597614304667212,0.845154254728539),(1.,0.707106781186548,
1.,0.707106781186548,1.,0.707106781186548,1.,0.707106781186548,1.)))
REPRESENTATION_ITEM('')
SURFACE()
);
#20=(
BOUNDED_SURFACE()
B_SPLINE_SURFACE(2,2,((#2727,#2728,#2729,#2730,#2731,#2732,#2733,#2734,
#2735),(#2736,#2737,#2738,#2739,#2740,#2741,#2742,#2743,#2744),(#2745,#2746,
#2747,#2748,#2749,#2750,#2751,#2752,#2753)),.UNSPECIFIED.,.F.,.T.,.F.)
B_SPLINE_SURFACE_WITH_KNOTS((3,3),(3,2,2,2,3),(-1.12788528272126,0.),(-3.14159265358979,
-1.5707963267949,0.,1.5707963267949,3.14159265358979),.UNSPECIFIED.)
GEOMETRIC_REPRESENTATION_ITEM()
RATIONAL_B_SPLINE_SURFACE(((1.,0.707106781186548,1.,0.707106781186548,1.,
0.707106781186548,1.,0.707106781186548,1.),(0.845154254728543,0.597614304667216,
0.845154254728543,0.597614304667216,0.845154254728543,0.597614304667216,
0.845154254728543,0.597614304667216,0.845154254728543),(1.,0.707106781186548,
1.,0.707106781186548,1.,0.707106781186548,1.,0.707106781186548,1.)))
REPRESENTATION_ITEM('')
SURFACE()
);
#21=CYLINDRICAL_SURFACE('',#1628,29.5);
#22=CYLINDRICAL_SURFACE('',#1634,5.);
#23=CYLINDRICAL_SURFACE('',#1637,34.5);
#24=CYLINDRICAL_SURFACE('',#1639,34.5);
#25=CYLINDRICAL_SURFACE('',#1640,29.5);
#26=CYLINDRICAL_SURFACE('',#1641,1.);
#27=CYLINDRICAL_SURFACE('',#1643,1.);
#28=CYLINDRICAL_SURFACE('',#1644,1.);
#29=CYLINDRICAL_SURFACE('',#1646,1.);
#30=CYLINDRICAL_SURFACE('',#1648,34.5);
#31=CYLINDRICAL_SURFACE('',#1651,34.5);
#32=CYLINDRICAL_SURFACE('',#1652,3.00000000000001);
#33=CYLINDRICAL_SURFACE('',#1653,29.5);
#34=CYLINDRICAL_SURFACE('',#1654,1.);
#35=CYLINDRICAL_SURFACE('',#1656,1.);
#36=CYLINDRICAL_SURFACE('',#1657,1.);
#37=CYLINDRICAL_SURFACE('',#1659,1.);
#38=CYLINDRICAL_SURFACE('',#1661,34.5);
#39=CYLINDRICAL_SURFACE('',#1662,1.);
#40=CYLINDRICAL_SURFACE('',#1664,1.);
#41=CYLINDRICAL_SURFACE('',#1665,1.);
#42=CYLINDRICAL_SURFACE('',#1669,1.);
#43=CYLINDRICAL_SURFACE('',#1672,29.5);
#44=CYLINDRICAL_SURFACE('',#1676,34.5);
#45=CYLINDRICAL_SURFACE('',#1679,1.);
#46=CYLINDRICAL_SURFACE('',#1683,1.);
#47=CYLINDRICAL_SURFACE('',#1686,1.);
#48=CYLINDRICAL_SURFACE('',#1690,1.);
#49=CYLINDRICAL_SURFACE('',#1693,29.5);
#50=CYLINDRICAL_SURFACE('',#1696,2.99999999999999);
#51=CYLINDRICAL_SURFACE('',#1699,34.5);
#52=CYLINDRICAL_SURFACE('',#1704,34.5);
#53=CYLINDRICAL_SURFACE('',#1707,34.5);
#54=CYLINDRICAL_SURFACE('',#1712,34.5);
#55=CYLINDRICAL_SURFACE('',#1717,1.);
#56=CYLINDRICAL_SURFACE('',#1720,29.5);
#57=CYLINDRICAL_SURFACE('',#1723,1.);
#58=CYLINDRICAL_SURFACE('',#1728,5.);
#59=FACE_BOUND('',#231,.T.);
#60=FACE_BOUND('',#255,.T.);
#61=FACE_BOUND('',#280,.T.);
#62=FACE_BOUND('',#301,.T.);
#63=CIRCLE('',#1583,34.5);
#64=CIRCLE('',#1584,1.);
#65=CIRCLE('',#1585,1.);
#66=CIRCLE('',#1586,29.5);
#67=CIRCLE('',#1587,1.);
#68=CIRCLE('',#1588,1.);
#69=CIRCLE('',#1589,34.5);
#70=CIRCLE('',#1590,34.5);
#71=CIRCLE('',#1591,1.);
#72=CIRCLE('',#1592,1.);
#73=CIRCLE('',#1593,29.5);
#74=CIRCLE('',#1594,1.);
#75=CIRCLE('',#1595,1.);
#76=CIRCLE('',#1596,34.5);
#77=CIRCLE('',#1597,34.5);
#78=CIRCLE('',#1598,1.);
#79=CIRCLE('',#1599,1.);
#80=CIRCLE('',#1600,29.5);
#81=CIRCLE('',#1608,3.00000000000001);
#82=CIRCLE('',#1610,29.5);
#83=CIRCLE('',#1611,1.);
#84=CIRCLE('',#1612,1.);
#85=CIRCLE('',#1613,34.5);
#86=CIRCLE('',#1614,34.5);
#87=CIRCLE('',#1615,1.);
#88=CIRCLE('',#1616,1.);
#89=CIRCLE('',#1617,29.5);
#90=CIRCLE('',#1618,1.);
#91=CIRCLE('',#1619,1.);
#92=CIRCLE('',#1620,34.5);
#93=CIRCLE('',#1621,34.5);
#94=CIRCLE('',#1622,1.);
#95=CIRCLE('',#1623,1.);
#96=CIRCLE('',#1624,29.5);
#97=CIRCLE('',#1625,1.);
#98=CIRCLE('',#1626,1.);
#99=CIRCLE('',#1627,34.5);
#100=CIRCLE('',#1629,5.);
#101=CIRCLE('',#1630,5.);
#102=CIRCLE('',#1631,3.5);
#103=CIRCLE('',#1632,3.00000000000001);
#104=CIRCLE('',#1633,3.00000000000001);
#105=CIRCLE('',#1666,1.);
#106=CIRCLE('',#1667,1.);
#107=CIRCLE('',#1670,1.);
#108=CIRCLE('',#1671,1.);
#109=CIRCLE('',#1673,29.5);
#110=CIRCLE('',#1674,29.5);
#111=CIRCLE('',#1677,34.5);
#112=CIRCLE('',#1678,34.5);
#113=CIRCLE('',#1680,1.);
#114=CIRCLE('',#1681,1.);
#115=CIRCLE('',#1684,1.);
#116=CIRCLE('',#1685,1.);
#117=CIRCLE('',#1687,1.);
#118=CIRCLE('',#1688,1.);
#119=CIRCLE('',#1691,1.);
#120=CIRCLE('',#1692,1.);
#121=CIRCLE('',#1694,29.5);
#122=CIRCLE('',#1695,29.5);
#123=CIRCLE('',#1697,2.99999999999999);
#124=CIRCLE('',#1698,2.99999999999999);
#125=CIRCLE('',#1700,34.5);
#126=CIRCLE('',#1701,34.5);
#127=CIRCLE('',#1705,34.5);
#128=CIRCLE('',#1706,34.5);
#129=CIRCLE('',#1708,34.5);
#130=CIRCLE('',#1709,34.5);
#131=CIRCLE('',#1713,34.5);
#132=CIRCLE('',#1714,34.5);
#133=CIRCLE('',#1718,1.);
#134=CIRCLE('',#1719,1.);
#135=CIRCLE('',#1721,29.5);
#136=CIRCLE('',#1722,29.5);
#137=CIRCLE('',#1724,1.);
#138=CIRCLE('',#1725,1.);
#139=CIRCLE('',#1729,5.);
#140=CIRCLE('',#1730,3.5);
#141=FACE_OUTER_BOUND('',#222,.T.);
#142=FACE_OUTER_BOUND('',#223,.T.);
#143=FACE_OUTER_BOUND('',#224,.T.);
#144=FACE_OUTER_BOUND('',#225,.T.);
#145=FACE_OUTER_BOUND('',#226,.T.);
#146=FACE_OUTER_BOUND('',#227,.T.);
#147=FACE_OUTER_BOUND('',#228,.T.);
#148=FACE_OUTER_BOUND('',#229,.T.);
#149=FACE_OUTER_BOUND('',#230,.T.);
#150=FACE_OUTER_BOUND('',#232,.T.);
#151=FACE_OUTER_BOUND('',#233,.T.);
#152=FACE_OUTER_BOUND('',#234,.T.);
#153=FACE_OUTER_BOUND('',#235,.T.);
#154=FACE_OUTER_BOUND('',#236,.T.);
#155=FACE_OUTER_BOUND('',#237,.T.);
#156=FACE_OUTER_BOUND('',#238,.T.);
#157=FACE_OUTER_BOUND('',#239,.T.);
#158=FACE_OUTER_BOUND('',#240,.T.);
#159=FACE_OUTER_BOUND('',#241,.T.);
#160=FACE_OUTER_BOUND('',#242,.T.);
#161=FACE_OUTER_BOUND('',#243,.T.);
#162=FACE_OUTER_BOUND('',#244,.T.);
#163=FACE_OUTER_BOUND('',#245,.T.);
#164=FACE_OUTER_BOUND('',#246,.T.);
#165=FACE_OUTER_BOUND('',#247,.T.);
#166=FACE_OUTER_BOUND('',#248,.T.);
#167=FACE_OUTER_BOUND('',#249,.T.);
#168=FACE_OUTER_BOUND('',#250,.T.);
#169=FACE_OUTER_BOUND('',#251,.T.);
#170=FACE_OUTER_BOUND('',#252,.T.);
#171=FACE_OUTER_BOUND('',#253,.T.);
#172=FACE_OUTER_BOUND('',#254,.T.);
#173=FACE_OUTER_BOUND('',#256,.T.);
#174=FACE_OUTER_BOUND('',#257,.T.);
#175=FACE_OUTER_BOUND('',#258,.T.);
#176=FACE_OUTER_BOUND('',#259,.T.);
#177=FACE_OUTER_BOUND('',#260,.T.);
#178=FACE_OUTER_BOUND('',#261,.T.);
#179=FACE_OUTER_BOUND('',#262,.T.);
#180=FACE_OUTER_BOUND('',#263,.T.);
#181=FACE_OUTER_BOUND('',#264,.T.);
#182=FACE_OUTER_BOUND('',#265,.T.);
#183=FACE_OUTER_BOUND('',#266,.T.);
#184=FACE_OUTER_BOUND('',#267,.T.);
#185=FACE_OUTER_BOUND('',#268,.T.);
#186=FACE_OUTER_BOUND('',#269,.T.);
#187=FACE_OUTER_BOUND('',#270,.T.);
#188=FACE_OUTER_BOUND('',#271,.T.);
#189=FACE_OUTER_BOUND('',#272,.T.);
#190=FACE_OUTER_BOUND('',#273,.T.);
#191=FACE_OUTER_BOUND('',#274,.T.);
#192=FACE_OUTER_BOUND('',#275,.T.);
#193=FACE_OUTER_BOUND('',#276,.T.);
#194=FACE_OUTER_BOUND('',#277,.T.);
#195=FACE_OUTER_BOUND('',#278,.T.);
#196=FACE_OUTER_BOUND('',#279,.T.);
#197=FACE_OUTER_BOUND('',#281,.T.);
#198=FACE_OUTER_BOUND('',#282,.T.);
#199=FACE_OUTER_BOUND('',#283,.T.);
#200=FACE_OUTER_BOUND('',#284,.T.);
#201=FACE_OUTER_BOUND('',#285,.T.);
#202=FACE_OUTER_BOUND('',#286,.T.);
#203=FACE_OUTER_BOUND('',#287,.T.);
#204=FACE_OUTER_BOUND('',#288,.T.);
#205=FACE_OUTER_BOUND('',#289,.T.);
#206=FACE_OUTER_BOUND('',#290,.T.);
#207=FACE_OUTER_BOUND('',#291,.T.);
#208=FACE_OUTER_BOUND('',#292,.T.);
#209=FACE_OUTER_BOUND('',#293,.T.);
#210=FACE_OUTER_BOUND('',#294,.T.);
#211=FACE_OUTER_BOUND('',#295,.T.);
#212=FACE_OUTER_BOUND('',#296,.T.);
#213=FACE_OUTER_BOUND('',#297,.T.);
#214=FACE_OUTER_BOUND('',#298,.T.);
#215=FACE_OUTER_BOUND('',#299,.T.);
#216=FACE_OUTER_BOUND('',#300,.T.);
#217=FACE_OUTER_BOUND('',#302,.T.);
#218=FACE_OUTER_BOUND('',#303,.T.);
#219=FACE_OUTER_BOUND('',#304,.T.);
#220=FACE_OUTER_BOUND('',#305,.T.);
#221=FACE_OUTER_BOUND('',#306,.T.);
#222=EDGE_LOOP('',(#986,#987,#988,#989));
#223=EDGE_LOOP('',(#990,#991,#992,#993,#994,#995,#996,#997,#998,#999,#1000,
#1001,#1002,#1003,#1004,#1005,#1006,#1007,#1008,#1009,#1010,#1011,#1012,
#1013,#1014,#1015,#1016,#1017,#1018,#1019,#1020,#1021,#1022,#1023,#1024,
#1025,#1026,#1027));
#224=EDGE_LOOP('',(#1028,#1029,#1030,#1031));
#225=EDGE_LOOP('',(#1032,#1033,#1034,#1035));
#226=EDGE_LOOP('',(#1036,#1037,#1038,#1039));
#227=EDGE_LOOP('',(#1040,#1041,#1042,#1043));
#228=EDGE_LOOP('',(#1044,#1045,#1046,#1047));
#229=EDGE_LOOP('',(#1048,#1049,#1050,#1051));
#230=EDGE_LOOP('',(#1052,#1053,#1054,#1055));
#231=EDGE_LOOP('',(#1056));
#232=EDGE_LOOP('',(#1057,#1058,#1059,#1060,#1061,#1062,#1063,#1064,#1065,
#1066,#1067,#1068,#1069,#1070,#1071,#1072,#1073,#1074,#1075,#1076,#1077,
#1078,#1079,#1080,#1081,#1082,#1083,#1084,#1085,#1086,#1087,#1088,#1089,
#1090,#1091,#1092,#1093,#1094));
#233=EDGE_LOOP('',(#1095,#1096,#1097,#1098));
#234=EDGE_LOOP('',(#1099,#1100,#1101,#1102,#1103,#1104));
#235=EDGE_LOOP('',(#1105,#1106,#1107,#1108,#1109));
#236=EDGE_LOOP('',(#1110,#1111,#1112,#1113));
#237=EDGE_LOOP('',(#1114,#1115,#1116,#1117));
#238=EDGE_LOOP('',(#1118,#1119,#1120,#1121));
#239=EDGE_LOOP('',(#1122,#1123,#1124,#1125));
#240=EDGE_LOOP('',(#1126,#1127,#1128,#1129));
#241=EDGE_LOOP('',(#1130,#1131,#1132,#1133));
#242=EDGE_LOOP('',(#1134,#1135,#1136,#1137));
#243=EDGE_LOOP('',(#1138,#1139,#1140,#1141));
#244=EDGE_LOOP('',(#1142,#1143,#1144,#1145));
#245=EDGE_LOOP('',(#1146,#1147,#1148,#1149));
#246=EDGE_LOOP('',(#1150,#1151,#1152,#1153));
#247=EDGE_LOOP('',(#1154,#1155,#1156,#1157));
#248=EDGE_LOOP('',(#1158,#1159,#1160,#1161));
#249=EDGE_LOOP('',(#1162,#1163,#1164,#1165));
#250=EDGE_LOOP('',(#1166,#1167,#1168,#1169));
#251=EDGE_LOOP('',(#1170,#1171,#1172,#1173));
#252=EDGE_LOOP('',(#1174,#1175,#1176,#1177));
#253=EDGE_LOOP('',(#1178,#1179,#1180,#1181,#1182));
#254=EDGE_LOOP('',(#1183,#1184,#1185,#1186));
#255=EDGE_LOOP('',(#1187));
#256=EDGE_LOOP('',(#1188,#1189,#1190,#1191));
#257=EDGE_LOOP('',(#1192,#1193,#1194,#1195));
#258=EDGE_LOOP('',(#1196,#1197,#1198,#1199));
#259=EDGE_LOOP('',(#1200,#1201,#1202,#1203));
#260=EDGE_LOOP('',(#1204,#1205,#1206,#1207));
#261=EDGE_LOOP('',(#1208,#1209,#1210,#1211));
#262=EDGE_LOOP('',(#1212,#1213,#1214,#1215));
#263=EDGE_LOOP('',(#1216,#1217,#1218,#1219));
#264=EDGE_LOOP('',(#1220,#1221,#1222,#1223));
#265=EDGE_LOOP('',(#1224,#1225,#1226,#1227));
#266=EDGE_LOOP('',(#1228,#1229,#1230,#1231));
#267=EDGE_LOOP('',(#1232,#1233,#1234,#1235));
#268=EDGE_LOOP('',(#1236,#1237,#1238,#1239));
#269=EDGE_LOOP('',(#1240,#1241,#1242,#1243));
#270=EDGE_LOOP('',(#1244,#1245,#1246,#1247));
#271=EDGE_LOOP('',(#1248,#1249,#1250,#1251));
#272=EDGE_LOOP('',(#1252,#1253,#1254,#1255));
#273=EDGE_LOOP('',(#1256,#1257,#1258,#1259));
#274=EDGE_LOOP('',(#1260,#1261,#1262,#1263));
#275=EDGE_LOOP('',(#1264,#1265,#1266,#1267));
#276=EDGE_LOOP('',(#1268,#1269,#1270,#1271));
#277=EDGE_LOOP('',(#1272,#1273,#1274,#1275));
#278=EDGE_LOOP('',(#1276,#1277,#1278,#1279));
#279=EDGE_LOOP('',(#1280,#1281,#1282,#1283));
#280=EDGE_LOOP('',(#1284));
#281=EDGE_LOOP('',(#1285,#1286,#1287,#1288));
#282=EDGE_LOOP('',(#1289,#1290,#1291,#1292));
#283=EDGE_LOOP('',(#1293,#1294,#1295,#1296));
#284=EDGE_LOOP('',(#1297,#1298,#1299,#1300));
#285=EDGE_LOOP('',(#1301,#1302,#1303,#1304));
#286=EDGE_LOOP('',(#1305,#1306,#1307,#1308));
#287=EDGE_LOOP('',(#1309,#1310,#1311,#1312));
#288=EDGE_LOOP('',(#1313,#1314,#1315,#1316));
#289=EDGE_LOOP('',(#1317,#1318,#1319,#1320));
#290=EDGE_LOOP('',(#1321,#1322,#1323,#1324));
#291=EDGE_LOOP('',(#1325,#1326,#1327,#1328));
#292=EDGE_LOOP('',(#1329,#1330,#1331,#1332));
#293=EDGE_LOOP('',(#1333,#1334,#1335,#1336));
#294=EDGE_LOOP('',(#1337,#1338,#1339,#1340));
#295=EDGE_LOOP('',(#1341,#1342,#1343,#1344));
#296=EDGE_LOOP('',(#1345,#1346,#1347,#1348));
#297=EDGE_LOOP('',(#1349,#1350,#1351,#1352));
#298=EDGE_LOOP('',(#1353,#1354,#1355,#1356));
#299=EDGE_LOOP('',(#1357,#1358,#1359,#1360,#1361,#1362,#1363,#1364,#1365,
#1366,#1367,#1368,#1369,#1370,#1371,#1372,#1373,#1374,#1375,#1376,#1377,
#1378,#1379,#1380,#1381,#1382,#1383,#1384,#1385,#1386,#1387,#1388,#1389));
#300=EDGE_LOOP('',(#1390,#1391,#1392,#1393));
#301=EDGE_LOOP('',(#1394));
#302=EDGE_LOOP('',(#1395,#1396,#1397,#1398,#1399,#1400,#1401,#1402,#1403,
#1404,#1405,#1406,#1407,#1408,#1409,#1410,#1411,#1412,#1413,#1414,#1415,
#1416,#1417,#1418,#1419,#1420,#1421,#1422,#1423,#1424,#1425,#1426,#1427));
#303=EDGE_LOOP('',(#1428,#1429,#1430,#1431));
#304=EDGE_LOOP('',(#1432,#1433,#1434,#1435));
#305=EDGE_LOOP('',(#1436,#1437,#1438,#1439));
#306=EDGE_LOOP('',(#1440,#1441,#1442,#1443));
#307=LINE('',#2207,#456);
#308=LINE('',#2209,#457);
#309=LINE('',#2211,#458);
#310=LINE('',#2212,#459);
#311=LINE('',#2215,#460);
#312=LINE('',#2217,#461);
#313=LINE('',#2219,#462);
#314=LINE('',#2221,#463);
#315=LINE('',#2223,#464);
#316=LINE('',#2225,#465);
#317=LINE('',#2227,#466);
#318=LINE('',#2229,#467);
#319=LINE('',#2235,#468);
#320=LINE('',#2243,#469);
#321=LINE('',#2249,#470);
#322=LINE('',#2251,#471);
#323=LINE('',#2253,#472);
#324=LINE('',#2259,#473);
#325=LINE('',#2267,#474);
#326=LINE('',#2273,#475);
#327=LINE('',#2275,#476);
#328=LINE('',#2277,#477);
#329=LINE('',#2283,#478);
#330=LINE('',#2290,#479);
#331=LINE('',#2291,#480);
#332=LINE('',#2292,#481);
#333=LINE('',#2295,#482);
#334=LINE('',#2296,#483);
#335=LINE('',#2299,#484);
#336=LINE('',#2300,#485);
#337=LINE('',#2303,#486);
#338=LINE('',#2304,#487);
#339=LINE('',#2306,#488);
#340=LINE('',#2309,#489);
#341=LINE('',#2310,#490);
#342=LINE('',#2313,#491);
#343=LINE('',#2314,#492);
#344=LINE('',#2323,#493);
#345=LINE('',#2329,#494);
#346=LINE('',#2331,#495);
#347=LINE('',#2333,#496);
#348=LINE('',#2339,#497);
#349=LINE('',#2347,#498);
#350=LINE('',#2353,#499);
#351=LINE('',#2355,#500);
#352=LINE('',#2357,#501);
#353=LINE('',#2363,#502);
#354=LINE('',#2371,#503);
#355=LINE('',#2376,#504);
#356=LINE('',#2378,#505);
#357=LINE('',#2417,#506);
#358=LINE('',#2453,#507);
#359=LINE('',#2454,#508);
#360=LINE('',#2456,#509);
#361=LINE('',#2457,#510);
#362=LINE('',#2459,#511);
#363=LINE('',#2460,#512);
#364=LINE('',#2463,#513);
#365=LINE('',#2464,#514);
#366=LINE('',#2466,#515);
#367=LINE('',#2467,#516);
#368=LINE('',#2469,#517);
#369=LINE('',#2471,#518);
#370=LINE('',#2474,#519);
#371=LINE('',#2476,#520);
#372=LINE('',#2480,#521);
#373=LINE('',#2481,#522);
#374=LINE('',#2484,#523);
#375=LINE('',#2486,#524);
#376=LINE('',#2488,#525);
#377=LINE('',#2490,#526);
#378=LINE('',#2491,#527);
#379=LINE('',#2493,#528);
#380=LINE('',#2495,#529);
#381=LINE('',#2498,#530);
#382=LINE('',#2500,#531);
#383=LINE('',#2503,#532);
#384=LINE('',#2505,#533);
#385=LINE('',#2507,#534);
#386=LINE('',#2509,#535);
#387=LINE('',#2516,#536);
#388=LINE('',#2519,#537);
#389=LINE('',#2523,#538);
#390=LINE('',#2524,#539);
#391=LINE('',#2525,#540);
#392=LINE('',#2530,#541);
#393=LINE('',#2535,#542);
#394=LINE('',#2541,#543);
#395=LINE('',#2543,#544);
#396=LINE('',#2545,#545);
#397=LINE('',#2546,#546);
#398=LINE('',#2555,#547);
#399=LINE('',#2558,#548);
#400=LINE('',#2562,#549);
#401=LINE('',#2563,#550);
#402=LINE('',#2564,#551);
#403=LINE('',#2569,#552);
#404=LINE('',#2576,#553);
#405=LINE('',#2579,#554);
#406=LINE('',#2583,#555);
#407=LINE('',#2584,#556);
#408=LINE('',#2585,#557);
#409=LINE('',#2590,#558);
#410=LINE('',#2634,#559);
#411=LINE('',#2639,#560);
#412=LINE('',#2644,#561);
#413=LINE('',#2646,#562);
#414=LINE('',#2647,#563);
#415=LINE('',#2651,#564);
#416=LINE('',#2653,#565);
#417=LINE('',#2655,#566);
#418=LINE('',#2656,#567);
#419=LINE('',#2665,#568);
#420=LINE('',#2668,#569);
#421=LINE('',#2672,#570);
#422=LINE('',#2673,#571);
#423=LINE('',#2674,#572);
#424=LINE('',#2678,#573);
#425=LINE('',#2680,#574);
#426=LINE('',#2682,#575);
#427=LINE('',#2683,#576);
#428=LINE('',#2689,#577);
#429=LINE('',#2692,#578);
#430=LINE('',#2694,#579);
#431=LINE('',#2695,#580);
#432=LINE('',#2698,#581);
#433=LINE('',#2700,#582);
#434=LINE('',#2701,#583);
#435=LINE('',#2707,#584);
#436=LINE('',#2711,#585);
#437=LINE('',#2718,#586);
#438=LINE('',#2719,#587);
#439=LINE('',#2721,#588);
#440=LINE('',#2722,#589);
#441=LINE('',#2726,#590);
#442=LINE('',#2758,#591);
#443=LINE('',#2759,#592);
#444=LINE('',#2761,#593);
#445=LINE('',#2763,#594);
#446=LINE('',#2764,#595);
#447=LINE('',#2767,#596);
#448=LINE('',#2768,#597);
#449=LINE('',#2771,#598);
#450=LINE('',#2773,#599);
#451=LINE('',#2775,#600);
#452=LINE('',#2776,#601);
#453=LINE('',#2778,#602);
#454=LINE('',#2779,#603);
#455=LINE('',#2781,#604);
#456=VECTOR('',#1742,10.);
#457=VECTOR('',#1743,10.);
#458=VECTOR('',#1744,10.);
#459=VECTOR('',#1745,10.);
#460=VECTOR('',#1748,10.);
#461=VECTOR('',#1749,10.);
#462=VECTOR('',#1750,10.);
#463=VECTOR('',#1751,10.);
#464=VECTOR('',#1752,10.);
#465=VECTOR('',#1753,10.);
#466=VECTOR('',#1754,10.);
#467=VECTOR('',#1755,10.);
#468=VECTOR('',#1760,10.);
#469=VECTOR('',#1767,10.);
#470=VECTOR('',#1772,10.);
#471=VECTOR('',#1773,10.);
#472=VECTOR('',#1774,10.);
#473=VECTOR('',#1779,10.);
#474=VECTOR('',#1786,10.);
#475=VECTOR('',#1791,10.);
#476=VECTOR('',#1792,10.);
#477=VECTOR('',#1793,10.);
#478=VECTOR('',#1798,10.);
#479=VECTOR('',#1805,10.);
#480=VECTOR('',#1806,10.);
#481=VECTOR('',#1807,10.);
#482=VECTOR('',#1810,10.);
#483=VECTOR('',#1811,10.);
#484=VECTOR('',#1814,10.);
#485=VECTOR('',#1815,10.);
#486=VECTOR('',#1818,10.);
#487=VECTOR('',#1819,10.);
#488=VECTOR('',#1822,10.);
#489=VECTOR('',#1825,10.);
#490=VECTOR('',#1826,10.);
#491=VECTOR('',#1829,10.);
#492=VECTOR('',#1830,10.);
#493=VECTOR('',#1839,10.);
#494=VECTOR('',#1844,10.);
#495=VECTOR('',#1845,10.);
#496=VECTOR('',#1846,10.);
#497=VECTOR('',#1851,10.);
#498=VECTOR('',#1858,10.);
#499=VECTOR('',#1863,10.);
#500=VECTOR('',#1864,10.);
#501=VECTOR('',#1865,10.);
#502=VECTOR('',#1870,10.);
#503=VECTOR('',#1877,10.);
#504=VECTOR('',#1882,10.);
#505=VECTOR('',#1885,10.);
#506=VECTOR('',#1898,5.);
#507=VECTOR('',#1901,10.);
#508=VECTOR('',#1902,10.);
#509=VECTOR('',#1905,10.);
#510=VECTOR('',#1906,10.);
#511=VECTOR('',#1909,10.);
#512=VECTOR('',#1910,10.);
#513=VECTOR('',#1915,10.);
#514=VECTOR('',#1916,10.);
#515=VECTOR('',#1919,10.);
#516=VECTOR('',#1920,10.);
#517=VECTOR('',#1923,10.);
#518=VECTOR('',#1926,10.);
#519=VECTOR('',#1931,10.);
#520=VECTOR('',#1934,10.);
#521=VECTOR('',#1941,10.);
#522=VECTOR('',#1942,10.);
#523=VECTOR('',#1947,10.);
#524=VECTOR('',#1950,10.);
#525=VECTOR('',#1953,3.00000000000001);
#526=VECTOR('',#1956,10.);
#527=VECTOR('',#1957,10.);
#528=VECTOR('',#1960,10.);
#529=VECTOR('',#1963,10.);
#530=VECTOR('',#1968,10.);
#531=VECTOR('',#1971,10.);
#532=VECTOR('',#1976,10.);
#533=VECTOR('',#1979,10.);
#534=VECTOR('',#1982,10.);
#535=VECTOR('',#1985,10.);
#536=VECTOR('',#1992,10.);
#537=VECTOR('',#1995,10.);
#538=VECTOR('',#1998,10.);
#539=VECTOR('',#1999,10.);
#540=VECTOR('',#2000,10.);
#541=VECTOR('',#2005,10.);
#542=VECTOR('',#2010,10.);
#543=VECTOR('',#2017,10.);
#544=VECTOR('',#2018,10.);
#545=VECTOR('',#2019,10.);
#546=VECTOR('',#2020,10.);
#547=VECTOR('',#2031,10.);
#548=VECTOR('',#2034,10.);
#549=VECTOR('',#2037,10.);
#550=VECTOR('',#2038,10.);
#551=VECTOR('',#2039,10.);
#552=VECTOR('',#2044,10.);
#553=VECTOR('',#2051,10.);
#554=VECTOR('',#2054,10.);
#555=VECTOR('',#2057,10.);
#556=VECTOR('',#2058,10.);
#557=VECTOR('',#2059,10.);
#558=VECTOR('',#2064,10.);
#559=VECTOR('',#2077,2.99999999999999);
#560=VECTOR('',#2082,10.);
#561=VECTOR('',#2089,10.);
#562=VECTOR('',#2090,10.);
#563=VECTOR('',#2091,10.);
#564=VECTOR('',#2094,10.);
#565=VECTOR('',#2095,10.);
#566=VECTOR('',#2096,10.);
#567=VECTOR('',#2097,10.);
#568=VECTOR('',#2108,10.);
#569=VECTOR('',#2111,10.);
#570=VECTOR('',#2114,10.);
#571=VECTOR('',#2115,10.);
#572=VECTOR('',#2116,10.);
#573=VECTOR('',#2119,10.);
#574=VECTOR('',#2120,10.);
#575=VECTOR('',#2121,10.);
#576=VECTOR('',#2122,10.);
#577=VECTOR('',#2129,10.);
#578=VECTOR('',#2132,10.);
#579=VECTOR('',#2133,10.);
#580=VECTOR('',#2134,10.);
#581=VECTOR('',#2137,10.);
#582=VECTOR('',#2138,10.);
#583=VECTOR('',#2139,10.);
#584=VECTOR('',#2146,10.);
#585=VECTOR('',#2149,10.);
#586=VECTOR('',#2162,10.);
#587=VECTOR('',#2163,10.);
#588=VECTOR('',#2166,10.);
#589=VECTOR('',#2167,10.);
#590=VECTOR('',#2172,5.);
#591=VECTOR('',#2177,10.);
#592=VECTOR('',#2178,10.);
#593=VECTOR('',#2179,10.);
#594=VECTOR('',#2180,10.);
#595=VECTOR('',#2181,10.);
#596=VECTOR('',#2184,10.);
#597=VECTOR('',#2185,10.);
#598=VECTOR('',#2188,10.);
#599=VECTOR('',#2189,10.);
#600=VECTOR('',#2190,10.);
#601=VECTOR('',#2191,10.);
#602=VECTOR('',#2194,10.);
#603=VECTOR('',#2195,10.);
#604=VECTOR('',#2198,10.);
#605=VERTEX_POINT('',#2205);
#606=VERTEX_POINT('',#2206);
#607=VERTEX_POINT('',#2208);
#608=VERTEX_POINT('',#2210);
#609=VERTEX_POINT('',#2214);
#610=VERTEX_POINT('',#2216);
#611=VERTEX_POINT('',#2218);
#612=VERTEX_POINT('',#2220);
#613=VERTEX_POINT('',#2222);
#614=VERTEX_POINT('',#2224);
#615=VERTEX_POINT('',#2226);
#616=VERTEX_POINT('',#2228);
#617=VERTEX_POINT('',#2230);
#618=VERTEX_POINT('',#2232);
#619=VERTEX_POINT('',#2234);
#620=VERTEX_POINT('',#2236);
#621=VERTEX_POINT('',#2238);
#622=VERTEX_POINT('',#2240);
#623=VERTEX_POINT('',#2242);
#624=VERTEX_POINT('',#2244);
#625=VERTEX_POINT('',#2246);
#626=VERTEX_POINT('',#2248);
#627=VERTEX_POINT('',#2250);
#628=VERTEX_POINT('',#2252);
#629=VERTEX_POINT('',#2254);
#630=VERTEX_POINT('',#2256);
#631=VERTEX_POINT('',#2258);
#632=VERTEX_POINT('',#2260);
#633=VERTEX_POINT('',#2262);
#634=VERTEX_POINT('',#2264);
#635=VERTEX_POINT('',#2266);
#636=VERTEX_POINT('',#2268);
#637=VERTEX_POINT('',#2270);
#638=VERTEX_POINT('',#2272);
#639=VERTEX_POINT('',#2274);
#640=VERTEX_POINT('',#2276);
#641=VERTEX_POINT('',#2278);
#642=VERTEX_POINT('',#2280);
#643=VERTEX_POINT('',#2282);
#644=VERTEX_POINT('',#2284);
#645=VERTEX_POINT('',#2288);
#646=VERTEX_POINT('',#2289);
#647=VERTEX_POINT('',#2294);
#648=VERTEX_POINT('',#2298);
#649=VERTEX_POINT('',#2302);
#650=VERTEX_POINT('',#2308);
#651=VERTEX_POINT('',#2312);
#652=VERTEX_POINT('',#2315);
#653=VERTEX_POINT('',#2318);
#654=VERTEX_POINT('',#2320);
#655=VERTEX_POINT('',#2322);
#656=VERTEX_POINT('',#2324);
#657=VERTEX_POINT('',#2326);
#658=VERTEX_POINT('',#2328);
#659=VERTEX_POINT('',#2330);
#660=VERTEX_POINT('',#2332);
#661=VERTEX_POINT('',#2334);
#662=VERTEX_POINT('',#2336);
#663=VERTEX_POINT('',#2338);
#664=VERTEX_POINT('',#2340);
#665=VERTEX_POINT('',#2342);
#666=VERTEX_POINT('',#2344);
#667=VERTEX_POINT('',#2346);
#668=VERTEX_POINT('',#2348);
#669=VERTEX_POINT('',#2350);
#670=VERTEX_POINT('',#2352);
#671=VERTEX_POINT('',#2354);
#672=VERTEX_POINT('',#2356);
#673=VERTEX_POINT('',#2358);
#674=VERTEX_POINT('',#2360);
#675=VERTEX_POINT('',#2362);
#676=VERTEX_POINT('',#2364);
#677=VERTEX_POINT('',#2366);
#678=VERTEX_POINT('',#2368);
#679=VERTEX_POINT('',#2370);
#680=VERTEX_POINT('',#2372);
#681=VERTEX_POINT('',#2374);
#682=VERTEX_POINT('',#2406);
#683=VERTEX_POINT('',#2407);
#684=VERTEX_POINT('',#2410);
#685=VERTEX_POINT('',#2412);
#686=VERTEX_POINT('',#2416);
#687=VERTEX_POINT('',#2512);
#688=VERTEX_POINT('',#2513);
#689=VERTEX_POINT('',#2515);
#690=VERTEX_POINT('',#2517);
#691=VERTEX_POINT('',#2521);
#692=VERTEX_POINT('',#2522);
#693=VERTEX_POINT('',#2527);
#694=VERTEX_POINT('',#2529);
#695=VERTEX_POINT('',#2533);
#696=VERTEX_POINT('',#2534);
#697=VERTEX_POINT('',#2539);
#698=VERTEX_POINT('',#2540);
#699=VERTEX_POINT('',#2542);
#700=VERTEX_POINT('',#2544);
#701=VERTEX_POINT('',#2551);
#702=VERTEX_POINT('',#2552);
#703=VERTEX_POINT('',#2554);
#704=VERTEX_POINT('',#2556);
#705=VERTEX_POINT('',#2560);
#706=VERTEX_POINT('',#2561);
#707=VERTEX_POINT('',#2566);
#708=VERTEX_POINT('',#2568);
#709=VERTEX_POINT('',#2572);
#710=VERTEX_POINT('',#2573);
#711=VERTEX_POINT('',#2575);
#712=VERTEX_POINT('',#2577);
#713=VERTEX_POINT('',#2581);
#714=VERTEX_POINT('',#2582);
#715=VERTEX_POINT('',#2587);
#716=VERTEX_POINT('',#2589);
#717=VERTEX_POINT('',#2595);
#718=VERTEX_POINT('',#2631);
#719=VERTEX_POINT('',#2633);
#720=VERTEX_POINT('',#2637);
#721=VERTEX_POINT('',#2638);
#722=VERTEX_POINT('',#2643);
#723=VERTEX_POINT('',#2645);
#724=VERTEX_POINT('',#2649);
#725=VERTEX_POINT('',#2650);
#726=VERTEX_POINT('',#2652);
#727=VERTEX_POINT('',#2654);
#728=VERTEX_POINT('',#2661);
#729=VERTEX_POINT('',#2662);
#730=VERTEX_POINT('',#2664);
#731=VERTEX_POINT('',#2666);
#732=VERTEX_POINT('',#2670);
#733=VERTEX_POINT('',#2671);
#734=VERTEX_POINT('',#2676);
#735=VERTEX_POINT('',#2677);
#736=VERTEX_POINT('',#2679);
#737=VERTEX_POINT('',#2681);
#738=VERTEX_POINT('',#2685);
#739=VERTEX_POINT('',#2687);
#740=VERTEX_POINT('',#2691);
#741=VERTEX_POINT('',#2693);
#742=VERTEX_POINT('',#2697);
#743=VERTEX_POINT('',#2699);
#744=VERTEX_POINT('',#2703);
#745=VERTEX_POINT('',#2705);
#746=VERTEX_POINT('',#2709);
#747=VERTEX_POINT('',#2710);
#748=VERTEX_POINT('',#2724);
#749=VERTEX_POINT('',#2756);
#750=VERTEX_POINT('',#2757);
#751=VERTEX_POINT('',#2760);
#752=VERTEX_POINT('',#2762);
#753=VERTEX_POINT('',#2766);
#754=VERTEX_POINT('',#2770);
#755=VERTEX_POINT('',#2772);
#756=VERTEX_POINT('',#2774);
#757=EDGE_CURVE('',#605,#606,#307,.T.);
#758=EDGE_CURVE('',#607,#605,#308,.T.);
#759=EDGE_CURVE('',#608,#607,#309,.T.);
#760=EDGE_CURVE('',#606,#608,#310,.T.);
#761=EDGE_CURVE('',#608,#609,#311,.T.);
#762=EDGE_CURVE('',#609,#610,#312,.T.);
#763=EDGE_CURVE('',#610,#611,#313,.T.);
#764=EDGE_CURVE('',#611,#612,#314,.T.);
#765=EDGE_CURVE('',#612,#613,#315,.T.);
#766=EDGE_CURVE('',#613,#614,#316,.T.);
#767=EDGE_CURVE('',#614,#615,#317,.T.);
#768=EDGE_CURVE('',#615,#616,#318,.T.);
#769=EDGE_CURVE('',#616,#617,#63,.T.);
#770=EDGE_CURVE('',#618,#617,#64,.T.);
#771=EDGE_CURVE('',#618,#619,#319,.T.);
#772=EDGE_CURVE('',#620,#619,#65,.T.);
#773=EDGE_CURVE('',#620,#621,#66,.T.);
#774=EDGE_CURVE('',#622,#621,#67,.T.);
#775=EDGE_CURVE('',#622,#623,#320,.T.);
#776=EDGE_CURVE('',#624,#623,#68,.T.);
#777=EDGE_CURVE('',#624,#625,#69,.T.);
#778=EDGE_CURVE('',#625,#626,#321,.T.);
#779=EDGE_CURVE('',#627,#626,#322,.T.);
#780=EDGE_CURVE('',#627,#628,#323,.T.);
#781=EDGE_CURVE('',#628,#629,#70,.T.);
#782=EDGE_CURVE('',#630,#629,#71,.T.);
#783=EDGE_CURVE('',#630,#631,#324,.T.);
#784=EDGE_CURVE('',#632,#631,#72,.T.);
#785=EDGE_CURVE('',#632,#633,#73,.T.);
#786=EDGE_CURVE('',#634,#633,#74,.T.);
#787=EDGE_CURVE('',#634,#635,#325,.T.);
#788=EDGE_CURVE('',#636,#635,#75,.T.);
#789=EDGE_CURVE('',#636,#637,#76,.T.);
#790=EDGE_CURVE('',#637,#638,#326,.T.);
#791=EDGE_CURVE('',#639,#638,#327,.T.);
#792=EDGE_CURVE('',#639,#640,#328,.T.);
#793=EDGE_CURVE('',#640,#641,#77,.T.);
#794=EDGE_CURVE('',#642,#641,#78,.T.);
#795=EDGE_CURVE('',#642,#643,#329,.T.);
#796=EDGE_CURVE('',#644,#643,#79,.T.);
#797=EDGE_CURVE('',#644,#606,#80,.T.);
#798=EDGE_CURVE('',#645,#646,#330,.T.);
#799=EDGE_CURVE('',#613,#645,#331,.T.);
#800=EDGE_CURVE('',#612,#646,#332,.T.);
#801=EDGE_CURVE('',#646,#647,#333,.T.);
#802=EDGE_CURVE('',#611,#647,#334,.T.);
#803=EDGE_CURVE('',#647,#648,#335,.T.);
#804=EDGE_CURVE('',#610,#648,#336,.T.);
#805=EDGE_CURVE('',#648,#649,#337,.T.);
#806=EDGE_CURVE('',#609,#649,#338,.T.);
#807=EDGE_CURVE('',#649,#607,#339,.T.);
#808=EDGE_CURVE('',#650,#645,#340,.T.);
#809=EDGE_CURVE('',#614,#650,#341,.T.);
#810=EDGE_CURVE('',#651,#650,#342,.T.);
#811=EDGE_CURVE('',#615,#651,#343,.T.);
#812=EDGE_CURVE('',#652,#652,#81,.T.);
#813=EDGE_CURVE('',#605,#653,#82,.T.);
#814=EDGE_CURVE('',#654,#653,#83,.T.);
#815=EDGE_CURVE('',#654,#655,#344,.T.);
#816=EDGE_CURVE('',#656,#655,#84,.T.);
#817=EDGE_CURVE('',#657,#656,#85,.T.);
#818=EDGE_CURVE('',#657,#658,#345,.T.);
#819=EDGE_CURVE('',#659,#658,#346,.T.);
#820=EDGE_CURVE('',#660,#659,#347,.T.);
#821=EDGE_CURVE('',#661,#660,#86,.T.);
#822=EDGE_CURVE('',#662,#661,#87,.T.);
#823=EDGE_CURVE('',#663,#662,#348,.T.);
#824=EDGE_CURVE('',#664,#663,#88,.T.);
#825=EDGE_CURVE('',#664,#665,#89,.T.);
#826=EDGE_CURVE('',#666,#665,#90,.T.);
#827=EDGE_CURVE('',#666,#667,#349,.T.);
#828=EDGE_CURVE('',#668,#667,#91,.T.);
#829=EDGE_CURVE('',#669,#668,#92,.T.);
#830=EDGE_CURVE('',#669,#670,#350,.T.);
#831=EDGE_CURVE('',#671,#670,#351,.T.);
#832=EDGE_CURVE('',#672,#671,#352,.T.);
#833=EDGE_CURVE('',#673,#672,#93,.T.);
#834=EDGE_CURVE('',#674,#673,#94,.T.);
#835=EDGE_CURVE('',#675,#674,#353,.T.);
#836=EDGE_CURVE('',#676,#675,#95,.T.);
#837=EDGE_CURVE('',#676,#677,#96,.T.);
#838=EDGE_CURVE('',#678,#677,#97,.T.);
#839=EDGE_CURVE('',#678,#679,#354,.T.);
#840=EDGE_CURVE('',#680,#679,#98,.T.);
#841=EDGE_CURVE('',#681,#680,#99,.T.);
#842=EDGE_CURVE('',#651,#681,#355,.T.);
#843=EDGE_CURVE('',#653,#644,#356,.T.);
#844=EDGE_CURVE('',#682,#683,#100,.T.);
#845=EDGE_CURVE('',#683,#682,#101,.T.);
#846=EDGE_CURVE('',#682,#684,#102,.T.);
#847=EDGE_CURVE('',#685,#684,#103,.T.);
#848=EDGE_CURVE('',#684,#685,#104,.T.);
#849=EDGE_CURVE('',#683,#686,#357,.T.);
#850=EDGE_CURVE('',#686,#686,#17,.T.);
#851=EDGE_CURVE('',#670,#627,#358,.T.);
#852=EDGE_CURVE('',#626,#671,#359,.T.);
#853=EDGE_CURVE('',#658,#639,#360,.T.);
#854=EDGE_CURVE('',#659,#638,#361,.T.);
#855=EDGE_CURVE('',#673,#624,#362,.T.);
#856=EDGE_CURVE('',#672,#625,#363,.T.);
#857=EDGE_CURVE('',#681,#616,#364,.T.);
#858=EDGE_CURVE('',#617,#680,#365,.T.);
#859=EDGE_CURVE('',#677,#620,#366,.T.);
#860=EDGE_CURVE('',#621,#676,#367,.T.);
#861=EDGE_CURVE('',#679,#618,#368,.T.);
#862=EDGE_CURVE('',#619,#678,#369,.T.);
#863=EDGE_CURVE('',#675,#622,#370,.T.);
#864=EDGE_CURVE('',#623,#674,#371,.T.);
#865=EDGE_CURVE('',#661,#636,#372,.T.);
#866=EDGE_CURVE('',#660,#637,#373,.T.);
#867=EDGE_CURVE('',#669,#628,#374,.T.);
#868=EDGE_CURVE('',#629,#668,#375,.T.);
#869=EDGE_CURVE('',#652,#685,#376,.T.);
#870=EDGE_CURVE('',#665,#632,#377,.T.);
#871=EDGE_CURVE('',#633,#664,#378,.T.);
#872=EDGE_CURVE('',#667,#630,#379,.T.);
#873=EDGE_CURVE('',#631,#666,#380,.T.);
#874=EDGE_CURVE('',#663,#634,#381,.T.);
#875=EDGE_CURVE('',#635,#662,#382,.T.);
#876=EDGE_CURVE('',#657,#640,#383,.T.);
#877=EDGE_CURVE('',#641,#656,#384,.T.);
#878=EDGE_CURVE('',#655,#642,#385,.T.);
#879=EDGE_CURVE('',#643,#654,#386,.T.);
#880=EDGE_CURVE('',#687,#688,#105,.T.);
#881=EDGE_CURVE('',#688,#689,#387,.T.);
#882=EDGE_CURVE('',#689,#690,#106,.T.);
#883=EDGE_CURVE('',#690,#687,#388,.T.);
#884=EDGE_CURVE('',#691,#692,#389,.T.);
#885=EDGE_CURVE('',#691,#689,#390,.T.);
#886=EDGE_CURVE('',#692,#688,#391,.T.);
#887=EDGE_CURVE('',#692,#693,#107,.T.);
#888=EDGE_CURVE('',#693,#694,#392,.T.);
#889=EDGE_CURVE('',#694,#691,#108,.T.);
#890=EDGE_CURVE('',#695,#696,#393,.T.);
#891=EDGE_CURVE('',#694,#696,#109,.T.);
#892=EDGE_CURVE('',#695,#693,#110,.T.);
#893=EDGE_CURVE('',#697,#698,#394,.T.);
#894=EDGE_CURVE('',#697,#699,#395,.T.);
#895=EDGE_CURVE('',#699,#700,#396,.T.);
#896=EDGE_CURVE('',#698,#700,#397,.T.);
#897=EDGE_CURVE('',#687,#698,#111,.T.);
#898=EDGE_CURVE('',#690,#697,#112,.T.);
#899=EDGE_CURVE('',#701,#702,#113,.T.);
#900=EDGE_CURVE('',#702,#703,#398,.T.);
#901=EDGE_CURVE('',#703,#704,#114,.T.);
#902=EDGE_CURVE('',#704,#701,#399,.T.);
#903=EDGE_CURVE('',#705,#706,#400,.T.);
#904=EDGE_CURVE('',#705,#703,#401,.T.);
#905=EDGE_CURVE('',#706,#702,#402,.T.);
#906=EDGE_CURVE('',#706,#707,#115,.T.);
#907=EDGE_CURVE('',#707,#708,#403,.T.);
#908=EDGE_CURVE('',#708,#705,#116,.T.);
#909=EDGE_CURVE('',#709,#710,#117,.T.);
#910=EDGE_CURVE('',#710,#711,#404,.T.);
#911=EDGE_CURVE('',#711,#712,#118,.T.);
#912=EDGE_CURVE('',#712,#709,#405,.T.);
#913=EDGE_CURVE('',#713,#714,#406,.T.);
#914=EDGE_CURVE('',#711,#713,#407,.T.);
#915=EDGE_CURVE('',#714,#710,#408,.T.);
#916=EDGE_CURVE('',#714,#715,#119,.T.);
#917=EDGE_CURVE('',#715,#716,#409,.T.);
#918=EDGE_CURVE('',#716,#713,#120,.T.);
#919=EDGE_CURVE('',#708,#712,#121,.T.);
#920=EDGE_CURVE('',#709,#707,#122,.T.);
#921=EDGE_CURVE('',#717,#717,#18,.T.);
#922=EDGE_CURVE('',#718,#718,#123,.T.);
#923=EDGE_CURVE('',#718,#719,#410,.T.);
#924=EDGE_CURVE('',#719,#719,#124,.T.);
#925=EDGE_CURVE('',#720,#721,#411,.T.);
#926=EDGE_CURVE('',#720,#716,#125,.T.);
#927=EDGE_CURVE('',#721,#715,#126,.T.);
#928=EDGE_CURVE('',#720,#722,#412,.T.);
#929=EDGE_CURVE('',#723,#721,#413,.T.);
#930=EDGE_CURVE('',#722,#723,#414,.T.);
#931=EDGE_CURVE('',#724,#725,#415,.T.);
#932=EDGE_CURVE('',#724,#726,#416,.T.);
#933=EDGE_CURVE('',#726,#727,#417,.T.);
#934=EDGE_CURVE('',#725,#727,#418,.T.);
#935=EDGE_CURVE('',#701,#725,#127,.T.);
#936=EDGE_CURVE('',#704,#724,#128,.T.);
#937=EDGE_CURVE('',#728,#729,#129,.T.);
#938=EDGE_CURVE('',#728,#730,#419,.T.);
#939=EDGE_CURVE('',#730,#731,#130,.T.);
#940=EDGE_CURVE('',#731,#729,#420,.T.);
#941=EDGE_CURVE('',#732,#733,#421,.T.);
#942=EDGE_CURVE('',#730,#732,#422,.T.);
#943=EDGE_CURVE('',#733,#728,#423,.T.);
#944=EDGE_CURVE('',#734,#735,#424,.T.);
#945=EDGE_CURVE('',#736,#734,#425,.T.);
#946=EDGE_CURVE('',#737,#736,#426,.T.);
#947=EDGE_CURVE('',#735,#737,#427,.T.);
#948=EDGE_CURVE('',#738,#737,#131,.T.);
#949=EDGE_CURVE('',#739,#736,#132,.T.);
#950=EDGE_CURVE('',#738,#739,#428,.T.);
#951=EDGE_CURVE('',#731,#740,#429,.T.);
#952=EDGE_CURVE('',#740,#741,#430,.T.);
#953=EDGE_CURVE('',#741,#729,#431,.T.);
#954=EDGE_CURVE('',#738,#742,#432,.T.);
#955=EDGE_CURVE('',#743,#739,#433,.T.);
#956=EDGE_CURVE('',#743,#742,#434,.T.);
#957=EDGE_CURVE('',#744,#734,#133,.T.);
#958=EDGE_CURVE('',#735,#745,#134,.T.);
#959=EDGE_CURVE('',#745,#744,#435,.T.);
#960=EDGE_CURVE('',#746,#747,#436,.T.);
#961=EDGE_CURVE('',#744,#746,#135,.T.);
#962=EDGE_CURVE('',#747,#745,#136,.T.);
#963=EDGE_CURVE('',#747,#732,#137,.T.);
#964=EDGE_CURVE('',#733,#746,#138,.T.);
#965=EDGE_CURVE('',#699,#722,#437,.T.);
#966=EDGE_CURVE('',#723,#700,#438,.T.);
#967=EDGE_CURVE('',#726,#742,#439,.T.);
#968=EDGE_CURVE('',#743,#727,#440,.T.);
#969=EDGE_CURVE('',#748,#748,#139,.T.);
#970=EDGE_CURVE('',#748,#717,#441,.T.);
#971=EDGE_CURVE('',#748,#719,#140,.T.);
#972=EDGE_CURVE('',#749,#750,#442,.T.);
#973=EDGE_CURVE('',#750,#740,#443,.T.);
#974=EDGE_CURVE('',#696,#751,#444,.T.);
#975=EDGE_CURVE('',#751,#752,#445,.T.);
#976=EDGE_CURVE('',#752,#749,#446,.T.);
#977=EDGE_CURVE('',#750,#753,#447,.T.);
#978=EDGE_CURVE('',#741,#753,#448,.T.);
#979=EDGE_CURVE('',#753,#754,#449,.T.);
#980=EDGE_CURVE('',#754,#755,#450,.T.);
#981=EDGE_CURVE('',#755,#756,#451,.T.);
#982=EDGE_CURVE('',#756,#695,#452,.T.);
#983=EDGE_CURVE('',#755,#752,#453,.T.);
#984=EDGE_CURVE('',#754,#749,#454,.T.);
#985=EDGE_CURVE('',#756,#751,#455,.T.);
#986=ORIENTED_EDGE('',*,*,#757,.F.);
#987=ORIENTED_EDGE('',*,*,#758,.F.);
#988=ORIENTED_EDGE('',*,*,#759,.F.);
#989=ORIENTED_EDGE('',*,*,#760,.F.);
#990=ORIENTED_EDGE('',*,*,#760,.T.);
#991=ORIENTED_EDGE('',*,*,#761,.T.);
#992=ORIENTED_EDGE('',*,*,#762,.T.);
#993=ORIENTED_EDGE('',*,*,#763,.T.);
#994=ORIENTED_EDGE('',*,*,#764,.T.);
#995=ORIENTED_EDGE('',*,*,#765,.T.);
#996=ORIENTED_EDGE('',*,*,#766,.T.);
#997=ORIENTED_EDGE('',*,*,#767,.T.);
#998=ORIENTED_EDGE('',*,*,#768,.T.);
#999=ORIENTED_EDGE('',*,*,#769,.T.);
#1000=ORIENTED_EDGE('',*,*,#770,.F.);
#1001=ORIENTED_EDGE('',*,*,#771,.T.);
#1002=ORIENTED_EDGE('',*,*,#772,.F.);
#1003=ORIENTED_EDGE('',*,*,#773,.T.);
#1004=ORIENTED_EDGE('',*,*,#774,.F.);
#1005=ORIENTED_EDGE('',*,*,#775,.T.);
#1006=ORIENTED_EDGE('',*,*,#776,.F.);
#1007=ORIENTED_EDGE('',*,*,#777,.T.);
#1008=ORIENTED_EDGE('',*,*,#778,.T.);
#1009=ORIENTED_EDGE('',*,*,#779,.F.);
#1010=ORIENTED_EDGE('',*,*,#780,.T.);
#1011=ORIENTED_EDGE('',*,*,#781,.T.);
#1012=ORIENTED_EDGE('',*,*,#782,.F.);
#1013=ORIENTED_EDGE('',*,*,#783,.T.);
#1014=ORIENTED_EDGE('',*,*,#784,.F.);
#1015=ORIENTED_EDGE('',*,*,#785,.T.);
#1016=ORIENTED_EDGE('',*,*,#786,.F.);
#1017=ORIENTED_EDGE('',*,*,#787,.T.);
#1018=ORIENTED_EDGE('',*,*,#788,.F.);
#1019=ORIENTED_EDGE('',*,*,#789,.T.);
#1020=ORIENTED_EDGE('',*,*,#790,.T.);
#1021=ORIENTED_EDGE('',*,*,#791,.F.);
#1022=ORIENTED_EDGE('',*,*,#792,.T.);
#1023=ORIENTED_EDGE('',*,*,#793,.T.);
#1024=ORIENTED_EDGE('',*,*,#794,.F.);
#1025=ORIENTED_EDGE('',*,*,#795,.T.);
#1026=ORIENTED_EDGE('',*,*,#796,.F.);
#1027=ORIENTED_EDGE('',*,*,#797,.T.);
#1028=ORIENTED_EDGE('',*,*,#798,.F.);
#1029=ORIENTED_EDGE('',*,*,#799,.F.);
#1030=ORIENTED_EDGE('',*,*,#765,.F.);
#1031=ORIENTED_EDGE('',*,*,#800,.T.);
#1032=ORIENTED_EDGE('',*,*,#801,.F.);
#1033=ORIENTED_EDGE('',*,*,#800,.F.);
#1034=ORIENTED_EDGE('',*,*,#764,.F.);
#1035=ORIENTED_EDGE('',*,*,#802,.T.);
#1036=ORIENTED_EDGE('',*,*,#803,.F.);
#1037=ORIENTED_EDGE('',*,*,#802,.F.);
#1038=ORIENTED_EDGE('',*,*,#763,.F.);
#1039=ORIENTED_EDGE('',*,*,#804,.T.);
#1040=ORIENTED_EDGE('',*,*,#805,.F.);
#1041=ORIENTED_EDGE('',*,*,#804,.F.);
#1042=ORIENTED_EDGE('',*,*,#762,.F.);
#1043=ORIENTED_EDGE('',*,*,#806,.T.);
#1044=ORIENTED_EDGE('',*,*,#807,.F.);
#1045=ORIENTED_EDGE('',*,*,#806,.F.);
#1046=ORIENTED_EDGE('',*,*,#761,.F.);
#1047=ORIENTED_EDGE('',*,*,#759,.T.);
#1048=ORIENTED_EDGE('',*,*,#808,.F.);
#1049=ORIENTED_EDGE('',*,*,#809,.F.);
#1050=ORIENTED_EDGE('',*,*,#766,.F.);
#1051=ORIENTED_EDGE('',*,*,#799,.T.);
#1052=ORIENTED_EDGE('',*,*,#809,.T.);
#1053=ORIENTED_EDGE('',*,*,#810,.F.);
#1054=ORIENTED_EDGE('',*,*,#811,.F.);
#1055=ORIENTED_EDGE('',*,*,#767,.F.);
#1056=ORIENTED_EDGE('',*,*,#812,.T.);
#1057=ORIENTED_EDGE('',*,*,#758,.T.);
#1058=ORIENTED_EDGE('',*,*,#813,.T.);
#1059=ORIENTED_EDGE('',*,*,#814,.F.);
#1060=ORIENTED_EDGE('',*,*,#815,.T.);
#1061=ORIENTED_EDGE('',*,*,#816,.F.);
#1062=ORIENTED_EDGE('',*,*,#817,.F.);
#1063=ORIENTED_EDGE('',*,*,#818,.T.);
#1064=ORIENTED_EDGE('',*,*,#819,.F.);
#1065=ORIENTED_EDGE('',*,*,#820,.F.);
#1066=ORIENTED_EDGE('',*,*,#821,.F.);
#1067=ORIENTED_EDGE('',*,*,#822,.F.);
#1068=ORIENTED_EDGE('',*,*,#823,.F.);
#1069=ORIENTED_EDGE('',*,*,#824,.F.);
#1070=ORIENTED_EDGE('',*,*,#825,.T.);
#1071=ORIENTED_EDGE('',*,*,#826,.F.);
#1072=ORIENTED_EDGE('',*,*,#827,.T.);
#1073=ORIENTED_EDGE('',*,*,#828,.F.);
#1074=ORIENTED_EDGE('',*,*,#829,.F.);
#1075=ORIENTED_EDGE('',*,*,#830,.T.);
#1076=ORIENTED_EDGE('',*,*,#831,.F.);
#1077=ORIENTED_EDGE('',*,*,#832,.F.);
#1078=ORIENTED_EDGE('',*,*,#833,.F.);
#1079=ORIENTED_EDGE('',*,*,#834,.F.);
#1080=ORIENTED_EDGE('',*,*,#835,.F.);
#1081=ORIENTED_EDGE('',*,*,#836,.F.);
#1082=ORIENTED_EDGE('',*,*,#837,.T.);
#1083=ORIENTED_EDGE('',*,*,#838,.F.);
#1084=ORIENTED_EDGE('',*,*,#839,.T.);
#1085=ORIENTED_EDGE('',*,*,#840,.F.);
#1086=ORIENTED_EDGE('',*,*,#841,.F.);
#1087=ORIENTED_EDGE('',*,*,#842,.F.);
#1088=ORIENTED_EDGE('',*,*,#810,.T.);
#1089=ORIENTED_EDGE('',*,*,#808,.T.);
#1090=ORIENTED_EDGE('',*,*,#798,.T.);
#1091=ORIENTED_EDGE('',*,*,#801,.T.);
#1092=ORIENTED_EDGE('',*,*,#803,.T.);
#1093=ORIENTED_EDGE('',*,*,#805,.T.);
#1094=ORIENTED_EDGE('',*,*,#807,.T.);
#1095=ORIENTED_EDGE('',*,*,#757,.T.);
#1096=ORIENTED_EDGE('',*,*,#797,.F.);
#1097=ORIENTED_EDGE('',*,*,#843,.F.);
#1098=ORIENTED_EDGE('',*,*,#813,.F.);
#1099=ORIENTED_EDGE('',*,*,#844,.T.);
#1100=ORIENTED_EDGE('',*,*,#845,.T.);
#1101=ORIENTED_EDGE('',*,*,#846,.T.);
#1102=ORIENTED_EDGE('',*,*,#847,.F.);
#1103=ORIENTED_EDGE('',*,*,#848,.F.);
#1104=ORIENTED_EDGE('',*,*,#846,.F.);
#1105=ORIENTED_EDGE('',*,*,#844,.F.);
#1106=ORIENTED_EDGE('',*,*,#845,.F.);
#1107=ORIENTED_EDGE('',*,*,#849,.T.);
#1108=ORIENTED_EDGE('',*,*,#850,.F.);
#1109=ORIENTED_EDGE('',*,*,#849,.F.);
#1110=ORIENTED_EDGE('',*,*,#851,.T.);
#1111=ORIENTED_EDGE('',*,*,#779,.T.);
#1112=ORIENTED_EDGE('',*,*,#852,.T.);
#1113=ORIENTED_EDGE('',*,*,#831,.T.);
#1114=ORIENTED_EDGE('',*,*,#853,.T.);
#1115=ORIENTED_EDGE('',*,*,#791,.T.);
#1116=ORIENTED_EDGE('',*,*,#854,.F.);
#1117=ORIENTED_EDGE('',*,*,#819,.T.);
#1118=ORIENTED_EDGE('',*,*,#777,.F.);
#1119=ORIENTED_EDGE('',*,*,#855,.F.);
#1120=ORIENTED_EDGE('',*,*,#833,.T.);
#1121=ORIENTED_EDGE('',*,*,#856,.T.);
#1122=ORIENTED_EDGE('',*,*,#856,.F.);
#1123=ORIENTED_EDGE('',*,*,#832,.T.);
#1124=ORIENTED_EDGE('',*,*,#852,.F.);
#1125=ORIENTED_EDGE('',*,*,#778,.F.);
#1126=ORIENTED_EDGE('',*,*,#857,.F.);
#1127=ORIENTED_EDGE('',*,*,#841,.T.);
#1128=ORIENTED_EDGE('',*,*,#858,.F.);
#1129=ORIENTED_EDGE('',*,*,#769,.F.);
#1130=ORIENTED_EDGE('',*,*,#859,.F.);
#1131=ORIENTED_EDGE('',*,*,#837,.F.);
#1132=ORIENTED_EDGE('',*,*,#860,.F.);
#1133=ORIENTED_EDGE('',*,*,#773,.F.);
#1134=ORIENTED_EDGE('',*,*,#770,.T.);
#1135=ORIENTED_EDGE('',*,*,#858,.T.);
#1136=ORIENTED_EDGE('',*,*,#840,.T.);
#1137=ORIENTED_EDGE('',*,*,#861,.T.);
#1138=ORIENTED_EDGE('',*,*,#861,.F.);
#1139=ORIENTED_EDGE('',*,*,#839,.F.);
#1140=ORIENTED_EDGE('',*,*,#862,.F.);
#1141=ORIENTED_EDGE('',*,*,#771,.F.);
#1142=ORIENTED_EDGE('',*,*,#772,.T.);
#1143=ORIENTED_EDGE('',*,*,#862,.T.);
#1144=ORIENTED_EDGE('',*,*,#838,.T.);
#1145=ORIENTED_EDGE('',*,*,#859,.T.);
#1146=ORIENTED_EDGE('',*,*,#774,.T.);
#1147=ORIENTED_EDGE('',*,*,#860,.T.);
#1148=ORIENTED_EDGE('',*,*,#836,.T.);
#1149=ORIENTED_EDGE('',*,*,#863,.T.);
#1150=ORIENTED_EDGE('',*,*,#863,.F.);
#1151=ORIENTED_EDGE('',*,*,#835,.T.);
#1152=ORIENTED_EDGE('',*,*,#864,.F.);
#1153=ORIENTED_EDGE('',*,*,#775,.F.);
#1154=ORIENTED_EDGE('',*,*,#776,.T.);
#1155=ORIENTED_EDGE('',*,*,#864,.T.);
#1156=ORIENTED_EDGE('',*,*,#834,.T.);
#1157=ORIENTED_EDGE('',*,*,#855,.T.);
#1158=ORIENTED_EDGE('',*,*,#768,.F.);
#1159=ORIENTED_EDGE('',*,*,#811,.T.);
#1160=ORIENTED_EDGE('',*,*,#842,.T.);
#1161=ORIENTED_EDGE('',*,*,#857,.T.);
#1162=ORIENTED_EDGE('',*,*,#789,.F.);
#1163=ORIENTED_EDGE('',*,*,#865,.F.);
#1164=ORIENTED_EDGE('',*,*,#821,.T.);
#1165=ORIENTED_EDGE('',*,*,#866,.T.);
#1166=ORIENTED_EDGE('',*,*,#866,.F.);
#1167=ORIENTED_EDGE('',*,*,#820,.T.);
#1168=ORIENTED_EDGE('',*,*,#854,.T.);
#1169=ORIENTED_EDGE('',*,*,#790,.F.);
#1170=ORIENTED_EDGE('',*,*,#780,.F.);
#1171=ORIENTED_EDGE('',*,*,#851,.F.);
#1172=ORIENTED_EDGE('',*,*,#830,.F.);
#1173=ORIENTED_EDGE('',*,*,#867,.T.);
#1174=ORIENTED_EDGE('',*,*,#867,.F.);
#1175=ORIENTED_EDGE('',*,*,#829,.T.);
#1176=ORIENTED_EDGE('',*,*,#868,.F.);
#1177=ORIENTED_EDGE('',*,*,#781,.F.);
#1178=ORIENTED_EDGE('',*,*,#812,.F.);
#1179=ORIENTED_EDGE('',*,*,#869,.T.);
#1180=ORIENTED_EDGE('',*,*,#847,.T.);
#1181=ORIENTED_EDGE('',*,*,#848,.T.);
#1182=ORIENTED_EDGE('',*,*,#869,.F.);
#1183=ORIENTED_EDGE('',*,*,#870,.F.);
#1184=ORIENTED_EDGE('',*,*,#825,.F.);
#1185=ORIENTED_EDGE('',*,*,#871,.F.);
#1186=ORIENTED_EDGE('',*,*,#785,.F.);
#1187=ORIENTED_EDGE('',*,*,#850,.T.);
#1188=ORIENTED_EDGE('',*,*,#782,.T.);
#1189=ORIENTED_EDGE('',*,*,#868,.T.);
#1190=ORIENTED_EDGE('',*,*,#828,.T.);
#1191=ORIENTED_EDGE('',*,*,#872,.T.);
#1192=ORIENTED_EDGE('',*,*,#872,.F.);
#1193=ORIENTED_EDGE('',*,*,#827,.F.);
#1194=ORIENTED_EDGE('',*,*,#873,.F.);
#1195=ORIENTED_EDGE('',*,*,#783,.F.);
#1196=ORIENTED_EDGE('',*,*,#784,.T.);
#1197=ORIENTED_EDGE('',*,*,#873,.T.);
#1198=ORIENTED_EDGE('',*,*,#826,.T.);
#1199=ORIENTED_EDGE('',*,*,#870,.T.);
#1200=ORIENTED_EDGE('',*,*,#786,.T.);
#1201=ORIENTED_EDGE('',*,*,#871,.T.);
#1202=ORIENTED_EDGE('',*,*,#824,.T.);
#1203=ORIENTED_EDGE('',*,*,#874,.T.);
#1204=ORIENTED_EDGE('',*,*,#874,.F.);
#1205=ORIENTED_EDGE('',*,*,#823,.T.);
#1206=ORIENTED_EDGE('',*,*,#875,.F.);
#1207=ORIENTED_EDGE('',*,*,#787,.F.);
#1208=ORIENTED_EDGE('',*,*,#788,.T.);
#1209=ORIENTED_EDGE('',*,*,#875,.T.);
#1210=ORIENTED_EDGE('',*,*,#822,.T.);
#1211=ORIENTED_EDGE('',*,*,#865,.T.);
#1212=ORIENTED_EDGE('',*,*,#792,.F.);
#1213=ORIENTED_EDGE('',*,*,#853,.F.);
#1214=ORIENTED_EDGE('',*,*,#818,.F.);
#1215=ORIENTED_EDGE('',*,*,#876,.T.);
#1216=ORIENTED_EDGE('',*,*,#876,.F.);
#1217=ORIENTED_EDGE('',*,*,#817,.T.);
#1218=ORIENTED_EDGE('',*,*,#877,.F.);
#1219=ORIENTED_EDGE('',*,*,#793,.F.);
#1220=ORIENTED_EDGE('',*,*,#794,.T.);
#1221=ORIENTED_EDGE('',*,*,#877,.T.);
#1222=ORIENTED_EDGE('',*,*,#816,.T.);
#1223=ORIENTED_EDGE('',*,*,#878,.T.);
#1224=ORIENTED_EDGE('',*,*,#878,.F.);
#1225=ORIENTED_EDGE('',*,*,#815,.F.);
#1226=ORIENTED_EDGE('',*,*,#879,.F.);
#1227=ORIENTED_EDGE('',*,*,#795,.F.);
#1228=ORIENTED_EDGE('',*,*,#796,.T.);
#1229=ORIENTED_EDGE('',*,*,#879,.T.);
#1230=ORIENTED_EDGE('',*,*,#814,.T.);
#1231=ORIENTED_EDGE('',*,*,#843,.T.);
#1232=ORIENTED_EDGE('',*,*,#880,.T.);
#1233=ORIENTED_EDGE('',*,*,#881,.T.);
#1234=ORIENTED_EDGE('',*,*,#882,.T.);
#1235=ORIENTED_EDGE('',*,*,#883,.T.);
#1236=ORIENTED_EDGE('',*,*,#884,.F.);
#1237=ORIENTED_EDGE('',*,*,#885,.T.);
#1238=ORIENTED_EDGE('',*,*,#881,.F.);
#1239=ORIENTED_EDGE('',*,*,#886,.F.);
#1240=ORIENTED_EDGE('',*,*,#887,.T.);
#1241=ORIENTED_EDGE('',*,*,#888,.T.);
#1242=ORIENTED_EDGE('',*,*,#889,.T.);
#1243=ORIENTED_EDGE('',*,*,#884,.T.);
#1244=ORIENTED_EDGE('',*,*,#890,.T.);
#1245=ORIENTED_EDGE('',*,*,#891,.F.);
#1246=ORIENTED_EDGE('',*,*,#888,.F.);
#1247=ORIENTED_EDGE('',*,*,#892,.F.);
#1248=ORIENTED_EDGE('',*,*,#893,.F.);
#1249=ORIENTED_EDGE('',*,*,#894,.T.);
#1250=ORIENTED_EDGE('',*,*,#895,.T.);
#1251=ORIENTED_EDGE('',*,*,#896,.F.);
#1252=ORIENTED_EDGE('',*,*,#897,.F.);
#1253=ORIENTED_EDGE('',*,*,#883,.F.);
#1254=ORIENTED_EDGE('',*,*,#898,.T.);
#1255=ORIENTED_EDGE('',*,*,#893,.T.);
#1256=ORIENTED_EDGE('',*,*,#899,.T.);
#1257=ORIENTED_EDGE('',*,*,#900,.T.);
#1258=ORIENTED_EDGE('',*,*,#901,.T.);
#1259=ORIENTED_EDGE('',*,*,#902,.T.);
#1260=ORIENTED_EDGE('',*,*,#903,.F.);
#1261=ORIENTED_EDGE('',*,*,#904,.T.);
#1262=ORIENTED_EDGE('',*,*,#900,.F.);
#1263=ORIENTED_EDGE('',*,*,#905,.F.);
#1264=ORIENTED_EDGE('',*,*,#906,.T.);
#1265=ORIENTED_EDGE('',*,*,#907,.T.);
#1266=ORIENTED_EDGE('',*,*,#908,.T.);
#1267=ORIENTED_EDGE('',*,*,#903,.T.);
#1268=ORIENTED_EDGE('',*,*,#909,.T.);
#1269=ORIENTED_EDGE('',*,*,#910,.T.);
#1270=ORIENTED_EDGE('',*,*,#911,.T.);
#1271=ORIENTED_EDGE('',*,*,#912,.T.);
#1272=ORIENTED_EDGE('',*,*,#913,.F.);
#1273=ORIENTED_EDGE('',*,*,#914,.F.);
#1274=ORIENTED_EDGE('',*,*,#910,.F.);
#1275=ORIENTED_EDGE('',*,*,#915,.F.);
#1276=ORIENTED_EDGE('',*,*,#916,.T.);
#1277=ORIENTED_EDGE('',*,*,#917,.T.);
#1278=ORIENTED_EDGE('',*,*,#918,.T.);
#1279=ORIENTED_EDGE('',*,*,#913,.T.);
#1280=ORIENTED_EDGE('',*,*,#912,.F.);
#1281=ORIENTED_EDGE('',*,*,#919,.F.);
#1282=ORIENTED_EDGE('',*,*,#907,.F.);
#1283=ORIENTED_EDGE('',*,*,#920,.F.);
#1284=ORIENTED_EDGE('',*,*,#921,.T.);
#1285=ORIENTED_EDGE('',*,*,#922,.F.);
#1286=ORIENTED_EDGE('',*,*,#923,.T.);
#1287=ORIENTED_EDGE('',*,*,#924,.T.);
#1288=ORIENTED_EDGE('',*,*,#923,.F.);
#1289=ORIENTED_EDGE('',*,*,#925,.F.);
#1290=ORIENTED_EDGE('',*,*,#926,.T.);
#1291=ORIENTED_EDGE('',*,*,#917,.F.);
#1292=ORIENTED_EDGE('',*,*,#927,.F.);
#1293=ORIENTED_EDGE('',*,*,#928,.F.);
#1294=ORIENTED_EDGE('',*,*,#925,.T.);
#1295=ORIENTED_EDGE('',*,*,#929,.F.);
#1296=ORIENTED_EDGE('',*,*,#930,.F.);
#1297=ORIENTED_EDGE('',*,*,#931,.F.);
#1298=ORIENTED_EDGE('',*,*,#932,.T.);
#1299=ORIENTED_EDGE('',*,*,#933,.T.);
#1300=ORIENTED_EDGE('',*,*,#934,.F.);
#1301=ORIENTED_EDGE('',*,*,#935,.F.);
#1302=ORIENTED_EDGE('',*,*,#902,.F.);
#1303=ORIENTED_EDGE('',*,*,#936,.T.);
#1304=ORIENTED_EDGE('',*,*,#931,.T.);
#1305=ORIENTED_EDGE('',*,*,#937,.F.);
#1306=ORIENTED_EDGE('',*,*,#938,.T.);
#1307=ORIENTED_EDGE('',*,*,#939,.T.);
#1308=ORIENTED_EDGE('',*,*,#940,.T.);
#1309=ORIENTED_EDGE('',*,*,#941,.F.);
#1310=ORIENTED_EDGE('',*,*,#942,.F.);
#1311=ORIENTED_EDGE('',*,*,#938,.F.);
#1312=ORIENTED_EDGE('',*,*,#943,.F.);
#1313=ORIENTED_EDGE('',*,*,#944,.F.);
#1314=ORIENTED_EDGE('',*,*,#945,.F.);
#1315=ORIENTED_EDGE('',*,*,#946,.F.);
#1316=ORIENTED_EDGE('',*,*,#947,.F.);
#1317=ORIENTED_EDGE('',*,*,#948,.T.);
#1318=ORIENTED_EDGE('',*,*,#946,.T.);
#1319=ORIENTED_EDGE('',*,*,#949,.F.);
#1320=ORIENTED_EDGE('',*,*,#950,.F.);
#1321=ORIENTED_EDGE('',*,*,#940,.F.);
#1322=ORIENTED_EDGE('',*,*,#951,.T.);
#1323=ORIENTED_EDGE('',*,*,#952,.T.);
#1324=ORIENTED_EDGE('',*,*,#953,.T.);
#1325=ORIENTED_EDGE('',*,*,#954,.F.);
#1326=ORIENTED_EDGE('',*,*,#950,.T.);
#1327=ORIENTED_EDGE('',*,*,#955,.F.);
#1328=ORIENTED_EDGE('',*,*,#956,.T.);
#1329=ORIENTED_EDGE('',*,*,#957,.T.);
#1330=ORIENTED_EDGE('',*,*,#944,.T.);
#1331=ORIENTED_EDGE('',*,*,#958,.T.);
#1332=ORIENTED_EDGE('',*,*,#959,.T.);
#1333=ORIENTED_EDGE('',*,*,#960,.F.);
#1334=ORIENTED_EDGE('',*,*,#961,.F.);
#1335=ORIENTED_EDGE('',*,*,#959,.F.);
#1336=ORIENTED_EDGE('',*,*,#962,.F.);
#1337=ORIENTED_EDGE('',*,*,#963,.T.);
#1338=ORIENTED_EDGE('',*,*,#941,.T.);
#1339=ORIENTED_EDGE('',*,*,#964,.T.);
#1340=ORIENTED_EDGE('',*,*,#960,.T.);
#1341=ORIENTED_EDGE('',*,*,#895,.F.);
#1342=ORIENTED_EDGE('',*,*,#965,.T.);
#1343=ORIENTED_EDGE('',*,*,#930,.T.);
#1344=ORIENTED_EDGE('',*,*,#966,.T.);
#1345=ORIENTED_EDGE('',*,*,#933,.F.);
#1346=ORIENTED_EDGE('',*,*,#967,.T.);
#1347=ORIENTED_EDGE('',*,*,#956,.F.);
#1348=ORIENTED_EDGE('',*,*,#968,.T.);
#1349=ORIENTED_EDGE('',*,*,#969,.F.);
#1350=ORIENTED_EDGE('',*,*,#970,.T.);
#1351=ORIENTED_EDGE('',*,*,#921,.F.);
#1352=ORIENTED_EDGE('',*,*,#970,.F.);
#1353=ORIENTED_EDGE('',*,*,#969,.T.);
#1354=ORIENTED_EDGE('',*,*,#971,.T.);
#1355=ORIENTED_EDGE('',*,*,#924,.F.);
#1356=ORIENTED_EDGE('',*,*,#971,.F.);
#1357=ORIENTED_EDGE('',*,*,#972,.T.);
#1358=ORIENTED_EDGE('',*,*,#973,.T.);
#1359=ORIENTED_EDGE('',*,*,#951,.F.);
#1360=ORIENTED_EDGE('',*,*,#939,.F.);
#1361=ORIENTED_EDGE('',*,*,#942,.T.);
#1362=ORIENTED_EDGE('',*,*,#963,.F.);
#1363=ORIENTED_EDGE('',*,*,#962,.T.);
#1364=ORIENTED_EDGE('',*,*,#958,.F.);
#1365=ORIENTED_EDGE('',*,*,#947,.T.);
#1366=ORIENTED_EDGE('',*,*,#948,.F.);
#1367=ORIENTED_EDGE('',*,*,#954,.T.);
#1368=ORIENTED_EDGE('',*,*,#967,.F.);
#1369=ORIENTED_EDGE('',*,*,#932,.F.);
#1370=ORIENTED_EDGE('',*,*,#936,.F.);
#1371=ORIENTED_EDGE('',*,*,#901,.F.);
#1372=ORIENTED_EDGE('',*,*,#904,.F.);
#1373=ORIENTED_EDGE('',*,*,#908,.F.);
#1374=ORIENTED_EDGE('',*,*,#919,.T.);
#1375=ORIENTED_EDGE('',*,*,#911,.F.);
#1376=ORIENTED_EDGE('',*,*,#914,.T.);
#1377=ORIENTED_EDGE('',*,*,#918,.F.);
#1378=ORIENTED_EDGE('',*,*,#926,.F.);
#1379=ORIENTED_EDGE('',*,*,#928,.T.);
#1380=ORIENTED_EDGE('',*,*,#965,.F.);
#1381=ORIENTED_EDGE('',*,*,#894,.F.);
#1382=ORIENTED_EDGE('',*,*,#898,.F.);
#1383=ORIENTED_EDGE('',*,*,#882,.F.);
#1384=ORIENTED_EDGE('',*,*,#885,.F.);
#1385=ORIENTED_EDGE('',*,*,#889,.F.);
#1386=ORIENTED_EDGE('',*,*,#891,.T.);
#1387=ORIENTED_EDGE('',*,*,#974,.T.);
#1388=ORIENTED_EDGE('',*,*,#975,.T.);
#1389=ORIENTED_EDGE('',*,*,#976,.T.);
#1390=ORIENTED_EDGE('',*,*,#977,.T.);
#1391=ORIENTED_EDGE('',*,*,#978,.F.);
#1392=ORIENTED_EDGE('',*,*,#952,.F.);
#1393=ORIENTED_EDGE('',*,*,#973,.F.);
#1394=ORIENTED_EDGE('',*,*,#922,.T.);
#1395=ORIENTED_EDGE('',*,*,#979,.T.);
#1396=ORIENTED_EDGE('',*,*,#980,.T.);
#1397=ORIENTED_EDGE('',*,*,#981,.T.);
#1398=ORIENTED_EDGE('',*,*,#982,.T.);
#1399=ORIENTED_EDGE('',*,*,#892,.T.);
#1400=ORIENTED_EDGE('',*,*,#887,.F.);
#1401=ORIENTED_EDGE('',*,*,#886,.T.);
#1402=ORIENTED_EDGE('',*,*,#880,.F.);
#1403=ORIENTED_EDGE('',*,*,#897,.T.);
#1404=ORIENTED_EDGE('',*,*,#896,.T.);
#1405=ORIENTED_EDGE('',*,*,#966,.F.);
#1406=ORIENTED_EDGE('',*,*,#929,.T.);
#1407=ORIENTED_EDGE('',*,*,#927,.T.);
#1408=ORIENTED_EDGE('',*,*,#916,.F.);
#1409=ORIENTED_EDGE('',*,*,#915,.T.);
#1410=ORIENTED_EDGE('',*,*,#909,.F.);
#1411=ORIENTED_EDGE('',*,*,#920,.T.);
#1412=ORIENTED_EDGE('',*,*,#906,.F.);
#1413=ORIENTED_EDGE('',*,*,#905,.T.);
#1414=ORIENTED_EDGE('',*,*,#899,.F.);
#1415=ORIENTED_EDGE('',*,*,#935,.T.);
#1416=ORIENTED_EDGE('',*,*,#934,.T.);
#1417=ORIENTED_EDGE('',*,*,#968,.F.);
#1418=ORIENTED_EDGE('',*,*,#955,.T.);
#1419=ORIENTED_EDGE('',*,*,#949,.T.);
#1420=ORIENTED_EDGE('',*,*,#945,.T.);
#1421=ORIENTED_EDGE('',*,*,#957,.F.);
#1422=ORIENTED_EDGE('',*,*,#961,.T.);
#1423=ORIENTED_EDGE('',*,*,#964,.F.);
#1424=ORIENTED_EDGE('',*,*,#943,.T.);
#1425=ORIENTED_EDGE('',*,*,#937,.T.);
#1426=ORIENTED_EDGE('',*,*,#953,.F.);
#1427=ORIENTED_EDGE('',*,*,#978,.T.);
#1428=ORIENTED_EDGE('',*,*,#976,.F.);
#1429=ORIENTED_EDGE('',*,*,#983,.F.);
#1430=ORIENTED_EDGE('',*,*,#980,.F.);
#1431=ORIENTED_EDGE('',*,*,#984,.T.);
#1432=ORIENTED_EDGE('',*,*,#975,.F.);
#1433=ORIENTED_EDGE('',*,*,#985,.F.);
#1434=ORIENTED_EDGE('',*,*,#981,.F.);
#1435=ORIENTED_EDGE('',*,*,#983,.T.);
#1436=ORIENTED_EDGE('',*,*,#974,.F.);
#1437=ORIENTED_EDGE('',*,*,#890,.F.);
#1438=ORIENTED_EDGE('',*,*,#982,.F.);
#1439=ORIENTED_EDGE('',*,*,#985,.T.);
#1440=ORIENTED_EDGE('',*,*,#972,.F.);
#1441=ORIENTED_EDGE('',*,*,#984,.F.);
#1442=ORIENTED_EDGE('',*,*,#979,.F.);
#1443=ORIENTED_EDGE('',*,*,#977,.F.);
#1444=PLANE('',#1581);
#1445=PLANE('',#1582);
#1446=PLANE('',#1601);
#1447=PLANE('',#1602);
#1448=PLANE('',#1603);
#1449=PLANE('',#1604);
#1450=PLANE('',#1605);
#1451=PLANE('',#1606);
#1452=PLANE('',#1607);
#1453=PLANE('',#1609);
#1454=PLANE('',#1635);
#1455=PLANE('',#1636);
#1456=PLANE('',#1638);
#1457=PLANE('',#1642);
#1458=PLANE('',#1645);
#1459=PLANE('',#1647);
#1460=PLANE('',#1649);
#1461=PLANE('',#1650);
#1462=PLANE('',#1655);
#1463=PLANE('',#1658);
#1464=PLANE('',#1660);
#1465=PLANE('',#1663);
#1466=PLANE('',#1668);
#1467=PLANE('',#1675);
#1468=PLANE('',#1682);
#1469=PLANE('',#1689);
#1470=PLANE('',#1702);
#1471=PLANE('',#1703);
#1472=PLANE('',#1710);
#1473=PLANE('',#1711);
#1474=PLANE('',#1715);
#1475=PLANE('',#1716);
#1476=PLANE('',#1726);
#1477=PLANE('',#1727);
#1478=PLANE('',#1731);
#1479=PLANE('',#1732);
#1480=PLANE('',#1733);
#1481=PLANE('',#1734);
#1482=PLANE('',#1735);
#1483=PLANE('',#1736);
#1484=PLANE('',#1737);
#1485=ADVANCED_FACE('',(#141),#1444,.F.);
#1486=ADVANCED_FACE('',(#142),#1445,.T.);
#1487=ADVANCED_FACE('',(#143),#1446,.F.);
#1488=ADVANCED_FACE('',(#144),#1447,.F.);
#1489=ADVANCED_FACE('',(#145),#1448,.F.);
#1490=ADVANCED_FACE('',(#146),#1449,.F.);
#1491=ADVANCED_FACE('',(#147),#1450,.F.);
#1492=ADVANCED_FACE('',(#148),#1451,.F.);
#1493=ADVANCED_FACE('',(#149,#59),#1452,.T.);
#1494=ADVANCED_FACE('',(#150),#1453,.F.);
#1495=ADVANCED_FACE('',(#151),#21,.F.);
#1496=ADVANCED_FACE('',(#152),#19,.T.);
#1497=ADVANCED_FACE('',(#153),#22,.F.);
#1498=ADVANCED_FACE('',(#154),#1454,.F.);
#1499=ADVANCED_FACE('',(#155),#1455,.F.);
#1500=ADVANCED_FACE('',(#156),#23,.T.);
#1501=ADVANCED_FACE('',(#157),#1456,.T.);
#1502=ADVANCED_FACE('',(#158),#24,.T.);
#1503=ADVANCED_FACE('',(#159),#25,.F.);
#1504=ADVANCED_FACE('',(#160),#26,.T.);
#1505=ADVANCED_FACE('',(#161),#1457,.T.);
#1506=ADVANCED_FACE('',(#162),#27,.T.);
#1507=ADVANCED_FACE('',(#163),#28,.T.);
#1508=ADVANCED_FACE('',(#164),#1458,.T.);
#1509=ADVANCED_FACE('',(#165),#29,.T.);
#1510=ADVANCED_FACE('',(#166),#1459,.T.);
#1511=ADVANCED_FACE('',(#167),#30,.T.);
#1512=ADVANCED_FACE('',(#168),#1460,.T.);
#1513=ADVANCED_FACE('',(#169),#1461,.T.);
#1514=ADVANCED_FACE('',(#170),#31,.T.);
#1515=ADVANCED_FACE('',(#171),#32,.F.);
#1516=ADVANCED_FACE('',(#172,#60),#33,.F.);
#1517=ADVANCED_FACE('',(#173),#34,.T.);
#1518=ADVANCED_FACE('',(#174),#1462,.T.);
#1519=ADVANCED_FACE('',(#175),#35,.T.);
#1520=ADVANCED_FACE('',(#176),#36,.T.);
#1521=ADVANCED_FACE('',(#177),#1463,.T.);
#1522=ADVANCED_FACE('',(#178),#37,.T.);
#1523=ADVANCED_FACE('',(#179),#1464,.T.);
#1524=ADVANCED_FACE('',(#180),#38,.T.);
#1525=ADVANCED_FACE('',(#181),#39,.T.);
#1526=ADVANCED_FACE('',(#182),#1465,.T.);
#1527=ADVANCED_FACE('',(#183),#40,.T.);
#1528=ADVANCED_FACE('',(#184),#41,.T.);
#1529=ADVANCED_FACE('',(#185),#1466,.T.);
#1530=ADVANCED_FACE('',(#186),#42,.T.);
#1531=ADVANCED_FACE('',(#187),#43,.F.);
#1532=ADVANCED_FACE('',(#188),#1467,.T.);
#1533=ADVANCED_FACE('',(#189),#44,.T.);
#1534=ADVANCED_FACE('',(#190),#45,.T.);
#1535=ADVANCED_FACE('',(#191),#1468,.T.);
#1536=ADVANCED_FACE('',(#192),#46,.T.);
#1537=ADVANCED_FACE('',(#193),#47,.T.);
#1538=ADVANCED_FACE('',(#194),#1469,.T.);
#1539=ADVANCED_FACE('',(#195),#48,.T.);
#1540=ADVANCED_FACE('',(#196,#61),#49,.F.);
#1541=ADVANCED_FACE('',(#197),#50,.F.);
#1542=ADVANCED_FACE('',(#198),#51,.T.);
#1543=ADVANCED_FACE('',(#199),#1470,.T.);
#1544=ADVANCED_FACE('',(#200),#1471,.T.);
#1545=ADVANCED_FACE('',(#201),#52,.T.);
#1546=ADVANCED_FACE('',(#202),#53,.T.);
#1547=ADVANCED_FACE('',(#203),#1472,.T.);
#1548=ADVANCED_FACE('',(#204),#1473,.T.);
#1549=ADVANCED_FACE('',(#205),#54,.T.);
#1550=ADVANCED_FACE('',(#206),#1474,.T.);
#1551=ADVANCED_FACE('',(#207),#1475,.T.);
#1552=ADVANCED_FACE('',(#208),#55,.T.);
#1553=ADVANCED_FACE('',(#209),#56,.F.);
#1554=ADVANCED_FACE('',(#210),#57,.T.);
#1555=ADVANCED_FACE('',(#211),#1476,.F.);
#1556=ADVANCED_FACE('',(#212),#1477,.F.);
#1557=ADVANCED_FACE('',(#213),#58,.F.);
#1558=ADVANCED_FACE('',(#214),#20,.T.);
#1559=ADVANCED_FACE('',(#215),#1478,.F.);
#1560=ADVANCED_FACE('',(#216,#62),#1479,.T.);
#1561=ADVANCED_FACE('',(#217),#1480,.T.);
#1562=ADVANCED_FACE('',(#218),#1481,.F.);
#1563=ADVANCED_FACE('',(#219),#1482,.F.);
#1564=ADVANCED_FACE('',(#220),#1483,.F.);
#1565=ADVANCED_FACE('',(#221),#1484,.F.);
#1566=CLOSED_SHELL('',(#1485,#1486,#1487,#1488,#1489,#1490,#1491,#1492,
#1493,#1494,#1495,#1496,#1497,#1498,#1499,#1500,#1501,#1502,#1503,#1504,
#1505,#1506,#1507,#1508,#1509,#1510,#1511,#1512,#1513,#1514,#1515,#1516,
#1517,#1518,#1519,#1520,#1521,#1522,#1523,#1524,#1525,#1526,#1527));
#1567=CLOSED_SHELL('',(#1528,#1529,#1530,#1531,#1532,#1533,#1534,#1535,
#1536,#1537,#1538,#1539,#1540,#1541,#1542,#1543,#1544,#1545,#1546,#1547,
#1548,#1549,#1550,#1551,#1552,#1553,#1554,#1555,#1556,#1557,#1558,#1559,
#1560,#1561,#1562,#1563,#1564,#1565));
#1568=DERIVED_UNIT_ELEMENT(#1570,1.);
#1569=DERIVED_UNIT_ELEMENT(#2789,-3.);
#1570=(
MASS_UNIT()
NAMED_UNIT(*)
SI_UNIT(.KILO.,.GRAM.)
);
#1571=DERIVED_UNIT((#1568,#1569));
#1572=MEASURE_REPRESENTATION_ITEM('density measure',
POSITIVE_RATIO_MEASURE(1060.),#1571);
#1573=PROPERTY_DEFINITION_REPRESENTATION(#1578,#1575);
#1574=PROPERTY_DEFINITION_REPRESENTATION(#1579,#1576);
#1575=REPRESENTATION('material name',(#1577),#2786);
#1576=REPRESENTATION('density',(#1572),#2786);
#1577=DESCRIPTIVE_REPRESENTATION_ITEM('ABS Plastic','ABS Plastic');
#1578=PROPERTY_DEFINITION('material property','material name',#2796);
#1579=PROPERTY_DEFINITION('material property','density of part',#2796);
#1580=AXIS2_PLACEMENT_3D('',#2203,#1738,#1739);
#1581=AXIS2_PLACEMENT_3D('',#2204,#1740,#1741);
#1582=AXIS2_PLACEMENT_3D('',#2213,#1746,#1747);
#1583=AXIS2_PLACEMENT_3D('',#2231,#1756,#1757);
#1584=AXIS2_PLACEMENT_3D('',#2233,#1758,#1759);
#1585=AXIS2_PLACEMENT_3D('',#2237,#1761,#1762);
#1586=AXIS2_PLACEMENT_3D('',#2239,#1763,#1764);
#1587=AXIS2_PLACEMENT_3D('',#2241,#1765,#1766);
#1588=AXIS2_PLACEMENT_3D('',#2245,#1768,#1769);
#1589=AXIS2_PLACEMENT_3D('',#2247,#1770,#1771);
#1590=AXIS2_PLACEMENT_3D('',#2255,#1775,#1776);
#1591=AXIS2_PLACEMENT_3D('',#2257,#1777,#1778);
#1592=AXIS2_PLACEMENT_3D('',#2261,#1780,#1781);
#1593=AXIS2_PLACEMENT_3D('',#2263,#1782,#1783);
#1594=AXIS2_PLACEMENT_3D('',#2265,#1784,#1785);
#1595=AXIS2_PLACEMENT_3D('',#2269,#1787,#1788);
#1596=AXIS2_PLACEMENT_3D('',#2271,#1789,#1790);
#1597=AXIS2_PLACEMENT_3D('',#2279,#1794,#1795);
#1598=AXIS2_PLACEMENT_3D('',#2281,#1796,#1797);
#1599=AXIS2_PLACEMENT_3D('',#2285,#1799,#1800);
#1600=AXIS2_PLACEMENT_3D('',#2286,#1801,#1802);
#1601=AXIS2_PLACEMENT_3D('',#2287,#1803,#1804);
#1602=AXIS2_PLACEMENT_3D('',#2293,#1808,#1809);
#1603=AXIS2_PLACEMENT_3D('',#2297,#1812,#1813);
#1604=AXIS2_PLACEMENT_3D('',#2301,#1816,#1817);
#1605=AXIS2_PLACEMENT_3D('',#2305,#1820,#1821);
#1606=AXIS2_PLACEMENT_3D('',#2307,#1823,#1824);
#1607=AXIS2_PLACEMENT_3D('',#2311,#1827,#1828);
#1608=AXIS2_PLACEMENT_3D('',#2316,#1831,#1832);
#1609=AXIS2_PLACEMENT_3D('',#2317,#1833,#1834);
#1610=AXIS2_PLACEMENT_3D('',#2319,#1835,#1836);
#1611=AXIS2_PLACEMENT_3D('',#2321,#1837,#1838);
#1612=AXIS2_PLACEMENT_3D('',#2325,#1840,#1841);
#1613=AXIS2_PLACEMENT_3D('',#2327,#1842,#1843);
#1614=AXIS2_PLACEMENT_3D('',#2335,#1847,#1848);
#1615=AXIS2_PLACEMENT_3D('',#2337,#1849,#1850);
#1616=AXIS2_PLACEMENT_3D('',#2341,#1852,#1853);
#1617=AXIS2_PLACEMENT_3D('',#2343,#1854,#1855);
#1618=AXIS2_PLACEMENT_3D('',#2345,#1856,#1857);
#1619=AXIS2_PLACEMENT_3D('',#2349,#1859,#1860);
#1620=AXIS2_PLACEMENT_3D('',#2351,#1861,#1862);
#1621=AXIS2_PLACEMENT_3D('',#2359,#1866,#1867);
#1622=AXIS2_PLACEMENT_3D('',#2361,#1868,#1869);
#1623=AXIS2_PLACEMENT_3D('',#2365,#1871,#1872);
#1624=AXIS2_PLACEMENT_3D('',#2367,#1873,#1874);
#1625=AXIS2_PLACEMENT_3D('',#2369,#1875,#1876);
#1626=AXIS2_PLACEMENT_3D('',#2373,#1878,#1879);
#1627=AXIS2_PLACEMENT_3D('',#2375,#1880,#1881);
#1628=AXIS2_PLACEMENT_3D('',#2377,#1883,#1884);
#1629=AXIS2_PLACEMENT_3D('',#2408,#1886,#1887);
#1630=AXIS2_PLACEMENT_3D('',#2409,#1888,#1889);
#1631=AXIS2_PLACEMENT_3D('',#2411,#1890,#1891);
#1632=AXIS2_PLACEMENT_3D('',#2413,#1892,#1893);
#1633=AXIS2_PLACEMENT_3D('',#2414,#1894,#1895);
#1634=AXIS2_PLACEMENT_3D('',#2415,#1896,#1897);
#1635=AXIS2_PLACEMENT_3D('',#2452,#1899,#1900);
#1636=AXIS2_PLACEMENT_3D('',#2455,#1903,#1904);
#1637=AXIS2_PLACEMENT_3D('',#2458,#1907,#1908);
#1638=AXIS2_PLACEMENT_3D('',#2461,#1911,#1912);
#1639=AXIS2_PLACEMENT_3D('',#2462,#1913,#1914);
#1640=AXIS2_PLACEMENT_3D('',#2465,#1917,#1918);
#1641=AXIS2_PLACEMENT_3D('',#2468,#1921,#1922);
#1642=AXIS2_PLACEMENT_3D('',#2470,#1924,#1925);
#1643=AXIS2_PLACEMENT_3D('',#2472,#1927,#1928);
#1644=AXIS2_PLACEMENT_3D('',#2473,#1929,#1930);
#1645=AXIS2_PLACEMENT_3D('',#2475,#1932,#1933);
#1646=AXIS2_PLACEMENT_3D('',#2477,#1935,#1936);
#1647=AXIS2_PLACEMENT_3D('',#2478,#1937,#1938);
#1648=AXIS2_PLACEMENT_3D('',#2479,#1939,#1940);
#1649=AXIS2_PLACEMENT_3D('',#2482,#1943,#1944);
#1650=AXIS2_PLACEMENT_3D('',#2483,#1945,#1946);
#1651=AXIS2_PLACEMENT_3D('',#2485,#1948,#1949);
#1652=AXIS2_PLACEMENT_3D('',#2487,#1951,#1952);
#1653=AXIS2_PLACEMENT_3D('',#2489,#1954,#1955);
#1654=AXIS2_PLACEMENT_3D('',#2492,#1958,#1959);
#1655=AXIS2_PLACEMENT_3D('',#2494,#1961,#1962);
#1656=AXIS2_PLACEMENT_3D('',#2496,#1964,#1965);
#1657=AXIS2_PLACEMENT_3D('',#2497,#1966,#1967);
#1658=AXIS2_PLACEMENT_3D('',#2499,#1969,#1970);
#1659=AXIS2_PLACEMENT_3D('',#2501,#1972,#1973);
#1660=AXIS2_PLACEMENT_3D('',#2502,#1974,#1975);
#1661=AXIS2_PLACEMENT_3D('',#2504,#1977,#1978);
#1662=AXIS2_PLACEMENT_3D('',#2506,#1980,#1981);
#1663=AXIS2_PLACEMENT_3D('',#2508,#1983,#1984);
#1664=AXIS2_PLACEMENT_3D('',#2510,#1986,#1987);
#1665=AXIS2_PLACEMENT_3D('',#2511,#1988,#1989);
#1666=AXIS2_PLACEMENT_3D('',#2514,#1990,#1991);
#1667=AXIS2_PLACEMENT_3D('',#2518,#1993,#1994);
#1668=AXIS2_PLACEMENT_3D('',#2520,#1996,#1997);
#1669=AXIS2_PLACEMENT_3D('',#2526,#2001,#2002);
#1670=AXIS2_PLACEMENT_3D('',#2528,#2003,#2004);
#1671=AXIS2_PLACEMENT_3D('',#2531,#2006,#2007);
#1672=AXIS2_PLACEMENT_3D('',#2532,#2008,#2009);
#1673=AXIS2_PLACEMENT_3D('',#2536,#2011,#2012);
#1674=AXIS2_PLACEMENT_3D('',#2537,#2013,#2014);
#1675=AXIS2_PLACEMENT_3D('',#2538,#2015,#2016);
#1676=AXIS2_PLACEMENT_3D('',#2547,#2021,#2022);
#1677=AXIS2_PLACEMENT_3D('',#2548,#2023,#2024);
#1678=AXIS2_PLACEMENT_3D('',#2549,#2025,#2026);
#1679=AXIS2_PLACEMENT_3D('',#2550,#2027,#2028);
#1680=AXIS2_PLACEMENT_3D('',#2553,#2029,#2030);
#1681=AXIS2_PLACEMENT_3D('',#2557,#2032,#2033);
#1682=AXIS2_PLACEMENT_3D('',#2559,#2035,#2036);
#1683=AXIS2_PLACEMENT_3D('',#2565,#2040,#2041);
#1684=AXIS2_PLACEMENT_3D('',#2567,#2042,#2043);
#1685=AXIS2_PLACEMENT_3D('',#2570,#2045,#2046);
#1686=AXIS2_PLACEMENT_3D('',#2571,#2047,#2048);
#1687=AXIS2_PLACEMENT_3D('',#2574,#2049,#2050);
#1688=AXIS2_PLACEMENT_3D('',#2578,#2052,#2053);
#1689=AXIS2_PLACEMENT_3D('',#2580,#2055,#2056);
#1690=AXIS2_PLACEMENT_3D('',#2586,#2060,#2061);
#1691=AXIS2_PLACEMENT_3D('',#2588,#2062,#2063);
#1692=AXIS2_PLACEMENT_3D('',#2591,#2065,#2066);
#1693=AXIS2_PLACEMENT_3D('',#2592,#2067,#2068);
#1694=AXIS2_PLACEMENT_3D('',#2593,#2069,#2070);
#1695=AXIS2_PLACEMENT_3D('',#2594,#2071,#2072);
#1696=AXIS2_PLACEMENT_3D('',#2630,#2073,#2074);
#1697=AXIS2_PLACEMENT_3D('',#2632,#2075,#2076);
#1698=AXIS2_PLACEMENT_3D('',#2635,#2078,#2079);
#1699=AXIS2_PLACEMENT_3D('',#2636,#2080,#2081);
#1700=AXIS2_PLACEMENT_3D('',#2640,#2083,#2084);
#1701=AXIS2_PLACEMENT_3D('',#2641,#2085,#2086);
#1702=AXIS2_PLACEMENT_3D('',#2642,#2087,#2088);
#1703=AXIS2_PLACEMENT_3D('',#2648,#2092,#2093);
#1704=AXIS2_PLACEMENT_3D('',#2657,#2098,#2099);
#1705=AXIS2_PLACEMENT_3D('',#2658,#2100,#2101);
#1706=AXIS2_PLACEMENT_3D('',#2659,#2102,#2103);
#1707=AXIS2_PLACEMENT_3D('',#2660,#2104,#2105);
#1708=AXIS2_PLACEMENT_3D('',#2663,#2106,#2107);
#1709=AXIS2_PLACEMENT_3D('',#2667,#2109,#2110);
#1710=AXIS2_PLACEMENT_3D('',#2669,#2112,#2113);
#1711=AXIS2_PLACEMENT_3D('',#2675,#2117,#2118);
#1712=AXIS2_PLACEMENT_3D('',#2684,#2123,#2124);
#1713=AXIS2_PLACEMENT_3D('',#2686,#2125,#2126);
#1714=AXIS2_PLACEMENT_3D('',#2688,#2127,#2128);
#1715=AXIS2_PLACEMENT_3D('',#2690,#2130,#2131);
#1716=AXIS2_PLACEMENT_3D('',#2696,#2135,#2136);
#1717=AXIS2_PLACEMENT_3D('',#2702,#2140,#2141);
#1718=AXIS2_PLACEMENT_3D('',#2704,#2142,#2143);
#1719=AXIS2_PLACEMENT_3D('',#2706,#2144,#2145);
#1720=AXIS2_PLACEMENT_3D('',#2708,#2147,#2148);
#1721=AXIS2_PLACEMENT_3D('',#2712,#2150,#2151);
#1722=AXIS2_PLACEMENT_3D('',#2713,#2152,#2153);
#1723=AXIS2_PLACEMENT_3D('',#2714,#2154,#2155);
#1724=AXIS2_PLACEMENT_3D('',#2715,#2156,#2157);
#1725=AXIS2_PLACEMENT_3D('',#2716,#2158,#2159);
#1726=AXIS2_PLACEMENT_3D('',#2717,#2160,#2161);
#1727=AXIS2_PLACEMENT_3D('',#2720,#2164,#2165);
#1728=AXIS2_PLACEMENT_3D('',#2723,#2168,#2169);
#1729=AXIS2_PLACEMENT_3D('',#2725,#2170,#2171);
#1730=AXIS2_PLACEMENT_3D('',#2754,#2173,#2174);
#1731=AXIS2_PLACEMENT_3D('',#2755,#2175,#2176);
#1732=AXIS2_PLACEMENT_3D('',#2765,#2182,#2183);
#1733=AXIS2_PLACEMENT_3D('',#2769,#2186,#2187);
#1734=AXIS2_PLACEMENT_3D('',#2777,#2192,#2193);
#1735=AXIS2_PLACEMENT_3D('',#2780,#2196,#2197);
#1736=AXIS2_PLACEMENT_3D('',#2782,#2199,#2200);
#1737=AXIS2_PLACEMENT_3D('',#2783,#2201,#2202);
#1738=DIRECTION('axis',(0.,0.,1.));
#1739=DIRECTION('refdir',(1.,0.,0.));
#1740=DIRECTION('center_axis',(1.,0.,0.));
#1741=DIRECTION('ref_axis',(0.,0.,-1.));
#1742=DIRECTION('',(0.,0.,1.));
#1743=DIRECTION('',(0.,1.,0.));
#1744=DIRECTION('',(0.,0.,-1.));
#1745=DIRECTION('',(0.,-1.,0.));
#1746=DIRECTION('center_axis',(0.,0.,1.));
#1747=DIRECTION('ref_axis',(1.,0.,0.));
#1748=DIRECTION('',(0.911921505175106,-0.410364677328799,0.));
#1749=DIRECTION('',(-0.876215908676648,-0.481918749772154,0.));
#1750=DIRECTION('',(-0.940933065260521,-0.338592626469391,0.));
#1751=DIRECTION('',(-0.943858356366018,-0.330350424728105,0.));
#1752=DIRECTION('',(0.911921505175106,-0.410364677328798,0.));
#1753=DIRECTION('',(0.91192140213866,-0.410364906298601,0.));
#1754=DIRECTION('',(1.,0.,0.));
#1755=DIRECTION('',(0.,1.,0.));
#1756=DIRECTION('center_axis',(0.,0.,1.));
#1757=DIRECTION('ref_axis',(1.,0.,0.));
#1758=DIRECTION('center_axis',(0.,0.,-1.));
#1759=DIRECTION('ref_axis',(0.451206507888735,0.892419569058665,0.));
#1760=DIRECTION('',(-1.,0.,0.));
#1761=DIRECTION('center_axis',(0.,0.,-1.));
#1762=DIRECTION('ref_axis',(-0.908607744587645,0.417650531515706,0.));
#1763=DIRECTION('center_axis',(0.,0.,-1.));
#1764=DIRECTION('ref_axis',(1.,0.,0.));
#1765=DIRECTION('center_axis',(0.,0.,-1.));
#1766=DIRECTION('ref_axis',(0.908607744587644,0.417650531515711,0.));
#1767=DIRECTION('',(-1.,0.,0.));
#1768=DIRECTION('center_axis',(0.,0.,-1.));
#1769=DIRECTION('ref_axis',(-0.451206507888736,0.892419569058664,0.));
#1770=DIRECTION('center_axis',(0.,0.,1.));
#1771=DIRECTION('ref_axis',(1.,0.,0.));
#1772=DIRECTION('',(0.,-1.,0.));
#1773=DIRECTION('',(1.,0.,0.));
#1774=DIRECTION('',(0.,1.,0.));
#1775=DIRECTION('center_axis',(0.,0.,1.));
#1776=DIRECTION('ref_axis',(1.,0.,0.));
#1777=DIRECTION('center_axis',(0.,0.,-1.));
#1778=DIRECTION('ref_axis',(0.451206507888735,0.892419569058665,0.));
#1779=DIRECTION('',(-1.,0.,0.));
#1780=DIRECTION('center_axis',(0.,0.,-1.));
#1781=DIRECTION('ref_axis',(-0.908607744587645,0.417650531515706,0.));
#1782=DIRECTION('center_axis',(0.,0.,-1.));
#1783=DIRECTION('ref_axis',(1.,0.,0.));
#1784=DIRECTION('center_axis',(0.,0.,-1.));
#1785=DIRECTION('ref_axis',(0.908607744587644,0.417650531515711,0.));
#1786=DIRECTION('',(-1.,0.,0.));
#1787=DIRECTION('center_axis',(0.,0.,-1.));
#1788=DIRECTION('ref_axis',(-0.451206507888736,0.892419569058664,0.));
#1789=DIRECTION('center_axis',(0.,0.,1.));
#1790=DIRECTION('ref_axis',(1.,0.,0.));
#1791=DIRECTION('',(0.,-1.,0.));
#1792=DIRECTION('',(1.,0.,0.));
#1793=DIRECTION('',(0.,1.,0.));
#1794=DIRECTION('center_axis',(0.,0.,1.));
#1795=DIRECTION('ref_axis',(1.,0.,0.));
#1796=DIRECTION('center_axis',(0.,0.,-1.));
#1797=DIRECTION('ref_axis',(0.451206507888735,0.892419569058665,0.));
#1798=DIRECTION('',(-1.,0.,0.));
#1799=DIRECTION('center_axis',(0.,0.,-1.));
#1800=DIRECTION('ref_axis',(-0.908607744587645,0.417650531515706,0.));
#1801=DIRECTION('center_axis',(0.,0.,-1.));
#1802=DIRECTION('ref_axis',(1.,0.,0.));
#1803=DIRECTION('center_axis',(0.410364677328798,0.911921505175106,0.));
#1804=DIRECTION('ref_axis',(0.911921505175106,-0.410364677328798,0.));
#1805=DIRECTION('',(-0.911921505175106,0.410364677328798,0.));
#1806=DIRECTION('',(0.,0.,-1.));
#1807=DIRECTION('',(0.,0.,-1.));
#1808=DIRECTION('center_axis',(0.330350424728105,-0.943858356366018,0.));
#1809=DIRECTION('ref_axis',(-0.943858356366018,-0.330350424728105,0.));
#1810=DIRECTION('',(0.943858356366018,0.330350424728105,0.));
#1811=DIRECTION('',(0.,0.,-1.));
#1812=DIRECTION('center_axis',(0.338592626469391,-0.940933065260521,0.));
#1813=DIRECTION('ref_axis',(-0.940933065260521,-0.338592626469391,0.));
#1814=DIRECTION('',(0.940933065260521,0.338592626469391,0.));
#1815=DIRECTION('',(0.,0.,-1.));
#1816=DIRECTION('center_axis',(0.481918749772154,-0.876215908676648,0.));
#1817=DIRECTION('ref_axis',(-0.876215908676648,-0.481918749772154,0.));
#1818=DIRECTION('',(0.876215908676648,0.481918749772154,0.));
#1819=DIRECTION('',(0.,0.,-1.));
#1820=DIRECTION('center_axis',(0.410364677328799,0.911921505175106,0.));
#1821=DIRECTION('ref_axis',(0.911921505175106,-0.410364677328799,0.));
#1822=DIRECTION('',(-0.911921505175106,0.410364677328799,0.));
#1823=DIRECTION('center_axis',(0.410364906298601,0.91192140213866,0.));
#1824=DIRECTION('ref_axis',(0.91192140213866,-0.410364906298601,0.));
#1825=DIRECTION('',(-0.91192140213866,0.410364906298601,0.));
#1826=DIRECTION('',(0.,0.,-1.));
#1827=DIRECTION('center_axis',(0.,-1.,0.));
#1828=DIRECTION('ref_axis',(1.,0.,0.));
#1829=DIRECTION('',(-1.,0.,0.));
#1830=DIRECTION('',(0.,0.,-1.));
#1831=DIRECTION('center_axis',(0.,1.,0.));
#1832=DIRECTION('ref_axis',(1.,0.,0.));
#1833=DIRECTION('center_axis',(0.,0.,1.));
#1834=DIRECTION('ref_axis',(1.,0.,0.));
#1835=DIRECTION('center_axis',(0.,0.,1.));
#1836=DIRECTION('ref_axis',(1.,0.,0.));
#1837=DIRECTION('center_axis',(0.,0.,1.));
#1838=DIRECTION('ref_axis',(-0.908607744587645,0.417650531515706,0.));
#1839=DIRECTION('',(1.,0.,0.));
#1840=DIRECTION('center_axis',(0.,0.,1.));
#1841=DIRECTION('ref_axis',(0.451206507888735,0.892419569058665,0.));
#1842=DIRECTION('center_axis',(0.,0.,1.));
#1843=DIRECTION('ref_axis',(1.,0.,0.));
#1844=DIRECTION('',(0.,-1.,0.));
#1845=DIRECTION('',(-1.,0.,0.));
#1846=DIRECTION('',(0.,-1.,0.));
#1847=DIRECTION('center_axis',(0.,0.,1.));
#1848=DIRECTION('ref_axis',(1.,0.,0.));
#1849=DIRECTION('center_axis',(0.,0.,1.));
#1850=DIRECTION('ref_axis',(-0.451206507888736,0.892419569058664,0.));
#1851=DIRECTION('',(-1.,0.,0.));
#1852=DIRECTION('center_axis',(0.,0.,1.));
#1853=DIRECTION('ref_axis',(0.908607744587644,0.417650531515711,0.));
#1854=DIRECTION('center_axis',(0.,0.,1.));
#1855=DIRECTION('ref_axis',(1.,0.,0.));
#1856=DIRECTION('center_axis',(0.,0.,1.));
#1857=DIRECTION('ref_axis',(-0.908607744587645,0.417650531515706,0.));
#1858=DIRECTION('',(1.,0.,0.));
#1859=DIRECTION('center_axis',(0.,0.,1.));
#1860=DIRECTION('ref_axis',(0.451206507888735,0.892419569058665,0.));
#1861=DIRECTION('center_axis',(0.,0.,1.));
#1862=DIRECTION('ref_axis',(1.,0.,0.));
#1863=DIRECTION('',(0.,-1.,0.));
#1864=DIRECTION('',(-1.,0.,0.));
#1865=DIRECTION('',(0.,-1.,0.));
#1866=DIRECTION('center_axis',(0.,0.,1.));
#1867=DIRECTION('ref_axis',(1.,0.,0.));
#1868=DIRECTION('center_axis',(0.,0.,1.));
#1869=DIRECTION('ref_axis',(-0.451206507888736,0.892419569058664,0.));
#1870=DIRECTION('',(-1.,0.,0.));
#1871=DIRECTION('center_axis',(0.,0.,1.));
#1872=DIRECTION('ref_axis',(0.908607744587644,0.417650531515711,0.));
#1873=DIRECTION('center_axis',(0.,0.,1.));
#1874=DIRECTION('ref_axis',(1.,0.,0.));
#1875=DIRECTION('center_axis',(0.,0.,1.));
#1876=DIRECTION('ref_axis',(-0.908607744587645,0.417650531515706,0.));
#1877=DIRECTION('',(1.,0.,0.));
#1878=DIRECTION('center_axis',(0.,0.,1.));
#1879=DIRECTION('ref_axis',(0.451206507888735,0.892419569058665,0.));
#1880=DIRECTION('center_axis',(0.,0.,1.));
#1881=DIRECTION('ref_axis',(1.,0.,0.));
#1882=DIRECTION('',(0.,1.,0.));
#1883=DIRECTION('center_axis',(0.,0.,1.));
#1884=DIRECTION('ref_axis',(1.,0.,0.));
#1885=DIRECTION('',(0.,0.,1.));
#1886=DIRECTION('center_axis',(0.,1.,0.));
#1887=DIRECTION('ref_axis',(-1.,0.,0.));
#1888=DIRECTION('center_axis',(0.,1.,0.));
#1889=DIRECTION('ref_axis',(-1.,0.,0.));
#1890=DIRECTION('center_axis',(-2.22044604925031E-16,0.,-1.));
#1891=DIRECTION('ref_axis',(1.,0.,-2.22044604925031E-16));
#1892=DIRECTION('center_axis',(0.,1.,0.));
#1893=DIRECTION('ref_axis',(1.,0.,0.));
#1894=DIRECTION('center_axis',(0.,1.,0.));
#1895=DIRECTION('ref_axis',(1.,0.,0.));
#1896=DIRECTION('center_axis',(0.,1.,0.));
#1897=DIRECTION('ref_axis',(1.,0.,0.));
#1898=DIRECTION('',(0.,1.,0.));
#1899=DIRECTION('center_axis',(0.,-1.,0.));
#1900=DIRECTION('ref_axis',(1.,0.,0.));
#1901=DIRECTION('',(0.,0.,1.));
#1902=DIRECTION('',(0.,0.,-1.));
#1903=DIRECTION('center_axis',(0.,-1.,0.));
#1904=DIRECTION('ref_axis',(1.,0.,0.));
#1905=DIRECTION('',(0.,0.,1.));
#1906=DIRECTION('',(0.,0.,1.));
#1907=DIRECTION('center_axis',(0.,0.,1.));
#1908=DIRECTION('ref_axis',(-0.989726143243779,-0.142976086741086,0.));
#1909=DIRECTION('',(0.,0.,1.));
#1910=DIRECTION('',(0.,0.,1.));
#1911=DIRECTION('center_axis',(-1.,0.,0.));
#1912=DIRECTION('ref_axis',(0.,-1.,0.));
#1913=DIRECTION('center_axis',(0.,0.,1.));
#1914=DIRECTION('ref_axis',(1.,0.,0.));
#1915=DIRECTION('',(0.,0.,1.));
#1916=DIRECTION('',(0.,0.,-1.));
#1917=DIRECTION('center_axis',(0.,0.,1.));
#1918=DIRECTION('ref_axis',(6.12323399573677E-17,-1.,0.));
#1919=DIRECTION('',(0.,0.,1.));
#1920=DIRECTION('',(0.,0.,-1.));
#1921=DIRECTION('center_axis',(0.,0.,1.));
#1922=DIRECTION('ref_axis',(0.451206507888735,0.892419569058665,0.));
#1923=DIRECTION('',(0.,0.,1.));
#1924=DIRECTION('center_axis',(0.,1.,0.));
#1925=DIRECTION('ref_axis',(-1.,0.,0.));
#1926=DIRECTION('',(0.,0.,-1.));
#1927=DIRECTION('center_axis',(0.,0.,1.));
#1928=DIRECTION('ref_axis',(-0.908607744587645,0.417650531515706,0.));
#1929=DIRECTION('center_axis',(0.,0.,1.));
#1930=DIRECTION('ref_axis',(0.908607744587644,0.417650531515711,0.));
#1931=DIRECTION('',(0.,0.,1.));
#1932=DIRECTION('center_axis',(0.,1.,0.));
#1933=DIRECTION('ref_axis',(-1.,0.,0.));
#1934=DIRECTION('',(0.,0.,-1.));
#1935=DIRECTION('center_axis',(0.,0.,1.));
#1936=DIRECTION('ref_axis',(-0.451206507888736,0.892419569058664,0.));
#1937=DIRECTION('center_axis',(1.,0.,0.));
#1938=DIRECTION('ref_axis',(0.,0.,-1.));
#1939=DIRECTION('center_axis',(0.,0.,1.));
#1940=DIRECTION('ref_axis',(-0.989726143243779,-0.142976086741086,0.));
#1941=DIRECTION('',(0.,0.,1.));
#1942=DIRECTION('',(0.,0.,1.));
#1943=DIRECTION('center_axis',(-1.,0.,0.));
#1944=DIRECTION('ref_axis',(0.,-1.,0.));
#1945=DIRECTION('center_axis',(1.,0.,0.));
#1946=DIRECTION('ref_axis',(0.,1.,0.));
#1947=DIRECTION('',(0.,0.,1.));
#1948=DIRECTION('center_axis',(0.,0.,1.));
#1949=DIRECTION('ref_axis',(1.,0.,0.));
#1950=DIRECTION('',(0.,0.,-1.));
#1951=DIRECTION('center_axis',(0.,1.,0.));
#1952=DIRECTION('ref_axis',(1.,0.,0.));
#1953=DIRECTION('',(0.,1.,0.));
#1954=DIRECTION('center_axis',(0.,0.,1.));
#1955=DIRECTION('ref_axis',(6.12323399573677E-17,-1.,0.));
#1956=DIRECTION('',(0.,0.,1.));
#1957=DIRECTION('',(0.,0.,-1.));
#1958=DIRECTION('center_axis',(0.,0.,1.));
#1959=DIRECTION('ref_axis',(0.451206507888735,0.892419569058665,0.));
#1960=DIRECTION('',(0.,0.,1.));
#1961=DIRECTION('center_axis',(0.,1.,0.));
#1962=DIRECTION('ref_axis',(-1.,0.,0.));
#1963=DIRECTION('',(0.,0.,-1.));
#1964=DIRECTION('center_axis',(0.,0.,1.));
#1965=DIRECTION('ref_axis',(-0.908607744587645,0.417650531515706,0.));
#1966=DIRECTION('center_axis',(0.,0.,1.));
#1967=DIRECTION('ref_axis',(0.908607744587644,0.417650531515711,0.));
#1968=DIRECTION('',(0.,0.,1.));
#1969=DIRECTION('center_axis',(0.,1.,0.));
#1970=DIRECTION('ref_axis',(-1.,0.,0.));
#1971=DIRECTION('',(0.,0.,-1.));
#1972=DIRECTION('center_axis',(0.,0.,1.));
#1973=DIRECTION('ref_axis',(-0.451206507888736,0.892419569058664,0.));
#1974=DIRECTION('center_axis',(1.,0.,0.));
#1975=DIRECTION('ref_axis',(0.,1.,0.));
#1976=DIRECTION('',(0.,0.,1.));
#1977=DIRECTION('center_axis',(0.,0.,1.));
#1978=DIRECTION('ref_axis',(1.,0.,0.));
#1979=DIRECTION('',(0.,0.,-1.));
#1980=DIRECTION('center_axis',(0.,0.,1.));
#1981=DIRECTION('ref_axis',(0.451206507888735,0.892419569058665,0.));
#1982=DIRECTION('',(0.,0.,1.));
#1983=DIRECTION('center_axis',(0.,1.,0.));
#1984=DIRECTION('ref_axis',(-1.,0.,0.));
#1985=DIRECTION('',(0.,0.,-1.));
#1986=DIRECTION('center_axis',(0.,0.,1.));
#1987=DIRECTION('ref_axis',(-0.908607744587645,0.417650531515706,0.));
#1988=DIRECTION('center_axis',(0.,0.,1.));
#1989=DIRECTION('ref_axis',(-0.451206507888736,0.892419569058664,0.));
#1990=DIRECTION('center_axis',(0.,0.,-1.));
#1991=DIRECTION('ref_axis',(-0.451206507888736,0.892419569058664,0.));
#1992=DIRECTION('',(0.,0.,-1.));
#1993=DIRECTION('center_axis',(0.,0.,1.));
#1994=DIRECTION('ref_axis',(-0.451206507888736,0.892419569058664,0.));
#1995=DIRECTION('',(0.,0.,1.));
#1996=DIRECTION('center_axis',(0.,1.,0.));
#1997=DIRECTION('ref_axis',(-1.,0.,0.));
#1998=DIRECTION('',(0.,0.,1.));
#1999=DIRECTION('',(-1.,0.,0.));
#2000=DIRECTION('',(-1.,0.,0.));
#2001=DIRECTION('center_axis',(0.,0.,1.));
#2002=DIRECTION('ref_axis',(0.908607744587644,0.417650531515711,0.));
#2003=DIRECTION('center_axis',(0.,0.,-1.));
#2004=DIRECTION('ref_axis',(0.908607744587644,0.417650531515711,0.));
#2005=DIRECTION('',(0.,0.,-1.));
#2006=DIRECTION('center_axis',(0.,0.,1.));
#2007=DIRECTION('ref_axis',(0.908607744587644,0.417650531515711,0.));
#2008=DIRECTION('center_axis',(0.,0.,1.));
#2009=DIRECTION('ref_axis',(-0.908607744587642,-0.417650531515714,0.));
#2010=DIRECTION('',(0.,0.,-1.));
#2011=DIRECTION('center_axis',(0.,0.,1.));
#2012=DIRECTION('ref_axis',(1.,0.,0.));
#2013=DIRECTION('center_axis',(0.,0.,-1.));
#2014=DIRECTION('ref_axis',(1.,0.,0.));
#2015=DIRECTION('center_axis',(-1.,0.,0.));
#2016=DIRECTION('ref_axis',(0.,-1.,0.));
#2017=DIRECTION('',(0.,0.,1.));
#2018=DIRECTION('',(0.,-1.,0.));
#2019=DIRECTION('',(0.,0.,1.));
#2020=DIRECTION('',(0.,-1.,0.));
#2021=DIRECTION('center_axis',(0.,0.,1.));
#2022=DIRECTION('ref_axis',(-0.989726143243779,-0.142976086741086,0.));
#2023=DIRECTION('center_axis',(0.,0.,1.));
#2024=DIRECTION('ref_axis',(1.,0.,0.));
#2025=DIRECTION('center_axis',(0.,0.,1.));
#2026=DIRECTION('ref_axis',(1.,0.,0.));
#2027=DIRECTION('center_axis',(0.,0.,1.));
#2028=DIRECTION('ref_axis',(-0.451206507888736,0.892419569058664,0.));
#2029=DIRECTION('center_axis',(0.,0.,-1.));
#2030=DIRECTION('ref_axis',(-0.451206507888736,0.892419569058664,0.));
#2031=DIRECTION('',(0.,0.,-1.));
#2032=DIRECTION('center_axis',(0.,0.,1.));
#2033=DIRECTION('ref_axis',(-0.451206507888736,0.892419569058664,0.));
#2034=DIRECTION('',(0.,0.,1.));
#2035=DIRECTION('center_axis',(0.,1.,0.));
#2036=DIRECTION('ref_axis',(-1.,0.,0.));
#2037=DIRECTION('',(0.,0.,1.));
#2038=DIRECTION('',(-1.,0.,0.));
#2039=DIRECTION('',(-1.,0.,0.));
#2040=DIRECTION('center_axis',(0.,0.,1.));
#2041=DIRECTION('ref_axis',(0.908607744587644,0.417650531515711,0.));
#2042=DIRECTION('center_axis',(0.,0.,-1.));
#2043=DIRECTION('ref_axis',(0.908607744587644,0.417650531515711,0.));
#2044=DIRECTION('',(0.,0.,-1.));
#2045=DIRECTION('center_axis',(0.,0.,1.));
#2046=DIRECTION('ref_axis',(0.908607744587644,0.417650531515711,0.));
#2047=DIRECTION('center_axis',(0.,0.,1.));
#2048=DIRECTION('ref_axis',(-0.908607744587645,0.417650531515706,0.));
#2049=DIRECTION('center_axis',(0.,0.,-1.));
#2050=DIRECTION('ref_axis',(-0.908607744587645,0.417650531515706,0.));
#2051=DIRECTION('',(0.,0.,-1.));
#2052=DIRECTION('center_axis',(0.,0.,1.));
#2053=DIRECTION('ref_axis',(-0.908607744587645,0.417650531515706,0.));
#2054=DIRECTION('',(0.,0.,1.));
#2055=DIRECTION('center_axis',(0.,1.,0.));
#2056=DIRECTION('ref_axis',(-1.,0.,0.));
#2057=DIRECTION('',(0.,0.,1.));
#2058=DIRECTION('',(1.,0.,0.));
#2059=DIRECTION('',(-1.,0.,0.));
#2060=DIRECTION('center_axis',(0.,0.,1.));
#2061=DIRECTION('ref_axis',(0.451206507888735,0.892419569058665,0.));
#2062=DIRECTION('center_axis',(0.,0.,-1.));
#2063=DIRECTION('ref_axis',(0.451206507888735,0.892419569058665,0.));
#2064=DIRECTION('',(0.,0.,-1.));
#2065=DIRECTION('center_axis',(0.,0.,1.));
#2066=DIRECTION('ref_axis',(0.451206507888735,0.892419569058665,0.));
#2067=DIRECTION('center_axis',(0.,0.,1.));
#2068=DIRECTION('ref_axis',(6.12323399573677E-17,-1.,0.));
#2069=DIRECTION('center_axis',(0.,0.,1.));
#2070=DIRECTION('ref_axis',(1.,0.,0.));
#2071=DIRECTION('center_axis',(0.,0.,-1.));
#2072=DIRECTION('ref_axis',(1.,0.,0.));
#2073=DIRECTION('center_axis',(0.,1.,0.));
#2074=DIRECTION('ref_axis',(1.,0.,0.));
#2075=DIRECTION('center_axis',(0.,1.,0.));
#2076=DIRECTION('ref_axis',(1.,0.,0.));
#2077=DIRECTION('',(0.,1.,0.));
#2078=DIRECTION('center_axis',(0.,1.,0.));
#2079=DIRECTION('ref_axis',(1.,0.,0.));
#2080=DIRECTION('center_axis',(0.,0.,1.));
#2081=DIRECTION('ref_axis',(1.,0.,0.));
#2082=DIRECTION('',(0.,0.,1.));
#2083=DIRECTION('center_axis',(0.,0.,1.));
#2084=DIRECTION('ref_axis',(1.,0.,0.));
#2085=DIRECTION('center_axis',(0.,0.,1.));
#2086=DIRECTION('ref_axis',(1.,0.,0.));
#2087=DIRECTION('center_axis',(1.,0.,0.));
#2088=DIRECTION('ref_axis',(0.,1.,0.));
#2089=DIRECTION('',(0.,-1.,0.));
#2090=DIRECTION('',(0.,1.,0.));
#2091=DIRECTION('',(0.,0.,1.));
#2092=DIRECTION('center_axis',(-1.,0.,0.));
#2093=DIRECTION('ref_axis',(0.,-1.,0.));
#2094=DIRECTION('',(0.,0.,1.));
#2095=DIRECTION('',(0.,-1.,0.));
#2096=DIRECTION('',(0.,0.,1.));
#2097=DIRECTION('',(0.,-1.,0.));
#2098=DIRECTION('center_axis',(0.,0.,1.));
#2099=DIRECTION('ref_axis',(-0.989726143243779,-0.142976086741086,0.));
#2100=DIRECTION('center_axis',(0.,0.,1.));
#2101=DIRECTION('ref_axis',(1.,0.,0.));
#2102=DIRECTION('center_axis',(0.,0.,1.));
#2103=DIRECTION('ref_axis',(1.,0.,0.));
#2104=DIRECTION('center_axis',(0.,0.,1.));
#2105=DIRECTION('ref_axis',(-0.990752682661537,-0.135680218893421,0.));
#2106=DIRECTION('center_axis',(0.,0.,1.));
#2107=DIRECTION('ref_axis',(1.,0.,0.));
#2108=DIRECTION('',(0.,0.,-1.));
#2109=DIRECTION('center_axis',(0.,0.,1.));
#2110=DIRECTION('ref_axis',(1.,0.,0.));
#2111=DIRECTION('',(0.,0.,1.));
#2112=DIRECTION('center_axis',(0.,1.,0.));
#2113=DIRECTION('ref_axis',(-1.,0.,0.));
#2114=DIRECTION('',(0.,0.,1.));
#2115=DIRECTION('',(1.,0.,0.));
#2116=DIRECTION('',(-1.,0.,0.));
#2117=DIRECTION('center_axis',(0.,1.,0.));
#2118=DIRECTION('ref_axis',(-1.,0.,0.));
#2119=DIRECTION('',(0.,0.,-1.));
#2120=DIRECTION('',(-1.,0.,0.));
#2121=DIRECTION('',(0.,0.,1.));
#2122=DIRECTION('',(1.,0.,0.));
#2123=DIRECTION('center_axis',(0.,0.,1.));
#2124=DIRECTION('ref_axis',(1.,0.,0.));
#2125=DIRECTION('center_axis',(0.,0.,1.));
#2126=DIRECTION('ref_axis',(1.,0.,0.));
#2127=DIRECTION('center_axis',(0.,0.,1.));
#2128=DIRECTION('ref_axis',(1.,0.,0.));
#2129=DIRECTION('',(0.,0.,1.));
#2130=DIRECTION('center_axis',(-1.,0.,0.));
#2131=DIRECTION('ref_axis',(0.,0.,1.));
#2132=DIRECTION('',(0.,-1.,0.));
#2133=DIRECTION('',(0.,0.,1.));
#2134=DIRECTION('',(0.,1.,0.));
#2135=DIRECTION('center_axis',(1.,0.,0.));
#2136=DIRECTION('ref_axis',(0.,1.,0.));
#2137=DIRECTION('',(0.,-1.,0.));
#2138=DIRECTION('',(0.,1.,0.));
#2139=DIRECTION('',(0.,0.,-1.));
#2140=DIRECTION('center_axis',(0.,0.,1.));
#2141=DIRECTION('ref_axis',(-0.908607744587645,0.417650531515706,0.));
#2142=DIRECTION('center_axis',(0.,0.,-1.));
#2143=DIRECTION('ref_axis',(-0.908607744587645,0.417650531515706,0.));
#2144=DIRECTION('center_axis',(0.,0.,1.));
#2145=DIRECTION('ref_axis',(-0.908607744587645,0.417650531515706,0.));
#2146=DIRECTION('',(0.,0.,1.));
#2147=DIRECTION('center_axis',(0.,0.,1.));
#2148=DIRECTION('ref_axis',(-1.83697019872103E-16,-1.,0.));
#2149=DIRECTION('',(0.,0.,-1.));
#2150=DIRECTION('center_axis',(0.,0.,-1.));
#2151=DIRECTION('ref_axis',(1.,0.,0.));
#2152=DIRECTION('center_axis',(0.,0.,1.));
#2153=DIRECTION('ref_axis',(1.,0.,0.));
#2154=DIRECTION('center_axis',(0.,0.,-1.));
#2155=DIRECTION('ref_axis',(0.908607744587644,0.417650531515711,0.));
#2156=DIRECTION('center_axis',(0.,0.,1.));
#2157=DIRECTION('ref_axis',(0.908607744587644,0.417650531515711,0.));
#2158=DIRECTION('center_axis',(0.,0.,-1.));
#2159=DIRECTION('ref_axis',(0.908607744587644,0.417650531515711,0.));
#2160=DIRECTION('center_axis',(0.,-1.,0.));
#2161=DIRECTION('ref_axis',(1.,0.,0.));
#2162=DIRECTION('',(-1.,0.,0.));
#2163=DIRECTION('',(1.,0.,0.));
#2164=DIRECTION('center_axis',(0.,-1.,0.));
#2165=DIRECTION('ref_axis',(1.,0.,0.));
#2166=DIRECTION('',(-1.,0.,0.));
#2167=DIRECTION('',(1.,0.,0.));
#2168=DIRECTION('center_axis',(0.,1.,0.));
#2169=DIRECTION('ref_axis',(1.,0.,0.));
#2170=DIRECTION('center_axis',(0.,1.,0.));
#2171=DIRECTION('ref_axis',(1.,0.,0.));
#2172=DIRECTION('',(0.,1.,0.));
#2173=DIRECTION('center_axis',(0.,0.,1.));
#2174=DIRECTION('ref_axis',(-1.,0.,0.));
#2175=DIRECTION('center_axis',(0.,0.,1.));
#2176=DIRECTION('ref_axis',(1.,0.,0.));
#2177=DIRECTION('',(0.911921505175106,-0.410364677328798,0.));
#2178=DIRECTION('',(-1.,0.,0.));
#2179=DIRECTION('',(0.911921505175106,-0.410364677328799,0.));
#2180=DIRECTION('',(-0.876215908676647,-0.481918749772155,0.));
#2181=DIRECTION('',(-0.943858356366018,-0.330350424728106,0.));
#2182=DIRECTION('center_axis',(0.,-1.,0.));
#2183=DIRECTION('ref_axis',(1.,0.,0.));
#2184=DIRECTION('',(0.,0.,1.));
#2185=DIRECTION('',(1.,0.,0.));
#2186=DIRECTION('center_axis',(0.,0.,1.));
#2187=DIRECTION('ref_axis',(1.,0.,0.));
#2188=DIRECTION('',(-0.911921505175106,0.410364677328798,0.));
#2189=DIRECTION('',(0.943858356366018,0.330350424728106,0.));
#2190=DIRECTION('',(0.876215908676647,0.481918749772155,0.));
#2191=DIRECTION('',(-0.911921505175106,0.410364677328799,0.));
#2192=DIRECTION('center_axis',(-0.330350424728106,0.943858356366018,0.));
#2193=DIRECTION('ref_axis',(0.943858356366018,0.330350424728106,0.));
#2194=DIRECTION('',(0.,0.,-1.));
#2195=DIRECTION('',(0.,0.,-1.));
#2196=DIRECTION('center_axis',(-0.481918749772155,0.876215908676647,0.));
#2197=DIRECTION('ref_axis',(0.876215908676647,0.481918749772155,0.));
#2198=DIRECTION('',(0.,0.,-1.));
#2199=DIRECTION('center_axis',(-0.410364677328799,-0.911921505175106,0.));
#2200=DIRECTION('ref_axis',(-0.911921505175106,0.410364677328799,0.));
#2201=DIRECTION('center_axis',(-0.410364677328798,-0.911921505175106,0.));
#2202=DIRECTION('ref_axis',(-0.911921505175106,0.410364677328798,0.));
#2203=CARTESIAN_POINT('',(0.,0.,0.));
#2204=CARTESIAN_POINT('Origin',(160.48737138221,-29.5,20.));
#2205=CARTESIAN_POINT('',(160.48737138221,-29.4959737783956,0.));
#2206=CARTESIAN_POINT('',(160.48737138221,-29.4959737783956,20.));
#2207=CARTESIAN_POINT('',(160.48737138221,-29.4959737783956,0.));
#2208=CARTESIAN_POINT('',(160.48737138221,-29.5,0.));
#2209=CARTESIAN_POINT('',(160.48737138221,-14.75,0.));
#2210=CARTESIAN_POINT('',(160.48737138221,-29.5,20.));
#2211=CARTESIAN_POINT('',(160.48737138221,-29.5,20.));
#2212=CARTESIAN_POINT('',(160.48737138221,-14.75,20.));
#2213=CARTESIAN_POINT('Origin',(160.,0.,20.));
#2214=CARTESIAN_POINT('',(165.447571366205,-31.7320899927976,20.));
#2215=CARTESIAN_POINT('',(154.764971639087,-26.9249201155947,20.));
#2216=CARTESIAN_POINT('',(160.096383749954,-34.6752431817353,20.));
#2217=CARTESIAN_POINT('',(170.056046655968,-29.1974285834277,20.));
#2218=CARTESIAN_POINT('',(159.8,-34.7818962010042,20.));
#2219=CARTESIAN_POINT('',(165.577361669943,-32.7029257257261,20.));
#2220=CARTESIAN_POINT('',(155.539016653748,-36.2732403721922,20.));
#2221=CARTESIAN_POINT('',(165.311654196148,-32.8528172323525,20.));
#2222=CARTESIAN_POINT('',(159.456544683097,-38.036127985399,20.));
#2223=CARTESIAN_POINT('',(150.606802590865,-34.0537440438946,20.));
#2224=CARTESIAN_POINT('',(160.487370690572,-38.5,20.));
#2225=CARTESIAN_POINT('',(152.565563387588,-34.9351843218279,20.));
#2226=CARTESIAN_POINT('',(340.859650045003,-38.5,20.));
#2227=CARTESIAN_POINT('',(339.859650045003,-38.5,20.));
#2228=CARTESIAN_POINT('',(340.859650045003,-27.4795378418197,20.));
#2229=CARTESIAN_POINT('',(340.859650045003,20.8596500450032,20.));
#2230=CARTESIAN_POINT('',(347.783920695531,20.4524754194809,20.));
#2231=CARTESIAN_POINT('Origin',(320.,0.,20.));
#2232=CARTESIAN_POINT('',(346.978589660878,20.8596500450032,20.));
#2233=CARTESIAN_POINT('Origin',(346.978589660878,19.8596500450032,20.));
#2234=CARTESIAN_POINT('',(343.148310955446,20.8596500450032,20.));
#2235=CARTESIAN_POINT('',(340.859650045003,20.8596500450032,20.));
#2236=CARTESIAN_POINT('',(342.389349940513,19.2085139779539,20.));
#2237=CARTESIAN_POINT('Origin',(343.148310955446,19.8596500450032,20.));
#2238=CARTESIAN_POINT('',(297.610650059487,19.2085139779539,20.));
#2239=CARTESIAN_POINT('Origin',(320.,0.,20.));
#2240=CARTESIAN_POINT('',(296.851689044554,20.8596500450032,20.));
#2241=CARTESIAN_POINT('Origin',(296.851689044554,19.8596500450032,20.));
#2242=CARTESIAN_POINT('',(293.021410339122,20.8596500450032,20.));
#2243=CARTESIAN_POINT('',(340.859650045003,20.8596500450032,20.));
#2244=CARTESIAN_POINT('',(292.216079304469,20.4524754194809,20.));
#2245=CARTESIAN_POINT('Origin',(293.021410339122,19.8596500450031,20.));
#2246=CARTESIAN_POINT('',(299.140349954997,-27.4795378418197,20.));
#2247=CARTESIAN_POINT('Origin',(320.,0.,20.));
#2248=CARTESIAN_POINT('',(299.140349954997,-34.5,20.));
#2249=CARTESIAN_POINT('',(299.140349954997,20.8596500450032,20.));
#2250=CARTESIAN_POINT('',(260.859650045003,-34.5,20.));
#2251=CARTESIAN_POINT('',(-19.8596500450031,-34.5,20.));
#2252=CARTESIAN_POINT('',(260.859650045003,-27.4795378418197,20.));
#2253=CARTESIAN_POINT('',(260.859650045003,20.8596500450032,20.));
#2254=CARTESIAN_POINT('',(267.783920695531,20.4524754194809,20.));
#2255=CARTESIAN_POINT('Origin',(240.,0.,20.));
#2256=CARTESIAN_POINT('',(266.978589660878,20.8596500450032,20.));
#2257=CARTESIAN_POINT('Origin',(266.978589660878,19.8596500450032,20.));
#2258=CARTESIAN_POINT('',(263.148310955446,20.8596500450032,20.));
#2259=CARTESIAN_POINT('',(260.859650045003,20.8596500450032,20.));
#2260=CARTESIAN_POINT('',(262.389349940513,19.2085139779539,20.));
#2261=CARTESIAN_POINT('Origin',(263.148310955446,19.8596500450032,20.));
#2262=CARTESIAN_POINT('',(217.610650059487,19.2085139779539,20.));
#2263=CARTESIAN_POINT('Origin',(240.,0.,20.));
#2264=CARTESIAN_POINT('',(216.851689044554,20.8596500450032,20.));
#2265=CARTESIAN_POINT('Origin',(216.851689044554,19.8596500450032,20.));
#2266=CARTESIAN_POINT('',(213.021410339122,20.8596500450032,20.));
#2267=CARTESIAN_POINT('',(260.859650045003,20.8596500450032,20.));
#2268=CARTESIAN_POINT('',(212.216079304469,20.4524754194809,20.));
#2269=CARTESIAN_POINT('Origin',(213.021410339122,19.8596500450031,20.));
#2270=CARTESIAN_POINT('',(219.140349954997,-27.4795378418197,20.));
#2271=CARTESIAN_POINT('Origin',(240.,0.,20.));
#2272=CARTESIAN_POINT('',(219.140349954997,-34.5,20.));
#2273=CARTESIAN_POINT('',(219.140349954997,20.8596500450032,20.));
#2274=CARTESIAN_POINT('',(180.859650045003,-34.5,20.));
#2275=CARTESIAN_POINT('',(-19.8596500450031,-34.5,20.));
#2276=CARTESIAN_POINT('',(180.859650045003,-27.4795378418197,20.));
#2277=CARTESIAN_POINT('',(180.859650045003,20.8596500450032,20.));
#2278=CARTESIAN_POINT('',(187.783920695531,20.4524754194809,20.));
#2279=CARTESIAN_POINT('Origin',(160.,0.,20.));
#2280=CARTESIAN_POINT('',(186.978589660878,20.8596500450032,20.));
#2281=CARTESIAN_POINT('Origin',(186.978589660878,19.8596500450032,20.));
#2282=CARTESIAN_POINT('',(183.148310955446,20.8596500450032,20.));
#2283=CARTESIAN_POINT('',(180.859650045003,20.8596500450032,20.));
#2284=CARTESIAN_POINT('',(182.389349940513,19.2085139779539,20.));
#2285=CARTESIAN_POINT('Origin',(183.148310955446,19.8596500450032,20.));
#2286=CARTESIAN_POINT('Origin',(160.,0.,20.));
#2287=CARTESIAN_POINT('Origin',(155.539016653748,-36.2732403721922,20.));
#2288=CARTESIAN_POINT('',(159.456544683097,-38.036127985399,0.));
#2289=CARTESIAN_POINT('',(155.539016653748,-36.2732403721922,0.));
#2290=CARTESIAN_POINT('',(150.606802590865,-34.0537440438946,0.));
#2291=CARTESIAN_POINT('',(159.456544683097,-38.036127985399,20.));
#2292=CARTESIAN_POINT('',(155.539016653748,-36.2732403721922,20.));
#2293=CARTESIAN_POINT('Origin',(159.8,-34.7818962010042,20.));
#2294=CARTESIAN_POINT('',(159.8,-34.7818962010042,0.));
#2295=CARTESIAN_POINT('',(165.311654196148,-32.8528172323525,0.));
#2296=CARTESIAN_POINT('',(159.8,-34.7818962010042,20.));
#2297=CARTESIAN_POINT('Origin',(160.096383749954,-34.6752431817353,20.));
#2298=CARTESIAN_POINT('',(160.096383749954,-34.6752431817353,0.));
#2299=CARTESIAN_POINT('',(165.577361669943,-32.7029257257261,0.));
#2300=CARTESIAN_POINT('',(160.096383749954,-34.6752431817353,20.));
#2301=CARTESIAN_POINT('Origin',(165.447571366205,-31.7320899927976,20.));
#2302=CARTESIAN_POINT('',(165.447571366205,-31.7320899927976,0.));
#2303=CARTESIAN_POINT('',(170.056046655968,-29.1974285834277,0.));
#2304=CARTESIAN_POINT('',(165.447571366205,-31.7320899927976,20.));
#2305=CARTESIAN_POINT('Origin',(160.48737138221,-29.5,20.));
#2306=CARTESIAN_POINT('',(154.764971639087,-26.9249201155947,0.));
#2307=CARTESIAN_POINT('Origin',(159.456544683097,-38.036127985399,20.));
#2308=CARTESIAN_POINT('',(160.487370690572,-38.5,0.));
#2309=CARTESIAN_POINT('',(152.565563387588,-34.9351843218279,0.));
#2310=CARTESIAN_POINT('',(160.487370690572,-38.5,15.));
#2311=CARTESIAN_POINT('Origin',(160.,-38.5,10.));
#2312=CARTESIAN_POINT('',(340.859650045003,-38.5,0.));
#2313=CARTESIAN_POINT('',(-19.8596500450031,-38.5,0.));
#2314=CARTESIAN_POINT('',(340.859650045003,-38.5,20.));
#2315=CARTESIAN_POINT('',(227.,-38.5,10.));
#2316=CARTESIAN_POINT('Origin',(230.,-38.5,10.));
#2317=CARTESIAN_POINT('Origin',(160.,0.,0.));
#2318=CARTESIAN_POINT('',(182.389349940513,19.2085139779539,0.));
#2319=CARTESIAN_POINT('Origin',(160.,0.,0.));
#2320=CARTESIAN_POINT('',(183.148310955446,20.8596500450032,0.));
#2321=CARTESIAN_POINT('Origin',(183.148310955446,19.8596500450032,0.));
#2322=CARTESIAN_POINT('',(186.978589660878,20.8596500450032,0.));
#2323=CARTESIAN_POINT('',(180.859650045003,20.8596500450032,0.));
#2324=CARTESIAN_POINT('',(187.783920695531,20.4524754194809,0.));
#2325=CARTESIAN_POINT('Origin',(186.978589660878,19.8596500450032,0.));
#2326=CARTESIAN_POINT('',(180.859650045003,-27.4795378418197,0.));
#2327=CARTESIAN_POINT('Origin',(160.,0.,0.));
#2328=CARTESIAN_POINT('',(180.859650045003,-34.5,0.));
#2329=CARTESIAN_POINT('',(180.859650045003,20.8596500450032,0.));
#2330=CARTESIAN_POINT('',(219.140349954997,-34.5,0.));
#2331=CARTESIAN_POINT('',(339.859650045003,-34.5,0.));
#2332=CARTESIAN_POINT('',(219.140349954997,-27.4795378418197,0.));
#2333=CARTESIAN_POINT('',(219.140349954997,20.8596500450032,0.));
#2334=CARTESIAN_POINT('',(212.216079304469,20.4524754194809,0.));
#2335=CARTESIAN_POINT('Origin',(240.,0.,0.));
#2336=CARTESIAN_POINT('',(213.021410339122,20.8596500450032,0.));
#2337=CARTESIAN_POINT('Origin',(213.021410339122,19.8596500450031,0.));
#2338=CARTESIAN_POINT('',(216.851689044554,20.8596500450032,0.));
#2339=CARTESIAN_POINT('',(260.859650045003,20.8596500450032,0.));
#2340=CARTESIAN_POINT('',(217.610650059487,19.2085139779539,0.));
#2341=CARTESIAN_POINT('Origin',(216.851689044554,19.8596500450032,0.));
#2342=CARTESIAN_POINT('',(262.389349940513,19.2085139779539,0.));
#2343=CARTESIAN_POINT('Origin',(240.,0.,0.));
#2344=CARTESIAN_POINT('',(263.148310955446,20.8596500450032,0.));
#2345=CARTESIAN_POINT('Origin',(263.148310955446,19.8596500450032,0.));
#2346=CARTESIAN_POINT('',(266.978589660878,20.8596500450032,0.));
#2347=CARTESIAN_POINT('',(260.859650045003,20.8596500450032,0.));
#2348=CARTESIAN_POINT('',(267.783920695531,20.4524754194809,0.));
#2349=CARTESIAN_POINT('Origin',(266.978589660878,19.8596500450032,0.));
#2350=CARTESIAN_POINT('',(260.859650045003,-27.4795378418197,0.));
#2351=CARTESIAN_POINT('Origin',(240.,0.,0.));
#2352=CARTESIAN_POINT('',(260.859650045003,-34.5,0.));
#2353=CARTESIAN_POINT('',(260.859650045003,20.8596500450032,0.));
#2354=CARTESIAN_POINT('',(299.140349954997,-34.5,0.));
#2355=CARTESIAN_POINT('',(339.859650045003,-34.5,0.));
#2356=CARTESIAN_POINT('',(299.140349954997,-27.4795378418197,0.));
#2357=CARTESIAN_POINT('',(299.140349954997,20.8596500450032,0.));
#2358=CARTESIAN_POINT('',(292.216079304469,20.4524754194809,0.));
#2359=CARTESIAN_POINT('Origin',(320.,0.,0.));
#2360=CARTESIAN_POINT('',(293.021410339122,20.8596500450032,0.));
#2361=CARTESIAN_POINT('Origin',(293.021410339122,19.8596500450031,0.));
#2362=CARTESIAN_POINT('',(296.851689044554,20.8596500450032,0.));
#2363=CARTESIAN_POINT('',(340.859650045003,20.8596500450032,0.));
#2364=CARTESIAN_POINT('',(297.610650059487,19.2085139779539,0.));
#2365=CARTESIAN_POINT('Origin',(296.851689044554,19.8596500450032,0.));
#2366=CARTESIAN_POINT('',(342.389349940513,19.2085139779539,0.));
#2367=CARTESIAN_POINT('Origin',(320.,0.,0.));
#2368=CARTESIAN_POINT('',(343.148310955446,20.8596500450032,0.));
#2369=CARTESIAN_POINT('Origin',(343.148310955446,19.8596500450032,0.));
#2370=CARTESIAN_POINT('',(346.978589660878,20.8596500450032,0.));
#2371=CARTESIAN_POINT('',(340.859650045003,20.8596500450032,0.));
#2372=CARTESIAN_POINT('',(347.783920695531,20.4524754194809,0.));
#2373=CARTESIAN_POINT('Origin',(346.978589660878,19.8596500450032,0.));
#2374=CARTESIAN_POINT('',(340.859650045003,-27.4795378418197,0.));
#2375=CARTESIAN_POINT('Origin',(320.,0.,0.));
#2376=CARTESIAN_POINT('',(340.859650045003,-34.5,0.));
#2377=CARTESIAN_POINT('Origin',(160.,0.,0.));
#2378=CARTESIAN_POINT('',(182.389349940513,19.2085139779539,0.));
#2379=CARTESIAN_POINT('Ctrl Pts',(233.,-33.5,10.));
#2380=CARTESIAN_POINT('Ctrl Pts',(233.,-33.5,6.99999999999999));
#2381=CARTESIAN_POINT('Ctrl Pts',(230.,-33.5,6.99999999999999));
#2382=CARTESIAN_POINT('Ctrl Pts',(227.,-33.5,6.99999999999999));
#2383=CARTESIAN_POINT('Ctrl Pts',(227.,-33.5,10.));
#2384=CARTESIAN_POINT('Ctrl Pts',(227.,-33.5,13.));
#2385=CARTESIAN_POINT('Ctrl Pts',(230.,-33.5,13.));
#2386=CARTESIAN_POINT('Ctrl Pts',(233.,-33.5,13.));
#2387=CARTESIAN_POINT('Ctrl Pts',(233.,-33.5,10.));
#2388=CARTESIAN_POINT('Ctrl Pts',(235.,-32.5513167019495,10.));
#2389=CARTESIAN_POINT('Ctrl Pts',(235.,-32.5513167019495,5.));
#2390=CARTESIAN_POINT('Ctrl Pts',(230.,-32.5513167019495,5.));
#2391=CARTESIAN_POINT('Ctrl Pts',(225.,-32.5513167019495,5.));
#2392=CARTESIAN_POINT('Ctrl Pts',(225.,-32.5513167019495,10.));
#2393=CARTESIAN_POINT('Ctrl Pts',(225.,-32.5513167019495,15.));
#2394=CARTESIAN_POINT('Ctrl Pts',(230.,-32.5513167019495,15.));
#2395=CARTESIAN_POINT('Ctrl Pts',(235.,-32.5513167019495,15.));
#2396=CARTESIAN_POINT('Ctrl Pts',(235.,-32.5513167019495,10.));
#2397=CARTESIAN_POINT('Ctrl Pts',(235.,-30.3377223398316,10.));
#2398=CARTESIAN_POINT('Ctrl Pts',(235.,-30.3377223398316,5.));
#2399=CARTESIAN_POINT('Ctrl Pts',(230.,-30.3377223398316,5.));
#2400=CARTESIAN_POINT('Ctrl Pts',(225.,-30.3377223398316,5.));
#2401=CARTESIAN_POINT('Ctrl Pts',(225.,-30.3377223398316,10.));
#2402=CARTESIAN_POINT('Ctrl Pts',(225.,-30.3377223398316,15.));
#2403=CARTESIAN_POINT('Ctrl Pts',(230.,-30.3377223398316,15.));
#2404=CARTESIAN_POINT('Ctrl Pts',(235.,-30.3377223398316,15.));
#2405=CARTESIAN_POINT('Ctrl Pts',(235.,-30.3377223398316,10.));
#2406=CARTESIAN_POINT('',(235.,-30.3377223398316,10.));
#2407=CARTESIAN_POINT('',(225.,-30.3377223398316,10.));
#2408=CARTESIAN_POINT('Origin',(230.,-30.3377223398316,10.));
#2409=CARTESIAN_POINT('Origin',(230.,-30.3377223398316,10.));
#2410=CARTESIAN_POINT('',(233.,-33.5,10.));
#2411=CARTESIAN_POINT('Origin',(231.5,-30.3377223398316,10.));
#2412=CARTESIAN_POINT('',(227.,-33.5,10.));
#2413=CARTESIAN_POINT('Origin',(230.,-33.5,10.));
#2414=CARTESIAN_POINT('Origin',(230.,-33.5,10.));
#2415=CARTESIAN_POINT('Origin',(230.,-33.5,10.));
#2416=CARTESIAN_POINT('',(225.,-25.4017715917611,10.));
#2417=CARTESIAN_POINT('',(225.,-33.5,10.));
#2418=CARTESIAN_POINT('Ctrl Pts',(225.,-25.4017715917611,10.));
#2419=CARTESIAN_POINT('Ctrl Pts',(225.,-25.4017715917611,9.36977006529728));
#2420=CARTESIAN_POINT('Ctrl Pts',(225.126544894542,-25.477662195419,8.70627080513726));
#2421=CARTESIAN_POINT('Ctrl Pts',(225.620669692988,-25.7597708551545,7.50084610797643));
#2422=CARTESIAN_POINT('Ctrl Pts',(225.987667990964,-25.963809679549,6.95817342013708));
#2423=CARTESIAN_POINT('Ctrl Pts',(226.848959506718,-26.411309322091,6.06406214526417));
#2424=CARTESIAN_POINT('Ctrl Pts',(227.417094996092,-26.6906091836174,5.6651854044163));
#2425=CARTESIAN_POINT('Ctrl Pts',(228.668024616549,-27.2452647414275,5.13298262837862));
#2426=CARTESIAN_POINT('Ctrl Pts',(229.351385293331,-27.519671593819,5.));
#2427=CARTESIAN_POINT('Ctrl Pts',(230.61605427964,-27.9753526926883,5.));
#2428=CARTESIAN_POINT('Ctrl Pts',(231.283929010921,-28.1903845126218,5.1211304326013));
#2429=CARTESIAN_POINT('Ctrl Pts',(232.526869074599,-28.54505186864,5.63344810856857));
#2430=CARTESIAN_POINT('Ctrl Pts',(233.10141040034,-28.6858256717936,6.02511777127477));
#2431=CARTESIAN_POINT('Ctrl Pts',(233.99062091175,-28.8848680386666,6.92478149009078));
#2432=CARTESIAN_POINT('Ctrl Pts',(234.370531063662,-28.9590219385666,7.48262507690599));
#2433=CARTESIAN_POINT('Ctrl Pts',(234.875241321467,-29.0525854207158,8.70742833522861));
#2434=CARTESIAN_POINT('Ctrl Pts',(235.,-29.0731835202133,9.37431399653094));
#2435=CARTESIAN_POINT('Ctrl Pts',(235.,-29.0731835202133,10.6256860034691));
#2436=CARTESIAN_POINT('Ctrl Pts',(234.875241321467,-29.0525854207158,11.2925716647714));
#2437=CARTESIAN_POINT('Ctrl Pts',(234.370531063662,-28.9590219385666,12.517374923094));
#2438=CARTESIAN_POINT('Ctrl Pts',(233.99062091175,-28.8848680386666,13.0752185099092));
#2439=CARTESIAN_POINT('Ctrl Pts',(233.10141040034,-28.6858256717936,13.9748822287252));
#2440=CARTESIAN_POINT('Ctrl Pts',(232.526869074599,-28.5450518686399,14.3665518914314));
#2441=CARTESIAN_POINT('Ctrl Pts',(231.283929010921,-28.1903845126218,14.8788695673987));
#2442=CARTESIAN_POINT('Ctrl Pts',(230.61605427964,-27.9753526926883,15.));
#2443=CARTESIAN_POINT('Ctrl Pts',(229.351385293331,-27.519671593819,15.));
#2444=CARTESIAN_POINT('Ctrl Pts',(228.668024616549,-27.2452647414275,14.8670173716214));
#2445=CARTESIAN_POINT('Ctrl Pts',(227.417094996092,-26.6906091836174,14.3348145955837));
#2446=CARTESIAN_POINT('Ctrl Pts',(226.848959506718,-26.411309322091,13.9359378547358));
#2447=CARTESIAN_POINT('Ctrl Pts',(225.987667990964,-25.963809679549,13.0418265798629));
#2448=CARTESIAN_POINT('Ctrl Pts',(225.620669692988,-25.7597708551545,12.4991538920236));
#2449=CARTESIAN_POINT('Ctrl Pts',(225.126544894542,-25.477662195419,11.2937291948627));
#2450=CARTESIAN_POINT('Ctrl Pts',(225.,-25.4017715917611,10.6302299347027));
#2451=CARTESIAN_POINT('Ctrl Pts',(225.,-25.4017715917611,10.));
#2452=CARTESIAN_POINT('Origin',(160.,-34.5,10.));
#2453=CARTESIAN_POINT('',(260.859650045003,-34.5,0.));
#2454=CARTESIAN_POINT('',(299.140349954997,-34.5,5.));
#2455=CARTESIAN_POINT('Origin',(160.,-34.5,10.));
#2456=CARTESIAN_POINT('',(180.859650045003,-34.5,0.));
#2457=CARTESIAN_POINT('',(219.140349954997,-34.5,0.));
#2458=CARTESIAN_POINT('Origin',(320.,0.,0.));
#2459=CARTESIAN_POINT('',(292.216079304469,20.4524754194809,0.));
#2460=CARTESIAN_POINT('',(299.140349954997,-27.4795378418197,0.));
#2461=CARTESIAN_POINT('Origin',(299.140349954997,-27.4795378418197,0.));
#2462=CARTESIAN_POINT('Origin',(320.,0.,0.));
#2463=CARTESIAN_POINT('',(340.859650045003,-27.4795378418197,0.));
#2464=CARTESIAN_POINT('',(347.783920695531,20.4524754194809,0.));
#2465=CARTESIAN_POINT('Origin',(320.,0.,0.));
#2466=CARTESIAN_POINT('',(342.389349940513,19.2085139779539,0.));
#2467=CARTESIAN_POINT('',(297.610650059487,19.2085139779539,0.));
#2468=CARTESIAN_POINT('Origin',(346.978589660878,19.8596500450032,0.));
#2469=CARTESIAN_POINT('',(346.978589660878,20.8596500450032,0.));
#2470=CARTESIAN_POINT('Origin',(347.47953784182,20.8596500450032,0.));
#2471=CARTESIAN_POINT('',(343.148310955446,20.8596500450032,0.));
#2472=CARTESIAN_POINT('Origin',(343.148310955446,19.8596500450032,0.));
#2473=CARTESIAN_POINT('Origin',(296.851689044554,19.8596500450032,0.));
#2474=CARTESIAN_POINT('',(296.851689044554,20.8596500450032,0.));
#2475=CARTESIAN_POINT('Origin',(299.140349954997,20.8596500450032,0.));
#2476=CARTESIAN_POINT('',(293.021410339122,20.8596500450032,0.));
#2477=CARTESIAN_POINT('Origin',(293.021410339122,19.8596500450031,0.));
#2478=CARTESIAN_POINT('Origin',(340.859650045003,-34.5,0.));
#2479=CARTESIAN_POINT('Origin',(240.,0.,0.));
#2480=CARTESIAN_POINT('',(212.216079304469,20.4524754194809,0.));
#2481=CARTESIAN_POINT('',(219.140349954997,-27.4795378418197,0.));
#2482=CARTESIAN_POINT('Origin',(219.140349954997,-27.4795378418197,0.));
#2483=CARTESIAN_POINT('Origin',(260.859650045003,-34.5,0.));
#2484=CARTESIAN_POINT('',(260.859650045003,-27.4795378418197,0.));
#2485=CARTESIAN_POINT('Origin',(240.,0.,0.));
#2486=CARTESIAN_POINT('',(267.783920695531,20.4524754194809,0.));
#2487=CARTESIAN_POINT('Origin',(230.,-34.5,10.));
#2488=CARTESIAN_POINT('',(227.,-34.5,10.));
#2489=CARTESIAN_POINT('Origin',(240.,0.,0.));
#2490=CARTESIAN_POINT('',(262.389349940513,19.2085139779539,0.));
#2491=CARTESIAN_POINT('',(217.610650059487,19.2085139779539,0.));
#2492=CARTESIAN_POINT('Origin',(266.978589660878,19.8596500450032,0.));
#2493=CARTESIAN_POINT('',(266.978589660878,20.8596500450032,0.));
#2494=CARTESIAN_POINT('Origin',(267.47953784182,20.8596500450032,0.));
#2495=CARTESIAN_POINT('',(263.148310955446,20.8596500450032,0.));
#2496=CARTESIAN_POINT('Origin',(263.148310955446,19.8596500450032,0.));
#2497=CARTESIAN_POINT('Origin',(216.851689044554,19.8596500450032,0.));
#2498=CARTESIAN_POINT('',(216.851689044554,20.8596500450032,0.));
#2499=CARTESIAN_POINT('Origin',(219.140349954997,20.8596500450032,0.));
#2500=CARTESIAN_POINT('',(213.021410339122,20.8596500450032,0.));
#2501=CARTESIAN_POINT('Origin',(213.021410339122,19.8596500450031,0.));
#2502=CARTESIAN_POINT('Origin',(180.859650045003,-34.5,0.));
#2503=CARTESIAN_POINT('',(180.859650045003,-27.4795378418197,0.));
#2504=CARTESIAN_POINT('Origin',(160.,0.,0.));
#2505=CARTESIAN_POINT('',(187.783920695531,20.4524754194809,0.));
#2506=CARTESIAN_POINT('Origin',(186.978589660878,19.8596500450032,0.));
#2507=CARTESIAN_POINT('',(186.978589660878,20.8596500450032,0.));
#2508=CARTESIAN_POINT('Origin',(187.47953784182,20.8596500450032,0.));
#2509=CARTESIAN_POINT('',(183.148310955446,20.8596500450032,0.));
#2510=CARTESIAN_POINT('Origin',(183.148310955446,19.8596500450032,0.));
#2511=CARTESIAN_POINT('Origin',(133.021410339122,19.8596500450031,0.));
#2512=CARTESIAN_POINT('',(132.216079304469,20.4524754194809,20.));
#2513=CARTESIAN_POINT('',(133.021410339122,20.8596500450032,20.));
#2514=CARTESIAN_POINT('Origin',(133.021410339122,19.8596500450031,20.));
#2515=CARTESIAN_POINT('',(133.021410339122,20.8596500450032,0.));
#2516=CARTESIAN_POINT('',(133.021410339122,20.8596500450032,0.));
#2517=CARTESIAN_POINT('',(132.216079304469,20.4524754194809,0.));
#2518=CARTESIAN_POINT('Origin',(133.021410339122,19.8596500450031,0.));
#2519=CARTESIAN_POINT('',(132.216079304469,20.4524754194809,0.));
#2520=CARTESIAN_POINT('Origin',(139.140349954997,20.8596500450032,0.));
#2521=CARTESIAN_POINT('',(136.851689044554,20.8596500450032,0.));
#2522=CARTESIAN_POINT('',(136.851689044554,20.8596500450032,20.));
#2523=CARTESIAN_POINT('',(136.851689044554,20.8596500450032,0.));
#2524=CARTESIAN_POINT('',(180.859650045003,20.8596500450032,0.));
#2525=CARTESIAN_POINT('',(180.859650045003,20.8596500450032,20.));
#2526=CARTESIAN_POINT('Origin',(136.851689044554,19.8596500450032,0.));
#2527=CARTESIAN_POINT('',(137.610650059487,19.2085139779539,20.));
#2528=CARTESIAN_POINT('Origin',(136.851689044554,19.8596500450032,20.));
#2529=CARTESIAN_POINT('',(137.610650059487,19.2085139779539,0.));
#2530=CARTESIAN_POINT('',(137.610650059487,19.2085139779539,0.));
#2531=CARTESIAN_POINT('Origin',(136.851689044554,19.8596500450032,0.));
#2532=CARTESIAN_POINT('Origin',(160.,0.,0.));
#2533=CARTESIAN_POINT('',(160.,-29.5,20.));
#2534=CARTESIAN_POINT('',(160.,-29.5,0.));
#2535=CARTESIAN_POINT('',(160.,-29.5,0.));
#2536=CARTESIAN_POINT('Origin',(160.,0.,0.));
#2537=CARTESIAN_POINT('Origin',(160.,0.,20.));
#2538=CARTESIAN_POINT('Origin',(139.140349954997,-27.4795378418197,0.));
#2539=CARTESIAN_POINT('',(139.140349954997,-27.4795378418197,0.));
#2540=CARTESIAN_POINT('',(139.140349954997,-27.4795378418197,20.));
#2541=CARTESIAN_POINT('',(139.140349954997,-27.4795378418197,0.));
#2542=CARTESIAN_POINT('',(139.140349954997,-34.5,0.));
#2543=CARTESIAN_POINT('',(139.140349954997,20.8596500450032,0.));
#2544=CARTESIAN_POINT('',(139.140349954997,-34.5,20.));
#2545=CARTESIAN_POINT('',(139.140349954997,-34.5,0.));
#2546=CARTESIAN_POINT('',(139.140349954997,20.8596500450032,20.));
#2547=CARTESIAN_POINT('Origin',(160.,0.,0.));
#2548=CARTESIAN_POINT('Origin',(160.,0.,20.));
#2549=CARTESIAN_POINT('Origin',(160.,0.,0.));
#2550=CARTESIAN_POINT('Origin',(53.0214103391225,19.8596500450031,0.));
#2551=CARTESIAN_POINT('',(52.2160793044694,20.4524754194809,20.));
#2552=CARTESIAN_POINT('',(53.0214103391225,20.8596500450032,20.));
#2553=CARTESIAN_POINT('Origin',(53.0214103391225,19.8596500450031,20.));
#2554=CARTESIAN_POINT('',(53.0214103391225,20.8596500450032,0.));
#2555=CARTESIAN_POINT('',(53.0214103391225,20.8596500450032,0.));
#2556=CARTESIAN_POINT('',(52.2160793044694,20.4524754194809,0.));
#2557=CARTESIAN_POINT('Origin',(53.0214103391225,19.8596500450031,0.));
#2558=CARTESIAN_POINT('',(52.2160793044694,20.4524754194809,0.));
#2559=CARTESIAN_POINT('Origin',(59.1403499549968,20.8596500450032,0.));
#2560=CARTESIAN_POINT('',(56.8516890445543,20.8596500450032,0.));
#2561=CARTESIAN_POINT('',(56.8516890445543,20.8596500450032,20.));
#2562=CARTESIAN_POINT('',(56.8516890445543,20.8596500450032,0.));
#2563=CARTESIAN_POINT('',(100.859650045003,20.8596500450032,0.));
#2564=CARTESIAN_POINT('',(100.859650045003,20.8596500450032,20.));
#2565=CARTESIAN_POINT('Origin',(56.8516890445543,19.8596500450032,0.));
#2566=CARTESIAN_POINT('',(57.610650059487,19.2085139779539,20.));
#2567=CARTESIAN_POINT('Origin',(56.8516890445543,19.8596500450032,20.));
#2568=CARTESIAN_POINT('',(57.610650059487,19.2085139779539,0.));
#2569=CARTESIAN_POINT('',(57.610650059487,19.2085139779539,0.));
#2570=CARTESIAN_POINT('Origin',(56.8516890445543,19.8596500450032,0.));
#2571=CARTESIAN_POINT('Origin',(103.148310955446,19.8596500450032,0.));
#2572=CARTESIAN_POINT('',(102.389349940513,19.2085139779539,20.));
#2573=CARTESIAN_POINT('',(103.148310955446,20.8596500450032,20.));
#2574=CARTESIAN_POINT('Origin',(103.148310955446,19.8596500450032,20.));
#2575=CARTESIAN_POINT('',(103.148310955446,20.8596500450032,0.));
#2576=CARTESIAN_POINT('',(103.148310955446,20.8596500450032,0.));
#2577=CARTESIAN_POINT('',(102.389349940513,19.2085139779539,0.));
#2578=CARTESIAN_POINT('Origin',(103.148310955446,19.8596500450032,0.));
#2579=CARTESIAN_POINT('',(102.389349940513,19.2085139779539,0.));
#2580=CARTESIAN_POINT('Origin',(107.47953784182,20.8596500450032,0.));
#2581=CARTESIAN_POINT('',(106.978589660878,20.8596500450032,0.));
#2582=CARTESIAN_POINT('',(106.978589660878,20.8596500450032,20.));
#2583=CARTESIAN_POINT('',(106.978589660878,20.8596500450032,0.));
#2584=CARTESIAN_POINT('',(100.859650045003,20.8596500450032,0.));
#2585=CARTESIAN_POINT('',(100.859650045003,20.8596500450032,20.));
#2586=CARTESIAN_POINT('Origin',(106.978589660878,19.8596500450032,0.));
#2587=CARTESIAN_POINT('',(107.783920695531,20.4524754194809,20.));
#2588=CARTESIAN_POINT('Origin',(106.978589660878,19.8596500450032,20.));
#2589=CARTESIAN_POINT('',(107.783920695531,20.4524754194809,0.));
#2590=CARTESIAN_POINT('',(107.783920695531,20.4524754194809,0.));
#2591=CARTESIAN_POINT('Origin',(106.978589660878,19.8596500450032,0.));
#2592=CARTESIAN_POINT('Origin',(80.,0.,0.));
#2593=CARTESIAN_POINT('Origin',(80.,0.,0.));
#2594=CARTESIAN_POINT('Origin',(80.,0.,20.));
#2595=CARTESIAN_POINT('',(85.,-29.0731835202133,10.));
#2596=CARTESIAN_POINT('Ctrl Pts',(85.,-29.0731835202133,10.));
#2597=CARTESIAN_POINT('Ctrl Pts',(85.,-29.0731835202133,9.37431399653094));
#2598=CARTESIAN_POINT('Ctrl Pts',(85.1247586785329,-29.0525854207158,8.70742833522861));
#2599=CARTESIAN_POINT('Ctrl Pts',(85.6294689363381,-28.9590219385666,7.48262507690599));
#2600=CARTESIAN_POINT('Ctrl Pts',(86.00937908825,-28.8848680386666,6.92478149009078));
#2601=CARTESIAN_POINT('Ctrl Pts',(86.8985895996597,-28.6858256717936,6.02511777127477));
#2602=CARTESIAN_POINT('Ctrl Pts',(87.4731309254007,-28.54505186864,5.63344810856857));
#2603=CARTESIAN_POINT('Ctrl Pts',(88.7160709890793,-28.1903845126218,5.1211304326013));
#2604=CARTESIAN_POINT('Ctrl Pts',(89.3839457203597,-27.9753526926883,5.));
#2605=CARTESIAN_POINT('Ctrl Pts',(90.6486147066694,-27.5196715938191,5.));
#2606=CARTESIAN_POINT('Ctrl Pts',(91.3319753834506,-27.2452647414275,5.13298262837864));
#2607=CARTESIAN_POINT('Ctrl Pts',(92.5829050039078,-26.6906091836174,5.66518540441632));
#2608=CARTESIAN_POINT('Ctrl Pts',(93.1510404932818,-26.411309322091,6.06406214526417));
#2609=CARTESIAN_POINT('Ctrl Pts',(94.0123320090363,-25.963809679549,6.95817342013707));
#2610=CARTESIAN_POINT('Ctrl Pts',(94.3793303070125,-25.7597708551545,7.50084610797642));
#2611=CARTESIAN_POINT('Ctrl Pts',(94.8734551054578,-25.477662195419,8.70627080513726));
#2612=CARTESIAN_POINT('Ctrl Pts',(95.,-25.4017715917611,9.36977006529728));
#2613=CARTESIAN_POINT('Ctrl Pts',(95.,-25.4017715917611,10.6302299347027));
#2614=CARTESIAN_POINT('Ctrl Pts',(94.8734551054578,-25.477662195419,11.2937291948627));
#2615=CARTESIAN_POINT('Ctrl Pts',(94.3793303070125,-25.7597708551545,12.4991538920236));
#2616=CARTESIAN_POINT('Ctrl Pts',(94.0123320090363,-25.963809679549,13.0418265798629));
#2617=CARTESIAN_POINT('Ctrl Pts',(93.1510404932818,-26.411309322091,13.9359378547358));
#2618=CARTESIAN_POINT('Ctrl Pts',(92.5829050039078,-26.6906091836174,14.3348145955837));
#2619=CARTESIAN_POINT('Ctrl Pts',(91.3319753834506,-27.2452647414275,14.8670173716214));
#2620=CARTESIAN_POINT('Ctrl Pts',(90.6486147066694,-27.5196715938191,15.));
#2621=CARTESIAN_POINT('Ctrl Pts',(89.3839457203597,-27.9753526926883,15.));
#2622=CARTESIAN_POINT('Ctrl Pts',(88.7160709890792,-28.1903845126218,14.8788695673987));
#2623=CARTESIAN_POINT('Ctrl Pts',(87.4731309254006,-28.54505186864,14.3665518914314));
#2624=CARTESIAN_POINT('Ctrl Pts',(86.8985895996597,-28.6858256717936,13.9748822287252));
#2625=CARTESIAN_POINT('Ctrl Pts',(86.00937908825,-28.8848680386666,13.0752185099092));
#2626=CARTESIAN_POINT('Ctrl Pts',(85.6294689363381,-28.9590219385666,12.517374923094));
#2627=CARTESIAN_POINT('Ctrl Pts',(85.1247586785329,-29.0525854207158,11.2925716647714));
#2628=CARTESIAN_POINT('Ctrl Pts',(85.,-29.0731835202133,10.6256860034691));
#2629=CARTESIAN_POINT('Ctrl Pts',(85.,-29.0731835202133,10.));
#2630=CARTESIAN_POINT('Origin',(90.,-34.5,10.));
#2631=CARTESIAN_POINT('',(87.,-38.5,10.));
#2632=CARTESIAN_POINT('Origin',(90.,-38.5,10.));
#2633=CARTESIAN_POINT('',(87.,-33.5,10.));
#2634=CARTESIAN_POINT('',(87.,-34.5,10.));
#2635=CARTESIAN_POINT('Origin',(90.,-33.5,10.));
#2636=CARTESIAN_POINT('Origin',(80.,0.,0.));
#2637=CARTESIAN_POINT('',(100.859650045003,-27.4795378418197,0.));
#2638=CARTESIAN_POINT('',(100.859650045003,-27.4795378418197,20.));
#2639=CARTESIAN_POINT('',(100.859650045003,-27.4795378418197,0.));
#2640=CARTESIAN_POINT('Origin',(80.,0.,0.));
#2641=CARTESIAN_POINT('Origin',(80.,0.,20.));
#2642=CARTESIAN_POINT('Origin',(100.859650045003,-34.5,0.));
#2643=CARTESIAN_POINT('',(100.859650045003,-34.5,0.));
#2644=CARTESIAN_POINT('',(100.859650045003,20.8596500450032,0.));
#2645=CARTESIAN_POINT('',(100.859650045003,-34.5,20.));
#2646=CARTESIAN_POINT('',(100.859650045003,20.8596500450032,20.));
#2647=CARTESIAN_POINT('',(100.859650045003,-34.5,0.));
#2648=CARTESIAN_POINT('Origin',(59.1403499549969,-27.4795378418197,0.));
#2649=CARTESIAN_POINT('',(59.1403499549969,-27.4795378418197,0.));
#2650=CARTESIAN_POINT('',(59.1403499549969,-27.4795378418197,20.));
#2651=CARTESIAN_POINT('',(59.1403499549969,-27.4795378418197,0.));
#2652=CARTESIAN_POINT('',(59.1403499549969,-34.5,0.));
#2653=CARTESIAN_POINT('',(59.1403499549969,20.8596500450032,0.));
#2654=CARTESIAN_POINT('',(59.1403499549969,-34.5,20.));
#2655=CARTESIAN_POINT('',(59.1403499549969,-34.5,0.));
#2656=CARTESIAN_POINT('',(59.1403499549969,20.8596500450032,20.));
#2657=CARTESIAN_POINT('Origin',(80.,0.,0.));
#2658=CARTESIAN_POINT('Origin',(80.,0.,20.));
#2659=CARTESIAN_POINT('Origin',(80.,0.,0.));
#2660=CARTESIAN_POINT('Origin',(0.,0.,0.));
#2661=CARTESIAN_POINT('',(-27.4795378418197,20.8596500450032,20.));
#2662=CARTESIAN_POINT('',(-20.8596500450032,-27.4795378418197,20.));
#2663=CARTESIAN_POINT('Origin',(0.,0.,20.));
#2664=CARTESIAN_POINT('',(-27.4795378418197,20.8596500450032,0.));
#2665=CARTESIAN_POINT('',(-27.4795378418197,20.8596500450032,0.));
#2666=CARTESIAN_POINT('',(-20.8596500450031,-27.4795378418197,0.));
#2667=CARTESIAN_POINT('Origin',(0.,0.,0.));
#2668=CARTESIAN_POINT('',(-20.8596500450031,-27.4795378418197,0.));
#2669=CARTESIAN_POINT('Origin',(27.4795378418197,20.8596500450032,0.));
#2670=CARTESIAN_POINT('',(-23.1483109554457,20.8596500450032,0.));
#2671=CARTESIAN_POINT('',(-23.1483109554457,20.8596500450032,20.));
#2672=CARTESIAN_POINT('',(-23.1483109554457,20.8596500450032,0.));
#2673=CARTESIAN_POINT('',(3.80994389840827,20.8596500450032,0.));
#2674=CARTESIAN_POINT('',(20.8596500450032,20.8596500450032,20.));
#2675=CARTESIAN_POINT('Origin',(27.4795378418197,20.8596500450032,0.));
#2676=CARTESIAN_POINT('',(23.1483109554457,20.8596500450032,20.));
#2677=CARTESIAN_POINT('',(23.1483109554457,20.8596500450032,0.));
#2678=CARTESIAN_POINT('',(23.1483109554457,20.8596500450032,0.));
#2679=CARTESIAN_POINT('',(27.4795378418197,20.8596500450032,20.));
#2680=CARTESIAN_POINT('',(20.8596500450032,20.8596500450032,20.));
#2681=CARTESIAN_POINT('',(27.4795378418197,20.8596500450032,0.));
#2682=CARTESIAN_POINT('',(27.4795378418197,20.8596500450032,0.));
#2683=CARTESIAN_POINT('',(20.8596500450032,20.8596500450032,0.));
#2684=CARTESIAN_POINT('Origin',(0.,0.,0.));
#2685=CARTESIAN_POINT('',(20.8596500450032,-27.4795378418197,0.));
#2686=CARTESIAN_POINT('Origin',(0.,0.,0.));
#2687=CARTESIAN_POINT('',(20.8596500450032,-27.4795378418197,20.));
#2688=CARTESIAN_POINT('Origin',(0.,0.,20.));
#2689=CARTESIAN_POINT('',(20.8596500450032,-27.4795378418197,0.));
#2690=CARTESIAN_POINT('Origin',(-20.8596500450031,-34.5,20.));
#2691=CARTESIAN_POINT('',(-20.8596500450031,-38.5,0.));
#2692=CARTESIAN_POINT('',(-20.8596500450031,20.8596500450032,0.));
#2693=CARTESIAN_POINT('',(-20.8596500450031,-38.5,20.));
#2694=CARTESIAN_POINT('',(-20.8596500450031,-38.5,0.));
#2695=CARTESIAN_POINT('',(-20.8596500450031,-34.5,20.));
#2696=CARTESIAN_POINT('Origin',(20.8596500450032,-34.5,0.));
#2697=CARTESIAN_POINT('',(20.8596500450032,-34.5,0.));
#2698=CARTESIAN_POINT('',(20.8596500450032,20.8596500450032,0.));
#2699=CARTESIAN_POINT('',(20.8596500450032,-34.5,20.));
#2700=CARTESIAN_POINT('',(20.8596500450032,20.8596500450032,20.));
#2701=CARTESIAN_POINT('',(20.8596500450032,-34.5,5.));
#2702=CARTESIAN_POINT('Origin',(23.1483109554457,19.8596500450032,0.));
#2703=CARTESIAN_POINT('',(22.389349940513,19.2085139779539,20.));
#2704=CARTESIAN_POINT('Origin',(23.1483109554457,19.8596500450032,20.));
#2705=CARTESIAN_POINT('',(22.389349940513,19.2085139779539,0.));
#2706=CARTESIAN_POINT('Origin',(23.1483109554457,19.8596500450032,0.));
#2707=CARTESIAN_POINT('',(22.389349940513,19.2085139779539,0.));
#2708=CARTESIAN_POINT('Origin',(0.,0.,0.));
#2709=CARTESIAN_POINT('',(-22.389349940513,19.2085139779539,20.));
#2710=CARTESIAN_POINT('',(-22.389349940513,19.2085139779539,0.));
#2711=CARTESIAN_POINT('',(-22.389349940513,19.2085139779539,0.));
#2712=CARTESIAN_POINT('Origin',(0.,0.,20.));
#2713=CARTESIAN_POINT('Origin',(0.,0.,0.));
#2714=CARTESIAN_POINT('Origin',(-23.1483109554457,19.8596500450032,0.));
#2715=CARTESIAN_POINT('Origin',(-23.1483109554457,19.8596500450032,0.));
#2716=CARTESIAN_POINT('Origin',(-23.1483109554457,19.8596500450032,20.));
#2717=CARTESIAN_POINT('Origin',(160.,-34.5,10.));
#2718=CARTESIAN_POINT('',(339.859650045003,-34.5,0.));
#2719=CARTESIAN_POINT('',(-19.8596500450031,-34.5,20.));
#2720=CARTESIAN_POINT('Origin',(160.,-34.5,10.));
#2721=CARTESIAN_POINT('',(339.859650045003,-34.5,0.));
#2722=CARTESIAN_POINT('',(-19.8596500450031,-34.5,20.));
#2723=CARTESIAN_POINT('Origin',(90.,-33.5,10.));
#2724=CARTESIAN_POINT('',(85.,-30.3377223398316,10.));
#2725=CARTESIAN_POINT('Origin',(90.,-30.3377223398316,10.));
#2726=CARTESIAN_POINT('',(85.,-33.5,10.));
#2727=CARTESIAN_POINT('Ctrl Pts',(87.,-33.5,10.));
#2728=CARTESIAN_POINT('Ctrl Pts',(87.,-33.5,13.));
#2729=CARTESIAN_POINT('Ctrl Pts',(90.,-33.5,13.));
#2730=CARTESIAN_POINT('Ctrl Pts',(93.,-33.5,13.));
#2731=CARTESIAN_POINT('Ctrl Pts',(93.,-33.5,10.));
#2732=CARTESIAN_POINT('Ctrl Pts',(93.,-33.5,7.00000000000001));
#2733=CARTESIAN_POINT('Ctrl Pts',(90.,-33.5,7.00000000000001));
#2734=CARTESIAN_POINT('Ctrl Pts',(87.,-33.5,7.00000000000001));
#2735=CARTESIAN_POINT('Ctrl Pts',(87.,-33.5,10.));
#2736=CARTESIAN_POINT('Ctrl Pts',(85.,-32.5513167019495,10.));
#2737=CARTESIAN_POINT('Ctrl Pts',(85.,-32.5513167019495,15.));
#2738=CARTESIAN_POINT('Ctrl Pts',(90.,-32.5513167019495,15.));
#2739=CARTESIAN_POINT('Ctrl Pts',(95.,-32.5513167019495,15.));
#2740=CARTESIAN_POINT('Ctrl Pts',(95.,-32.5513167019495,10.));
#2741=CARTESIAN_POINT('Ctrl Pts',(95.,-32.5513167019495,5.));
#2742=CARTESIAN_POINT('Ctrl Pts',(90.,-32.5513167019495,5.));
#2743=CARTESIAN_POINT('Ctrl Pts',(85.,-32.5513167019495,5.));
#2744=CARTESIAN_POINT('Ctrl Pts',(85.,-32.5513167019495,10.));
#2745=CARTESIAN_POINT('Ctrl Pts',(85.,-30.3377223398316,10.));
#2746=CARTESIAN_POINT('Ctrl Pts',(85.,-30.3377223398316,15.));
#2747=CARTESIAN_POINT('Ctrl Pts',(90.,-30.3377223398316,15.));
#2748=CARTESIAN_POINT('Ctrl Pts',(95.,-30.3377223398316,15.));
#2749=CARTESIAN_POINT('Ctrl Pts',(95.,-30.3377223398316,10.));
#2750=CARTESIAN_POINT('Ctrl Pts',(95.,-30.3377223398316,5.));
#2751=CARTESIAN_POINT('Ctrl Pts',(90.,-30.3377223398316,5.));
#2752=CARTESIAN_POINT('Ctrl Pts',(85.,-30.3377223398316,5.));
#2753=CARTESIAN_POINT('Ctrl Pts',(85.,-30.3377223398316,10.));
#2754=CARTESIAN_POINT('Origin',(88.5,-30.3377223398316,10.));
#2755=CARTESIAN_POINT('Origin',(160.,0.,0.));
#2756=CARTESIAN_POINT('',(155.,-36.25,0.));
#2757=CARTESIAN_POINT('',(160.,-38.5,0.));
#2758=CARTESIAN_POINT('',(152.796257796258,-35.258316008316,0.));
#2759=CARTESIAN_POINT('',(-19.8596500450031,-38.5,0.));
#2760=CARTESIAN_POINT('',(165.,-31.75,0.));
#2761=CARTESIAN_POINT('',(156.980249480249,-28.1411122661123,0.));
#2762=CARTESIAN_POINT('',(160.,-34.5,0.));
#2763=CARTESIAN_POINT('',(167.284069097889,-30.4937619961612,0.));
#2764=CARTESIAN_POINT('',(162.878619153675,-33.4924832962138,0.));
#2765=CARTESIAN_POINT('Origin',(160.,-38.5,10.));
#2766=CARTESIAN_POINT('',(160.,-38.5,20.));
#2767=CARTESIAN_POINT('',(160.,-38.5,15.));
#2768=CARTESIAN_POINT('',(339.859650045003,-38.5,20.));
#2769=CARTESIAN_POINT('Origin',(160.,0.,20.));
#2770=CARTESIAN_POINT('',(155.,-36.25,20.));
#2771=CARTESIAN_POINT('',(152.796257796258,-35.258316008316,20.));
#2772=CARTESIAN_POINT('',(160.,-34.5,20.));
#2773=CARTESIAN_POINT('',(162.878619153675,-33.4924832962138,20.));
#2774=CARTESIAN_POINT('',(165.,-31.75,20.));
#2775=CARTESIAN_POINT('',(167.284069097889,-30.4937619961612,20.));
#2776=CARTESIAN_POINT('',(156.980249480249,-28.1411122661123,20.));
#2777=CARTESIAN_POINT('Origin',(155.,-36.25,20.));
#2778=CARTESIAN_POINT('',(160.,-34.5,20.));
#2779=CARTESIAN_POINT('',(155.,-36.25,20.));
#2780=CARTESIAN_POINT('Origin',(160.,-34.5,20.));
#2781=CARTESIAN_POINT('',(165.,-31.75,20.));
#2782=CARTESIAN_POINT('Origin',(165.,-31.75,20.));
#2783=CARTESIAN_POINT('Origin',(160.,-38.5,20.));
#2784=UNCERTAINTY_MEASURE_WITH_UNIT(LENGTH_MEASURE(0.01),#2788,
'DISTANCE_ACCURACY_VALUE',
'Maximum model space distance between geometric entities at asserted c
onnectivities');
#2785=UNCERTAINTY_MEASURE_WITH_UNIT(LENGTH_MEASURE(0.01),#2788,
'DISTANCE_ACCURACY_VALUE',
'Maximum model space distance between geometric entities at asserted c
onnectivities');
#2786=(
GEOMETRIC_REPRESENTATION_CONTEXT(3)
GLOBAL_UNCERTAINTY_ASSIGNED_CONTEXT((#2784))
GLOBAL_UNIT_ASSIGNED_CONTEXT((#2788,#2790,#2791))
REPRESENTATION_CONTEXT('','3D')
);
#2787=(
GEOMETRIC_REPRESENTATION_CONTEXT(3)
GLOBAL_UNCERTAINTY_ASSIGNED_CONTEXT((#2785))
GLOBAL_UNIT_ASSIGNED_CONTEXT((#2788,#2790,#2791))
REPRESENTATION_CONTEXT('','3D')
);
#2788=(
LENGTH_UNIT()
NAMED_UNIT(*)
SI_UNIT(.MILLI.,.METRE.)
);
#2789=(
LENGTH_UNIT()
NAMED_UNIT(*)
SI_UNIT($,.METRE.)
);
#2790=(
NAMED_UNIT(*)
PLANE_ANGLE_UNIT()
SI_UNIT($,.RADIAN.)
);
#2791=(
NAMED_UNIT(*)
SI_UNIT($,.STERADIAN.)
SOLID_ANGLE_UNIT()
);
#2792=SHAPE_DEFINITION_REPRESENTATION(#2793,#2794);
#2793=PRODUCT_DEFINITION_SHAPE('',$,#2796);
#2794=SHAPE_REPRESENTATION('',(#1580),#2786);
#2795=PRODUCT_DEFINITION_CONTEXT('part definition',#2800,'design');
#2796=PRODUCT_DEFINITION('225mL centrifuge bottle shaker mount',
'225mL centrifuge bottle shaker mount v3',#2797,#2795);
#2797=PRODUCT_DEFINITION_FORMATION('',$,#2802);
#2798=PRODUCT_RELATED_PRODUCT_CATEGORY(
'225mL centrifuge bottle shaker mount v3',
'225mL centrifuge bottle shaker mount v3',(#2802));
#2799=APPLICATION_PROTOCOL_DEFINITION('international standard',
'automotive_design',2009,#2800);
#2800=APPLICATION_CONTEXT(
'Core Data for Automotive Mechanical Design Process');
#2801=PRODUCT_CONTEXT('part definition',#2800,'mechanical');
#2802=PRODUCT('225mL centrifuge bottle shaker mount',
'225mL centrifuge bottle shaker mount v3',$,(#2801));
#2803=PRESENTATION_STYLE_ASSIGNMENT((#2804));
#2804=SURFACE_STYLE_USAGE(.BOTH.,#2805);
#2805=SURFACE_SIDE_STYLE('',(#2806));
#2806=SURFACE_STYLE_FILL_AREA(#2807);
#2807=FILL_AREA_STYLE('Plastic - Matte (Gray)',(#2808));
#2808=FILL_AREA_STYLE_COLOUR('Plastic - Matte (Gray)',#2809);
#2809=COLOUR_RGB('Plastic - Matte (Gray)',0.701960784313725,0.701960784313725,
0.701960784313725);
ENDSEC;
END-ISO-10303-21;
