ISO-10303-21;
HEADER;
/* Generated by software containing ST-Developer
 * from STEP Tools, Inc. (www.steptools.com) 
 */

FILE_DESCRIPTION(
/* description */ (''),
/* implementation_level */ '2;1');

FILE_NAME(
/* name */ 'smart_jar_lid_v3.step',
/* time_stamp */ '2026-03-17T23:35:44-04:00',
/* author */ (''),
/* organization */ (''),
/* preprocessor_version */ 'ST-DEVELOPER v20.1',
/* originating_system */ 'Autodesk Translation Framework v14.24.0.0',
/* authorisation */ '');

FILE_SCHEMA (('AUTOMOTIVE_DESIGN { 1 0 10303 214 3 1 1 }'));
ENDSEC;

DATA;
#10=MECHANICAL_DESIGN_GEOMETRIC_PRESENTATION_REPRESENTATION('',(#13,#14),
#6149);
#11=SHAPE_REPRESENTATION_RELATIONSHIP('SRR','None',#6156,#12);
#12=ADVANCED_BREP_SHAPE_REPRESENTATION('',(#15,#16),#6148);
#13=STYLED_ITEM('',(#6165),#15);
#14=STYLED_ITEM('',(#6165),#16);
#15=MANIFOLD_SOLID_BREP('LID',#3610);
#16=MANIFOLD_SOLID_BREP('lid lid',#3611);
#17=CONICAL_SURFACE('',#3973,58.2,0.785398163397449);
#18=CONICAL_SURFACE('',#3977,58.25,0.78539816339745);
#19=FACE_BOUND('',#302,.T.);
#20=FACE_BOUND('',#308,.T.);
#21=FACE_BOUND('',#325,.T.);
#22=FACE_BOUND('',#327,.T.);
#23=FACE_BOUND('',#328,.T.);
#24=FACE_BOUND('',#337,.T.);
#25=FACE_BOUND('',#485,.T.);
#26=FACE_BOUND('',#488,.T.);
#27=CYLINDRICAL_SURFACE('',#3631,59.8);
#28=CYLINDRICAL_SURFACE('',#3635,57.4);
#29=CYLINDRICAL_SURFACE('',#3646,57.974);
#30=CYLINDRICAL_SURFACE('',#3647,57.4);
#31=CYLINDRICAL_SURFACE('',#3731,60.6);
#32=CYLINDRICAL_SURFACE('',#3733,6.);
#33=CYLINDRICAL_SURFACE('',#3747,59.8);
#34=CYLINDRICAL_SURFACE('',#3750,60.6);
#35=CYLINDRICAL_SURFACE('',#3753,59.8);
#36=CYLINDRICAL_SURFACE('',#3830,60.6);
#37=CYLINDRICAL_SURFACE('',#3832,59.8);
#38=CYLINDRICAL_SURFACE('',#3834,60.6);
#39=CYLINDRICAL_SURFACE('',#3836,59.8);
#40=CYLINDRICAL_SURFACE('',#3838,60.6);
#41=CYLINDRICAL_SURFACE('',#3840,59.8);
#42=CYLINDRICAL_SURFACE('',#3842,60.6);
#43=CYLINDRICAL_SURFACE('',#3844,59.8);
#44=CYLINDRICAL_SURFACE('',#3846,60.6);
#45=CYLINDRICAL_SURFACE('',#3848,59.8);
#46=CYLINDRICAL_SURFACE('',#3850,60.6);
#47=CYLINDRICAL_SURFACE('',#3852,59.8);
#48=CYLINDRICAL_SURFACE('',#3854,60.6);
#49=CYLINDRICAL_SURFACE('',#3856,59.8);
#50=CYLINDRICAL_SURFACE('',#3858,60.6);
#51=CYLINDRICAL_SURFACE('',#3860,59.8);
#52=CYLINDRICAL_SURFACE('',#3862,60.6);
#53=CYLINDRICAL_SURFACE('',#3864,59.8);
#54=CYLINDRICAL_SURFACE('',#3866,60.6);
#55=CYLINDRICAL_SURFACE('',#3868,59.8);
#56=CYLINDRICAL_SURFACE('',#3870,60.6);
#57=CYLINDRICAL_SURFACE('',#3872,59.8);
#58=CYLINDRICAL_SURFACE('',#3874,60.6);
#59=CYLINDRICAL_SURFACE('',#3876,59.8);
#60=CYLINDRICAL_SURFACE('',#3878,60.6);
#61=CYLINDRICAL_SURFACE('',#3880,59.8);
#62=CYLINDRICAL_SURFACE('',#3882,60.6);
#63=CYLINDRICAL_SURFACE('',#3884,59.8);
#64=CYLINDRICAL_SURFACE('',#3886,60.6);
#65=CYLINDRICAL_SURFACE('',#3888,59.8);
#66=CYLINDRICAL_SURFACE('',#3890,60.6);
#67=CYLINDRICAL_SURFACE('',#3892,59.8);
#68=CYLINDRICAL_SURFACE('',#3894,60.6);
#69=CYLINDRICAL_SURFACE('',#3896,59.8);
#70=CYLINDRICAL_SURFACE('',#3898,60.6);
#71=CYLINDRICAL_SURFACE('',#3900,59.8);
#72=CYLINDRICAL_SURFACE('',#3902,60.6);
#73=CYLINDRICAL_SURFACE('',#3904,59.8);
#74=CYLINDRICAL_SURFACE('',#3906,60.6);
#75=CYLINDRICAL_SURFACE('',#3908,59.8);
#76=CYLINDRICAL_SURFACE('',#3910,60.6);
#77=CYLINDRICAL_SURFACE('',#3912,59.8);
#78=CYLINDRICAL_SURFACE('',#3914,60.6);
#79=CYLINDRICAL_SURFACE('',#3916,59.8);
#80=CYLINDRICAL_SURFACE('',#3918,60.6);
#81=CYLINDRICAL_SURFACE('',#3920,59.8);
#82=CYLINDRICAL_SURFACE('',#3922,60.6);
#83=CYLINDRICAL_SURFACE('',#3924,59.8);
#84=CYLINDRICAL_SURFACE('',#3926,60.6);
#85=CYLINDRICAL_SURFACE('',#3928,59.8);
#86=CYLINDRICAL_SURFACE('',#3930,60.6);
#87=CYLINDRICAL_SURFACE('',#3932,59.8);
#88=CYLINDRICAL_SURFACE('',#3934,60.6);
#89=CYLINDRICAL_SURFACE('',#3936,60.6);
#90=CYLINDRICAL_SURFACE('',#3938,59.8);
#91=CYLINDRICAL_SURFACE('',#3940,60.6);
#92=CYLINDRICAL_SURFACE('',#3942,59.8);
#93=CYLINDRICAL_SURFACE('',#3944,60.6);
#94=CYLINDRICAL_SURFACE('',#3946,59.8);
#95=CYLINDRICAL_SURFACE('',#3948,60.6);
#96=CYLINDRICAL_SURFACE('',#3950,59.8);
#97=CYLINDRICAL_SURFACE('',#3952,60.6);
#98=CYLINDRICAL_SURFACE('',#3954,59.8);
#99=CYLINDRICAL_SURFACE('',#3956,60.6);
#100=CYLINDRICAL_SURFACE('',#3958,59.8);
#101=CYLINDRICAL_SURFACE('',#3960,60.6);
#102=CYLINDRICAL_SURFACE('',#3962,59.8);
#103=CYLINDRICAL_SURFACE('',#3964,60.6);
#104=CYLINDRICAL_SURFACE('',#3966,59.8);
#105=CYLINDRICAL_SURFACE('',#3968,60.6);
#106=CYLINDRICAL_SURFACE('',#3970,59.8);
#107=CYLINDRICAL_SURFACE('',#3975,57.4);
#108=CYLINDRICAL_SURFACE('',#3981,59.);
#109=CYLINDRICAL_SURFACE('',#3984,60.6);
#110=CYLINDRICAL_SURFACE('',#3985,57.4);
#111=FACE_OUTER_BOUND('',#298,.T.);
#112=FACE_OUTER_BOUND('',#299,.T.);
#113=FACE_OUTER_BOUND('',#300,.T.);
#114=FACE_OUTER_BOUND('',#301,.T.);
#115=FACE_OUTER_BOUND('',#303,.T.);
#116=FACE_OUTER_BOUND('',#304,.T.);
#117=FACE_OUTER_BOUND('',#305,.T.);
#118=FACE_OUTER_BOUND('',#306,.T.);
#119=FACE_OUTER_BOUND('',#307,.T.);
#120=FACE_OUTER_BOUND('',#309,.T.);
#121=FACE_OUTER_BOUND('',#310,.T.);
#122=FACE_OUTER_BOUND('',#311,.T.);
#123=FACE_OUTER_BOUND('',#312,.T.);
#124=FACE_OUTER_BOUND('',#313,.T.);
#125=FACE_OUTER_BOUND('',#314,.T.);
#126=FACE_OUTER_BOUND('',#315,.T.);
#127=FACE_OUTER_BOUND('',#316,.T.);
#128=FACE_OUTER_BOUND('',#317,.T.);
#129=FACE_OUTER_BOUND('',#318,.T.);
#130=FACE_OUTER_BOUND('',#319,.T.);
#131=FACE_OUTER_BOUND('',#320,.T.);
#132=FACE_OUTER_BOUND('',#321,.T.);
#133=FACE_OUTER_BOUND('',#322,.T.);
#134=FACE_OUTER_BOUND('',#323,.T.);
#135=FACE_OUTER_BOUND('',#324,.T.);
#136=FACE_OUTER_BOUND('',#326,.T.);
#137=FACE_OUTER_BOUND('',#329,.T.);
#138=FACE_OUTER_BOUND('',#330,.T.);
#139=FACE_OUTER_BOUND('',#331,.T.);
#140=FACE_OUTER_BOUND('',#332,.T.);
#141=FACE_OUTER_BOUND('',#333,.T.);
#142=FACE_OUTER_BOUND('',#334,.T.);
#143=FACE_OUTER_BOUND('',#335,.T.);
#144=FACE_OUTER_BOUND('',#336,.T.);
#145=FACE_OUTER_BOUND('',#338,.T.);
#146=FACE_OUTER_BOUND('',#339,.T.);
#147=FACE_OUTER_BOUND('',#340,.T.);
#148=FACE_OUTER_BOUND('',#341,.T.);
#149=FACE_OUTER_BOUND('',#342,.T.);
#150=FACE_OUTER_BOUND('',#343,.T.);
#151=FACE_OUTER_BOUND('',#344,.T.);
#152=FACE_OUTER_BOUND('',#345,.T.);
#153=FACE_OUTER_BOUND('',#346,.T.);
#154=FACE_OUTER_BOUND('',#347,.T.);
#155=FACE_OUTER_BOUND('',#348,.T.);
#156=FACE_OUTER_BOUND('',#349,.T.);
#157=FACE_OUTER_BOUND('',#350,.T.);
#158=FACE_OUTER_BOUND('',#351,.T.);
#159=FACE_OUTER_BOUND('',#352,.T.);
#160=FACE_OUTER_BOUND('',#353,.T.);
#161=FACE_OUTER_BOUND('',#354,.T.);
#162=FACE_OUTER_BOUND('',#355,.T.);
#163=FACE_OUTER_BOUND('',#356,.T.);
#164=FACE_OUTER_BOUND('',#357,.T.);
#165=FACE_OUTER_BOUND('',#358,.T.);
#166=FACE_OUTER_BOUND('',#359,.T.);
#167=FACE_OUTER_BOUND('',#360,.T.);
#168=FACE_OUTER_BOUND('',#361,.T.);
#169=FACE_OUTER_BOUND('',#362,.T.);
#170=FACE_OUTER_BOUND('',#363,.T.);
#171=FACE_OUTER_BOUND('',#364,.T.);
#172=FACE_OUTER_BOUND('',#365,.T.);
#173=FACE_OUTER_BOUND('',#366,.T.);
#174=FACE_OUTER_BOUND('',#367,.T.);
#175=FACE_OUTER_BOUND('',#368,.T.);
#176=FACE_OUTER_BOUND('',#369,.T.);
#177=FACE_OUTER_BOUND('',#370,.T.);
#178=FACE_OUTER_BOUND('',#371,.T.);
#179=FACE_OUTER_BOUND('',#372,.T.);
#180=FACE_OUTER_BOUND('',#373,.T.);
#181=FACE_OUTER_BOUND('',#374,.T.);
#182=FACE_OUTER_BOUND('',#375,.T.);
#183=FACE_OUTER_BOUND('',#376,.T.);
#184=FACE_OUTER_BOUND('',#377,.T.);
#185=FACE_OUTER_BOUND('',#378,.T.);
#186=FACE_OUTER_BOUND('',#379,.T.);
#187=FACE_OUTER_BOUND('',#380,.T.);
#188=FACE_OUTER_BOUND('',#381,.T.);
#189=FACE_OUTER_BOUND('',#382,.T.);
#190=FACE_OUTER_BOUND('',#383,.T.);
#191=FACE_OUTER_BOUND('',#384,.T.);
#192=FACE_OUTER_BOUND('',#385,.T.);
#193=FACE_OUTER_BOUND('',#386,.T.);
#194=FACE_OUTER_BOUND('',#387,.T.);
#195=FACE_OUTER_BOUND('',#388,.T.);
#196=FACE_OUTER_BOUND('',#389,.T.);
#197=FACE_OUTER_BOUND('',#390,.T.);
#198=FACE_OUTER_BOUND('',#391,.T.);
#199=FACE_OUTER_BOUND('',#392,.T.);
#200=FACE_OUTER_BOUND('',#393,.T.);
#201=FACE_OUTER_BOUND('',#394,.T.);
#202=FACE_OUTER_BOUND('',#395,.T.);
#203=FACE_OUTER_BOUND('',#396,.T.);
#204=FACE_OUTER_BOUND('',#397,.T.);
#205=FACE_OUTER_BOUND('',#398,.T.);
#206=FACE_OUTER_BOUND('',#399,.T.);
#207=FACE_OUTER_BOUND('',#400,.T.);
#208=FACE_OUTER_BOUND('',#401,.T.);
#209=FACE_OUTER_BOUND('',#402,.T.);
#210=FACE_OUTER_BOUND('',#403,.T.);
#211=FACE_OUTER_BOUND('',#404,.T.);
#212=FACE_OUTER_BOUND('',#405,.T.);
#213=FACE_OUTER_BOUND('',#406,.T.);
#214=FACE_OUTER_BOUND('',#407,.T.);
#215=FACE_OUTER_BOUND('',#408,.T.);
#216=FACE_OUTER_BOUND('',#409,.T.);
#217=FACE_OUTER_BOUND('',#410,.T.);
#218=FACE_OUTER_BOUND('',#411,.T.);
#219=FACE_OUTER_BOUND('',#412,.T.);
#220=FACE_OUTER_BOUND('',#413,.T.);
#221=FACE_OUTER_BOUND('',#414,.T.);
#222=FACE_OUTER_BOUND('',#415,.T.);
#223=FACE_OUTER_BOUND('',#416,.T.);
#224=FACE_OUTER_BOUND('',#417,.T.);
#225=FACE_OUTER_BOUND('',#418,.T.);
#226=FACE_OUTER_BOUND('',#419,.T.);
#227=FACE_OUTER_BOUND('',#420,.T.);
#228=FACE_OUTER_BOUND('',#421,.T.);
#229=FACE_OUTER_BOUND('',#422,.T.);
#230=FACE_OUTER_BOUND('',#423,.T.);
#231=FACE_OUTER_BOUND('',#424,.T.);
#232=FACE_OUTER_BOUND('',#425,.T.);
#233=FACE_OUTER_BOUND('',#426,.T.);
#234=FACE_OUTER_BOUND('',#427,.T.);
#235=FACE_OUTER_BOUND('',#428,.T.);
#236=FACE_OUTER_BOUND('',#429,.T.);
#237=FACE_OUTER_BOUND('',#430,.T.);
#238=FACE_OUTER_BOUND('',#431,.T.);
#239=FACE_OUTER_BOUND('',#432,.T.);
#240=FACE_OUTER_BOUND('',#433,.T.);
#241=FACE_OUTER_BOUND('',#434,.T.);
#242=FACE_OUTER_BOUND('',#435,.T.);
#243=FACE_OUTER_BOUND('',#436,.T.);
#244=FACE_OUTER_BOUND('',#437,.T.);
#245=FACE_OUTER_BOUND('',#438,.T.);
#246=FACE_OUTER_BOUND('',#439,.T.);
#247=FACE_OUTER_BOUND('',#440,.T.);
#248=FACE_OUTER_BOUND('',#441,.T.);
#249=FACE_OUTER_BOUND('',#442,.T.);
#250=FACE_OUTER_BOUND('',#443,.T.);
#251=FACE_OUTER_BOUND('',#444,.T.);
#252=FACE_OUTER_BOUND('',#445,.T.);
#253=FACE_OUTER_BOUND('',#446,.T.);
#254=FACE_OUTER_BOUND('',#447,.T.);
#255=FACE_OUTER_BOUND('',#448,.T.);
#256=FACE_OUTER_BOUND('',#449,.T.);
#257=FACE_OUTER_BOUND('',#450,.T.);
#258=FACE_OUTER_BOUND('',#451,.T.);
#259=FACE_OUTER_BOUND('',#452,.T.);
#260=FACE_OUTER_BOUND('',#453,.T.);
#261=FACE_OUTER_BOUND('',#454,.T.);
#262=FACE_OUTER_BOUND('',#455,.T.);
#263=FACE_OUTER_BOUND('',#456,.T.);
#264=FACE_OUTER_BOUND('',#457,.T.);
#265=FACE_OUTER_BOUND('',#458,.T.);
#266=FACE_OUTER_BOUND('',#459,.T.);
#267=FACE_OUTER_BOUND('',#460,.T.);
#268=FACE_OUTER_BOUND('',#461,.T.);
#269=FACE_OUTER_BOUND('',#462,.T.);
#270=FACE_OUTER_BOUND('',#463,.T.);
#271=FACE_OUTER_BOUND('',#464,.T.);
#272=FACE_OUTER_BOUND('',#465,.T.);
#273=FACE_OUTER_BOUND('',#466,.T.);
#274=FACE_OUTER_BOUND('',#467,.T.);
#275=FACE_OUTER_BOUND('',#468,.T.);
#276=FACE_OUTER_BOUND('',#469,.T.);
#277=FACE_OUTER_BOUND('',#470,.T.);
#278=FACE_OUTER_BOUND('',#471,.T.);
#279=FACE_OUTER_BOUND('',#472,.T.);
#280=FACE_OUTER_BOUND('',#473,.T.);
#281=FACE_OUTER_BOUND('',#474,.T.);
#282=FACE_OUTER_BOUND('',#475,.T.);
#283=FACE_OUTER_BOUND('',#476,.T.);
#284=FACE_OUTER_BOUND('',#477,.T.);
#285=FACE_OUTER_BOUND('',#478,.T.);
#286=FACE_OUTER_BOUND('',#479,.T.);
#287=FACE_OUTER_BOUND('',#480,.T.);
#288=FACE_OUTER_BOUND('',#481,.T.);
#289=FACE_OUTER_BOUND('',#482,.T.);
#290=FACE_OUTER_BOUND('',#483,.T.);
#291=FACE_OUTER_BOUND('',#484,.T.);
#292=FACE_OUTER_BOUND('',#486,.T.);
#293=FACE_OUTER_BOUND('',#487,.T.);
#294=FACE_OUTER_BOUND('',#489,.T.);
#295=FACE_OUTER_BOUND('',#490,.T.);
#296=FACE_OUTER_BOUND('',#491,.T.);
#297=FACE_OUTER_BOUND('',#492,.T.);
#298=EDGE_LOOP('',(#2260,#2261,#2262,#2263,#2264,#2265,#2266,#2267));
#299=EDGE_LOOP('',(#2268,#2269,#2270,#2271));
#300=EDGE_LOOP('',(#2272,#2273,#2274,#2275,#2276,#2277,#2278,#2279));
#301=EDGE_LOOP('',(#2280,#2281,#2282,#2283,#2284));
#302=EDGE_LOOP('',(#2285,#2286,#2287,#2288));
#303=EDGE_LOOP('',(#2289,#2290,#2291));
#304=EDGE_LOOP('',(#2292,#2293,#2294));
#305=EDGE_LOOP('',(#2295,#2296,#2297,#2298));
#306=EDGE_LOOP('',(#2299,#2300,#2301,#2302,#2303));
#307=EDGE_LOOP('',(#2304,#2305,#2306,#2307,#2308,#2309,#2310,#2311,#2312,
#2313,#2314,#2315,#2316,#2317,#2318,#2319,#2320,#2321,#2322,#2323,#2324,
#2325,#2326,#2327,#2328,#2329,#2330,#2331,#2332,#2333,#2334,#2335,#2336,
#2337,#2338,#2339,#2340,#2341,#2342,#2343,#2344,#2345,#2346,#2347,#2348,
#2349,#2350,#2351,#2352,#2353,#2354,#2355,#2356,#2357,#2358,#2359,#2360,
#2361,#2362,#2363,#2364,#2365,#2366,#2367,#2368,#2369,#2370,#2371,#2372,
#2373,#2374,#2375,#2376,#2377,#2378,#2379,#2380,#2381,#2382,#2383,#2384,
#2385,#2386,#2387,#2388,#2389,#2390,#2391,#2392,#2393,#2394,#2395,#2396,
#2397,#2398,#2399,#2400,#2401,#2402,#2403,#2404,#2405,#2406,#2407,#2408,
#2409,#2410,#2411,#2412,#2413,#2414,#2415,#2416,#2417,#2418,#2419,#2420,
#2421,#2422,#2423,#2424,#2425,#2426,#2427,#2428,#2429,#2430,#2431,#2432,
#2433,#2434,#2435,#2436,#2437,#2438,#2439,#2440,#2441,#2442,#2443,#2444,
#2445,#2446,#2447,#2448,#2449,#2450,#2451,#2452,#2453,#2454,#2455));
#308=EDGE_LOOP('',(#2456));
#309=EDGE_LOOP('',(#2457,#2458,#2459,#2460));
#310=EDGE_LOOP('',(#2461,#2462,#2463,#2464));
#311=EDGE_LOOP('',(#2465,#2466,#2467,#2468,#2469,#2470,#2471,#2472));
#312=EDGE_LOOP('',(#2473,#2474,#2475,#2476));
#313=EDGE_LOOP('',(#2477,#2478,#2479,#2480));
#314=EDGE_LOOP('',(#2481,#2482,#2483,#2484));
#315=EDGE_LOOP('',(#2485,#2486,#2487,#2488));
#316=EDGE_LOOP('',(#2489,#2490,#2491,#2492));
#317=EDGE_LOOP('',(#2493,#2494,#2495,#2496));
#318=EDGE_LOOP('',(#2497,#2498,#2499,#2500));
#319=EDGE_LOOP('',(#2501,#2502,#2503,#2504));
#320=EDGE_LOOP('',(#2505,#2506,#2507,#2508));
#321=EDGE_LOOP('',(#2509,#2510,#2511,#2512));
#322=EDGE_LOOP('',(#2513,#2514,#2515,#2516));
#323=EDGE_LOOP('',(#2517,#2518,#2519,#2520));
#324=EDGE_LOOP('',(#2521,#2522,#2523,#2524));
#325=EDGE_LOOP('',(#2525,#2526,#2527,#2528));
#326=EDGE_LOOP('',(#2529));
#327=EDGE_LOOP('',(#2530));
#328=EDGE_LOOP('',(#2531,#2532,#2533,#2534));
#329=EDGE_LOOP('',(#2535,#2536,#2537,#2538));
#330=EDGE_LOOP('',(#2539,#2540,#2541,#2542));
#331=EDGE_LOOP('',(#2543,#2544,#2545,#2546));
#332=EDGE_LOOP('',(#2547,#2548,#2549,#2550));
#333=EDGE_LOOP('',(#2551,#2552,#2553,#2554));
#334=EDGE_LOOP('',(#2555,#2556,#2557,#2558));
#335=EDGE_LOOP('',(#2559,#2560,#2561,#2562));
#336=EDGE_LOOP('',(#2563,#2564,#2565,#2566,#2567,#2568,#2569,#2570,#2571,
#2572,#2573,#2574,#2575,#2576,#2577,#2578,#2579,#2580,#2581,#2582,#2583,
#2584,#2585,#2586,#2587,#2588,#2589,#2590,#2591,#2592,#2593,#2594,#2595,
#2596,#2597,#2598,#2599,#2600,#2601,#2602,#2603,#2604,#2605,#2606,#2607,
#2608,#2609,#2610,#2611,#2612,#2613,#2614,#2615,#2616,#2617,#2618,#2619,
#2620,#2621,#2622,#2623,#2624,#2625,#2626,#2627,#2628,#2629,#2630,#2631,
#2632,#2633,#2634,#2635,#2636,#2637,#2638,#2639,#2640,#2641,#2642,#2643,
#2644,#2645,#2646,#2647,#2648,#2649,#2650,#2651,#2652,#2653,#2654,#2655,
#2656,#2657,#2658,#2659,#2660,#2661,#2662,#2663,#2664,#2665,#2666,#2667,
#2668,#2669,#2670,#2671,#2672,#2673,#2674,#2675,#2676,#2677,#2678,#2679,
#2680,#2681,#2682,#2683,#2684,#2685,#2686,#2687,#2688,#2689,#2690,#2691,
#2692,#2693,#2694,#2695,#2696,#2697,#2698,#2699,#2700,#2701,#2702,#2703,
#2704,#2705,#2706,#2707,#2708,#2709,#2710,#2711,#2712,#2713,#2714));
#337=EDGE_LOOP('',(#2715));
#338=EDGE_LOOP('',(#2716,#2717,#2718,#2719));
#339=EDGE_LOOP('',(#2720,#2721,#2722,#2723));
#340=EDGE_LOOP('',(#2724,#2725,#2726,#2727));
#341=EDGE_LOOP('',(#2728,#2729,#2730,#2731));
#342=EDGE_LOOP('',(#2732,#2733,#2734,#2735));
#343=EDGE_LOOP('',(#2736,#2737,#2738,#2739));
#344=EDGE_LOOP('',(#2740,#2741,#2742,#2743));
#345=EDGE_LOOP('',(#2744,#2745,#2746,#2747));
#346=EDGE_LOOP('',(#2748,#2749,#2750,#2751));
#347=EDGE_LOOP('',(#2752,#2753,#2754,#2755));
#348=EDGE_LOOP('',(#2756,#2757,#2758,#2759));
#349=EDGE_LOOP('',(#2760,#2761,#2762,#2763));
#350=EDGE_LOOP('',(#2764,#2765,#2766,#2767));
#351=EDGE_LOOP('',(#2768,#2769,#2770,#2771));
#352=EDGE_LOOP('',(#2772,#2773,#2774,#2775));
#353=EDGE_LOOP('',(#2776,#2777,#2778,#2779));
#354=EDGE_LOOP('',(#2780,#2781,#2782,#2783));
#355=EDGE_LOOP('',(#2784,#2785,#2786,#2787));
#356=EDGE_LOOP('',(#2788,#2789,#2790,#2791));
#357=EDGE_LOOP('',(#2792,#2793,#2794,#2795));
#358=EDGE_LOOP('',(#2796,#2797,#2798,#2799));
#359=EDGE_LOOP('',(#2800,#2801,#2802,#2803));
#360=EDGE_LOOP('',(#2804,#2805,#2806,#2807));
#361=EDGE_LOOP('',(#2808,#2809,#2810,#2811));
#362=EDGE_LOOP('',(#2812,#2813,#2814,#2815));
#363=EDGE_LOOP('',(#2816,#2817,#2818,#2819));
#364=EDGE_LOOP('',(#2820,#2821,#2822,#2823));
#365=EDGE_LOOP('',(#2824,#2825,#2826,#2827));
#366=EDGE_LOOP('',(#2828,#2829,#2830,#2831));
#367=EDGE_LOOP('',(#2832,#2833,#2834,#2835));
#368=EDGE_LOOP('',(#2836,#2837,#2838,#2839));
#369=EDGE_LOOP('',(#2840,#2841,#2842,#2843));
#370=EDGE_LOOP('',(#2844,#2845,#2846,#2847));
#371=EDGE_LOOP('',(#2848,#2849,#2850,#2851));
#372=EDGE_LOOP('',(#2852,#2853,#2854,#2855));
#373=EDGE_LOOP('',(#2856,#2857,#2858,#2859));
#374=EDGE_LOOP('',(#2860,#2861,#2862,#2863));
#375=EDGE_LOOP('',(#2864,#2865,#2866,#2867));
#376=EDGE_LOOP('',(#2868,#2869,#2870,#2871));
#377=EDGE_LOOP('',(#2872,#2873,#2874,#2875));
#378=EDGE_LOOP('',(#2876,#2877,#2878,#2879));
#379=EDGE_LOOP('',(#2880,#2881,#2882,#2883));
#380=EDGE_LOOP('',(#2884,#2885,#2886,#2887));
#381=EDGE_LOOP('',(#2888,#2889,#2890,#2891));
#382=EDGE_LOOP('',(#2892,#2893,#2894,#2895));
#383=EDGE_LOOP('',(#2896,#2897,#2898,#2899));
#384=EDGE_LOOP('',(#2900,#2901,#2902,#2903));
#385=EDGE_LOOP('',(#2904,#2905,#2906,#2907));
#386=EDGE_LOOP('',(#2908,#2909,#2910,#2911));
#387=EDGE_LOOP('',(#2912,#2913,#2914,#2915));
#388=EDGE_LOOP('',(#2916,#2917,#2918,#2919));
#389=EDGE_LOOP('',(#2920,#2921,#2922,#2923));
#390=EDGE_LOOP('',(#2924,#2925,#2926,#2927));
#391=EDGE_LOOP('',(#2928,#2929,#2930,#2931));
#392=EDGE_LOOP('',(#2932,#2933,#2934,#2935));
#393=EDGE_LOOP('',(#2936,#2937,#2938,#2939));
#394=EDGE_LOOP('',(#2940,#2941,#2942,#2943));
#395=EDGE_LOOP('',(#2944,#2945,#2946,#2947));
#396=EDGE_LOOP('',(#2948,#2949,#2950,#2951));
#397=EDGE_LOOP('',(#2952,#2953,#2954,#2955));
#398=EDGE_LOOP('',(#2956,#2957,#2958,#2959));
#399=EDGE_LOOP('',(#2960,#2961,#2962,#2963));
#400=EDGE_LOOP('',(#2964,#2965,#2966,#2967));
#401=EDGE_LOOP('',(#2968,#2969,#2970,#2971));
#402=EDGE_LOOP('',(#2972,#2973,#2974,#2975));
#403=EDGE_LOOP('',(#2976,#2977,#2978,#2979));
#404=EDGE_LOOP('',(#2980,#2981,#2982,#2983));
#405=EDGE_LOOP('',(#2984,#2985,#2986,#2987));
#406=EDGE_LOOP('',(#2988,#2989,#2990,#2991));
#407=EDGE_LOOP('',(#2992,#2993,#2994,#2995));
#408=EDGE_LOOP('',(#2996,#2997,#2998,#2999));
#409=EDGE_LOOP('',(#3000,#3001,#3002,#3003));
#410=EDGE_LOOP('',(#3004,#3005,#3006,#3007));
#411=EDGE_LOOP('',(#3008,#3009,#3010,#3011));
#412=EDGE_LOOP('',(#3012,#3013,#3014,#3015));
#413=EDGE_LOOP('',(#3016,#3017,#3018,#3019));
#414=EDGE_LOOP('',(#3020,#3021,#3022,#3023));
#415=EDGE_LOOP('',(#3024,#3025,#3026,#3027));
#416=EDGE_LOOP('',(#3028,#3029,#3030,#3031));
#417=EDGE_LOOP('',(#3032,#3033,#3034,#3035));
#418=EDGE_LOOP('',(#3036,#3037,#3038,#3039));
#419=EDGE_LOOP('',(#3040,#3041,#3042,#3043));
#420=EDGE_LOOP('',(#3044,#3045,#3046,#3047));
#421=EDGE_LOOP('',(#3048,#3049,#3050,#3051));
#422=EDGE_LOOP('',(#3052,#3053,#3054,#3055));
#423=EDGE_LOOP('',(#3056,#3057,#3058,#3059));
#424=EDGE_LOOP('',(#3060,#3061,#3062,#3063));
#425=EDGE_LOOP('',(#3064,#3065,#3066,#3067));
#426=EDGE_LOOP('',(#3068,#3069,#3070,#3071));
#427=EDGE_LOOP('',(#3072,#3073,#3074,#3075));
#428=EDGE_LOOP('',(#3076,#3077,#3078,#3079));
#429=EDGE_LOOP('',(#3080,#3081,#3082,#3083));
#430=EDGE_LOOP('',(#3084,#3085,#3086,#3087));
#431=EDGE_LOOP('',(#3088,#3089,#3090,#3091));
#432=EDGE_LOOP('',(#3092,#3093,#3094,#3095));
#433=EDGE_LOOP('',(#3096,#3097,#3098,#3099));
#434=EDGE_LOOP('',(#3100,#3101,#3102,#3103));
#435=EDGE_LOOP('',(#3104,#3105,#3106,#3107));
#436=EDGE_LOOP('',(#3108,#3109,#3110,#3111));
#437=EDGE_LOOP('',(#3112,#3113,#3114,#3115));
#438=EDGE_LOOP('',(#3116,#3117,#3118,#3119));
#439=EDGE_LOOP('',(#3120,#3121,#3122,#3123));
#440=EDGE_LOOP('',(#3124,#3125,#3126,#3127,#3128,#3129,#3130,#3131));
#441=EDGE_LOOP('',(#3132,#3133,#3134,#3135));
#442=EDGE_LOOP('',(#3136,#3137,#3138,#3139));
#443=EDGE_LOOP('',(#3140,#3141,#3142,#3143));
#444=EDGE_LOOP('',(#3144,#3145,#3146,#3147));
#445=EDGE_LOOP('',(#3148,#3149,#3150,#3151));
#446=EDGE_LOOP('',(#3152,#3153,#3154,#3155));
#447=EDGE_LOOP('',(#3156,#3157,#3158,#3159));
#448=EDGE_LOOP('',(#3160,#3161,#3162,#3163));
#449=EDGE_LOOP('',(#3164,#3165,#3166,#3167));
#450=EDGE_LOOP('',(#3168,#3169,#3170,#3171));
#451=EDGE_LOOP('',(#3172,#3173,#3174,#3175));
#452=EDGE_LOOP('',(#3176,#3177,#3178,#3179));
#453=EDGE_LOOP('',(#3180,#3181,#3182,#3183));
#454=EDGE_LOOP('',(#3184,#3185,#3186,#3187));
#455=EDGE_LOOP('',(#3188,#3189,#3190,#3191));
#456=EDGE_LOOP('',(#3192,#3193,#3194,#3195));
#457=EDGE_LOOP('',(#3196,#3197,#3198,#3199));
#458=EDGE_LOOP('',(#3200,#3201,#3202,#3203));
#459=EDGE_LOOP('',(#3204,#3205,#3206,#3207));
#460=EDGE_LOOP('',(#3208,#3209,#3210,#3211));
#461=EDGE_LOOP('',(#3212,#3213,#3214,#3215));
#462=EDGE_LOOP('',(#3216,#3217,#3218,#3219));
#463=EDGE_LOOP('',(#3220,#3221,#3222,#3223));
#464=EDGE_LOOP('',(#3224,#3225,#3226,#3227));
#465=EDGE_LOOP('',(#3228,#3229,#3230,#3231));
#466=EDGE_LOOP('',(#3232,#3233,#3234,#3235));
#467=EDGE_LOOP('',(#3236,#3237,#3238,#3239));
#468=EDGE_LOOP('',(#3240,#3241,#3242,#3243));
#469=EDGE_LOOP('',(#3244,#3245,#3246,#3247));
#470=EDGE_LOOP('',(#3248,#3249,#3250,#3251));
#471=EDGE_LOOP('',(#3252,#3253,#3254,#3255));
#472=EDGE_LOOP('',(#3256,#3257,#3258,#3259));
#473=EDGE_LOOP('',(#3260,#3261,#3262,#3263));
#474=EDGE_LOOP('',(#3264,#3265,#3266,#3267));
#475=EDGE_LOOP('',(#3268,#3269,#3270,#3271));
#476=EDGE_LOOP('',(#3272,#3273,#3274,#3275));
#477=EDGE_LOOP('',(#3276,#3277,#3278,#3279));
#478=EDGE_LOOP('',(#3280,#3281,#3282,#3283));
#479=EDGE_LOOP('',(#3284,#3285,#3286,#3287));
#480=EDGE_LOOP('',(#3288,#3289,#3290,#3291));
#481=EDGE_LOOP('',(#3292,#3293,#3294,#3295));
#482=EDGE_LOOP('',(#3296,#3297,#3298,#3299));
#483=EDGE_LOOP('',(#3300,#3301,#3302,#3303));
#484=EDGE_LOOP('',(#3304));
#485=EDGE_LOOP('',(#3305));
#486=EDGE_LOOP('',(#3306,#3307,#3308,#3309));
#487=EDGE_LOOP('',(#3310));
#488=EDGE_LOOP('',(#3311));
#489=EDGE_LOOP('',(#3312,#3313,#3314,#3315));
#490=EDGE_LOOP('',(#3316,#3317,#3318,#3319));
#491=EDGE_LOOP('',(#3320));
#492=EDGE_LOOP('',(#3321));
#493=LINE('',#5081,#846);
#494=LINE('',#5085,#847);
#495=LINE('',#5089,#848);
#496=LINE('',#5092,#849);
#497=LINE('',#5095,#850);
#498=LINE('',#5097,#851);
#499=LINE('',#5098,#852);
#500=LINE('',#5101,#853);
#501=LINE('',#5105,#854);
#502=LINE('',#5109,#855);
#503=LINE('',#5116,#856);
#504=LINE('',#5120,#857);
#505=LINE('',#5122,#858);
#506=LINE('',#5133,#859);
#507=LINE('',#5137,#860);
#508=LINE('',#5141,#861);
#509=LINE('',#5145,#862);
#510=LINE('',#5149,#863);
#511=LINE('',#5153,#864);
#512=LINE('',#5157,#865);
#513=LINE('',#5161,#866);
#514=LINE('',#5165,#867);
#515=LINE('',#5169,#868);
#516=LINE('',#5173,#869);
#517=LINE('',#5177,#870);
#518=LINE('',#5181,#871);
#519=LINE('',#5185,#872);
#520=LINE('',#5189,#873);
#521=LINE('',#5193,#874);
#522=LINE('',#5197,#875);
#523=LINE('',#5201,#876);
#524=LINE('',#5205,#877);
#525=LINE('',#5209,#878);
#526=LINE('',#5213,#879);
#527=LINE('',#5217,#880);
#528=LINE('',#5220,#881);
#529=LINE('',#5222,#882);
#530=LINE('',#5226,#883);
#531=LINE('',#5230,#884);
#532=LINE('',#5234,#885);
#533=LINE('',#5238,#886);
#534=LINE('',#5242,#887);
#535=LINE('',#5246,#888);
#536=LINE('',#5250,#889);
#537=LINE('',#5254,#890);
#538=LINE('',#5258,#891);
#539=LINE('',#5262,#892);
#540=LINE('',#5266,#893);
#541=LINE('',#5270,#894);
#542=LINE('',#5274,#895);
#543=LINE('',#5278,#896);
#544=LINE('',#5282,#897);
#545=LINE('',#5286,#898);
#546=LINE('',#5290,#899);
#547=LINE('',#5294,#900);
#548=LINE('',#5298,#901);
#549=LINE('',#5302,#902);
#550=LINE('',#5306,#903);
#551=LINE('',#5310,#904);
#552=LINE('',#5314,#905);
#553=LINE('',#5318,#906);
#554=LINE('',#5322,#907);
#555=LINE('',#5326,#908);
#556=LINE('',#5330,#909);
#557=LINE('',#5334,#910);
#558=LINE('',#5338,#911);
#559=LINE('',#5342,#912);
#560=LINE('',#5346,#913);
#561=LINE('',#5350,#914);
#562=LINE('',#5354,#915);
#563=LINE('',#5358,#916);
#564=LINE('',#5362,#917);
#565=LINE('',#5366,#918);
#566=LINE('',#5370,#919);
#567=LINE('',#5374,#920);
#568=LINE('',#5378,#921);
#569=LINE('',#5382,#922);
#570=LINE('',#5386,#923);
#571=LINE('',#5390,#924);
#572=LINE('',#5394,#925);
#573=LINE('',#5398,#926);
#574=LINE('',#5402,#927);
#575=LINE('',#5406,#928);
#576=LINE('',#5410,#929);
#577=LINE('',#5414,#930);
#578=LINE('',#5418,#931);
#579=LINE('',#5422,#932);
#580=LINE('',#5426,#933);
#581=LINE('',#5430,#934);
#582=LINE('',#5434,#935);
#583=LINE('',#5438,#936);
#584=LINE('',#5441,#937);
#585=LINE('',#5444,#938);
#586=LINE('',#5445,#939);
#587=LINE('',#5450,#940);
#588=LINE('',#5453,#941);
#589=LINE('',#5455,#942);
#590=LINE('',#5457,#943);
#591=LINE('',#5459,#944);
#592=LINE('',#5464,#945);
#593=LINE('',#5469,#946);
#594=LINE('',#5471,#947);
#595=LINE('',#5473,#948);
#596=LINE('',#5474,#949);
#597=LINE('',#5477,#950);
#598=LINE('',#5479,#951);
#599=LINE('',#5480,#952);
#600=LINE('',#5483,#953);
#601=LINE('',#5485,#954);
#602=LINE('',#5486,#955);
#603=LINE('',#5488,#956);
#604=LINE('',#5489,#957);
#605=LINE('',#5493,#958);
#606=LINE('',#5495,#959);
#607=LINE('',#5497,#960);
#608=LINE('',#5498,#961);
#609=LINE('',#5501,#962);
#610=LINE('',#5503,#963);
#611=LINE('',#5504,#964);
#612=LINE('',#5507,#965);
#613=LINE('',#5509,#966);
#614=LINE('',#5510,#967);
#615=LINE('',#5512,#968);
#616=LINE('',#5513,#969);
#617=LINE('',#5519,#970);
#618=LINE('',#5520,#971);
#619=LINE('',#5521,#972);
#620=LINE('',#5525,#973);
#621=LINE('',#5528,#974);
#622=LINE('',#5529,#975);
#623=LINE('',#5533,#976);
#624=LINE('',#5537,#977);
#625=LINE('',#5538,#978);
#626=LINE('',#5539,#979);
#627=LINE('',#5543,#980);
#628=LINE('',#5546,#981);
#629=LINE('',#5547,#982);
#630=LINE('',#5553,#983);
#631=LINE('',#5557,#984);
#632=LINE('',#5561,#985);
#633=LINE('',#5565,#986);
#634=LINE('',#5569,#987);
#635=LINE('',#5573,#988);
#636=LINE('',#5577,#989);
#637=LINE('',#5581,#990);
#638=LINE('',#5585,#991);
#639=LINE('',#5589,#992);
#640=LINE('',#5593,#993);
#641=LINE('',#5597,#994);
#642=LINE('',#5601,#995);
#643=LINE('',#5605,#996);
#644=LINE('',#5609,#997);
#645=LINE('',#5613,#998);
#646=LINE('',#5617,#999);
#647=LINE('',#5621,#1000);
#648=LINE('',#5625,#1001);
#649=LINE('',#5629,#1002);
#650=LINE('',#5633,#1003);
#651=LINE('',#5637,#1004);
#652=LINE('',#5641,#1005);
#653=LINE('',#5645,#1006);
#654=LINE('',#5649,#1007);
#655=LINE('',#5653,#1008);
#656=LINE('',#5657,#1009);
#657=LINE('',#5661,#1010);
#658=LINE('',#5665,#1011);
#659=LINE('',#5669,#1012);
#660=LINE('',#5673,#1013);
#661=LINE('',#5677,#1014);
#662=LINE('',#5681,#1015);
#663=LINE('',#5685,#1016);
#664=LINE('',#5689,#1017);
#665=LINE('',#5693,#1018);
#666=LINE('',#5697,#1019);
#667=LINE('',#5701,#1020);
#668=LINE('',#5705,#1021);
#669=LINE('',#5709,#1022);
#670=LINE('',#5713,#1023);
#671=LINE('',#5717,#1024);
#672=LINE('',#5721,#1025);
#673=LINE('',#5725,#1026);
#674=LINE('',#5729,#1027);
#675=LINE('',#5733,#1028);
#676=LINE('',#5737,#1029);
#677=LINE('',#5741,#1030);
#678=LINE('',#5745,#1031);
#679=LINE('',#5749,#1032);
#680=LINE('',#5753,#1033);
#681=LINE('',#5757,#1034);
#682=LINE('',#5760,#1035);
#683=LINE('',#5764,#1036);
#684=LINE('',#5768,#1037);
#685=LINE('',#5772,#1038);
#686=LINE('',#5776,#1039);
#687=LINE('',#5780,#1040);
#688=LINE('',#5784,#1041);
#689=LINE('',#5788,#1042);
#690=LINE('',#5792,#1043);
#691=LINE('',#5796,#1044);
#692=LINE('',#5800,#1045);
#693=LINE('',#5804,#1046);
#694=LINE('',#5808,#1047);
#695=LINE('',#5812,#1048);
#696=LINE('',#5816,#1049);
#697=LINE('',#5820,#1050);
#698=LINE('',#5824,#1051);
#699=LINE('',#5828,#1052);
#700=LINE('',#5831,#1053);
#701=LINE('',#5835,#1054);
#702=LINE('',#5837,#1055);
#703=LINE('',#5838,#1056);
#704=LINE('',#5840,#1057);
#705=LINE('',#5844,#1058);
#706=LINE('',#5845,#1059);
#707=LINE('',#5847,#1060);
#708=LINE('',#5849,#1061);
#709=LINE('',#5851,#1062);
#710=LINE('',#5853,#1063);
#711=LINE('',#5854,#1064);
#712=LINE('',#5856,#1065);
#713=LINE('',#5860,#1066);
#714=LINE('',#5861,#1067);
#715=LINE('',#5863,#1068);
#716=LINE('',#5865,#1069);
#717=LINE('',#5867,#1070);
#718=LINE('',#5869,#1071);
#719=LINE('',#5870,#1072);
#720=LINE('',#5872,#1073);
#721=LINE('',#5876,#1074);
#722=LINE('',#5877,#1075);
#723=LINE('',#5879,#1076);
#724=LINE('',#5881,#1077);
#725=LINE('',#5883,#1078);
#726=LINE('',#5885,#1079);
#727=LINE('',#5886,#1080);
#728=LINE('',#5888,#1081);
#729=LINE('',#5892,#1082);
#730=LINE('',#5893,#1083);
#731=LINE('',#5895,#1084);
#732=LINE('',#5897,#1085);
#733=LINE('',#5899,#1086);
#734=LINE('',#5901,#1087);
#735=LINE('',#5902,#1088);
#736=LINE('',#5904,#1089);
#737=LINE('',#5908,#1090);
#738=LINE('',#5909,#1091);
#739=LINE('',#5911,#1092);
#740=LINE('',#5913,#1093);
#741=LINE('',#5915,#1094);
#742=LINE('',#5917,#1095);
#743=LINE('',#5918,#1096);
#744=LINE('',#5920,#1097);
#745=LINE('',#5924,#1098);
#746=LINE('',#5925,#1099);
#747=LINE('',#5927,#1100);
#748=LINE('',#5929,#1101);
#749=LINE('',#5931,#1102);
#750=LINE('',#5933,#1103);
#751=LINE('',#5934,#1104);
#752=LINE('',#5936,#1105);
#753=LINE('',#5940,#1106);
#754=LINE('',#5941,#1107);
#755=LINE('',#5943,#1108);
#756=LINE('',#5945,#1109);
#757=LINE('',#5947,#1110);
#758=LINE('',#5949,#1111);
#759=LINE('',#5950,#1112);
#760=LINE('',#5952,#1113);
#761=LINE('',#5956,#1114);
#762=LINE('',#5957,#1115);
#763=LINE('',#5959,#1116);
#764=LINE('',#5961,#1117);
#765=LINE('',#5963,#1118);
#766=LINE('',#5965,#1119);
#767=LINE('',#5966,#1120);
#768=LINE('',#5968,#1121);
#769=LINE('',#5972,#1122);
#770=LINE('',#5973,#1123);
#771=LINE('',#5975,#1124);
#772=LINE('',#5977,#1125);
#773=LINE('',#5979,#1126);
#774=LINE('',#5981,#1127);
#775=LINE('',#5982,#1128);
#776=LINE('',#5984,#1129);
#777=LINE('',#5988,#1130);
#778=LINE('',#5989,#1131);
#779=LINE('',#5991,#1132);
#780=LINE('',#5993,#1133);
#781=LINE('',#5995,#1134);
#782=LINE('',#5997,#1135);
#783=LINE('',#5998,#1136);
#784=LINE('',#6000,#1137);
#785=LINE('',#6004,#1138);
#786=LINE('',#6005,#1139);
#787=LINE('',#6007,#1140);
#788=LINE('',#6009,#1141);
#789=LINE('',#6011,#1142);
#790=LINE('',#6013,#1143);
#791=LINE('',#6014,#1144);
#792=LINE('',#6016,#1145);
#793=LINE('',#6020,#1146);
#794=LINE('',#6021,#1147);
#795=LINE('',#6023,#1148);
#796=LINE('',#6025,#1149);
#797=LINE('',#6027,#1150);
#798=LINE('',#6029,#1151);
#799=LINE('',#6030,#1152);
#800=LINE('',#6032,#1153);
#801=LINE('',#6036,#1154);
#802=LINE('',#6037,#1155);
#803=LINE('',#6039,#1156);
#804=LINE('',#6041,#1157);
#805=LINE('',#6044,#1158);
#806=LINE('',#6047,#1159);
#807=LINE('',#6048,#1160);
#808=LINE('',#6050,#1161);
#809=LINE('',#6052,#1162);
#810=LINE('',#6054,#1163);
#811=LINE('',#6056,#1164);
#812=LINE('',#6057,#1165);
#813=LINE('',#6059,#1166);
#814=LINE('',#6063,#1167);
#815=LINE('',#6064,#1168);
#816=LINE('',#6066,#1169);
#817=LINE('',#6068,#1170);
#818=LINE('',#6070,#1171);
#819=LINE('',#6072,#1172);
#820=LINE('',#6073,#1173);
#821=LINE('',#6075,#1174);
#822=LINE('',#6079,#1175);
#823=LINE('',#6080,#1176);
#824=LINE('',#6082,#1177);
#825=LINE('',#6084,#1178);
#826=LINE('',#6086,#1179);
#827=LINE('',#6088,#1180);
#828=LINE('',#6089,#1181);
#829=LINE('',#6091,#1182);
#830=LINE('',#6095,#1183);
#831=LINE('',#6096,#1184);
#832=LINE('',#6098,#1185);
#833=LINE('',#6100,#1186);
#834=LINE('',#6102,#1187);
#835=LINE('',#6104,#1188);
#836=LINE('',#6105,#1189);
#837=LINE('',#6107,#1190);
#838=LINE('',#6111,#1191);
#839=LINE('',#6113,#1192);
#840=LINE('',#6115,#1193);
#841=LINE('',#6119,#1194);
#842=LINE('',#6123,#1195);
#843=LINE('',#6129,#1196);
#844=LINE('',#6135,#1197);
#845=LINE('',#6142,#1198);
#846=VECTOR('',#3996,10.);
#847=VECTOR('',#3999,10.);
#848=VECTOR('',#4002,10.);
#849=VECTOR('',#4005,10.);
#850=VECTOR('',#4008,10.);
#851=VECTOR('',#4009,10.);
#852=VECTOR('',#4010,10.);
#853=VECTOR('',#4013,10.);
#854=VECTOR('',#4016,10.);
#855=VECTOR('',#4019,10.);
#856=VECTOR('',#4026,57.4);
#857=VECTOR('',#4031,10.);
#858=VECTOR('',#4032,10.);
#859=VECTOR('',#4049,57.974);
#860=VECTOR('',#4054,57.4);
#861=VECTOR('',#4057,10.);
#862=VECTOR('',#4060,10.);
#863=VECTOR('',#4063,10.);
#864=VECTOR('',#4066,10.);
#865=VECTOR('',#4069,10.);
#866=VECTOR('',#4072,10.);
#867=VECTOR('',#4075,10.);
#868=VECTOR('',#4078,10.);
#869=VECTOR('',#4081,10.);
#870=VECTOR('',#4084,10.);
#871=VECTOR('',#4087,10.);
#872=VECTOR('',#4090,10.);
#873=VECTOR('',#4093,10.);
#874=VECTOR('',#4096,10.);
#875=VECTOR('',#4099,10.);
#876=VECTOR('',#4102,10.);
#877=VECTOR('',#4105,10.);
#878=VECTOR('',#4108,10.);
#879=VECTOR('',#4111,10.);
#880=VECTOR('',#4114,10.);
#881=VECTOR('',#4117,10.);
#882=VECTOR('',#4118,10.);
#883=VECTOR('',#4121,10.);
#884=VECTOR('',#4124,10.);
#885=VECTOR('',#4127,10.);
#886=VECTOR('',#4130,10.);
#887=VECTOR('',#4133,10.);
#888=VECTOR('',#4136,10.);
#889=VECTOR('',#4139,10.);
#890=VECTOR('',#4142,10.);
#891=VECTOR('',#4145,10.);
#892=VECTOR('',#4148,10.);
#893=VECTOR('',#4151,10.);
#894=VECTOR('',#4154,10.);
#895=VECTOR('',#4157,10.);
#896=VECTOR('',#4160,10.);
#897=VECTOR('',#4163,10.);
#898=VECTOR('',#4166,10.);
#899=VECTOR('',#4169,10.);
#900=VECTOR('',#4172,10.);
#901=VECTOR('',#4175,10.);
#902=VECTOR('',#4178,10.);
#903=VECTOR('',#4181,10.);
#904=VECTOR('',#4184,10.);
#905=VECTOR('',#4187,10.);
#906=VECTOR('',#4190,10.);
#907=VECTOR('',#4193,10.);
#908=VECTOR('',#4196,10.);
#909=VECTOR('',#4199,10.);
#910=VECTOR('',#4202,10.);
#911=VECTOR('',#4205,10.);
#912=VECTOR('',#4208,10.);
#913=VECTOR('',#4211,10.);
#914=VECTOR('',#4214,10.);
#915=VECTOR('',#4217,10.);
#916=VECTOR('',#4220,10.);
#917=VECTOR('',#4223,10.);
#918=VECTOR('',#4226,10.);
#919=VECTOR('',#4229,10.);
#920=VECTOR('',#4232,10.);
#921=VECTOR('',#4235,10.);
#922=VECTOR('',#4238,10.);
#923=VECTOR('',#4241,10.);
#924=VECTOR('',#4244,10.);
#925=VECTOR('',#4247,10.);
#926=VECTOR('',#4250,10.);
#927=VECTOR('',#4253,10.);
#928=VECTOR('',#4256,10.);
#929=VECTOR('',#4259,10.);
#930=VECTOR('',#4262,10.);
#931=VECTOR('',#4265,10.);
#932=VECTOR('',#4268,10.);
#933=VECTOR('',#4271,10.);
#934=VECTOR('',#4274,10.);
#935=VECTOR('',#4277,10.);
#936=VECTOR('',#4280,10.);
#937=VECTOR('',#4285,10.);
#938=VECTOR('',#4288,10.);
#939=VECTOR('',#4289,10.);
#940=VECTOR('',#4294,10.);
#941=VECTOR('',#4297,10.);
#942=VECTOR('',#4300,10.);
#943=VECTOR('',#4303,10.);
#944=VECTOR('',#4306,10.);
#945=VECTOR('',#4311,6.);
#946=VECTOR('',#4316,10.);
#947=VECTOR('',#4317,10.);
#948=VECTOR('',#4318,10.);
#949=VECTOR('',#4319,10.);
#950=VECTOR('',#4322,10.);
#951=VECTOR('',#4323,10.);
#952=VECTOR('',#4324,10.);
#953=VECTOR('',#4327,10.);
#954=VECTOR('',#4328,10.);
#955=VECTOR('',#4329,10.);
#956=VECTOR('',#4332,10.);
#957=VECTOR('',#4333,10.);
#958=VECTOR('',#4336,10.);
#959=VECTOR('',#4337,10.);
#960=VECTOR('',#4338,10.);
#961=VECTOR('',#4339,10.);
#962=VECTOR('',#4342,10.);
#963=VECTOR('',#4343,10.);
#964=VECTOR('',#4344,10.);
#965=VECTOR('',#4347,10.);
#966=VECTOR('',#4348,10.);
#967=VECTOR('',#4349,10.);
#968=VECTOR('',#4352,10.);
#969=VECTOR('',#4353,10.);
#970=VECTOR('',#4360,10.);
#971=VECTOR('',#4361,10.);
#972=VECTOR('',#4362,10.);
#973=VECTOR('',#4367,10.);
#974=VECTOR('',#4370,10.);
#975=VECTOR('',#4371,10.);
#976=VECTOR('',#4376,10.);
#977=VECTOR('',#4379,10.);
#978=VECTOR('',#4380,10.);
#979=VECTOR('',#4381,10.);
#980=VECTOR('',#4386,10.);
#981=VECTOR('',#4389,10.);
#982=VECTOR('',#4390,10.);
#983=VECTOR('',#4397,10.);
#984=VECTOR('',#4400,10.);
#985=VECTOR('',#4403,10.);
#986=VECTOR('',#4406,10.);
#987=VECTOR('',#4409,10.);
#988=VECTOR('',#4412,10.);
#989=VECTOR('',#4415,10.);
#990=VECTOR('',#4418,10.);
#991=VECTOR('',#4421,10.);
#992=VECTOR('',#4424,10.);
#993=VECTOR('',#4427,10.);
#994=VECTOR('',#4430,10.);
#995=VECTOR('',#4433,10.);
#996=VECTOR('',#4436,10.);
#997=VECTOR('',#4439,10.);
#998=VECTOR('',#4442,10.);
#999=VECTOR('',#4445,10.);
#1000=VECTOR('',#4448,10.);
#1001=VECTOR('',#4451,10.);
#1002=VECTOR('',#4454,10.);
#1003=VECTOR('',#4457,10.);
#1004=VECTOR('',#4460,10.);
#1005=VECTOR('',#4463,10.);
#1006=VECTOR('',#4466,10.);
#1007=VECTOR('',#4469,10.);
#1008=VECTOR('',#4472,10.);
#1009=VECTOR('',#4475,10.);
#1010=VECTOR('',#4478,10.);
#1011=VECTOR('',#4481,10.);
#1012=VECTOR('',#4484,10.);
#1013=VECTOR('',#4487,10.);
#1014=VECTOR('',#4490,10.);
#1015=VECTOR('',#4493,10.);
#1016=VECTOR('',#4496,10.);
#1017=VECTOR('',#4499,10.);
#1018=VECTOR('',#4502,10.);
#1019=VECTOR('',#4505,10.);
#1020=VECTOR('',#4508,10.);
#1021=VECTOR('',#4511,10.);
#1022=VECTOR('',#4514,10.);
#1023=VECTOR('',#4517,10.);
#1024=VECTOR('',#4520,10.);
#1025=VECTOR('',#4523,10.);
#1026=VECTOR('',#4526,10.);
#1027=VECTOR('',#4529,10.);
#1028=VECTOR('',#4532,10.);
#1029=VECTOR('',#4535,10.);
#1030=VECTOR('',#4538,10.);
#1031=VECTOR('',#4541,10.);
#1032=VECTOR('',#4544,10.);
#1033=VECTOR('',#4547,10.);
#1034=VECTOR('',#4550,10.);
#1035=VECTOR('',#4553,10.);
#1036=VECTOR('',#4556,10.);
#1037=VECTOR('',#4559,10.);
#1038=VECTOR('',#4562,10.);
#1039=VECTOR('',#4565,10.);
#1040=VECTOR('',#4568,10.);
#1041=VECTOR('',#4571,10.);
#1042=VECTOR('',#4574,10.);
#1043=VECTOR('',#4577,10.);
#1044=VECTOR('',#4580,10.);
#1045=VECTOR('',#4583,10.);
#1046=VECTOR('',#4586,10.);
#1047=VECTOR('',#4589,10.);
#1048=VECTOR('',#4592,10.);
#1049=VECTOR('',#4595,10.);
#1050=VECTOR('',#4598,10.);
#1051=VECTOR('',#4601,10.);
#1052=VECTOR('',#4604,10.);
#1053=VECTOR('',#4607,10.);
#1054=VECTOR('',#4612,10.);
#1055=VECTOR('',#4615,10.);
#1056=VECTOR('',#4616,10.);
#1057=VECTOR('',#4619,10.);
#1058=VECTOR('',#4626,10.);
#1059=VECTOR('',#4627,10.);
#1060=VECTOR('',#4630,10.);
#1061=VECTOR('',#4633,10.);
#1062=VECTOR('',#4636,10.);
#1063=VECTOR('',#4639,10.);
#1064=VECTOR('',#4640,10.);
#1065=VECTOR('',#4643,10.);
#1066=VECTOR('',#4650,10.);
#1067=VECTOR('',#4651,10.);
#1068=VECTOR('',#4654,10.);
#1069=VECTOR('',#4657,10.);
#1070=VECTOR('',#4660,10.);
#1071=VECTOR('',#4663,10.);
#1072=VECTOR('',#4664,10.);
#1073=VECTOR('',#4667,10.);
#1074=VECTOR('',#4674,10.);
#1075=VECTOR('',#4675,10.);
#1076=VECTOR('',#4678,10.);
#1077=VECTOR('',#4681,10.);
#1078=VECTOR('',#4684,10.);
#1079=VECTOR('',#4687,10.);
#1080=VECTOR('',#4688,10.);
#1081=VECTOR('',#4691,10.);
#1082=VECTOR('',#4698,10.);
#1083=VECTOR('',#4699,10.);
#1084=VECTOR('',#4702,10.);
#1085=VECTOR('',#4705,10.);
#1086=VECTOR('',#4708,10.);
#1087=VECTOR('',#4711,10.);
#1088=VECTOR('',#4712,10.);
#1089=VECTOR('',#4715,10.);
#1090=VECTOR('',#4722,10.);
#1091=VECTOR('',#4723,10.);
#1092=VECTOR('',#4726,10.);
#1093=VECTOR('',#4729,10.);
#1094=VECTOR('',#4732,10.);
#1095=VECTOR('',#4735,10.);
#1096=VECTOR('',#4736,10.);
#1097=VECTOR('',#4739,10.);
#1098=VECTOR('',#4746,10.);
#1099=VECTOR('',#4747,10.);
#1100=VECTOR('',#4750,10.);
#1101=VECTOR('',#4753,10.);
#1102=VECTOR('',#4756,10.);
#1103=VECTOR('',#4759,10.);
#1104=VECTOR('',#4760,10.);
#1105=VECTOR('',#4763,10.);
#1106=VECTOR('',#4770,10.);
#1107=VECTOR('',#4771,10.);
#1108=VECTOR('',#4774,10.);
#1109=VECTOR('',#4777,10.);
#1110=VECTOR('',#4780,10.);
#1111=VECTOR('',#4783,10.);
#1112=VECTOR('',#4784,10.);
#1113=VECTOR('',#4787,10.);
#1114=VECTOR('',#4794,10.);
#1115=VECTOR('',#4795,10.);
#1116=VECTOR('',#4798,10.);
#1117=VECTOR('',#4801,10.);
#1118=VECTOR('',#4804,10.);
#1119=VECTOR('',#4807,10.);
#1120=VECTOR('',#4808,10.);
#1121=VECTOR('',#4811,10.);
#1122=VECTOR('',#4818,10.);
#1123=VECTOR('',#4819,10.);
#1124=VECTOR('',#4822,10.);
#1125=VECTOR('',#4825,10.);
#1126=VECTOR('',#4828,10.);
#1127=VECTOR('',#4831,10.);
#1128=VECTOR('',#4832,10.);
#1129=VECTOR('',#4835,10.);
#1130=VECTOR('',#4842,10.);
#1131=VECTOR('',#4843,10.);
#1132=VECTOR('',#4846,10.);
#1133=VECTOR('',#4849,10.);
#1134=VECTOR('',#4852,10.);
#1135=VECTOR('',#4855,10.);
#1136=VECTOR('',#4856,10.);
#1137=VECTOR('',#4859,10.);
#1138=VECTOR('',#4866,10.);
#1139=VECTOR('',#4867,10.);
#1140=VECTOR('',#4870,10.);
#1141=VECTOR('',#4873,10.);
#1142=VECTOR('',#4876,10.);
#1143=VECTOR('',#4879,10.);
#1144=VECTOR('',#4880,10.);
#1145=VECTOR('',#4883,10.);
#1146=VECTOR('',#4890,10.);
#1147=VECTOR('',#4891,10.);
#1148=VECTOR('',#4894,10.);
#1149=VECTOR('',#4897,10.);
#1150=VECTOR('',#4900,10.);
#1151=VECTOR('',#4903,10.);
#1152=VECTOR('',#4904,10.);
#1153=VECTOR('',#4907,10.);
#1154=VECTOR('',#4914,10.);
#1155=VECTOR('',#4915,10.);
#1156=VECTOR('',#4918,10.);
#1157=VECTOR('',#4921,10.);
#1158=VECTOR('',#4926,10.);
#1159=VECTOR('',#4931,10.);
#1160=VECTOR('',#4932,10.);
#1161=VECTOR('',#4935,10.);
#1162=VECTOR('',#4938,10.);
#1163=VECTOR('',#4941,10.);
#1164=VECTOR('',#4944,10.);
#1165=VECTOR('',#4945,10.);
#1166=VECTOR('',#4948,10.);
#1167=VECTOR('',#4955,10.);
#1168=VECTOR('',#4956,10.);
#1169=VECTOR('',#4959,10.);
#1170=VECTOR('',#4962,10.);
#1171=VECTOR('',#4965,10.);
#1172=VECTOR('',#4968,10.);
#1173=VECTOR('',#4969,10.);
#1174=VECTOR('',#4972,10.);
#1175=VECTOR('',#4979,10.);
#1176=VECTOR('',#4980,10.);
#1177=VECTOR('',#4983,10.);
#1178=VECTOR('',#4986,10.);
#1179=VECTOR('',#4989,10.);
#1180=VECTOR('',#4992,10.);
#1181=VECTOR('',#4993,10.);
#1182=VECTOR('',#4996,10.);
#1183=VECTOR('',#5003,10.);
#1184=VECTOR('',#5004,10.);
#1185=VECTOR('',#5007,10.);
#1186=VECTOR('',#5010,10.);
#1187=VECTOR('',#5013,10.);
#1188=VECTOR('',#5016,10.);
#1189=VECTOR('',#5017,10.);
#1190=VECTOR('',#5020,10.);
#1191=VECTOR('',#5027,10.);
#1192=VECTOR('',#5030,10.);
#1193=VECTOR('',#5033,10.);
#1194=VECTOR('',#5038,58.2);
#1195=VECTOR('',#5043,57.4);
#1196=VECTOR('',#5050,58.25);
#1197=VECTOR('',#5059,59.);
#1198=VECTOR('',#5068,57.4);
#1199=CIRCLE('',#3626,57.4);
#1200=CIRCLE('',#3627,59.8);
#1201=CIRCLE('',#3628,60.6);
#1202=CIRCLE('',#3629,59.8);
#1203=CIRCLE('',#3632,59.8);
#1204=CIRCLE('',#3633,59.8);
#1205=CIRCLE('',#3634,59.8);
#1206=CIRCLE('',#3636,57.4);
#1207=CIRCLE('',#3637,57.4);
#1208=CIRCLE('',#3638,57.4);
#1209=CIRCLE('',#3639,57.4);
#1210=CIRCLE('',#3641,57.974);
#1211=CIRCLE('',#3643,57.974);
#1212=CIRCLE('',#3644,57.4);
#1213=CIRCLE('',#3645,57.4);
#1214=CIRCLE('',#3648,57.4);
#1215=CIRCLE('',#3650,59.8);
#1216=CIRCLE('',#3651,60.6);
#1217=CIRCLE('',#3652,59.8);
#1218=CIRCLE('',#3653,60.6);
#1219=CIRCLE('',#3654,59.8);
#1220=CIRCLE('',#3655,60.6);
#1221=CIRCLE('',#3656,59.8);
#1222=CIRCLE('',#3657,60.6);
#1223=CIRCLE('',#3658,59.8);
#1224=CIRCLE('',#3659,60.6);
#1225=CIRCLE('',#3660,59.8);
#1226=CIRCLE('',#3661,60.6);
#1227=CIRCLE('',#3662,59.8);
#1228=CIRCLE('',#3663,60.6);
#1229=CIRCLE('',#3664,59.8);
#1230=CIRCLE('',#3665,60.6);
#1231=CIRCLE('',#3666,59.8);
#1232=CIRCLE('',#3667,60.6);
#1233=CIRCLE('',#3668,59.8);
#1234=CIRCLE('',#3669,60.6);
#1235=CIRCLE('',#3670,60.6);
#1236=CIRCLE('',#3671,59.8);
#1237=CIRCLE('',#3672,60.6);
#1238=CIRCLE('',#3673,59.8);
#1239=CIRCLE('',#3674,60.6);
#1240=CIRCLE('',#3675,59.8);
#1241=CIRCLE('',#3676,60.6);
#1242=CIRCLE('',#3677,59.8);
#1243=CIRCLE('',#3678,60.6);
#1244=CIRCLE('',#3679,59.8);
#1245=CIRCLE('',#3680,60.6);
#1246=CIRCLE('',#3681,59.8);
#1247=CIRCLE('',#3682,60.6);
#1248=CIRCLE('',#3683,59.8);
#1249=CIRCLE('',#3684,60.6);
#1250=CIRCLE('',#3685,59.8);
#1251=CIRCLE('',#3686,60.6);
#1252=CIRCLE('',#3687,59.8);
#1253=CIRCLE('',#3688,60.6);
#1254=CIRCLE('',#3689,59.8);
#1255=CIRCLE('',#3690,60.6);
#1256=CIRCLE('',#3691,59.8);
#1257=CIRCLE('',#3692,60.6);
#1258=CIRCLE('',#3693,59.8);
#1259=CIRCLE('',#3694,60.6);
#1260=CIRCLE('',#3695,59.8);
#1261=CIRCLE('',#3696,60.6);
#1262=CIRCLE('',#3697,59.8);
#1263=CIRCLE('',#3698,60.6);
#1264=CIRCLE('',#3699,59.8);
#1265=CIRCLE('',#3700,60.6);
#1266=CIRCLE('',#3701,59.8);
#1267=CIRCLE('',#3702,60.6);
#1268=CIRCLE('',#3703,59.8);
#1269=CIRCLE('',#3704,60.6);
#1270=CIRCLE('',#3705,59.8);
#1271=CIRCLE('',#3706,60.6);
#1272=CIRCLE('',#3707,59.8);
#1273=CIRCLE('',#3708,60.6);
#1274=CIRCLE('',#3709,59.8);
#1275=CIRCLE('',#3710,60.6);
#1276=CIRCLE('',#3711,59.8);
#1277=CIRCLE('',#3712,60.6);
#1278=CIRCLE('',#3713,59.8);
#1279=CIRCLE('',#3714,60.6);
#1280=CIRCLE('',#3715,59.8);
#1281=CIRCLE('',#3716,60.6);
#1282=CIRCLE('',#3717,59.8);
#1283=CIRCLE('',#3718,60.6);
#1284=CIRCLE('',#3719,59.8);
#1285=CIRCLE('',#3720,60.6);
#1286=CIRCLE('',#3721,59.8);
#1287=CIRCLE('',#3722,60.6);
#1288=CIRCLE('',#3723,59.8);
#1289=CIRCLE('',#3724,60.6);
#1290=CIRCLE('',#3728,59.8);
#1291=CIRCLE('',#3729,60.6);
#1292=CIRCLE('',#3734,6.);
#1293=CIRCLE('',#3735,6.);
#1294=CIRCLE('',#3748,59.8);
#1295=CIRCLE('',#3751,60.6);
#1296=CIRCLE('',#3754,59.8);
#1297=CIRCLE('',#3757,60.6);
#1298=CIRCLE('',#3758,60.6);
#1299=CIRCLE('',#3759,59.8);
#1300=CIRCLE('',#3760,60.6);
#1301=CIRCLE('',#3761,59.8);
#1302=CIRCLE('',#3762,60.6);
#1303=CIRCLE('',#3763,59.8);
#1304=CIRCLE('',#3764,60.6);
#1305=CIRCLE('',#3765,59.8);
#1306=CIRCLE('',#3766,60.6);
#1307=CIRCLE('',#3767,59.8);
#1308=CIRCLE('',#3768,60.6);
#1309=CIRCLE('',#3769,59.8);
#1310=CIRCLE('',#3770,60.6);
#1311=CIRCLE('',#3771,59.8);
#1312=CIRCLE('',#3772,60.6);
#1313=CIRCLE('',#3773,59.8);
#1314=CIRCLE('',#3774,60.6);
#1315=CIRCLE('',#3775,59.8);
#1316=CIRCLE('',#3776,60.6);
#1317=CIRCLE('',#3777,59.8);
#1318=CIRCLE('',#3778,60.6);
#1319=CIRCLE('',#3779,59.8);
#1320=CIRCLE('',#3780,60.6);
#1321=CIRCLE('',#3781,59.8);
#1322=CIRCLE('',#3782,60.6);
#1323=CIRCLE('',#3783,59.8);
#1324=CIRCLE('',#3784,60.6);
#1325=CIRCLE('',#3785,59.8);
#1326=CIRCLE('',#3786,60.6);
#1327=CIRCLE('',#3787,59.8);
#1328=CIRCLE('',#3788,60.6);
#1329=CIRCLE('',#3789,59.8);
#1330=CIRCLE('',#3790,60.6);
#1331=CIRCLE('',#3791,59.8);
#1332=CIRCLE('',#3792,60.6);
#1333=CIRCLE('',#3793,59.8);
#1334=CIRCLE('',#3794,60.6);
#1335=CIRCLE('',#3795,59.8);
#1336=CIRCLE('',#3796,60.6);
#1337=CIRCLE('',#3797,59.8);
#1338=CIRCLE('',#3798,60.6);
#1339=CIRCLE('',#3799,59.8);
#1340=CIRCLE('',#3800,60.6);
#1341=CIRCLE('',#3801,59.8);
#1342=CIRCLE('',#3802,60.6);
#1343=CIRCLE('',#3803,59.8);
#1344=CIRCLE('',#3804,60.6);
#1345=CIRCLE('',#3805,59.8);
#1346=CIRCLE('',#3806,60.6);
#1347=CIRCLE('',#3807,59.8);
#1348=CIRCLE('',#3808,60.6);
#1349=CIRCLE('',#3809,59.8);
#1350=CIRCLE('',#3810,60.6);
#1351=CIRCLE('',#3811,60.6);
#1352=CIRCLE('',#3812,59.8);
#1353=CIRCLE('',#3813,60.6);
#1354=CIRCLE('',#3814,59.8);
#1355=CIRCLE('',#3815,60.6);
#1356=CIRCLE('',#3816,59.8);
#1357=CIRCLE('',#3817,60.6);
#1358=CIRCLE('',#3818,59.8);
#1359=CIRCLE('',#3819,60.6);
#1360=CIRCLE('',#3820,59.8);
#1361=CIRCLE('',#3821,60.6);
#1362=CIRCLE('',#3822,59.8);
#1363=CIRCLE('',#3823,60.6);
#1364=CIRCLE('',#3824,59.8);
#1365=CIRCLE('',#3825,60.6);
#1366=CIRCLE('',#3826,59.8);
#1367=CIRCLE('',#3827,60.6);
#1368=CIRCLE('',#3828,59.8);
#1369=CIRCLE('',#3829,59.);
#1370=CIRCLE('',#3974,57.4);
#1371=CIRCLE('',#3976,57.4);
#1372=CIRCLE('',#3978,59.);
#1373=CIRCLE('',#3979,57.5);
#1374=CIRCLE('',#3982,59.);
#1375=CIRCLE('',#3986,57.4);
#1376=CIRCLE('',#3987,57.4);
#1377=VERTEX_POINT('',#5077);
#1378=VERTEX_POINT('',#5078);
#1379=VERTEX_POINT('',#5080);
#1380=VERTEX_POINT('',#5082);
#1381=VERTEX_POINT('',#5084);
#1382=VERTEX_POINT('',#5086);
#1383=VERTEX_POINT('',#5088);
#1384=VERTEX_POINT('',#5090);
#1385=VERTEX_POINT('',#5094);
#1386=VERTEX_POINT('',#5096);
#1387=VERTEX_POINT('',#5100);
#1388=VERTEX_POINT('',#5102);
#1389=VERTEX_POINT('',#5104);
#1390=VERTEX_POINT('',#5106);
#1391=VERTEX_POINT('',#5108);
#1392=VERTEX_POINT('',#5112);
#1393=VERTEX_POINT('',#5113);
#1394=VERTEX_POINT('',#5115);
#1395=VERTEX_POINT('',#5119);
#1396=VERTEX_POINT('',#5121);
#1397=VERTEX_POINT('',#5127);
#1398=VERTEX_POINT('',#5129);
#1399=VERTEX_POINT('',#5135);
#1400=VERTEX_POINT('',#5139);
#1401=VERTEX_POINT('',#5140);
#1402=VERTEX_POINT('',#5142);
#1403=VERTEX_POINT('',#5144);
#1404=VERTEX_POINT('',#5146);
#1405=VERTEX_POINT('',#5148);
#1406=VERTEX_POINT('',#5150);
#1407=VERTEX_POINT('',#5152);
#1408=VERTEX_POINT('',#5154);
#1409=VERTEX_POINT('',#5156);
#1410=VERTEX_POINT('',#5158);
#1411=VERTEX_POINT('',#5160);
#1412=VERTEX_POINT('',#5162);
#1413=VERTEX_POINT('',#5164);
#1414=VERTEX_POINT('',#5166);
#1415=VERTEX_POINT('',#5168);
#1416=VERTEX_POINT('',#5170);
#1417=VERTEX_POINT('',#5172);
#1418=VERTEX_POINT('',#5174);
#1419=VERTEX_POINT('',#5176);
#1420=VERTEX_POINT('',#5178);
#1421=VERTEX_POINT('',#5180);
#1422=VERTEX_POINT('',#5182);
#1423=VERTEX_POINT('',#5184);
#1424=VERTEX_POINT('',#5186);
#1425=VERTEX_POINT('',#5188);
#1426=VERTEX_POINT('',#5190);
#1427=VERTEX_POINT('',#5192);
#1428=VERTEX_POINT('',#5194);
#1429=VERTEX_POINT('',#5196);
#1430=VERTEX_POINT('',#5198);
#1431=VERTEX_POINT('',#5200);
#1432=VERTEX_POINT('',#5202);
#1433=VERTEX_POINT('',#5204);
#1434=VERTEX_POINT('',#5206);
#1435=VERTEX_POINT('',#5208);
#1436=VERTEX_POINT('',#5210);
#1437=VERTEX_POINT('',#5212);
#1438=VERTEX_POINT('',#5214);
#1439=VERTEX_POINT('',#5216);
#1440=VERTEX_POINT('',#5218);
#1441=VERTEX_POINT('',#5221);
#1442=VERTEX_POINT('',#5223);
#1443=VERTEX_POINT('',#5225);
#1444=VERTEX_POINT('',#5227);
#1445=VERTEX_POINT('',#5229);
#1446=VERTEX_POINT('',#5231);
#1447=VERTEX_POINT('',#5233);
#1448=VERTEX_POINT('',#5235);
#1449=VERTEX_POINT('',#5237);
#1450=VERTEX_POINT('',#5239);
#1451=VERTEX_POINT('',#5241);
#1452=VERTEX_POINT('',#5243);
#1453=VERTEX_POINT('',#5245);
#1454=VERTEX_POINT('',#5247);
#1455=VERTEX_POINT('',#5249);
#1456=VERTEX_POINT('',#5251);
#1457=VERTEX_POINT('',#5253);
#1458=VERTEX_POINT('',#5255);
#1459=VERTEX_POINT('',#5257);
#1460=VERTEX_POINT('',#5259);
#1461=VERTEX_POINT('',#5261);
#1462=VERTEX_POINT('',#5263);
#1463=VERTEX_POINT('',#5265);
#1464=VERTEX_POINT('',#5267);
#1465=VERTEX_POINT('',#5269);
#1466=VERTEX_POINT('',#5271);
#1467=VERTEX_POINT('',#5273);
#1468=VERTEX_POINT('',#5275);
#1469=VERTEX_POINT('',#5277);
#1470=VERTEX_POINT('',#5279);
#1471=VERTEX_POINT('',#5281);
#1472=VERTEX_POINT('',#5283);
#1473=VERTEX_POINT('',#5285);
#1474=VERTEX_POINT('',#5287);
#1475=VERTEX_POINT('',#5289);
#1476=VERTEX_POINT('',#5291);
#1477=VERTEX_POINT('',#5293);
#1478=VERTEX_POINT('',#5295);
#1479=VERTEX_POINT('',#5297);
#1480=VERTEX_POINT('',#5299);
#1481=VERTEX_POINT('',#5301);
#1482=VERTEX_POINT('',#5303);
#1483=VERTEX_POINT('',#5305);
#1484=VERTEX_POINT('',#5307);
#1485=VERTEX_POINT('',#5309);
#1486=VERTEX_POINT('',#5311);
#1487=VERTEX_POINT('',#5313);
#1488=VERTEX_POINT('',#5315);
#1489=VERTEX_POINT('',#5317);
#1490=VERTEX_POINT('',#5319);
#1491=VERTEX_POINT('',#5321);
#1492=VERTEX_POINT('',#5323);
#1493=VERTEX_POINT('',#5325);
#1494=VERTEX_POINT('',#5327);
#1495=VERTEX_POINT('',#5329);
#1496=VERTEX_POINT('',#5331);
#1497=VERTEX_POINT('',#5333);
#1498=VERTEX_POINT('',#5335);
#1499=VERTEX_POINT('',#5337);
#1500=VERTEX_POINT('',#5339);
#1501=VERTEX_POINT('',#5341);
#1502=VERTEX_POINT('',#5343);
#1503=VERTEX_POINT('',#5345);
#1504=VERTEX_POINT('',#5347);
#1505=VERTEX_POINT('',#5349);
#1506=VERTEX_POINT('',#5351);
#1507=VERTEX_POINT('',#5353);
#1508=VERTEX_POINT('',#5355);
#1509=VERTEX_POINT('',#5357);
#1510=VERTEX_POINT('',#5359);
#1511=VERTEX_POINT('',#5361);
#1512=VERTEX_POINT('',#5363);
#1513=VERTEX_POINT('',#5365);
#1514=VERTEX_POINT('',#5367);
#1515=VERTEX_POINT('',#5369);
#1516=VERTEX_POINT('',#5371);
#1517=VERTEX_POINT('',#5373);
#1518=VERTEX_POINT('',#5375);
#1519=VERTEX_POINT('',#5377);
#1520=VERTEX_POINT('',#5379);
#1521=VERTEX_POINT('',#5381);
#1522=VERTEX_POINT('',#5383);
#1523=VERTEX_POINT('',#5385);
#1524=VERTEX_POINT('',#5387);
#1525=VERTEX_POINT('',#5389);
#1526=VERTEX_POINT('',#5391);
#1527=VERTEX_POINT('',#5393);
#1528=VERTEX_POINT('',#5395);
#1529=VERTEX_POINT('',#5397);
#1530=VERTEX_POINT('',#5399);
#1531=VERTEX_POINT('',#5401);
#1532=VERTEX_POINT('',#5403);
#1533=VERTEX_POINT('',#5405);
#1534=VERTEX_POINT('',#5407);
#1535=VERTEX_POINT('',#5409);
#1536=VERTEX_POINT('',#5411);
#1537=VERTEX_POINT('',#5413);
#1538=VERTEX_POINT('',#5415);
#1539=VERTEX_POINT('',#5417);
#1540=VERTEX_POINT('',#5419);
#1541=VERTEX_POINT('',#5421);
#1542=VERTEX_POINT('',#5423);
#1543=VERTEX_POINT('',#5425);
#1544=VERTEX_POINT('',#5427);
#1545=VERTEX_POINT('',#5429);
#1546=VERTEX_POINT('',#5431);
#1547=VERTEX_POINT('',#5433);
#1548=VERTEX_POINT('',#5435);
#1549=VERTEX_POINT('',#5437);
#1550=VERTEX_POINT('',#5443);
#1551=VERTEX_POINT('',#5447);
#1552=VERTEX_POINT('',#5449);
#1553=VERTEX_POINT('',#5451);
#1554=VERTEX_POINT('',#5461);
#1555=VERTEX_POINT('',#5463);
#1556=VERTEX_POINT('',#5467);
#1557=VERTEX_POINT('',#5468);
#1558=VERTEX_POINT('',#5470);
#1559=VERTEX_POINT('',#5472);
#1560=VERTEX_POINT('',#5476);
#1561=VERTEX_POINT('',#5478);
#1562=VERTEX_POINT('',#5482);
#1563=VERTEX_POINT('',#5484);
#1564=VERTEX_POINT('',#5491);
#1565=VERTEX_POINT('',#5492);
#1566=VERTEX_POINT('',#5494);
#1567=VERTEX_POINT('',#5496);
#1568=VERTEX_POINT('',#5500);
#1569=VERTEX_POINT('',#5502);
#1570=VERTEX_POINT('',#5506);
#1571=VERTEX_POINT('',#5508);
#1572=VERTEX_POINT('',#5517);
#1573=VERTEX_POINT('',#5518);
#1574=VERTEX_POINT('',#5523);
#1575=VERTEX_POINT('',#5527);
#1576=VERTEX_POINT('',#5531);
#1577=VERTEX_POINT('',#5535);
#1578=VERTEX_POINT('',#5536);
#1579=VERTEX_POINT('',#5541);
#1580=VERTEX_POINT('',#5545);
#1581=VERTEX_POINT('',#5550);
#1582=VERTEX_POINT('',#5552);
#1583=VERTEX_POINT('',#5554);
#1584=VERTEX_POINT('',#5556);
#1585=VERTEX_POINT('',#5558);
#1586=VERTEX_POINT('',#5560);
#1587=VERTEX_POINT('',#5562);
#1588=VERTEX_POINT('',#5564);
#1589=VERTEX_POINT('',#5566);
#1590=VERTEX_POINT('',#5568);
#1591=VERTEX_POINT('',#5570);
#1592=VERTEX_POINT('',#5572);
#1593=VERTEX_POINT('',#5574);
#1594=VERTEX_POINT('',#5576);
#1595=VERTEX_POINT('',#5578);
#1596=VERTEX_POINT('',#5580);
#1597=VERTEX_POINT('',#5582);
#1598=VERTEX_POINT('',#5584);
#1599=VERTEX_POINT('',#5586);
#1600=VERTEX_POINT('',#5588);
#1601=VERTEX_POINT('',#5590);
#1602=VERTEX_POINT('',#5592);
#1603=VERTEX_POINT('',#5594);
#1604=VERTEX_POINT('',#5596);
#1605=VERTEX_POINT('',#5598);
#1606=VERTEX_POINT('',#5600);
#1607=VERTEX_POINT('',#5602);
#1608=VERTEX_POINT('',#5604);
#1609=VERTEX_POINT('',#5606);
#1610=VERTEX_POINT('',#5608);
#1611=VERTEX_POINT('',#5610);
#1612=VERTEX_POINT('',#5612);
#1613=VERTEX_POINT('',#5614);
#1614=VERTEX_POINT('',#5616);
#1615=VERTEX_POINT('',#5618);
#1616=VERTEX_POINT('',#5620);
#1617=VERTEX_POINT('',#5622);
#1618=VERTEX_POINT('',#5624);
#1619=VERTEX_POINT('',#5626);
#1620=VERTEX_POINT('',#5628);
#1621=VERTEX_POINT('',#5630);
#1622=VERTEX_POINT('',#5632);
#1623=VERTEX_POINT('',#5634);
#1624=VERTEX_POINT('',#5636);
#1625=VERTEX_POINT('',#5638);
#1626=VERTEX_POINT('',#5640);
#1627=VERTEX_POINT('',#5642);
#1628=VERTEX_POINT('',#5644);
#1629=VERTEX_POINT('',#5646);
#1630=VERTEX_POINT('',#5648);
#1631=VERTEX_POINT('',#5650);
#1632=VERTEX_POINT('',#5652);
#1633=VERTEX_POINT('',#5654);
#1634=VERTEX_POINT('',#5656);
#1635=VERTEX_POINT('',#5658);
#1636=VERTEX_POINT('',#5660);
#1637=VERTEX_POINT('',#5662);
#1638=VERTEX_POINT('',#5664);
#1639=VERTEX_POINT('',#5666);
#1640=VERTEX_POINT('',#5668);
#1641=VERTEX_POINT('',#5670);
#1642=VERTEX_POINT('',#5672);
#1643=VERTEX_POINT('',#5674);
#1644=VERTEX_POINT('',#5676);
#1645=VERTEX_POINT('',#5678);
#1646=VERTEX_POINT('',#5680);
#1647=VERTEX_POINT('',#5682);
#1648=VERTEX_POINT('',#5684);
#1649=VERTEX_POINT('',#5686);
#1650=VERTEX_POINT('',#5688);
#1651=VERTEX_POINT('',#5690);
#1652=VERTEX_POINT('',#5692);
#1653=VERTEX_POINT('',#5694);
#1654=VERTEX_POINT('',#5696);
#1655=VERTEX_POINT('',#5698);
#1656=VERTEX_POINT('',#5700);
#1657=VERTEX_POINT('',#5702);
#1658=VERTEX_POINT('',#5704);
#1659=VERTEX_POINT('',#5706);
#1660=VERTEX_POINT('',#5708);
#1661=VERTEX_POINT('',#5710);
#1662=VERTEX_POINT('',#5712);
#1663=VERTEX_POINT('',#5714);
#1664=VERTEX_POINT('',#5716);
#1665=VERTEX_POINT('',#5718);
#1666=VERTEX_POINT('',#5720);
#1667=VERTEX_POINT('',#5722);
#1668=VERTEX_POINT('',#5724);
#1669=VERTEX_POINT('',#5726);
#1670=VERTEX_POINT('',#5728);
#1671=VERTEX_POINT('',#5730);
#1672=VERTEX_POINT('',#5732);
#1673=VERTEX_POINT('',#5734);
#1674=VERTEX_POINT('',#5736);
#1675=VERTEX_POINT('',#5738);
#1676=VERTEX_POINT('',#5740);
#1677=VERTEX_POINT('',#5742);
#1678=VERTEX_POINT('',#5744);
#1679=VERTEX_POINT('',#5746);
#1680=VERTEX_POINT('',#5748);
#1681=VERTEX_POINT('',#5750);
#1682=VERTEX_POINT('',#5752);
#1683=VERTEX_POINT('',#5754);
#1684=VERTEX_POINT('',#5756);
#1685=VERTEX_POINT('',#5759);
#1686=VERTEX_POINT('',#5761);
#1687=VERTEX_POINT('',#5763);
#1688=VERTEX_POINT('',#5765);
#1689=VERTEX_POINT('',#5767);
#1690=VERTEX_POINT('',#5769);
#1691=VERTEX_POINT('',#5771);
#1692=VERTEX_POINT('',#5773);
#1693=VERTEX_POINT('',#5775);
#1694=VERTEX_POINT('',#5777);
#1695=VERTEX_POINT('',#5779);
#1696=VERTEX_POINT('',#5781);
#1697=VERTEX_POINT('',#5783);
#1698=VERTEX_POINT('',#5785);
#1699=VERTEX_POINT('',#5787);
#1700=VERTEX_POINT('',#5789);
#1701=VERTEX_POINT('',#5791);
#1702=VERTEX_POINT('',#5793);
#1703=VERTEX_POINT('',#5795);
#1704=VERTEX_POINT('',#5797);
#1705=VERTEX_POINT('',#5799);
#1706=VERTEX_POINT('',#5801);
#1707=VERTEX_POINT('',#5803);
#1708=VERTEX_POINT('',#5805);
#1709=VERTEX_POINT('',#5807);
#1710=VERTEX_POINT('',#5809);
#1711=VERTEX_POINT('',#5811);
#1712=VERTEX_POINT('',#5813);
#1713=VERTEX_POINT('',#5815);
#1714=VERTEX_POINT('',#5817);
#1715=VERTEX_POINT('',#5819);
#1716=VERTEX_POINT('',#5821);
#1717=VERTEX_POINT('',#5823);
#1718=VERTEX_POINT('',#5825);
#1719=VERTEX_POINT('',#5827);
#1720=VERTEX_POINT('',#5829);
#1721=VERTEX_POINT('',#5832);
#1722=VERTEX_POINT('',#6118);
#1723=VERTEX_POINT('',#6122);
#1724=VERTEX_POINT('',#6126);
#1725=VERTEX_POINT('',#6128);
#1726=VERTEX_POINT('',#6133);
#1727=VERTEX_POINT('',#6139);
#1728=VERTEX_POINT('',#6141);
#1729=EDGE_CURVE('',#1377,#1378,#1199,.T.);
#1730=EDGE_CURVE('',#1379,#1377,#493,.T.);
#1731=EDGE_CURVE('',#1380,#1379,#1200,.T.);
#1732=EDGE_CURVE('',#1381,#1380,#494,.T.);
#1733=EDGE_CURVE('',#1382,#1381,#1201,.T.);
#1734=EDGE_CURVE('',#1383,#1382,#495,.T.);
#1735=EDGE_CURVE('',#1384,#1383,#1202,.T.);
#1736=EDGE_CURVE('',#1378,#1384,#496,.T.);
#1737=EDGE_CURVE('',#1380,#1385,#497,.T.);
#1738=EDGE_CURVE('',#1385,#1386,#498,.T.);
#1739=EDGE_CURVE('',#1386,#1381,#499,.T.);
#1740=EDGE_CURVE('',#1379,#1387,#500,.T.);
#1741=EDGE_CURVE('',#1387,#1388,#1203,.T.);
#1742=EDGE_CURVE('',#1388,#1389,#501,.T.);
#1743=EDGE_CURVE('',#1390,#1389,#1204,.T.);
#1744=EDGE_CURVE('',#1391,#1390,#502,.T.);
#1745=EDGE_CURVE('',#1391,#1385,#1205,.T.);
#1746=EDGE_CURVE('',#1392,#1393,#1206,.T.);
#1747=EDGE_CURVE('',#1393,#1394,#503,.T.);
#1748=EDGE_CURVE('',#1394,#1394,#1207,.T.);
#1749=EDGE_CURVE('',#1393,#1392,#1208,.T.);
#1750=EDGE_CURVE('',#1395,#1377,#504,.T.);
#1751=EDGE_CURVE('',#1378,#1396,#505,.T.);
#1752=EDGE_CURVE('',#1396,#1395,#1209,.T.);
#1753=EDGE_CURVE('',#1392,#1392,#1210,.T.);
#1754=EDGE_CURVE('',#1397,#1397,#1211,.T.);
#1755=EDGE_CURVE('',#1398,#1397,#1212,.T.);
#1756=EDGE_CURVE('',#1397,#1398,#1213,.T.);
#1757=EDGE_CURVE('',#1397,#1392,#506,.T.);
#1758=EDGE_CURVE('',#1399,#1399,#1214,.T.);
#1759=EDGE_CURVE('',#1399,#1398,#507,.T.);
#1760=EDGE_CURVE('',#1400,#1401,#508,.T.);
#1761=EDGE_CURVE('',#1401,#1402,#1215,.T.);
#1762=EDGE_CURVE('',#1402,#1403,#509,.T.);
#1763=EDGE_CURVE('',#1403,#1404,#1216,.T.);
#1764=EDGE_CURVE('',#1404,#1405,#510,.T.);
#1765=EDGE_CURVE('',#1405,#1406,#1217,.T.);
#1766=EDGE_CURVE('',#1406,#1407,#511,.T.);
#1767=EDGE_CURVE('',#1407,#1408,#1218,.T.);
#1768=EDGE_CURVE('',#1408,#1409,#512,.T.);
#1769=EDGE_CURVE('',#1409,#1410,#1219,.T.);
#1770=EDGE_CURVE('',#1410,#1411,#513,.T.);
#1771=EDGE_CURVE('',#1411,#1412,#1220,.T.);
#1772=EDGE_CURVE('',#1412,#1413,#514,.T.);
#1773=EDGE_CURVE('',#1413,#1414,#1221,.T.);
#1774=EDGE_CURVE('',#1414,#1415,#515,.T.);
#1775=EDGE_CURVE('',#1415,#1416,#1222,.T.);
#1776=EDGE_CURVE('',#1416,#1417,#516,.T.);
#1777=EDGE_CURVE('',#1417,#1418,#1223,.T.);
#1778=EDGE_CURVE('',#1418,#1419,#517,.T.);
#1779=EDGE_CURVE('',#1419,#1420,#1224,.T.);
#1780=EDGE_CURVE('',#1420,#1421,#518,.T.);
#1781=EDGE_CURVE('',#1421,#1422,#1225,.T.);
#1782=EDGE_CURVE('',#1422,#1423,#519,.T.);
#1783=EDGE_CURVE('',#1423,#1424,#1226,.T.);
#1784=EDGE_CURVE('',#1424,#1425,#520,.T.);
#1785=EDGE_CURVE('',#1425,#1426,#1227,.T.);
#1786=EDGE_CURVE('',#1426,#1427,#521,.T.);
#1787=EDGE_CURVE('',#1427,#1428,#1228,.T.);
#1788=EDGE_CURVE('',#1428,#1429,#522,.T.);
#1789=EDGE_CURVE('',#1429,#1430,#1229,.T.);
#1790=EDGE_CURVE('',#1430,#1431,#523,.T.);
#1791=EDGE_CURVE('',#1431,#1432,#1230,.T.);
#1792=EDGE_CURVE('',#1432,#1433,#524,.T.);
#1793=EDGE_CURVE('',#1433,#1434,#1231,.T.);
#1794=EDGE_CURVE('',#1434,#1435,#525,.T.);
#1795=EDGE_CURVE('',#1435,#1436,#1232,.T.);
#1796=EDGE_CURVE('',#1436,#1437,#526,.T.);
#1797=EDGE_CURVE('',#1437,#1438,#1233,.T.);
#1798=EDGE_CURVE('',#1438,#1439,#527,.T.);
#1799=EDGE_CURVE('',#1439,#1440,#1234,.T.);
#1800=EDGE_CURVE('',#1440,#1390,#528,.T.);
#1801=EDGE_CURVE('',#1389,#1441,#529,.T.);
#1802=EDGE_CURVE('',#1441,#1442,#1235,.T.);
#1803=EDGE_CURVE('',#1442,#1443,#530,.T.);
#1804=EDGE_CURVE('',#1443,#1444,#1236,.T.);
#1805=EDGE_CURVE('',#1444,#1445,#531,.T.);
#1806=EDGE_CURVE('',#1445,#1446,#1237,.T.);
#1807=EDGE_CURVE('',#1446,#1447,#532,.T.);
#1808=EDGE_CURVE('',#1447,#1448,#1238,.T.);
#1809=EDGE_CURVE('',#1448,#1449,#533,.T.);
#1810=EDGE_CURVE('',#1449,#1450,#1239,.T.);
#1811=EDGE_CURVE('',#1450,#1451,#534,.T.);
#1812=EDGE_CURVE('',#1451,#1452,#1240,.T.);
#1813=EDGE_CURVE('',#1452,#1453,#535,.T.);
#1814=EDGE_CURVE('',#1453,#1454,#1241,.T.);
#1815=EDGE_CURVE('',#1454,#1455,#536,.T.);
#1816=EDGE_CURVE('',#1455,#1456,#1242,.T.);
#1817=EDGE_CURVE('',#1456,#1457,#537,.T.);
#1818=EDGE_CURVE('',#1457,#1458,#1243,.T.);
#1819=EDGE_CURVE('',#1458,#1459,#538,.T.);
#1820=EDGE_CURVE('',#1459,#1460,#1244,.T.);
#1821=EDGE_CURVE('',#1460,#1461,#539,.T.);
#1822=EDGE_CURVE('',#1461,#1462,#1245,.T.);
#1823=EDGE_CURVE('',#1462,#1463,#540,.T.);
#1824=EDGE_CURVE('',#1463,#1464,#1246,.T.);
#1825=EDGE_CURVE('',#1464,#1465,#541,.T.);
#1826=EDGE_CURVE('',#1465,#1466,#1247,.T.);
#1827=EDGE_CURVE('',#1466,#1467,#542,.T.);
#1828=EDGE_CURVE('',#1467,#1468,#1248,.T.);
#1829=EDGE_CURVE('',#1468,#1469,#543,.T.);
#1830=EDGE_CURVE('',#1469,#1470,#1249,.T.);
#1831=EDGE_CURVE('',#1470,#1471,#544,.T.);
#1832=EDGE_CURVE('',#1471,#1472,#1250,.T.);
#1833=EDGE_CURVE('',#1472,#1473,#545,.T.);
#1834=EDGE_CURVE('',#1473,#1474,#1251,.T.);
#1835=EDGE_CURVE('',#1474,#1475,#546,.T.);
#1836=EDGE_CURVE('',#1475,#1476,#1252,.T.);
#1837=EDGE_CURVE('',#1476,#1477,#547,.T.);
#1838=EDGE_CURVE('',#1477,#1478,#1253,.T.);
#1839=EDGE_CURVE('',#1478,#1479,#548,.T.);
#1840=EDGE_CURVE('',#1479,#1480,#1254,.T.);
#1841=EDGE_CURVE('',#1480,#1481,#549,.T.);
#1842=EDGE_CURVE('',#1481,#1482,#1255,.T.);
#1843=EDGE_CURVE('',#1482,#1483,#550,.T.);
#1844=EDGE_CURVE('',#1483,#1484,#1256,.T.);
#1845=EDGE_CURVE('',#1484,#1485,#551,.T.);
#1846=EDGE_CURVE('',#1485,#1486,#1257,.T.);
#1847=EDGE_CURVE('',#1486,#1487,#552,.T.);
#1848=EDGE_CURVE('',#1487,#1488,#1258,.T.);
#1849=EDGE_CURVE('',#1488,#1489,#553,.T.);
#1850=EDGE_CURVE('',#1489,#1490,#1259,.T.);
#1851=EDGE_CURVE('',#1490,#1491,#554,.T.);
#1852=EDGE_CURVE('',#1491,#1492,#1260,.T.);
#1853=EDGE_CURVE('',#1492,#1493,#555,.T.);
#1854=EDGE_CURVE('',#1493,#1494,#1261,.T.);
#1855=EDGE_CURVE('',#1494,#1495,#556,.T.);
#1856=EDGE_CURVE('',#1495,#1496,#1262,.T.);
#1857=EDGE_CURVE('',#1496,#1497,#557,.T.);
#1858=EDGE_CURVE('',#1497,#1498,#1263,.T.);
#1859=EDGE_CURVE('',#1498,#1499,#558,.T.);
#1860=EDGE_CURVE('',#1499,#1500,#1264,.T.);
#1861=EDGE_CURVE('',#1500,#1501,#559,.T.);
#1862=EDGE_CURVE('',#1501,#1502,#1265,.T.);
#1863=EDGE_CURVE('',#1502,#1503,#560,.T.);
#1864=EDGE_CURVE('',#1503,#1504,#1266,.T.);
#1865=EDGE_CURVE('',#1504,#1505,#561,.T.);
#1866=EDGE_CURVE('',#1505,#1506,#1267,.T.);
#1867=EDGE_CURVE('',#1506,#1507,#562,.T.);
#1868=EDGE_CURVE('',#1507,#1508,#1268,.T.);
#1869=EDGE_CURVE('',#1508,#1509,#563,.T.);
#1870=EDGE_CURVE('',#1509,#1510,#1269,.T.);
#1871=EDGE_CURVE('',#1510,#1511,#564,.T.);
#1872=EDGE_CURVE('',#1511,#1512,#1270,.T.);
#1873=EDGE_CURVE('',#1512,#1513,#565,.T.);
#1874=EDGE_CURVE('',#1513,#1514,#1271,.T.);
#1875=EDGE_CURVE('',#1514,#1515,#566,.T.);
#1876=EDGE_CURVE('',#1515,#1516,#1272,.T.);
#1877=EDGE_CURVE('',#1516,#1517,#567,.T.);
#1878=EDGE_CURVE('',#1517,#1518,#1273,.T.);
#1879=EDGE_CURVE('',#1518,#1519,#568,.T.);
#1880=EDGE_CURVE('',#1519,#1520,#1274,.T.);
#1881=EDGE_CURVE('',#1520,#1521,#569,.T.);
#1882=EDGE_CURVE('',#1521,#1522,#1275,.T.);
#1883=EDGE_CURVE('',#1522,#1523,#570,.T.);
#1884=EDGE_CURVE('',#1523,#1524,#1276,.T.);
#1885=EDGE_CURVE('',#1524,#1525,#571,.T.);
#1886=EDGE_CURVE('',#1525,#1526,#1277,.T.);
#1887=EDGE_CURVE('',#1526,#1527,#572,.T.);
#1888=EDGE_CURVE('',#1527,#1528,#1278,.T.);
#1889=EDGE_CURVE('',#1528,#1529,#573,.T.);
#1890=EDGE_CURVE('',#1529,#1530,#1279,.T.);
#1891=EDGE_CURVE('',#1530,#1531,#574,.T.);
#1892=EDGE_CURVE('',#1531,#1532,#1280,.T.);
#1893=EDGE_CURVE('',#1532,#1533,#575,.T.);
#1894=EDGE_CURVE('',#1533,#1534,#1281,.T.);
#1895=EDGE_CURVE('',#1534,#1535,#576,.T.);
#1896=EDGE_CURVE('',#1535,#1536,#1282,.T.);
#1897=EDGE_CURVE('',#1536,#1537,#577,.T.);
#1898=EDGE_CURVE('',#1537,#1538,#1283,.T.);
#1899=EDGE_CURVE('',#1538,#1539,#578,.T.);
#1900=EDGE_CURVE('',#1539,#1540,#1284,.T.);
#1901=EDGE_CURVE('',#1540,#1541,#579,.T.);
#1902=EDGE_CURVE('',#1541,#1542,#1285,.T.);
#1903=EDGE_CURVE('',#1542,#1543,#580,.T.);
#1904=EDGE_CURVE('',#1543,#1544,#1286,.T.);
#1905=EDGE_CURVE('',#1544,#1545,#581,.T.);
#1906=EDGE_CURVE('',#1545,#1546,#1287,.T.);
#1907=EDGE_CURVE('',#1546,#1547,#582,.T.);
#1908=EDGE_CURVE('',#1547,#1548,#1288,.T.);
#1909=EDGE_CURVE('',#1548,#1549,#583,.T.);
#1910=EDGE_CURVE('',#1549,#1400,#1289,.T.);
#1911=EDGE_CURVE('',#1395,#1387,#584,.T.);
#1912=EDGE_CURVE('',#1550,#1384,#585,.T.);
#1913=EDGE_CURVE('',#1396,#1550,#586,.T.);
#1914=EDGE_CURVE('',#1551,#1550,#1290,.T.);
#1915=EDGE_CURVE('',#1552,#1551,#587,.T.);
#1916=EDGE_CURVE('',#1553,#1552,#1291,.T.);
#1917=EDGE_CURVE('',#1388,#1553,#588,.T.);
#1918=EDGE_CURVE('',#1553,#1441,#589,.T.);
#1919=EDGE_CURVE('',#1442,#1552,#590,.T.);
#1920=EDGE_CURVE('',#1551,#1443,#591,.T.);
#1921=EDGE_CURVE('',#1554,#1554,#1292,.T.);
#1922=EDGE_CURVE('',#1554,#1555,#592,.T.);
#1923=EDGE_CURVE('',#1555,#1555,#1293,.T.);
#1924=EDGE_CURVE('',#1556,#1557,#593,.T.);
#1925=EDGE_CURVE('',#1556,#1558,#594,.T.);
#1926=EDGE_CURVE('',#1559,#1558,#595,.T.);
#1927=EDGE_CURVE('',#1557,#1559,#596,.T.);
#1928=EDGE_CURVE('',#1557,#1560,#597,.T.);
#1929=EDGE_CURVE('',#1561,#1559,#598,.T.);
#1930=EDGE_CURVE('',#1560,#1561,#599,.T.);
#1931=EDGE_CURVE('',#1560,#1562,#600,.T.);
#1932=EDGE_CURVE('',#1563,#1561,#601,.T.);
#1933=EDGE_CURVE('',#1562,#1563,#602,.T.);
#1934=EDGE_CURVE('',#1562,#1556,#603,.T.);
#1935=EDGE_CURVE('',#1558,#1563,#604,.T.);
#1936=EDGE_CURVE('',#1564,#1565,#605,.T.);
#1937=EDGE_CURVE('',#1564,#1566,#606,.T.);
#1938=EDGE_CURVE('',#1567,#1566,#607,.T.);
#1939=EDGE_CURVE('',#1565,#1567,#608,.T.);
#1940=EDGE_CURVE('',#1565,#1568,#609,.T.);
#1941=EDGE_CURVE('',#1569,#1567,#610,.T.);
#1942=EDGE_CURVE('',#1568,#1569,#611,.T.);
#1943=EDGE_CURVE('',#1568,#1570,#612,.T.);
#1944=EDGE_CURVE('',#1571,#1569,#613,.T.);
#1945=EDGE_CURVE('',#1570,#1571,#614,.T.);
#1946=EDGE_CURVE('',#1570,#1564,#615,.T.);
#1947=EDGE_CURVE('',#1566,#1571,#616,.T.);
#1948=EDGE_CURVE('',#1572,#1573,#617,.T.);
#1949=EDGE_CURVE('',#1573,#1401,#618,.T.);
#1950=EDGE_CURVE('',#1400,#1572,#619,.T.);
#1951=EDGE_CURVE('',#1573,#1574,#1294,.T.);
#1952=EDGE_CURVE('',#1574,#1402,#620,.T.);
#1953=EDGE_CURVE('',#1574,#1575,#621,.T.);
#1954=EDGE_CURVE('',#1575,#1403,#622,.T.);
#1955=EDGE_CURVE('',#1576,#1575,#1295,.T.);
#1956=EDGE_CURVE('',#1576,#1404,#623,.T.);
#1957=EDGE_CURVE('',#1577,#1578,#624,.T.);
#1958=EDGE_CURVE('',#1578,#1547,#625,.T.);
#1959=EDGE_CURVE('',#1546,#1577,#626,.T.);
#1960=EDGE_CURVE('',#1578,#1579,#1296,.T.);
#1961=EDGE_CURVE('',#1579,#1548,#627,.T.);
#1962=EDGE_CURVE('',#1579,#1580,#628,.T.);
#1963=EDGE_CURVE('',#1580,#1549,#629,.T.);
#1964=EDGE_CURVE('',#1572,#1580,#1297,.T.);
#1965=EDGE_CURVE('',#1577,#1581,#1298,.T.);
#1966=EDGE_CURVE('',#1582,#1581,#630,.T.);
#1967=EDGE_CURVE('',#1583,#1582,#1299,.T.);
#1968=EDGE_CURVE('',#1584,#1583,#631,.T.);
#1969=EDGE_CURVE('',#1584,#1585,#1300,.T.);
#1970=EDGE_CURVE('',#1586,#1585,#632,.T.);
#1971=EDGE_CURVE('',#1587,#1586,#1301,.T.);
#1972=EDGE_CURVE('',#1588,#1587,#633,.T.);
#1973=EDGE_CURVE('',#1588,#1589,#1302,.T.);
#1974=EDGE_CURVE('',#1590,#1589,#634,.T.);
#1975=EDGE_CURVE('',#1591,#1590,#1303,.T.);
#1976=EDGE_CURVE('',#1592,#1591,#635,.T.);
#1977=EDGE_CURVE('',#1592,#1593,#1304,.T.);
#1978=EDGE_CURVE('',#1594,#1593,#636,.T.);
#1979=EDGE_CURVE('',#1595,#1594,#1305,.T.);
#1980=EDGE_CURVE('',#1596,#1595,#637,.T.);
#1981=EDGE_CURVE('',#1596,#1597,#1306,.T.);
#1982=EDGE_CURVE('',#1598,#1597,#638,.T.);
#1983=EDGE_CURVE('',#1599,#1598,#1307,.T.);
#1984=EDGE_CURVE('',#1600,#1599,#639,.T.);
#1985=EDGE_CURVE('',#1600,#1601,#1308,.T.);
#1986=EDGE_CURVE('',#1602,#1601,#640,.T.);
#1987=EDGE_CURVE('',#1603,#1602,#1309,.T.);
#1988=EDGE_CURVE('',#1604,#1603,#641,.T.);
#1989=EDGE_CURVE('',#1604,#1605,#1310,.T.);
#1990=EDGE_CURVE('',#1606,#1605,#642,.T.);
#1991=EDGE_CURVE('',#1607,#1606,#1311,.T.);
#1992=EDGE_CURVE('',#1608,#1607,#643,.T.);
#1993=EDGE_CURVE('',#1608,#1609,#1312,.T.);
#1994=EDGE_CURVE('',#1610,#1609,#644,.T.);
#1995=EDGE_CURVE('',#1611,#1610,#1313,.T.);
#1996=EDGE_CURVE('',#1612,#1611,#645,.T.);
#1997=EDGE_CURVE('',#1612,#1613,#1314,.T.);
#1998=EDGE_CURVE('',#1614,#1613,#646,.T.);
#1999=EDGE_CURVE('',#1615,#1614,#1315,.T.);
#2000=EDGE_CURVE('',#1616,#1615,#647,.T.);
#2001=EDGE_CURVE('',#1616,#1617,#1316,.T.);
#2002=EDGE_CURVE('',#1618,#1617,#648,.T.);
#2003=EDGE_CURVE('',#1619,#1618,#1317,.T.);
#2004=EDGE_CURVE('',#1620,#1619,#649,.T.);
#2005=EDGE_CURVE('',#1620,#1621,#1318,.T.);
#2006=EDGE_CURVE('',#1622,#1621,#650,.T.);
#2007=EDGE_CURVE('',#1623,#1622,#1319,.T.);
#2008=EDGE_CURVE('',#1624,#1623,#651,.T.);
#2009=EDGE_CURVE('',#1624,#1625,#1320,.T.);
#2010=EDGE_CURVE('',#1626,#1625,#652,.T.);
#2011=EDGE_CURVE('',#1627,#1626,#1321,.T.);
#2012=EDGE_CURVE('',#1628,#1627,#653,.T.);
#2013=EDGE_CURVE('',#1628,#1629,#1322,.T.);
#2014=EDGE_CURVE('',#1630,#1629,#654,.T.);
#2015=EDGE_CURVE('',#1631,#1630,#1323,.T.);
#2016=EDGE_CURVE('',#1632,#1631,#655,.T.);
#2017=EDGE_CURVE('',#1632,#1633,#1324,.T.);
#2018=EDGE_CURVE('',#1634,#1633,#656,.T.);
#2019=EDGE_CURVE('',#1635,#1634,#1325,.T.);
#2020=EDGE_CURVE('',#1636,#1635,#657,.T.);
#2021=EDGE_CURVE('',#1636,#1637,#1326,.T.);
#2022=EDGE_CURVE('',#1638,#1637,#658,.T.);
#2023=EDGE_CURVE('',#1639,#1638,#1327,.T.);
#2024=EDGE_CURVE('',#1640,#1639,#659,.T.);
#2025=EDGE_CURVE('',#1640,#1641,#1328,.T.);
#2026=EDGE_CURVE('',#1642,#1641,#660,.T.);
#2027=EDGE_CURVE('',#1643,#1642,#1329,.T.);
#2028=EDGE_CURVE('',#1644,#1643,#661,.T.);
#2029=EDGE_CURVE('',#1644,#1645,#1330,.T.);
#2030=EDGE_CURVE('',#1646,#1645,#662,.T.);
#2031=EDGE_CURVE('',#1647,#1646,#1331,.T.);
#2032=EDGE_CURVE('',#1648,#1647,#663,.T.);
#2033=EDGE_CURVE('',#1648,#1649,#1332,.T.);
#2034=EDGE_CURVE('',#1650,#1649,#664,.T.);
#2035=EDGE_CURVE('',#1651,#1650,#1333,.T.);
#2036=EDGE_CURVE('',#1652,#1651,#665,.T.);
#2037=EDGE_CURVE('',#1652,#1653,#1334,.T.);
#2038=EDGE_CURVE('',#1654,#1653,#666,.T.);
#2039=EDGE_CURVE('',#1655,#1654,#1335,.T.);
#2040=EDGE_CURVE('',#1656,#1655,#667,.T.);
#2041=EDGE_CURVE('',#1656,#1657,#1336,.T.);
#2042=EDGE_CURVE('',#1658,#1657,#668,.T.);
#2043=EDGE_CURVE('',#1659,#1658,#1337,.T.);
#2044=EDGE_CURVE('',#1660,#1659,#669,.T.);
#2045=EDGE_CURVE('',#1660,#1661,#1338,.T.);
#2046=EDGE_CURVE('',#1662,#1661,#670,.T.);
#2047=EDGE_CURVE('',#1663,#1662,#1339,.T.);
#2048=EDGE_CURVE('',#1664,#1663,#671,.T.);
#2049=EDGE_CURVE('',#1664,#1665,#1340,.T.);
#2050=EDGE_CURVE('',#1666,#1665,#672,.T.);
#2051=EDGE_CURVE('',#1667,#1666,#1341,.T.);
#2052=EDGE_CURVE('',#1668,#1667,#673,.T.);
#2053=EDGE_CURVE('',#1668,#1669,#1342,.T.);
#2054=EDGE_CURVE('',#1670,#1669,#674,.T.);
#2055=EDGE_CURVE('',#1671,#1670,#1343,.T.);
#2056=EDGE_CURVE('',#1672,#1671,#675,.T.);
#2057=EDGE_CURVE('',#1672,#1673,#1344,.T.);
#2058=EDGE_CURVE('',#1674,#1673,#676,.T.);
#2059=EDGE_CURVE('',#1675,#1674,#1345,.T.);
#2060=EDGE_CURVE('',#1676,#1675,#677,.T.);
#2061=EDGE_CURVE('',#1676,#1677,#1346,.T.);
#2062=EDGE_CURVE('',#1678,#1677,#678,.T.);
#2063=EDGE_CURVE('',#1679,#1678,#1347,.T.);
#2064=EDGE_CURVE('',#1680,#1679,#679,.T.);
#2065=EDGE_CURVE('',#1680,#1681,#1348,.T.);
#2066=EDGE_CURVE('',#1682,#1681,#680,.T.);
#2067=EDGE_CURVE('',#1683,#1682,#1349,.T.);
#2068=EDGE_CURVE('',#1684,#1683,#681,.T.);
#2069=EDGE_CURVE('',#1684,#1386,#1350,.T.);
#2070=EDGE_CURVE('',#1685,#1391,#682,.T.);
#2071=EDGE_CURVE('',#1685,#1686,#1351,.T.);
#2072=EDGE_CURVE('',#1687,#1686,#683,.T.);
#2073=EDGE_CURVE('',#1688,#1687,#1352,.T.);
#2074=EDGE_CURVE('',#1689,#1688,#684,.T.);
#2075=EDGE_CURVE('',#1689,#1690,#1353,.T.);
#2076=EDGE_CURVE('',#1691,#1690,#685,.T.);
#2077=EDGE_CURVE('',#1692,#1691,#1354,.T.);
#2078=EDGE_CURVE('',#1693,#1692,#686,.T.);
#2079=EDGE_CURVE('',#1693,#1694,#1355,.T.);
#2080=EDGE_CURVE('',#1695,#1694,#687,.T.);
#2081=EDGE_CURVE('',#1696,#1695,#1356,.T.);
#2082=EDGE_CURVE('',#1697,#1696,#688,.T.);
#2083=EDGE_CURVE('',#1697,#1698,#1357,.T.);
#2084=EDGE_CURVE('',#1699,#1698,#689,.T.);
#2085=EDGE_CURVE('',#1700,#1699,#1358,.T.);
#2086=EDGE_CURVE('',#1701,#1700,#690,.T.);
#2087=EDGE_CURVE('',#1701,#1702,#1359,.T.);
#2088=EDGE_CURVE('',#1703,#1702,#691,.T.);
#2089=EDGE_CURVE('',#1704,#1703,#1360,.T.);
#2090=EDGE_CURVE('',#1705,#1704,#692,.T.);
#2091=EDGE_CURVE('',#1705,#1706,#1361,.T.);
#2092=EDGE_CURVE('',#1707,#1706,#693,.T.);
#2093=EDGE_CURVE('',#1708,#1707,#1362,.T.);
#2094=EDGE_CURVE('',#1709,#1708,#694,.T.);
#2095=EDGE_CURVE('',#1709,#1710,#1363,.T.);
#2096=EDGE_CURVE('',#1711,#1710,#695,.T.);
#2097=EDGE_CURVE('',#1712,#1711,#1364,.T.);
#2098=EDGE_CURVE('',#1713,#1712,#696,.T.);
#2099=EDGE_CURVE('',#1713,#1714,#1365,.T.);
#2100=EDGE_CURVE('',#1715,#1714,#697,.T.);
#2101=EDGE_CURVE('',#1716,#1715,#1366,.T.);
#2102=EDGE_CURVE('',#1717,#1716,#698,.T.);
#2103=EDGE_CURVE('',#1717,#1718,#1367,.T.);
#2104=EDGE_CURVE('',#1719,#1718,#699,.T.);
#2105=EDGE_CURVE('',#1719,#1720,#1368,.T.);
#2106=EDGE_CURVE('',#1576,#1720,#700,.T.);
#2107=EDGE_CURVE('',#1721,#1721,#1369,.T.);
#2108=EDGE_CURVE('',#1581,#1545,#701,.T.);
#2109=EDGE_CURVE('',#1583,#1543,#702,.T.);
#2110=EDGE_CURVE('',#1542,#1584,#703,.T.);
#2111=EDGE_CURVE('',#1582,#1544,#704,.T.);
#2112=EDGE_CURVE('',#1587,#1539,#705,.T.);
#2113=EDGE_CURVE('',#1538,#1588,#706,.T.);
#2114=EDGE_CURVE('',#1586,#1540,#707,.T.);
#2115=EDGE_CURVE('',#1585,#1541,#708,.T.);
#2116=EDGE_CURVE('',#1589,#1537,#709,.T.);
#2117=EDGE_CURVE('',#1591,#1535,#710,.T.);
#2118=EDGE_CURVE('',#1534,#1592,#711,.T.);
#2119=EDGE_CURVE('',#1590,#1536,#712,.T.);
#2120=EDGE_CURVE('',#1595,#1531,#713,.T.);
#2121=EDGE_CURVE('',#1530,#1596,#714,.T.);
#2122=EDGE_CURVE('',#1594,#1532,#715,.T.);
#2123=EDGE_CURVE('',#1593,#1533,#716,.T.);
#2124=EDGE_CURVE('',#1597,#1529,#717,.T.);
#2125=EDGE_CURVE('',#1599,#1527,#718,.T.);
#2126=EDGE_CURVE('',#1526,#1600,#719,.T.);
#2127=EDGE_CURVE('',#1598,#1528,#720,.T.);
#2128=EDGE_CURVE('',#1603,#1523,#721,.T.);
#2129=EDGE_CURVE('',#1522,#1604,#722,.T.);
#2130=EDGE_CURVE('',#1602,#1524,#723,.T.);
#2131=EDGE_CURVE('',#1601,#1525,#724,.T.);
#2132=EDGE_CURVE('',#1605,#1521,#725,.T.);
#2133=EDGE_CURVE('',#1607,#1519,#726,.T.);
#2134=EDGE_CURVE('',#1518,#1608,#727,.T.);
#2135=EDGE_CURVE('',#1606,#1520,#728,.T.);
#2136=EDGE_CURVE('',#1611,#1515,#729,.T.);
#2137=EDGE_CURVE('',#1514,#1612,#730,.T.);
#2138=EDGE_CURVE('',#1610,#1516,#731,.T.);
#2139=EDGE_CURVE('',#1609,#1517,#732,.T.);
#2140=EDGE_CURVE('',#1613,#1513,#733,.T.);
#2141=EDGE_CURVE('',#1615,#1511,#734,.T.);
#2142=EDGE_CURVE('',#1510,#1616,#735,.T.);
#2143=EDGE_CURVE('',#1614,#1512,#736,.T.);
#2144=EDGE_CURVE('',#1619,#1507,#737,.T.);
#2145=EDGE_CURVE('',#1506,#1620,#738,.T.);
#2146=EDGE_CURVE('',#1618,#1508,#739,.T.);
#2147=EDGE_CURVE('',#1617,#1509,#740,.T.);
#2148=EDGE_CURVE('',#1621,#1505,#741,.T.);
#2149=EDGE_CURVE('',#1623,#1503,#742,.T.);
#2150=EDGE_CURVE('',#1502,#1624,#743,.T.);
#2151=EDGE_CURVE('',#1622,#1504,#744,.T.);
#2152=EDGE_CURVE('',#1627,#1499,#745,.T.);
#2153=EDGE_CURVE('',#1498,#1628,#746,.T.);
#2154=EDGE_CURVE('',#1626,#1500,#747,.T.);
#2155=EDGE_CURVE('',#1625,#1501,#748,.T.);
#2156=EDGE_CURVE('',#1629,#1497,#749,.T.);
#2157=EDGE_CURVE('',#1631,#1495,#750,.T.);
#2158=EDGE_CURVE('',#1494,#1632,#751,.T.);
#2159=EDGE_CURVE('',#1630,#1496,#752,.T.);
#2160=EDGE_CURVE('',#1635,#1491,#753,.T.);
#2161=EDGE_CURVE('',#1490,#1636,#754,.T.);
#2162=EDGE_CURVE('',#1634,#1492,#755,.T.);
#2163=EDGE_CURVE('',#1633,#1493,#756,.T.);
#2164=EDGE_CURVE('',#1637,#1489,#757,.T.);
#2165=EDGE_CURVE('',#1639,#1487,#758,.T.);
#2166=EDGE_CURVE('',#1486,#1640,#759,.T.);
#2167=EDGE_CURVE('',#1638,#1488,#760,.T.);
#2168=EDGE_CURVE('',#1643,#1483,#761,.T.);
#2169=EDGE_CURVE('',#1482,#1644,#762,.T.);
#2170=EDGE_CURVE('',#1642,#1484,#763,.T.);
#2171=EDGE_CURVE('',#1641,#1485,#764,.T.);
#2172=EDGE_CURVE('',#1645,#1481,#765,.T.);
#2173=EDGE_CURVE('',#1647,#1479,#766,.T.);
#2174=EDGE_CURVE('',#1478,#1648,#767,.T.);
#2175=EDGE_CURVE('',#1646,#1480,#768,.T.);
#2176=EDGE_CURVE('',#1651,#1475,#769,.T.);
#2177=EDGE_CURVE('',#1474,#1652,#770,.T.);
#2178=EDGE_CURVE('',#1650,#1476,#771,.T.);
#2179=EDGE_CURVE('',#1649,#1477,#772,.T.);
#2180=EDGE_CURVE('',#1653,#1473,#773,.T.);
#2181=EDGE_CURVE('',#1655,#1471,#774,.T.);
#2182=EDGE_CURVE('',#1470,#1656,#775,.T.);
#2183=EDGE_CURVE('',#1654,#1472,#776,.T.);
#2184=EDGE_CURVE('',#1659,#1467,#777,.T.);
#2185=EDGE_CURVE('',#1466,#1660,#778,.T.);
#2186=EDGE_CURVE('',#1658,#1468,#779,.T.);
#2187=EDGE_CURVE('',#1657,#1469,#780,.T.);
#2188=EDGE_CURVE('',#1661,#1465,#781,.T.);
#2189=EDGE_CURVE('',#1663,#1463,#782,.T.);
#2190=EDGE_CURVE('',#1462,#1664,#783,.T.);
#2191=EDGE_CURVE('',#1662,#1464,#784,.T.);
#2192=EDGE_CURVE('',#1667,#1459,#785,.T.);
#2193=EDGE_CURVE('',#1458,#1668,#786,.T.);
#2194=EDGE_CURVE('',#1666,#1460,#787,.T.);
#2195=EDGE_CURVE('',#1665,#1461,#788,.T.);
#2196=EDGE_CURVE('',#1669,#1457,#789,.T.);
#2197=EDGE_CURVE('',#1671,#1455,#790,.T.);
#2198=EDGE_CURVE('',#1454,#1672,#791,.T.);
#2199=EDGE_CURVE('',#1670,#1456,#792,.T.);
#2200=EDGE_CURVE('',#1675,#1451,#793,.T.);
#2201=EDGE_CURVE('',#1450,#1676,#794,.T.);
#2202=EDGE_CURVE('',#1674,#1452,#795,.T.);
#2203=EDGE_CURVE('',#1673,#1453,#796,.T.);
#2204=EDGE_CURVE('',#1677,#1449,#797,.T.);
#2205=EDGE_CURVE('',#1679,#1447,#798,.T.);
#2206=EDGE_CURVE('',#1446,#1680,#799,.T.);
#2207=EDGE_CURVE('',#1678,#1448,#800,.T.);
#2208=EDGE_CURVE('',#1382,#1684,#801,.T.);
#2209=EDGE_CURVE('',#1683,#1383,#802,.T.);
#2210=EDGE_CURVE('',#1682,#1444,#803,.T.);
#2211=EDGE_CURVE('',#1681,#1445,#804,.T.);
#2212=EDGE_CURVE('',#1440,#1685,#805,.T.);
#2213=EDGE_CURVE('',#1688,#1437,#806,.T.);
#2214=EDGE_CURVE('',#1436,#1689,#807,.T.);
#2215=EDGE_CURVE('',#1687,#1438,#808,.T.);
#2216=EDGE_CURVE('',#1686,#1439,#809,.T.);
#2217=EDGE_CURVE('',#1690,#1435,#810,.T.);
#2218=EDGE_CURVE('',#1692,#1433,#811,.T.);
#2219=EDGE_CURVE('',#1432,#1693,#812,.T.);
#2220=EDGE_CURVE('',#1691,#1434,#813,.T.);
#2221=EDGE_CURVE('',#1696,#1429,#814,.T.);
#2222=EDGE_CURVE('',#1428,#1697,#815,.T.);
#2223=EDGE_CURVE('',#1695,#1430,#816,.T.);
#2224=EDGE_CURVE('',#1694,#1431,#817,.T.);
#2225=EDGE_CURVE('',#1698,#1427,#818,.T.);
#2226=EDGE_CURVE('',#1700,#1425,#819,.T.);
#2227=EDGE_CURVE('',#1424,#1701,#820,.T.);
#2228=EDGE_CURVE('',#1699,#1426,#821,.T.);
#2229=EDGE_CURVE('',#1704,#1421,#822,.T.);
#2230=EDGE_CURVE('',#1420,#1705,#823,.T.);
#2231=EDGE_CURVE('',#1703,#1422,#824,.T.);
#2232=EDGE_CURVE('',#1702,#1423,#825,.T.);
#2233=EDGE_CURVE('',#1706,#1419,#826,.T.);
#2234=EDGE_CURVE('',#1708,#1417,#827,.T.);
#2235=EDGE_CURVE('',#1416,#1709,#828,.T.);
#2236=EDGE_CURVE('',#1707,#1418,#829,.T.);
#2237=EDGE_CURVE('',#1712,#1413,#830,.T.);
#2238=EDGE_CURVE('',#1412,#1713,#831,.T.);
#2239=EDGE_CURVE('',#1711,#1414,#832,.T.);
#2240=EDGE_CURVE('',#1710,#1415,#833,.T.);
#2241=EDGE_CURVE('',#1714,#1411,#834,.T.);
#2242=EDGE_CURVE('',#1716,#1409,#835,.T.);
#2243=EDGE_CURVE('',#1408,#1717,#836,.T.);
#2244=EDGE_CURVE('',#1715,#1410,#837,.T.);
#2245=EDGE_CURVE('',#1720,#1405,#838,.T.);
#2246=EDGE_CURVE('',#1406,#1719,#839,.T.);
#2247=EDGE_CURVE('',#1407,#1718,#840,.T.);
#2248=EDGE_CURVE('',#1721,#1722,#841,.T.);
#2249=EDGE_CURVE('',#1722,#1722,#1370,.T.);
#2250=EDGE_CURVE('',#1722,#1723,#842,.T.);
#2251=EDGE_CURVE('',#1723,#1723,#1371,.T.);
#2252=EDGE_CURVE('',#1724,#1724,#1372,.T.);
#2253=EDGE_CURVE('',#1724,#1725,#843,.T.);
#2254=EDGE_CURVE('',#1725,#1725,#1373,.T.);
#2255=EDGE_CURVE('',#1726,#1726,#1374,.T.);
#2256=EDGE_CURVE('',#1726,#1724,#844,.T.);
#2257=EDGE_CURVE('',#1727,#1727,#1375,.T.);
#2258=EDGE_CURVE('',#1727,#1728,#845,.T.);
#2259=EDGE_CURVE('',#1728,#1728,#1376,.T.);
#2260=ORIENTED_EDGE('',*,*,#1729,.F.);
#2261=ORIENTED_EDGE('',*,*,#1730,.F.);
#2262=ORIENTED_EDGE('',*,*,#1731,.F.);
#2263=ORIENTED_EDGE('',*,*,#1732,.F.);
#2264=ORIENTED_EDGE('',*,*,#1733,.F.);
#2265=ORIENTED_EDGE('',*,*,#1734,.F.);
#2266=ORIENTED_EDGE('',*,*,#1735,.F.);
#2267=ORIENTED_EDGE('',*,*,#1736,.F.);
#2268=ORIENTED_EDGE('',*,*,#1732,.T.);
#2269=ORIENTED_EDGE('',*,*,#1737,.T.);
#2270=ORIENTED_EDGE('',*,*,#1738,.T.);
#2271=ORIENTED_EDGE('',*,*,#1739,.T.);
#2272=ORIENTED_EDGE('',*,*,#1731,.T.);
#2273=ORIENTED_EDGE('',*,*,#1740,.T.);
#2274=ORIENTED_EDGE('',*,*,#1741,.T.);
#2275=ORIENTED_EDGE('',*,*,#1742,.T.);
#2276=ORIENTED_EDGE('',*,*,#1743,.F.);
#2277=ORIENTED_EDGE('',*,*,#1744,.F.);
#2278=ORIENTED_EDGE('',*,*,#1745,.T.);
#2279=ORIENTED_EDGE('',*,*,#1737,.F.);
#2280=ORIENTED_EDGE('',*,*,#1746,.T.);
#2281=ORIENTED_EDGE('',*,*,#1747,.T.);
#2282=ORIENTED_EDGE('',*,*,#1748,.T.);
#2283=ORIENTED_EDGE('',*,*,#1747,.F.);
#2284=ORIENTED_EDGE('',*,*,#1749,.T.);
#2285=ORIENTED_EDGE('',*,*,#1750,.T.);
#2286=ORIENTED_EDGE('',*,*,#1729,.T.);
#2287=ORIENTED_EDGE('',*,*,#1751,.T.);
#2288=ORIENTED_EDGE('',*,*,#1752,.T.);
#2289=ORIENTED_EDGE('',*,*,#1753,.F.);
#2290=ORIENTED_EDGE('',*,*,#1749,.F.);
#2291=ORIENTED_EDGE('',*,*,#1746,.F.);
#2292=ORIENTED_EDGE('',*,*,#1754,.F.);
#2293=ORIENTED_EDGE('',*,*,#1755,.F.);
#2294=ORIENTED_EDGE('',*,*,#1756,.F.);
#2295=ORIENTED_EDGE('',*,*,#1754,.T.);
#2296=ORIENTED_EDGE('',*,*,#1757,.T.);
#2297=ORIENTED_EDGE('',*,*,#1753,.T.);
#2298=ORIENTED_EDGE('',*,*,#1757,.F.);
#2299=ORIENTED_EDGE('',*,*,#1758,.F.);
#2300=ORIENTED_EDGE('',*,*,#1759,.T.);
#2301=ORIENTED_EDGE('',*,*,#1755,.T.);
#2302=ORIENTED_EDGE('',*,*,#1756,.T.);
#2303=ORIENTED_EDGE('',*,*,#1759,.F.);
#2304=ORIENTED_EDGE('',*,*,#1760,.T.);
#2305=ORIENTED_EDGE('',*,*,#1761,.T.);
#2306=ORIENTED_EDGE('',*,*,#1762,.T.);
#2307=ORIENTED_EDGE('',*,*,#1763,.T.);
#2308=ORIENTED_EDGE('',*,*,#1764,.T.);
#2309=ORIENTED_EDGE('',*,*,#1765,.T.);
#2310=ORIENTED_EDGE('',*,*,#1766,.T.);
#2311=ORIENTED_EDGE('',*,*,#1767,.T.);
#2312=ORIENTED_EDGE('',*,*,#1768,.T.);
#2313=ORIENTED_EDGE('',*,*,#1769,.T.);
#2314=ORIENTED_EDGE('',*,*,#1770,.T.);
#2315=ORIENTED_EDGE('',*,*,#1771,.T.);
#2316=ORIENTED_EDGE('',*,*,#1772,.T.);
#2317=ORIENTED_EDGE('',*,*,#1773,.T.);
#2318=ORIENTED_EDGE('',*,*,#1774,.T.);
#2319=ORIENTED_EDGE('',*,*,#1775,.T.);
#2320=ORIENTED_EDGE('',*,*,#1776,.T.);
#2321=ORIENTED_EDGE('',*,*,#1777,.T.);
#2322=ORIENTED_EDGE('',*,*,#1778,.T.);
#2323=ORIENTED_EDGE('',*,*,#1779,.T.);
#2324=ORIENTED_EDGE('',*,*,#1780,.T.);
#2325=ORIENTED_EDGE('',*,*,#1781,.T.);
#2326=ORIENTED_EDGE('',*,*,#1782,.T.);
#2327=ORIENTED_EDGE('',*,*,#1783,.T.);
#2328=ORIENTED_EDGE('',*,*,#1784,.T.);
#2329=ORIENTED_EDGE('',*,*,#1785,.T.);
#2330=ORIENTED_EDGE('',*,*,#1786,.T.);
#2331=ORIENTED_EDGE('',*,*,#1787,.T.);
#2332=ORIENTED_EDGE('',*,*,#1788,.T.);
#2333=ORIENTED_EDGE('',*,*,#1789,.T.);
#2334=ORIENTED_EDGE('',*,*,#1790,.T.);
#2335=ORIENTED_EDGE('',*,*,#1791,.T.);
#2336=ORIENTED_EDGE('',*,*,#1792,.T.);
#2337=ORIENTED_EDGE('',*,*,#1793,.T.);
#2338=ORIENTED_EDGE('',*,*,#1794,.T.);
#2339=ORIENTED_EDGE('',*,*,#1795,.T.);
#2340=ORIENTED_EDGE('',*,*,#1796,.T.);
#2341=ORIENTED_EDGE('',*,*,#1797,.T.);
#2342=ORIENTED_EDGE('',*,*,#1798,.T.);
#2343=ORIENTED_EDGE('',*,*,#1799,.T.);
#2344=ORIENTED_EDGE('',*,*,#1800,.T.);
#2345=ORIENTED_EDGE('',*,*,#1743,.T.);
#2346=ORIENTED_EDGE('',*,*,#1801,.T.);
#2347=ORIENTED_EDGE('',*,*,#1802,.T.);
#2348=ORIENTED_EDGE('',*,*,#1803,.T.);
#2349=ORIENTED_EDGE('',*,*,#1804,.T.);
#2350=ORIENTED_EDGE('',*,*,#1805,.T.);
#2351=ORIENTED_EDGE('',*,*,#1806,.T.);
#2352=ORIENTED_EDGE('',*,*,#1807,.T.);
#2353=ORIENTED_EDGE('',*,*,#1808,.T.);
#2354=ORIENTED_EDGE('',*,*,#1809,.T.);
#2355=ORIENTED_EDGE('',*,*,#1810,.T.);
#2356=ORIENTED_EDGE('',*,*,#1811,.T.);
#2357=ORIENTED_EDGE('',*,*,#1812,.T.);
#2358=ORIENTED_EDGE('',*,*,#1813,.T.);
#2359=ORIENTED_EDGE('',*,*,#1814,.T.);
#2360=ORIENTED_EDGE('',*,*,#1815,.T.);
#2361=ORIENTED_EDGE('',*,*,#1816,.T.);
#2362=ORIENTED_EDGE('',*,*,#1817,.T.);
#2363=ORIENTED_EDGE('',*,*,#1818,.T.);
#2364=ORIENTED_EDGE('',*,*,#1819,.T.);
#2365=ORIENTED_EDGE('',*,*,#1820,.T.);
#2366=ORIENTED_EDGE('',*,*,#1821,.T.);
#2367=ORIENTED_EDGE('',*,*,#1822,.T.);
#2368=ORIENTED_EDGE('',*,*,#1823,.T.);
#2369=ORIENTED_EDGE('',*,*,#1824,.T.);
#2370=ORIENTED_EDGE('',*,*,#1825,.T.);
#2371=ORIENTED_EDGE('',*,*,#1826,.T.);
#2372=ORIENTED_EDGE('',*,*,#1827,.T.);
#2373=ORIENTED_EDGE('',*,*,#1828,.T.);
#2374=ORIENTED_EDGE('',*,*,#1829,.T.);
#2375=ORIENTED_EDGE('',*,*,#1830,.T.);
#2376=ORIENTED_EDGE('',*,*,#1831,.T.);
#2377=ORIENTED_EDGE('',*,*,#1832,.T.);
#2378=ORIENTED_EDGE('',*,*,#1833,.T.);
#2379=ORIENTED_EDGE('',*,*,#1834,.T.);
#2380=ORIENTED_EDGE('',*,*,#1835,.T.);
#2381=ORIENTED_EDGE('',*,*,#1836,.T.);
#2382=ORIENTED_EDGE('',*,*,#1837,.T.);
#2383=ORIENTED_EDGE('',*,*,#1838,.T.);
#2384=ORIENTED_EDGE('',*,*,#1839,.T.);
#2385=ORIENTED_EDGE('',*,*,#1840,.T.);
#2386=ORIENTED_EDGE('',*,*,#1841,.T.);
#2387=ORIENTED_EDGE('',*,*,#1842,.T.);
#2388=ORIENTED_EDGE('',*,*,#1843,.T.);
#2389=ORIENTED_EDGE('',*,*,#1844,.T.);
#2390=ORIENTED_EDGE('',*,*,#1845,.T.);
#2391=ORIENTED_EDGE('',*,*,#1846,.T.);
#2392=ORIENTED_EDGE('',*,*,#1847,.T.);
#2393=ORIENTED_EDGE('',*,*,#1848,.T.);
#2394=ORIENTED_EDGE('',*,*,#1849,.T.);
#2395=ORIENTED_EDGE('',*,*,#1850,.T.);
#2396=ORIENTED_EDGE('',*,*,#1851,.T.);
#2397=ORIENTED_EDGE('',*,*,#1852,.T.);
#2398=ORIENTED_EDGE('',*,*,#1853,.T.);
#2399=ORIENTED_EDGE('',*,*,#1854,.T.);
#2400=ORIENTED_EDGE('',*,*,#1855,.T.);
#2401=ORIENTED_EDGE('',*,*,#1856,.T.);
#2402=ORIENTED_EDGE('',*,*,#1857,.T.);
#2403=ORIENTED_EDGE('',*,*,#1858,.T.);
#2404=ORIENTED_EDGE('',*,*,#1859,.T.);
#2405=ORIENTED_EDGE('',*,*,#1860,.T.);
#2406=ORIENTED_EDGE('',*,*,#1861,.T.);
#2407=ORIENTED_EDGE('',*,*,#1862,.T.);
#2408=ORIENTED_EDGE('',*,*,#1863,.T.);
#2409=ORIENTED_EDGE('',*,*,#1864,.T.);
#2410=ORIENTED_EDGE('',*,*,#1865,.T.);
#2411=ORIENTED_EDGE('',*,*,#1866,.T.);
#2412=ORIENTED_EDGE('',*,*,#1867,.T.);
#2413=ORIENTED_EDGE('',*,*,#1868,.T.);
#2414=ORIENTED_EDGE('',*,*,#1869,.T.);
#2415=ORIENTED_EDGE('',*,*,#1870,.T.);
#2416=ORIENTED_EDGE('',*,*,#1871,.T.);
#2417=ORIENTED_EDGE('',*,*,#1872,.T.);
#2418=ORIENTED_EDGE('',*,*,#1873,.T.);
#2419=ORIENTED_EDGE('',*,*,#1874,.T.);
#2420=ORIENTED_EDGE('',*,*,#1875,.T.);
#2421=ORIENTED_EDGE('',*,*,#1876,.T.);
#2422=ORIENTED_EDGE('',*,*,#1877,.T.);
#2423=ORIENTED_EDGE('',*,*,#1878,.T.);
#2424=ORIENTED_EDGE('',*,*,#1879,.T.);
#2425=ORIENTED_EDGE('',*,*,#1880,.T.);
#2426=ORIENTED_EDGE('',*,*,#1881,.T.);
#2427=ORIENTED_EDGE('',*,*,#1882,.T.);
#2428=ORIENTED_EDGE('',*,*,#1883,.T.);
#2429=ORIENTED_EDGE('',*,*,#1884,.T.);
#2430=ORIENTED_EDGE('',*,*,#1885,.T.);
#2431=ORIENTED_EDGE('',*,*,#1886,.T.);
#2432=ORIENTED_EDGE('',*,*,#1887,.T.);
#2433=ORIENTED_EDGE('',*,*,#1888,.T.);
#2434=ORIENTED_EDGE('',*,*,#1889,.T.);
#2435=ORIENTED_EDGE('',*,*,#1890,.T.);
#2436=ORIENTED_EDGE('',*,*,#1891,.T.);
#2437=ORIENTED_EDGE('',*,*,#1892,.T.);
#2438=ORIENTED_EDGE('',*,*,#1893,.T.);
#2439=ORIENTED_EDGE('',*,*,#1894,.T.);
#2440=ORIENTED_EDGE('',*,*,#1895,.T.);
#2441=ORIENTED_EDGE('',*,*,#1896,.T.);
#2442=ORIENTED_EDGE('',*,*,#1897,.T.);
#2443=ORIENTED_EDGE('',*,*,#1898,.T.);
#2444=ORIENTED_EDGE('',*,*,#1899,.T.);
#2445=ORIENTED_EDGE('',*,*,#1900,.T.);
#2446=ORIENTED_EDGE('',*,*,#1901,.T.);
#2447=ORIENTED_EDGE('',*,*,#1902,.T.);
#2448=ORIENTED_EDGE('',*,*,#1903,.T.);
#2449=ORIENTED_EDGE('',*,*,#1904,.T.);
#2450=ORIENTED_EDGE('',*,*,#1905,.T.);
#2451=ORIENTED_EDGE('',*,*,#1906,.T.);
#2452=ORIENTED_EDGE('',*,*,#1907,.T.);
#2453=ORIENTED_EDGE('',*,*,#1908,.T.);
#2454=ORIENTED_EDGE('',*,*,#1909,.T.);
#2455=ORIENTED_EDGE('',*,*,#1910,.T.);
#2456=ORIENTED_EDGE('',*,*,#1758,.T.);
#2457=ORIENTED_EDGE('',*,*,#1750,.F.);
#2458=ORIENTED_EDGE('',*,*,#1911,.T.);
#2459=ORIENTED_EDGE('',*,*,#1740,.F.);
#2460=ORIENTED_EDGE('',*,*,#1730,.T.);
#2461=ORIENTED_EDGE('',*,*,#1751,.F.);
#2462=ORIENTED_EDGE('',*,*,#1736,.T.);
#2463=ORIENTED_EDGE('',*,*,#1912,.F.);
#2464=ORIENTED_EDGE('',*,*,#1913,.F.);
#2465=ORIENTED_EDGE('',*,*,#1752,.F.);
#2466=ORIENTED_EDGE('',*,*,#1913,.T.);
#2467=ORIENTED_EDGE('',*,*,#1914,.F.);
#2468=ORIENTED_EDGE('',*,*,#1915,.F.);
#2469=ORIENTED_EDGE('',*,*,#1916,.F.);
#2470=ORIENTED_EDGE('',*,*,#1917,.F.);
#2471=ORIENTED_EDGE('',*,*,#1741,.F.);
#2472=ORIENTED_EDGE('',*,*,#1911,.F.);
#2473=ORIENTED_EDGE('',*,*,#1917,.T.);
#2474=ORIENTED_EDGE('',*,*,#1918,.T.);
#2475=ORIENTED_EDGE('',*,*,#1801,.F.);
#2476=ORIENTED_EDGE('',*,*,#1742,.F.);
#2477=ORIENTED_EDGE('',*,*,#1916,.T.);
#2478=ORIENTED_EDGE('',*,*,#1919,.F.);
#2479=ORIENTED_EDGE('',*,*,#1802,.F.);
#2480=ORIENTED_EDGE('',*,*,#1918,.F.);
#2481=ORIENTED_EDGE('',*,*,#1915,.T.);
#2482=ORIENTED_EDGE('',*,*,#1920,.T.);
#2483=ORIENTED_EDGE('',*,*,#1803,.F.);
#2484=ORIENTED_EDGE('',*,*,#1919,.T.);
#2485=ORIENTED_EDGE('',*,*,#1921,.F.);
#2486=ORIENTED_EDGE('',*,*,#1922,.T.);
#2487=ORIENTED_EDGE('',*,*,#1923,.F.);
#2488=ORIENTED_EDGE('',*,*,#1922,.F.);
#2489=ORIENTED_EDGE('',*,*,#1924,.F.);
#2490=ORIENTED_EDGE('',*,*,#1925,.T.);
#2491=ORIENTED_EDGE('',*,*,#1926,.F.);
#2492=ORIENTED_EDGE('',*,*,#1927,.F.);
#2493=ORIENTED_EDGE('',*,*,#1928,.F.);
#2494=ORIENTED_EDGE('',*,*,#1927,.T.);
#2495=ORIENTED_EDGE('',*,*,#1929,.F.);
#2496=ORIENTED_EDGE('',*,*,#1930,.F.);
#2497=ORIENTED_EDGE('',*,*,#1931,.F.);
#2498=ORIENTED_EDGE('',*,*,#1930,.T.);
#2499=ORIENTED_EDGE('',*,*,#1932,.F.);
#2500=ORIENTED_EDGE('',*,*,#1933,.F.);
#2501=ORIENTED_EDGE('',*,*,#1934,.F.);
#2502=ORIENTED_EDGE('',*,*,#1933,.T.);
#2503=ORIENTED_EDGE('',*,*,#1935,.F.);
#2504=ORIENTED_EDGE('',*,*,#1925,.F.);
#2505=ORIENTED_EDGE('',*,*,#1936,.F.);
#2506=ORIENTED_EDGE('',*,*,#1937,.T.);
#2507=ORIENTED_EDGE('',*,*,#1938,.F.);
#2508=ORIENTED_EDGE('',*,*,#1939,.F.);
#2509=ORIENTED_EDGE('',*,*,#1940,.F.);
#2510=ORIENTED_EDGE('',*,*,#1939,.T.);
#2511=ORIENTED_EDGE('',*,*,#1941,.F.);
#2512=ORIENTED_EDGE('',*,*,#1942,.F.);
#2513=ORIENTED_EDGE('',*,*,#1943,.F.);
#2514=ORIENTED_EDGE('',*,*,#1942,.T.);
#2515=ORIENTED_EDGE('',*,*,#1944,.F.);
#2516=ORIENTED_EDGE('',*,*,#1945,.F.);
#2517=ORIENTED_EDGE('',*,*,#1946,.F.);
#2518=ORIENTED_EDGE('',*,*,#1945,.T.);
#2519=ORIENTED_EDGE('',*,*,#1947,.F.);
#2520=ORIENTED_EDGE('',*,*,#1937,.F.);
#2521=ORIENTED_EDGE('',*,*,#1947,.T.);
#2522=ORIENTED_EDGE('',*,*,#1944,.T.);
#2523=ORIENTED_EDGE('',*,*,#1941,.T.);
#2524=ORIENTED_EDGE('',*,*,#1938,.T.);
#2525=ORIENTED_EDGE('',*,*,#1935,.T.);
#2526=ORIENTED_EDGE('',*,*,#1932,.T.);
#2527=ORIENTED_EDGE('',*,*,#1929,.T.);
#2528=ORIENTED_EDGE('',*,*,#1926,.T.);
#2529=ORIENTED_EDGE('',*,*,#1748,.F.);
#2530=ORIENTED_EDGE('',*,*,#1921,.T.);
#2531=ORIENTED_EDGE('',*,*,#1936,.T.);
#2532=ORIENTED_EDGE('',*,*,#1940,.T.);
#2533=ORIENTED_EDGE('',*,*,#1943,.T.);
#2534=ORIENTED_EDGE('',*,*,#1946,.T.);
#2535=ORIENTED_EDGE('',*,*,#1948,.T.);
#2536=ORIENTED_EDGE('',*,*,#1949,.T.);
#2537=ORIENTED_EDGE('',*,*,#1760,.F.);
#2538=ORIENTED_EDGE('',*,*,#1950,.T.);
#2539=ORIENTED_EDGE('',*,*,#1949,.F.);
#2540=ORIENTED_EDGE('',*,*,#1951,.T.);
#2541=ORIENTED_EDGE('',*,*,#1952,.T.);
#2542=ORIENTED_EDGE('',*,*,#1761,.F.);
#2543=ORIENTED_EDGE('',*,*,#1952,.F.);
#2544=ORIENTED_EDGE('',*,*,#1953,.T.);
#2545=ORIENTED_EDGE('',*,*,#1954,.T.);
#2546=ORIENTED_EDGE('',*,*,#1762,.F.);
#2547=ORIENTED_EDGE('',*,*,#1954,.F.);
#2548=ORIENTED_EDGE('',*,*,#1955,.F.);
#2549=ORIENTED_EDGE('',*,*,#1956,.T.);
#2550=ORIENTED_EDGE('',*,*,#1763,.F.);
#2551=ORIENTED_EDGE('',*,*,#1957,.T.);
#2552=ORIENTED_EDGE('',*,*,#1958,.T.);
#2553=ORIENTED_EDGE('',*,*,#1907,.F.);
#2554=ORIENTED_EDGE('',*,*,#1959,.T.);
#2555=ORIENTED_EDGE('',*,*,#1958,.F.);
#2556=ORIENTED_EDGE('',*,*,#1960,.T.);
#2557=ORIENTED_EDGE('',*,*,#1961,.T.);
#2558=ORIENTED_EDGE('',*,*,#1908,.F.);
#2559=ORIENTED_EDGE('',*,*,#1961,.F.);
#2560=ORIENTED_EDGE('',*,*,#1962,.T.);
#2561=ORIENTED_EDGE('',*,*,#1963,.T.);
#2562=ORIENTED_EDGE('',*,*,#1909,.F.);
#2563=ORIENTED_EDGE('',*,*,#1948,.F.);
#2564=ORIENTED_EDGE('',*,*,#1964,.T.);
#2565=ORIENTED_EDGE('',*,*,#1962,.F.);
#2566=ORIENTED_EDGE('',*,*,#1960,.F.);
#2567=ORIENTED_EDGE('',*,*,#1957,.F.);
#2568=ORIENTED_EDGE('',*,*,#1965,.T.);
#2569=ORIENTED_EDGE('',*,*,#1966,.F.);
#2570=ORIENTED_EDGE('',*,*,#1967,.F.);
#2571=ORIENTED_EDGE('',*,*,#1968,.F.);
#2572=ORIENTED_EDGE('',*,*,#1969,.T.);
#2573=ORIENTED_EDGE('',*,*,#1970,.F.);
#2574=ORIENTED_EDGE('',*,*,#1971,.F.);
#2575=ORIENTED_EDGE('',*,*,#1972,.F.);
#2576=ORIENTED_EDGE('',*,*,#1973,.T.);
#2577=ORIENTED_EDGE('',*,*,#1974,.F.);
#2578=ORIENTED_EDGE('',*,*,#1975,.F.);
#2579=ORIENTED_EDGE('',*,*,#1976,.F.);
#2580=ORIENTED_EDGE('',*,*,#1977,.T.);
#2581=ORIENTED_EDGE('',*,*,#1978,.F.);
#2582=ORIENTED_EDGE('',*,*,#1979,.F.);
#2583=ORIENTED_EDGE('',*,*,#1980,.F.);
#2584=ORIENTED_EDGE('',*,*,#1981,.T.);
#2585=ORIENTED_EDGE('',*,*,#1982,.F.);
#2586=ORIENTED_EDGE('',*,*,#1983,.F.);
#2587=ORIENTED_EDGE('',*,*,#1984,.F.);
#2588=ORIENTED_EDGE('',*,*,#1985,.T.);
#2589=ORIENTED_EDGE('',*,*,#1986,.F.);
#2590=ORIENTED_EDGE('',*,*,#1987,.F.);
#2591=ORIENTED_EDGE('',*,*,#1988,.F.);
#2592=ORIENTED_EDGE('',*,*,#1989,.T.);
#2593=ORIENTED_EDGE('',*,*,#1990,.F.);
#2594=ORIENTED_EDGE('',*,*,#1991,.F.);
#2595=ORIENTED_EDGE('',*,*,#1992,.F.);
#2596=ORIENTED_EDGE('',*,*,#1993,.T.);
#2597=ORIENTED_EDGE('',*,*,#1994,.F.);
#2598=ORIENTED_EDGE('',*,*,#1995,.F.);
#2599=ORIENTED_EDGE('',*,*,#1996,.F.);
#2600=ORIENTED_EDGE('',*,*,#1997,.T.);
#2601=ORIENTED_EDGE('',*,*,#1998,.F.);
#2602=ORIENTED_EDGE('',*,*,#1999,.F.);
#2603=ORIENTED_EDGE('',*,*,#2000,.F.);
#2604=ORIENTED_EDGE('',*,*,#2001,.T.);
#2605=ORIENTED_EDGE('',*,*,#2002,.F.);
#2606=ORIENTED_EDGE('',*,*,#2003,.F.);
#2607=ORIENTED_EDGE('',*,*,#2004,.F.);
#2608=ORIENTED_EDGE('',*,*,#2005,.T.);
#2609=ORIENTED_EDGE('',*,*,#2006,.F.);
#2610=ORIENTED_EDGE('',*,*,#2007,.F.);
#2611=ORIENTED_EDGE('',*,*,#2008,.F.);
#2612=ORIENTED_EDGE('',*,*,#2009,.T.);
#2613=ORIENTED_EDGE('',*,*,#2010,.F.);
#2614=ORIENTED_EDGE('',*,*,#2011,.F.);
#2615=ORIENTED_EDGE('',*,*,#2012,.F.);
#2616=ORIENTED_EDGE('',*,*,#2013,.T.);
#2617=ORIENTED_EDGE('',*,*,#2014,.F.);
#2618=ORIENTED_EDGE('',*,*,#2015,.F.);
#2619=ORIENTED_EDGE('',*,*,#2016,.F.);
#2620=ORIENTED_EDGE('',*,*,#2017,.T.);
#2621=ORIENTED_EDGE('',*,*,#2018,.F.);
#2622=ORIENTED_EDGE('',*,*,#2019,.F.);
#2623=ORIENTED_EDGE('',*,*,#2020,.F.);
#2624=ORIENTED_EDGE('',*,*,#2021,.T.);
#2625=ORIENTED_EDGE('',*,*,#2022,.F.);
#2626=ORIENTED_EDGE('',*,*,#2023,.F.);
#2627=ORIENTED_EDGE('',*,*,#2024,.F.);
#2628=ORIENTED_EDGE('',*,*,#2025,.T.);
#2629=ORIENTED_EDGE('',*,*,#2026,.F.);
#2630=ORIENTED_EDGE('',*,*,#2027,.F.);
#2631=ORIENTED_EDGE('',*,*,#2028,.F.);
#2632=ORIENTED_EDGE('',*,*,#2029,.T.);
#2633=ORIENTED_EDGE('',*,*,#2030,.F.);
#2634=ORIENTED_EDGE('',*,*,#2031,.F.);
#2635=ORIENTED_EDGE('',*,*,#2032,.F.);
#2636=ORIENTED_EDGE('',*,*,#2033,.T.);
#2637=ORIENTED_EDGE('',*,*,#2034,.F.);
#2638=ORIENTED_EDGE('',*,*,#2035,.F.);
#2639=ORIENTED_EDGE('',*,*,#2036,.F.);
#2640=ORIENTED_EDGE('',*,*,#2037,.T.);
#2641=ORIENTED_EDGE('',*,*,#2038,.F.);
#2642=ORIENTED_EDGE('',*,*,#2039,.F.);
#2643=ORIENTED_EDGE('',*,*,#2040,.F.);
#2644=ORIENTED_EDGE('',*,*,#2041,.T.);
#2645=ORIENTED_EDGE('',*,*,#2042,.F.);
#2646=ORIENTED_EDGE('',*,*,#2043,.F.);
#2647=ORIENTED_EDGE('',*,*,#2044,.F.);
#2648=ORIENTED_EDGE('',*,*,#2045,.T.);
#2649=ORIENTED_EDGE('',*,*,#2046,.F.);
#2650=ORIENTED_EDGE('',*,*,#2047,.F.);
#2651=ORIENTED_EDGE('',*,*,#2048,.F.);
#2652=ORIENTED_EDGE('',*,*,#2049,.T.);
#2653=ORIENTED_EDGE('',*,*,#2050,.F.);
#2654=ORIENTED_EDGE('',*,*,#2051,.F.);
#2655=ORIENTED_EDGE('',*,*,#2052,.F.);
#2656=ORIENTED_EDGE('',*,*,#2053,.T.);
#2657=ORIENTED_EDGE('',*,*,#2054,.F.);
#2658=ORIENTED_EDGE('',*,*,#2055,.F.);
#2659=ORIENTED_EDGE('',*,*,#2056,.F.);
#2660=ORIENTED_EDGE('',*,*,#2057,.T.);
#2661=ORIENTED_EDGE('',*,*,#2058,.F.);
#2662=ORIENTED_EDGE('',*,*,#2059,.F.);
#2663=ORIENTED_EDGE('',*,*,#2060,.F.);
#2664=ORIENTED_EDGE('',*,*,#2061,.T.);
#2665=ORIENTED_EDGE('',*,*,#2062,.F.);
#2666=ORIENTED_EDGE('',*,*,#2063,.F.);
#2667=ORIENTED_EDGE('',*,*,#2064,.F.);
#2668=ORIENTED_EDGE('',*,*,#2065,.T.);
#2669=ORIENTED_EDGE('',*,*,#2066,.F.);
#2670=ORIENTED_EDGE('',*,*,#2067,.F.);
#2671=ORIENTED_EDGE('',*,*,#2068,.F.);
#2672=ORIENTED_EDGE('',*,*,#2069,.T.);
#2673=ORIENTED_EDGE('',*,*,#1738,.F.);
#2674=ORIENTED_EDGE('',*,*,#1745,.F.);
#2675=ORIENTED_EDGE('',*,*,#2070,.F.);
#2676=ORIENTED_EDGE('',*,*,#2071,.T.);
#2677=ORIENTED_EDGE('',*,*,#2072,.F.);
#2678=ORIENTED_EDGE('',*,*,#2073,.F.);
#2679=ORIENTED_EDGE('',*,*,#2074,.F.);
#2680=ORIENTED_EDGE('',*,*,#2075,.T.);
#2681=ORIENTED_EDGE('',*,*,#2076,.F.);
#2682=ORIENTED_EDGE('',*,*,#2077,.F.);
#2683=ORIENTED_EDGE('',*,*,#2078,.F.);
#2684=ORIENTED_EDGE('',*,*,#2079,.T.);
#2685=ORIENTED_EDGE('',*,*,#2080,.F.);
#2686=ORIENTED_EDGE('',*,*,#2081,.F.);
#2687=ORIENTED_EDGE('',*,*,#2082,.F.);
#2688=ORIENTED_EDGE('',*,*,#2083,.T.);
#2689=ORIENTED_EDGE('',*,*,#2084,.F.);
#2690=ORIENTED_EDGE('',*,*,#2085,.F.);
#2691=ORIENTED_EDGE('',*,*,#2086,.F.);
#2692=ORIENTED_EDGE('',*,*,#2087,.T.);
#2693=ORIENTED_EDGE('',*,*,#2088,.F.);
#2694=ORIENTED_EDGE('',*,*,#2089,.F.);
#2695=ORIENTED_EDGE('',*,*,#2090,.F.);
#2696=ORIENTED_EDGE('',*,*,#2091,.T.);
#2697=ORIENTED_EDGE('',*,*,#2092,.F.);
#2698=ORIENTED_EDGE('',*,*,#2093,.F.);
#2699=ORIENTED_EDGE('',*,*,#2094,.F.);
#2700=ORIENTED_EDGE('',*,*,#2095,.T.);
#2701=ORIENTED_EDGE('',*,*,#2096,.F.);
#2702=ORIENTED_EDGE('',*,*,#2097,.F.);
#2703=ORIENTED_EDGE('',*,*,#2098,.F.);
#2704=ORIENTED_EDGE('',*,*,#2099,.T.);
#2705=ORIENTED_EDGE('',*,*,#2100,.F.);
#2706=ORIENTED_EDGE('',*,*,#2101,.F.);
#2707=ORIENTED_EDGE('',*,*,#2102,.F.);
#2708=ORIENTED_EDGE('',*,*,#2103,.T.);
#2709=ORIENTED_EDGE('',*,*,#2104,.F.);
#2710=ORIENTED_EDGE('',*,*,#2105,.T.);
#2711=ORIENTED_EDGE('',*,*,#2106,.F.);
#2712=ORIENTED_EDGE('',*,*,#1955,.T.);
#2713=ORIENTED_EDGE('',*,*,#1953,.F.);
#2714=ORIENTED_EDGE('',*,*,#1951,.F.);
#2715=ORIENTED_EDGE('',*,*,#2107,.F.);
#2716=ORIENTED_EDGE('',*,*,#1959,.F.);
#2717=ORIENTED_EDGE('',*,*,#1906,.F.);
#2718=ORIENTED_EDGE('',*,*,#2108,.F.);
#2719=ORIENTED_EDGE('',*,*,#1965,.F.);
#2720=ORIENTED_EDGE('',*,*,#1968,.T.);
#2721=ORIENTED_EDGE('',*,*,#2109,.T.);
#2722=ORIENTED_EDGE('',*,*,#1903,.F.);
#2723=ORIENTED_EDGE('',*,*,#2110,.T.);
#2724=ORIENTED_EDGE('',*,*,#2109,.F.);
#2725=ORIENTED_EDGE('',*,*,#1967,.T.);
#2726=ORIENTED_EDGE('',*,*,#2111,.T.);
#2727=ORIENTED_EDGE('',*,*,#1904,.F.);
#2728=ORIENTED_EDGE('',*,*,#2111,.F.);
#2729=ORIENTED_EDGE('',*,*,#1966,.T.);
#2730=ORIENTED_EDGE('',*,*,#2108,.T.);
#2731=ORIENTED_EDGE('',*,*,#1905,.F.);
#2732=ORIENTED_EDGE('',*,*,#1950,.F.);
#2733=ORIENTED_EDGE('',*,*,#1910,.F.);
#2734=ORIENTED_EDGE('',*,*,#1963,.F.);
#2735=ORIENTED_EDGE('',*,*,#1964,.F.);
#2736=ORIENTED_EDGE('',*,*,#1972,.T.);
#2737=ORIENTED_EDGE('',*,*,#2112,.T.);
#2738=ORIENTED_EDGE('',*,*,#1899,.F.);
#2739=ORIENTED_EDGE('',*,*,#2113,.T.);
#2740=ORIENTED_EDGE('',*,*,#2112,.F.);
#2741=ORIENTED_EDGE('',*,*,#1971,.T.);
#2742=ORIENTED_EDGE('',*,*,#2114,.T.);
#2743=ORIENTED_EDGE('',*,*,#1900,.F.);
#2744=ORIENTED_EDGE('',*,*,#2114,.F.);
#2745=ORIENTED_EDGE('',*,*,#1970,.T.);
#2746=ORIENTED_EDGE('',*,*,#2115,.T.);
#2747=ORIENTED_EDGE('',*,*,#1901,.F.);
#2748=ORIENTED_EDGE('',*,*,#2113,.F.);
#2749=ORIENTED_EDGE('',*,*,#1898,.F.);
#2750=ORIENTED_EDGE('',*,*,#2116,.F.);
#2751=ORIENTED_EDGE('',*,*,#1973,.F.);
#2752=ORIENTED_EDGE('',*,*,#1976,.T.);
#2753=ORIENTED_EDGE('',*,*,#2117,.T.);
#2754=ORIENTED_EDGE('',*,*,#1895,.F.);
#2755=ORIENTED_EDGE('',*,*,#2118,.T.);
#2756=ORIENTED_EDGE('',*,*,#2117,.F.);
#2757=ORIENTED_EDGE('',*,*,#1975,.T.);
#2758=ORIENTED_EDGE('',*,*,#2119,.T.);
#2759=ORIENTED_EDGE('',*,*,#1896,.F.);
#2760=ORIENTED_EDGE('',*,*,#2119,.F.);
#2761=ORIENTED_EDGE('',*,*,#1974,.T.);
#2762=ORIENTED_EDGE('',*,*,#2116,.T.);
#2763=ORIENTED_EDGE('',*,*,#1897,.F.);
#2764=ORIENTED_EDGE('',*,*,#2110,.F.);
#2765=ORIENTED_EDGE('',*,*,#1902,.F.);
#2766=ORIENTED_EDGE('',*,*,#2115,.F.);
#2767=ORIENTED_EDGE('',*,*,#1969,.F.);
#2768=ORIENTED_EDGE('',*,*,#1980,.T.);
#2769=ORIENTED_EDGE('',*,*,#2120,.T.);
#2770=ORIENTED_EDGE('',*,*,#1891,.F.);
#2771=ORIENTED_EDGE('',*,*,#2121,.T.);
#2772=ORIENTED_EDGE('',*,*,#2120,.F.);
#2773=ORIENTED_EDGE('',*,*,#1979,.T.);
#2774=ORIENTED_EDGE('',*,*,#2122,.T.);
#2775=ORIENTED_EDGE('',*,*,#1892,.F.);
#2776=ORIENTED_EDGE('',*,*,#2122,.F.);
#2777=ORIENTED_EDGE('',*,*,#1978,.T.);
#2778=ORIENTED_EDGE('',*,*,#2123,.T.);
#2779=ORIENTED_EDGE('',*,*,#1893,.F.);
#2780=ORIENTED_EDGE('',*,*,#2121,.F.);
#2781=ORIENTED_EDGE('',*,*,#1890,.F.);
#2782=ORIENTED_EDGE('',*,*,#2124,.F.);
#2783=ORIENTED_EDGE('',*,*,#1981,.F.);
#2784=ORIENTED_EDGE('',*,*,#1984,.T.);
#2785=ORIENTED_EDGE('',*,*,#2125,.T.);
#2786=ORIENTED_EDGE('',*,*,#1887,.F.);
#2787=ORIENTED_EDGE('',*,*,#2126,.T.);
#2788=ORIENTED_EDGE('',*,*,#2125,.F.);
#2789=ORIENTED_EDGE('',*,*,#1983,.T.);
#2790=ORIENTED_EDGE('',*,*,#2127,.T.);
#2791=ORIENTED_EDGE('',*,*,#1888,.F.);
#2792=ORIENTED_EDGE('',*,*,#2127,.F.);
#2793=ORIENTED_EDGE('',*,*,#1982,.T.);
#2794=ORIENTED_EDGE('',*,*,#2124,.T.);
#2795=ORIENTED_EDGE('',*,*,#1889,.F.);
#2796=ORIENTED_EDGE('',*,*,#2118,.F.);
#2797=ORIENTED_EDGE('',*,*,#1894,.F.);
#2798=ORIENTED_EDGE('',*,*,#2123,.F.);
#2799=ORIENTED_EDGE('',*,*,#1977,.F.);
#2800=ORIENTED_EDGE('',*,*,#1988,.T.);
#2801=ORIENTED_EDGE('',*,*,#2128,.T.);
#2802=ORIENTED_EDGE('',*,*,#1883,.F.);
#2803=ORIENTED_EDGE('',*,*,#2129,.T.);
#2804=ORIENTED_EDGE('',*,*,#2128,.F.);
#2805=ORIENTED_EDGE('',*,*,#1987,.T.);
#2806=ORIENTED_EDGE('',*,*,#2130,.T.);
#2807=ORIENTED_EDGE('',*,*,#1884,.F.);
#2808=ORIENTED_EDGE('',*,*,#2130,.F.);
#2809=ORIENTED_EDGE('',*,*,#1986,.T.);
#2810=ORIENTED_EDGE('',*,*,#2131,.T.);
#2811=ORIENTED_EDGE('',*,*,#1885,.F.);
#2812=ORIENTED_EDGE('',*,*,#2129,.F.);
#2813=ORIENTED_EDGE('',*,*,#1882,.F.);
#2814=ORIENTED_EDGE('',*,*,#2132,.F.);
#2815=ORIENTED_EDGE('',*,*,#1989,.F.);
#2816=ORIENTED_EDGE('',*,*,#1992,.T.);
#2817=ORIENTED_EDGE('',*,*,#2133,.T.);
#2818=ORIENTED_EDGE('',*,*,#1879,.F.);
#2819=ORIENTED_EDGE('',*,*,#2134,.T.);
#2820=ORIENTED_EDGE('',*,*,#2133,.F.);
#2821=ORIENTED_EDGE('',*,*,#1991,.T.);
#2822=ORIENTED_EDGE('',*,*,#2135,.T.);
#2823=ORIENTED_EDGE('',*,*,#1880,.F.);
#2824=ORIENTED_EDGE('',*,*,#2135,.F.);
#2825=ORIENTED_EDGE('',*,*,#1990,.T.);
#2826=ORIENTED_EDGE('',*,*,#2132,.T.);
#2827=ORIENTED_EDGE('',*,*,#1881,.F.);
#2828=ORIENTED_EDGE('',*,*,#2126,.F.);
#2829=ORIENTED_EDGE('',*,*,#1886,.F.);
#2830=ORIENTED_EDGE('',*,*,#2131,.F.);
#2831=ORIENTED_EDGE('',*,*,#1985,.F.);
#2832=ORIENTED_EDGE('',*,*,#1996,.T.);
#2833=ORIENTED_EDGE('',*,*,#2136,.T.);
#2834=ORIENTED_EDGE('',*,*,#1875,.F.);
#2835=ORIENTED_EDGE('',*,*,#2137,.T.);
#2836=ORIENTED_EDGE('',*,*,#2136,.F.);
#2837=ORIENTED_EDGE('',*,*,#1995,.T.);
#2838=ORIENTED_EDGE('',*,*,#2138,.T.);
#2839=ORIENTED_EDGE('',*,*,#1876,.F.);
#2840=ORIENTED_EDGE('',*,*,#2138,.F.);
#2841=ORIENTED_EDGE('',*,*,#1994,.T.);
#2842=ORIENTED_EDGE('',*,*,#2139,.T.);
#2843=ORIENTED_EDGE('',*,*,#1877,.F.);
#2844=ORIENTED_EDGE('',*,*,#2137,.F.);
#2845=ORIENTED_EDGE('',*,*,#1874,.F.);
#2846=ORIENTED_EDGE('',*,*,#2140,.F.);
#2847=ORIENTED_EDGE('',*,*,#1997,.F.);
#2848=ORIENTED_EDGE('',*,*,#2000,.T.);
#2849=ORIENTED_EDGE('',*,*,#2141,.T.);
#2850=ORIENTED_EDGE('',*,*,#1871,.F.);
#2851=ORIENTED_EDGE('',*,*,#2142,.T.);
#2852=ORIENTED_EDGE('',*,*,#2141,.F.);
#2853=ORIENTED_EDGE('',*,*,#1999,.T.);
#2854=ORIENTED_EDGE('',*,*,#2143,.T.);
#2855=ORIENTED_EDGE('',*,*,#1872,.F.);
#2856=ORIENTED_EDGE('',*,*,#2143,.F.);
#2857=ORIENTED_EDGE('',*,*,#1998,.T.);
#2858=ORIENTED_EDGE('',*,*,#2140,.T.);
#2859=ORIENTED_EDGE('',*,*,#1873,.F.);
#2860=ORIENTED_EDGE('',*,*,#2134,.F.);
#2861=ORIENTED_EDGE('',*,*,#1878,.F.);
#2862=ORIENTED_EDGE('',*,*,#2139,.F.);
#2863=ORIENTED_EDGE('',*,*,#1993,.F.);
#2864=ORIENTED_EDGE('',*,*,#2004,.T.);
#2865=ORIENTED_EDGE('',*,*,#2144,.T.);
#2866=ORIENTED_EDGE('',*,*,#1867,.F.);
#2867=ORIENTED_EDGE('',*,*,#2145,.T.);
#2868=ORIENTED_EDGE('',*,*,#2144,.F.);
#2869=ORIENTED_EDGE('',*,*,#2003,.T.);
#2870=ORIENTED_EDGE('',*,*,#2146,.T.);
#2871=ORIENTED_EDGE('',*,*,#1868,.F.);
#2872=ORIENTED_EDGE('',*,*,#2146,.F.);
#2873=ORIENTED_EDGE('',*,*,#2002,.T.);
#2874=ORIENTED_EDGE('',*,*,#2147,.T.);
#2875=ORIENTED_EDGE('',*,*,#1869,.F.);
#2876=ORIENTED_EDGE('',*,*,#2145,.F.);
#2877=ORIENTED_EDGE('',*,*,#1866,.F.);
#2878=ORIENTED_EDGE('',*,*,#2148,.F.);
#2879=ORIENTED_EDGE('',*,*,#2005,.F.);
#2880=ORIENTED_EDGE('',*,*,#2008,.T.);
#2881=ORIENTED_EDGE('',*,*,#2149,.T.);
#2882=ORIENTED_EDGE('',*,*,#1863,.F.);
#2883=ORIENTED_EDGE('',*,*,#2150,.T.);
#2884=ORIENTED_EDGE('',*,*,#2149,.F.);
#2885=ORIENTED_EDGE('',*,*,#2007,.T.);
#2886=ORIENTED_EDGE('',*,*,#2151,.T.);
#2887=ORIENTED_EDGE('',*,*,#1864,.F.);
#2888=ORIENTED_EDGE('',*,*,#2151,.F.);
#2889=ORIENTED_EDGE('',*,*,#2006,.T.);
#2890=ORIENTED_EDGE('',*,*,#2148,.T.);
#2891=ORIENTED_EDGE('',*,*,#1865,.F.);
#2892=ORIENTED_EDGE('',*,*,#2142,.F.);
#2893=ORIENTED_EDGE('',*,*,#1870,.F.);
#2894=ORIENTED_EDGE('',*,*,#2147,.F.);
#2895=ORIENTED_EDGE('',*,*,#2001,.F.);
#2896=ORIENTED_EDGE('',*,*,#2012,.T.);
#2897=ORIENTED_EDGE('',*,*,#2152,.T.);
#2898=ORIENTED_EDGE('',*,*,#1859,.F.);
#2899=ORIENTED_EDGE('',*,*,#2153,.T.);
#2900=ORIENTED_EDGE('',*,*,#2152,.F.);
#2901=ORIENTED_EDGE('',*,*,#2011,.T.);
#2902=ORIENTED_EDGE('',*,*,#2154,.T.);
#2903=ORIENTED_EDGE('',*,*,#1860,.F.);
#2904=ORIENTED_EDGE('',*,*,#2154,.F.);
#2905=ORIENTED_EDGE('',*,*,#2010,.T.);
#2906=ORIENTED_EDGE('',*,*,#2155,.T.);
#2907=ORIENTED_EDGE('',*,*,#1861,.F.);
#2908=ORIENTED_EDGE('',*,*,#2153,.F.);
#2909=ORIENTED_EDGE('',*,*,#1858,.F.);
#2910=ORIENTED_EDGE('',*,*,#2156,.F.);
#2911=ORIENTED_EDGE('',*,*,#2013,.F.);
#2912=ORIENTED_EDGE('',*,*,#2016,.T.);
#2913=ORIENTED_EDGE('',*,*,#2157,.T.);
#2914=ORIENTED_EDGE('',*,*,#1855,.F.);
#2915=ORIENTED_EDGE('',*,*,#2158,.T.);
#2916=ORIENTED_EDGE('',*,*,#2157,.F.);
#2917=ORIENTED_EDGE('',*,*,#2015,.T.);
#2918=ORIENTED_EDGE('',*,*,#2159,.T.);
#2919=ORIENTED_EDGE('',*,*,#1856,.F.);
#2920=ORIENTED_EDGE('',*,*,#2159,.F.);
#2921=ORIENTED_EDGE('',*,*,#2014,.T.);
#2922=ORIENTED_EDGE('',*,*,#2156,.T.);
#2923=ORIENTED_EDGE('',*,*,#1857,.F.);
#2924=ORIENTED_EDGE('',*,*,#2150,.F.);
#2925=ORIENTED_EDGE('',*,*,#1862,.F.);
#2926=ORIENTED_EDGE('',*,*,#2155,.F.);
#2927=ORIENTED_EDGE('',*,*,#2009,.F.);
#2928=ORIENTED_EDGE('',*,*,#2020,.T.);
#2929=ORIENTED_EDGE('',*,*,#2160,.T.);
#2930=ORIENTED_EDGE('',*,*,#1851,.F.);
#2931=ORIENTED_EDGE('',*,*,#2161,.T.);
#2932=ORIENTED_EDGE('',*,*,#2160,.F.);
#2933=ORIENTED_EDGE('',*,*,#2019,.T.);
#2934=ORIENTED_EDGE('',*,*,#2162,.T.);
#2935=ORIENTED_EDGE('',*,*,#1852,.F.);
#2936=ORIENTED_EDGE('',*,*,#2162,.F.);
#2937=ORIENTED_EDGE('',*,*,#2018,.T.);
#2938=ORIENTED_EDGE('',*,*,#2163,.T.);
#2939=ORIENTED_EDGE('',*,*,#1853,.F.);
#2940=ORIENTED_EDGE('',*,*,#2161,.F.);
#2941=ORIENTED_EDGE('',*,*,#1850,.F.);
#2942=ORIENTED_EDGE('',*,*,#2164,.F.);
#2943=ORIENTED_EDGE('',*,*,#2021,.F.);
#2944=ORIENTED_EDGE('',*,*,#2024,.T.);
#2945=ORIENTED_EDGE('',*,*,#2165,.T.);
#2946=ORIENTED_EDGE('',*,*,#1847,.F.);
#2947=ORIENTED_EDGE('',*,*,#2166,.T.);
#2948=ORIENTED_EDGE('',*,*,#2165,.F.);
#2949=ORIENTED_EDGE('',*,*,#2023,.T.);
#2950=ORIENTED_EDGE('',*,*,#2167,.T.);
#2951=ORIENTED_EDGE('',*,*,#1848,.F.);
#2952=ORIENTED_EDGE('',*,*,#2167,.F.);
#2953=ORIENTED_EDGE('',*,*,#2022,.T.);
#2954=ORIENTED_EDGE('',*,*,#2164,.T.);
#2955=ORIENTED_EDGE('',*,*,#1849,.F.);
#2956=ORIENTED_EDGE('',*,*,#2158,.F.);
#2957=ORIENTED_EDGE('',*,*,#1854,.F.);
#2958=ORIENTED_EDGE('',*,*,#2163,.F.);
#2959=ORIENTED_EDGE('',*,*,#2017,.F.);
#2960=ORIENTED_EDGE('',*,*,#2028,.T.);
#2961=ORIENTED_EDGE('',*,*,#2168,.T.);
#2962=ORIENTED_EDGE('',*,*,#1843,.F.);
#2963=ORIENTED_EDGE('',*,*,#2169,.T.);
#2964=ORIENTED_EDGE('',*,*,#2168,.F.);
#2965=ORIENTED_EDGE('',*,*,#2027,.T.);
#2966=ORIENTED_EDGE('',*,*,#2170,.T.);
#2967=ORIENTED_EDGE('',*,*,#1844,.F.);
#2968=ORIENTED_EDGE('',*,*,#2170,.F.);
#2969=ORIENTED_EDGE('',*,*,#2026,.T.);
#2970=ORIENTED_EDGE('',*,*,#2171,.T.);
#2971=ORIENTED_EDGE('',*,*,#1845,.F.);
#2972=ORIENTED_EDGE('',*,*,#2169,.F.);
#2973=ORIENTED_EDGE('',*,*,#1842,.F.);
#2974=ORIENTED_EDGE('',*,*,#2172,.F.);
#2975=ORIENTED_EDGE('',*,*,#2029,.F.);
#2976=ORIENTED_EDGE('',*,*,#2032,.T.);
#2977=ORIENTED_EDGE('',*,*,#2173,.T.);
#2978=ORIENTED_EDGE('',*,*,#1839,.F.);
#2979=ORIENTED_EDGE('',*,*,#2174,.T.);
#2980=ORIENTED_EDGE('',*,*,#2173,.F.);
#2981=ORIENTED_EDGE('',*,*,#2031,.T.);
#2982=ORIENTED_EDGE('',*,*,#2175,.T.);
#2983=ORIENTED_EDGE('',*,*,#1840,.F.);
#2984=ORIENTED_EDGE('',*,*,#2175,.F.);
#2985=ORIENTED_EDGE('',*,*,#2030,.T.);
#2986=ORIENTED_EDGE('',*,*,#2172,.T.);
#2987=ORIENTED_EDGE('',*,*,#1841,.F.);
#2988=ORIENTED_EDGE('',*,*,#2166,.F.);
#2989=ORIENTED_EDGE('',*,*,#1846,.F.);
#2990=ORIENTED_EDGE('',*,*,#2171,.F.);
#2991=ORIENTED_EDGE('',*,*,#2025,.F.);
#2992=ORIENTED_EDGE('',*,*,#2036,.T.);
#2993=ORIENTED_EDGE('',*,*,#2176,.T.);
#2994=ORIENTED_EDGE('',*,*,#1835,.F.);
#2995=ORIENTED_EDGE('',*,*,#2177,.T.);
#2996=ORIENTED_EDGE('',*,*,#2176,.F.);
#2997=ORIENTED_EDGE('',*,*,#2035,.T.);
#2998=ORIENTED_EDGE('',*,*,#2178,.T.);
#2999=ORIENTED_EDGE('',*,*,#1836,.F.);
#3000=ORIENTED_EDGE('',*,*,#2178,.F.);
#3001=ORIENTED_EDGE('',*,*,#2034,.T.);
#3002=ORIENTED_EDGE('',*,*,#2179,.T.);
#3003=ORIENTED_EDGE('',*,*,#1837,.F.);
#3004=ORIENTED_EDGE('',*,*,#2177,.F.);
#3005=ORIENTED_EDGE('',*,*,#1834,.F.);
#3006=ORIENTED_EDGE('',*,*,#2180,.F.);
#3007=ORIENTED_EDGE('',*,*,#2037,.F.);
#3008=ORIENTED_EDGE('',*,*,#2040,.T.);
#3009=ORIENTED_EDGE('',*,*,#2181,.T.);
#3010=ORIENTED_EDGE('',*,*,#1831,.F.);
#3011=ORIENTED_EDGE('',*,*,#2182,.T.);
#3012=ORIENTED_EDGE('',*,*,#2181,.F.);
#3013=ORIENTED_EDGE('',*,*,#2039,.T.);
#3014=ORIENTED_EDGE('',*,*,#2183,.T.);
#3015=ORIENTED_EDGE('',*,*,#1832,.F.);
#3016=ORIENTED_EDGE('',*,*,#2183,.F.);
#3017=ORIENTED_EDGE('',*,*,#2038,.T.);
#3018=ORIENTED_EDGE('',*,*,#2180,.T.);
#3019=ORIENTED_EDGE('',*,*,#1833,.F.);
#3020=ORIENTED_EDGE('',*,*,#2174,.F.);
#3021=ORIENTED_EDGE('',*,*,#1838,.F.);
#3022=ORIENTED_EDGE('',*,*,#2179,.F.);
#3023=ORIENTED_EDGE('',*,*,#2033,.F.);
#3024=ORIENTED_EDGE('',*,*,#2044,.T.);
#3025=ORIENTED_EDGE('',*,*,#2184,.T.);
#3026=ORIENTED_EDGE('',*,*,#1827,.F.);
#3027=ORIENTED_EDGE('',*,*,#2185,.T.);
#3028=ORIENTED_EDGE('',*,*,#2184,.F.);
#3029=ORIENTED_EDGE('',*,*,#2043,.T.);
#3030=ORIENTED_EDGE('',*,*,#2186,.T.);
#3031=ORIENTED_EDGE('',*,*,#1828,.F.);
#3032=ORIENTED_EDGE('',*,*,#2186,.F.);
#3033=ORIENTED_EDGE('',*,*,#2042,.T.);
#3034=ORIENTED_EDGE('',*,*,#2187,.T.);
#3035=ORIENTED_EDGE('',*,*,#1829,.F.);
#3036=ORIENTED_EDGE('',*,*,#2185,.F.);
#3037=ORIENTED_EDGE('',*,*,#1826,.F.);
#3038=ORIENTED_EDGE('',*,*,#2188,.F.);
#3039=ORIENTED_EDGE('',*,*,#2045,.F.);
#3040=ORIENTED_EDGE('',*,*,#2048,.T.);
#3041=ORIENTED_EDGE('',*,*,#2189,.T.);
#3042=ORIENTED_EDGE('',*,*,#1823,.F.);
#3043=ORIENTED_EDGE('',*,*,#2190,.T.);
#3044=ORIENTED_EDGE('',*,*,#2189,.F.);
#3045=ORIENTED_EDGE('',*,*,#2047,.T.);
#3046=ORIENTED_EDGE('',*,*,#2191,.T.);
#3047=ORIENTED_EDGE('',*,*,#1824,.F.);
#3048=ORIENTED_EDGE('',*,*,#2191,.F.);
#3049=ORIENTED_EDGE('',*,*,#2046,.T.);
#3050=ORIENTED_EDGE('',*,*,#2188,.T.);
#3051=ORIENTED_EDGE('',*,*,#1825,.F.);
#3052=ORIENTED_EDGE('',*,*,#2182,.F.);
#3053=ORIENTED_EDGE('',*,*,#1830,.F.);
#3054=ORIENTED_EDGE('',*,*,#2187,.F.);
#3055=ORIENTED_EDGE('',*,*,#2041,.F.);
#3056=ORIENTED_EDGE('',*,*,#2052,.T.);
#3057=ORIENTED_EDGE('',*,*,#2192,.T.);
#3058=ORIENTED_EDGE('',*,*,#1819,.F.);
#3059=ORIENTED_EDGE('',*,*,#2193,.T.);
#3060=ORIENTED_EDGE('',*,*,#2192,.F.);
#3061=ORIENTED_EDGE('',*,*,#2051,.T.);
#3062=ORIENTED_EDGE('',*,*,#2194,.T.);
#3063=ORIENTED_EDGE('',*,*,#1820,.F.);
#3064=ORIENTED_EDGE('',*,*,#2194,.F.);
#3065=ORIENTED_EDGE('',*,*,#2050,.T.);
#3066=ORIENTED_EDGE('',*,*,#2195,.T.);
#3067=ORIENTED_EDGE('',*,*,#1821,.F.);
#3068=ORIENTED_EDGE('',*,*,#2193,.F.);
#3069=ORIENTED_EDGE('',*,*,#1818,.F.);
#3070=ORIENTED_EDGE('',*,*,#2196,.F.);
#3071=ORIENTED_EDGE('',*,*,#2053,.F.);
#3072=ORIENTED_EDGE('',*,*,#2056,.T.);
#3073=ORIENTED_EDGE('',*,*,#2197,.T.);
#3074=ORIENTED_EDGE('',*,*,#1815,.F.);
#3075=ORIENTED_EDGE('',*,*,#2198,.T.);
#3076=ORIENTED_EDGE('',*,*,#2197,.F.);
#3077=ORIENTED_EDGE('',*,*,#2055,.T.);
#3078=ORIENTED_EDGE('',*,*,#2199,.T.);
#3079=ORIENTED_EDGE('',*,*,#1816,.F.);
#3080=ORIENTED_EDGE('',*,*,#2199,.F.);
#3081=ORIENTED_EDGE('',*,*,#2054,.T.);
#3082=ORIENTED_EDGE('',*,*,#2196,.T.);
#3083=ORIENTED_EDGE('',*,*,#1817,.F.);
#3084=ORIENTED_EDGE('',*,*,#2190,.F.);
#3085=ORIENTED_EDGE('',*,*,#1822,.F.);
#3086=ORIENTED_EDGE('',*,*,#2195,.F.);
#3087=ORIENTED_EDGE('',*,*,#2049,.F.);
#3088=ORIENTED_EDGE('',*,*,#2060,.T.);
#3089=ORIENTED_EDGE('',*,*,#2200,.T.);
#3090=ORIENTED_EDGE('',*,*,#1811,.F.);
#3091=ORIENTED_EDGE('',*,*,#2201,.T.);
#3092=ORIENTED_EDGE('',*,*,#2200,.F.);
#3093=ORIENTED_EDGE('',*,*,#2059,.T.);
#3094=ORIENTED_EDGE('',*,*,#2202,.T.);
#3095=ORIENTED_EDGE('',*,*,#1812,.F.);
#3096=ORIENTED_EDGE('',*,*,#2202,.F.);
#3097=ORIENTED_EDGE('',*,*,#2058,.T.);
#3098=ORIENTED_EDGE('',*,*,#2203,.T.);
#3099=ORIENTED_EDGE('',*,*,#1813,.F.);
#3100=ORIENTED_EDGE('',*,*,#2201,.F.);
#3101=ORIENTED_EDGE('',*,*,#1810,.F.);
#3102=ORIENTED_EDGE('',*,*,#2204,.F.);
#3103=ORIENTED_EDGE('',*,*,#2061,.F.);
#3104=ORIENTED_EDGE('',*,*,#2064,.T.);
#3105=ORIENTED_EDGE('',*,*,#2205,.T.);
#3106=ORIENTED_EDGE('',*,*,#1807,.F.);
#3107=ORIENTED_EDGE('',*,*,#2206,.T.);
#3108=ORIENTED_EDGE('',*,*,#2205,.F.);
#3109=ORIENTED_EDGE('',*,*,#2063,.T.);
#3110=ORIENTED_EDGE('',*,*,#2207,.T.);
#3111=ORIENTED_EDGE('',*,*,#1808,.F.);
#3112=ORIENTED_EDGE('',*,*,#2207,.F.);
#3113=ORIENTED_EDGE('',*,*,#2062,.T.);
#3114=ORIENTED_EDGE('',*,*,#2204,.T.);
#3115=ORIENTED_EDGE('',*,*,#1809,.F.);
#3116=ORIENTED_EDGE('',*,*,#2198,.F.);
#3117=ORIENTED_EDGE('',*,*,#1814,.F.);
#3118=ORIENTED_EDGE('',*,*,#2203,.F.);
#3119=ORIENTED_EDGE('',*,*,#2057,.F.);
#3120=ORIENTED_EDGE('',*,*,#1734,.T.);
#3121=ORIENTED_EDGE('',*,*,#2208,.T.);
#3122=ORIENTED_EDGE('',*,*,#2068,.T.);
#3123=ORIENTED_EDGE('',*,*,#2209,.T.);
#3124=ORIENTED_EDGE('',*,*,#1735,.T.);
#3125=ORIENTED_EDGE('',*,*,#2209,.F.);
#3126=ORIENTED_EDGE('',*,*,#2067,.T.);
#3127=ORIENTED_EDGE('',*,*,#2210,.T.);
#3128=ORIENTED_EDGE('',*,*,#1804,.F.);
#3129=ORIENTED_EDGE('',*,*,#1920,.F.);
#3130=ORIENTED_EDGE('',*,*,#1914,.T.);
#3131=ORIENTED_EDGE('',*,*,#1912,.T.);
#3132=ORIENTED_EDGE('',*,*,#2210,.F.);
#3133=ORIENTED_EDGE('',*,*,#2066,.T.);
#3134=ORIENTED_EDGE('',*,*,#2211,.T.);
#3135=ORIENTED_EDGE('',*,*,#1805,.F.);
#3136=ORIENTED_EDGE('',*,*,#1733,.T.);
#3137=ORIENTED_EDGE('',*,*,#1739,.F.);
#3138=ORIENTED_EDGE('',*,*,#2069,.F.);
#3139=ORIENTED_EDGE('',*,*,#2208,.F.);
#3140=ORIENTED_EDGE('',*,*,#2070,.T.);
#3141=ORIENTED_EDGE('',*,*,#1744,.T.);
#3142=ORIENTED_EDGE('',*,*,#1800,.F.);
#3143=ORIENTED_EDGE('',*,*,#2212,.T.);
#3144=ORIENTED_EDGE('',*,*,#2206,.F.);
#3145=ORIENTED_EDGE('',*,*,#1806,.F.);
#3146=ORIENTED_EDGE('',*,*,#2211,.F.);
#3147=ORIENTED_EDGE('',*,*,#2065,.F.);
#3148=ORIENTED_EDGE('',*,*,#2074,.T.);
#3149=ORIENTED_EDGE('',*,*,#2213,.T.);
#3150=ORIENTED_EDGE('',*,*,#1796,.F.);
#3151=ORIENTED_EDGE('',*,*,#2214,.T.);
#3152=ORIENTED_EDGE('',*,*,#2213,.F.);
#3153=ORIENTED_EDGE('',*,*,#2073,.T.);
#3154=ORIENTED_EDGE('',*,*,#2215,.T.);
#3155=ORIENTED_EDGE('',*,*,#1797,.F.);
#3156=ORIENTED_EDGE('',*,*,#2215,.F.);
#3157=ORIENTED_EDGE('',*,*,#2072,.T.);
#3158=ORIENTED_EDGE('',*,*,#2216,.T.);
#3159=ORIENTED_EDGE('',*,*,#1798,.F.);
#3160=ORIENTED_EDGE('',*,*,#2214,.F.);
#3161=ORIENTED_EDGE('',*,*,#1795,.F.);
#3162=ORIENTED_EDGE('',*,*,#2217,.F.);
#3163=ORIENTED_EDGE('',*,*,#2075,.F.);
#3164=ORIENTED_EDGE('',*,*,#2078,.T.);
#3165=ORIENTED_EDGE('',*,*,#2218,.T.);
#3166=ORIENTED_EDGE('',*,*,#1792,.F.);
#3167=ORIENTED_EDGE('',*,*,#2219,.T.);
#3168=ORIENTED_EDGE('',*,*,#2218,.F.);
#3169=ORIENTED_EDGE('',*,*,#2077,.T.);
#3170=ORIENTED_EDGE('',*,*,#2220,.T.);
#3171=ORIENTED_EDGE('',*,*,#1793,.F.);
#3172=ORIENTED_EDGE('',*,*,#2220,.F.);
#3173=ORIENTED_EDGE('',*,*,#2076,.T.);
#3174=ORIENTED_EDGE('',*,*,#2217,.T.);
#3175=ORIENTED_EDGE('',*,*,#1794,.F.);
#3176=ORIENTED_EDGE('',*,*,#2212,.F.);
#3177=ORIENTED_EDGE('',*,*,#1799,.F.);
#3178=ORIENTED_EDGE('',*,*,#2216,.F.);
#3179=ORIENTED_EDGE('',*,*,#2071,.F.);
#3180=ORIENTED_EDGE('',*,*,#2082,.T.);
#3181=ORIENTED_EDGE('',*,*,#2221,.T.);
#3182=ORIENTED_EDGE('',*,*,#1788,.F.);
#3183=ORIENTED_EDGE('',*,*,#2222,.T.);
#3184=ORIENTED_EDGE('',*,*,#2221,.F.);
#3185=ORIENTED_EDGE('',*,*,#2081,.T.);
#3186=ORIENTED_EDGE('',*,*,#2223,.T.);
#3187=ORIENTED_EDGE('',*,*,#1789,.F.);
#3188=ORIENTED_EDGE('',*,*,#2223,.F.);
#3189=ORIENTED_EDGE('',*,*,#2080,.T.);
#3190=ORIENTED_EDGE('',*,*,#2224,.T.);
#3191=ORIENTED_EDGE('',*,*,#1790,.F.);
#3192=ORIENTED_EDGE('',*,*,#2222,.F.);
#3193=ORIENTED_EDGE('',*,*,#1787,.F.);
#3194=ORIENTED_EDGE('',*,*,#2225,.F.);
#3195=ORIENTED_EDGE('',*,*,#2083,.F.);
#3196=ORIENTED_EDGE('',*,*,#2086,.T.);
#3197=ORIENTED_EDGE('',*,*,#2226,.T.);
#3198=ORIENTED_EDGE('',*,*,#1784,.F.);
#3199=ORIENTED_EDGE('',*,*,#2227,.T.);
#3200=ORIENTED_EDGE('',*,*,#2226,.F.);
#3201=ORIENTED_EDGE('',*,*,#2085,.T.);
#3202=ORIENTED_EDGE('',*,*,#2228,.T.);
#3203=ORIENTED_EDGE('',*,*,#1785,.F.);
#3204=ORIENTED_EDGE('',*,*,#2228,.F.);
#3205=ORIENTED_EDGE('',*,*,#2084,.T.);
#3206=ORIENTED_EDGE('',*,*,#2225,.T.);
#3207=ORIENTED_EDGE('',*,*,#1786,.F.);
#3208=ORIENTED_EDGE('',*,*,#2219,.F.);
#3209=ORIENTED_EDGE('',*,*,#1791,.F.);
#3210=ORIENTED_EDGE('',*,*,#2224,.F.);
#3211=ORIENTED_EDGE('',*,*,#2079,.F.);
#3212=ORIENTED_EDGE('',*,*,#2090,.T.);
#3213=ORIENTED_EDGE('',*,*,#2229,.T.);
#3214=ORIENTED_EDGE('',*,*,#1780,.F.);
#3215=ORIENTED_EDGE('',*,*,#2230,.T.);
#3216=ORIENTED_EDGE('',*,*,#2229,.F.);
#3217=ORIENTED_EDGE('',*,*,#2089,.T.);
#3218=ORIENTED_EDGE('',*,*,#2231,.T.);
#3219=ORIENTED_EDGE('',*,*,#1781,.F.);
#3220=ORIENTED_EDGE('',*,*,#2231,.F.);
#3221=ORIENTED_EDGE('',*,*,#2088,.T.);
#3222=ORIENTED_EDGE('',*,*,#2232,.T.);
#3223=ORIENTED_EDGE('',*,*,#1782,.F.);
#3224=ORIENTED_EDGE('',*,*,#2230,.F.);
#3225=ORIENTED_EDGE('',*,*,#1779,.F.);
#3226=ORIENTED_EDGE('',*,*,#2233,.F.);
#3227=ORIENTED_EDGE('',*,*,#2091,.F.);
#3228=ORIENTED_EDGE('',*,*,#2094,.T.);
#3229=ORIENTED_EDGE('',*,*,#2234,.T.);
#3230=ORIENTED_EDGE('',*,*,#1776,.F.);
#3231=ORIENTED_EDGE('',*,*,#2235,.T.);
#3232=ORIENTED_EDGE('',*,*,#2234,.F.);
#3233=ORIENTED_EDGE('',*,*,#2093,.T.);
#3234=ORIENTED_EDGE('',*,*,#2236,.T.);
#3235=ORIENTED_EDGE('',*,*,#1777,.F.);
#3236=ORIENTED_EDGE('',*,*,#2236,.F.);
#3237=ORIENTED_EDGE('',*,*,#2092,.T.);
#3238=ORIENTED_EDGE('',*,*,#2233,.T.);
#3239=ORIENTED_EDGE('',*,*,#1778,.F.);
#3240=ORIENTED_EDGE('',*,*,#2227,.F.);
#3241=ORIENTED_EDGE('',*,*,#1783,.F.);
#3242=ORIENTED_EDGE('',*,*,#2232,.F.);
#3243=ORIENTED_EDGE('',*,*,#2087,.F.);
#3244=ORIENTED_EDGE('',*,*,#2098,.T.);
#3245=ORIENTED_EDGE('',*,*,#2237,.T.);
#3246=ORIENTED_EDGE('',*,*,#1772,.F.);
#3247=ORIENTED_EDGE('',*,*,#2238,.T.);
#3248=ORIENTED_EDGE('',*,*,#2237,.F.);
#3249=ORIENTED_EDGE('',*,*,#2097,.T.);
#3250=ORIENTED_EDGE('',*,*,#2239,.T.);
#3251=ORIENTED_EDGE('',*,*,#1773,.F.);
#3252=ORIENTED_EDGE('',*,*,#2239,.F.);
#3253=ORIENTED_EDGE('',*,*,#2096,.T.);
#3254=ORIENTED_EDGE('',*,*,#2240,.T.);
#3255=ORIENTED_EDGE('',*,*,#1774,.F.);
#3256=ORIENTED_EDGE('',*,*,#2238,.F.);
#3257=ORIENTED_EDGE('',*,*,#1771,.F.);
#3258=ORIENTED_EDGE('',*,*,#2241,.F.);
#3259=ORIENTED_EDGE('',*,*,#2099,.F.);
#3260=ORIENTED_EDGE('',*,*,#2102,.T.);
#3261=ORIENTED_EDGE('',*,*,#2242,.T.);
#3262=ORIENTED_EDGE('',*,*,#1768,.F.);
#3263=ORIENTED_EDGE('',*,*,#2243,.T.);
#3264=ORIENTED_EDGE('',*,*,#2242,.F.);
#3265=ORIENTED_EDGE('',*,*,#2101,.T.);
#3266=ORIENTED_EDGE('',*,*,#2244,.T.);
#3267=ORIENTED_EDGE('',*,*,#1769,.F.);
#3268=ORIENTED_EDGE('',*,*,#2244,.F.);
#3269=ORIENTED_EDGE('',*,*,#2100,.T.);
#3270=ORIENTED_EDGE('',*,*,#2241,.T.);
#3271=ORIENTED_EDGE('',*,*,#1770,.F.);
#3272=ORIENTED_EDGE('',*,*,#2235,.F.);
#3273=ORIENTED_EDGE('',*,*,#1775,.F.);
#3274=ORIENTED_EDGE('',*,*,#2240,.F.);
#3275=ORIENTED_EDGE('',*,*,#2095,.F.);
#3276=ORIENTED_EDGE('',*,*,#2106,.T.);
#3277=ORIENTED_EDGE('',*,*,#2245,.T.);
#3278=ORIENTED_EDGE('',*,*,#1764,.F.);
#3279=ORIENTED_EDGE('',*,*,#1956,.F.);
#3280=ORIENTED_EDGE('',*,*,#2245,.F.);
#3281=ORIENTED_EDGE('',*,*,#2105,.F.);
#3282=ORIENTED_EDGE('',*,*,#2246,.F.);
#3283=ORIENTED_EDGE('',*,*,#1765,.F.);
#3284=ORIENTED_EDGE('',*,*,#2246,.T.);
#3285=ORIENTED_EDGE('',*,*,#2104,.T.);
#3286=ORIENTED_EDGE('',*,*,#2247,.F.);
#3287=ORIENTED_EDGE('',*,*,#1766,.F.);
#3288=ORIENTED_EDGE('',*,*,#1924,.T.);
#3289=ORIENTED_EDGE('',*,*,#1928,.T.);
#3290=ORIENTED_EDGE('',*,*,#1931,.T.);
#3291=ORIENTED_EDGE('',*,*,#1934,.T.);
#3292=ORIENTED_EDGE('',*,*,#2107,.T.);
#3293=ORIENTED_EDGE('',*,*,#2248,.T.);
#3294=ORIENTED_EDGE('',*,*,#2249,.T.);
#3295=ORIENTED_EDGE('',*,*,#2248,.F.);
#3296=ORIENTED_EDGE('',*,*,#2249,.F.);
#3297=ORIENTED_EDGE('',*,*,#2250,.T.);
#3298=ORIENTED_EDGE('',*,*,#2251,.F.);
#3299=ORIENTED_EDGE('',*,*,#2250,.F.);
#3300=ORIENTED_EDGE('',*,*,#2252,.T.);
#3301=ORIENTED_EDGE('',*,*,#2253,.T.);
#3302=ORIENTED_EDGE('',*,*,#2254,.T.);
#3303=ORIENTED_EDGE('',*,*,#2253,.F.);
#3304=ORIENTED_EDGE('',*,*,#2254,.F.);
#3305=ORIENTED_EDGE('',*,*,#2251,.T.);
#3306=ORIENTED_EDGE('',*,*,#2255,.T.);
#3307=ORIENTED_EDGE('',*,*,#2256,.T.);
#3308=ORIENTED_EDGE('',*,*,#2252,.F.);
#3309=ORIENTED_EDGE('',*,*,#2256,.F.);
#3310=ORIENTED_EDGE('',*,*,#2255,.F.);
#3311=ORIENTED_EDGE('',*,*,#1923,.T.);
#3312=ORIENTED_EDGE('',*,*,#2243,.F.);
#3313=ORIENTED_EDGE('',*,*,#1767,.F.);
#3314=ORIENTED_EDGE('',*,*,#2247,.T.);
#3315=ORIENTED_EDGE('',*,*,#2103,.F.);
#3316=ORIENTED_EDGE('',*,*,#2257,.F.);
#3317=ORIENTED_EDGE('',*,*,#2258,.T.);
#3318=ORIENTED_EDGE('',*,*,#2259,.F.);
#3319=ORIENTED_EDGE('',*,*,#2258,.F.);
#3320=ORIENTED_EDGE('',*,*,#2259,.T.);
#3321=ORIENTED_EDGE('',*,*,#2257,.T.);
#3322=PLANE('',#3625);
#3323=PLANE('',#3630);
#3324=PLANE('',#3640);
#3325=PLANE('',#3642);
#3326=PLANE('',#3649);
#3327=PLANE('',#3725);
#3328=PLANE('',#3726);
#3329=PLANE('',#3727);
#3330=PLANE('',#3730);
#3331=PLANE('',#3732);
#3332=PLANE('',#3736);
#3333=PLANE('',#3737);
#3334=PLANE('',#3738);
#3335=PLANE('',#3739);
#3336=PLANE('',#3740);
#3337=PLANE('',#3741);
#3338=PLANE('',#3742);
#3339=PLANE('',#3743);
#3340=PLANE('',#3744);
#3341=PLANE('',#3745);
#3342=PLANE('',#3746);
#3343=PLANE('',#3749);
#3344=PLANE('',#3752);
#3345=PLANE('',#3755);
#3346=PLANE('',#3756);
#3347=PLANE('',#3831);
#3348=PLANE('',#3833);
#3349=PLANE('',#3835);
#3350=PLANE('',#3837);
#3351=PLANE('',#3839);
#3352=PLANE('',#3841);
#3353=PLANE('',#3843);
#3354=PLANE('',#3845);
#3355=PLANE('',#3847);
#3356=PLANE('',#3849);
#3357=PLANE('',#3851);
#3358=PLANE('',#3853);
#3359=PLANE('',#3855);
#3360=PLANE('',#3857);
#3361=PLANE('',#3859);
#3362=PLANE('',#3861);
#3363=PLANE('',#3863);
#3364=PLANE('',#3865);
#3365=PLANE('',#3867);
#3366=PLANE('',#3869);
#3367=PLANE('',#3871);
#3368=PLANE('',#3873);
#3369=PLANE('',#3875);
#3370=PLANE('',#3877);
#3371=PLANE('',#3879);
#3372=PLANE('',#3881);
#3373=PLANE('',#3883);
#3374=PLANE('',#3885);
#3375=PLANE('',#3887);
#3376=PLANE('',#3889);
#3377=PLANE('',#3891);
#3378=PLANE('',#3893);
#3379=PLANE('',#3895);
#3380=PLANE('',#3897);
#3381=PLANE('',#3899);
#3382=PLANE('',#3901);
#3383=PLANE('',#3903);
#3384=PLANE('',#3905);
#3385=PLANE('',#3907);
#3386=PLANE('',#3909);
#3387=PLANE('',#3911);
#3388=PLANE('',#3913);
#3389=PLANE('',#3915);
#3390=PLANE('',#3917);
#3391=PLANE('',#3919);
#3392=PLANE('',#3921);
#3393=PLANE('',#3923);
#3394=PLANE('',#3925);
#3395=PLANE('',#3927);
#3396=PLANE('',#3929);
#3397=PLANE('',#3931);
#3398=PLANE('',#3933);
#3399=PLANE('',#3935);
#3400=PLANE('',#3937);
#3401=PLANE('',#3939);
#3402=PLANE('',#3941);
#3403=PLANE('',#3943);
#3404=PLANE('',#3945);
#3405=PLANE('',#3947);
#3406=PLANE('',#3949);
#3407=PLANE('',#3951);
#3408=PLANE('',#3953);
#3409=PLANE('',#3955);
#3410=PLANE('',#3957);
#3411=PLANE('',#3959);
#3412=PLANE('',#3961);
#3413=PLANE('',#3963);
#3414=PLANE('',#3965);
#3415=PLANE('',#3967);
#3416=PLANE('',#3969);
#3417=PLANE('',#3971);
#3418=PLANE('',#3972);
#3419=PLANE('',#3980);
#3420=PLANE('',#3983);
#3421=PLANE('',#3988);
#3422=PLANE('',#3989);
#3423=ADVANCED_FACE('',(#111),#3322,.F.);
#3424=ADVANCED_FACE('',(#112),#3323,.T.);
#3425=ADVANCED_FACE('',(#113),#27,.T.);
#3426=ADVANCED_FACE('',(#114,#19),#28,.F.);
#3427=ADVANCED_FACE('',(#115),#3324,.T.);
#3428=ADVANCED_FACE('',(#116),#3325,.F.);
#3429=ADVANCED_FACE('',(#117),#29,.F.);
#3430=ADVANCED_FACE('',(#118),#30,.F.);
#3431=ADVANCED_FACE('',(#119,#20),#3326,.T.);
#3432=ADVANCED_FACE('',(#120),#3327,.F.);
#3433=ADVANCED_FACE('',(#121),#3328,.F.);
#3434=ADVANCED_FACE('',(#122),#3329,.F.);
#3435=ADVANCED_FACE('',(#123),#3330,.T.);
#3436=ADVANCED_FACE('',(#124),#31,.T.);
#3437=ADVANCED_FACE('',(#125),#3331,.T.);
#3438=ADVANCED_FACE('',(#126),#32,.F.);
#3439=ADVANCED_FACE('',(#127),#3332,.T.);
#3440=ADVANCED_FACE('',(#128),#3333,.T.);
#3441=ADVANCED_FACE('',(#129),#3334,.T.);
#3442=ADVANCED_FACE('',(#130),#3335,.T.);
#3443=ADVANCED_FACE('',(#131),#3336,.T.);
#3444=ADVANCED_FACE('',(#132),#3337,.T.);
#3445=ADVANCED_FACE('',(#133),#3338,.T.);
#3446=ADVANCED_FACE('',(#134),#3339,.T.);
#3447=ADVANCED_FACE('',(#135,#21),#3340,.T.);
#3448=ADVANCED_FACE('',(#136,#22,#23),#3341,.T.);
#3449=ADVANCED_FACE('',(#137),#3342,.T.);
#3450=ADVANCED_FACE('',(#138),#33,.T.);
#3451=ADVANCED_FACE('',(#139),#3343,.T.);
#3452=ADVANCED_FACE('',(#140),#34,.T.);
#3453=ADVANCED_FACE('',(#141),#3344,.T.);
#3454=ADVANCED_FACE('',(#142),#35,.T.);
#3455=ADVANCED_FACE('',(#143),#3345,.T.);
#3456=ADVANCED_FACE('',(#144,#24),#3346,.F.);
#3457=ADVANCED_FACE('',(#145),#36,.T.);
#3458=ADVANCED_FACE('',(#146),#3347,.T.);
#3459=ADVANCED_FACE('',(#147),#37,.T.);
#3460=ADVANCED_FACE('',(#148),#3348,.T.);
#3461=ADVANCED_FACE('',(#149),#38,.T.);
#3462=ADVANCED_FACE('',(#150),#3349,.T.);
#3463=ADVANCED_FACE('',(#151),#39,.T.);
#3464=ADVANCED_FACE('',(#152),#3350,.T.);
#3465=ADVANCED_FACE('',(#153),#40,.T.);
#3466=ADVANCED_FACE('',(#154),#3351,.T.);
#3467=ADVANCED_FACE('',(#155),#41,.T.);
#3468=ADVANCED_FACE('',(#156),#3352,.T.);
#3469=ADVANCED_FACE('',(#157),#42,.T.);
#3470=ADVANCED_FACE('',(#158),#3353,.T.);
#3471=ADVANCED_FACE('',(#159),#43,.T.);
#3472=ADVANCED_FACE('',(#160),#3354,.T.);
#3473=ADVANCED_FACE('',(#161),#44,.T.);
#3474=ADVANCED_FACE('',(#162),#3355,.T.);
#3475=ADVANCED_FACE('',(#163),#45,.T.);
#3476=ADVANCED_FACE('',(#164),#3356,.T.);
#3477=ADVANCED_FACE('',(#165),#46,.T.);
#3478=ADVANCED_FACE('',(#166),#3357,.T.);
#3479=ADVANCED_FACE('',(#167),#47,.T.);
#3480=ADVANCED_FACE('',(#168),#3358,.T.);
#3481=ADVANCED_FACE('',(#169),#48,.T.);
#3482=ADVANCED_FACE('',(#170),#3359,.T.);
#3483=ADVANCED_FACE('',(#171),#49,.T.);
#3484=ADVANCED_FACE('',(#172),#3360,.T.);
#3485=ADVANCED_FACE('',(#173),#50,.T.);
#3486=ADVANCED_FACE('',(#174),#3361,.T.);
#3487=ADVANCED_FACE('',(#175),#51,.T.);
#3488=ADVANCED_FACE('',(#176),#3362,.T.);
#3489=ADVANCED_FACE('',(#177),#52,.T.);
#3490=ADVANCED_FACE('',(#178),#3363,.T.);
#3491=ADVANCED_FACE('',(#179),#53,.T.);
#3492=ADVANCED_FACE('',(#180),#3364,.T.);
#3493=ADVANCED_FACE('',(#181),#54,.T.);
#3494=ADVANCED_FACE('',(#182),#3365,.T.);
#3495=ADVANCED_FACE('',(#183),#55,.T.);
#3496=ADVANCED_FACE('',(#184),#3366,.T.);
#3497=ADVANCED_FACE('',(#185),#56,.T.);
#3498=ADVANCED_FACE('',(#186),#3367,.T.);
#3499=ADVANCED_FACE('',(#187),#57,.T.);
#3500=ADVANCED_FACE('',(#188),#3368,.T.);
#3501=ADVANCED_FACE('',(#189),#58,.T.);
#3502=ADVANCED_FACE('',(#190),#3369,.T.);
#3503=ADVANCED_FACE('',(#191),#59,.T.);
#3504=ADVANCED_FACE('',(#192),#3370,.T.);
#3505=ADVANCED_FACE('',(#193),#60,.T.);
#3506=ADVANCED_FACE('',(#194),#3371,.T.);
#3507=ADVANCED_FACE('',(#195),#61,.T.);
#3508=ADVANCED_FACE('',(#196),#3372,.T.);
#3509=ADVANCED_FACE('',(#197),#62,.T.);
#3510=ADVANCED_FACE('',(#198),#3373,.T.);
#3511=ADVANCED_FACE('',(#199),#63,.T.);
#3512=ADVANCED_FACE('',(#200),#3374,.T.);
#3513=ADVANCED_FACE('',(#201),#64,.T.);
#3514=ADVANCED_FACE('',(#202),#3375,.T.);
#3515=ADVANCED_FACE('',(#203),#65,.T.);
#3516=ADVANCED_FACE('',(#204),#3376,.T.);
#3517=ADVANCED_FACE('',(#205),#66,.T.);
#3518=ADVANCED_FACE('',(#206),#3377,.T.);
#3519=ADVANCED_FACE('',(#207),#67,.T.);
#3520=ADVANCED_FACE('',(#208),#3378,.T.);
#3521=ADVANCED_FACE('',(#209),#68,.T.);
#3522=ADVANCED_FACE('',(#210),#3379,.T.);
#3523=ADVANCED_FACE('',(#211),#69,.T.);
#3524=ADVANCED_FACE('',(#212),#3380,.T.);
#3525=ADVANCED_FACE('',(#213),#70,.T.);
#3526=ADVANCED_FACE('',(#214),#3381,.T.);
#3527=ADVANCED_FACE('',(#215),#71,.T.);
#3528=ADVANCED_FACE('',(#216),#3382,.T.);
#3529=ADVANCED_FACE('',(#217),#72,.T.);
#3530=ADVANCED_FACE('',(#218),#3383,.T.);
#3531=ADVANCED_FACE('',(#219),#73,.T.);
#3532=ADVANCED_FACE('',(#220),#3384,.T.);
#3533=ADVANCED_FACE('',(#221),#74,.T.);
#3534=ADVANCED_FACE('',(#222),#3385,.T.);
#3535=ADVANCED_FACE('',(#223),#75,.T.);
#3536=ADVANCED_FACE('',(#224),#3386,.T.);
#3537=ADVANCED_FACE('',(#225),#76,.T.);
#3538=ADVANCED_FACE('',(#226),#3387,.T.);
#3539=ADVANCED_FACE('',(#227),#77,.T.);
#3540=ADVANCED_FACE('',(#228),#3388,.T.);
#3541=ADVANCED_FACE('',(#229),#78,.T.);
#3542=ADVANCED_FACE('',(#230),#3389,.T.);
#3543=ADVANCED_FACE('',(#231),#79,.T.);
#3544=ADVANCED_FACE('',(#232),#3390,.T.);
#3545=ADVANCED_FACE('',(#233),#80,.T.);
#3546=ADVANCED_FACE('',(#234),#3391,.T.);
#3547=ADVANCED_FACE('',(#235),#81,.T.);
#3548=ADVANCED_FACE('',(#236),#3392,.T.);
#3549=ADVANCED_FACE('',(#237),#82,.T.);
#3550=ADVANCED_FACE('',(#238),#3393,.T.);
#3551=ADVANCED_FACE('',(#239),#83,.T.);
#3552=ADVANCED_FACE('',(#240),#3394,.T.);
#3553=ADVANCED_FACE('',(#241),#84,.T.);
#3554=ADVANCED_FACE('',(#242),#3395,.T.);
#3555=ADVANCED_FACE('',(#243),#85,.T.);
#3556=ADVANCED_FACE('',(#244),#3396,.T.);
#3557=ADVANCED_FACE('',(#245),#86,.T.);
#3558=ADVANCED_FACE('',(#246),#3397,.T.);
#3559=ADVANCED_FACE('',(#247),#87,.T.);
#3560=ADVANCED_FACE('',(#248),#3398,.T.);
#3561=ADVANCED_FACE('',(#249),#88,.T.);
#3562=ADVANCED_FACE('',(#250),#3399,.T.);
#3563=ADVANCED_FACE('',(#251),#89,.T.);
#3564=ADVANCED_FACE('',(#252),#3400,.T.);
#3565=ADVANCED_FACE('',(#253),#90,.T.);
#3566=ADVANCED_FACE('',(#254),#3401,.T.);
#3567=ADVANCED_FACE('',(#255),#91,.T.);
#3568=ADVANCED_FACE('',(#256),#3402,.T.);
#3569=ADVANCED_FACE('',(#257),#92,.T.);
#3570=ADVANCED_FACE('',(#258),#3403,.T.);
#3571=ADVANCED_FACE('',(#259),#93,.T.);
#3572=ADVANCED_FACE('',(#260),#3404,.T.);
#3573=ADVANCED_FACE('',(#261),#94,.T.);
#3574=ADVANCED_FACE('',(#262),#3405,.T.);
#3575=ADVANCED_FACE('',(#263),#95,.T.);
#3576=ADVANCED_FACE('',(#264),#3406,.T.);
#3577=ADVANCED_FACE('',(#265),#96,.T.);
#3578=ADVANCED_FACE('',(#266),#3407,.T.);
#3579=ADVANCED_FACE('',(#267),#97,.T.);
#3580=ADVANCED_FACE('',(#268),#3408,.T.);
#3581=ADVANCED_FACE('',(#269),#98,.T.);
#3582=ADVANCED_FACE('',(#270),#3409,.T.);
#3583=ADVANCED_FACE('',(#271),#99,.T.);
#3584=ADVANCED_FACE('',(#272),#3410,.T.);
#3585=ADVANCED_FACE('',(#273),#100,.T.);
#3586=ADVANCED_FACE('',(#274),#3411,.T.);
#3587=ADVANCED_FACE('',(#275),#101,.T.);
#3588=ADVANCED_FACE('',(#276),#3412,.T.);
#3589=ADVANCED_FACE('',(#277),#102,.T.);
#3590=ADVANCED_FACE('',(#278),#3413,.T.);
#3591=ADVANCED_FACE('',(#279),#103,.T.);
#3592=ADVANCED_FACE('',(#280),#3414,.T.);
#3593=ADVANCED_FACE('',(#281),#104,.T.);
#3594=ADVANCED_FACE('',(#282),#3415,.T.);
#3595=ADVANCED_FACE('',(#283),#105,.T.);
#3596=ADVANCED_FACE('',(#284),#3416,.T.);
#3597=ADVANCED_FACE('',(#285),#106,.T.);
#3598=ADVANCED_FACE('',(#286),#3417,.T.);
#3599=ADVANCED_FACE('',(#287),#3418,.T.);
#3600=ADVANCED_FACE('',(#288),#17,.F.);
#3601=ADVANCED_FACE('',(#289),#107,.F.);
#3602=ADVANCED_FACE('',(#290),#18,.F.);
#3603=ADVANCED_FACE('',(#291,#25),#3419,.T.);
#3604=ADVANCED_FACE('',(#292),#108,.F.);
#3605=ADVANCED_FACE('',(#293,#26),#3420,.F.);
#3606=ADVANCED_FACE('',(#294),#109,.T.);
#3607=ADVANCED_FACE('',(#295),#110,.T.);
#3608=ADVANCED_FACE('',(#296),#3421,.T.);
#3609=ADVANCED_FACE('',(#297),#3422,.F.);
#3610=CLOSED_SHELL('',(#3423,#3424,#3425,#3426,#3427,#3428,#3429,#3430,
#3431,#3432,#3433,#3434,#3435,#3436,#3437,#3438,#3439,#3440,#3441,#3442,
#3443,#3444,#3445,#3446,#3447,#3448,#3449,#3450,#3451,#3452,#3453,#3454,
#3455,#3456,#3457,#3458,#3459,#3460,#3461,#3462,#3463,#3464,#3465,#3466,
#3467,#3468,#3469,#3470,#3471,#3472,#3473,#3474,#3475,#3476,#3477,#3478,
#3479,#3480,#3481,#3482,#3483,#3484,#3485,#3486,#3487,#3488,#3489,#3490,
#3491,#3492,#3493,#3494,#3495,#3496,#3497,#3498,#3499,#3500,#3501,#3502,
#3503,#3504,#3505,#3506,#3507,#3508,#3509,#3510,#3511,#3512,#3513,#3514,
#3515,#3516,#3517,#3518,#3519,#3520,#3521,#3522,#3523,#3524,#3525,#3526,
#3527,#3528,#3529,#3530,#3531,#3532,#3533,#3534,#3535,#3536,#3537,#3538,
#3539,#3540,#3541,#3542,#3543,#3544,#3545,#3546,#3547,#3548,#3549,#3550,
#3551,#3552,#3553,#3554,#3555,#3556,#3557,#3558,#3559,#3560,#3561,#3562,
#3563,#3564,#3565,#3566,#3567,#3568,#3569,#3570,#3571,#3572,#3573,#3574,
#3575,#3576,#3577,#3578,#3579,#3580,#3581,#3582,#3583,#3584,#3585,#3586,
#3587,#3588,#3589,#3590,#3591,#3592,#3593,#3594,#3595,#3596,#3597,#3598,
#3599,#3600,#3601,#3602,#3603,#3604,#3605,#3606));
#3611=CLOSED_SHELL('',(#3607,#3608,#3609));
#3612=DERIVED_UNIT_ELEMENT(#3614,1.);
#3613=DERIVED_UNIT_ELEMENT(#6151,-3.);
#3614=(
MASS_UNIT()
NAMED_UNIT(*)
SI_UNIT(.KILO.,.GRAM.)
);
#3615=DERIVED_UNIT((#3612,#3613));
#3616=MEASURE_REPRESENTATION_ITEM('density measure',
POSITIVE_RATIO_MEASURE(1060.),#3615);
#3617=PROPERTY_DEFINITION_REPRESENTATION(#3622,#3619);
#3618=PROPERTY_DEFINITION_REPRESENTATION(#3623,#3620);
#3619=REPRESENTATION('material name',(#3621),#6148);
#3620=REPRESENTATION('density',(#3616),#6148);
#3621=DESCRIPTIVE_REPRESENTATION_ITEM('ABS Plastic','ABS Plastic');
#3622=PROPERTY_DEFINITION('material property','material name',#6158);
#3623=PROPERTY_DEFINITION('material property','density of part',#6158);
#3624=AXIS2_PLACEMENT_3D('',#5075,#3990,#3991);
#3625=AXIS2_PLACEMENT_3D('',#5076,#3992,#3993);
#3626=AXIS2_PLACEMENT_3D('',#5079,#3994,#3995);
#3627=AXIS2_PLACEMENT_3D('',#5083,#3997,#3998);
#3628=AXIS2_PLACEMENT_3D('',#5087,#4000,#4001);
#3629=AXIS2_PLACEMENT_3D('',#5091,#4003,#4004);
#3630=AXIS2_PLACEMENT_3D('',#5093,#4006,#4007);
#3631=AXIS2_PLACEMENT_3D('',#5099,#4011,#4012);
#3632=AXIS2_PLACEMENT_3D('',#5103,#4014,#4015);
#3633=AXIS2_PLACEMENT_3D('',#5107,#4017,#4018);
#3634=AXIS2_PLACEMENT_3D('',#5110,#4020,#4021);
#3635=AXIS2_PLACEMENT_3D('',#5111,#4022,#4023);
#3636=AXIS2_PLACEMENT_3D('',#5114,#4024,#4025);
#3637=AXIS2_PLACEMENT_3D('',#5117,#4027,#4028);
#3638=AXIS2_PLACEMENT_3D('',#5118,#4029,#4030);
#3639=AXIS2_PLACEMENT_3D('',#5123,#4033,#4034);
#3640=AXIS2_PLACEMENT_3D('',#5124,#4035,#4036);
#3641=AXIS2_PLACEMENT_3D('',#5125,#4037,#4038);
#3642=AXIS2_PLACEMENT_3D('',#5126,#4039,#4040);
#3643=AXIS2_PLACEMENT_3D('',#5128,#4041,#4042);
#3644=AXIS2_PLACEMENT_3D('',#5130,#4043,#4044);
#3645=AXIS2_PLACEMENT_3D('',#5131,#4045,#4046);
#3646=AXIS2_PLACEMENT_3D('',#5132,#4047,#4048);
#3647=AXIS2_PLACEMENT_3D('',#5134,#4050,#4051);
#3648=AXIS2_PLACEMENT_3D('',#5136,#4052,#4053);
#3649=AXIS2_PLACEMENT_3D('',#5138,#4055,#4056);
#3650=AXIS2_PLACEMENT_3D('',#5143,#4058,#4059);
#3651=AXIS2_PLACEMENT_3D('',#5147,#4061,#4062);
#3652=AXIS2_PLACEMENT_3D('',#5151,#4064,#4065);
#3653=AXIS2_PLACEMENT_3D('',#5155,#4067,#4068);
#3654=AXIS2_PLACEMENT_3D('',#5159,#4070,#4071);
#3655=AXIS2_PLACEMENT_3D('',#5163,#4073,#4074);
#3656=AXIS2_PLACEMENT_3D('',#5167,#4076,#4077);
#3657=AXIS2_PLACEMENT_3D('',#5171,#4079,#4080);
#3658=AXIS2_PLACEMENT_3D('',#5175,#4082,#4083);
#3659=AXIS2_PLACEMENT_3D('',#5179,#4085,#4086);
#3660=AXIS2_PLACEMENT_3D('',#5183,#4088,#4089);
#3661=AXIS2_PLACEMENT_3D('',#5187,#4091,#4092);
#3662=AXIS2_PLACEMENT_3D('',#5191,#4094,#4095);
#3663=AXIS2_PLACEMENT_3D('',#5195,#4097,#4098);
#3664=AXIS2_PLACEMENT_3D('',#5199,#4100,#4101);
#3665=AXIS2_PLACEMENT_3D('',#5203,#4103,#4104);
#3666=AXIS2_PLACEMENT_3D('',#5207,#4106,#4107);
#3667=AXIS2_PLACEMENT_3D('',#5211,#4109,#4110);
#3668=AXIS2_PLACEMENT_3D('',#5215,#4112,#4113);
#3669=AXIS2_PLACEMENT_3D('',#5219,#4115,#4116);
#3670=AXIS2_PLACEMENT_3D('',#5224,#4119,#4120);
#3671=AXIS2_PLACEMENT_3D('',#5228,#4122,#4123);
#3672=AXIS2_PLACEMENT_3D('',#5232,#4125,#4126);
#3673=AXIS2_PLACEMENT_3D('',#5236,#4128,#4129);
#3674=AXIS2_PLACEMENT_3D('',#5240,#4131,#4132);
#3675=AXIS2_PLACEMENT_3D('',#5244,#4134,#4135);
#3676=AXIS2_PLACEMENT_3D('',#5248,#4137,#4138);
#3677=AXIS2_PLACEMENT_3D('',#5252,#4140,#4141);
#3678=AXIS2_PLACEMENT_3D('',#5256,#4143,#4144);
#3679=AXIS2_PLACEMENT_3D('',#5260,#4146,#4147);
#3680=AXIS2_PLACEMENT_3D('',#5264,#4149,#4150);
#3681=AXIS2_PLACEMENT_3D('',#5268,#4152,#4153);
#3682=AXIS2_PLACEMENT_3D('',#5272,#4155,#4156);
#3683=AXIS2_PLACEMENT_3D('',#5276,#4158,#4159);
#3684=AXIS2_PLACEMENT_3D('',#5280,#4161,#4162);
#3685=AXIS2_PLACEMENT_3D('',#5284,#4164,#4165);
#3686=AXIS2_PLACEMENT_3D('',#5288,#4167,#4168);
#3687=AXIS2_PLACEMENT_3D('',#5292,#4170,#4171);
#3688=AXIS2_PLACEMENT_3D('',#5296,#4173,#4174);
#3689=AXIS2_PLACEMENT_3D('',#5300,#4176,#4177);
#3690=AXIS2_PLACEMENT_3D('',#5304,#4179,#4180);
#3691=AXIS2_PLACEMENT_3D('',#5308,#4182,#4183);
#3692=AXIS2_PLACEMENT_3D('',#5312,#4185,#4186);
#3693=AXIS2_PLACEMENT_3D('',#5316,#4188,#4189);
#3694=AXIS2_PLACEMENT_3D('',#5320,#4191,#4192);
#3695=AXIS2_PLACEMENT_3D('',#5324,#4194,#4195);
#3696=AXIS2_PLACEMENT_3D('',#5328,#4197,#4198);
#3697=AXIS2_PLACEMENT_3D('',#5332,#4200,#4201);
#3698=AXIS2_PLACEMENT_3D('',#5336,#4203,#4204);
#3699=AXIS2_PLACEMENT_3D('',#5340,#4206,#4207);
#3700=AXIS2_PLACEMENT_3D('',#5344,#4209,#4210);
#3701=AXIS2_PLACEMENT_3D('',#5348,#4212,#4213);
#3702=AXIS2_PLACEMENT_3D('',#5352,#4215,#4216);
#3703=AXIS2_PLACEMENT_3D('',#5356,#4218,#4219);
#3704=AXIS2_PLACEMENT_3D('',#5360,#4221,#4222);
#3705=AXIS2_PLACEMENT_3D('',#5364,#4224,#4225);
#3706=AXIS2_PLACEMENT_3D('',#5368,#4227,#4228);
#3707=AXIS2_PLACEMENT_3D('',#5372,#4230,#4231);
#3708=AXIS2_PLACEMENT_3D('',#5376,#4233,#4234);
#3709=AXIS2_PLACEMENT_3D('',#5380,#4236,#4237);
#3710=AXIS2_PLACEMENT_3D('',#5384,#4239,#4240);
#3711=AXIS2_PLACEMENT_3D('',#5388,#4242,#4243);
#3712=AXIS2_PLACEMENT_3D('',#5392,#4245,#4246);
#3713=AXIS2_PLACEMENT_3D('',#5396,#4248,#4249);
#3714=AXIS2_PLACEMENT_3D('',#5400,#4251,#4252);
#3715=AXIS2_PLACEMENT_3D('',#5404,#4254,#4255);
#3716=AXIS2_PLACEMENT_3D('',#5408,#4257,#4258);
#3717=AXIS2_PLACEMENT_3D('',#5412,#4260,#4261);
#3718=AXIS2_PLACEMENT_3D('',#5416,#4263,#4264);
#3719=AXIS2_PLACEMENT_3D('',#5420,#4266,#4267);
#3720=AXIS2_PLACEMENT_3D('',#5424,#4269,#4270);
#3721=AXIS2_PLACEMENT_3D('',#5428,#4272,#4273);
#3722=AXIS2_PLACEMENT_3D('',#5432,#4275,#4276);
#3723=AXIS2_PLACEMENT_3D('',#5436,#4278,#4279);
#3724=AXIS2_PLACEMENT_3D('',#5439,#4281,#4282);
#3725=AXIS2_PLACEMENT_3D('',#5440,#4283,#4284);
#3726=AXIS2_PLACEMENT_3D('',#5442,#4286,#4287);
#3727=AXIS2_PLACEMENT_3D('',#5446,#4290,#4291);
#3728=AXIS2_PLACEMENT_3D('',#5448,#4292,#4293);
#3729=AXIS2_PLACEMENT_3D('',#5452,#4295,#4296);
#3730=AXIS2_PLACEMENT_3D('',#5454,#4298,#4299);
#3731=AXIS2_PLACEMENT_3D('',#5456,#4301,#4302);
#3732=AXIS2_PLACEMENT_3D('',#5458,#4304,#4305);
#3733=AXIS2_PLACEMENT_3D('',#5460,#4307,#4308);
#3734=AXIS2_PLACEMENT_3D('',#5462,#4309,#4310);
#3735=AXIS2_PLACEMENT_3D('',#5465,#4312,#4313);
#3736=AXIS2_PLACEMENT_3D('',#5466,#4314,#4315);
#3737=AXIS2_PLACEMENT_3D('',#5475,#4320,#4321);
#3738=AXIS2_PLACEMENT_3D('',#5481,#4325,#4326);
#3739=AXIS2_PLACEMENT_3D('',#5487,#4330,#4331);
#3740=AXIS2_PLACEMENT_3D('',#5490,#4334,#4335);
#3741=AXIS2_PLACEMENT_3D('',#5499,#4340,#4341);
#3742=AXIS2_PLACEMENT_3D('',#5505,#4345,#4346);
#3743=AXIS2_PLACEMENT_3D('',#5511,#4350,#4351);
#3744=AXIS2_PLACEMENT_3D('',#5514,#4354,#4355);
#3745=AXIS2_PLACEMENT_3D('',#5515,#4356,#4357);
#3746=AXIS2_PLACEMENT_3D('',#5516,#4358,#4359);
#3747=AXIS2_PLACEMENT_3D('',#5522,#4363,#4364);
#3748=AXIS2_PLACEMENT_3D('',#5524,#4365,#4366);
#3749=AXIS2_PLACEMENT_3D('',#5526,#4368,#4369);
#3750=AXIS2_PLACEMENT_3D('',#5530,#4372,#4373);
#3751=AXIS2_PLACEMENT_3D('',#5532,#4374,#4375);
#3752=AXIS2_PLACEMENT_3D('',#5534,#4377,#4378);
#3753=AXIS2_PLACEMENT_3D('',#5540,#4382,#4383);
#3754=AXIS2_PLACEMENT_3D('',#5542,#4384,#4385);
#3755=AXIS2_PLACEMENT_3D('',#5544,#4387,#4388);
#3756=AXIS2_PLACEMENT_3D('',#5548,#4391,#4392);
#3757=AXIS2_PLACEMENT_3D('',#5549,#4393,#4394);
#3758=AXIS2_PLACEMENT_3D('',#5551,#4395,#4396);
#3759=AXIS2_PLACEMENT_3D('',#5555,#4398,#4399);
#3760=AXIS2_PLACEMENT_3D('',#5559,#4401,#4402);
#3761=AXIS2_PLACEMENT_3D('',#5563,#4404,#4405);
#3762=AXIS2_PLACEMENT_3D('',#5567,#4407,#4408);
#3763=AXIS2_PLACEMENT_3D('',#5571,#4410,#4411);
#3764=AXIS2_PLACEMENT_3D('',#5575,#4413,#4414);
#3765=AXIS2_PLACEMENT_3D('',#5579,#4416,#4417);
#3766=AXIS2_PLACEMENT_3D('',#5583,#4419,#4420);
#3767=AXIS2_PLACEMENT_3D('',#5587,#4422,#4423);
#3768=AXIS2_PLACEMENT_3D('',#5591,#4425,#4426);
#3769=AXIS2_PLACEMENT_3D('',#5595,#4428,#4429);
#3770=AXIS2_PLACEMENT_3D('',#5599,#4431,#4432);
#3771=AXIS2_PLACEMENT_3D('',#5603,#4434,#4435);
#3772=AXIS2_PLACEMENT_3D('',#5607,#4437,#4438);
#3773=AXIS2_PLACEMENT_3D('',#5611,#4440,#4441);
#3774=AXIS2_PLACEMENT_3D('',#5615,#4443,#4444);
#3775=AXIS2_PLACEMENT_3D('',#5619,#4446,#4447);
#3776=AXIS2_PLACEMENT_3D('',#5623,#4449,#4450);
#3777=AXIS2_PLACEMENT_3D('',#5627,#4452,#4453);
#3778=AXIS2_PLACEMENT_3D('',#5631,#4455,#4456);
#3779=AXIS2_PLACEMENT_3D('',#5635,#4458,#4459);
#3780=AXIS2_PLACEMENT_3D('',#5639,#4461,#4462);
#3781=AXIS2_PLACEMENT_3D('',#5643,#4464,#4465);
#3782=AXIS2_PLACEMENT_3D('',#5647,#4467,#4468);
#3783=AXIS2_PLACEMENT_3D('',#5651,#4470,#4471);
#3784=AXIS2_PLACEMENT_3D('',#5655,#4473,#4474);
#3785=AXIS2_PLACEMENT_3D('',#5659,#4476,#4477);
#3786=AXIS2_PLACEMENT_3D('',#5663,#4479,#4480);
#3787=AXIS2_PLACEMENT_3D('',#5667,#4482,#4483);
#3788=AXIS2_PLACEMENT_3D('',#5671,#4485,#4486);
#3789=AXIS2_PLACEMENT_3D('',#5675,#4488,#4489);
#3790=AXIS2_PLACEMENT_3D('',#5679,#4491,#4492);
#3791=AXIS2_PLACEMENT_3D('',#5683,#4494,#4495);
#3792=AXIS2_PLACEMENT_3D('',#5687,#4497,#4498);
#3793=AXIS2_PLACEMENT_3D('',#5691,#4500,#4501);
#3794=AXIS2_PLACEMENT_3D('',#5695,#4503,#4504);
#3795=AXIS2_PLACEMENT_3D('',#5699,#4506,#4507);
#3796=AXIS2_PLACEMENT_3D('',#5703,#4509,#4510);
#3797=AXIS2_PLACEMENT_3D('',#5707,#4512,#4513);
#3798=AXIS2_PLACEMENT_3D('',#5711,#4515,#4516);
#3799=AXIS2_PLACEMENT_3D('',#5715,#4518,#4519);
#3800=AXIS2_PLACEMENT_3D('',#5719,#4521,#4522);
#3801=AXIS2_PLACEMENT_3D('',#5723,#4524,#4525);
#3802=AXIS2_PLACEMENT_3D('',#5727,#4527,#4528);
#3803=AXIS2_PLACEMENT_3D('',#5731,#4530,#4531);
#3804=AXIS2_PLACEMENT_3D('',#5735,#4533,#4534);
#3805=AXIS2_PLACEMENT_3D('',#5739,#4536,#4537);
#3806=AXIS2_PLACEMENT_3D('',#5743,#4539,#4540);
#3807=AXIS2_PLACEMENT_3D('',#5747,#4542,#4543);
#3808=AXIS2_PLACEMENT_3D('',#5751,#4545,#4546);
#3809=AXIS2_PLACEMENT_3D('',#5755,#4548,#4549);
#3810=AXIS2_PLACEMENT_3D('',#5758,#4551,#4552);
#3811=AXIS2_PLACEMENT_3D('',#5762,#4554,#4555);
#3812=AXIS2_PLACEMENT_3D('',#5766,#4557,#4558);
#3813=AXIS2_PLACEMENT_3D('',#5770,#4560,#4561);
#3814=AXIS2_PLACEMENT_3D('',#5774,#4563,#4564);
#3815=AXIS2_PLACEMENT_3D('',#5778,#4566,#4567);
#3816=AXIS2_PLACEMENT_3D('',#5782,#4569,#4570);
#3817=AXIS2_PLACEMENT_3D('',#5786,#4572,#4573);
#3818=AXIS2_PLACEMENT_3D('',#5790,#4575,#4576);
#3819=AXIS2_PLACEMENT_3D('',#5794,#4578,#4579);
#3820=AXIS2_PLACEMENT_3D('',#5798,#4581,#4582);
#3821=AXIS2_PLACEMENT_3D('',#5802,#4584,#4585);
#3822=AXIS2_PLACEMENT_3D('',#5806,#4587,#4588);
#3823=AXIS2_PLACEMENT_3D('',#5810,#4590,#4591);
#3824=AXIS2_PLACEMENT_3D('',#5814,#4593,#4594);
#3825=AXIS2_PLACEMENT_3D('',#5818,#4596,#4597);
#3826=AXIS2_PLACEMENT_3D('',#5822,#4599,#4600);
#3827=AXIS2_PLACEMENT_3D('',#5826,#4602,#4603);
#3828=AXIS2_PLACEMENT_3D('',#5830,#4605,#4606);
#3829=AXIS2_PLACEMENT_3D('',#5833,#4608,#4609);
#3830=AXIS2_PLACEMENT_3D('',#5834,#4610,#4611);
#3831=AXIS2_PLACEMENT_3D('',#5836,#4613,#4614);
#3832=AXIS2_PLACEMENT_3D('',#5839,#4617,#4618);
#3833=AXIS2_PLACEMENT_3D('',#5841,#4620,#4621);
#3834=AXIS2_PLACEMENT_3D('',#5842,#4622,#4623);
#3835=AXIS2_PLACEMENT_3D('',#5843,#4624,#4625);
#3836=AXIS2_PLACEMENT_3D('',#5846,#4628,#4629);
#3837=AXIS2_PLACEMENT_3D('',#5848,#4631,#4632);
#3838=AXIS2_PLACEMENT_3D('',#5850,#4634,#4635);
#3839=AXIS2_PLACEMENT_3D('',#5852,#4637,#4638);
#3840=AXIS2_PLACEMENT_3D('',#5855,#4641,#4642);
#3841=AXIS2_PLACEMENT_3D('',#5857,#4644,#4645);
#3842=AXIS2_PLACEMENT_3D('',#5858,#4646,#4647);
#3843=AXIS2_PLACEMENT_3D('',#5859,#4648,#4649);
#3844=AXIS2_PLACEMENT_3D('',#5862,#4652,#4653);
#3845=AXIS2_PLACEMENT_3D('',#5864,#4655,#4656);
#3846=AXIS2_PLACEMENT_3D('',#5866,#4658,#4659);
#3847=AXIS2_PLACEMENT_3D('',#5868,#4661,#4662);
#3848=AXIS2_PLACEMENT_3D('',#5871,#4665,#4666);
#3849=AXIS2_PLACEMENT_3D('',#5873,#4668,#4669);
#3850=AXIS2_PLACEMENT_3D('',#5874,#4670,#4671);
#3851=AXIS2_PLACEMENT_3D('',#5875,#4672,#4673);
#3852=AXIS2_PLACEMENT_3D('',#5878,#4676,#4677);
#3853=AXIS2_PLACEMENT_3D('',#5880,#4679,#4680);
#3854=AXIS2_PLACEMENT_3D('',#5882,#4682,#4683);
#3855=AXIS2_PLACEMENT_3D('',#5884,#4685,#4686);
#3856=AXIS2_PLACEMENT_3D('',#5887,#4689,#4690);
#3857=AXIS2_PLACEMENT_3D('',#5889,#4692,#4693);
#3858=AXIS2_PLACEMENT_3D('',#5890,#4694,#4695);
#3859=AXIS2_PLACEMENT_3D('',#5891,#4696,#4697);
#3860=AXIS2_PLACEMENT_3D('',#5894,#4700,#4701);
#3861=AXIS2_PLACEMENT_3D('',#5896,#4703,#4704);
#3862=AXIS2_PLACEMENT_3D('',#5898,#4706,#4707);
#3863=AXIS2_PLACEMENT_3D('',#5900,#4709,#4710);
#3864=AXIS2_PLACEMENT_3D('',#5903,#4713,#4714);
#3865=AXIS2_PLACEMENT_3D('',#5905,#4716,#4717);
#3866=AXIS2_PLACEMENT_3D('',#5906,#4718,#4719);
#3867=AXIS2_PLACEMENT_3D('',#5907,#4720,#4721);
#3868=AXIS2_PLACEMENT_3D('',#5910,#4724,#4725);
#3869=AXIS2_PLACEMENT_3D('',#5912,#4727,#4728);
#3870=AXIS2_PLACEMENT_3D('',#5914,#4730,#4731);
#3871=AXIS2_PLACEMENT_3D('',#5916,#4733,#4734);
#3872=AXIS2_PLACEMENT_3D('',#5919,#4737,#4738);
#3873=AXIS2_PLACEMENT_3D('',#5921,#4740,#4741);
#3874=AXIS2_PLACEMENT_3D('',#5922,#4742,#4743);
#3875=AXIS2_PLACEMENT_3D('',#5923,#4744,#4745);
#3876=AXIS2_PLACEMENT_3D('',#5926,#4748,#4749);
#3877=AXIS2_PLACEMENT_3D('',#5928,#4751,#4752);
#3878=AXIS2_PLACEMENT_3D('',#5930,#4754,#4755);
#3879=AXIS2_PLACEMENT_3D('',#5932,#4757,#4758);
#3880=AXIS2_PLACEMENT_3D('',#5935,#4761,#4762);
#3881=AXIS2_PLACEMENT_3D('',#5937,#4764,#4765);
#3882=AXIS2_PLACEMENT_3D('',#5938,#4766,#4767);
#3883=AXIS2_PLACEMENT_3D('',#5939,#4768,#4769);
#3884=AXIS2_PLACEMENT_3D('',#5942,#4772,#4773);
#3885=AXIS2_PLACEMENT_3D('',#5944,#4775,#4776);
#3886=AXIS2_PLACEMENT_3D('',#5946,#4778,#4779);
#3887=AXIS2_PLACEMENT_3D('',#5948,#4781,#4782);
#3888=AXIS2_PLACEMENT_3D('',#5951,#4785,#4786);
#3889=AXIS2_PLACEMENT_3D('',#5953,#4788,#4789);
#3890=AXIS2_PLACEMENT_3D('',#5954,#4790,#4791);
#3891=AXIS2_PLACEMENT_3D('',#5955,#4792,#4793);
#3892=AXIS2_PLACEMENT_3D('',#5958,#4796,#4797);
#3893=AXIS2_PLACEMENT_3D('',#5960,#4799,#4800);
#3894=AXIS2_PLACEMENT_3D('',#5962,#4802,#4803);
#3895=AXIS2_PLACEMENT_3D('',#5964,#4805,#4806);
#3896=AXIS2_PLACEMENT_3D('',#5967,#4809,#4810);
#3897=AXIS2_PLACEMENT_3D('',#5969,#4812,#4813);
#3898=AXIS2_PLACEMENT_3D('',#5970,#4814,#4815);
#3899=AXIS2_PLACEMENT_3D('',#5971,#4816,#4817);
#3900=AXIS2_PLACEMENT_3D('',#5974,#4820,#4821);
#3901=AXIS2_PLACEMENT_3D('',#5976,#4823,#4824);
#3902=AXIS2_PLACEMENT_3D('',#5978,#4826,#4827);
#3903=AXIS2_PLACEMENT_3D('',#5980,#4829,#4830);
#3904=AXIS2_PLACEMENT_3D('',#5983,#4833,#4834);
#3905=AXIS2_PLACEMENT_3D('',#5985,#4836,#4837);
#3906=AXIS2_PLACEMENT_3D('',#5986,#4838,#4839);
#3907=AXIS2_PLACEMENT_3D('',#5987,#4840,#4841);
#3908=AXIS2_PLACEMENT_3D('',#5990,#4844,#4845);
#3909=AXIS2_PLACEMENT_3D('',#5992,#4847,#4848);
#3910=AXIS2_PLACEMENT_3D('',#5994,#4850,#4851);
#3911=AXIS2_PLACEMENT_3D('',#5996,#4853,#4854);
#3912=AXIS2_PLACEMENT_3D('',#5999,#4857,#4858);
#3913=AXIS2_PLACEMENT_3D('',#6001,#4860,#4861);
#3914=AXIS2_PLACEMENT_3D('',#6002,#4862,#4863);
#3915=AXIS2_PLACEMENT_3D('',#6003,#4864,#4865);
#3916=AXIS2_PLACEMENT_3D('',#6006,#4868,#4869);
#3917=AXIS2_PLACEMENT_3D('',#6008,#4871,#4872);
#3918=AXIS2_PLACEMENT_3D('',#6010,#4874,#4875);
#3919=AXIS2_PLACEMENT_3D('',#6012,#4877,#4878);
#3920=AXIS2_PLACEMENT_3D('',#6015,#4881,#4882);
#3921=AXIS2_PLACEMENT_3D('',#6017,#4884,#4885);
#3922=AXIS2_PLACEMENT_3D('',#6018,#4886,#4887);
#3923=AXIS2_PLACEMENT_3D('',#6019,#4888,#4889);
#3924=AXIS2_PLACEMENT_3D('',#6022,#4892,#4893);
#3925=AXIS2_PLACEMENT_3D('',#6024,#4895,#4896);
#3926=AXIS2_PLACEMENT_3D('',#6026,#4898,#4899);
#3927=AXIS2_PLACEMENT_3D('',#6028,#4901,#4902);
#3928=AXIS2_PLACEMENT_3D('',#6031,#4905,#4906);
#3929=AXIS2_PLACEMENT_3D('',#6033,#4908,#4909);
#3930=AXIS2_PLACEMENT_3D('',#6034,#4910,#4911);
#3931=AXIS2_PLACEMENT_3D('',#6035,#4912,#4913);
#3932=AXIS2_PLACEMENT_3D('',#6038,#4916,#4917);
#3933=AXIS2_PLACEMENT_3D('',#6040,#4919,#4920);
#3934=AXIS2_PLACEMENT_3D('',#6042,#4922,#4923);
#3935=AXIS2_PLACEMENT_3D('',#6043,#4924,#4925);
#3936=AXIS2_PLACEMENT_3D('',#6045,#4927,#4928);
#3937=AXIS2_PLACEMENT_3D('',#6046,#4929,#4930);
#3938=AXIS2_PLACEMENT_3D('',#6049,#4933,#4934);
#3939=AXIS2_PLACEMENT_3D('',#6051,#4936,#4937);
#3940=AXIS2_PLACEMENT_3D('',#6053,#4939,#4940);
#3941=AXIS2_PLACEMENT_3D('',#6055,#4942,#4943);
#3942=AXIS2_PLACEMENT_3D('',#6058,#4946,#4947);
#3943=AXIS2_PLACEMENT_3D('',#6060,#4949,#4950);
#3944=AXIS2_PLACEMENT_3D('',#6061,#4951,#4952);
#3945=AXIS2_PLACEMENT_3D('',#6062,#4953,#4954);
#3946=AXIS2_PLACEMENT_3D('',#6065,#4957,#4958);
#3947=AXIS2_PLACEMENT_3D('',#6067,#4960,#4961);
#3948=AXIS2_PLACEMENT_3D('',#6069,#4963,#4964);
#3949=AXIS2_PLACEMENT_3D('',#6071,#4966,#4967);
#3950=AXIS2_PLACEMENT_3D('',#6074,#4970,#4971);
#3951=AXIS2_PLACEMENT_3D('',#6076,#4973,#4974);
#3952=AXIS2_PLACEMENT_3D('',#6077,#4975,#4976);
#3953=AXIS2_PLACEMENT_3D('',#6078,#4977,#4978);
#3954=AXIS2_PLACEMENT_3D('',#6081,#4981,#4982);
#3955=AXIS2_PLACEMENT_3D('',#6083,#4984,#4985);
#3956=AXIS2_PLACEMENT_3D('',#6085,#4987,#4988);
#3957=AXIS2_PLACEMENT_3D('',#6087,#4990,#4991);
#3958=AXIS2_PLACEMENT_3D('',#6090,#4994,#4995);
#3959=AXIS2_PLACEMENT_3D('',#6092,#4997,#4998);
#3960=AXIS2_PLACEMENT_3D('',#6093,#4999,#5000);
#3961=AXIS2_PLACEMENT_3D('',#6094,#5001,#5002);
#3962=AXIS2_PLACEMENT_3D('',#6097,#5005,#5006);
#3963=AXIS2_PLACEMENT_3D('',#6099,#5008,#5009);
#3964=AXIS2_PLACEMENT_3D('',#6101,#5011,#5012);
#3965=AXIS2_PLACEMENT_3D('',#6103,#5014,#5015);
#3966=AXIS2_PLACEMENT_3D('',#6106,#5018,#5019);
#3967=AXIS2_PLACEMENT_3D('',#6108,#5021,#5022);
#3968=AXIS2_PLACEMENT_3D('',#6109,#5023,#5024);
#3969=AXIS2_PLACEMENT_3D('',#6110,#5025,#5026);
#3970=AXIS2_PLACEMENT_3D('',#6112,#5028,#5029);
#3971=AXIS2_PLACEMENT_3D('',#6114,#5031,#5032);
#3972=AXIS2_PLACEMENT_3D('',#6116,#5034,#5035);
#3973=AXIS2_PLACEMENT_3D('',#6117,#5036,#5037);
#3974=AXIS2_PLACEMENT_3D('',#6120,#5039,#5040);
#3975=AXIS2_PLACEMENT_3D('',#6121,#5041,#5042);
#3976=AXIS2_PLACEMENT_3D('',#6124,#5044,#5045);
#3977=AXIS2_PLACEMENT_3D('',#6125,#5046,#5047);
#3978=AXIS2_PLACEMENT_3D('',#6127,#5048,#5049);
#3979=AXIS2_PLACEMENT_3D('',#6130,#5051,#5052);
#3980=AXIS2_PLACEMENT_3D('',#6131,#5053,#5054);
#3981=AXIS2_PLACEMENT_3D('',#6132,#5055,#5056);
#3982=AXIS2_PLACEMENT_3D('',#6134,#5057,#5058);
#3983=AXIS2_PLACEMENT_3D('',#6136,#5060,#5061);
#3984=AXIS2_PLACEMENT_3D('',#6137,#5062,#5063);
#3985=AXIS2_PLACEMENT_3D('',#6138,#5064,#5065);
#3986=AXIS2_PLACEMENT_3D('',#6140,#5066,#5067);
#3987=AXIS2_PLACEMENT_3D('',#6143,#5069,#5070);
#3988=AXIS2_PLACEMENT_3D('',#6144,#5071,#5072);
#3989=AXIS2_PLACEMENT_3D('',#6145,#5073,#5074);
#3990=DIRECTION('axis',(0.,0.,1.));
#3991=DIRECTION('refdir',(1.,0.,0.));
#3992=DIRECTION('center_axis',(0.,0.,-1.));
#3993=DIRECTION('ref_axis',(-1.,0.,0.));
#3994=DIRECTION('center_axis',(0.,0.,1.));
#3995=DIRECTION('ref_axis',(1.,0.,0.));
#3996=DIRECTION('',(0.,-1.,0.));
#3997=DIRECTION('center_axis',(0.,0.,-1.));
#3998=DIRECTION('ref_axis',(0.0825793454723324,0.99658449300667,0.));
#3999=DIRECTION('',(0.674756180196438,-0.738040715195789,0.));
#4000=DIRECTION('center_axis',(0.,0.,-1.));
#4001=DIRECTION('ref_axis',(1.,0.,0.));
#4002=DIRECTION('',(0.674756180196438,0.738040715195789,0.));
#4003=DIRECTION('center_axis',(0.,0.,-1.));
#4004=DIRECTION('ref_axis',(-0.0825793454723323,0.99658449300667,0.));
#4005=DIRECTION('',(0.,1.,0.));
#4006=DIRECTION('center_axis',(0.738040715195789,0.674756180196438,0.));
#4007=DIRECTION('ref_axis',(0.,0.,-1.));
#4008=DIRECTION('',(0.,0.,-1.));
#4009=DIRECTION('',(-0.674756180196438,0.738040715195789,0.));
#4010=DIRECTION('',(0.,0.,1.));
#4011=DIRECTION('center_axis',(0.,0.,1.));
#4012=DIRECTION('ref_axis',(0.0825793454723324,0.99658449300667,0.));
#4013=DIRECTION('',(0.,0.,1.));
#4014=DIRECTION('center_axis',(0.,0.,1.));
#4015=DIRECTION('ref_axis',(0.0825793454723324,0.99658449300667,0.));
#4016=DIRECTION('',(0.,0.,1.));
#4017=DIRECTION('center_axis',(0.,0.,1.));
#4018=DIRECTION('ref_axis',(0.0825793454723324,0.99658449300667,0.));
#4019=DIRECTION('',(0.,0.,1.));
#4020=DIRECTION('center_axis',(0.,0.,1.));
#4021=DIRECTION('ref_axis',(0.0825793454723324,0.99658449300667,0.));
#4022=DIRECTION('center_axis',(0.,0.,1.));
#4023=DIRECTION('ref_axis',(1.,0.,0.));
#4024=DIRECTION('center_axis',(0.,0.,1.));
#4025=DIRECTION('ref_axis',(1.,0.,0.));
#4026=DIRECTION('',(0.,0.,-1.));
#4027=DIRECTION('center_axis',(0.,0.,-1.));
#4028=DIRECTION('ref_axis',(1.,0.,0.));
#4029=DIRECTION('center_axis',(0.,0.,1.));
#4030=DIRECTION('ref_axis',(1.,0.,0.));
#4031=DIRECTION('',(0.,0.,-1.));
#4032=DIRECTION('',(0.,0.,1.));
#4033=DIRECTION('center_axis',(0.,0.,-1.));
#4034=DIRECTION('ref_axis',(1.,0.,0.));
#4035=DIRECTION('center_axis',(0.,0.,1.));
#4036=DIRECTION('ref_axis',(-1.,0.,0.));
#4037=DIRECTION('center_axis',(0.,0.,-1.));
#4038=DIRECTION('ref_axis',(-1.,0.,0.));
#4039=DIRECTION('center_axis',(0.,0.,1.));
#4040=DIRECTION('ref_axis',(-1.,0.,0.));
#4041=DIRECTION('center_axis',(0.,0.,1.));
#4042=DIRECTION('ref_axis',(-1.,0.,0.));
#4043=DIRECTION('center_axis',(0.,0.,-1.));
#4044=DIRECTION('ref_axis',(1.,0.,0.));
#4045=DIRECTION('center_axis',(0.,0.,-1.));
#4046=DIRECTION('ref_axis',(1.,0.,0.));
#4047=DIRECTION('center_axis',(0.,0.,-1.));
#4048=DIRECTION('ref_axis',(-1.,0.,0.));
#4049=DIRECTION('',(0.,0.,-1.));
#4050=DIRECTION('center_axis',(0.,0.,1.));
#4051=DIRECTION('ref_axis',(1.,0.,0.));
#4052=DIRECTION('center_axis',(0.,0.,-1.));
#4053=DIRECTION('ref_axis',(1.,0.,0.));
#4054=DIRECTION('',(0.,0.,-1.));
#4055=DIRECTION('center_axis',(0.,0.,1.));
#4056=DIRECTION('ref_axis',(1.,0.,0.));
#4057=DIRECTION('',(-0.549814015988064,0.835287105026216,0.));
#4058=DIRECTION('center_axis',(0.,0.,1.));
#4059=DIRECTION('ref_axis',(0.986361303402722,-0.164594590280735,0.));
#4060=DIRECTION('',(0.791240855685709,0.611504626551383,0.));
#4061=DIRECTION('center_axis',(0.,0.,1.));
#4062=DIRECTION('ref_axis',(1.,0.,0.));
#4063=DIRECTION('',(-0.679799008257643,0.733398464936984,0.));
#4064=DIRECTION('center_axis',(0.,0.,1.));
#4065=DIRECTION('ref_axis',(1.,0.,0.));
#4066=DIRECTION('',(0.679799008257643,0.733398464936984,0.));
#4067=DIRECTION('center_axis',(0.,0.,1.));
#4068=DIRECTION('ref_axis',(1.,0.,0.));
#4069=DIRECTION('',(-0.791240855685709,0.611504626551384,0.));
#4070=DIRECTION('center_axis',(0.,0.,1.));
#4071=DIRECTION('ref_axis',(0.986361303402722,0.164594590280734,0.));
#4072=DIRECTION('',(0.549814015988065,0.835287105026216,0.));
#4073=DIRECTION('center_axis',(0.,0.,1.));
#4074=DIRECTION('ref_axis',(1.,0.,0.));
#4075=DIRECTION('',(-0.881099715181639,0.472930536027051,0.));
#4076=DIRECTION('center_axis',(0.,0.,1.));
#4077=DIRECTION('ref_axis',(0.945817241700635,0.324699469204683,0.));
#4078=DIRECTION('',(0.404831530620502,0.914391290321305,0.));
#4079=DIRECTION('center_axis',(0.,0.,1.));
#4080=DIRECTION('ref_axis',(1.,0.,0.));
#4081=DIRECTION('',(-0.946924471302949,0.321456133317797,0.));
#4082=DIRECTION('center_axis',(0.,0.,1.));
#4083=DIRECTION('ref_axis',(0.879473751206489,0.475947393037074,0.));
#4084=DIRECTION('',(0.248806296414651,0.968553264856624,0.));
#4085=DIRECTION('center_axis',(0.,0.,1.));
#4086=DIRECTION('ref_axis',(1.,0.,0.));
#4087=DIRECTION('',(-0.986919596294983,0.161213245265232,0.));
#4088=DIRECTION('center_axis',(0.,0.,1.));
#4089=DIRECTION('ref_axis',(0.789140509396394,0.614212712689668,0.));
#4090=DIRECTION('',(0.085994275032216,0.996295631156578,0.));
#4091=DIRECTION('center_axis',(0.,0.,1.));
#4092=DIRECTION('ref_axis',(1.,0.,0.));
#4093=DIRECTION('',(-0.999994127407466,-0.00342711986660271,0.));
#4094=DIRECTION('center_axis',(0.,0.,1.));
#4095=DIRECTION('ref_axis',(0.677281571625741,0.735723910673132,0.));
#4096=DIRECTION('',(-0.0791634460027533,0.996861649787456,0.));
#4097=DIRECTION('center_axis',(0.,0.,1.));
#4098=DIRECTION('ref_axis',(1.,0.,0.));
#4099=DIRECTION('',(-0.98579142551441,-0.167974002102311,0.));
#4100=DIRECTION('center_axis',(0.,0.,1.));
#4101=DIRECTION('ref_axis',(0.546948158122427,0.837166478262529,0.));
#4102=DIRECTION('',(-0.24216179459447,0.97023588123651,0.));
#4103=DIRECTION('center_axis',(0.,0.,1.));
#4104=DIRECTION('ref_axis',(1.,0.,0.));
#4105=DIRECTION('',(-0.944698903299776,-0.327938991436212,0.));
#4106=DIRECTION('center_axis',(0.,0.,1.));
#4107=DIRECTION('ref_axis',(0.40169542465297,0.915773326655057,0.));
#4108=DIRECTION('',(-0.398554600698333,0.917144607061608,0.));
#4109=DIRECTION('center_axis',(0.,0.,1.));
#4110=DIRECTION('ref_axis',(1.,0.,0.));
#4111=DIRECTION('',(-0.877837457649369,-0.478958659956882,0.));
#4112=DIRECTION('center_axis',(0.,0.,1.));
#4113=DIRECTION('ref_axis',(0.245485487140799,0.96940026593933,0.));
#4114=DIRECTION('',(-0.54407587624945,0.839036018823622,0.));
#4115=DIRECTION('center_axis',(0.,0.,1.));
#4116=DIRECTION('ref_axis',(1.,0.,0.));
#4117=DIRECTION('',(-0.787030894505751,-0.61691358478597,0.));
#4118=DIRECTION('',(-0.674756180196438,0.738040715195789,0.));
#4119=DIRECTION('center_axis',(0.,0.,1.));
#4120=DIRECTION('ref_axis',(1.,0.,0.));
#4121=DIRECTION('',(-0.674756180196438,-0.738040715195789,0.));
#4122=DIRECTION('center_axis',(0.,0.,1.));
#4123=DIRECTION('ref_axis',(-0.0825793454723323,0.99658449300667,0.));
#4124=DIRECTION('',(-0.787030894505751,0.616913584785971,0.));
#4125=DIRECTION('center_axis',(0.,0.,1.));
#4126=DIRECTION('ref_axis',(1.,0.,0.));
#4127=DIRECTION('',(-0.54407587624945,-0.839036018823622,0.));
#4128=DIRECTION('center_axis',(0.,0.,1.));
#4129=DIRECTION('ref_axis',(-0.245485487140799,0.96940026593933,0.));
#4130=DIRECTION('',(-0.877837457649369,0.478958659956882,0.));
#4131=DIRECTION('center_axis',(0.,0.,1.));
#4132=DIRECTION('ref_axis',(1.,0.,0.));
#4133=DIRECTION('',(-0.398554600698334,-0.917144607061608,0.));
#4134=DIRECTION('center_axis',(0.,0.,1.));
#4135=DIRECTION('ref_axis',(-0.401695424652969,0.915773326655058,0.));
#4136=DIRECTION('',(-0.944698903299776,0.327938991436213,0.));
#4137=DIRECTION('center_axis',(0.,0.,1.));
#4138=DIRECTION('ref_axis',(1.,0.,0.));
#4139=DIRECTION('',(-0.24216179459447,-0.970235881236509,0.));
#4140=DIRECTION('center_axis',(0.,0.,1.));
#4141=DIRECTION('ref_axis',(-0.546948158122427,0.837166478262529,0.));
#4142=DIRECTION('',(-0.98579142551441,0.167974002102312,0.));
#4143=DIRECTION('center_axis',(0.,0.,1.));
#4144=DIRECTION('ref_axis',(1.,0.,0.));
#4145=DIRECTION('',(-0.0791634460027535,-0.996861649787456,0.));
#4146=DIRECTION('center_axis',(0.,0.,1.));
#4147=DIRECTION('ref_axis',(-0.677281571625741,0.735723910673132,0.));
#4148=DIRECTION('',(-0.999994127407466,0.00342711986660288,0.));
#4149=DIRECTION('center_axis',(0.,0.,1.));
#4150=DIRECTION('ref_axis',(1.,0.,0.));
#4151=DIRECTION('',(0.0859942750322158,-0.996295631156578,0.));
#4152=DIRECTION('center_axis',(0.,0.,1.));
#4153=DIRECTION('ref_axis',(-0.789140509396394,0.614212712689668,0.));
#4154=DIRECTION('',(-0.986919596294983,-0.161213245265232,0.));
#4155=DIRECTION('center_axis',(0.,0.,1.));
#4156=DIRECTION('ref_axis',(1.,0.,0.));
#4157=DIRECTION('',(0.248806296414651,-0.968553264856624,0.));
#4158=DIRECTION('center_axis',(0.,0.,1.));
#4159=DIRECTION('ref_axis',(-0.879473751206489,0.475947393037074,0.));
#4160=DIRECTION('',(-0.94692447130295,-0.321456133317797,0.));
#4161=DIRECTION('center_axis',(0.,0.,1.));
#4162=DIRECTION('ref_axis',(1.,0.,0.));
#4163=DIRECTION('',(0.404831530620502,-0.914391290321305,0.));
#4164=DIRECTION('center_axis',(0.,0.,1.));
#4165=DIRECTION('ref_axis',(-0.945817241700635,0.324699469204684,0.));
#4166=DIRECTION('',(-0.881099715181639,-0.472930536027051,0.));
#4167=DIRECTION('center_axis',(0.,0.,1.));
#4168=DIRECTION('ref_axis',(1.,0.,0.));
#4169=DIRECTION('',(0.549814015988064,-0.835287105026216,0.));
#4170=DIRECTION('center_axis',(0.,0.,1.));
#4171=DIRECTION('ref_axis',(-0.986361303402722,0.164594590280734,0.));
#4172=DIRECTION('',(-0.791240855685709,-0.611504626551384,0.));
#4173=DIRECTION('center_axis',(0.,0.,1.));
#4174=DIRECTION('ref_axis',(1.,0.,0.));
#4175=DIRECTION('',(0.679799008257643,-0.733398464936985,0.));
#4176=DIRECTION('center_axis',(0.,0.,1.));
#4177=DIRECTION('ref_axis',(-1.,1.22464679914735E-16,0.));
#4178=DIRECTION('',(-0.679799008257643,-0.733398464936984,0.));
#4179=DIRECTION('center_axis',(0.,0.,1.));
#4180=DIRECTION('ref_axis',(1.,0.,0.));
#4181=DIRECTION('',(0.791240855685709,-0.611504626551384,0.));
#4182=DIRECTION('center_axis',(0.,0.,1.));
#4183=DIRECTION('ref_axis',(-0.986361303402722,-0.164594590280734,0.));
#4184=DIRECTION('',(-0.549814015988065,-0.835287105026216,0.));
#4185=DIRECTION('center_axis',(0.,0.,1.));
#4186=DIRECTION('ref_axis',(1.,0.,0.));
#4187=DIRECTION('',(0.881099715181639,-0.472930536027052,0.));
#4188=DIRECTION('center_axis',(0.,0.,1.));
#4189=DIRECTION('ref_axis',(-0.945817241700635,-0.324699469204683,0.));
#4190=DIRECTION('',(-0.404831530620502,-0.914391290321305,0.));
#4191=DIRECTION('center_axis',(0.,0.,1.));
#4192=DIRECTION('ref_axis',(1.,0.,0.));
#4193=DIRECTION('',(0.946924471302949,-0.321456133317797,0.));
#4194=DIRECTION('center_axis',(0.,0.,1.));
#4195=DIRECTION('ref_axis',(-0.879473751206489,-0.475947393037074,0.));
#4196=DIRECTION('',(-0.248806296414651,-0.968553264856624,0.));
#4197=DIRECTION('center_axis',(0.,0.,1.));
#4198=DIRECTION('ref_axis',(1.,0.,0.));
#4199=DIRECTION('',(0.986919596294983,-0.161213245265232,0.));
#4200=DIRECTION('center_axis',(0.,0.,1.));
#4201=DIRECTION('ref_axis',(-0.789140509396394,-0.614212712689668,0.));
#4202=DIRECTION('',(-0.0859942750322161,-0.996295631156578,0.));
#4203=DIRECTION('center_axis',(0.,0.,1.));
#4204=DIRECTION('ref_axis',(1.,0.,0.));
#4205=DIRECTION('',(0.999994127407466,0.00342711986660216,0.));
#4206=DIRECTION('center_axis',(0.,0.,1.));
#4207=DIRECTION('ref_axis',(-0.677281571625741,-0.735723910673131,0.));
#4208=DIRECTION('',(0.0791634460027528,-0.996861649787456,0.));
#4209=DIRECTION('center_axis',(0.,0.,1.));
#4210=DIRECTION('ref_axis',(1.,0.,0.));
#4211=DIRECTION('',(0.98579142551441,0.167974002102311,0.));
#4212=DIRECTION('center_axis',(0.,0.,1.));
#4213=DIRECTION('ref_axis',(-0.546948158122427,-0.837166478262529,0.));
#4214=DIRECTION('',(0.24216179459447,-0.97023588123651,0.));
#4215=DIRECTION('center_axis',(0.,0.,1.));
#4216=DIRECTION('ref_axis',(1.,0.,0.));
#4217=DIRECTION('',(0.944698903299776,0.327938991436212,0.));
#4218=DIRECTION('center_axis',(0.,0.,1.));
#4219=DIRECTION('ref_axis',(-0.40169542465297,-0.915773326655057,0.));
#4220=DIRECTION('',(0.398554600698333,-0.917144607061608,0.));
#4221=DIRECTION('center_axis',(0.,0.,1.));
#4222=DIRECTION('ref_axis',(1.,0.,0.));
#4223=DIRECTION('',(0.877837457649369,0.478958659956882,0.));
#4224=DIRECTION('center_axis',(0.,0.,1.));
#4225=DIRECTION('ref_axis',(-0.245485487140799,-0.96940026593933,0.));
#4226=DIRECTION('',(0.54407587624945,-0.839036018823622,0.));
#4227=DIRECTION('center_axis',(0.,0.,1.));
#4228=DIRECTION('ref_axis',(1.,0.,0.));
#4229=DIRECTION('',(0.787030894505752,0.61691358478597,0.));
#4230=DIRECTION('center_axis',(0.,0.,1.));
#4231=DIRECTION('ref_axis',(-0.0825793454723327,-0.99658449300667,0.));
#4232=DIRECTION('',(0.674756180196438,-0.73804071519579,0.));
#4233=DIRECTION('center_axis',(0.,0.,1.));
#4234=DIRECTION('ref_axis',(1.,0.,0.));
#4235=DIRECTION('',(0.674756180196438,0.738040715195789,0.));
#4236=DIRECTION('center_axis',(0.,0.,1.));
#4237=DIRECTION('ref_axis',(0.0825793454723324,-0.99658449300667,0.));
#4238=DIRECTION('',(0.787030894505751,-0.61691358478597,0.));
#4239=DIRECTION('center_axis',(0.,0.,1.));
#4240=DIRECTION('ref_axis',(1.,0.,0.));
#4241=DIRECTION('',(0.54407587624945,0.839036018823622,0.));
#4242=DIRECTION('center_axis',(0.,0.,1.));
#4243=DIRECTION('ref_axis',(0.245485487140799,-0.969400265939331,0.));
#4244=DIRECTION('',(0.877837457649369,-0.478958659956882,0.));
#4245=DIRECTION('center_axis',(0.,0.,1.));
#4246=DIRECTION('ref_axis',(1.,0.,0.));
#4247=DIRECTION('',(0.398554600698333,0.917144607061608,0.));
#4248=DIRECTION('center_axis',(0.,0.,1.));
#4249=DIRECTION('ref_axis',(0.40169542465297,-0.915773326655057,0.));
#4250=DIRECTION('',(0.944698903299776,-0.327938991436212,0.));
#4251=DIRECTION('center_axis',(0.,0.,1.));
#4252=DIRECTION('ref_axis',(1.,0.,0.));
#4253=DIRECTION('',(0.24216179459447,0.970235881236509,0.));
#4254=DIRECTION('center_axis',(0.,0.,1.));
#4255=DIRECTION('ref_axis',(0.546948158122427,-0.837166478262529,0.));
#4256=DIRECTION('',(0.98579142551441,-0.167974002102312,0.));
#4257=DIRECTION('center_axis',(0.,0.,1.));
#4258=DIRECTION('ref_axis',(1.,0.,0.));
#4259=DIRECTION('',(0.079163446002754,0.996861649787456,0.));
#4260=DIRECTION('center_axis',(0.,0.,1.));
#4261=DIRECTION('ref_axis',(0.677281571625741,-0.735723910673132,0.));
#4262=DIRECTION('',(0.999994127407466,-0.00342711986660343,0.));
#4263=DIRECTION('center_axis',(0.,0.,1.));
#4264=DIRECTION('ref_axis',(1.,0.,0.));
#4265=DIRECTION('',(-0.0859942750322156,0.996295631156578,0.));
#4266=DIRECTION('center_axis',(0.,0.,1.));
#4267=DIRECTION('ref_axis',(0.789140509396393,-0.614212712689668,0.));
#4268=DIRECTION('',(0.986919596294983,0.161213245265232,0.));
#4269=DIRECTION('center_axis',(0.,0.,1.));
#4270=DIRECTION('ref_axis',(1.,0.,0.));
#4271=DIRECTION('',(-0.24880629641465,0.968553264856624,0.));
#4272=DIRECTION('center_axis',(0.,0.,1.));
#4273=DIRECTION('ref_axis',(0.879473751206489,-0.475947393037074,0.));
#4274=DIRECTION('',(0.94692447130295,0.321456133317797,0.));
#4275=DIRECTION('center_axis',(0.,0.,1.));
#4276=DIRECTION('ref_axis',(1.,0.,0.));
#4277=DIRECTION('',(-0.404831530620502,0.914391290321305,0.));
#4278=DIRECTION('center_axis',(0.,0.,1.));
#4279=DIRECTION('ref_axis',(0.945817241700635,-0.324699469204684,0.));
#4280=DIRECTION('',(0.881099715181639,0.472930536027051,0.));
#4281=DIRECTION('center_axis',(0.,0.,1.));
#4282=DIRECTION('ref_axis',(1.,0.,0.));
#4283=DIRECTION('center_axis',(1.,0.,0.));
#4284=DIRECTION('ref_axis',(0.,0.,-1.));
#4285=DIRECTION('',(0.,1.,0.));
#4286=DIRECTION('center_axis',(-1.,0.,0.));
#4287=DIRECTION('ref_axis',(0.,0.,1.));
#4288=DIRECTION('',(0.,0.,-1.));
#4289=DIRECTION('',(0.,1.,0.));
#4290=DIRECTION('center_axis',(0.,0.,1.));
#4291=DIRECTION('ref_axis',(1.,0.,0.));
#4292=DIRECTION('center_axis',(0.,0.,1.));
#4293=DIRECTION('ref_axis',(-0.0825793454723323,0.99658449300667,0.));
#4294=DIRECTION('',(-0.674756180196438,-0.738040715195789,0.));
#4295=DIRECTION('center_axis',(0.,0.,1.));
#4296=DIRECTION('ref_axis',(1.,0.,0.));
#4297=DIRECTION('',(-0.674756180196438,0.738040715195789,0.));
#4298=DIRECTION('center_axis',(0.738040715195789,0.674756180196438,0.));
#4299=DIRECTION('ref_axis',(0.,0.,-1.));
#4300=DIRECTION('',(0.,0.,1.));
#4301=DIRECTION('center_axis',(0.,0.,1.));
#4302=DIRECTION('ref_axis',(1.,0.,0.));
#4303=DIRECTION('',(0.,0.,-1.));
#4304=DIRECTION('center_axis',(-0.738040715195789,0.674756180196438,0.));
#4305=DIRECTION('ref_axis',(0.,0.,-1.));
#4306=DIRECTION('',(0.,0.,1.));
#4307=DIRECTION('center_axis',(0.,0.,-1.));
#4308=DIRECTION('ref_axis',(-1.,0.,0.));
#4309=DIRECTION('center_axis',(0.,0.,-1.));
#4310=DIRECTION('ref_axis',(-1.,0.,0.));
#4311=DIRECTION('',(0.,0.,-1.));
#4312=DIRECTION('center_axis',(0.,0.,1.));
#4313=DIRECTION('ref_axis',(-1.,0.,0.));
#4314=DIRECTION('center_axis',(-1.,0.,0.));
#4315=DIRECTION('ref_axis',(0.,-1.,0.));
#4316=DIRECTION('',(0.,1.,0.));
#4317=DIRECTION('',(0.,0.,1.));
#4318=DIRECTION('',(0.,-1.,0.));
#4319=DIRECTION('',(0.,0.,1.));
#4320=DIRECTION('center_axis',(0.,-1.,0.));
#4321=DIRECTION('ref_axis',(1.,0.,0.));
#4322=DIRECTION('',(-1.,0.,0.));
#4323=DIRECTION('',(1.,0.,0.));
#4324=DIRECTION('',(0.,0.,1.));
#4325=DIRECTION('center_axis',(1.,0.,0.));
#4326=DIRECTION('ref_axis',(0.,1.,0.));
#4327=DIRECTION('',(0.,-1.,0.));
#4328=DIRECTION('',(0.,1.,0.));
#4329=DIRECTION('',(0.,0.,1.));
#4330=DIRECTION('center_axis',(0.,1.,0.));
#4331=DIRECTION('ref_axis',(-1.,0.,0.));
#4332=DIRECTION('',(1.,0.,0.));
#4333=DIRECTION('',(-1.,0.,0.));
#4334=DIRECTION('center_axis',(0.,-1.,0.));
#4335=DIRECTION('ref_axis',(1.,0.,0.));
#4336=DIRECTION('',(-1.,0.,0.));
#4337=DIRECTION('',(0.,0.,1.));
#4338=DIRECTION('',(1.,0.,0.));
#4339=DIRECTION('',(0.,0.,1.));
#4340=DIRECTION('center_axis',(-1.,0.,0.));
#4341=DIRECTION('ref_axis',(0.,-1.,0.));
#4342=DIRECTION('',(0.,1.,0.));
#4343=DIRECTION('',(0.,-1.,0.));
#4344=DIRECTION('',(0.,0.,1.));
#4345=DIRECTION('center_axis',(0.,1.,0.));
#4346=DIRECTION('ref_axis',(-1.,0.,0.));
#4347=DIRECTION('',(1.,0.,0.));
#4348=DIRECTION('',(-1.,0.,0.));
#4349=DIRECTION('',(0.,0.,1.));
#4350=DIRECTION('center_axis',(1.,0.,0.));
#4351=DIRECTION('ref_axis',(0.,1.,0.));
#4352=DIRECTION('',(0.,-1.,0.));
#4353=DIRECTION('',(0.,1.,0.));
#4354=DIRECTION('center_axis',(0.,0.,1.));
#4355=DIRECTION('ref_axis',(1.,0.,0.));
#4356=DIRECTION('center_axis',(0.,0.,1.));
#4357=DIRECTION('ref_axis',(1.,0.,0.));
#4358=DIRECTION('center_axis',(0.835287105026216,0.549814015988064,0.));
#4359=DIRECTION('ref_axis',(0.,0.,-1.));
#4360=DIRECTION('',(-0.549814015988064,0.835287105026216,0.));
#4361=DIRECTION('',(0.,0.,1.));
#4362=DIRECTION('',(0.,0.,-1.));
#4363=DIRECTION('center_axis',(0.,0.,1.));
#4364=DIRECTION('ref_axis',(0.986361303402722,-0.164594590280735,0.));
#4365=DIRECTION('center_axis',(0.,0.,1.));
#4366=DIRECTION('ref_axis',(0.986361303402722,-0.164594590280735,0.));
#4367=DIRECTION('',(0.,0.,1.));
#4368=DIRECTION('center_axis',(0.611504626551383,-0.791240855685709,0.));
#4369=DIRECTION('ref_axis',(0.,0.,-1.));
#4370=DIRECTION('',(0.791240855685709,0.611504626551383,0.));
#4371=DIRECTION('',(0.,0.,1.));
#4372=DIRECTION('center_axis',(0.,0.,1.));
#4373=DIRECTION('ref_axis',(1.,0.,0.));
#4374=DIRECTION('center_axis',(0.,0.,-1.));
#4375=DIRECTION('ref_axis',(1.,0.,0.));
#4376=DIRECTION('',(0.,0.,1.));
#4377=DIRECTION('center_axis',(0.914391290321305,0.404831530620502,0.));
#4378=DIRECTION('ref_axis',(0.,0.,-1.));
#4379=DIRECTION('',(-0.404831530620502,0.914391290321305,0.));
#4380=DIRECTION('',(0.,0.,1.));
#4381=DIRECTION('',(0.,0.,-1.));
#4382=DIRECTION('center_axis',(0.,0.,1.));
#4383=DIRECTION('ref_axis',(0.945817241700635,-0.324699469204684,0.));
#4384=DIRECTION('center_axis',(0.,0.,1.));
#4385=DIRECTION('ref_axis',(0.945817241700635,-0.324699469204684,0.));
#4386=DIRECTION('',(0.,0.,1.));
#4387=DIRECTION('center_axis',(0.472930536027051,-0.881099715181639,0.));
#4388=DIRECTION('ref_axis',(0.,0.,-1.));
#4389=DIRECTION('',(0.881099715181639,0.472930536027051,0.));
#4390=DIRECTION('',(0.,0.,1.));
#4391=DIRECTION('center_axis',(0.,0.,1.));
#4392=DIRECTION('ref_axis',(1.,0.,0.));
#4393=DIRECTION('center_axis',(0.,0.,-1.));
#4394=DIRECTION('ref_axis',(1.,0.,0.));
#4395=DIRECTION('center_axis',(0.,0.,-1.));
#4396=DIRECTION('ref_axis',(1.,0.,0.));
#4397=DIRECTION('',(0.94692447130295,0.321456133317797,0.));
#4398=DIRECTION('center_axis',(0.,0.,1.));
#4399=DIRECTION('ref_axis',(0.879473751206489,-0.475947393037074,0.));
#4400=DIRECTION('',(-0.24880629641465,0.968553264856624,0.));
#4401=DIRECTION('center_axis',(0.,0.,-1.));
#4402=DIRECTION('ref_axis',(1.,0.,0.));
#4403=DIRECTION('',(0.986919596294983,0.161213245265232,0.));
#4404=DIRECTION('center_axis',(0.,0.,1.));
#4405=DIRECTION('ref_axis',(0.789140509396393,-0.614212712689668,0.));
#4406=DIRECTION('',(-0.0859942750322156,0.996295631156578,0.));
#4407=DIRECTION('center_axis',(0.,0.,-1.));
#4408=DIRECTION('ref_axis',(1.,0.,0.));
#4409=DIRECTION('',(0.999994127407466,-0.00342711986660343,0.));
#4410=DIRECTION('center_axis',(0.,0.,1.));
#4411=DIRECTION('ref_axis',(0.677281571625741,-0.735723910673132,0.));
#4412=DIRECTION('',(0.079163446002754,0.996861649787456,0.));
#4413=DIRECTION('center_axis',(0.,0.,-1.));
#4414=DIRECTION('ref_axis',(1.,0.,0.));
#4415=DIRECTION('',(0.98579142551441,-0.167974002102312,0.));
#4416=DIRECTION('center_axis',(0.,0.,1.));
#4417=DIRECTION('ref_axis',(0.546948158122427,-0.837166478262529,0.));
#4418=DIRECTION('',(0.24216179459447,0.970235881236509,0.));
#4419=DIRECTION('center_axis',(0.,0.,-1.));
#4420=DIRECTION('ref_axis',(1.,0.,0.));
#4421=DIRECTION('',(0.944698903299776,-0.327938991436212,0.));
#4422=DIRECTION('center_axis',(0.,0.,1.));
#4423=DIRECTION('ref_axis',(0.40169542465297,-0.915773326655057,0.));
#4424=DIRECTION('',(0.398554600698333,0.917144607061608,0.));
#4425=DIRECTION('center_axis',(0.,0.,-1.));
#4426=DIRECTION('ref_axis',(1.,0.,0.));
#4427=DIRECTION('',(0.877837457649369,-0.478958659956882,0.));
#4428=DIRECTION('center_axis',(0.,0.,1.));
#4429=DIRECTION('ref_axis',(0.245485487140799,-0.969400265939331,0.));
#4430=DIRECTION('',(0.54407587624945,0.839036018823622,0.));
#4431=DIRECTION('center_axis',(0.,0.,-1.));
#4432=DIRECTION('ref_axis',(1.,0.,0.));
#4433=DIRECTION('',(0.787030894505751,-0.61691358478597,0.));
#4434=DIRECTION('center_axis',(0.,0.,1.));
#4435=DIRECTION('ref_axis',(0.0825793454723324,-0.99658449300667,0.));
#4436=DIRECTION('',(0.674756180196438,0.738040715195789,0.));
#4437=DIRECTION('center_axis',(0.,0.,-1.));
#4438=DIRECTION('ref_axis',(1.,0.,0.));
#4439=DIRECTION('',(0.674756180196438,-0.73804071519579,0.));
#4440=DIRECTION('center_axis',(0.,0.,1.));
#4441=DIRECTION('ref_axis',(-0.0825793454723327,-0.99658449300667,0.));
#4442=DIRECTION('',(0.787030894505752,0.61691358478597,0.));
#4443=DIRECTION('center_axis',(0.,0.,-1.));
#4444=DIRECTION('ref_axis',(1.,0.,0.));
#4445=DIRECTION('',(0.54407587624945,-0.839036018823622,0.));
#4446=DIRECTION('center_axis',(0.,0.,1.));
#4447=DIRECTION('ref_axis',(-0.245485487140799,-0.96940026593933,0.));
#4448=DIRECTION('',(0.877837457649369,0.478958659956882,0.));
#4449=DIRECTION('center_axis',(0.,0.,-1.));
#4450=DIRECTION('ref_axis',(1.,0.,0.));
#4451=DIRECTION('',(0.398554600698333,-0.917144607061608,0.));
#4452=DIRECTION('center_axis',(0.,0.,1.));
#4453=DIRECTION('ref_axis',(-0.40169542465297,-0.915773326655057,0.));
#4454=DIRECTION('',(0.944698903299776,0.327938991436212,0.));
#4455=DIRECTION('center_axis',(0.,0.,-1.));
#4456=DIRECTION('ref_axis',(1.,0.,0.));
#4457=DIRECTION('',(0.24216179459447,-0.97023588123651,0.));
#4458=DIRECTION('center_axis',(0.,0.,1.));
#4459=DIRECTION('ref_axis',(-0.546948158122427,-0.837166478262529,0.));
#4460=DIRECTION('',(0.98579142551441,0.167974002102311,0.));
#4461=DIRECTION('center_axis',(0.,0.,-1.));
#4462=DIRECTION('ref_axis',(1.,0.,0.));
#4463=DIRECTION('',(0.0791634460027528,-0.996861649787456,0.));
#4464=DIRECTION('center_axis',(0.,0.,1.));
#4465=DIRECTION('ref_axis',(-0.677281571625741,-0.735723910673131,0.));
#4466=DIRECTION('',(0.999994127407466,0.00342711986660216,0.));
#4467=DIRECTION('center_axis',(0.,0.,-1.));
#4468=DIRECTION('ref_axis',(1.,0.,0.));
#4469=DIRECTION('',(-0.0859942750322161,-0.996295631156578,0.));
#4470=DIRECTION('center_axis',(0.,0.,1.));
#4471=DIRECTION('ref_axis',(-0.789140509396394,-0.614212712689668,0.));
#4472=DIRECTION('',(0.986919596294983,-0.161213245265232,0.));
#4473=DIRECTION('center_axis',(0.,0.,-1.));
#4474=DIRECTION('ref_axis',(1.,0.,0.));
#4475=DIRECTION('',(-0.248806296414651,-0.968553264856624,0.));
#4476=DIRECTION('center_axis',(0.,0.,1.));
#4477=DIRECTION('ref_axis',(-0.879473751206489,-0.475947393037074,0.));
#4478=DIRECTION('',(0.946924471302949,-0.321456133317797,0.));
#4479=DIRECTION('center_axis',(0.,0.,-1.));
#4480=DIRECTION('ref_axis',(1.,0.,0.));
#4481=DIRECTION('',(-0.404831530620502,-0.914391290321305,0.));
#4482=DIRECTION('center_axis',(0.,0.,1.));
#4483=DIRECTION('ref_axis',(-0.945817241700635,-0.324699469204683,0.));
#4484=DIRECTION('',(0.881099715181639,-0.472930536027052,0.));
#4485=DIRECTION('center_axis',(0.,0.,-1.));
#4486=DIRECTION('ref_axis',(1.,0.,0.));
#4487=DIRECTION('',(-0.549814015988065,-0.835287105026216,0.));
#4488=DIRECTION('center_axis',(0.,0.,1.));
#4489=DIRECTION('ref_axis',(-0.986361303402722,-0.164594590280734,0.));
#4490=DIRECTION('',(0.791240855685709,-0.611504626551384,0.));
#4491=DIRECTION('center_axis',(0.,0.,-1.));
#4492=DIRECTION('ref_axis',(1.,0.,0.));
#4493=DIRECTION('',(-0.679799008257643,-0.733398464936984,0.));
#4494=DIRECTION('center_axis',(0.,0.,1.));
#4495=DIRECTION('ref_axis',(-1.,1.22464679914735E-16,0.));
#4496=DIRECTION('',(0.679799008257643,-0.733398464936985,0.));
#4497=DIRECTION('center_axis',(0.,0.,-1.));
#4498=DIRECTION('ref_axis',(1.,0.,0.));
#4499=DIRECTION('',(-0.791240855685709,-0.611504626551384,0.));
#4500=DIRECTION('center_axis',(0.,0.,1.));
#4501=DIRECTION('ref_axis',(-0.986361303402722,0.164594590280734,0.));
#4502=DIRECTION('',(0.549814015988064,-0.835287105026216,0.));
#4503=DIRECTION('center_axis',(0.,0.,-1.));
#4504=DIRECTION('ref_axis',(1.,0.,0.));
#4505=DIRECTION('',(-0.881099715181639,-0.472930536027051,0.));
#4506=DIRECTION('center_axis',(0.,0.,1.));
#4507=DIRECTION('ref_axis',(-0.945817241700635,0.324699469204684,0.));
#4508=DIRECTION('',(0.404831530620502,-0.914391290321305,0.));
#4509=DIRECTION('center_axis',(0.,0.,-1.));
#4510=DIRECTION('ref_axis',(1.,0.,0.));
#4511=DIRECTION('',(-0.94692447130295,-0.321456133317797,0.));
#4512=DIRECTION('center_axis',(0.,0.,1.));
#4513=DIRECTION('ref_axis',(-0.879473751206489,0.475947393037074,0.));
#4514=DIRECTION('',(0.248806296414651,-0.968553264856624,0.));
#4515=DIRECTION('center_axis',(0.,0.,-1.));
#4516=DIRECTION('ref_axis',(1.,0.,0.));
#4517=DIRECTION('',(-0.986919596294983,-0.161213245265232,0.));
#4518=DIRECTION('center_axis',(0.,0.,1.));
#4519=DIRECTION('ref_axis',(-0.789140509396394,0.614212712689668,0.));
#4520=DIRECTION('',(0.0859942750322158,-0.996295631156578,0.));
#4521=DIRECTION('center_axis',(0.,0.,-1.));
#4522=DIRECTION('ref_axis',(1.,0.,0.));
#4523=DIRECTION('',(-0.999994127407466,0.00342711986660288,0.));
#4524=DIRECTION('center_axis',(0.,0.,1.));
#4525=DIRECTION('ref_axis',(-0.677281571625741,0.735723910673132,0.));
#4526=DIRECTION('',(-0.0791634460027535,-0.996861649787456,0.));
#4527=DIRECTION('center_axis',(0.,0.,-1.));
#4528=DIRECTION('ref_axis',(1.,0.,0.));
#4529=DIRECTION('',(-0.98579142551441,0.167974002102312,0.));
#4530=DIRECTION('center_axis',(0.,0.,1.));
#4531=DIRECTION('ref_axis',(-0.546948158122427,0.837166478262529,0.));
#4532=DIRECTION('',(-0.24216179459447,-0.970235881236509,0.));
#4533=DIRECTION('center_axis',(0.,0.,-1.));
#4534=DIRECTION('ref_axis',(1.,0.,0.));
#4535=DIRECTION('',(-0.944698903299776,0.327938991436213,0.));
#4536=DIRECTION('center_axis',(0.,0.,1.));
#4537=DIRECTION('ref_axis',(-0.401695424652969,0.915773326655058,0.));
#4538=DIRECTION('',(-0.398554600698334,-0.917144607061608,0.));
#4539=DIRECTION('center_axis',(0.,0.,-1.));
#4540=DIRECTION('ref_axis',(1.,0.,0.));
#4541=DIRECTION('',(-0.877837457649369,0.478958659956882,0.));
#4542=DIRECTION('center_axis',(0.,0.,1.));
#4543=DIRECTION('ref_axis',(-0.245485487140799,0.96940026593933,0.));
#4544=DIRECTION('',(-0.54407587624945,-0.839036018823622,0.));
#4545=DIRECTION('center_axis',(0.,0.,-1.));
#4546=DIRECTION('ref_axis',(1.,0.,0.));
#4547=DIRECTION('',(-0.787030894505751,0.616913584785971,0.));
#4548=DIRECTION('center_axis',(0.,0.,1.));
#4549=DIRECTION('ref_axis',(-0.0825793454723323,0.99658449300667,0.));
#4550=DIRECTION('',(-0.674756180196438,-0.738040715195789,0.));
#4551=DIRECTION('center_axis',(0.,0.,-1.));
#4552=DIRECTION('ref_axis',(1.,0.,0.));
#4553=DIRECTION('',(-0.787030894505751,-0.61691358478597,0.));
#4554=DIRECTION('center_axis',(0.,0.,-1.));
#4555=DIRECTION('ref_axis',(1.,0.,0.));
#4556=DIRECTION('',(-0.54407587624945,0.839036018823622,0.));
#4557=DIRECTION('center_axis',(0.,0.,1.));
#4558=DIRECTION('ref_axis',(0.245485487140799,0.96940026593933,0.));
#4559=DIRECTION('',(-0.877837457649369,-0.478958659956882,0.));
#4560=DIRECTION('center_axis',(0.,0.,-1.));
#4561=DIRECTION('ref_axis',(1.,0.,0.));
#4562=DIRECTION('',(-0.398554600698333,0.917144607061608,0.));
#4563=DIRECTION('center_axis',(0.,0.,1.));
#4564=DIRECTION('ref_axis',(0.40169542465297,0.915773326655057,0.));
#4565=DIRECTION('',(-0.944698903299776,-0.327938991436212,0.));
#4566=DIRECTION('center_axis',(0.,0.,-1.));
#4567=DIRECTION('ref_axis',(1.,0.,0.));
#4568=DIRECTION('',(-0.24216179459447,0.97023588123651,0.));
#4569=DIRECTION('center_axis',(0.,0.,1.));
#4570=DIRECTION('ref_axis',(0.546948158122427,0.837166478262529,0.));
#4571=DIRECTION('',(-0.98579142551441,-0.167974002102311,0.));
#4572=DIRECTION('center_axis',(0.,0.,-1.));
#4573=DIRECTION('ref_axis',(1.,0.,0.));
#4574=DIRECTION('',(-0.0791634460027533,0.996861649787456,0.));
#4575=DIRECTION('center_axis',(0.,0.,1.));
#4576=DIRECTION('ref_axis',(0.677281571625741,0.735723910673132,0.));
#4577=DIRECTION('',(-0.999994127407466,-0.00342711986660271,0.));
#4578=DIRECTION('center_axis',(0.,0.,-1.));
#4579=DIRECTION('ref_axis',(1.,0.,0.));
#4580=DIRECTION('',(0.085994275032216,0.996295631156578,0.));
#4581=DIRECTION('center_axis',(0.,0.,1.));
#4582=DIRECTION('ref_axis',(0.789140509396394,0.614212712689668,0.));
#4583=DIRECTION('',(-0.986919596294983,0.161213245265232,0.));
#4584=DIRECTION('center_axis',(0.,0.,-1.));
#4585=DIRECTION('ref_axis',(1.,0.,0.));
#4586=DIRECTION('',(0.248806296414651,0.968553264856624,0.));
#4587=DIRECTION('center_axis',(0.,0.,1.));
#4588=DIRECTION('ref_axis',(0.879473751206489,0.475947393037074,0.));
#4589=DIRECTION('',(-0.946924471302949,0.321456133317797,0.));
#4590=DIRECTION('center_axis',(0.,0.,-1.));
#4591=DIRECTION('ref_axis',(1.,0.,0.));
#4592=DIRECTION('',(0.404831530620502,0.914391290321305,0.));
#4593=DIRECTION('center_axis',(0.,0.,1.));
#4594=DIRECTION('ref_axis',(0.945817241700635,0.324699469204683,0.));
#4595=DIRECTION('',(-0.881099715181639,0.472930536027051,0.));
#4596=DIRECTION('center_axis',(0.,0.,-1.));
#4597=DIRECTION('ref_axis',(1.,0.,0.));
#4598=DIRECTION('',(0.549814015988065,0.835287105026216,0.));
#4599=DIRECTION('center_axis',(0.,0.,1.));
#4600=DIRECTION('ref_axis',(0.986361303402722,0.164594590280734,0.));
#4601=DIRECTION('',(-0.791240855685709,0.611504626551384,0.));
#4602=DIRECTION('center_axis',(0.,0.,-1.));
#4603=DIRECTION('ref_axis',(1.,0.,0.));
#4604=DIRECTION('',(0.679799008257643,0.733398464936984,0.));
#4605=DIRECTION('center_axis',(0.,0.,-1.));
#4606=DIRECTION('ref_axis',(1.,0.,0.));
#4607=DIRECTION('',(-0.679799008257643,0.733398464936984,0.));
#4608=DIRECTION('center_axis',(0.,0.,-1.));
#4609=DIRECTION('ref_axis',(1.,0.,0.));
#4610=DIRECTION('center_axis',(0.,0.,1.));
#4611=DIRECTION('ref_axis',(1.,0.,0.));
#4612=DIRECTION('',(0.,0.,1.));
#4613=DIRECTION('center_axis',(0.968553264856624,0.24880629641465,0.));
#4614=DIRECTION('ref_axis',(0.,0.,-1.));
#4615=DIRECTION('',(0.,0.,1.));
#4616=DIRECTION('',(0.,0.,-1.));
#4617=DIRECTION('center_axis',(0.,0.,1.));
#4618=DIRECTION('ref_axis',(0.879473751206489,-0.475947393037074,0.));
#4619=DIRECTION('',(0.,0.,1.));
#4620=DIRECTION('center_axis',(0.321456133317797,-0.94692447130295,0.));
#4621=DIRECTION('ref_axis',(0.,0.,-1.));
#4622=DIRECTION('center_axis',(0.,0.,1.));
#4623=DIRECTION('ref_axis',(1.,0.,0.));
#4624=DIRECTION('center_axis',(0.996295631156578,0.0859942750322156,0.));
#4625=DIRECTION('ref_axis',(0.,0.,-1.));
#4626=DIRECTION('',(0.,0.,1.));
#4627=DIRECTION('',(0.,0.,-1.));
#4628=DIRECTION('center_axis',(0.,0.,1.));
#4629=DIRECTION('ref_axis',(0.789140509396393,-0.614212712689668,0.));
#4630=DIRECTION('',(0.,0.,1.));
#4631=DIRECTION('center_axis',(0.161213245265232,-0.986919596294983,0.));
#4632=DIRECTION('ref_axis',(0.,0.,-1.));
#4633=DIRECTION('',(0.,0.,1.));
#4634=DIRECTION('center_axis',(0.,0.,1.));
#4635=DIRECTION('ref_axis',(1.,0.,0.));
#4636=DIRECTION('',(0.,0.,1.));
#4637=DIRECTION('center_axis',(0.996861649787456,-0.079163446002754,0.));
#4638=DIRECTION('ref_axis',(0.,0.,-1.));
#4639=DIRECTION('',(0.,0.,1.));
#4640=DIRECTION('',(0.,0.,-1.));
#4641=DIRECTION('center_axis',(0.,0.,1.));
#4642=DIRECTION('ref_axis',(0.677281571625741,-0.735723910673132,0.));
#4643=DIRECTION('',(0.,0.,1.));
#4644=DIRECTION('center_axis',(-0.00342711986660343,-0.999994127407466,
0.));
#4645=DIRECTION('ref_axis',(0.,0.,-1.));
#4646=DIRECTION('center_axis',(0.,0.,1.));
#4647=DIRECTION('ref_axis',(1.,0.,0.));
#4648=DIRECTION('center_axis',(0.970235881236509,-0.24216179459447,0.));
#4649=DIRECTION('ref_axis',(0.,0.,-1.));
#4650=DIRECTION('',(0.,0.,1.));
#4651=DIRECTION('',(0.,0.,-1.));
#4652=DIRECTION('center_axis',(0.,0.,1.));
#4653=DIRECTION('ref_axis',(0.546948158122427,-0.837166478262529,0.));
#4654=DIRECTION('',(0.,0.,1.));
#4655=DIRECTION('center_axis',(-0.167974002102312,-0.98579142551441,0.));
#4656=DIRECTION('ref_axis',(0.,0.,-1.));
#4657=DIRECTION('',(0.,0.,1.));
#4658=DIRECTION('center_axis',(0.,0.,1.));
#4659=DIRECTION('ref_axis',(1.,0.,0.));
#4660=DIRECTION('',(0.,0.,1.));
#4661=DIRECTION('center_axis',(0.917144607061608,-0.398554600698333,0.));
#4662=DIRECTION('ref_axis',(0.,0.,-1.));
#4663=DIRECTION('',(0.,0.,1.));
#4664=DIRECTION('',(0.,0.,-1.));
#4665=DIRECTION('center_axis',(0.,0.,1.));
#4666=DIRECTION('ref_axis',(0.40169542465297,-0.915773326655057,0.));
#4667=DIRECTION('',(0.,0.,1.));
#4668=DIRECTION('center_axis',(-0.327938991436212,-0.944698903299776,0.));
#4669=DIRECTION('ref_axis',(0.,0.,-1.));
#4670=DIRECTION('center_axis',(0.,0.,1.));
#4671=DIRECTION('ref_axis',(1.,0.,0.));
#4672=DIRECTION('center_axis',(0.839036018823622,-0.54407587624945,0.));
#4673=DIRECTION('ref_axis',(0.,0.,-1.));
#4674=DIRECTION('',(0.,0.,1.));
#4675=DIRECTION('',(0.,0.,-1.));
#4676=DIRECTION('center_axis',(0.,0.,1.));
#4677=DIRECTION('ref_axis',(0.245485487140799,-0.969400265939331,0.));
#4678=DIRECTION('',(0.,0.,1.));
#4679=DIRECTION('center_axis',(-0.478958659956882,-0.877837457649369,0.));
#4680=DIRECTION('ref_axis',(0.,0.,-1.));
#4681=DIRECTION('',(0.,0.,1.));
#4682=DIRECTION('center_axis',(0.,0.,1.));
#4683=DIRECTION('ref_axis',(1.,0.,0.));
#4684=DIRECTION('',(0.,0.,1.));
#4685=DIRECTION('center_axis',(0.738040715195789,-0.674756180196438,0.));
#4686=DIRECTION('ref_axis',(0.,0.,-1.));
#4687=DIRECTION('',(0.,0.,1.));
#4688=DIRECTION('',(0.,0.,-1.));
#4689=DIRECTION('center_axis',(0.,0.,1.));
#4690=DIRECTION('ref_axis',(0.0825793454723324,-0.99658449300667,0.));
#4691=DIRECTION('',(0.,0.,1.));
#4692=DIRECTION('center_axis',(-0.61691358478597,-0.787030894505751,0.));
#4693=DIRECTION('ref_axis',(0.,0.,-1.));
#4694=DIRECTION('center_axis',(0.,0.,1.));
#4695=DIRECTION('ref_axis',(1.,0.,0.));
#4696=DIRECTION('center_axis',(0.61691358478597,-0.787030894505752,0.));
#4697=DIRECTION('ref_axis',(0.,0.,-1.));
#4698=DIRECTION('',(0.,0.,1.));
#4699=DIRECTION('',(0.,0.,-1.));
#4700=DIRECTION('center_axis',(0.,0.,1.));
#4701=DIRECTION('ref_axis',(-0.0825793454723327,-0.99658449300667,0.));
#4702=DIRECTION('',(0.,0.,1.));
#4703=DIRECTION('center_axis',(-0.73804071519579,-0.674756180196438,0.));
#4704=DIRECTION('ref_axis',(0.,0.,-1.));
#4705=DIRECTION('',(0.,0.,1.));
#4706=DIRECTION('center_axis',(0.,0.,1.));
#4707=DIRECTION('ref_axis',(1.,0.,0.));
#4708=DIRECTION('',(0.,0.,1.));
#4709=DIRECTION('center_axis',(0.478958659956882,-0.877837457649369,0.));
#4710=DIRECTION('ref_axis',(0.,0.,-1.));
#4711=DIRECTION('',(0.,0.,1.));
#4712=DIRECTION('',(0.,0.,-1.));
#4713=DIRECTION('center_axis',(0.,0.,1.));
#4714=DIRECTION('ref_axis',(-0.245485487140799,-0.96940026593933,0.));
#4715=DIRECTION('',(0.,0.,1.));
#4716=DIRECTION('center_axis',(-0.839036018823622,-0.54407587624945,0.));
#4717=DIRECTION('ref_axis',(0.,0.,-1.));
#4718=DIRECTION('center_axis',(0.,0.,1.));
#4719=DIRECTION('ref_axis',(1.,0.,0.));
#4720=DIRECTION('center_axis',(0.327938991436212,-0.944698903299776,0.));
#4721=DIRECTION('ref_axis',(0.,0.,-1.));
#4722=DIRECTION('',(0.,0.,1.));
#4723=DIRECTION('',(0.,0.,-1.));
#4724=DIRECTION('center_axis',(0.,0.,1.));
#4725=DIRECTION('ref_axis',(-0.40169542465297,-0.915773326655057,0.));
#4726=DIRECTION('',(0.,0.,1.));
#4727=DIRECTION('center_axis',(-0.917144607061608,-0.398554600698333,0.));
#4728=DIRECTION('ref_axis',(0.,0.,-1.));
#4729=DIRECTION('',(0.,0.,1.));
#4730=DIRECTION('center_axis',(0.,0.,1.));
#4731=DIRECTION('ref_axis',(1.,0.,0.));
#4732=DIRECTION('',(0.,0.,1.));
#4733=DIRECTION('center_axis',(0.167974002102311,-0.98579142551441,0.));
#4734=DIRECTION('ref_axis',(0.,0.,-1.));
#4735=DIRECTION('',(0.,0.,1.));
#4736=DIRECTION('',(0.,0.,-1.));
#4737=DIRECTION('center_axis',(0.,0.,1.));
#4738=DIRECTION('ref_axis',(-0.546948158122427,-0.837166478262529,0.));
#4739=DIRECTION('',(0.,0.,1.));
#4740=DIRECTION('center_axis',(-0.970235881236509,-0.24216179459447,0.));
#4741=DIRECTION('ref_axis',(0.,0.,-1.));
#4742=DIRECTION('center_axis',(0.,0.,1.));
#4743=DIRECTION('ref_axis',(1.,0.,0.));
#4744=DIRECTION('center_axis',(0.00342711986660216,-0.999994127407466,0.));
#4745=DIRECTION('ref_axis',(0.,0.,-1.));
#4746=DIRECTION('',(0.,0.,1.));
#4747=DIRECTION('',(0.,0.,-1.));
#4748=DIRECTION('center_axis',(0.,0.,1.));
#4749=DIRECTION('ref_axis',(-0.677281571625741,-0.735723910673131,0.));
#4750=DIRECTION('',(0.,0.,1.));
#4751=DIRECTION('center_axis',(-0.996861649787456,-0.0791634460027528,0.));
#4752=DIRECTION('ref_axis',(0.,0.,-1.));
#4753=DIRECTION('',(0.,0.,1.));
#4754=DIRECTION('center_axis',(0.,0.,1.));
#4755=DIRECTION('ref_axis',(1.,0.,0.));
#4756=DIRECTION('',(0.,0.,1.));
#4757=DIRECTION('center_axis',(-0.161213245265232,-0.986919596294983,0.));
#4758=DIRECTION('ref_axis',(0.,0.,-1.));
#4759=DIRECTION('',(0.,0.,1.));
#4760=DIRECTION('',(0.,0.,-1.));
#4761=DIRECTION('center_axis',(0.,0.,1.));
#4762=DIRECTION('ref_axis',(-0.789140509396394,-0.614212712689668,0.));
#4763=DIRECTION('',(0.,0.,1.));
#4764=DIRECTION('center_axis',(-0.996295631156578,0.0859942750322161,0.));
#4765=DIRECTION('ref_axis',(0.,0.,-1.));
#4766=DIRECTION('center_axis',(0.,0.,1.));
#4767=DIRECTION('ref_axis',(1.,0.,0.));
#4768=DIRECTION('center_axis',(-0.321456133317797,-0.94692447130295,0.));
#4769=DIRECTION('ref_axis',(0.,0.,-1.));
#4770=DIRECTION('',(0.,0.,1.));
#4771=DIRECTION('',(0.,0.,-1.));
#4772=DIRECTION('center_axis',(0.,0.,1.));
#4773=DIRECTION('ref_axis',(-0.879473751206489,-0.475947393037074,0.));
#4774=DIRECTION('',(0.,0.,1.));
#4775=DIRECTION('center_axis',(-0.968553264856624,0.248806296414651,0.));
#4776=DIRECTION('ref_axis',(0.,0.,-1.));
#4777=DIRECTION('',(0.,0.,1.));
#4778=DIRECTION('center_axis',(0.,0.,1.));
#4779=DIRECTION('ref_axis',(1.,0.,0.));
#4780=DIRECTION('',(0.,0.,1.));
#4781=DIRECTION('center_axis',(-0.472930536027052,-0.881099715181639,0.));
#4782=DIRECTION('ref_axis',(0.,0.,-1.));
#4783=DIRECTION('',(0.,0.,1.));
#4784=DIRECTION('',(0.,0.,-1.));
#4785=DIRECTION('center_axis',(0.,0.,1.));
#4786=DIRECTION('ref_axis',(-0.945817241700635,-0.324699469204683,0.));
#4787=DIRECTION('',(0.,0.,1.));
#4788=DIRECTION('center_axis',(-0.914391290321305,0.404831530620502,0.));
#4789=DIRECTION('ref_axis',(0.,0.,-1.));
#4790=DIRECTION('center_axis',(0.,0.,1.));
#4791=DIRECTION('ref_axis',(1.,0.,0.));
#4792=DIRECTION('center_axis',(-0.611504626551384,-0.791240855685709,0.));
#4793=DIRECTION('ref_axis',(0.,0.,-1.));
#4794=DIRECTION('',(0.,0.,1.));
#4795=DIRECTION('',(0.,0.,-1.));
#4796=DIRECTION('center_axis',(0.,0.,1.));
#4797=DIRECTION('ref_axis',(-0.986361303402722,-0.164594590280734,0.));
#4798=DIRECTION('',(0.,0.,1.));
#4799=DIRECTION('center_axis',(-0.835287105026216,0.549814015988065,0.));
#4800=DIRECTION('ref_axis',(0.,0.,-1.));
#4801=DIRECTION('',(0.,0.,1.));
#4802=DIRECTION('center_axis',(0.,0.,1.));
#4803=DIRECTION('ref_axis',(1.,0.,0.));
#4804=DIRECTION('',(0.,0.,1.));
#4805=DIRECTION('center_axis',(-0.733398464936985,-0.679799008257643,0.));
#4806=DIRECTION('ref_axis',(0.,0.,-1.));
#4807=DIRECTION('',(0.,0.,1.));
#4808=DIRECTION('',(0.,0.,-1.));
#4809=DIRECTION('center_axis',(0.,0.,1.));
#4810=DIRECTION('ref_axis',(-1.,1.22464679914735E-16,0.));
#4811=DIRECTION('',(0.,0.,1.));
#4812=DIRECTION('center_axis',(-0.733398464936984,0.679799008257643,0.));
#4813=DIRECTION('ref_axis',(0.,0.,-1.));
#4814=DIRECTION('center_axis',(0.,0.,1.));
#4815=DIRECTION('ref_axis',(1.,0.,0.));
#4816=DIRECTION('center_axis',(-0.835287105026216,-0.549814015988064,0.));
#4817=DIRECTION('ref_axis',(0.,0.,-1.));
#4818=DIRECTION('',(0.,0.,1.));
#4819=DIRECTION('',(0.,0.,-1.));
#4820=DIRECTION('center_axis',(0.,0.,1.));
#4821=DIRECTION('ref_axis',(-0.986361303402722,0.164594590280734,0.));
#4822=DIRECTION('',(0.,0.,1.));
#4823=DIRECTION('center_axis',(-0.611504626551384,0.791240855685709,0.));
#4824=DIRECTION('ref_axis',(0.,0.,-1.));
#4825=DIRECTION('',(0.,0.,1.));
#4826=DIRECTION('center_axis',(0.,0.,1.));
#4827=DIRECTION('ref_axis',(1.,0.,0.));
#4828=DIRECTION('',(0.,0.,1.));
#4829=DIRECTION('center_axis',(-0.914391290321305,-0.404831530620502,0.));
#4830=DIRECTION('ref_axis',(0.,0.,-1.));
#4831=DIRECTION('',(0.,0.,1.));
#4832=DIRECTION('',(0.,0.,-1.));
#4833=DIRECTION('center_axis',(0.,0.,1.));
#4834=DIRECTION('ref_axis',(-0.945817241700635,0.324699469204684,0.));
#4835=DIRECTION('',(0.,0.,1.));
#4836=DIRECTION('center_axis',(-0.472930536027051,0.881099715181639,0.));
#4837=DIRECTION('ref_axis',(0.,0.,-1.));
#4838=DIRECTION('center_axis',(0.,0.,1.));
#4839=DIRECTION('ref_axis',(1.,0.,0.));
#4840=DIRECTION('center_axis',(-0.968553264856624,-0.248806296414651,0.));
#4841=DIRECTION('ref_axis',(0.,0.,-1.));
#4842=DIRECTION('',(0.,0.,1.));
#4843=DIRECTION('',(0.,0.,-1.));
#4844=DIRECTION('center_axis',(0.,0.,1.));
#4845=DIRECTION('ref_axis',(-0.879473751206489,0.475947393037074,0.));
#4846=DIRECTION('',(0.,0.,1.));
#4847=DIRECTION('center_axis',(-0.321456133317797,0.94692447130295,0.));
#4848=DIRECTION('ref_axis',(0.,0.,-1.));
#4849=DIRECTION('',(0.,0.,1.));
#4850=DIRECTION('center_axis',(0.,0.,1.));
#4851=DIRECTION('ref_axis',(1.,0.,0.));
#4852=DIRECTION('',(0.,0.,1.));
#4853=DIRECTION('center_axis',(-0.996295631156578,-0.0859942750322158,0.));
#4854=DIRECTION('ref_axis',(0.,0.,-1.));
#4855=DIRECTION('',(0.,0.,1.));
#4856=DIRECTION('',(0.,0.,-1.));
#4857=DIRECTION('center_axis',(0.,0.,1.));
#4858=DIRECTION('ref_axis',(-0.789140509396394,0.614212712689668,0.));
#4859=DIRECTION('',(0.,0.,1.));
#4860=DIRECTION('center_axis',(-0.161213245265232,0.986919596294983,0.));
#4861=DIRECTION('ref_axis',(0.,0.,-1.));
#4862=DIRECTION('center_axis',(0.,0.,1.));
#4863=DIRECTION('ref_axis',(1.,0.,0.));
#4864=DIRECTION('center_axis',(-0.996861649787456,0.0791634460027535,0.));
#4865=DIRECTION('ref_axis',(0.,0.,-1.));
#4866=DIRECTION('',(0.,0.,1.));
#4867=DIRECTION('',(0.,0.,-1.));
#4868=DIRECTION('center_axis',(0.,0.,1.));
#4869=DIRECTION('ref_axis',(-0.677281571625741,0.735723910673132,0.));
#4870=DIRECTION('',(0.,0.,1.));
#4871=DIRECTION('center_axis',(0.00342711986660288,0.999994127407466,0.));
#4872=DIRECTION('ref_axis',(0.,0.,-1.));
#4873=DIRECTION('',(0.,0.,1.));
#4874=DIRECTION('center_axis',(0.,0.,1.));
#4875=DIRECTION('ref_axis',(1.,0.,0.));
#4876=DIRECTION('',(0.,0.,1.));
#4877=DIRECTION('center_axis',(-0.970235881236509,0.24216179459447,0.));
#4878=DIRECTION('ref_axis',(0.,0.,-1.));
#4879=DIRECTION('',(0.,0.,1.));
#4880=DIRECTION('',(0.,0.,-1.));
#4881=DIRECTION('center_axis',(0.,0.,1.));
#4882=DIRECTION('ref_axis',(-0.546948158122427,0.837166478262529,0.));
#4883=DIRECTION('',(0.,0.,1.));
#4884=DIRECTION('center_axis',(0.167974002102312,0.98579142551441,0.));
#4885=DIRECTION('ref_axis',(0.,0.,-1.));
#4886=DIRECTION('center_axis',(0.,0.,1.));
#4887=DIRECTION('ref_axis',(1.,0.,0.));
#4888=DIRECTION('center_axis',(-0.917144607061608,0.398554600698334,0.));
#4889=DIRECTION('ref_axis',(0.,0.,-1.));
#4890=DIRECTION('',(0.,0.,1.));
#4891=DIRECTION('',(0.,0.,-1.));
#4892=DIRECTION('center_axis',(0.,0.,1.));
#4893=DIRECTION('ref_axis',(-0.401695424652969,0.915773326655058,0.));
#4894=DIRECTION('',(0.,0.,1.));
#4895=DIRECTION('center_axis',(0.327938991436213,0.944698903299776,0.));
#4896=DIRECTION('ref_axis',(0.,0.,-1.));
#4897=DIRECTION('',(0.,0.,1.));
#4898=DIRECTION('center_axis',(0.,0.,1.));
#4899=DIRECTION('ref_axis',(1.,0.,0.));
#4900=DIRECTION('',(0.,0.,1.));
#4901=DIRECTION('center_axis',(-0.839036018823622,0.54407587624945,0.));
#4902=DIRECTION('ref_axis',(0.,0.,-1.));
#4903=DIRECTION('',(0.,0.,1.));
#4904=DIRECTION('',(0.,0.,-1.));
#4905=DIRECTION('center_axis',(0.,0.,1.));
#4906=DIRECTION('ref_axis',(-0.245485487140799,0.96940026593933,0.));
#4907=DIRECTION('',(0.,0.,1.));
#4908=DIRECTION('center_axis',(0.478958659956882,0.877837457649369,0.));
#4909=DIRECTION('ref_axis',(0.,0.,-1.));
#4910=DIRECTION('center_axis',(0.,0.,1.));
#4911=DIRECTION('ref_axis',(1.,0.,0.));
#4912=DIRECTION('center_axis',(-0.738040715195789,0.674756180196438,0.));
#4913=DIRECTION('ref_axis',(0.,0.,-1.));
#4914=DIRECTION('',(0.,0.,-1.));
#4915=DIRECTION('',(0.,0.,1.));
#4916=DIRECTION('center_axis',(0.,0.,1.));
#4917=DIRECTION('ref_axis',(-0.0825793454723323,0.99658449300667,0.));
#4918=DIRECTION('',(0.,0.,1.));
#4919=DIRECTION('center_axis',(0.616913584785971,0.787030894505751,0.));
#4920=DIRECTION('ref_axis',(0.,0.,-1.));
#4921=DIRECTION('',(0.,0.,1.));
#4922=DIRECTION('center_axis',(0.,0.,1.));
#4923=DIRECTION('ref_axis',(1.,0.,0.));
#4924=DIRECTION('center_axis',(-0.61691358478597,0.787030894505751,0.));
#4925=DIRECTION('ref_axis',(0.,0.,-1.));
#4926=DIRECTION('',(0.,0.,-1.));
#4927=DIRECTION('center_axis',(0.,0.,1.));
#4928=DIRECTION('ref_axis',(1.,0.,0.));
#4929=DIRECTION('center_axis',(-0.478958659956882,0.877837457649369,0.));
#4930=DIRECTION('ref_axis',(0.,0.,-1.));
#4931=DIRECTION('',(0.,0.,1.));
#4932=DIRECTION('',(0.,0.,-1.));
#4933=DIRECTION('center_axis',(0.,0.,1.));
#4934=DIRECTION('ref_axis',(0.245485487140799,0.96940026593933,0.));
#4935=DIRECTION('',(0.,0.,1.));
#4936=DIRECTION('center_axis',(0.839036018823622,0.54407587624945,0.));
#4937=DIRECTION('ref_axis',(0.,0.,-1.));
#4938=DIRECTION('',(0.,0.,1.));
#4939=DIRECTION('center_axis',(0.,0.,1.));
#4940=DIRECTION('ref_axis',(1.,0.,0.));
#4941=DIRECTION('',(0.,0.,1.));
#4942=DIRECTION('center_axis',(-0.327938991436212,0.944698903299776,0.));
#4943=DIRECTION('ref_axis',(0.,0.,-1.));
#4944=DIRECTION('',(0.,0.,1.));
#4945=DIRECTION('',(0.,0.,-1.));
#4946=DIRECTION('center_axis',(0.,0.,1.));
#4947=DIRECTION('ref_axis',(0.40169542465297,0.915773326655057,0.));
#4948=DIRECTION('',(0.,0.,1.));
#4949=DIRECTION('center_axis',(0.917144607061608,0.398554600698333,0.));
#4950=DIRECTION('ref_axis',(0.,0.,-1.));
#4951=DIRECTION('center_axis',(0.,0.,1.));
#4952=DIRECTION('ref_axis',(1.,0.,0.));
#4953=DIRECTION('center_axis',(-0.167974002102311,0.98579142551441,0.));
#4954=DIRECTION('ref_axis',(0.,0.,-1.));
#4955=DIRECTION('',(0.,0.,1.));
#4956=DIRECTION('',(0.,0.,-1.));
#4957=DIRECTION('center_axis',(0.,0.,1.));
#4958=DIRECTION('ref_axis',(0.546948158122427,0.837166478262529,0.));
#4959=DIRECTION('',(0.,0.,1.));
#4960=DIRECTION('center_axis',(0.970235881236509,0.24216179459447,0.));
#4961=DIRECTION('ref_axis',(0.,0.,-1.));
#4962=DIRECTION('',(0.,0.,1.));
#4963=DIRECTION('center_axis',(0.,0.,1.));
#4964=DIRECTION('ref_axis',(1.,0.,0.));
#4965=DIRECTION('',(0.,0.,1.));
#4966=DIRECTION('center_axis',(-0.00342711986660271,0.999994127407466,0.));
#4967=DIRECTION('ref_axis',(0.,0.,-1.));
#4968=DIRECTION('',(0.,0.,1.));
#4969=DIRECTION('',(0.,0.,-1.));
#4970=DIRECTION('center_axis',(0.,0.,1.));
#4971=DIRECTION('ref_axis',(0.677281571625741,0.735723910673132,0.));
#4972=DIRECTION('',(0.,0.,1.));
#4973=DIRECTION('center_axis',(0.996861649787456,0.0791634460027533,0.));
#4974=DIRECTION('ref_axis',(0.,0.,-1.));
#4975=DIRECTION('center_axis',(0.,0.,1.));
#4976=DIRECTION('ref_axis',(1.,0.,0.));
#4977=DIRECTION('center_axis',(0.161213245265232,0.986919596294983,0.));
#4978=DIRECTION('ref_axis',(0.,0.,-1.));
#4979=DIRECTION('',(0.,0.,1.));
#4980=DIRECTION('',(0.,0.,-1.));
#4981=DIRECTION('center_axis',(0.,0.,1.));
#4982=DIRECTION('ref_axis',(0.789140509396394,0.614212712689668,0.));
#4983=DIRECTION('',(0.,0.,1.));
#4984=DIRECTION('center_axis',(0.996295631156578,-0.085994275032216,0.));
#4985=DIRECTION('ref_axis',(0.,0.,-1.));
#4986=DIRECTION('',(0.,0.,1.));
#4987=DIRECTION('center_axis',(0.,0.,1.));
#4988=DIRECTION('ref_axis',(1.,0.,0.));
#4989=DIRECTION('',(0.,0.,1.));
#4990=DIRECTION('center_axis',(0.321456133317797,0.94692447130295,0.));
#4991=DIRECTION('ref_axis',(0.,0.,-1.));
#4992=DIRECTION('',(0.,0.,1.));
#4993=DIRECTION('',(0.,0.,-1.));
#4994=DIRECTION('center_axis',(0.,0.,1.));
#4995=DIRECTION('ref_axis',(0.879473751206489,0.475947393037074,0.));
#4996=DIRECTION('',(0.,0.,1.));
#4997=DIRECTION('center_axis',(0.968553264856624,-0.248806296414651,0.));
#4998=DIRECTION('ref_axis',(0.,0.,-1.));
#4999=DIRECTION('center_axis',(0.,0.,1.));
#5000=DIRECTION('ref_axis',(1.,0.,0.));
#5001=DIRECTION('center_axis',(0.472930536027051,0.881099715181639,0.));
#5002=DIRECTION('ref_axis',(0.,0.,-1.));
#5003=DIRECTION('',(0.,0.,1.));
#5004=DIRECTION('',(0.,0.,-1.));
#5005=DIRECTION('center_axis',(0.,0.,1.));
#5006=DIRECTION('ref_axis',(0.945817241700635,0.324699469204683,0.));
#5007=DIRECTION('',(0.,0.,1.));
#5008=DIRECTION('center_axis',(0.914391290321305,-0.404831530620502,0.));
#5009=DIRECTION('ref_axis',(0.,0.,-1.));
#5010=DIRECTION('',(0.,0.,1.));
#5011=DIRECTION('center_axis',(0.,0.,1.));
#5012=DIRECTION('ref_axis',(1.,0.,0.));
#5013=DIRECTION('',(0.,0.,1.));
#5014=DIRECTION('center_axis',(0.611504626551384,0.791240855685709,0.));
#5015=DIRECTION('ref_axis',(0.,0.,-1.));
#5016=DIRECTION('',(0.,0.,1.));
#5017=DIRECTION('',(0.,0.,-1.));
#5018=DIRECTION('center_axis',(0.,0.,1.));
#5019=DIRECTION('ref_axis',(0.986361303402722,0.164594590280734,0.));
#5020=DIRECTION('',(0.,0.,1.));
#5021=DIRECTION('center_axis',(0.835287105026216,-0.549814015988065,0.));
#5022=DIRECTION('ref_axis',(0.,0.,-1.));
#5023=DIRECTION('center_axis',(0.,0.,1.));
#5024=DIRECTION('ref_axis',(1.,0.,0.));
#5025=DIRECTION('center_axis',(0.733398464936984,0.679799008257643,0.));
#5026=DIRECTION('ref_axis',(0.,0.,-1.));
#5027=DIRECTION('',(0.,0.,1.));
#5028=DIRECTION('center_axis',(0.,0.,1.));
#5029=DIRECTION('ref_axis',(1.,0.,0.));
#5030=DIRECTION('',(0.,0.,-1.));
#5031=DIRECTION('center_axis',(0.733398464936984,-0.679799008257643,0.));
#5032=DIRECTION('ref_axis',(0.,0.,-1.));
#5033=DIRECTION('',(0.,0.,-1.));
#5034=DIRECTION('center_axis',(0.,0.,1.));
#5035=DIRECTION('ref_axis',(1.,0.,0.));
#5036=DIRECTION('center_axis',(0.,0.,-1.));
#5037=DIRECTION('ref_axis',(1.,0.,0.));
#5038=DIRECTION('',(0.707106781186548,-8.65956056235493E-17,0.707106781186547));
#5039=DIRECTION('center_axis',(0.,0.,1.));
#5040=DIRECTION('ref_axis',(1.,0.,0.));
#5041=DIRECTION('center_axis',(0.,0.,-1.));
#5042=DIRECTION('ref_axis',(1.,0.,0.));
#5043=DIRECTION('',(0.,0.,1.));
#5044=DIRECTION('center_axis',(0.,0.,-1.));
#5045=DIRECTION('ref_axis',(1.,0.,0.));
#5046=DIRECTION('center_axis',(0.,0.,1.));
#5047=DIRECTION('ref_axis',(1.,0.,0.));
#5048=DIRECTION('center_axis',(0.,0.,1.));
#5049=DIRECTION('ref_axis',(1.,0.,0.));
#5050=DIRECTION('',(0.707106781186548,8.65956056235494E-17,-0.707106781186547));
#5051=DIRECTION('center_axis',(0.,0.,-1.));
#5052=DIRECTION('ref_axis',(1.,0.,0.));
#5053=DIRECTION('center_axis',(0.,0.,1.));
#5054=DIRECTION('ref_axis',(1.,0.,0.));
#5055=DIRECTION('center_axis',(0.,0.,1.));
#5056=DIRECTION('ref_axis',(1.,0.,0.));
#5057=DIRECTION('center_axis',(0.,0.,1.));
#5058=DIRECTION('ref_axis',(1.,0.,0.));
#5059=DIRECTION('',(0.,0.,-1.));
#5060=DIRECTION('center_axis',(0.,0.,1.));
#5061=DIRECTION('ref_axis',(1.,0.,0.));
#5062=DIRECTION('center_axis',(0.,0.,1.));
#5063=DIRECTION('ref_axis',(1.,0.,0.));
#5064=DIRECTION('center_axis',(0.,0.,-1.));
#5065=DIRECTION('ref_axis',(-1.,0.,0.));
#5066=DIRECTION('center_axis',(0.,0.,-1.));
#5067=DIRECTION('ref_axis',(-1.,0.,0.));
#5068=DIRECTION('',(0.,0.,1.));
#5069=DIRECTION('center_axis',(0.,0.,1.));
#5070=DIRECTION('ref_axis',(-1.,0.,0.));
#5071=DIRECTION('center_axis',(0.,0.,1.));
#5072=DIRECTION('ref_axis',(-1.,0.,0.));
#5073=DIRECTION('center_axis',(0.,0.,1.));
#5074=DIRECTION('ref_axis',(-1.,0.,0.));
#5075=CARTESIAN_POINT('',(0.,0.,0.));
#5076=CARTESIAN_POINT('Origin',(5.5,13.2,11.6));
#5077=CARTESIAN_POINT('',(6.,57.085549835313,11.6));
#5078=CARTESIAN_POINT('',(-6.,57.085549835313,11.6));
#5079=CARTESIAN_POINT('Origin',(0.,0.,11.6));
#5080=CARTESIAN_POINT('',(6.,59.4982352679472,11.6));
#5081=CARTESIAN_POINT('',(6.,13.2,11.6));
#5082=CARTESIAN_POINT('',(3.27524432096798,59.7102401153937,11.6));
#5083=CARTESIAN_POINT('Origin',(0.,0.,11.6));
#5084=CARTESIAN_POINT('',(2.50929592771409,60.5480258468198,11.6));
#5085=CARTESIAN_POINT('',(15.171210732559,46.6985659491789,11.6));
#5086=CARTESIAN_POINT('',(-2.50929592771408,60.5480258468198,11.6));
#5087=CARTESIAN_POINT('Origin',(0.,0.,11.6));
#5088=CARTESIAN_POINT('',(-3.27524432096797,59.7102401153937,11.6));
#5089=CARTESIAN_POINT('',(-12.6670832676359,49.4375523851612,11.6));
#5090=CARTESIAN_POINT('',(-6.,59.4982352679472,11.6));
#5091=CARTESIAN_POINT('Origin',(0.,0.,11.6));
#5092=CARTESIAN_POINT('',(-6.,13.2,11.6));
#5093=CARTESIAN_POINT('Origin',(2.89227012434103,60.1291329811067,0.));
#5094=CARTESIAN_POINT('',(3.27524432096798,59.7102401153937,-5.));
#5095=CARTESIAN_POINT('',(3.27524432096798,59.7102401153937,0.));
#5096=CARTESIAN_POINT('',(2.50929592771408,60.5480258468198,-5.));
#5097=CARTESIAN_POINT('',(17.2059307232762,44.4730121250778,-5.));
#5098=CARTESIAN_POINT('',(2.50929592771409,60.5480258468198,0.));
#5099=CARTESIAN_POINT('Origin',(0.,0.,0.));
#5100=CARTESIAN_POINT('',(6.,59.4982352679472,19.1));
#5101=CARTESIAN_POINT('',(6.,59.4982352679472,0.));
#5102=CARTESIAN_POINT('',(3.27524432096798,59.7102401153937,19.1));
#5103=CARTESIAN_POINT('Origin',(0.,0.,19.1));
#5104=CARTESIAN_POINT('',(3.27524432096798,59.7102401153937,40.8));
#5105=CARTESIAN_POINT('',(3.27524432096798,59.7102401153937,39.6));
#5106=CARTESIAN_POINT('',(6.59740824996513,59.4349577637882,40.8));
#5107=CARTESIAN_POINT('Origin',(0.,0.,40.8));
#5108=CARTESIAN_POINT('',(6.59740824996513,59.4349577637882,-5.));
#5109=CARTESIAN_POINT('',(6.59740824996513,59.4349577637882,39.6));
#5110=CARTESIAN_POINT('Origin',(0.,0.,-5.));
#5111=CARTESIAN_POINT('Origin',(0.,0.,6.));
#5112=CARTESIAN_POINT('',(57.4,7.02947262710581E-15,38.6));
#5113=CARTESIAN_POINT('',(-57.4,-7.02947262710581E-15,38.6));
#5114=CARTESIAN_POINT('Origin',(0.,0.,38.6));
#5115=CARTESIAN_POINT('',(-57.4,-7.02947262710581E-15,7.6));
#5116=CARTESIAN_POINT('',(-57.4,-7.02947262710581E-15,6.));
#5117=CARTESIAN_POINT('Origin',(0.,0.,7.6));
#5118=CARTESIAN_POINT('Origin',(0.,0.,38.6));
#5119=CARTESIAN_POINT('',(6.,57.085549835313,19.1));
#5120=CARTESIAN_POINT('',(6.,57.085549835313,6.));
#5121=CARTESIAN_POINT('',(-6.,57.085549835313,19.1));
#5122=CARTESIAN_POINT('',(-6.,57.085549835313,6.));
#5123=CARTESIAN_POINT('Origin',(0.,0.,19.1));
#5124=CARTESIAN_POINT('Origin',(-0.574000000000003,-7.02947262710584E-17,
38.6));
#5125=CARTESIAN_POINT('Origin',(-0.574000000000003,-7.02947262710584E-17,
38.6));
#5126=CARTESIAN_POINT('Origin',(-0.574000000000003,-7.02947262710584E-17,
39.812));
#5127=CARTESIAN_POINT('',(57.4,7.02947262710581E-15,39.812));
#5128=CARTESIAN_POINT('Origin',(-0.574000000000003,-7.02947262710584E-17,
39.812));
#5129=CARTESIAN_POINT('',(-57.4,-7.02947262710581E-15,39.812));
#5130=CARTESIAN_POINT('Origin',(0.,0.,39.812));
#5131=CARTESIAN_POINT('Origin',(0.,0.,39.812));
#5132=CARTESIAN_POINT('Origin',(-0.574000000000003,-7.02947262710584E-17,
39.812));
#5133=CARTESIAN_POINT('',(57.4,-7.17006207964792E-15,39.812));
#5134=CARTESIAN_POINT('Origin',(0.,0.,6.));
#5135=CARTESIAN_POINT('',(-57.4,-7.02947262710581E-15,40.8));
#5136=CARTESIAN_POINT('Origin',(0.,0.,40.8));
#5137=CARTESIAN_POINT('',(-57.4,-7.02947262710581E-15,6.));
#5138=CARTESIAN_POINT('Origin',(0.,0.,40.8));
#5139=CARTESIAN_POINT('',(59.3112680912039,-12.4311494807738,40.8));
#5140=CARTESIAN_POINT('',(58.6871475948019,-11.4829746662589,40.8));
#5141=CARTESIAN_POINT('',(47.3359560664878,5.7619547727342,40.8));
#5142=CARTESIAN_POINT('',(59.2358318404186,-8.1948902478099,40.8));
#5143=CARTESIAN_POINT('Origin',(0.,0.,40.8));
#5144=CARTESIAN_POINT('',(60.1340076258006,-7.50074175399692,40.8));
#5145=CARTESIAN_POINT('',(42.9002597437797,-20.8197159790361,40.8));
#5146=CARTESIAN_POINT('',(60.5484396564147,-2.4992909341476,40.8));
#5147=CARTESIAN_POINT('Origin',(0.,0.,40.8));
#5148=CARTESIAN_POINT('',(59.7767669049936,-1.66677484564016,40.8));
#5149=CARTESIAN_POINT('',(45.7419687385206,13.474611514092,40.8));
#5150=CARTESIAN_POINT('',(59.7767669049936,1.66677484564016,40.8));
#5151=CARTESIAN_POINT('Origin',(0.,0.,40.8));
#5152=CARTESIAN_POINT('',(60.5484396564147,2.4992909341476,40.8));
#5153=CARTESIAN_POINT('',(45.7419687385206,-13.474611514092,40.8));
#5154=CARTESIAN_POINT('',(60.1340076258006,7.50074175399688,40.8));
#5155=CARTESIAN_POINT('Origin',(0.,0.,40.8));
#5156=CARTESIAN_POINT('',(59.2358318404186,8.19489024780986,40.8));
#5157=CARTESIAN_POINT('',(42.9002597437797,20.8197159790361,40.8));
#5158=CARTESIAN_POINT('',(58.6871475948019,11.4829746662589,40.8));
#5159=CARTESIAN_POINT('Origin',(0.,0.,40.8));
#5160=CARTESIAN_POINT('',(59.3112680912039,12.4311494807738,40.8));
#5161=CARTESIAN_POINT('',(47.3359560664878,-5.76195477273423,40.8));
#5162=CARTESIAN_POINT('',(58.0792766248132,17.2961737600668,40.8));
#5163=CARTESIAN_POINT('Origin',(0.,0.,40.8));
#5164=CARTESIAN_POINT('',(57.0790976995259,17.8330200977841,40.8));
#5165=CARTESIAN_POINT('',(38.8883434958592,27.596912865021,40.8));
#5166=CARTESIAN_POINT('',(55.9966958841998,20.9859488718629,40.8));
#5167=CARTESIAN_POINT('Origin',(0.,0.,40.8));
#5168=CARTESIAN_POINT('',(56.4562397454016,22.0239186751525,40.8));
#5169=CARTESIAN_POINT('',(47.6387419085892,2.1078730745287,40.8));
#5170=CARTESIAN_POINT('',(54.4402943588755,26.619811233722,40.8));
#5171=CARTESIAN_POINT('Origin',(0.,0.,40.8));
#5172=CARTESIAN_POINT('',(53.3653945674929,26.9847116467048,40.8));
#5173=CARTESIAN_POINT('',(33.8156546117172,33.6213379078308,40.8));
#5174=CARTESIAN_POINT('',(51.7788002823684,29.9164810985283,40.8));
#5175=CARTESIAN_POINT('Origin',(0.,0.,40.8));
#5176=CARTESIAN_POINT('',(52.061232349778,31.0159327801443,40.8));
#5177=CARTESIAN_POINT('',(46.6420670563561,9.9202036391335,40.8));
#5178=CARTESIAN_POINT('',(49.3163227780833,35.2173296495901,40.8));
#5179=CARTESIAN_POINT('Origin',(0.,0.,40.8));
#5180=CARTESIAN_POINT('',(48.1960225848597,35.4003306057965,40.8));
#5181=CARTESIAN_POINT('',(27.8205628206001,38.7286604968018,40.8));
#5182=CARTESIAN_POINT('',(46.1485139860926,38.0309697072717,40.8));
#5183=CARTESIAN_POINT('Origin',(0.,0.,40.8));
#5184=CARTESIAN_POINT('',(46.2461302491564,39.1619130913961,40.8));
#5185=CARTESIAN_POINT('',(44.3731182016199,17.4619369085036,40.8));
#5186=CARTESIAN_POINT('',(42.8471304699639,42.8542111173441,40.8));
#5187=CARTESIAN_POINT('Origin',(0.,0.,40.8));
#5188=CARTESIAN_POINT('',(41.7119887437657,42.8503208277367,40.8));
#5189=CARTESIAN_POINT('',(21.0665985985317,42.779566185503,40.8));
#5190=CARTESIAN_POINT('',(39.2594165284737,45.1080726017396,40.8));
#5191=CARTESIAN_POINT('Origin',(0.,0.,40.8));
#5192=CARTESIAN_POINT('',(39.1695542700019,46.239658501003,40.8));
#5193=CARTESIAN_POINT('',(40.8937863544297,24.5273540588819,40.8));
#5194=CARTESIAN_POINT('',(35.2091801367567,49.3221414184078,40.8));
#5195=CARTESIAN_POINT('Origin',(0.,0.,40.8));
#5196=CARTESIAN_POINT('',(34.0901605847811,49.1314659999459,40.8));
#5197=CARTESIAN_POINT('',(13.7379924832193,45.6635568266698,40.8));
#5198=CARTESIAN_POINT('',(31.2994245296188,50.9547448636013,40.8));
#5199=CARTESIAN_POINT('Origin',(0.,0.,40.8));
#5200=CARTESIAN_POINT('',(31.0245349577691,52.056106564496,40.8));
#5201=CARTESIAN_POINT('',(36.2989786176356,30.923728928574,40.8));
#5202=CARTESIAN_POINT('',(26.6108151529014,54.4446922748041,40.8));
#5203=CARTESIAN_POINT('Origin',(0.,0.,40.8));
#5204=CARTESIAN_POINT('',(25.5384417114599,54.0724328558496,40.8));
#5205=CARTESIAN_POINT('',(6.03464974523827,47.3019646736136,40.8));
#5206=CARTESIAN_POINT('',(22.4856658211061,55.4115045146903,40.8));
#5207=CARTESIAN_POINT('Origin',(0.,0.,40.8));
#5208=CARTESIAN_POINT('',(22.033247206815,56.4525997410516,40.8));
#5209=CARTESIAN_POINT('',(30.7140293685275,36.4765850852396,40.8));
#5210=CARTESIAN_POINT('',(17.2865765008927,58.0821338526641,40.8));
#5211=CARTESIAN_POINT('Origin',(0.,0.,40.8));
#5212=CARTESIAN_POINT('',(16.2901007219989,57.5384446997582,40.8));
#5213=CARTESIAN_POINT('',(-1.83330250663506,47.6500982312803,40.8));
#5214=CARTESIAN_POINT('',(13.0585567647498,58.3567827696302,40.8));
#5215=CARTESIAN_POINT('Origin',(0.,0.,40.8));
#5216=CARTESIAN_POINT('',(12.4409499084478,59.3092131576157,40.8));
#5217=CARTESIAN_POINT('',(24.2912814637449,41.0344550881405,40.8));
#5218=CARTESIAN_POINT('',(7.49080510468139,60.1352462278461,40.8));
#5219=CARTESIAN_POINT('Origin',(0.,0.,40.8));
#5220=CARTESIAN_POINT('',(-9.65124704519034,46.6984613237331,40.8));
#5221=CARTESIAN_POINT('',(2.50929592771408,60.5480258468198,40.8));
#5222=CARTESIAN_POINT('',(17.2059307232762,44.4730121250778,40.8));
#5223=CARTESIAN_POINT('',(-2.50929592771407,60.5480258468198,40.8));
#5224=CARTESIAN_POINT('Origin',(0.,0.,40.8));
#5225=CARTESIAN_POINT('',(-3.27524432096798,59.7102401153937,40.8));
#5226=CARTESIAN_POINT('',(-17.2059307232762,44.4730121250778,40.8));
#5227=CARTESIAN_POINT('',(-6.59740824996512,59.4349577637882,40.8));
#5228=CARTESIAN_POINT('Origin',(0.,0.,40.8));
#5229=CARTESIAN_POINT('',(-7.49080510468138,60.1352462278461,40.8));
#5230=CARTESIAN_POINT('',(9.65124704519034,46.6984613237331,40.8));
#5231=CARTESIAN_POINT('',(-12.4409499084478,59.3092131576157,40.8));
#5232=CARTESIAN_POINT('Origin',(0.,0.,40.8));
#5233=CARTESIAN_POINT('',(-13.0585567647498,58.3567827696302,40.8));
#5234=CARTESIAN_POINT('',(-24.2912814637449,41.0344550881405,40.8));
#5235=CARTESIAN_POINT('',(-16.2901007219989,57.5384446997582,40.8));
#5236=CARTESIAN_POINT('Origin',(0.,0.,40.8));
#5237=CARTESIAN_POINT('',(-17.2865765008927,58.0821338526641,40.8));
#5238=CARTESIAN_POINT('',(1.83330250663507,47.6500982312803,40.8));
#5239=CARTESIAN_POINT('',(-22.033247206815,56.4525997410516,40.8));
#5240=CARTESIAN_POINT('Origin',(0.,0.,40.8));
#5241=CARTESIAN_POINT('',(-22.4856658211061,55.4115045146903,40.8));
#5242=CARTESIAN_POINT('',(-30.7140293685275,36.4765850852396,40.8));
#5243=CARTESIAN_POINT('',(-25.5384417114598,54.0724328558496,40.8));
#5244=CARTESIAN_POINT('Origin',(0.,0.,40.8));
#5245=CARTESIAN_POINT('',(-26.6108151529013,54.4446922748041,40.8));
#5246=CARTESIAN_POINT('',(-6.03464974523825,47.3019646736136,40.8));
#5247=CARTESIAN_POINT('',(-31.0245349577691,52.056106564496,40.8));
#5248=CARTESIAN_POINT('Origin',(0.,0.,40.8));
#5249=CARTESIAN_POINT('',(-31.2994245296188,50.9547448636013,40.8));
#5250=CARTESIAN_POINT('',(-36.2989786176356,30.9237289285741,40.8));
#5251=CARTESIAN_POINT('',(-34.090160584781,49.1314659999459,40.8));
#5252=CARTESIAN_POINT('Origin',(0.,0.,40.8));
#5253=CARTESIAN_POINT('',(-35.2091801367567,49.3221414184078,40.8));
#5254=CARTESIAN_POINT('',(-13.7379924832193,45.6635568266698,40.8));
#5255=CARTESIAN_POINT('',(-39.1695542700019,46.239658501003,40.8));
#5256=CARTESIAN_POINT('Origin',(0.,0.,40.8));
#5257=CARTESIAN_POINT('',(-39.2594165284737,45.1080726017396,40.8));
#5258=CARTESIAN_POINT('',(-40.8937863544297,24.5273540588819,40.8));
#5259=CARTESIAN_POINT('',(-41.7119887437657,42.8503208277367,40.8));
#5260=CARTESIAN_POINT('Origin',(0.,0.,40.8));
#5261=CARTESIAN_POINT('',(-42.8471304699638,42.8542111173441,40.8));
#5262=CARTESIAN_POINT('',(-21.0665985985317,42.7795661855031,40.8));
#5263=CARTESIAN_POINT('',(-46.2461302491564,39.1619130913961,40.8));
#5264=CARTESIAN_POINT('Origin',(0.,0.,40.8));
#5265=CARTESIAN_POINT('',(-46.1485139860926,38.0309697072717,40.8));
#5266=CARTESIAN_POINT('',(-44.3731182016199,17.4619369085036,40.8));
#5267=CARTESIAN_POINT('',(-48.1960225848597,35.4003306057965,40.8));
#5268=CARTESIAN_POINT('Origin',(0.,0.,40.8));
#5269=CARTESIAN_POINT('',(-49.3163227780833,35.2173296495901,40.8));
#5270=CARTESIAN_POINT('',(-27.8205628206001,38.7286604968018,40.8));
#5271=CARTESIAN_POINT('',(-52.061232349778,31.0159327801443,40.8));
#5272=CARTESIAN_POINT('Origin',(0.,0.,40.8));
#5273=CARTESIAN_POINT('',(-51.7788002823685,29.9164810985283,40.8));
#5274=CARTESIAN_POINT('',(-46.6420670563561,9.9202036391335,40.8));
#5275=CARTESIAN_POINT('',(-53.3653945674929,26.9847116467048,40.8));
#5276=CARTESIAN_POINT('Origin',(0.,0.,40.8));
#5277=CARTESIAN_POINT('',(-54.4402943588755,26.619811233722,40.8));
#5278=CARTESIAN_POINT('',(-33.8156546117172,33.6213379078309,40.8));
#5279=CARTESIAN_POINT('',(-56.4562397454016,22.0239186751525,40.8));
#5280=CARTESIAN_POINT('Origin',(0.,0.,40.8));
#5281=CARTESIAN_POINT('',(-55.9966958841998,20.9859488718629,40.8));
#5282=CARTESIAN_POINT('',(-47.6387419085892,2.10787307452871,40.8));
#5283=CARTESIAN_POINT('',(-57.0790976995259,17.8330200977841,40.8));
#5284=CARTESIAN_POINT('Origin',(0.,0.,40.8));
#5285=CARTESIAN_POINT('',(-58.0792766248132,17.2961737600668,40.8));
#5286=CARTESIAN_POINT('',(-38.8883434958592,27.596912865021,40.8));
#5287=CARTESIAN_POINT('',(-59.3112680912039,12.4311494807738,40.8));
#5288=CARTESIAN_POINT('Origin',(0.,0.,40.8));
#5289=CARTESIAN_POINT('',(-58.6871475948019,11.4829746662589,40.8));
#5290=CARTESIAN_POINT('',(-47.3359560664878,-5.76195477273422,40.8));
#5291=CARTESIAN_POINT('',(-59.2358318404186,8.19489024780987,40.8));
#5292=CARTESIAN_POINT('Origin',(0.,0.,40.8));
#5293=CARTESIAN_POINT('',(-60.1340076258006,7.50074175399688,40.8));
#5294=CARTESIAN_POINT('',(-42.9002597437797,20.8197159790361,40.8));
#5295=CARTESIAN_POINT('',(-60.5484396564147,2.49929093414761,40.8));
#5296=CARTESIAN_POINT('Origin',(0.,0.,40.8));
#5297=CARTESIAN_POINT('',(-59.7767669049936,1.66677484564017,40.8));
#5298=CARTESIAN_POINT('',(-45.7419687385206,-13.474611514092,40.8));
#5299=CARTESIAN_POINT('',(-59.7767669049936,-1.66677484564016,40.8));
#5300=CARTESIAN_POINT('Origin',(0.,0.,40.8));
#5301=CARTESIAN_POINT('',(-60.5484396564147,-2.4992909341476,40.8));
#5302=CARTESIAN_POINT('',(-45.7419687385206,13.4746115140921,40.8));
#5303=CARTESIAN_POINT('',(-60.1340076258006,-7.50074175399687,40.8));
#5304=CARTESIAN_POINT('Origin',(0.,0.,40.8));
#5305=CARTESIAN_POINT('',(-59.2358318404186,-8.19489024780985,40.8));
#5306=CARTESIAN_POINT('',(-42.9002597437797,-20.8197159790361,40.8));
#5307=CARTESIAN_POINT('',(-58.6871475948019,-11.4829746662589,40.8));
#5308=CARTESIAN_POINT('Origin',(0.,0.,40.8));
#5309=CARTESIAN_POINT('',(-59.3112680912039,-12.4311494807737,40.8));
#5310=CARTESIAN_POINT('',(-47.3359560664878,5.76195477273424,40.8));
#5311=CARTESIAN_POINT('',(-58.0792766248133,-17.2961737600668,40.8));
#5312=CARTESIAN_POINT('Origin',(0.,0.,40.8));
#5313=CARTESIAN_POINT('',(-57.0790976995259,-17.8330200977841,40.8));
#5314=CARTESIAN_POINT('',(-38.8883434958592,-27.596912865021,40.8));
#5315=CARTESIAN_POINT('',(-55.9966958841998,-20.9859488718629,40.8));
#5316=CARTESIAN_POINT('Origin',(0.,0.,40.8));
#5317=CARTESIAN_POINT('',(-56.4562397454016,-22.0239186751525,40.8));
#5318=CARTESIAN_POINT('',(-47.6387419085892,-2.1078730745287,40.8));
#5319=CARTESIAN_POINT('',(-54.4402943588755,-26.619811233722,40.8));
#5320=CARTESIAN_POINT('Origin',(0.,0.,40.8));
#5321=CARTESIAN_POINT('',(-53.3653945674929,-26.9847116467048,40.8));
#5322=CARTESIAN_POINT('',(-33.8156546117172,-33.6213379078308,40.8));
#5323=CARTESIAN_POINT('',(-51.7788002823685,-29.9164810985283,40.8));
#5324=CARTESIAN_POINT('Origin',(0.,0.,40.8));
#5325=CARTESIAN_POINT('',(-52.061232349778,-31.0159327801443,40.8));
#5326=CARTESIAN_POINT('',(-46.6420670563561,-9.92020363913349,40.8));
#5327=CARTESIAN_POINT('',(-49.3163227780834,-35.2173296495901,40.8));
#5328=CARTESIAN_POINT('Origin',(0.,0.,40.8));
#5329=CARTESIAN_POINT('',(-48.1960225848597,-35.4003306057965,40.8));
#5330=CARTESIAN_POINT('',(-27.8205628206001,-38.7286604968018,40.8));
#5331=CARTESIAN_POINT('',(-46.1485139860926,-38.0309697072717,40.8));
#5332=CARTESIAN_POINT('Origin',(0.,0.,40.8));
#5333=CARTESIAN_POINT('',(-46.2461302491564,-39.1619130913961,40.8));
#5334=CARTESIAN_POINT('',(-44.3731182016199,-17.4619369085036,40.8));
#5335=CARTESIAN_POINT('',(-42.8471304699639,-42.8542111173441,40.8));
#5336=CARTESIAN_POINT('Origin',(0.,0.,40.8));
#5337=CARTESIAN_POINT('',(-41.7119887437657,-42.8503208277367,40.8));
#5338=CARTESIAN_POINT('',(-21.0665985985317,-42.779566185503,40.8));
#5339=CARTESIAN_POINT('',(-39.2594165284737,-45.1080726017396,40.8));
#5340=CARTESIAN_POINT('Origin',(0.,0.,40.8));
#5341=CARTESIAN_POINT('',(-39.1695542700019,-46.239658501003,40.8));
#5342=CARTESIAN_POINT('',(-40.8937863544298,-24.5273540588819,40.8));
#5343=CARTESIAN_POINT('',(-35.2091801367567,-49.3221414184078,40.8));
#5344=CARTESIAN_POINT('Origin',(0.,0.,40.8));
#5345=CARTESIAN_POINT('',(-34.0901605847811,-49.1314659999459,40.8));
#5346=CARTESIAN_POINT('',(-13.7379924832193,-45.6635568266698,40.8));
#5347=CARTESIAN_POINT('',(-31.2994245296188,-50.9547448636013,40.8));
#5348=CARTESIAN_POINT('Origin',(0.,0.,40.8));
#5349=CARTESIAN_POINT('',(-31.0245349577691,-52.056106564496,40.8));
#5350=CARTESIAN_POINT('',(-36.2989786176356,-30.923728928574,40.8));
#5351=CARTESIAN_POINT('',(-26.6108151529014,-54.4446922748041,40.8));
#5352=CARTESIAN_POINT('Origin',(0.,0.,40.8));
#5353=CARTESIAN_POINT('',(-25.5384417114599,-54.0724328558496,40.8));
#5354=CARTESIAN_POINT('',(-6.03464974523828,-47.3019646736136,40.8));
#5355=CARTESIAN_POINT('',(-22.4856658211062,-55.4115045146903,40.8));
#5356=CARTESIAN_POINT('Origin',(0.,0.,40.8));
#5357=CARTESIAN_POINT('',(-22.033247206815,-56.4525997410516,40.8));
#5358=CARTESIAN_POINT('',(-30.7140293685275,-36.4765850852396,40.8));
#5359=CARTESIAN_POINT('',(-17.2865765008927,-58.0821338526641,40.8));
#5360=CARTESIAN_POINT('Origin',(0.,0.,40.8));
#5361=CARTESIAN_POINT('',(-16.2901007219989,-57.5384446997582,40.8));
#5362=CARTESIAN_POINT('',(1.83330250663507,-47.6500982312803,40.8));
#5363=CARTESIAN_POINT('',(-13.0585567647498,-58.3567827696302,40.8));
#5364=CARTESIAN_POINT('Origin',(0.,0.,40.8));
#5365=CARTESIAN_POINT('',(-12.4409499084478,-59.3092131576157,40.8));
#5366=CARTESIAN_POINT('',(-24.2912814637449,-41.0344550881405,40.8));
#5367=CARTESIAN_POINT('',(-7.49080510468142,-60.1352462278461,40.8));
#5368=CARTESIAN_POINT('Origin',(0.,0.,40.8));
#5369=CARTESIAN_POINT('',(-6.59740824996515,-59.4349577637882,40.8));
#5370=CARTESIAN_POINT('',(9.65124704519032,-46.6984613237331,40.8));
#5371=CARTESIAN_POINT('',(-3.275244320968,-59.7102401153937,40.8));
#5372=CARTESIAN_POINT('Origin',(0.,0.,40.8));
#5373=CARTESIAN_POINT('',(-2.5092959277141,-60.5480258468198,40.8));
#5374=CARTESIAN_POINT('',(-17.2059307232762,-44.4730121250778,40.8));
#5375=CARTESIAN_POINT('',(2.50929592771408,-60.5480258468198,40.8));
#5376=CARTESIAN_POINT('Origin',(0.,0.,40.8));
#5377=CARTESIAN_POINT('',(3.27524432096798,-59.7102401153937,40.8));
#5378=CARTESIAN_POINT('',(17.2059307232762,-44.4730121250778,40.8));
#5379=CARTESIAN_POINT('',(6.59740824996512,-59.4349577637882,40.8));
#5380=CARTESIAN_POINT('Origin',(0.,0.,40.8));
#5381=CARTESIAN_POINT('',(7.49080510468139,-60.1352462278461,40.8));
#5382=CARTESIAN_POINT('',(-9.65124704519034,-46.6984613237331,40.8));
#5383=CARTESIAN_POINT('',(12.4409499084478,-59.3092131576157,40.8));
#5384=CARTESIAN_POINT('Origin',(0.,0.,40.8));
#5385=CARTESIAN_POINT('',(13.0585567647498,-58.3567827696302,40.8));
#5386=CARTESIAN_POINT('',(24.2912814637449,-41.0344550881405,40.8));
#5387=CARTESIAN_POINT('',(16.2901007219989,-57.5384446997582,40.8));
#5388=CARTESIAN_POINT('Origin',(0.,0.,40.8));
#5389=CARTESIAN_POINT('',(17.2865765008927,-58.0821338526641,40.8));
#5390=CARTESIAN_POINT('',(-1.83330250663508,-47.6500982312803,40.8));
#5391=CARTESIAN_POINT('',(22.033247206815,-56.4525997410516,40.8));
#5392=CARTESIAN_POINT('Origin',(0.,0.,40.8));
#5393=CARTESIAN_POINT('',(22.4856658211061,-55.4115045146903,40.8));
#5394=CARTESIAN_POINT('',(30.7140293685275,-36.4765850852396,40.8));
#5395=CARTESIAN_POINT('',(25.5384417114599,-54.0724328558496,40.8));
#5396=CARTESIAN_POINT('Origin',(0.,0.,40.8));
#5397=CARTESIAN_POINT('',(26.6108151529014,-54.4446922748041,40.8));
#5398=CARTESIAN_POINT('',(6.03464974523827,-47.3019646736136,40.8));
#5399=CARTESIAN_POINT('',(31.0245349577691,-52.056106564496,40.8));
#5400=CARTESIAN_POINT('Origin',(0.,0.,40.8));
#5401=CARTESIAN_POINT('',(31.2994245296188,-50.9547448636013,40.8));
#5402=CARTESIAN_POINT('',(36.2989786176356,-30.9237289285741,40.8));
#5403=CARTESIAN_POINT('',(34.090160584781,-49.1314659999459,40.8));
#5404=CARTESIAN_POINT('Origin',(0.,0.,40.8));
#5405=CARTESIAN_POINT('',(35.2091801367567,-49.3221414184078,40.8));
#5406=CARTESIAN_POINT('',(13.7379924832193,-45.6635568266698,40.8));
#5407=CARTESIAN_POINT('',(39.1695542700019,-46.239658501003,40.8));
#5408=CARTESIAN_POINT('Origin',(0.,0.,40.8));
#5409=CARTESIAN_POINT('',(39.2594165284737,-45.1080726017396,40.8));
#5410=CARTESIAN_POINT('',(40.8937863544297,-24.5273540588819,40.8));
#5411=CARTESIAN_POINT('',(41.7119887437656,-42.8503208277368,40.8));
#5412=CARTESIAN_POINT('Origin',(0.,0.,40.8));
#5413=CARTESIAN_POINT('',(42.8471304699638,-42.8542111173441,40.8));
#5414=CARTESIAN_POINT('',(21.0665985985317,-42.7795661855031,40.8));
#5415=CARTESIAN_POINT('',(46.2461302491564,-39.1619130913962,40.8));
#5416=CARTESIAN_POINT('Origin',(0.,0.,40.8));
#5417=CARTESIAN_POINT('',(46.1485139860926,-38.0309697072717,40.8));
#5418=CARTESIAN_POINT('',(44.3731182016199,-17.4619369085036,40.8));
#5419=CARTESIAN_POINT('',(48.1960225848597,-35.4003306057965,40.8));
#5420=CARTESIAN_POINT('Origin',(0.,0.,40.8));
#5421=CARTESIAN_POINT('',(49.3163227780833,-35.2173296495901,40.8));
#5422=CARTESIAN_POINT('',(27.8205628206001,-38.7286604968018,40.8));
#5423=CARTESIAN_POINT('',(52.061232349778,-31.0159327801443,40.8));
#5424=CARTESIAN_POINT('Origin',(0.,0.,40.8));
#5425=CARTESIAN_POINT('',(51.7788002823684,-29.9164810985283,40.8));
#5426=CARTESIAN_POINT('',(46.6420670563561,-9.92020363913353,40.8));
#5427=CARTESIAN_POINT('',(53.3653945674928,-26.9847116467048,40.8));
#5428=CARTESIAN_POINT('Origin',(0.,0.,40.8));
#5429=CARTESIAN_POINT('',(54.4402943588755,-26.619811233722,40.8));
#5430=CARTESIAN_POINT('',(33.8156546117172,-33.6213379078309,40.8));
#5431=CARTESIAN_POINT('',(56.4562397454016,-22.0239186751526,40.8));
#5432=CARTESIAN_POINT('Origin',(0.,0.,40.8));
#5433=CARTESIAN_POINT('',(55.9966958841998,-20.9859488718629,40.8));
#5434=CARTESIAN_POINT('',(47.6387419085892,-2.10787307452871,40.8));
#5435=CARTESIAN_POINT('',(57.0790976995259,-17.8330200977842,40.8));
#5436=CARTESIAN_POINT('Origin',(0.,0.,40.8));
#5437=CARTESIAN_POINT('',(58.0792766248132,-17.2961737600668,40.8));
#5438=CARTESIAN_POINT('',(38.8883434958592,-27.596912865021,40.8));
#5439=CARTESIAN_POINT('Origin',(0.,0.,40.8));
#5440=CARTESIAN_POINT('Origin',(6.,13.2,19.1));
#5441=CARTESIAN_POINT('',(6.,13.2,19.1));
#5442=CARTESIAN_POINT('Origin',(-6.,13.2,12.6));
#5443=CARTESIAN_POINT('',(-6.,59.4982352679472,19.1));
#5444=CARTESIAN_POINT('',(-6.,59.4982352679472,0.));
#5445=CARTESIAN_POINT('',(-6.,13.2,19.1));
#5446=CARTESIAN_POINT('Origin',(-5.5,13.2,19.1));
#5447=CARTESIAN_POINT('',(-3.27524432096797,59.7102401153937,19.1));
#5448=CARTESIAN_POINT('Origin',(0.,0.,19.1));
#5449=CARTESIAN_POINT('',(-2.50929592771408,60.5480258468198,19.1));
#5450=CARTESIAN_POINT('',(-15.171210732559,46.6985659491789,19.1));
#5451=CARTESIAN_POINT('',(2.50929592771409,60.5480258468198,19.1));
#5452=CARTESIAN_POINT('Origin',(0.,0.,19.1));
#5453=CARTESIAN_POINT('',(12.6670832676359,49.4375523851612,19.1));
#5454=CARTESIAN_POINT('Origin',(2.89227012434103,60.1291329811067,0.));
#5455=CARTESIAN_POINT('',(2.50929592771409,60.5480258468198,0.));
#5456=CARTESIAN_POINT('Origin',(0.,0.,0.));
#5457=CARTESIAN_POINT('',(-2.50929592771408,60.5480258468198,0.));
#5458=CARTESIAN_POINT('Origin',(-2.89227012434103,60.1291329811067,0.));
#5459=CARTESIAN_POINT('',(-3.27524432096798,59.7102401153937,39.6));
#5460=CARTESIAN_POINT('Origin',(-24.,0.,7.6));
#5461=CARTESIAN_POINT('',(-18.,7.34788079488412E-16,7.6));
#5462=CARTESIAN_POINT('Origin',(-24.,0.,7.6));
#5463=CARTESIAN_POINT('',(-18.,7.34788079488412E-16,6.));
#5464=CARTESIAN_POINT('',(-18.,-7.34788079488412E-16,7.6));
#5465=CARTESIAN_POINT('Origin',(-24.,0.,6.));
#5466=CARTESIAN_POINT('Origin',(12.,12.,7.6));
#5467=CARTESIAN_POINT('',(12.,-12.,7.6));
#5468=CARTESIAN_POINT('',(12.,12.,7.6));
#5469=CARTESIAN_POINT('',(12.,6.,7.6));
#5470=CARTESIAN_POINT('',(12.,-12.,12.6));
#5471=CARTESIAN_POINT('',(12.,-12.,7.6));
#5472=CARTESIAN_POINT('',(12.,12.,12.6));
#5473=CARTESIAN_POINT('',(12.,12.,12.6));
#5474=CARTESIAN_POINT('',(12.,12.,7.6));
#5475=CARTESIAN_POINT('Origin',(-12.,12.,7.6));
#5476=CARTESIAN_POINT('',(-12.,12.,7.6));
#5477=CARTESIAN_POINT('',(-6.,12.,7.6));
#5478=CARTESIAN_POINT('',(-12.,12.,12.6));
#5479=CARTESIAN_POINT('',(-12.,12.,12.6));
#5480=CARTESIAN_POINT('',(-12.,12.,7.6));
#5481=CARTESIAN_POINT('Origin',(-12.,-12.,7.6));
#5482=CARTESIAN_POINT('',(-12.,-12.,7.6));
#5483=CARTESIAN_POINT('',(-12.,-6.,7.6));
#5484=CARTESIAN_POINT('',(-12.,-12.,12.6));
#5485=CARTESIAN_POINT('',(-12.,-12.,12.6));
#5486=CARTESIAN_POINT('',(-12.,-12.,7.6));
#5487=CARTESIAN_POINT('Origin',(12.,-12.,7.6));
#5488=CARTESIAN_POINT('',(6.,-12.,7.6));
#5489=CARTESIAN_POINT('',(12.,-12.,12.6));
#5490=CARTESIAN_POINT('Origin',(-13.2,-13.2,7.6));
#5491=CARTESIAN_POINT('',(13.2,-13.2,7.6));
#5492=CARTESIAN_POINT('',(-13.2,-13.2,7.6));
#5493=CARTESIAN_POINT('',(-6.6,-13.2,7.6));
#5494=CARTESIAN_POINT('',(13.2,-13.2,12.6));
#5495=CARTESIAN_POINT('',(13.2,-13.2,7.6));
#5496=CARTESIAN_POINT('',(-13.2,-13.2,12.6));
#5497=CARTESIAN_POINT('',(13.2,-13.2,12.6));
#5498=CARTESIAN_POINT('',(-13.2,-13.2,7.6));
#5499=CARTESIAN_POINT('Origin',(-13.2,13.2,7.6));
#5500=CARTESIAN_POINT('',(-13.2,13.2,7.6));
#5501=CARTESIAN_POINT('',(-13.2,6.6,7.6));
#5502=CARTESIAN_POINT('',(-13.2,13.2,12.6));
#5503=CARTESIAN_POINT('',(-13.2,-13.2,12.6));
#5504=CARTESIAN_POINT('',(-13.2,13.2,7.6));
#5505=CARTESIAN_POINT('Origin',(13.2,13.2,7.6));
#5506=CARTESIAN_POINT('',(13.2,13.2,7.6));
#5507=CARTESIAN_POINT('',(6.6,13.2,7.6));
#5508=CARTESIAN_POINT('',(13.2,13.2,12.6));
#5509=CARTESIAN_POINT('',(-13.2,13.2,12.6));
#5510=CARTESIAN_POINT('',(13.2,13.2,7.6));
#5511=CARTESIAN_POINT('Origin',(13.2,-13.2,7.6));
#5512=CARTESIAN_POINT('',(13.2,-6.6,7.6));
#5513=CARTESIAN_POINT('',(13.2,13.2,12.6));
#5514=CARTESIAN_POINT('Origin',(0.,0.,12.6));
#5515=CARTESIAN_POINT('Origin',(0.,0.,7.6));
#5516=CARTESIAN_POINT('Origin',(58.9992078430029,-11.9570620735163,0.));
#5517=CARTESIAN_POINT('',(59.3112680912039,-12.4311494807738,-5.));
#5518=CARTESIAN_POINT('',(58.6871475948019,-11.4829746662589,-5.));
#5519=CARTESIAN_POINT('',(47.3359560664878,5.7619547727342,-5.));
#5520=CARTESIAN_POINT('',(58.6871475948019,-11.4829746662589,39.6));
#5521=CARTESIAN_POINT('',(59.3112680912039,-12.4311494807738,0.));
#5522=CARTESIAN_POINT('Origin',(0.,0.,0.));
#5523=CARTESIAN_POINT('',(59.2358318404186,-8.1948902478099,-5.));
#5524=CARTESIAN_POINT('Origin',(0.,0.,-5.));
#5525=CARTESIAN_POINT('',(59.2358318404186,-8.1948902478099,39.6));
#5526=CARTESIAN_POINT('Origin',(59.6849197331096,-7.84781600090341,0.));
#5527=CARTESIAN_POINT('',(60.1340076258006,-7.50074175399692,-5.));
#5528=CARTESIAN_POINT('',(42.9002597437797,-20.8197159790361,-5.));
#5529=CARTESIAN_POINT('',(60.1340076258006,-7.50074175399692,0.));
#5530=CARTESIAN_POINT('Origin',(0.,0.,0.));
#5531=CARTESIAN_POINT('',(60.5484396564147,-2.4992909341476,-5.));
#5532=CARTESIAN_POINT('Origin',(0.,0.,-5.));
#5533=CARTESIAN_POINT('',(60.5484396564147,-2.4992909341476,0.));
#5534=CARTESIAN_POINT('Origin',(56.2264678148007,-21.5049337735077,0.));
#5535=CARTESIAN_POINT('',(56.4562397454016,-22.0239186751526,-5.));
#5536=CARTESIAN_POINT('',(55.9966958841998,-20.9859488718629,-5.));
#5537=CARTESIAN_POINT('',(47.6387419085892,-2.10787307452871,-5.));
#5538=CARTESIAN_POINT('',(55.9966958841998,-20.9859488718629,39.6));
#5539=CARTESIAN_POINT('',(56.4562397454016,-22.0239186751525,0.));
#5540=CARTESIAN_POINT('Origin',(0.,0.,0.));
#5541=CARTESIAN_POINT('',(57.0790976995259,-17.8330200977842,-5.));
#5542=CARTESIAN_POINT('Origin',(0.,0.,-5.));
#5543=CARTESIAN_POINT('',(57.0790976995259,-17.8330200977842,39.6));
#5544=CARTESIAN_POINT('Origin',(57.5791871621696,-17.5645969289255,0.));
#5545=CARTESIAN_POINT('',(58.0792766248132,-17.2961737600668,-5.));
#5546=CARTESIAN_POINT('',(38.8883434958592,-27.596912865021,-5.));
#5547=CARTESIAN_POINT('',(58.0792766248132,-17.2961737600668,0.));
#5548=CARTESIAN_POINT('Origin',(0.,0.,-5.));
#5549=CARTESIAN_POINT('Origin',(0.,0.,-5.));
#5550=CARTESIAN_POINT('',(54.4402943588755,-26.619811233722,-5.));
#5551=CARTESIAN_POINT('Origin',(0.,0.,-5.));
#5552=CARTESIAN_POINT('',(53.3653945674928,-26.9847116467048,-5.));
#5553=CARTESIAN_POINT('',(33.8156546117172,-33.6213379078309,-5.));
#5554=CARTESIAN_POINT('',(51.7788002823684,-29.9164810985283,-5.));
#5555=CARTESIAN_POINT('Origin',(0.,0.,-5.));
#5556=CARTESIAN_POINT('',(52.061232349778,-31.0159327801443,-5.));
#5557=CARTESIAN_POINT('',(46.6420670563561,-9.92020363913353,-5.));
#5558=CARTESIAN_POINT('',(49.3163227780833,-35.2173296495901,-5.));
#5559=CARTESIAN_POINT('Origin',(0.,0.,-5.));
#5560=CARTESIAN_POINT('',(48.1960225848597,-35.4003306057965,-5.));
#5561=CARTESIAN_POINT('',(27.8205628206001,-38.7286604968018,-5.));
#5562=CARTESIAN_POINT('',(46.1485139860926,-38.0309697072717,-5.));
#5563=CARTESIAN_POINT('Origin',(0.,0.,-5.));
#5564=CARTESIAN_POINT('',(46.2461302491564,-39.1619130913962,-5.));
#5565=CARTESIAN_POINT('',(44.3731182016199,-17.4619369085036,-5.));
#5566=CARTESIAN_POINT('',(42.8471304699638,-42.8542111173441,-5.));
#5567=CARTESIAN_POINT('Origin',(0.,0.,-5.));
#5568=CARTESIAN_POINT('',(41.7119887437656,-42.8503208277368,-5.));
#5569=CARTESIAN_POINT('',(21.0665985985317,-42.7795661855031,-5.));
#5570=CARTESIAN_POINT('',(39.2594165284737,-45.1080726017396,-5.));
#5571=CARTESIAN_POINT('Origin',(0.,0.,-5.));
#5572=CARTESIAN_POINT('',(39.1695542700019,-46.239658501003,-5.));
#5573=CARTESIAN_POINT('',(40.8937863544297,-24.5273540588819,-5.));
#5574=CARTESIAN_POINT('',(35.2091801367567,-49.3221414184078,-5.));
#5575=CARTESIAN_POINT('Origin',(0.,0.,-5.));
#5576=CARTESIAN_POINT('',(34.090160584781,-49.1314659999459,-5.));
#5577=CARTESIAN_POINT('',(13.7379924832193,-45.6635568266698,-5.));
#5578=CARTESIAN_POINT('',(31.2994245296187,-50.9547448636013,-5.));
#5579=CARTESIAN_POINT('Origin',(0.,0.,-5.));
#5580=CARTESIAN_POINT('',(31.0245349577691,-52.056106564496,-5.));
#5581=CARTESIAN_POINT('',(36.2989786176356,-30.9237289285741,-5.));
#5582=CARTESIAN_POINT('',(26.6108151529014,-54.4446922748041,-5.));
#5583=CARTESIAN_POINT('Origin',(0.,0.,-5.));
#5584=CARTESIAN_POINT('',(25.5384417114599,-54.0724328558496,-5.));
#5585=CARTESIAN_POINT('',(6.03464974523827,-47.3019646736136,-5.));
#5586=CARTESIAN_POINT('',(22.4856658211061,-55.4115045146903,-5.));
#5587=CARTESIAN_POINT('Origin',(0.,0.,-5.));
#5588=CARTESIAN_POINT('',(22.033247206815,-56.4525997410516,-5.));
#5589=CARTESIAN_POINT('',(30.7140293685275,-36.4765850852396,-5.));
#5590=CARTESIAN_POINT('',(17.2865765008927,-58.0821338526641,-5.));
#5591=CARTESIAN_POINT('Origin',(0.,0.,-5.));
#5592=CARTESIAN_POINT('',(16.2901007219989,-57.5384446997582,-5.));
#5593=CARTESIAN_POINT('',(-1.83330250663508,-47.6500982312803,-5.));
#5594=CARTESIAN_POINT('',(13.0585567647498,-58.3567827696302,-5.));
#5595=CARTESIAN_POINT('Origin',(0.,0.,-5.));
#5596=CARTESIAN_POINT('',(12.4409499084478,-59.3092131576157,-5.));
#5597=CARTESIAN_POINT('',(24.2912814637449,-41.0344550881405,-5.));
#5598=CARTESIAN_POINT('',(7.49080510468139,-60.1352462278461,-5.));
#5599=CARTESIAN_POINT('Origin',(0.,0.,-5.));
#5600=CARTESIAN_POINT('',(6.59740824996512,-59.4349577637882,-5.));
#5601=CARTESIAN_POINT('',(-9.65124704519034,-46.6984613237331,-5.));
#5602=CARTESIAN_POINT('',(3.27524432096798,-59.7102401153937,-5.));
#5603=CARTESIAN_POINT('Origin',(0.,0.,-5.));
#5604=CARTESIAN_POINT('',(2.50929592771408,-60.5480258468198,-5.));
#5605=CARTESIAN_POINT('',(17.2059307232762,-44.4730121250778,-5.));
#5606=CARTESIAN_POINT('',(-2.5092959277141,-60.5480258468198,-5.));
#5607=CARTESIAN_POINT('Origin',(0.,0.,-5.));
#5608=CARTESIAN_POINT('',(-3.275244320968,-59.7102401153937,-5.));
#5609=CARTESIAN_POINT('',(-17.2059307232762,-44.4730121250778,-5.));
#5610=CARTESIAN_POINT('',(-6.59740824996515,-59.4349577637882,-5.));
#5611=CARTESIAN_POINT('Origin',(0.,0.,-5.));
#5612=CARTESIAN_POINT('',(-7.49080510468141,-60.1352462278461,-5.));
#5613=CARTESIAN_POINT('',(9.65124704519032,-46.6984613237331,-5.));
#5614=CARTESIAN_POINT('',(-12.4409499084478,-59.3092131576157,-5.));
#5615=CARTESIAN_POINT('Origin',(0.,0.,-5.));
#5616=CARTESIAN_POINT('',(-13.0585567647498,-58.3567827696302,-5.));
#5617=CARTESIAN_POINT('',(-24.2912814637449,-41.0344550881405,-5.));
#5618=CARTESIAN_POINT('',(-16.2901007219989,-57.5384446997582,-5.));
#5619=CARTESIAN_POINT('Origin',(0.,0.,-5.));
#5620=CARTESIAN_POINT('',(-17.2865765008927,-58.0821338526641,-5.));
#5621=CARTESIAN_POINT('',(1.83330250663507,-47.6500982312803,-5.));
#5622=CARTESIAN_POINT('',(-22.033247206815,-56.4525997410516,-5.));
#5623=CARTESIAN_POINT('Origin',(0.,0.,-5.));
#5624=CARTESIAN_POINT('',(-22.4856658211062,-55.4115045146903,-5.));
#5625=CARTESIAN_POINT('',(-30.7140293685275,-36.4765850852396,-5.));
#5626=CARTESIAN_POINT('',(-25.5384417114599,-54.0724328558496,-5.));
#5627=CARTESIAN_POINT('Origin',(0.,0.,-5.));
#5628=CARTESIAN_POINT('',(-26.6108151529014,-54.4446922748041,-5.));
#5629=CARTESIAN_POINT('',(-6.03464974523828,-47.3019646736136,-5.));
#5630=CARTESIAN_POINT('',(-31.0245349577691,-52.056106564496,-5.));
#5631=CARTESIAN_POINT('Origin',(0.,0.,-5.));
#5632=CARTESIAN_POINT('',(-31.2994245296188,-50.9547448636013,-5.));
#5633=CARTESIAN_POINT('',(-36.2989786176356,-30.923728928574,-5.));
#5634=CARTESIAN_POINT('',(-34.0901605847811,-49.1314659999459,-5.));
#5635=CARTESIAN_POINT('Origin',(0.,0.,-5.));
#5636=CARTESIAN_POINT('',(-35.2091801367567,-49.3221414184078,-5.));
#5637=CARTESIAN_POINT('',(-13.7379924832193,-45.6635568266698,-5.));
#5638=CARTESIAN_POINT('',(-39.1695542700019,-46.239658501003,-5.));
#5639=CARTESIAN_POINT('Origin',(0.,0.,-5.));
#5640=CARTESIAN_POINT('',(-39.2594165284737,-45.1080726017396,-5.));
#5641=CARTESIAN_POINT('',(-40.8937863544298,-24.5273540588819,-5.));
#5642=CARTESIAN_POINT('',(-41.7119887437657,-42.8503208277367,-5.));
#5643=CARTESIAN_POINT('Origin',(0.,0.,-5.));
#5644=CARTESIAN_POINT('',(-42.8471304699639,-42.8542111173441,-5.));
#5645=CARTESIAN_POINT('',(-21.0665985985317,-42.779566185503,-5.));
#5646=CARTESIAN_POINT('',(-46.2461302491564,-39.1619130913961,-5.));
#5647=CARTESIAN_POINT('Origin',(0.,0.,-5.));
#5648=CARTESIAN_POINT('',(-46.1485139860926,-38.0309697072717,-5.));
#5649=CARTESIAN_POINT('',(-44.3731182016199,-17.4619369085036,-5.));
#5650=CARTESIAN_POINT('',(-48.1960225848597,-35.4003306057965,-5.));
#5651=CARTESIAN_POINT('Origin',(0.,0.,-5.));
#5652=CARTESIAN_POINT('',(-49.3163227780834,-35.2173296495901,-5.));
#5653=CARTESIAN_POINT('',(-27.8205628206001,-38.7286604968018,-5.));
#5654=CARTESIAN_POINT('',(-52.061232349778,-31.0159327801443,-5.));
#5655=CARTESIAN_POINT('Origin',(0.,0.,-5.));
#5656=CARTESIAN_POINT('',(-51.7788002823685,-29.9164810985283,-5.));
#5657=CARTESIAN_POINT('',(-46.6420670563561,-9.92020363913349,-5.));
#5658=CARTESIAN_POINT('',(-53.3653945674929,-26.9847116467048,-5.));
#5659=CARTESIAN_POINT('Origin',(0.,0.,-5.));
#5660=CARTESIAN_POINT('',(-54.4402943588755,-26.619811233722,-5.));
#5661=CARTESIAN_POINT('',(-33.8156546117172,-33.6213379078308,-5.));
#5662=CARTESIAN_POINT('',(-56.4562397454016,-22.0239186751525,-5.));
#5663=CARTESIAN_POINT('Origin',(0.,0.,-5.));
#5664=CARTESIAN_POINT('',(-55.9966958841998,-20.9859488718629,-5.));
#5665=CARTESIAN_POINT('',(-47.6387419085892,-2.1078730745287,-5.));
#5666=CARTESIAN_POINT('',(-57.0790976995259,-17.8330200977841,-5.));
#5667=CARTESIAN_POINT('Origin',(0.,0.,-5.));
#5668=CARTESIAN_POINT('',(-58.0792766248133,-17.2961737600668,-5.));
#5669=CARTESIAN_POINT('',(-38.8883434958592,-27.596912865021,-5.));
#5670=CARTESIAN_POINT('',(-59.3112680912039,-12.4311494807737,-5.));
#5671=CARTESIAN_POINT('Origin',(0.,0.,-5.));
#5672=CARTESIAN_POINT('',(-58.6871475948019,-11.4829746662589,-5.));
#5673=CARTESIAN_POINT('',(-47.3359560664878,5.76195477273424,-5.));
#5674=CARTESIAN_POINT('',(-59.2358318404186,-8.19489024780985,-5.));
#5675=CARTESIAN_POINT('Origin',(0.,0.,-5.));
#5676=CARTESIAN_POINT('',(-60.1340076258006,-7.50074175399687,-5.));
#5677=CARTESIAN_POINT('',(-42.9002597437797,-20.8197159790361,-5.));
#5678=CARTESIAN_POINT('',(-60.5484396564147,-2.4992909341476,-5.));
#5679=CARTESIAN_POINT('Origin',(0.,0.,-5.));
#5680=CARTESIAN_POINT('',(-59.7767669049936,-1.66677484564016,-5.));
#5681=CARTESIAN_POINT('',(-45.7419687385206,13.4746115140921,-5.));
#5682=CARTESIAN_POINT('',(-59.7767669049936,1.66677484564017,-5.));
#5683=CARTESIAN_POINT('Origin',(0.,0.,-5.));
#5684=CARTESIAN_POINT('',(-60.5484396564147,2.49929093414761,-5.));
#5685=CARTESIAN_POINT('',(-45.7419687385206,-13.474611514092,-5.));
#5686=CARTESIAN_POINT('',(-60.1340076258006,7.50074175399688,-5.));
#5687=CARTESIAN_POINT('Origin',(0.,0.,-5.));
#5688=CARTESIAN_POINT('',(-59.2358318404186,8.19489024780987,-5.));
#5689=CARTESIAN_POINT('',(-42.9002597437797,20.8197159790361,-5.));
#5690=CARTESIAN_POINT('',(-58.6871475948019,11.4829746662589,-5.));
#5691=CARTESIAN_POINT('Origin',(0.,0.,-5.));
#5692=CARTESIAN_POINT('',(-59.3112680912039,12.4311494807738,-5.));
#5693=CARTESIAN_POINT('',(-47.3359560664878,-5.76195477273422,-5.));
#5694=CARTESIAN_POINT('',(-58.0792766248132,17.2961737600668,-5.));
#5695=CARTESIAN_POINT('Origin',(0.,0.,-5.));
#5696=CARTESIAN_POINT('',(-57.0790976995259,17.8330200977841,-5.));
#5697=CARTESIAN_POINT('',(-38.8883434958592,27.596912865021,-5.));
#5698=CARTESIAN_POINT('',(-55.9966958841998,20.9859488718629,-5.));
#5699=CARTESIAN_POINT('Origin',(0.,0.,-5.));
#5700=CARTESIAN_POINT('',(-56.4562397454016,22.0239186751525,-5.));
#5701=CARTESIAN_POINT('',(-47.6387419085892,2.10787307452871,-5.));
#5702=CARTESIAN_POINT('',(-54.4402943588755,26.619811233722,-5.));
#5703=CARTESIAN_POINT('Origin',(0.,0.,-5.));
#5704=CARTESIAN_POINT('',(-53.3653945674929,26.9847116467048,-5.));
#5705=CARTESIAN_POINT('',(-33.8156546117172,33.6213379078309,-5.));
#5706=CARTESIAN_POINT('',(-51.7788002823685,29.9164810985283,-5.));
#5707=CARTESIAN_POINT('Origin',(0.,0.,-5.));
#5708=CARTESIAN_POINT('',(-52.061232349778,31.0159327801443,-5.));
#5709=CARTESIAN_POINT('',(-46.6420670563561,9.9202036391335,-5.));
#5710=CARTESIAN_POINT('',(-49.3163227780833,35.2173296495901,-5.));
#5711=CARTESIAN_POINT('Origin',(0.,0.,-5.));
#5712=CARTESIAN_POINT('',(-48.1960225848597,35.4003306057965,-5.));
#5713=CARTESIAN_POINT('',(-27.8205628206001,38.7286604968018,-5.));
#5714=CARTESIAN_POINT('',(-46.1485139860926,38.0309697072717,-5.));
#5715=CARTESIAN_POINT('Origin',(0.,0.,-5.));
#5716=CARTESIAN_POINT('',(-46.2461302491564,39.1619130913961,-5.));
#5717=CARTESIAN_POINT('',(-44.3731182016199,17.4619369085036,-5.));
#5718=CARTESIAN_POINT('',(-42.8471304699638,42.8542111173441,-5.));
#5719=CARTESIAN_POINT('Origin',(0.,0.,-5.));
#5720=CARTESIAN_POINT('',(-41.7119887437657,42.8503208277367,-5.));
#5721=CARTESIAN_POINT('',(-21.0665985985317,42.7795661855031,-5.));
#5722=CARTESIAN_POINT('',(-39.2594165284737,45.1080726017396,-5.));
#5723=CARTESIAN_POINT('Origin',(0.,0.,-5.));
#5724=CARTESIAN_POINT('',(-39.1695542700019,46.239658501003,-5.));
#5725=CARTESIAN_POINT('',(-40.8937863544297,24.5273540588819,-5.));
#5726=CARTESIAN_POINT('',(-35.2091801367567,49.3221414184078,-5.));
#5727=CARTESIAN_POINT('Origin',(0.,0.,-5.));
#5728=CARTESIAN_POINT('',(-34.090160584781,49.1314659999459,-5.));
#5729=CARTESIAN_POINT('',(-13.7379924832193,45.6635568266698,-5.));
#5730=CARTESIAN_POINT('',(-31.2994245296188,50.9547448636013,-5.));
#5731=CARTESIAN_POINT('Origin',(0.,0.,-5.));
#5732=CARTESIAN_POINT('',(-31.0245349577691,52.056106564496,-5.));
#5733=CARTESIAN_POINT('',(-36.2989786176356,30.9237289285741,-5.));
#5734=CARTESIAN_POINT('',(-26.6108151529013,54.4446922748041,-5.));
#5735=CARTESIAN_POINT('Origin',(0.,0.,-5.));
#5736=CARTESIAN_POINT('',(-25.5384417114598,54.0724328558496,-5.));
#5737=CARTESIAN_POINT('',(-6.03464974523825,47.3019646736136,-5.));
#5738=CARTESIAN_POINT('',(-22.4856658211061,55.4115045146903,-5.));
#5739=CARTESIAN_POINT('Origin',(0.,0.,-5.));
#5740=CARTESIAN_POINT('',(-22.033247206815,56.4525997410516,-5.));
#5741=CARTESIAN_POINT('',(-30.7140293685275,36.4765850852396,-5.));
#5742=CARTESIAN_POINT('',(-17.2865765008927,58.0821338526641,-5.));
#5743=CARTESIAN_POINT('Origin',(0.,0.,-5.));
#5744=CARTESIAN_POINT('',(-16.2901007219989,57.5384446997582,-5.));
#5745=CARTESIAN_POINT('',(1.83330250663507,47.6500982312803,-5.));
#5746=CARTESIAN_POINT('',(-13.0585567647498,58.3567827696302,-5.));
#5747=CARTESIAN_POINT('Origin',(0.,0.,-5.));
#5748=CARTESIAN_POINT('',(-12.4409499084478,59.3092131576157,-5.));
#5749=CARTESIAN_POINT('',(-24.2912814637449,41.0344550881405,-5.));
#5750=CARTESIAN_POINT('',(-7.49080510468138,60.1352462278461,-5.));
#5751=CARTESIAN_POINT('Origin',(0.,0.,-5.));
#5752=CARTESIAN_POINT('',(-6.59740824996512,59.4349577637882,-5.));
#5753=CARTESIAN_POINT('',(9.65124704519034,46.6984613237331,-5.));
#5754=CARTESIAN_POINT('',(-3.27524432096798,59.7102401153937,-5.));
#5755=CARTESIAN_POINT('Origin',(0.,0.,-5.));
#5756=CARTESIAN_POINT('',(-2.50929592771407,60.5480258468198,-5.));
#5757=CARTESIAN_POINT('',(-17.2059307232762,44.4730121250778,-5.));
#5758=CARTESIAN_POINT('Origin',(0.,0.,-5.));
#5759=CARTESIAN_POINT('',(7.49080510468139,60.1352462278461,-5.));
#5760=CARTESIAN_POINT('',(-9.65124704519034,46.6984613237331,-5.));
#5761=CARTESIAN_POINT('',(12.4409499084478,59.3092131576157,-5.));
#5762=CARTESIAN_POINT('Origin',(0.,0.,-5.));
#5763=CARTESIAN_POINT('',(13.0585567647498,58.3567827696302,-5.));
#5764=CARTESIAN_POINT('',(24.2912814637449,41.0344550881405,-5.));
#5765=CARTESIAN_POINT('',(16.2901007219989,57.5384446997582,-5.));
#5766=CARTESIAN_POINT('Origin',(0.,0.,-5.));
#5767=CARTESIAN_POINT('',(17.2865765008927,58.0821338526641,-5.));
#5768=CARTESIAN_POINT('',(-1.83330250663506,47.6500982312803,-5.));
#5769=CARTESIAN_POINT('',(22.033247206815,56.4525997410516,-5.));
#5770=CARTESIAN_POINT('Origin',(0.,0.,-5.));
#5771=CARTESIAN_POINT('',(22.4856658211061,55.4115045146903,-5.));
#5772=CARTESIAN_POINT('',(30.7140293685275,36.4765850852396,-5.));
#5773=CARTESIAN_POINT('',(25.5384417114599,54.0724328558496,-5.));
#5774=CARTESIAN_POINT('Origin',(0.,0.,-5.));
#5775=CARTESIAN_POINT('',(26.6108151529014,54.4446922748041,-5.));
#5776=CARTESIAN_POINT('',(6.03464974523827,47.3019646736136,-5.));
#5777=CARTESIAN_POINT('',(31.0245349577691,52.056106564496,-5.));
#5778=CARTESIAN_POINT('Origin',(0.,0.,-5.));
#5779=CARTESIAN_POINT('',(31.2994245296188,50.9547448636013,-5.));
#5780=CARTESIAN_POINT('',(36.2989786176356,30.923728928574,-5.));
#5781=CARTESIAN_POINT('',(34.0901605847811,49.1314659999459,-5.));
#5782=CARTESIAN_POINT('Origin',(0.,0.,-5.));
#5783=CARTESIAN_POINT('',(35.2091801367567,49.3221414184078,-5.));
#5784=CARTESIAN_POINT('',(13.7379924832193,45.6635568266698,-5.));
#5785=CARTESIAN_POINT('',(39.1695542700019,46.239658501003,-5.));
#5786=CARTESIAN_POINT('Origin',(0.,0.,-5.));
#5787=CARTESIAN_POINT('',(39.2594165284737,45.1080726017396,-5.));
#5788=CARTESIAN_POINT('',(40.8937863544297,24.5273540588819,-5.));
#5789=CARTESIAN_POINT('',(41.7119887437657,42.8503208277367,-5.));
#5790=CARTESIAN_POINT('Origin',(0.,0.,-5.));
#5791=CARTESIAN_POINT('',(42.8471304699638,42.8542111173441,-5.));
#5792=CARTESIAN_POINT('',(21.0665985985317,42.779566185503,-5.));
#5793=CARTESIAN_POINT('',(46.2461302491564,39.1619130913961,-5.));
#5794=CARTESIAN_POINT('Origin',(0.,0.,-5.));
#5795=CARTESIAN_POINT('',(46.1485139860926,38.0309697072717,-5.));
#5796=CARTESIAN_POINT('',(44.3731182016199,17.4619369085036,-5.));
#5797=CARTESIAN_POINT('',(48.1960225848597,35.4003306057965,-5.));
#5798=CARTESIAN_POINT('Origin',(0.,0.,-5.));
#5799=CARTESIAN_POINT('',(49.3163227780834,35.2173296495901,-5.));
#5800=CARTESIAN_POINT('',(27.8205628206001,38.7286604968018,-5.));
#5801=CARTESIAN_POINT('',(52.061232349778,31.0159327801443,-5.));
#5802=CARTESIAN_POINT('Origin',(0.,0.,-5.));
#5803=CARTESIAN_POINT('',(51.7788002823685,29.9164810985283,-5.));
#5804=CARTESIAN_POINT('',(46.6420670563561,9.9202036391335,-5.));
#5805=CARTESIAN_POINT('',(53.3653945674929,26.9847116467048,-5.));
#5806=CARTESIAN_POINT('Origin',(0.,0.,-5.));
#5807=CARTESIAN_POINT('',(54.4402943588755,26.619811233722,-5.));
#5808=CARTESIAN_POINT('',(33.8156546117172,33.6213379078308,-5.));
#5809=CARTESIAN_POINT('',(56.4562397454016,22.0239186751525,-5.));
#5810=CARTESIAN_POINT('Origin',(0.,0.,-5.));
#5811=CARTESIAN_POINT('',(55.9966958841998,20.9859488718629,-5.));
#5812=CARTESIAN_POINT('',(47.6387419085892,2.1078730745287,-5.));
#5813=CARTESIAN_POINT('',(57.0790976995259,17.8330200977841,-5.));
#5814=CARTESIAN_POINT('Origin',(0.,0.,-5.));
#5815=CARTESIAN_POINT('',(58.0792766248133,17.2961737600668,-5.));
#5816=CARTESIAN_POINT('',(38.8883434958592,27.596912865021,-5.));
#5817=CARTESIAN_POINT('',(59.3112680912039,12.4311494807738,-5.));
#5818=CARTESIAN_POINT('Origin',(0.,0.,-5.));
#5819=CARTESIAN_POINT('',(58.6871475948019,11.4829746662589,-5.));
#5820=CARTESIAN_POINT('',(47.3359560664878,-5.76195477273423,-5.));
#5821=CARTESIAN_POINT('',(59.2358318404186,8.19489024780986,-5.));
#5822=CARTESIAN_POINT('Origin',(0.,0.,-5.));
#5823=CARTESIAN_POINT('',(60.1340076258006,7.50074175399688,-5.));
#5824=CARTESIAN_POINT('',(42.9002597437797,20.8197159790361,-5.));
#5825=CARTESIAN_POINT('',(60.5484396564147,2.4992909341476,-5.));
#5826=CARTESIAN_POINT('Origin',(0.,0.,-5.));
#5827=CARTESIAN_POINT('',(59.7767669049936,1.66677484564016,-5.));
#5828=CARTESIAN_POINT('',(45.7419687385206,-13.474611514092,-5.));
#5829=CARTESIAN_POINT('',(59.7767669049936,-1.66677484564016,-5.));
#5830=CARTESIAN_POINT('Origin',(0.,0.,-5.));
#5831=CARTESIAN_POINT('',(45.7419687385206,13.474611514092,-5.));
#5832=CARTESIAN_POINT('',(-59.,7.22541611496938E-15,-5.));
#5833=CARTESIAN_POINT('Origin',(0.,0.,-5.));
#5834=CARTESIAN_POINT('Origin',(0.,0.,0.));
#5835=CARTESIAN_POINT('',(54.4402943588755,-26.619811233722,0.));
#5836=CARTESIAN_POINT('Origin',(51.9200163160732,-30.4662069393363,0.));
#5837=CARTESIAN_POINT('',(51.7788002823684,-29.9164810985283,39.6));
#5838=CARTESIAN_POINT('',(52.061232349778,-31.0159327801443,0.));
#5839=CARTESIAN_POINT('Origin',(0.,0.,0.));
#5840=CARTESIAN_POINT('',(53.3653945674928,-26.9847116467048,39.6));
#5841=CARTESIAN_POINT('Origin',(53.9028444631842,-26.8022614402134,0.));
#5842=CARTESIAN_POINT('Origin',(0.,0.,0.));
#5843=CARTESIAN_POINT('Origin',(46.1973221176245,-38.5964413993339,0.));
#5844=CARTESIAN_POINT('',(46.1485139860926,-38.0309697072717,39.6));
#5845=CARTESIAN_POINT('',(46.2461302491564,-39.1619130913961,0.));
#5846=CARTESIAN_POINT('Origin',(0.,0.,0.));
#5847=CARTESIAN_POINT('',(48.1960225848597,-35.4003306057965,39.6));
#5848=CARTESIAN_POINT('Origin',(48.7561726814715,-35.3088301276933,0.));
#5849=CARTESIAN_POINT('',(49.3163227780833,-35.2173296495901,0.));
#5850=CARTESIAN_POINT('Origin',(0.,0.,0.));
#5851=CARTESIAN_POINT('',(42.8471304699638,-42.8542111173441,0.));
#5852=CARTESIAN_POINT('Origin',(39.2144853992378,-45.6738655513713,0.));
#5853=CARTESIAN_POINT('',(39.2594165284737,-45.1080726017396,39.6));
#5854=CARTESIAN_POINT('',(39.1695542700019,-46.239658501003,0.));
#5855=CARTESIAN_POINT('Origin',(0.,0.,0.));
#5856=CARTESIAN_POINT('',(41.7119887437656,-42.8503208277368,39.6));
#5857=CARTESIAN_POINT('Origin',(42.2795596068647,-42.8522659725404,0.));
#5858=CARTESIAN_POINT('Origin',(0.,0.,0.));
#5859=CARTESIAN_POINT('Origin',(31.1619797436939,-51.5054257140486,0.));
#5860=CARTESIAN_POINT('',(31.2994245296187,-50.9547448636013,39.6));
#5861=CARTESIAN_POINT('',(31.0245349577691,-52.056106564496,0.));
#5862=CARTESIAN_POINT('Origin',(0.,0.,0.));
#5863=CARTESIAN_POINT('',(34.090160584781,-49.1314659999459,39.6));
#5864=CARTESIAN_POINT('Origin',(34.6496703607689,-49.2268037091769,0.));
#5865=CARTESIAN_POINT('',(35.2091801367567,-49.3221414184078,0.));
#5866=CARTESIAN_POINT('Origin',(0.,0.,0.));
#5867=CARTESIAN_POINT('',(26.6108151529014,-54.4446922748041,0.));
#5868=CARTESIAN_POINT('Origin',(22.2594565139606,-55.9320521278709,0.));
#5869=CARTESIAN_POINT('',(22.4856658211061,-55.4115045146903,39.6));
#5870=CARTESIAN_POINT('',(22.033247206815,-56.4525997410516,0.));
#5871=CARTESIAN_POINT('Origin',(0.,0.,0.));
#5872=CARTESIAN_POINT('',(25.5384417114599,-54.0724328558496,39.6));
#5873=CARTESIAN_POINT('Origin',(26.0746284321806,-54.2585625653269,0.));
#5874=CARTESIAN_POINT('Origin',(0.,0.,0.));
#5875=CARTESIAN_POINT('Origin',(12.7497533365988,-58.8329979636229,0.));
#5876=CARTESIAN_POINT('',(13.0585567647498,-58.3567827696302,39.6));
#5877=CARTESIAN_POINT('',(12.4409499084478,-59.3092131576157,0.));
#5878=CARTESIAN_POINT('Origin',(0.,0.,0.));
#5879=CARTESIAN_POINT('',(16.2901007219989,-57.5384446997582,39.6));
#5880=CARTESIAN_POINT('Origin',(16.7883386114458,-57.8102892762111,0.));
#5881=CARTESIAN_POINT('',(17.2865765008927,-58.0821338526641,0.));
#5882=CARTESIAN_POINT('Origin',(0.,0.,0.));
#5883=CARTESIAN_POINT('',(7.49080510468138,-60.1352462278461,0.));
#5884=CARTESIAN_POINT('Origin',(2.89227012434103,-60.1291329811067,0.));
#5885=CARTESIAN_POINT('',(3.27524432096798,-59.7102401153937,39.6));
#5886=CARTESIAN_POINT('',(2.50929592771408,-60.5480258468198,0.));
#5887=CARTESIAN_POINT('Origin',(0.,0.,0.));
#5888=CARTESIAN_POINT('',(6.59740824996512,-59.4349577637882,39.6));
#5889=CARTESIAN_POINT('Origin',(7.04410667732326,-59.7851019958172,0.));
#5890=CARTESIAN_POINT('Origin',(0.,0.,0.));
#5891=CARTESIAN_POINT('Origin',(-7.04410667732328,-59.7851019958172,0.));
#5892=CARTESIAN_POINT('',(-6.59740824996515,-59.4349577637882,39.6));
#5893=CARTESIAN_POINT('',(-7.4908051046814,-60.1352462278461,0.));
#5894=CARTESIAN_POINT('Origin',(0.,0.,0.));
#5895=CARTESIAN_POINT('',(-3.275244320968,-59.7102401153937,39.6));
#5896=CARTESIAN_POINT('Origin',(-2.89227012434105,-60.1291329811067,0.));
#5897=CARTESIAN_POINT('',(-2.50929592771411,-60.5480258468198,0.));
#5898=CARTESIAN_POINT('Origin',(0.,0.,0.));
#5899=CARTESIAN_POINT('',(-12.4409499084478,-59.3092131576157,0.));
#5900=CARTESIAN_POINT('Origin',(-16.7883386114458,-57.8102892762111,0.));
#5901=CARTESIAN_POINT('',(-16.2901007219989,-57.5384446997582,39.6));
#5902=CARTESIAN_POINT('',(-17.2865765008927,-58.0821338526641,0.));
#5903=CARTESIAN_POINT('Origin',(0.,0.,0.));
#5904=CARTESIAN_POINT('',(-13.0585567647498,-58.3567827696302,39.6));
#5905=CARTESIAN_POINT('Origin',(-12.7497533365988,-58.8329979636229,0.));
#5906=CARTESIAN_POINT('Origin',(0.,0.,0.));
#5907=CARTESIAN_POINT('Origin',(-26.0746284321806,-54.2585625653269,0.));
#5908=CARTESIAN_POINT('',(-25.5384417114599,-54.0724328558496,39.6));
#5909=CARTESIAN_POINT('',(-26.6108151529014,-54.4446922748041,0.));
#5910=CARTESIAN_POINT('Origin',(0.,0.,0.));
#5911=CARTESIAN_POINT('',(-22.4856658211062,-55.4115045146903,39.6));
#5912=CARTESIAN_POINT('Origin',(-22.2594565139606,-55.9320521278709,0.));
#5913=CARTESIAN_POINT('',(-22.033247206815,-56.4525997410516,0.));
#5914=CARTESIAN_POINT('Origin',(0.,0.,0.));
#5915=CARTESIAN_POINT('',(-31.0245349577691,-52.056106564496,0.));
#5916=CARTESIAN_POINT('Origin',(-34.6496703607689,-49.2268037091768,0.));
#5917=CARTESIAN_POINT('',(-34.0901605847811,-49.1314659999459,39.6));
#5918=CARTESIAN_POINT('',(-35.2091801367567,-49.3221414184078,0.));
#5919=CARTESIAN_POINT('Origin',(0.,0.,0.));
#5920=CARTESIAN_POINT('',(-31.2994245296188,-50.9547448636013,39.6));
#5921=CARTESIAN_POINT('Origin',(-31.1619797436939,-51.5054257140486,0.));
#5922=CARTESIAN_POINT('Origin',(0.,0.,0.));
#5923=CARTESIAN_POINT('Origin',(-42.2795596068648,-42.8522659725404,0.));
#5924=CARTESIAN_POINT('',(-41.7119887437657,-42.8503208277367,39.6));
#5925=CARTESIAN_POINT('',(-42.8471304699639,-42.8542111173441,0.));
#5926=CARTESIAN_POINT('Origin',(0.,0.,0.));
#5927=CARTESIAN_POINT('',(-39.2594165284737,-45.1080726017396,39.6));
#5928=CARTESIAN_POINT('Origin',(-39.2144853992378,-45.6738655513713,0.));
#5929=CARTESIAN_POINT('',(-39.1695542700019,-46.2396585010029,0.));
#5930=CARTESIAN_POINT('Origin',(0.,0.,0.));
#5931=CARTESIAN_POINT('',(-46.2461302491564,-39.1619130913961,0.));
#5932=CARTESIAN_POINT('Origin',(-48.7561726814715,-35.3088301276933,0.));
#5933=CARTESIAN_POINT('',(-48.1960225848597,-35.4003306057965,39.6));
#5934=CARTESIAN_POINT('',(-49.3163227780834,-35.2173296495901,0.));
#5935=CARTESIAN_POINT('Origin',(0.,0.,0.));
#5936=CARTESIAN_POINT('',(-46.1485139860926,-38.0309697072717,39.6));
#5937=CARTESIAN_POINT('Origin',(-46.1973221176245,-38.5964413993339,0.));
#5938=CARTESIAN_POINT('Origin',(0.,0.,0.));
#5939=CARTESIAN_POINT('Origin',(-53.9028444631842,-26.8022614402134,0.));
#5940=CARTESIAN_POINT('',(-53.3653945674929,-26.9847116467048,39.6));
#5941=CARTESIAN_POINT('',(-54.4402943588755,-26.619811233722,0.));
#5942=CARTESIAN_POINT('Origin',(0.,0.,0.));
#5943=CARTESIAN_POINT('',(-51.7788002823685,-29.9164810985283,39.6));
#5944=CARTESIAN_POINT('Origin',(-51.9200163160732,-30.4662069393363,0.));
#5945=CARTESIAN_POINT('',(-52.061232349778,-31.0159327801443,0.));
#5946=CARTESIAN_POINT('Origin',(0.,0.,0.));
#5947=CARTESIAN_POINT('',(-56.4562397454016,-22.0239186751525,0.));
#5948=CARTESIAN_POINT('Origin',(-57.5791871621696,-17.5645969289255,0.));
#5949=CARTESIAN_POINT('',(-57.0790976995259,-17.8330200977841,39.6));
#5950=CARTESIAN_POINT('',(-58.0792766248132,-17.2961737600668,0.));
#5951=CARTESIAN_POINT('Origin',(0.,0.,0.));
#5952=CARTESIAN_POINT('',(-55.9966958841998,-20.9859488718629,39.6));
#5953=CARTESIAN_POINT('Origin',(-56.2264678148007,-21.5049337735077,0.));
#5954=CARTESIAN_POINT('Origin',(0.,0.,0.));
#5955=CARTESIAN_POINT('Origin',(-59.6849197331096,-7.84781600090336,0.));
#5956=CARTESIAN_POINT('',(-59.2358318404186,-8.19489024780985,39.6));
#5957=CARTESIAN_POINT('',(-60.1340076258006,-7.50074175399689,0.));
#5958=CARTESIAN_POINT('Origin',(0.,0.,0.));
#5959=CARTESIAN_POINT('',(-58.6871475948019,-11.4829746662589,39.6));
#5960=CARTESIAN_POINT('Origin',(-58.9992078430029,-11.9570620735163,0.));
#5961=CARTESIAN_POINT('',(-59.3112680912039,-12.4311494807737,0.));
#5962=CARTESIAN_POINT('Origin',(0.,0.,0.));
#5963=CARTESIAN_POINT('',(-60.5484396564147,-2.49929093414759,0.));
#5964=CARTESIAN_POINT('Origin',(-60.1626032807042,2.08303288989389,0.));
#5965=CARTESIAN_POINT('',(-59.7767669049936,1.66677484564017,39.6));
#5966=CARTESIAN_POINT('',(-60.5484396564147,2.49929093414761,0.));
#5967=CARTESIAN_POINT('Origin',(0.,0.,0.));
#5968=CARTESIAN_POINT('',(-59.7767669049936,-1.66677484564016,39.6));
#5969=CARTESIAN_POINT('Origin',(-60.1626032807042,-2.08303288989388,0.));
#5970=CARTESIAN_POINT('Origin',(0.,0.,0.));
#5971=CARTESIAN_POINT('Origin',(-58.9992078430029,11.9570620735163,0.));
#5972=CARTESIAN_POINT('',(-58.6871475948019,11.4829746662589,39.6));
#5973=CARTESIAN_POINT('',(-59.3112680912039,12.4311494807738,0.));
#5974=CARTESIAN_POINT('Origin',(0.,0.,0.));
#5975=CARTESIAN_POINT('',(-59.2358318404186,8.19489024780987,39.6));
#5976=CARTESIAN_POINT('Origin',(-59.6849197331096,7.84781600090338,0.));
#5977=CARTESIAN_POINT('',(-60.1340076258006,7.5007417539969,0.));
#5978=CARTESIAN_POINT('Origin',(0.,0.,0.));
#5979=CARTESIAN_POINT('',(-58.0792766248132,17.2961737600668,0.));
#5980=CARTESIAN_POINT('Origin',(-56.2264678148007,21.5049337735077,0.));
#5981=CARTESIAN_POINT('',(-55.9966958841998,20.9859488718629,39.6));
#5982=CARTESIAN_POINT('',(-56.4562397454016,22.0239186751525,0.));
#5983=CARTESIAN_POINT('Origin',(0.,0.,0.));
#5984=CARTESIAN_POINT('',(-57.0790976995259,17.8330200977841,39.6));
#5985=CARTESIAN_POINT('Origin',(-57.5791871621696,17.5645969289255,0.));
#5986=CARTESIAN_POINT('Origin',(0.,0.,0.));
#5987=CARTESIAN_POINT('Origin',(-51.9200163160732,30.4662069393363,0.));
#5988=CARTESIAN_POINT('',(-51.7788002823685,29.9164810985283,39.6));
#5989=CARTESIAN_POINT('',(-52.061232349778,31.0159327801443,0.));
#5990=CARTESIAN_POINT('Origin',(0.,0.,0.));
#5991=CARTESIAN_POINT('',(-53.3653945674929,26.9847116467048,39.6));
#5992=CARTESIAN_POINT('Origin',(-53.9028444631842,26.8022614402134,0.));
#5993=CARTESIAN_POINT('',(-54.4402943588755,26.619811233722,0.));
#5994=CARTESIAN_POINT('Origin',(0.,0.,0.));
#5995=CARTESIAN_POINT('',(-49.3163227780833,35.2173296495901,0.));
#5996=CARTESIAN_POINT('Origin',(-46.1973221176245,38.5964413993339,0.));
#5997=CARTESIAN_POINT('',(-46.1485139860926,38.0309697072717,39.6));
#5998=CARTESIAN_POINT('',(-46.2461302491564,39.1619130913961,0.));
#5999=CARTESIAN_POINT('Origin',(0.,0.,0.));
#6000=CARTESIAN_POINT('',(-48.1960225848597,35.4003306057965,39.6));
#6001=CARTESIAN_POINT('Origin',(-48.7561726814715,35.3088301276933,0.));
#6002=CARTESIAN_POINT('Origin',(0.,0.,0.));
#6003=CARTESIAN_POINT('Origin',(-39.2144853992378,45.6738655513713,0.));
#6004=CARTESIAN_POINT('',(-39.2594165284737,45.1080726017396,39.6));
#6005=CARTESIAN_POINT('',(-39.1695542700019,46.239658501003,0.));
#6006=CARTESIAN_POINT('Origin',(0.,0.,0.));
#6007=CARTESIAN_POINT('',(-41.7119887437657,42.8503208277367,39.6));
#6008=CARTESIAN_POINT('Origin',(-42.2795596068648,42.8522659725404,0.));
#6009=CARTESIAN_POINT('',(-42.8471304699638,42.8542111173441,0.));
#6010=CARTESIAN_POINT('Origin',(0.,0.,0.));
#6011=CARTESIAN_POINT('',(-35.2091801367567,49.3221414184078,0.));
#6012=CARTESIAN_POINT('Origin',(-31.1619797436939,51.5054257140486,0.));
#6013=CARTESIAN_POINT('',(-31.2994245296188,50.9547448636013,39.6));
#6014=CARTESIAN_POINT('',(-31.0245349577691,52.056106564496,0.));
#6015=CARTESIAN_POINT('Origin',(0.,0.,0.));
#6016=CARTESIAN_POINT('',(-34.090160584781,49.1314659999459,39.6));
#6017=CARTESIAN_POINT('Origin',(-34.6496703607689,49.2268037091769,0.));
#6018=CARTESIAN_POINT('Origin',(0.,0.,0.));
#6019=CARTESIAN_POINT('Origin',(-22.2594565139606,55.9320521278709,0.));
#6020=CARTESIAN_POINT('',(-22.4856658211061,55.4115045146903,39.6));
#6021=CARTESIAN_POINT('',(-22.033247206815,56.4525997410516,0.));
#6022=CARTESIAN_POINT('Origin',(0.,0.,0.));
#6023=CARTESIAN_POINT('',(-25.5384417114598,54.0724328558496,39.6));
#6024=CARTESIAN_POINT('Origin',(-26.0746284321806,54.2585625653269,0.));
#6025=CARTESIAN_POINT('',(-26.6108151529013,54.4446922748041,0.));
#6026=CARTESIAN_POINT('Origin',(0.,0.,0.));
#6027=CARTESIAN_POINT('',(-17.2865765008927,58.0821338526641,0.));
#6028=CARTESIAN_POINT('Origin',(-12.7497533365988,58.8329979636229,0.));
#6029=CARTESIAN_POINT('',(-13.0585567647498,58.3567827696302,39.6));
#6030=CARTESIAN_POINT('',(-12.4409499084478,59.3092131576157,0.));
#6031=CARTESIAN_POINT('Origin',(0.,0.,0.));
#6032=CARTESIAN_POINT('',(-16.2901007219989,57.5384446997582,39.6));
#6033=CARTESIAN_POINT('Origin',(-16.7883386114458,57.8102892762111,0.));
#6034=CARTESIAN_POINT('Origin',(0.,0.,0.));
#6035=CARTESIAN_POINT('Origin',(-2.89227012434103,60.1291329811067,0.));
#6036=CARTESIAN_POINT('',(-2.50929592771408,60.5480258468198,0.));
#6037=CARTESIAN_POINT('',(-3.27524432096797,59.7102401153937,0.));
#6038=CARTESIAN_POINT('Origin',(0.,0.,0.));
#6039=CARTESIAN_POINT('',(-6.59740824996512,59.4349577637882,39.6));
#6040=CARTESIAN_POINT('Origin',(-7.04410667732325,59.7851019958172,0.));
#6041=CARTESIAN_POINT('',(-7.49080510468138,60.1352462278461,0.));
#6042=CARTESIAN_POINT('Origin',(0.,0.,0.));
#6043=CARTESIAN_POINT('Origin',(7.04410667732326,59.7851019958172,0.));
#6044=CARTESIAN_POINT('',(7.49080510468138,60.1352462278461,0.));
#6045=CARTESIAN_POINT('Origin',(0.,0.,0.));
#6046=CARTESIAN_POINT('Origin',(16.7883386114458,57.8102892762111,0.));
#6047=CARTESIAN_POINT('',(16.2901007219989,57.5384446997582,39.6));
#6048=CARTESIAN_POINT('',(17.2865765008927,58.0821338526641,0.));
#6049=CARTESIAN_POINT('Origin',(0.,0.,0.));
#6050=CARTESIAN_POINT('',(13.0585567647498,58.3567827696302,39.6));
#6051=CARTESIAN_POINT('Origin',(12.7497533365988,58.8329979636229,0.));
#6052=CARTESIAN_POINT('',(12.4409499084478,59.3092131576157,0.));
#6053=CARTESIAN_POINT('Origin',(0.,0.,0.));
#6054=CARTESIAN_POINT('',(22.033247206815,56.4525997410516,0.));
#6055=CARTESIAN_POINT('Origin',(26.0746284321806,54.2585625653269,0.));
#6056=CARTESIAN_POINT('',(25.5384417114599,54.0724328558496,39.6));
#6057=CARTESIAN_POINT('',(26.6108151529014,54.4446922748041,0.));
#6058=CARTESIAN_POINT('Origin',(0.,0.,0.));
#6059=CARTESIAN_POINT('',(22.4856658211061,55.4115045146903,39.6));
#6060=CARTESIAN_POINT('Origin',(22.2594565139606,55.9320521278709,0.));
#6061=CARTESIAN_POINT('Origin',(0.,0.,0.));
#6062=CARTESIAN_POINT('Origin',(34.6496703607689,49.2268037091768,0.));
#6063=CARTESIAN_POINT('',(34.0901605847811,49.1314659999459,39.6));
#6064=CARTESIAN_POINT('',(35.2091801367567,49.3221414184078,0.));
#6065=CARTESIAN_POINT('Origin',(0.,0.,0.));
#6066=CARTESIAN_POINT('',(31.2994245296188,50.9547448636013,39.6));
#6067=CARTESIAN_POINT('Origin',(31.1619797436939,51.5054257140486,0.));
#6068=CARTESIAN_POINT('',(31.0245349577691,52.056106564496,0.));
#6069=CARTESIAN_POINT('Origin',(0.,0.,0.));
#6070=CARTESIAN_POINT('',(39.1695542700019,46.239658501003,0.));
#6071=CARTESIAN_POINT('Origin',(42.2795596068648,42.8522659725404,0.));
#6072=CARTESIAN_POINT('',(41.7119887437657,42.8503208277367,39.6));
#6073=CARTESIAN_POINT('',(42.8471304699638,42.8542111173441,0.));
#6074=CARTESIAN_POINT('Origin',(0.,0.,0.));
#6075=CARTESIAN_POINT('',(39.2594165284737,45.1080726017396,39.6));
#6076=CARTESIAN_POINT('Origin',(39.2144853992378,45.6738655513713,0.));
#6077=CARTESIAN_POINT('Origin',(0.,0.,0.));
#6078=CARTESIAN_POINT('Origin',(48.7561726814715,35.3088301276933,0.));
#6079=CARTESIAN_POINT('',(48.1960225848597,35.4003306057965,39.6));
#6080=CARTESIAN_POINT('',(49.3163227780833,35.2173296495901,0.));
#6081=CARTESIAN_POINT('Origin',(0.,0.,0.));
#6082=CARTESIAN_POINT('',(46.1485139860926,38.0309697072717,39.6));
#6083=CARTESIAN_POINT('Origin',(46.1973221176245,38.5964413993339,0.));
#6084=CARTESIAN_POINT('',(46.2461302491564,39.1619130913961,0.));
#6085=CARTESIAN_POINT('Origin',(0.,0.,0.));
#6086=CARTESIAN_POINT('',(52.061232349778,31.0159327801443,0.));
#6087=CARTESIAN_POINT('Origin',(53.9028444631842,26.8022614402134,0.));
#6088=CARTESIAN_POINT('',(53.3653945674929,26.9847116467048,39.6));
#6089=CARTESIAN_POINT('',(54.4402943588755,26.619811233722,0.));
#6090=CARTESIAN_POINT('Origin',(0.,0.,0.));
#6091=CARTESIAN_POINT('',(51.7788002823685,29.9164810985283,39.6));
#6092=CARTESIAN_POINT('Origin',(51.9200163160732,30.4662069393363,0.));
#6093=CARTESIAN_POINT('Origin',(0.,0.,0.));
#6094=CARTESIAN_POINT('Origin',(57.5791871621696,17.5645969289255,0.));
#6095=CARTESIAN_POINT('',(57.0790976995259,17.8330200977841,39.6));
#6096=CARTESIAN_POINT('',(58.0792766248132,17.2961737600668,0.));
#6097=CARTESIAN_POINT('Origin',(0.,0.,0.));
#6098=CARTESIAN_POINT('',(55.9966958841998,20.9859488718629,39.6));
#6099=CARTESIAN_POINT('Origin',(56.2264678148007,21.5049337735077,0.));
#6100=CARTESIAN_POINT('',(56.4562397454016,22.0239186751525,0.));
#6101=CARTESIAN_POINT('Origin',(0.,0.,0.));
#6102=CARTESIAN_POINT('',(59.3112680912039,12.4311494807737,0.));
#6103=CARTESIAN_POINT('Origin',(59.6849197331096,7.84781600090337,0.));
#6104=CARTESIAN_POINT('',(59.2358318404186,8.19489024780986,39.6));
#6105=CARTESIAN_POINT('',(60.1340076258006,7.5007417539969,0.));
#6106=CARTESIAN_POINT('Origin',(0.,0.,0.));
#6107=CARTESIAN_POINT('',(58.6871475948019,11.4829746662589,39.6));
#6108=CARTESIAN_POINT('Origin',(58.9992078430029,11.9570620735163,0.));
#6109=CARTESIAN_POINT('Origin',(0.,0.,0.));
#6110=CARTESIAN_POINT('Origin',(60.1626032807042,-2.08303288989388,0.));
#6111=CARTESIAN_POINT('',(59.7767669049936,-1.66677484564016,0.));
#6112=CARTESIAN_POINT('Origin',(0.,0.,0.));
#6113=CARTESIAN_POINT('',(59.7767669049936,1.66677484564016,0.));
#6114=CARTESIAN_POINT('Origin',(60.1626032807042,2.08303288989388,0.));
#6115=CARTESIAN_POINT('',(60.5484396564147,2.4992909341476,0.));
#6116=CARTESIAN_POINT('Origin',(0.,0.,7.6));
#6117=CARTESIAN_POINT('Origin',(0.,0.,-4.2));
#6118=CARTESIAN_POINT('',(-57.4,-7.02947262710581E-15,-3.4));
#6119=CARTESIAN_POINT('',(-58.2,7.1274443710376E-15,-4.2));
#6120=CARTESIAN_POINT('Origin',(0.,0.,-3.4));
#6121=CARTESIAN_POINT('Origin',(0.,0.,0.));
#6122=CARTESIAN_POINT('',(-57.4,-7.02947262710581E-15,0.));
#6123=CARTESIAN_POINT('',(-57.4,7.02947262710581E-15,0.));
#6124=CARTESIAN_POINT('Origin',(0.,0.,0.));
#6125=CARTESIAN_POINT('Origin',(0.,0.,0.75));
#6126=CARTESIAN_POINT('',(-59.,-7.22541611496938E-15,1.5));
#6127=CARTESIAN_POINT('Origin',(0.,0.,1.5));
#6128=CARTESIAN_POINT('',(-57.5,7.04171909509728E-15,0.));
#6129=CARTESIAN_POINT('',(-58.25,-7.13356760503333E-15,0.75));
#6130=CARTESIAN_POINT('Origin',(0.,0.,0.));
#6131=CARTESIAN_POINT('Origin',(0.,0.,0.));
#6132=CARTESIAN_POINT('Origin',(0.,0.,0.));
#6133=CARTESIAN_POINT('',(-59.,-7.22541611496938E-15,6.));
#6134=CARTESIAN_POINT('Origin',(0.,0.,6.));
#6135=CARTESIAN_POINT('',(-59.,-7.22541611496938E-15,0.));
#6136=CARTESIAN_POINT('Origin',(0.,0.,6.));
#6137=CARTESIAN_POINT('Origin',(0.,0.,0.));
#6138=CARTESIAN_POINT('Origin',(0.,0.,39.8));
#6139=CARTESIAN_POINT('',(57.4,7.02947262710581E-15,38.6));
#6140=CARTESIAN_POINT('Origin',(0.,0.,38.6));
#6141=CARTESIAN_POINT('',(57.4,7.02947262710581E-15,39.8));
#6142=CARTESIAN_POINT('',(57.4,-7.02947262710581E-15,39.8));
#6143=CARTESIAN_POINT('Origin',(0.,0.,39.8));
#6144=CARTESIAN_POINT('Origin',(0.,0.,39.8));
#6145=CARTESIAN_POINT('Origin',(0.,0.,38.6));
#6146=UNCERTAINTY_MEASURE_WITH_UNIT(LENGTH_MEASURE(0.01),#6150,
'DISTANCE_ACCURACY_VALUE',
'Maximum model space distance between geometric entities at asserted c
onnectivities');
#6147=UNCERTAINTY_MEASURE_WITH_UNIT(LENGTH_MEASURE(0.01),#6150,
'DISTANCE_ACCURACY_VALUE',
'Maximum model space distance between geometric entities at asserted c
onnectivities');
#6148=(
GEOMETRIC_REPRESENTATION_CONTEXT(3)
GLOBAL_UNCERTAINTY_ASSIGNED_CONTEXT((#6146))
GLOBAL_UNIT_ASSIGNED_CONTEXT((#6150,#6152,#6153))
REPRESENTATION_CONTEXT('','3D')
);
#6149=(
GEOMETRIC_REPRESENTATION_CONTEXT(3)
GLOBAL_UNCERTAINTY_ASSIGNED_CONTEXT((#6147))
GLOBAL_UNIT_ASSIGNED_CONTEXT((#6150,#6152,#6153))
REPRESENTATION_CONTEXT('','3D')
);
#6150=(
LENGTH_UNIT()
NAMED_UNIT(*)
SI_UNIT(.MILLI.,.METRE.)
);
#6151=(
LENGTH_UNIT()
NAMED_UNIT(*)
SI_UNIT($,.METRE.)
);
#6152=(
NAMED_UNIT(*)
PLANE_ANGLE_UNIT()
SI_UNIT($,.RADIAN.)
);
#6153=(
NAMED_UNIT(*)
SI_UNIT($,.STERADIAN.)
SOLID_ANGLE_UNIT()
);
#6154=SHAPE_DEFINITION_REPRESENTATION(#6155,#6156);
#6155=PRODUCT_DEFINITION_SHAPE('',$,#6158);
#6156=SHAPE_REPRESENTATION('',(#3624),#6148);
#6157=PRODUCT_DEFINITION_CONTEXT('part definition',#6162,'design');
#6158=PRODUCT_DEFINITION('smart_jar_lid','smart_jar_lid v3',#6159,#6157);
#6159=PRODUCT_DEFINITION_FORMATION('',$,#6164);
#6160=PRODUCT_RELATED_PRODUCT_CATEGORY('smart_jar_lid v3',
'smart_jar_lid v3',(#6164));
#6161=APPLICATION_PROTOCOL_DEFINITION('international standard',
'automotive_design',2009,#6162);
#6162=APPLICATION_CONTEXT(
'Core Data for Automotive Mechanical Design Process');
#6163=PRODUCT_CONTEXT('part definition',#6162,'mechanical');
#6164=PRODUCT('smart_jar_lid','smart_jar_lid v3',$,(#6163));
#6165=PRESENTATION_STYLE_ASSIGNMENT((#6166));
#6166=SURFACE_STYLE_USAGE(.BOTH.,#6167);
#6167=SURFACE_SIDE_STYLE('',(#6168));
#6168=SURFACE_STYLE_FILL_AREA(#6169);
#6169=FILL_AREA_STYLE('Plastic - Matte (Gray)',(#6170));
#6170=FILL_AREA_STYLE_COLOUR('Plastic - Matte (Gray)',#6171);
#6171=COLOUR_RGB('Plastic - Matte (Gray)',0.701960784313725,0.701960784313725,
0.701960784313725);
ENDSEC;
END-ISO-10303-21;
