ISO-10303-21;
HEADER;
/* Generated by software containing ST-Developer
 * from STEP Tools, Inc. (www.steptools.com) 
 */

FILE_DESCRIPTION(
/* description */ (''),
/* implementation_level */ '2;1');

FILE_NAME(
/* name */ 'bruh_couch_arm_cupholder.step',
/* time_stamp */ '2023-09-18T23:56:08-04:00',
/* author */ (''),
/* organization */ (''),
/* preprocessor_version */ 'ST-DEVELOPER v20',
/* originating_system */ 'Autodesk Translation Framework v12.9.0.99',
/* authorisation */ '');

FILE_SCHEMA (('AUTOMOTIVE_DESIGN { 1 0 10303 214 3 1 1 }'));
ENDSEC;

DATA;
#10=MECHANICAL_DESIGN_GEOMETRIC_PRESENTATION_REPRESENTATION('',(#13),#2225);
#11=SHAPE_REPRESENTATION_RELATIONSHIP('SRR','None',#2232,#12);
#12=ADVANCED_BREP_SHAPE_REPRESENTATION('',(#14),#2224);
#13=STYLED_ITEM('',(#2241),#14);
#14=MANIFOLD_SOLID_BREP('cupholder',#863);
#15=PLANE('',#886);
#16=PLANE('',#902);
#17=PLANE('',#903);
#18=PLANE('',#905);
#19=PLANE('',#911);
#20=PLANE('',#914);
#21=PLANE('',#919);
#22=PLANE('',#934);
#23=PLANE('',#938);
#24=PLANE('',#939);
#25=PLANE('',#949);
#26=PLANE('',#950);
#27=PLANE('',#951);
#28=PLANE('',#952);
#29=LINE('',#1409,#77);
#30=LINE('',#1418,#78);
#31=LINE('',#1422,#79);
#32=LINE('',#1428,#80);
#33=LINE('',#1439,#81);
#34=LINE('',#1442,#82);
#35=LINE('',#1527,#83);
#36=LINE('',#1528,#84);
#37=LINE('',#1533,#85);
#38=LINE('',#1534,#86);
#39=LINE('',#1537,#87);
#40=LINE('',#1538,#88);
#41=LINE('',#1540,#89);
#42=LINE('',#1541,#90);
#43=LINE('',#1544,#91);
#44=LINE('',#1546,#92);
#45=LINE('',#1554,#93);
#46=LINE('',#1555,#94);
#47=LINE('',#1558,#95);
#48=LINE('',#1560,#96);
#49=LINE('',#1578,#97);
#50=LINE('',#1580,#98);
#51=LINE('',#1581,#99);
#52=LINE('',#1626,#100);
#53=LINE('',#1638,#101);
#54=LINE('',#1651,#102);
#55=LINE('',#1659,#103);
#56=LINE('',#1660,#104);
#57=LINE('',#1743,#105);
#58=LINE('',#1746,#106);
#59=LINE('',#1940,#107);
#60=LINE('',#1942,#108);
#61=LINE('',#1944,#109);
#62=LINE('',#1945,#110);
#63=LINE('',#1950,#111);
#64=LINE('',#1955,#112);
#65=LINE('',#1956,#113);
#66=LINE('',#1957,#114);
#67=LINE('',#1961,#115);
#68=LINE('',#1963,#116);
#69=LINE('',#1965,#117);
#70=LINE('',#1966,#118);
#71=LINE('',#1975,#119);
#72=LINE('',#1980,#120);
#73=LINE('',#1984,#121);
#74=LINE('',#1986,#122);
#75=LINE('',#2103,#123);
#76=LINE('',#2123,#124);
#77=VECTOR('',#971,10.);
#78=VECTOR('',#972,10.);
#79=VECTOR('',#977,10.);
#80=VECTOR('',#984,10.);
#81=VECTOR('',#989,10.);
#82=VECTOR('',#992,10.);
#83=VECTOR('',#1007,10.);
#84=VECTOR('',#1008,10.);
#85=VECTOR('',#1015,10.);
#86=VECTOR('',#1016,10.);
#87=VECTOR('',#1019,10.);
#88=VECTOR('',#1020,10.);
#89=VECTOR('',#1023,10.);
#90=VECTOR('',#1024,10.);
#91=VECTOR('',#1027,10.);
#92=VECTOR('',#1028,10.);
#93=VECTOR('',#1035,10.);
#94=VECTOR('',#1036,10.);
#95=VECTOR('',#1039,10.);
#96=VECTOR('',#1040,10.);
#97=VECTOR('',#1045,10.);
#98=VECTOR('',#1046,10.);
#99=VECTOR('',#1047,10.);
#100=VECTOR('',#1050,10.);
#101=VECTOR('',#1057,10.);
#102=VECTOR('',#1064,10.);
#103=VECTOR('',#1067,10.);
#104=VECTOR('',#1068,10.);
#105=VECTOR('',#1087,10.);
#106=VECTOR('',#1090,10.);
#107=VECTOR('',#1101,10.);
#108=VECTOR('',#1102,10.);
#109=VECTOR('',#1103,10.);
#110=VECTOR('',#1104,10.);
#111=VECTOR('',#1109,10.);
#112=VECTOR('',#1114,10.);
#113=VECTOR('',#1115,10.);
#114=VECTOR('',#1116,10.);
#115=VECTOR('',#1119,10.);
#116=VECTOR('',#1120,10.);
#117=VECTOR('',#1121,10.);
#118=VECTOR('',#1122,10.);
#119=VECTOR('',#1135,10.);
#120=VECTOR('',#1140,10.);
#121=VECTOR('',#1145,10.);
#122=VECTOR('',#1146,10.);
#123=VECTOR('',#1149,10.);
#124=VECTOR('',#1152,10.);
#125=CYLINDRICAL_SURFACE('',#884,7.2);
#126=CYLINDRICAL_SURFACE('',#888,7.2);
#127=CYLINDRICAL_SURFACE('',#890,2.);
#128=CYLINDRICAL_SURFACE('',#898,2.);
#129=CYLINDRICAL_SURFACE('',#900,46.5);
#130=CYLINDRICAL_SURFACE('',#904,50.5);
#131=CYLINDRICAL_SURFACE('',#909,46.5);
#132=CYLINDRICAL_SURFACE('',#912,7.2);
#133=CYLINDRICAL_SURFACE('',#917,7.2);
#134=CYLINDRICAL_SURFACE('',#920,2.);
#135=CYLINDRICAL_SURFACE('',#926,2.);
#136=CYLINDRICAL_SURFACE('',#927,50.5);
#137=CYLINDRICAL_SURFACE('',#935,30.);
#138=CYLINDRICAL_SURFACE('',#940,30.);
#139=CYLINDRICAL_SURFACE('',#943,3.);
#140=CYLINDRICAL_SURFACE('',#946,3.);
#141=B_SPLINE_SURFACE_WITH_KNOTS('',3,3,((#1236,#1237,#1238,#1239,#1240,
#1241),(#1242,#1243,#1244,#1245,#1246,#1247),(#1248,#1249,#1250,#1251,#1252,
#1253),(#1254,#1255,#1256,#1257,#1258,#1259),(#1260,#1261,#1262,#1263,#1264,
#1265),(#1266,#1267,#1268,#1269,#1270,#1271)),.UNSPECIFIED.,.F.,.F.,.F.,
(4,1,1,4),(4,1,1,4),(0.,0.285714285714286,0.571428571428571,1.),(2.81727305401794,
3.02924128265009,3.24120951128224,3.55916185423046),.UNSPECIFIED.);
#142=B_SPLINE_SURFACE_WITH_KNOTS('',3,3,((#1339,#1340,#1341,#1342,#1343,
#1344),(#1345,#1346,#1347,#1348,#1349,#1350),(#1351,#1352,#1353,#1354,#1355,
#1356),(#1357,#1358,#1359,#1360,#1361,#1362),(#1363,#1364,#1365,#1366,#1367,
#1368),(#1369,#1370,#1371,#1372,#1373,#1374)),.UNSPECIFIED.,.F.,.F.,.F.,
(4,1,1,4),(4,1,1,4),(0.,0.285714285714286,0.571428571428571,1.),(3.55916185423046,
3.87711419717869,4.08908242581084,4.301050654443),.UNSPECIFIED.);
#143=B_SPLINE_SURFACE_WITH_KNOTS('',3,3,((#1443,#1444,#1445,#1446,#1447,
#1448),(#1449,#1450,#1451,#1452,#1453,#1454),(#1455,#1456,#1457,#1458,#1459,
#1460),(#1461,#1462,#1463,#1464,#1465,#1466),(#1467,#1468,#1469,#1470,#1471,
#1472)),.UNSPECIFIED.,.F.,.F.,.F.,(4,1,4),(4,1,1,4),(0.,0.571428571428571,
1.),(5.40771528807157E-16,0.362887573012043,0.604812621686738,0.846737670361433),
 .UNSPECIFIED.);
#144=B_SPLINE_SURFACE_WITH_KNOTS('',3,3,((#1485,#1486,#1487,#1488,#1489,
#1490),(#1491,#1492,#1493,#1494,#1495,#1496),(#1497,#1498,#1499,#1500,#1501,
#1502),(#1503,#1504,#1505,#1506,#1507,#1508),(#1509,#1510,#1511,#1512,#1513,
#1514)),.UNSPECIFIED.,.F.,.F.,.F.,(4,1,4),(4,1,1,4),(0.,0.571428571428571,
1.),(0.,0.362886381241883,0.604810635403138,0.846734889564393),
 .UNSPECIFIED.);
#145=B_SPLINE_SURFACE_WITH_KNOTS('',3,3,((#1663,#1664,#1665,#1666,#1667,
#1668),(#1669,#1670,#1671,#1672,#1673,#1674),(#1675,#1676,#1677,#1678,#1679,
#1680),(#1681,#1682,#1683,#1684,#1685,#1686),(#1687,#1688,#1689,#1690,#1691,
#1692)),.UNSPECIFIED.,.F.,.F.,.F.,(4,1,4),(4,1,1,4),(0.,0.571428571428571,
1.),(0.,0.362886381241882,0.604810635403137,0.846734889564392),
 .UNSPECIFIED.);
#146=B_SPLINE_SURFACE_WITH_KNOTS('',3,3,((#1696,#1697,#1698,#1699,#1700,
#1701),(#1702,#1703,#1704,#1705,#1706,#1707),(#1708,#1709,#1710,#1711,#1712,
#1713),(#1714,#1715,#1716,#1717,#1718,#1719),(#1720,#1721,#1722,#1723,#1724,
#1725)),.UNSPECIFIED.,.F.,.F.,.F.,(4,1,4),(4,1,1,4),(0.,0.571428571428571,
1.),(0.,0.362887573012043,0.604812621686738,0.846737670361433),
 .UNSPECIFIED.);
#147=B_SPLINE_SURFACE_WITH_KNOTS('',3,3,((#1747,#1748,#1749,#1750,#1751,
#1752),(#1753,#1754,#1755,#1756,#1757,#1758),(#1759,#1760,#1761,#1762,#1763,
#1764),(#1765,#1766,#1767,#1768,#1769,#1770),(#1771,#1772,#1773,#1774,#1775,
#1776),(#1777,#1778,#1779,#1780,#1781,#1782)),.UNSPECIFIED.,.F.,.F.,.F.,
(4,1,1,4),(4,1,1,4),(0.,0.285714285714286,0.571428571428571,1.),(3.5591618542308,
3.87711419717882,4.08908242581083,4.30105065444285),.UNSPECIFIED.);
#148=B_SPLINE_SURFACE_WITH_KNOTS('',3,3,((#1806,#1807,#1808,#1809,#1810,
#1811),(#1812,#1813,#1814,#1815,#1816,#1817),(#1818,#1819,#1820,#1821,#1822,
#1823),(#1824,#1825,#1826,#1827,#1828,#1829),(#1830,#1831,#1832,#1833,#1834,
#1835),(#1836,#1837,#1838,#1839,#1840,#1841)),.UNSPECIFIED.,.F.,.F.,.F.,
(4,1,1,4),(4,1,1,4),(0.,0.285714285714286,0.571428571428571,1.),(2.81727305401872,
3.13522539696675,3.34719362559877,3.55916185423079),.UNSPECIFIED.);
#149=B_SPLINE_SURFACE_WITH_KNOTS('',3,3,((#1997,#1998,#1999,#2000,#2001,
#2002,#2003,#2004,#2005,#2006),(#2007,#2008,#2009,#2010,#2011,#2012,#2013,
#2014,#2015,#2016),(#2017,#2018,#2019,#2020,#2021,#2022,#2023,#2024,#2025,
#2026),(#2027,#2028,#2029,#2030,#2031,#2032,#2033,#2034,#2035,#2036),(#2037,
#2038,#2039,#2040,#2041,#2042,#2043,#2044,#2045,#2046),(#2047,#2048,#2049,
#2050,#2051,#2052,#2053,#2054,#2055,#2056),(#2057,#2058,#2059,#2060,#2061,
#2062,#2063,#2064,#2065,#2066)),.UNSPECIFIED.,.F.,.F.,.F.,(4,1,1,1,4),(4,
1,1,1,1,1,1,4),(0.,0.285714285714286,0.571428571428571,0.857142857142857,
1.),(-0.445933942928344,0.910617681483394,2.26716930589513,3.62372093030687,
4.98027255471861,6.33682417913035,7.69337580354208,9.04992742795382),
 .UNSPECIFIED.);
#150=B_SPLINE_SURFACE_WITH_KNOTS('',3,3,((#2134,#2135,#2136,#2137,#2138,
#2139,#2140,#2141,#2142,#2143),(#2144,#2145,#2146,#2147,#2148,#2149,#2150,
#2151,#2152,#2153),(#2154,#2155,#2156,#2157,#2158,#2159,#2160,#2161,#2162,
#2163),(#2164,#2165,#2166,#2167,#2168,#2169,#2170,#2171,#2172,#2173),(#2174,
#2175,#2176,#2177,#2178,#2179,#2180,#2181,#2182,#2183),(#2184,#2185,#2186,
#2187,#2188,#2189,#2190,#2191,#2192,#2193),(#2194,#2195,#2196,#2197,#2198,
#2199,#2200,#2201,#2202,#2203)),.UNSPECIFIED.,.F.,.F.,.F.,(4,1,1,1,4),(4,
1,1,1,1,1,1,4),(0.,0.285714285714286,0.571428571428571,0.857142857142857,
1.),(-0.445051664835682,0.911450445729118,2.26795255629392,3.62445466685872,
4.98095677742352,6.33745888798832,7.69396099855312,9.05046310911792),
 .UNSPECIFIED.);
#151=FACE_OUTER_BOUND('',#197,.T.);
#152=FACE_OUTER_BOUND('',#198,.T.);
#153=FACE_OUTER_BOUND('',#199,.T.);
#154=FACE_OUTER_BOUND('',#200,.T.);
#155=FACE_OUTER_BOUND('',#201,.T.);
#156=FACE_OUTER_BOUND('',#202,.T.);
#157=FACE_OUTER_BOUND('',#203,.T.);
#158=FACE_OUTER_BOUND('',#204,.T.);
#159=FACE_OUTER_BOUND('',#205,.T.);
#160=FACE_OUTER_BOUND('',#206,.T.);
#161=FACE_OUTER_BOUND('',#207,.T.);
#162=FACE_OUTER_BOUND('',#208,.T.);
#163=FACE_OUTER_BOUND('',#209,.T.);
#164=FACE_OUTER_BOUND('',#210,.T.);
#165=FACE_OUTER_BOUND('',#211,.T.);
#166=FACE_OUTER_BOUND('',#212,.T.);
#167=FACE_OUTER_BOUND('',#213,.T.);
#168=FACE_OUTER_BOUND('',#214,.T.);
#169=FACE_OUTER_BOUND('',#215,.T.);
#170=FACE_OUTER_BOUND('',#216,.T.);
#171=FACE_OUTER_BOUND('',#217,.T.);
#172=FACE_OUTER_BOUND('',#218,.T.);
#173=FACE_OUTER_BOUND('',#219,.T.);
#174=FACE_OUTER_BOUND('',#220,.T.);
#175=FACE_OUTER_BOUND('',#221,.T.);
#176=FACE_OUTER_BOUND('',#222,.T.);
#177=FACE_OUTER_BOUND('',#223,.T.);
#178=FACE_OUTER_BOUND('',#224,.T.);
#179=FACE_OUTER_BOUND('',#225,.T.);
#180=FACE_OUTER_BOUND('',#226,.T.);
#181=FACE_OUTER_BOUND('',#227,.T.);
#182=FACE_OUTER_BOUND('',#228,.T.);
#183=FACE_OUTER_BOUND('',#229,.T.);
#184=FACE_OUTER_BOUND('',#230,.T.);
#185=FACE_OUTER_BOUND('',#231,.T.);
#186=FACE_OUTER_BOUND('',#232,.T.);
#187=FACE_OUTER_BOUND('',#233,.T.);
#188=FACE_OUTER_BOUND('',#234,.T.);
#189=FACE_OUTER_BOUND('',#235,.T.);
#190=FACE_OUTER_BOUND('',#236,.T.);
#191=FACE_OUTER_BOUND('',#237,.T.);
#192=FACE_OUTER_BOUND('',#238,.T.);
#193=FACE_OUTER_BOUND('',#239,.T.);
#194=FACE_OUTER_BOUND('',#240,.T.);
#195=FACE_OUTER_BOUND('',#241,.T.);
#196=FACE_OUTER_BOUND('',#242,.T.);
#197=EDGE_LOOP('',(#547,#548,#549,#550,#551,#552,#553,#554));
#198=EDGE_LOOP('',(#555,#556,#557,#558));
#199=EDGE_LOOP('',(#559,#560,#561,#562));
#200=EDGE_LOOP('',(#563,#564,#565,#566));
#201=EDGE_LOOP('',(#567,#568,#569,#570,#571));
#202=EDGE_LOOP('',(#572,#573,#574,#575));
#203=EDGE_LOOP('',(#576,#577,#578,#579,#580));
#204=EDGE_LOOP('',(#581,#582,#583,#584));
#205=EDGE_LOOP('',(#585,#586,#587,#588));
#206=EDGE_LOOP('',(#589,#590,#591,#592));
#207=EDGE_LOOP('',(#593,#594,#595,#596));
#208=EDGE_LOOP('',(#597,#598,#599,#600));
#209=EDGE_LOOP('',(#601,#602,#603,#604,#605,#606));
#210=EDGE_LOOP('',(#607,#608,#609,#610));
#211=EDGE_LOOP('',(#611,#612,#613,#614));
#212=EDGE_LOOP('',(#615,#616,#617,#618,#619,#620));
#213=EDGE_LOOP('',(#621,#622,#623,#624,#625,#626,#627,#628,#629,#630,#631,
#632));
#214=EDGE_LOOP('',(#633,#634,#635,#636,#637,#638));
#215=EDGE_LOOP('',(#639,#640,#641,#642));
#216=EDGE_LOOP('',(#643,#644,#645,#646,#647));
#217=EDGE_LOOP('',(#648,#649,#650,#651));
#218=EDGE_LOOP('',(#652,#653,#654,#655,#656));
#219=EDGE_LOOP('',(#657,#658,#659,#660));
#220=EDGE_LOOP('',(#661,#662,#663,#664));
#221=EDGE_LOOP('',(#665,#666,#667,#668));
#222=EDGE_LOOP('',(#669,#670,#671,#672));
#223=EDGE_LOOP('',(#673,#674,#675,#676));
#224=EDGE_LOOP('',(#677,#678,#679,#680));
#225=EDGE_LOOP('',(#681,#682,#683,#684,#685,#686));
#226=EDGE_LOOP('',(#687,#688,#689,#690));
#227=EDGE_LOOP('',(#691,#692,#693,#694));
#228=EDGE_LOOP('',(#695,#696,#697,#698));
#229=EDGE_LOOP('',(#699,#700,#701,#702,#703,#704,#705,#706));
#230=EDGE_LOOP('',(#707,#708,#709,#710));
#231=EDGE_LOOP('',(#711,#712,#713,#714));
#232=EDGE_LOOP('',(#715,#716,#717,#718));
#233=EDGE_LOOP('',(#719,#720,#721,#722));
#234=EDGE_LOOP('',(#723,#724,#725,#726));
#235=EDGE_LOOP('',(#727,#728,#729,#730));
#236=EDGE_LOOP('',(#731,#732,#733,#734));
#237=EDGE_LOOP('',(#735,#736,#737,#738));
#238=EDGE_LOOP('',(#739,#740,#741,#742,#743,#744,#745,#746));
#239=EDGE_LOOP('',(#747,#748,#749,#750,#751,#752,#753,#754,#755,#756,#757,
#758,#759,#760,#761,#762,#763,#764,#765,#766,#767,#768,#769,#770,#771,#772));
#240=EDGE_LOOP('',(#773,#774,#775,#776));
#241=EDGE_LOOP('',(#777,#778,#779,#780,#781,#782,#783,#784));
#242=EDGE_LOOP('',(#785,#786,#787,#788,#789,#790,#791,#792,#793,#794,#795,
#796,#797,#798,#799,#800,#801,#802,#803,#804,#805,#806,#807,#808,#809,#810));
#243=CIRCLE('',#878,50.5);
#244=CIRCLE('',#879,1.8);
#245=CIRCLE('',#881,1.8);
#246=CIRCLE('',#882,48.7);
#247=CIRCLE('',#883,50.5);
#248=CIRCLE('',#885,7.2);
#249=CIRCLE('',#887,48.5);
#250=CIRCLE('',#889,7.2);
#251=CIRCLE('',#891,2.);
#252=CIRCLE('',#892,2.);
#253=CIRCLE('',#893,2.00000000000001);
#254=CIRCLE('',#895,2.00000000000001);
#255=CIRCLE('',#896,46.5);
#256=CIRCLE('',#897,2.00000000000001);
#257=CIRCLE('',#899,2.);
#258=CIRCLE('',#901,46.5);
#259=CIRCLE('',#906,2.);
#260=CIRCLE('',#907,46.5);
#261=CIRCLE('',#908,2.);
#262=CIRCLE('',#910,46.5);
#263=CIRCLE('',#913,7.2);
#264=CIRCLE('',#915,48.7);
#265=CIRCLE('',#916,48.5);
#266=CIRCLE('',#918,7.2);
#267=CIRCLE('',#921,1.99999999999999);
#268=CIRCLE('',#922,2.);
#269=CIRCLE('',#924,1.99999999999999);
#270=CIRCLE('',#925,2.);
#271=CIRCLE('',#928,50.5);
#272=CIRCLE('',#929,50.5);
#273=CIRCLE('',#930,1.8);
#274=CIRCLE('',#932,1.80000000000002);
#275=CIRCLE('',#936,30.);
#276=CIRCLE('',#937,30.);
#277=CIRCLE('',#941,30.);
#278=CIRCLE('',#942,30.);
#279=CIRCLE('',#944,3.);
#280=CIRCLE('',#945,3.);
#281=CIRCLE('',#947,3.);
#282=CIRCLE('',#948,3.);
#283=B_SPLINE_CURVE_WITH_KNOTS('',3,(#1159,#1160,#1161,#1162,#1163,#1164,
#1165,#1166,#1167,#1168,#1169,#1170,#1171,#1172,#1173,#1174,#1175,#1176,
#1177,#1178,#1179,#1180),.UNSPECIFIED.,.F.,.F.,(4,2,2,2,2,2,2,2,2,2,4),
(-8.80638823629674,-8.64059742723713,-8.47480661817752,-8.26971042168089,
-8.06461422518427,-7.45595830560212,-6.84730238601997,-6.1185147488374,
-5.38972711165484,-4.72854077697594,-4.06735444229705),.UNSPECIFIED.);
#284=B_SPLINE_CURVE_WITH_KNOTS('',3,(#1184,#1185,#1186,#1187,#1188,#1189,
#1190,#1191,#1192,#1193,#1194,#1195,#1196,#1197,#1198,#1199,#1200,#1201,
#1202,#1203,#1204,#1205),.UNSPECIFIED.,.F.,.F.,(4,2,2,2,2,2,2,2,2,2,4),
(-8.80638823629674,-8.64059742723713,-8.47480661817752,-8.26971042168089,
-8.06461422518427,-7.45595830560212,-6.84730238601997,-6.1185147488374,
-5.38972711165483,-4.72854077697594,-4.06735444229704),.UNSPECIFIED.);
#285=B_SPLINE_CURVE_WITH_KNOTS('',3,(#1207,#1208,#1209,#1210),
 .UNSPECIFIED.,.F.,.F.,(4,4),(-4.06735444229704,-3.93426528218581),
 .UNSPECIFIED.);
#286=B_SPLINE_CURVE_WITH_KNOTS('',3,(#1212,#1213,#1214,#1215),
 .UNSPECIFIED.,.F.,.F.,(4,4),(0.,0.444285823267272),.UNSPECIFIED.);
#287=B_SPLINE_CURVE_WITH_KNOTS('',3,(#1217,#1218,#1219,#1220,#1221,#1222,
#1223,#1224,#1225,#1226),.UNSPECIFIED.,.F.,.F.,(4,1,1,1,1,1,1,4),(-8.6054855944794,
-7.69396099855312,-6.33745888798832,-4.98095677742352,-3.62445466685872,
-2.26795255629392,-0.911450445729118,-3.85464370991934E-15),
 .UNSPECIFIED.);
#288=B_SPLINE_CURVE_WITH_KNOTS('',3,(#1228,#1229,#1230,#1231),
 .UNSPECIFIED.,.F.,.F.,(4,4),(-9.04975489098233,-8.6054855944794),
 .UNSPECIFIED.);
#289=B_SPLINE_CURVE_WITH_KNOTS('',3,(#1232,#1233,#1234,#1235),
 .UNSPECIFIED.,.F.,.F.,(4,4),(-4.06735444229705,-3.93426528218581),
 .UNSPECIFIED.);
#290=B_SPLINE_CURVE_WITH_KNOTS('',3,(#1274,#1275,#1276,#1277,#1278,#1279,
#1280,#1281,#1282,#1283,#1284,#1285,#1286,#1287,#1288,#1289,#1290,#1291),
 .UNSPECIFIED.,.F.,.F.,(4,2,2,2,2,2,2,2,4),(0.,0.223455104905437,0.430689287461745,
0.628708597803205,0.818177448859319,0.97414452917693,1.08101418346526,1.14737068938222,
1.20888900925229),.UNSPECIFIED.);
#291=B_SPLINE_CURVE_WITH_KNOTS('',3,(#1293,#1294,#1295,#1296),
 .UNSPECIFIED.,.F.,.F.,(4,4),(3.48222289421566,3.55916185423046),
 .UNSPECIFIED.);
#292=B_SPLINE_CURVE_WITH_KNOTS('',3,(#1299,#1300,#1301,#1302,#1303,#1304,
#1305,#1306,#1307,#1308,#1309,#1310,#1311,#1312,#1313,#1314,#1315,#1316,
#1317,#1318,#1319,#1320,#1321,#1322,#1323,#1324,#1325,#1326,#1327,#1328,
#1329,#1330,#1331,#1332),.UNSPECIFIED.,.F.,.F.,(4,3,3,3,3,3,3,3,3,3,3,4),
(-3.55916185423046,-3.49406066640292,-3.42899399559079,-3.36488754854331,
-3.315820993052,-3.24115288894626,-3.14997928348116,-3.09004111658152,-3.02919251317775,
-2.93245513976102,-2.87984663819751,-2.8172730540183),.UNSPECIFIED.);
#293=B_SPLINE_CURVE_WITH_KNOTS('',3,(#1377,#1378,#1379,#1380,#1381,#1382,
#1383,#1384,#1385,#1386,#1387,#1388,#1389,#1390,#1391,#1392,#1393,#1394,
#1395,#1396),.UNSPECIFIED.,.F.,.F.,(4,2,2,2,2,2,2,2,2,4),(0.,0.0280652517376334,
0.0595146972320401,0.102028718420527,0.162157269779396,0.246612628965177,
0.336256268430813,0.445222032263788,0.503715109178737,0.549529743117065),
 .UNSPECIFIED.);
#294=B_SPLINE_CURVE_WITH_KNOTS('',3,(#1397,#1398,#1399,#1400,#1401,#1402),
 .UNSPECIFIED.,.F.,.F.,(4,1,1,4),(-4.301050654443,-4.08908242581084,-3.87711419717869,
-3.55916185423046),.UNSPECIFIED.);
#295=B_SPLINE_CURVE_WITH_KNOTS('',3,(#1403,#1404,#1405,#1406),
 .UNSPECIFIED.,.F.,.F.,(4,4),(3.55916185423046,3.6361008142455),
 .UNSPECIFIED.);
#296=B_SPLINE_CURVE_WITH_KNOTS('',3,(#1411,#1412,#1413,#1414,#1415,#1416),
 .UNSPECIFIED.,.F.,.F.,(4,1,1,4),(-0.846734889564393,-0.604810635403138,
-0.362886381241883,0.),.UNSPECIFIED.);
#297=B_SPLINE_CURVE_WITH_KNOTS('',3,(#1429,#1430,#1431,#1432,#1433,#1434),
 .UNSPECIFIED.,.F.,.F.,(4,1,1,4),(-0.846737670361433,-0.604812621686738,
-0.362887573012043,-5.40771528807157E-16),.UNSPECIFIED.);
#298=B_SPLINE_CURVE_WITH_KNOTS('',3,(#1475,#1476,#1477,#1478,#1479,#1480),
 .UNSPECIFIED.,.F.,.F.,(4,1,1,4),(5.40771528807157E-16,0.362887573012043,
0.604812621686738,0.846737670361433),.UNSPECIFIED.);
#299=B_SPLINE_CURVE_WITH_KNOTS('',3,(#1517,#1518,#1519,#1520,#1521,#1522),
 .UNSPECIFIED.,.F.,.F.,(4,1,1,4),(0.,0.362886381241883,0.604810635403138,
0.846734889564393),.UNSPECIFIED.);
#300=B_SPLINE_CURVE_WITH_KNOTS('',3,(#1562,#1563,#1564,#1565,#1566,#1567),
 .UNSPECIFIED.,.F.,.F.,(4,1,1,4),(0.,0.362887573012043,0.604812621686738,
0.846737670361433),.UNSPECIFIED.);
#301=B_SPLINE_CURVE_WITH_KNOTS('',3,(#1570,#1571,#1572,#1573,#1574,#1575),
 .UNSPECIFIED.,.F.,.F.,(4,1,1,4),(0.,0.362886381241882,0.604810635403137,
0.846734889564392),.UNSPECIFIED.);
#302=B_SPLINE_CURVE_WITH_KNOTS('',3,(#1585,#1586,#1587,#1588,#1589,#1590,
#1591,#1592,#1593,#1594,#1595,#1596,#1597,#1598,#1599,#1600,#1601,#1602,
#1603,#1604,#1605,#1606,#1607,#1608,#1609,#1610,#1611,#1612,#1613,#1614,
#1615,#1616,#1617,#1618,#1619,#1620,#1621,#1622,#1623,#1624),
 .UNSPECIFIED.,.F.,.F.,(4,3,3,3,3,3,3,3,3,3,3,3,3,4),(-3.55916185423079,
-3.48073777660794,-3.403409919617,-3.3472486753431,-3.315820993107,-3.23968004383533,
-3.16405116079148,-3.1352488101352,-3.09004111530132,-3.01335952457015,
-2.93851865433649,-2.87984663615153,-2.83320938713251,-2.81727305401909),
 .UNSPECIFIED.);
#303=B_SPLINE_CURVE_WITH_KNOTS('',3,(#1627,#1628,#1629,#1630,#1631,#1632),
 .UNSPECIFIED.,.F.,.F.,(4,1,1,4),(-0.846737670361433,-0.604812621686738,
-0.362887573012043,0.),.UNSPECIFIED.);
#304=B_SPLINE_CURVE_WITH_KNOTS('',3,(#1642,#1643,#1644,#1645,#1646,#1647),
 .UNSPECIFIED.,.F.,.F.,(4,1,1,4),(-4.30105065444285,-4.08908242581083,-3.87711419717882,
-3.5591618542308),.UNSPECIFIED.);
#305=B_SPLINE_CURVE_WITH_KNOTS('',3,(#1652,#1653,#1654,#1655,#1656,#1657),
 .UNSPECIFIED.,.F.,.F.,(4,1,1,4),(-0.846734889564392,-0.604810635403137,
-0.362886381241882,0.),.UNSPECIFIED.);
#306=B_SPLINE_CURVE_WITH_KNOTS('',3,(#1731,#1732,#1733,#1734),
 .UNSPECIFIED.,.F.,.F.,(4,4),(3.5591618542308,3.63610081424582),
 .UNSPECIFIED.);
#307=B_SPLINE_CURVE_WITH_KNOTS('',3,(#1738,#1739,#1740,#1741),
 .UNSPECIFIED.,.F.,.F.,(4,4),(3.482222894216,3.55916185423079),
 .UNSPECIFIED.);
#308=B_SPLINE_CURVE_WITH_KNOTS('',3,(#1783,#1784,#1785,#1786,#1787,#1788,
#1789,#1790,#1791,#1792,#1793,#1794,#1795,#1796,#1797,#1798,#1799,#1800,
#1801,#1802),.UNSPECIFIED.,.F.,.F.,(4,2,2,2,2,2,2,2,2,4),(0.,0.0280652517376146,
0.0595146972319663,0.102028718420352,0.162157269778775,0.246612628963541,
0.3362562684282,0.445222032260226,0.50371510917487,0.549529743112676),
 .UNSPECIFIED.);
#309=B_SPLINE_CURVE_WITH_KNOTS('',3,(#1842,#1843,#1844,#1845,#1846,#1847,
#1848,#1849,#1850,#1851,#1852,#1853,#1854,#1855,#1856,#1857,#1858,#1859),
 .UNSPECIFIED.,.F.,.F.,(4,2,2,2,2,2,2,2,4),(0.,0.223455104903634,0.430689287459899,
0.628708597801444,0.818177448857139,0.974144529174596,1.08101418346314,
1.14737068938029,1.20888900925044),.UNSPECIFIED.);
#310=B_SPLINE_CURVE_WITH_KNOTS('',3,(#1863,#1864,#1865,#1866,#1867,#1868,
#1869,#1870,#1871,#1872),.UNSPECIFIED.,.F.,.F.,(4,1,1,1,1,1,1,4),(-8.60406751707966,
-7.69337580354208,-6.33682417913035,-4.98027255471861,-3.62372093030687,
-2.26716930589513,-0.910617681483394,2.86200009040604E-15),
 .UNSPECIFIED.);
#311=B_SPLINE_CURVE_WITH_KNOTS('',3,(#1874,#1875,#1876,#1877),
 .UNSPECIFIED.,.F.,.F.,(4,4),(-9.04921718037876,-8.60406751707966),
 .UNSPECIFIED.);
#312=B_SPLINE_CURVE_WITH_KNOTS('',3,(#1879,#1880,#1881,#1882),
 .UNSPECIFIED.,.F.,.F.,(4,4),(-4.06735444229704,-3.9340186305779),
 .UNSPECIFIED.);
#313=B_SPLINE_CURVE_WITH_KNOTS('',3,(#1883,#1884,#1885,#1886,#1887,#1888,
#1889,#1890,#1891,#1892,#1893,#1894,#1895,#1896,#1897,#1898,#1899,#1900,
#1901,#1902,#1903,#1904),.UNSPECIFIED.,.F.,.F.,(4,2,2,2,2,2,2,2,2,2,4),
(-8.80638823629674,-8.64059742723713,-8.47480661817752,-8.26971042168089,
-8.06461422518427,-7.45595830560212,-6.84730238601997,-6.1185147488374,
-5.38972711165484,-4.72854077697594,-4.06735444229704),.UNSPECIFIED.);
#314=B_SPLINE_CURVE_WITH_KNOTS('',3,(#1906,#1907,#1908,#1909,#1910,#1911,
#1912,#1913,#1914,#1915,#1916,#1917,#1918,#1919,#1920,#1921,#1922,#1923,
#1924,#1925,#1926,#1927),.UNSPECIFIED.,.F.,.F.,(4,2,2,2,2,2,2,2,2,2,4),
(-8.80638823629674,-8.64059742723713,-8.47480661817752,-8.26971042168089,
-8.06461422518427,-7.45595830560212,-6.84730238601997,-6.1185147488374,
-5.38972711165484,-4.72854077697594,-4.06735444229704),.UNSPECIFIED.);
#315=B_SPLINE_CURVE_WITH_KNOTS('',3,(#1929,#1930,#1931,#1932),
 .UNSPECIFIED.,.F.,.F.,(4,4),(-4.06735444229704,-3.9340186305779),
 .UNSPECIFIED.);
#316=B_SPLINE_CURVE_WITH_KNOTS('',3,(#1933,#1934,#1935,#1936),
 .UNSPECIFIED.,.F.,.F.,(4,4),(1.91831051947466E-15,0.445166241986087),
 .UNSPECIFIED.);
#317=B_SPLINE_CURVE_WITH_KNOTS('',3,(#1987,#1988,#1989,#1990,#1991,#1992,
#1993,#1994,#1995,#1996),.UNSPECIFIED.,.F.,.F.,(4,1,1,1,1,1,1,4),(-0.351125289392325,
0.910617681483394,2.26716930589513,3.62372093030687,4.98027255471861,6.33682417913035,
7.69337580354208,8.95517986448913),.UNSPECIFIED.);
#318=B_SPLINE_CURVE_WITH_KNOTS('',3,(#2068,#2069,#2070,#2071,#2072,#2073,
#2074,#2075,#2076,#2077,#2078,#2079),.UNSPECIFIED.,.F.,.F.,(4,2,2,2,2,4),
(0.301842051501961,1.40816702759021,2.81439900247609,4.21945641606719,5.13333928598024,
6.04551813218877),.UNSPECIFIED.);
#319=B_SPLINE_CURVE_WITH_KNOTS('',3,(#2081,#2082,#2083,#2084,#2085,#2086,
#2087,#2088,#2089,#2090,#2091,#2092),.UNSPECIFIED.,.F.,.F.,(4,2,2,2,2,4),
(0.,1.40886769193565,2.81769878600932,4.22521969304411,5.13610173138989,
5.74395897066503),.UNSPECIFIED.);
#320=B_SPLINE_CURVE_WITH_KNOTS('',3,(#2093,#2094,#2095,#2096),
 .UNSPECIFIED.,.F.,.F.,(4,4),(5.74395897066503,6.04558561289356),
 .UNSPECIFIED.);
#321=B_SPLINE_CURVE_WITH_KNOTS('',3,(#2097,#2098,#2099,#2100),
 .UNSPECIFIED.,.F.,.F.,(4,4),(0.,0.301842051503789),.UNSPECIFIED.);
#322=B_SPLINE_CURVE_WITH_KNOTS('',3,(#2105,#2106,#2107,#2108,#2109,#2110,
#2111,#2112,#2113,#2114,#2115,#2116),.UNSPECIFIED.,.F.,.F.,(4,2,2,2,2,4),
(0.301267572408009,1.40816434636993,2.81439406366686,4.21945120748955,5.13321575313481,
6.04528046172184),.UNSPECIFIED.);
#323=B_SPLINE_CURVE_WITH_KNOTS('',3,(#2117,#2118,#2119,#2120),
 .UNSPECIFIED.,.F.,.F.,(4,4),(0.,0.301267572409836),.UNSPECIFIED.);
#324=B_SPLINE_CURVE_WITH_KNOTS('',3,(#2124,#2125,#2126,#2127,#2128,#2129,
#2130,#2131,#2132,#2133),.UNSPECIFIED.,.F.,.F.,(4,1,1,1,1,1,1,4),(-0.350420115544859,
0.911450445729118,2.26795255629392,3.62445466685872,4.98095677742352,6.33745888798832,
7.69396099855312,8.95589281786829),.UNSPECIFIED.);
#325=B_SPLINE_CURVE_WITH_KNOTS('',3,(#2205,#2206,#2207,#2208,#2209,#2210,
#2211,#2212,#2213,#2214,#2215,#2216),.UNSPECIFIED.,.F.,.F.,(4,2,2,2,2,4),
(0.,1.40886207537761,2.81768761550185,4.22520587511753,5.1359744047818,
5.74429483543601),.UNSPECIFIED.);
#326=B_SPLINE_CURVE_WITH_KNOTS('',3,(#2217,#2218,#2219,#2220),
 .UNSPECIFIED.,.F.,.F.,(4,4),(5.744294835436,6.04534776414941),
 .UNSPECIFIED.);
#327=VERTEX_POINT('',#1157);
#328=VERTEX_POINT('',#1158);
#329=VERTEX_POINT('',#1181);
#330=VERTEX_POINT('',#1183);
#331=VERTEX_POINT('',#1206);
#332=VERTEX_POINT('',#1211);
#333=VERTEX_POINT('',#1216);
#334=VERTEX_POINT('',#1227);
#335=VERTEX_POINT('',#1272);
#336=VERTEX_POINT('',#1273);
#337=VERTEX_POINT('',#1292);
#338=VERTEX_POINT('',#1297);
#339=VERTEX_POINT('',#1334);
#340=VERTEX_POINT('',#1335);
#341=VERTEX_POINT('',#1375);
#342=VERTEX_POINT('',#1376);
#343=VERTEX_POINT('',#1408);
#344=VERTEX_POINT('',#1410);
#345=VERTEX_POINT('',#1417);
#346=VERTEX_POINT('',#1421);
#347=VERTEX_POINT('',#1425);
#348=VERTEX_POINT('',#1427);
#349=VERTEX_POINT('',#1436);
#350=VERTEX_POINT('',#1438);
#351=VERTEX_POINT('',#1440);
#352=VERTEX_POINT('',#1473);
#353=VERTEX_POINT('',#1482);
#354=VERTEX_POINT('',#1515);
#355=VERTEX_POINT('',#1524);
#356=VERTEX_POINT('',#1525);
#357=VERTEX_POINT('',#1532);
#358=VERTEX_POINT('',#1536);
#359=VERTEX_POINT('',#1543);
#360=VERTEX_POINT('',#1545);
#361=VERTEX_POINT('',#1547);
#362=VERTEX_POINT('',#1549);
#363=VERTEX_POINT('',#1551);
#364=VERTEX_POINT('',#1553);
#365=VERTEX_POINT('',#1557);
#366=VERTEX_POINT('',#1559);
#367=VERTEX_POINT('',#1561);
#368=VERTEX_POINT('',#1568);
#369=VERTEX_POINT('',#1577);
#370=VERTEX_POINT('',#1579);
#371=VERTEX_POINT('',#1583);
#372=VERTEX_POINT('',#1584);
#373=VERTEX_POINT('',#1625);
#374=VERTEX_POINT('',#1635);
#375=VERTEX_POINT('',#1637);
#376=VERTEX_POINT('',#1641);
#377=VERTEX_POINT('',#1648);
#378=VERTEX_POINT('',#1650);
#379=VERTEX_POINT('',#1729);
#380=VERTEX_POINT('',#1730);
#381=VERTEX_POINT('',#1735);
#382=VERTEX_POINT('',#1737);
#383=VERTEX_POINT('',#1742);
#384=VERTEX_POINT('',#1744);
#385=VERTEX_POINT('',#1861);
#386=VERTEX_POINT('',#1862);
#387=VERTEX_POINT('',#1873);
#388=VERTEX_POINT('',#1878);
#389=VERTEX_POINT('',#1905);
#390=VERTEX_POINT('',#1928);
#391=VERTEX_POINT('',#1938);
#392=VERTEX_POINT('',#1939);
#393=VERTEX_POINT('',#1941);
#394=VERTEX_POINT('',#1943);
#395=VERTEX_POINT('',#1947);
#396=VERTEX_POINT('',#1949);
#397=VERTEX_POINT('',#1953);
#398=VERTEX_POINT('',#1954);
#399=VERTEX_POINT('',#1959);
#400=VERTEX_POINT('',#1960);
#401=VERTEX_POINT('',#1962);
#402=VERTEX_POINT('',#1964);
#403=VERTEX_POINT('',#1971);
#404=VERTEX_POINT('',#1973);
#405=VERTEX_POINT('',#1977);
#406=VERTEX_POINT('',#1979);
#407=VERTEX_POINT('',#1983);
#408=VERTEX_POINT('',#1985);
#409=VERTEX_POINT('',#2067);
#410=VERTEX_POINT('',#2080);
#411=VERTEX_POINT('',#2102);
#412=VERTEX_POINT('',#2104);
#413=VERTEX_POINT('',#2122);
#414=VERTEX_POINT('',#2204);
#415=EDGE_CURVE('',#327,#328,#283,.F.);
#416=EDGE_CURVE('',#328,#329,#243,.T.);
#417=EDGE_CURVE('',#329,#330,#284,.T.);
#418=EDGE_CURVE('',#330,#331,#285,.T.);
#419=EDGE_CURVE('',#332,#331,#286,.T.);
#420=EDGE_CURVE('',#333,#332,#287,.T.);
#421=EDGE_CURVE('',#334,#333,#288,.T.);
#422=EDGE_CURVE('',#334,#327,#289,.F.);
#423=EDGE_CURVE('',#335,#336,#290,.T.);
#424=EDGE_CURVE('',#336,#337,#291,.T.);
#425=EDGE_CURVE('',#337,#338,#244,.T.);
#426=EDGE_CURVE('',#338,#335,#292,.T.);
#427=EDGE_CURVE('',#339,#340,#245,.T.);
#428=EDGE_CURVE('',#340,#338,#246,.T.);
#429=EDGE_CURVE('',#337,#339,#247,.T.);
#430=EDGE_CURVE('',#341,#342,#293,.T.);
#431=EDGE_CURVE('',#342,#340,#294,.T.);
#432=EDGE_CURVE('',#339,#341,#295,.T.);
#433=EDGE_CURVE('',#338,#343,#29,.T.);
#434=EDGE_CURVE('',#344,#343,#296,.T.);
#435=EDGE_CURVE('',#344,#345,#30,.T.);
#436=EDGE_CURVE('',#345,#335,#248,.T.);
#437=EDGE_CURVE('',#346,#340,#31,.T.);
#438=EDGE_CURVE('',#343,#346,#249,.T.);
#439=EDGE_CURVE('',#342,#347,#250,.T.);
#440=EDGE_CURVE('',#347,#348,#32,.T.);
#441=EDGE_CURVE('',#346,#348,#297,.T.);
#442=EDGE_CURVE('',#349,#348,#251,.T.);
#443=EDGE_CURVE('',#348,#350,#33,.T.);
#444=EDGE_CURVE('',#351,#350,#252,.T.);
#445=EDGE_CURVE('',#351,#349,#34,.T.);
#446=EDGE_CURVE('',#352,#346,#253,.T.);
#447=EDGE_CURVE('',#349,#352,#298,.T.);
#448=EDGE_CURVE('',#353,#343,#254,.T.);
#449=EDGE_CURVE('',#352,#353,#255,.T.);
#450=EDGE_CURVE('',#354,#344,#256,.T.);
#451=EDGE_CURVE('',#353,#354,#299,.T.);
#452=EDGE_CURVE('',#355,#356,#257,.T.);
#453=EDGE_CURVE('',#355,#344,#35,.T.);
#454=EDGE_CURVE('',#354,#356,#36,.T.);
#455=EDGE_CURVE('',#356,#351,#258,.T.);
#456=EDGE_CURVE('',#357,#355,#37,.T.);
#457=EDGE_CURVE('',#345,#357,#38,.T.);
#458=EDGE_CURVE('',#358,#347,#39,.T.);
#459=EDGE_CURVE('',#350,#358,#40,.T.);
#460=EDGE_CURVE('',#329,#336,#41,.T.);
#461=EDGE_CURVE('',#341,#328,#42,.F.);
#462=EDGE_CURVE('',#358,#359,#43,.T.);
#463=EDGE_CURVE('',#359,#360,#44,.T.);
#464=EDGE_CURVE('',#360,#361,#259,.T.);
#465=EDGE_CURVE('',#361,#362,#260,.T.);
#466=EDGE_CURVE('',#362,#363,#261,.T.);
#467=EDGE_CURVE('',#363,#364,#45,.T.);
#468=EDGE_CURVE('',#364,#357,#46,.T.);
#469=EDGE_CURVE('',#362,#365,#47,.T.);
#470=EDGE_CURVE('',#366,#361,#48,.T.);
#471=EDGE_CURVE('',#367,#366,#300,.T.);
#472=EDGE_CURVE('',#368,#367,#262,.T.);
#473=EDGE_CURVE('',#365,#368,#301,.T.);
#474=EDGE_CURVE('',#360,#369,#49,.T.);
#475=EDGE_CURVE('',#370,#359,#50,.T.);
#476=EDGE_CURVE('',#369,#370,#51,.T.);
#477=EDGE_CURVE('',#371,#372,#302,.T.);
#478=EDGE_CURVE('',#371,#373,#52,.T.);
#479=EDGE_CURVE('',#369,#373,#303,.T.);
#480=EDGE_CURVE('',#370,#372,#263,.T.);
#481=EDGE_CURVE('',#374,#371,#264,.T.);
#482=EDGE_CURVE('',#375,#374,#53,.T.);
#483=EDGE_CURVE('',#373,#375,#265,.T.);
#484=EDGE_CURVE('',#376,#374,#304,.T.);
#485=EDGE_CURVE('',#376,#377,#266,.T.);
#486=EDGE_CURVE('',#377,#378,#54,.T.);
#487=EDGE_CURVE('',#375,#378,#305,.T.);
#488=EDGE_CURVE('',#378,#363,#55,.T.);
#489=EDGE_CURVE('',#364,#377,#56,.T.);
#490=EDGE_CURVE('',#378,#365,#267,.T.);
#491=EDGE_CURVE('',#375,#368,#268,.T.);
#492=EDGE_CURVE('',#373,#367,#269,.T.);
#493=EDGE_CURVE('',#369,#366,#270,.T.);
#494=EDGE_CURVE('',#379,#380,#306,.T.);
#495=EDGE_CURVE('',#381,#379,#271,.T.);
#496=EDGE_CURVE('',#382,#381,#307,.T.);
#497=EDGE_CURVE('',#383,#382,#57,.F.);
#498=EDGE_CURVE('',#384,#383,#272,.T.);
#499=EDGE_CURVE('',#380,#384,#58,.T.);
#500=EDGE_CURVE('',#380,#376,#308,.T.);
#501=EDGE_CURVE('',#379,#374,#273,.T.);
#502=EDGE_CURVE('',#381,#371,#274,.T.);
#503=EDGE_CURVE('',#372,#382,#309,.T.);
#504=EDGE_CURVE('',#385,#386,#310,.T.);
#505=EDGE_CURVE('',#387,#385,#311,.T.);
#506=EDGE_CURVE('',#387,#388,#312,.F.);
#507=EDGE_CURVE('',#388,#384,#313,.F.);
#508=EDGE_CURVE('',#383,#389,#314,.T.);
#509=EDGE_CURVE('',#389,#390,#315,.T.);
#510=EDGE_CURVE('',#386,#390,#316,.T.);
#511=EDGE_CURVE('',#391,#392,#59,.T.);
#512=EDGE_CURVE('',#393,#391,#60,.T.);
#513=EDGE_CURVE('',#394,#393,#61,.T.);
#514=EDGE_CURVE('',#394,#392,#62,.T.);
#515=EDGE_CURVE('',#393,#395,#275,.T.);
#516=EDGE_CURVE('',#395,#396,#63,.T.);
#517=EDGE_CURVE('',#396,#394,#276,.T.);
#518=EDGE_CURVE('',#397,#398,#64,.T.);
#519=EDGE_CURVE('',#397,#396,#65,.T.);
#520=EDGE_CURVE('',#395,#398,#66,.T.);
#521=EDGE_CURVE('',#399,#400,#67,.T.);
#522=EDGE_CURVE('',#401,#399,#68,.T.);
#523=EDGE_CURVE('',#402,#401,#69,.T.);
#524=EDGE_CURVE('',#402,#400,#70,.T.);
#525=EDGE_CURVE('',#398,#402,#277,.T.);
#526=EDGE_CURVE('',#401,#397,#278,.T.);
#527=EDGE_CURVE('',#403,#391,#279,.T.);
#528=EDGE_CURVE('',#392,#404,#280,.T.);
#529=EDGE_CURVE('',#404,#403,#71,.T.);
#530=EDGE_CURVE('',#400,#405,#281,.T.);
#531=EDGE_CURVE('',#405,#406,#72,.T.);
#532=EDGE_CURVE('',#406,#399,#282,.T.);
#533=EDGE_CURVE('',#407,#403,#73,.T.);
#534=EDGE_CURVE('',#408,#404,#74,.T.);
#535=EDGE_CURVE('',#407,#408,#317,.T.);
#536=EDGE_CURVE('',#407,#409,#318,.F.);
#537=EDGE_CURVE('',#410,#408,#319,.F.);
#538=EDGE_CURVE('',#387,#410,#320,.F.);
#539=EDGE_CURVE('',#409,#390,#321,.F.);
#540=EDGE_CURVE('',#411,#406,#75,.T.);
#541=EDGE_CURVE('',#411,#412,#322,.F.);
#542=EDGE_CURVE('',#412,#331,#323,.F.);
#543=EDGE_CURVE('',#413,#405,#76,.T.);
#544=EDGE_CURVE('',#411,#413,#324,.T.);
#545=EDGE_CURVE('',#414,#413,#325,.F.);
#546=EDGE_CURVE('',#334,#414,#326,.F.);
#547=ORIENTED_EDGE('',*,*,#415,.T.);
#548=ORIENTED_EDGE('',*,*,#416,.T.);
#549=ORIENTED_EDGE('',*,*,#417,.T.);
#550=ORIENTED_EDGE('',*,*,#418,.T.);
#551=ORIENTED_EDGE('',*,*,#419,.F.);
#552=ORIENTED_EDGE('',*,*,#420,.F.);
#553=ORIENTED_EDGE('',*,*,#421,.F.);
#554=ORIENTED_EDGE('',*,*,#422,.T.);
#555=ORIENTED_EDGE('',*,*,#423,.T.);
#556=ORIENTED_EDGE('',*,*,#424,.T.);
#557=ORIENTED_EDGE('',*,*,#425,.T.);
#558=ORIENTED_EDGE('',*,*,#426,.T.);
#559=ORIENTED_EDGE('',*,*,#427,.T.);
#560=ORIENTED_EDGE('',*,*,#428,.T.);
#561=ORIENTED_EDGE('',*,*,#425,.F.);
#562=ORIENTED_EDGE('',*,*,#429,.T.);
#563=ORIENTED_EDGE('',*,*,#430,.T.);
#564=ORIENTED_EDGE('',*,*,#431,.T.);
#565=ORIENTED_EDGE('',*,*,#427,.F.);
#566=ORIENTED_EDGE('',*,*,#432,.T.);
#567=ORIENTED_EDGE('',*,*,#426,.F.);
#568=ORIENTED_EDGE('',*,*,#433,.T.);
#569=ORIENTED_EDGE('',*,*,#434,.F.);
#570=ORIENTED_EDGE('',*,*,#435,.T.);
#571=ORIENTED_EDGE('',*,*,#436,.T.);
#572=ORIENTED_EDGE('',*,*,#428,.F.);
#573=ORIENTED_EDGE('',*,*,#437,.F.);
#574=ORIENTED_EDGE('',*,*,#438,.F.);
#575=ORIENTED_EDGE('',*,*,#433,.F.);
#576=ORIENTED_EDGE('',*,*,#431,.F.);
#577=ORIENTED_EDGE('',*,*,#439,.T.);
#578=ORIENTED_EDGE('',*,*,#440,.T.);
#579=ORIENTED_EDGE('',*,*,#441,.F.);
#580=ORIENTED_EDGE('',*,*,#437,.T.);
#581=ORIENTED_EDGE('',*,*,#442,.T.);
#582=ORIENTED_EDGE('',*,*,#443,.T.);
#583=ORIENTED_EDGE('',*,*,#444,.F.);
#584=ORIENTED_EDGE('',*,*,#445,.T.);
#585=ORIENTED_EDGE('',*,*,#446,.T.);
#586=ORIENTED_EDGE('',*,*,#441,.T.);
#587=ORIENTED_EDGE('',*,*,#442,.F.);
#588=ORIENTED_EDGE('',*,*,#447,.T.);
#589=ORIENTED_EDGE('',*,*,#448,.T.);
#590=ORIENTED_EDGE('',*,*,#438,.T.);
#591=ORIENTED_EDGE('',*,*,#446,.F.);
#592=ORIENTED_EDGE('',*,*,#449,.T.);
#593=ORIENTED_EDGE('',*,*,#450,.T.);
#594=ORIENTED_EDGE('',*,*,#434,.T.);
#595=ORIENTED_EDGE('',*,*,#448,.F.);
#596=ORIENTED_EDGE('',*,*,#451,.T.);
#597=ORIENTED_EDGE('',*,*,#452,.F.);
#598=ORIENTED_EDGE('',*,*,#453,.T.);
#599=ORIENTED_EDGE('',*,*,#450,.F.);
#600=ORIENTED_EDGE('',*,*,#454,.T.);
#601=ORIENTED_EDGE('',*,*,#454,.F.);
#602=ORIENTED_EDGE('',*,*,#451,.F.);
#603=ORIENTED_EDGE('',*,*,#449,.F.);
#604=ORIENTED_EDGE('',*,*,#447,.F.);
#605=ORIENTED_EDGE('',*,*,#445,.F.);
#606=ORIENTED_EDGE('',*,*,#455,.F.);
#607=ORIENTED_EDGE('',*,*,#453,.F.);
#608=ORIENTED_EDGE('',*,*,#456,.F.);
#609=ORIENTED_EDGE('',*,*,#457,.F.);
#610=ORIENTED_EDGE('',*,*,#435,.F.);
#611=ORIENTED_EDGE('',*,*,#443,.F.);
#612=ORIENTED_EDGE('',*,*,#440,.F.);
#613=ORIENTED_EDGE('',*,*,#458,.F.);
#614=ORIENTED_EDGE('',*,*,#459,.F.);
#615=ORIENTED_EDGE('',*,*,#424,.F.);
#616=ORIENTED_EDGE('',*,*,#460,.F.);
#617=ORIENTED_EDGE('',*,*,#416,.F.);
#618=ORIENTED_EDGE('',*,*,#461,.F.);
#619=ORIENTED_EDGE('',*,*,#432,.F.);
#620=ORIENTED_EDGE('',*,*,#429,.F.);
#621=ORIENTED_EDGE('',*,*,#459,.T.);
#622=ORIENTED_EDGE('',*,*,#462,.T.);
#623=ORIENTED_EDGE('',*,*,#463,.T.);
#624=ORIENTED_EDGE('',*,*,#464,.T.);
#625=ORIENTED_EDGE('',*,*,#465,.T.);
#626=ORIENTED_EDGE('',*,*,#466,.T.);
#627=ORIENTED_EDGE('',*,*,#467,.T.);
#628=ORIENTED_EDGE('',*,*,#468,.T.);
#629=ORIENTED_EDGE('',*,*,#456,.T.);
#630=ORIENTED_EDGE('',*,*,#452,.T.);
#631=ORIENTED_EDGE('',*,*,#455,.T.);
#632=ORIENTED_EDGE('',*,*,#444,.T.);
#633=ORIENTED_EDGE('',*,*,#469,.F.);
#634=ORIENTED_EDGE('',*,*,#465,.F.);
#635=ORIENTED_EDGE('',*,*,#470,.F.);
#636=ORIENTED_EDGE('',*,*,#471,.F.);
#637=ORIENTED_EDGE('',*,*,#472,.F.);
#638=ORIENTED_EDGE('',*,*,#473,.F.);
#639=ORIENTED_EDGE('',*,*,#474,.F.);
#640=ORIENTED_EDGE('',*,*,#463,.F.);
#641=ORIENTED_EDGE('',*,*,#475,.F.);
#642=ORIENTED_EDGE('',*,*,#476,.F.);
#643=ORIENTED_EDGE('',*,*,#477,.F.);
#644=ORIENTED_EDGE('',*,*,#478,.T.);
#645=ORIENTED_EDGE('',*,*,#479,.F.);
#646=ORIENTED_EDGE('',*,*,#476,.T.);
#647=ORIENTED_EDGE('',*,*,#480,.T.);
#648=ORIENTED_EDGE('',*,*,#481,.F.);
#649=ORIENTED_EDGE('',*,*,#482,.F.);
#650=ORIENTED_EDGE('',*,*,#483,.F.);
#651=ORIENTED_EDGE('',*,*,#478,.F.);
#652=ORIENTED_EDGE('',*,*,#484,.F.);
#653=ORIENTED_EDGE('',*,*,#485,.T.);
#654=ORIENTED_EDGE('',*,*,#486,.T.);
#655=ORIENTED_EDGE('',*,*,#487,.F.);
#656=ORIENTED_EDGE('',*,*,#482,.T.);
#657=ORIENTED_EDGE('',*,*,#488,.F.);
#658=ORIENTED_EDGE('',*,*,#486,.F.);
#659=ORIENTED_EDGE('',*,*,#489,.F.);
#660=ORIENTED_EDGE('',*,*,#467,.F.);
#661=ORIENTED_EDGE('',*,*,#466,.F.);
#662=ORIENTED_EDGE('',*,*,#469,.T.);
#663=ORIENTED_EDGE('',*,*,#490,.F.);
#664=ORIENTED_EDGE('',*,*,#488,.T.);
#665=ORIENTED_EDGE('',*,*,#491,.F.);
#666=ORIENTED_EDGE('',*,*,#487,.T.);
#667=ORIENTED_EDGE('',*,*,#490,.T.);
#668=ORIENTED_EDGE('',*,*,#473,.T.);
#669=ORIENTED_EDGE('',*,*,#491,.T.);
#670=ORIENTED_EDGE('',*,*,#472,.T.);
#671=ORIENTED_EDGE('',*,*,#492,.F.);
#672=ORIENTED_EDGE('',*,*,#483,.T.);
#673=ORIENTED_EDGE('',*,*,#493,.F.);
#674=ORIENTED_EDGE('',*,*,#479,.T.);
#675=ORIENTED_EDGE('',*,*,#492,.T.);
#676=ORIENTED_EDGE('',*,*,#471,.T.);
#677=ORIENTED_EDGE('',*,*,#493,.T.);
#678=ORIENTED_EDGE('',*,*,#470,.T.);
#679=ORIENTED_EDGE('',*,*,#464,.F.);
#680=ORIENTED_EDGE('',*,*,#474,.T.);
#681=ORIENTED_EDGE('',*,*,#494,.F.);
#682=ORIENTED_EDGE('',*,*,#495,.F.);
#683=ORIENTED_EDGE('',*,*,#496,.F.);
#684=ORIENTED_EDGE('',*,*,#497,.F.);
#685=ORIENTED_EDGE('',*,*,#498,.F.);
#686=ORIENTED_EDGE('',*,*,#499,.F.);
#687=ORIENTED_EDGE('',*,*,#500,.T.);
#688=ORIENTED_EDGE('',*,*,#484,.T.);
#689=ORIENTED_EDGE('',*,*,#501,.F.);
#690=ORIENTED_EDGE('',*,*,#494,.T.);
#691=ORIENTED_EDGE('',*,*,#501,.T.);
#692=ORIENTED_EDGE('',*,*,#481,.T.);
#693=ORIENTED_EDGE('',*,*,#502,.F.);
#694=ORIENTED_EDGE('',*,*,#495,.T.);
#695=ORIENTED_EDGE('',*,*,#503,.T.);
#696=ORIENTED_EDGE('',*,*,#496,.T.);
#697=ORIENTED_EDGE('',*,*,#502,.T.);
#698=ORIENTED_EDGE('',*,*,#477,.T.);
#699=ORIENTED_EDGE('',*,*,#504,.F.);
#700=ORIENTED_EDGE('',*,*,#505,.F.);
#701=ORIENTED_EDGE('',*,*,#506,.T.);
#702=ORIENTED_EDGE('',*,*,#507,.T.);
#703=ORIENTED_EDGE('',*,*,#498,.T.);
#704=ORIENTED_EDGE('',*,*,#508,.T.);
#705=ORIENTED_EDGE('',*,*,#509,.T.);
#706=ORIENTED_EDGE('',*,*,#510,.F.);
#707=ORIENTED_EDGE('',*,*,#511,.F.);
#708=ORIENTED_EDGE('',*,*,#512,.F.);
#709=ORIENTED_EDGE('',*,*,#513,.F.);
#710=ORIENTED_EDGE('',*,*,#514,.T.);
#711=ORIENTED_EDGE('',*,*,#515,.T.);
#712=ORIENTED_EDGE('',*,*,#516,.T.);
#713=ORIENTED_EDGE('',*,*,#517,.T.);
#714=ORIENTED_EDGE('',*,*,#513,.T.);
#715=ORIENTED_EDGE('',*,*,#518,.F.);
#716=ORIENTED_EDGE('',*,*,#519,.T.);
#717=ORIENTED_EDGE('',*,*,#516,.F.);
#718=ORIENTED_EDGE('',*,*,#520,.T.);
#719=ORIENTED_EDGE('',*,*,#521,.F.);
#720=ORIENTED_EDGE('',*,*,#522,.F.);
#721=ORIENTED_EDGE('',*,*,#523,.F.);
#722=ORIENTED_EDGE('',*,*,#524,.T.);
#723=ORIENTED_EDGE('',*,*,#525,.T.);
#724=ORIENTED_EDGE('',*,*,#523,.T.);
#725=ORIENTED_EDGE('',*,*,#526,.T.);
#726=ORIENTED_EDGE('',*,*,#518,.T.);
#727=ORIENTED_EDGE('',*,*,#527,.T.);
#728=ORIENTED_EDGE('',*,*,#511,.T.);
#729=ORIENTED_EDGE('',*,*,#528,.T.);
#730=ORIENTED_EDGE('',*,*,#529,.T.);
#731=ORIENTED_EDGE('',*,*,#530,.T.);
#732=ORIENTED_EDGE('',*,*,#531,.T.);
#733=ORIENTED_EDGE('',*,*,#532,.T.);
#734=ORIENTED_EDGE('',*,*,#521,.T.);
#735=ORIENTED_EDGE('',*,*,#533,.T.);
#736=ORIENTED_EDGE('',*,*,#529,.F.);
#737=ORIENTED_EDGE('',*,*,#534,.F.);
#738=ORIENTED_EDGE('',*,*,#535,.F.);
#739=ORIENTED_EDGE('',*,*,#536,.F.);
#740=ORIENTED_EDGE('',*,*,#535,.T.);
#741=ORIENTED_EDGE('',*,*,#537,.F.);
#742=ORIENTED_EDGE('',*,*,#538,.F.);
#743=ORIENTED_EDGE('',*,*,#505,.T.);
#744=ORIENTED_EDGE('',*,*,#504,.T.);
#745=ORIENTED_EDGE('',*,*,#510,.T.);
#746=ORIENTED_EDGE('',*,*,#539,.F.);
#747=ORIENTED_EDGE('',*,*,#537,.T.);
#748=ORIENTED_EDGE('',*,*,#534,.T.);
#749=ORIENTED_EDGE('',*,*,#528,.F.);
#750=ORIENTED_EDGE('',*,*,#514,.F.);
#751=ORIENTED_EDGE('',*,*,#517,.F.);
#752=ORIENTED_EDGE('',*,*,#519,.F.);
#753=ORIENTED_EDGE('',*,*,#526,.F.);
#754=ORIENTED_EDGE('',*,*,#522,.T.);
#755=ORIENTED_EDGE('',*,*,#532,.F.);
#756=ORIENTED_EDGE('',*,*,#540,.F.);
#757=ORIENTED_EDGE('',*,*,#541,.T.);
#758=ORIENTED_EDGE('',*,*,#542,.T.);
#759=ORIENTED_EDGE('',*,*,#418,.F.);
#760=ORIENTED_EDGE('',*,*,#417,.F.);
#761=ORIENTED_EDGE('',*,*,#460,.T.);
#762=ORIENTED_EDGE('',*,*,#423,.F.);
#763=ORIENTED_EDGE('',*,*,#436,.F.);
#764=ORIENTED_EDGE('',*,*,#457,.T.);
#765=ORIENTED_EDGE('',*,*,#468,.F.);
#766=ORIENTED_EDGE('',*,*,#489,.T.);
#767=ORIENTED_EDGE('',*,*,#485,.F.);
#768=ORIENTED_EDGE('',*,*,#500,.F.);
#769=ORIENTED_EDGE('',*,*,#499,.T.);
#770=ORIENTED_EDGE('',*,*,#507,.F.);
#771=ORIENTED_EDGE('',*,*,#506,.F.);
#772=ORIENTED_EDGE('',*,*,#538,.T.);
#773=ORIENTED_EDGE('',*,*,#543,.F.);
#774=ORIENTED_EDGE('',*,*,#544,.F.);
#775=ORIENTED_EDGE('',*,*,#540,.T.);
#776=ORIENTED_EDGE('',*,*,#531,.F.);
#777=ORIENTED_EDGE('',*,*,#420,.T.);
#778=ORIENTED_EDGE('',*,*,#419,.T.);
#779=ORIENTED_EDGE('',*,*,#542,.F.);
#780=ORIENTED_EDGE('',*,*,#541,.F.);
#781=ORIENTED_EDGE('',*,*,#544,.T.);
#782=ORIENTED_EDGE('',*,*,#545,.F.);
#783=ORIENTED_EDGE('',*,*,#546,.F.);
#784=ORIENTED_EDGE('',*,*,#421,.T.);
#785=ORIENTED_EDGE('',*,*,#545,.T.);
#786=ORIENTED_EDGE('',*,*,#543,.T.);
#787=ORIENTED_EDGE('',*,*,#530,.F.);
#788=ORIENTED_EDGE('',*,*,#524,.F.);
#789=ORIENTED_EDGE('',*,*,#525,.F.);
#790=ORIENTED_EDGE('',*,*,#520,.F.);
#791=ORIENTED_EDGE('',*,*,#515,.F.);
#792=ORIENTED_EDGE('',*,*,#512,.T.);
#793=ORIENTED_EDGE('',*,*,#527,.F.);
#794=ORIENTED_EDGE('',*,*,#533,.F.);
#795=ORIENTED_EDGE('',*,*,#536,.T.);
#796=ORIENTED_EDGE('',*,*,#539,.T.);
#797=ORIENTED_EDGE('',*,*,#509,.F.);
#798=ORIENTED_EDGE('',*,*,#508,.F.);
#799=ORIENTED_EDGE('',*,*,#497,.T.);
#800=ORIENTED_EDGE('',*,*,#503,.F.);
#801=ORIENTED_EDGE('',*,*,#480,.F.);
#802=ORIENTED_EDGE('',*,*,#475,.T.);
#803=ORIENTED_EDGE('',*,*,#462,.F.);
#804=ORIENTED_EDGE('',*,*,#458,.T.);
#805=ORIENTED_EDGE('',*,*,#439,.F.);
#806=ORIENTED_EDGE('',*,*,#430,.F.);
#807=ORIENTED_EDGE('',*,*,#461,.T.);
#808=ORIENTED_EDGE('',*,*,#415,.F.);
#809=ORIENTED_EDGE('',*,*,#422,.F.);
#810=ORIENTED_EDGE('',*,*,#546,.T.);
#811=TOROIDAL_SURFACE('',#877,75.5,25.);
#812=TOROIDAL_SURFACE('',#880,48.7,1.8);
#813=TOROIDAL_SURFACE('',#894,48.5,2.);
#814=TOROIDAL_SURFACE('',#923,48.5,2.);
#815=TOROIDAL_SURFACE('',#931,48.7,1.8);
#816=TOROIDAL_SURFACE('',#933,75.5,25.);
#817=ADVANCED_FACE('',(#151),#811,.F.);
#818=ADVANCED_FACE('',(#152),#141,.F.);
#819=ADVANCED_FACE('',(#153),#812,.T.);
#820=ADVANCED_FACE('',(#154),#142,.F.);
#821=ADVANCED_FACE('',(#155),#125,.T.);
#822=ADVANCED_FACE('',(#156),#15,.T.);
#823=ADVANCED_FACE('',(#157),#126,.T.);
#824=ADVANCED_FACE('',(#158),#127,.T.);
#825=ADVANCED_FACE('',(#159),#143,.F.);
#826=ADVANCED_FACE('',(#160),#813,.T.);
#827=ADVANCED_FACE('',(#161),#144,.F.);
#828=ADVANCED_FACE('',(#162),#128,.T.);
#829=ADVANCED_FACE('',(#163),#129,.F.);
#830=ADVANCED_FACE('',(#164),#16,.T.);
#831=ADVANCED_FACE('',(#165),#17,.T.);
#832=ADVANCED_FACE('',(#166),#130,.T.);
#833=ADVANCED_FACE('',(#167),#18,.T.);
#834=ADVANCED_FACE('',(#168),#131,.F.);
#835=ADVANCED_FACE('',(#169),#19,.T.);
#836=ADVANCED_FACE('',(#170),#132,.T.);
#837=ADVANCED_FACE('',(#171),#20,.T.);
#838=ADVANCED_FACE('',(#172),#133,.T.);
#839=ADVANCED_FACE('',(#173),#21,.T.);
#840=ADVANCED_FACE('',(#174),#134,.T.);
#841=ADVANCED_FACE('',(#175),#145,.F.);
#842=ADVANCED_FACE('',(#176),#814,.T.);
#843=ADVANCED_FACE('',(#177),#146,.F.);
#844=ADVANCED_FACE('',(#178),#135,.T.);
#845=ADVANCED_FACE('',(#179),#136,.T.);
#846=ADVANCED_FACE('',(#180),#147,.F.);
#847=ADVANCED_FACE('',(#181),#815,.T.);
#848=ADVANCED_FACE('',(#182),#148,.F.);
#849=ADVANCED_FACE('',(#183),#816,.F.);
#850=ADVANCED_FACE('',(#184),#22,.T.);
#851=ADVANCED_FACE('',(#185),#137,.F.);
#852=ADVANCED_FACE('',(#186),#23,.T.);
#853=ADVANCED_FACE('',(#187),#24,.T.);
#854=ADVANCED_FACE('',(#188),#138,.F.);
#855=ADVANCED_FACE('',(#189),#139,.T.);
#856=ADVANCED_FACE('',(#190),#140,.T.);
#857=ADVANCED_FACE('',(#191),#25,.T.);
#858=ADVANCED_FACE('',(#192),#149,.F.);
#859=ADVANCED_FACE('',(#193),#26,.T.);
#860=ADVANCED_FACE('',(#194),#27,.T.);
#861=ADVANCED_FACE('',(#195),#150,.F.);
#862=ADVANCED_FACE('',(#196),#28,.T.);
#863=CLOSED_SHELL('',(#817,#818,#819,#820,#821,#822,#823,#824,#825,#826,
#827,#828,#829,#830,#831,#832,#833,#834,#835,#836,#837,#838,#839,#840,#841,
#842,#843,#844,#845,#846,#847,#848,#849,#850,#851,#852,#853,#854,#855,#856,
#857,#858,#859,#860,#861,#862));
#864=DERIVED_UNIT_ELEMENT(#866,1.);
#865=DERIVED_UNIT_ELEMENT(#2227,-3.);
#866=(
MASS_UNIT()
NAMED_UNIT(*)
SI_UNIT(.KILO.,.GRAM.)
);
#867=DERIVED_UNIT((#864,#865));
#868=MEASURE_REPRESENTATION_ITEM('density measure',
POSITIVE_RATIO_MEASURE(7850.),#867);
#869=PROPERTY_DEFINITION_REPRESENTATION(#874,#871);
#870=PROPERTY_DEFINITION_REPRESENTATION(#875,#872);
#871=REPRESENTATION('material name',(#873),#2224);
#872=REPRESENTATION('density',(#868),#2224);
#873=DESCRIPTIVE_REPRESENTATION_ITEM('Steel','Steel');
#874=PROPERTY_DEFINITION('material property','material name',#2234);
#875=PROPERTY_DEFINITION('material property','density of part',#2234);
#876=AXIS2_PLACEMENT_3D('',#1155,#953,#954);
#877=AXIS2_PLACEMENT_3D('',#1156,#955,#956);
#878=AXIS2_PLACEMENT_3D('',#1182,#957,#958);
#879=AXIS2_PLACEMENT_3D('',#1298,#959,#960);
#880=AXIS2_PLACEMENT_3D('',#1333,#961,#962);
#881=AXIS2_PLACEMENT_3D('',#1336,#963,#964);
#882=AXIS2_PLACEMENT_3D('',#1337,#965,#966);
#883=AXIS2_PLACEMENT_3D('',#1338,#967,#968);
#884=AXIS2_PLACEMENT_3D('',#1407,#969,#970);
#885=AXIS2_PLACEMENT_3D('',#1419,#973,#974);
#886=AXIS2_PLACEMENT_3D('',#1420,#975,#976);
#887=AXIS2_PLACEMENT_3D('',#1423,#978,#979);
#888=AXIS2_PLACEMENT_3D('',#1424,#980,#981);
#889=AXIS2_PLACEMENT_3D('',#1426,#982,#983);
#890=AXIS2_PLACEMENT_3D('',#1435,#985,#986);
#891=AXIS2_PLACEMENT_3D('',#1437,#987,#988);
#892=AXIS2_PLACEMENT_3D('',#1441,#990,#991);
#893=AXIS2_PLACEMENT_3D('',#1474,#993,#994);
#894=AXIS2_PLACEMENT_3D('',#1481,#995,#996);
#895=AXIS2_PLACEMENT_3D('',#1483,#997,#998);
#896=AXIS2_PLACEMENT_3D('',#1484,#999,#1000);
#897=AXIS2_PLACEMENT_3D('',#1516,#1001,#1002);
#898=AXIS2_PLACEMENT_3D('',#1523,#1003,#1004);
#899=AXIS2_PLACEMENT_3D('',#1526,#1005,#1006);
#900=AXIS2_PLACEMENT_3D('',#1529,#1009,#1010);
#901=AXIS2_PLACEMENT_3D('',#1530,#1011,#1012);
#902=AXIS2_PLACEMENT_3D('',#1531,#1013,#1014);
#903=AXIS2_PLACEMENT_3D('',#1535,#1017,#1018);
#904=AXIS2_PLACEMENT_3D('',#1539,#1021,#1022);
#905=AXIS2_PLACEMENT_3D('',#1542,#1025,#1026);
#906=AXIS2_PLACEMENT_3D('',#1548,#1029,#1030);
#907=AXIS2_PLACEMENT_3D('',#1550,#1031,#1032);
#908=AXIS2_PLACEMENT_3D('',#1552,#1033,#1034);
#909=AXIS2_PLACEMENT_3D('',#1556,#1037,#1038);
#910=AXIS2_PLACEMENT_3D('',#1569,#1041,#1042);
#911=AXIS2_PLACEMENT_3D('',#1576,#1043,#1044);
#912=AXIS2_PLACEMENT_3D('',#1582,#1048,#1049);
#913=AXIS2_PLACEMENT_3D('',#1633,#1051,#1052);
#914=AXIS2_PLACEMENT_3D('',#1634,#1053,#1054);
#915=AXIS2_PLACEMENT_3D('',#1636,#1055,#1056);
#916=AXIS2_PLACEMENT_3D('',#1639,#1058,#1059);
#917=AXIS2_PLACEMENT_3D('',#1640,#1060,#1061);
#918=AXIS2_PLACEMENT_3D('',#1649,#1062,#1063);
#919=AXIS2_PLACEMENT_3D('',#1658,#1065,#1066);
#920=AXIS2_PLACEMENT_3D('',#1661,#1069,#1070);
#921=AXIS2_PLACEMENT_3D('',#1662,#1071,#1072);
#922=AXIS2_PLACEMENT_3D('',#1693,#1073,#1074);
#923=AXIS2_PLACEMENT_3D('',#1694,#1075,#1076);
#924=AXIS2_PLACEMENT_3D('',#1695,#1077,#1078);
#925=AXIS2_PLACEMENT_3D('',#1726,#1079,#1080);
#926=AXIS2_PLACEMENT_3D('',#1727,#1081,#1082);
#927=AXIS2_PLACEMENT_3D('',#1728,#1083,#1084);
#928=AXIS2_PLACEMENT_3D('',#1736,#1085,#1086);
#929=AXIS2_PLACEMENT_3D('',#1745,#1088,#1089);
#930=AXIS2_PLACEMENT_3D('',#1803,#1091,#1092);
#931=AXIS2_PLACEMENT_3D('',#1804,#1093,#1094);
#932=AXIS2_PLACEMENT_3D('',#1805,#1095,#1096);
#933=AXIS2_PLACEMENT_3D('',#1860,#1097,#1098);
#934=AXIS2_PLACEMENT_3D('',#1937,#1099,#1100);
#935=AXIS2_PLACEMENT_3D('',#1946,#1105,#1106);
#936=AXIS2_PLACEMENT_3D('',#1948,#1107,#1108);
#937=AXIS2_PLACEMENT_3D('',#1951,#1110,#1111);
#938=AXIS2_PLACEMENT_3D('',#1952,#1112,#1113);
#939=AXIS2_PLACEMENT_3D('',#1958,#1117,#1118);
#940=AXIS2_PLACEMENT_3D('',#1967,#1123,#1124);
#941=AXIS2_PLACEMENT_3D('',#1968,#1125,#1126);
#942=AXIS2_PLACEMENT_3D('',#1969,#1127,#1128);
#943=AXIS2_PLACEMENT_3D('',#1970,#1129,#1130);
#944=AXIS2_PLACEMENT_3D('',#1972,#1131,#1132);
#945=AXIS2_PLACEMENT_3D('',#1974,#1133,#1134);
#946=AXIS2_PLACEMENT_3D('',#1976,#1136,#1137);
#947=AXIS2_PLACEMENT_3D('',#1978,#1138,#1139);
#948=AXIS2_PLACEMENT_3D('',#1981,#1141,#1142);
#949=AXIS2_PLACEMENT_3D('',#1982,#1143,#1144);
#950=AXIS2_PLACEMENT_3D('',#2101,#1147,#1148);
#951=AXIS2_PLACEMENT_3D('',#2121,#1150,#1151);
#952=AXIS2_PLACEMENT_3D('',#2221,#1153,#1154);
#953=DIRECTION('axis',(0.,0.,1.));
#954=DIRECTION('refdir',(1.,0.,0.));
#955=DIRECTION('center_axis',(0.,0.,-1.));
#956=DIRECTION('ref_axis',(1.,7.07007697273732E-17,0.));
#957=DIRECTION('center_axis',(0.,0.,-1.));
#958=DIRECTION('ref_axis',(1.,-5.03007976305417E-14,0.));
#959=DIRECTION('center_axis',(-0.914530278105741,-0.404517453798765,-4.36629463540405E-16));
#960=DIRECTION('ref_axis',(0.404517453798765,-0.914530278105741,0.));
#961=DIRECTION('center_axis',(0.,0.,1.));
#962=DIRECTION('ref_axis',(1.,0.,0.));
#963=DIRECTION('center_axis',(0.914530278105741,-0.404517453798765,0.));
#964=DIRECTION('ref_axis',(0.404517453798765,0.914530278105741,0.));
#965=DIRECTION('center_axis',(0.,0.,-1.));
#966=DIRECTION('ref_axis',(1.,-1.75876914792104E-16,0.));
#967=DIRECTION('center_axis',(0.,0.,1.));
#968=DIRECTION('ref_axis',(1.,-1.75876914792104E-16,0.));
#969=DIRECTION('center_axis',(0.,1.,0.));
#970=DIRECTION('ref_axis',(-0.707106781186547,0.,0.707106781186548));
#971=DIRECTION('',(0.,1.,0.));
#972=DIRECTION('',(0.,-1.,0.));
#973=DIRECTION('center_axis',(-3.43768140611055E-33,1.,0.));
#974=DIRECTION('ref_axis',(-0.707106781186547,0.,0.707106781186548));
#975=DIRECTION('center_axis',(0.,0.,1.));
#976=DIRECTION('ref_axis',(1.,0.,0.));
#977=DIRECTION('',(0.,1.,0.));
#978=DIRECTION('center_axis',(0.,0.,1.));
#979=DIRECTION('ref_axis',(1.,-1.91006111763468E-16,0.));
#980=DIRECTION('center_axis',(0.,-1.,0.));
#981=DIRECTION('ref_axis',(-0.707106781186548,0.,0.707106781186547));
#982=DIRECTION('center_axis',(0.,-1.,0.));
#983=DIRECTION('ref_axis',(-0.707106781186548,0.,0.707106781186547));
#984=DIRECTION('',(0.,-1.,0.));
#985=DIRECTION('center_axis',(0.,0.,1.));
#986=DIRECTION('ref_axis',(-0.805906034276006,-0.592043464550975,0.));
#987=DIRECTION('center_axis',(0.,0.,-1.));
#988=DIRECTION('ref_axis',(-0.298969072164948,-0.954262801270609,0.));
#989=DIRECTION('',(0.,0.,-1.));
#990=DIRECTION('center_axis',(0.,0.,-1.));
#991=DIRECTION('ref_axis',(-0.805906034276006,-0.592043464550975,0.));
#992=DIRECTION('',(0.,0.,1.));
#993=DIRECTION('center_axis',(-0.913790613407969,0.406185567010312,-1.623218205907E-14));
#994=DIRECTION('ref_axis',(-0.406185567010312,-0.913790613407969,0.));
#995=DIRECTION('center_axis',(0.,0.,1.));
#996=DIRECTION('ref_axis',(1.,0.,0.));
#997=DIRECTION('center_axis',(0.913790613407969,0.406185567010312,8.11609102953497E-15));
#998=DIRECTION('ref_axis',(-0.406185567010312,0.913790613407969,0.));
#999=DIRECTION('center_axis',(0.,0.,-1.));
#1000=DIRECTION('ref_axis',(1.,-1.91006111763468E-16,0.));
#1001=DIRECTION('center_axis',(0.,0.,1.));
#1002=DIRECTION('ref_axis',(-0.298969072164955,0.954262801270607,0.));
#1003=DIRECTION('center_axis',(0.,0.,-1.));
#1004=DIRECTION('ref_axis',(-0.805906034276006,0.592043464550975,0.));
#1005=DIRECTION('center_axis',(0.,0.,-1.));
#1006=DIRECTION('ref_axis',(-0.805906034276006,0.592043464550975,0.));
#1007=DIRECTION('',(0.,0.,1.));
#1008=DIRECTION('',(0.,0.,-1.));
#1009=DIRECTION('center_axis',(0.,0.,1.));
#1010=DIRECTION('ref_axis',(1.,0.,0.));
#1011=DIRECTION('center_axis',(0.,0.,1.));
#1012=DIRECTION('ref_axis',(1.,0.,0.));
#1013=DIRECTION('center_axis',(-1.,0.,0.));
#1014=DIRECTION('ref_axis',(0.,-1.,0.));
#1015=DIRECTION('',(0.,1.,0.));
#1016=DIRECTION('',(0.,0.,-1.));
#1017=DIRECTION('center_axis',(-1.,0.,0.));
#1018=DIRECTION('ref_axis',(0.,-1.,0.));
#1019=DIRECTION('',(0.,0.,1.));
#1020=DIRECTION('',(0.,1.,0.));
#1021=DIRECTION('center_axis',(0.,0.,1.));
#1022=DIRECTION('ref_axis',(1.,0.,0.));
#1023=DIRECTION('',(0.,0.,1.));
#1024=DIRECTION('',(0.,0.,1.));
#1025=DIRECTION('center_axis',(0.,0.,1.));
#1026=DIRECTION('ref_axis',(1.,0.,0.));
#1027=DIRECTION('',(-1.,0.,0.));
#1028=DIRECTION('',(0.,-1.,0.));
#1029=DIRECTION('center_axis',(0.,0.,-1.));
#1030=DIRECTION('ref_axis',(0.805906034276004,-0.592043464550977,0.));
#1031=DIRECTION('center_axis',(0.,0.,1.));
#1032=DIRECTION('ref_axis',(1.,0.,0.));
#1033=DIRECTION('center_axis',(0.,0.,-1.));
#1034=DIRECTION('ref_axis',(0.805906034276004,0.592043464550977,0.));
#1035=DIRECTION('',(0.,-1.,0.));
#1036=DIRECTION('',(1.,3.43768140611055E-33,0.));
#1037=DIRECTION('center_axis',(0.,0.,1.));
#1038=DIRECTION('ref_axis',(-1.,-1.22464679914735E-16,0.));
#1039=DIRECTION('',(0.,0.,1.));
#1040=DIRECTION('',(0.,0.,-1.));
#1041=DIRECTION('center_axis',(0.,0.,-1.));
#1042=DIRECTION('ref_axis',(-1.,1.91006111763468E-16,0.));
#1043=DIRECTION('center_axis',(1.,0.,0.));
#1044=DIRECTION('ref_axis',(0.,1.,0.));
#1045=DIRECTION('',(0.,0.,1.));
#1046=DIRECTION('',(0.,0.,-1.));
#1047=DIRECTION('',(0.,1.,0.));
#1048=DIRECTION('center_axis',(0.,1.,0.));
#1049=DIRECTION('ref_axis',(0.707106781186547,0.,0.707106781186547));
#1050=DIRECTION('',(0.,-1.,0.));
#1051=DIRECTION('center_axis',(0.,-1.,0.));
#1052=DIRECTION('ref_axis',(0.707106781186547,0.,0.707106781186547));
#1053=DIRECTION('center_axis',(0.,0.,1.));
#1054=DIRECTION('ref_axis',(1.,0.,0.));
#1055=DIRECTION('center_axis',(0.,0.,-1.));
#1056=DIRECTION('ref_axis',(-1.,-1.75876914792104E-16,0.));
#1057=DIRECTION('',(0.,-1.,0.));
#1058=DIRECTION('center_axis',(0.,0.,1.));
#1059=DIRECTION('ref_axis',(-1.,1.91006111763468E-16,0.));
#1060=DIRECTION('center_axis',(0.,1.,0.));
#1061=DIRECTION('ref_axis',(0.707106781186547,0.,0.707106781186547));
#1062=DIRECTION('center_axis',(-3.43768140611055E-33,1.,0.));
#1063=DIRECTION('ref_axis',(0.707106781186547,0.,0.707106781186547));
#1064=DIRECTION('',(0.,1.,0.));
#1065=DIRECTION('center_axis',(1.,0.,0.));
#1066=DIRECTION('ref_axis',(0.,1.,0.));
#1067=DIRECTION('',(0.,0.,-1.));
#1068=DIRECTION('',(0.,0.,1.));
#1069=DIRECTION('center_axis',(0.,0.,-1.));
#1070=DIRECTION('ref_axis',(0.805906034276004,0.592043464550977,0.));
#1071=DIRECTION('center_axis',(-6.45836326621254E-31,-4.65374118386208E-15,
1.));
#1072=DIRECTION('ref_axis',(1.,-1.38777878078145E-16,0.));
#1073=DIRECTION('center_axis',(-0.91379061340797,0.40618556701031,0.));
#1074=DIRECTION('ref_axis',(0.,0.,1.));
#1075=DIRECTION('center_axis',(0.,0.,-1.));
#1076=DIRECTION('ref_axis',(-1.,0.,0.));
#1077=DIRECTION('center_axis',(0.913790613407969,0.406185567010311,-1.21741365443025E-14));
#1078=DIRECTION('ref_axis',(1.33226762955019E-14,0.,1.));
#1079=DIRECTION('center_axis',(0.,0.,-1.));
#1080=DIRECTION('ref_axis',(1.,0.,0.));
#1081=DIRECTION('center_axis',(0.,0.,1.));
#1082=DIRECTION('ref_axis',(0.805906034276004,-0.592043464550977,0.));
#1083=DIRECTION('center_axis',(0.,0.,1.));
#1084=DIRECTION('ref_axis',(-1.,-1.22464679914735E-16,0.));
#1085=DIRECTION('center_axis',(0.,0.,1.));
#1086=DIRECTION('ref_axis',(-1.,-1.75876914792104E-16,0.));
#1087=DIRECTION('',(0.,0.,-1.));
#1088=DIRECTION('center_axis',(0.,0.,-1.));
#1089=DIRECTION('ref_axis',(-1.,-5.03007976305417E-14,0.));
#1090=DIRECTION('',(0.,0.,-1.));
#1091=DIRECTION('center_axis',(-0.914530278105739,0.404517453798769,0.));
#1092=DIRECTION('ref_axis',(-0.404517453798769,-0.914530278105739,0.));
#1093=DIRECTION('center_axis',(0.,0.,-1.));
#1094=DIRECTION('ref_axis',(-1.,0.,0.));
#1095=DIRECTION('center_axis',(0.914530278105741,0.404517453798766,0.));
#1096=DIRECTION('ref_axis',(-0.404517453798766,0.914530278105741,0.));
#1097=DIRECTION('center_axis',(0.,0.,1.));
#1098=DIRECTION('ref_axis',(-1.,7.07007697273732E-17,0.));
#1099=DIRECTION('center_axis',(0.997564050259824,-8.37401912802169E-36,
0.0697564737441253));
#1100=DIRECTION('ref_axis',(8.37401912802233E-36,-1.,-2.39800532746018E-34));
#1101=DIRECTION('',(-8.3944676292621E-36,-1.,-5.37241989578761E-50));
#1102=DIRECTION('',(0.0697564737441253,2.39800532746018E-34,-0.997564050259824));
#1103=DIRECTION('',(8.3944676292621E-36,1.,0.));
#1104=DIRECTION('',(0.0697564737441253,2.39800532746018E-34,-0.997564050259824));
#1105=DIRECTION('center_axis',(-8.3944676292621E-36,-1.,0.));
#1106=DIRECTION('ref_axis',(-0.731353701619171,0.,0.681998360062498));
#1107=DIRECTION('center_axis',(0.,1.,0.));
#1108=DIRECTION('ref_axis',(-0.731353701619171,0.,0.681998360062498));
#1109=DIRECTION('',(-8.3944676292621E-36,-1.,0.));
#1110=DIRECTION('center_axis',(3.43768140611055E-33,-1.,0.));
#1111=DIRECTION('ref_axis',(-0.731353701619171,0.,0.681998360062498));
#1112=DIRECTION('center_axis',(0.,0.,-1.));
#1113=DIRECTION('ref_axis',(-1.,0.,0.));
#1114=DIRECTION('',(8.39446762926211E-36,1.,0.));
#1115=DIRECTION('',(-1.,-3.43768140611055E-33,0.));
#1116=DIRECTION('',(1.,0.,0.));
#1117=DIRECTION('center_axis',(-0.997564050259824,8.37401912802169E-36,
0.0697564737441253));
#1118=DIRECTION('ref_axis',(-8.37401912802233E-36,1.,-2.39800532746018E-34));
#1119=DIRECTION('',(8.39446762926211E-36,1.,0.));
#1120=DIRECTION('',(-0.0697564737441253,-2.39800532746018E-34,-0.997564050259824));
#1121=DIRECTION('',(-8.39446762926211E-36,-1.,0.));
#1122=DIRECTION('',(-0.0697564737441253,-2.39800532746018E-34,-0.997564050259824));
#1123=DIRECTION('center_axis',(-8.39446762926211E-36,-1.,0.));
#1124=DIRECTION('ref_axis',(0.73135370161917,0.,0.681998360062499));
#1125=DIRECTION('center_axis',(0.,1.,0.));
#1126=DIRECTION('ref_axis',(0.73135370161917,0.,0.681998360062499));
#1127=DIRECTION('center_axis',(3.43768140611055E-33,-1.,0.));
#1128=DIRECTION('ref_axis',(0.73135370161917,0.,0.681998360062499));
#1129=DIRECTION('center_axis',(8.3944676292621E-36,1.,5.37058658934151E-50));
#1130=DIRECTION('ref_axis',(-0.6819983600625,0.,-0.731353701619169));
#1131=DIRECTION('center_axis',(0.,-1.,0.));
#1132=DIRECTION('ref_axis',(0.731353701619168,0.,-0.681998360062502));
#1133=DIRECTION('center_axis',(-3.43768140611055E-33,1.,0.));
#1134=DIRECTION('ref_axis',(-0.6819983600625,0.,-0.731353701619169));
#1135=DIRECTION('',(8.3944676292621E-36,1.,5.37241989578761E-50));
#1136=DIRECTION('center_axis',(8.39446762926211E-36,1.,0.));
#1137=DIRECTION('ref_axis',(-0.731353701619174,0.,-0.681998360062495));
#1138=DIRECTION('center_axis',(0.,-1.,0.));
#1139=DIRECTION('ref_axis',(0.681998360062498,0.,-0.731353701619171));
#1140=DIRECTION('',(-8.39446762926211E-36,-1.,0.));
#1141=DIRECTION('center_axis',(-3.43768140611055E-33,1.,0.));
#1142=DIRECTION('ref_axis',(-0.731353701619174,0.,-0.681998360062495));
#1143=DIRECTION('center_axis',(-0.997564050259824,8.37401912802169E-36,
-0.0697564737441253));
#1144=DIRECTION('ref_axis',(-8.37401912802233E-36,1.,2.39800532746018E-34));
#1145=DIRECTION('',(0.0697564737441253,2.39800532746018E-34,-0.997564050259824));
#1146=DIRECTION('',(0.0697564737441253,2.39800532746018E-34,-0.997564050259824));
#1147=DIRECTION('center_axis',(3.43768140611055E-33,-1.,0.));
#1148=DIRECTION('ref_axis',(-1.,-3.43768140611055E-33,0.));
#1149=DIRECTION('',(-0.0697564737441253,-2.39800532746018E-34,-0.997564050259824));
#1150=DIRECTION('center_axis',(0.997564050259824,-8.37401912802169E-36,
-0.0697564737441253));
#1151=DIRECTION('ref_axis',(8.37401912802233E-36,-1.,2.39800532746018E-34));
#1152=DIRECTION('',(-0.0697564737441253,-2.39800532746018E-34,-0.997564050259824));
#1153=DIRECTION('center_axis',(0.,1.,0.));
#1154=DIRECTION('ref_axis',(0.,0.,1.));
#1155=CARTESIAN_POINT('',(0.,0.,0.));
#1156=CARTESIAN_POINT('Origin',(103.5,46.5,25.));
#1157=CARTESIAN_POINT('',(162.981089431852,93.,-3.52365706057789E-17));
#1158=CARTESIAN_POINT('',(123.197715603592,93.,25.));
#1159=CARTESIAN_POINT('Ctrl Pts',(123.197715603592,93.,25.));
#1160=CARTESIAN_POINT('Ctrl Pts',(123.197715603592,93.,24.4473639698013));
#1161=CARTESIAN_POINT('Ctrl Pts',(123.248315052351,93.,23.8432633513595));
#1162=CARTESIAN_POINT('Ctrl Pts',(123.460973438751,93.,22.654119098586));
#1163=CARTESIAN_POINT('Ctrl Pts',(123.6222540371,93.,22.0689364028325));
#1164=CARTESIAN_POINT('Ctrl Pts',(124.029093303208,93.,20.9015055391635));
#1165=CARTESIAN_POINT('Ctrl Pts',(124.333368905534,93.,20.2161646149364));
#1166=CARTESIAN_POINT('Ctrl Pts',(125.042721641421,93.,18.8976546262019));
#1167=CARTESIAN_POINT('Ctrl Pts',(125.446340787999,93.,18.2637016904922));
#1168=CARTESIAN_POINT('Ctrl Pts',(127.0085639113,93.,16.0462361487461));
#1169=CARTESIAN_POINT('Ctrl Pts',(128.517256932823,93.,14.4253541392876));
#1170=CARTESIAN_POINT('Ctrl Pts',(131.802494161349,93.,11.4577704509514));
#1171=CARTESIAN_POINT('Ctrl Pts',(133.578802420237,93.,10.1108075782406));
#1172=CARTESIAN_POINT('Ctrl Pts',(137.27329056436,93.,7.61564909007663));
#1173=CARTESIAN_POINT('Ctrl Pts',(139.578816076183,93.,6.27399132628029));
#1174=CARTESIAN_POINT('Ctrl Pts',(144.364159947507,93.,3.95046799885148));
#1175=CARTESIAN_POINT('Ctrl Pts',(146.844761370582,93.,2.970215516626));
#1176=CARTESIAN_POINT('Ctrl Pts',(151.260228945194,93.,1.56642781808616));
#1177=CARTESIAN_POINT('Ctrl Pts',(153.608520655345,93.,0.977350455677959));
#1178=CARTESIAN_POINT('Ctrl Pts',(158.366774645815,93.,0.192928297503375));
#1179=CARTESIAN_POINT('Ctrl Pts',(160.777134982923,93.,1.29511107278573E-15));
#1180=CARTESIAN_POINT('Ctrl Pts',(162.981089431852,93.,3.46944695195361E-16));
#1181=CARTESIAN_POINT('',(123.197715603592,6.77144706733226E-32,25.));
#1182=CARTESIAN_POINT('Origin',(103.5,46.5,25.));
#1183=CARTESIAN_POINT('',(162.981089431852,-1.99008850854849E-18,2.5207700510288E-16));
#1184=CARTESIAN_POINT('Ctrl Pts',(123.197715603592,-9.10755227832267E-19,
25.));
#1185=CARTESIAN_POINT('Ctrl Pts',(123.197715603592,-9.68075441648747E-19,
24.4473639698013));
#1186=CARTESIAN_POINT('Ctrl Pts',(123.248315052351,-6.61744490046077E-23,
23.8432633513596));
#1187=CARTESIAN_POINT('Ctrl Pts',(123.460973438751,-6.61744490038767E-23,
22.6541190985861));
#1188=CARTESIAN_POINT('Ctrl Pts',(123.6222540371,6.91738985523707E-32,22.0689364028326));
#1189=CARTESIAN_POINT('Ctrl Pts',(124.029093303208,7.0572482332745E-32,
20.9015055391635));
#1190=CARTESIAN_POINT('Ctrl Pts',(124.333368905534,-1.21926435526662E-33,
20.2161646149364));
#1191=CARTESIAN_POINT('Ctrl Pts',(125.042721641421,1.2192643552666E-33,
18.897654626202));
#1192=CARTESIAN_POINT('Ctrl Pts',(125.446340787999,7.54445276590698E-32,
18.2637016904922));
#1193=CARTESIAN_POINT('Ctrl Pts',(127.0085639113,8.08149530422376E-32,16.0462361487461));
#1194=CARTESIAN_POINT('Ctrl Pts',(128.517256932823,-5.64679946758295E-33,
14.4253541392875));
#1195=CARTESIAN_POINT('Ctrl Pts',(131.802494161349,5.64679946758295E-33,
11.4577704509514));
#1196=CARTESIAN_POINT('Ctrl Pts',(133.578802420237,1.0340133979812E-31,
10.1108075782406));
#1197=CARTESIAN_POINT('Ctrl Pts',(137.27329056436,1.1610181299627E-31,7.61564909007664));
#1198=CARTESIAN_POINT('Ctrl Pts',(139.578816076183,-3.30872245103463E-23,
6.2739913262803));
#1199=CARTESIAN_POINT('Ctrl Pts',(144.364159947507,-3.30872244938959E-23,
3.95046799885148));
#1200=CARTESIAN_POINT('Ctrl Pts',(146.844761370582,1.49005480215948E-31,
2.970215516626));
#1201=CARTESIAN_POINT('Ctrl Pts',(151.260228945194,1.64184450996477E-31,
1.56642781808616));
#1202=CARTESIAN_POINT('Ctrl Pts',(153.608520655345,-8.17868063429449E-33,
0.977350455677961));
#1203=CARTESIAN_POINT('Ctrl Pts',(158.366774645815,8.17868063429449E-33,
0.192928297503377));
#1204=CARTESIAN_POINT('Ctrl Pts',(160.777134982923,2.05319749785928E-17,
1.19102766422712E-15));
#1205=CARTESIAN_POINT('Ctrl Pts',(162.981089431852,1.87200076207317E-17,
2.42861286636753E-16));
#1206=CARTESIAN_POINT('',(164.33735881965,2.56786258923114E-11,0.0230399711773891));
#1207=CARTESIAN_POINT('Ctrl Pts',(162.981089431852,-5.92088577548731E-18,
5.88721779659629E-16));
#1208=CARTESIAN_POINT('Ctrl Pts',(163.424719965556,-2.81077986476637E-17,
5.08685844306058E-16));
#1209=CARTESIAN_POINT('Ctrl Pts',(163.877629460275,-1.1475228744923E-17,
0.00734780614844646));
#1210=CARTESIAN_POINT('Ctrl Pts',(164.33735881965,1.24933868350671E-17,
0.0230399711787286));
#1211=CARTESIAN_POINT('',(165.561100688621,3.50383992358296,-8.67361737988404E-17));
#1212=CARTESIAN_POINT('Ctrl Pts',(165.561719276306,3.50389608675746,9.25517119906849E-5));
#1213=CARTESIAN_POINT('Ctrl Pts',(165.152390183894,2.30645638395086,5.54445757800118E-5));
#1214=CARTESIAN_POINT('Ctrl Pts',(164.743068040817,1.13895798487319,0.00717373403256421));
#1215=CARTESIAN_POINT('Ctrl Pts',(164.33735882383,1.08901548911446E-9,0.0230399717182224));
#1216=CARTESIAN_POINT('',(165.561100688621,89.4961600764171,7.37257477290143E-17));
#1217=CARTESIAN_POINT('Ctrl Pts',(165.56166338207,89.4960175384555,5.88217518951452E-5));
#1218=CARTESIAN_POINT('Ctrl Pts',(166.401441257755,87.0390892141403,9.72584740092887E-5));
#1219=CARTESIAN_POINT('Ctrl Pts',(168.490988935481,80.6122155122681,0.0751089711791707));
#1220=CARTESIAN_POINT('Ctrl Pts',(171.524011696886,68.9789005389604,0.357844270240574));
#1221=CARTESIAN_POINT('Ctrl Pts',(173.61838223028,54.2324431626491,0.614617271026598));
#1222=CARTESIAN_POINT('Ctrl Pts',(173.62223012741,38.7648047115434,0.61564750513987));
#1223=CARTESIAN_POINT('Ctrl Pts',(171.522655911727,24.0228675529724,0.357270192256201));
#1224=CARTESIAN_POINT('Ctrl Pts',(168.491037319353,12.3865813521076,0.0752915649887514));
#1225=CARTESIAN_POINT('Ctrl Pts',(166.401456139807,5.9604384603801,0.000168676841507884));
#1226=CARTESIAN_POINT('Ctrl Pts',(165.561719276306,3.50389608675746,9.25517119906237E-5));
#1227=CARTESIAN_POINT('',(164.33735881965,92.9999999999744,0.023039971177397));
#1228=CARTESIAN_POINT('Ctrl Pts',(164.337358822946,92.9999999989582,0.023039971527085));
#1229=CARTESIAN_POINT('Ctrl Pts',(164.743065978706,91.8610471207108,0.00717374226008175));
#1230=CARTESIAN_POINT('Ctrl Pts',(165.152362823734,90.6935034023375,4.00880220871512E-5));
#1231=CARTESIAN_POINT('Ctrl Pts',(165.56166338207,89.4960175384554,5.88217518952827E-5));
#1232=CARTESIAN_POINT('Ctrl Pts',(162.981089431852,93.,2.38524477946811E-17));
#1233=CARTESIAN_POINT('Ctrl Pts',(163.424719965556,93.,-7.3114166191373E-17));
#1234=CARTESIAN_POINT('Ctrl Pts',(163.877629460275,93.,0.00734780614844596));
#1235=CARTESIAN_POINT('Ctrl Pts',(164.33735881965,93.,0.0230399711787264));
#1236=CARTESIAN_POINT('Ctrl Pts',(118.506942948893,-1.71868583162218,44.1522038591712));
#1237=CARTESIAN_POINT('Ctrl Pts',(118.689869949377,-1.66175406310261,44.8342367424924));
#1238=CARTESIAN_POINT('Ctrl Pts',(119.334882112123,-1.45929696494758,46.1195755652218));
#1239=CARTESIAN_POINT('Ctrl Pts',(121.215712853105,-0.811508324829144,47.7550767607725));
#1240=CARTESIAN_POINT('Ctrl Pts',(122.923049914213,-0.128349355499147,48.2));
#1241=CARTESIAN_POINT('Ctrl Pts',(123.928131416838,0.316220955660134,48.2));
#1242=CARTESIAN_POINT('Ctrl Pts',(118.212666865918,-1.81027240873987,44.2356905150577));
#1243=CARTESIAN_POINT('Ctrl Pts',(118.407821263131,-1.75075436951457,44.9594008197015));
#1244=CARTESIAN_POINT('Ctrl Pts',(119.095663378658,-1.53913719794442,46.3210277332382));
#1245=CARTESIAN_POINT('Ctrl Pts',(121.091557360021,-0.860362793630858,48.0360123853688));
#1246=CARTESIAN_POINT('Ctrl Pts',(122.882625072555,-0.146277363201404,48.481742071177));
#1247=CARTESIAN_POINT('Ctrl Pts',(123.928131416838,0.316220955660135,48.4692793703077));
#1248=CARTESIAN_POINT('Ctrl Pts',(117.573965985588,-1.82678316915653,44.4022186734704));
#1249=CARTESIAN_POINT('Ctrl Pts',(117.793249442206,-1.76350164507775,45.2091182557469));
#1250=CARTESIAN_POINT('Ctrl Pts',(118.565462506786,-1.5383963796251,46.7229995163624));
#1251=CARTESIAN_POINT('Ctrl Pts',(120.789980715285,-0.815066548158293,48.5967919995723));
#1252=CARTESIAN_POINT('Ctrl Pts',(122.749817242949,-0.0577545874710139,
49.0442897440544));
#1253=CARTESIAN_POINT('Ctrl Pts',(123.87834169421,0.428785218224737,49.007029117494));
#1254=CARTESIAN_POINT('Ctrl Pts',(116.580647432636,-1.26747533715422,44.614115743027));
#1255=CARTESIAN_POINT('Ctrl Pts',(116.82757145842,-1.20427862118608,45.5271752715571));
#1256=CARTESIAN_POINT('Ctrl Pts',(117.69735987545,-0.979501065220353,47.2382340840381));
#1257=CARTESIAN_POINT('Ctrl Pts',(120.196099410534,-0.257509352744231,49.3390880045731));
#1258=CARTESIAN_POINT('Ctrl Pts',(122.383262633546,0.496431778938837,49.8191407951024));
#1259=CARTESIAN_POINT('Ctrl Pts',(123.634679305171,0.979655471954192,49.7638036580747));
#1260=CARTESIAN_POINT('Ctrl Pts',(116.23870809793,-0.477511576622147,44.6389670888794));
#1261=CARTESIAN_POINT('Ctrl Pts',(116.48358721099,-0.41943299931052,45.5660759214048));
#1262=CARTESIAN_POINT('Ctrl Pts',(117.345138209651,-0.213104386677122,47.3079422246717));
#1263=CARTESIAN_POINT('Ctrl Pts',(119.843912970789,0.448782443587785,49.4858231692687));
#1264=CARTESIAN_POINT('Ctrl Pts',(122.070234876405,1.14351754323813,50.0297364798488));
#1265=CARTESIAN_POINT('Ctrl Pts',(123.363392307856,1.59297925012701,50.));
#1266=CARTESIAN_POINT('Ctrl Pts',(116.229389349467,-5.42101086242752E-17,
44.6029384788949));
#1267=CARTESIAN_POINT('Ctrl Pts',(116.464598456361,0.0549025173644104,45.5123156566564));
#1268=CARTESIAN_POINT('Ctrl Pts',(117.293960629977,0.25014332291185,47.226100753629));
#1269=CARTESIAN_POINT('Ctrl Pts',(119.712348935874,0.874842466946951,49.4067690143633));
#1270=CARTESIAN_POINT('Ctrl Pts',(121.907657579463,1.53365121558771,50.));
#1271=CARTESIAN_POINT('Ctrl Pts',(123.2,1.96237545625046,50.));
#1272=CARTESIAN_POINT('',(116.229389349468,1.38102420124686E-13,44.6029384788995));
#1273=CARTESIAN_POINT('',(123.197715603594,9.44132710064554E-13,48.1538628240645));
#1274=CARTESIAN_POINT('Ctrl Pts',(116.229389349467,-2.43390144576144E-17,
44.6029384788949));
#1275=CARTESIAN_POINT('Ctrl Pts',(116.415905926754,-2.41756867721443E-17,
45.3240581706401));
#1276=CARTESIAN_POINT('Ctrl Pts',(116.715285660824,-2.08166817117217E-16,
46.0136742691889));
#1277=CARTESIAN_POINT('Ctrl Pts',(117.498821399428,-2.08166817117217E-16,
47.2146460259509));
#1278=CARTESIAN_POINT('Ctrl Pts',(117.965723293,-1.29229027778041E-15,47.7315412377517));
#1279=CARTESIAN_POINT('Ctrl Pts',(119.029327446844,-1.34332886286432E-15,
48.5562848706677));
#1280=CARTESIAN_POINT('Ctrl Pts',(119.583628367232,4.318368089791E-15,48.8447462340679));
#1281=CARTESIAN_POINT('Ctrl Pts',(120.665352031123,4.28656219194021E-15,
49.1890545300181));
#1282=CARTESIAN_POINT('Ctrl Pts',(121.172683578087,-5.36254934331912E-16,
49.2475806281492));
#1283=CARTESIAN_POINT('Ctrl Pts',(121.989258176586,-5.7063388127208E-16,
49.1918664093301));
#1284=CARTESIAN_POINT('Ctrl Pts',(122.310316002039,5.46366065570061E-16,
49.1068500056669));
#1285=CARTESIAN_POINT('Ctrl Pts',(122.739063201677,5.61103949101589E-16,
48.894266689793));
#1286=CARTESIAN_POINT('Ctrl Pts',(122.88207956886,0.,48.7886429295515));
#1287=CARTESIAN_POINT('Ctrl Pts',(123.053746435486,0.,48.5949947136395));
#1288=CARTESIAN_POINT('Ctrl Pts',(123.10845034957,4.28822501514242E-13,
48.5117416015356));
#1289=CARTESIAN_POINT('Ctrl Pts',(123.179913627555,4.28824701761609E-13,
48.3347659629781));
#1290=CARTESIAN_POINT('Ctrl Pts',(123.197715603592,-1.13623059036368E-16,
48.2457464402806));
#1291=CARTESIAN_POINT('Ctrl Pts',(123.197715603592,-1.14305850457902E-16,
48.1538628240639));
#1292=CARTESIAN_POINT('',(123.928131416838,0.316220955660135,48.2));
#1293=CARTESIAN_POINT('Ctrl Pts',(123.197230407238,0.000210450805928448,
48.1531981181873));
#1294=CARTESIAN_POINT('Ctrl Pts',(123.44057544836,0.103094737005034,48.1843683470314));
#1295=CARTESIAN_POINT('Ctrl Pts',(123.684919101354,0.20864264037902,48.2));
#1296=CARTESIAN_POINT('Ctrl Pts',(123.928131416838,0.316220955660134,48.2));
#1297=CARTESIAN_POINT('',(123.2,1.96237545625046,50.));
#1298=CARTESIAN_POINT('Origin',(123.2,1.96237545625046,48.2));
#1299=CARTESIAN_POINT('Ctrl Pts',(123.2,1.96237545625046,50.));
#1300=CARTESIAN_POINT('Ctrl Pts',(122.935391078183,1.87459356711955,50.));
#1301=CARTESIAN_POINT('Ctrl Pts',(122.669915660064,1.7881861726206,49.9850822218638));
#1302=CARTESIAN_POINT('Ctrl Pts',(122.405116927908,1.70353365649459,49.9553549406938));
#1303=CARTESIAN_POINT('Ctrl Pts',(122.140458593527,1.61892602360806,49.9256434210952));
#1304=CARTESIAN_POINT('Ctrl Pts',(121.876475099767,1.53607123279493,49.8811380125534));
#1305=CARTESIAN_POINT('Ctrl Pts',(121.614706059185,1.4553598588124,49.8218959618227));
#1306=CARTESIAN_POINT('Ctrl Pts',(121.356800084755,1.37583958587145,49.7635281778136));
#1307=CARTESIAN_POINT('Ctrl Pts',(121.101042720322,1.29839983016942,49.6908551737802));
#1308=CARTESIAN_POINT('Ctrl Pts',(120.848920816069,1.22342663141569,49.6038855495157));
#1309=CARTESIAN_POINT('Ctrl Pts',(120.655948752019,1.16604275215802,49.5373197033088));
#1310=CARTESIAN_POINT('Ctrl Pts',(120.465106615783,1.11010408604433,49.4623775613727));
#1311=CARTESIAN_POINT('Ctrl Pts',(120.277072036743,1.05578928920604,49.3790462843335));
#1312=CARTESIAN_POINT('Ctrl Pts',(119.990926303001,0.973134559029962,49.2522350907022));
#1313=CARTESIAN_POINT('Ctrl Pts',(119.711692743563,0.894101357774512,49.1061771965708));
#1314=CARTESIAN_POINT('Ctrl Pts',(119.441821365498,0.819265031268037,48.9410011805979));
#1315=CARTESIAN_POINT('Ctrl Pts',(119.112294496632,0.727886017577044,48.7393127475919));
#1316=CARTESIAN_POINT('Ctrl Pts',(118.796724853914,0.642763841812829,48.5091209911044));
#1317=CARTESIAN_POINT('Ctrl Pts',(118.500065128427,0.564454775389432,48.2533846729053));
#1318=CARTESIAN_POINT('Ctrl Pts',(118.305038946804,0.512973846571309,48.0852618259002));
#1319=CARTESIAN_POINT('Ctrl Pts',(118.118185686533,0.464437793570633,47.9060978982393));
#1320=CARTESIAN_POINT('Ctrl Pts',(117.940919995615,0.419008480503652,47.7167246716234));
#1321=CARTESIAN_POINT('Ctrl Pts',(117.760961710575,0.372889114551956,47.5244749423159));
#1322=CARTESIAN_POINT('Ctrl Pts',(117.590860876902,0.32994172873763,47.3216763023537));
#1323=CARTESIAN_POINT('Ctrl Pts',(117.432133909174,0.290324781473242,47.109219063814));
#1324=CARTESIAN_POINT('Ctrl Pts',(117.179789087939,0.227341587007538,46.7714536251673));
#1325=CARTESIAN_POINT('Ctrl Pts',(116.956193775335,0.172776610423159,46.4092746795218));
#1326=CARTESIAN_POINT('Ctrl Pts',(116.765328152715,0.126865133766149,46.0288653116235));
#1327=CARTESIAN_POINT('Ctrl Pts',(116.661530064641,0.101897182847242,45.8219880095116));
#1328=CARTESIAN_POINT('Ctrl Pts',(116.56741112806,0.0794883061266811,45.6097197286313));
#1329=CARTESIAN_POINT('Ctrl Pts',(116.483606133319,0.0596749176399167,45.3930582797964));
#1330=CARTESIAN_POINT('Ctrl Pts',(116.383926827936,0.0361084845443934,45.1353569006629));
#1331=CARTESIAN_POINT('Ctrl Pts',(116.298823702649,0.0162073689731218,44.8713890375068));
#1332=CARTESIAN_POINT('Ctrl Pts',(116.229389349468,2.76001443921814E-13,
44.6029384788995));
#1333=CARTESIAN_POINT('Origin',(103.5,46.5,48.2));
#1334=CARTESIAN_POINT('',(123.928131416838,92.6837790443399,48.2));
#1335=CARTESIAN_POINT('',(123.2,91.0376245437495,50.));
#1336=CARTESIAN_POINT('Origin',(123.2,91.0376245437495,48.2));
#1337=CARTESIAN_POINT('Origin',(103.5,46.5,50.));
#1338=CARTESIAN_POINT('Origin',(103.5,46.5,48.2));
#1339=CARTESIAN_POINT('Ctrl Pts',(123.928131416838,92.6837790443399,48.2));
#1340=CARTESIAN_POINT('Ctrl Pts',(122.923049914213,93.1283493554992,48.2));
#1341=CARTESIAN_POINT('Ctrl Pts',(121.215701639457,93.811500032154,47.7550494725946));
#1342=CARTESIAN_POINT('Ctrl Pts',(119.334881504436,94.459292400353,46.1195601378809));
#1343=CARTESIAN_POINT('Ctrl Pts',(118.689869949377,94.6617540631026,44.8342367424922));
#1344=CARTESIAN_POINT('Ctrl Pts',(118.506942948893,94.7186858316222,44.1522038591709));
#1345=CARTESIAN_POINT('Ctrl Pts',(123.928131416838,92.6837790443399,48.4692793703077));
#1346=CARTESIAN_POINT('Ctrl Pts',(122.882625072555,93.1462773632015,48.481742071177));
#1347=CARTESIAN_POINT('Ctrl Pts',(121.091542253494,93.860355578127,48.0359846383053));
#1348=CARTESIAN_POINT('Ctrl Pts',(119.095661362083,94.5391334692214,46.3210122146011));
#1349=CARTESIAN_POINT('Ctrl Pts',(118.407821263131,94.7507543695146,44.9594008197013));
#1350=CARTESIAN_POINT('Ctrl Pts',(118.212666865917,94.8102724087399,44.2356905150574));
#1351=CARTESIAN_POINT('Ctrl Pts',(123.878339071495,92.5712088523596,49.0070185626724));
#1352=CARTESIAN_POINT('Ctrl Pts',(122.749814620234,93.0577486580554,49.0442791892327));
#1353=CARTESIAN_POINT('Ctrl Pts',(120.789967430469,93.8150494928458,48.5967591806195));
#1354=CARTESIAN_POINT('Ctrl Pts',(118.565467483727,94.5383820545716,46.7229788687515));
#1355=CARTESIAN_POINT('Ctrl Pts',(117.793267015247,94.7634882189047,45.20911262972));
#1356=CARTESIAN_POINT('Ctrl Pts',(117.573983558629,94.8267697429835,44.4022130474434));
#1357=CARTESIAN_POINT('Ctrl Pts',(123.634675627835,92.0203362143492,49.763784147712));
#1358=CARTESIAN_POINT('Ctrl Pts',(122.38325895621,92.5035599073645,49.8191212847396));
#1359=CARTESIAN_POINT('Ctrl Pts',(120.196087768166,93.2574885917859,49.3390343107394));
#1360=CARTESIAN_POINT('Ctrl Pts',(117.697373006423,93.9794824966694,47.2381977938059));
#1361=CARTESIAN_POINT('Ctrl Pts',(116.827605806112,94.2042591219134,45.5271648179163));
#1362=CARTESIAN_POINT('Ctrl Pts',(116.580681780328,94.2674558378815,44.6141052893861));
#1363=CARTESIAN_POINT('Ctrl Pts',(123.363392307856,91.407020749873,50.));
#1364=CARTESIAN_POINT('Ctrl Pts',(122.070234876405,91.8564824567618,50.0297364798488));
#1365=CARTESIAN_POINT('Ctrl Pts',(119.843899782781,92.551211153034,49.4858249303828));
#1366=CARTESIAN_POINT('Ctrl Pts',(117.345135487649,93.2131015403448,47.307948739376));
#1367=CARTESIAN_POINT('Ctrl Pts',(116.48358721099,93.4194329993105,45.5660759214046));
#1368=CARTESIAN_POINT('Ctrl Pts',(116.23870809793,93.4775115766222,44.6389670888791));
#1369=CARTESIAN_POINT('Ctrl Pts',(123.2,91.0376245437495,50.));
#1370=CARTESIAN_POINT('Ctrl Pts',(121.907657579463,91.4663487844122,50.));
#1371=CARTESIAN_POINT('Ctrl Pts',(119.712334517268,92.1251495359584,49.4067326301263));
#1372=CARTESIAN_POINT('Ctrl Pts',(117.293959848608,92.7498522751919,47.2260801838412));
#1373=CARTESIAN_POINT('Ctrl Pts',(116.464598456361,92.9450974826356,45.5123156566562));
#1374=CARTESIAN_POINT('Ctrl Pts',(116.229389349467,93.,44.6029384788946));
#1375=CARTESIAN_POINT('',(123.197715603592,93.,48.1538628240639));
#1376=CARTESIAN_POINT('',(116.229389349467,93.,44.6029384788946));
#1377=CARTESIAN_POINT('Ctrl Pts',(123.197715603592,93.,48.1538628240639));
#1378=CARTESIAN_POINT('Ctrl Pts',(123.197715603592,93.,48.2474136631894));
#1379=CARTESIAN_POINT('Ctrl Pts',(123.17926116562,93.0000000000119,48.337950919847));
#1380=CARTESIAN_POINT('Ctrl Pts',(123.103850432597,93.0000000000119,48.5212858606044));
#1381=CARTESIAN_POINT('Ctrl Pts',(123.044427573243,93.0000000000025,48.6084835124529));
#1382=CARTESIAN_POINT('Ctrl Pts',(122.876966426484,93.0000000000025,48.789562569151));
#1383=CARTESIAN_POINT('Ctrl Pts',(122.752062588037,93.0000000000001,48.8828441106847));
#1384=CARTESIAN_POINT('Ctrl Pts',(122.389824371252,93.0000000000001,49.0731533584142));
#1385=CARTESIAN_POINT('Ctrl Pts',(122.129075415619,92.9999999999258,49.1547640081658));
#1386=CARTESIAN_POINT('Ctrl Pts',(121.41243385505,92.9999999999258,49.2528754546662));
#1387=CARTESIAN_POINT('Ctrl Pts',(120.927873296486,93.,49.2284323606224));
#1388=CARTESIAN_POINT('Ctrl Pts',(119.8668854892,93.,48.9624904187705));
#1389=CARTESIAN_POINT('Ctrl Pts',(119.308859825721,93.,48.7138222671094));
#1390=CARTESIAN_POINT('Ctrl Pts',(118.127953754259,93.,47.9027578726308));
#1391=CARTESIAN_POINT('Ctrl Pts',(117.576054045192,93.,47.3250547743035));
#1392=CARTESIAN_POINT('Ctrl Pts',(116.907867501043,93.,46.3128653231132));
#1393=CARTESIAN_POINT('Ctrl Pts',(116.708953221772,93.,45.9371310006268));
#1394=CARTESIAN_POINT('Ctrl Pts',(116.418110973752,93.,45.2396677477067));
#1395=CARTESIAN_POINT('Ctrl Pts',(116.312508987849,93.,44.9242997695606));
#1396=CARTESIAN_POINT('Ctrl Pts',(116.229389349467,93.,44.6029384788946));
#1397=CARTESIAN_POINT('Ctrl Pts',(116.229389349467,93.,44.6029384788946));
#1398=CARTESIAN_POINT('Ctrl Pts',(116.464598456361,92.9450974826356,45.5123156566562));
#1399=CARTESIAN_POINT('Ctrl Pts',(117.293959848608,92.7498522751919,47.2260801838412));
#1400=CARTESIAN_POINT('Ctrl Pts',(119.712334517268,92.1251495359584,49.4067326301263));
#1401=CARTESIAN_POINT('Ctrl Pts',(121.907657579463,91.4663487844122,50.));
#1402=CARTESIAN_POINT('Ctrl Pts',(123.2,91.0376245437495,50.));
#1403=CARTESIAN_POINT('Ctrl Pts',(123.928131416838,92.6837790443399,48.2));
#1404=CARTESIAN_POINT('Ctrl Pts',(123.684919101353,92.7913573596213,48.2));
#1405=CARTESIAN_POINT('Ctrl Pts',(123.440575054385,92.896904971646,48.1843673883057));
#1406=CARTESIAN_POINT('Ctrl Pts',(123.197229416495,92.9997888015322,48.1531956564178));
#1407=CARTESIAN_POINT('Origin',(123.2,68.8941956765587,42.8));
#1408=CARTESIAN_POINT('',(123.2,2.18115524971346,50.));
#1409=CARTESIAN_POINT('',(123.2,68.8941956765587,50.));
#1410=CARTESIAN_POINT('',(116.,0.218254138375458,42.8));
#1411=CARTESIAN_POINT('Ctrl Pts',(116.,0.218254138375458,42.8));
#1412=CARTESIAN_POINT('Ctrl Pts',(116.,0.218254138375458,43.9165734807449));
#1413=CARTESIAN_POINT('Ctrl Pts',(116.531703989846,0.33664234718357,46.1455443729627));
#1414=CARTESIAN_POINT('Ctrl Pts',(119.056833514101,0.945426311474508,49.1584427502289));
#1415=CARTESIAN_POINT('Ctrl Pts',(121.669528451173,1.68982454796306,50.));
#1416=CARTESIAN_POINT('Ctrl Pts',(123.2,2.18115524971347,50.));
#1417=CARTESIAN_POINT('',(116.,3.0083909537282E-32,42.8));
#1418=CARTESIAN_POINT('',(116.,68.8941956765587,42.8));
#1419=CARTESIAN_POINT('Origin',(123.2,0.,42.8));
#1420=CARTESIAN_POINT('Origin',(103.5,46.5,50.));
#1421=CARTESIAN_POINT('',(123.2,90.8188447502865,50.));
#1422=CARTESIAN_POINT('',(123.2,68.8941956765587,50.));
#1423=CARTESIAN_POINT('Origin',(103.5,46.5,50.));
#1424=CARTESIAN_POINT('Origin',(123.2,68.8941956765587,42.8));
#1425=CARTESIAN_POINT('',(116.,93.,42.8));
#1426=CARTESIAN_POINT('Origin',(123.2,93.,42.8));
#1427=CARTESIAN_POINT('',(116.,92.7817458616245,42.8));
#1428=CARTESIAN_POINT('',(116.,68.8941956765587,42.8));
#1429=CARTESIAN_POINT('Ctrl Pts',(123.2,90.8188447502865,50.));
#1430=CARTESIAN_POINT('Ctrl Pts',(122.17968228326,91.146399627186,50.));
#1431=CARTESIAN_POINT('Ctrl Pts',(120.116926581635,91.7634795634339,49.5606687280935));
#1432=CARTESIAN_POINT('Ctrl Pts',(117.032697326343,92.5575716499476,47.2426850293808));
#1433=CARTESIAN_POINT('Ctrl Pts',(116.,92.7817458616245,44.4748657215937));
#1434=CARTESIAN_POINT('Ctrl Pts',(116.,92.7817458616245,42.8));
#1435=CARTESIAN_POINT('Origin',(118.,92.7817458616245,0.));
#1436=CARTESIAN_POINT('',(117.40206185567,90.8732202590833,42.8));
#1437=CARTESIAN_POINT('Origin',(118.,92.7817458616245,42.8));
#1438=CARTESIAN_POINT('',(116.,92.7817458616245,0.));
#1439=CARTESIAN_POINT('',(116.,92.7817458616245,0.));
#1440=CARTESIAN_POINT('',(117.40206185567,90.8732202590833,0.));
#1441=CARTESIAN_POINT('Origin',(118.,92.7817458616245,0.));
#1442=CARTESIAN_POINT('',(117.40206185567,90.8732202590833,0.));
#1443=CARTESIAN_POINT('Ctrl Pts',(117.40206185567,90.8732202590833,42.8));
#1444=CARTESIAN_POINT('Ctrl Pts',(117.40206185567,90.8732202590833,44.0096252433735));
#1445=CARTESIAN_POINT('Ctrl Pts',(118.117142650372,90.6582903447952,46.0086058545528));
#1446=CARTESIAN_POINT('Ctrl Pts',(120.252785931957,89.8969443237047,47.6827051925121));
#1447=CARTESIAN_POINT('Ctrl Pts',(121.681120206449,89.3053109827662,48.));
#1448=CARTESIAN_POINT('Ctrl Pts',(122.38762886598,88.9912635234706,48.));
#1449=CARTESIAN_POINT('Ctrl Pts',(116.941404049937,91.017543643147,42.8));
#1450=CARTESIAN_POINT('Ctrl Pts',(116.941404049937,91.017543643147,44.127524508709));
#1451=CARTESIAN_POINT('Ctrl Pts',(117.721274815005,90.7939280692319,46.3197793714425));
#1452=CARTESIAN_POINT('Ctrl Pts',(120.048146994484,89.9803438897881,48.1898056056541));
#1453=CARTESIAN_POINT('Ctrl Pts',(121.610466890963,89.3377208862455,48.575982065));
#1454=CARTESIAN_POINT('Ctrl Pts',(122.38762886598,88.9912635234706,48.5983986006838));
#1455=CARTESIAN_POINT('Ctrl Pts',(116.234545191574,91.5741250868685,42.8));
#1456=CARTESIAN_POINT('Ctrl Pts',(116.234545191574,91.5741250868685,44.3322180139721));
#1457=CARTESIAN_POINT('Ctrl Pts',(117.13471639415,91.3411518188357,46.8647455412654));
#1458=CARTESIAN_POINT('Ctrl Pts',(119.83478353521,90.4948488724834,49.0721002715827));
#1459=CARTESIAN_POINT('Ctrl Pts',(121.668226738458,89.8176777498346,49.5762457768325));
#1460=CARTESIAN_POINT('Ctrl Pts',(122.591613885087,89.4501660815016,49.6343344002986));
#1461=CARTESIAN_POINT('Ctrl Pts',(116.,92.4196932343612,42.8));
#1462=CARTESIAN_POINT('Ctrl Pts',(116.,92.4196932343612,44.4486295843732));
#1463=CARTESIAN_POINT('Ctrl Pts',(116.99880240988,92.192731694302,47.17223932563));
#1464=CARTESIAN_POINT('Ctrl Pts',(119.992396378583,91.3831516473226,49.4950402032503));
#1465=CARTESIAN_POINT('Ctrl Pts',(122.010579589772,90.7481353213239,49.9739393813755));
#1466=CARTESIAN_POINT('Ctrl Pts',(123.017704343812,90.4087364820005,50.));
#1467=CARTESIAN_POINT('Ctrl Pts',(116.,92.7817458616245,42.8));
#1468=CARTESIAN_POINT('Ctrl Pts',(116.,92.7817458616245,44.4748657215937));
#1469=CARTESIAN_POINT('Ctrl Pts',(117.032697326343,92.5575716499476,47.2426850293808));
#1470=CARTESIAN_POINT('Ctrl Pts',(120.116926581635,91.7634795634339,49.5606687280935));
#1471=CARTESIAN_POINT('Ctrl Pts',(122.17968228326,91.146399627186,50.));
#1472=CARTESIAN_POINT('Ctrl Pts',(123.2,90.8188447502865,50.));
#1473=CARTESIAN_POINT('',(122.38762886598,88.9912635234706,48.));
#1474=CARTESIAN_POINT('Origin',(123.2,90.8188447502865,48.));
#1475=CARTESIAN_POINT('Ctrl Pts',(117.40206185567,90.8732202590833,42.8));
#1476=CARTESIAN_POINT('Ctrl Pts',(117.40206185567,90.8732202590833,44.0096252433735));
#1477=CARTESIAN_POINT('Ctrl Pts',(118.117142650372,90.6582903447952,46.0086058545528));
#1478=CARTESIAN_POINT('Ctrl Pts',(120.252785931957,89.8969443237047,47.6827051925121));
#1479=CARTESIAN_POINT('Ctrl Pts',(121.681120206449,89.3053109827662,48.));
#1480=CARTESIAN_POINT('Ctrl Pts',(122.38762886598,88.9912635234706,48.));
#1481=CARTESIAN_POINT('Origin',(103.5,46.5,48.));
#1482=CARTESIAN_POINT('',(122.387628865979,4.00873647652941,48.));
#1483=CARTESIAN_POINT('Origin',(123.2,2.18115524971346,48.));
#1484=CARTESIAN_POINT('Origin',(103.5,46.5,48.));
#1485=CARTESIAN_POINT('Ctrl Pts',(122.387628865979,4.0087364765294,48.));
#1486=CARTESIAN_POINT('Ctrl Pts',(121.327869357084,3.53766683464518,48.));
#1487=CARTESIAN_POINT('Ctrl Pts',(119.518735233991,2.82396543265083,47.3922086529428));
#1488=CARTESIAN_POINT('Ctrl Pts',(117.770234893313,2.24028596173278,45.2162264915841));
#1489=CARTESIAN_POINT('Ctrl Pts',(117.40206185567,2.12677974091668,43.6064141805375));
#1490=CARTESIAN_POINT('Ctrl Pts',(117.40206185567,2.12677974091668,42.8));
#1491=CARTESIAN_POINT('Ctrl Pts',(122.387628865979,4.0087364765294,48.5983986006838));
#1492=CARTESIAN_POINT('Ctrl Pts',(121.221889731906,3.48905213908358,48.5647739075864));
#1493=CARTESIAN_POINT('Ctrl Pts',(119.24795643399,2.7202816735549,47.8561601955584));
#1494=CARTESIAN_POINT('Ctrl Pts',(117.343039942088,2.10068086498,45.451023419533));
#1495=CARTESIAN_POINT('Ctrl Pts',(116.941404049937,1.98245635685295,43.6850134326303));
#1496=CARTESIAN_POINT('Ctrl Pts',(116.941404049937,1.98245635685295,42.8));
#1497=CARTESIAN_POINT('Ctrl Pts',(122.591592176966,3.5498827549879,49.6343789189901));
#1498=CARTESIAN_POINT('Ctrl Pts',(121.206516005807,2.99861706292238,49.5472462699469));
#1499=CARTESIAN_POINT('Ctrl Pts',(118.904003085669,2.19180454415744,48.6633112936411));
#1500=CARTESIAN_POINT('Ctrl Pts',(116.698512093143,1.54943944637098,45.8615953437324));
#1501=CARTESIAN_POINT('Ctrl Pts',(116.23452195283,1.42589469817858,43.8214753213126));
#1502=CARTESIAN_POINT('Ctrl Pts',(116.23452195283,1.42589469817858,42.8));
#1503=CARTESIAN_POINT('Ctrl Pts',(123.017704343812,2.59126351799943,50.));
#1504=CARTESIAN_POINT('Ctrl Pts',(121.507022174045,2.08216693095898,49.9609092004429));
#1505=CARTESIAN_POINT('Ctrl Pts',(118.961748833388,1.31907405304889,49.0802583475517));
#1506=CARTESIAN_POINT('Ctrl Pts',(116.514590584254,0.700331172530875,46.0928948412029));
#1507=CARTESIAN_POINT('Ctrl Pts',(116.,0.580306765638755,43.8990827800398));
#1508=CARTESIAN_POINT('Ctrl Pts',(116.,0.580306765638754,42.8));
#1509=CARTESIAN_POINT('Ctrl Pts',(123.2,2.18115524971347,50.));
#1510=CARTESIAN_POINT('Ctrl Pts',(121.669528451173,1.68982454796306,50.));
#1511=CARTESIAN_POINT('Ctrl Pts',(119.056833514101,0.945426311474508,49.1584427502289));
#1512=CARTESIAN_POINT('Ctrl Pts',(116.531703989846,0.33664234718357,46.1455443729627));
#1513=CARTESIAN_POINT('Ctrl Pts',(116.,0.218254138375458,43.9165734807449));
#1514=CARTESIAN_POINT('Ctrl Pts',(116.,0.218254138375458,42.8));
#1515=CARTESIAN_POINT('',(117.40206185567,2.12677974091668,42.8));
#1516=CARTESIAN_POINT('Origin',(118.,0.218254138375458,42.8));
#1517=CARTESIAN_POINT('Ctrl Pts',(122.387628865979,4.0087364765294,48.));
#1518=CARTESIAN_POINT('Ctrl Pts',(121.327869357084,3.53766683464518,48.));
#1519=CARTESIAN_POINT('Ctrl Pts',(119.518735233991,2.82396543265083,47.3922086529428));
#1520=CARTESIAN_POINT('Ctrl Pts',(117.770234893313,2.24028596173278,45.2162264915841));
#1521=CARTESIAN_POINT('Ctrl Pts',(117.40206185567,2.12677974091668,43.6064141805375));
#1522=CARTESIAN_POINT('Ctrl Pts',(117.40206185567,2.12677974091668,42.8));
#1523=CARTESIAN_POINT('Origin',(118.,0.218254138375462,0.));
#1524=CARTESIAN_POINT('',(116.,0.218254138375462,0.));
#1525=CARTESIAN_POINT('',(117.40206185567,2.12677974091668,0.));
#1526=CARTESIAN_POINT('Origin',(118.,0.218254138375462,0.));
#1527=CARTESIAN_POINT('',(116.,0.218254138375462,0.));
#1528=CARTESIAN_POINT('',(117.40206185567,2.12677974091668,0.));
#1529=CARTESIAN_POINT('Origin',(103.5,46.5,0.));
#1530=CARTESIAN_POINT('Origin',(103.5,46.5,0.));
#1531=CARTESIAN_POINT('Origin',(116.,91.2883913531174,0.));
#1532=CARTESIAN_POINT('',(116.,0.,0.));
#1533=CARTESIAN_POINT('',(116.,68.8941956765622,0.));
#1534=CARTESIAN_POINT('',(116.,3.0083909537282E-32,-8.74285810385404));
#1535=CARTESIAN_POINT('Origin',(116.,91.2883913531174,0.));
#1536=CARTESIAN_POINT('',(116.,93.,0.));
#1537=CARTESIAN_POINT('',(116.,93.,-8.74285810385404));
#1538=CARTESIAN_POINT('',(116.,68.8941956765622,0.));
#1539=CARTESIAN_POINT('Origin',(103.5,46.5,0.));
#1540=CARTESIAN_POINT('',(123.197715603592,6.77144706733226E-32,0.));
#1541=CARTESIAN_POINT('',(123.197715603592,93.,0.));
#1542=CARTESIAN_POINT('Origin',(98.4975529665444,46.5000000000071,0.));
#1543=CARTESIAN_POINT('',(81.,93.,0.));
#1544=CARTESIAN_POINT('',(98.4975555342316,93.,0.));
#1545=CARTESIAN_POINT('',(81.,92.7817458616245,0.));
#1546=CARTESIAN_POINT('',(81.,24.1058043234448,0.));
#1547=CARTESIAN_POINT('',(79.5979381443299,90.8732202590833,0.));
#1548=CARTESIAN_POINT('Origin',(79.,92.7817458616245,0.));
#1549=CARTESIAN_POINT('',(79.5979381443299,2.12677974091668,0.));
#1550=CARTESIAN_POINT('Origin',(93.5,46.5,0.));
#1551=CARTESIAN_POINT('',(81.,0.218254138375462,0.));
#1552=CARTESIAN_POINT('Origin',(79.,0.218254138375462,0.));
#1553=CARTESIAN_POINT('',(81.,-1.1473261692894E-31,0.));
#1554=CARTESIAN_POINT('',(81.,24.1058043234448,0.));
#1555=CARTESIAN_POINT('',(147.748776483272,0.,0.));
#1556=CARTESIAN_POINT('Origin',(93.5,46.5,0.));
#1557=CARTESIAN_POINT('',(79.5979381443299,2.12677974091668,42.8));
#1558=CARTESIAN_POINT('',(79.5979381443299,2.12677974091668,0.));
#1559=CARTESIAN_POINT('',(79.5979381443299,90.8732202590833,42.8));
#1560=CARTESIAN_POINT('',(79.5979381443299,90.8732202590833,0.));
#1561=CARTESIAN_POINT('',(74.6123711340205,88.9912635234706,48.));
#1562=CARTESIAN_POINT('Ctrl Pts',(74.6123711340205,88.9912635234706,48.));
#1563=CARTESIAN_POINT('Ctrl Pts',(75.6721341233159,89.462334712414,48.));
#1564=CARTESIAN_POINT('Ctrl Pts',(77.4811413007871,90.1759702598175,47.3921794000944));
#1565=CARTESIAN_POINT('Ctrl Pts',(79.2297315302186,90.7597009335139,45.2162939625619));
#1566=CARTESIAN_POINT('Ctrl Pts',(79.5979381443299,90.8732202590833,43.6064168289156));
#1567=CARTESIAN_POINT('Ctrl Pts',(79.5979381443299,90.8732202590833,42.8));
#1568=CARTESIAN_POINT('',(74.6123711340206,4.0087364765294,48.));
#1569=CARTESIAN_POINT('Origin',(93.5,46.5,48.));
#1570=CARTESIAN_POINT('Ctrl Pts',(79.5979381443299,2.12677974091668,42.8));
#1571=CARTESIAN_POINT('Ctrl Pts',(79.5979381443299,2.12677974091668,44.0096212708063));
#1572=CARTESIAN_POINT('Ctrl Pts',(78.8831749371028,2.34165845553851,46.0086223729444));
#1573=CARTESIAN_POINT('Ctrl Pts',(76.7475025190057,3.10296663356163,47.6827540822269));
#1574=CARTESIAN_POINT('Ctrl Pts',(75.3188774732842,3.69469004860661,48.));
#1575=CARTESIAN_POINT('Ctrl Pts',(74.6123711340206,4.0087364765294,48.));
#1576=CARTESIAN_POINT('Origin',(81.,1.71160864688262,0.));
#1577=CARTESIAN_POINT('',(81.,92.7817458616245,42.8));
#1578=CARTESIAN_POINT('',(81.,92.7817458616245,0.));
#1579=CARTESIAN_POINT('',(81.,93.,42.8));
#1580=CARTESIAN_POINT('',(81.,93.,-8.74285810385404));
#1581=CARTESIAN_POINT('',(81.,24.1058043234413,42.8));
#1582=CARTESIAN_POINT('Origin',(73.8,24.1058043234413,42.8));
#1583=CARTESIAN_POINT('',(73.8,91.0376245437495,50.));
#1584=CARTESIAN_POINT('',(80.7706106505316,92.9999999999999,44.6029384788993));
#1585=CARTESIAN_POINT('Ctrl Pts',(73.8,91.0376245437495,50.));
#1586=CARTESIAN_POINT('Ctrl Pts',(74.1187608600828,91.1433709044046,50.));
#1587=CARTESIAN_POINT('Ctrl Pts',(74.4387979448424,91.2471765123773,49.9785836307826));
#1588=CARTESIAN_POINT('Ctrl Pts',(74.7573866953531,91.3483150339735,49.9356353779657));
#1589=CARTESIAN_POINT('Ctrl Pts',(75.071522176256,91.4480398298695,49.8932874606869));
#1590=CARTESIAN_POINT('Ctrl Pts',(75.3842485046486,91.5451713340836,49.8300055050453));
#1591=CARTESIAN_POINT('Ctrl Pts',(75.6929556448263,91.6390193750488,49.7457281432938));
#1592=CARTESIAN_POINT('Ctrl Pts',(75.9171617431622,91.7071788063117,49.6845196514997));
#1593=CARTESIAN_POINT('Ctrl Pts',(76.1392478088123,91.7736064084699,49.6122376401565));
#1594=CARTESIAN_POINT('Ctrl Pts',(76.3582191755438,91.8380409500521,49.5288748201757));
#1595=CARTESIAN_POINT('Ctrl Pts',(76.4807549672881,91.8740983473562,49.4822252088551));
#1596=CARTESIAN_POINT('Ctrl Pts',(76.6023154870392,91.9095316756644,49.4321059085203));
#1597=CARTESIAN_POINT('Ctrl Pts',(76.7226814509588,91.9443081171491,49.3785793720953));
#1598=CARTESIAN_POINT('Ctrl Pts',(77.0142962981495,92.0285622230372,49.2488987528244));
#1599=CARTESIAN_POINT('Ctrl Pts',(77.299197548553,92.1089845135042,49.0990824690614));
#1600=CARTESIAN_POINT('Ctrl Pts',(77.5742269836891,92.1851196751823,48.9299331037923));
#1601=CARTESIAN_POINT('Ctrl Pts',(77.8474067796136,92.2607428095557,48.7619213087563));
#1602=CARTESIAN_POINT('Ctrl Pts',(78.1108459130955,92.3321361972062,48.5748361838134));
#1603=CARTESIAN_POINT('Ctrl Pts',(78.3614703070433,92.3988658837927,48.3695087759496));
#1604=CARTESIAN_POINT('Ctrl Pts',(78.4569175936748,92.4242790824927,48.2913123017638));
#1605=CARTESIAN_POINT('Ctrl Pts',(78.5505065687402,92.4490160029242,48.2104704274933));
#1606=CARTESIAN_POINT('Ctrl Pts',(78.6420687480815,92.4730531798789,48.1270304867784));
#1607=CARTESIAN_POINT('Ctrl Pts',(78.7857832355337,92.5107815366163,47.9960645311932));
#1608=CARTESIAN_POINT('Ctrl Pts',(78.9245042382551,92.5467859324365,47.8586978913712));
#1609=CARTESIAN_POINT('Ctrl Pts',(79.057747716383,92.5810403705668,47.7155027683858));
#1610=CARTESIAN_POINT('Ctrl Pts',(79.2837561845196,92.639142974893,47.4726142544766));
#1611=CARTESIAN_POINT('Ctrl Pts',(79.4940651519461,92.6921268433702,47.2129003270359));
#1612=CARTESIAN_POINT('Ctrl Pts',(79.6864098828443,92.7398430796451,46.938983311032));
#1613=CARTESIAN_POINT('Ctrl Pts',(79.8741374313736,92.7864139007906,46.6716415976681));
#1614=CARTESIAN_POINT('Ctrl Pts',(80.0447534281003,92.8279669528087,46.3907694590899));
#1615=CARTESIAN_POINT('Ctrl Pts',(80.1961120645896,92.8643531374259,46.0987804283981));
#1616=CARTESIAN_POINT('Ctrl Pts',(80.3147707152016,92.8928783386813,45.869873606964));
#1617=CARTESIAN_POINT('Ctrl Pts',(80.4215933406815,92.9182278419376,45.6341338553169));
#1618=CARTESIAN_POINT('Ctrl Pts',(80.5155246008876,92.9403250096887,45.3927191209278));
#1619=CARTESIAN_POINT('Ctrl Pts',(80.5901887373605,92.9578896196494,45.2008232320039));
#1620=CARTESIAN_POINT('Ctrl Pts',(80.6566885170993,92.9734188075872,45.0053765156469));
#1621=CARTESIAN_POINT('Ctrl Pts',(80.7144620878923,92.9868989143756,44.8071242304283));
#1622=CARTESIAN_POINT('Ctrl Pts',(80.734203794118,92.9915051781819,44.7393797874306));
#1623=CARTESIAN_POINT('Ctrl Pts',(80.7529270066055,92.9958722832606,44.67130786484));
#1624=CARTESIAN_POINT('Ctrl Pts',(80.7706106505316,92.9999999999997,44.6029384788993));
#1625=CARTESIAN_POINT('',(73.7999999999999,90.8188447502865,50.));
#1626=CARTESIAN_POINT('',(73.8,24.1058043234413,50.));
#1627=CARTESIAN_POINT('Ctrl Pts',(81.,92.7817458616245,42.8));
#1628=CARTESIAN_POINT('Ctrl Pts',(81.,92.7817458616245,43.9165771477291));
#1629=CARTESIAN_POINT('Ctrl Pts',(80.4682475200669,92.6633439844174,46.1456377943164));
#1630=CARTESIAN_POINT('Ctrl Pts',(77.9429881812856,92.0545066150785,49.1584022462844));
#1631=CARTESIAN_POINT('Ctrl Pts',(75.3304765751094,91.3101770656353,50.));
#1632=CARTESIAN_POINT('Ctrl Pts',(73.7999999999999,90.8188447502865,50.));
#1633=CARTESIAN_POINT('Origin',(73.8,93.,42.8));
#1634=CARTESIAN_POINT('Origin',(93.5,46.5,50.));
#1635=CARTESIAN_POINT('',(73.8,1.96237545625047,50.));
#1636=CARTESIAN_POINT('Origin',(93.5,46.5,50.));
#1637=CARTESIAN_POINT('',(73.8,2.18115524971346,50.));
#1638=CARTESIAN_POINT('',(73.8,24.1058043234413,50.));
#1639=CARTESIAN_POINT('Origin',(93.5,46.5,50.));
#1640=CARTESIAN_POINT('Origin',(73.8,24.1058043234413,42.8));
#1641=CARTESIAN_POINT('',(80.7706106505327,4.49943901581484E-16,44.6029384788949));
#1642=CARTESIAN_POINT('Ctrl Pts',(80.7706106505327,3.29597460435593E-16,
44.6029384788949));
#1643=CARTESIAN_POINT('Ctrl Pts',(80.5354015436398,0.0549025173642471,45.5123156566537));
#1644=CARTESIAN_POINT('Ctrl Pts',(79.7060387814543,0.250138734414468,47.2261222125242));
#1645=CARTESIAN_POINT('Ctrl Pts',(77.2876357225335,0.874834059767988,49.4068072504337));
#1646=CARTESIAN_POINT('Ctrl Pts',(75.092342420536,1.53365121558823,50.));
#1647=CARTESIAN_POINT('Ctrl Pts',(73.8,1.96237545625047,50.));
#1648=CARTESIAN_POINT('',(81.,-3.00755150696527E-32,42.8));
#1649=CARTESIAN_POINT('Origin',(73.8,0.,42.8));
#1650=CARTESIAN_POINT('',(81.,0.218254138375463,42.8));
#1651=CARTESIAN_POINT('',(81.,24.1058043234413,42.8));
#1652=CARTESIAN_POINT('Ctrl Pts',(73.8,2.18115524971347,50.));
#1653=CARTESIAN_POINT('Ctrl Pts',(74.8203143658845,1.85360144854662,50.));
#1654=CARTESIAN_POINT('Ctrl Pts',(76.8834899902267,1.23642756403738,49.5607364215447));
#1655=CARTESIAN_POINT('Ctrl Pts',(79.9677613235579,0.442374948249823,47.2427079009999));
#1656=CARTESIAN_POINT('Ctrl Pts',(81.,0.218254138375463,44.474860221116));
#1657=CARTESIAN_POINT('Ctrl Pts',(81.,0.218254138375463,42.8));
#1658=CARTESIAN_POINT('Origin',(81.,1.71160864688262,0.));
#1659=CARTESIAN_POINT('',(81.,0.218254138375462,0.));
#1660=CARTESIAN_POINT('',(81.,-3.00755150696527E-32,-8.74285810385404));
#1661=CARTESIAN_POINT('Origin',(79.,0.218254138375462,0.));
#1662=CARTESIAN_POINT('Origin',(79.,0.218254138375463,42.8));
#1663=CARTESIAN_POINT('Ctrl Pts',(79.5979381443299,2.12677974091668,42.8));
#1664=CARTESIAN_POINT('Ctrl Pts',(79.5979381443299,2.12677974091668,44.0096212708063));
#1665=CARTESIAN_POINT('Ctrl Pts',(78.8831749371028,2.34165845553851,46.0086223729444));
#1666=CARTESIAN_POINT('Ctrl Pts',(76.7475025190057,3.10296663356163,47.6827540822269));
#1667=CARTESIAN_POINT('Ctrl Pts',(75.3188774732842,3.69469004860661,48.));
#1668=CARTESIAN_POINT('Ctrl Pts',(74.6123711340206,4.0087364765294,48.));
#1669=CARTESIAN_POINT('Ctrl Pts',(80.0585959500628,1.98245635685296,42.8));
#1670=CARTESIAN_POINT('Ctrl Pts',(80.0585959500628,1.98245635685296,44.1275201489452));
#1671=CARTESIAN_POINT('Ctrl Pts',(79.2790950349107,2.20613138100332,46.3198405713587));
#1672=CARTESIAN_POINT('Ctrl Pts',(76.9521834666614,3.01964141873467,48.1898847014953));
#1673=CARTESIAN_POINT('Ctrl Pts',(75.3895305567362,3.66228025156556,48.5759821386188));
#1674=CARTESIAN_POINT('Ctrl Pts',(74.6123711340206,4.0087364765294,48.5983986006838));
#1675=CARTESIAN_POINT('Ctrl Pts',(80.7655025833269,1.42591558781984,42.8));
#1676=CARTESIAN_POINT('Ctrl Pts',(80.7655025833269,1.42591558781984,44.3322129819681));
#1677=CARTESIAN_POINT('Ctrl Pts',(79.8657191717088,1.65884830541845,46.864794255797));
#1678=CARTESIAN_POINT('Ctrl Pts',(77.1656254985627,2.50511135824246,49.0721855512887));
#1679=CARTESIAN_POINT('Ctrl Pts',(75.3318148572198,3.18242385662932,49.5763374904534));
#1680=CARTESIAN_POINT('Ctrl Pts',(74.408430743114,3.54993431800626,49.6344259231489));
#1681=CARTESIAN_POINT('Ctrl Pts',(81.,0.580306765638762,42.8));
#1682=CARTESIAN_POINT('Ctrl Pts',(81.,0.580306765638762,44.4486241700584));
#1683=CARTESIAN_POINT('Ctrl Pts',(80.0016057282741,0.807199622843792,47.1722790313026));
#1684=CARTESIAN_POINT('Ctrl Pts',(77.0079838064146,1.61674167426945,49.4951114933934));
#1685=CARTESIAN_POINT('Ctrl Pts',(74.9894171026994,2.25186579330589,49.973939466962));
#1686=CARTESIAN_POINT('Ctrl Pts',(73.9822956561877,2.59126351799944,50.));
#1687=CARTESIAN_POINT('Ctrl Pts',(81.,0.218254138375463,42.8));
#1688=CARTESIAN_POINT('Ctrl Pts',(81.,0.218254138375463,44.474860221116));
#1689=CARTESIAN_POINT('Ctrl Pts',(79.9677613235579,0.442374948249823,47.2427079009999));
#1690=CARTESIAN_POINT('Ctrl Pts',(76.8834899902267,1.23642756403738,49.5607364215447));
#1691=CARTESIAN_POINT('Ctrl Pts',(74.8203143658845,1.85360144854662,50.));
#1692=CARTESIAN_POINT('Ctrl Pts',(73.8,2.18115524971347,50.));
#1693=CARTESIAN_POINT('Origin',(73.8,2.18115524971346,48.));
#1694=CARTESIAN_POINT('Origin',(93.5,46.5,48.));
#1695=CARTESIAN_POINT('Origin',(73.7999999999999,90.8188447502865,48.));
#1696=CARTESIAN_POINT('Ctrl Pts',(74.6123711340205,88.9912635234706,48.));
#1697=CARTESIAN_POINT('Ctrl Pts',(75.6721341233159,89.462334712414,48.));
#1698=CARTESIAN_POINT('Ctrl Pts',(77.4811413007871,90.1759702598175,47.3921794000944));
#1699=CARTESIAN_POINT('Ctrl Pts',(79.2297315302186,90.7597009335139,45.2162939625619));
#1700=CARTESIAN_POINT('Ctrl Pts',(79.5979381443299,90.8732202590833,43.6064168289156));
#1701=CARTESIAN_POINT('Ctrl Pts',(79.5979381443299,90.8732202590833,42.8));
#1702=CARTESIAN_POINT('Ctrl Pts',(74.6123711340205,88.9912635234706,48.5983986006838));
#1703=CARTESIAN_POINT('Ctrl Pts',(75.7781140965453,89.5109495676328,48.5647737971582));
#1704=CARTESIAN_POINT('Ctrl Pts',(77.7519052955556,90.2796733173612,47.8561292379425));
#1705=CARTESIAN_POINT('Ctrl Pts',(79.6569206745169,90.8993214021926,45.4510949949885));
#1706=CARTESIAN_POINT('Ctrl Pts',(80.0585959500628,91.017543643147,43.6850163391393));
#1707=CARTESIAN_POINT('Ctrl Pts',(80.0585959500628,91.017543643147,42.8));
#1708=CARTESIAN_POINT('Ctrl Pts',(74.408395059233,89.4501459595761,49.6343527431771));
#1709=CARTESIAN_POINT('Ctrl Pts',(75.7934757791759,90.0014134620752,49.547219807978));
#1710=CARTESIAN_POINT('Ctrl Pts',(78.0958283332546,90.8081356590895,48.6632903116617));
#1711=CARTESIAN_POINT('Ctrl Pts',(80.3014344232099,91.4505611962794,45.8616795966186));
#1712=CARTESIAN_POINT('Ctrl Pts',(80.7654643834035,91.5741169349058,43.8214786759813));
#1713=CARTESIAN_POINT('Ctrl Pts',(80.7654643834035,91.5741169349058,42.8));
#1714=CARTESIAN_POINT('Ctrl Pts',(73.9822956561876,90.4087364820005,50.));
#1715=CARTESIAN_POINT('Ctrl Pts',(75.4929827872466,90.917834740985,49.9609090720633));
#1716=CARTESIAN_POINT('Ctrl Pts',(78.0380845251344,91.6808535269031,49.0802270116799));
#1717=CARTESIAN_POINT('Ctrl Pts',(80.4853674055524,92.2996528168948,46.092988088872));
#1718=CARTESIAN_POINT('Ctrl Pts',(81.,92.4196932343612,43.8990863895821));
#1719=CARTESIAN_POINT('Ctrl Pts',(81.,92.4196932343612,42.8));
#1720=CARTESIAN_POINT('Ctrl Pts',(73.7999999999999,90.8188447502865,50.));
#1721=CARTESIAN_POINT('Ctrl Pts',(75.3304765751094,91.3101770656353,50.));
#1722=CARTESIAN_POINT('Ctrl Pts',(77.9429881812856,92.0545066150785,49.1584022462844));
#1723=CARTESIAN_POINT('Ctrl Pts',(80.4682475200669,92.6633439844174,46.1456377943164));
#1724=CARTESIAN_POINT('Ctrl Pts',(81.,92.7817458616245,43.9165771477291));
#1725=CARTESIAN_POINT('Ctrl Pts',(81.,92.7817458616245,42.8));
#1726=CARTESIAN_POINT('Origin',(79.,92.7817458616245,42.8));
#1727=CARTESIAN_POINT('Origin',(79.,92.7817458616245,0.));
#1728=CARTESIAN_POINT('Origin',(93.5,46.5,0.));
#1729=CARTESIAN_POINT('',(73.0718685831622,0.316220955660143,48.2));
#1730=CARTESIAN_POINT('',(73.8022843964078,6.29837969423684E-15,48.1538628240639));
#1731=CARTESIAN_POINT('Ctrl Pts',(73.0718685831622,0.31622095566014,48.2));
#1732=CARTESIAN_POINT('Ctrl Pts',(73.3150808986472,0.208642640378702,48.2));
#1733=CARTESIAN_POINT('Ctrl Pts',(73.5594241324487,0.103094430714591,48.1843693545528));
#1734=CARTESIAN_POINT('Ctrl Pts',(73.8027685392907,0.000209664950394485,
48.1532007048205));
#1735=CARTESIAN_POINT('',(73.0718685831622,92.6837790443399,48.2));
#1736=CARTESIAN_POINT('Origin',(93.5,46.5,48.2));
#1737=CARTESIAN_POINT('',(73.8022843964056,92.9999999999991,48.1538628240645));
#1738=CARTESIAN_POINT('Ctrl Pts',(73.8021810753146,92.9999069818517,48.1535632806865));
#1739=CARTESIAN_POINT('Ctrl Pts',(73.5591611807238,92.8969605991322,48.1845434140742));
#1740=CARTESIAN_POINT('Ctrl Pts',(73.3150808986465,92.791357359621,48.2));
#1741=CARTESIAN_POINT('Ctrl Pts',(73.0718685831622,92.6837790443399,48.2));
#1742=CARTESIAN_POINT('',(73.8022843964078,93.,25.));
#1743=CARTESIAN_POINT('',(73.8022843964078,93.,0.));
#1744=CARTESIAN_POINT('',(73.8022843964078,-6.77144706733226E-32,25.));
#1745=CARTESIAN_POINT('Origin',(93.5,46.5,25.));
#1746=CARTESIAN_POINT('',(73.8022843964078,-6.77144706733226E-32,0.));
#1747=CARTESIAN_POINT('Ctrl Pts',(73.0718685831622,0.31622095566014,48.2));
#1748=CARTESIAN_POINT('Ctrl Pts',(74.0769500857866,-0.128349355498905,48.2));
#1749=CARTESIAN_POINT('Ctrl Pts',(75.7842752154201,-0.811517042745732,47.7551054378253));
#1750=CARTESIAN_POINT('Ctrl Pts',(77.6651174301352,-1.45930172304045,46.1195916593932));
#1751=CARTESIAN_POINT('Ctrl Pts',(78.3101300506234,-1.66175406310278,44.8342367424903));
#1752=CARTESIAN_POINT('Ctrl Pts',(78.4930570511074,-1.71868583162218,44.1522038591712));
#1753=CARTESIAN_POINT('Ctrl Pts',(73.0718685831622,0.31622095566014,48.4692793703077));
#1754=CARTESIAN_POINT('Ctrl Pts',(74.1173749274443,-0.146277363201111,48.481742071177));
#1755=CARTESIAN_POINT('Ctrl Pts',(75.9084265971699,-0.860370385374278,48.0360415489775));
#1756=CARTESIAN_POINT('Ctrl Pts',(77.9043347181593,-1.53914107706103,46.3210439174833));
#1757=CARTESIAN_POINT('Ctrl Pts',(78.5921787368694,-1.75075436951475,44.9594008196993));
#1758=CARTESIAN_POINT('Ctrl Pts',(78.7873331340825,-1.81027240873987,44.2356905150577));
#1759=CARTESIAN_POINT('Ctrl Pts',(73.1216555880197,0.428779073908918,49.007039957973));
#1760=CARTESIAN_POINT('Ctrl Pts',(74.2501800392798,-0.057760731786447,49.0443005845333));
#1761=CARTESIAN_POINT('Ctrl Pts',(76.2100047652159,-0.815084347612338,48.5968267653107));
#1762=CARTESIAN_POINT('Ctrl Pts',(78.4345426970128,-1.5384112700773,46.7230212075098));
#1763=CARTESIAN_POINT('Ctrl Pts',(79.2067685680986,-1.76351554399091,45.2091240329234));
#1764=CARTESIAN_POINT('Ctrl Pts',(79.4260520247163,-1.82679706806949,44.4022244506492));
#1765=CARTESIAN_POINT('Ctrl Pts',(73.3653168598327,0.979646801820513,49.7638241087623));
#1766=CARTESIAN_POINT('Ctrl Pts',(74.6167335314558,0.496423108805663,49.8191612457899));
#1767=CARTESIAN_POINT('Ctrl Pts',(76.8038878684707,-0.257531106786034,49.3391452288221));
#1768=CARTESIAN_POINT('Ctrl Pts',(79.3026542153497,-0.979520484927133,47.238272605091));
#1769=CARTESIAN_POINT('Ctrl Pts',(80.1724645758705,-1.20429897132344,45.5271862299242));
#1770=CARTESIAN_POINT('Ctrl Pts',(80.419388601654,-1.26749568729138,44.6141267013968));
#1771=CARTESIAN_POINT('Ctrl Pts',(73.6366076921439,1.59297925012702,50.));
#1772=CARTESIAN_POINT('Ctrl Pts',(74.9297651235935,1.14351754323866,50.0297364798488));
#1773=CARTESIAN_POINT('Ctrl Pts',(77.1560730485014,0.448775694443195,49.4858214601466));
#1774=CARTESIAN_POINT('Ctrl Pts',(79.6548590962183,-0.213107332250739,47.3079352587116));
#1775=CARTESIAN_POINT('Ctrl Pts',(80.5164127890104,-0.419432999310693,45.5660759214021));
#1776=CARTESIAN_POINT('Ctrl Pts',(80.7612919020703,-0.477511576622147,44.6389670888794));
#1777=CARTESIAN_POINT('Ctrl Pts',(73.8,1.96237545625047,50.));
#1778=CARTESIAN_POINT('Ctrl Pts',(75.092342420536,1.53365121558823,50.));
#1779=CARTESIAN_POINT('Ctrl Pts',(77.2876357225335,0.874834059767988,49.4068072504337));
#1780=CARTESIAN_POINT('Ctrl Pts',(79.7060387814543,0.250138734414468,47.2261222125242));
#1781=CARTESIAN_POINT('Ctrl Pts',(80.5354015436398,0.0549025173642471,45.5123156566537));
#1782=CARTESIAN_POINT('Ctrl Pts',(80.7706106505327,3.29597460435593E-16,
44.6029384788949));
#1783=CARTESIAN_POINT('Ctrl Pts',(73.8022843964078,-5.55111512312578E-16,
48.1538628240639));
#1784=CARTESIAN_POINT('Ctrl Pts',(73.8022843964078,-5.55111512312578E-16,
48.2474136631893));
#1785=CARTESIAN_POINT('Ctrl Pts',(73.8207388343796,-1.19002019691657E-11,
48.3379509198469));
#1786=CARTESIAN_POINT('Ctrl Pts',(73.8961495674035,-1.19002042509877E-11,
48.5212858606045));
#1787=CARTESIAN_POINT('Ctrl Pts',(73.9555724267571,-2.45137243837235E-12,
48.6084835124529));
#1788=CARTESIAN_POINT('Ctrl Pts',(74.1230335735163,-2.45137243837235E-12,
48.7895625691509));
#1789=CARTESIAN_POINT('Ctrl Pts',(74.2479374119625,-1.23517636639659E-13,
48.8828441106846));
#1790=CARTESIAN_POINT('Ctrl Pts',(74.6101756287474,-1.235047800081E-13,
49.0731533584137));
#1791=CARTESIAN_POINT('Ctrl Pts',(74.8709245843795,7.4162065377692E-11,
49.1547640081657));
#1792=CARTESIAN_POINT('Ctrl Pts',(75.58756614495,7.4162065377692E-11,49.2528754546662));
#1793=CARTESIAN_POINT('Ctrl Pts',(76.0721267035133,1.52655665885959E-15,
49.2284323606225));
#1794=CARTESIAN_POINT('Ctrl Pts',(77.1331145108016,1.52655665885959E-15,
48.9624904187702));
#1795=CARTESIAN_POINT('Ctrl Pts',(77.6911401742796,1.73472347597681E-15,
48.7138222671086));
#1796=CARTESIAN_POINT('Ctrl Pts',(78.8720462457408,1.73472347597681E-15,
47.9027578726312));
#1797=CARTESIAN_POINT('Ctrl Pts',(79.4239459548074,5.20417042793042E-16,
47.3250547743042));
#1798=CARTESIAN_POINT('Ctrl Pts',(80.0921324989577,5.20417042793042E-16,
46.3128653231125));
#1799=CARTESIAN_POINT('Ctrl Pts',(80.2910467782296,-4.39742092008822E-17,
45.9371310006247));
#1800=CARTESIAN_POINT('Ctrl Pts',(80.5818890262489,-5.83605603441391E-17,
45.2396677477047));
#1801=CARTESIAN_POINT('Ctrl Pts',(80.6874910121517,-1.24373537475105E-16,
44.9242997695599));
#1802=CARTESIAN_POINT('Ctrl Pts',(80.7706106505327,-1.24537178031587E-16,
44.6029384788949));
#1803=CARTESIAN_POINT('Origin',(73.8,1.96237545625047,48.2));
#1804=CARTESIAN_POINT('Origin',(93.5,46.5,48.2));
#1805=CARTESIAN_POINT('Origin',(73.8,91.0376245437495,48.2));
#1806=CARTESIAN_POINT('Ctrl Pts',(78.4930570511074,94.7186858316222,44.152203859171));
#1807=CARTESIAN_POINT('Ctrl Pts',(78.2186665503814,94.6332881788431,45.1752531841498));
#1808=CARTESIAN_POINT('Ctrl Pts',(77.2273056871998,94.3230652644068,46.7237306981176));
#1809=CARTESIAN_POINT('Ctrl Pts',(75.0952075379691,93.5429375234244,47.9653651671578));
#1810=CARTESIAN_POINT('Ctrl Pts',(73.7419229182452,92.9801592517793,48.2));
#1811=CARTESIAN_POINT('Ctrl Pts',(73.0718685831622,92.6837790443399,48.2));
#1812=CARTESIAN_POINT('Ctrl Pts',(78.7873331340825,94.8102724087399,44.2356905150575));
#1813=CARTESIAN_POINT('Ctrl Pts',(78.4946015382629,94.7209953499022,45.32125597202));
#1814=CARTESIAN_POINT('Ctrl Pts',(77.4367781221375,94.3964326243986,46.9593597098126));
#1815=CARTESIAN_POINT('Ctrl Pts',(75.1838518308041,93.5792897432758,48.2482909719275));
#1816=CARTESIAN_POINT('Ctrl Pts',(73.7688728126837,92.9921112569141,48.4775878375539));
#1817=CARTESIAN_POINT('Ctrl Pts',(73.0718685831622,92.6837790443399,48.4692793703077));
#1818=CARTESIAN_POINT('Ctrl Pts',(79.4260236364091,94.8267752249449,44.4022153497186));
#1819=CARTESIAN_POINT('Ctrl Pts',(79.0970984514825,94.731852938827,45.6125647231299));
#1820=CARTESIAN_POINT('Ctrl Pts',(77.908390726609,94.3860943047265,47.4295500424339));
#1821=CARTESIAN_POINT('Ctrl Pts',(75.414086665754,93.5163678653271,48.8131079797485));
#1822=CARTESIAN_POINT('Ctrl Pts',(73.8740094921096,92.8955711431567,49.0318632993807));
#1823=CARTESIAN_POINT('Ctrl Pts',(73.1216598579363,92.5712112726931,49.0070228816739));
#1824=CARTESIAN_POINT('Ctrl Pts',(80.4193321916683,94.2674637815063,44.6141095426716));
#1825=CARTESIAN_POINT('Ctrl Pts',(80.0489461529932,94.1726687075544,45.9836988354628));
#1826=CARTESIAN_POINT('Ctrl Pts',(78.709422211691,93.8272757569451,48.0353359109917));
#1827=CARTESIAN_POINT('Ctrl Pts',(75.9142615938475,92.9599288799259,49.5731766128942));
#1828=CARTESIAN_POINT('Ctrl Pts',(74.1996006548649,92.3424887305588,49.8006835107869));
#1829=CARTESIAN_POINT('Ctrl Pts',(73.3653228737829,92.0203396018823,49.7637920861018));
#1830=CARTESIAN_POINT('Ctrl Pts',(80.7612919020703,93.4775115766222,44.6389670888791));
#1831=CARTESIAN_POINT('Ctrl Pts',(80.3939732324806,93.390393710655,46.0296303376633));
#1832=CARTESIAN_POINT('Ctrl Pts',(79.0684667075404,93.0738743602415,48.1231724740032));
#1833=CARTESIAN_POINT('Ctrl Pts',(76.2539720579812,92.2776286992195,49.7469046579504));
#1834=CARTESIAN_POINT('Ctrl Pts',(74.4987126464436,91.7066618877985,50.0198243198992));
#1835=CARTESIAN_POINT('Ctrl Pts',(73.6366076921439,91.407020749873,50.));
#1836=CARTESIAN_POINT('Ctrl Pts',(80.7706106505328,93.,44.6029384788946));
#1837=CARTESIAN_POINT('Ctrl Pts',(80.4177969901934,92.9176462239536,45.967004245533));
#1838=CARTESIAN_POINT('Ctrl Pts',(79.1430966855875,92.6184807599329,48.0316409308235));
#1839=CARTESIAN_POINT('Ctrl Pts',(76.401626590075,91.8661595522924,49.6871535562104));
#1840=CARTESIAN_POINT('Ctrl Pts',(74.6615616136907,91.323440704191,50.));
#1841=CARTESIAN_POINT('Ctrl Pts',(73.8,91.0376245437495,50.));
#1842=CARTESIAN_POINT('Ctrl Pts',(80.7706106505328,93.,44.6029384788946));
#1843=CARTESIAN_POINT('Ctrl Pts',(80.5840940732475,93.,45.3240581706341));
#1844=CARTESIAN_POINT('Ctrl Pts',(80.284714339181,93.,46.0136742691777));
#1845=CARTESIAN_POINT('Ctrl Pts',(79.501178600583,93.,47.2146460259369));
#1846=CARTESIAN_POINT('Ctrl Pts',(79.0342767070128,93.,47.7315412377392));
#1847=CARTESIAN_POINT('Ctrl Pts',(77.9706725531711,93.,48.5562848706589));
#1848=CARTESIAN_POINT('Ctrl Pts',(77.4163716327833,93.,48.8447462340612));
#1849=CARTESIAN_POINT('Ctrl Pts',(76.3346479688928,93.,49.1890545300151));
#1850=CARTESIAN_POINT('Ctrl Pts',(75.8273164219272,93.,49.2475806281486));
#1851=CARTESIAN_POINT('Ctrl Pts',(75.0107418234226,93.,49.1918664093321));
#1852=CARTESIAN_POINT('Ctrl Pts',(74.6896839979678,93.,49.1068500056692));
#1853=CARTESIAN_POINT('Ctrl Pts',(74.260936798327,93.,48.8942666897959));
#1854=CARTESIAN_POINT('Ctrl Pts',(74.1179204311433,93.,48.7886429295543));
#1855=CARTESIAN_POINT('Ctrl Pts',(73.9462535645158,93.,48.594994713642));
#1856=CARTESIAN_POINT('Ctrl Pts',(73.8915496504315,92.9999999999996,48.5117416015377));
#1857=CARTESIAN_POINT('Ctrl Pts',(73.8200863724453,92.9999999999996,48.3347659629791));
#1858=CARTESIAN_POINT('Ctrl Pts',(73.8022843964078,93.,48.2457464402812));
#1859=CARTESIAN_POINT('Ctrl Pts',(73.8022843964078,93.,48.1538628240639));
#1860=CARTESIAN_POINT('Origin',(93.5,46.5,25.));
#1861=CARTESIAN_POINT('',(31.4340155152171,3.51089010069314,-6.93889390390723E-17));
#1862=CARTESIAN_POINT('',(31.4340155152171,89.4891098993069,-8.23993651088983E-17));
#1863=CARTESIAN_POINT('Ctrl Pts',(31.4334540235429,3.51081783774323,8.48543060772581E-5));
#1864=CARTESIAN_POINT('Ctrl Pts',(30.5945236976379,5.96545186769246,0.000151455109321122));
#1865=CARTESIAN_POINT('Ctrl Pts',(28.5060307500102,12.389487966733,0.0751327118992379));
#1866=CARTESIAN_POINT('Ctrl Pts',(25.4748156001827,24.0246004117846,0.356993073045633));
#1867=CARTESIAN_POINT('Ctrl Pts',(23.3761623448162,38.7657801884556,0.615118183449985));
#1868=CARTESIAN_POINT('Ctrl Pts',(23.3792043815203,54.2332595628619,0.614269381071953));
#1869=CARTESIAN_POINT('Ctrl Pts',(25.4742964101663,68.9802119107964,0.357419614472878));
#1870=CARTESIAN_POINT('Ctrl Pts',(28.5060086253056,80.6091021805698,0.0749845764365025));
#1871=CARTESIAN_POINT('Ctrl Pts',(30.5945484645632,87.0340767869015,0.000100735751034772));
#1872=CARTESIAN_POINT('Ctrl Pts',(31.4334204528627,89.4888227610591,6.05823944490207E-5));
#1873=CARTESIAN_POINT('',(32.660085030405,5.08398878551475E-12,0.023127304877445));
#1874=CARTESIAN_POINT('Ctrl Pts',(32.6600850270721,2.83368470019047E-10,
0.0231273053205932));
#1875=CARTESIAN_POINT('Ctrl Pts',(32.2536079174527,1.14118937455604,0.00719990055742145));
#1876=CARTESIAN_POINT('Ctrl Pts',(31.8435264405383,2.31098314537525,5.22995735604867E-5));
#1877=CARTESIAN_POINT('Ctrl Pts',(31.4334540235429,3.51081783774323,8.48543060772581E-5));
#1878=CARTESIAN_POINT('',(34.0189105681478,1.18189681592693E-17,-4.60785923306339E-16));
#1879=CARTESIAN_POINT('Ctrl Pts',(34.0189105681478,1.21217336990103E-17,
-9.07477218370367E-16));
#1880=CARTESIAN_POINT('Ctrl Pts',(33.5744578624173,4.01195067425942E-17,
-8.87431152262973E-16));
#1881=CARTESIAN_POINT('Ctrl Pts',(33.1206917449895,-2.2675499346732E-17,
0.0073751379038244));
#1882=CARTESIAN_POINT('Ctrl Pts',(32.6600850304051,-1.9727997754885E-17,
0.0231273048777067));
#1883=CARTESIAN_POINT('Ctrl Pts',(73.8022843964078,6.03308769936136E-20,
25.));
#1884=CARTESIAN_POINT('Ctrl Pts',(73.8022843964078,2.46952168148439E-19,
24.4473639698013));
#1885=CARTESIAN_POINT('Ctrl Pts',(73.7516849476492,-6.61744490038767E-23,
23.8432633513596));
#1886=CARTESIAN_POINT('Ctrl Pts',(73.5390265612493,-6.61744490046077E-23,
22.6541190985861));
#1887=CARTESIAN_POINT('Ctrl Pts',(73.3777459629003,-6.91738985523707E-32,
22.0689364028326));
#1888=CARTESIAN_POINT('Ctrl Pts',(72.9709066967925,-7.0572482332745E-32,
20.9015055391635));
#1889=CARTESIAN_POINT('Ctrl Pts',(72.6666310944661,1.21926435526662E-33,
20.2161646149364));
#1890=CARTESIAN_POINT('Ctrl Pts',(71.9572783585789,-1.21926435526662E-33,
18.897654626202));
#1891=CARTESIAN_POINT('Ctrl Pts',(71.553659212001,-7.54445276590698E-32,
18.2637016904922));
#1892=CARTESIAN_POINT('Ctrl Pts',(69.9914360887,-8.08149530422376E-32,16.0462361487461));
#1893=CARTESIAN_POINT('Ctrl Pts',(68.4827430671773,8.27180613117708E-24,
14.4253541392875));
#1894=CARTESIAN_POINT('Ctrl Pts',(65.1975058386513,8.27180611988348E-24,
11.4577704509514));
#1895=CARTESIAN_POINT('Ctrl Pts',(63.4211975797634,-1.0340133979812E-31,
10.1108075782406));
#1896=CARTESIAN_POINT('Ctrl Pts',(59.7267094356397,-1.1610181299627E-31,
7.61564909007663));
#1897=CARTESIAN_POINT('Ctrl Pts',(57.4211839238166,3.30872245103463E-23,
6.27399132628029));
#1898=CARTESIAN_POINT('Ctrl Pts',(52.6358400524927,3.30872244938959E-23,
3.95046799885148));
#1899=CARTESIAN_POINT('Ctrl Pts',(50.1552386294183,-1.49005480215948E-31,
2.970215516626));
#1900=CARTESIAN_POINT('Ctrl Pts',(45.7397710548058,-1.64184450996477E-31,
1.56642781808616));
#1901=CARTESIAN_POINT('Ctrl Pts',(43.3914793446547,8.17868063429448E-33,
0.977350455677969));
#1902=CARTESIAN_POINT('Ctrl Pts',(38.633225354185,-8.17868063429448E-33,
0.192928297503379));
#1903=CARTESIAN_POINT('Ctrl Pts',(36.2228650170775,1.72257337112923E-16,
3.32792512371834E-16));
#1904=CARTESIAN_POINT('Ctrl Pts',(34.0189105681478,5.1525797445625E-17,
4.85722573273506E-16));
#1905=CARTESIAN_POINT('',(34.0189105681478,93.,-3.08455518072126E-16));
#1906=CARTESIAN_POINT('Ctrl Pts',(73.8022843964078,93.,25.));
#1907=CARTESIAN_POINT('Ctrl Pts',(73.8022843964078,93.,24.4473639698013));
#1908=CARTESIAN_POINT('Ctrl Pts',(73.7516849476492,93.,23.8432633513595));
#1909=CARTESIAN_POINT('Ctrl Pts',(73.5390265612493,93.,22.654119098586));
#1910=CARTESIAN_POINT('Ctrl Pts',(73.3777459629003,93.,22.0689364028325));
#1911=CARTESIAN_POINT('Ctrl Pts',(72.9709066967925,93.,20.9015055391635));
#1912=CARTESIAN_POINT('Ctrl Pts',(72.6666310944662,93.,20.2161646149364));
#1913=CARTESIAN_POINT('Ctrl Pts',(71.9572783585789,93.,18.897654626202));
#1914=CARTESIAN_POINT('Ctrl Pts',(71.553659212001,93.,18.2637016904922));
#1915=CARTESIAN_POINT('Ctrl Pts',(69.9914360887,93.,16.0462361487461));
#1916=CARTESIAN_POINT('Ctrl Pts',(68.4827430671773,93.,14.4253541392876));
#1917=CARTESIAN_POINT('Ctrl Pts',(65.1975058386513,93.,11.4577704509514));
#1918=CARTESIAN_POINT('Ctrl Pts',(63.4211975797634,93.,10.1108075782406));
#1919=CARTESIAN_POINT('Ctrl Pts',(59.7267094356397,93.,7.61564909007663));
#1920=CARTESIAN_POINT('Ctrl Pts',(57.4211839238166,93.,6.2739913262803));
#1921=CARTESIAN_POINT('Ctrl Pts',(52.6358400524927,93.,3.95046799885149));
#1922=CARTESIAN_POINT('Ctrl Pts',(50.1552386294183,93.,2.970215516626));
#1923=CARTESIAN_POINT('Ctrl Pts',(45.7397710548058,93.,1.56642781808616));
#1924=CARTESIAN_POINT('Ctrl Pts',(43.3914793446547,93.,0.97735045567797));
#1925=CARTESIAN_POINT('Ctrl Pts',(38.633225354185,93.,0.19292829750338));
#1926=CARTESIAN_POINT('Ctrl Pts',(36.2228650170775,93.,3.2457559769343E-16));
#1927=CARTESIAN_POINT('Ctrl Pts',(34.0189105681478,93.,4.16333634234434E-16));
#1928=CARTESIAN_POINT('',(32.660085030405,92.9999999999949,0.02312730487744));
#1929=CARTESIAN_POINT('Ctrl Pts',(34.0189105681478,93.,-6.35342473076506E-16));
#1930=CARTESIAN_POINT('Ctrl Pts',(33.5744578624173,93.,-6.0758638154319E-16));
#1931=CARTESIAN_POINT('Ctrl Pts',(33.1206917449894,93.,0.00737513790382502));
#1932=CARTESIAN_POINT('Ctrl Pts',(32.660085030405,93.,0.0231273048777078));
#1933=CARTESIAN_POINT('Ctrl Pts',(31.4334204528627,89.488822761059,6.05823944490204E-5));
#1934=CARTESIAN_POINT('Ctrl Pts',(31.8435129627406,90.6888544127244,4.09529503717716E-5));
#1935=CARTESIAN_POINT('Ctrl Pts',(32.2536058433865,91.8588046815103,0.00719980118589566));
#1936=CARTESIAN_POINT('Ctrl Pts',(32.6600850263097,92.9999999979973,0.0231273052903133));
#1937=CARTESIAN_POINT('Origin',(-0.461705370972548,93.,-9.93755137547641));
#1938=CARTESIAN_POINT('',(4.98061586838656,93.,-87.7663710813658));
#1939=CARTESIAN_POINT('',(4.98061586838656,2.82774870933348E-32,-87.7663710813658));
#1940=CARTESIAN_POINT('',(4.98061586838656,69.7500000000035,-87.7663710813658));
#1941=CARTESIAN_POINT('',(1.50709400742235,93.,-38.0926942123238));
#1942=CARTESIAN_POINT('',(-0.461705370972548,93.,-9.93755137547641));
#1943=CARTESIAN_POINT('',(1.50709400742235,1.63366255781797E-32,-38.0926942123238));
#1944=CARTESIAN_POINT('',(1.50709400742235,69.75,-38.0926942123238));
#1945=CARTESIAN_POINT('',(-0.461705370972548,9.56852056270952E-33,-9.93755137547641));
#1946=CARTESIAN_POINT('Origin',(31.4340155152171,69.75,-36.));
#1947=CARTESIAN_POINT('',(31.4340155152171,93.,-6.));
#1948=CARTESIAN_POINT('Origin',(31.4340155152171,93.,-36.));
#1949=CARTESIAN_POINT('',(31.4340155152171,1.08060130656052E-31,-6.));
#1950=CARTESIAN_POINT('',(31.4340155152171,69.75,-6.));
#1951=CARTESIAN_POINT('Origin',(31.4340155152171,0.,-36.));
#1952=CARTESIAN_POINT('Origin',(98.5,46.5,-6.));
#1953=CARTESIAN_POINT('',(165.561100688621,5.69146317412468E-31,-6.));
#1954=CARTESIAN_POINT('',(165.561100688621,93.,-6.));
#1955=CARTESIAN_POINT('',(165.561100688621,23.25,-6.));
#1956=CARTESIAN_POINT('',(0.,0.,-6.));
#1957=CARTESIAN_POINT('',(197.,93.,-6.));
#1958=CARTESIAN_POINT('Origin',(197.466577270453,1.10575678739537E-32,-9.79803842798815));
#1959=CARTESIAN_POINT('',(192.014500335451,-7.68493563018616E-33,-87.7663710813659));
#1960=CARTESIAN_POINT('',(192.014500335451,93.,-87.7663710813659));
#1961=CARTESIAN_POINT('',(192.014500335451,23.2500000000035,-87.7663710813659));
#1962=CARTESIAN_POINT('',(195.488022196415,4.25592588496904E-33,-38.0926942123237));
#1963=CARTESIAN_POINT('',(197.466577270453,1.10575678739537E-32,-9.79803842798815));
#1964=CARTESIAN_POINT('',(195.488022196415,93.,-38.0926942123237));
#1965=CARTESIAN_POINT('',(195.488022196415,23.25,-38.0926942123237));
#1966=CARTESIAN_POINT('',(197.466577270453,93.,-9.79803842798815));
#1967=CARTESIAN_POINT('Origin',(165.561100688621,23.25,-36.));
#1968=CARTESIAN_POINT('Origin',(165.561100688621,93.,-36.));
#1969=CARTESIAN_POINT('Origin',(165.561100688621,0.,-36.));
#1970=CARTESIAN_POINT('Origin',(1.98792371760709,23.2500000000035,-87.9756405025982));
#1971=CARTESIAN_POINT('',(-1.00476843317239,93.,-88.1849099238306));
#1972=CARTESIAN_POINT('Origin',(1.98792371760709,93.,-87.9756405025982));
#1973=CARTESIAN_POINT('',(-1.00476843317239,7.70164277143968E-33,-88.1849099238306));
#1974=CARTESIAN_POINT('Origin',(1.98792371760709,0.,-87.9756405025982));
#1975=CARTESIAN_POINT('',(-1.00476843317239,23.2500000000035,-88.1849099238306));
#1976=CARTESIAN_POINT('Origin',(195.007192486231,23.2500000000035,-87.9756405025982));
#1977=CARTESIAN_POINT('',(197.99988463701,93.,-88.1849099238306));
#1978=CARTESIAN_POINT('Origin',(195.007192486231,93.,-87.9756405025982));
#1979=CARTESIAN_POINT('',(197.99988463701,-7.73517974495428E-33,-88.1849099238306));
#1980=CARTESIAN_POINT('',(197.99988463701,69.7500000000035,-88.1849099238306));
#1981=CARTESIAN_POINT('Origin',(195.007192486231,0.,-87.9756405025982));
#1982=CARTESIAN_POINT('Origin',(-6.4470896725315,-1.10073237591856E-32,
-10.3560902179412));
#1983=CARTESIAN_POINT('',(-4.48071087025597,93.0000000095244,-38.4766172035563));
#1984=CARTESIAN_POINT('',(-6.4470896725315,93.,-10.3560902179412));
#1985=CARTESIAN_POINT('',(-4.48071087026062,-1.11660325430307E-8,-38.4766172034898));
#1986=CARTESIAN_POINT('',(-6.4470896725315,-1.10073237591856E-32,-10.3560902179412));
#1987=CARTESIAN_POINT('Ctrl Pts',(-4.48071179391141,93.0000150736073,-38.4766039946682));
#1988=CARTESIAN_POINT('Ctrl Pts',(-4.47476660322843,88.7954255767307,-38.561624182458));
#1989=CARTESIAN_POINT('Ctrl Pts',(-4.48641488617678,80.0644847546596,-38.3950459755499));
#1990=CARTESIAN_POINT('Ctrl Pts',(-4.53927373670204,66.8390293505999,-37.6391291954747));
#1991=CARTESIAN_POINT('Ctrl Pts',(-4.58309780889921,53.285324765699,-37.0124157649729));
#1992=CARTESIAN_POINT('Ctrl Pts',(-4.58324263276722,39.7151287281103,-37.0103446871705));
#1993=CARTESIAN_POINT('Ctrl Pts',(-4.53920095959755,26.1629240804876,-37.6401699565572));
#1994=CARTESIAN_POINT('Ctrl Pts',(-4.4864499291098,12.9352747619721,-38.3945448382602));
#1995=CARTESIAN_POINT('Ctrl Pts',(-4.47476846512076,4.20483477742321,-38.5615975561572));
#1996=CARTESIAN_POINT('Ctrl Pts',(-4.48071204597309,-2.85299916001625E-5,
-38.4766003900183));
#1997=CARTESIAN_POINT('Ctrl Pts',(-4.4822503807634,93.9477758819615,-38.4546011775909));
#1998=CARTESIAN_POINT('Ctrl Pts',(-4.47395341344463,89.4277467592735,-38.5732533381596));
#1999=CARTESIAN_POINT('Ctrl Pts',(-4.48515408860909,80.3799403848788,-38.4130762207828));
#2000=CARTESIAN_POINT('Ctrl Pts',(-4.53927373670204,66.8390293505999,-37.6391291954747));
#2001=CARTESIAN_POINT('Ctrl Pts',(-4.58309780889921,53.285324765699,-37.0124157649729));
#2002=CARTESIAN_POINT('Ctrl Pts',(-4.58324263276722,39.7151287281103,-37.0103446871705));
#2003=CARTESIAN_POINT('Ctrl Pts',(-4.53920095959755,26.1629240804876,-37.6401699565572));
#2004=CARTESIAN_POINT('Ctrl Pts',(-4.48519253334696,12.6199749459955,-38.4125264354171));
#2005=CARTESIAN_POINT('Ctrl Pts',(-4.47395326055078,3.5729746775063,-38.5732555246435));
#2006=CARTESIAN_POINT('Ctrl Pts',(-4.48224932706985,-0.947201809343459,
-38.4546162461108));
#2007=CARTESIAN_POINT('Ctrl Pts',(-4.88266972055541,93.7967246906859,-32.7283378364924));
#2008=CARTESIAN_POINT('Ctrl Pts',(-4.86594297500207,89.4475448621732,-32.9606952635622));
#2009=CARTESIAN_POINT('Ctrl Pts',(-4.86047828123192,80.6321093053167,-33.0489593290702));
#2010=CARTESIAN_POINT('Ctrl Pts',(-4.89132907954711,67.1395528535508,-32.5996770014306));
#2011=CARTESIAN_POINT('Ctrl Pts',(-4.92225699820529,53.4133048021683,-32.1624061852659));
#2012=CARTESIAN_POINT('Ctrl Pts',(-4.92212963292712,39.587061239456,-32.1604770274677));
#2013=CARTESIAN_POINT('Ctrl Pts',(-4.8914566026317,25.8626010348383,-32.6006582235299));
#2014=CARTESIAN_POINT('Ctrl Pts',(-4.8604844496548,12.3676666658261,-33.0485070892631));
#2015=CARTESIAN_POINT('Ctrl Pts',(-4.86594147852046,3.55315389477227,-32.9607164937124));
#2016=CARTESIAN_POINT('Ctrl Pts',(-4.88266765523371,-0.796172323172066,
-32.7283673719688));
#2017=CARTESIAN_POINT('Ctrl Pts',(-2.89052408593023,93.494756866571,-21.0856326407516));
#2018=CARTESIAN_POINT('Ctrl Pts',(-2.9758850709671,89.4873180651797,-21.5538804417589));
#2019=CARTESIAN_POINT('Ctrl Pts',(-3.16599507624252,81.1362478827679,-22.1531373498416));
#2020=CARTESIAN_POINT('Ctrl Pts',(-3.43821590488837,67.7405341111605,-22.3731342403419));
#2021=CARTESIAN_POINT('Ctrl Pts',(-3.60923346921602,53.6691878356513,-22.325391981402));
#2022=CARTESIAN_POINT('Ctrl Pts',(-3.60950223403823,39.3309899326294,-22.3241545350097));
#2023=CARTESIAN_POINT('Ctrl Pts',(-3.43813641351464,25.262075864985,-22.3736861012054));
#2024=CARTESIAN_POINT('Ctrl Pts',(-3.16603601710123,11.8631979882912,-22.1529319643237));
#2025=CARTESIAN_POINT('Ctrl Pts',(-2.97589947896105,3.51333535351415,-21.5539409980964));
#2026=CARTESIAN_POINT('Ctrl Pts',(-2.89053492867014,-0.494247888571715,
-21.0856920895219));
#2027=CARTESIAN_POINT('Ctrl Pts',(7.8093401483004,93.1434183649564,-6.95325885969509));
#2028=CARTESIAN_POINT('Ctrl Pts',(7.27998935206802,89.5292582653187,-7.56124449780039));
#2029=CARTESIAN_POINT('Ctrl Pts',(6.21290732897239,81.7386125268599,-8.51204627586056));
#2030=CARTESIAN_POINT('Ctrl Pts',(4.83862057471017,68.4863630887842,-9.25752260660439));
#2031=CARTESIAN_POINT('Ctrl Pts',(4.01697645394031,53.9928468127217,-9.53789310791896));
#2032=CARTESIAN_POINT('Ctrl Pts',(4.0159911618876,39.0069860238306,-9.53706417740582));
#2033=CARTESIAN_POINT('Ctrl Pts',(4.83879863792801,24.5169822995543,-9.25790121298092));
#2034=CARTESIAN_POINT('Ctrl Pts',(6.21281316122931,11.2603447601865,-8.5120225787526));
#2035=CARTESIAN_POINT('Ctrl Pts',(7.27990467437118,3.4713418683866,-7.56133039351715));
#2036=CARTESIAN_POINT('Ctrl Pts',(7.80927289694194,-0.142959347895395,-6.9533360952552));
#2037=CARTESIAN_POINT('Ctrl Pts',(21.1466900607984,93.0013458120068,-0.608396451783477));
#2038=CARTESIAN_POINT('Ctrl Pts',(20.1686700359916,89.5392604052465,-1.0214313023724));
#2039=CARTESIAN_POINT('Ctrl Pts',(18.1901295102443,82.0094777233456,-1.64560448383203));
#2040=CARTESIAN_POINT('Ctrl Pts',(15.612601347358,68.8705620577539,-2.09944441312872));
#2041=CARTESIAN_POINT('Ctrl Pts',(14.0571635451869,54.1699271476431,-2.25165321040925));
#2042=CARTESIAN_POINT('Ctrl Pts',(14.055035538412,38.8294959394256,-2.251139361767));
#2043=CARTESIAN_POINT('Ctrl Pts',(15.6130501849166,24.1335947102363,-2.09964694866874));
#2044=CARTESIAN_POINT('Ctrl Pts',(18.1899731592822,10.9889694002514,-1.6455635943466));
#2045=CARTESIAN_POINT('Ctrl Pts',(20.168513311983,3.4613172729278,-1.02148873292237));
#2046=CARTESIAN_POINT('Ctrl Pts',(21.1465658583846,-0.000906095539509068,
-0.60844888688894));
#2047=CARTESIAN_POINT('Ctrl Pts',(29.7927582264493,92.9980616627891,0.121304505188874));
#2048=CARTESIAN_POINT('Ctrl Pts',(28.6101136457814,89.5321345728933,-0.0279670972709911));
#2049=CARTESIAN_POINT('Ctrl Pts',(26.1903706024401,82.0432479262015,-0.15691079427267));
#2050=CARTESIAN_POINT('Ctrl Pts',(22.9761180424789,68.9644265181823,-0.060255607077298));
#2051=CARTESIAN_POINT('Ctrl Pts',(21.0083133530998,54.222137446366,0.0772596875243223));
#2052=CARTESIAN_POINT('Ctrl Pts',(21.0055338996583,38.7770132005215,0.0782584593377824));
#2053=CARTESIAN_POINT('Ctrl Pts',(22.9765852408458,24.0401747445471,-0.0608074591627707));
#2054=CARTESIAN_POINT('Ctrl Pts',(26.1902635816762,10.9549717344378,-0.156714730497746));
#2055=CARTESIAN_POINT('Ctrl Pts',(28.6099230196966,3.46844167765887,-0.0279837707660715));
#2056=CARTESIAN_POINT('Ctrl Pts',(29.7926080090675,0.00237851509180977,
0.121285494705716));
#2057=CARTESIAN_POINT('Ctrl Pts',(32.6621879463111,93.0059038058484,0.0232097857367286));
#2058=CARTESIAN_POINT('Ctrl Pts',(31.4235651095732,89.5286504103479,-0.0254181489225633));
#2059=CARTESIAN_POINT('Ctrl Pts',(28.8790901643982,82.0401497114408,0.0402282106580784));
#2060=CARTESIAN_POINT('Ctrl Pts',(25.4742964101663,68.9802119107964,0.357419614472878));
#2061=CARTESIAN_POINT('Ctrl Pts',(23.3792043815203,54.2332595628619,0.614269381071953));
#2062=CARTESIAN_POINT('Ctrl Pts',(23.3761623448162,38.7657801884556,0.615118183449985));
#2063=CARTESIAN_POINT('Ctrl Pts',(25.4748156001827,24.0246004117846,0.356993073045633));
#2064=CARTESIAN_POINT('Ctrl Pts',(28.8789815738234,10.9579416867576,0.0404535325292737));
#2065=CARTESIAN_POINT('Ctrl Pts',(31.4233650479479,3.47192669072523,-0.0254190450225377));
#2066=CARTESIAN_POINT('Ctrl Pts',(32.6620306331358,-0.00546217101609334,
0.0232036101138311));
#2067=CARTESIAN_POINT('',(29.6479190347597,93.,-6.26217827592868E-11));
#2068=CARTESIAN_POINT('Ctrl Pts',(29.6479190347597,93.,-1.25242732851305E-10));
#2069=CARTESIAN_POINT('Ctrl Pts',(25.9764725752468,93.,-0.182036943169191));
#2070=CARTESIAN_POINT('Ctrl Pts',(22.3484152680358,93.,-0.925882770292376));
#2071=CARTESIAN_POINT('Ctrl Pts',(14.4979550875213,93.,-3.8437841605384));
#2072=CARTESIAN_POINT('Ctrl Pts',(10.465294425692,92.9999999999962,-6.3195957363934));
#2073=CARTESIAN_POINT('Ctrl Pts',(3.5785993224797,92.9999999999962,-12.6748296890018));
#2074=CARTESIAN_POINT('Ctrl Pts',(0.789273785420516,92.9999999999834,-16.4924504859348));
#2075=CARTESIAN_POINT('Ctrl Pts',(-2.47894726907442,92.9999999999834,-23.4974082610416));
#2076=CARTESIAN_POINT('Ctrl Pts',(-3.41148856024866,92.9999999999998,-26.4103431839575));
#2077=CARTESIAN_POINT('Ctrl Pts',(-4.51993919278078,92.9999999999998,-32.3954872277194));
#2078=CARTESIAN_POINT('Ctrl Pts',(-4.69281386322069,93.,-35.4434030891182));
#2079=CARTESIAN_POINT('Ctrl Pts',(-4.48071087022901,93.,-38.476617203942));
#2080=CARTESIAN_POINT('',(29.6479190372143,2.82190767531748E-16,-1.76730158285565E-12));
#2081=CARTESIAN_POINT('Ctrl Pts',(-4.48071087022901,-2.56514077329907E-16,
-38.476617203942));
#2082=CARTESIAN_POINT('Ctrl Pts',(-4.80830301076719,-2.59011262174286E-16,
-33.7918313337835));
#2083=CARTESIAN_POINT('Ctrl Pts',(-4.21643443304925,-1.50908147046276E-12,
-29.0878246305624));
#2084=CARTESIAN_POINT('Ctrl Pts',(-1.2606872046757,-1.50905982226191E-12,
-20.172711586378));
#2085=CARTESIAN_POINT('Ctrl Pts',(1.07484996182027,-6.74994782290383E-12,
-16.0469370763796));
#2086=CARTESIAN_POINT('Ctrl Pts',(7.19497593271755,-6.74994782290383E-12,
-8.92831526617015));
#2087=CARTESIAN_POINT('Ctrl Pts',(10.9196726105011,6.14272521737291E-12,
-6.00251836903931));
#2088=CARTESIAN_POINT('Ctrl Pts',(17.8063619635231,6.14272521737291E-12,
-2.49614273172635));
#2089=CARTESIAN_POINT('Ctrl Pts',(20.6755377773439,2.16077156167671E-13,
-1.46639937761414));
#2090=CARTESIAN_POINT('Ctrl Pts',(25.6179251447023,2.16077156167671E-13,
-0.370538956993833));
#2091=CARTESIAN_POINT('Ctrl Pts',(27.6278006093375,1.77190470459788E-15,
-0.100161118174514));
#2092=CARTESIAN_POINT('Ctrl Pts',(29.6479190372143,1.77189027426731E-15,
-3.5333541648086E-12));
#2093=CARTESIAN_POINT('Ctrl Pts',(29.6479190372143,1.782884607893E-15,-3.53474628039807E-12));
#2094=CARTESIAN_POINT('Ctrl Pts',(30.6503279894068,1.78289278405692E-15,
0.0497012452951057));
#2095=CARTESIAN_POINT('Ctrl Pts',(31.6552590092091,1.78268760380327E-15,
0.0574910837032505));
#2096=CARTESIAN_POINT('Ctrl Pts',(32.6600850304087,1.7826896106728E-15,
0.0231273048775847));
#2097=CARTESIAN_POINT('Ctrl Pts',(32.6600850304087,93.,0.0231273048775803));
#2098=CARTESIAN_POINT('Ctrl Pts',(31.6545327105041,93.,0.0575159222001936));
#2099=CARTESIAN_POINT('Ctrl Pts',(30.6496110829894,93.,0.0496656998499185));
#2100=CARTESIAN_POINT('Ctrl Pts',(29.6479190347415,93.,-1.26144680638596E-10));
#2101=CARTESIAN_POINT('Origin',(197.,6.77223237003778E-31,0.));
#2102=CARTESIAN_POINT('',(201.475817854018,-9.4630842051302E-9,-38.4767490567823));
#2103=CARTESIAN_POINT('',(203.451961572012,1.10073237591856E-32,-10.2165772704529));
#2104=CARTESIAN_POINT('',(167.343803970542,1.88716529794671E-16,-6.23394391663368E-11));
#2105=CARTESIAN_POINT('Ctrl Pts',(167.343803970542,-7.10676814765405E-17,
-1.24687898894749E-10));
#2106=CARTESIAN_POINT('Ctrl Pts',(171.017181393507,-7.14234172726781E-17,
-0.181786349566323));
#2107=CARTESIAN_POINT('Ctrl Pts',(174.647155005369,6.93889390390723E-16,
-0.925969725748577));
#2108=CARTESIAN_POINT('Ctrl Pts',(182.499207950556,6.93889390390723E-16,
-3.84503491973716));
#2109=CARTESIAN_POINT('Ctrl Pts',(186.531704909153,3.71201991118857E-12,
-6.32109848499289));
#2110=CARTESIAN_POINT('Ctrl Pts',(193.417991889564,3.712041445498E-12,-12.67676207903));
#2111=CARTESIAN_POINT('Ctrl Pts',(196.20707524274,1.62253436069618E-11,
-16.4945584390926));
#2112=CARTESIAN_POINT('Ctrl Pts',(199.474684248824,1.6225361408224E-11,
-23.4993652999902));
#2113=CARTESIAN_POINT('Ctrl Pts',(200.406965975988,1.43052325764063E-13,
-26.4119640569955));
#2114=CARTESIAN_POINT('Ctrl Pts',(201.515088955617,1.43038282967799E-13,
-32.396380539507));
#2115=CARTESIAN_POINT('Ctrl Pts',(201.687894300929,-1.39862014164964E-17,
-35.4439145685992));
#2116=CARTESIAN_POINT('Ctrl Pts',(201.475817853991,-1.43894940327563E-17,
-38.4767490571648));
#2117=CARTESIAN_POINT('Ctrl Pts',(164.337358819632,2.25937362650151E-16,
0.0230399711780923));
#2118=CARTESIAN_POINT('Ctrl Pts',(165.340999562905,2.25932354641067E-16,
0.0572977270798719));
#2119=CARTESIAN_POINT('Ctrl Pts',(166.344009297024,2.25834109005377E-16,
0.0494773617047032));
#2120=CARTESIAN_POINT('Ctrl Pts',(167.34380397056,2.25836138630474E-16,
-1.25578518937741E-10));
#2121=CARTESIAN_POINT('Origin',(203.451961572012,93.,-10.2165772704529));
#2122=CARTESIAN_POINT('',(201.475817854023,93.0000000110982,-38.4767490567163));
#2123=CARTESIAN_POINT('',(203.451961572012,93.,-10.2165772704529));
#2124=CARTESIAN_POINT('Ctrl Pts',(201.475819093222,-1.48161465863758E-5,
-38.476731335336));
#2125=CARTESIAN_POINT('Ctrl Pts',(201.469887114787,4.20500484508284,-38.561562579173));
#2126=CARTESIAN_POINT('Ctrl Pts',(201.481601318826,12.9362282710464,-38.3940416567548));
#2127=CARTESIAN_POINT('Ctrl Pts',(201.534364445909,26.161807367624,-37.6394937856834));
#2128=CARTESIAN_POINT('Ctrl Pts',(201.578449150224,39.7147548380625,-37.0090531422471));
#2129=CARTESIAN_POINT('Ctrl Pts',(201.578273370216,53.2845056863641,-37.0115669134836));
#2130=CARTESIAN_POINT('Ctrl Pts',(201.53446239591,66.8364536801966,-37.6380930354014));
#2131=CARTESIAN_POINT('Ctrl Pts',(201.481557949321,80.0641565504112,-38.3946618695766));
#2132=CARTESIAN_POINT('Ctrl Pts',(201.469883398428,88.7947436335251,-38.5616157255945));
#2133=CARTESIAN_POINT('Ctrl Pts',(201.475818764769,93.0000292161589,-38.4767360324388));
#2134=CARTESIAN_POINT('Ctrl Pts',(201.477351623264,-0.946006318194815,-38.4548151346846));
#2135=CARTESIAN_POINT('Ctrl Pts',(201.469070478317,3.5738632844728,-38.5732410247876));
#2136=CARTESIAN_POINT('Ctrl Pts',(201.480345164423,12.6213612353053,-38.4120055016462));
#2137=CARTESIAN_POINT('Ctrl Pts',(201.534364445909,26.161807367624,-37.6394937856834));
#2138=CARTESIAN_POINT('Ctrl Pts',(201.578449150224,39.7147548380625,-37.0090531422471));
#2139=CARTESIAN_POINT('Ctrl Pts',(201.578273370216,53.2845056863641,-37.0115669134836));
#2140=CARTESIAN_POINT('Ctrl Pts',(201.53446239591,66.8364536801966,-37.6380930354014));
#2141=CARTESIAN_POINT('Ctrl Pts',(201.480299265188,80.3788654413899,-38.4126618912801));
#2142=CARTESIAN_POINT('Ctrl Pts',(201.469070327348,89.4254131517621,-38.5732431837532));
#2143=CARTESIAN_POINT('Ctrl Pts',(201.477350568427,93.9454305449173,-38.4548302195506));
#2144=CARTESIAN_POINT('Ctrl Pts',(201.877755903175,-0.795243532104595,-32.7287671599209));
#2145=CARTESIAN_POINT('Ctrl Pts',(201.861006891903,3.55380247563793,-32.9609234652313));
#2146=CARTESIAN_POINT('Ctrl Pts',(201.855537038027,12.36887017242,-33.0482009892906));
#2147=CARTESIAN_POINT('Ctrl Pts',(201.886464854323,25.8613898586138,-32.6001499128395));
#2148=CARTESIAN_POINT('Ctrl Pts',(201.917090420096,39.5866283690177,-32.1594236820266));
#2149=CARTESIAN_POINT('Ctrl Pts',(201.917247008803,53.4124918067477,-32.1617437317151));
#2150=CARTESIAN_POINT('Ctrl Pts',(201.886311771458,67.1371144950624,-32.598913751408));
#2151=CARTESIAN_POINT('Ctrl Pts',(201.855513930969,80.6312014334614,-33.0487330611298));
#2152=CARTESIAN_POINT('Ctrl Pts',(201.861005392256,89.4454967033871,-32.9609447267941));
#2153=CARTESIAN_POINT('Ctrl Pts',(201.87775383356,93.7946895251936,-32.7287967567906));
#2154=CARTESIAN_POINT('Ctrl Pts',(199.884571377872,-0.493856814549059,-21.0865957387251));
#2155=CARTESIAN_POINT('Ctrl Pts',(199.970018054169,3.51352022679997,-21.5546331466115));
#2156=CARTESIAN_POINT('Ctrl Pts',(200.160434792673,11.8639720888077,-22.1532941466489));
#2157=CARTESIAN_POINT('Ctrl Pts',(200.432690320308,25.2606552098966,-22.3737323326456));
#2158=CARTESIAN_POINT('Ctrl Pts',(200.60423477477,39.3304228236336,-22.3238804722304));
#2159=CARTESIAN_POINT('Ctrl Pts',(200.60391539254,53.6684035444583,-22.325374622677));
#2160=CARTESIAN_POINT('Ctrl Pts',(200.43283218855,67.7383906941043,-22.3731608327646));
#2161=CARTESIAN_POINT('Ctrl Pts',(200.160384793883,81.1357437149056,-22.1535473347041));
#2162=CARTESIAN_POINT('Ctrl Pts',(199.970032522133,89.4858244159262,-21.5546938531243));
#2163=CARTESIAN_POINT('Ctrl Pts',(199.884582267829,93.4933463189129,-21.086655340451));
#2164=CARTESIAN_POINT('Ctrl Pts',(189.187343158889,-0.143151373778964,-6.95346862286467));
#2165=CARTESIAN_POINT('Ctrl Pts',(189.716669895936,3.47098751600172,-7.56132180195508));
#2166=CARTESIAN_POINT('Ctrl Pts',(190.78381646453,11.2606076535434,-8.51202695441011));
#2167=CARTESIAN_POINT('Ctrl Pts',(192.157584515546,24.515319619135,-9.25766681200084));
#2168=CARTESIAN_POINT('Ctrl Pts',(192.980679651087,39.0062361319261,-9.53673196441399));
#2169=CARTESIAN_POINT('Ctrl Pts',(192.979416660315,53.9920810013427,-9.53774952497455));
#2170=CARTESIAN_POINT('Ctrl Pts',(192.158114898281,68.4846194044615,-9.25740535935816));
#2171=CARTESIAN_POINT('Ctrl Pts',(190.783690964521,81.7385635127195,-8.51205422296407));
#2172=CARTESIAN_POINT('Ctrl Pts',(189.71675482302,89.5284105665712,-7.56140794423972));
#2173=CARTESIAN_POINT('Ctrl Pts',(189.18741060879,93.1426909867751,-6.95354608387143));
#2174=CARTESIAN_POINT('Ctrl Pts',(175.849870751313,-0.00135822234770461,
-0.609111855993857));
#2175=CARTESIAN_POINT('Ctrl Pts',(176.827940479903,3.4607052554324,-1.02202999754187));
#2176=CARTESIAN_POINT('Ctrl Pts',(178.80690648018,10.9888948400546,-1.64597682528239));
#2177=CARTESIAN_POINT('Ctrl Pts',(181.383608217797,24.1318442674451,-2.09983422999916));
#2178=CARTESIAN_POINT('Ctrl Pts',(182.942324910859,38.8286072144067,-2.25122883334332));
#2179=CARTESIAN_POINT('Ctrl Pts',(182.939640605207,54.1691490468127,-2.25184594673107));
#2180=CARTESIAN_POINT('Ctrl Pts',(181.38471067201,68.8691009060076,-2.09972343158122));
#2181=CARTESIAN_POINT('Ctrl Pts',(178.806709018417,82.0096903568221,-1.64603251040195));
#2182=CARTESIAN_POINT('Ctrl Pts',(176.828097681918,89.5387153463338,-1.02208758285382));
#2183=CARTESIAN_POINT('Ctrl Pts',(175.849995334348,93.0009171908983,-0.609164434742595));
#2184=CARTESIAN_POINT('Ctrl Pts',(167.204585331895,0.00193267393871494,
0.121026491939797));
#2185=CARTESIAN_POINT('Ctrl Pts',(168.387267706786,3.46780517679643,-0.0281529967335149));
#2186=CARTESIAN_POINT('Ctrl Pts',(170.807329396336,10.9548620716638,-0.156601632486113));
#2187=CARTESIAN_POINT('Ctrl Pts',(174.020718639496,24.0384596787241,-0.0605568686634374));
#2188=CARTESIAN_POINT('Ctrl Pts',(175.992625130767,38.7760744244453,0.0787824800403807));
#2189=CARTESIAN_POINT('Ctrl Pts',(175.989115111092,54.2213160581069,0.0775983736285375));
#2190=CARTESIAN_POINT('Ctrl Pts',(174.02197337546,68.9630528764838,-0.059903756646484));
#2191=CARTESIAN_POINT('Ctrl Pts',(170.807176650672,82.0434444835544,-0.156820174498433));
#2192=CARTESIAN_POINT('Ctrl Pts',(168.387458910064,89.5316168606098,-0.0281697055306097));
#2193=CARTESIAN_POINT('Ctrl Pts',(167.204736005927,92.9976258353689,0.121007436690937));
#2194=CARTESIAN_POINT('Ctrl Pts',(164.335260821636,-0.00588961082290868,
0.0231220984032099));
#2195=CARTESIAN_POINT('Ctrl Pts',(165.573942025674,3.47129863712257,-0.025413102458652));
#2196=CARTESIAN_POINT('Ctrl Pts',(168.118780793697,10.9577461142019,0.0406670299763642));
#2197=CARTESIAN_POINT('Ctrl Pts',(171.522655911727,24.0228675529724,0.357270192256201));
#2198=CARTESIAN_POINT('Ctrl Pts',(173.62223012741,38.7648047115434,0.61564750513987));
#2199=CARTESIAN_POINT('Ctrl Pts',(173.61838223028,54.2324431626491,0.614617271026598));
#2200=CARTESIAN_POINT('Ctrl Pts',(171.524011696886,68.9789005389604,0.357844270240574));
#2201=CARTESIAN_POINT('Ctrl Pts',(168.118629658363,82.0404186926291,0.0403980178312778));
#2202=CARTESIAN_POINT('Ctrl Pts',(165.57414269439,89.5281225489158,-0.025413987280669));
#2203=CARTESIAN_POINT('Ctrl Pts',(164.335418613847,93.0054466603328,0.0231159160810623));
#2204=CARTESIAN_POINT('',(167.343803968094,93.,-1.76195863454964E-12));
#2205=CARTESIAN_POINT('Ctrl Pts',(201.475817853991,93.,-38.4767490571648));
#2206=CARTESIAN_POINT('Ctrl Pts',(201.803408688558,93.,-33.791981863261));
#2207=CARTESIAN_POINT('Ctrl Pts',(201.211544724323,93.0000000000015,-29.087994071812));
#2208=CARTESIAN_POINT('Ctrl Pts',(198.255817424138,93.0000000000015,-20.1729136140222));
#2209=CARTESIAN_POINT('Ctrl Pts',(195.920295318209,93.0000000000067,-16.0471525353506));
#2210=CARTESIAN_POINT('Ctrl Pts',(189.800201063192,93.0000000000067,-8.92853929402069));
#2211=CARTESIAN_POINT('Ctrl Pts',(186.075517783484,92.9999999999939,-6.00273980895956));
#2212=CARTESIAN_POINT('Ctrl Pts',(179.189182525311,92.9999999999939,-2.49652153425783));
#2213=CARTESIAN_POINT('Ctrl Pts',(176.320385903015,92.9999999999998,-1.46685462101438));
#2214=CARTESIAN_POINT('Ctrl Pts',(171.376897989991,92.9999999999998,-0.370572393584333));
#2215=CARTESIAN_POINT('Ctrl Pts',(169.365475317561,93.,-0.100047507124837));
#2216=CARTESIAN_POINT('Ctrl Pts',(167.343803968094,93.,-3.52495810318487E-12));
#2217=CARTESIAN_POINT('Ctrl Pts',(167.343803968094,93.,-3.52954644677883E-12));
#2218=CARTESIAN_POINT('Ctrl Pts',(166.343294943601,93.,0.0495127132172907));
#2219=CARTESIAN_POINT('Ctrl Pts',(165.340275861972,93.,0.0572730246451983));
#2220=CARTESIAN_POINT('Ctrl Pts',(164.337358819632,93.,0.0230399711780982));
#2221=CARTESIAN_POINT('Origin',(98.4975581019188,93.,-17.4857162077081));
#2222=UNCERTAINTY_MEASURE_WITH_UNIT(LENGTH_MEASURE(0.01),#2226,
'DISTANCE_ACCURACY_VALUE',
'Maximum model space distance between geometric entities at asserted c
onnectivities');
#2223=UNCERTAINTY_MEASURE_WITH_UNIT(LENGTH_MEASURE(0.01),#2226,
'DISTANCE_ACCURACY_VALUE',
'Maximum model space distance between geometric entities at asserted c
onnectivities');
#2224=(
GEOMETRIC_REPRESENTATION_CONTEXT(3)
GLOBAL_UNCERTAINTY_ASSIGNED_CONTEXT((#2222))
GLOBAL_UNIT_ASSIGNED_CONTEXT((#2226,#2228,#2229))
REPRESENTATION_CONTEXT('','3D')
);
#2225=(
GEOMETRIC_REPRESENTATION_CONTEXT(3)
GLOBAL_UNCERTAINTY_ASSIGNED_CONTEXT((#2223))
GLOBAL_UNIT_ASSIGNED_CONTEXT((#2226,#2228,#2229))
REPRESENTATION_CONTEXT('','3D')
);
#2226=(
LENGTH_UNIT()
NAMED_UNIT(*)
SI_UNIT(.MILLI.,.METRE.)
);
#2227=(
LENGTH_UNIT()
NAMED_UNIT(*)
SI_UNIT($,.METRE.)
);
#2228=(
NAMED_UNIT(*)
PLANE_ANGLE_UNIT()
SI_UNIT($,.RADIAN.)
);
#2229=(
NAMED_UNIT(*)
SI_UNIT($,.STERADIAN.)
SOLID_ANGLE_UNIT()
);
#2230=SHAPE_DEFINITION_REPRESENTATION(#2231,#2232);
#2231=PRODUCT_DEFINITION_SHAPE('',$,#2234);
#2232=SHAPE_REPRESENTATION('',(#876),#2224);
#2233=PRODUCT_DEFINITION_CONTEXT('part definition',#2238,'design');
#2234=PRODUCT_DEFINITION('bruh_couch_arm_cupholder',
'bruh_couch_arm_cupholder v5',#2235,#2233);
#2235=PRODUCT_DEFINITION_FORMATION('',$,#2240);
#2236=PRODUCT_RELATED_PRODUCT_CATEGORY('bruh_couch_arm_cupholder v5',
'bruh_couch_arm_cupholder v5',(#2240));
#2237=APPLICATION_PROTOCOL_DEFINITION('international standard',
'automotive_design',2009,#2238);
#2238=APPLICATION_CONTEXT(
'Core Data for Automotive Mechanical Design Process');
#2239=PRODUCT_CONTEXT('part definition',#2238,'mechanical');
#2240=PRODUCT('bruh_couch_arm_cupholder','bruh_couch_arm_cupholder v5',
$,(#2239));
#2241=PRESENTATION_STYLE_ASSIGNMENT((#2243));
#2242=PRESENTATION_STYLE_ASSIGNMENT((#2244));
#2243=SURFACE_STYLE_USAGE(.BOTH.,#2245);
#2244=SURFACE_STYLE_USAGE(.BOTH.,#2246);
#2245=SURFACE_SIDE_STYLE('',(#2247));
#2246=SURFACE_SIDE_STYLE('',(#2248));
#2247=SURFACE_STYLE_FILL_AREA(#2249);
#2248=SURFACE_STYLE_FILL_AREA(#2250);
#2249=FILL_AREA_STYLE('Steel - Satin',(#2251));
#2250=FILL_AREA_STYLE('Steel - Satin (1)',(#2252));
#2251=FILL_AREA_STYLE_COLOUR('Steel - Satin',#2253);
#2252=FILL_AREA_STYLE_COLOUR('Steel - Satin (1)',#2254);
#2253=COLOUR_RGB('Steel - Satin',0.627450980392157,0.627450980392157,0.627450980392157);
#2254=COLOUR_RGB('Steel - Satin (1)',0.282352941176471,0.713725490196078,
1.);
ENDSEC;
END-ISO-10303-21;
