ISO-10303-21;
HEADER;
/* Generated by software containing ST-Developer
 * from STEP Tools, Inc. (www.steptools.com) 
 */

FILE_DESCRIPTION(
/* description */ (''),
/* implementation_level */ '2;1');

FILE_NAME(
/* name */ 'dewalt_router_sled_cookie_sheet_divider_v2.step',
/* time_stamp */ '2026-03-17T23:34:34-04:00',
/* author */ (''),
/* organization */ (''),
/* preprocessor_version */ 'ST-DEVELOPER v20.1',
/* originating_system */ 'Autodesk Translation Framework v14.24.0.0',
/* authorisation */ '');

FILE_SCHEMA (('AUTOMOTIVE_DESIGN { 1 0 10303 214 3 1 1 }'));
ENDSEC;

DATA;
#10=MECHANICAL_DESIGN_GEOMETRIC_PRESENTATION_REPRESENTATION('',(#23,#24),
#2799);
#11=ITEM_DEFINED_TRANSFORMATION($,$,#1603,#1816);
#12=(
REPRESENTATION_RELATIONSHIP($,$,#2810,#2809)
REPRESENTATION_RELATIONSHIP_WITH_TRANSFORMATION(#11)
SHAPE_REPRESENTATION_RELATIONSHIP()
);
#13=CONTEXT_DEPENDENT_SHAPE_REPRESENTATION(#12,#2808);
#14=NEXT_ASSEMBLY_USAGE_OCCURRENCE(
'Dewalt Router DWP611 Base Plate (1) v1:2',
'Dewalt Router DWP611 Base Plate (1) v1:2',
'Dewalt Router DWP611 Base Plate (1) v1:2',#2812,#2813,
'Dewalt Router DWP611 Base Plate (1) v1:2');
#15=CONICAL_SURFACE('',#1714,4.13,0.785398163397448);
#16=CONICAL_SURFACE('',#1777,4.13,0.785398163397448);
#17=CONICAL_SURFACE('',#1784,4.13,0.785398163397448);
#18=CONICAL_SURFACE('',#1791,4.13,0.785398163397448);
#19=SHAPE_REPRESENTATION_RELATIONSHIP('SRR','None',#2810,#21);
#20=SHAPE_REPRESENTATION_RELATIONSHIP('SRR','None',#2809,#22);
#21=ADVANCED_BREP_SHAPE_REPRESENTATION('',(#25),#2798);
#22=ADVANCED_BREP_SHAPE_REPRESENTATION('',(#26),#2797);
#23=STYLED_ITEM('',(#2823),#25);
#24=STYLED_ITEM('',(#2824),#26);
#25=MANIFOLD_SOLID_BREP('Body1',#1588);
#26=MANIFOLD_SOLID_BREP('IDEA1',#1589);
#27=FACE_BOUND('',#210,.T.);
#28=FACE_BOUND('',#211,.T.);
#29=FACE_BOUND('',#212,.T.);
#30=FACE_BOUND('',#213,.T.);
#31=FACE_BOUND('',#214,.T.);
#32=FACE_BOUND('',#215,.T.);
#33=FACE_BOUND('',#216,.T.);
#34=FACE_BOUND('',#217,.T.);
#35=FACE_BOUND('',#218,.T.);
#36=FACE_BOUND('',#219,.T.);
#37=FACE_BOUND('',#220,.T.);
#38=FACE_BOUND('',#221,.T.);
#39=FACE_BOUND('',#222,.T.);
#40=FACE_BOUND('',#224,.T.);
#41=FACE_BOUND('',#225,.T.);
#42=FACE_BOUND('',#226,.T.);
#43=FACE_BOUND('',#227,.T.);
#44=FACE_BOUND('',#228,.T.);
#45=FACE_BOUND('',#229,.T.);
#46=FACE_BOUND('',#230,.T.);
#47=FACE_BOUND('',#231,.T.);
#48=FACE_BOUND('',#232,.T.);
#49=FACE_BOUND('',#233,.T.);
#50=FACE_BOUND('',#234,.T.);
#51=FACE_BOUND('',#235,.T.);
#52=FACE_BOUND('',#236,.T.);
#53=FACE_BOUND('',#253,.T.);
#54=FACE_BOUND('',#255,.T.);
#55=FACE_BOUND('',#257,.T.);
#56=FACE_BOUND('',#259,.T.);
#57=FACE_BOUND('',#267,.T.);
#58=FACE_BOUND('',#268,.T.);
#59=FACE_BOUND('',#269,.T.);
#60=FACE_BOUND('',#270,.T.);
#61=FACE_BOUND('',#271,.T.);
#62=FACE_BOUND('',#272,.T.);
#63=FACE_BOUND('',#273,.T.);
#64=FACE_BOUND('',#274,.T.);
#65=FACE_BOUND('',#275,.T.);
#66=FACE_BOUND('',#276,.T.);
#67=FACE_BOUND('',#289,.T.);
#68=FACE_BOUND('',#290,.T.);
#69=FACE_BOUND('',#291,.T.);
#70=FACE_BOUND('',#292,.T.);
#71=FACE_BOUND('',#293,.T.);
#72=FACE_BOUND('',#294,.T.);
#73=FACE_BOUND('',#295,.T.);
#74=FACE_BOUND('',#296,.T.);
#75=FACE_BOUND('',#297,.T.);
#76=FACE_BOUND('',#300,.T.);
#77=FACE_BOUND('',#304,.T.);
#78=FACE_BOUND('',#308,.T.);
#79=FACE_BOUND('',#311,.T.);
#80=PLANE('',#1664);
#81=PLANE('',#1677);
#82=PLANE('',#1691);
#83=PLANE('',#1693);
#84=PLANE('',#1694);
#85=PLANE('',#1705);
#86=PLANE('',#1706);
#87=PLANE('',#1707);
#88=PLANE('',#1708);
#89=PLANE('',#1709);
#90=PLANE('',#1710);
#91=PLANE('',#1711);
#92=PLANE('',#1712);
#93=PLANE('',#1713);
#94=PLANE('',#1717);
#95=PLANE('',#1759);
#96=PLANE('',#1762);
#97=PLANE('',#1781);
#98=PLANE('',#1788);
#99=PLANE('',#1795);
#100=PLANE('',#1798);
#101=PLANE('',#1807);
#102=PLANE('',#1809);
#103=FACE_OUTER_BOUND('',#189,.T.);
#104=FACE_OUTER_BOUND('',#190,.T.);
#105=FACE_OUTER_BOUND('',#191,.T.);
#106=FACE_OUTER_BOUND('',#192,.T.);
#107=FACE_OUTER_BOUND('',#193,.T.);
#108=FACE_OUTER_BOUND('',#194,.T.);
#109=FACE_OUTER_BOUND('',#195,.T.);
#110=FACE_OUTER_BOUND('',#196,.T.);
#111=FACE_OUTER_BOUND('',#197,.T.);
#112=FACE_OUTER_BOUND('',#198,.T.);
#113=FACE_OUTER_BOUND('',#199,.T.);
#114=FACE_OUTER_BOUND('',#200,.T.);
#115=FACE_OUTER_BOUND('',#201,.T.);
#116=FACE_OUTER_BOUND('',#202,.T.);
#117=FACE_OUTER_BOUND('',#203,.T.);
#118=FACE_OUTER_BOUND('',#204,.T.);
#119=FACE_OUTER_BOUND('',#205,.T.);
#120=FACE_OUTER_BOUND('',#206,.T.);
#121=FACE_OUTER_BOUND('',#207,.T.);
#122=FACE_OUTER_BOUND('',#208,.T.);
#123=FACE_OUTER_BOUND('',#209,.T.);
#124=FACE_OUTER_BOUND('',#223,.T.);
#125=FACE_OUTER_BOUND('',#237,.T.);
#126=FACE_OUTER_BOUND('',#238,.T.);
#127=FACE_OUTER_BOUND('',#239,.T.);
#128=FACE_OUTER_BOUND('',#240,.T.);
#129=FACE_OUTER_BOUND('',#241,.T.);
#130=FACE_OUTER_BOUND('',#242,.T.);
#131=FACE_OUTER_BOUND('',#243,.T.);
#132=FACE_OUTER_BOUND('',#244,.T.);
#133=FACE_OUTER_BOUND('',#245,.T.);
#134=FACE_OUTER_BOUND('',#246,.T.);
#135=FACE_OUTER_BOUND('',#247,.T.);
#136=FACE_OUTER_BOUND('',#248,.T.);
#137=FACE_OUTER_BOUND('',#249,.T.);
#138=FACE_OUTER_BOUND('',#250,.T.);
#139=FACE_OUTER_BOUND('',#251,.T.);
#140=FACE_OUTER_BOUND('',#252,.T.);
#141=FACE_OUTER_BOUND('',#254,.T.);
#142=FACE_OUTER_BOUND('',#256,.T.);
#143=FACE_OUTER_BOUND('',#258,.T.);
#144=FACE_OUTER_BOUND('',#260,.T.);
#145=FACE_OUTER_BOUND('',#261,.T.);
#146=FACE_OUTER_BOUND('',#262,.T.);
#147=FACE_OUTER_BOUND('',#263,.T.);
#148=FACE_OUTER_BOUND('',#264,.T.);
#149=FACE_OUTER_BOUND('',#265,.T.);
#150=FACE_OUTER_BOUND('',#266,.T.);
#151=FACE_OUTER_BOUND('',#277,.T.);
#152=FACE_OUTER_BOUND('',#278,.T.);
#153=FACE_OUTER_BOUND('',#279,.T.);
#154=FACE_OUTER_BOUND('',#280,.T.);
#155=FACE_OUTER_BOUND('',#281,.T.);
#156=FACE_OUTER_BOUND('',#282,.T.);
#157=FACE_OUTER_BOUND('',#283,.T.);
#158=FACE_OUTER_BOUND('',#284,.T.);
#159=FACE_OUTER_BOUND('',#285,.T.);
#160=FACE_OUTER_BOUND('',#286,.T.);
#161=FACE_OUTER_BOUND('',#287,.T.);
#162=FACE_OUTER_BOUND('',#288,.T.);
#163=FACE_OUTER_BOUND('',#298,.T.);
#164=FACE_OUTER_BOUND('',#299,.T.);
#165=FACE_OUTER_BOUND('',#301,.T.);
#166=FACE_OUTER_BOUND('',#302,.T.);
#167=FACE_OUTER_BOUND('',#303,.T.);
#168=FACE_OUTER_BOUND('',#305,.T.);
#169=FACE_OUTER_BOUND('',#306,.T.);
#170=FACE_OUTER_BOUND('',#307,.T.);
#171=FACE_OUTER_BOUND('',#309,.T.);
#172=FACE_OUTER_BOUND('',#310,.T.);
#173=FACE_OUTER_BOUND('',#312,.T.);
#174=FACE_OUTER_BOUND('',#313,.T.);
#175=FACE_OUTER_BOUND('',#314,.T.);
#176=FACE_OUTER_BOUND('',#315,.T.);
#177=FACE_OUTER_BOUND('',#316,.T.);
#178=FACE_OUTER_BOUND('',#317,.T.);
#179=FACE_OUTER_BOUND('',#318,.T.);
#180=FACE_OUTER_BOUND('',#319,.T.);
#181=FACE_OUTER_BOUND('',#320,.T.);
#182=FACE_OUTER_BOUND('',#321,.T.);
#183=FACE_OUTER_BOUND('',#322,.T.);
#184=FACE_OUTER_BOUND('',#323,.T.);
#185=FACE_OUTER_BOUND('',#324,.T.);
#186=FACE_OUTER_BOUND('',#325,.T.);
#187=FACE_OUTER_BOUND('',#326,.T.);
#188=FACE_OUTER_BOUND('',#327,.T.);
#189=EDGE_LOOP('',(#1005,#1006,#1007,#1008));
#190=EDGE_LOOP('',(#1009,#1010,#1011,#1012));
#191=EDGE_LOOP('',(#1013,#1014,#1015,#1016));
#192=EDGE_LOOP('',(#1017,#1018,#1019,#1020));
#193=EDGE_LOOP('',(#1021,#1022,#1023,#1024));
#194=EDGE_LOOP('',(#1025,#1026,#1027,#1028));
#195=EDGE_LOOP('',(#1029,#1030,#1031,#1032));
#196=EDGE_LOOP('',(#1033,#1034,#1035,#1036));
#197=EDGE_LOOP('',(#1037,#1038,#1039,#1040));
#198=EDGE_LOOP('',(#1041,#1042,#1043,#1044));
#199=EDGE_LOOP('',(#1045,#1046,#1047,#1048));
#200=EDGE_LOOP('',(#1049,#1050,#1051,#1052));
#201=EDGE_LOOP('',(#1053,#1054,#1055,#1056));
#202=EDGE_LOOP('',(#1057,#1058,#1059,#1060));
#203=EDGE_LOOP('',(#1061,#1062,#1063,#1064));
#204=EDGE_LOOP('',(#1065,#1066,#1067,#1068));
#205=EDGE_LOOP('',(#1069,#1070,#1071,#1072));
#206=EDGE_LOOP('',(#1073,#1074,#1075,#1076));
#207=EDGE_LOOP('',(#1077,#1078,#1079,#1080));
#208=EDGE_LOOP('',(#1081,#1082,#1083,#1084));
#209=EDGE_LOOP('',(#1085,#1086,#1087,#1088,#1089,#1090));
#210=EDGE_LOOP('',(#1091));
#211=EDGE_LOOP('',(#1092,#1093,#1094,#1095));
#212=EDGE_LOOP('',(#1096,#1097,#1098,#1099));
#213=EDGE_LOOP('',(#1100,#1101,#1102,#1103));
#214=EDGE_LOOP('',(#1104));
#215=EDGE_LOOP('',(#1105));
#216=EDGE_LOOP('',(#1106));
#217=EDGE_LOOP('',(#1107));
#218=EDGE_LOOP('',(#1108));
#219=EDGE_LOOP('',(#1109));
#220=EDGE_LOOP('',(#1110));
#221=EDGE_LOOP('',(#1111));
#222=EDGE_LOOP('',(#1112,#1113,#1114,#1115));
#223=EDGE_LOOP('',(#1116,#1117,#1118,#1119,#1120,#1121));
#224=EDGE_LOOP('',(#1122,#1123,#1124,#1125));
#225=EDGE_LOOP('',(#1126,#1127,#1128,#1129));
#226=EDGE_LOOP('',(#1130));
#227=EDGE_LOOP('',(#1131));
#228=EDGE_LOOP('',(#1132));
#229=EDGE_LOOP('',(#1133));
#230=EDGE_LOOP('',(#1134));
#231=EDGE_LOOP('',(#1135));
#232=EDGE_LOOP('',(#1136));
#233=EDGE_LOOP('',(#1137));
#234=EDGE_LOOP('',(#1138,#1139,#1140,#1141));
#235=EDGE_LOOP('',(#1142));
#236=EDGE_LOOP('',(#1143,#1144,#1145,#1146));
#237=EDGE_LOOP('',(#1147,#1148,#1149,#1150));
#238=EDGE_LOOP('',(#1151,#1152,#1153,#1154));
#239=EDGE_LOOP('',(#1155,#1156,#1157,#1158));
#240=EDGE_LOOP('',(#1159,#1160,#1161,#1162));
#241=EDGE_LOOP('',(#1163,#1164,#1165,#1166));
#242=EDGE_LOOP('',(#1167,#1168,#1169,#1170));
#243=EDGE_LOOP('',(#1171,#1172,#1173,#1174));
#244=EDGE_LOOP('',(#1175,#1176,#1177,#1178));
#245=EDGE_LOOP('',(#1179,#1180,#1181,#1182));
#246=EDGE_LOOP('',(#1183,#1184,#1185,#1186));
#247=EDGE_LOOP('',(#1187,#1188,#1189,#1190));
#248=EDGE_LOOP('',(#1191,#1192,#1193,#1194));
#249=EDGE_LOOP('',(#1195,#1196,#1197,#1198));
#250=EDGE_LOOP('',(#1199,#1200,#1201,#1202));
#251=EDGE_LOOP('',(#1203,#1204,#1205,#1206));
#252=EDGE_LOOP('',(#1207));
#253=EDGE_LOOP('',(#1208));
#254=EDGE_LOOP('',(#1209));
#255=EDGE_LOOP('',(#1210));
#256=EDGE_LOOP('',(#1211));
#257=EDGE_LOOP('',(#1212));
#258=EDGE_LOOP('',(#1213));
#259=EDGE_LOOP('',(#1214));
#260=EDGE_LOOP('',(#1215,#1216,#1217,#1218));
#261=EDGE_LOOP('',(#1219,#1220,#1221,#1222));
#262=EDGE_LOOP('',(#1223,#1224,#1225,#1226));
#263=EDGE_LOOP('',(#1227,#1228,#1229,#1230));
#264=EDGE_LOOP('',(#1231,#1232,#1233,#1234));
#265=EDGE_LOOP('',(#1235,#1236,#1237,#1238));
#266=EDGE_LOOP('',(#1239,#1240,#1241,#1242,#1243,#1244));
#267=EDGE_LOOP('',(#1245,#1246,#1247,#1248));
#268=EDGE_LOOP('',(#1249));
#269=EDGE_LOOP('',(#1250));
#270=EDGE_LOOP('',(#1251,#1252,#1253,#1254));
#271=EDGE_LOOP('',(#1255,#1256,#1257,#1258));
#272=EDGE_LOOP('',(#1259,#1260,#1261,#1262));
#273=EDGE_LOOP('',(#1263));
#274=EDGE_LOOP('',(#1264));
#275=EDGE_LOOP('',(#1265));
#276=EDGE_LOOP('',(#1266,#1267,#1268,#1269));
#277=EDGE_LOOP('',(#1270,#1271,#1272,#1273));
#278=EDGE_LOOP('',(#1274,#1275,#1276,#1277));
#279=EDGE_LOOP('',(#1278,#1279,#1280,#1281));
#280=EDGE_LOOP('',(#1282,#1283,#1284,#1285));
#281=EDGE_LOOP('',(#1286,#1287,#1288,#1289));
#282=EDGE_LOOP('',(#1290,#1291,#1292,#1293));
#283=EDGE_LOOP('',(#1294,#1295,#1296,#1297));
#284=EDGE_LOOP('',(#1298,#1299,#1300,#1301));
#285=EDGE_LOOP('',(#1302,#1303,#1304,#1305));
#286=EDGE_LOOP('',(#1306,#1307,#1308,#1309));
#287=EDGE_LOOP('',(#1310,#1311,#1312,#1313));
#288=EDGE_LOOP('',(#1314,#1315,#1316,#1317,#1318,#1319));
#289=EDGE_LOOP('',(#1320,#1321,#1322,#1323));
#290=EDGE_LOOP('',(#1324));
#291=EDGE_LOOP('',(#1325,#1326,#1327,#1328));
#292=EDGE_LOOP('',(#1329));
#293=EDGE_LOOP('',(#1330));
#294=EDGE_LOOP('',(#1331));
#295=EDGE_LOOP('',(#1332));
#296=EDGE_LOOP('',(#1333,#1334,#1335,#1336));
#297=EDGE_LOOP('',(#1337,#1338,#1339,#1340));
#298=EDGE_LOOP('',(#1341,#1342,#1343,#1344,#1345));
#299=EDGE_LOOP('',(#1346));
#300=EDGE_LOOP('',(#1347));
#301=EDGE_LOOP('',(#1348,#1349,#1350,#1351,#1352));
#302=EDGE_LOOP('',(#1353,#1354,#1355,#1356,#1357));
#303=EDGE_LOOP('',(#1358));
#304=EDGE_LOOP('',(#1359));
#305=EDGE_LOOP('',(#1360,#1361,#1362,#1363,#1364));
#306=EDGE_LOOP('',(#1365,#1366,#1367,#1368,#1369));
#307=EDGE_LOOP('',(#1370));
#308=EDGE_LOOP('',(#1371));
#309=EDGE_LOOP('',(#1372,#1373,#1374,#1375,#1376));
#310=EDGE_LOOP('',(#1377));
#311=EDGE_LOOP('',(#1378));
#312=EDGE_LOOP('',(#1379,#1380,#1381,#1382));
#313=EDGE_LOOP('',(#1383,#1384,#1385,#1386));
#314=EDGE_LOOP('',(#1387,#1388,#1389,#1390));
#315=EDGE_LOOP('',(#1391,#1392,#1393,#1394));
#316=EDGE_LOOP('',(#1395,#1396,#1397,#1398));
#317=EDGE_LOOP('',(#1399,#1400,#1401,#1402));
#318=EDGE_LOOP('',(#1403,#1404,#1405,#1406));
#319=EDGE_LOOP('',(#1407,#1408,#1409,#1410));
#320=EDGE_LOOP('',(#1411,#1412,#1413,#1414));
#321=EDGE_LOOP('',(#1415,#1416,#1417,#1418));
#322=EDGE_LOOP('',(#1419,#1420,#1421,#1422));
#323=EDGE_LOOP('',(#1423,#1424,#1425,#1426));
#324=EDGE_LOOP('',(#1427,#1428,#1429,#1430));
#325=EDGE_LOOP('',(#1431,#1432,#1433,#1434));
#326=EDGE_LOOP('',(#1435,#1436,#1437,#1438));
#327=EDGE_LOOP('',(#1439,#1440,#1441,#1442));
#328=LINE('',#2346,#421);
#329=LINE('',#2352,#422);
#330=LINE('',#2358,#423);
#331=LINE('',#2364,#424);
#332=LINE('',#2370,#425);
#333=LINE('',#2376,#426);
#334=LINE('',#2382,#427);
#335=LINE('',#2388,#428);
#336=LINE('',#2395,#429);
#337=LINE('',#2398,#430);
#338=LINE('',#2404,#431);
#339=LINE('',#2407,#432);
#340=LINE('',#2413,#433);
#341=LINE('',#2416,#434);
#342=LINE('',#2422,#435);
#343=LINE('',#2425,#436);
#344=LINE('',#2430,#437);
#345=LINE('',#2437,#438);
#346=LINE('',#2440,#439);
#347=LINE('',#2446,#440);
#348=LINE('',#2449,#441);
#349=LINE('',#2455,#442);
#350=LINE('',#2458,#443);
#351=LINE('',#2463,#444);
#352=LINE('',#2469,#445);
#353=LINE('',#2475,#446);
#354=LINE('',#2481,#447);
#355=LINE('',#2488,#448);
#356=LINE('',#2491,#449);
#357=LINE('',#2492,#450);
#358=LINE('',#2511,#451);
#359=LINE('',#2513,#452);
#360=LINE('',#2516,#453);
#361=LINE('',#2532,#454);
#362=LINE('',#2533,#455);
#363=LINE('',#2535,#456);
#364=LINE('',#2537,#457);
#365=LINE('',#2543,#458);
#366=LINE('',#2544,#459);
#367=LINE('',#2548,#460);
#368=LINE('',#2550,#461);
#369=LINE('',#2561,#462);
#370=LINE('',#2563,#463);
#371=LINE('',#2565,#464);
#372=LINE('',#2566,#465);
#373=LINE('',#2569,#466);
#374=LINE('',#2571,#467);
#375=LINE('',#2572,#468);
#376=LINE('',#2575,#469);
#377=LINE('',#2576,#470);
#378=LINE('',#2579,#471);
#379=LINE('',#2580,#472);
#380=LINE('',#2582,#473);
#381=LINE('',#2587,#474);
#382=LINE('',#2594,#475);
#383=LINE('',#2598,#476);
#384=LINE('',#2601,#477);
#385=LINE('',#2644,#478);
#386=LINE('',#2647,#479);
#387=LINE('',#2650,#480);
#388=LINE('',#2654,#481);
#389=LINE('',#2657,#482);
#390=LINE('',#2660,#483);
#391=LINE('',#2664,#484);
#392=LINE('',#2667,#485);
#393=LINE('',#2670,#486);
#394=LINE('',#2674,#487);
#395=LINE('',#2677,#488);
#396=LINE('',#2680,#489);
#397=LINE('',#2684,#490);
#398=LINE('',#2687,#491);
#399=LINE('',#2690,#492);
#400=LINE('',#2691,#493);
#401=LINE('',#2694,#494);
#402=LINE('',#2698,#495);
#403=LINE('',#2701,#496);
#404=LINE('',#2730,#497);
#405=LINE('',#2736,#498);
#406=LINE('',#2743,#499);
#407=LINE('',#2749,#500);
#408=LINE('',#2756,#501);
#409=LINE('',#2762,#502);
#410=LINE('',#2767,#503);
#411=LINE('',#2769,#504);
#412=LINE('',#2771,#505);
#413=LINE('',#2773,#506);
#414=LINE('',#2775,#507);
#415=LINE('',#2777,#508);
#416=LINE('',#2779,#509);
#417=LINE('',#2781,#510);
#418=LINE('',#2783,#511);
#419=LINE('',#2787,#512);
#420=LINE('',#2790,#513);
#421=VECTOR('',#1825,5.08);
#422=VECTOR('',#1832,5.08);
#423=VECTOR('',#1839,5.08);
#424=VECTOR('',#1846,5.08);
#425=VECTOR('',#1853,4.7244);
#426=VECTOR('',#1860,4.7244);
#427=VECTOR('',#1867,4.7244);
#428=VECTOR('',#1874,4.7244);
#429=VECTOR('',#1881,1000.);
#430=VECTOR('',#1884,1000.);
#431=VECTOR('',#1889,1000.);
#432=VECTOR('',#1892,1000.);
#433=VECTOR('',#1897,1000.);
#434=VECTOR('',#1900,1000.);
#435=VECTOR('',#1905,1000.);
#436=VECTOR('',#1908,1000.);
#437=VECTOR('',#1913,18.96364);
#438=VECTOR('',#1920,1000.);
#439=VECTOR('',#1923,1000.);
#440=VECTOR('',#1928,1000.);
#441=VECTOR('',#1931,1000.);
#442=VECTOR('',#1936,1000.);
#443=VECTOR('',#1939,1000.);
#444=VECTOR('',#1944,3.175);
#445=VECTOR('',#1951,3.175);
#446=VECTOR('',#1958,3.175);
#447=VECTOR('',#1965,3.175);
#448=VECTOR('',#1972,1000.);
#449=VECTOR('',#1975,1000.);
#450=VECTOR('',#1976,1000.);
#451=VECTOR('',#2001,1000.);
#452=VECTOR('',#2002,1000.);
#453=VECTOR('',#2005,1000.);
#454=VECTOR('',#2028,1000.);
#455=VECTOR('',#2029,1000.);
#456=VECTOR('',#2032,1000.);
#457=VECTOR('',#2035,1000.);
#458=VECTOR('',#2046,1000.);
#459=VECTOR('',#2047,1000.);
#460=VECTOR('',#2054,1000.);
#461=VECTOR('',#2057,1000.);
#462=VECTOR('',#2074,10.);
#463=VECTOR('',#2075,10.);
#464=VECTOR('',#2076,10.);
#465=VECTOR('',#2077,10.);
#466=VECTOR('',#2080,10.);
#467=VECTOR('',#2081,10.);
#468=VECTOR('',#2082,10.);
#469=VECTOR('',#2085,10.);
#470=VECTOR('',#2086,10.);
#471=VECTOR('',#2089,10.);
#472=VECTOR('',#2090,10.);
#473=VECTOR('',#2093,10.);
#474=VECTOR('',#2098,4.13);
#475=VECTOR('',#2105,10.);
#476=VECTOR('',#2108,10.);
#477=VECTOR('',#2111,10.);
#478=VECTOR('',#2154,1000.);
#479=VECTOR('',#2157,1000.);
#480=VECTOR('',#2160,1000.);
#481=VECTOR('',#2165,1000.);
#482=VECTOR('',#2168,1000.);
#483=VECTOR('',#2171,1000.);
#484=VECTOR('',#2176,1000.);
#485=VECTOR('',#2179,1000.);
#486=VECTOR('',#2182,1000.);
#487=VECTOR('',#2187,1000.);
#488=VECTOR('',#2190,1000.);
#489=VECTOR('',#2193,1000.);
#490=VECTOR('',#2198,1000.);
#491=VECTOR('',#2201,1000.);
#492=VECTOR('',#2204,1000.);
#493=VECTOR('',#2205,1000.);
#494=VECTOR('',#2208,1000.);
#495=VECTOR('',#2213,1000.);
#496=VECTOR('',#2216,1000.);
#497=VECTOR('',#2249,4.13);
#498=VECTOR('',#2258,5.08);
#499=VECTOR('',#2265,4.13);
#500=VECTOR('',#2274,5.08);
#501=VECTOR('',#2281,4.13);
#502=VECTOR('',#2290,5.08);
#503=VECTOR('',#2297,1000.);
#504=VECTOR('',#2300,18.96364);
#505=VECTOR('',#2303,1000.);
#506=VECTOR('',#2306,3.175);
#507=VECTOR('',#2309,3.175);
#508=VECTOR('',#2312,3.175);
#509=VECTOR('',#2315,3.175);
#510=VECTOR('',#2318,1000.);
#511=VECTOR('',#2321,1000.);
#512=VECTOR('',#2328,1000.);
#513=VECTOR('',#2333,1000.);
#514=CIRCLE('',#1605,5.08);
#515=CIRCLE('',#1606,5.08);
#516=CIRCLE('',#1608,5.08);
#517=CIRCLE('',#1609,5.08);
#518=CIRCLE('',#1611,5.08);
#519=CIRCLE('',#1612,5.08);
#520=CIRCLE('',#1614,5.08);
#521=CIRCLE('',#1615,5.08);
#522=CIRCLE('',#1617,4.7244);
#523=CIRCLE('',#1618,4.7244);
#524=CIRCLE('',#1620,4.7244);
#525=CIRCLE('',#1621,4.7244);
#526=CIRCLE('',#1623,4.7244);
#527=CIRCLE('',#1624,4.7244);
#528=CIRCLE('',#1626,4.7244);
#529=CIRCLE('',#1627,4.7244);
#530=CIRCLE('',#1629,28.071);
#531=CIRCLE('',#1630,28.071);
#532=CIRCLE('',#1632,34.929);
#533=CIRCLE('',#1633,34.929);
#534=CIRCLE('',#1635,3.42900000000001);
#535=CIRCLE('',#1636,3.42900000000001);
#536=CIRCLE('',#1638,3.42900000000001);
#537=CIRCLE('',#1639,3.42900000000001);
#538=CIRCLE('',#1641,18.96364);
#539=CIRCLE('',#1642,18.96364);
#540=CIRCLE('',#1644,3.429);
#541=CIRCLE('',#1645,3.429);
#542=CIRCLE('',#1647,3.42900000000001);
#543=CIRCLE('',#1648,3.42900000000001);
#544=CIRCLE('',#1650,51.4985);
#545=CIRCLE('',#1651,51.4985);
#546=CIRCLE('',#1653,3.175);
#547=CIRCLE('',#1654,3.175);
#548=CIRCLE('',#1656,3.175);
#549=CIRCLE('',#1657,3.175);
#550=CIRCLE('',#1659,3.175);
#551=CIRCLE('',#1660,3.175);
#552=CIRCLE('',#1662,3.175);
#553=CIRCLE('',#1663,3.175);
#554=CIRCLE('',#1665,6.35);
#555=CIRCLE('',#1666,6.35);
#556=CIRCLE('',#1667,34.929);
#557=CIRCLE('',#1668,3.42900000000001);
#558=CIRCLE('',#1669,28.071);
#559=CIRCLE('',#1670,3.42900000000001);
#560=CIRCLE('',#1671,34.929);
#561=CIRCLE('',#1672,28.071);
#562=CIRCLE('',#1673,3.42900000000001);
#563=CIRCLE('',#1674,3.42900000000001);
#564=CIRCLE('',#1675,34.929);
#565=CIRCLE('',#1676,28.071);
#566=CIRCLE('',#1678,6.35);
#567=CIRCLE('',#1679,6.35);
#568=CIRCLE('',#1680,3.42900000000001);
#569=CIRCLE('',#1681,34.929);
#570=CIRCLE('',#1682,28.071);
#571=CIRCLE('',#1683,3.42900000000001);
#572=CIRCLE('',#1684,3.42900000000001);
#573=CIRCLE('',#1685,34.929);
#574=CIRCLE('',#1686,3.42900000000001);
#575=CIRCLE('',#1687,28.071);
#576=CIRCLE('',#1688,34.929);
#577=CIRCLE('',#1689,28.071);
#578=CIRCLE('',#1715,5.18);
#579=CIRCLE('',#1716,6.6344);
#580=CIRCLE('',#1718,6.35);
#581=CIRCLE('',#1719,6.35);
#582=CIRCLE('',#1720,51.4985);
#583=CIRCLE('',#1721,18.96364);
#584=CIRCLE('',#1722,34.929);
#585=CIRCLE('',#1723,3.42900000000001);
#586=CIRCLE('',#1724,28.071);
#587=CIRCLE('',#1725,3.42900000000001);
#588=CIRCLE('',#1726,3.429);
#589=CIRCLE('',#1727,34.929);
#590=CIRCLE('',#1728,3.42900000000001);
#591=CIRCLE('',#1729,28.071);
#592=CIRCLE('',#1730,3.42900000000001);
#593=CIRCLE('',#1731,34.929);
#594=CIRCLE('',#1732,3.42900000000001);
#595=CIRCLE('',#1733,28.071);
#596=CIRCLE('',#1734,5.08);
#597=CIRCLE('',#1735,5.08);
#598=CIRCLE('',#1736,5.08);
#599=CIRCLE('',#1737,3.42900000000001);
#600=CIRCLE('',#1738,34.929);
#601=CIRCLE('',#1739,3.42900000000001);
#602=CIRCLE('',#1740,28.071);
#603=CIRCLE('',#1742,34.929);
#604=CIRCLE('',#1744,3.42900000000001);
#605=CIRCLE('',#1746,3.42900000000001);
#606=CIRCLE('',#1748,28.071);
#607=CIRCLE('',#1750,28.071);
#608=CIRCLE('',#1752,3.42900000000001);
#609=CIRCLE('',#1754,34.929);
#610=CIRCLE('',#1756,3.42900000000001);
#611=CIRCLE('',#1758,6.35);
#612=CIRCLE('',#1761,51.4985);
#613=CIRCLE('',#1763,6.35);
#614=CIRCLE('',#1764,28.071);
#615=CIRCLE('',#1765,3.429);
#616=CIRCLE('',#1766,18.96364);
#617=CIRCLE('',#1767,34.929);
#618=CIRCLE('',#1768,3.42900000000001);
#619=CIRCLE('',#1769,3.175);
#620=CIRCLE('',#1770,3.175);
#621=CIRCLE('',#1771,3.175);
#622=CIRCLE('',#1772,3.175);
#623=CIRCLE('',#1773,34.929);
#624=CIRCLE('',#1774,3.42900000000001);
#625=CIRCLE('',#1775,3.42900000000001);
#626=CIRCLE('',#1776,28.071);
#627=CIRCLE('',#1778,5.08);
#628=CIRCLE('',#1779,5.08);
#629=CIRCLE('',#1780,3.18);
#630=CIRCLE('',#1782,3.175);
#631=CIRCLE('',#1785,5.08);
#632=CIRCLE('',#1786,5.08);
#633=CIRCLE('',#1787,3.18);
#634=CIRCLE('',#1789,3.175);
#635=CIRCLE('',#1792,5.08);
#636=CIRCLE('',#1793,5.08);
#637=CIRCLE('',#1794,3.18);
#638=CIRCLE('',#1796,3.175);
#639=CIRCLE('',#1799,3.175);
#640=VERTEX_POINT('',#2343);
#641=VERTEX_POINT('',#2345);
#642=VERTEX_POINT('',#2349);
#643=VERTEX_POINT('',#2351);
#644=VERTEX_POINT('',#2355);
#645=VERTEX_POINT('',#2357);
#646=VERTEX_POINT('',#2361);
#647=VERTEX_POINT('',#2363);
#648=VERTEX_POINT('',#2367);
#649=VERTEX_POINT('',#2369);
#650=VERTEX_POINT('',#2373);
#651=VERTEX_POINT('',#2375);
#652=VERTEX_POINT('',#2379);
#653=VERTEX_POINT('',#2381);
#654=VERTEX_POINT('',#2385);
#655=VERTEX_POINT('',#2387);
#656=VERTEX_POINT('',#2391);
#657=VERTEX_POINT('',#2392);
#658=VERTEX_POINT('',#2394);
#659=VERTEX_POINT('',#2396);
#660=VERTEX_POINT('',#2400);
#661=VERTEX_POINT('',#2401);
#662=VERTEX_POINT('',#2403);
#663=VERTEX_POINT('',#2405);
#664=VERTEX_POINT('',#2409);
#665=VERTEX_POINT('',#2410);
#666=VERTEX_POINT('',#2412);
#667=VERTEX_POINT('',#2414);
#668=VERTEX_POINT('',#2418);
#669=VERTEX_POINT('',#2419);
#670=VERTEX_POINT('',#2421);
#671=VERTEX_POINT('',#2423);
#672=VERTEX_POINT('',#2427);
#673=VERTEX_POINT('',#2429);
#674=VERTEX_POINT('',#2433);
#675=VERTEX_POINT('',#2434);
#676=VERTEX_POINT('',#2436);
#677=VERTEX_POINT('',#2438);
#678=VERTEX_POINT('',#2442);
#679=VERTEX_POINT('',#2443);
#680=VERTEX_POINT('',#2445);
#681=VERTEX_POINT('',#2447);
#682=VERTEX_POINT('',#2451);
#683=VERTEX_POINT('',#2452);
#684=VERTEX_POINT('',#2454);
#685=VERTEX_POINT('',#2456);
#686=VERTEX_POINT('',#2460);
#687=VERTEX_POINT('',#2462);
#688=VERTEX_POINT('',#2466);
#689=VERTEX_POINT('',#2468);
#690=VERTEX_POINT('',#2472);
#691=VERTEX_POINT('',#2474);
#692=VERTEX_POINT('',#2478);
#693=VERTEX_POINT('',#2480);
#694=VERTEX_POINT('',#2484);
#695=VERTEX_POINT('',#2485);
#696=VERTEX_POINT('',#2487);
#697=VERTEX_POINT('',#2489);
#698=VERTEX_POINT('',#2493);
#699=VERTEX_POINT('',#2495);
#700=VERTEX_POINT('',#2498);
#701=VERTEX_POINT('',#2499);
#702=VERTEX_POINT('',#2508);
#703=VERTEX_POINT('',#2509);
#704=VERTEX_POINT('',#2512);
#705=VERTEX_POINT('',#2514);
#706=VERTEX_POINT('',#2517);
#707=VERTEX_POINT('',#2518);
#708=VERTEX_POINT('',#2524);
#709=VERTEX_POINT('',#2526);
#710=VERTEX_POINT('',#2559);
#711=VERTEX_POINT('',#2560);
#712=VERTEX_POINT('',#2562);
#713=VERTEX_POINT('',#2564);
#714=VERTEX_POINT('',#2568);
#715=VERTEX_POINT('',#2570);
#716=VERTEX_POINT('',#2574);
#717=VERTEX_POINT('',#2578);
#718=VERTEX_POINT('',#2584);
#719=VERTEX_POINT('',#2586);
#720=VERTEX_POINT('',#2590);
#721=VERTEX_POINT('',#2591);
#722=VERTEX_POINT('',#2593);
#723=VERTEX_POINT('',#2595);
#724=VERTEX_POINT('',#2597);
#725=VERTEX_POINT('',#2599);
#726=VERTEX_POINT('',#2602);
#727=VERTEX_POINT('',#2604);
#728=VERTEX_POINT('',#2605);
#729=VERTEX_POINT('',#2607);
#730=VERTEX_POINT('',#2609);
#731=VERTEX_POINT('',#2612);
#732=VERTEX_POINT('',#2613);
#733=VERTEX_POINT('',#2615);
#734=VERTEX_POINT('',#2617);
#735=VERTEX_POINT('',#2620);
#736=VERTEX_POINT('',#2621);
#737=VERTEX_POINT('',#2623);
#738=VERTEX_POINT('',#2625);
#739=VERTEX_POINT('',#2628);
#740=VERTEX_POINT('',#2630);
#741=VERTEX_POINT('',#2632);
#742=VERTEX_POINT('',#2634);
#743=VERTEX_POINT('',#2635);
#744=VERTEX_POINT('',#2637);
#745=VERTEX_POINT('',#2639);
#746=VERTEX_POINT('',#2643);
#747=VERTEX_POINT('',#2645);
#748=VERTEX_POINT('',#2649);
#749=VERTEX_POINT('',#2653);
#750=VERTEX_POINT('',#2655);
#751=VERTEX_POINT('',#2659);
#752=VERTEX_POINT('',#2663);
#753=VERTEX_POINT('',#2665);
#754=VERTEX_POINT('',#2669);
#755=VERTEX_POINT('',#2673);
#756=VERTEX_POINT('',#2675);
#757=VERTEX_POINT('',#2679);
#758=VERTEX_POINT('',#2683);
#759=VERTEX_POINT('',#2685);
#760=VERTEX_POINT('',#2689);
#761=VERTEX_POINT('',#2693);
#762=VERTEX_POINT('',#2697);
#763=VERTEX_POINT('',#2699);
#764=VERTEX_POINT('',#2702);
#765=VERTEX_POINT('',#2705);
#766=VERTEX_POINT('',#2707);
#767=VERTEX_POINT('',#2710);
#768=VERTEX_POINT('',#2712);
#769=VERTEX_POINT('',#2714);
#770=VERTEX_POINT('',#2716);
#771=VERTEX_POINT('',#2718);
#772=VERTEX_POINT('',#2721);
#773=VERTEX_POINT('',#2725);
#774=VERTEX_POINT('',#2726);
#775=VERTEX_POINT('',#2729);
#776=VERTEX_POINT('',#2733);
#777=VERTEX_POINT('',#2738);
#778=VERTEX_POINT('',#2739);
#779=VERTEX_POINT('',#2742);
#780=VERTEX_POINT('',#2746);
#781=VERTEX_POINT('',#2751);
#782=VERTEX_POINT('',#2752);
#783=VERTEX_POINT('',#2755);
#784=VERTEX_POINT('',#2759);
#785=VERTEX_POINT('',#2764);
#786=EDGE_CURVE('',#640,#640,#514,.T.);
#787=EDGE_CURVE('',#640,#641,#328,.T.);
#788=EDGE_CURVE('',#641,#641,#515,.T.);
#789=EDGE_CURVE('',#642,#642,#516,.T.);
#790=EDGE_CURVE('',#642,#643,#329,.T.);
#791=EDGE_CURVE('',#643,#643,#517,.T.);
#792=EDGE_CURVE('',#644,#644,#518,.T.);
#793=EDGE_CURVE('',#644,#645,#330,.T.);
#794=EDGE_CURVE('',#645,#645,#519,.T.);
#795=EDGE_CURVE('',#646,#646,#520,.T.);
#796=EDGE_CURVE('',#646,#647,#331,.T.);
#797=EDGE_CURVE('',#647,#647,#521,.T.);
#798=EDGE_CURVE('',#648,#648,#522,.T.);
#799=EDGE_CURVE('',#648,#649,#332,.T.);
#800=EDGE_CURVE('',#649,#649,#523,.T.);
#801=EDGE_CURVE('',#650,#650,#524,.T.);
#802=EDGE_CURVE('',#650,#651,#333,.T.);
#803=EDGE_CURVE('',#651,#651,#525,.T.);
#804=EDGE_CURVE('',#652,#652,#526,.T.);
#805=EDGE_CURVE('',#652,#653,#334,.T.);
#806=EDGE_CURVE('',#653,#653,#527,.T.);
#807=EDGE_CURVE('',#654,#654,#528,.T.);
#808=EDGE_CURVE('',#654,#655,#335,.T.);
#809=EDGE_CURVE('',#655,#655,#529,.T.);
#810=EDGE_CURVE('',#656,#657,#530,.T.);
#811=EDGE_CURVE('',#657,#658,#336,.T.);
#812=EDGE_CURVE('',#659,#658,#531,.T.);
#813=EDGE_CURVE('',#656,#659,#337,.T.);
#814=EDGE_CURVE('',#660,#661,#532,.T.);
#815=EDGE_CURVE('',#661,#662,#338,.T.);
#816=EDGE_CURVE('',#663,#662,#533,.T.);
#817=EDGE_CURVE('',#660,#663,#339,.T.);
#818=EDGE_CURVE('',#664,#665,#534,.T.);
#819=EDGE_CURVE('',#665,#666,#340,.T.);
#820=EDGE_CURVE('',#667,#666,#535,.T.);
#821=EDGE_CURVE('',#664,#667,#341,.T.);
#822=EDGE_CURVE('',#668,#669,#536,.T.);
#823=EDGE_CURVE('',#669,#670,#342,.T.);
#824=EDGE_CURVE('',#671,#670,#537,.T.);
#825=EDGE_CURVE('',#668,#671,#343,.T.);
#826=EDGE_CURVE('',#672,#672,#538,.T.);
#827=EDGE_CURVE('',#672,#673,#344,.T.);
#828=EDGE_CURVE('',#673,#673,#539,.T.);
#829=EDGE_CURVE('',#674,#675,#540,.T.);
#830=EDGE_CURVE('',#675,#676,#345,.T.);
#831=EDGE_CURVE('',#677,#676,#541,.T.);
#832=EDGE_CURVE('',#674,#677,#346,.T.);
#833=EDGE_CURVE('',#678,#679,#542,.T.);
#834=EDGE_CURVE('',#679,#680,#347,.T.);
#835=EDGE_CURVE('',#681,#680,#543,.T.);
#836=EDGE_CURVE('',#678,#681,#348,.T.);
#837=EDGE_CURVE('',#682,#683,#544,.T.);
#838=EDGE_CURVE('',#682,#684,#349,.T.);
#839=EDGE_CURVE('',#684,#685,#545,.T.);
#840=EDGE_CURVE('',#683,#685,#350,.T.);
#841=EDGE_CURVE('',#686,#686,#546,.T.);
#842=EDGE_CURVE('',#686,#687,#351,.T.);
#843=EDGE_CURVE('',#687,#687,#547,.T.);
#844=EDGE_CURVE('',#688,#688,#548,.T.);
#845=EDGE_CURVE('',#688,#689,#352,.T.);
#846=EDGE_CURVE('',#689,#689,#549,.T.);
#847=EDGE_CURVE('',#690,#690,#550,.T.);
#848=EDGE_CURVE('',#690,#691,#353,.T.);
#849=EDGE_CURVE('',#691,#691,#551,.T.);
#850=EDGE_CURVE('',#692,#692,#552,.T.);
#851=EDGE_CURVE('',#692,#693,#354,.T.);
#852=EDGE_CURVE('',#693,#693,#553,.T.);
#853=EDGE_CURVE('',#694,#695,#554,.T.);
#854=EDGE_CURVE('',#695,#696,#355,.T.);
#855=EDGE_CURVE('',#696,#697,#555,.T.);
#856=EDGE_CURVE('',#697,#682,#356,.T.);
#857=EDGE_CURVE('',#683,#694,#357,.T.);
#858=EDGE_CURVE('',#698,#668,#556,.T.);
#859=EDGE_CURVE('',#699,#698,#557,.T.);
#860=EDGE_CURVE('',#669,#699,#558,.T.);
#861=EDGE_CURVE('',#700,#701,#559,.T.);
#862=EDGE_CURVE('',#665,#700,#560,.T.);
#863=EDGE_CURVE('',#701,#664,#561,.T.);
#864=EDGE_CURVE('',#661,#656,#562,.T.);
#865=EDGE_CURVE('',#657,#660,#563,.T.);
#866=EDGE_CURVE('',#675,#678,#564,.T.);
#867=EDGE_CURVE('',#679,#674,#565,.T.);
#868=EDGE_CURVE('',#702,#703,#566,.T.);
#869=EDGE_CURVE('',#685,#702,#358,.T.);
#870=EDGE_CURVE('',#704,#684,#359,.T.);
#871=EDGE_CURVE('',#705,#704,#567,.T.);
#872=EDGE_CURVE('',#703,#705,#360,.T.);
#873=EDGE_CURVE('',#706,#707,#568,.T.);
#874=EDGE_CURVE('',#707,#671,#569,.T.);
#875=EDGE_CURVE('',#670,#706,#570,.T.);
#876=EDGE_CURVE('',#662,#659,#571,.T.);
#877=EDGE_CURVE('',#658,#663,#572,.T.);
#878=EDGE_CURVE('',#666,#708,#573,.T.);
#879=EDGE_CURVE('',#708,#709,#574,.T.);
#880=EDGE_CURVE('',#709,#667,#575,.T.);
#881=EDGE_CURVE('',#676,#681,#576,.T.);
#882=EDGE_CURVE('',#680,#677,#577,.T.);
#883=EDGE_CURVE('',#695,#703,#361,.T.);
#884=EDGE_CURVE('',#694,#702,#362,.T.);
#885=EDGE_CURVE('',#696,#705,#363,.T.);
#886=EDGE_CURVE('',#697,#704,#364,.T.);
#887=EDGE_CURVE('',#699,#706,#365,.T.);
#888=EDGE_CURVE('',#698,#707,#366,.T.);
#889=EDGE_CURVE('',#700,#708,#367,.T.);
#890=EDGE_CURVE('',#701,#709,#368,.T.);
#891=EDGE_CURVE('',#710,#711,#369,.T.);
#892=EDGE_CURVE('',#712,#710,#370,.T.);
#893=EDGE_CURVE('',#713,#712,#371,.T.);
#894=EDGE_CURVE('',#711,#713,#372,.T.);
#895=EDGE_CURVE('',#711,#714,#373,.T.);
#896=EDGE_CURVE('',#715,#714,#374,.T.);
#897=EDGE_CURVE('',#710,#715,#375,.T.);
#898=EDGE_CURVE('',#713,#716,#376,.T.);
#899=EDGE_CURVE('',#714,#716,#377,.T.);
#900=EDGE_CURVE('',#712,#717,#378,.T.);
#901=EDGE_CURVE('',#716,#717,#379,.T.);
#902=EDGE_CURVE('',#717,#715,#380,.T.);
#903=EDGE_CURVE('',#718,#718,#578,.F.);
#904=EDGE_CURVE('',#718,#719,#381,.T.);
#905=EDGE_CURVE('',#719,#719,#579,.F.);
#906=EDGE_CURVE('',#720,#721,#580,.T.);
#907=EDGE_CURVE('',#722,#720,#382,.T.);
#908=EDGE_CURVE('',#723,#722,#581,.T.);
#909=EDGE_CURVE('',#724,#723,#383,.T.);
#910=EDGE_CURVE('',#725,#724,#582,.T.);
#911=EDGE_CURVE('',#721,#725,#384,.T.);
#912=EDGE_CURVE('',#726,#726,#583,.T.);
#913=EDGE_CURVE('',#727,#728,#584,.T.);
#914=EDGE_CURVE('',#729,#727,#585,.T.);
#915=EDGE_CURVE('',#730,#729,#586,.T.);
#916=EDGE_CURVE('',#728,#730,#587,.T.);
#917=EDGE_CURVE('',#731,#732,#588,.T.);
#918=EDGE_CURVE('',#733,#731,#589,.T.);
#919=EDGE_CURVE('',#734,#733,#590,.T.);
#920=EDGE_CURVE('',#732,#734,#591,.T.);
#921=EDGE_CURVE('',#735,#736,#592,.T.);
#922=EDGE_CURVE('',#737,#735,#593,.T.);
#923=EDGE_CURVE('',#738,#737,#594,.T.);
#924=EDGE_CURVE('',#736,#738,#595,.T.);
#925=EDGE_CURVE('',#739,#739,#596,.T.);
#926=EDGE_CURVE('',#740,#740,#597,.T.);
#927=EDGE_CURVE('',#741,#741,#598,.T.);
#928=EDGE_CURVE('',#742,#743,#599,.T.);
#929=EDGE_CURVE('',#744,#742,#600,.T.);
#930=EDGE_CURVE('',#745,#744,#601,.T.);
#931=EDGE_CURVE('',#743,#745,#602,.T.);
#932=EDGE_CURVE('',#742,#746,#385,.T.);
#933=EDGE_CURVE('',#747,#746,#603,.T.);
#934=EDGE_CURVE('',#744,#747,#386,.T.);
#935=EDGE_CURVE('',#743,#748,#387,.T.);
#936=EDGE_CURVE('',#746,#748,#604,.T.);
#937=EDGE_CURVE('',#736,#749,#388,.T.);
#938=EDGE_CURVE('',#750,#749,#605,.T.);
#939=EDGE_CURVE('',#735,#750,#389,.T.);
#940=EDGE_CURVE('',#738,#751,#390,.T.);
#941=EDGE_CURVE('',#749,#751,#606,.T.);
#942=EDGE_CURVE('',#734,#752,#391,.T.);
#943=EDGE_CURVE('',#753,#752,#607,.T.);
#944=EDGE_CURVE('',#732,#753,#392,.T.);
#945=EDGE_CURVE('',#733,#754,#393,.T.);
#946=EDGE_CURVE('',#752,#754,#608,.T.);
#947=EDGE_CURVE('',#728,#755,#394,.T.);
#948=EDGE_CURVE('',#756,#755,#609,.T.);
#949=EDGE_CURVE('',#727,#756,#395,.T.);
#950=EDGE_CURVE('',#730,#757,#396,.T.);
#951=EDGE_CURVE('',#755,#757,#610,.T.);
#952=EDGE_CURVE('',#721,#758,#397,.T.);
#953=EDGE_CURVE('',#758,#759,#611,.T.);
#954=EDGE_CURVE('',#720,#759,#398,.T.);
#955=EDGE_CURVE('',#725,#760,#399,.T.);
#956=EDGE_CURVE('',#760,#758,#400,.T.);
#957=EDGE_CURVE('',#724,#761,#401,.T.);
#958=EDGE_CURVE('',#761,#760,#612,.T.);
#959=EDGE_CURVE('',#762,#761,#402,.T.);
#960=EDGE_CURVE('',#763,#762,#613,.T.);
#961=EDGE_CURVE('',#759,#763,#403,.T.);
#962=EDGE_CURVE('',#748,#764,#614,.T.);
#963=EDGE_CURVE('',#764,#747,#615,.T.);
#964=EDGE_CURVE('',#765,#765,#616,.T.);
#965=EDGE_CURVE('',#754,#766,#617,.T.);
#966=EDGE_CURVE('',#766,#753,#618,.T.);
#967=EDGE_CURVE('',#767,#767,#619,.T.);
#968=EDGE_CURVE('',#768,#768,#620,.T.);
#969=EDGE_CURVE('',#769,#769,#621,.T.);
#970=EDGE_CURVE('',#770,#770,#622,.T.);
#971=EDGE_CURVE('',#771,#750,#623,.T.);
#972=EDGE_CURVE('',#751,#771,#624,.T.);
#973=EDGE_CURVE('',#772,#756,#625,.T.);
#974=EDGE_CURVE('',#757,#772,#626,.T.);
#975=EDGE_CURVE('',#773,#774,#627,.T.);
#976=EDGE_CURVE('',#774,#773,#628,.T.);
#977=EDGE_CURVE('',#773,#775,#404,.T.);
#978=EDGE_CURVE('',#775,#775,#629,.T.);
#979=EDGE_CURVE('',#776,#776,#630,.T.);
#980=EDGE_CURVE('',#774,#741,#405,.T.);
#981=EDGE_CURVE('',#777,#778,#631,.T.);
#982=EDGE_CURVE('',#778,#777,#632,.T.);
#983=EDGE_CURVE('',#777,#779,#406,.T.);
#984=EDGE_CURVE('',#779,#779,#633,.T.);
#985=EDGE_CURVE('',#780,#780,#634,.T.);
#986=EDGE_CURVE('',#778,#740,#407,.T.);
#987=EDGE_CURVE('',#781,#782,#635,.T.);
#988=EDGE_CURVE('',#782,#781,#636,.T.);
#989=EDGE_CURVE('',#781,#783,#408,.T.);
#990=EDGE_CURVE('',#783,#783,#637,.T.);
#991=EDGE_CURVE('',#784,#784,#638,.T.);
#992=EDGE_CURVE('',#782,#739,#409,.T.);
#993=EDGE_CURVE('',#785,#785,#639,.T.);
#994=EDGE_CURVE('',#737,#771,#410,.T.);
#995=EDGE_CURVE('',#726,#765,#411,.T.);
#996=EDGE_CURVE('',#745,#764,#412,.T.);
#997=EDGE_CURVE('',#780,#767,#413,.T.);
#998=EDGE_CURVE('',#784,#768,#414,.T.);
#999=EDGE_CURVE('',#785,#769,#415,.T.);
#1000=EDGE_CURVE('',#776,#770,#416,.T.);
#1001=EDGE_CURVE('',#722,#763,#417,.T.);
#1002=EDGE_CURVE('',#723,#762,#418,.T.);
#1003=EDGE_CURVE('',#729,#772,#419,.T.);
#1004=EDGE_CURVE('',#731,#766,#420,.T.);
#1005=ORIENTED_EDGE('',*,*,#786,.F.);
#1006=ORIENTED_EDGE('',*,*,#787,.T.);
#1007=ORIENTED_EDGE('',*,*,#788,.T.);
#1008=ORIENTED_EDGE('',*,*,#787,.F.);
#1009=ORIENTED_EDGE('',*,*,#789,.F.);
#1010=ORIENTED_EDGE('',*,*,#790,.T.);
#1011=ORIENTED_EDGE('',*,*,#791,.T.);
#1012=ORIENTED_EDGE('',*,*,#790,.F.);
#1013=ORIENTED_EDGE('',*,*,#792,.F.);
#1014=ORIENTED_EDGE('',*,*,#793,.T.);
#1015=ORIENTED_EDGE('',*,*,#794,.T.);
#1016=ORIENTED_EDGE('',*,*,#793,.F.);
#1017=ORIENTED_EDGE('',*,*,#795,.F.);
#1018=ORIENTED_EDGE('',*,*,#796,.T.);
#1019=ORIENTED_EDGE('',*,*,#797,.T.);
#1020=ORIENTED_EDGE('',*,*,#796,.F.);
#1021=ORIENTED_EDGE('',*,*,#798,.T.);
#1022=ORIENTED_EDGE('',*,*,#799,.T.);
#1023=ORIENTED_EDGE('',*,*,#800,.F.);
#1024=ORIENTED_EDGE('',*,*,#799,.F.);
#1025=ORIENTED_EDGE('',*,*,#801,.T.);
#1026=ORIENTED_EDGE('',*,*,#802,.T.);
#1027=ORIENTED_EDGE('',*,*,#803,.F.);
#1028=ORIENTED_EDGE('',*,*,#802,.F.);
#1029=ORIENTED_EDGE('',*,*,#804,.T.);
#1030=ORIENTED_EDGE('',*,*,#805,.T.);
#1031=ORIENTED_EDGE('',*,*,#806,.F.);
#1032=ORIENTED_EDGE('',*,*,#805,.F.);
#1033=ORIENTED_EDGE('',*,*,#807,.T.);
#1034=ORIENTED_EDGE('',*,*,#808,.T.);
#1035=ORIENTED_EDGE('',*,*,#809,.F.);
#1036=ORIENTED_EDGE('',*,*,#808,.F.);
#1037=ORIENTED_EDGE('',*,*,#810,.T.);
#1038=ORIENTED_EDGE('',*,*,#811,.T.);
#1039=ORIENTED_EDGE('',*,*,#812,.F.);
#1040=ORIENTED_EDGE('',*,*,#813,.F.);
#1041=ORIENTED_EDGE('',*,*,#814,.T.);
#1042=ORIENTED_EDGE('',*,*,#815,.T.);
#1043=ORIENTED_EDGE('',*,*,#816,.F.);
#1044=ORIENTED_EDGE('',*,*,#817,.F.);
#1045=ORIENTED_EDGE('',*,*,#818,.T.);
#1046=ORIENTED_EDGE('',*,*,#819,.T.);
#1047=ORIENTED_EDGE('',*,*,#820,.F.);
#1048=ORIENTED_EDGE('',*,*,#821,.F.);
#1049=ORIENTED_EDGE('',*,*,#822,.T.);
#1050=ORIENTED_EDGE('',*,*,#823,.T.);
#1051=ORIENTED_EDGE('',*,*,#824,.F.);
#1052=ORIENTED_EDGE('',*,*,#825,.F.);
#1053=ORIENTED_EDGE('',*,*,#826,.T.);
#1054=ORIENTED_EDGE('',*,*,#827,.T.);
#1055=ORIENTED_EDGE('',*,*,#828,.F.);
#1056=ORIENTED_EDGE('',*,*,#827,.F.);
#1057=ORIENTED_EDGE('',*,*,#829,.T.);
#1058=ORIENTED_EDGE('',*,*,#830,.T.);
#1059=ORIENTED_EDGE('',*,*,#831,.F.);
#1060=ORIENTED_EDGE('',*,*,#832,.F.);
#1061=ORIENTED_EDGE('',*,*,#833,.T.);
#1062=ORIENTED_EDGE('',*,*,#834,.T.);
#1063=ORIENTED_EDGE('',*,*,#835,.F.);
#1064=ORIENTED_EDGE('',*,*,#836,.F.);
#1065=ORIENTED_EDGE('',*,*,#837,.F.);
#1066=ORIENTED_EDGE('',*,*,#838,.T.);
#1067=ORIENTED_EDGE('',*,*,#839,.T.);
#1068=ORIENTED_EDGE('',*,*,#840,.F.);
#1069=ORIENTED_EDGE('',*,*,#841,.T.);
#1070=ORIENTED_EDGE('',*,*,#842,.T.);
#1071=ORIENTED_EDGE('',*,*,#843,.F.);
#1072=ORIENTED_EDGE('',*,*,#842,.F.);
#1073=ORIENTED_EDGE('',*,*,#844,.T.);
#1074=ORIENTED_EDGE('',*,*,#845,.T.);
#1075=ORIENTED_EDGE('',*,*,#846,.F.);
#1076=ORIENTED_EDGE('',*,*,#845,.F.);
#1077=ORIENTED_EDGE('',*,*,#847,.T.);
#1078=ORIENTED_EDGE('',*,*,#848,.T.);
#1079=ORIENTED_EDGE('',*,*,#849,.F.);
#1080=ORIENTED_EDGE('',*,*,#848,.F.);
#1081=ORIENTED_EDGE('',*,*,#850,.T.);
#1082=ORIENTED_EDGE('',*,*,#851,.T.);
#1083=ORIENTED_EDGE('',*,*,#852,.F.);
#1084=ORIENTED_EDGE('',*,*,#851,.F.);
#1085=ORIENTED_EDGE('',*,*,#853,.T.);
#1086=ORIENTED_EDGE('',*,*,#854,.T.);
#1087=ORIENTED_EDGE('',*,*,#855,.T.);
#1088=ORIENTED_EDGE('',*,*,#856,.T.);
#1089=ORIENTED_EDGE('',*,*,#837,.T.);
#1090=ORIENTED_EDGE('',*,*,#857,.T.);
#1091=ORIENTED_EDGE('',*,*,#826,.F.);
#1092=ORIENTED_EDGE('',*,*,#858,.F.);
#1093=ORIENTED_EDGE('',*,*,#859,.F.);
#1094=ORIENTED_EDGE('',*,*,#860,.F.);
#1095=ORIENTED_EDGE('',*,*,#822,.F.);
#1096=ORIENTED_EDGE('',*,*,#861,.F.);
#1097=ORIENTED_EDGE('',*,*,#862,.F.);
#1098=ORIENTED_EDGE('',*,*,#818,.F.);
#1099=ORIENTED_EDGE('',*,*,#863,.F.);
#1100=ORIENTED_EDGE('',*,*,#864,.F.);
#1101=ORIENTED_EDGE('',*,*,#814,.F.);
#1102=ORIENTED_EDGE('',*,*,#865,.F.);
#1103=ORIENTED_EDGE('',*,*,#810,.F.);
#1104=ORIENTED_EDGE('',*,*,#804,.F.);
#1105=ORIENTED_EDGE('',*,*,#798,.F.);
#1106=ORIENTED_EDGE('',*,*,#791,.F.);
#1107=ORIENTED_EDGE('',*,*,#794,.F.);
#1108=ORIENTED_EDGE('',*,*,#797,.F.);
#1109=ORIENTED_EDGE('',*,*,#788,.F.);
#1110=ORIENTED_EDGE('',*,*,#801,.F.);
#1111=ORIENTED_EDGE('',*,*,#807,.F.);
#1112=ORIENTED_EDGE('',*,*,#833,.F.);
#1113=ORIENTED_EDGE('',*,*,#866,.F.);
#1114=ORIENTED_EDGE('',*,*,#829,.F.);
#1115=ORIENTED_EDGE('',*,*,#867,.F.);
#1116=ORIENTED_EDGE('',*,*,#868,.F.);
#1117=ORIENTED_EDGE('',*,*,#869,.F.);
#1118=ORIENTED_EDGE('',*,*,#839,.F.);
#1119=ORIENTED_EDGE('',*,*,#870,.F.);
#1120=ORIENTED_EDGE('',*,*,#871,.F.);
#1121=ORIENTED_EDGE('',*,*,#872,.F.);
#1122=ORIENTED_EDGE('',*,*,#873,.T.);
#1123=ORIENTED_EDGE('',*,*,#874,.T.);
#1124=ORIENTED_EDGE('',*,*,#824,.T.);
#1125=ORIENTED_EDGE('',*,*,#875,.T.);
#1126=ORIENTED_EDGE('',*,*,#816,.T.);
#1127=ORIENTED_EDGE('',*,*,#876,.T.);
#1128=ORIENTED_EDGE('',*,*,#812,.T.);
#1129=ORIENTED_EDGE('',*,*,#877,.T.);
#1130=ORIENTED_EDGE('',*,*,#852,.T.);
#1131=ORIENTED_EDGE('',*,*,#849,.T.);
#1132=ORIENTED_EDGE('',*,*,#809,.T.);
#1133=ORIENTED_EDGE('',*,*,#806,.T.);
#1134=ORIENTED_EDGE('',*,*,#846,.T.);
#1135=ORIENTED_EDGE('',*,*,#843,.T.);
#1136=ORIENTED_EDGE('',*,*,#803,.T.);
#1137=ORIENTED_EDGE('',*,*,#800,.T.);
#1138=ORIENTED_EDGE('',*,*,#878,.T.);
#1139=ORIENTED_EDGE('',*,*,#879,.T.);
#1140=ORIENTED_EDGE('',*,*,#880,.T.);
#1141=ORIENTED_EDGE('',*,*,#820,.T.);
#1142=ORIENTED_EDGE('',*,*,#828,.T.);
#1143=ORIENTED_EDGE('',*,*,#881,.T.);
#1144=ORIENTED_EDGE('',*,*,#835,.T.);
#1145=ORIENTED_EDGE('',*,*,#882,.T.);
#1146=ORIENTED_EDGE('',*,*,#831,.T.);
#1147=ORIENTED_EDGE('',*,*,#868,.T.);
#1148=ORIENTED_EDGE('',*,*,#883,.F.);
#1149=ORIENTED_EDGE('',*,*,#853,.F.);
#1150=ORIENTED_EDGE('',*,*,#884,.T.);
#1151=ORIENTED_EDGE('',*,*,#872,.T.);
#1152=ORIENTED_EDGE('',*,*,#885,.F.);
#1153=ORIENTED_EDGE('',*,*,#854,.F.);
#1154=ORIENTED_EDGE('',*,*,#883,.T.);
#1155=ORIENTED_EDGE('',*,*,#871,.T.);
#1156=ORIENTED_EDGE('',*,*,#886,.F.);
#1157=ORIENTED_EDGE('',*,*,#855,.F.);
#1158=ORIENTED_EDGE('',*,*,#885,.T.);
#1159=ORIENTED_EDGE('',*,*,#870,.T.);
#1160=ORIENTED_EDGE('',*,*,#838,.F.);
#1161=ORIENTED_EDGE('',*,*,#856,.F.);
#1162=ORIENTED_EDGE('',*,*,#886,.T.);
#1163=ORIENTED_EDGE('',*,*,#869,.T.);
#1164=ORIENTED_EDGE('',*,*,#884,.F.);
#1165=ORIENTED_EDGE('',*,*,#857,.F.);
#1166=ORIENTED_EDGE('',*,*,#840,.T.);
#1167=ORIENTED_EDGE('',*,*,#881,.F.);
#1168=ORIENTED_EDGE('',*,*,#830,.F.);
#1169=ORIENTED_EDGE('',*,*,#866,.T.);
#1170=ORIENTED_EDGE('',*,*,#836,.T.);
#1171=ORIENTED_EDGE('',*,*,#882,.F.);
#1172=ORIENTED_EDGE('',*,*,#834,.F.);
#1173=ORIENTED_EDGE('',*,*,#867,.T.);
#1174=ORIENTED_EDGE('',*,*,#832,.T.);
#1175=ORIENTED_EDGE('',*,*,#873,.F.);
#1176=ORIENTED_EDGE('',*,*,#887,.F.);
#1177=ORIENTED_EDGE('',*,*,#859,.T.);
#1178=ORIENTED_EDGE('',*,*,#888,.T.);
#1179=ORIENTED_EDGE('',*,*,#874,.F.);
#1180=ORIENTED_EDGE('',*,*,#888,.F.);
#1181=ORIENTED_EDGE('',*,*,#858,.T.);
#1182=ORIENTED_EDGE('',*,*,#825,.T.);
#1183=ORIENTED_EDGE('',*,*,#875,.F.);
#1184=ORIENTED_EDGE('',*,*,#823,.F.);
#1185=ORIENTED_EDGE('',*,*,#860,.T.);
#1186=ORIENTED_EDGE('',*,*,#887,.T.);
#1187=ORIENTED_EDGE('',*,*,#878,.F.);
#1188=ORIENTED_EDGE('',*,*,#819,.F.);
#1189=ORIENTED_EDGE('',*,*,#862,.T.);
#1190=ORIENTED_EDGE('',*,*,#889,.T.);
#1191=ORIENTED_EDGE('',*,*,#879,.F.);
#1192=ORIENTED_EDGE('',*,*,#889,.F.);
#1193=ORIENTED_EDGE('',*,*,#861,.T.);
#1194=ORIENTED_EDGE('',*,*,#890,.T.);
#1195=ORIENTED_EDGE('',*,*,#880,.F.);
#1196=ORIENTED_EDGE('',*,*,#890,.F.);
#1197=ORIENTED_EDGE('',*,*,#863,.T.);
#1198=ORIENTED_EDGE('',*,*,#821,.T.);
#1199=ORIENTED_EDGE('',*,*,#876,.F.);
#1200=ORIENTED_EDGE('',*,*,#815,.F.);
#1201=ORIENTED_EDGE('',*,*,#864,.T.);
#1202=ORIENTED_EDGE('',*,*,#813,.T.);
#1203=ORIENTED_EDGE('',*,*,#877,.F.);
#1204=ORIENTED_EDGE('',*,*,#811,.F.);
#1205=ORIENTED_EDGE('',*,*,#865,.T.);
#1206=ORIENTED_EDGE('',*,*,#817,.T.);
#1207=ORIENTED_EDGE('',*,*,#795,.T.);
#1208=ORIENTED_EDGE('',*,*,#841,.F.);
#1209=ORIENTED_EDGE('',*,*,#792,.T.);
#1210=ORIENTED_EDGE('',*,*,#844,.F.);
#1211=ORIENTED_EDGE('',*,*,#789,.T.);
#1212=ORIENTED_EDGE('',*,*,#847,.F.);
#1213=ORIENTED_EDGE('',*,*,#786,.T.);
#1214=ORIENTED_EDGE('',*,*,#850,.F.);
#1215=ORIENTED_EDGE('',*,*,#891,.F.);
#1216=ORIENTED_EDGE('',*,*,#892,.F.);
#1217=ORIENTED_EDGE('',*,*,#893,.F.);
#1218=ORIENTED_EDGE('',*,*,#894,.F.);
#1219=ORIENTED_EDGE('',*,*,#891,.T.);
#1220=ORIENTED_EDGE('',*,*,#895,.T.);
#1221=ORIENTED_EDGE('',*,*,#896,.F.);
#1222=ORIENTED_EDGE('',*,*,#897,.F.);
#1223=ORIENTED_EDGE('',*,*,#894,.T.);
#1224=ORIENTED_EDGE('',*,*,#898,.T.);
#1225=ORIENTED_EDGE('',*,*,#899,.F.);
#1226=ORIENTED_EDGE('',*,*,#895,.F.);
#1227=ORIENTED_EDGE('',*,*,#893,.T.);
#1228=ORIENTED_EDGE('',*,*,#900,.T.);
#1229=ORIENTED_EDGE('',*,*,#901,.F.);
#1230=ORIENTED_EDGE('',*,*,#898,.F.);
#1231=ORIENTED_EDGE('',*,*,#892,.T.);
#1232=ORIENTED_EDGE('',*,*,#897,.T.);
#1233=ORIENTED_EDGE('',*,*,#902,.F.);
#1234=ORIENTED_EDGE('',*,*,#900,.F.);
#1235=ORIENTED_EDGE('',*,*,#903,.T.);
#1236=ORIENTED_EDGE('',*,*,#904,.T.);
#1237=ORIENTED_EDGE('',*,*,#905,.F.);
#1238=ORIENTED_EDGE('',*,*,#904,.F.);
#1239=ORIENTED_EDGE('',*,*,#906,.F.);
#1240=ORIENTED_EDGE('',*,*,#907,.F.);
#1241=ORIENTED_EDGE('',*,*,#908,.F.);
#1242=ORIENTED_EDGE('',*,*,#909,.F.);
#1243=ORIENTED_EDGE('',*,*,#910,.F.);
#1244=ORIENTED_EDGE('',*,*,#911,.F.);
#1245=ORIENTED_EDGE('',*,*,#896,.T.);
#1246=ORIENTED_EDGE('',*,*,#899,.T.);
#1247=ORIENTED_EDGE('',*,*,#901,.T.);
#1248=ORIENTED_EDGE('',*,*,#902,.T.);
#1249=ORIENTED_EDGE('',*,*,#905,.T.);
#1250=ORIENTED_EDGE('',*,*,#912,.F.);
#1251=ORIENTED_EDGE('',*,*,#913,.F.);
#1252=ORIENTED_EDGE('',*,*,#914,.F.);
#1253=ORIENTED_EDGE('',*,*,#915,.F.);
#1254=ORIENTED_EDGE('',*,*,#916,.F.);
#1255=ORIENTED_EDGE('',*,*,#917,.F.);
#1256=ORIENTED_EDGE('',*,*,#918,.F.);
#1257=ORIENTED_EDGE('',*,*,#919,.F.);
#1258=ORIENTED_EDGE('',*,*,#920,.F.);
#1259=ORIENTED_EDGE('',*,*,#921,.F.);
#1260=ORIENTED_EDGE('',*,*,#922,.F.);
#1261=ORIENTED_EDGE('',*,*,#923,.F.);
#1262=ORIENTED_EDGE('',*,*,#924,.F.);
#1263=ORIENTED_EDGE('',*,*,#925,.F.);
#1264=ORIENTED_EDGE('',*,*,#926,.F.);
#1265=ORIENTED_EDGE('',*,*,#927,.F.);
#1266=ORIENTED_EDGE('',*,*,#928,.F.);
#1267=ORIENTED_EDGE('',*,*,#929,.F.);
#1268=ORIENTED_EDGE('',*,*,#930,.F.);
#1269=ORIENTED_EDGE('',*,*,#931,.F.);
#1270=ORIENTED_EDGE('',*,*,#929,.T.);
#1271=ORIENTED_EDGE('',*,*,#932,.T.);
#1272=ORIENTED_EDGE('',*,*,#933,.F.);
#1273=ORIENTED_EDGE('',*,*,#934,.F.);
#1274=ORIENTED_EDGE('',*,*,#928,.T.);
#1275=ORIENTED_EDGE('',*,*,#935,.T.);
#1276=ORIENTED_EDGE('',*,*,#936,.F.);
#1277=ORIENTED_EDGE('',*,*,#932,.F.);
#1278=ORIENTED_EDGE('',*,*,#921,.T.);
#1279=ORIENTED_EDGE('',*,*,#937,.T.);
#1280=ORIENTED_EDGE('',*,*,#938,.F.);
#1281=ORIENTED_EDGE('',*,*,#939,.F.);
#1282=ORIENTED_EDGE('',*,*,#924,.T.);
#1283=ORIENTED_EDGE('',*,*,#940,.T.);
#1284=ORIENTED_EDGE('',*,*,#941,.F.);
#1285=ORIENTED_EDGE('',*,*,#937,.F.);
#1286=ORIENTED_EDGE('',*,*,#920,.T.);
#1287=ORIENTED_EDGE('',*,*,#942,.T.);
#1288=ORIENTED_EDGE('',*,*,#943,.F.);
#1289=ORIENTED_EDGE('',*,*,#944,.F.);
#1290=ORIENTED_EDGE('',*,*,#919,.T.);
#1291=ORIENTED_EDGE('',*,*,#945,.T.);
#1292=ORIENTED_EDGE('',*,*,#946,.F.);
#1293=ORIENTED_EDGE('',*,*,#942,.F.);
#1294=ORIENTED_EDGE('',*,*,#913,.T.);
#1295=ORIENTED_EDGE('',*,*,#947,.T.);
#1296=ORIENTED_EDGE('',*,*,#948,.F.);
#1297=ORIENTED_EDGE('',*,*,#949,.F.);
#1298=ORIENTED_EDGE('',*,*,#916,.T.);
#1299=ORIENTED_EDGE('',*,*,#950,.T.);
#1300=ORIENTED_EDGE('',*,*,#951,.F.);
#1301=ORIENTED_EDGE('',*,*,#947,.F.);
#1302=ORIENTED_EDGE('',*,*,#906,.T.);
#1303=ORIENTED_EDGE('',*,*,#952,.T.);
#1304=ORIENTED_EDGE('',*,*,#953,.T.);
#1305=ORIENTED_EDGE('',*,*,#954,.F.);
#1306=ORIENTED_EDGE('',*,*,#911,.T.);
#1307=ORIENTED_EDGE('',*,*,#955,.T.);
#1308=ORIENTED_EDGE('',*,*,#956,.T.);
#1309=ORIENTED_EDGE('',*,*,#952,.F.);
#1310=ORIENTED_EDGE('',*,*,#910,.T.);
#1311=ORIENTED_EDGE('',*,*,#957,.T.);
#1312=ORIENTED_EDGE('',*,*,#958,.T.);
#1313=ORIENTED_EDGE('',*,*,#955,.F.);
#1314=ORIENTED_EDGE('',*,*,#953,.F.);
#1315=ORIENTED_EDGE('',*,*,#956,.F.);
#1316=ORIENTED_EDGE('',*,*,#958,.F.);
#1317=ORIENTED_EDGE('',*,*,#959,.F.);
#1318=ORIENTED_EDGE('',*,*,#960,.F.);
#1319=ORIENTED_EDGE('',*,*,#961,.F.);
#1320=ORIENTED_EDGE('',*,*,#933,.T.);
#1321=ORIENTED_EDGE('',*,*,#936,.T.);
#1322=ORIENTED_EDGE('',*,*,#962,.T.);
#1323=ORIENTED_EDGE('',*,*,#963,.T.);
#1324=ORIENTED_EDGE('',*,*,#964,.T.);
#1325=ORIENTED_EDGE('',*,*,#965,.T.);
#1326=ORIENTED_EDGE('',*,*,#966,.T.);
#1327=ORIENTED_EDGE('',*,*,#943,.T.);
#1328=ORIENTED_EDGE('',*,*,#946,.T.);
#1329=ORIENTED_EDGE('',*,*,#967,.T.);
#1330=ORIENTED_EDGE('',*,*,#968,.T.);
#1331=ORIENTED_EDGE('',*,*,#969,.T.);
#1332=ORIENTED_EDGE('',*,*,#970,.T.);
#1333=ORIENTED_EDGE('',*,*,#971,.T.);
#1334=ORIENTED_EDGE('',*,*,#938,.T.);
#1335=ORIENTED_EDGE('',*,*,#941,.T.);
#1336=ORIENTED_EDGE('',*,*,#972,.T.);
#1337=ORIENTED_EDGE('',*,*,#973,.T.);
#1338=ORIENTED_EDGE('',*,*,#948,.T.);
#1339=ORIENTED_EDGE('',*,*,#951,.T.);
#1340=ORIENTED_EDGE('',*,*,#974,.T.);
#1341=ORIENTED_EDGE('',*,*,#975,.T.);
#1342=ORIENTED_EDGE('',*,*,#976,.T.);
#1343=ORIENTED_EDGE('',*,*,#977,.T.);
#1344=ORIENTED_EDGE('',*,*,#978,.T.);
#1345=ORIENTED_EDGE('',*,*,#977,.F.);
#1346=ORIENTED_EDGE('',*,*,#978,.F.);
#1347=ORIENTED_EDGE('',*,*,#979,.F.);
#1348=ORIENTED_EDGE('',*,*,#975,.F.);
#1349=ORIENTED_EDGE('',*,*,#976,.F.);
#1350=ORIENTED_EDGE('',*,*,#980,.T.);
#1351=ORIENTED_EDGE('',*,*,#927,.T.);
#1352=ORIENTED_EDGE('',*,*,#980,.F.);
#1353=ORIENTED_EDGE('',*,*,#981,.T.);
#1354=ORIENTED_EDGE('',*,*,#982,.T.);
#1355=ORIENTED_EDGE('',*,*,#983,.T.);
#1356=ORIENTED_EDGE('',*,*,#984,.T.);
#1357=ORIENTED_EDGE('',*,*,#983,.F.);
#1358=ORIENTED_EDGE('',*,*,#984,.F.);
#1359=ORIENTED_EDGE('',*,*,#985,.F.);
#1360=ORIENTED_EDGE('',*,*,#981,.F.);
#1361=ORIENTED_EDGE('',*,*,#982,.F.);
#1362=ORIENTED_EDGE('',*,*,#986,.T.);
#1363=ORIENTED_EDGE('',*,*,#926,.T.);
#1364=ORIENTED_EDGE('',*,*,#986,.F.);
#1365=ORIENTED_EDGE('',*,*,#987,.T.);
#1366=ORIENTED_EDGE('',*,*,#988,.T.);
#1367=ORIENTED_EDGE('',*,*,#989,.T.);
#1368=ORIENTED_EDGE('',*,*,#990,.T.);
#1369=ORIENTED_EDGE('',*,*,#989,.F.);
#1370=ORIENTED_EDGE('',*,*,#990,.F.);
#1371=ORIENTED_EDGE('',*,*,#991,.F.);
#1372=ORIENTED_EDGE('',*,*,#987,.F.);
#1373=ORIENTED_EDGE('',*,*,#988,.F.);
#1374=ORIENTED_EDGE('',*,*,#992,.T.);
#1375=ORIENTED_EDGE('',*,*,#925,.T.);
#1376=ORIENTED_EDGE('',*,*,#992,.F.);
#1377=ORIENTED_EDGE('',*,*,#903,.F.);
#1378=ORIENTED_EDGE('',*,*,#993,.F.);
#1379=ORIENTED_EDGE('',*,*,#922,.T.);
#1380=ORIENTED_EDGE('',*,*,#939,.T.);
#1381=ORIENTED_EDGE('',*,*,#971,.F.);
#1382=ORIENTED_EDGE('',*,*,#994,.F.);
#1383=ORIENTED_EDGE('',*,*,#912,.T.);
#1384=ORIENTED_EDGE('',*,*,#995,.T.);
#1385=ORIENTED_EDGE('',*,*,#964,.F.);
#1386=ORIENTED_EDGE('',*,*,#995,.F.);
#1387=ORIENTED_EDGE('',*,*,#930,.T.);
#1388=ORIENTED_EDGE('',*,*,#934,.T.);
#1389=ORIENTED_EDGE('',*,*,#963,.F.);
#1390=ORIENTED_EDGE('',*,*,#996,.F.);
#1391=ORIENTED_EDGE('',*,*,#985,.T.);
#1392=ORIENTED_EDGE('',*,*,#997,.T.);
#1393=ORIENTED_EDGE('',*,*,#967,.F.);
#1394=ORIENTED_EDGE('',*,*,#997,.F.);
#1395=ORIENTED_EDGE('',*,*,#991,.T.);
#1396=ORIENTED_EDGE('',*,*,#998,.T.);
#1397=ORIENTED_EDGE('',*,*,#968,.F.);
#1398=ORIENTED_EDGE('',*,*,#998,.F.);
#1399=ORIENTED_EDGE('',*,*,#993,.T.);
#1400=ORIENTED_EDGE('',*,*,#999,.T.);
#1401=ORIENTED_EDGE('',*,*,#969,.F.);
#1402=ORIENTED_EDGE('',*,*,#999,.F.);
#1403=ORIENTED_EDGE('',*,*,#979,.T.);
#1404=ORIENTED_EDGE('',*,*,#1000,.T.);
#1405=ORIENTED_EDGE('',*,*,#970,.F.);
#1406=ORIENTED_EDGE('',*,*,#1000,.F.);
#1407=ORIENTED_EDGE('',*,*,#907,.T.);
#1408=ORIENTED_EDGE('',*,*,#954,.T.);
#1409=ORIENTED_EDGE('',*,*,#961,.T.);
#1410=ORIENTED_EDGE('',*,*,#1001,.F.);
#1411=ORIENTED_EDGE('',*,*,#908,.T.);
#1412=ORIENTED_EDGE('',*,*,#1001,.T.);
#1413=ORIENTED_EDGE('',*,*,#960,.T.);
#1414=ORIENTED_EDGE('',*,*,#1002,.F.);
#1415=ORIENTED_EDGE('',*,*,#909,.T.);
#1416=ORIENTED_EDGE('',*,*,#1002,.T.);
#1417=ORIENTED_EDGE('',*,*,#959,.T.);
#1418=ORIENTED_EDGE('',*,*,#957,.F.);
#1419=ORIENTED_EDGE('',*,*,#931,.T.);
#1420=ORIENTED_EDGE('',*,*,#996,.T.);
#1421=ORIENTED_EDGE('',*,*,#962,.F.);
#1422=ORIENTED_EDGE('',*,*,#935,.F.);
#1423=ORIENTED_EDGE('',*,*,#914,.T.);
#1424=ORIENTED_EDGE('',*,*,#949,.T.);
#1425=ORIENTED_EDGE('',*,*,#973,.F.);
#1426=ORIENTED_EDGE('',*,*,#1003,.F.);
#1427=ORIENTED_EDGE('',*,*,#915,.T.);
#1428=ORIENTED_EDGE('',*,*,#1003,.T.);
#1429=ORIENTED_EDGE('',*,*,#974,.F.);
#1430=ORIENTED_EDGE('',*,*,#950,.F.);
#1431=ORIENTED_EDGE('',*,*,#918,.T.);
#1432=ORIENTED_EDGE('',*,*,#1004,.T.);
#1433=ORIENTED_EDGE('',*,*,#965,.F.);
#1434=ORIENTED_EDGE('',*,*,#945,.F.);
#1435=ORIENTED_EDGE('',*,*,#917,.T.);
#1436=ORIENTED_EDGE('',*,*,#944,.T.);
#1437=ORIENTED_EDGE('',*,*,#966,.F.);
#1438=ORIENTED_EDGE('',*,*,#1004,.F.);
#1439=ORIENTED_EDGE('',*,*,#923,.T.);
#1440=ORIENTED_EDGE('',*,*,#994,.T.);
#1441=ORIENTED_EDGE('',*,*,#972,.F.);
#1442=ORIENTED_EDGE('',*,*,#940,.F.);
#1443=CYLINDRICAL_SURFACE('',#1604,5.08);
#1444=CYLINDRICAL_SURFACE('',#1607,5.08);
#1445=CYLINDRICAL_SURFACE('',#1610,5.08);
#1446=CYLINDRICAL_SURFACE('',#1613,5.08);
#1447=CYLINDRICAL_SURFACE('',#1616,4.7244);
#1448=CYLINDRICAL_SURFACE('',#1619,4.7244);
#1449=CYLINDRICAL_SURFACE('',#1622,4.7244);
#1450=CYLINDRICAL_SURFACE('',#1625,4.7244);
#1451=CYLINDRICAL_SURFACE('',#1628,28.071);
#1452=CYLINDRICAL_SURFACE('',#1631,34.929);
#1453=CYLINDRICAL_SURFACE('',#1634,3.42900000000001);
#1454=CYLINDRICAL_SURFACE('',#1637,3.42900000000001);
#1455=CYLINDRICAL_SURFACE('',#1640,18.96364);
#1456=CYLINDRICAL_SURFACE('',#1643,3.42900000000001);
#1457=CYLINDRICAL_SURFACE('',#1646,3.42900000000001);
#1458=CYLINDRICAL_SURFACE('',#1649,51.4985);
#1459=CYLINDRICAL_SURFACE('',#1652,3.175);
#1460=CYLINDRICAL_SURFACE('',#1655,3.175);
#1461=CYLINDRICAL_SURFACE('',#1658,3.175);
#1462=CYLINDRICAL_SURFACE('',#1661,3.175);
#1463=CYLINDRICAL_SURFACE('',#1690,6.35);
#1464=CYLINDRICAL_SURFACE('',#1692,6.35);
#1465=CYLINDRICAL_SURFACE('',#1695,34.929);
#1466=CYLINDRICAL_SURFACE('',#1696,28.071);
#1467=CYLINDRICAL_SURFACE('',#1697,3.42900000000001);
#1468=CYLINDRICAL_SURFACE('',#1698,34.929);
#1469=CYLINDRICAL_SURFACE('',#1699,28.071);
#1470=CYLINDRICAL_SURFACE('',#1700,34.929);
#1471=CYLINDRICAL_SURFACE('',#1701,3.429);
#1472=CYLINDRICAL_SURFACE('',#1702,28.071);
#1473=CYLINDRICAL_SURFACE('',#1703,3.42900000000001);
#1474=CYLINDRICAL_SURFACE('',#1704,3.42900000000001);
#1475=CYLINDRICAL_SURFACE('',#1741,34.929);
#1476=CYLINDRICAL_SURFACE('',#1743,3.42900000000001);
#1477=CYLINDRICAL_SURFACE('',#1745,3.42900000000001);
#1478=CYLINDRICAL_SURFACE('',#1747,28.071);
#1479=CYLINDRICAL_SURFACE('',#1749,28.071);
#1480=CYLINDRICAL_SURFACE('',#1751,3.42900000000001);
#1481=CYLINDRICAL_SURFACE('',#1753,34.929);
#1482=CYLINDRICAL_SURFACE('',#1755,3.42900000000001);
#1483=CYLINDRICAL_SURFACE('',#1757,6.35);
#1484=CYLINDRICAL_SURFACE('',#1760,51.4985);
#1485=CYLINDRICAL_SURFACE('',#1783,5.08);
#1486=CYLINDRICAL_SURFACE('',#1790,5.08);
#1487=CYLINDRICAL_SURFACE('',#1797,5.08);
#1488=CYLINDRICAL_SURFACE('',#1800,34.929);
#1489=CYLINDRICAL_SURFACE('',#1801,18.96364);
#1490=CYLINDRICAL_SURFACE('',#1802,3.42900000000001);
#1491=CYLINDRICAL_SURFACE('',#1803,3.175);
#1492=CYLINDRICAL_SURFACE('',#1804,3.175);
#1493=CYLINDRICAL_SURFACE('',#1805,3.175);
#1494=CYLINDRICAL_SURFACE('',#1806,3.175);
#1495=CYLINDRICAL_SURFACE('',#1808,6.35);
#1496=CYLINDRICAL_SURFACE('',#1810,28.071);
#1497=CYLINDRICAL_SURFACE('',#1811,3.42900000000001);
#1498=CYLINDRICAL_SURFACE('',#1812,28.071);
#1499=CYLINDRICAL_SURFACE('',#1813,34.929);
#1500=CYLINDRICAL_SURFACE('',#1814,3.429);
#1501=CYLINDRICAL_SURFACE('',#1815,3.42900000000001);
#1502=ADVANCED_FACE('',(#103),#1443,.F.);
#1503=ADVANCED_FACE('',(#104),#1444,.F.);
#1504=ADVANCED_FACE('',(#105),#1445,.F.);
#1505=ADVANCED_FACE('',(#106),#1446,.F.);
#1506=ADVANCED_FACE('',(#107),#1447,.F.);
#1507=ADVANCED_FACE('',(#108),#1448,.F.);
#1508=ADVANCED_FACE('',(#109),#1449,.F.);
#1509=ADVANCED_FACE('',(#110),#1450,.F.);
#1510=ADVANCED_FACE('',(#111),#1451,.T.);
#1511=ADVANCED_FACE('',(#112),#1452,.F.);
#1512=ADVANCED_FACE('',(#113),#1453,.F.);
#1513=ADVANCED_FACE('',(#114),#1454,.F.);
#1514=ADVANCED_FACE('',(#115),#1455,.F.);
#1515=ADVANCED_FACE('',(#116),#1456,.F.);
#1516=ADVANCED_FACE('',(#117),#1457,.F.);
#1517=ADVANCED_FACE('',(#118),#1458,.T.);
#1518=ADVANCED_FACE('',(#119),#1459,.F.);
#1519=ADVANCED_FACE('',(#120),#1460,.F.);
#1520=ADVANCED_FACE('',(#121),#1461,.F.);
#1521=ADVANCED_FACE('',(#122),#1462,.F.);
#1522=ADVANCED_FACE('',(#123,#27,#28,#29,#30,#31,#32,#33,#34,#35,#36,#37,
#38,#39),#80,.T.);
#1523=ADVANCED_FACE('',(#124,#40,#41,#42,#43,#44,#45,#46,#47,#48,#49,#50,
#51,#52),#81,.F.);
#1524=ADVANCED_FACE('',(#125),#1463,.T.);
#1525=ADVANCED_FACE('',(#126),#82,.F.);
#1526=ADVANCED_FACE('',(#127),#1464,.T.);
#1527=ADVANCED_FACE('',(#128),#83,.F.);
#1528=ADVANCED_FACE('',(#129),#84,.F.);
#1529=ADVANCED_FACE('',(#130),#1465,.F.);
#1530=ADVANCED_FACE('',(#131),#1466,.T.);
#1531=ADVANCED_FACE('',(#132),#1467,.F.);
#1532=ADVANCED_FACE('',(#133),#1468,.F.);
#1533=ADVANCED_FACE('',(#134),#1469,.T.);
#1534=ADVANCED_FACE('',(#135),#1470,.F.);
#1535=ADVANCED_FACE('',(#136),#1471,.F.);
#1536=ADVANCED_FACE('',(#137),#1472,.T.);
#1537=ADVANCED_FACE('',(#138),#1473,.F.);
#1538=ADVANCED_FACE('',(#139),#1474,.F.);
#1539=ADVANCED_FACE('',(#140,#53),#85,.T.);
#1540=ADVANCED_FACE('',(#141,#54),#86,.T.);
#1541=ADVANCED_FACE('',(#142,#55),#87,.T.);
#1542=ADVANCED_FACE('',(#143,#56),#88,.T.);
#1543=ADVANCED_FACE('',(#144),#89,.F.);
#1544=ADVANCED_FACE('',(#145),#90,.T.);
#1545=ADVANCED_FACE('',(#146),#91,.T.);
#1546=ADVANCED_FACE('',(#147),#92,.T.);
#1547=ADVANCED_FACE('',(#148),#93,.T.);
#1548=ADVANCED_FACE('',(#149),#15,.F.);
#1549=ADVANCED_FACE('',(#150,#57,#58,#59,#60,#61,#62,#63,#64,#65,#66),#94,
 .T.);
#1550=ADVANCED_FACE('',(#151),#1475,.F.);
#1551=ADVANCED_FACE('',(#152),#1476,.F.);
#1552=ADVANCED_FACE('',(#153),#1477,.F.);
#1553=ADVANCED_FACE('',(#154),#1478,.T.);
#1554=ADVANCED_FACE('',(#155),#1479,.T.);
#1555=ADVANCED_FACE('',(#156),#1480,.F.);
#1556=ADVANCED_FACE('',(#157),#1481,.F.);
#1557=ADVANCED_FACE('',(#158),#1482,.F.);
#1558=ADVANCED_FACE('',(#159),#1483,.T.);
#1559=ADVANCED_FACE('',(#160),#95,.F.);
#1560=ADVANCED_FACE('',(#161),#1484,.T.);
#1561=ADVANCED_FACE('',(#162,#67,#68,#69,#70,#71,#72,#73,#74,#75),#96,.F.);
#1562=ADVANCED_FACE('',(#163),#16,.F.);
#1563=ADVANCED_FACE('',(#164,#76),#97,.T.);
#1564=ADVANCED_FACE('',(#165),#1485,.F.);
#1565=ADVANCED_FACE('',(#166),#17,.F.);
#1566=ADVANCED_FACE('',(#167,#77),#98,.T.);
#1567=ADVANCED_FACE('',(#168),#1486,.F.);
#1568=ADVANCED_FACE('',(#169),#18,.F.);
#1569=ADVANCED_FACE('',(#170,#78),#99,.T.);
#1570=ADVANCED_FACE('',(#171),#1487,.F.);
#1571=ADVANCED_FACE('',(#172,#79),#100,.T.);
#1572=ADVANCED_FACE('',(#173),#1488,.F.);
#1573=ADVANCED_FACE('',(#174),#1489,.F.);
#1574=ADVANCED_FACE('',(#175),#1490,.F.);
#1575=ADVANCED_FACE('',(#176),#1491,.F.);
#1576=ADVANCED_FACE('',(#177),#1492,.F.);
#1577=ADVANCED_FACE('',(#178),#1493,.F.);
#1578=ADVANCED_FACE('',(#179),#1494,.F.);
#1579=ADVANCED_FACE('',(#180),#101,.F.);
#1580=ADVANCED_FACE('',(#181),#1495,.T.);
#1581=ADVANCED_FACE('',(#182),#102,.F.);
#1582=ADVANCED_FACE('',(#183),#1496,.T.);
#1583=ADVANCED_FACE('',(#184),#1497,.F.);
#1584=ADVANCED_FACE('',(#185),#1498,.T.);
#1585=ADVANCED_FACE('',(#186),#1499,.F.);
#1586=ADVANCED_FACE('',(#187),#1500,.F.);
#1587=ADVANCED_FACE('',(#188),#1501,.F.);
#1588=CLOSED_SHELL('',(#1502,#1503,#1504,#1505,#1506,#1507,#1508,#1509,
#1510,#1511,#1512,#1513,#1514,#1515,#1516,#1517,#1518,#1519,#1520,#1521,
#1522,#1523,#1524,#1525,#1526,#1527,#1528,#1529,#1530,#1531,#1532,#1533,
#1534,#1535,#1536,#1537,#1538,#1539,#1540,#1541,#1542));
#1589=CLOSED_SHELL('',(#1543,#1544,#1545,#1546,#1547,#1548,#1549,#1550,
#1551,#1552,#1553,#1554,#1555,#1556,#1557,#1558,#1559,#1560,#1561,#1562,
#1563,#1564,#1565,#1566,#1567,#1568,#1569,#1570,#1571,#1572,#1573,#1574,
#1575,#1576,#1577,#1578,#1579,#1580,#1581,#1582,#1583,#1584,#1585,#1586,
#1587));
#1590=DERIVED_UNIT_ELEMENT(#1592,1.);
#1591=DERIVED_UNIT_ELEMENT(#2801,-3.);
#1592=(
MASS_UNIT()
NAMED_UNIT(*)
SI_UNIT(.KILO.,.GRAM.)
);
#1593=DERIVED_UNIT((#1590,#1591));
#1594=MEASURE_REPRESENTATION_ITEM('density measure',
POSITIVE_RATIO_MEASURE(7850.),#1593);
#1595=PROPERTY_DEFINITION_REPRESENTATION(#1600,#1597);
#1596=PROPERTY_DEFINITION_REPRESENTATION(#1601,#1598);
#1597=REPRESENTATION('material name',(#1599),#2798);
#1598=REPRESENTATION('density',(#1594),#2798);
#1599=DESCRIPTIVE_REPRESENTATION_ITEM('Steel','Steel');
#1600=PROPERTY_DEFINITION('material property','material name',#2813);
#1601=PROPERTY_DEFINITION('material property','density of part',#2813);
#1602=AXIS2_PLACEMENT_3D('',#2340,#1817,#1818);
#1603=AXIS2_PLACEMENT_3D('',#2341,#1819,#1820);
#1604=AXIS2_PLACEMENT_3D('',#2342,#1821,#1822);
#1605=AXIS2_PLACEMENT_3D('',#2344,#1823,#1824);
#1606=AXIS2_PLACEMENT_3D('',#2347,#1826,#1827);
#1607=AXIS2_PLACEMENT_3D('',#2348,#1828,#1829);
#1608=AXIS2_PLACEMENT_3D('',#2350,#1830,#1831);
#1609=AXIS2_PLACEMENT_3D('',#2353,#1833,#1834);
#1610=AXIS2_PLACEMENT_3D('',#2354,#1835,#1836);
#1611=AXIS2_PLACEMENT_3D('',#2356,#1837,#1838);
#1612=AXIS2_PLACEMENT_3D('',#2359,#1840,#1841);
#1613=AXIS2_PLACEMENT_3D('',#2360,#1842,#1843);
#1614=AXIS2_PLACEMENT_3D('',#2362,#1844,#1845);
#1615=AXIS2_PLACEMENT_3D('',#2365,#1847,#1848);
#1616=AXIS2_PLACEMENT_3D('',#2366,#1849,#1850);
#1617=AXIS2_PLACEMENT_3D('',#2368,#1851,#1852);
#1618=AXIS2_PLACEMENT_3D('',#2371,#1854,#1855);
#1619=AXIS2_PLACEMENT_3D('',#2372,#1856,#1857);
#1620=AXIS2_PLACEMENT_3D('',#2374,#1858,#1859);
#1621=AXIS2_PLACEMENT_3D('',#2377,#1861,#1862);
#1622=AXIS2_PLACEMENT_3D('',#2378,#1863,#1864);
#1623=AXIS2_PLACEMENT_3D('',#2380,#1865,#1866);
#1624=AXIS2_PLACEMENT_3D('',#2383,#1868,#1869);
#1625=AXIS2_PLACEMENT_3D('',#2384,#1870,#1871);
#1626=AXIS2_PLACEMENT_3D('',#2386,#1872,#1873);
#1627=AXIS2_PLACEMENT_3D('',#2389,#1875,#1876);
#1628=AXIS2_PLACEMENT_3D('',#2390,#1877,#1878);
#1629=AXIS2_PLACEMENT_3D('',#2393,#1879,#1880);
#1630=AXIS2_PLACEMENT_3D('',#2397,#1882,#1883);
#1631=AXIS2_PLACEMENT_3D('',#2399,#1885,#1886);
#1632=AXIS2_PLACEMENT_3D('',#2402,#1887,#1888);
#1633=AXIS2_PLACEMENT_3D('',#2406,#1890,#1891);
#1634=AXIS2_PLACEMENT_3D('',#2408,#1893,#1894);
#1635=AXIS2_PLACEMENT_3D('',#2411,#1895,#1896);
#1636=AXIS2_PLACEMENT_3D('',#2415,#1898,#1899);
#1637=AXIS2_PLACEMENT_3D('',#2417,#1901,#1902);
#1638=AXIS2_PLACEMENT_3D('',#2420,#1903,#1904);
#1639=AXIS2_PLACEMENT_3D('',#2424,#1906,#1907);
#1640=AXIS2_PLACEMENT_3D('',#2426,#1909,#1910);
#1641=AXIS2_PLACEMENT_3D('',#2428,#1911,#1912);
#1642=AXIS2_PLACEMENT_3D('',#2431,#1914,#1915);
#1643=AXIS2_PLACEMENT_3D('',#2432,#1916,#1917);
#1644=AXIS2_PLACEMENT_3D('',#2435,#1918,#1919);
#1645=AXIS2_PLACEMENT_3D('',#2439,#1921,#1922);
#1646=AXIS2_PLACEMENT_3D('',#2441,#1924,#1925);
#1647=AXIS2_PLACEMENT_3D('',#2444,#1926,#1927);
#1648=AXIS2_PLACEMENT_3D('',#2448,#1929,#1930);
#1649=AXIS2_PLACEMENT_3D('',#2450,#1932,#1933);
#1650=AXIS2_PLACEMENT_3D('',#2453,#1934,#1935);
#1651=AXIS2_PLACEMENT_3D('',#2457,#1937,#1938);
#1652=AXIS2_PLACEMENT_3D('',#2459,#1940,#1941);
#1653=AXIS2_PLACEMENT_3D('',#2461,#1942,#1943);
#1654=AXIS2_PLACEMENT_3D('',#2464,#1945,#1946);
#1655=AXIS2_PLACEMENT_3D('',#2465,#1947,#1948);
#1656=AXIS2_PLACEMENT_3D('',#2467,#1949,#1950);
#1657=AXIS2_PLACEMENT_3D('',#2470,#1952,#1953);
#1658=AXIS2_PLACEMENT_3D('',#2471,#1954,#1955);
#1659=AXIS2_PLACEMENT_3D('',#2473,#1956,#1957);
#1660=AXIS2_PLACEMENT_3D('',#2476,#1959,#1960);
#1661=AXIS2_PLACEMENT_3D('',#2477,#1961,#1962);
#1662=AXIS2_PLACEMENT_3D('',#2479,#1963,#1964);
#1663=AXIS2_PLACEMENT_3D('',#2482,#1966,#1967);
#1664=AXIS2_PLACEMENT_3D('',#2483,#1968,#1969);
#1665=AXIS2_PLACEMENT_3D('',#2486,#1970,#1971);
#1666=AXIS2_PLACEMENT_3D('',#2490,#1973,#1974);
#1667=AXIS2_PLACEMENT_3D('',#2494,#1977,#1978);
#1668=AXIS2_PLACEMENT_3D('',#2496,#1979,#1980);
#1669=AXIS2_PLACEMENT_3D('',#2497,#1981,#1982);
#1670=AXIS2_PLACEMENT_3D('',#2500,#1983,#1984);
#1671=AXIS2_PLACEMENT_3D('',#2501,#1985,#1986);
#1672=AXIS2_PLACEMENT_3D('',#2502,#1987,#1988);
#1673=AXIS2_PLACEMENT_3D('',#2503,#1989,#1990);
#1674=AXIS2_PLACEMENT_3D('',#2504,#1991,#1992);
#1675=AXIS2_PLACEMENT_3D('',#2505,#1993,#1994);
#1676=AXIS2_PLACEMENT_3D('',#2506,#1995,#1996);
#1677=AXIS2_PLACEMENT_3D('',#2507,#1997,#1998);
#1678=AXIS2_PLACEMENT_3D('',#2510,#1999,#2000);
#1679=AXIS2_PLACEMENT_3D('',#2515,#2003,#2004);
#1680=AXIS2_PLACEMENT_3D('',#2519,#2006,#2007);
#1681=AXIS2_PLACEMENT_3D('',#2520,#2008,#2009);
#1682=AXIS2_PLACEMENT_3D('',#2521,#2010,#2011);
#1683=AXIS2_PLACEMENT_3D('',#2522,#2012,#2013);
#1684=AXIS2_PLACEMENT_3D('',#2523,#2014,#2015);
#1685=AXIS2_PLACEMENT_3D('',#2525,#2016,#2017);
#1686=AXIS2_PLACEMENT_3D('',#2527,#2018,#2019);
#1687=AXIS2_PLACEMENT_3D('',#2528,#2020,#2021);
#1688=AXIS2_PLACEMENT_3D('',#2529,#2022,#2023);
#1689=AXIS2_PLACEMENT_3D('',#2530,#2024,#2025);
#1690=AXIS2_PLACEMENT_3D('',#2531,#2026,#2027);
#1691=AXIS2_PLACEMENT_3D('',#2534,#2030,#2031);
#1692=AXIS2_PLACEMENT_3D('',#2536,#2033,#2034);
#1693=AXIS2_PLACEMENT_3D('',#2538,#2036,#2037);
#1694=AXIS2_PLACEMENT_3D('',#2539,#2038,#2039);
#1695=AXIS2_PLACEMENT_3D('',#2540,#2040,#2041);
#1696=AXIS2_PLACEMENT_3D('',#2541,#2042,#2043);
#1697=AXIS2_PLACEMENT_3D('',#2542,#2044,#2045);
#1698=AXIS2_PLACEMENT_3D('',#2545,#2048,#2049);
#1699=AXIS2_PLACEMENT_3D('',#2546,#2050,#2051);
#1700=AXIS2_PLACEMENT_3D('',#2547,#2052,#2053);
#1701=AXIS2_PLACEMENT_3D('',#2549,#2055,#2056);
#1702=AXIS2_PLACEMENT_3D('',#2551,#2058,#2059);
#1703=AXIS2_PLACEMENT_3D('',#2552,#2060,#2061);
#1704=AXIS2_PLACEMENT_3D('',#2553,#2062,#2063);
#1705=AXIS2_PLACEMENT_3D('',#2554,#2064,#2065);
#1706=AXIS2_PLACEMENT_3D('',#2555,#2066,#2067);
#1707=AXIS2_PLACEMENT_3D('',#2556,#2068,#2069);
#1708=AXIS2_PLACEMENT_3D('',#2557,#2070,#2071);
#1709=AXIS2_PLACEMENT_3D('',#2558,#2072,#2073);
#1710=AXIS2_PLACEMENT_3D('',#2567,#2078,#2079);
#1711=AXIS2_PLACEMENT_3D('',#2573,#2083,#2084);
#1712=AXIS2_PLACEMENT_3D('',#2577,#2087,#2088);
#1713=AXIS2_PLACEMENT_3D('',#2581,#2091,#2092);
#1714=AXIS2_PLACEMENT_3D('',#2583,#2094,#2095);
#1715=AXIS2_PLACEMENT_3D('',#2585,#2096,#2097);
#1716=AXIS2_PLACEMENT_3D('',#2588,#2099,#2100);
#1717=AXIS2_PLACEMENT_3D('',#2589,#2101,#2102);
#1718=AXIS2_PLACEMENT_3D('',#2592,#2103,#2104);
#1719=AXIS2_PLACEMENT_3D('',#2596,#2106,#2107);
#1720=AXIS2_PLACEMENT_3D('',#2600,#2109,#2110);
#1721=AXIS2_PLACEMENT_3D('',#2603,#2112,#2113);
#1722=AXIS2_PLACEMENT_3D('',#2606,#2114,#2115);
#1723=AXIS2_PLACEMENT_3D('',#2608,#2116,#2117);
#1724=AXIS2_PLACEMENT_3D('',#2610,#2118,#2119);
#1725=AXIS2_PLACEMENT_3D('',#2611,#2120,#2121);
#1726=AXIS2_PLACEMENT_3D('',#2614,#2122,#2123);
#1727=AXIS2_PLACEMENT_3D('',#2616,#2124,#2125);
#1728=AXIS2_PLACEMENT_3D('',#2618,#2126,#2127);
#1729=AXIS2_PLACEMENT_3D('',#2619,#2128,#2129);
#1730=AXIS2_PLACEMENT_3D('',#2622,#2130,#2131);
#1731=AXIS2_PLACEMENT_3D('',#2624,#2132,#2133);
#1732=AXIS2_PLACEMENT_3D('',#2626,#2134,#2135);
#1733=AXIS2_PLACEMENT_3D('',#2627,#2136,#2137);
#1734=AXIS2_PLACEMENT_3D('',#2629,#2138,#2139);
#1735=AXIS2_PLACEMENT_3D('',#2631,#2140,#2141);
#1736=AXIS2_PLACEMENT_3D('',#2633,#2142,#2143);
#1737=AXIS2_PLACEMENT_3D('',#2636,#2144,#2145);
#1738=AXIS2_PLACEMENT_3D('',#2638,#2146,#2147);
#1739=AXIS2_PLACEMENT_3D('',#2640,#2148,#2149);
#1740=AXIS2_PLACEMENT_3D('',#2641,#2150,#2151);
#1741=AXIS2_PLACEMENT_3D('',#2642,#2152,#2153);
#1742=AXIS2_PLACEMENT_3D('',#2646,#2155,#2156);
#1743=AXIS2_PLACEMENT_3D('',#2648,#2158,#2159);
#1744=AXIS2_PLACEMENT_3D('',#2651,#2161,#2162);
#1745=AXIS2_PLACEMENT_3D('',#2652,#2163,#2164);
#1746=AXIS2_PLACEMENT_3D('',#2656,#2166,#2167);
#1747=AXIS2_PLACEMENT_3D('',#2658,#2169,#2170);
#1748=AXIS2_PLACEMENT_3D('',#2661,#2172,#2173);
#1749=AXIS2_PLACEMENT_3D('',#2662,#2174,#2175);
#1750=AXIS2_PLACEMENT_3D('',#2666,#2177,#2178);
#1751=AXIS2_PLACEMENT_3D('',#2668,#2180,#2181);
#1752=AXIS2_PLACEMENT_3D('',#2671,#2183,#2184);
#1753=AXIS2_PLACEMENT_3D('',#2672,#2185,#2186);
#1754=AXIS2_PLACEMENT_3D('',#2676,#2188,#2189);
#1755=AXIS2_PLACEMENT_3D('',#2678,#2191,#2192);
#1756=AXIS2_PLACEMENT_3D('',#2681,#2194,#2195);
#1757=AXIS2_PLACEMENT_3D('',#2682,#2196,#2197);
#1758=AXIS2_PLACEMENT_3D('',#2686,#2199,#2200);
#1759=AXIS2_PLACEMENT_3D('',#2688,#2202,#2203);
#1760=AXIS2_PLACEMENT_3D('',#2692,#2206,#2207);
#1761=AXIS2_PLACEMENT_3D('',#2695,#2209,#2210);
#1762=AXIS2_PLACEMENT_3D('',#2696,#2211,#2212);
#1763=AXIS2_PLACEMENT_3D('',#2700,#2214,#2215);
#1764=AXIS2_PLACEMENT_3D('',#2703,#2217,#2218);
#1765=AXIS2_PLACEMENT_3D('',#2704,#2219,#2220);
#1766=AXIS2_PLACEMENT_3D('',#2706,#2221,#2222);
#1767=AXIS2_PLACEMENT_3D('',#2708,#2223,#2224);
#1768=AXIS2_PLACEMENT_3D('',#2709,#2225,#2226);
#1769=AXIS2_PLACEMENT_3D('',#2711,#2227,#2228);
#1770=AXIS2_PLACEMENT_3D('',#2713,#2229,#2230);
#1771=AXIS2_PLACEMENT_3D('',#2715,#2231,#2232);
#1772=AXIS2_PLACEMENT_3D('',#2717,#2233,#2234);
#1773=AXIS2_PLACEMENT_3D('',#2719,#2235,#2236);
#1774=AXIS2_PLACEMENT_3D('',#2720,#2237,#2238);
#1775=AXIS2_PLACEMENT_3D('',#2722,#2239,#2240);
#1776=AXIS2_PLACEMENT_3D('',#2723,#2241,#2242);
#1777=AXIS2_PLACEMENT_3D('',#2724,#2243,#2244);
#1778=AXIS2_PLACEMENT_3D('',#2727,#2245,#2246);
#1779=AXIS2_PLACEMENT_3D('',#2728,#2247,#2248);
#1780=AXIS2_PLACEMENT_3D('',#2731,#2250,#2251);
#1781=AXIS2_PLACEMENT_3D('',#2732,#2252,#2253);
#1782=AXIS2_PLACEMENT_3D('',#2734,#2254,#2255);
#1783=AXIS2_PLACEMENT_3D('',#2735,#2256,#2257);
#1784=AXIS2_PLACEMENT_3D('',#2737,#2259,#2260);
#1785=AXIS2_PLACEMENT_3D('',#2740,#2261,#2262);
#1786=AXIS2_PLACEMENT_3D('',#2741,#2263,#2264);
#1787=AXIS2_PLACEMENT_3D('',#2744,#2266,#2267);
#1788=AXIS2_PLACEMENT_3D('',#2745,#2268,#2269);
#1789=AXIS2_PLACEMENT_3D('',#2747,#2270,#2271);
#1790=AXIS2_PLACEMENT_3D('',#2748,#2272,#2273);
#1791=AXIS2_PLACEMENT_3D('',#2750,#2275,#2276);
#1792=AXIS2_PLACEMENT_3D('',#2753,#2277,#2278);
#1793=AXIS2_PLACEMENT_3D('',#2754,#2279,#2280);
#1794=AXIS2_PLACEMENT_3D('',#2757,#2282,#2283);
#1795=AXIS2_PLACEMENT_3D('',#2758,#2284,#2285);
#1796=AXIS2_PLACEMENT_3D('',#2760,#2286,#2287);
#1797=AXIS2_PLACEMENT_3D('',#2761,#2288,#2289);
#1798=AXIS2_PLACEMENT_3D('',#2763,#2291,#2292);
#1799=AXIS2_PLACEMENT_3D('',#2765,#2293,#2294);
#1800=AXIS2_PLACEMENT_3D('',#2766,#2295,#2296);
#1801=AXIS2_PLACEMENT_3D('',#2768,#2298,#2299);
#1802=AXIS2_PLACEMENT_3D('',#2770,#2301,#2302);
#1803=AXIS2_PLACEMENT_3D('',#2772,#2304,#2305);
#1804=AXIS2_PLACEMENT_3D('',#2774,#2307,#2308);
#1805=AXIS2_PLACEMENT_3D('',#2776,#2310,#2311);
#1806=AXIS2_PLACEMENT_3D('',#2778,#2313,#2314);
#1807=AXIS2_PLACEMENT_3D('',#2780,#2316,#2317);
#1808=AXIS2_PLACEMENT_3D('',#2782,#2319,#2320);
#1809=AXIS2_PLACEMENT_3D('',#2784,#2322,#2323);
#1810=AXIS2_PLACEMENT_3D('',#2785,#2324,#2325);
#1811=AXIS2_PLACEMENT_3D('',#2786,#2326,#2327);
#1812=AXIS2_PLACEMENT_3D('',#2788,#2329,#2330);
#1813=AXIS2_PLACEMENT_3D('',#2789,#2331,#2332);
#1814=AXIS2_PLACEMENT_3D('',#2791,#2334,#2335);
#1815=AXIS2_PLACEMENT_3D('',#2792,#2336,#2337);
#1816=AXIS2_PLACEMENT_3D('',#2793,#2338,#2339);
#1817=DIRECTION('axis',(0.,0.,1.));
#1818=DIRECTION('refdir',(1.,0.,0.));
#1819=DIRECTION('axis',(0.,0.,1.));
#1820=DIRECTION('refdir',(1.,0.,0.));
#1821=DIRECTION('center_axis',(0.,0.,1.));
#1822=DIRECTION('ref_axis',(1.,0.,0.));
#1823=DIRECTION('center_axis',(0.,0.,1.));
#1824=DIRECTION('ref_axis',(1.,0.,0.));
#1825=DIRECTION('',(0.,0.,1.));
#1826=DIRECTION('center_axis',(0.,0.,1.));
#1827=DIRECTION('ref_axis',(1.,0.,0.));
#1828=DIRECTION('center_axis',(0.,0.,1.));
#1829=DIRECTION('ref_axis',(1.,0.,0.));
#1830=DIRECTION('center_axis',(0.,0.,1.));
#1831=DIRECTION('ref_axis',(1.,0.,0.));
#1832=DIRECTION('',(0.,0.,1.));
#1833=DIRECTION('center_axis',(0.,0.,1.));
#1834=DIRECTION('ref_axis',(1.,0.,0.));
#1835=DIRECTION('center_axis',(0.,0.,1.));
#1836=DIRECTION('ref_axis',(1.,0.,0.));
#1837=DIRECTION('center_axis',(0.,0.,1.));
#1838=DIRECTION('ref_axis',(1.,0.,0.));
#1839=DIRECTION('',(0.,0.,1.));
#1840=DIRECTION('center_axis',(0.,0.,1.));
#1841=DIRECTION('ref_axis',(1.,0.,0.));
#1842=DIRECTION('center_axis',(0.,0.,1.));
#1843=DIRECTION('ref_axis',(1.,0.,0.));
#1844=DIRECTION('center_axis',(0.,0.,1.));
#1845=DIRECTION('ref_axis',(1.,0.,0.));
#1846=DIRECTION('',(0.,0.,1.));
#1847=DIRECTION('center_axis',(0.,0.,1.));
#1848=DIRECTION('ref_axis',(1.,0.,0.));
#1849=DIRECTION('center_axis',(0.,0.,-1.));
#1850=DIRECTION('ref_axis',(-1.,0.,0.));
#1851=DIRECTION('center_axis',(0.,0.,1.));
#1852=DIRECTION('ref_axis',(-1.,0.,0.));
#1853=DIRECTION('',(0.,0.,-1.));
#1854=DIRECTION('center_axis',(0.,0.,1.));
#1855=DIRECTION('ref_axis',(-1.,0.,0.));
#1856=DIRECTION('center_axis',(0.,0.,-1.));
#1857=DIRECTION('ref_axis',(-1.,0.,0.));
#1858=DIRECTION('center_axis',(0.,0.,1.));
#1859=DIRECTION('ref_axis',(-1.,0.,0.));
#1860=DIRECTION('',(0.,0.,-1.));
#1861=DIRECTION('center_axis',(0.,0.,1.));
#1862=DIRECTION('ref_axis',(-1.,0.,0.));
#1863=DIRECTION('center_axis',(0.,0.,-1.));
#1864=DIRECTION('ref_axis',(-1.,0.,0.));
#1865=DIRECTION('center_axis',(0.,0.,1.));
#1866=DIRECTION('ref_axis',(1.,0.,0.));
#1867=DIRECTION('',(0.,0.,-1.));
#1868=DIRECTION('center_axis',(0.,0.,1.));
#1869=DIRECTION('ref_axis',(1.,0.,0.));
#1870=DIRECTION('center_axis',(0.,0.,-1.));
#1871=DIRECTION('ref_axis',(-1.,0.,0.));
#1872=DIRECTION('center_axis',(0.,0.,1.));
#1873=DIRECTION('ref_axis',(1.,0.,0.));
#1874=DIRECTION('',(0.,0.,-1.));
#1875=DIRECTION('center_axis',(0.,0.,1.));
#1876=DIRECTION('ref_axis',(1.,0.,0.));
#1877=DIRECTION('center_axis',(0.,0.,-1.));
#1878=DIRECTION('ref_axis',(-1.,0.,0.));
#1879=DIRECTION('center_axis',(0.,0.,-1.));
#1880=DIRECTION('ref_axis',(1.,0.,0.));
#1881=DIRECTION('',(0.,0.,-1.));
#1882=DIRECTION('center_axis',(0.,0.,-1.));
#1883=DIRECTION('ref_axis',(1.,0.,0.));
#1884=DIRECTION('',(0.,0.,-1.));
#1885=DIRECTION('center_axis',(0.,0.,-1.));
#1886=DIRECTION('ref_axis',(-1.,0.,0.));
#1887=DIRECTION('center_axis',(0.,0.,1.));
#1888=DIRECTION('ref_axis',(1.,0.,0.));
#1889=DIRECTION('',(0.,0.,-1.));
#1890=DIRECTION('center_axis',(0.,0.,1.));
#1891=DIRECTION('ref_axis',(1.,0.,0.));
#1892=DIRECTION('',(0.,0.,-1.));
#1893=DIRECTION('center_axis',(0.,0.,-1.));
#1894=DIRECTION('ref_axis',(-1.,0.,0.));
#1895=DIRECTION('center_axis',(0.,0.,1.));
#1896=DIRECTION('ref_axis',(1.,0.,0.));
#1897=DIRECTION('',(0.,0.,-1.));
#1898=DIRECTION('center_axis',(0.,0.,1.));
#1899=DIRECTION('ref_axis',(1.,0.,0.));
#1900=DIRECTION('',(0.,0.,-1.));
#1901=DIRECTION('center_axis',(0.,0.,-1.));
#1902=DIRECTION('ref_axis',(-1.,0.,0.));
#1903=DIRECTION('center_axis',(0.,0.,1.));
#1904=DIRECTION('ref_axis',(1.,0.,0.));
#1905=DIRECTION('',(0.,0.,-1.));
#1906=DIRECTION('center_axis',(0.,0.,1.));
#1907=DIRECTION('ref_axis',(1.,0.,0.));
#1908=DIRECTION('',(0.,0.,-1.));
#1909=DIRECTION('center_axis',(0.,0.,-1.));
#1910=DIRECTION('ref_axis',(-1.,0.,0.));
#1911=DIRECTION('center_axis',(0.,0.,1.));
#1912=DIRECTION('ref_axis',(1.,0.,0.));
#1913=DIRECTION('',(0.,0.,-1.));
#1914=DIRECTION('center_axis',(0.,0.,1.));
#1915=DIRECTION('ref_axis',(1.,0.,0.));
#1916=DIRECTION('center_axis',(0.,0.,-1.));
#1917=DIRECTION('ref_axis',(-1.,0.,0.));
#1918=DIRECTION('center_axis',(0.,0.,1.));
#1919=DIRECTION('ref_axis',(1.,0.,0.));
#1920=DIRECTION('',(0.,0.,-1.));
#1921=DIRECTION('center_axis',(0.,0.,1.));
#1922=DIRECTION('ref_axis',(1.,0.,0.));
#1923=DIRECTION('',(0.,0.,-1.));
#1924=DIRECTION('center_axis',(0.,0.,-1.));
#1925=DIRECTION('ref_axis',(-1.,0.,0.));
#1926=DIRECTION('center_axis',(0.,0.,1.));
#1927=DIRECTION('ref_axis',(1.,0.,0.));
#1928=DIRECTION('',(0.,0.,-1.));
#1929=DIRECTION('center_axis',(0.,0.,1.));
#1930=DIRECTION('ref_axis',(1.,0.,0.));
#1931=DIRECTION('',(0.,0.,-1.));
#1932=DIRECTION('center_axis',(0.,0.,-1.));
#1933=DIRECTION('ref_axis',(-1.,0.,0.));
#1934=DIRECTION('center_axis',(0.,0.,1.));
#1935=DIRECTION('ref_axis',(1.,0.,0.));
#1936=DIRECTION('',(0.,0.,-1.));
#1937=DIRECTION('center_axis',(0.,0.,1.));
#1938=DIRECTION('ref_axis',(1.,0.,0.));
#1939=DIRECTION('',(0.,0.,-1.));
#1940=DIRECTION('center_axis',(0.,0.,-1.));
#1941=DIRECTION('ref_axis',(-1.,0.,0.));
#1942=DIRECTION('center_axis',(0.,0.,1.));
#1943=DIRECTION('ref_axis',(1.,0.,0.));
#1944=DIRECTION('',(0.,0.,-1.));
#1945=DIRECTION('center_axis',(0.,0.,1.));
#1946=DIRECTION('ref_axis',(-1.,0.,0.));
#1947=DIRECTION('center_axis',(0.,0.,-1.));
#1948=DIRECTION('ref_axis',(-1.,0.,0.));
#1949=DIRECTION('center_axis',(0.,0.,1.));
#1950=DIRECTION('ref_axis',(1.,0.,0.));
#1951=DIRECTION('',(0.,0.,-1.));
#1952=DIRECTION('center_axis',(0.,0.,1.));
#1953=DIRECTION('ref_axis',(-1.,0.,0.));
#1954=DIRECTION('center_axis',(0.,0.,-1.));
#1955=DIRECTION('ref_axis',(-1.,0.,0.));
#1956=DIRECTION('center_axis',(0.,0.,1.));
#1957=DIRECTION('ref_axis',(1.,0.,0.));
#1958=DIRECTION('',(0.,0.,-1.));
#1959=DIRECTION('center_axis',(0.,0.,1.));
#1960=DIRECTION('ref_axis',(1.,0.,0.));
#1961=DIRECTION('center_axis',(0.,0.,-1.));
#1962=DIRECTION('ref_axis',(-1.,0.,0.));
#1963=DIRECTION('center_axis',(0.,0.,1.));
#1964=DIRECTION('ref_axis',(1.,0.,0.));
#1965=DIRECTION('',(0.,0.,-1.));
#1966=DIRECTION('center_axis',(0.,0.,1.));
#1967=DIRECTION('ref_axis',(1.,0.,0.));
#1968=DIRECTION('center_axis',(0.,0.,1.));
#1969=DIRECTION('ref_axis',(1.,0.,0.));
#1970=DIRECTION('center_axis',(0.,0.,1.));
#1971=DIRECTION('ref_axis',(1.,0.,0.));
#1972=DIRECTION('',(0.,1.,0.));
#1973=DIRECTION('center_axis',(0.,0.,1.));
#1974=DIRECTION('ref_axis',(1.,0.,0.));
#1975=DIRECTION('',(-1.,2.12388570935997E-16,0.));
#1976=DIRECTION('',(1.,2.12388570935997E-16,0.));
#1977=DIRECTION('center_axis',(0.,0.,1.));
#1978=DIRECTION('ref_axis',(1.,0.,0.));
#1979=DIRECTION('center_axis',(0.,0.,1.));
#1980=DIRECTION('ref_axis',(1.,0.,0.));
#1981=DIRECTION('center_axis',(0.,0.,-1.));
#1982=DIRECTION('ref_axis',(1.,0.,0.));
#1983=DIRECTION('center_axis',(0.,0.,1.));
#1984=DIRECTION('ref_axis',(1.,0.,0.));
#1985=DIRECTION('center_axis',(0.,0.,1.));
#1986=DIRECTION('ref_axis',(1.,0.,0.));
#1987=DIRECTION('center_axis',(0.,0.,-1.));
#1988=DIRECTION('ref_axis',(1.,0.,0.));
#1989=DIRECTION('center_axis',(0.,0.,1.));
#1990=DIRECTION('ref_axis',(1.,0.,0.));
#1991=DIRECTION('center_axis',(0.,0.,1.));
#1992=DIRECTION('ref_axis',(1.,0.,0.));
#1993=DIRECTION('center_axis',(0.,0.,1.));
#1994=DIRECTION('ref_axis',(1.,0.,0.));
#1995=DIRECTION('center_axis',(0.,0.,-1.));
#1996=DIRECTION('ref_axis',(1.,0.,0.));
#1997=DIRECTION('center_axis',(0.,0.,1.));
#1998=DIRECTION('ref_axis',(1.,0.,0.));
#1999=DIRECTION('center_axis',(0.,0.,1.));
#2000=DIRECTION('ref_axis',(1.,0.,0.));
#2001=DIRECTION('',(1.,2.12388570935997E-16,0.));
#2002=DIRECTION('',(-1.,2.12388570935997E-16,0.));
#2003=DIRECTION('center_axis',(0.,0.,1.));
#2004=DIRECTION('ref_axis',(1.,0.,0.));
#2005=DIRECTION('',(0.,1.,0.));
#2006=DIRECTION('center_axis',(0.,0.,1.));
#2007=DIRECTION('ref_axis',(1.,0.,0.));
#2008=DIRECTION('center_axis',(0.,0.,1.));
#2009=DIRECTION('ref_axis',(1.,0.,0.));
#2010=DIRECTION('center_axis',(0.,0.,-1.));
#2011=DIRECTION('ref_axis',(1.,0.,0.));
#2012=DIRECTION('center_axis',(0.,0.,1.));
#2013=DIRECTION('ref_axis',(1.,0.,0.));
#2014=DIRECTION('center_axis',(0.,0.,1.));
#2015=DIRECTION('ref_axis',(1.,0.,0.));
#2016=DIRECTION('center_axis',(0.,0.,1.));
#2017=DIRECTION('ref_axis',(1.,0.,0.));
#2018=DIRECTION('center_axis',(0.,0.,1.));
#2019=DIRECTION('ref_axis',(1.,0.,0.));
#2020=DIRECTION('center_axis',(0.,0.,-1.));
#2021=DIRECTION('ref_axis',(1.,0.,0.));
#2022=DIRECTION('center_axis',(0.,0.,1.));
#2023=DIRECTION('ref_axis',(1.,0.,0.));
#2024=DIRECTION('center_axis',(0.,0.,-1.));
#2025=DIRECTION('ref_axis',(1.,0.,0.));
#2026=DIRECTION('center_axis',(0.,0.,-1.));
#2027=DIRECTION('ref_axis',(-1.,0.,0.));
#2028=DIRECTION('',(0.,0.,-1.));
#2029=DIRECTION('',(0.,0.,-1.));
#2030=DIRECTION('center_axis',(-1.,0.,0.));
#2031=DIRECTION('ref_axis',(0.,0.,1.));
#2032=DIRECTION('',(0.,0.,-1.));
#2033=DIRECTION('center_axis',(0.,0.,-1.));
#2034=DIRECTION('ref_axis',(-1.,0.,0.));
#2035=DIRECTION('',(0.,0.,-1.));
#2036=DIRECTION('center_axis',(-2.12388570935997E-16,-1.,0.));
#2037=DIRECTION('ref_axis',(1.,-2.12388570935997E-16,0.));
#2038=DIRECTION('center_axis',(-2.12388570935997E-16,1.,0.));
#2039=DIRECTION('ref_axis',(-1.,-2.12388570935997E-16,0.));
#2040=DIRECTION('center_axis',(0.,0.,-1.));
#2041=DIRECTION('ref_axis',(1.,-3.43024899888577E-15,0.));
#2042=DIRECTION('center_axis',(0.,0.,-1.));
#2043=DIRECTION('ref_axis',(1.,-2.9861597890357E-15,0.));
#2044=DIRECTION('center_axis',(0.,0.,-1.));
#2045=DIRECTION('ref_axis',(0.965925826289069,-0.258819045102518,0.));
#2046=DIRECTION('',(0.,0.,-1.));
#2047=DIRECTION('',(0.,0.,-1.));
#2048=DIRECTION('center_axis',(0.,0.,-1.));
#2049=DIRECTION('ref_axis',(-1.,0.,0.));
#2050=DIRECTION('center_axis',(0.,0.,-1.));
#2051=DIRECTION('ref_axis',(-1.,0.,0.));
#2052=DIRECTION('center_axis',(0.,0.,-1.));
#2053=DIRECTION('ref_axis',(-1.,0.,0.));
#2054=DIRECTION('',(0.,0.,-1.));
#2055=DIRECTION('center_axis',(0.,0.,-1.));
#2056=DIRECTION('ref_axis',(0.965925826289071,0.25881904510251,0.));
#2057=DIRECTION('',(0.,0.,-1.));
#2058=DIRECTION('center_axis',(0.,0.,-1.));
#2059=DIRECTION('ref_axis',(-1.,0.,0.));
#2060=DIRECTION('center_axis',(0.,0.,-1.));
#2061=DIRECTION('ref_axis',(0.258819045102508,-0.965925826289072,0.));
#2062=DIRECTION('center_axis',(0.,0.,-1.));
#2063=DIRECTION('ref_axis',(0.258819045102529,0.965925826289066,0.));
#2064=DIRECTION('center_axis',(0.,0.,1.));
#2065=DIRECTION('ref_axis',(1.,0.,0.));
#2066=DIRECTION('center_axis',(0.,0.,1.));
#2067=DIRECTION('ref_axis',(1.,0.,0.));
#2068=DIRECTION('center_axis',(0.,0.,1.));
#2069=DIRECTION('ref_axis',(1.,0.,0.));
#2070=DIRECTION('center_axis',(0.,0.,1.));
#2071=DIRECTION('ref_axis',(1.,0.,0.));
#2072=DIRECTION('center_axis',(0.,0.,-1.));
#2073=DIRECTION('ref_axis',(-1.,0.,0.));
#2074=DIRECTION('',(1.,0.,0.));
#2075=DIRECTION('',(0.,1.,0.));
#2076=DIRECTION('',(-1.,0.,0.));
#2077=DIRECTION('',(0.,-1.,0.));
#2078=DIRECTION('center_axis',(0.,1.,0.));
#2079=DIRECTION('ref_axis',(1.,0.,0.));
#2080=DIRECTION('',(0.,0.,-1.));
#2081=DIRECTION('',(1.,0.,0.));
#2082=DIRECTION('',(0.,0.,-1.));
#2083=DIRECTION('center_axis',(1.,0.,0.));
#2084=DIRECTION('ref_axis',(0.,-1.,0.));
#2085=DIRECTION('',(0.,0.,-1.));
#2086=DIRECTION('',(0.,-1.,0.));
#2087=DIRECTION('center_axis',(0.,-1.,0.));
#2088=DIRECTION('ref_axis',(-1.,0.,0.));
#2089=DIRECTION('',(0.,0.,-1.));
#2090=DIRECTION('',(-1.,0.,0.));
#2091=DIRECTION('center_axis',(-1.,0.,0.));
#2092=DIRECTION('ref_axis',(0.,1.,0.));
#2093=DIRECTION('',(0.,1.,0.));
#2094=DIRECTION('center_axis',(0.,0.,1.));
#2095=DIRECTION('ref_axis',(-1.,0.,0.));
#2096=DIRECTION('center_axis',(0.,0.,1.));
#2097=DIRECTION('ref_axis',(-1.,0.,0.));
#2098=DIRECTION('',(0.707106781186547,-8.65956056235493E-17,0.707106781186548));
#2099=DIRECTION('center_axis',(0.,0.,1.));
#2100=DIRECTION('ref_axis',(-1.,0.,0.));
#2101=DIRECTION('center_axis',(0.,0.,1.));
#2102=DIRECTION('ref_axis',(1.,0.,0.));
#2103=DIRECTION('center_axis',(0.,0.,-1.));
#2104=DIRECTION('ref_axis',(-1.,0.,0.));
#2105=DIRECTION('',(0.,-1.,0.));
#2106=DIRECTION('center_axis',(0.,0.,-1.));
#2107=DIRECTION('ref_axis',(-1.,0.,0.));
#2108=DIRECTION('',(1.,-2.12388570935997E-16,0.));
#2109=DIRECTION('center_axis',(0.,0.,-1.));
#2110=DIRECTION('ref_axis',(-1.,0.,0.));
#2111=DIRECTION('',(-1.,-2.12388570935997E-16,0.));
#2112=DIRECTION('center_axis',(0.,0.,1.));
#2113=DIRECTION('ref_axis',(-1.,0.,0.));
#2114=DIRECTION('center_axis',(0.,0.,1.));
#2115=DIRECTION('ref_axis',(-1.,0.,0.));
#2116=DIRECTION('center_axis',(0.,0.,1.));
#2117=DIRECTION('ref_axis',(-1.,0.,0.));
#2118=DIRECTION('center_axis',(0.,0.,-1.));
#2119=DIRECTION('ref_axis',(-1.,0.,0.));
#2120=DIRECTION('center_axis',(0.,0.,1.));
#2121=DIRECTION('ref_axis',(-1.,0.,0.));
#2122=DIRECTION('center_axis',(0.,0.,1.));
#2123=DIRECTION('ref_axis',(-1.,0.,0.));
#2124=DIRECTION('center_axis',(0.,0.,1.));
#2125=DIRECTION('ref_axis',(-1.,0.,0.));
#2126=DIRECTION('center_axis',(0.,0.,1.));
#2127=DIRECTION('ref_axis',(-1.,0.,0.));
#2128=DIRECTION('center_axis',(0.,0.,-1.));
#2129=DIRECTION('ref_axis',(-1.,0.,0.));
#2130=DIRECTION('center_axis',(0.,0.,1.));
#2131=DIRECTION('ref_axis',(-1.,0.,0.));
#2132=DIRECTION('center_axis',(0.,0.,1.));
#2133=DIRECTION('ref_axis',(-1.,0.,0.));
#2134=DIRECTION('center_axis',(0.,0.,1.));
#2135=DIRECTION('ref_axis',(-1.,0.,0.));
#2136=DIRECTION('center_axis',(0.,0.,-1.));
#2137=DIRECTION('ref_axis',(-1.,0.,0.));
#2138=DIRECTION('center_axis',(0.,0.,1.));
#2139=DIRECTION('ref_axis',(1.,0.,0.));
#2140=DIRECTION('center_axis',(0.,0.,1.));
#2141=DIRECTION('ref_axis',(1.,0.,0.));
#2142=DIRECTION('center_axis',(0.,0.,1.));
#2143=DIRECTION('ref_axis',(1.,0.,0.));
#2144=DIRECTION('center_axis',(0.,0.,1.));
#2145=DIRECTION('ref_axis',(-1.,0.,0.));
#2146=DIRECTION('center_axis',(0.,0.,1.));
#2147=DIRECTION('ref_axis',(-1.,0.,0.));
#2148=DIRECTION('center_axis',(0.,0.,1.));
#2149=DIRECTION('ref_axis',(-1.,0.,0.));
#2150=DIRECTION('center_axis',(0.,0.,-1.));
#2151=DIRECTION('ref_axis',(-1.,0.,0.));
#2152=DIRECTION('center_axis',(0.,0.,-1.));
#2153=DIRECTION('ref_axis',(1.,-3.43024899888577E-15,0.));
#2154=DIRECTION('',(0.,0.,-1.));
#2155=DIRECTION('center_axis',(0.,0.,1.));
#2156=DIRECTION('ref_axis',(1.,0.,0.));
#2157=DIRECTION('',(0.,0.,-1.));
#2158=DIRECTION('center_axis',(0.,0.,-1.));
#2159=DIRECTION('ref_axis',(-1.,0.,0.));
#2160=DIRECTION('',(0.,0.,-1.));
#2161=DIRECTION('center_axis',(0.,0.,1.));
#2162=DIRECTION('ref_axis',(1.,0.,0.));
#2163=DIRECTION('center_axis',(0.,0.,-1.));
#2164=DIRECTION('ref_axis',(0.258819045102508,-0.965925826289072,0.));
#2165=DIRECTION('',(0.,0.,-1.));
#2166=DIRECTION('center_axis',(0.,0.,1.));
#2167=DIRECTION('ref_axis',(1.,0.,0.));
#2168=DIRECTION('',(0.,0.,-1.));
#2169=DIRECTION('center_axis',(0.,0.,-1.));
#2170=DIRECTION('ref_axis',(-1.,0.,0.));
#2171=DIRECTION('',(0.,0.,-1.));
#2172=DIRECTION('center_axis',(0.,0.,-1.));
#2173=DIRECTION('ref_axis',(1.,0.,0.));
#2174=DIRECTION('center_axis',(0.,0.,-1.));
#2175=DIRECTION('ref_axis',(-1.,0.,0.));
#2176=DIRECTION('',(0.,0.,-1.));
#2177=DIRECTION('center_axis',(0.,0.,-1.));
#2178=DIRECTION('ref_axis',(1.,0.,0.));
#2179=DIRECTION('',(0.,0.,-1.));
#2180=DIRECTION('center_axis',(0.,0.,-1.));
#2181=DIRECTION('ref_axis',(-1.,0.,0.));
#2182=DIRECTION('',(0.,0.,-1.));
#2183=DIRECTION('center_axis',(0.,0.,1.));
#2184=DIRECTION('ref_axis',(1.,0.,0.));
#2185=DIRECTION('center_axis',(0.,0.,-1.));
#2186=DIRECTION('ref_axis',(-1.,0.,0.));
#2187=DIRECTION('',(0.,0.,-1.));
#2188=DIRECTION('center_axis',(0.,0.,1.));
#2189=DIRECTION('ref_axis',(1.,0.,0.));
#2190=DIRECTION('',(0.,0.,-1.));
#2191=DIRECTION('center_axis',(0.,0.,-1.));
#2192=DIRECTION('ref_axis',(-1.,0.,0.));
#2193=DIRECTION('',(0.,0.,-1.));
#2194=DIRECTION('center_axis',(0.,0.,1.));
#2195=DIRECTION('ref_axis',(1.,0.,0.));
#2196=DIRECTION('center_axis',(0.,0.,-1.));
#2197=DIRECTION('ref_axis',(-1.,0.,0.));
#2198=DIRECTION('',(0.,0.,-1.));
#2199=DIRECTION('center_axis',(0.,0.,1.));
#2200=DIRECTION('ref_axis',(1.,0.,0.));
#2201=DIRECTION('',(0.,0.,-1.));
#2202=DIRECTION('center_axis',(-2.12388570935997E-16,1.,0.));
#2203=DIRECTION('ref_axis',(-1.,-2.12388570935997E-16,0.));
#2204=DIRECTION('',(0.,0.,-1.));
#2205=DIRECTION('',(1.,2.12388570935997E-16,0.));
#2206=DIRECTION('center_axis',(0.,0.,-1.));
#2207=DIRECTION('ref_axis',(-1.,0.,0.));
#2208=DIRECTION('',(0.,0.,-1.));
#2209=DIRECTION('center_axis',(0.,0.,1.));
#2210=DIRECTION('ref_axis',(1.,0.,0.));
#2211=DIRECTION('center_axis',(0.,0.,1.));
#2212=DIRECTION('ref_axis',(1.,0.,0.));
#2213=DIRECTION('',(-1.,2.12388570935997E-16,0.));
#2214=DIRECTION('center_axis',(0.,0.,1.));
#2215=DIRECTION('ref_axis',(1.,0.,0.));
#2216=DIRECTION('',(0.,1.,0.));
#2217=DIRECTION('center_axis',(0.,0.,-1.));
#2218=DIRECTION('ref_axis',(1.,0.,0.));
#2219=DIRECTION('center_axis',(0.,0.,1.));
#2220=DIRECTION('ref_axis',(1.,0.,0.));
#2221=DIRECTION('center_axis',(0.,0.,1.));
#2222=DIRECTION('ref_axis',(1.,0.,0.));
#2223=DIRECTION('center_axis',(0.,0.,1.));
#2224=DIRECTION('ref_axis',(1.,0.,0.));
#2225=DIRECTION('center_axis',(0.,0.,1.));
#2226=DIRECTION('ref_axis',(1.,0.,0.));
#2227=DIRECTION('center_axis',(0.,0.,1.));
#2228=DIRECTION('ref_axis',(-1.,0.,0.));
#2229=DIRECTION('center_axis',(0.,0.,1.));
#2230=DIRECTION('ref_axis',(-1.,0.,0.));
#2231=DIRECTION('center_axis',(0.,0.,1.));
#2232=DIRECTION('ref_axis',(1.,0.,0.));
#2233=DIRECTION('center_axis',(0.,0.,1.));
#2234=DIRECTION('ref_axis',(1.,0.,0.));
#2235=DIRECTION('center_axis',(0.,0.,1.));
#2236=DIRECTION('ref_axis',(1.,0.,0.));
#2237=DIRECTION('center_axis',(0.,0.,1.));
#2238=DIRECTION('ref_axis',(1.,0.,0.));
#2239=DIRECTION('center_axis',(0.,0.,1.));
#2240=DIRECTION('ref_axis',(1.,0.,0.));
#2241=DIRECTION('center_axis',(0.,0.,-1.));
#2242=DIRECTION('ref_axis',(1.,0.,0.));
#2243=DIRECTION('center_axis',(0.,0.,1.));
#2244=DIRECTION('ref_axis',(-1.,0.,0.));
#2245=DIRECTION('center_axis',(0.,0.,1.));
#2246=DIRECTION('ref_axis',(-1.,0.,0.));
#2247=DIRECTION('center_axis',(0.,0.,1.));
#2248=DIRECTION('ref_axis',(-1.,0.,0.));
#2249=DIRECTION('',(-0.707106781186547,-8.65956056235493E-17,-0.707106781186548));
#2250=DIRECTION('center_axis',(0.,0.,-1.));
#2251=DIRECTION('ref_axis',(-1.,0.,0.));
#2252=DIRECTION('center_axis',(0.,0.,1.));
#2253=DIRECTION('ref_axis',(1.,0.,0.));
#2254=DIRECTION('center_axis',(0.,0.,1.));
#2255=DIRECTION('ref_axis',(-1.,0.,0.));
#2256=DIRECTION('center_axis',(0.,0.,1.));
#2257=DIRECTION('ref_axis',(1.,0.,0.));
#2258=DIRECTION('',(0.,0.,1.));
#2259=DIRECTION('center_axis',(0.,0.,1.));
#2260=DIRECTION('ref_axis',(-1.,0.,0.));
#2261=DIRECTION('center_axis',(0.,0.,1.));
#2262=DIRECTION('ref_axis',(-1.,0.,0.));
#2263=DIRECTION('center_axis',(0.,0.,1.));
#2264=DIRECTION('ref_axis',(-1.,0.,0.));
#2265=DIRECTION('',(-0.707106781186547,-8.65956056235493E-17,-0.707106781186548));
#2266=DIRECTION('center_axis',(0.,0.,-1.));
#2267=DIRECTION('ref_axis',(-1.,0.,0.));
#2268=DIRECTION('center_axis',(0.,0.,1.));
#2269=DIRECTION('ref_axis',(1.,0.,0.));
#2270=DIRECTION('center_axis',(0.,0.,1.));
#2271=DIRECTION('ref_axis',(-1.,0.,0.));
#2272=DIRECTION('center_axis',(0.,0.,1.));
#2273=DIRECTION('ref_axis',(1.,0.,0.));
#2274=DIRECTION('',(0.,0.,1.));
#2275=DIRECTION('center_axis',(0.,0.,1.));
#2276=DIRECTION('ref_axis',(-1.,0.,0.));
#2277=DIRECTION('center_axis',(0.,0.,1.));
#2278=DIRECTION('ref_axis',(-1.,0.,0.));
#2279=DIRECTION('center_axis',(0.,0.,1.));
#2280=DIRECTION('ref_axis',(-1.,0.,0.));
#2281=DIRECTION('',(-0.707106781186547,-8.65956056235493E-17,-0.707106781186548));
#2282=DIRECTION('center_axis',(0.,0.,-1.));
#2283=DIRECTION('ref_axis',(-1.,0.,0.));
#2284=DIRECTION('center_axis',(0.,0.,1.));
#2285=DIRECTION('ref_axis',(1.,0.,0.));
#2286=DIRECTION('center_axis',(0.,0.,1.));
#2287=DIRECTION('ref_axis',(-1.,0.,0.));
#2288=DIRECTION('center_axis',(0.,0.,1.));
#2289=DIRECTION('ref_axis',(1.,0.,0.));
#2290=DIRECTION('',(0.,0.,1.));
#2291=DIRECTION('center_axis',(0.,0.,1.));
#2292=DIRECTION('ref_axis',(1.,0.,0.));
#2293=DIRECTION('center_axis',(0.,0.,1.));
#2294=DIRECTION('ref_axis',(1.,0.,0.));
#2295=DIRECTION('center_axis',(0.,0.,-1.));
#2296=DIRECTION('ref_axis',(-1.,0.,0.));
#2297=DIRECTION('',(0.,0.,-1.));
#2298=DIRECTION('center_axis',(0.,0.,-1.));
#2299=DIRECTION('ref_axis',(-1.,0.,0.));
#2300=DIRECTION('',(0.,0.,-1.));
#2301=DIRECTION('center_axis',(0.,0.,-1.));
#2302=DIRECTION('ref_axis',(-1.,0.,0.));
#2303=DIRECTION('',(0.,0.,-1.));
#2304=DIRECTION('center_axis',(0.,0.,-1.));
#2305=DIRECTION('ref_axis',(-1.,0.,0.));
#2306=DIRECTION('',(0.,0.,-1.));
#2307=DIRECTION('center_axis',(0.,0.,-1.));
#2308=DIRECTION('ref_axis',(-1.,0.,0.));
#2309=DIRECTION('',(0.,0.,-1.));
#2310=DIRECTION('center_axis',(0.,0.,-1.));
#2311=DIRECTION('ref_axis',(-1.,0.,0.));
#2312=DIRECTION('',(0.,0.,-1.));
#2313=DIRECTION('center_axis',(0.,0.,-1.));
#2314=DIRECTION('ref_axis',(-1.,0.,0.));
#2315=DIRECTION('',(0.,0.,-1.));
#2316=DIRECTION('center_axis',(-1.,0.,0.));
#2317=DIRECTION('ref_axis',(0.,0.,1.));
#2318=DIRECTION('',(0.,0.,-1.));
#2319=DIRECTION('center_axis',(0.,0.,-1.));
#2320=DIRECTION('ref_axis',(-1.,0.,0.));
#2321=DIRECTION('',(0.,0.,-1.));
#2322=DIRECTION('center_axis',(-2.12388570935997E-16,-1.,0.));
#2323=DIRECTION('ref_axis',(1.,-2.12388570935997E-16,0.));
#2324=DIRECTION('center_axis',(0.,0.,-1.));
#2325=DIRECTION('ref_axis',(1.,-2.9861597890357E-15,0.));
#2326=DIRECTION('center_axis',(0.,0.,-1.));
#2327=DIRECTION('ref_axis',(0.965925826289069,-0.258819045102518,0.));
#2328=DIRECTION('',(0.,0.,-1.));
#2329=DIRECTION('center_axis',(0.,0.,-1.));
#2330=DIRECTION('ref_axis',(-1.,0.,0.));
#2331=DIRECTION('center_axis',(0.,0.,-1.));
#2332=DIRECTION('ref_axis',(-1.,0.,0.));
#2333=DIRECTION('',(0.,0.,-1.));
#2334=DIRECTION('center_axis',(0.,0.,-1.));
#2335=DIRECTION('ref_axis',(0.965925826289071,0.25881904510251,0.));
#2336=DIRECTION('center_axis',(0.,0.,-1.));
#2337=DIRECTION('ref_axis',(0.258819045102529,0.965925826289066,0.));
#2338=DIRECTION('',(0.,0.,1.));
#2339=DIRECTION('',(1.,0.,0.));
#2340=CARTESIAN_POINT('',(0.,0.,0.));
#2341=CARTESIAN_POINT('',(0.,0.,0.));
#2342=CARTESIAN_POINT('Origin',(30.48,30.48,2.8956));
#2343=CARTESIAN_POINT('',(25.4,30.48,2.8956));
#2344=CARTESIAN_POINT('Origin',(30.48,30.48,2.8956));
#2345=CARTESIAN_POINT('',(25.4,30.48,6.35));
#2346=CARTESIAN_POINT('',(25.4,30.48,2.8956));
#2347=CARTESIAN_POINT('Origin',(30.48,30.48,6.35));
#2348=CARTESIAN_POINT('Origin',(30.48,-30.48,2.8956));
#2349=CARTESIAN_POINT('',(25.4,-30.48,2.8956));
#2350=CARTESIAN_POINT('Origin',(30.48,-30.48,2.8956));
#2351=CARTESIAN_POINT('',(25.4,-30.48,6.35));
#2352=CARTESIAN_POINT('',(25.4,-30.48,2.8956));
#2353=CARTESIAN_POINT('Origin',(30.48,-30.48,6.35));
#2354=CARTESIAN_POINT('Origin',(-30.48,-30.48,2.8956));
#2355=CARTESIAN_POINT('',(-35.56,-30.48,2.8956));
#2356=CARTESIAN_POINT('Origin',(-30.48,-30.48,2.8956));
#2357=CARTESIAN_POINT('',(-35.56,-30.48,6.35));
#2358=CARTESIAN_POINT('',(-35.56,-30.48,2.8956));
#2359=CARTESIAN_POINT('Origin',(-30.48,-30.48,6.35));
#2360=CARTESIAN_POINT('Origin',(-30.48,30.48,2.8956));
#2361=CARTESIAN_POINT('',(-35.56,30.48,2.8956));
#2362=CARTESIAN_POINT('Origin',(-30.48,30.48,2.8956));
#2363=CARTESIAN_POINT('',(-35.56,30.48,6.35));
#2364=CARTESIAN_POINT('',(-35.56,30.48,2.8956));
#2365=CARTESIAN_POINT('Origin',(-30.48,30.48,6.35));
#2366=CARTESIAN_POINT('Origin',(-40.0249521673668,16.002,6.35));
#2367=CARTESIAN_POINT('',(-35.3005521673668,16.002,6.35));
#2368=CARTESIAN_POINT('Origin',(-40.0249521673668,16.002,6.35));
#2369=CARTESIAN_POINT('',(-35.3005521673668,16.002,0.));
#2370=CARTESIAN_POINT('',(-35.3005521673668,16.002,6.35));
#2371=CARTESIAN_POINT('Origin',(-40.0249521673668,16.002,0.));
#2372=CARTESIAN_POINT('Origin',(-40.0249521673668,-16.002,6.35));
#2373=CARTESIAN_POINT('',(-35.3005521673668,-16.002,6.35));
#2374=CARTESIAN_POINT('Origin',(-40.0249521673668,-16.002,6.35));
#2375=CARTESIAN_POINT('',(-35.3005521673668,-16.002,0.));
#2376=CARTESIAN_POINT('',(-35.3005521673668,-16.002,6.35));
#2377=CARTESIAN_POINT('Origin',(-40.0249521673668,-16.002,0.));
#2378=CARTESIAN_POINT('Origin',(40.0249521673668,-16.002,6.35));
#2379=CARTESIAN_POINT('',(44.7493521673668,-16.002,6.35));
#2380=CARTESIAN_POINT('Origin',(40.0249521673668,-16.002,6.35));
#2381=CARTESIAN_POINT('',(44.7493521673668,-16.002,0.));
#2382=CARTESIAN_POINT('',(44.7493521673668,-16.002,6.35));
#2383=CARTESIAN_POINT('Origin',(40.0249521673668,-16.002,0.));
#2384=CARTESIAN_POINT('Origin',(40.0249521673668,16.002,6.35));
#2385=CARTESIAN_POINT('',(44.7493521673668,16.002,6.35));
#2386=CARTESIAN_POINT('Origin',(40.0249521673668,16.002,6.35));
#2387=CARTESIAN_POINT('',(44.7493521673668,16.002,0.));
#2388=CARTESIAN_POINT('',(44.7493521673668,16.002,6.35));
#2389=CARTESIAN_POINT('Origin',(40.0249521673668,16.002,0.));
#2390=CARTESIAN_POINT('Origin',(0.,0.,6.35));
#2391=CARTESIAN_POINT('',(-27.1145038697605,-7.26530941507251,6.35));
#2392=CARTESIAN_POINT('',(-27.1145038697604,7.26530941507306,6.35));
#2393=CARTESIAN_POINT('Origin',(0.,0.,6.35));
#2394=CARTESIAN_POINT('',(-27.1145038697604,7.26530941507306,0.));
#2395=CARTESIAN_POINT('',(-27.1145038697604,7.26530941507306,6.35));
#2396=CARTESIAN_POINT('',(-27.1145038697605,-7.26530941507251,0.));
#2397=CARTESIAN_POINT('Origin',(0.,0.,0.));
#2398=CARTESIAN_POINT('',(-27.1145038697605,-7.26530941507251,6.35));
#2399=CARTESIAN_POINT('Origin',(0.,0.,6.35));
#2400=CARTESIAN_POINT('',(-33.7388231864508,9.04029042638621,6.35));
#2401=CARTESIAN_POINT('',(-33.738823186451,-9.04029042638551,6.35));
#2402=CARTESIAN_POINT('Origin',(0.,0.,6.35));
#2403=CARTESIAN_POINT('',(-33.738823186451,-9.04029042638551,0.));
#2404=CARTESIAN_POINT('',(-33.738823186451,-9.04029042638551,6.35));
#2405=CARTESIAN_POINT('',(-33.7388231864508,9.04029042638621,0.));
#2406=CARTESIAN_POINT('Origin',(0.,0.,0.));
#2407=CARTESIAN_POINT('',(-33.7388231864508,9.04029042638621,6.35));
#2408=CARTESIAN_POINT('Origin',(-8.15279992072954,-30.4266635281056,6.35));
#2409=CARTESIAN_POINT('',(-7.26530941507298,-27.1145038697604,6.35));
#2410=CARTESIAN_POINT('',(-9.0402904263861,-33.7388231864509,6.35));
#2411=CARTESIAN_POINT('Origin',(-8.15279992072954,-30.4266635281056,6.35));
#2412=CARTESIAN_POINT('',(-9.0402904263861,-33.7388231864509,0.));
#2413=CARTESIAN_POINT('',(-9.0402904263861,-33.7388231864509,6.35));
#2414=CARTESIAN_POINT('',(-7.26530941507298,-27.1145038697604,0.));
#2415=CARTESIAN_POINT('Origin',(-8.15279992072954,-30.4266635281056,0.));
#2416=CARTESIAN_POINT('',(-7.26530941507298,-27.1145038697604,6.35));
#2417=CARTESIAN_POINT('Origin',(-8.15279992072933,30.4266635281057,6.35));
#2418=CARTESIAN_POINT('',(-9.04029042638586,33.7388231864509,6.35));
#2419=CARTESIAN_POINT('',(-7.26530941507279,27.1145038697605,6.35));
#2420=CARTESIAN_POINT('Origin',(-8.15279992072933,30.4266635281057,6.35));
#2421=CARTESIAN_POINT('',(-7.26530941507279,27.1145038697605,0.));
#2422=CARTESIAN_POINT('',(-7.26530941507279,27.1145038697605,6.35));
#2423=CARTESIAN_POINT('',(-9.04029042638586,33.7388231864509,0.));
#2424=CARTESIAN_POINT('Origin',(-8.15279992072933,30.4266635281057,0.));
#2425=CARTESIAN_POINT('',(-9.04029042638586,33.7388231864509,6.35));
#2426=CARTESIAN_POINT('Origin',(0.,0.,6.35));
#2427=CARTESIAN_POINT('',(18.96364,-2.32237610261827E-15,6.35));
#2428=CARTESIAN_POINT('Origin',(0.,0.,6.35));
#2429=CARTESIAN_POINT('',(18.96364,-2.32237610261827E-15,0.));
#2430=CARTESIAN_POINT('',(18.96364,-2.32237610261827E-15,6.35));
#2431=CARTESIAN_POINT('Origin',(0.,0.,0.));
#2432=CARTESIAN_POINT('Origin',(30.4266635281056,-8.15279992072943,6.35));
#2433=CARTESIAN_POINT('',(27.1145038697604,-7.26530941507288,6.35));
#2434=CARTESIAN_POINT('',(33.7388231864509,-9.04029042638598,6.35));
#2435=CARTESIAN_POINT('Origin',(30.4266635281056,-8.15279992072943,6.35));
#2436=CARTESIAN_POINT('',(33.7388231864509,-9.04029042638598,0.));
#2437=CARTESIAN_POINT('',(33.7388231864509,-9.04029042638598,6.35));
#2438=CARTESIAN_POINT('',(27.1145038697604,-7.26530941507288,0.));
#2439=CARTESIAN_POINT('Origin',(30.4266635281056,-8.15279992072943,0.));
#2440=CARTESIAN_POINT('',(27.1145038697604,-7.26530941507288,6.35));
#2441=CARTESIAN_POINT('Origin',(30.4266635281057,8.15279992072922,6.35));
#2442=CARTESIAN_POINT('',(33.7388231864509,9.04029042638575,6.35));
#2443=CARTESIAN_POINT('',(27.1145038697605,7.26530941507271,6.35));
#2444=CARTESIAN_POINT('Origin',(30.4266635281057,8.15279992072922,6.35));
#2445=CARTESIAN_POINT('',(27.1145038697605,7.26530941507271,0.));
#2446=CARTESIAN_POINT('',(27.1145038697605,7.26530941507271,6.35));
#2447=CARTESIAN_POINT('',(33.7388231864509,9.04029042638575,0.));
#2448=CARTESIAN_POINT('Origin',(30.4266635281057,8.15279992072922,0.));
#2449=CARTESIAN_POINT('',(33.7388231864509,9.04029042638575,6.35));
#2450=CARTESIAN_POINT('Origin',(0.,0.,6.35));
#2451=CARTESIAN_POINT('',(3.1533736592945E-15,51.4985,6.35));
#2452=CARTESIAN_POINT('',(0.,-51.4985,6.35));
#2453=CARTESIAN_POINT('Origin',(0.,0.,6.35));
#2454=CARTESIAN_POINT('',(3.1533736592945E-15,51.4985,0.));
#2455=CARTESIAN_POINT('',(3.1533736592945E-15,51.4985,6.35));
#2456=CARTESIAN_POINT('',(0.,-51.4985,0.));
#2457=CARTESIAN_POINT('Origin',(0.,0.,0.));
#2458=CARTESIAN_POINT('',(0.,-51.4985,6.35));
#2459=CARTESIAN_POINT('Origin',(-30.48,30.48,6.35));
#2460=CARTESIAN_POINT('',(-27.305,30.48,2.8956));
#2461=CARTESIAN_POINT('Origin',(-30.48,30.48,2.8956));
#2462=CARTESIAN_POINT('',(-27.305,30.48,0.));
#2463=CARTESIAN_POINT('',(-27.305,30.48,6.35));
#2464=CARTESIAN_POINT('Origin',(-30.48,30.48,0.));
#2465=CARTESIAN_POINT('Origin',(-30.48,-30.48,6.35));
#2466=CARTESIAN_POINT('',(-27.305,-30.48,2.8956));
#2467=CARTESIAN_POINT('Origin',(-30.48,-30.48,2.8956));
#2468=CARTESIAN_POINT('',(-27.305,-30.48,0.));
#2469=CARTESIAN_POINT('',(-27.305,-30.48,6.35));
#2470=CARTESIAN_POINT('Origin',(-30.48,-30.48,0.));
#2471=CARTESIAN_POINT('Origin',(30.48,-30.48,6.35));
#2472=CARTESIAN_POINT('',(33.655,-30.48,2.8956));
#2473=CARTESIAN_POINT('Origin',(30.48,-30.48,2.8956));
#2474=CARTESIAN_POINT('',(33.655,-30.48,0.));
#2475=CARTESIAN_POINT('',(33.655,-30.48,6.35));
#2476=CARTESIAN_POINT('Origin',(30.48,-30.48,0.));
#2477=CARTESIAN_POINT('Origin',(30.48,30.48,6.35));
#2478=CARTESIAN_POINT('',(33.655,30.48,2.8956));
#2479=CARTESIAN_POINT('Origin',(30.48,30.48,2.8956));
#2480=CARTESIAN_POINT('',(33.655,30.48,0.));
#2481=CARTESIAN_POINT('',(33.655,30.48,6.35));
#2482=CARTESIAN_POINT('Origin',(30.48,30.48,0.));
#2483=CARTESIAN_POINT('Origin',(65.3415,-45.1485,6.35));
#2484=CARTESIAN_POINT('',(65.3415,-51.4985,6.35));
#2485=CARTESIAN_POINT('',(71.6915,-45.1485,6.35));
#2486=CARTESIAN_POINT('Origin',(65.3415,-45.1485,6.35));
#2487=CARTESIAN_POINT('',(71.6915,45.1485,6.35));
#2488=CARTESIAN_POINT('',(71.6915,45.1485,6.35));
#2489=CARTESIAN_POINT('',(65.3415,51.4985,6.35));
#2490=CARTESIAN_POINT('Origin',(65.3415,45.1485,6.35));
#2491=CARTESIAN_POINT('',(0.,51.4985,6.35));
#2492=CARTESIAN_POINT('',(65.3415,-51.4985,6.35));
#2493=CARTESIAN_POINT('',(9.04029042638586,33.7388231864509,6.35));
#2494=CARTESIAN_POINT('Origin',(0.,0.,6.35));
#2495=CARTESIAN_POINT('',(7.26530941507279,27.1145038697605,6.35));
#2496=CARTESIAN_POINT('Origin',(8.15279992072933,30.4266635281057,6.35));
#2497=CARTESIAN_POINT('Origin',(0.,0.,6.35));
#2498=CARTESIAN_POINT('',(9.04029042638562,-33.738823186451,6.35));
#2499=CARTESIAN_POINT('',(7.26530941507261,-27.1145038697605,6.35));
#2500=CARTESIAN_POINT('Origin',(8.15279992072911,-30.4266635281057,6.35));
#2501=CARTESIAN_POINT('Origin',(0.,0.,6.35));
#2502=CARTESIAN_POINT('Origin',(0.,0.,6.35));
#2503=CARTESIAN_POINT('Origin',(-30.4266635281058,-8.15279992072901,6.35));
#2504=CARTESIAN_POINT('Origin',(-30.4266635281056,8.15279992072964,6.35));
#2505=CARTESIAN_POINT('Origin',(0.,0.,6.35));
#2506=CARTESIAN_POINT('Origin',(0.,0.,6.35));
#2507=CARTESIAN_POINT('Origin',(65.3415,-45.1485,0.));
#2508=CARTESIAN_POINT('',(65.3415,-51.4985,0.));
#2509=CARTESIAN_POINT('',(71.6915,-45.1485,0.));
#2510=CARTESIAN_POINT('Origin',(65.3415,-45.1485,0.));
#2511=CARTESIAN_POINT('',(65.3415,-51.4985,0.));
#2512=CARTESIAN_POINT('',(65.3415,51.4985,0.));
#2513=CARTESIAN_POINT('',(0.,51.4985,0.));
#2514=CARTESIAN_POINT('',(71.6915,45.1485,0.));
#2515=CARTESIAN_POINT('Origin',(65.3415,45.1485,0.));
#2516=CARTESIAN_POINT('',(71.6915,45.1485,0.));
#2517=CARTESIAN_POINT('',(7.26530941507279,27.1145038697605,0.));
#2518=CARTESIAN_POINT('',(9.04029042638586,33.7388231864509,0.));
#2519=CARTESIAN_POINT('Origin',(8.15279992072933,30.4266635281057,0.));
#2520=CARTESIAN_POINT('Origin',(0.,0.,0.));
#2521=CARTESIAN_POINT('Origin',(0.,0.,0.));
#2522=CARTESIAN_POINT('Origin',(-30.4266635281058,-8.15279992072901,0.));
#2523=CARTESIAN_POINT('Origin',(-30.4266635281056,8.15279992072964,0.));
#2524=CARTESIAN_POINT('',(9.04029042638562,-33.738823186451,0.));
#2525=CARTESIAN_POINT('Origin',(0.,0.,0.));
#2526=CARTESIAN_POINT('',(7.26530941507261,-27.1145038697605,0.));
#2527=CARTESIAN_POINT('Origin',(8.15279992072911,-30.4266635281057,0.));
#2528=CARTESIAN_POINT('Origin',(0.,0.,0.));
#2529=CARTESIAN_POINT('Origin',(0.,0.,0.));
#2530=CARTESIAN_POINT('Origin',(0.,0.,0.));
#2531=CARTESIAN_POINT('Origin',(65.3415,-45.1485,6.35));
#2532=CARTESIAN_POINT('',(71.6915,-45.1485,6.35));
#2533=CARTESIAN_POINT('',(65.3415,-51.4985,6.35));
#2534=CARTESIAN_POINT('Origin',(71.6915,45.1485,6.35));
#2535=CARTESIAN_POINT('',(71.6915,45.1485,6.35));
#2536=CARTESIAN_POINT('Origin',(65.3415,45.1485,6.35));
#2537=CARTESIAN_POINT('',(65.3415,51.4985,6.35));
#2538=CARTESIAN_POINT('Origin',(0.,51.4985,6.35));
#2539=CARTESIAN_POINT('Origin',(65.3415,-51.4985,6.35));
#2540=CARTESIAN_POINT('Origin',(0.,0.,6.35));
#2541=CARTESIAN_POINT('Origin',(0.,0.,6.35));
#2542=CARTESIAN_POINT('Origin',(8.15279992072933,30.4266635281057,6.35));
#2543=CARTESIAN_POINT('',(7.26530941507279,27.1145038697605,6.35));
#2544=CARTESIAN_POINT('',(9.04029042638586,33.7388231864509,6.35));
#2545=CARTESIAN_POINT('Origin',(0.,0.,6.35));
#2546=CARTESIAN_POINT('Origin',(0.,0.,6.35));
#2547=CARTESIAN_POINT('Origin',(0.,0.,6.35));
#2548=CARTESIAN_POINT('',(9.04029042638562,-33.738823186451,6.35));
#2549=CARTESIAN_POINT('Origin',(8.15279992072911,-30.4266635281057,6.35));
#2550=CARTESIAN_POINT('',(7.26530941507261,-27.1145038697605,6.35));
#2551=CARTESIAN_POINT('Origin',(0.,0.,6.35));
#2552=CARTESIAN_POINT('Origin',(-30.4266635281058,-8.15279992072901,6.35));
#2553=CARTESIAN_POINT('Origin',(-30.4266635281056,8.15279992072964,6.35));
#2554=CARTESIAN_POINT('Origin',(-30.48,30.48,2.8956));
#2555=CARTESIAN_POINT('Origin',(-30.48,-30.48,2.8956));
#2556=CARTESIAN_POINT('Origin',(30.48,-30.48,2.8956));
#2557=CARTESIAN_POINT('Origin',(30.48,30.48,2.8956));
#2558=CARTESIAN_POINT('Origin',(10.0965,4.44089209850063E-15,7.35));
#2559=CARTESIAN_POINT('',(-16.,-42.75,7.35));
#2560=CARTESIAN_POINT('',(50.,-42.75,7.35));
#2561=CARTESIAN_POINT('',(-20.,-42.75,7.35));
#2562=CARTESIAN_POINT('',(-16.,-47.25,7.35));
#2563=CARTESIAN_POINT('',(-16.,-47.25,7.35));
#2564=CARTESIAN_POINT('',(50.,-47.25,7.35));
#2565=CARTESIAN_POINT('',(20.,-47.25,7.35));
#2566=CARTESIAN_POINT('',(50.,-42.75,7.35));
#2567=CARTESIAN_POINT('Origin',(-20.,-42.75,9.35));
#2568=CARTESIAN_POINT('',(50.,-42.75,4.35));
#2569=CARTESIAN_POINT('',(50.,-42.75,9.35));
#2570=CARTESIAN_POINT('',(-16.,-42.75,4.35));
#2571=CARTESIAN_POINT('',(22.67075,-42.75,4.35));
#2572=CARTESIAN_POINT('',(-16.,-42.75,9.35));
#2573=CARTESIAN_POINT('Origin',(50.,-42.75,9.35));
#2574=CARTESIAN_POINT('',(50.,-47.25,4.35));
#2575=CARTESIAN_POINT('',(50.,-47.25,9.35));
#2576=CARTESIAN_POINT('',(50.,-43.94925,4.35));
#2577=CARTESIAN_POINT('Origin',(20.,-47.25,9.35));
#2578=CARTESIAN_POINT('',(-16.,-47.25,4.35));
#2579=CARTESIAN_POINT('',(-16.,-47.25,9.35));
#2580=CARTESIAN_POINT('',(42.67075,-47.25,4.35));
#2581=CARTESIAN_POINT('Origin',(-16.,-47.25,9.35));
#2582=CARTESIAN_POINT('',(-16.,-46.19925,4.35));
#2583=CARTESIAN_POINT('Origin',(30.48,-30.48,1.8456));
#2584=CARTESIAN_POINT('',(35.66,-30.48,2.8956));
#2585=CARTESIAN_POINT('Origin',(30.48,-30.48,2.8956));
#2586=CARTESIAN_POINT('',(37.1144,-30.48,4.35));
#2587=CARTESIAN_POINT('',(34.61,-30.48,1.8456));
#2588=CARTESIAN_POINT('Origin',(30.48,-30.48,4.35));
#2589=CARTESIAN_POINT('Origin',(65.3415,-45.1485,4.35));
#2590=CARTESIAN_POINT('',(71.6915,-45.1485,4.35));
#2591=CARTESIAN_POINT('',(65.3415,-51.4985,4.35));
#2592=CARTESIAN_POINT('Origin',(65.3415,-45.1485,4.35));
#2593=CARTESIAN_POINT('',(71.6915,45.1485,4.35));
#2594=CARTESIAN_POINT('',(71.6915,0.,4.35));
#2595=CARTESIAN_POINT('',(65.3415,51.4985,4.35));
#2596=CARTESIAN_POINT('Origin',(65.3415,45.1485,4.35));
#2597=CARTESIAN_POINT('',(0.,51.4985,4.35));
#2598=CARTESIAN_POINT('',(32.67075,51.4985,4.35));
#2599=CARTESIAN_POINT('',(0.,-51.4985,4.35));
#2600=CARTESIAN_POINT('Origin',(0.,0.,4.35));
#2601=CARTESIAN_POINT('',(65.3415,-51.4985,4.35));
#2602=CARTESIAN_POINT('',(18.96364,-2.32237610261827E-15,4.35));
#2603=CARTESIAN_POINT('Origin',(0.,0.,4.35));
#2604=CARTESIAN_POINT('',(9.04029042638586,33.7388231864509,4.35));
#2605=CARTESIAN_POINT('',(-9.04029042638586,33.7388231864509,4.35));
#2606=CARTESIAN_POINT('Origin',(0.,0.,4.35));
#2607=CARTESIAN_POINT('',(7.26530941507279,27.1145038697605,4.35));
#2608=CARTESIAN_POINT('Origin',(8.15279992072933,30.4266635281057,4.35));
#2609=CARTESIAN_POINT('',(-7.26530941507279,27.1145038697605,4.35));
#2610=CARTESIAN_POINT('Origin',(0.,0.,4.35));
#2611=CARTESIAN_POINT('Origin',(-8.15279992072933,30.4266635281057,4.35));
#2612=CARTESIAN_POINT('',(9.04029042638562,-33.738823186451,4.35));
#2613=CARTESIAN_POINT('',(7.26530941507261,-27.1145038697605,4.35));
#2614=CARTESIAN_POINT('Origin',(8.15279992072911,-30.4266635281057,4.35));
#2615=CARTESIAN_POINT('',(-9.0402904263861,-33.7388231864509,4.35));
#2616=CARTESIAN_POINT('Origin',(0.,0.,4.35));
#2617=CARTESIAN_POINT('',(-7.26530941507298,-27.1145038697604,4.35));
#2618=CARTESIAN_POINT('Origin',(-8.15279992072954,-30.4266635281056,4.35));
#2619=CARTESIAN_POINT('Origin',(0.,0.,4.35));
#2620=CARTESIAN_POINT('',(-33.738823186451,-9.04029042638552,4.35));
#2621=CARTESIAN_POINT('',(-27.1145038697605,-7.26530941507251,4.35));
#2622=CARTESIAN_POINT('Origin',(-30.4266635281058,-8.15279992072901,4.35));
#2623=CARTESIAN_POINT('',(-33.7388231864508,9.04029042638621,4.35));
#2624=CARTESIAN_POINT('Origin',(0.,0.,4.35));
#2625=CARTESIAN_POINT('',(-27.1145038697604,7.26530941507306,4.35));
#2626=CARTESIAN_POINT('Origin',(-30.4266635281056,8.15279992072964,4.35));
#2627=CARTESIAN_POINT('Origin',(0.,0.,4.35));
#2628=CARTESIAN_POINT('',(-35.56,-30.48,4.35));
#2629=CARTESIAN_POINT('Origin',(-30.48,-30.48,4.35));
#2630=CARTESIAN_POINT('',(-35.56,30.48,4.35));
#2631=CARTESIAN_POINT('Origin',(-30.48,30.48,4.35));
#2632=CARTESIAN_POINT('',(25.4,30.48,4.35));
#2633=CARTESIAN_POINT('Origin',(30.48,30.48,4.35));
#2634=CARTESIAN_POINT('',(33.7388231864509,9.04029042638575,4.35));
#2635=CARTESIAN_POINT('',(27.1145038697605,7.26530941507271,4.35));
#2636=CARTESIAN_POINT('Origin',(30.4266635281057,8.15279992072922,4.35));
#2637=CARTESIAN_POINT('',(33.7388231864509,-9.04029042638598,4.35));
#2638=CARTESIAN_POINT('Origin',(0.,0.,4.35));
#2639=CARTESIAN_POINT('',(27.1145038697604,-7.26530941507288,4.35));
#2640=CARTESIAN_POINT('Origin',(30.4266635281056,-8.15279992072943,4.35));
#2641=CARTESIAN_POINT('Origin',(0.,0.,4.35));
#2642=CARTESIAN_POINT('Origin',(0.,0.,6.35));
#2643=CARTESIAN_POINT('',(33.7388231864509,9.04029042638575,0.));
#2644=CARTESIAN_POINT('',(33.7388231864509,9.04029042638575,6.35));
#2645=CARTESIAN_POINT('',(33.7388231864509,-9.04029042638598,0.));
#2646=CARTESIAN_POINT('Origin',(0.,0.,0.));
#2647=CARTESIAN_POINT('',(33.7388231864509,-9.04029042638598,6.35));
#2648=CARTESIAN_POINT('Origin',(30.4266635281057,8.15279992072922,6.35));
#2649=CARTESIAN_POINT('',(27.1145038697605,7.26530941507271,0.));
#2650=CARTESIAN_POINT('',(27.1145038697605,7.26530941507271,6.35));
#2651=CARTESIAN_POINT('Origin',(30.4266635281057,8.15279992072922,0.));
#2652=CARTESIAN_POINT('Origin',(-30.4266635281058,-8.15279992072901,6.35));
#2653=CARTESIAN_POINT('',(-27.1145038697605,-7.26530941507251,0.));
#2654=CARTESIAN_POINT('',(-27.1145038697605,-7.26530941507251,6.35));
#2655=CARTESIAN_POINT('',(-33.738823186451,-9.04029042638551,0.));
#2656=CARTESIAN_POINT('Origin',(-30.4266635281058,-8.15279992072901,0.));
#2657=CARTESIAN_POINT('',(-33.738823186451,-9.04029042638551,6.35));
#2658=CARTESIAN_POINT('Origin',(0.,0.,6.35));
#2659=CARTESIAN_POINT('',(-27.1145038697604,7.26530941507306,0.));
#2660=CARTESIAN_POINT('',(-27.1145038697604,7.26530941507306,6.35));
#2661=CARTESIAN_POINT('Origin',(0.,0.,0.));
#2662=CARTESIAN_POINT('Origin',(0.,0.,6.35));
#2663=CARTESIAN_POINT('',(-7.26530941507298,-27.1145038697604,0.));
#2664=CARTESIAN_POINT('',(-7.26530941507298,-27.1145038697604,6.35));
#2665=CARTESIAN_POINT('',(7.26530941507261,-27.1145038697605,0.));
#2666=CARTESIAN_POINT('Origin',(0.,0.,0.));
#2667=CARTESIAN_POINT('',(7.26530941507261,-27.1145038697605,6.35));
#2668=CARTESIAN_POINT('Origin',(-8.15279992072954,-30.4266635281056,6.35));
#2669=CARTESIAN_POINT('',(-9.0402904263861,-33.7388231864509,0.));
#2670=CARTESIAN_POINT('',(-9.0402904263861,-33.7388231864509,6.35));
#2671=CARTESIAN_POINT('Origin',(-8.15279992072954,-30.4266635281056,0.));
#2672=CARTESIAN_POINT('Origin',(0.,0.,6.35));
#2673=CARTESIAN_POINT('',(-9.04029042638586,33.7388231864509,0.));
#2674=CARTESIAN_POINT('',(-9.04029042638586,33.7388231864509,6.35));
#2675=CARTESIAN_POINT('',(9.04029042638586,33.7388231864509,0.));
#2676=CARTESIAN_POINT('Origin',(0.,0.,0.));
#2677=CARTESIAN_POINT('',(9.04029042638586,33.7388231864509,6.35));
#2678=CARTESIAN_POINT('Origin',(-8.15279992072933,30.4266635281057,6.35));
#2679=CARTESIAN_POINT('',(-7.26530941507279,27.1145038697605,0.));
#2680=CARTESIAN_POINT('',(-7.26530941507279,27.1145038697605,6.35));
#2681=CARTESIAN_POINT('Origin',(-8.15279992072933,30.4266635281057,0.));
#2682=CARTESIAN_POINT('Origin',(65.3415,-45.1485,6.35));
#2683=CARTESIAN_POINT('',(65.3415,-51.4985,0.));
#2684=CARTESIAN_POINT('',(65.3415,-51.4985,6.35));
#2685=CARTESIAN_POINT('',(71.6915,-45.1485,0.));
#2686=CARTESIAN_POINT('Origin',(65.3415,-45.1485,0.));
#2687=CARTESIAN_POINT('',(71.6915,-45.1485,6.35));
#2688=CARTESIAN_POINT('Origin',(65.3415,-51.4985,6.35));
#2689=CARTESIAN_POINT('',(0.,-51.4985,0.));
#2690=CARTESIAN_POINT('',(0.,-51.4985,6.35));
#2691=CARTESIAN_POINT('',(65.3415,-51.4985,0.));
#2692=CARTESIAN_POINT('Origin',(0.,0.,6.35));
#2693=CARTESIAN_POINT('',(3.1533736592945E-15,51.4985,0.));
#2694=CARTESIAN_POINT('',(3.1533736592945E-15,51.4985,6.35));
#2695=CARTESIAN_POINT('Origin',(0.,0.,0.));
#2696=CARTESIAN_POINT('Origin',(65.3415,-45.1485,0.));
#2697=CARTESIAN_POINT('',(65.3415,51.4985,0.));
#2698=CARTESIAN_POINT('',(0.,51.4985,0.));
#2699=CARTESIAN_POINT('',(71.6915,45.1485,0.));
#2700=CARTESIAN_POINT('Origin',(65.3415,45.1485,0.));
#2701=CARTESIAN_POINT('',(71.6915,45.1485,0.));
#2702=CARTESIAN_POINT('',(27.1145038697604,-7.26530941507288,0.));
#2703=CARTESIAN_POINT('Origin',(0.,0.,0.));
#2704=CARTESIAN_POINT('Origin',(30.4266635281056,-8.15279992072943,0.));
#2705=CARTESIAN_POINT('',(18.96364,-2.32237610261827E-15,0.));
#2706=CARTESIAN_POINT('Origin',(0.,0.,0.));
#2707=CARTESIAN_POINT('',(9.04029042638562,-33.738823186451,0.));
#2708=CARTESIAN_POINT('Origin',(0.,0.,0.));
#2709=CARTESIAN_POINT('Origin',(8.15279992072911,-30.4266635281057,0.));
#2710=CARTESIAN_POINT('',(-27.305,30.48,0.));
#2711=CARTESIAN_POINT('Origin',(-30.48,30.48,0.));
#2712=CARTESIAN_POINT('',(-27.305,-30.48,0.));
#2713=CARTESIAN_POINT('Origin',(-30.48,-30.48,0.));
#2714=CARTESIAN_POINT('',(33.655,-30.48,0.));
#2715=CARTESIAN_POINT('Origin',(30.48,-30.48,0.));
#2716=CARTESIAN_POINT('',(33.655,30.48,0.));
#2717=CARTESIAN_POINT('Origin',(30.48,30.48,0.));
#2718=CARTESIAN_POINT('',(-33.7388231864508,9.04029042638621,0.));
#2719=CARTESIAN_POINT('Origin',(0.,0.,0.));
#2720=CARTESIAN_POINT('Origin',(-30.4266635281056,8.15279992072964,0.));
#2721=CARTESIAN_POINT('',(7.26530941507279,27.1145038697605,0.));
#2722=CARTESIAN_POINT('Origin',(8.15279992072933,30.4266635281057,0.));
#2723=CARTESIAN_POINT('Origin',(0.,0.,0.));
#2724=CARTESIAN_POINT('Origin',(30.48,30.48,2.3456));
#2725=CARTESIAN_POINT('',(35.56,30.48,3.2956));
#2726=CARTESIAN_POINT('',(25.4,30.48,3.2956));
#2727=CARTESIAN_POINT('Origin',(30.48,30.48,3.2956));
#2728=CARTESIAN_POINT('Origin',(30.48,30.48,3.2956));
#2729=CARTESIAN_POINT('',(33.66,30.48,1.3956));
#2730=CARTESIAN_POINT('',(34.61,30.48,2.3456));
#2731=CARTESIAN_POINT('Origin',(30.48,30.48,1.3956));
#2732=CARTESIAN_POINT('Origin',(30.48,30.48,1.3956));
#2733=CARTESIAN_POINT('',(33.655,30.48,1.3956));
#2734=CARTESIAN_POINT('Origin',(30.48,30.48,1.3956));
#2735=CARTESIAN_POINT('Origin',(30.48,30.48,2.8956));
#2736=CARTESIAN_POINT('',(25.4,30.48,2.8956));
#2737=CARTESIAN_POINT('Origin',(-30.48,30.48,2.3456));
#2738=CARTESIAN_POINT('',(-25.4,30.48,3.2956));
#2739=CARTESIAN_POINT('',(-35.56,30.48,3.2956));
#2740=CARTESIAN_POINT('Origin',(-30.48,30.48,3.2956));
#2741=CARTESIAN_POINT('Origin',(-30.48,30.48,3.2956));
#2742=CARTESIAN_POINT('',(-27.3,30.48,1.3956));
#2743=CARTESIAN_POINT('',(-26.35,30.48,2.3456));
#2744=CARTESIAN_POINT('Origin',(-30.48,30.48,1.3956));
#2745=CARTESIAN_POINT('Origin',(-30.48,30.48,1.3956));
#2746=CARTESIAN_POINT('',(-27.305,30.48,1.3956));
#2747=CARTESIAN_POINT('Origin',(-30.48,30.48,1.3956));
#2748=CARTESIAN_POINT('Origin',(-30.48,30.48,2.8956));
#2749=CARTESIAN_POINT('',(-35.56,30.48,2.8956));
#2750=CARTESIAN_POINT('Origin',(-30.48,-30.48,2.3456));
#2751=CARTESIAN_POINT('',(-25.4,-30.48,3.2956));
#2752=CARTESIAN_POINT('',(-35.56,-30.48,3.2956));
#2753=CARTESIAN_POINT('Origin',(-30.48,-30.48,3.2956));
#2754=CARTESIAN_POINT('Origin',(-30.48,-30.48,3.2956));
#2755=CARTESIAN_POINT('',(-27.3,-30.48,1.3956));
#2756=CARTESIAN_POINT('',(-26.35,-30.48,2.3456));
#2757=CARTESIAN_POINT('Origin',(-30.48,-30.48,1.3956));
#2758=CARTESIAN_POINT('Origin',(-30.48,-30.48,1.3956));
#2759=CARTESIAN_POINT('',(-27.305,-30.48,1.3956));
#2760=CARTESIAN_POINT('Origin',(-30.48,-30.48,1.3956));
#2761=CARTESIAN_POINT('Origin',(-30.48,-30.48,2.8956));
#2762=CARTESIAN_POINT('',(-35.56,-30.48,2.8956));
#2763=CARTESIAN_POINT('Origin',(30.48,-30.48,2.8956));
#2764=CARTESIAN_POINT('',(33.655,-30.48,2.8956));
#2765=CARTESIAN_POINT('Origin',(30.48,-30.48,2.8956));
#2766=CARTESIAN_POINT('Origin',(0.,0.,6.35));
#2767=CARTESIAN_POINT('',(-33.7388231864508,9.04029042638621,6.35));
#2768=CARTESIAN_POINT('Origin',(0.,0.,6.35));
#2769=CARTESIAN_POINT('',(18.96364,-2.32237610261827E-15,6.35));
#2770=CARTESIAN_POINT('Origin',(30.4266635281056,-8.15279992072943,6.35));
#2771=CARTESIAN_POINT('',(27.1145038697604,-7.26530941507288,6.35));
#2772=CARTESIAN_POINT('Origin',(-30.48,30.48,6.35));
#2773=CARTESIAN_POINT('',(-27.305,30.48,6.35));
#2774=CARTESIAN_POINT('Origin',(-30.48,-30.48,6.35));
#2775=CARTESIAN_POINT('',(-27.305,-30.48,6.35));
#2776=CARTESIAN_POINT('Origin',(30.48,-30.48,6.35));
#2777=CARTESIAN_POINT('',(33.655,-30.48,6.35));
#2778=CARTESIAN_POINT('Origin',(30.48,30.48,6.35));
#2779=CARTESIAN_POINT('',(33.655,30.48,6.35));
#2780=CARTESIAN_POINT('Origin',(71.6915,45.1485,6.35));
#2781=CARTESIAN_POINT('',(71.6915,45.1485,6.35));
#2782=CARTESIAN_POINT('Origin',(65.3415,45.1485,6.35));
#2783=CARTESIAN_POINT('',(65.3415,51.4985,6.35));
#2784=CARTESIAN_POINT('Origin',(0.,51.4985,6.35));
#2785=CARTESIAN_POINT('Origin',(0.,0.,6.35));
#2786=CARTESIAN_POINT('Origin',(8.15279992072933,30.4266635281057,6.35));
#2787=CARTESIAN_POINT('',(7.26530941507279,27.1145038697605,6.35));
#2788=CARTESIAN_POINT('Origin',(0.,0.,6.35));
#2789=CARTESIAN_POINT('Origin',(0.,0.,6.35));
#2790=CARTESIAN_POINT('',(9.04029042638562,-33.738823186451,6.35));
#2791=CARTESIAN_POINT('Origin',(8.15279992072911,-30.4266635281057,6.35));
#2792=CARTESIAN_POINT('Origin',(-30.4266635281056,8.15279992072964,6.35));
#2793=CARTESIAN_POINT('',(0.,0.,0.));
#2794=UNCERTAINTY_MEASURE_WITH_UNIT(LENGTH_MEASURE(0.01),#2800,
'DISTANCE_ACCURACY_VALUE',
'Maximum model space distance between geometric entities at asserted c
onnectivities');
#2795=UNCERTAINTY_MEASURE_WITH_UNIT(LENGTH_MEASURE(0.01),#2800,
'DISTANCE_ACCURACY_VALUE',
'Maximum model space distance between geometric entities at asserted c
onnectivities');
#2796=UNCERTAINTY_MEASURE_WITH_UNIT(LENGTH_MEASURE(0.01),#2800,
'DISTANCE_ACCURACY_VALUE',
'Maximum model space distance between geometric entities at asserted c
onnectivities');
#2797=(
GEOMETRIC_REPRESENTATION_CONTEXT(3)
GLOBAL_UNCERTAINTY_ASSIGNED_CONTEXT((#2794))
GLOBAL_UNIT_ASSIGNED_CONTEXT((#2800,#2802,#2803))
REPRESENTATION_CONTEXT('','3D')
);
#2798=(
GEOMETRIC_REPRESENTATION_CONTEXT(3)
GLOBAL_UNCERTAINTY_ASSIGNED_CONTEXT((#2795))
GLOBAL_UNIT_ASSIGNED_CONTEXT((#2800,#2802,#2803))
REPRESENTATION_CONTEXT('','3D')
);
#2799=(
GEOMETRIC_REPRESENTATION_CONTEXT(3)
GLOBAL_UNCERTAINTY_ASSIGNED_CONTEXT((#2796))
GLOBAL_UNIT_ASSIGNED_CONTEXT((#2800,#2802,#2803))
REPRESENTATION_CONTEXT('','3D')
);
#2800=(
LENGTH_UNIT()
NAMED_UNIT(*)
SI_UNIT(.MILLI.,.METRE.)
);
#2801=(
LENGTH_UNIT()
NAMED_UNIT(*)
SI_UNIT($,.METRE.)
);
#2802=(
NAMED_UNIT(*)
PLANE_ANGLE_UNIT()
SI_UNIT($,.RADIAN.)
);
#2803=(
NAMED_UNIT(*)
SI_UNIT($,.STERADIAN.)
SOLID_ANGLE_UNIT()
);
#2804=SHAPE_DEFINITION_REPRESENTATION(#2806,#2809);
#2805=SHAPE_DEFINITION_REPRESENTATION(#2807,#2810);
#2806=PRODUCT_DEFINITION_SHAPE('',$,#2812);
#2807=PRODUCT_DEFINITION_SHAPE('',$,#2813);
#2808=PRODUCT_DEFINITION_SHAPE($,$,#14);
#2809=SHAPE_REPRESENTATION('',(#1602,#1816),#2797);
#2810=SHAPE_REPRESENTATION('',(#1603),#2798);
#2811=PRODUCT_DEFINITION_CONTEXT('part definition',#2819,'design');
#2812=PRODUCT_DEFINITION('dewalt_router_sled_cookie_sheet_divider',
'dewalt_router_sled_cookie_sheet_divider v2',#2814,#2811);
#2813=PRODUCT_DEFINITION('Dewalt Router DWP611 Base Plate (1)',
'Dewalt Router DWP611 Base Plate (1) v1',#2815,#2811);
#2814=PRODUCT_DEFINITION_FORMATION('',$,#2821);
#2815=PRODUCT_DEFINITION_FORMATION('',$,#2822);
#2816=PRODUCT_RELATED_PRODUCT_CATEGORY(
'dewalt_router_sled_cookie_sheet_divider v2',
'dewalt_router_sled_cookie_sheet_divider v2',(#2821));
#2817=PRODUCT_RELATED_PRODUCT_CATEGORY(
'Dewalt Router DWP611 Base Plate (1) v1',
'Dewalt Router DWP611 Base Plate (1) v1',(#2822));
#2818=APPLICATION_PROTOCOL_DEFINITION('international standard',
'automotive_design',2009,#2819);
#2819=APPLICATION_CONTEXT(
'Core Data for Automotive Mechanical Design Process');
#2820=PRODUCT_CONTEXT('part definition',#2819,'mechanical');
#2821=PRODUCT('dewalt_router_sled_cookie_sheet_divider',
'dewalt_router_sled_cookie_sheet_divider v2',$,(#2820));
#2822=PRODUCT('Dewalt Router DWP611 Base Plate (1)',
'Dewalt Router DWP611 Base Plate (1) v1',$,(#2820));
#2823=PRESENTATION_STYLE_ASSIGNMENT((#2825));
#2824=PRESENTATION_STYLE_ASSIGNMENT((#2826));
#2825=SURFACE_STYLE_USAGE(.BOTH.,#2827);
#2826=SURFACE_STYLE_USAGE(.BOTH.,#2828);
#2827=SURFACE_SIDE_STYLE('',(#2829));
#2828=SURFACE_SIDE_STYLE('',(#2830));
#2829=SURFACE_STYLE_FILL_AREA(#2831);
#2830=SURFACE_STYLE_FILL_AREA(#2832);
#2831=FILL_AREA_STYLE('Opaque(202,209,238)',(#2833));
#2832=FILL_AREA_STYLE('Plastic - Matte (Gray)',(#2834));
#2833=FILL_AREA_STYLE_COLOUR('Opaque(202,209,238)',#2835);
#2834=FILL_AREA_STYLE_COLOUR('Plastic - Matte (Gray)',#2836);
#2835=COLOUR_RGB('Opaque(202,209,238)',0.792156862745098,0.819607843137255,
0.933333333333333);
#2836=COLOUR_RGB('Plastic - Matte (Gray)',0.701960784313725,0.701960784313725,
0.701960784313725);
ENDSEC;
END-ISO-10303-21;
