ISO-10303-21;
HEADER;
/* Generated by software containing ST-Developer
 * from STEP Tools, Inc. (www.steptools.com) 
 */

FILE_DESCRIPTION(
/* description */ (''),
/* implementation_level */ '2;1');

FILE_NAME(
/* name */ 'bruh_schlage_bowery_child_proof_door_knob.step',
/* time_stamp */ '2023-09-19T00:01:52-04:00',
/* author */ (''),
/* organization */ (''),
/* preprocessor_version */ 'ST-DEVELOPER v20',
/* originating_system */ 'Autodesk Translation Framework v12.9.0.99',
/* authorisation */ '');

FILE_SCHEMA (('AUTOMOTIVE_DESIGN { 1 0 10303 214 3 1 1 }'));
ENDSEC;

DATA;
#10=MECHANICAL_DESIGN_GEOMETRIC_PRESENTATION_REPRESENTATION('',(#13),#2502);
#11=SHAPE_REPRESENTATION_RELATIONSHIP('SRR','None',#2509,#12);
#12=ADVANCED_BREP_SHAPE_REPRESENTATION('',(#14),#2501);
#13=STYLED_ITEM('',(#2519),#14);
#14=MANIFOLD_SOLID_BREP('knob_final',#650);
#15=FACE_BOUND('',#154,.T.);
#16=(
BOUNDED_SURFACE()
B_SPLINE_SURFACE(1,2,((#1707,#1708,#1709,#1710,#1711,#1712,#1713,#1714,
#1715),(#1716,#1717,#1718,#1719,#1720,#1721,#1722,#1723,#1724)),
 .UNSPECIFIED.,.F.,.T.,.F.)
B_SPLINE_SURFACE_WITH_KNOTS((2,2),(3,2,2,2,3),(6.47266909358088,6.83404290163365),
(-3.14159265358979,-1.5707963267949,0.,1.5707963267949,3.14159265358979),
 .UNSPECIFIED.)
GEOMETRIC_REPRESENTATION_ITEM()
RATIONAL_B_SPLINE_SURFACE(((1.,0.707106781186548,1.,0.707106781186548,1.,
0.707106781186548,1.,0.707106781186548,1.),(1.,0.707106781186548,1.,0.707106781186548,
1.,0.707106781186548,1.,0.707106781186548,1.)))
REPRESENTATION_ITEM('')
SURFACE()
);
#17=(
BOUNDED_SURFACE()
B_SPLINE_SURFACE(1,2,((#1932,#1933,#1934,#1935,#1936,#1937,#1938,#1939,
#1940),(#1941,#1942,#1943,#1944,#1945,#1946,#1947,#1948,#1949)),
 .UNSPECIFIED.,.F.,.T.,.F.)
B_SPLINE_SURFACE_WITH_KNOTS((2,2),(3,2,2,2,3),(2.79929043169969,3.16066423975245),
(-3.14159265358979,-1.5707963267949,0.,1.5707963267949,3.14159265358979),
 .UNSPECIFIED.)
GEOMETRIC_REPRESENTATION_ITEM()
RATIONAL_B_SPLINE_SURFACE(((1.,0.707106781186548,1.,0.707106781186548,1.,
0.707106781186548,1.,0.707106781186548,1.),(1.,0.707106781186548,1.,0.707106781186548,
1.,0.707106781186548,1.,0.707106781186548,1.)))
REPRESENTATION_ITEM('')
SURFACE()
);
#18=CONICAL_SURFACE('',#694,24.75,1.19028994968253);
#19=CONICAL_SURFACE('',#707,21.75,1.13838855122436);
#20=TOROIDAL_SURFACE('',#677,15.1,3.5);
#21=TOROIDAL_SURFACE('',#687,19.85,5.);
#22=TOROIDAL_SURFACE('',#698,23.5,5.);
#23=TOROIDAL_SURFACE('',#712,23.,8.5);
#24=TOROIDAL_SURFACE('',#721,29.75,1.25);
#25=TOROIDAL_SURFACE('',#726,30.25,1.25);
#26=TOROIDAL_SURFACE('',#728,14.151815780603,5.);
#27=PLANE('',#666);
#28=PLANE('',#667);
#29=PLANE('',#673);
#30=PLANE('',#683);
#31=PLANE('',#724);
#32=CIRCLE('',#665,0.75);
#33=CIRCLE('',#668,0.75);
#34=CIRCLE('',#669,14.85);
#35=CIRCLE('',#670,0.75);
#36=CIRCLE('',#671,11.6);
#37=CIRCLE('',#672,11.6);
#38=CIRCLE('',#674,14.85);
#39=CIRCLE('',#675,0.75);
#40=CIRCLE('',#678,14.7095712037777);
#41=CIRCLE('',#679,3.5);
#42=CIRCLE('',#680,11.6);
#43=CIRCLE('',#681,11.6);
#44=CIRCLE('',#685,0.749999999999996);
#45=CIRCLE('',#686,0.75);
#46=CIRCLE('',#688,14.85);
#47=CIRCLE('',#689,5.);
#48=CIRCLE('',#690,17.9930466182295);
#49=CIRCLE('',#691,14.85);
#50=CIRCLE('',#695,26.1568207490099);
#51=CIRCLE('',#696,1.25);
#52=CIRCLE('',#697,1.25);
#53=CIRCLE('',#699,28.5);
#54=CIRCLE('',#700,28.5);
#55=CIRCLE('',#701,5.);
#56=CIRCLE('',#702,25.5952908873087);
#57=CIRCLE('',#704,28.5);
#58=CIRCLE('',#705,1.25000000000001);
#59=CIRCLE('',#706,1.25);
#60=CIRCLE('',#708,16.2471066679118);
#61=CIRCLE('',#709,16.2471066679118);
#62=CIRCLE('',#710,1.25000000000001);
#63=CIRCLE('',#711,1.24999999999999);
#64=CIRCLE('',#713,31.5);
#65=CIRCLE('',#714,8.5);
#66=CIRCLE('',#715,31.5);
#67=CIRCLE('',#717,31.5);
#68=CIRCLE('',#718,31.5);
#69=CIRCLE('',#719,1.24999999999998);
#70=CIRCLE('',#720,1.25);
#71=CIRCLE('',#722,1.25);
#72=CIRCLE('',#723,29.75);
#73=CIRCLE('',#725,30.25);
#74=CIRCLE('',#727,1.25);
#75=CIRCLE('',#729,5.);
#76=CYLINDRICAL_SURFACE('',#664,0.75);
#77=CYLINDRICAL_SURFACE('',#676,5.);
#78=CYLINDRICAL_SURFACE('',#682,11.6);
#79=CYLINDRICAL_SURFACE('',#684,0.75);
#80=CYLINDRICAL_SURFACE('',#692,0.75);
#81=CYLINDRICAL_SURFACE('',#693,14.85);
#82=CYLINDRICAL_SURFACE('',#703,28.5);
#83=CYLINDRICAL_SURFACE('',#716,31.5);
#84=FACE_OUTER_BOUND('',#120,.T.);
#85=FACE_OUTER_BOUND('',#121,.T.);
#86=FACE_OUTER_BOUND('',#122,.T.);
#87=FACE_OUTER_BOUND('',#123,.T.);
#88=FACE_OUTER_BOUND('',#124,.T.);
#89=FACE_OUTER_BOUND('',#125,.T.);
#90=FACE_OUTER_BOUND('',#126,.T.);
#91=FACE_OUTER_BOUND('',#127,.T.);
#92=FACE_OUTER_BOUND('',#128,.T.);
#93=FACE_OUTER_BOUND('',#129,.T.);
#94=FACE_OUTER_BOUND('',#130,.T.);
#95=FACE_OUTER_BOUND('',#131,.T.);
#96=FACE_OUTER_BOUND('',#132,.T.);
#97=FACE_OUTER_BOUND('',#133,.T.);
#98=FACE_OUTER_BOUND('',#134,.T.);
#99=FACE_OUTER_BOUND('',#135,.T.);
#100=FACE_OUTER_BOUND('',#136,.T.);
#101=FACE_OUTER_BOUND('',#137,.T.);
#102=FACE_OUTER_BOUND('',#138,.T.);
#103=FACE_OUTER_BOUND('',#139,.T.);
#104=FACE_OUTER_BOUND('',#140,.T.);
#105=FACE_OUTER_BOUND('',#141,.T.);
#106=FACE_OUTER_BOUND('',#142,.T.);
#107=FACE_OUTER_BOUND('',#143,.T.);
#108=FACE_OUTER_BOUND('',#144,.T.);
#109=FACE_OUTER_BOUND('',#145,.T.);
#110=FACE_OUTER_BOUND('',#146,.T.);
#111=FACE_OUTER_BOUND('',#147,.T.);
#112=FACE_OUTER_BOUND('',#148,.T.);
#113=FACE_OUTER_BOUND('',#149,.T.);
#114=FACE_OUTER_BOUND('',#150,.T.);
#115=FACE_OUTER_BOUND('',#151,.T.);
#116=FACE_OUTER_BOUND('',#152,.T.);
#117=FACE_OUTER_BOUND('',#153,.T.);
#118=FACE_OUTER_BOUND('',#155,.T.);
#119=FACE_OUTER_BOUND('',#156,.T.);
#120=EDGE_LOOP('',(#398,#399,#400,#401,#402,#403,#404));
#121=EDGE_LOOP('',(#405,#406,#407,#408));
#122=EDGE_LOOP('',(#409,#410,#411,#412));
#123=EDGE_LOOP('',(#413,#414,#415,#416,#417,#418,#419,#420,#421));
#124=EDGE_LOOP('',(#422,#423,#424,#425,#426,#427));
#125=EDGE_LOOP('',(#428,#429,#430,#431,#432,#433,#434));
#126=EDGE_LOOP('',(#435,#436,#437,#438,#439));
#127=EDGE_LOOP('',(#440,#441,#442,#443,#444,#445,#446,#447));
#128=EDGE_LOOP('',(#448,#449,#450,#451,#452));
#129=EDGE_LOOP('',(#453,#454,#455,#456,#457));
#130=EDGE_LOOP('',(#458,#459,#460,#461));
#131=EDGE_LOOP('',(#462,#463,#464,#465));
#132=EDGE_LOOP('',(#466,#467,#468,#469));
#133=EDGE_LOOP('',(#470,#471,#472,#473,#474,#475));
#134=EDGE_LOOP('',(#476,#477,#478,#479));
#135=EDGE_LOOP('',(#480,#481,#482,#483,#484,#485,#486,#487));
#136=EDGE_LOOP('',(#488,#489,#490,#491));
#137=EDGE_LOOP('',(#492,#493,#494,#495,#496,#497));
#138=EDGE_LOOP('',(#498,#499,#500,#501,#502));
#139=EDGE_LOOP('',(#503,#504,#505,#506,#507,#508,#509,#510));
#140=EDGE_LOOP('',(#511,#512,#513,#514,#515,#516,#517,#518));
#141=EDGE_LOOP('',(#519,#520,#521,#522,#523,#524,#525,#526));
#142=EDGE_LOOP('',(#527,#528,#529,#530,#531));
#143=EDGE_LOOP('',(#532,#533,#534,#535));
#144=EDGE_LOOP('',(#536,#537,#538,#539,#540,#541,#542,#543));
#145=EDGE_LOOP('',(#544,#545,#546,#547,#548));
#146=EDGE_LOOP('',(#549,#550,#551,#552,#553));
#147=EDGE_LOOP('',(#554,#555,#556,#557));
#148=EDGE_LOOP('',(#558,#559,#560,#561,#562,#563,#564,#565));
#149=EDGE_LOOP('',(#566,#567,#568,#569,#570,#571,#572,#573,#574));
#150=EDGE_LOOP('',(#575,#576,#577,#578,#579,#580));
#151=EDGE_LOOP('',(#581,#582,#583,#584,#585));
#152=EDGE_LOOP('',(#586,#587,#588,#589));
#153=EDGE_LOOP('',(#590));
#154=EDGE_LOOP('',(#591));
#155=EDGE_LOOP('',(#592,#593,#594,#595,#596));
#156=EDGE_LOOP('',(#597,#598,#599,#600,#601));
#157=LINE('',#1139,#175);
#158=LINE('',#1142,#176);
#159=LINE('',#1145,#177);
#160=LINE('',#1148,#178);
#161=LINE('',#1150,#179);
#162=LINE('',#1151,#180);
#163=LINE('',#1159,#181);
#164=LINE('',#1165,#182);
#165=LINE('',#1224,#183);
#166=LINE('',#1226,#184);
#167=LINE('',#1253,#185);
#168=LINE('',#1255,#186);
#169=LINE('',#1258,#187);
#170=LINE('',#1460,#188);
#171=LINE('',#1464,#189);
#172=LINE('',#1687,#190);
#173=LINE('',#1994,#191);
#174=LINE('',#2269,#192);
#175=VECTOR('',#732,10.);
#176=VECTOR('',#735,10.);
#177=VECTOR('',#738,10.);
#178=VECTOR('',#741,10.);
#179=VECTOR('',#742,10.);
#180=VECTOR('',#743,10.);
#181=VECTOR('',#752,10.);
#182=VECTOR('',#759,10.);
#183=VECTOR('',#766,10.);
#184=VECTOR('',#767,10.);
#185=VECTOR('',#780,14.151815780603);
#186=VECTOR('',#783,10.);
#187=VECTOR('',#786,10.);
#188=VECTOR('',#803,10.);
#189=VECTOR('',#808,24.75);
#190=VECTOR('',#829,29.75);
#191=VECTOR('',#836,21.75);
#192=VECTOR('',#855,29.75);
#193=B_SPLINE_CURVE_WITH_KNOTS('',3,(#935,#936,#937,#938,#939,#940,#941,
#942,#943,#944),.UNSPECIFIED.,.F.,.F.,(4,1,1,1,1,1,1,4),(3.88671506581969,
4.18088272307806,4.47505038033643,4.7692180375948,5.06338569485316,5.35755335211153,
5.6517210093699,5.80211912710978),.UNSPECIFIED.);
#194=B_SPLINE_CURVE_WITH_KNOTS('',3,(#946,#947,#948,#949,#950,#951,#952),
 .UNSPECIFIED.,.F.,.F.,(4,3,4),(-8.67361737988404E-19,0.00684460064002172,
0.0136892012800434),.UNSPECIFIED.);
#195=B_SPLINE_CURVE_WITH_KNOTS('',3,(#954,#955,#956,#957,#958,#959,#960,
#961),.UNSPECIFIED.,.F.,.F.,(4,2,2,4),(0.0364872111937757,0.0742316488586427,
0.148587569002765,0.18056144766868),.UNSPECIFIED.);
#196=B_SPLINE_CURVE_WITH_KNOTS('',3,(#963,#964,#965,#966,#967,#968,#969),
 .UNSPECIFIED.,.F.,.F.,(4,3,4),(0.0726801830488843,0.0838321637394065,0.0897726424851461),
 .UNSPECIFIED.);
#197=B_SPLINE_CURVE_WITH_KNOTS('',3,(#971,#972,#973,#974,#975,#976,#977,
#978,#979,#980,#981,#982,#983,#984,#985,#986,#987,#988,#989,#990,#991,#992,
#993,#994,#995,#996,#997,#998,#999,#1000,#1001,#1002,#1003,#1004,#1005,
#1006,#1007,#1008,#1009,#1010,#1011,#1012,#1013,#1014,#1015,#1016,#1017,
#1018,#1019,#1020,#1021,#1022,#1023,#1024,#1025,#1026,#1027,#1028,#1029,
#1030,#1031,#1032,#1033,#1034,#1035,#1036,#1037,#1038,#1039,#1040,#1041,
#1042,#1043,#1044,#1045,#1046,#1047,#1048,#1049,#1050,#1051,#1052,#1053,
#1054,#1055,#1056,#1057,#1058,#1059,#1060,#1061,#1062,#1063,#1064,#1065,
#1066,#1067,#1068,#1069,#1070,#1071,#1072,#1073,#1074,#1075,#1076,#1077,
#1078,#1079,#1080,#1081,#1082,#1083,#1084,#1085,#1086,#1087,#1088,#1089,
#1090,#1091,#1092,#1093,#1094,#1095,#1096,#1097,#1098,#1099,#1100,#1101,
#1102,#1103,#1104,#1105,#1106),.UNSPECIFIED.,.F.,.F.,(4,3,3,3,3,3,3,3,3,
3,3,3,3,3,3,3,3,3,3,3,3,3,3,3,3,3,3,3,3,3,3,3,3,3,3,3,3,3,3,3,3,3,3,3,3,
4),(-5.93997112385845,-5.87655843210821,-5.811683434092,-5.76419100285613,
-5.70754608371435,-5.65161293035412,-5.59646255827433,-5.55926247215738,
-5.50014821102757,-5.43916582481349,-5.37654920212024,-5.35744345037952,
-5.34955907228348,-5.26730018060332,-5.18417294921641,-5.16232955082123,
-5.10712218930353,-5.06340786181377,-5.02428755078799,-4.97123278019318,
-4.92618171188304,-4.87748601283502,-4.84245751504,-4.81017737974563,-4.80665771456065,
-4.76915156819117,-4.75420601130999,-4.70907114035418,-4.69266463526367,
-4.63651128337611,-4.58365237102286,-4.52074234730055,-4.47506551843788,
-4.41143718539057,-4.40709556436914,-4.33602125850478,-4.26570715691864,
-4.20254559174094,-4.18102224729959,-4.12246172515712,-4.06375374037878,
-4.00622396057399,-3.99351816880806,-3.94419637229487,-3.89617662713902,
-3.8894925208129),.UNSPECIFIED.);
#198=B_SPLINE_CURVE_WITH_KNOTS('',3,(#1108,#1109,#1110,#1111,#1112,#1113,
#1114,#1115,#1116,#1117,#1118,#1119,#1120,#1121,#1122,#1123,#1124,#1125,
#1126,#1127,#1128,#1129,#1130,#1131,#1132,#1133,#1134,#1135,#1136,#1137,
#1138),.UNSPECIFIED.,.F.,.F.,(4,3,3,3,3,3,3,3,3,3,4),(-0.000379247585083875,
0.,0.0106880763142292,0.0214324722683733,0.026082050005882,0.0347231825242812,
0.0455135368175329,0.0521668508075704,0.0629549688335118,0.0736363154587089,
0.0814601481097678),.UNSPECIFIED.);
#199=B_SPLINE_CURVE_WITH_KNOTS('',3,(#1167,#1168,#1169,#1170,#1171,#1172,
#1173,#1174,#1175,#1176,#1177,#1178,#1179,#1180,#1181,#1182,#1183,#1184,
#1185,#1186,#1187,#1188,#1189,#1190,#1191,#1192,#1193,#1194,#1195,#1196,
#1197,#1198,#1199,#1200,#1201,#1202,#1203,#1204,#1205,#1206,#1207,#1208,
#1209,#1210,#1211,#1212,#1213,#1214,#1215,#1216,#1217,#1218),
 .UNSPECIFIED.,.F.,.F.,(4,3,3,3,3,3,3,3,3,3,3,3,3,3,3,3,3,4),(0.,0.0105581636183841,
0.0214162656127952,0.0294268682307005,0.0402739403495032,0.0509928077729397,
0.0588352619230349,0.0642585876092002,0.0749324211800648,0.0857130113322757,
0.0881706954718672,0.0989573038794478,0.107050348895193,0.117421302367521,
0.128181908830936,0.133574598674997,0.144300098836642,0.149733286883667),
 .UNSPECIFIED.);
#200=B_SPLINE_CURVE_WITH_KNOTS('',3,(#1228,#1229,#1230,#1231,#1232),
 .UNSPECIFIED.,.F.,.F.,(4,1,4),(1.43866851322837,1.83268761420546,2.12789736409734),
 .UNSPECIFIED.);
#201=B_SPLINE_CURVE_WITH_KNOTS('',3,(#1234,#1235,#1236,#1237,#1238),
 .UNSPECIFIED.,.F.,.F.,(4,1,4),(0.,0.227616111257306,0.53110425960038),
 .UNSPECIFIED.);
#202=B_SPLINE_CURVE_WITH_KNOTS('',3,(#1239,#1240,#1241,#1242,#1243),
 .UNSPECIFIED.,.F.,.F.,(4,1,4),(0.2195684903982,0.612803413614335,0.908169463361295),
 .UNSPECIFIED.);
#203=B_SPLINE_CURVE_WITH_KNOTS('',3,(#1259,#1260,#1261,#1262,#1263,#1264,
#1265,#1266,#1267,#1268,#1269,#1270,#1271,#1272,#1273,#1274),
 .UNSPECIFIED.,.F.,.F.,(4,2,2,2,2,2,2,4),(-0.149594119205809,-0.149153281744883,
-0.133157278132224,-0.117162894453422,-0.0878500781475125,-0.0585610023187536,
-0.0292842579955206,0.),.UNSPECIFIED.);
#204=B_SPLINE_CURVE_WITH_KNOTS('',3,(#1307,#1308,#1309,#1310,#1311,#1312,
#1313,#1314,#1315,#1316,#1317,#1318,#1319,#1320,#1321,#1322,#1323,#1324,
#1325,#1326,#1327,#1328,#1329,#1330,#1331,#1332,#1333,#1334,#1335,#1336,
#1337,#1338,#1339,#1340,#1341,#1342,#1343,#1344,#1345,#1346,#1347,#1348,
#1349,#1350,#1351,#1352,#1353,#1354,#1355),.UNSPECIFIED.,.F.,.F.,(4,3,3,
3,3,3,3,3,3,3,3,3,3,3,3,3,4),(-0.908169463361296,-0.843146167779555,-0.834423351595734,
-0.773824012963301,-0.71398124694843,-0.656144219548966,-0.645858776449242,
-0.612832078525634,-0.542468821433928,-0.47214532331412,-0.438164695701577,
-0.380353053284886,-0.323157080293092,-0.274007703052968,-0.24837806456722,
-0.233375978060389,-0.224858325812844),.UNSPECIFIED.);
#205=B_SPLINE_CURVE_WITH_KNOTS('',3,(#1383,#1384,#1385,#1386,#1387),
 .UNSPECIFIED.,.F.,.F.,(4,1,4),(-0.531104259110675,-0.227616111257306,0.),
 .UNSPECIFIED.);
#206=B_SPLINE_CURVE_WITH_KNOTS('',3,(#1418,#1419,#1420,#1421,#1422,#1423,
#1424,#1425,#1426,#1427,#1428,#1429,#1430,#1431,#1432,#1433,#1434,#1435,
#1436,#1437,#1438,#1439,#1440,#1441,#1442,#1443,#1444,#1445,#1446,#1447,
#1448,#1449,#1450,#1451),.UNSPECIFIED.,.F.,.F.,(4,3,3,3,3,3,3,3,3,3,3,4),
(-2.12512115328578,-2.07409357222271,-2.0218925167312,-2.01722270711997,
-1.95027853695402,-1.88218358086619,-1.83267212770922,-1.80854825959284,
-1.68115236790219,-1.60748479319729,-1.52307665286245,-1.43866851252761),
 .UNSPECIFIED.);
#207=B_SPLINE_CURVE_WITH_KNOTS('',3,(#1565,#1566,#1567,#1568,#1569,#1570,
#1571,#1572,#1573,#1574,#1575,#1576,#1577,#1578,#1579),.UNSPECIFIED.,.F.,
 .F.,(4,1,1,1,1,1,1,1,1,1,1,1,4),(-6.03433873676791,-5.60331454128449,-5.38780244354278,
-5.17229034580107,-4.95677824805936,-4.74126615031764,-4.31024195483422,
-3.44819356386738,-2.58614517290053,-1.72409678193369,-1.29307258645027,
-1.07756048870856,-0.961524571675243),.UNSPECIFIED.);
#208=B_SPLINE_CURVE_WITH_KNOTS('',3,(#1581,#1582,#1583,#1584,#1585,#1586,
#1587,#1588),.UNSPECIFIED.,.F.,.F.,(4,1,1,1,1,4),(-0.96146241904264,-0.862048390966844,
-0.646536293225133,-0.431024195483422,-0.215512097741711,0.),
 .UNSPECIFIED.);
#209=B_SPLINE_CURVE_WITH_KNOTS('',3,(#1592,#1593,#1594,#1595,#1596,#1597,
#1598,#1599,#1600,#1601,#1602,#1603),.UNSPECIFIED.,.F.,.F.,(4,1,1,1,1,1,
1,1,1,4),(0.,0.215512097741711,0.431024195483422,0.646536293225133,0.862048390966844,
1.07756048870856,1.29307258645027,1.72409678193369,2.58614517290053,3.00231339955049),
 .UNSPECIFIED.);
#210=B_SPLINE_CURVE_WITH_KNOTS('',3,(#1604,#1605,#1606,#1607,#1608,#1609,
#1610,#1611,#1612,#1613,#1614),.UNSPECIFIED.,.F.,.F.,(4,1,1,1,1,1,1,1,4),
(3.00231339955049,3.44819356386738,4.31024195483422,4.74126615031764,4.95677824805936,
5.17229034580107,5.38780244354278,5.60331454128449,6.03433873676791),
 .UNSPECIFIED.);
#211=B_SPLINE_CURVE_WITH_KNOTS('',3,(#1650,#1651,#1652,#1653,#1654,#1655,
#1656),.UNSPECIFIED.,.F.,.F.,(4,1,1,1,4),(-2.17422078723296,-1.55301484802354,
-0.931808908814127,-0.621205939209418,0.),.UNSPECIFIED.);
#212=B_SPLINE_CURVE_WITH_KNOTS('',3,(#1658,#1659,#1660,#1661,#1662,#1663),
 .UNSPECIFIED.,.F.,.F.,(4,1,1,4),(0.,0.621205939209418,0.931808908814127,
1.09969136848542),.UNSPECIFIED.);
#213=B_SPLINE_CURVE_WITH_KNOTS('',3,(#1664,#1665,#1666,#1667,#1668),
 .UNSPECIFIED.,.F.,.F.,(4,1,4),(1.09969136848542,1.55301484802354,2.17422078723296),
 .UNSPECIFIED.);
#214=B_SPLINE_CURVE_WITH_KNOTS('',3,(#1673,#1674,#1675,#1676,#1677,#1678,
#1679),.UNSPECIFIED.,.F.,.F.,(4,1,1,1,4),(0.,0.621205962722696,1.24241192544539,
1.86361788816809,2.17422086952944),.UNSPECIFIED.);
#215=B_SPLINE_CURVE_WITH_KNOTS('',3,(#1688,#1689,#1690,#1691,#1692,#1693,
#1694,#1695,#1696,#1697,#1698,#1699,#1700,#1701,#1702,#1703,#1704,#1705,
#1706),.UNSPECIFIED.,.F.,.F.,(4,1,1,1,1,1,1,1,1,1,1,1,1,1,1,1,4),(0.,0.215512097741711,
0.431024195483422,0.646536293225133,0.862048390966843,1.07756048870855,
1.29307258645027,1.72409678193369,2.58614517290053,3.44819356386737,4.31024195483422,
4.74126615031764,4.95677824805935,5.17229034580106,5.38780244354277,5.60331454128448,
6.0343387367679),.UNSPECIFIED.);
#216=B_SPLINE_CURVE_WITH_KNOTS('',1,(#1726,#1727),.UNSPECIFIED.,.F.,.F.,
(2,2),(6.48312901293399,6.52265846968966),.UNSPECIFIED.);
#217=B_SPLINE_CURVE_WITH_KNOTS('',3,(#1729,#1730,#1731,#1732,#1733,#1734,
#1735,#1736),.UNSPECIFIED.,.F.,.F.,(4,1,1,1,1,4),(-5.94937935098439,-5.73690151702066,
-5.52442368305693,-5.31194584909321,-5.09946801512948,-5.02756011298612),
 .UNSPECIFIED.);
#218=B_SPLINE_CURVE_WITH_KNOTS('',3,(#1738,#1739,#1740,#1741,#1742,#1743,
#1744),.UNSPECIFIED.,.F.,.F.,(4,1,1,1,4),(1.75082123136752E-15,0.642261785605901,
1.2845235712118,1.9267853568177,2.24791624962065),.UNSPECIFIED.);
#219=B_SPLINE_CURVE_WITH_KNOTS('',3,(#1745,#1746,#1747,#1748,#1749,#1750,
#1751,#1752,#1753,#1754,#1755,#1756,#1757,#1758,#1759,#1760,#1761,#1762,
#1763,#1764,#1765,#1766),.UNSPECIFIED.,.F.,.F.,(4,1,1,1,1,1,1,1,1,1,1,1,
1,1,1,1,1,1,1,4),(-5.02756011298612,-4.99322909814761,-4.88699018116575,
-4.67451234720202,-4.46203451323829,-4.24955667927457,-3.82460101134711,
-3.11634156480135,-2.54973400756474,-2.12477833963728,-1.69982267170983,
-1.4873448377461,-1.27486700378237,-1.06238916981864,-0.956150252836777,
-0.849911335854913,-0.637433501891185,-0.424955667927457,-0.212477833963728,
0.),.UNSPECIFIED.);
#220=B_SPLINE_CURVE_WITH_KNOTS('',3,(#1865,#1866,#1867,#1868,#1869,#1870,
#1871),.UNSPECIFIED.,.F.,.F.,(4,1,1,1,4),(-6.0343387367679,-5.60331454128448,
-5.38780244354277,-5.17229034580106,-5.07287631772526),.UNSPECIFIED.);
#221=B_SPLINE_CURVE_WITH_KNOTS('',3,(#1873,#1874,#1875,#1876,#1877,#1878,
#1879,#1880,#1881,#1882,#1883,#1884,#1885,#1886,#1887,#1888),
 .UNSPECIFIED.,.F.,.F.,(4,1,1,1,1,1,1,1,1,1,1,1,1,4),(-5.07283209537063,
-4.95677824805935,-4.74126615031764,-4.31024195483422,-3.44819356386737,
-2.58614517290053,-1.72409678193369,-1.29307258645027,-1.07756048870855,
-0.862048390966843,-0.646536293225133,-0.431024195483422,-0.215512097741711,
0.),.UNSPECIFIED.);
#222=B_SPLINE_CURVE_WITH_KNOTS('',3,(#1925,#1926,#1927,#1928,#1929,#1930,
#1931),.UNSPECIFIED.,.F.,.F.,(4,1,1,1,4),(-2.17422086952944,-1.86361788816809,
-1.24241192544539,-0.621205962722696,0.),.UNSPECIFIED.);
#223=B_SPLINE_CURVE_WITH_KNOTS('',3,(#1952,#1953,#1954,#1955,#1956,#1957,
#1958,#1959,#1960,#1961,#1962,#1963,#1964,#1965,#1966,#1967,#1968,#1969,
#1970,#1971,#1972,#1973),.UNSPECIFIED.,.F.,.F.,(4,1,1,1,1,1,1,1,1,1,1,1,
1,1,1,1,1,1,1,4),(-5.94937935098438,-5.73690151702066,-5.52442368305693,
-5.3119458490932,-5.09946801512947,-4.99322909814761,-4.88699018116574,
-4.67451234720201,-4.46203451323829,-4.24955667927456,-3.8246010113471,
-3.39964534341965,-2.54973400756474,-2.12477833963728,-1.69982267170982,
-1.4873448377461,-1.27486700378237,-1.06238916981864,-0.956150252836776,
-0.921837123750821),.UNSPECIFIED.);
#224=B_SPLINE_CURVE_WITH_KNOTS('',3,(#1975,#1976,#1977,#1978,#1979,#1980,
#1981),.UNSPECIFIED.,.F.,.F.,(4,1,1,1,4),(0.,0.642261249870492,0.963391874805739,
1.60565312467623,2.24791437454672),.UNSPECIFIED.);
#225=B_SPLINE_CURVE_WITH_KNOTS('',3,(#1982,#1983,#1984,#1985,#1986,#1987,
#1988,#1989),.UNSPECIFIED.,.F.,.F.,(4,1,1,1,1,4),(-0.921819237998263,-0.849911335854912,
-0.637433501891184,-0.424955667927456,-0.212477833963728,0.),
 .UNSPECIFIED.);
#226=B_SPLINE_CURVE_WITH_KNOTS('',1,(#1990,#1991),.UNSPECIFIED.,.F.,.F.,
(2,2),(3.11067365191452,3.1499711932571),.UNSPECIFIED.);
#227=B_SPLINE_CURVE_WITH_KNOTS('',3,(#2158,#2159,#2160,#2161,#2162,#2163,
#2164,#2165,#2166,#2167,#2168,#2169,#2170,#2171,#2172,#2173,#2174,#2175,
#2176,#2177,#2178,#2179,#2180,#2181,#2182,#2183),.UNSPECIFIED.,.F.,.F.,
(4,1,1,1,1,1,1,1,1,1,1,1,1,1,1,1,1,1,1,1,1,1,1,4),(0.,0.212477833963728,
0.424955667927456,0.637433501891184,0.849911335854912,0.956150252836776,
1.06238916981864,1.27486700378237,1.4873448377461,1.69982267170982,2.12477833963728,
2.54973400756474,3.39964534341965,3.8246010113471,4.24955667927456,4.46203451323829,
4.67451234720201,4.88699018116574,4.99322909814761,5.09946801512947,5.3119458490932,
5.52442368305693,5.73690151702066,5.94937935098438),.UNSPECIFIED.);
#228=B_SPLINE_CURVE_WITH_KNOTS('',3,(#2226,#2227,#2228,#2229,#2230,#2231,
#2232),.UNSPECIFIED.,.F.,.F.,(4,1,1,1,4),(-2.24791437454672,-1.60565312467623,
-0.963391874805739,-0.642261249870492,0.),.UNSPECIFIED.);
#229=B_SPLINE_CURVE_WITH_KNOTS('',3,(#2237,#2238,#2239,#2240,#2241),
 .UNSPECIFIED.,.F.,.F.,(4,1,4),(-1.13668846618816,-0.642261785605901,-1.75082123136752E-15),
 .UNSPECIFIED.);
#230=B_SPLINE_CURVE_WITH_KNOTS('',3,(#2244,#2245,#2246,#2247,#2248,#2249),
 .UNSPECIFIED.,.F.,.F.,(4,1,1,4),(-2.24791624962065,-1.9267853568177,-1.2845235712118,
-1.13652450841674),.UNSPECIFIED.);
#231=B_SPLINE_CURVE_WITH_KNOTS('',3,(#2253,#2254,#2255,#2256,#2257,#2258,
#2259,#2260,#2261,#2262,#2263,#2264,#2265,#2266,#2267),.UNSPECIFIED.,.F.,
 .F.,(4,1,1,1,1,1,1,1,1,1,1,1,4),(2.98937406861707,3.11634156480135,3.82460101134711,
4.24955667927457,4.46203451323829,4.67451234720202,4.88699018116575,4.99322909814761,
5.09946801512948,5.31194584909321,5.52442368305693,5.73690151702066,5.94937935098439),
 .UNSPECIFIED.);
#232=B_SPLINE_CURVE_WITH_KNOTS('',3,(#2273,#2274,#2275,#2276,#2277,#2278,
#2279,#2280,#2281,#2282,#2283,#2284,#2285,#2286,#2287),.UNSPECIFIED.,.F.,
 .F.,(4,1,1,1,1,1,1,1,1,1,1,1,4),(0.,0.212477833963728,0.424955667927457,
0.637433501891185,0.849911335854913,0.956150252836777,1.06238916981864,
1.27486700378237,1.4873448377461,1.69982267170983,2.12477833963728,2.54973400756474,
2.98937406861707),.UNSPECIFIED.);
#233=VERTEX_POINT('',#933);
#234=VERTEX_POINT('',#934);
#235=VERTEX_POINT('',#945);
#236=VERTEX_POINT('',#953);
#237=VERTEX_POINT('',#962);
#238=VERTEX_POINT('',#970);
#239=VERTEX_POINT('',#1107);
#240=VERTEX_POINT('',#1141);
#241=VERTEX_POINT('',#1143);
#242=VERTEX_POINT('',#1147);
#243=VERTEX_POINT('',#1149);
#244=VERTEX_POINT('',#1153);
#245=VERTEX_POINT('',#1155);
#246=VERTEX_POINT('',#1157);
#247=VERTEX_POINT('',#1160);
#248=VERTEX_POINT('',#1164);
#249=VERTEX_POINT('',#1166);
#250=VERTEX_POINT('',#1219);
#251=VERTEX_POINT('',#1223);
#252=VERTEX_POINT('',#1225);
#253=VERTEX_POINT('',#1227);
#254=VERTEX_POINT('',#1233);
#255=VERTEX_POINT('',#1245);
#256=VERTEX_POINT('',#1247);
#257=VERTEX_POINT('',#1249);
#258=VERTEX_POINT('',#1257);
#259=VERTEX_POINT('',#1305);
#260=VERTEX_POINT('',#1381);
#261=VERTEX_POINT('',#1453);
#262=VERTEX_POINT('',#1455);
#263=VERTEX_POINT('',#1463);
#264=VERTEX_POINT('',#1561);
#265=VERTEX_POINT('',#1562);
#266=VERTEX_POINT('',#1564);
#267=VERTEX_POINT('',#1580);
#268=VERTEX_POINT('',#1589);
#269=VERTEX_POINT('',#1591);
#270=VERTEX_POINT('',#1657);
#271=VERTEX_POINT('',#1670);
#272=VERTEX_POINT('',#1672);
#273=VERTEX_POINT('',#1681);
#274=VERTEX_POINT('',#1685);
#275=VERTEX_POINT('',#1725);
#276=VERTEX_POINT('',#1728);
#277=VERTEX_POINT('',#1737);
#278=VERTEX_POINT('',#1862);
#279=VERTEX_POINT('',#1864);
#280=VERTEX_POINT('',#1872);
#281=VERTEX_POINT('',#1950);
#282=VERTEX_POINT('',#1951);
#283=VERTEX_POINT('',#1974);
#284=VERTEX_POINT('',#1993);
#285=VERTEX_POINT('',#1995);
#286=VERTEX_POINT('',#2154);
#287=VERTEX_POINT('',#2156);
#288=VERTEX_POINT('',#2234);
#289=VERTEX_POINT('',#2236);
#290=VERTEX_POINT('',#2243);
#291=VERTEX_POINT('',#2252);
#292=VERTEX_POINT('',#2268);
#293=VERTEX_POINT('',#2270);
#294=VERTEX_POINT('',#2489);
#295=VERTEX_POINT('',#2493);
#296=EDGE_CURVE('',#233,#234,#193,.T.);
#297=EDGE_CURVE('',#234,#235,#194,.T.);
#298=EDGE_CURVE('',#235,#236,#195,.T.);
#299=EDGE_CURVE('',#236,#237,#196,.T.);
#300=EDGE_CURVE('',#237,#238,#197,.T.);
#301=EDGE_CURVE('',#238,#239,#198,.T.);
#302=EDGE_CURVE('',#239,#233,#157,.T.);
#303=EDGE_CURVE('',#238,#240,#158,.T.);
#304=EDGE_CURVE('',#240,#241,#32,.T.);
#305=EDGE_CURVE('',#241,#239,#159,.T.);
#306=EDGE_CURVE('',#242,#235,#160,.T.);
#307=EDGE_CURVE('',#243,#242,#161,.T.);
#308=EDGE_CURVE('',#236,#243,#162,.T.);
#309=EDGE_CURVE('',#244,#243,#33,.T.);
#310=EDGE_CURVE('',#244,#245,#34,.T.);
#311=EDGE_CURVE('',#246,#245,#35,.T.);
#312=EDGE_CURVE('',#246,#241,#163,.T.);
#313=EDGE_CURVE('',#247,#240,#36,.T.);
#314=EDGE_CURVE('',#237,#247,#37,.T.);
#315=EDGE_CURVE('',#248,#234,#164,.T.);
#316=EDGE_CURVE('',#249,#248,#199,.T.);
#317=EDGE_CURVE('',#250,#249,#38,.T.);
#318=EDGE_CURVE('',#242,#250,#39,.F.);
#319=EDGE_CURVE('',#233,#251,#165,.T.);
#320=EDGE_CURVE('',#251,#252,#166,.T.);
#321=EDGE_CURVE('',#253,#252,#200,.T.);
#322=EDGE_CURVE('',#254,#253,#201,.T.);
#323=EDGE_CURVE('',#248,#254,#202,.T.);
#324=EDGE_CURVE('',#255,#255,#40,.T.);
#325=EDGE_CURVE('',#255,#256,#41,.T.);
#326=EDGE_CURVE('',#256,#257,#42,.T.);
#327=EDGE_CURVE('',#257,#256,#43,.T.);
#328=EDGE_CURVE('',#247,#257,#167,.T.);
#329=EDGE_CURVE('',#251,#246,#168,.T.);
#330=EDGE_CURVE('',#245,#258,#169,.T.);
#331=EDGE_CURVE('',#258,#252,#203,.T.);
#332=EDGE_CURVE('',#254,#259,#44,.T.);
#333=EDGE_CURVE('',#259,#249,#204,.T.);
#334=EDGE_CURVE('',#253,#260,#45,.T.);
#335=EDGE_CURVE('',#260,#259,#205,.T.);
#336=EDGE_CURVE('',#258,#260,#206,.T.);
#337=EDGE_CURVE('',#260,#261,#46,.T.);
#338=EDGE_CURVE('',#261,#262,#47,.T.);
#339=EDGE_CURVE('',#262,#262,#48,.T.);
#340=EDGE_CURVE('',#261,#259,#49,.T.);
#341=EDGE_CURVE('',#250,#244,#170,.T.);
#342=EDGE_CURVE('',#262,#263,#171,.T.);
#343=EDGE_CURVE('',#263,#263,#50,.T.);
#344=EDGE_CURVE('',#264,#265,#51,.T.);
#345=EDGE_CURVE('',#265,#266,#207,.T.);
#346=EDGE_CURVE('',#266,#267,#208,.T.);
#347=EDGE_CURVE('',#267,#268,#52,.T.);
#348=EDGE_CURVE('',#268,#269,#209,.T.);
#349=EDGE_CURVE('',#269,#264,#210,.T.);
#350=EDGE_CURVE('',#267,#265,#211,.T.);
#351=EDGE_CURVE('',#264,#270,#212,.T.);
#352=EDGE_CURVE('',#270,#268,#213,.T.);
#353=EDGE_CURVE('',#264,#271,#53,.T.);
#354=EDGE_CURVE('',#272,#271,#214,.T.);
#355=EDGE_CURVE('',#272,#268,#54,.T.);
#356=EDGE_CURVE('',#270,#273,#55,.T.);
#357=EDGE_CURVE('',#273,#273,#56,.T.);
#358=EDGE_CURVE('',#274,#274,#57,.T.);
#359=EDGE_CURVE('',#274,#269,#172,.T.);
#360=EDGE_CURVE('',#271,#272,#215,.T.);
#361=EDGE_CURVE('',#266,#275,#216,.T.);
#362=EDGE_CURVE('',#276,#275,#217,.T.);
#363=EDGE_CURVE('',#277,#276,#218,.T.);
#364=EDGE_CURVE('',#275,#277,#219,.T.);
#365=EDGE_CURVE('',#272,#278,#58,.T.);
#366=EDGE_CURVE('',#278,#279,#220,.T.);
#367=EDGE_CURVE('',#279,#280,#221,.T.);
#368=EDGE_CURVE('',#280,#271,#59,.T.);
#369=EDGE_CURVE('',#280,#278,#222,.T.);
#370=EDGE_CURVE('',#281,#282,#223,.T.);
#371=EDGE_CURVE('',#283,#281,#224,.T.);
#372=EDGE_CURVE('',#282,#283,#225,.T.);
#373=EDGE_CURVE('',#282,#279,#226,.T.);
#374=EDGE_CURVE('',#273,#284,#173,.T.);
#375=EDGE_CURVE('',#285,#284,#60,.T.);
#376=EDGE_CURVE('',#284,#285,#61,.T.);
#377=EDGE_CURVE('',#286,#281,#62,.T.);
#378=EDGE_CURVE('',#283,#287,#63,.T.);
#379=EDGE_CURVE('',#287,#286,#227,.T.);
#380=EDGE_CURVE('',#286,#287,#228,.T.);
#381=EDGE_CURVE('',#286,#288,#64,.T.);
#382=EDGE_CURVE('',#289,#288,#229,.T.);
#383=EDGE_CURVE('',#289,#263,#65,.T.);
#384=EDGE_CURVE('',#290,#289,#230,.T.);
#385=EDGE_CURVE('',#290,#287,#66,.T.);
#386=EDGE_CURVE('',#291,#290,#231,.T.);
#387=EDGE_CURVE('',#291,#292,#174,.T.);
#388=EDGE_CURVE('',#293,#292,#67,.T.);
#389=EDGE_CURVE('',#292,#293,#68,.T.);
#390=EDGE_CURVE('',#288,#291,#232,.T.);
#391=EDGE_CURVE('',#290,#276,#69,.T.);
#392=EDGE_CURVE('',#277,#288,#70,.T.);
#393=EDGE_CURVE('',#274,#294,#71,.T.);
#394=EDGE_CURVE('',#294,#294,#72,.T.);
#395=EDGE_CURVE('',#295,#295,#73,.T.);
#396=EDGE_CURVE('',#293,#295,#74,.T.);
#397=EDGE_CURVE('',#255,#285,#75,.T.);
#398=ORIENTED_EDGE('',*,*,#296,.T.);
#399=ORIENTED_EDGE('',*,*,#297,.T.);
#400=ORIENTED_EDGE('',*,*,#298,.T.);
#401=ORIENTED_EDGE('',*,*,#299,.T.);
#402=ORIENTED_EDGE('',*,*,#300,.T.);
#403=ORIENTED_EDGE('',*,*,#301,.T.);
#404=ORIENTED_EDGE('',*,*,#302,.T.);
#405=ORIENTED_EDGE('',*,*,#303,.T.);
#406=ORIENTED_EDGE('',*,*,#304,.T.);
#407=ORIENTED_EDGE('',*,*,#305,.T.);
#408=ORIENTED_EDGE('',*,*,#301,.F.);
#409=ORIENTED_EDGE('',*,*,#298,.F.);
#410=ORIENTED_EDGE('',*,*,#306,.F.);
#411=ORIENTED_EDGE('',*,*,#307,.F.);
#412=ORIENTED_EDGE('',*,*,#308,.F.);
#413=ORIENTED_EDGE('',*,*,#299,.F.);
#414=ORIENTED_EDGE('',*,*,#308,.T.);
#415=ORIENTED_EDGE('',*,*,#309,.F.);
#416=ORIENTED_EDGE('',*,*,#310,.T.);
#417=ORIENTED_EDGE('',*,*,#311,.F.);
#418=ORIENTED_EDGE('',*,*,#312,.T.);
#419=ORIENTED_EDGE('',*,*,#304,.F.);
#420=ORIENTED_EDGE('',*,*,#313,.F.);
#421=ORIENTED_EDGE('',*,*,#314,.F.);
#422=ORIENTED_EDGE('',*,*,#297,.F.);
#423=ORIENTED_EDGE('',*,*,#315,.F.);
#424=ORIENTED_EDGE('',*,*,#316,.F.);
#425=ORIENTED_EDGE('',*,*,#317,.F.);
#426=ORIENTED_EDGE('',*,*,#318,.F.);
#427=ORIENTED_EDGE('',*,*,#306,.T.);
#428=ORIENTED_EDGE('',*,*,#296,.F.);
#429=ORIENTED_EDGE('',*,*,#319,.T.);
#430=ORIENTED_EDGE('',*,*,#320,.T.);
#431=ORIENTED_EDGE('',*,*,#321,.F.);
#432=ORIENTED_EDGE('',*,*,#322,.F.);
#433=ORIENTED_EDGE('',*,*,#323,.F.);
#434=ORIENTED_EDGE('',*,*,#315,.T.);
#435=ORIENTED_EDGE('',*,*,#324,.T.);
#436=ORIENTED_EDGE('',*,*,#325,.T.);
#437=ORIENTED_EDGE('',*,*,#326,.T.);
#438=ORIENTED_EDGE('',*,*,#327,.T.);
#439=ORIENTED_EDGE('',*,*,#325,.F.);
#440=ORIENTED_EDGE('',*,*,#300,.F.);
#441=ORIENTED_EDGE('',*,*,#314,.T.);
#442=ORIENTED_EDGE('',*,*,#328,.T.);
#443=ORIENTED_EDGE('',*,*,#326,.F.);
#444=ORIENTED_EDGE('',*,*,#327,.F.);
#445=ORIENTED_EDGE('',*,*,#328,.F.);
#446=ORIENTED_EDGE('',*,*,#313,.T.);
#447=ORIENTED_EDGE('',*,*,#303,.F.);
#448=ORIENTED_EDGE('',*,*,#305,.F.);
#449=ORIENTED_EDGE('',*,*,#312,.F.);
#450=ORIENTED_EDGE('',*,*,#329,.F.);
#451=ORIENTED_EDGE('',*,*,#319,.F.);
#452=ORIENTED_EDGE('',*,*,#302,.F.);
#453=ORIENTED_EDGE('',*,*,#329,.T.);
#454=ORIENTED_EDGE('',*,*,#311,.T.);
#455=ORIENTED_EDGE('',*,*,#330,.T.);
#456=ORIENTED_EDGE('',*,*,#331,.T.);
#457=ORIENTED_EDGE('',*,*,#320,.F.);
#458=ORIENTED_EDGE('',*,*,#316,.T.);
#459=ORIENTED_EDGE('',*,*,#323,.T.);
#460=ORIENTED_EDGE('',*,*,#332,.T.);
#461=ORIENTED_EDGE('',*,*,#333,.T.);
#462=ORIENTED_EDGE('',*,*,#334,.T.);
#463=ORIENTED_EDGE('',*,*,#335,.T.);
#464=ORIENTED_EDGE('',*,*,#332,.F.);
#465=ORIENTED_EDGE('',*,*,#322,.T.);
#466=ORIENTED_EDGE('',*,*,#336,.T.);
#467=ORIENTED_EDGE('',*,*,#334,.F.);
#468=ORIENTED_EDGE('',*,*,#321,.T.);
#469=ORIENTED_EDGE('',*,*,#331,.F.);
#470=ORIENTED_EDGE('',*,*,#335,.F.);
#471=ORIENTED_EDGE('',*,*,#337,.T.);
#472=ORIENTED_EDGE('',*,*,#338,.T.);
#473=ORIENTED_EDGE('',*,*,#339,.T.);
#474=ORIENTED_EDGE('',*,*,#338,.F.);
#475=ORIENTED_EDGE('',*,*,#340,.T.);
#476=ORIENTED_EDGE('',*,*,#309,.T.);
#477=ORIENTED_EDGE('',*,*,#307,.T.);
#478=ORIENTED_EDGE('',*,*,#318,.T.);
#479=ORIENTED_EDGE('',*,*,#341,.T.);
#480=ORIENTED_EDGE('',*,*,#330,.F.);
#481=ORIENTED_EDGE('',*,*,#310,.F.);
#482=ORIENTED_EDGE('',*,*,#341,.F.);
#483=ORIENTED_EDGE('',*,*,#317,.T.);
#484=ORIENTED_EDGE('',*,*,#333,.F.);
#485=ORIENTED_EDGE('',*,*,#340,.F.);
#486=ORIENTED_EDGE('',*,*,#337,.F.);
#487=ORIENTED_EDGE('',*,*,#336,.F.);
#488=ORIENTED_EDGE('',*,*,#339,.F.);
#489=ORIENTED_EDGE('',*,*,#342,.T.);
#490=ORIENTED_EDGE('',*,*,#343,.F.);
#491=ORIENTED_EDGE('',*,*,#342,.F.);
#492=ORIENTED_EDGE('',*,*,#344,.T.);
#493=ORIENTED_EDGE('',*,*,#345,.T.);
#494=ORIENTED_EDGE('',*,*,#346,.T.);
#495=ORIENTED_EDGE('',*,*,#347,.T.);
#496=ORIENTED_EDGE('',*,*,#348,.T.);
#497=ORIENTED_EDGE('',*,*,#349,.T.);
#498=ORIENTED_EDGE('',*,*,#347,.F.);
#499=ORIENTED_EDGE('',*,*,#350,.T.);
#500=ORIENTED_EDGE('',*,*,#344,.F.);
#501=ORIENTED_EDGE('',*,*,#351,.T.);
#502=ORIENTED_EDGE('',*,*,#352,.T.);
#503=ORIENTED_EDGE('',*,*,#351,.F.);
#504=ORIENTED_EDGE('',*,*,#353,.T.);
#505=ORIENTED_EDGE('',*,*,#354,.F.);
#506=ORIENTED_EDGE('',*,*,#355,.T.);
#507=ORIENTED_EDGE('',*,*,#352,.F.);
#508=ORIENTED_EDGE('',*,*,#356,.T.);
#509=ORIENTED_EDGE('',*,*,#357,.T.);
#510=ORIENTED_EDGE('',*,*,#356,.F.);
#511=ORIENTED_EDGE('',*,*,#358,.F.);
#512=ORIENTED_EDGE('',*,*,#359,.T.);
#513=ORIENTED_EDGE('',*,*,#348,.F.);
#514=ORIENTED_EDGE('',*,*,#355,.F.);
#515=ORIENTED_EDGE('',*,*,#360,.F.);
#516=ORIENTED_EDGE('',*,*,#353,.F.);
#517=ORIENTED_EDGE('',*,*,#349,.F.);
#518=ORIENTED_EDGE('',*,*,#359,.F.);
#519=ORIENTED_EDGE('',*,*,#345,.F.);
#520=ORIENTED_EDGE('',*,*,#350,.F.);
#521=ORIENTED_EDGE('',*,*,#346,.F.);
#522=ORIENTED_EDGE('',*,*,#361,.T.);
#523=ORIENTED_EDGE('',*,*,#362,.F.);
#524=ORIENTED_EDGE('',*,*,#363,.F.);
#525=ORIENTED_EDGE('',*,*,#364,.F.);
#526=ORIENTED_EDGE('',*,*,#361,.F.);
#527=ORIENTED_EDGE('',*,*,#365,.T.);
#528=ORIENTED_EDGE('',*,*,#366,.T.);
#529=ORIENTED_EDGE('',*,*,#367,.T.);
#530=ORIENTED_EDGE('',*,*,#368,.T.);
#531=ORIENTED_EDGE('',*,*,#360,.T.);
#532=ORIENTED_EDGE('',*,*,#368,.F.);
#533=ORIENTED_EDGE('',*,*,#369,.T.);
#534=ORIENTED_EDGE('',*,*,#365,.F.);
#535=ORIENTED_EDGE('',*,*,#354,.T.);
#536=ORIENTED_EDGE('',*,*,#370,.F.);
#537=ORIENTED_EDGE('',*,*,#371,.F.);
#538=ORIENTED_EDGE('',*,*,#372,.F.);
#539=ORIENTED_EDGE('',*,*,#373,.T.);
#540=ORIENTED_EDGE('',*,*,#366,.F.);
#541=ORIENTED_EDGE('',*,*,#369,.F.);
#542=ORIENTED_EDGE('',*,*,#367,.F.);
#543=ORIENTED_EDGE('',*,*,#373,.F.);
#544=ORIENTED_EDGE('',*,*,#357,.F.);
#545=ORIENTED_EDGE('',*,*,#374,.T.);
#546=ORIENTED_EDGE('',*,*,#375,.F.);
#547=ORIENTED_EDGE('',*,*,#376,.F.);
#548=ORIENTED_EDGE('',*,*,#374,.F.);
#549=ORIENTED_EDGE('',*,*,#377,.T.);
#550=ORIENTED_EDGE('',*,*,#370,.T.);
#551=ORIENTED_EDGE('',*,*,#372,.T.);
#552=ORIENTED_EDGE('',*,*,#378,.T.);
#553=ORIENTED_EDGE('',*,*,#379,.T.);
#554=ORIENTED_EDGE('',*,*,#377,.F.);
#555=ORIENTED_EDGE('',*,*,#380,.T.);
#556=ORIENTED_EDGE('',*,*,#378,.F.);
#557=ORIENTED_EDGE('',*,*,#371,.T.);
#558=ORIENTED_EDGE('',*,*,#380,.F.);
#559=ORIENTED_EDGE('',*,*,#381,.T.);
#560=ORIENTED_EDGE('',*,*,#382,.F.);
#561=ORIENTED_EDGE('',*,*,#383,.T.);
#562=ORIENTED_EDGE('',*,*,#343,.T.);
#563=ORIENTED_EDGE('',*,*,#383,.F.);
#564=ORIENTED_EDGE('',*,*,#384,.F.);
#565=ORIENTED_EDGE('',*,*,#385,.T.);
#566=ORIENTED_EDGE('',*,*,#379,.F.);
#567=ORIENTED_EDGE('',*,*,#385,.F.);
#568=ORIENTED_EDGE('',*,*,#386,.F.);
#569=ORIENTED_EDGE('',*,*,#387,.T.);
#570=ORIENTED_EDGE('',*,*,#388,.F.);
#571=ORIENTED_EDGE('',*,*,#389,.F.);
#572=ORIENTED_EDGE('',*,*,#387,.F.);
#573=ORIENTED_EDGE('',*,*,#390,.F.);
#574=ORIENTED_EDGE('',*,*,#381,.F.);
#575=ORIENTED_EDGE('',*,*,#391,.T.);
#576=ORIENTED_EDGE('',*,*,#362,.T.);
#577=ORIENTED_EDGE('',*,*,#364,.T.);
#578=ORIENTED_EDGE('',*,*,#392,.T.);
#579=ORIENTED_EDGE('',*,*,#390,.T.);
#580=ORIENTED_EDGE('',*,*,#386,.T.);
#581=ORIENTED_EDGE('',*,*,#391,.F.);
#582=ORIENTED_EDGE('',*,*,#384,.T.);
#583=ORIENTED_EDGE('',*,*,#382,.T.);
#584=ORIENTED_EDGE('',*,*,#392,.F.);
#585=ORIENTED_EDGE('',*,*,#363,.T.);
#586=ORIENTED_EDGE('',*,*,#358,.T.);
#587=ORIENTED_EDGE('',*,*,#393,.T.);
#588=ORIENTED_EDGE('',*,*,#394,.T.);
#589=ORIENTED_EDGE('',*,*,#393,.F.);
#590=ORIENTED_EDGE('',*,*,#395,.F.);
#591=ORIENTED_EDGE('',*,*,#394,.F.);
#592=ORIENTED_EDGE('',*,*,#389,.T.);
#593=ORIENTED_EDGE('',*,*,#396,.T.);
#594=ORIENTED_EDGE('',*,*,#395,.T.);
#595=ORIENTED_EDGE('',*,*,#396,.F.);
#596=ORIENTED_EDGE('',*,*,#388,.T.);
#597=ORIENTED_EDGE('',*,*,#324,.F.);
#598=ORIENTED_EDGE('',*,*,#397,.T.);
#599=ORIENTED_EDGE('',*,*,#375,.T.);
#600=ORIENTED_EDGE('',*,*,#376,.T.);
#601=ORIENTED_EDGE('',*,*,#397,.F.);
#602=B_SPLINE_SURFACE_WITH_KNOTS('',3,3,((#883,#884,#885,#886,#887,#888,
#889,#890,#891,#892),(#893,#894,#895,#896,#897,#898,#899,#900,#901,#902),
(#903,#904,#905,#906,#907,#908,#909,#910,#911,#912),(#913,#914,#915,#916,
#917,#918,#919,#920,#921,#922),(#923,#924,#925,#926,#927,#928,#929,#930,
#931,#932)),.UNSPECIFIED.,.F.,.F.,.F.,(4,1,4),(4,1,1,1,1,1,1,4),(0.,0.571428571428571,
1.),(3.88671506581969,4.18088272307806,4.47505038033643,4.7692180375948,
5.06338569485316,5.35755335211153,5.6517210093699,5.94588866662827),
 .UNSPECIFIED.);
#603=B_SPLINE_SURFACE_WITH_KNOTS('',3,3,((#1275,#1276,#1277,#1278,#1279),
(#1280,#1281,#1282,#1283,#1284),(#1285,#1286,#1287,#1288,#1289),(#1290,
#1291,#1292,#1293,#1294),(#1295,#1296,#1297,#1298,#1299),(#1300,#1301,#1302,
#1303,#1304)),.UNSPECIFIED.,.F.,.F.,.F.,(4,1,1,4),(4,1,4),(0.,0.285714285714286,
0.571428571428571,1.),(0.218982013951722,0.612803413614335,0.908169463361295),
 .UNSPECIFIED.);
#604=B_SPLINE_SURFACE_WITH_KNOTS('',3,3,((#1356,#1357,#1358,#1359,#1360),
(#1361,#1362,#1363,#1364,#1365),(#1366,#1367,#1368,#1369,#1370),(#1371,
#1372,#1373,#1374,#1375),(#1376,#1377,#1378,#1379,#1380)),.UNSPECIFIED.,
 .F.,.F.,.F.,(4,1,4),(4,1,4),(0.,0.571428571428571,1.),(0.,0.227616111257306,
0.53110425960038),.UNSPECIFIED.);
#605=B_SPLINE_SURFACE_WITH_KNOTS('',3,3,((#1388,#1389,#1390,#1391,#1392),
(#1393,#1394,#1395,#1396,#1397),(#1398,#1399,#1400,#1401,#1402),(#1403,
#1404,#1405,#1406,#1407),(#1408,#1409,#1410,#1411,#1412),(#1413,#1414,#1415,
#1416,#1417)),.UNSPECIFIED.,.F.,.F.,.F.,(4,1,1,4),(4,1,4),(0.,0.285714285714286,
0.571428571428571,1.),(1.43866851247621,1.83268761420546,2.12820194050239),
 .UNSPECIFIED.);
#606=B_SPLINE_SURFACE_WITH_KNOTS('',3,3,((#1466,#1467,#1468,#1469,#1470,
#1471,#1472,#1473,#1474,#1475,#1476,#1477,#1478,#1479,#1480,#1481,#1482,
#1483,#1484),(#1485,#1486,#1487,#1488,#1489,#1490,#1491,#1492,#1493,#1494,
#1495,#1496,#1497,#1498,#1499,#1500,#1501,#1502,#1503),(#1504,#1505,#1506,
#1507,#1508,#1509,#1510,#1511,#1512,#1513,#1514,#1515,#1516,#1517,#1518,
#1519,#1520,#1521,#1522),(#1523,#1524,#1525,#1526,#1527,#1528,#1529,#1530,
#1531,#1532,#1533,#1534,#1535,#1536,#1537,#1538,#1539,#1540,#1541),(#1542,
#1543,#1544,#1545,#1546,#1547,#1548,#1549,#1550,#1551,#1552,#1553,#1554,
#1555,#1556,#1557,#1558,#1559,#1560)),.UNSPECIFIED.,.F.,.F.,.F.,(4,1,4),
(4,1,1,1,1,1,1,1,1,1,1,1,1,1,1,1,4),(0.,0.571428571428571,1.),(0.,0.215512097741711,
0.431024195483422,0.646536293225133,0.862048390966844,1.07756048870856,
1.29307258645027,1.72409678193369,2.58614517290053,3.44819356386738,4.31024195483422,
4.74126615031764,4.95677824805936,5.17229034580107,5.38780244354278,5.60331454128449,
6.03433873676791),.UNSPECIFIED.);
#607=B_SPLINE_SURFACE_WITH_KNOTS('',3,3,((#1615,#1616,#1617,#1618,#1619,
#1620,#1621),(#1622,#1623,#1624,#1625,#1626,#1627,#1628),(#1629,#1630,#1631,
#1632,#1633,#1634,#1635),(#1636,#1637,#1638,#1639,#1640,#1641,#1642),(#1643,
#1644,#1645,#1646,#1647,#1648,#1649)),.UNSPECIFIED.,.F.,.F.,.F.,(4,1,4),
(4,1,1,1,4),(0.,0.571428571428571,1.),(0.,0.621205939209418,0.931808908814127,
1.55301484802354,2.17422078723296),.UNSPECIFIED.);
#608=B_SPLINE_SURFACE_WITH_KNOTS('',3,3,((#1767,#1768,#1769,#1770,#1771,
#1772,#1773,#1774,#1775,#1776,#1777,#1778,#1779,#1780,#1781,#1782,#1783,
#1784,#1785),(#1786,#1787,#1788,#1789,#1790,#1791,#1792,#1793,#1794,#1795,
#1796,#1797,#1798,#1799,#1800,#1801,#1802,#1803,#1804),(#1805,#1806,#1807,
#1808,#1809,#1810,#1811,#1812,#1813,#1814,#1815,#1816,#1817,#1818,#1819,
#1820,#1821,#1822,#1823),(#1824,#1825,#1826,#1827,#1828,#1829,#1830,#1831,
#1832,#1833,#1834,#1835,#1836,#1837,#1838,#1839,#1840,#1841,#1842),(#1843,
#1844,#1845,#1846,#1847,#1848,#1849,#1850,#1851,#1852,#1853,#1854,#1855,
#1856,#1857,#1858,#1859,#1860,#1861)),.UNSPECIFIED.,.F.,.F.,.F.,(4,1,4),
(4,1,1,1,1,1,1,1,1,1,1,1,1,1,1,1,4),(0.,0.571428571428571,1.),(0.,0.215512097741711,
0.431024195483422,0.646536293225133,0.862048390966843,1.07756048870855,
1.29307258645027,1.72409678193369,2.58614517290053,3.44819356386737,4.31024195483422,
4.74126615031764,4.95677824805935,5.17229034580106,5.38780244354277,5.60331454128448,
6.0343387367679),.UNSPECIFIED.);
#609=B_SPLINE_SURFACE_WITH_KNOTS('',3,3,((#1890,#1891,#1892,#1893,#1894,
#1895,#1896),(#1897,#1898,#1899,#1900,#1901,#1902,#1903),(#1904,#1905,#1906,
#1907,#1908,#1909,#1910),(#1911,#1912,#1913,#1914,#1915,#1916,#1917),(#1918,
#1919,#1920,#1921,#1922,#1923,#1924)),.UNSPECIFIED.,.F.,.F.,.F.,(4,1,4),
(4,1,1,1,4),(0.,0.571428571428571,1.),(0.,0.621205962722696,1.24241192544539,
1.86361788816809,2.17422086952944),.UNSPECIFIED.);
#610=B_SPLINE_SURFACE_WITH_KNOTS('',3,3,((#1998,#1999,#2000,#2001,#2002,
#2003,#2004,#2005,#2006,#2007,#2008,#2009,#2010,#2011,#2012,#2013,#2014,
#2015,#2016,#2017,#2018,#2019,#2020,#2021,#2022,#2023),(#2024,#2025,#2026,
#2027,#2028,#2029,#2030,#2031,#2032,#2033,#2034,#2035,#2036,#2037,#2038,
#2039,#2040,#2041,#2042,#2043,#2044,#2045,#2046,#2047,#2048,#2049),(#2050,
#2051,#2052,#2053,#2054,#2055,#2056,#2057,#2058,#2059,#2060,#2061,#2062,
#2063,#2064,#2065,#2066,#2067,#2068,#2069,#2070,#2071,#2072,#2073,#2074,
#2075),(#2076,#2077,#2078,#2079,#2080,#2081,#2082,#2083,#2084,#2085,#2086,
#2087,#2088,#2089,#2090,#2091,#2092,#2093,#2094,#2095,#2096,#2097,#2098,
#2099,#2100,#2101),(#2102,#2103,#2104,#2105,#2106,#2107,#2108,#2109,#2110,
#2111,#2112,#2113,#2114,#2115,#2116,#2117,#2118,#2119,#2120,#2121,#2122,
#2123,#2124,#2125,#2126,#2127),(#2128,#2129,#2130,#2131,#2132,#2133,#2134,
#2135,#2136,#2137,#2138,#2139,#2140,#2141,#2142,#2143,#2144,#2145,#2146,
#2147,#2148,#2149,#2150,#2151,#2152,#2153)),.UNSPECIFIED.,.F.,.F.,.F.,(4,
1,1,4),(4,1,1,1,1,1,1,1,1,1,1,1,1,1,1,1,1,1,1,1,1,1,1,4),(0.,0.285714285714286,
0.571428571428571,1.),(0.,0.212477833963728,0.424955667927456,0.637433501891184,
0.849911335854912,0.956150252836776,1.06238916981864,1.27486700378237,1.4873448377461,
1.69982267170982,2.12477833963728,2.54973400756474,3.39964534341965,3.8246010113471,
4.24955667927456,4.46203451323829,4.67451234720201,4.88699018116574,4.99322909814761,
5.09946801512947,5.3119458490932,5.52442368305693,5.73690151702066,5.94937935098438),
 .UNSPECIFIED.);
#611=B_SPLINE_SURFACE_WITH_KNOTS('',3,3,((#2184,#2185,#2186,#2187,#2188,
#2189,#2190),(#2191,#2192,#2193,#2194,#2195,#2196,#2197),(#2198,#2199,#2200,
#2201,#2202,#2203,#2204),(#2205,#2206,#2207,#2208,#2209,#2210,#2211),(#2212,
#2213,#2214,#2215,#2216,#2217,#2218),(#2219,#2220,#2221,#2222,#2223,#2224,
#2225)),.UNSPECIFIED.,.F.,.F.,.F.,(4,1,1,4),(4,1,1,1,4),(0.,0.285714285714286,
0.571428571428571,1.),(0.,0.642261249870492,0.963391874805739,1.60565312467623,
2.24791437454672),.UNSPECIFIED.);
#612=B_SPLINE_SURFACE_WITH_KNOTS('',3,3,((#2288,#2289,#2290,#2291,#2292,
#2293,#2294,#2295,#2296,#2297,#2298,#2299,#2300,#2301,#2302,#2303,#2304,
#2305,#2306,#2307,#2308,#2309,#2310,#2311,#2312,#2313),(#2314,#2315,#2316,
#2317,#2318,#2319,#2320,#2321,#2322,#2323,#2324,#2325,#2326,#2327,#2328,
#2329,#2330,#2331,#2332,#2333,#2334,#2335,#2336,#2337,#2338,#2339),(#2340,
#2341,#2342,#2343,#2344,#2345,#2346,#2347,#2348,#2349,#2350,#2351,#2352,
#2353,#2354,#2355,#2356,#2357,#2358,#2359,#2360,#2361,#2362,#2363,#2364,
#2365),(#2366,#2367,#2368,#2369,#2370,#2371,#2372,#2373,#2374,#2375,#2376,
#2377,#2378,#2379,#2380,#2381,#2382,#2383,#2384,#2385,#2386,#2387,#2388,
#2389,#2390,#2391),(#2392,#2393,#2394,#2395,#2396,#2397,#2398,#2399,#2400,
#2401,#2402,#2403,#2404,#2405,#2406,#2407,#2408,#2409,#2410,#2411,#2412,
#2413,#2414,#2415,#2416,#2417),(#2418,#2419,#2420,#2421,#2422,#2423,#2424,
#2425,#2426,#2427,#2428,#2429,#2430,#2431,#2432,#2433,#2434,#2435,#2436,
#2437,#2438,#2439,#2440,#2441,#2442,#2443)),.UNSPECIFIED.,.F.,.F.,.F.,(4,
1,1,4),(4,1,1,1,1,1,1,1,1,1,1,1,1,1,1,1,1,1,1,1,1,1,1,4),(0.,0.285714285714286,
0.571428571428571,1.),(0.,0.212477833963728,0.424955667927457,0.637433501891185,
0.849911335854913,0.956150252836777,1.06238916981864,1.27486700378237,1.4873448377461,
1.69982267170983,2.12477833963728,2.54973400756474,3.11634156480135,3.82460101134711,
4.24955667927457,4.46203451323829,4.67451234720202,4.88699018116575,4.99322909814761,
5.09946801512948,5.31194584909321,5.52442368305693,5.73690151702066,5.94937935098439),
 .UNSPECIFIED.);
#613=B_SPLINE_SURFACE_WITH_KNOTS('',3,3,((#2446,#2447,#2448,#2449,#2450,
#2451,#2452),(#2453,#2454,#2455,#2456,#2457,#2458,#2459),(#2460,#2461,#2462,
#2463,#2464,#2465,#2466),(#2467,#2468,#2469,#2470,#2471,#2472,#2473),(#2474,
#2475,#2476,#2477,#2478,#2479,#2480),(#2481,#2482,#2483,#2484,#2485,#2486,
#2487)),.UNSPECIFIED.,.F.,.F.,.F.,(4,1,1,4),(4,1,1,1,4),(0.,0.285714285714286,
0.571428571428571,1.),(1.75082123136752E-15,0.642261785605901,1.2845235712118,
1.9267853568177,2.24791624962065),.UNSPECIFIED.);
#614=ADVANCED_FACE('',(#84),#602,.F.);
#615=ADVANCED_FACE('',(#85),#76,.T.);
#616=ADVANCED_FACE('',(#86),#27,.F.);
#617=ADVANCED_FACE('',(#87),#28,.T.);
#618=ADVANCED_FACE('',(#88),#29,.F.);
#619=ADVANCED_FACE('',(#89),#77,.F.);
#620=ADVANCED_FACE('',(#90),#20,.T.);
#621=ADVANCED_FACE('',(#91),#78,.F.);
#622=ADVANCED_FACE('',(#92),#30,.F.);
#623=ADVANCED_FACE('',(#93),#79,.T.);
#624=ADVANCED_FACE('',(#94),#603,.F.);
#625=ADVANCED_FACE('',(#95),#604,.F.);
#626=ADVANCED_FACE('',(#96),#605,.F.);
#627=ADVANCED_FACE('',(#97),#21,.F.);
#628=ADVANCED_FACE('',(#98),#80,.T.);
#629=ADVANCED_FACE('',(#99),#81,.T.);
#630=ADVANCED_FACE('',(#100),#18,.T.);
#631=ADVANCED_FACE('',(#101),#606,.F.);
#632=ADVANCED_FACE('',(#102),#607,.F.);
#633=ADVANCED_FACE('',(#103),#22,.F.);
#634=ADVANCED_FACE('',(#104),#82,.F.);
#635=ADVANCED_FACE('',(#105),#16,.T.);
#636=ADVANCED_FACE('',(#106),#608,.F.);
#637=ADVANCED_FACE('',(#107),#609,.F.);
#638=ADVANCED_FACE('',(#108),#17,.T.);
#639=ADVANCED_FACE('',(#109),#19,.F.);
#640=ADVANCED_FACE('',(#110),#610,.F.);
#641=ADVANCED_FACE('',(#111),#611,.F.);
#642=ADVANCED_FACE('',(#112),#23,.T.);
#643=ADVANCED_FACE('',(#113),#83,.T.);
#644=ADVANCED_FACE('',(#114),#612,.F.);
#645=ADVANCED_FACE('',(#115),#613,.F.);
#646=ADVANCED_FACE('',(#116),#24,.T.);
#647=ADVANCED_FACE('',(#117,#15),#31,.T.);
#648=ADVANCED_FACE('',(#118),#25,.T.);
#649=ADVANCED_FACE('',(#119),#26,.F.);
#650=CLOSED_SHELL('',(#614,#615,#616,#617,#618,#619,#620,#621,#622,#623,
#624,#625,#626,#627,#628,#629,#630,#631,#632,#633,#634,#635,#636,#637,#638,
#639,#640,#641,#642,#643,#644,#645,#646,#647,#648,#649));
#651=DERIVED_UNIT_ELEMENT(#653,1.);
#652=DERIVED_UNIT_ELEMENT(#2504,-3.);
#653=(
MASS_UNIT()
NAMED_UNIT(*)
SI_UNIT(.KILO.,.GRAM.)
);
#654=DERIVED_UNIT((#651,#652));
#655=MEASURE_REPRESENTATION_ITEM('density measure',
POSITIVE_RATIO_MEASURE(7850.),#654);
#656=PROPERTY_DEFINITION_REPRESENTATION(#661,#658);
#657=PROPERTY_DEFINITION_REPRESENTATION(#662,#659);
#658=REPRESENTATION('material name',(#660),#2501);
#659=REPRESENTATION('density',(#655),#2501);
#660=DESCRIPTIVE_REPRESENTATION_ITEM('Steel','Steel');
#661=PROPERTY_DEFINITION('material property','material name',#2511);
#662=PROPERTY_DEFINITION('material property','density of part',#2511);
#663=AXIS2_PLACEMENT_3D('',#882,#730,#731);
#664=AXIS2_PLACEMENT_3D('',#1140,#733,#734);
#665=AXIS2_PLACEMENT_3D('',#1144,#736,#737);
#666=AXIS2_PLACEMENT_3D('',#1146,#739,#740);
#667=AXIS2_PLACEMENT_3D('',#1152,#744,#745);
#668=AXIS2_PLACEMENT_3D('',#1154,#746,#747);
#669=AXIS2_PLACEMENT_3D('',#1156,#748,#749);
#670=AXIS2_PLACEMENT_3D('',#1158,#750,#751);
#671=AXIS2_PLACEMENT_3D('',#1161,#753,#754);
#672=AXIS2_PLACEMENT_3D('',#1162,#755,#756);
#673=AXIS2_PLACEMENT_3D('',#1163,#757,#758);
#674=AXIS2_PLACEMENT_3D('',#1220,#760,#761);
#675=AXIS2_PLACEMENT_3D('',#1221,#762,#763);
#676=AXIS2_PLACEMENT_3D('',#1222,#764,#765);
#677=AXIS2_PLACEMENT_3D('',#1244,#768,#769);
#678=AXIS2_PLACEMENT_3D('',#1246,#770,#771);
#679=AXIS2_PLACEMENT_3D('',#1248,#772,#773);
#680=AXIS2_PLACEMENT_3D('',#1250,#774,#775);
#681=AXIS2_PLACEMENT_3D('',#1251,#776,#777);
#682=AXIS2_PLACEMENT_3D('',#1252,#778,#779);
#683=AXIS2_PLACEMENT_3D('',#1254,#781,#782);
#684=AXIS2_PLACEMENT_3D('',#1256,#784,#785);
#685=AXIS2_PLACEMENT_3D('',#1306,#787,#788);
#686=AXIS2_PLACEMENT_3D('',#1382,#789,#790);
#687=AXIS2_PLACEMENT_3D('',#1452,#791,#792);
#688=AXIS2_PLACEMENT_3D('',#1454,#793,#794);
#689=AXIS2_PLACEMENT_3D('',#1456,#795,#796);
#690=AXIS2_PLACEMENT_3D('',#1457,#797,#798);
#691=AXIS2_PLACEMENT_3D('',#1458,#799,#800);
#692=AXIS2_PLACEMENT_3D('',#1459,#801,#802);
#693=AXIS2_PLACEMENT_3D('',#1461,#804,#805);
#694=AXIS2_PLACEMENT_3D('',#1462,#806,#807);
#695=AXIS2_PLACEMENT_3D('',#1465,#809,#810);
#696=AXIS2_PLACEMENT_3D('',#1563,#811,#812);
#697=AXIS2_PLACEMENT_3D('',#1590,#813,#814);
#698=AXIS2_PLACEMENT_3D('',#1669,#815,#816);
#699=AXIS2_PLACEMENT_3D('',#1671,#817,#818);
#700=AXIS2_PLACEMENT_3D('',#1680,#819,#820);
#701=AXIS2_PLACEMENT_3D('',#1682,#821,#822);
#702=AXIS2_PLACEMENT_3D('',#1683,#823,#824);
#703=AXIS2_PLACEMENT_3D('',#1684,#825,#826);
#704=AXIS2_PLACEMENT_3D('',#1686,#827,#828);
#705=AXIS2_PLACEMENT_3D('',#1863,#830,#831);
#706=AXIS2_PLACEMENT_3D('',#1889,#832,#833);
#707=AXIS2_PLACEMENT_3D('',#1992,#834,#835);
#708=AXIS2_PLACEMENT_3D('',#1996,#837,#838);
#709=AXIS2_PLACEMENT_3D('',#1997,#839,#840);
#710=AXIS2_PLACEMENT_3D('',#2155,#841,#842);
#711=AXIS2_PLACEMENT_3D('',#2157,#843,#844);
#712=AXIS2_PLACEMENT_3D('',#2233,#845,#846);
#713=AXIS2_PLACEMENT_3D('',#2235,#847,#848);
#714=AXIS2_PLACEMENT_3D('',#2242,#849,#850);
#715=AXIS2_PLACEMENT_3D('',#2250,#851,#852);
#716=AXIS2_PLACEMENT_3D('',#2251,#853,#854);
#717=AXIS2_PLACEMENT_3D('',#2271,#856,#857);
#718=AXIS2_PLACEMENT_3D('',#2272,#858,#859);
#719=AXIS2_PLACEMENT_3D('',#2444,#860,#861);
#720=AXIS2_PLACEMENT_3D('',#2445,#862,#863);
#721=AXIS2_PLACEMENT_3D('',#2488,#864,#865);
#722=AXIS2_PLACEMENT_3D('',#2490,#866,#867);
#723=AXIS2_PLACEMENT_3D('',#2491,#868,#869);
#724=AXIS2_PLACEMENT_3D('',#2492,#870,#871);
#725=AXIS2_PLACEMENT_3D('',#2494,#872,#873);
#726=AXIS2_PLACEMENT_3D('',#2495,#874,#875);
#727=AXIS2_PLACEMENT_3D('',#2496,#876,#877);
#728=AXIS2_PLACEMENT_3D('',#2497,#878,#879);
#729=AXIS2_PLACEMENT_3D('',#2498,#880,#881);
#730=DIRECTION('axis',(0.,0.,1.));
#731=DIRECTION('refdir',(1.,0.,0.));
#732=DIRECTION('',(0.,-1.,-2.22044604925031E-16));
#733=DIRECTION('center_axis',(0.,-7.40148683083437E-17,1.));
#734=DIRECTION('ref_axis',(-0.855731423748318,0.517420264784515,1.14890378274283E-16));
#735=DIRECTION('',(0.,7.40148683083437E-17,-1.));
#736=DIRECTION('center_axis',(0.,0.,1.));
#737=DIRECTION('ref_axis',(-0.855731423748318,0.517420264784515,1.14890378274283E-16));
#738=DIRECTION('',(0.,-7.40148683083437E-17,1.));
#739=DIRECTION('center_axis',(-1.,0.,0.));
#740=DIRECTION('ref_axis',(0.,-2.22044604925031E-16,1.));
#741=DIRECTION('',(0.,1.,2.22044604925031E-16));
#742=DIRECTION('',(0.,-7.40148683083437E-17,1.));
#743=DIRECTION('',(0.,-1.,0.));
#744=DIRECTION('center_axis',(0.,0.,-1.));
#745=DIRECTION('ref_axis',(-1.,0.,0.));
#746=DIRECTION('center_axis',(0.,0.,1.));
#747=DIRECTION('ref_axis',(0.54415006274017,-0.838987907672017,-1.86292738495912E-16));
#748=DIRECTION('center_axis',(0.,0.,-1.));
#749=DIRECTION('ref_axis',(1.,0.,0.));
#750=DIRECTION('center_axis',(0.,0.,1.));
#751=DIRECTION('ref_axis',(-0.544566199308911,-0.838717863509683,-1.86232776646574E-16));
#752=DIRECTION('',(0.,1.,0.));
#753=DIRECTION('center_axis',(0.,0.,-1.));
#754=DIRECTION('ref_axis',(1.,7.28015098114857E-17,5.38839416134571E-33));
#755=DIRECTION('center_axis',(0.,0.,-1.));
#756=DIRECTION('ref_axis',(1.,7.28015098114857E-17,5.38839416134571E-33));
#757=DIRECTION('center_axis',(0.,-2.22044604925031E-16,1.));
#758=DIRECTION('ref_axis',(1.,0.,0.));
#759=DIRECTION('',(0.,1.,2.22044604925031E-16));
#760=DIRECTION('center_axis',(0.,-2.22044604925031E-16,1.));
#761=DIRECTION('ref_axis',(1.,0.,0.));
#762=DIRECTION('center_axis',(0.,-2.22044604925031E-16,1.));
#763=DIRECTION('ref_axis',(0.54415006274017,-0.838987907672017,-1.86292738495912E-16));
#764=DIRECTION('center_axis',(0.,1.,2.22044604925031E-16));
#765=DIRECTION('ref_axis',(-0.707106781186548,-1.57009245868377E-16,0.707106781186547));
#766=DIRECTION('',(0.,-1.,-2.22044604925031E-16));
#767=DIRECTION('',(0.,-1.,-2.22044604925031E-16));
#768=DIRECTION('center_axis',(0.,7.40148683083437E-17,-1.));
#769=DIRECTION('ref_axis',(-1.,0.,0.));
#770=DIRECTION('center_axis',(0.,-7.40148683083437E-17,1.));
#771=DIRECTION('ref_axis',(1.,0.,0.));
#772=DIRECTION('center_axis',(-1.23109407972548E-16,-1.,-7.40148683083437E-17));
#773=DIRECTION('ref_axis',(1.,-1.23109407972548E-16,0.));
#774=DIRECTION('center_axis',(0.,7.40148683083437E-17,-1.));
#775=DIRECTION('ref_axis',(1.,-5.29225967341229E-17,-1.17511770834351E-32));
#776=DIRECTION('center_axis',(0.,7.40148683083437E-17,-1.));
#777=DIRECTION('ref_axis',(1.,-5.29225967341229E-17,-1.17511770834351E-32));
#778=DIRECTION('center_axis',(0.,7.40148683083437E-17,-1.));
#779=DIRECTION('ref_axis',(1.,7.28015098114857E-17,5.38839416134571E-33));
#780=DIRECTION('',(0.,-7.40148683083437E-17,1.));
#781=DIRECTION('center_axis',(1.,0.,0.));
#782=DIRECTION('ref_axis',(0.,2.22044604925031E-16,-1.));
#783=DIRECTION('',(0.,7.40148683083437E-17,-1.));
#784=DIRECTION('center_axis',(0.,7.40148683083437E-17,-1.));
#785=DIRECTION('ref_axis',(-0.544566199308911,-0.838717863509683,-1.86232776646574E-16));
#786=DIRECTION('',(0.,-7.40148683083437E-17,1.));
#787=DIRECTION('center_axis',(-0.884577453151171,0.162499493483786,-0.437168896416592));
#788=DIRECTION('ref_axis',(0.443057742122906,1.99061451104952E-16,-0.896493077020092));
#789=DIRECTION('center_axis',(-0.884577448888733,-0.162499486479815,0.437168907644743));
#790=DIRECTION('ref_axis',(-0.443057752984366,1.99061449913046E-16,-0.896493071652227));
#791=DIRECTION('center_axis',(0.,-7.40148683083437E-17,1.));
#792=DIRECTION('ref_axis',(1.,0.,0.));
#793=DIRECTION('center_axis',(0.,-7.40148683083437E-17,1.));
#794=DIRECTION('ref_axis',(1.,-3.3744448134963E-17,-7.49277265454106E-33));
#795=DIRECTION('center_axis',(1.22861702926325E-16,-1.,-7.40148683083437E-17));
#796=DIRECTION('ref_axis',(-1.,-1.22861702926325E-16,0.));
#797=DIRECTION('center_axis',(0.,2.22044604925031E-16,-1.));
#798=DIRECTION('ref_axis',(1.,0.,0.));
#799=DIRECTION('center_axis',(0.,-7.40148683083437E-17,1.));
#800=DIRECTION('ref_axis',(1.,-3.3744448134963E-17,-7.49277265454106E-33));
#801=DIRECTION('center_axis',(0.,-7.40148683083437E-17,1.));
#802=DIRECTION('ref_axis',(0.54415006274017,-0.838987907672017,-1.86292738495912E-16));
#803=DIRECTION('',(0.,7.40148683083437E-17,-1.));
#804=DIRECTION('center_axis',(0.,7.40148683083437E-17,-1.));
#805=DIRECTION('ref_axis',(-2.02822374989121E-9,1.,7.40148683083437E-17));
#806=DIRECTION('center_axis',(0.,-2.22044604925031E-16,1.));
#807=DIRECTION('ref_axis',(1.,0.,0.));
#808=DIRECTION('',(-0.928476690885259,3.12403047536688E-17,0.371390676354104));
#809=DIRECTION('center_axis',(8.48897528700755E-17,-5.22650991848802E-17,
1.));
#810=DIRECTION('ref_axis',(1.,1.88493116382195E-32,-8.48897528700755E-17));
#811=DIRECTION('center_axis',(0.33163887069899,-0.870886831193225,0.362728254614556));
#812=DIRECTION('ref_axis',(0.934533257677745,0.355875807402275,7.18444766065804E-15));
#813=DIRECTION('center_axis',(0.32407032499097,0.873311506799513,0.36373814283329));
#814=DIRECTION('ref_axis',(0.,-0.384487798416743,0.923130073645446));
#815=DIRECTION('center_axis',(0.,0.,1.));
#816=DIRECTION('ref_axis',(1.,0.,0.));
#817=DIRECTION('center_axis',(0.,0.,1.));
#818=DIRECTION('ref_axis',(1.,2.49247947615696E-17,5.53441620567021E-33));
#819=DIRECTION('center_axis',(0.,0.,1.));
#820=DIRECTION('ref_axis',(1.,2.49247947615696E-17,5.53441620567021E-33));
#821=DIRECTION('center_axis',(1.21734980770302E-16,-1.,0.));
#822=DIRECTION('ref_axis',(-1.,-1.21734980770302E-16,0.));
#823=DIRECTION('center_axis',(1.73504263657446E-16,3.95548868582477E-16,
-1.));
#824=DIRECTION('ref_axis',(1.,-3.8525685676626E-32,1.73504263657446E-16));
#825=DIRECTION('center_axis',(0.,0.,-1.));
#826=DIRECTION('ref_axis',(1.,0.,0.));
#827=DIRECTION('center_axis',(0.,-1.22464679914735E-16,-1.));
#828=DIRECTION('ref_axis',(1.,-1.51100563526213E-17,-3.35510649321277E-33));
#829=DIRECTION('',(0.,0.,-1.));
#830=DIRECTION('center_axis',(-0.324070324990975,0.873311506799509,0.363738142833296));
#831=DIRECTION('ref_axis',(-0.937531231977123,-0.347901119669739,3.47546411213042E-15));
#832=DIRECTION('center_axis',(-0.331638870698994,-0.870886831193223,0.362728254614557));
#833=DIRECTION('ref_axis',(0.,0.384487798416747,0.923130073645444));
#834=DIRECTION('center_axis',(0.,-2.22044604925031E-16,1.));
#835=DIRECTION('ref_axis',(1.,0.,0.));
#836=DIRECTION('',(0.907959384500452,2.04242562853525E-16,-0.419058177461747));
#837=DIRECTION('center_axis',(-1.36667167553945E-16,5.12897301828584E-17,
1.));
#838=DIRECTION('ref_axis',(1.,-3.03462072257387E-32,1.36667167553945E-16));
#839=DIRECTION('center_axis',(-1.36667167553945E-16,5.12897301828584E-17,
1.));
#840=DIRECTION('ref_axis',(1.,-3.03462072257387E-32,1.36667167553945E-16));
#841=DIRECTION('center_axis',(-0.333786017521467,-0.862759687886148,0.379779693329904));
#842=DIRECTION('ref_axis',(0.932635579389824,-0.360819727919922,-3.63283175273561E-15));
#843=DIRECTION('center_axis',(-0.326379300684691,0.86513019994647,0.380823173172475));
#844=DIRECTION('ref_axis',(0.,-0.402885639504463,0.915250327222602));
#845=DIRECTION('center_axis',(0.,0.,1.));
#846=DIRECTION('ref_axis',(1.,0.,0.));
#847=DIRECTION('center_axis',(0.,0.,-1.));
#848=DIRECTION('ref_axis',(1.,4.05656472936734E-17,9.00738312685186E-33));
#849=DIRECTION('center_axis',(1.2335811384724E-16,-1.,0.));
#850=DIRECTION('ref_axis',(-1.,-1.2335811384724E-16,0.));
#851=DIRECTION('center_axis',(0.,0.,-1.));
#852=DIRECTION('ref_axis',(1.,4.05656472936734E-17,9.00738312685186E-33));
#853=DIRECTION('center_axis',(0.,0.,-1.));
#854=DIRECTION('ref_axis',(1.,0.,0.));
#855=DIRECTION('',(0.,0.,1.));
#856=DIRECTION('center_axis',(0.,1.22464679914735E-16,1.));
#857=DIRECTION('ref_axis',(1.,-1.36710033666574E-17,-3.03557254147821E-33));
#858=DIRECTION('center_axis',(0.,1.22464679914735E-16,1.));
#859=DIRECTION('ref_axis',(1.,-1.36710033666574E-17,-3.03557254147821E-33));
#860=DIRECTION('center_axis',(0.326379300684677,0.865130199946472,0.380823173172482));
#861=DIRECTION('ref_axis',(-0.935632054335227,0.352976853207747,1.07365176423198E-14));
#862=DIRECTION('center_axis',(0.33378601752147,-0.862759687886147,0.379779693329903));
#863=DIRECTION('ref_axis',(0.,0.402885639504475,0.915250327222597));
#864=DIRECTION('center_axis',(0.,1.22464679914735E-16,1.));
#865=DIRECTION('ref_axis',(1.,0.,0.));
#866=DIRECTION('center_axis',(1.23109407972548E-16,-1.,1.22464679914735E-16));
#867=DIRECTION('ref_axis',(-1.,-1.23109407972548E-16,0.));
#868=DIRECTION('center_axis',(0.,1.22464679914735E-16,1.));
#869=DIRECTION('ref_axis',(1.,-1.51100563526213E-17,1.85044821471739E-33));
#870=DIRECTION('center_axis',(0.,1.22464679914735E-16,1.));
#871=DIRECTION('ref_axis',(1.,0.,0.));
#872=DIRECTION('center_axis',(0.,-1.22464679914735E-16,-1.));
#873=DIRECTION('ref_axis',(1.,-1.36710033666574E-17,1.67421505141097E-33));
#874=DIRECTION('center_axis',(0.,-1.22464679914735E-16,-1.));
#875=DIRECTION('ref_axis',(-1.,0.,0.));
#876=DIRECTION('center_axis',(-1.2335811384724E-16,-1.,1.22464679914735E-16));
#877=DIRECTION('ref_axis',(1.,-1.2335811384724E-16,0.));
#878=DIRECTION('center_axis',(0.,0.,-1.));
#879=DIRECTION('ref_axis',(-1.,0.,0.));
#880=DIRECTION('center_axis',(-1.23185391628395E-16,-1.,0.));
#881=DIRECTION('ref_axis',(1.,-1.23185391628395E-16,0.));
#882=CARTESIAN_POINT('',(0.,0.,0.));
#883=CARTESIAN_POINT('Ctrl Pts',(4.99152252165742,-11.5000673452257,1.39279112355875));
#884=CARTESIAN_POINT('Ctrl Pts',(5.05240476222149,-11.4633537098611,2.24280741024303));
#885=CARTESIAN_POINT('Ctrl Pts',(4.7177848370566,-11.6856051096317,3.97136879898728));
#886=CARTESIAN_POINT('Ctrl Pts',(3.1064265099275,-12.4724977430349,5.93299091465142));
#887=CARTESIAN_POINT('Ctrl Pts',(0.697080312402265,-13.0145272426485,6.93289804273935));
#888=CARTESIAN_POINT('Ctrl Pts',(-1.94139126385204,-12.8192655469465,6.59083146082264));
#889=CARTESIAN_POINT('Ctrl Pts',(-3.99799875339192,-12.0802422283705,5.07963259889296));
#890=CARTESIAN_POINT('Ctrl Pts',(-5.11995912401014,-11.4183440677296,2.7543001646701));
#891=CARTESIAN_POINT('Ctrl Pts',(-5.00736713292189,-11.4905481602231,0.979844035754241));
#892=CARTESIAN_POINT('Ctrl Pts',(-4.74277961240948,-11.6404935933942,0.179889223889713));
#893=CARTESIAN_POINT('Ctrl Pts',(4.99110638002063,-11.3445790249459,1.38698110136562));
#894=CARTESIAN_POINT('Ctrl Pts',(5.05398756693592,-11.3091805743048,2.25062494137334));
#895=CARTESIAN_POINT('Ctrl Pts',(4.70774567354154,-11.5243335561838,4.00951196818445));
#896=CARTESIAN_POINT('Ctrl Pts',(3.05865931472037,-12.2773608515836,5.96637491602857));
#897=CARTESIAN_POINT('Ctrl Pts',(0.676833389582954,-12.7824564699532,6.92277531132103));
#898=CARTESIAN_POINT('Ctrl Pts',(-1.89546757194427,-12.6022930396085,6.60082059953063));
#899=CARTESIAN_POINT('Ctrl Pts',(-3.96617344474095,-11.9042615453804,5.12413413030486));
#900=CARTESIAN_POINT('Ctrl Pts',(-5.12426283379849,-11.2656854234622,2.77350654505627));
#901=CARTESIAN_POINT('Ctrl Pts',(-5.00733782164677,-11.3355943925947,0.966014822376772));
#902=CARTESIAN_POINT('Ctrl Pts',(-4.73497447004381,-11.4798755974835,0.156291129842728));
#903=CARTESIAN_POINT('Ctrl Pts',(5.07775153279216,-11.0731316960558,1.3705801450907));
#904=CARTESIAN_POINT('Ctrl Pts',(5.1430100889432,-11.0399702159323,2.27331837971307));
#905=CARTESIAN_POINT('Ctrl Pts',(4.78373599633478,-11.2423643208764,4.11157517016822));
#906=CARTESIAN_POINT('Ctrl Pts',(3.07862701650558,-11.9378313315941,6.14313017766479));
#907=CARTESIAN_POINT('Ctrl Pts',(0.673837936515285,-12.3822441243732,7.114052252492));
#908=CARTESIAN_POINT('Ctrl Pts',(-1.89533130473822,-12.2264072962205,6.78994308816948));
#909=CARTESIAN_POINT('Ctrl Pts',(-4.01465961462508,-11.5970708200012,5.27314780947979));
#910=CARTESIAN_POINT('Ctrl Pts',(-5.21621782108338,-10.9988505527739,2.82019772811413));
#911=CARTESIAN_POINT('Ctrl Pts',(-5.0945460845262,-11.0649230154442,0.930318119190524));
#912=CARTESIAN_POINT('Ctrl Pts',(-4.81235739794465,-11.1996024937654,0.0850138292540798));
#913=CARTESIAN_POINT('Ctrl Pts',(5.28829349329189,-10.8898650279695,1.34861699368934));
#914=CARTESIAN_POINT('Ctrl Pts',(5.35400959565324,-10.856252087902,2.30371583508605));
#915=CARTESIAN_POINT('Ctrl Pts',(4.99247755567052,-11.0606696676482,4.24667315218674));
#916=CARTESIAN_POINT('Ctrl Pts',(3.26184937355976,-11.7744105508396,6.43535357218932));
#917=CARTESIAN_POINT('Ctrl Pts',(0.725864930293272,-12.2517451393882,7.53174531164967));
#918=CARTESIAN_POINT('Ctrl Pts',(-2.02890686048885,-12.0815775711511,7.15905406648732));
#919=CARTESIAN_POINT('Ctrl Pts',(-4.21705740674137,-11.4211129937142,5.48733831004478));
#920=CARTESIAN_POINT('Ctrl Pts',(-5.42768397511988,-10.8149480721556,2.879518069916));
#921=CARTESIAN_POINT('Ctrl Pts',(-5.3057825663916,-10.8813563979292,0.884120569160196));
#922=CARTESIAN_POINT('Ctrl Pts',(-5.02072509166743,-11.0183010573546,-0.0134553605879589));
#923=CARTESIAN_POINT('Ctrl Pts',(5.39130807795638,-10.8358471351301,1.33920979209256));
#924=CARTESIAN_POINT('Ctrl Pts',(5.45707075723773,-10.8013630727634,2.31672852177948));
#925=CARTESIAN_POINT('Ctrl Pts',(5.09562704859807,-11.0101174239649,4.30457411883539));
#926=CARTESIAN_POINT('Ctrl Pts',(3.35509910658173,-11.7492230553395,6.56043955184911));
#927=CARTESIAN_POINT('Ctrl Pts',(0.752615035732589,-12.2583357837215,7.71033274915025));
#928=CARTESIAN_POINT('Ctrl Pts',(-2.09736154946841,-12.0749320857343,7.31695617994604));
#929=CARTESIAN_POINT('Ctrl Pts',(-4.31883069201595,-11.3807887257762,5.5790774887269));
#930=CARTESIAN_POINT('Ctrl Pts',(-5.53072958627077,-10.7590868097086,2.90494518937062));
#931=CARTESIAN_POINT('Ctrl Pts',(-5.40911200237464,-10.8269060382855,0.86432064111738));
#932=CARTESIAN_POINT('Ctrl Pts',(-5.12331463203977,-10.9677454734908,-0.0556273925268305));
#933=CARTESIAN_POINT('',(4.99152252165776,-11.5000673452253,1.39279112356353));
#934=CARTESIAN_POINT('',(-4.98331340337811,-11.4998332341383,1.39825310584269));
#935=CARTESIAN_POINT('Ctrl Pts',(4.99152252165742,-11.5000673452257,1.39279112355875));
#936=CARTESIAN_POINT('Ctrl Pts',(5.05240476222149,-11.4633537098611,2.24280741024303));
#937=CARTESIAN_POINT('Ctrl Pts',(4.7177848370566,-11.6856051096317,3.97136879898728));
#938=CARTESIAN_POINT('Ctrl Pts',(3.1064265099275,-12.4724977430349,5.93299091465142));
#939=CARTESIAN_POINT('Ctrl Pts',(0.697080312402265,-13.0145272426485,6.93289804273935));
#940=CARTESIAN_POINT('Ctrl Pts',(-1.94139126385204,-12.8192655469465,6.59083146082264));
#941=CARTESIAN_POINT('Ctrl Pts',(-3.99799875339192,-12.0802422283705,5.07963259889296));
#942=CARTESIAN_POINT('Ctrl Pts',(-4.93717931362909,-11.5261746323928,3.13312265477817));
#943=CARTESIAN_POINT('Ctrl Pts',(-5.01100586066093,-11.4859214813474,1.83368971475616));
#944=CARTESIAN_POINT('Ctrl Pts',(-4.98066047793969,-11.5039171025989,1.39858888900784));
#945=CARTESIAN_POINT('',(-4.99570133722354,-11.3641076348768,1.39825310584069));
#946=CARTESIAN_POINT('Ctrl Pts',(-4.98076557958201,-11.5038547697315,1.40009906984121));
#947=CARTESIAN_POINT('Ctrl Pts',(-4.98073670750918,-11.4810317579664,1.40010703462551));
#948=CARTESIAN_POINT('Ctrl Pts',(-4.98178421360538,-11.4582652115604,1.40011273096762));
#949=CARTESIAN_POINT('Ctrl Pts',(-4.98386823254225,-11.4356209398942,1.40011788764497));
#950=CARTESIAN_POINT('Ctrl Pts',(-4.98595225147911,-11.4129766682279,1.40012304432234));
#951=CARTESIAN_POINT('Ctrl Pts',(-4.98907282637794,-11.3904545483562,1.40012766005032));
#952=CARTESIAN_POINT('Ctrl Pts',(-4.99319909581653,-11.36811977348,1.40013284404547));
#953=CARTESIAN_POINT('',(-4.99570133722355,-11.0500733714486,0.));
#954=CARTESIAN_POINT('Ctrl Pts',(-4.99570133722354,-11.3641076348768,1.39825310584069));
#955=CARTESIAN_POINT('Ctrl Pts',(-4.99570133722354,-11.3237126545628,1.27963435534462));
#956=CARTESIAN_POINT('Ctrl Pts',(-4.99570133722569,-11.2860601162607,1.16016809342056));
#957=CARTESIAN_POINT('Ctrl Pts',(-4.99570133722569,-11.1836433463478,0.801579709510646));
#958=CARTESIAN_POINT('Ctrl Pts',(-4.99570133753654,-11.1284790004759,0.560381814644319));
#959=CARTESIAN_POINT('Ctrl Pts',(-4.99570133753654,-11.0735026786057,0.211454785598444));
#960=CARTESIAN_POINT('Ctrl Pts',(-4.99570133722354,-11.0600488015238,0.105877614815382));
#961=CARTESIAN_POINT('Ctrl Pts',(-4.99570133722354,-11.0500733714486,-1.21430643318376E-15));
#962=CARTESIAN_POINT('',(-5.14028796005206,-10.9593764017767,7.50963888677958E-6));
#963=CARTESIAN_POINT('Ctrl Pts',(-4.99569978279795,-11.0501634050758,1.51890156497719E-5));
#964=CARTESIAN_POINT('Ctrl Pts',(-5.02504682092125,-11.0273423738842,5.08135146571754E-6));
#965=CARTESIAN_POINT('Ctrl Pts',(-5.055871295628,-11.006432393146,1.70827881688416E-6));
#966=CARTESIAN_POINT('Ctrl Pts',(-5.08796053973555,-10.9876194346543,4.33404589048059E-6));
#967=CARTESIAN_POINT('Ctrl Pts',(-5.10505395819437,-10.9775980776267,5.73274930692562E-6));
#968=CARTESIAN_POINT('Ctrl Pts',(-5.12250669826013,-10.968172433987,8.51780891419984E-6));
#969=CARTESIAN_POINT('Ctrl Pts',(-5.14028893106909,-10.9593759227222,1.0751425874464E-5));
#970=CARTESIAN_POINT('',(5.39310506855874,-10.834907379279,1.366904553542));
#971=CARTESIAN_POINT('Ctrl Pts',(-5.14028796005206,-10.9593764017767,7.50963888677958E-6));
#972=CARTESIAN_POINT('Ctrl Pts',(-5.19993754190314,-10.929948080616,0.199150288731403));
#973=CARTESIAN_POINT('Ctrl Pts',(-5.24907648415387,-10.905525634005,0.402616889021721));
#974=CARTESIAN_POINT('Ctrl Pts',(-5.28769736334909,-10.8862130054257,0.608847276597222));
#975=CARTESIAN_POINT('Ctrl Pts',(-5.32720884586182,-10.8664550247095,0.819833368112465));
#976=CARTESIAN_POINT('Ctrl Pts',(-5.35571179314885,-10.8520450694402,1.03371329730128));
#977=CARTESIAN_POINT('Ctrl Pts',(-5.37315299119825,-10.843115895517,1.24883776308037));
#978=CARTESIAN_POINT('Ctrl Pts',(-5.3859210054466,-10.8365791989234,1.40632191276176));
#979=CARTESIAN_POINT('Ctrl Pts',(-5.39275994304304,-10.8329801655888,1.56447354780676));
#980=CARTESIAN_POINT('Ctrl Pts',(-5.39363312888506,-10.8323787184353,1.72264715298039));
#981=CARTESIAN_POINT('Ctrl Pts',(-5.39467459044282,-10.831661363596,1.91130313125465));
#982=CARTESIAN_POINT('Ctrl Pts',(-5.38717095476439,-10.8352386342008,2.10023718981194));
#983=CARTESIAN_POINT('Ctrl Pts',(-5.37104105728601,-10.8432211585916,2.28812686801491));
#984=CARTESIAN_POINT('Ctrl Pts',(-5.35511383834012,-10.8511033794107,2.47365563820215));
#985=CARTESIAN_POINT('Ctrl Pts',(-5.33077583199695,-10.8632807370773,2.65816510522114));
#986=CARTESIAN_POINT('Ctrl Pts',(-5.29799276285896,-10.87983834334,2.84039231664766));
#987=CARTESIAN_POINT('Ctrl Pts',(-5.26566849089751,-10.8961642268505,3.0200692686784));
#988=CARTESIAN_POINT('Ctrl Pts',(-5.22513396602474,-10.9167484496201,3.19752654064385));
#989=CARTESIAN_POINT('Ctrl Pts',(-5.17687407385648,-10.9408413529848,3.37206441470213));
#990=CARTESIAN_POINT('Ctrl Pts',(-5.14432176138873,-10.9570925231251,3.48979388235185));
#991=CARTESIAN_POINT('Ctrl Pts',(-5.10825548965017,-10.9749396060192,3.60619563066303));
#992=CARTESIAN_POINT('Ctrl Pts',(-5.06883389107065,-10.9941493617997,3.72106337714666));
#993=CARTESIAN_POINT('Ctrl Pts',(-5.00618944811806,-11.0246753803653,3.90359849116977));
#994=CARTESIAN_POINT('Ctrl Pts',(-4.93501935469805,-11.0586681848619,4.08204068149283));
#995=CARTESIAN_POINT('Ctrl Pts',(-4.85587761226228,-11.095236055881,4.25577558949824));
#996=CARTESIAN_POINT('Ctrl Pts',(-4.77423483756405,-11.132959542412,4.43500085691025));
#997=CARTESIAN_POINT('Ctrl Pts',(-4.68410836781638,-11.1734240443705,4.60921732266449));
#998=CARTESIAN_POINT('Ctrl Pts',(-4.58605729029389,-11.2156766407382,4.77774019523723));
#999=CARTESIAN_POINT('Ctrl Pts',(-4.48537859096687,-11.2590615433112,4.95077922801672));
#1000=CARTESIAN_POINT('Ctrl Pts',(-4.37634451894659,-11.3043324490663,5.11781625845115));
#1001=CARTESIAN_POINT('Ctrl Pts',(-4.25951392075327,-11.3504738381861,5.27808732922994));
#1002=CARTESIAN_POINT('Ctrl Pts',(-4.22386625550413,-11.3645526225021,5.32698966790315));
#1003=CARTESIAN_POINT('Ctrl Pts',(-4.1874924357078,-11.3787125126766,5.37526189166136));
#1004=CARTESIAN_POINT('Ctrl Pts',(-4.15040758524805,-11.3929247689499,5.42288170588672));
#1005=CARTESIAN_POINT('Ctrl Pts',(-4.13510376540218,-11.3987897463439,5.44253299337917));
#1006=CARTESIAN_POINT('Ctrl Pts',(-4.11967885542992,-11.4046636416109,5.46207317386297));
#1007=CARTESIAN_POINT('Ctrl Pts',(-4.10413389057168,-11.4105446511367,5.48150111456334));
#1008=CARTESIAN_POINT('Ctrl Pts',(-3.94195095554879,-11.4719020999628,5.68419571522472));
#1009=CARTESIAN_POINT('Ctrl Pts',(-3.7665685830007,-11.5340836522131,5.874722088156));
#1010=CARTESIAN_POINT('Ctrl Pts',(-3.57939399444989,-11.5949314261289,6.05158446868801));
#1011=CARTESIAN_POINT('Ctrl Pts',(-3.39024355716084,-11.6564215201279,6.23031384042926));
#1012=CARTESIAN_POINT('Ctrl Pts',(-3.18905266223104,-11.7165491776649,6.39508975166019));
#1013=CARTESIAN_POINT('Ctrl Pts',(-2.97726466484646,-11.7730914844098,6.54441953343555));
#1014=CARTESIAN_POINT('Ctrl Pts',(-2.92161299059958,-11.7879491443102,6.58365902043834));
#1015=CARTESIAN_POINT('Ctrl Pts',(-2.86522945652819,-11.8025592711264,6.62183221250621));
#1016=CARTESIAN_POINT('Ctrl Pts',(-2.80813983857076,-11.8168815834542,6.65891247344643));
#1017=CARTESIAN_POINT('Ctrl Pts',(-2.66385060662699,-11.8530800293254,6.75262972997683));
#1018=CARTESIAN_POINT('Ctrl Pts',(-2.51510421566822,-11.8874257421109,6.8393922139784));
#1019=CARTESIAN_POINT('Ctrl Pts',(-2.36238462078337,-11.9192625279791,6.91860952390446));
#1020=CARTESIAN_POINT('Ctrl Pts',(-2.2414580957445,-11.9444715516564,6.98133542374401));
#1021=CARTESIAN_POINT('Ctrl Pts',(-2.11804120459703,-11.9681072678452,7.03933072685597));
#1022=CARTESIAN_POINT('Ctrl Pts',(-1.99239432077553,-11.9898464058373,7.09231394156304));
#1023=CARTESIAN_POINT('Ctrl Pts',(-1.87995189155895,-12.0093009391338,7.13972905595483));
#1024=CARTESIAN_POINT('Ctrl Pts',(-1.76572389376772,-12.0272366071682,7.18313022687069));
#1025=CARTESIAN_POINT('Ctrl Pts',(-1.65010359007134,-12.0435831515543,7.22240805012611));
#1026=CARTESIAN_POINT('Ctrl Pts',(-1.49329991116726,-12.0657522534781,7.27567643802074));
#1027=CARTESIAN_POINT('Ctrl Pts',(-1.33386652485001,-12.0850105490582,7.32141671126966));
#1028=CARTESIAN_POINT('Ctrl Pts',(-1.17255590702484,-12.1012039497604,7.35953056451267));
#1029=CARTESIAN_POINT('Ctrl Pts',(-1.03558018210289,-12.1149544568879,7.39189466272218));
#1030=CARTESIAN_POINT('Ctrl Pts',(-0.897250053971847,-12.1264949554116,
7.41875932570328));
#1031=CARTESIAN_POINT('Ctrl Pts',(-0.758011295014002,-12.1357222240084,
7.44004048330195));
#1032=CARTESIAN_POINT('Ctrl Pts',(-0.607508122584128,-12.1456959784937,
7.46304328622517));
#1033=CARTESIAN_POINT('Ctrl Pts',(-0.455936851547802,-12.1529676474559,
7.47952372027749));
#1034=CARTESIAN_POINT('Ctrl Pts',(-0.303867832149646,-12.1573925435125,
7.48931298599077));
#1035=CARTESIAN_POINT('Ctrl Pts',(-0.194479335530534,-12.1605755240384,
7.49635474284315));
#1036=CARTESIAN_POINT('Ctrl Pts',(-0.0848283870783778,-12.1622850588183,
7.49993326857368));
#1037=CARTESIAN_POINT('Ctrl Pts',(0.0248367972702697,-12.1624629889657,
7.4997211628544));
#1038=CARTESIAN_POINT('Ctrl Pts',(0.125897568090976,-12.1626269585789,7.4995256991107));
#1039=CARTESIAN_POINT('Ctrl Pts',(0.226962068472407,-12.1614901409352,7.49611575204622));
#1040=CARTESIAN_POINT('Ctrl Pts',(0.327824000858768,-12.1590082417304,7.48967592750387));
#1041=CARTESIAN_POINT('Ctrl Pts',(0.338821483634878,-12.1587376278019,7.48897376110857));
#1042=CARTESIAN_POINT('Ctrl Pts',(0.349816609152291,-12.1584510219567,7.488235574638));
#1043=CARTESIAN_POINT('Ctrl Pts',(0.360809147265394,-12.158148365472,7.48746160698332));
#1044=CARTESIAN_POINT('Ctrl Pts',(0.477947489060322,-12.1549232068795,7.47921407700076));
#1045=CARTESIAN_POINT('Ctrl Pts',(0.594799024527775,-12.1498749768348,7.46691936106074));
#1046=CARTESIAN_POINT('Ctrl Pts',(0.711031486407226,-12.142934814515,7.45058549411946));
#1047=CARTESIAN_POINT('Ctrl Pts',(0.75734813150708,-12.1401692787094,7.44407672792804));
#1048=CARTESIAN_POINT('Ctrl Pts',(0.803566706996274,-12.1371033486513,7.43692667949097));
#1049=CARTESIAN_POINT('Ctrl Pts',(0.849672865256818,-12.1337469579876,7.42915016890375));
#1050=CARTESIAN_POINT('Ctrl Pts',(0.988911270349552,-12.1236108178166,7.4056654767888));
#1051=CARTESIAN_POINT('Ctrl Pts',(1.12708695135349,-12.1108273976748,7.37640286915696));
#1052=CARTESIAN_POINT('Ctrl Pts',(1.26373644856215,-12.0956873821523,7.34151977756046));
#1053=CARTESIAN_POINT('Ctrl Pts',(1.31340847872625,-12.090183993387,7.32883978961031));
#1054=CARTESIAN_POINT('Ctrl Pts',(1.36287853820971,-12.0843693756234,7.31541751082494));
#1055=CARTESIAN_POINT('Ctrl Pts',(1.41212339775141,-12.0782580373015,7.30126181027959));
#1056=CARTESIAN_POINT('Ctrl Pts',(1.58067019740454,-12.0573412040454,7.25281212342962));
#1057=CARTESIAN_POINT('Ctrl Pts',(1.74655929832475,-12.0329511952481,7.19575411138697));
#1058=CARTESIAN_POINT('Ctrl Pts',(1.90906090258464,-12.0056519270308,7.13047486051766));
#1059=CARTESIAN_POINT('Ctrl Pts',(2.06202876234902,-11.979954269144,7.06902545306117));
#1060=CARTESIAN_POINT('Ctrl Pts',(2.21199372895401,-11.9516782715416,7.00029043694154));
#1061=CARTESIAN_POINT('Ctrl Pts',(2.35831174967145,-11.9213043491345,6.92461397802023));
#1062=CARTESIAN_POINT('Ctrl Pts',(2.53245211209172,-11.8851548315961,6.83454765591839));
#1063=CARTESIAN_POINT('Ctrl Pts',(2.70166114809178,-11.8459879452686,6.73491389155049));
#1064=CARTESIAN_POINT('Ctrl Pts',(2.8650504808061,-11.8045356049814,6.62636082987898));
#1065=CARTESIAN_POINT('Ctrl Pts',(2.98368191895845,-11.7744384703561,6.54754414333036));
#1066=CARTESIAN_POINT('Ctrl Pts',(3.09924493577078,-11.743136104779,6.4640244076396));
#1067=CARTESIAN_POINT('Ctrl Pts',(3.21138901112958,-11.7109055116504,6.37603649985551));
#1068=CARTESIAN_POINT('Ctrl Pts',(3.36760696132193,-11.6660079352431,6.25346836104153));
#1069=CARTESIAN_POINT('Ctrl Pts',(3.517192318946,-11.6193085023768,6.12223082245815));
#1070=CARTESIAN_POINT('Ctrl Pts',(3.65962918570778,-11.5718805869907,5.98283401902709));
#1071=CARTESIAN_POINT('Ctrl Pts',(3.66934823483798,-11.5686443866287,5.97332240583354));
#1072=CARTESIAN_POINT('Ctrl Pts',(3.67903398493938,-11.5654047975673,5.96377279269736));
#1073=CARTESIAN_POINT('Ctrl Pts',(3.68868626476163,-11.5621621624252,5.95418533689413));
#1074=CARTESIAN_POINT('Ctrl Pts',(3.84669846458041,-11.5090787540011,5.79723433567675));
#1075=CARTESIAN_POINT('Ctrl Pts',(3.99573392209967,-11.4551795068122,5.63026791699885));
#1076=CARTESIAN_POINT('Ctrl Pts',(4.13489793970415,-11.4020283140474,5.45423367191491));
#1077=CARTESIAN_POINT('Ctrl Pts',(4.2725734716981,-11.3494456215816,5.2800822730241));
#1078=CARTESIAN_POINT('Ctrl Pts',(4.40058711581636,-11.2975960650076,5.09705666331379));
#1079=CARTESIAN_POINT('Ctrl Pts',(4.51810837337425,-11.2479963890481,4.90610855272956));
#1080=CARTESIAN_POINT('Ctrl Pts',(4.62367505774571,-11.2034421233285,4.73458418905055));
#1081=CARTESIAN_POINT('Ctrl Pts',(4.72077555052212,-11.1607037988557,4.55666787241594));
#1082=CARTESIAN_POINT('Ctrl Pts',(4.80883826716813,-11.1208727924923,4.37306687070732));
#1083=CARTESIAN_POINT('Ctrl Pts',(4.83884708942388,-11.1072997205301,4.31050180303629));
#1084=CARTESIAN_POINT('Ctrl Pts',(4.86778996989922,-11.0940717841142,4.24728828556319));
#1085=CARTESIAN_POINT('Ctrl Pts',(4.89565043488926,-11.0812297669345,4.1834479480117));
#1086=CARTESIAN_POINT('Ctrl Pts',(4.97145293767384,-11.046289321993,4.00975173128501));
#1087=CARTESIAN_POINT('Ctrl Pts',(5.03924543152791,-11.0142049621872,3.83141800225007));
#1088=CARTESIAN_POINT('Ctrl Pts',(5.0987446518157,-10.9854756446125,3.64944067501473));
#1089=CARTESIAN_POINT('Ctrl Pts',(5.15839369849735,-10.9566739830637,3.46700510636761));
#1090=CARTESIAN_POINT('Ctrl Pts',(5.2097080135902,-10.9312437707349,3.28090662219489));
#1091=CARTESIAN_POINT('Ctrl Pts',(5.25236069490981,-10.909701596959,3.09211828813293));
#1092=CARTESIAN_POINT('Ctrl Pts',(5.29415738361691,-10.8885917510237,2.90711872922616));
#1093=CARTESIAN_POINT('Ctrl Pts',(5.32763678340176,-10.8712150446536,2.71953526787829));
#1094=CARTESIAN_POINT('Ctrl Pts',(5.35244778139178,-10.8580775659439,2.53027035782492));
#1095=CARTESIAN_POINT('Ctrl Pts',(5.35792743688561,-10.8551760761524,2.48847008422929));
#1096=CARTESIAN_POINT('Ctrl Pts',(5.3629840938039,-10.8524814566397,2.44658777260328));
#1097=CARTESIAN_POINT('Ctrl Pts',(5.36761366259414,-10.8499993247494,2.40463312467507));
#1098=CARTESIAN_POINT('Ctrl Pts',(5.3855848881598,-10.8403640964798,2.24177207311549));
#1099=CARTESIAN_POINT('Ctrl Pts',(5.39711780702297,-10.8339319781111,2.07780850767575));
#1100=CARTESIAN_POINT('Ctrl Pts',(5.40196048879805,-10.831039862134,1.91353746699681));
#1101=CARTESIAN_POINT('Ctrl Pts',(5.40667532810137,-10.8282240954346,1.75360303501036));
#1102=CARTESIAN_POINT('Ctrl Pts',(5.40504845456463,-10.8287641413822,1.59337787238714));
#1103=CARTESIAN_POINT('Ctrl Pts',(5.39689121398866,-10.8329478987165,1.4335982489435));
#1104=CARTESIAN_POINT('Ctrl Pts',(5.39575576724356,-10.8335302566356,1.41135773124856));
#1105=CARTESIAN_POINT('Ctrl Pts',(5.39449386488567,-10.8341831715731,1.38912584021422));
#1106=CARTESIAN_POINT('Ctrl Pts',(5.39310506855874,-10.834907379279,1.366904553542));
#1107=CARTESIAN_POINT('',(4.99152252165742,-11.4990622148668,1.39278170368245));
#1108=CARTESIAN_POINT('Ctrl Pts',(5.39310494028869,-10.8349074461673,1.36690250117663));
#1109=CARTESIAN_POINT('Ctrl Pts',(5.39198627298373,-10.8354942855433,1.36695007509126));
#1110=CARTESIAN_POINT('Ctrl Pts',(5.39086910609907,-10.8360839974038,1.36699765829417));
#1111=CARTESIAN_POINT('Ctrl Pts',(5.38975344872352,-10.8366765730578,1.36704525037989));
#1112=CARTESIAN_POINT('Ctrl Pts',(5.35831163699053,-10.8533767290023,1.36838650570783));
#1113=CARTESIAN_POINT('Ctrl Pts',(5.32816428025525,-10.8722956993287,1.36973015237422));
#1114=CARTESIAN_POINT('Ctrl Pts',(5.29950374347502,-10.8932221176786,1.37106677137207));
#1115=CARTESIAN_POINT('Ctrl Pts',(5.27069218315569,-10.9142588054831,1.37241043353639));
#1116=CARTESIAN_POINT('Ctrl Pts',(5.24338217428204,-10.937324926311,1.37374708815517));
#1117=CARTESIAN_POINT('Ctrl Pts',(5.2177974902551,-10.9622489053763,1.37506496994834));
#1118=CARTESIAN_POINT('Ctrl Pts',(5.2067258601904,-10.9730346190346,1.37563527598252));
#1119=CARTESIAN_POINT('Ctrl Pts',(5.19597777361455,-10.9841687261508,1.37620203028188));
#1120=CARTESIAN_POINT('Ctrl Pts',(5.18557371648864,-10.9956392536646,1.37676408380477));
#1121=CARTESIAN_POINT('Ctrl Pts',(5.16623801732854,-11.0169569633359,1.37780864725718));
#1122=CARTESIAN_POINT('Ctrl Pts',(5.14818522634007,-11.0393304489794,1.37883199638819));
#1123=CARTESIAN_POINT('Ctrl Pts',(5.13152233806151,-11.0626616904126,1.37982791971302));
#1124=CARTESIAN_POINT('Ctrl Pts',(5.11071505757001,-11.0917958763113,1.38107154900594));
#1125=CARTESIAN_POINT('Ctrl Pts',(5.0920732234937,-11.1224231760557,1.38227254436291));
#1126=CARTESIAN_POINT('Ctrl Pts',(5.07566920637049,-11.1542768743012,1.38342414663243));
#1127=CARTESIAN_POINT('Ctrl Pts',(5.06555451748702,-11.1739178101233,1.38413422262091));
#1128=CARTESIAN_POINT('Ctrl Pts',(5.05629149056745,-11.1940256406886,1.38482545655706));
#1129=CARTESIAN_POINT('Ctrl Pts',(5.04790617891144,-11.2145415899152,1.38549554209766));
#1130=CARTESIAN_POINT('Ctrl Pts',(5.03430968670247,-11.2478074904878,1.38658206257607));
#1131=CARTESIAN_POINT('Ctrl Pts',(5.02310773525397,-11.2819266130092,1.3876064762045));
#1132=CARTESIAN_POINT('Ctrl Pts',(5.01435748199584,-11.3166277778012,1.38856008155782));
#1133=CARTESIAN_POINT('Ctrl Pts',(5.00569383112702,-11.3509855006728,1.3895042489555));
#1134=CARTESIAN_POINT('Ctrl Pts',(4.99943330165975,-11.3859149785016,1.39037904254886));
#1135=CARTESIAN_POINT('Ctrl Pts',(4.99567866571971,-11.4211687322615,1.39117301033813));
#1136=CARTESIAN_POINT('Ctrl Pts',(4.99292848409082,-11.4469912693832,1.39175457288184));
#1137=CARTESIAN_POINT('Ctrl Pts',(4.99152371267982,-11.4729881815834,1.39229271094555));
#1138=CARTESIAN_POINT('Ctrl Pts',(4.99152254421662,-11.4990622200769,1.39278170224193));
#1139=CARTESIAN_POINT('',(4.99152252165742,-33.3125745523178,1.39279112355873));
#1140=CARTESIAN_POINT('Origin',(5.74152252165742,-11.4990622148668,12.25));
#1141=CARTESIAN_POINT('',(5.39310811727194,-10.8349030450764,-8.32667268468867E-16));
#1142=CARTESIAN_POINT('',(5.39310811727194,-10.8349030450764,12.25));
#1143=CARTESIAN_POINT('',(4.99152252165742,-11.4990622148668,0.));
#1144=CARTESIAN_POINT('Origin',(5.74152252165742,-11.4990622148668,-1.11022302462516E-15));
#1145=CARTESIAN_POINT('',(4.99152252165742,-11.4990622148668,12.25));
#1146=CARTESIAN_POINT('Origin',(-4.99570133722354,-33.3125745523178,-2.25000000000001));
#1147=CARTESIAN_POINT('',(-4.99570133722354,-13.4368706495808,1.39825310584069));
#1148=CARTESIAN_POINT('',(-4.99570133722354,-33.3125745523178,1.39825310584069));
#1149=CARTESIAN_POINT('',(-4.99570133722355,-13.4368706495808,0.));
#1150=CARTESIAN_POINT('',(-4.99570133722354,-13.4368706495808,12.25));
#1151=CARTESIAN_POINT('',(-4.99570133722355,-16.9375745523178,0.));
#1152=CARTESIAN_POINT('Origin',(0.00429866277644964,-0.562574552317807,
0.));
#1153=CARTESIAN_POINT('',(-6.05155240105334,-14.1216736334777,-1.11022302462516E-15));
#1154=CARTESIAN_POINT('Origin',(-5.74570133722354,-13.4368706495808,-1.38777878078145E-15));
#1155=CARTESIAN_POINT('',(6.0466940035128,-14.1276753092694,-1.11022302462516E-15));
#1156=CARTESIAN_POINT('Origin',(0.00429866277644964,-0.562574552317803,
0.));
#1157=CARTESIAN_POINT('',(4.99152252165742,-13.4425692104334,0.));
#1158=CARTESIAN_POINT('Origin',(5.74152252165742,-13.4425692104334,-1.38777878078145E-15));
#1159=CARTESIAN_POINT('',(4.99152252165742,-16.9375745523178,0.));
#1160=CARTESIAN_POINT('',(-11.5957013372236,-0.562574552317804,-2.22044604925031E-15));
#1161=CARTESIAN_POINT('Origin',(0.00429866277644964,-0.562574552317803,
-8.32667268468867E-16));
#1162=CARTESIAN_POINT('Origin',(0.00429866277644964,-0.562574552317803,
-8.32667268468867E-16));
#1163=CARTESIAN_POINT('Origin',(-4.99570133722354,-33.3125745523178,1.39825310584069));
#1164=CARTESIAN_POINT('',(-4.98331340337821,-13.4432238943756,1.39825310584411));
#1165=CARTESIAN_POINT('',(-4.98331340337797,-33.3125745523178,1.39825310584069));
#1166=CARTESIAN_POINT('',(-6.0402107334109,-14.1267334337009,1.39825310594164));
#1167=CARTESIAN_POINT('Ctrl Pts',(-6.04019541434877,-14.1267564152092,1.39824129593118));
#1168=CARTESIAN_POINT('Ctrl Pts',(-6.00805049951862,-14.14107995632,1.3982416848333));
#1169=CARTESIAN_POINT('Ctrl Pts',(-5.97499369968042,-14.1529413376369,1.39823728644258));
#1170=CARTESIAN_POINT('Ctrl Pts',(-5.94129682189035,-14.1624116233549,1.39823276608163));
#1171=CARTESIAN_POINT('Ctrl Pts',(-5.90664267660882,-14.1721509428008,1.39822811730538));
#1172=CARTESIAN_POINT('Ctrl Pts',(-5.87131043436414,-14.1793615644463,1.39822342942374));
#1173=CARTESIAN_POINT('Ctrl Pts',(-5.8355769817008,-14.1840691147835,1.39822050644079));
#1174=CARTESIAN_POINT('Ctrl Pts',(-5.80921450236519,-14.187542126464,1.39821834999992));
#1175=CARTESIAN_POINT('Ctrl Pts',(-5.78263316568499,-14.1896516874939,1.39821709204803));
#1176=CARTESIAN_POINT('Ctrl Pts',(-5.75594358171909,-14.1903899984141,1.3982159212037));
#1177=CARTESIAN_POINT('Ctrl Pts',(-5.71980349889288,-14.1913897374074,1.39821433577581));
#1178=CARTESIAN_POINT('Ctrl Pts',(-5.68371407743369,-14.1898703340709,1.39821359647605));
#1179=CARTESIAN_POINT('Ctrl Pts',(-5.6479514846985,-14.185870778979,1.39821603306694));
#1180=CARTESIAN_POINT('Ctrl Pts',(-5.61261158043233,-14.1819184957902,1.39821844085904));
#1181=CARTESIAN_POINT('Ctrl Pts',(-5.57758961639875,-14.1755441906875,1.39822399322749));
#1182=CARTESIAN_POINT('Ctrl Pts',(-5.54315437352301,-14.166736041548,1.39823064693954));
#1183=CARTESIAN_POINT('Ctrl Pts',(-5.51795984477925,-14.1602915635034,1.39823551512473));
#1184=CARTESIAN_POINT('Ctrl Pts',(-5.49307936629507,-14.1525432078284,1.39824088710754));
#1185=CARTESIAN_POINT('Ctrl Pts',(-5.46862459283546,-14.143469831062,1.39824428098383));
#1186=CARTESIAN_POINT('Ctrl Pts',(-5.45171327929578,-14.1371952802217,1.39824662796553));
#1187=CARTESIAN_POINT('Ctrl Pts',(-5.43506456047523,-14.1303085604593,1.39824841885181));
#1188=CARTESIAN_POINT('Ctrl Pts',(-5.41871211208222,-14.1228117026786,1.39824887919697));
#1189=CARTESIAN_POINT('Ctrl Pts',(-5.38652829670332,-14.1080568793677,1.39824978521809));
#1190=CARTESIAN_POINT('Ctrl Pts',(-5.35549060270041,-14.0909416915741,1.39824568834998));
#1191=CARTESIAN_POINT('Ctrl Pts',(-5.32578843454265,-14.0716891120403,1.39824165553516));
#1192=CARTESIAN_POINT('Ctrl Pts',(-5.29578919393102,-14.0522439738011,1.3982375823853));
#1193=CARTESIAN_POINT('Ctrl Pts',(-5.26715133118675,-14.0306176669774,1.39823357576338));
#1194=CARTESIAN_POINT('Ctrl Pts',(-5.24009965525835,-14.0069972176544,1.39823222672143));
#1195=CARTESIAN_POINT('Ctrl Pts',(-5.23393260188373,-14.001612391513,1.3982319191762));
#1196=CARTESIAN_POINT('Ctrl Pts',(-5.22784814177805,-13.996123781261,1.39823173905912));
#1197=CARTESIAN_POINT('Ctrl Pts',(-5.22184923682617,-13.9905333643993,1.39823169831846));
#1198=CARTESIAN_POINT('Ctrl Pts',(-5.19552045130494,-13.9659974053024,1.39823151951046));
#1199=CARTESIAN_POINT('Ctrl Pts',(-5.17102258265911,-13.9396762928143,1.39823581457388));
#1200=CARTESIAN_POINT('Ctrl Pts',(-5.14855155144259,-13.9117904967944,1.39823929174561));
#1201=CARTESIAN_POINT('Ctrl Pts',(-5.13169184352386,-13.8908681647729,1.39824190062008));
#1202=CARTESIAN_POINT('Ctrl Pts',(-5.11597350875446,-13.869063932772,1.39824403903805));
#1203=CARTESIAN_POINT('Ctrl Pts',(-5.10149309175478,-13.8464574678464,1.39824325378177));
#1204=CARTESIAN_POINT('Ctrl Pts',(-5.08293694500515,-13.8174880755519,1.39824224750337));
#1205=CARTESIAN_POINT('Ctrl Pts',(-5.06641208711425,-13.7872012709721,1.39823641806167));
#1206=CARTESIAN_POINT('Ctrl Pts',(-5.05200242596814,-13.7558153582815,1.39823361622385));
#1207=CARTESIAN_POINT('Ctrl Pts',(-5.03705137124803,-13.7232502276153,1.3982307091166));
#1208=CARTESIAN_POINT('Ctrl Pts',(-5.02445965761439,-13.6896822336197,1.39822962420941));
#1209=CARTESIAN_POINT('Ctrl Pts',(-5.0142907257917,-13.6553718121722,1.39823100026448));
#1210=CARTESIAN_POINT('Ctrl Pts',(-5.00919455434898,-13.6381771064728,1.398231689876));
#1211=CARTESIAN_POINT('Ctrl Pts',(-5.00470761399714,-13.6207955789234,1.39823299593509));
#1212=CARTESIAN_POINT('Ctrl Pts',(-5.00084260401217,-13.6032585958282,1.39823498866638));
#1213=CARTESIAN_POINT('Ctrl Pts',(-4.99315550046694,-13.5683793573663,1.398238952002));
#1214=CARTESIAN_POINT('Ctrl Pts',(-4.98795566066679,-13.5330229730147,1.39824549047738));
#1215=CARTESIAN_POINT('Ctrl Pts',(-4.98532211059567,-13.4974407459344,1.39824953815382));
#1216=CARTESIAN_POINT('Ctrl Pts',(-4.98398804015121,-13.4794159519439,1.3982515885745));
#1217=CARTESIAN_POINT('Ctrl Pts',(-4.9833132982325,-13.4613330042948,1.39825298852732));
#1218=CARTESIAN_POINT('Ctrl Pts',(-4.98331327354012,-13.4432241181211,1.39825300178134));
#1219=CARTESIAN_POINT('',(-6.05155240105334,-14.1216736334777,1.39825310584069));
#1220=CARTESIAN_POINT('Origin',(0.00429866277644964,-0.562574552317803,
1.39825310584069));
#1221=CARTESIAN_POINT('Origin',(-5.74570133722354,-13.4368706495808,1.39825310584069));
#1222=CARTESIAN_POINT('Origin',(0.00429866277645852,-33.3125745523178,1.75));
#1223=CARTESIAN_POINT('',(4.99152252165742,-13.4425692104334,1.39279112355874));
#1224=CARTESIAN_POINT('',(4.99152252165742,-33.3125745523178,1.39279112355873));
#1225=CARTESIAN_POINT('',(4.99152300698408,-13.443422435625,1.39279789954982));
#1226=CARTESIAN_POINT('',(4.99152252165742,-33.3125745523178,1.39279112355873));
#1227=CARTESIAN_POINT('',(2.21958742769829,-14.4305169212273,6.23246535826113));
#1228=CARTESIAN_POINT('Ctrl Pts',(2.21958742769829,-14.4305169212273,6.23246535826113));
#1229=CARTESIAN_POINT('Ctrl Pts',(3.22984925518022,-14.2170906184408,5.73318170579126));
#1230=CARTESIAN_POINT('Ctrl Pts',(4.66509968793344,-13.634138348667,4.27109098397869));
#1231=CARTESIAN_POINT('Ctrl Pts',(5.05261339789566,-13.4121635466937,2.24596902219048));
#1232=CARTESIAN_POINT('Ctrl Pts',(4.9915229801774,-13.4434224838157,1.39279788486351));
#1233=CARTESIAN_POINT('',(-2.21099004783815,-14.4305169327001,6.23246538510042));
#1234=CARTESIAN_POINT('Ctrl Pts',(-2.21099004783813,-14.4305169327001,6.23246538510043));
#1235=CARTESIAN_POINT('Ctrl Pts',(-1.62738401887533,-14.5538086086604,6.52089055659318));
#1236=CARTESIAN_POINT('Ctrl Pts',(-0.118118375165687,-14.8111817476582,
6.93090198279275));
#1237=CARTESIAN_POINT('Ctrl Pts',(1.44144606050311,-14.5949058232553,6.61703226296491));
#1238=CARTESIAN_POINT('Ctrl Pts',(2.21958742769829,-14.4305169212273,6.23246535826113));
#1239=CARTESIAN_POINT('Ctrl Pts',(-4.98331328203385,-13.443224113779,1.39825312230077));
#1240=CARTESIAN_POINT('Ctrl Pts',(-5.06340287279668,-13.4022808161707,2.53466288224399));
#1241=CARTESIAN_POINT('Ctrl Pts',(-4.49022511706736,-13.734858930942,4.55387399837721));
#1242=CARTESIAN_POINT('Ctrl Pts',(-2.96832172017557,-14.2705242552664,5.85818289549177));
#1243=CARTESIAN_POINT('Ctrl Pts',(-2.21099004783814,-14.4305169327001,6.23246538510043));
#1244=CARTESIAN_POINT('Origin',(0.00429866277644964,-0.562574552317805,
9.80305104276777));
#1245=CARTESIAN_POINT('',(14.7138698665542,-0.562574552317807,13.2812064957457));
#1246=CARTESIAN_POINT('Origin',(0.00429866277644964,-0.562574552317807,
13.2812064957457));
#1247=CARTESIAN_POINT('',(11.6042986627765,-0.562574552317807,9.80305104276777));
#1248=CARTESIAN_POINT('Origin',(15.1042986627765,-0.562574552317807,9.80305104276777));
#1249=CARTESIAN_POINT('',(-11.5957013372236,-0.562574552317805,9.80305104276777));
#1250=CARTESIAN_POINT('Origin',(0.00429866277644964,-0.562574552317805,
9.80305104276777));
#1251=CARTESIAN_POINT('Origin',(0.00429866277644964,-0.562574552317805,
9.80305104276777));
#1252=CARTESIAN_POINT('Origin',(0.00429866277644964,-0.562574552317805,
12.25));
#1253=CARTESIAN_POINT('',(-11.5957013372236,-0.562574552317804,12.25));
#1254=CARTESIAN_POINT('Origin',(4.99152252165742,-33.3125745523178,1.39825310584069));
#1255=CARTESIAN_POINT('',(4.99152252165742,-13.4425692104334,12.25));
#1256=CARTESIAN_POINT('Origin',(5.74152252165742,-13.4425692104334,12.25));
#1257=CARTESIAN_POINT('',(6.04669400351279,-14.1276753092694,1.366904198552));
#1258=CARTESIAN_POINT('',(6.0466940035128,-14.1276753092694,12.25));
#1259=CARTESIAN_POINT('Ctrl Pts',(6.04669400351279,-14.1276753092694,1.366904198552));
#1260=CARTESIAN_POINT('Ctrl Pts',(6.04535255623575,-14.1282728392783,1.36695779627528));
#1261=CARTESIAN_POINT('Ctrl Pts',(6.04400935725473,-14.1288664279791,1.36701140509185));
#1262=CARTESIAN_POINT('Ctrl Pts',(5.99386285884712,-14.1508514343362,1.36901062455516));
#1263=CARTESIAN_POINT('Ctrl Pts',(5.94291955420852,-14.1669852883331,1.37096445668119));
#1264=CARTESIAN_POINT('Ctrl Pts',(5.83848180507733,-14.1881815365958,1.37482138457681));
#1265=CARTESIAN_POINT('Ctrl Pts',(5.7852827948568,-14.1931851419277,1.37671357570918));
#1266=CARTESIAN_POINT('Ctrl Pts',(5.63435624888357,-14.1912692395435,1.38187344679107));
#1267=CARTESIAN_POINT('Ctrl Pts',(5.53787416294097,-14.1709702311975,1.38492591984651));
#1268=CARTESIAN_POINT('Ctrl Pts',(5.35817721625421,-14.0945443864149,1.39005764806313));
#1269=CARTESIAN_POINT('Ctrl Pts',(5.27666784532557,-14.039176242858,1.39208714289732));
#1270=CARTESIAN_POINT('Ctrl Pts',(5.13946276598984,-13.9003309922673,1.39478680373463));
#1271=CARTESIAN_POINT('Ctrl Pts',(5.08507193643076,-13.8181969105915,1.39543041699873));
#1272=CARTESIAN_POINT('Ctrl Pts',(5.0107961969452,-13.6376780704848,1.39521017795813));
#1273=CARTESIAN_POINT('Ctrl Pts',(4.99163404216584,-13.5410242547244,1.39434816303282));
#1274=CARTESIAN_POINT('Ctrl Pts',(4.9915230069864,-13.4434224356239,1.39279789961466));
#1275=CARTESIAN_POINT('Ctrl Pts',(-4.98295222263539,-13.4434088452268,1.39316865894563));
#1276=CARTESIAN_POINT('Ctrl Pts',(-5.06437852727124,-13.4017144547574,2.53122286878888));
#1277=CARTESIAN_POINT('Ctrl Pts',(-4.49152131113495,-13.7344027086765,4.55276312796441));
#1278=CARTESIAN_POINT('Ctrl Pts',(-2.96832172017557,-14.2705242552664,5.85818289549177));
#1279=CARTESIAN_POINT('Ctrl Pts',(-2.21099004783814,-14.4305169327001,6.23246538510043));
#1280=CARTESIAN_POINT('Ctrl Pts',(-4.9832741769206,-13.585377730099,1.39766845088996));
#1281=CARTESIAN_POINT('Ctrl Pts',(-5.06264433349188,-13.545174480098,2.52150860756062));
#1282=CARTESIAN_POINT('Ctrl Pts',(-4.50869322326787,-13.8653454753605,4.52107737706406));
#1283=CARTESIAN_POINT('Ctrl Pts',(-2.98912463397655,-14.3899276682908,5.84427030760478));
#1284=CARTESIAN_POINT('Ctrl Pts',(-2.22816915193497,-14.5468733886747,6.22397526368405));
#1285=CARTESIAN_POINT('Ctrl Pts',(-5.06666352504933,-13.8683298911724,1.40071630635485));
#1286=CARTESIAN_POINT('Ctrl Pts',(-5.14455006861499,-13.8310855276692,2.51517158144453));
#1287=CARTESIAN_POINT('Ctrl Pts',(-4.60738016245734,-14.1265039274558,4.5033914350155));
#1288=CARTESIAN_POINT('Ctrl Pts',(-3.06618826391131,-14.6282520932879,5.86661476733694));
#1289=CARTESIAN_POINT('Ctrl Pts',(-2.28762357405382,-14.7791515703608,6.25793686192865));
#1290=CARTESIAN_POINT('Ctrl Pts',(-5.45605148448168,-14.2105563521865,1.38375871092134));
#1291=CARTESIAN_POINT('Ctrl Pts',(-5.54054038220461,-14.1746895619342,2.55242594712579));
#1292=CARTESIAN_POINT('Ctrl Pts',(-4.95624834606312,-14.4581835455457,4.63826792682686));
#1293=CARTESIAN_POINT('Ctrl Pts',(-3.29394409896176,-14.9497765747765,6.07086104930446));
#1294=CARTESIAN_POINT('Ctrl Pts',(-2.45682859644892,-15.0981259729795,6.48174457037453));
#1295=CARTESIAN_POINT('Ctrl Pts',(-5.84206691742417,-14.2149599721867,1.35628009667239));
#1296=CARTESIAN_POINT('Ctrl Pts',(-5.93611924564157,-14.1748454183856,2.61204520914753));
#1297=CARTESIAN_POINT('Ctrl Pts',(-5.27755222937478,-14.4945142687912,4.84680994481667));
#1298=CARTESIAN_POINT('Ctrl Pts',(-3.49291485460877,-15.0236993877645,6.32259249346161));
#1299=CARTESIAN_POINT('Ctrl Pts',(-2.60273677195298,-15.1821452029043,6.74574779869581));
#1300=CARTESIAN_POINT('Ctrl Pts',(-6.03611105322502,-14.1285596054879,1.33964395778747));
#1301=CARTESIAN_POINT('Ctrl Pts',(-6.13473216793557,-14.0846474282914,2.64840629910722));
#1302=CARTESIAN_POINT('Ctrl Pts',(-5.44090457158327,-14.4350318659296,4.97317759715906));
#1303=CARTESIAN_POINT('Ctrl Pts',(-3.59605059891597,-14.9996705160615,6.47441032981554));
#1304=CARTESIAN_POINT('Ctrl Pts',(-2.67879303619664,-15.168173442295,6.90483519286549));
#1305=CARTESIAN_POINT('',(-2.67879303619664,-15.168173442295,6.90483519286549));
#1306=CARTESIAN_POINT('Origin',(-2.54328335443032,-14.4305169327001,6.90483519286549));
#1307=CARTESIAN_POINT('Ctrl Pts',(-2.67879303619664,-15.168173442295,6.90483519286549));
#1308=CARTESIAN_POINT('Ctrl Pts',(-2.88072250532955,-15.131078401791,6.81007940383759));
#1309=CARTESIAN_POINT('Ctrl Pts',(-3.07652418342274,-15.0904190906866,6.70484700594996));
#1310=CARTESIAN_POINT('Ctrl Pts',(-3.26519498919284,-15.04742481618,6.58987946510437));
#1311=CARTESIAN_POINT('Ctrl Pts',(-3.29050500682978,-15.0416571732126,6.57445667367354));
#1312=CARTESIAN_POINT('Ctrl Pts',(-3.31568675520127,-15.0358475213086,6.55885873823231));
#1313=CARTESIAN_POINT('Ctrl Pts',(-3.34073786793922,-15.0299988354651,6.54308749358312));
#1314=CARTESIAN_POINT('Ctrl Pts',(-3.51477350412997,-14.9893667177502,6.43352115915499));
#1315=CARTESIAN_POINT('Ctrl Pts',(-3.68251097668765,-14.9468498255146,6.31556282410207));
#1316=CARTESIAN_POINT('Ctrl Pts',(-3.843272770994,-14.9034138255877,6.1898585985865));
#1317=CARTESIAN_POINT('Ctrl Pts',(-4.00202748115938,-14.8605201168623,6.06572376932314));
#1318=CARTESIAN_POINT('Ctrl Pts',(-4.15397996732001,-14.8167303490571,5.93403607122501));
#1319=CARTESIAN_POINT('Ctrl Pts',(-4.29851974633425,-14.7729526030734,5.79540019893236));
#1320=CARTESIAN_POINT('Ctrl Pts',(-4.43821501304504,-14.7306421474819,5.6614109588236));
#1321=CARTESIAN_POINT('Ctrl Pts',(-4.57098672796457,-14.6883429014448,5.52093238393538));
#1322=CARTESIAN_POINT('Ctrl Pts',(-4.69631609015567,-14.6468527247805,5.37448157445215));
#1323=CARTESIAN_POINT('Ctrl Pts',(-4.71860402716595,-14.6394743225619,5.34843750656733));
#1324=CARTESIAN_POINT('Ctrl Pts',(-4.74065666965146,-14.6321214506035,5.3222044688794));
#1325=CARTESIAN_POINT('Ctrl Pts',(-4.76247118888557,-14.6247985223307,5.29578523446122));
#1326=CARTESIAN_POINT('Ctrl Pts',(-4.83251790735053,-14.601284499878,5.21095271280489));
#1327=CARTESIAN_POINT('Ctrl Pts',(-4.90000913563509,-14.5781130284017,5.1241669881495));
#1328=CARTESIAN_POINT('Ctrl Pts',(-4.96483689689475,-14.5554394634183,5.03550895720477));
#1329=CARTESIAN_POINT('Ctrl Pts',(-5.10295220114781,-14.5071335175498,4.84662335201839));
#1330=CARTESIAN_POINT('Ctrl Pts',(-5.22898104908607,-14.4610869056823,4.64924096514031));
#1331=CARTESIAN_POINT('Ctrl Pts',(-5.34231403176955,-14.4182737051949,4.44492998903423));
#1332=CARTESIAN_POINT('Ctrl Pts',(-5.45558297530732,-14.3754846964363,4.24073445946506));
#1333=CARTESIAN_POINT('Ctrl Pts',(-5.55617062077967,-14.3359250108028,4.02961714432827));
#1334=CARTESIAN_POINT('Ctrl Pts',(-5.64342183017606,-14.3005784473881,3.81312569772947));
#1335=CARTESIAN_POINT('Ctrl Pts',(-5.68558200329759,-14.2834988304622,3.70851606617159));
#1336=CARTESIAN_POINT('Ctrl Pts',(-5.72462757924044,-14.2674031315996,3.60265147667615));
#1337=CARTESIAN_POINT('Ctrl Pts',(-5.76048050504338,-14.2524037382142,3.49570610711258));
#1338=CARTESIAN_POINT('Ctrl Pts',(-5.82147751044734,-14.2268850933925,3.31375868890045));
#1339=CARTESIAN_POINT('Ctrl Pts',(-5.87334822430412,-14.2044908337223,3.12850785921507));
#1340=CARTESIAN_POINT('Ctrl Pts',(-5.91561705257444,-14.1858098890068,2.94096862339284));
#1341=CARTESIAN_POINT('Ctrl Pts',(-5.95743573578567,-14.1673278884142,2.75542660073802));
#1342=CARTESIAN_POINT('Ctrl Pts',(-5.9898557086961,-14.1524809737451,2.56764544605743));
#1343=CARTESIAN_POINT('Ctrl Pts',(-6.01246091346692,-14.1418261071736,2.37862745284405));
#1344=CARTESIAN_POINT('Ctrl Pts',(-6.03188591279389,-14.1326702168342,2.21620139087377));
#1345=CARTESIAN_POINT('Ctrl Pts',(-6.04406406288376,-14.1266097812249,2.05286260146024));
#1346=CARTESIAN_POINT('Ctrl Pts',(-6.04876017975749,-14.123986498925,1.88925207435456));
#1347=CARTESIAN_POINT('Ctrl Pts',(-6.05120903637622,-14.1226185512363,1.80393504904019));
#1348=CARTESIAN_POINT('Ctrl Pts',(-6.05162379708213,-14.1221850500189,1.71854417088832));
#1349=CARTESIAN_POINT('Ctrl Pts',(-6.04997419988708,-14.1227329680656,1.63317031327345));
#1350=CARTESIAN_POINT('Ctrl Pts',(-6.04900862248203,-14.1230536871401,1.58319746648233));
#1351=CARTESIAN_POINT('Ctrl Pts',(-6.04733578612344,-14.1237106441719,1.53323044902034));
#1352=CARTESIAN_POINT('Ctrl Pts',(-6.04494997311576,-14.12471307609,1.48328744646936));
#1353=CARTESIAN_POINT('Ctrl Pts',(-6.04359539316998,-14.1252822213536,1.45493158225449));
#1354=CARTESIAN_POINT('Ctrl Pts',(-6.04201102060512,-14.1259627170724,1.42658470719662));
#1355=CARTESIAN_POINT('Ctrl Pts',(-6.0401962667407,-14.1267560425824,1.39825460234756));
#1356=CARTESIAN_POINT('Ctrl Pts',(-2.21099004783813,-14.4305169327001,6.23246538510043));
#1357=CARTESIAN_POINT('Ctrl Pts',(-1.62738401887533,-14.5538086086604,6.52089055659318));
#1358=CARTESIAN_POINT('Ctrl Pts',(-0.118118375165687,-14.8111817476582,
6.93090198279275));
#1359=CARTESIAN_POINT('Ctrl Pts',(1.44144606050311,-14.5949058232553,6.61703226296491));
#1360=CARTESIAN_POINT('Ctrl Pts',(2.21958742769829,-14.4305169212273,6.23246535826113));
#1361=CARTESIAN_POINT('Ctrl Pts',(-2.24534825603179,-14.6632298446492,6.21548514226769));
#1362=CARTESIAN_POINT('Ctrl Pts',(-1.6608849056575,-14.7732030218498,6.51063885107688));
#1363=CARTESIAN_POINT('Ctrl Pts',(-0.1228945646603,-15.0123193837378,6.94119569835134));
#1364=CARTESIAN_POINT('Ctrl Pts',(1.47466117450412,-14.8098607376343,6.60902340236679));
#1365=CARTESIAN_POINT('Ctrl Pts',(2.25394563602492,-14.6632298343832,6.21548511484474));
#1366=CARTESIAN_POINT('Ctrl Pts',(-2.39743605346606,-15.0652422255812,6.37379152865839));
#1367=CARTESIAN_POINT('Ctrl Pts',(-1.77424432692981,-15.1545099654593,6.66836683352839));
#1368=CARTESIAN_POINT('Ctrl Pts',(-0.13151090505845,-15.3634857839292,7.10750008561182));
#1369=CARTESIAN_POINT('Ctrl Pts',(1.57511114118133,-15.1842658701548,6.76655858308694));
#1370=CARTESIAN_POINT('Ctrl Pts',(2.40603343699494,-15.0652422172888,6.37379150123458));
#1371=CARTESIAN_POINT('Ctrl Pts',(-2.60273677195297,-15.1821452029043,6.74574779869582));
#1372=CARTESIAN_POINT('Ctrl Pts',(-1.91766876719168,-15.2946631398696,7.03328588749182));
#1373=CARTESIAN_POINT('Ctrl Pts',(-0.140221649331464,-15.5311853776797,
7.45026090572997));
#1374=CARTESIAN_POINT('Ctrl Pts',(1.69791016077087,-15.3321691090086,7.12913189932845));
#1375=CARTESIAN_POINT('Ctrl Pts',(2.61133416123949,-15.1821451924186,6.74574777192871));
#1376=CARTESIAN_POINT('Ctrl Pts',(-2.67879303619663,-15.168173442295,6.90483519286549));
#1377=CARTESIAN_POINT('Ctrl Pts',(-1.97194679792635,-15.2980231861254,7.1932603643582));
#1378=CARTESIAN_POINT('Ctrl Pts',(-0.143886694928094,-15.5579020221347,
7.60327179055782));
#1379=CARTESIAN_POINT('Ctrl Pts',(1.74492878233586,-15.341306423202,7.28940207072997));
#1380=CARTESIAN_POINT('Ctrl Pts',(2.68739042752487,-15.1681734302118,6.9048351660262));
#1381=CARTESIAN_POINT('',(2.68739042752487,-15.1681734302118,6.90483517944584));
#1382=CARTESIAN_POINT('Origin',(2.55188074243656,-14.4305169212273,6.9048351620003));
#1383=CARTESIAN_POINT('Ctrl Pts',(2.68739042296262,-15.1681734310499,6.9048351678878));
#1384=CARTESIAN_POINT('Ctrl Pts',(1.74492877885269,-15.3413064236014,7.28940207130878));
#1385=CARTESIAN_POINT('Ctrl Pts',(-0.14388669661366,-15.557902021895,7.60327179017976));
#1386=CARTESIAN_POINT('Ctrl Pts',(-1.97194679792635,-15.2980231861254,7.1932603643582));
#1387=CARTESIAN_POINT('Ctrl Pts',(-2.67879303619663,-15.168173442295,6.90483519286549));
#1388=CARTESIAN_POINT('Ctrl Pts',(2.2195874219127,-14.4305169224495,6.23246536112044));
#1389=CARTESIAN_POINT('Ctrl Pts',(3.22984925204762,-14.2170906197131,5.73318170898244));
#1390=CARTESIAN_POINT('Ctrl Pts',(4.66573393753788,-13.6338807370775,4.27044487519793));
#1391=CARTESIAN_POINT('Ctrl Pts',(5.05295568485145,-13.4119674318787,2.24417907315764));
#1392=CARTESIAN_POINT('Ctrl Pts',(4.99133316878318,-13.4435196395571,1.39015720668845));
#1393=CARTESIAN_POINT('Ctrl Pts',(2.23676652624346,-14.5468733786189,6.22397523935708));
#1394=CARTESIAN_POINT('Ctrl Pts',(3.25186242921512,-14.3375116417845,5.71745815016553));
#1395=CARTESIAN_POINT('Ctrl Pts',(4.67851758094946,-13.767954400774,4.2385045504937));
#1396=CARTESIAN_POINT('Ctrl Pts',(5.05172731635701,-13.5550606829191,2.2380537127928));
#1397=CARTESIAN_POINT('Ctrl Pts',(4.99166055407483,-13.5854845684696,1.39469441509316));
#1398=CARTESIAN_POINT('Ctrl Pts',(2.29622095310869,-14.7791515437966,6.25793685046146));
#1399=CARTESIAN_POINT('Ctrl Pts',(3.33480710608298,-14.5778553471043,5.73592278382664));
#1400=CARTESIAN_POINT('Ctrl Pts',(4.77402004743685,-14.0352871325036,4.21733644333173));
#1401=CARTESIAN_POINT('Ctrl Pts',(5.13399833477707,-13.8402439256459,2.23409000440867));
#1402=CARTESIAN_POINT('Ctrl Pts',(5.07505388473661,-13.8684288692641,1.39776711358129));
#1403=CARTESIAN_POINT('Ctrl Pts',(2.46542597576456,-15.0981259293374,6.48174455699901));
#1404=CARTESIAN_POINT('Ctrl Pts',(3.58211747327486,-14.9002314752577,5.93363602769575));
#1405=CARTESIAN_POINT('Ctrl Pts',(5.1366769729763,-14.3699525151498,4.33772925644909));
#1406=CARTESIAN_POINT('Ctrl Pts',(5.52836532405993,-14.1835089936246,2.25767218858308));
#1407=CARTESIAN_POINT('Ctrl Pts',(5.46442428141096,-14.2106515581871,1.38066623823754));
#1408=CARTESIAN_POINT('Ctrl Pts',(2.61133415453688,-15.1821451927439,6.74574777158596));
#1409=CARTESIAN_POINT('Ctrl Pts',(3.79880982958986,-14.9707823663582,6.18126898335955));
#1410=CARTESIAN_POINT('Ctrl Pts',(5.47751214470841,-14.3967291958045,4.53113032596023));
#1411=CARTESIAN_POINT('Ctrl Pts',(5.92159233182564,-14.1847099238955,2.29531591402233));
#1412=CARTESIAN_POINT('Ctrl Pts',(5.85041432743616,-14.2150667554393,1.35295671429001));
#1413=CARTESIAN_POINT('Ctrl Pts',(2.68739042051753,-15.1681734314991,6.90483516528851));
#1414=CARTESIAN_POINT('Ctrl Pts',(3.91098945627137,-14.9433946658512,6.33065896532981));
#1415=CARTESIAN_POINT('Ctrl Pts',(5.65009021630399,-14.3291629809477,4.64851160647762));
#1416=CARTESIAN_POINT('Ctrl Pts',(6.11908166238537,-14.0954457765362,2.31830593413129));
#1417=CARTESIAN_POINT('Ctrl Pts',(6.04444630648779,-14.1286762931337,1.33618078769172));
#1418=CARTESIAN_POINT('Ctrl Pts',(6.04669088773773,-14.127680349574,1.36690455572577));
#1419=CARTESIAN_POINT('Ctrl Pts',(6.05858840289215,-14.1224207170355,1.53657129107874));
#1420=CARTESIAN_POINT('Ctrl Pts',(6.06228367301222,-14.1211177120825,1.70681759631041));
#1421=CARTESIAN_POINT('Ctrl Pts',(6.05797289102959,-14.1234539472097,1.87682458513388));
#1422=CARTESIAN_POINT('Ctrl Pts',(6.05356297457267,-14.1258439084225,2.05074120184649));
#1423=CARTESIAN_POINT('Ctrl Pts',(6.04077458200733,-14.1320421671012,2.22440665189533));
#1424=CARTESIAN_POINT('Ctrl Pts',(6.01986674398473,-14.1416865405221,2.39694538057313));
#1425=CARTESIAN_POINT('Ctrl Pts',(6.01799636757129,-14.1425493082817,2.41238037524715));
#1426=CARTESIAN_POINT('Ctrl Pts',(6.01606104460573,-14.1434396415132,2.42780635811241));
#1427=CARTESIAN_POINT('Ctrl Pts',(6.01406097887136,-14.1443572735533,2.4432227058992));
#1428=CARTESIAN_POINT('Ctrl Pts',(5.98538898750316,-14.1575120101615,2.66422413754092));
#1429=CARTESIAN_POINT('Ctrl Pts',(5.94340677965034,-14.1762791756609,2.88331678431091));
#1430=CARTESIAN_POINT('Ctrl Pts',(5.88861853383331,-14.1999170246962,3.0990284631058));
#1431=CARTESIAN_POINT('Ctrl Pts',(5.83288846527332,-14.2239612138778,3.31844827604484));
#1432=CARTESIAN_POINT('Ctrl Pts',(5.763908101053,-14.2530454043018,3.53437087083494));
#1433=CARTESIAN_POINT('Ctrl Pts',(5.68215916354943,-14.2864086947526,3.74523708529343));
#1434=CARTESIAN_POINT('Ctrl Pts',(5.62271997858808,-14.3106669524447,3.89855670394598));
#1435=CARTESIAN_POINT('Ctrl Pts',(5.55652944158343,-14.337187863942,4.04920303452332));
#1436=CARTESIAN_POINT('Ctrl Pts',(5.48375787077866,-14.3656833617733,4.19656903647501));
#1437=CARTESIAN_POINT('Ctrl Pts',(5.44830078631075,-14.3795674550035,4.26837137248501));
#1438=CARTESIAN_POINT('Ctrl Pts',(5.41128117223841,-14.3939203672298,4.33939482577651));
#1439=CARTESIAN_POINT('Ctrl Pts',(5.37273716155895,-14.4086860113566,4.40960190298369));
#1440=CARTESIAN_POINT('Ctrl Pts',(5.16918984542563,-14.4866619972491,4.78035891262474));
#1441=CARTESIAN_POINT('Ctrl Pts',(4.92356120412105,-14.5759817183892,5.12780021315712));
#1442=CARTESIAN_POINT('Ctrl Pts',(4.64208816776564,-14.6681976411282,5.44598125911527));
#1443=CARTESIAN_POINT('Ctrl Pts',(4.47932439526128,-14.7215221501623,5.629971697596));
#1444=CARTESIAN_POINT('Ctrl Pts',(4.30457558718054,-14.7758148934931,5.8041770698656));
#1445=CARTESIAN_POINT('Ctrl Pts',(4.11905489630916,-14.829441226263,5.96744492723098));
#1446=CARTESIAN_POINT('Ctrl Pts',(3.90648570867381,-14.8908861569564,6.15451686860913));
#1447=CARTESIAN_POINT('Ctrl Pts',(3.67964125945069,-14.9514940868848,6.3273743566478));
#1448=CARTESIAN_POINT('Ctrl Pts',(3.44039812523244,-15.0087779834326,6.48420363628913));
#1449=CARTESIAN_POINT('Ctrl Pts',(3.20115499101418,-15.0660618799804,6.64103291593045));
#1450=CARTESIAN_POINT('Ctrl Pts',(2.94951405577764,-15.1200205436079,6.78183314546906));
#1451=CARTESIAN_POINT('Ctrl Pts',(2.68739042099638,-15.1681734314111,6.90483516506381));
#1452=CARTESIAN_POINT('Origin',(0.00429866277644964,-0.562574552317805,
6.90483519286549));
#1453=CARTESIAN_POINT('',(-14.8457013372235,-0.562574552317807,6.90483519286549));
#1454=CARTESIAN_POINT('Origin',(0.00429866277644964,-0.562574552317805,
6.90483519286549));
#1455=CARTESIAN_POINT('',(-17.988747955453,-0.562574552317807,11.5472186472918));
#1456=CARTESIAN_POINT('Origin',(-19.8457013372235,-0.562574552317807,6.90483519286549));
#1457=CARTESIAN_POINT('Origin',(0.00429866277644964,-0.562574552317805,
11.5472186472918));
#1458=CARTESIAN_POINT('Origin',(0.00429866277644964,-0.562574552317805,
6.90483519286549));
#1459=CARTESIAN_POINT('Origin',(-5.74570133722354,-13.4368706495808,12.25));
#1460=CARTESIAN_POINT('',(-6.05155240105334,-14.1216736334777,12.25));
#1461=CARTESIAN_POINT('Origin',(0.00429866277644964,-0.562574552317805,
12.25));
#1462=CARTESIAN_POINT('Origin',(0.00429866277644964,-0.562574552317807,
14.25));
#1463=CARTESIAN_POINT('',(-26.1525220862334,-0.562574552317812,14.812728299604));
#1464=CARTESIAN_POINT('',(-24.7457013372236,-0.562574552317804,14.25));
#1465=CARTESIAN_POINT('Origin',(0.00429866277644964,-0.562574552317807,
14.8127282996039));
#1466=CARTESIAN_POINT('Ctrl Pts',(-26.7153414485716,9.35260735826968,22.5645465627986));
#1467=CARTESIAN_POINT('Ctrl Pts',(-26.4923195266324,9.95361150977125,22.8258464634342));
#1468=CARTESIAN_POINT('Ctrl Pts',(-26.0152032810773,11.1154047228332,23.4116851175432));
#1469=CARTESIAN_POINT('Ctrl Pts',(-25.2363985079815,12.7070324256739,24.5397655169507));
#1470=CARTESIAN_POINT('Ctrl Pts',(-24.4796459765694,14.0467032476427,25.9874805038751));
#1471=CARTESIAN_POINT('Ctrl Pts',(-23.907465389958,14.9458596910471,27.9007595249848));
#1472=CARTESIAN_POINT('Ctrl Pts',(-23.9339035200018,14.906052632807,30.1493312783208));
#1473=CARTESIAN_POINT('Ctrl Pts',(-24.7390142596092,13.6319983432741,32.6437663996213));
#1474=CARTESIAN_POINT('Ctrl Pts',(-26.6717114045026,10.0159788416917,35.4439683694796));
#1475=CARTESIAN_POINT('Ctrl Pts',(-28.6165961307983,3.49553124261073,37.2803962256713));
#1476=CARTESIAN_POINT('Ctrl Pts',(-28.5722921625828,-4.90625317729257,37.2796390240262));
#1477=CARTESIAN_POINT('Ctrl Pts',(-26.5654367492032,-11.4058300569885,35.420278100237));
#1478=CARTESIAN_POINT('Ctrl Pts',(-24.5989692695415,-14.9994006530895,32.6273239254102));
#1479=CARTESIAN_POINT('Ctrl Pts',(-23.7829037303861,-16.2626004248894,30.1269691086814));
#1480=CARTESIAN_POINT('Ctrl Pts',(-23.7630204858793,-16.2919070722448,27.8773515689862));
#1481=CARTESIAN_POINT('Ctrl Pts',(-24.3488989121445,-15.3888312125867,25.9727786515196));
#1482=CARTESIAN_POINT('Ctrl Pts',(-25.3804253921083,-13.6009445439811,24.0528838117535));
#1483=CARTESIAN_POINT('Ctrl Pts',(-26.1734381438549,-11.9037060917988,23.0856954098797));
#1484=CARTESIAN_POINT('Ctrl Pts',(-26.6298991810393,-10.7050350632827,22.5645465627986));
#1485=CARTESIAN_POINT('Ctrl Pts',(-26.7586267500638,9.2359612202147,22.8831710969381));
#1486=CARTESIAN_POINT('Ctrl Pts',(-26.5414288973993,9.82978442502706,23.1358158801296));
#1487=CARTESIAN_POINT('Ctrl Pts',(-26.0765082436588,10.9772850531371,23.7017803604494));
#1488=CARTESIAN_POINT('Ctrl Pts',(-25.3199769996099,12.5472323119515,24.7853819336669));
#1489=CARTESIAN_POINT('Ctrl Pts',(-24.587872423325,13.864993018144,26.1650962592322));
#1490=CARTESIAN_POINT('Ctrl Pts',(-24.0380854663959,14.7454569032123,27.9675460634963));
#1491=CARTESIAN_POINT('Ctrl Pts',(-24.0635191258531,14.7064322153342,30.0718713799019));
#1492=CARTESIAN_POINT('Ctrl Pts',(-24.836912173924,13.4588357930284,32.424256598549));
#1493=CARTESIAN_POINT('Ctrl Pts',(-26.7136821562646,9.89399792738224,35.1158490643748));
#1494=CARTESIAN_POINT('Ctrl Pts',(-28.6138813492229,3.44494191291291,36.904258711657));
#1495=CARTESIAN_POINT('Ctrl Pts',(-28.5703549291518,-4.85522698107286,36.9034131302752));
#1496=CARTESIAN_POINT('Ctrl Pts',(-26.6090187621424,-11.2839878125747,35.093913152489));
#1497=CARTESIAN_POINT('Ctrl Pts',(-24.6978500494038,-14.8281388470719,32.4090251302268));
#1498=CARTESIAN_POINT('Ctrl Pts',(-23.9131136390007,-16.0660106395746,30.051259872449));
#1499=CARTESIAN_POINT('Ctrl Pts',(-23.8939779987237,-16.094776148861,27.9454367980525));
#1500=CARTESIAN_POINT('Ctrl Pts',(-24.4575927896141,-15.2098410569943,26.150655345435));
#1501=CARTESIAN_POINT('Ctrl Pts',(-25.4559865264741,-13.4501401036523,24.3207483860081));
#1502=CARTESIAN_POINT('Ctrl Pts',(-26.2291643487269,-11.7739477681943,23.3864548782334));
#1503=CARTESIAN_POINT('Ctrl Pts',(-26.6739586349495,-10.5893345179303,22.8826191347031));
#1504=CARTESIAN_POINT('Ctrl Pts',(-27.0776012219898,9.12386384305051,23.4364979726204));
#1505=CARTESIAN_POINT('Ctrl Pts',(-26.8607443366309,9.70794922618517,23.6745984423339));
#1506=CARTESIAN_POINT('Ctrl Pts',(-26.3972162581738,10.8342857543352,24.2062751030909));
#1507=CARTESIAN_POINT('Ctrl Pts',(-25.6425546520126,12.3632678166291,25.2134924582083));
#1508=CARTESIAN_POINT('Ctrl Pts',(-24.9128235350214,13.6304393130634,26.4753445763122));
#1509=CARTESIAN_POINT('Ctrl Pts',(-24.3650069949908,14.4596062544968,28.0845010965829));
#1510=CARTESIAN_POINT('Ctrl Pts',(-24.3904124822845,14.4228749077094,29.9363702049976));
#1511=CARTESIAN_POINT('Ctrl Pts',(-25.1610341691538,13.2475912206478,32.0413014020591));
#1512=CARTESIAN_POINT('Ctrl Pts',(-27.0329908955715,9.78761739983267,34.5462037379986));
#1513=CARTESIAN_POINT('Ctrl Pts',(-28.9283764394536,3.4054161862425,36.2539513328771));
#1514=CARTESIAN_POINT('Ctrl Pts',(-28.8842607256776,-4.81799244582029,36.2523965976563));
#1515=CARTESIAN_POINT('Ctrl Pts',(-26.9278508056258,-11.1799909758019,34.5271491264062));
#1516=CARTESIAN_POINT('Ctrl Pts',(-25.0211106613018,-14.6205384030144,32.0284047945293));
#1517=CARTESIAN_POINT('Ctrl Pts',(-24.2386769763695,-15.7875243114897,29.9188559107974));
#1518=CARTESIAN_POINT('Ctrl Pts',(-24.2195469047586,-15.8145273682626,28.0645517601973));
#1519=CARTESIAN_POINT('Ctrl Pts',(-24.781356282006,-14.9804432692384,26.4613446940256));
#1520=CARTESIAN_POINT('Ctrl Pts',(-25.7774807382944,-13.2874647628818,24.786715599951));
#1521=CARTESIAN_POINT('Ctrl Pts',(-26.5481679521857,-11.6459180021977,23.9097652539489));
#1522=CARTESIAN_POINT('Ctrl Pts',(-26.9924025512348,-10.4805207883945,23.4350239235069));
#1523=CARTESIAN_POINT('Ctrl Pts',(-27.6445590956741,9.23012739952702,23.6864938489077));
#1524=CARTESIAN_POINT('Ctrl Pts',(-27.4165167002211,9.8130429169637,23.9258770505843));
#1525=CARTESIAN_POINT('Ctrl Pts',(-26.9288133688452,10.9316792618285,24.4593661179503));
#1526=CARTESIAN_POINT('Ctrl Pts',(-26.1332838904284,12.4238981206763,25.4568068514119));
#1527=CARTESIAN_POINT('Ctrl Pts',(-25.361350484453,13.6250051282406,26.6805615353705));
#1528=CARTESIAN_POINT('Ctrl Pts',(-24.7788690292841,14.3646041978803,28.1742135186537));
#1529=CARTESIAN_POINT('Ctrl Pts',(-24.8058110689947,14.3326662507014,29.8326610907882));
#1530=CARTESIAN_POINT('Ctrl Pts',(-25.6253654648391,13.2804037539133,31.7977938567789));
#1531=CARTESIAN_POINT('Ctrl Pts',(-27.5993134817416,9.9275680716854,34.2881165539425));
#1532=CARTESIAN_POINT('Ctrl Pts',(-29.5891640014639,3.47292268901621,36.0273477016926));
#1533=CARTESIAN_POINT('Ctrl Pts',(-29.5435318903425,-4.89260211733664,36.0249337180851));
#1534=CARTESIAN_POINT('Ctrl Pts',(-27.4901091606717,-11.32293493918,34.2683185950154));
#1535=CARTESIAN_POINT('Ctrl Pts',(-25.4810651019958,-14.6550606313668,31.7834260560807));
#1536=CARTESIAN_POINT('Ctrl Pts',(-24.649960962152,-15.6986637231157,29.8170897714437));
#1537=CARTESIAN_POINT('Ctrl Pts',(-24.6296913177791,-15.7219726151192,28.1566910591357));
#1538=CARTESIAN_POINT('Ctrl Pts',(-25.2263755234974,-14.9780675611475,26.6680373120593));
#1539=CARTESIAN_POINT('Ctrl Pts',(-26.279049355092,-13.3736559805959,25.0435507179822));
#1540=CARTESIAN_POINT('Ctrl Pts',(-27.0897114210595,-11.7536677362862,24.1631849987762));
#1541=CARTESIAN_POINT('Ctrl Pts',(-27.5565645238248,-10.590900254561,23.6858177748413));
#1542=CARTESIAN_POINT('Ctrl Pts',(-27.887255488543,9.30687400983592,23.7184591548554));
#1543=CARTESIAN_POINT('Ctrl Pts',(-27.6544519033608,9.89119216720479,23.9618302769926));
#1544=CARTESIAN_POINT('Ctrl Pts',(-27.1564095066849,11.0102073172599,24.5036952849134));
#1545=CARTESIAN_POINT('Ctrl Pts',(-26.343446629506,12.4907397806857,25.5122744323633));
#1546=CARTESIAN_POINT('Ctrl Pts',(-25.5535031975933,13.6651279456574,26.7394555593046));
#1547=CARTESIAN_POINT('Ctrl Pts',(-24.9562269712183,14.3622127064274,28.2048205522499));
#1548=CARTESIAN_POINT('Ctrl Pts',(-24.9838246683692,14.3327703723304,29.7974270204037));
#1549=CARTESIAN_POINT('Ctrl Pts',(-25.8242472825208,13.3381083868776,31.7319031999596));
#1550=CARTESIAN_POINT('Ctrl Pts',(-27.8417118460499,10.0212820267858,34.2558584933912));
#1551=CARTESIAN_POINT('Ctrl Pts',(-29.8718985340253,3.51418734132605,36.0292776466513));
#1552=CARTESIAN_POINT('Ctrl Pts',(-29.8256514093091,-4.93712225960591,36.0263913483055));
#1553=CARTESIAN_POINT('Ctrl Pts',(-27.7307760216585,-11.4179291894699,34.2348986190763));
#1554=CARTESIAN_POINT('Ctrl Pts',(-25.6780599683274,-14.7131671753709,31.7161284808244));
#1555=CARTESIAN_POINT('Ctrl Pts',(-24.8262020809634,-15.6985498435849,29.7823910005213));
#1556=CARTESIAN_POINT('Ctrl Pts',(-24.8054467643291,-15.7199073647327,28.1883277661177));
#1557=CARTESIAN_POINT('Ctrl Pts',(-25.417021612799,-15.0189760842427,26.7277727827477));
#1558=CARTESIAN_POINT('Ctrl Pts',(-26.4937904822348,-13.4506078019543,25.0983478555014));
#1559=CARTESIAN_POINT('Ctrl Pts',(-27.3215844950229,-11.8346617692709,24.2038500004169));
#1560=CARTESIAN_POINT('Ctrl Pts',(-27.7980657531365,-10.6692700745146,23.7184591548554));
#1561=CARTESIAN_POINT('',(-26.6298991810393,-10.7050350632827,22.5645465627986));
#1562=CARTESIAN_POINT('',(-27.7945795400566,-10.6681409233378,23.7179827627455));
#1563=CARTESIAN_POINT('Origin',(-27.7980657531365,-11.1498798225355,22.5645465627986));
#1564=CARTESIAN_POINT('',(-24.9926365312333,14.3176205264081,28.9409048611211));
#1565=CARTESIAN_POINT('Ctrl Pts',(-27.7945795400566,-10.6681409233378,23.7179827627455));
#1566=CARTESIAN_POINT('Ctrl Pts',(-27.3182372735469,-11.8334949966736,24.2032582621098));
#1567=CARTESIAN_POINT('Ctrl Pts',(-26.490690568651,-13.4494997415197,25.0975529921052));
#1568=CARTESIAN_POINT('Ctrl Pts',(-25.4142695324182,-15.0183884602489,26.7269084668235));
#1569=CARTESIAN_POINT('Ctrl Pts',(-24.8029096413987,-15.7199397891982,28.1878705283897));
#1570=CARTESIAN_POINT('Ctrl Pts',(-24.8236579469309,-15.698554124547,29.782892514613));
#1571=CARTESIAN_POINT('Ctrl Pts',(-25.6752162366861,-14.7123313851431,31.7171025738794));
#1572=CARTESIAN_POINT('Ctrl Pts',(-27.7273018517965,-11.4165602414201,34.2353864356275));
#1573=CARTESIAN_POINT('Ctrl Pts',(-29.8215788417801,-4.93648045996129,36.0263771769254));
#1574=CARTESIAN_POINT('Ctrl Pts',(-29.8678170860491,3.51359252165774,36.0292566643772));
#1575=CARTESIAN_POINT('Ctrl Pts',(-27.8382126803762,10.0199315606411,34.2563295956364));
#1576=CARTESIAN_POINT('Ctrl Pts',(-25.8213763125802,13.3372784214309,31.7328570373215));
#1577=CARTESIAN_POINT('Ctrl Pts',(-25.0782008570738,14.2178965075428,30.0212167023253));
#1578=CARTESIAN_POINT('Ctrl Pts',(-24.9927467814169,14.3178874161631,29.2208790493254));
#1579=CARTESIAN_POINT('Ctrl Pts',(-24.9925260193608,14.3179720478752,28.9409242329021));
#1580=CARTESIAN_POINT('',(-27.887255488543,9.30687400983591,23.7184591548554));
#1581=CARTESIAN_POINT('Ctrl Pts',(-24.9950996643325,14.3179781045456,28.9404737613357));
#1582=CARTESIAN_POINT('Ctrl Pts',(-24.9949377523262,14.3180179175592,28.7007461175724));
#1583=CARTESIAN_POINT('Ctrl Pts',(-25.0634794451569,14.2370376838231,27.9416859860706));
#1584=CARTESIAN_POINT('Ctrl Pts',(-25.5535031975933,13.6651279456574,26.7394555593046));
#1585=CARTESIAN_POINT('Ctrl Pts',(-26.343446629506,12.4907397806857,25.5122744323633));
#1586=CARTESIAN_POINT('Ctrl Pts',(-27.1564095066849,11.0102073172599,24.5036952849134));
#1587=CARTESIAN_POINT('Ctrl Pts',(-27.6544519033608,9.89119216720479,23.9618302769926));
#1588=CARTESIAN_POINT('Ctrl Pts',(-27.887255488543,9.30687400983592,23.7184591548554));
#1589=CARTESIAN_POINT('',(-26.7153414485716,9.35260735826967,22.5645465627986));
#1590=CARTESIAN_POINT('Origin',(-27.887255488543,9.78748375785684,22.5645465627986));
#1591=CARTESIAN_POINT('',(-28.4960112499072,-0.562587653651142,37.1875669952195));
#1592=CARTESIAN_POINT('Ctrl Pts',(-26.7153414485716,9.35260735826968,22.5645465627986));
#1593=CARTESIAN_POINT('Ctrl Pts',(-26.4923195266324,9.95361150977125,22.8258464634342));
#1594=CARTESIAN_POINT('Ctrl Pts',(-26.0152032810773,11.1154047228332,23.4116851175432));
#1595=CARTESIAN_POINT('Ctrl Pts',(-25.2363985079815,12.7070324256739,24.5397655169507));
#1596=CARTESIAN_POINT('Ctrl Pts',(-24.4796459765694,14.0467032476427,25.9874805038751));
#1597=CARTESIAN_POINT('Ctrl Pts',(-23.907465389958,14.9458596910471,27.9007595249848));
#1598=CARTESIAN_POINT('Ctrl Pts',(-23.9339035200018,14.906052632807,30.1493312783208));
#1599=CARTESIAN_POINT('Ctrl Pts',(-24.7390142596092,13.6319983432741,32.6437663996213));
#1600=CARTESIAN_POINT('Ctrl Pts',(-26.6717114045026,10.0159788416917,35.4439683694796));
#1601=CARTESIAN_POINT('Ctrl Pts',(-28.2142124454159,4.84456838593725,36.9004515437462));
#1602=CARTESIAN_POINT('Ctrl Pts',(-28.4962985745278,0.765725087650299,37.1818587346278));
#1603=CARTESIAN_POINT('Ctrl Pts',(-28.4960313685107,-0.562588504150474,
37.1873627150521));
#1604=CARTESIAN_POINT('Ctrl Pts',(-28.4960313685107,-0.562588504150474,
37.1873627150521));
#1605=CARTESIAN_POINT('Ctrl Pts',(-28.4957450855722,-1.9857357908717,37.1932596469628));
#1606=CARTESIAN_POINT('Ctrl Pts',(-28.1847550046781,-6.16136479856218,36.9205840352511));
#1607=CARTESIAN_POINT('Ctrl Pts',(-26.5654367492032,-11.4058300569885,35.420278100237));
#1608=CARTESIAN_POINT('Ctrl Pts',(-24.5989692695415,-14.9994006530895,32.6273239254102));
#1609=CARTESIAN_POINT('Ctrl Pts',(-23.7829037303861,-16.2626004248894,30.1269691086814));
#1610=CARTESIAN_POINT('Ctrl Pts',(-23.7630204858793,-16.2919070722448,27.8773515689862));
#1611=CARTESIAN_POINT('Ctrl Pts',(-24.3488989121445,-15.3888312125867,25.9727786515196));
#1612=CARTESIAN_POINT('Ctrl Pts',(-25.3804253921083,-13.6009445439811,24.0528838117535));
#1613=CARTESIAN_POINT('Ctrl Pts',(-26.1734381438549,-11.9037060917988,23.0856954098797));
#1614=CARTESIAN_POINT('Ctrl Pts',(-26.6298991810393,-10.7050350632827,22.5645465627986));
#1615=CARTESIAN_POINT('Ctrl Pts',(-26.6298991810393,-10.7050350632827,22.5645465627986));
#1616=CARTESIAN_POINT('Ctrl Pts',(-27.2877655149666,-8.97747180842327,21.9636693732369));
#1617=CARTESIAN_POINT('Ctrl Pts',(-27.9295012441213,-6.12377388706499,21.3656072275342));
#1618=CARTESIAN_POINT('Ctrl Pts',(-28.3539453172983,-1.18960108013659,20.9795549482549));
#1619=CARTESIAN_POINT('Ctrl Pts',(-28.178438818748,3.8087022040713,21.1667838007992));
#1620=CARTESIAN_POINT('Ctrl Pts',(-27.3581941883216,7.62023431603911,21.9619964437452));
#1621=CARTESIAN_POINT('Ctrl Pts',(-26.7153414485716,9.35260735826967,22.5645465627986));
#1622=CARTESIAN_POINT('Ctrl Pts',(-26.6739586349494,-10.5893345179303,22.8826191347031));
#1623=CARTESIAN_POINT('Ctrl Pts',(-27.3488249794843,-8.90335817340197,22.2810612813545));
#1624=CARTESIAN_POINT('Ctrl Pts',(-28.010727648087,-6.08508537828362,21.6641943902814));
#1625=CARTESIAN_POINT('Ctrl Pts',(-28.4472525108231,-1.18785997744749,21.2642544411759));
#1626=CARTESIAN_POINT('Ctrl Pts',(-28.266127730037,3.78141106825601,21.4590593186759));
#1627=CARTESIAN_POINT('Ctrl Pts',(-27.4188286170797,7.54546450305194,22.2798971956898));
#1628=CARTESIAN_POINT('Ctrl Pts',(-26.7586267500638,9.23596122021469,22.8831710969381));
#1629=CARTESIAN_POINT('Ctrl Pts',(-26.9923886010134,-10.4805085436473,23.4350405677948));
#1630=CARTESIAN_POINT('Ctrl Pts',(-27.6830313954808,-8.842212155736,22.8012401864768));
#1631=CARTESIAN_POINT('Ctrl Pts',(-28.3554032188403,-6.05692102139288,22.1322239329026));
#1632=CARTESIAN_POINT('Ctrl Pts',(-28.7951485892963,-1.18795458750499,21.6981611473931));
#1633=CARTESIAN_POINT('Ctrl Pts',(-28.6138929699071,3.76120884034011,21.9099691486017));
#1634=CARTESIAN_POINT('Ctrl Pts',(-27.753584836773,7.48141312847041,22.8007113531609));
#1635=CARTESIAN_POINT('Ctrl Pts',(-27.0775870909968,9.12385160047634,23.4365147763171));
#1636=CARTESIAN_POINT('Ctrl Pts',(-27.5565645238248,-10.590900254561,23.6858177748413));
#1637=CARTESIAN_POINT('Ctrl Pts',(-28.2444195594537,-8.93105530876277,23.0042041529343));
#1638=CARTESIAN_POINT('Ctrl Pts',(-28.8956515289217,-6.10921778935977,22.2967695717434));
#1639=CARTESIAN_POINT('Ctrl Pts',(-29.3197954185102,-1.19408324153367,21.8392804703255));
#1640=CARTESIAN_POINT('Ctrl Pts',(-29.1476500529517,3.79738543479856,22.0616708894247));
#1641=CARTESIAN_POINT('Ctrl Pts',(-28.3170486886783,7.56584227445878,23.0028503092207));
#1642=CARTESIAN_POINT('Ctrl Pts',(-27.6445590956742,9.23012739952701,23.6864938489077));
#1643=CARTESIAN_POINT('Ctrl Pts',(-27.7980657531365,-10.6692700745146,23.7184591548554));
#1644=CARTESIAN_POINT('Ctrl Pts',(-28.4847858736395,-8.9896700662691,23.0188982502465));
#1645=CARTESIAN_POINT('Ctrl Pts',(-29.1269878367122,-6.14290628626894,22.3012946702404));
#1646=CARTESIAN_POINT('Ctrl Pts',(-29.5445074239973,-1.19740270835398,21.8380775139666));
#1647=CARTESIAN_POINT('Ctrl Pts',(-29.3762260972132,3.82097470991404,22.0627458969695));
#1648=CARTESIAN_POINT('Ctrl Pts',(-28.558303523896,7.62259775087402,23.0169505709388));
#1649=CARTESIAN_POINT('Ctrl Pts',(-27.887255488543,9.30687400983591,23.7184591548554));
#1650=CARTESIAN_POINT('Ctrl Pts',(-27.887255488543,9.30687400983591,23.7184591548554));
#1651=CARTESIAN_POINT('Ctrl Pts',(-28.558303523896,7.62259775087402,23.0169505709388));
#1652=CARTESIAN_POINT('Ctrl Pts',(-29.3762260972132,3.82097470991404,22.0627458969695));
#1653=CARTESIAN_POINT('Ctrl Pts',(-29.5445074239973,-1.19740270835398,21.8380775139666));
#1654=CARTESIAN_POINT('Ctrl Pts',(-29.1269878367122,-6.14290628626894,22.3012946702404));
#1655=CARTESIAN_POINT('Ctrl Pts',(-28.4847858736395,-8.9896700662691,23.0188982502465));
#1656=CARTESIAN_POINT('Ctrl Pts',(-27.7980657531365,-10.6692700745146,23.7184591548554));
#1657=CARTESIAN_POINT('',(-28.2666015862922,-0.562574423506233,21.0654222442903));
#1658=CARTESIAN_POINT('Ctrl Pts',(-26.6298991810393,-10.7050350632827,22.5645465627986));
#1659=CARTESIAN_POINT('Ctrl Pts',(-27.2877655149666,-8.97747180842327,21.9636693732369));
#1660=CARTESIAN_POINT('Ctrl Pts',(-27.9295012441213,-6.12377388706499,21.3656072275342));
#1661=CARTESIAN_POINT('Ctrl Pts',(-28.2300505172153,-2.62988118327008,21.0922432221302));
#1662=CARTESIAN_POINT('Ctrl Pts',(-28.2659037542741,-1.09951149519162,21.0639991530327));
#1663=CARTESIAN_POINT('Ctrl Pts',(-28.2666015862922,-0.562574423506232,
21.0654222442903));
#1664=CARTESIAN_POINT('Ctrl Pts',(-28.2666015862922,-0.562574423506232,
21.0654222442903));
#1665=CARTESIAN_POINT('Ctrl Pts',(-28.2684859024927,0.887286283240709,21.0692649368616));
#1666=CARTESIAN_POINT('Ctrl Pts',(-28.0676022367093,4.32374024997893,21.2742379042076));
#1667=CARTESIAN_POINT('Ctrl Pts',(-27.3581941883216,7.62023431603911,21.9619964437452));
#1668=CARTESIAN_POINT('Ctrl Pts',(-26.7153414485716,9.35260735826967,22.5645465627986));
#1669=CARTESIAN_POINT('Origin',(0.00429866277644964,-0.562574552317807,
22.5645465627986));
#1670=CARTESIAN_POINT('',(26.6384965065922,-10.7050350632827,22.5645465627986));
#1671=CARTESIAN_POINT('Origin',(0.00429866277644964,-0.562574552317807,
22.5645465627986));
#1672=CARTESIAN_POINT('',(26.7239387741245,9.3526073582697,22.5645465627986));
#1673=CARTESIAN_POINT('Ctrl Pts',(26.7239387741245,9.35260735826969,22.5645465627986));
#1674=CARTESIAN_POINT('Ctrl Pts',(27.3667915382071,7.62023425046705,21.961996420938));
#1675=CARTESIAN_POINT('Ctrl Pts',(28.1877541326534,3.80788642524169,21.1663573616285));
#1676=CARTESIAN_POINT('Ctrl Pts',(28.3955916507499,-2.18505608808932,20.9433662971143));
#1677=CARTESIAN_POINT('Ctrl Pts',(27.7768694568849,-7.10769414977841,21.5168762583792));
#1678=CARTESIAN_POINT('Ctrl Pts',(26.9674296860063,-9.841253403158,22.2641079566459));
#1679=CARTESIAN_POINT('Ctrl Pts',(26.6384965065922,-10.7050350632827,22.5645465627986));
#1680=CARTESIAN_POINT('Origin',(0.00429866277644964,-0.562574552317807,
22.5645465627986));
#1681=CARTESIAN_POINT('',(-25.5909922245323,-0.562574552317803,18.0247496402963));
#1682=CARTESIAN_POINT('Origin',(-23.4957013372236,-0.56257455231781,22.5645465627986));
#1683=CARTESIAN_POINT('Origin',(0.00429866277644964,-0.562574552317807,
18.0247496402963));
#1684=CARTESIAN_POINT('Origin',(0.00429866277644964,-0.562574552317809,
45.75));
#1685=CARTESIAN_POINT('',(-28.4957013372236,-0.562574552317803,39.25));
#1686=CARTESIAN_POINT('Origin',(0.00429866277644964,-0.562574552317807,
39.25));
#1687=CARTESIAN_POINT('',(-28.4957013372236,-0.562574552317806,45.75));
#1688=CARTESIAN_POINT('Ctrl Pts',(26.6384965065922,-10.7050350632827,22.5645465627986));
#1689=CARTESIAN_POINT('Ctrl Pts',(26.410265988,-11.3043705775408,22.8251209863392));
#1690=CARTESIAN_POINT('Ctrl Pts',(25.9228476280288,-12.4630764715452,23.4092569384667));
#1691=CARTESIAN_POINT('Ctrl Pts',(25.1291137514089,-14.050406197048,24.532507780788));
#1692=CARTESIAN_POINT('Ctrl Pts',(24.358159721869,-15.3880208025031,25.9730923676646));
#1693=CARTESIAN_POINT('Ctrl Pts',(23.7708115879103,-16.2928705742545,27.8780640895291));
#1694=CARTESIAN_POINT('Ctrl Pts',(23.7901650782599,-16.2643007525636,30.1280395729847));
#1695=CARTESIAN_POINT('Ctrl Pts',(24.6066286404176,-15.0001343198032,32.6256044838271));
#1696=CARTESIAN_POINT('Ctrl Pts',(26.5743609173803,-11.4040227171721,35.4259758526047));
#1697=CARTESIAN_POINT('Ctrl Pts',(28.5830769157224,-4.9060181181325,37.272286120143));
#1698=CARTESIAN_POINT('Ctrl Pts',(28.6229785767641,3.49601063338322,37.2877591112385));
#1699=CARTESIAN_POINT('Ctrl Pts',(26.6800111396792,10.0177622799976,35.438251491882));
#1700=CARTESIAN_POINT('Ctrl Pts',(24.7485582781017,13.6312292003091,32.64540362993));
#1701=CARTESIAN_POINT('Ctrl Pts',(23.9437939970532,14.9043754560325,30.1483071269837));
#1702=CARTESIAN_POINT('Ctrl Pts',(23.9168630200543,14.9448765182593,27.9000609818352));
#1703=CARTESIAN_POINT('Ctrl Pts',(24.487578549276,14.0475493129262,25.9872080401549));
#1704=CARTESIAN_POINT('Ctrl Pts',(25.5001785591849,12.2567542481831,24.0576936791406));
#1705=CARTESIAN_POINT('Ctrl Pts',(26.2778949302461,10.5546156612729,23.0871463640698));
#1706=CARTESIAN_POINT('Ctrl Pts',(26.7239387741245,9.35260735826969,22.5645465627986));
#1707=CARTESIAN_POINT('Ctrl Pts',(-24.8357377409368,14.3188019676607,28.9409244846209));
#1708=CARTESIAN_POINT('Ctrl Pts',(-24.8357377409368,14.3188019676607,21.9409244846209));
#1709=CARTESIAN_POINT('Ctrl Pts',(-24.8357377409368,-0.681198032339265,
21.9409244846209));
#1710=CARTESIAN_POINT('Ctrl Pts',(-24.8357377409368,-15.6811980323393,21.9409244846208));
#1711=CARTESIAN_POINT('Ctrl Pts',(-24.8357377409368,-15.6811980323393,28.9409244846208));
#1712=CARTESIAN_POINT('Ctrl Pts',(-24.8357377409368,-15.6811980323393,35.9409244846208));
#1713=CARTESIAN_POINT('Ctrl Pts',(-24.8357377409368,-0.68119803233931,35.9409244846209));
#1714=CARTESIAN_POINT('Ctrl Pts',(-24.8357377409368,14.3188019676607,35.9409244846209));
#1715=CARTESIAN_POINT('Ctrl Pts',(-24.8357377409368,14.3188019676607,28.9409244846209));
#1716=CARTESIAN_POINT('Ctrl Pts',(-30.2563448617282,14.3188019676607,28.9409244846209));
#1717=CARTESIAN_POINT('Ctrl Pts',(-30.2563448617282,14.3188019676607,21.9409244846209));
#1718=CARTESIAN_POINT('Ctrl Pts',(-30.2563448617282,-0.681198032339265,
21.9409244846209));
#1719=CARTESIAN_POINT('Ctrl Pts',(-30.2563448617282,-15.6811980323393,21.9409244846208));
#1720=CARTESIAN_POINT('Ctrl Pts',(-30.2563448617282,-15.6811980323393,28.9409244846208));
#1721=CARTESIAN_POINT('Ctrl Pts',(-30.2563448617282,-15.6811980323393,35.9409244846208));
#1722=CARTESIAN_POINT('Ctrl Pts',(-30.2563448617282,-0.68119803233931,35.9409244846209));
#1723=CARTESIAN_POINT('Ctrl Pts',(-30.2563448617282,14.3188019676607,35.9409244846209));
#1724=CARTESIAN_POINT('Ctrl Pts',(-30.2563448617282,14.3188019676607,28.9409244846209));
#1725=CARTESIAN_POINT('',(-25.5855783825684,14.3188203960585,28.9408085742909));
#1726=CARTESIAN_POINT('Ctrl Pts',(-24.9926365312333,14.3188019676607,28.9409244846209));
#1727=CARTESIAN_POINT('Ctrl Pts',(-25.5855783825684,14.3188019676607,28.9409244846209));
#1728=CARTESIAN_POINT('',(-28.2985709808641,9.61136820783619,23.8488430811569));
#1729=CARTESIAN_POINT('Ctrl Pts',(-28.2985709808641,9.61136820783618,23.8488430811569));
#1730=CARTESIAN_POINT('Ctrl Pts',(-28.0674097579971,10.1800566866379,24.0991750555317));
#1731=CARTESIAN_POINT('Ctrl Pts',(-27.5747087491547,11.2674558299534,24.6552929584248));
#1732=CARTESIAN_POINT('Ctrl Pts',(-26.7862198904275,12.6907874166104,25.6850344098833));
#1733=CARTESIAN_POINT('Ctrl Pts',(-26.0312543955967,13.7965117434687,26.9329284655328));
#1734=CARTESIAN_POINT('Ctrl Pts',(-25.6330086677968,14.264603981508,28.081651932238));
#1735=CARTESIAN_POINT('Ctrl Pts',(-25.585612219997,14.3188461905661,28.7673802518173));
#1736=CARTESIAN_POINT('Ctrl Pts',(-25.5855783825684,14.3188203960585,28.9408085742909));
#1737=CARTESIAN_POINT('',(-28.2079276137657,-10.9737642725149,23.8488430811569));
#1738=CARTESIAN_POINT('Ctrl Pts',(-28.2079276137657,-10.9737642725149,23.8488430811569));
#1739=CARTESIAN_POINT('Ctrl Pts',(-28.9225209591778,-9.25948626404592,23.094232051597));
#1740=CARTESIAN_POINT('Ctrl Pts',(-29.8305203081546,-5.34807580195442,22.072926535036));
#1741=CARTESIAN_POINT('Ctrl Pts',(-30.1008437329851,0.870665298805155,21.7827066841943));
#1742=CARTESIAN_POINT('Ctrl Pts',(-29.4935918018879,5.97575865285444,22.5195011575559));
#1743=CARTESIAN_POINT('Ctrl Pts',(-28.647939234935,8.75187413488966,23.4705008845688));
#1744=CARTESIAN_POINT('Ctrl Pts',(-28.2985709808641,9.61136820783618,23.8488430811569));
#1745=CARTESIAN_POINT('Ctrl Pts',(-25.5855783825684,14.3188203960585,28.9408085742909));
#1746=CARTESIAN_POINT('Ctrl Pts',(-25.585562227553,14.3188080809778,29.0236085188699));
#1747=CARTESIAN_POINT('Ctrl Pts',(-25.5966496139693,14.3059329322671,29.362673671757));
#1748=CARTESIAN_POINT('Ctrl Pts',(-25.7410620611945,14.1413459789877,30.2065382000871));
#1749=CARTESIAN_POINT('Ctrl Pts',(-26.263502692508,13.483118600065,31.3777883027153));
#1750=CARTESIAN_POINT('Ctrl Pts',(-27.0417754420142,12.2597521632633,32.5521956571199));
#1751=CARTESIAN_POINT('Ctrl Pts',(-28.0820085647332,10.2586429416338,33.8370979983541));
#1752=CARTESIAN_POINT('Ctrl Pts',(-29.5127964705552,6.51285551141926,35.2861288134031));
#1753=CARTESIAN_POINT('Ctrl Pts',(-30.4241379195896,1.12704168826141,36.0845999907038));
#1754=CARTESIAN_POINT('Ctrl Pts',(-30.1237280225583,-4.36302217346424,35.853353195274));
#1755=CARTESIAN_POINT('Ctrl Pts',(-29.1287939378126,-8.7076634918773,34.9698892768519));
#1756=CARTESIAN_POINT('Ctrl Pts',(-27.9725466200096,-11.6494430957666,33.8217145270169));
#1757=CARTESIAN_POINT('Ctrl Pts',(-26.9104570793707,-13.6405898086475,32.5378858381584));
#1758=CARTESIAN_POINT('Ctrl Pts',(-26.1186464270733,-14.8561201336021,31.3635975325436));
#1759=CARTESIAN_POINT('Ctrl Pts',(-25.5884951746387,-15.5091037561472,30.1929595999417));
#1760=CARTESIAN_POINT('Ctrl Pts',(-25.4147500119096,-15.7029344424447,29.1766795886517));
#1761=CARTESIAN_POINT('Ctrl Pts',(-25.4579417935285,-15.6558884358723,28.1469734822595));
#1762=CARTESIAN_POINT('Ctrl Pts',(-25.8954298935897,-15.1511259195343,26.921706512772));
#1763=CARTESIAN_POINT('Ctrl Pts',(-26.6650639185868,-14.0453857069838,25.6788255327528));
#1764=CARTESIAN_POINT('Ctrl Pts',(-27.4680754094684,-12.6260855320865,24.6533593304949));
#1765=CARTESIAN_POINT('Ctrl Pts',(-27.9715205137312,-11.5408945085254,24.0984891299169));
#1766=CARTESIAN_POINT('Ctrl Pts',(-28.2079276137657,-10.9737642725149,23.8488430811569));
#1767=CARTESIAN_POINT('Ctrl Pts',(26.6384965065922,-10.7050350632827,22.5645465627986));
#1768=CARTESIAN_POINT('Ctrl Pts',(26.410265988,-11.3043705775408,22.8251209863392));
#1769=CARTESIAN_POINT('Ctrl Pts',(25.9228476280288,-12.4630764715452,23.4092569384667));
#1770=CARTESIAN_POINT('Ctrl Pts',(25.1291137514089,-14.050406197048,24.532507780788));
#1771=CARTESIAN_POINT('Ctrl Pts',(24.358159721869,-15.3880208025031,25.9730923676646));
#1772=CARTESIAN_POINT('Ctrl Pts',(23.7708115879103,-16.2928705742545,27.8780640895291));
#1773=CARTESIAN_POINT('Ctrl Pts',(23.7901650782599,-16.2643007525636,30.1280395729847));
#1774=CARTESIAN_POINT('Ctrl Pts',(24.6066286404176,-15.0001343198032,32.6256044838271));
#1775=CARTESIAN_POINT('Ctrl Pts',(26.5743609173803,-11.4040227171721,35.4259758526047));
#1776=CARTESIAN_POINT('Ctrl Pts',(28.5830769157224,-4.9060181181325,37.272286120143));
#1777=CARTESIAN_POINT('Ctrl Pts',(28.6229785767641,3.49601063338322,37.2877591112385));
#1778=CARTESIAN_POINT('Ctrl Pts',(26.6800111396792,10.0177622799976,35.438251491882));
#1779=CARTESIAN_POINT('Ctrl Pts',(24.7485582781017,13.6312292003091,32.64540362993));
#1780=CARTESIAN_POINT('Ctrl Pts',(23.9437939970532,14.9043754560325,30.1483071269837));
#1781=CARTESIAN_POINT('Ctrl Pts',(23.9168630200543,14.9448765182593,27.9000609818352));
#1782=CARTESIAN_POINT('Ctrl Pts',(24.487578549276,14.0475493129262,25.9872080401549));
#1783=CARTESIAN_POINT('Ctrl Pts',(25.5001785591849,12.2567542481831,24.0576936791406));
#1784=CARTESIAN_POINT('Ctrl Pts',(26.2778949302461,10.5546156612729,23.0871463640698));
#1785=CARTESIAN_POINT('Ctrl Pts',(26.7239387741245,9.35260735826969,22.5645465627986));
#1786=CARTESIAN_POINT('Ctrl Pts',(26.6825559605023,-10.5893345179303,22.8826191347031));
#1787=CARTESIAN_POINT('Ctrl Pts',(26.460158817391,-11.1816411430623,23.1345370064683));
#1788=CARTESIAN_POINT('Ctrl Pts',(25.9849336064663,-12.3263807393228,23.6988122189561));
#1789=CARTESIAN_POINT('Ctrl Pts',(25.2133845976456,-13.8926437086894,24.7777894959494));
#1790=CARTESIAN_POINT('Ctrl Pts',(24.466906196491,-15.2090618556498,26.1508821995515));
#1791=CARTESIAN_POINT('Ctrl Pts',(23.9019137525499,-16.0957568541119,27.9460338961961));
#1792=CARTESIAN_POINT('Ctrl Pts',(23.9205850198139,-16.067691380296,30.0521847111087));
#1793=CARTESIAN_POINT('Ctrl Pts',(24.7056595440676,-14.8289734887283,32.4076098063026));
#1794=CARTESIAN_POINT('Ctrl Pts',(26.6176079729153,-11.282525597016,35.0990184569334));
#1795=CARTESIAN_POINT('Ctrl Pts',(28.5810129799706,-4.8547047975919,36.8966094100838));
#1796=CARTESIAN_POINT('Ctrl Pts',(28.6203940848142,3.44570706626856,36.911073190539));
#1797=CARTESIAN_POINT('Ctrl Pts',(26.7223124925736,9.89542570688551,35.1107221980782));
#1798=CARTESIAN_POINT('Ctrl Pts',(24.8463027897598,13.4579669983946,32.4255926965838));
#1799=CARTESIAN_POINT('Ctrl Pts',(24.0731983365632,14.7047781327803,30.0709922728639));
#1800=CARTESIAN_POINT('Ctrl Pts',(24.0473376269935,14.74445861914,27.9669628536899));
#1801=CARTESIAN_POINT('Ctrl Pts',(24.5957515841126,13.8658083396099,26.1649099951401));
#1802=CARTESIAN_POINT('Ctrl Pts',(25.5749865065588,12.1041589258368,24.3260647857504));
#1803=CARTESIAN_POINT('Ctrl Pts',(26.3328283702878,10.4236076298394,23.388460663321));
#1804=CARTESIAN_POINT('Ctrl Pts',(26.7672240756167,9.23596122021472,22.8831710969382));
#1805=CARTESIAN_POINT('Ctrl Pts',(27.0009998866796,-10.4805207970772,23.4350239117046));
#1806=CARTESIAN_POINT('Ctrl Pts',(26.7788825871551,-11.0632194039788,23.6723945769256));
#1807=CARTESIAN_POINT('Ctrl Pts',(26.3049135657382,-12.1871000456318,24.2024077062092));
#1808=CARTESIAN_POINT('Ctrl Pts',(25.5349857826007,-13.7130006778341,25.2053498108521));
#1809=CARTESIAN_POINT('Ctrl Pts',(24.7906013780203,-14.9796201824921,26.4614545445469));
#1810=CARTESIAN_POINT('Ctrl Pts',(24.2273426879072,-15.8153980732885,28.0650649046403));
#1811=CARTESIAN_POINT('Ctrl Pts',(24.2460207456176,-15.7888544865266,29.9194811502524));
#1812=CARTESIAN_POINT('Ctrl Pts',(25.0286783162123,-14.6214072101843,32.0272473491791));
#1813=CARTESIAN_POINT('Ctrl Pts',(26.9364404783826,-11.1787934047287,34.5313175743143));
#1814=CARTESIAN_POINT('Ctrl Pts',(28.895435658059,-4.81714973885647,36.2470612599933));
#1815=CARTESIAN_POINT('Ctrl Pts',(28.9343677081189,3.40651895039142,36.259295135569));
#1816=CARTESIAN_POINT('Ctrl Pts',(27.0416285265332,9.78877182191836,34.5420139809825));
#1817=CARTESIAN_POINT('Ctrl Pts',(25.1706684019969,13.2466873709742,32.042389209422));
#1818=CARTESIAN_POINT('Ctrl Pts',(24.4002206067178,14.4215700258552,29.9357904213202));
#1819=CARTESIAN_POINT('Ctrl Pts',(24.3743997984674,14.4587162245896,28.0840000323058));
#1820=CARTESIAN_POINT('Ctrl Pts',(24.9207722856187,13.6312987205879,26.475273502184));
#1821=CARTESIAN_POINT('Ctrl Pts',(25.8973654540301,11.9374198331135,24.7928699210821));
#1822=CARTESIAN_POINT('Ctrl Pts',(26.6524847868451,10.2920346180009,23.9126989001321));
#1823=CARTESIAN_POINT('Ctrl Pts',(27.0861985575628,9.12386385173161,23.4364979607051));
#1824=CARTESIAN_POINT('Ctrl Pts',(27.5651618493777,-10.590900254561,23.6858177748413));
#1825=CARTESIAN_POINT('Ctrl Pts',(27.3317352979951,-11.1722839954236,23.9245013868088));
#1826=CARTESIAN_POINT('Ctrl Pts',(26.8333717629644,-12.2881799292756,24.4563663902581));
#1827=CARTESIAN_POINT('Ctrl Pts',(26.0223538758752,-13.7769101811176,25.449661358898));
#1828=CARTESIAN_POINT('Ctrl Pts',(25.2356479386971,-14.9772977823132,26.6679122666374));
#1829=CARTESIAN_POINT('Ctrl Pts',(24.6374512998887,-15.7227998238833,28.1569208982256));
#1830=CARTESIAN_POINT('Ctrl Pts',(24.6571977863995,-15.6996219601935,29.8170878208453));
#1831=CARTESIAN_POINT('Ctrl Pts',(25.4886569405158,-14.655832461006,31.783277393998));
#1832=CARTESIAN_POINT('Ctrl Pts',(27.4989466237855,-11.3227755387747,34.2721483851213));
#1833=CARTESIAN_POINT('Ctrl Pts',(29.5545234957653,-4.89087946401416,36.0199118456055));
#1834=CARTESIAN_POINT('Ctrl Pts',(29.5953382555581,3.47489491808183,36.0323816194027));
#1835=CARTESIAN_POINT('Ctrl Pts',(27.6077021532233,9.92769714057711,34.2842552011032));
#1836=CARTESIAN_POINT('Ctrl Pts',(25.6349769355424,13.2796036203731,31.7978941899777));
#1837=CARTESIAN_POINT('Ctrl Pts',(24.8157248663755,14.3317252508287,29.8327026635937));
#1838=CARTESIAN_POINT('Ctrl Pts',(24.7882975920926,14.3637540149771,28.173992389854));
#1839=CARTESIAN_POINT('Ctrl Pts',(25.3692715967654,13.6258155161131,26.6807205527086));
#1840=CARTESIAN_POINT('Ctrl Pts',(26.4022571675063,12.0202680935936,25.0487918919844));
#1841=CARTESIAN_POINT('Ctrl Pts',(27.197071630321,10.3959584344004,24.1652602522609));
#1842=CARTESIAN_POINT('Ctrl Pts',(27.653156421227,9.23012739952703,23.6864938489077));
#1843=CARTESIAN_POINT('Ctrl Pts',(27.8066630786893,-10.6692700745146,23.7184591548554));
#1844=CARTESIAN_POINT('Ctrl Pts',(27.5684224496326,-11.2519659218928,23.9611545776362));
#1845=CARTESIAN_POINT('Ctrl Pts',(27.0596260914171,-12.3680568568747,24.5014274964501));
#1846=CARTESIAN_POINT('Ctrl Pts',(26.2310793254717,-13.8447904065753,25.5058902080443));
#1847=CARTESIAN_POINT('Ctrl Pts',(25.4263115227064,-15.0182377447679,26.7275436713593));
#1848=CARTESIAN_POINT('Ctrl Pts',(24.8132025056794,-15.720730268465,28.188450180998));
#1849=CARTESIAN_POINT('Ctrl Pts',(24.833404833325,-15.6993471288964,29.7820121250641));
#1850=CARTESIAN_POINT('Ctrl Pts',(25.6856782008405,-14.713804653859,31.7164516492702));
#1851=CARTESIAN_POINT('Ctrl Pts',(27.7397145250384,-11.4182430945653,34.2388428841915));
#1852=CARTESIAN_POINT('Ctrl Pts',(29.8365321022551,-4.93498319468446,36.0213788487317));
#1853=CARTESIAN_POINT('Ctrl Pts',(29.8781838361495,3.51656610630389,36.0343027064182));
#1854=CARTESIAN_POINT('Ctrl Pts',(27.8499985290171,10.0209497406344,34.2518784759924));
#1855=CARTESIAN_POINT('Ctrl Pts',(25.8338328226335,13.3374458371247,31.7315477051649));
#1856=CARTESIAN_POINT('Ctrl Pts',(24.9937718625917,14.3319847938212,29.7978407367892));
#1857=CARTESIAN_POINT('Ctrl Pts',(24.965659702391,14.3613643305047,28.2047038853137));
#1858=CARTESIAN_POINT('Ctrl Pts',(25.5614066144733,13.6659093611108,26.7397149021905));
#1859=CARTESIAN_POINT('Ctrl Pts',(26.6184189055186,12.0961006974603,25.1028196934645));
#1860=CARTESIAN_POINT('Ctrl Pts',(27.4302456437316,10.4755103245737,24.2052013991298));
#1861=CARTESIAN_POINT('Ctrl Pts',(27.8958528140959,9.30687400983594,23.7184591548554));
#1862=CARTESIAN_POINT('',(27.8958528140959,9.30687400983594,23.7184591548554));
#1863=CARTESIAN_POINT('Origin',(27.8958528140959,9.78748375785687,22.5645465627986));
#1864=CARTESIAN_POINT('',(25.00473076392,14.3172031757863,28.9409272300211));
#1865=CARTESIAN_POINT('Ctrl Pts',(27.8958528140959,9.30687400983594,23.7184591548554));
#1866=CARTESIAN_POINT('Ctrl Pts',(27.4302456437316,10.4755103245737,24.2052013991298));
#1867=CARTESIAN_POINT('Ctrl Pts',(26.6184189055186,12.0961006974603,25.1028196934645));
#1868=CARTESIAN_POINT('Ctrl Pts',(25.5614066144733,13.6659093611108,26.7397149021905));
#1869=CARTESIAN_POINT('Ctrl Pts',(25.0726375584324,14.2364819683972,27.941636838955));
#1870=CARTESIAN_POINT('Ctrl Pts',(25.0044796093051,14.317270720231,28.7008363985455));
#1871=CARTESIAN_POINT('Ctrl Pts',(25.0047304162994,14.3172032809625,28.9406072580505));
#1872=CARTESIAN_POINT('',(27.8066630786893,-10.6692700745146,23.7184591548554));
#1873=CARTESIAN_POINT('Ctrl Pts',(25.00473076392,14.3172031757863,28.9409272300211));
#1874=CARTESIAN_POINT('Ctrl Pts',(25.0050461567087,14.3170978920091,29.2208308073861));
#1875=CARTESIAN_POINT('Ctrl Pts',(25.0906933280409,14.217240533923,30.0209408712306));
#1876=CARTESIAN_POINT('Ctrl Pts',(25.8338328226335,13.3374458371247,31.7315477051649));
#1877=CARTESIAN_POINT('Ctrl Pts',(27.8499985290171,10.0209497406344,34.2518784759924));
#1878=CARTESIAN_POINT('Ctrl Pts',(29.8781838361495,3.51656610630389,36.0343027064182));
#1879=CARTESIAN_POINT('Ctrl Pts',(29.8365321022551,-4.93498319468446,36.0213788487317));
#1880=CARTESIAN_POINT('Ctrl Pts',(27.7397145250384,-11.4182430945653,34.2388428841915));
#1881=CARTESIAN_POINT('Ctrl Pts',(25.6856782008405,-14.713804653859,31.7164516492702));
#1882=CARTESIAN_POINT('Ctrl Pts',(24.833404833325,-15.6993471288964,29.7820121250641));
#1883=CARTESIAN_POINT('Ctrl Pts',(24.8132025056794,-15.720730268465,28.188450180998));
#1884=CARTESIAN_POINT('Ctrl Pts',(25.4263115227064,-15.0182377447679,26.7275436713593));
#1885=CARTESIAN_POINT('Ctrl Pts',(26.2310793254717,-13.8447904065753,25.5058902080443));
#1886=CARTESIAN_POINT('Ctrl Pts',(27.0596260914171,-12.3680568568747,24.5014274964501));
#1887=CARTESIAN_POINT('Ctrl Pts',(27.5684224496326,-11.2519659218928,23.9611545776362));
#1888=CARTESIAN_POINT('Ctrl Pts',(27.8066630786893,-10.6692700745146,23.7184591548554));
#1889=CARTESIAN_POINT('Origin',(27.8066630786893,-11.1498798225356,22.5645465627986));
#1890=CARTESIAN_POINT('Ctrl Pts',(26.7239387741245,9.35260735826969,22.5645465627986));
#1891=CARTESIAN_POINT('Ctrl Pts',(27.3667915382071,7.62023425046705,21.961996420938));
#1892=CARTESIAN_POINT('Ctrl Pts',(28.1877541326534,3.80788642524169,21.1663573616285));
#1893=CARTESIAN_POINT('Ctrl Pts',(28.3955916507499,-2.18505608808932,20.9433662971143));
#1894=CARTESIAN_POINT('Ctrl Pts',(27.7768694568849,-7.10769414977841,21.5168762583792));
#1895=CARTESIAN_POINT('Ctrl Pts',(26.9674296860063,-9.841253403158,22.2641079566459));
#1896=CARTESIAN_POINT('Ctrl Pts',(26.6384965065922,-10.7050350632827,22.5645465627986));
#1897=CARTESIAN_POINT('Ctrl Pts',(26.7672240756167,9.23596122021471,22.8831710969382));
#1898=CARTESIAN_POINT('Ctrl Pts',(27.4274259676219,7.54546443906492,22.2798971728553));
#1899=CARTESIAN_POINT('Ctrl Pts',(28.2753592400537,3.78041686878444,21.458982385292));
#1900=CARTESIAN_POINT('Ctrl Pts',(28.4902556993556,-2.17716480803853,21.2257251557653));
#1901=CARTESIAN_POINT('Ctrl Pts',(27.8530833839938,-7.06136013603214,21.8225512614919));
#1902=CARTESIAN_POINT('Ctrl Pts',(27.0199891455419,-9.74634631375819,22.581840196644));
#1903=CARTESIAN_POINT('Ctrl Pts',(26.6825559605023,-10.5893345179303,22.8826191347031));
#1904=CARTESIAN_POINT('Ctrl Pts',(27.0861844296759,9.12385161184843,23.4365147607082));
#1905=CARTESIAN_POINT('Ctrl Pts',(27.7621822010393,7.48141307767449,22.8007113134862));
#1906=CARTESIAN_POINT('Ctrl Pts',(28.6230934818607,3.75995806447905,21.9103035129343));
#1907=CARTESIAN_POINT('Ctrl Pts',(28.8381645676141,-2.17274843938369,21.6552516938724));
#1908=CARTESIAN_POINT('Ctrl Pts',(28.1964592795669,-7.02730264405085,22.3058670599359));
#1909=CARTESIAN_POINT('Ctrl Pts',(27.3463073498291,-9.66136033006019,23.11814034968));
#1910=CARTESIAN_POINT('Ctrl Pts',(27.0009859395246,-10.4805085550214,23.435040552334));
#1911=CARTESIAN_POINT('Ctrl Pts',(27.653156421227,9.23012739952703,23.6864938489077));
#1912=CARTESIAN_POINT('Ctrl Pts',(28.3256460396856,7.56584221146386,23.0028502833441));
#1913=CARTESIAN_POINT('Ctrl Pts',(29.1571779708574,3.79587704525551,22.061804279004));
#1914=CARTESIAN_POINT('Ctrl Pts',(29.360198083771,-2.18659698201027,21.7947318230179));
#1915=CARTESIAN_POINT('Ctrl Pts',(28.7444835378719,-7.09052724525556,22.4787337346141));
#1916=CARTESIAN_POINT('Ctrl Pts',(27.9090893802102,-9.76097775024851,23.345010950988));
#1917=CARTESIAN_POINT('Ctrl Pts',(27.5651618493777,-10.590900254561,23.6858177748413));
#1918=CARTESIAN_POINT('Ctrl Pts',(27.8958528140959,9.30687400983593,23.7184591548554));
#1919=CARTESIAN_POINT('Ctrl Pts',(28.5669008748488,7.62259768712242,23.016950544386));
#1920=CARTESIAN_POINT('Ctrl Pts',(29.3858980756264,3.81940300614128,22.0627275968405));
#1921=CARTESIAN_POINT('Ctrl Pts',(29.5837936952933,-2.19508055058575,21.7934563170331));
#1922=CARTESIAN_POINT('Ctrl Pts',(28.9791492964609,-7.13103985943658,22.4848549103836));
#1923=CARTESIAN_POINT('Ctrl Pts',(28.1500231519374,-9.82947003860462,23.3686786893114));
#1924=CARTESIAN_POINT('Ctrl Pts',(27.8066630786893,-10.6692700745146,23.7184591548554));
#1925=CARTESIAN_POINT('Ctrl Pts',(27.8066630786893,-10.6692700745146,23.7184591548554));
#1926=CARTESIAN_POINT('Ctrl Pts',(28.1500231519374,-9.82947003860462,23.3686786893114));
#1927=CARTESIAN_POINT('Ctrl Pts',(28.9791492964609,-7.13103985943658,22.4848549103836));
#1928=CARTESIAN_POINT('Ctrl Pts',(29.5837936952933,-2.19508055058575,21.7934563170331));
#1929=CARTESIAN_POINT('Ctrl Pts',(29.3858980756264,3.81940300614128,22.0627275968405));
#1930=CARTESIAN_POINT('Ctrl Pts',(28.5669008748488,7.62259768712242,23.016950544386));
#1931=CARTESIAN_POINT('Ctrl Pts',(27.8958528140959,9.30687400983593,23.7184591548554));
#1932=CARTESIAN_POINT('Ctrl Pts',(30.2649421872811,14.3188019676607,28.9409244846209));
#1933=CARTESIAN_POINT('Ctrl Pts',(30.2649421872811,14.3188019676607,21.9409244846209));
#1934=CARTESIAN_POINT('Ctrl Pts',(30.2649421872811,-0.681198032339265,21.9409244846209));
#1935=CARTESIAN_POINT('Ctrl Pts',(30.2649421872811,-15.6811980323393,21.9409244846208));
#1936=CARTESIAN_POINT('Ctrl Pts',(30.2649421872811,-15.6811980323393,28.9409244846208));
#1937=CARTESIAN_POINT('Ctrl Pts',(30.2649421872811,-15.6811980323393,35.9409244846208));
#1938=CARTESIAN_POINT('Ctrl Pts',(30.2649421872811,-0.68119803233931,35.9409244846209));
#1939=CARTESIAN_POINT('Ctrl Pts',(30.2649421872811,14.3188019676607,35.9409244846209));
#1940=CARTESIAN_POINT('Ctrl Pts',(30.2649421872811,14.3188019676607,28.9409244846209));
#1941=CARTESIAN_POINT('Ctrl Pts',(24.8443350664897,14.3188019676607,28.9409244846209));
#1942=CARTESIAN_POINT('Ctrl Pts',(24.8443350664897,14.3188019676607,21.9409244846209));
#1943=CARTESIAN_POINT('Ctrl Pts',(24.8443350664897,-0.681198032339265,21.9409244846209));
#1944=CARTESIAN_POINT('Ctrl Pts',(24.8443350664897,-15.6811980323393,21.9409244846208));
#1945=CARTESIAN_POINT('Ctrl Pts',(24.8443350664897,-15.6811980323393,28.9409244846208));
#1946=CARTESIAN_POINT('Ctrl Pts',(24.8443350664897,-15.6811980323393,35.9409244846208));
#1947=CARTESIAN_POINT('Ctrl Pts',(24.8443350664897,-0.68119803233931,35.9409244846209));
#1948=CARTESIAN_POINT('Ctrl Pts',(24.8443350664897,14.3188019676607,35.9409244846209));
#1949=CARTESIAN_POINT('Ctrl Pts',(24.8443350664897,14.3188019676607,28.9409244846209));
#1950=CARTESIAN_POINT('',(28.2165249393186,-10.9737642725149,23.8488430811569));
#1951=CARTESIAN_POINT('',(25.5941938840587,14.3188109016646,28.940795080346));
#1952=CARTESIAN_POINT('Ctrl Pts',(28.2165249393186,-10.9737642725149,23.8488430811569));
#1953=CARTESIAN_POINT('Ctrl Pts',(27.9801178392841,-11.5408945085254,24.0984891299169));
#1954=CARTESIAN_POINT('Ctrl Pts',(27.4766335672424,-12.6261912751497,24.6533237250017));
#1955=CARTESIAN_POINT('Ctrl Pts',(26.6736163984784,-14.0453452333704,25.6789482749343));
#1956=CARTESIAN_POINT('Ctrl Pts',(25.9036630103434,-15.151395311979,26.9215515344675));
#1957=CARTESIAN_POINT('Ctrl Pts',(25.4665630681748,-15.6559544499883,28.1466765789685));
#1958=CARTESIAN_POINT('Ctrl Pts',(25.4234016730695,-15.702881616155,29.1767404647225));
#1959=CARTESIAN_POINT('Ctrl Pts',(25.5970809706071,-15.509114446614,30.1928962391597));
#1960=CARTESIAN_POINT('Ctrl Pts',(26.1273552212256,-14.8561196638441,31.3635591095407));
#1961=CARTESIAN_POINT('Ctrl Pts',(26.9188798767714,-13.6405683436297,32.5379805834851));
#1962=CARTESIAN_POINT('Ctrl Pts',(27.9817407413947,-11.6495179760446,33.8213594380324));
#1963=CARTESIAN_POINT('Ctrl Pts',(29.1359104414378,-8.7074657997723,34.9707881421307));
#1964=CARTESIAN_POINT('Ctrl Pts',(30.3359450086693,-3.49478011329118,36.0272182749145));
#1965=CARTESIAN_POINT('Ctrl Pts',(30.3641395241569,2.0769394135358,36.0320184481279));
#1966=CARTESIAN_POINT('Ctrl Pts',(29.2161155804084,7.30302006391461,34.9837531205399));
#1967=CARTESIAN_POINT('Ctrl Pts',(28.0922509500825,10.2578808861992,33.8360302809211));
#1968=CARTESIAN_POINT('Ctrl Pts',(27.0500403660241,12.2598869269203,32.5524210696748));
#1969=CARTESIAN_POINT('Ctrl Pts',(26.272371913169,13.4829942953279,31.3776148561235));
#1970=CARTESIAN_POINT('Ctrl Pts',(25.7496280526571,14.1413589468369,30.2065602877109));
#1971=CARTESIAN_POINT('Ctrl Pts',(25.6052744583141,14.3059139223569,29.3627026222488));
#1972=CARTESIAN_POINT('Ctrl Pts',(25.5941815444295,14.3187947998655,29.0236808576017));
#1973=CARTESIAN_POINT('Ctrl Pts',(25.5941938625787,14.3188108790708,28.940924490853));
#1974=CARTESIAN_POINT('',(28.3071683064169,9.61136820783624,23.8488430811569));
#1975=CARTESIAN_POINT('Ctrl Pts',(28.3071683064169,9.61136820783623,23.8488430811569));
#1976=CARTESIAN_POINT('Ctrl Pts',(29.0059042317156,7.89238149581775,23.0921593191605));
#1977=CARTESIAN_POINT('Ctrl Pts',(29.6623908022057,4.95288126031785,22.3240853907241));
#1978=CARTESIAN_POINT('Ctrl Pts',(30.0665277170808,-0.160808248914168,21.8305156176327));
#1979=CARTESIAN_POINT('Ctrl Pts',(29.8380146558469,-5.35025923731819,22.0731850407424));
#1980=CARTESIAN_POINT('Ctrl Pts',(28.9311176886607,-9.25948769399155,23.0942326810472));
#1981=CARTESIAN_POINT('Ctrl Pts',(28.2165249393186,-10.9737642725149,23.8488430811569));
#1982=CARTESIAN_POINT('Ctrl Pts',(25.5941938840587,14.3188109016646,28.940795080346));
#1983=CARTESIAN_POINT('Ctrl Pts',(25.5942256417894,14.3188377629139,28.7673677021914));
#1984=CARTESIAN_POINT('Ctrl Pts',(25.6416010292282,14.2646057731299,28.0816515432641));
#1985=CARTESIAN_POINT('Ctrl Pts',(26.0398583932087,13.7965086852637,26.9329175914257));
#1986=CARTESIAN_POINT('Ctrl Pts',(26.7948155447976,12.6907876130401,25.6850348635405));
#1987=CARTESIAN_POINT('Ctrl Pts',(27.5833094629723,11.2674517309742,24.6552911273521));
#1988=CARTESIAN_POINT('Ctrl Pts',(28.07600708355,10.1800566866379,24.0991750555317));
#1989=CARTESIAN_POINT('Ctrl Pts',(28.3071683064169,9.61136820783623,23.8488430811569));
#1990=CARTESIAN_POINT('Ctrl Pts',(25.5941938840587,14.3188019676607,28.9409244846209));
#1991=CARTESIAN_POINT('Ctrl Pts',(25.00473076392,14.3188019676607,28.9409244846209));
#1992=CARTESIAN_POINT('Origin',(0.00429866277644964,-0.562574552317807,
16.25));
#1993=CARTESIAN_POINT('',(-16.2428080051353,-0.562574552317807,13.7102030774977));
#1994=CARTESIAN_POINT('',(-21.7457013372236,-0.56257455231781,16.25));
#1995=CARTESIAN_POINT('',(16.2514053306882,-0.562574552317809,13.7102030774977));
#1996=CARTESIAN_POINT('Origin',(0.00429866277644964,-0.562574552317807,
13.7102030774977));
#1997=CARTESIAN_POINT('Origin',(0.00429866277644964,-0.562574552317807,
13.7102030774977));
#1998=CARTESIAN_POINT('Ctrl Pts',(29.476708374336,10.5561963237265,22.7047801721287));
#1999=CARTESIAN_POINT('Ctrl Pts',(29.2359950348217,11.1942526560581,22.9745017819916));
#2000=CARTESIAN_POINT('Ctrl Pts',(28.7229380084349,12.4275812229273,23.5783334397976));
#2001=CARTESIAN_POINT('Ctrl Pts',(27.9018616969472,14.1011957090322,24.7382192203428));
#2002=CARTESIAN_POINT('Ctrl Pts',(27.1157079688464,15.4944453211175,26.2274277814238));
#2003=CARTESIAN_POINT('Ctrl Pts',(26.6723388168111,16.2027386017018,27.8572854934886));
#2004=CARTESIAN_POINT('Ctrl Pts',(26.6325403260528,16.2655560349255,29.2883462079037));
#2005=CARTESIAN_POINT('Ctrl Pts',(26.8134846390158,15.9787355767147,30.6821047244458));
#2006=CARTESIAN_POINT('Ctrl Pts',(27.3578294854993,15.0844904024371,32.1800862706598));
#2007=CARTESIAN_POINT('Ctrl Pts',(28.1676329983897,13.58580960445,33.5503343169803));
#2008=CARTESIAN_POINT('Ctrl Pts',(29.2529101355084,11.2645518719454,34.974643316747));
#2009=CARTESIAN_POINT('Ctrl Pts',(30.4232154530378,7.98101817575711,36.192734774483));
#2010=CARTESIAN_POINT('Ctrl Pts',(31.6186784027263,2.28755990235828,37.2863663373368));
#2011=CARTESIAN_POINT('Ctrl Pts',(31.5893188246153,-3.71965088447799,37.2817605132407));
#2012=CARTESIAN_POINT('Ctrl Pts',(30.3396960521262,-9.39946999417462,36.1786374674758));
#2013=CARTESIAN_POINT('Ctrl Pts',(29.1378333892715,-12.6699483062054,34.9588617183729));
#2014=CARTESIAN_POINT('Ctrl Pts',(28.0310526542092,-14.9795825783265,33.5339469841506));
#2015=CARTESIAN_POINT('Ctrl Pts',(27.206820368269,-16.4706898643651,32.162830615619));
#2016=CARTESIAN_POINT('Ctrl Pts',(26.654633958534,-17.3584975467549,30.6638193078218));
#2017=CARTESIAN_POINT('Ctrl Pts',(26.4737778305196,-17.639328473739,29.268993317472));
#2018=CARTESIAN_POINT('Ctrl Pts',(26.5187227543483,-17.569834272183,27.8370618621412));
#2019=CARTESIAN_POINT('Ctrl Pts',(26.9738846775982,-16.8568209893515,26.2128154170444));
#2020=CARTESIAN_POINT('Ctrl Pts',(27.7756543214413,-15.4641192100588,24.7316901458651));
#2021=CARTESIAN_POINT('Ctrl Pts',(28.6118540178401,-13.7956345891521,23.5760488346618));
#2022=CARTESIAN_POINT('Ctrl Pts',(29.1361434250902,-12.564703998982,22.9737627275358));
#2023=CARTESIAN_POINT('Ctrl Pts',(29.3823194135559,-11.9283959817954,22.7047801721287));
#2024=CARTESIAN_POINT('Ctrl Pts',(29.5041286441763,10.4835137011466,22.8933961633823));
#2025=CARTESIAN_POINT('Ctrl Pts',(29.26758732584,11.1153047476333,23.1627780448713));
#2026=CARTESIAN_POINT('Ctrl Pts',(28.7642674422204,12.3347141418938,23.7655601816));
#2027=CARTESIAN_POINT('Ctrl Pts',(27.9649953748357,13.9793974494302,24.9163201795654));
#2028=CARTESIAN_POINT('Ctrl Pts',(27.2120789156142,15.329766634932,26.3801358753535));
#2029=CARTESIAN_POINT('Ctrl Pts',(26.8052817379889,15.9911726942023,27.9318716038853));
#2030=CARTESIAN_POINT('Ctrl Pts',(26.7700013269205,16.048186919597,29.2642701311159));
#2031=CARTESIAN_POINT('Ctrl Pts',(26.933323617517,15.7839673260406,30.5707517058721));
#2032=CARTESIAN_POINT('Ctrl Pts',(27.4415848475678,14.9359965008697,32.0155878796627));
#2033=CARTESIAN_POINT('Ctrl Pts',(28.222778580091,13.4744163758067,33.3679625348178));
#2034=CARTESIAN_POINT('Ctrl Pts',(29.2825636336962,11.1876287859812,34.7848956103497));
#2035=CARTESIAN_POINT('Ctrl Pts',(30.4357058122826,7.93129690155552,36.0039465663684));
#2036=CARTESIAN_POINT('Ctrl Pts',(31.6173480805395,2.27269036928472,37.0995389413889));
#2037=CARTESIAN_POINT('Ctrl Pts',(31.5881525249093,-3.70447272318606,37.0947592827866));
#2038=CARTESIAN_POINT('Ctrl Pts',(30.3527813107505,-9.34952274048332,35.9896740129733));
#2039=CARTESIAN_POINT('Ctrl Pts',(29.1683872669989,-12.5929775064431,34.7686267008911));
#2040=CARTESIAN_POINT('Ctrl Pts',(28.0874266171192,-14.8683524248515,33.3510121619092));
#2041=CARTESIAN_POINT('Ctrl Pts',(27.2924333215415,-16.3222924378061,31.9977025491302));
#2042=CARTESIAN_POINT('Ctrl Pts',(26.7770103686319,-17.1637868506816,30.5523310456143));
#2043=CARTESIAN_POINT('Ctrl Pts',(26.6140294358032,-17.4220959028526,29.2459142805143));
#2044=CARTESIAN_POINT('Ctrl Pts',(26.6537550723444,-17.3591920518024,27.913900930965));
#2045=CARTESIAN_POINT('Ctrl Pts',(27.0714508527918,-16.6933067929395,26.3673487853323));
#2046=CARTESIAN_POINT('Ctrl Pts',(27.8397725146162,-15.3430036540356,24.9104897630438));
#2047=CARTESIAN_POINT('Ctrl Pts',(28.6538902006861,-13.7032689174972,23.7639599157813));
#2048=CARTESIAN_POINT('Ctrl Pts',(29.1683631901823,-12.4861110697822,23.1625266241557));
#2049=CARTESIAN_POINT('Ctrl Pts',(29.4103242259214,-11.8560100162144,22.893835324692));
#2050=CARTESIAN_POINT('Ctrl Pts',(29.4633789844849,10.3025191794372,23.2696442265682));
#2051=CARTESIAN_POINT('Ctrl Pts',(29.2335642543313,10.9188291746226,23.5383255161431));
#2052=CARTESIAN_POINT('Ctrl Pts',(28.7459282544982,12.1042298077149,24.1389157006462));
#2053=CARTESIAN_POINT('Ctrl Pts',(27.9816267693859,13.6795721454335,25.2713901254329));
#2054=CARTESIAN_POINT('Ctrl Pts',(27.2821829103163,14.9300393925997,26.6844079703886));
#2055=CARTESIAN_POINT('Ctrl Pts',(26.9357815295439,15.4857231085369,28.0806258982669));
#2056=CARTESIAN_POINT('Ctrl Pts',(26.9081064814124,15.5298627961753,29.2163747790675));
#2057=CARTESIAN_POINT('Ctrl Pts',(27.0420377919314,15.3162084663259,30.3489175016524));
#2058=CARTESIAN_POINT('Ctrl Pts',(27.4913043433368,14.5736958455774,31.6877627327967));
#2059=CARTESIAN_POINT('Ctrl Pts',(28.2266373006535,13.1994909330687,33.0043792232796));
#2060=CARTESIAN_POINT('Ctrl Pts',(29.2455084028474,10.9959828173064,34.4064134514833));
#2061=CARTESIAN_POINT('Ctrl Pts',(30.3707747088255,7.80720077841645,35.6272129319549));
#2062=CARTESIAN_POINT('Ctrl Pts',(31.5296499550184,2.2359242802274,36.7266150017277));
#2063=CARTESIAN_POINT('Ctrl Pts',(31.5007362184644,-3.66624476567036,36.7214784920588));
#2064=CARTESIAN_POINT('Ctrl Pts',(30.2889569103277,-9.22409829563439,35.6126135280603));
#2065=CARTESIAN_POINT('Ctrl Pts',(29.1329400480105,-12.3999965249669,34.389180765487));
#2066=CARTESIAN_POINT('Ctrl Pts',(28.0935202318426,-14.5924192671921,32.9863107250488));
#2067=CARTESIAN_POINT('Ctrl Pts',(27.3454693132092,-15.9583947800832,31.6686606171218));
#2068=CARTESIAN_POINT('Ctrl Pts',(26.8903003166757,-16.6941334159324,30.330203665626));
#2069=CARTESIAN_POINT('Ctrl Pts',(26.757222481484,-16.9019714507342,29.1999705379676));
#2070=CARTESIAN_POINT('Ctrl Pts',(26.7881314570017,-16.8536895744575,28.0670274382174));
#2071=CARTESIAN_POINT('Ctrl Pts',(27.143851704842,-16.2945678485111,26.6753131054829));
#2072=CARTESIAN_POINT('Ctrl Pts',(27.8582768252298,-15.0433147517912,25.266937911496));
#2073=CARTESIAN_POINT('Ctrl Pts',(28.6368994888723,-13.4727511630244,24.1386804225362));
#2074=CARTESIAN_POINT('Ctrl Pts',(29.1355334063739,-12.2893725195269,23.5390403862405));
#2075=CARTESIAN_POINT('Ctrl Pts',(29.3706850819964,-11.6746701590059,23.2709532410346));
#2076=CARTESIAN_POINT('Ctrl Pts',(29.0758680202417,9.93352314099778,23.7757953029101));
#2077=CARTESIAN_POINT('Ctrl Pts',(28.8499456477309,10.5205025123832,24.0398855915161));
#2078=CARTESIAN_POINT('Ctrl Pts',(28.3708658703519,11.6424561238505,24.6288381483866));
#2079=CARTESIAN_POINT('Ctrl Pts',(27.6222332186185,13.0996214779856,25.7203605612988));
#2080=CARTESIAN_POINT('Ctrl Pts',(26.9421214876691,14.1969980447553,27.0448106305187));
#2081=CARTESIAN_POINT('Ctrl Pts',(26.6146344763249,14.6171140783939,28.2462080532103));
#2082=CARTESIAN_POINT('Ctrl Pts',(26.5893244187306,14.6462311437714,29.1628617103656));
#2083=CARTESIAN_POINT('Ctrl Pts',(26.7141134318918,14.4941776923975,30.0957138645883));
#2084=CARTESIAN_POINT('Ctrl Pts',(27.1443768545059,13.8949169170449,31.2894984916568));
#2085=CARTESIAN_POINT('Ctrl Pts',(27.8619024976467,12.6605054016851,32.5383052820273));
#2086=CARTESIAN_POINT('Ctrl Pts',(28.861159566004,10.6032543786512,33.8997191775692));
#2087=CARTESIAN_POINT('Ctrl Pts',(29.9683578365057,7.54893396599164,35.1072450552207));
#2088=CARTESIAN_POINT('Ctrl Pts',(31.109717476202,2.1579189679382,36.2002751075332));
#2089=CARTESIAN_POINT('Ctrl Pts',(31.0811830144043,-3.58335485426415,36.1948600711061));
#2090=CARTESIAN_POINT('Ctrl Pts',(29.887759149978,-8.96069513302333,35.0925999090304));
#2091=CARTESIAN_POINT('Ctrl Pts',(28.750250612123,-12.0021516358257,33.8820353163871));
#2092=CARTESIAN_POINT('Ctrl Pts',(27.7308911228983,-14.0480466409138,32.5199135346457));
#2093=CARTESIAN_POINT('Ctrl Pts',(27.0010809019289,-15.2734990013497,31.2702834311417));
#2094=CARTESIAN_POINT('Ctrl Pts',(26.5654325368953,-15.865379505146,30.0780279286876));
#2095=CARTESIAN_POINT('Ctrl Pts',(26.441713821696,-16.0119456500864,29.1490476960276));
#2096=CARTESIAN_POINT('Ctrl Pts',(26.4698594193471,-15.980656523567,28.236974879035));
#2097=CARTESIAN_POINT('Ctrl Pts',(26.8060841854397,-15.5582126176491,27.0386727200757));
#2098=CARTESIAN_POINT('Ctrl Pts',(27.5008353814076,-14.4600115583133,25.7169574147062));
#2099=CARTESIAN_POINT('Ctrl Pts',(28.2634508425725,-13.0075878135992,24.6295912407741));
#2100=CARTESIAN_POINT('Ctrl Pts',(28.7533543497941,-11.8876105562992,24.0412920376505));
#2101=CARTESIAN_POINT('Ctrl Pts',(28.984528007857,-11.3021980029488,23.7777210660964));
#2102=CARTESIAN_POINT('Ctrl Pts',(28.5963927329943,9.70277024792543,23.8890775047655));
#2103=CARTESIAN_POINT('Ctrl Pts',(28.3672785446845,10.2748883875241,24.1452404367092));
#2104=CARTESIAN_POINT('Ctrl Pts',(27.8797459934187,11.3676989016081,24.7148893661766));
#2105=CARTESIAN_POINT('Ctrl Pts',(27.1065809040312,12.7858288674816,25.7674018677357));
#2106=CARTESIAN_POINT('Ctrl Pts',(26.380277562173,13.8605833824765,27.0365595974114));
#2107=CARTESIAN_POINT('Ctrl Pts',(25.9924607603115,14.3008659959835,28.2241595696343));
#2108=CARTESIAN_POINT('Ctrl Pts',(25.9592347768062,14.3348438953424,29.1707903398869));
#2109=CARTESIAN_POINT('Ctrl Pts',(26.1140321765082,14.1681952640783,30.1196751163196));
#2110=CARTESIAN_POINT('Ctrl Pts',(26.6010984272927,13.562293244315,31.2788733047302));
#2111=CARTESIAN_POINT('Ctrl Pts',(27.3557267951011,12.35880583765,32.4775193718143));
#2112=CARTESIAN_POINT('Ctrl Pts',(28.3814038819549,10.3568864005186,33.7911744801345));
#2113=CARTESIAN_POINT('Ctrl Pts',(29.4990095192465,7.37746052435476,34.9651891598382));
#2114=CARTESIAN_POINT('Ctrl Pts',(30.6443272176974,2.10321817999402,36.0340103419156));
#2115=CARTESIAN_POINT('Ctrl Pts',(30.6160602081436,-3.52375536645211,36.0288225223066));
#2116=CARTESIAN_POINT('Ctrl Pts',(29.4185964994643,-8.78464874753149,34.9514963611754));
#2117=CARTESIAN_POINT('Ctrl Pts',(28.2708369838292,-11.7506261296839,33.7750424532441));
#2118=CARTESIAN_POINT('Ctrl Pts',(27.2246097347506,-13.7416574891743,32.4611834048579));
#2119=CARTESIAN_POINT('Ctrl Pts',(26.4568452073281,-14.9362638601175,31.2626430006333));
#2120=CARTESIAN_POINT('Ctrl Pts',(25.9630203265261,-15.5359409946313,30.1042848277957));
#2121=CARTESIAN_POINT('Ctrl Pts',(25.8086900524891,-15.6978339456557,29.1570851803882));
#2122=CARTESIAN_POINT('Ctrl Pts',(25.8460549437603,-15.6607012645945,28.2121620757462));
#2123=CARTESIAN_POINT('Ctrl Pts',(26.2440365977053,-15.2179724148139,27.0282658114977));
#2124=CARTESIAN_POINT('Ctrl Pts',(26.9853174642257,-14.1423403404844,25.7626603724961));
#2125=CARTESIAN_POINT('Ctrl Pts',(27.7727854498916,-12.7287454162775,24.7143594447862));
#2126=CARTESIAN_POINT('Ctrl Pts',(28.2711334700524,-11.6379583442102,24.1456307336537));
#2127=CARTESIAN_POINT('Ctrl Pts',(28.5054943444691,-11.067414738962,23.8900672434895));
#2128=CARTESIAN_POINT('Ctrl Pts',(28.3071683064169,9.61136820783623,23.8488430811569));
#2129=CARTESIAN_POINT('Ctrl Pts',(28.07600708355,10.1800566866379,24.0991750555317));
#2130=CARTESIAN_POINT('Ctrl Pts',(27.5833094629723,11.2674517309742,24.6552911273521));
#2131=CARTESIAN_POINT('Ctrl Pts',(26.7948155447976,12.6907876130401,25.6850348635405));
#2132=CARTESIAN_POINT('Ctrl Pts',(26.0398583932087,13.7965086852637,26.9329175914257));
#2133=CARTESIAN_POINT('Ctrl Pts',(25.6140832551431,14.2969491547691,28.1610238392455));
#2134=CARTESIAN_POINT('Ctrl Pts',(25.5758640695736,14.3394401107504,29.1907763041283));
#2135=CARTESIAN_POINT('Ctrl Pts',(25.7496280526571,14.1413589468369,30.2065602877109));
#2136=CARTESIAN_POINT('Ctrl Pts',(26.272371913169,13.4829942953279,31.3776148561235));
#2137=CARTESIAN_POINT('Ctrl Pts',(27.0500403660241,12.2598869269203,32.5524210696748));
#2138=CARTESIAN_POINT('Ctrl Pts',(28.0922509500825,10.2578808861992,33.8360302809211));
#2139=CARTESIAN_POINT('Ctrl Pts',(29.2161155804084,7.30302006391461,34.9837531205399));
#2140=CARTESIAN_POINT('Ctrl Pts',(30.3641395241569,2.0769394135358,36.0320184481279));
#2141=CARTESIAN_POINT('Ctrl Pts',(30.3359450086693,-3.49478011329118,36.0272182749145));
#2142=CARTESIAN_POINT('Ctrl Pts',(29.1359104414378,-8.7074657997723,34.9707881421307));
#2143=CARTESIAN_POINT('Ctrl Pts',(27.9817407413947,-11.6495179760446,33.8213594380324));
#2144=CARTESIAN_POINT('Ctrl Pts',(26.9188798767714,-13.6405683436297,32.5379805834851));
#2145=CARTESIAN_POINT('Ctrl Pts',(26.1273552212256,-14.8561196638441,31.3635591095407));
#2146=CARTESIAN_POINT('Ctrl Pts',(25.5970809706071,-15.509114446614,30.1928962391597));
#2147=CARTESIAN_POINT('Ctrl Pts',(25.4234016730695,-15.702881616155,29.1767404647225));
#2148=CARTESIAN_POINT('Ctrl Pts',(25.4665630681748,-15.6559544499883,28.1466765789685));
#2149=CARTESIAN_POINT('Ctrl Pts',(25.9036630103434,-15.151395311979,26.9215515344675));
#2150=CARTESIAN_POINT('Ctrl Pts',(26.6736163984784,-14.0453452333704,25.6789482749343));
#2151=CARTESIAN_POINT('Ctrl Pts',(27.4766335672424,-12.6261912751497,24.6533237250017));
#2152=CARTESIAN_POINT('Ctrl Pts',(27.9801178392841,-11.5408945085254,24.0984891299169));
#2153=CARTESIAN_POINT('Ctrl Pts',(28.2165249393186,-10.9737642725149,23.8488430811569));
#2154=CARTESIAN_POINT('',(29.3823194135559,-11.9283959817954,22.7047801721287));
#2155=CARTESIAN_POINT('Origin',(28.2165249393186,-11.4773713218955,22.7047801721287));
#2156=CARTESIAN_POINT('',(29.476708374336,10.5561963237265,22.7047801721287));
#2157=CARTESIAN_POINT('Origin',(28.3071683064169,10.1149752572168,22.7047801721287));
#2158=CARTESIAN_POINT('Ctrl Pts',(29.476708374336,10.5561963237265,22.7047801721287));
#2159=CARTESIAN_POINT('Ctrl Pts',(29.2359950348217,11.1942526560581,22.9745017819916));
#2160=CARTESIAN_POINT('Ctrl Pts',(28.7229380084349,12.4275812229273,23.5783334397976));
#2161=CARTESIAN_POINT('Ctrl Pts',(27.9018616969472,14.1011957090322,24.7382192203428));
#2162=CARTESIAN_POINT('Ctrl Pts',(27.1157079688464,15.4944453211175,26.2274277814238));
#2163=CARTESIAN_POINT('Ctrl Pts',(26.6723388168111,16.2027386017018,27.8572854934886));
#2164=CARTESIAN_POINT('Ctrl Pts',(26.6325403260528,16.2655560349255,29.2883462079037));
#2165=CARTESIAN_POINT('Ctrl Pts',(26.8134846390158,15.9787355767147,30.6821047244458));
#2166=CARTESIAN_POINT('Ctrl Pts',(27.3578294854993,15.0844904024371,32.1800862706598));
#2167=CARTESIAN_POINT('Ctrl Pts',(28.1676329983897,13.58580960445,33.5503343169803));
#2168=CARTESIAN_POINT('Ctrl Pts',(29.2529101355084,11.2645518719454,34.974643316747));
#2169=CARTESIAN_POINT('Ctrl Pts',(30.4232154530378,7.98101817575711,36.192734774483));
#2170=CARTESIAN_POINT('Ctrl Pts',(31.6186784027263,2.28755990235828,37.2863663373368));
#2171=CARTESIAN_POINT('Ctrl Pts',(31.5893188246153,-3.71965088447799,37.2817605132407));
#2172=CARTESIAN_POINT('Ctrl Pts',(30.3396960521262,-9.39946999417462,36.1786374674758));
#2173=CARTESIAN_POINT('Ctrl Pts',(29.1378333892715,-12.6699483062054,34.9588617183729));
#2174=CARTESIAN_POINT('Ctrl Pts',(28.0310526542092,-14.9795825783265,33.5339469841506));
#2175=CARTESIAN_POINT('Ctrl Pts',(27.206820368269,-16.4706898643651,32.162830615619));
#2176=CARTESIAN_POINT('Ctrl Pts',(26.654633958534,-17.3584975467549,30.6638193078218));
#2177=CARTESIAN_POINT('Ctrl Pts',(26.4737778305196,-17.639328473739,29.268993317472));
#2178=CARTESIAN_POINT('Ctrl Pts',(26.5187227543483,-17.569834272183,27.8370618621412));
#2179=CARTESIAN_POINT('Ctrl Pts',(26.9738846775982,-16.8568209893515,26.2128154170444));
#2180=CARTESIAN_POINT('Ctrl Pts',(27.7756543214413,-15.4641192100588,24.7316901458651));
#2181=CARTESIAN_POINT('Ctrl Pts',(28.6118540178401,-13.7956345891521,23.5760488346618));
#2182=CARTESIAN_POINT('Ctrl Pts',(29.1361434250902,-12.564703998982,22.9737627275358));
#2183=CARTESIAN_POINT('Ctrl Pts',(29.3823194135559,-11.9283959817954,22.7047801721287));
#2184=CARTESIAN_POINT('Ctrl Pts',(28.3071683064169,9.61136820783623,23.8488430811569));
#2185=CARTESIAN_POINT('Ctrl Pts',(29.0059042317156,7.89238149581775,23.0921593191605));
#2186=CARTESIAN_POINT('Ctrl Pts',(29.6623908022057,4.95288126031785,22.3240853907241));
#2187=CARTESIAN_POINT('Ctrl Pts',(30.0665277170808,-0.160808248914168,21.8305156176327));
#2188=CARTESIAN_POINT('Ctrl Pts',(29.8380146558469,-5.35025923731819,22.0731850407424));
#2189=CARTESIAN_POINT('Ctrl Pts',(28.9311176886607,-9.25948769399155,23.0942326810472));
#2190=CARTESIAN_POINT('Ctrl Pts',(28.2165249393186,-10.9737642725149,23.8488430811569));
#2191=CARTESIAN_POINT('Ctrl Pts',(28.4999845908019,9.67230290122903,23.8756660302293));
#2192=CARTESIAN_POINT('Ctrl Pts',(29.2092525579174,7.94228091575583,23.1056773961752));
#2193=CARTESIAN_POINT('Ctrl Pts',(29.8771120518961,4.98419150103456,22.3283850638221));
#2194=CARTESIAN_POINT('Ctrl Pts',(30.2887438958636,-0.158847979980858,21.8291734057715));
#2195=CARTESIAN_POINT('Ctrl Pts',(30.0564163377086,-5.37725266608366,22.0747518243975));
#2196=CARTESIAN_POINT('Ctrl Pts',(29.1342958970306,-9.31103816868088,23.1082924964579));
#2197=CARTESIAN_POINT('Ctrl Pts',(28.409171209419,-11.036197916813,23.8763258560453));
#2198=CARTESIAN_POINT('Ctrl Pts',(28.8848174106479,9.83504246835517,23.83578020212));
#2199=CARTESIAN_POINT('Ctrl Pts',(29.615061274048,8.07406100523184,23.0297900458257));
#2200=CARTESIAN_POINT('Ctrl Pts',(30.3054766280022,5.06776325510245,22.2233272988891));
#2201=CARTESIAN_POINT('Ctrl Pts',(30.732001865279,-0.153071886052916,21.7049885513274));
#2202=CARTESIAN_POINT('Ctrl Pts',(30.4920866700629,-5.44844946260067,21.9604034765785));
#2203=CARTESIAN_POINT('Ctrl Pts',(29.5397609137933,-9.4462142244174,23.0332222370115));
#2204=CARTESIAN_POINT('Ctrl Pts',(28.7936596806458,-11.2020835814556,23.837401740518));
#2205=CARTESIAN_POINT('Ctrl Pts',(29.4021466853104,10.1970490147685,23.4567664257524));
#2206=CARTESIAN_POINT('Ctrl Pts',(30.1531814657562,8.36054086612745,22.5706539383692));
#2207=CARTESIAN_POINT('Ctrl Pts',(30.8603665479672,5.2485899091955,21.6911353135282));
#2208=CARTESIAN_POINT('Ctrl Pts',(31.2961237475932,-0.139370560640623,21.1240212558991));
#2209=CARTESIAN_POINT('Ctrl Pts',(31.051780089566,-5.59895519237396,21.4040133672785));
#2210=CARTESIAN_POINT('Ctrl Pts',(30.0769833785428,-9.73742671859696,22.5743361044673));
#2211=CARTESIAN_POINT('Ctrl Pts',(29.3099598340503,-11.5686205330093,23.4584990861688));
#2212=CARTESIAN_POINT('Ctrl Pts',(29.5178387790965,10.4471723898566,22.9877041590092));
#2213=CARTESIAN_POINT('Ctrl Pts',(30.2597054622414,8.54990031296524,22.04969862012));
#2214=CARTESIAN_POINT('Ctrl Pts',(30.9444402067508,5.36448768731018,21.1241306336451));
#2215=CARTESIAN_POINT('Ctrl Pts',(31.36288232148,-0.130259692738309,20.5269320822819));
#2216=CARTESIAN_POINT('Ctrl Pts',(31.1275946379267,-5.69108619150206,20.8214668557902));
#2217=CARTESIAN_POINT('Ctrl Pts',(30.1824695035124,-9.9278389612577,22.0527122270387));
#2218=CARTESIAN_POINT('Ctrl Pts',(29.4243266321041,-11.8198170334239,22.9883629009737));
#2219=CARTESIAN_POINT('Ctrl Pts',(29.476708374336,10.5561963237265,22.7047801721287));
#2220=CARTESIAN_POINT('Ctrl Pts',(30.2043176849776,8.62752993134881,21.7489191509599));
#2221=CARTESIAN_POINT('Ctrl Pts',(30.8658122184692,5.40889827454003,20.8113276470859));
#2222=CARTESIAN_POINT('Ctrl Pts',(31.266811810113,-0.126717743716368,20.2080786589448));
#2223=CARTESIAN_POINT('Ctrl Pts',(31.0406083404104,-5.72392515162763,20.5048595507333));
#2224=CARTESIAN_POINT('Ctrl Pts',(30.1264407889039,-10.005014258643,21.7515382712713));
#2225=CARTESIAN_POINT('Ctrl Pts',(29.3823194135559,-11.9283959817954,22.7047801721287));
#2226=CARTESIAN_POINT('Ctrl Pts',(29.3823194135559,-11.9283959817954,22.7047801721287));
#2227=CARTESIAN_POINT('Ctrl Pts',(30.1264407889039,-10.005014258643,21.7515382712713));
#2228=CARTESIAN_POINT('Ctrl Pts',(31.0406083404104,-5.72392515162763,20.5048595507333));
#2229=CARTESIAN_POINT('Ctrl Pts',(31.266811810113,-0.126717743716368,20.2080786589448));
#2230=CARTESIAN_POINT('Ctrl Pts',(30.8658122184692,5.40889827454003,20.8113276470859));
#2231=CARTESIAN_POINT('Ctrl Pts',(30.2043176849776,8.62752993134881,21.7489191509599));
#2232=CARTESIAN_POINT('Ctrl Pts',(29.476708374336,10.5561963237265,22.7047801721287));
#2233=CARTESIAN_POINT('Origin',(0.00429866277644964,-0.562574552317807,
22.7047801721287));
#2234=CARTESIAN_POINT('',(-29.373722088003,-11.9283959817954,22.7047801721287));
#2235=CARTESIAN_POINT('Origin',(0.00429866277644964,-0.562574552317807,
22.7047801721287));
#2236=CARTESIAN_POINT('',(-31.1612745113373,-0.562575292864869,20.3441181434776));
#2237=CARTESIAN_POINT('Ctrl Pts',(-31.1612745113373,-0.562575292864869,
20.3441181434776));
#2238=CARTESIAN_POINT('Ctrl Pts',(-31.1603971033083,-2.27666424678809,20.3363572622174));
#2239=CARTESIAN_POINT('Ctrl Pts',(-30.9280675149517,-6.21467738705917,20.6473720552978));
#2240=CARTESIAN_POINT('Ctrl Pts',(-30.1178440840519,-10.0050126542745,21.7515374761347));
#2241=CARTESIAN_POINT('Ctrl Pts',(-29.373722088003,-11.9283959817954,22.7047801721287));
#2242=CARTESIAN_POINT('Origin',(-22.9957013372236,-0.56257455231781,22.7047801721287));
#2243=CARTESIAN_POINT('',(-29.4681110487831,10.5561963237265,22.7047801721286));
#2244=CARTESIAN_POINT('Ctrl Pts',(-29.4681110487831,10.5561963237265,22.7047801721286));
#2245=CARTESIAN_POINT('Ctrl Pts',(-29.8319160075677,9.59186232314931,22.2268492628836));
#2246=CARTESIAN_POINT('Ctrl Pts',(-30.6997606333409,6.51827631605435,21.0469626917514));
#2247=CARTESIAN_POINT('Ctrl Pts',(-31.1151337106051,2.68905998108234,20.4270965265084));
#2248=CARTESIAN_POINT('Ctrl Pts',(-31.1615561325602,-0.0511944567138282,
20.3464051729017));
#2249=CARTESIAN_POINT('Ctrl Pts',(-31.161273605411,-0.564280529368052,20.344110469866));
#2250=CARTESIAN_POINT('Origin',(0.00429866277644964,-0.562574552317807,
22.7047801721287));
#2251=CARTESIAN_POINT('Origin',(0.00429866277644964,-0.562574552317809,
45.75));
#2252=CARTESIAN_POINT('',(-31.496024716655,-0.562716790406508,37.1904377639298));
#2253=CARTESIAN_POINT('Ctrl Pts',(-31.496024716655,-0.562716790406508,37.1904377639298));
#2254=CARTESIAN_POINT('Ctrl Pts',(-31.4961656652209,-0.121992632758591,
37.1887942157652));
#2255=CARTESIAN_POINT('Ctrl Pts',(-31.4360630821469,2.77710598708951,37.1252770995957));
#2256=CARTESIAN_POINT('Ctrl Pts',(-30.7325111454863,7.1042138032534,36.5123054365724));
#2257=CARTESIAN_POINT('Ctrl Pts',(-29.2425997724815,11.2650354943425,34.9763903078406));
#2258=CARTESIAN_POINT('Ctrl Pts',(-28.1593818099808,13.5857386665862,33.5499941751098));
#2259=CARTESIAN_POINT('Ctrl Pts',(-27.3489490295032,15.08456997032,32.1803612756201));
#2260=CARTESIAN_POINT('Ctrl Pts',(-26.8049199423503,15.978728186368,30.6820650066354));
#2261=CARTESIAN_POINT('Ctrl Pts',(-26.6239110290461,16.2655634106409,29.2883775085121));
#2262=CARTESIAN_POINT('Ctrl Pts',(-26.6637474977393,16.202735214685,27.8572868723724));
#2263=CARTESIAN_POINT('Ctrl Pts',(-27.1071036955294,15.4944432484252,26.2274523689413));
#2264=CARTESIAN_POINT('Ctrl Pts',(-27.8932661116343,14.1011958976099,24.7382191895349));
#2265=CARTESIAN_POINT('Ctrl Pts',(-28.7143371546064,12.4275849813698,23.5783366987573));
#2266=CARTESIAN_POINT('Ctrl Pts',(-29.2273977092688,11.194252656058,22.9745017819916));
#2267=CARTESIAN_POINT('Ctrl Pts',(-29.4681110487831,10.5561963237265,22.7047801721286));
#2268=CARTESIAN_POINT('',(-31.4957013372236,-0.562574552317812,39.25));
#2269=CARTESIAN_POINT('',(-31.4957013372235,-0.562574552317806,45.75));
#2270=CARTESIAN_POINT('',(31.5042986627764,-0.562574552317811,39.25));
#2271=CARTESIAN_POINT('Origin',(0.00429866277644964,-0.562574552317807,
39.25));
#2272=CARTESIAN_POINT('Origin',(0.00429866277644964,-0.562574552317807,
39.25));
#2273=CARTESIAN_POINT('Ctrl Pts',(-29.373722088003,-11.9283959817954,22.7047801721287));
#2274=CARTESIAN_POINT('Ctrl Pts',(-29.1275460995373,-12.564703998982,22.9737627275358));
#2275=CARTESIAN_POINT('Ctrl Pts',(-28.6032974785694,-13.7955966692255,23.5761433380735));
#2276=CARTESIAN_POINT('Ctrl Pts',(-27.7671036946762,-15.464024712707,24.7313624859816));
#2277=CARTESIAN_POINT('Ctrl Pts',(-26.965666610795,-16.8563627244297,26.2135457787678));
#2278=CARTESIAN_POINT('Ctrl Pts',(-26.51010049007,-17.5698774209513,27.8380338910107));
#2279=CARTESIAN_POINT('Ctrl Pts',(-26.4651239240867,-17.6393829862649,29.2687509131797));
#2280=CARTESIAN_POINT('Ctrl Pts',(-26.6460486389947,-17.3585199053942,30.6640490243337));
#2281=CARTESIAN_POINT('Ctrl Pts',(-27.1981069679762,-16.4706967376894,32.162839690013));
#2282=CARTESIAN_POINT('Ctrl Pts',(-28.0226370687156,-14.9796002496503,33.5338282462736));
#2283=CARTESIAN_POINT('Ctrl Pts',(-29.1286146069016,-12.669912719223,34.9593868258951));
#2284=CARTESIAN_POINT('Ctrl Pts',(-30.3326407394898,-9.3995697605908,36.1772806165722));
#2285=CARTESIAN_POINT('Ctrl Pts',(-31.2758233150664,-5.09030266891248,37.0184047446437));
#2286=CARTESIAN_POINT('Ctrl Pts',(-31.4955366654766,-2.08877661987932,37.1961287449852));
#2287=CARTESIAN_POINT('Ctrl Pts',(-31.496024716655,-0.562716790406508,37.1904377639298));
#2288=CARTESIAN_POINT('Ctrl Pts',(-29.373722088003,-11.9283959817954,22.7047801721287));
#2289=CARTESIAN_POINT('Ctrl Pts',(-29.1275460995373,-12.564703998982,22.9737627275358));
#2290=CARTESIAN_POINT('Ctrl Pts',(-28.6032974785694,-13.7955966692255,23.5761433380735));
#2291=CARTESIAN_POINT('Ctrl Pts',(-27.7671036946762,-15.464024712707,24.7313624859816));
#2292=CARTESIAN_POINT('Ctrl Pts',(-26.965666610795,-16.8563627244297,26.2135457787678));
#2293=CARTESIAN_POINT('Ctrl Pts',(-26.51010049007,-17.5698774209513,27.8380338910107));
#2294=CARTESIAN_POINT('Ctrl Pts',(-26.4651239240867,-17.6393829862649,29.2687509131797));
#2295=CARTESIAN_POINT('Ctrl Pts',(-26.6460486389947,-17.3585199053942,30.6640490243337));
#2296=CARTESIAN_POINT('Ctrl Pts',(-27.1981069679762,-16.4706967376894,32.162839690013));
#2297=CARTESIAN_POINT('Ctrl Pts',(-28.0226370687156,-14.9796002496503,33.5338282462736));
#2298=CARTESIAN_POINT('Ctrl Pts',(-29.1286146069016,-12.669912719223,34.9593868258951));
#2299=CARTESIAN_POINT('Ctrl Pts',(-30.3326407394898,-9.3995697605908,36.1772806165722));
#2300=CARTESIAN_POINT('Ctrl Pts',(-31.368687802944,-4.66601802672458,37.1012206950413));
#2301=CARTESIAN_POINT('Ctrl Pts',(-31.681511332084,1.26750735559772,37.3391245984231));
#2302=CARTESIAN_POINT('Ctrl Pts',(-30.7325111454863,7.1042138032534,36.5123054365724));
#2303=CARTESIAN_POINT('Ctrl Pts',(-29.2425997724815,11.2650354943425,34.9763903078406));
#2304=CARTESIAN_POINT('Ctrl Pts',(-28.1593818099808,13.5857386665862,33.5499941751098));
#2305=CARTESIAN_POINT('Ctrl Pts',(-27.3489490295032,15.08456997032,32.1803612756201));
#2306=CARTESIAN_POINT('Ctrl Pts',(-26.8049199423503,15.978728186368,30.6820650066354));
#2307=CARTESIAN_POINT('Ctrl Pts',(-26.6239110290461,16.2655634106409,29.2883775085121));
#2308=CARTESIAN_POINT('Ctrl Pts',(-26.6637474977393,16.202735214685,27.8572868723724));
#2309=CARTESIAN_POINT('Ctrl Pts',(-27.1071036955294,15.4944432484252,26.2274523689413));
#2310=CARTESIAN_POINT('Ctrl Pts',(-27.8932661116343,14.1011958976099,24.7382191895349));
#2311=CARTESIAN_POINT('Ctrl Pts',(-28.7143371546064,12.4275849813698,23.5783366987573));
#2312=CARTESIAN_POINT('Ctrl Pts',(-29.2273977092688,11.194252656058,22.9745017819916));
#2313=CARTESIAN_POINT('Ctrl Pts',(-29.4681110487831,10.5561963237265,22.7047801721286));
#2314=CARTESIAN_POINT('Ctrl Pts',(-29.4017269003685,-11.8560100162144,22.893835324692));
#2315=CARTESIAN_POINT('Ctrl Pts',(-29.1597658646294,-12.4861110697822,23.1625266241557));
#2316=CARTESIAN_POINT('Ctrl Pts',(-28.645343784919,-13.7032091211761,23.7640682838103));
#2317=CARTESIAN_POINT('Ctrl Pts',(-27.8311575006091,-15.3429629723003,24.9102064158718));
#2318=CARTESIAN_POINT('Ctrl Pts',(-27.0632892421406,-16.6928173619515,26.3677362878451));
#2319=CARTESIAN_POINT('Ctrl Pts',(-26.6452212152154,-17.3591169240661,27.9146243137134));
#2320=CARTESIAN_POINT('Ctrl Pts',(-26.6053544891174,-17.4221796570789,29.2457732053077));
#2321=CARTESIAN_POINT('Ctrl Pts',(-26.7684518392254,-17.1637765646461,30.5525007907594));
#2322=CARTESIAN_POINT('Ctrl Pts',(-27.2837099951719,-16.3223068158334,31.9977382809907));
#2323=CARTESIAN_POINT('Ctrl Pts',(-28.0790223027563,-14.868364698791,33.3508866157028));
#2324=CARTESIAN_POINT('Ctrl Pts',(-29.1591416444135,-12.5929404939806,34.7691419489544));
#2325=CARTESIAN_POINT('Ctrl Pts',(-30.3457829202497,-9.34963447025602,35.9883570890047));
#2326=CARTESIAN_POINT('Ctrl Pts',(-31.3697622828263,-4.64500618046143,36.913796523263));
#2327=CARTESIAN_POINT('Ctrl Pts',(-31.6797197521062,1.25729087041352,37.1525654147087));
#2328=CARTESIAN_POINT('Ctrl Pts',(-30.7406073270601,7.06157160967019,36.3238273164251));
#2329=CARTESIAN_POINT('Ctrl Pts',(-29.2721593201029,11.1881862905773,34.7865630534573));
#2330=CARTESIAN_POINT('Ctrl Pts',(-28.214540998474,13.4743324847172,33.3676300206639));
#2331=CARTESIAN_POINT('Ctrl Pts',(-27.4326898687894,14.9360878366356,32.0158529598697));
#2332=CARTESIAN_POINT('Ctrl Pts',(-26.9247616415041,15.7839590886365,30.5707155564343));
#2333=CARTESIAN_POINT('Ctrl Pts',(-26.7613708757692,16.0481978120821,29.2643025469384));
#2334=CARTESIAN_POINT('Ctrl Pts',(-26.7966921885727,15.9911698616433,27.9318730986105));
#2335=CARTESIAN_POINT('Ctrl Pts',(-27.2034750746912,15.3297656625265,26.3801574700323));
#2336=CARTESIAN_POINT('Ctrl Pts',(-27.9564003330939,13.9793977459817,24.9163208975796));
#2337=CARTESIAN_POINT('Ctrl Pts',(-28.755666654616,12.3347181249197,23.7655632875363));
#2338=CARTESIAN_POINT('Ctrl Pts',(-29.2589900002871,11.1153047476332,23.1627780448713));
#2339=CARTESIAN_POINT('Ctrl Pts',(-29.4955313186235,10.4835137011465,22.8933961633823));
#2340=CARTESIAN_POINT('Ctrl Pts',(-29.3620877613111,-11.6746701567475,23.2709532504433));
#2341=CARTESIAN_POINT('Ctrl Pts',(-29.1269360856887,-12.2893725172684,23.5390403956492));
#2342=CARTESIAN_POINT('Ctrl Pts',(-28.6283746039812,-13.4726745936397,24.138815247672));
#2343=CARTESIAN_POINT('Ctrl Pts',(-27.8495728636716,-15.0434908395287,25.2667615853358));
#2344=CARTESIAN_POINT('Ctrl Pts',(-27.135771321332,-16.2938535140371,26.6749635562982));
#2345=CARTESIAN_POINT('Ctrl Pts',(-26.7797585345976,-16.8533917973187,28.0673767577268));
#2346=CARTESIAN_POINT('Ctrl Pts',(-26.7485068796045,-16.9021059705085,29.2000759414578));
#2347=CARTESIAN_POINT('Ctrl Pts',(-26.881788827741,-16.6940560403627,30.3302925653528));
#2348=CARTESIAN_POINT('Ctrl Pts',(-27.3367282530685,-15.9584234298414,31.6687520057866));
#2349=CARTESIAN_POINT('Ctrl Pts',(-28.0851348127628,-14.5924280561851,32.9861753863029));
#2350=CARTESIAN_POINT('Ctrl Pts',(-29.1236534687963,-12.3999580923604,34.3896753294291));
#2351=CARTESIAN_POINT('Ctrl Pts',(-30.2820460183935,-9.22424856665986,35.6113774293931));
#2352=CARTESIAN_POINT('Ctrl Pts',(-31.2860749421575,-4.59214202373303,36.5396947065397));
#2353=CARTESIAN_POINT('Ctrl Pts',(-31.5912158406233,1.23213618016712,36.7801655167041));
#2354=CARTESIAN_POINT('Ctrl Pts',(-30.6685134518669,6.95512090867945,35.9476683000073));
#2355=CARTESIAN_POINT('Ctrl Pts',(-29.2349736061161,10.9967780238448,34.4079330817425));
#2356=CARTESIAN_POINT('Ctrl Pts',(-28.2184198607354,13.1993806144743,33.0040565563809));
#2357=CARTESIAN_POINT('Ctrl Pts',(-27.482388715113,14.5738234997972,31.6880037268591));
#2358=CARTESIAN_POINT('Ctrl Pts',(-27.0334787422069,15.3161897840225,30.3488847350543));
#2359=CARTESIAN_POINT('Ctrl Pts',(-26.8994728611741,15.52987056834,29.2164101148686));
#2360=CARTESIAN_POINT('Ctrl Pts',(-26.9271933386548,15.4857101179062,28.0806307845135));
#2361=CARTESIAN_POINT('Ctrl Pts',(-27.273578526367,14.9300352212298,26.6844337100897));
#2362=CARTESIAN_POINT('Ctrl Pts',(-27.973031876753,13.6795710477993,25.271396785081));
#2363=CARTESIAN_POINT('Ctrl Pts',(-28.7373272280418,12.1042341130071,24.1389213556419));
#2364=CARTESIAN_POINT('Ctrl Pts',(-29.2249669336188,10.9188291723413,23.5383255254737));
#2365=CARTESIAN_POINT('Ctrl Pts',(-29.4547816637724,10.3025191771559,23.2696442358988));
#2366=CARTESIAN_POINT('Ctrl Pts',(-28.9759306903459,-11.3021979969799,23.7777210867239));
#2367=CARTESIAN_POINT('Ctrl Pts',(-28.744757032283,-11.8876105503304,24.0412920582779));
#2368=CARTESIAN_POINT('Ctrl Pts',(-28.2549357166745,-13.0074249416429,24.6297264095799));
#2369=CARTESIAN_POINT('Ctrl Pts',(-27.4921268680313,-14.460234893328,25.7168544659762));
#2370=CARTESIAN_POINT('Ctrl Pts',(-26.797995940977,-15.5576697165877,27.0378611523376));
#2371=CARTESIAN_POINT('Ctrl Pts',(-26.4615441328702,-15.9801280832247,28.2366544367637));
#2372=CARTESIAN_POINT('Ctrl Pts',(-26.432983298464,-16.0121296082035,29.1492503654969));
#2373=CARTESIAN_POINT('Ctrl Pts',(-26.5569361077596,-15.8652419643467,30.0779388763452));
#2374=CARTESIAN_POINT('Ctrl Pts',(-26.9923363089203,-15.2735363752573,31.2704108873879));
#2375=CARTESIAN_POINT('Ctrl Pts',(-27.7225098627443,-14.0480413765009,32.519769369958));
#2376=CARTESIAN_POINT('Ctrl Pts',(-28.7409641226344,-12.0020954948679,33.8824792921665));
#2377=CARTESIAN_POINT('Ctrl Pts',(-29.8808471950708,-8.96088562876545,35.0915202445133));
#2378=CARTESIAN_POINT('Ctrl Pts',(-30.8695889679796,-4.47903388557296,36.013795756811));
#2379=CARTESIAN_POINT('Ctrl Pts',(-31.1703256197652,1.17951338437984,36.2542250874457));
#2380=CARTESIAN_POINT('Ctrl Pts',(-30.2612557463685,6.73210845044261,35.4245947941424));
#2381=CARTESIAN_POINT('Ctrl Pts',(-28.850630443227,10.6041947721291,33.9009613769047));
#2382=CARTESIAN_POINT('Ctrl Pts',(-27.8536853726862,12.6603515714868,32.538028204634));
#2383=CARTESIAN_POINT('Ctrl Pts',(-27.1354621848318,13.8950686089264,31.2897099267023));
#2384=CARTESIAN_POINT('Ctrl Pts',(-26.7055528485152,14.4941632868399,30.0956955115692));
#2385=CARTESIAN_POINT('Ctrl Pts',(-26.5806879942475,14.6462566377195,29.1628946846349));
#2386=CARTESIAN_POINT('Ctrl Pts',(-26.6060441384972,14.6171125579682,28.246207622658));
#2387=CARTESIAN_POINT('Ctrl Pts',(-26.9335162442117,14.1970016732902,27.0448135541369));
#2388=CARTESIAN_POINT('Ctrl Pts',(-27.6136382218007,13.099621081766,25.7203609253716));
#2389=CARTESIAN_POINT('Ctrl Pts',(-28.3622649873219,11.6424604213489,24.6288386970229));
#2390=CARTESIAN_POINT('Ctrl Pts',(-28.8413483301714,10.5205025063942,24.0398856119721));
#2391=CARTESIAN_POINT('Ctrl Pts',(-29.0672707026822,9.9335231350087,23.7757953233662));
#2392=CARTESIAN_POINT('Ctrl Pts',(-28.4968970189163,-11.067414738962,23.8900672434895));
#2393=CARTESIAN_POINT('Ctrl Pts',(-28.2625361444995,-11.6379583442102,24.1456307336537));
#2394=CARTESIAN_POINT('Ctrl Pts',(-27.7642197057848,-12.728690547617,24.7144371224084));
#2395=CARTESIAN_POINT('Ctrl Pts',(-26.9766316669545,-14.1427547551499,25.7626626550992));
#2396=CARTESIAN_POINT('Ctrl Pts',(-26.2359895336494,-15.2171157461063,27.0276484027363));
#2397=CARTESIAN_POINT('Ctrl Pts',(-25.8375303270681,-15.6604873930864,28.2126582514583));
#2398=CARTESIAN_POINT('Ctrl Pts',(-25.8000150102077,-15.6979206232405,29.1573663585408));
#2399=CARTESIAN_POINT('Ctrl Pts',(-25.9544672441649,-15.5358743072608,30.1044371584195));
#2400=CARTESIAN_POINT('Ctrl Pts',(-26.4481225330344,-14.9362796638355,31.2627384850014));
#2401=CARTESIAN_POINT('Ctrl Pts',(-27.216197540331,-13.7416900371201,32.4610820271944));
#2402=CARTESIAN_POINT('Ctrl Pts',(-28.2616022847012,-11.7505656578217,33.7754244921983));
#2403=CARTESIAN_POINT('Ctrl Pts',(-29.411557335535,-8.78488037916958,34.9505437062409));
#2404=CARTESIAN_POINT('Ctrl Pts',(-30.4040834055277,-4.39996880176379,35.8516196230385));
#2405=CARTESIAN_POINT('Ctrl Pts',(-30.7045725670235,1.14366105780995,36.0873053792973));
#2406=CARTESIAN_POINT('Ctrl Pts',(-29.7942447215025,6.5806486708791,35.2741836834246));
#2407=CARTESIAN_POINT('Ctrl Pts',(-28.3710005760075,10.3579568355639,33.7923239890283));
#2408=CARTESIAN_POINT('Ctrl Pts',(-27.3474771252098,12.3586654845208,32.477250583268));
#2409=CARTESIAN_POINT('Ctrl Pts',(-26.5922046056035,13.562462829999,31.2790382175385));
#2410=CARTESIAN_POINT('Ctrl Pts',(-26.1054746218507,14.168156862432,30.1196396221218));
#2411=CARTESIAN_POINT('Ctrl Pts',(-25.950611934268,14.3348333738581,29.1708197916916));
#2412=CARTESIAN_POINT('Ctrl Pts',(-25.9838784177519,14.3008313844746,28.2241731310139));
#2413=CARTESIAN_POINT('Ctrl Pts',(-26.3716771470537,13.860572388518,27.0366106931401));
#2414=CARTESIAN_POINT('Ctrl Pts',(-27.097986429655,12.7858255210631,25.7674219213156));
#2415=CARTESIAN_POINT('Ctrl Pts',(-27.8711450963316,11.3677041118059,24.7149035244584));
#2416=CARTESIAN_POINT('Ctrl Pts',(-28.3586812191316,10.2748883875241,24.1452404367092));
#2417=CARTESIAN_POINT('Ctrl Pts',(-28.5877954074415,9.70277024792538,23.8890775047654));
#2418=CARTESIAN_POINT('Ctrl Pts',(-28.2079276137657,-10.9737642725149,23.8488430811569));
#2419=CARTESIAN_POINT('Ctrl Pts',(-27.9715205137312,-11.5408945085254,24.0984891299169));
#2420=CARTESIAN_POINT('Ctrl Pts',(-27.4680754094684,-12.6260855320865,24.6533593304949));
#2421=CARTESIAN_POINT('Ctrl Pts',(-26.6650639185868,-14.0453857069838,25.6788255327528));
#2422=CARTESIAN_POINT('Ctrl Pts',(-25.8954298935897,-15.1511259195343,26.921706512772));
#2423=CARTESIAN_POINT('Ctrl Pts',(-25.4579417935285,-15.6558884358723,28.1469734822595));
#2424=CARTESIAN_POINT('Ctrl Pts',(-25.4147500119096,-15.7029344424447,29.1766795886517));
#2425=CARTESIAN_POINT('Ctrl Pts',(-25.5884951746387,-15.5091037561472,30.1929595999417));
#2426=CARTESIAN_POINT('Ctrl Pts',(-26.1186464270733,-14.8561201336021,31.3635975325436));
#2427=CARTESIAN_POINT('Ctrl Pts',(-26.9104570793707,-13.6405898086475,32.5378858381584));
#2428=CARTESIAN_POINT('Ctrl Pts',(-27.9725466200096,-11.6494430957666,33.8217145270169));
#2429=CARTESIAN_POINT('Ctrl Pts',(-29.1287939378126,-8.7076634918773,34.9698892768519));
#2430=CARTESIAN_POINT('Ctrl Pts',(-30.1237280225583,-4.36302217346424,35.853353195274));
#2431=CARTESIAN_POINT('Ctrl Pts',(-30.4241379195896,1.12704168826141,36.0845999907038));
#2432=CARTESIAN_POINT('Ctrl Pts',(-29.5127964705552,6.51285551141926,35.2861288134031));
#2433=CARTESIAN_POINT('Ctrl Pts',(-28.0820085647332,10.2586429416338,33.8370979983541));
#2434=CARTESIAN_POINT('Ctrl Pts',(-27.0417754420142,12.2597521632633,32.5521956571199));
#2435=CARTESIAN_POINT('Ctrl Pts',(-26.263502692508,13.483118600065,31.3777883027153));
#2436=CARTESIAN_POINT('Ctrl Pts',(-25.7410620611945,14.1413459789877,30.2065382000871));
#2437=CARTESIAN_POINT('Ctrl Pts',(-25.5672360412753,14.3394555988225,29.1907974164558));
#2438=CARTESIAN_POINT('Ctrl Pts',(-25.6054916977188,14.2969470280462,28.1610235037444));
#2439=CARTESIAN_POINT('Ctrl Pts',(-26.0312543955967,13.7965117434687,26.9329284655328));
#2440=CARTESIAN_POINT('Ctrl Pts',(-26.7862198904275,12.6907874166104,25.6850344098833));
#2441=CARTESIAN_POINT('Ctrl Pts',(-27.5747087491547,11.2674558299534,24.6552929584248));
#2442=CARTESIAN_POINT('Ctrl Pts',(-28.0674097579971,10.1800566866379,24.0991750555317));
#2443=CARTESIAN_POINT('Ctrl Pts',(-28.2985709808641,9.61136820783618,23.8488430811569));
#2444=CARTESIAN_POINT('Origin',(-28.2985709808641,10.1149752572168,22.7047801721286));
#2445=CARTESIAN_POINT('Origin',(-28.2079276137657,-11.4773713218955,22.7047801721287));
#2446=CARTESIAN_POINT('Ctrl Pts',(-28.2079276137657,-10.9737642725149,23.8488430811569));
#2447=CARTESIAN_POINT('Ctrl Pts',(-28.9225209591778,-9.25948626404592,23.094232051597));
#2448=CARTESIAN_POINT('Ctrl Pts',(-29.8305203081546,-5.34807580195442,22.072926535036));
#2449=CARTESIAN_POINT('Ctrl Pts',(-30.1008437329851,0.870665298805155,21.7827066841943));
#2450=CARTESIAN_POINT('Ctrl Pts',(-29.4935918018879,5.97575865285444,22.5195011575559));
#2451=CARTESIAN_POINT('Ctrl Pts',(-28.647939234935,8.75187413488966,23.4705008845688));
#2452=CARTESIAN_POINT('Ctrl Pts',(-28.2985709808641,9.61136820783618,23.8488430811569));
#2453=CARTESIAN_POINT('Ctrl Pts',(-28.4005738838661,-11.036197916813,23.8763258560453));
#2454=CARTESIAN_POINT('Ctrl Pts',(-29.1256991763327,-9.31103672965718,23.1082918558111));
#2455=CARTESIAN_POINT('Ctrl Pts',(-30.0489177795081,-5.37501553851259,22.0744017046553));
#2456=CARTESIAN_POINT('Ctrl Pts',(-30.3238323021577,0.87827281425992,21.781003663414));
#2457=CARTESIAN_POINT('Ctrl Pts',(-29.7052975620403,6.01322960755796,22.5256898411546));
#2458=CARTESIAN_POINT('Ctrl Pts',(-28.8460215446209,8.80729118695263,23.4906713920633));
#2459=CARTESIAN_POINT('Ctrl Pts',(-28.491387265249,9.67230290122897,23.8756660302293));
#2460=CARTESIAN_POINT('Ctrl Pts',(-28.7850623640454,-11.2020835819452,23.837401747274));
#2461=CARTESIAN_POINT('Ctrl Pts',(-29.5311642195453,-9.44621276026723,23.0332215729696));
#2462=CARTESIAN_POINT('Ctrl Pts',(-30.4845840991564,-5.44615817589358,21.9598551063455));
#2463=CARTESIAN_POINT('Ctrl Pts',(-30.7686193737341,0.899295920653738,21.6553147213732));
#2464=CARTESIAN_POINT('Ctrl Pts',(-30.127693694462,6.11270719916189,22.4274671644856));
#2465=CARTESIAN_POINT('Ctrl Pts',(-29.2413423302651,8.95455100275251,23.4327847945189));
#2466=CARTESIAN_POINT('Ctrl Pts',(-28.8762200940024,9.83504246876618,23.8357802088201));
#2467=CARTESIAN_POINT('Ctrl Pts',(-29.3013625239601,-11.5686205355025,23.4584990940949));
#2468=CARTESIAN_POINT('Ctrl Pts',(-30.0683867082571,-9.73742519361931,22.5743353748782));
#2469=CARTESIAN_POINT('Ctrl Pts',(-31.0443217703515,-5.59666495484718,21.4031840741948));
#2470=CARTESIAN_POINT('Ctrl Pts',(-31.3335016968482,0.945794847746679,21.0701003358464));
#2471=CARTESIAN_POINT('Ctrl Pts',(-30.6790951188529,6.32739261628006,21.913624988093));
#2472=CARTESIAN_POINT('Ctrl Pts',(-29.7690670785982,9.27879417684114,23.0137098203472));
#2473=CARTESIAN_POINT('Ctrl Pts',(-29.3935493751414,10.1970490171135,23.4567664336095));
#2474=CARTESIAN_POINT('Ctrl Pts',(-29.4157293065512,-11.8198170334238,22.9883629009737));
#2475=CARTESIAN_POINT('Ctrl Pts',(-30.1738728103563,-9.92783738308426,22.0527114465756));
#2476=CARTESIAN_POINT('Ctrl Pts',(-31.1203385571023,-5.68887091689143,20.820446222622));
#2477=CARTESIAN_POINT('Ctrl Pts',(-31.3979974184762,0.975330370645409,20.4705343079274));
#2478=CARTESIAN_POINT('Ctrl Pts',(-30.771067442144,6.46507153097258,21.3577172463565));
#2479=CARTESIAN_POINT('Ctrl Pts',(-29.8801751045262,9.49853556011619,22.5187009983509));
#2480=CARTESIAN_POINT('Ctrl Pts',(-29.5092414535436,10.4471723898565,22.9877041590091));
#2481=CARTESIAN_POINT('Ctrl Pts',(-29.373722088003,-11.9283959817954,22.7047801721287));
#2482=CARTESIAN_POINT('Ctrl Pts',(-30.1178440840519,-10.0050126542745,21.7515374761347));
#2483=CARTESIAN_POINT('Ctrl Pts',(-31.0334433233307,-5.72171504163951,20.5037668232501));
#2484=CARTESIAN_POINT('Ctrl Pts',(-31.2998601401254,0.986115086148338,20.1514270867847));
#2485=CARTESIAN_POINT('Ctrl Pts',(-30.6997606333409,6.51827631605435,21.0469626917514));
#2486=CARTESIAN_POINT('Ctrl Pts',(-29.8319160075677,9.59186232314931,22.2268492628836));
#2487=CARTESIAN_POINT('Ctrl Pts',(-29.4681110487831,10.5561963237265,22.7047801721286));
#2488=CARTESIAN_POINT('Origin',(0.00429866277644964,-0.562574552317807,
39.25));
#2489=CARTESIAN_POINT('',(-29.7457013372236,-0.562574552317812,40.5));
#2490=CARTESIAN_POINT('Origin',(-29.7457013372236,-0.562574552317811,39.25));
#2491=CARTESIAN_POINT('Origin',(0.00429866277644964,-0.562574552317807,
40.5));
#2492=CARTESIAN_POINT('Origin',(0.0116724215676478,-0.562574552317803,40.5));
#2493=CARTESIAN_POINT('',(30.2542986627764,-0.562574552317811,40.5));
#2494=CARTESIAN_POINT('Origin',(0.00429866277644964,-0.562574552317807,
40.5));
#2495=CARTESIAN_POINT('Origin',(0.00429866277644964,-0.562574552317807,
39.25));
#2496=CARTESIAN_POINT('Origin',(30.2542986627764,-0.562574552317811,39.25));
#2497=CARTESIAN_POINT('Origin',(0.00429866277644964,-0.562574552317807,
18.25));
#2498=CARTESIAN_POINT('Origin',(14.1561144433795,-0.562574552317809,18.25));
#2499=UNCERTAINTY_MEASURE_WITH_UNIT(LENGTH_MEASURE(0.01),#2503,
'DISTANCE_ACCURACY_VALUE',
'Maximum model space distance between geometric entities at asserted c
onnectivities');
#2500=UNCERTAINTY_MEASURE_WITH_UNIT(LENGTH_MEASURE(0.01),#2503,
'DISTANCE_ACCURACY_VALUE',
'Maximum model space distance between geometric entities at asserted c
onnectivities');
#2501=(
GEOMETRIC_REPRESENTATION_CONTEXT(3)
GLOBAL_UNCERTAINTY_ASSIGNED_CONTEXT((#2499))
GLOBAL_UNIT_ASSIGNED_CONTEXT((#2503,#2505,#2506))
REPRESENTATION_CONTEXT('','3D')
);
#2502=(
GEOMETRIC_REPRESENTATION_CONTEXT(3)
GLOBAL_UNCERTAINTY_ASSIGNED_CONTEXT((#2500))
GLOBAL_UNIT_ASSIGNED_CONTEXT((#2503,#2505,#2506))
REPRESENTATION_CONTEXT('','3D')
);
#2503=(
LENGTH_UNIT()
NAMED_UNIT(*)
SI_UNIT(.MILLI.,.METRE.)
);
#2504=(
LENGTH_UNIT()
NAMED_UNIT(*)
SI_UNIT($,.METRE.)
);
#2505=(
NAMED_UNIT(*)
PLANE_ANGLE_UNIT()
SI_UNIT($,.RADIAN.)
);
#2506=(
NAMED_UNIT(*)
SI_UNIT($,.STERADIAN.)
SOLID_ANGLE_UNIT()
);
#2507=SHAPE_DEFINITION_REPRESENTATION(#2508,#2509);
#2508=PRODUCT_DEFINITION_SHAPE('',$,#2511);
#2509=SHAPE_REPRESENTATION('',(#663),#2501);
#2510=PRODUCT_DEFINITION_CONTEXT('part definition',#2515,'design');
#2511=PRODUCT_DEFINITION('bruh_schlage_bowery_child_proof_door_knob',
'bruh_schlage_bowery_child_proof_door_knob v2',#2512,#2510);
#2512=PRODUCT_DEFINITION_FORMATION('',$,#2517);
#2513=PRODUCT_RELATED_PRODUCT_CATEGORY(
'bruh_schlage_bowery_child_proof_door_knob v2',
'bruh_schlage_bowery_child_proof_door_knob v2',(#2517));
#2514=APPLICATION_PROTOCOL_DEFINITION('international standard',
'automotive_design',2009,#2515);
#2515=APPLICATION_CONTEXT(
'Core Data for Automotive Mechanical Design Process');
#2516=PRODUCT_CONTEXT('part definition',#2515,'mechanical');
#2517=PRODUCT('bruh_schlage_bowery_child_proof_door_knob',
'bruh_schlage_bowery_child_proof_door_knob v2',$,(#2516));
#2518=PRESENTATION_STYLE_ASSIGNMENT((#2520));
#2519=PRESENTATION_STYLE_ASSIGNMENT((#2521));
#2520=SURFACE_STYLE_USAGE(.BOTH.,#2522);
#2521=SURFACE_STYLE_USAGE(.BOTH.,#2523);
#2522=SURFACE_SIDE_STYLE('',(#2524));
#2523=SURFACE_SIDE_STYLE('',(#2525));
#2524=SURFACE_STYLE_FILL_AREA(#2526);
#2525=SURFACE_STYLE_FILL_AREA(#2527);
#2526=FILL_AREA_STYLE('Steel - Satin',(#2528));
#2527=FILL_AREA_STYLE('Steel - Satin',(#2529));
#2528=FILL_AREA_STYLE_COLOUR('Steel - Satin',#2530);
#2529=FILL_AREA_STYLE_COLOUR('Steel - Satin',#2531);
#2530=COLOUR_RGB('Steel - Satin',0.627450980392157,0.627450980392157,0.627450980392157);
#2531=COLOUR_RGB('Steel - Satin',0.0431372549019608,0.00392156862745098,
0.00392156862745098);
ENDSEC;
END-ISO-10303-21;
