ISO-10303-21;
HEADER;
/* Generated by software containing ST-Developer
 * from STEP Tools, Inc. (www.steptools.com) 
 */

FILE_DESCRIPTION(
/* description */ (''),
/* implementation_level */ '2;1');

FILE_NAME(
/* name */ 'quick tee_v1.step',
/* time_stamp */ '2026-03-17T23:36:10-04:00',
/* author */ (''),
/* organization */ (''),
/* preprocessor_version */ 'ST-DEVELOPER v20.1',
/* originating_system */ 'Autodesk Translation Framework v14.24.0.0',
/* authorisation */ '');

FILE_SCHEMA (('AUTOMOTIVE_DESIGN { 1 0 10303 214 3 1 1 }'));
ENDSEC;

DATA;
#10=MECHANICAL_DESIGN_GEOMETRIC_PRESENTATION_REPRESENTATION('',(#5471,#5472,
#5473,#5474,#5475,#5476,#5477,#5478,#5479,#5480,#5481,#5482,#5483,#5484,
#5485,#5486,#5487,#5488,#5489,#5490,#5491,#5492,#5493,#5494,#5495,#5496,
#5497,#5498,#5499,#5500,#5501,#5502,#5503,#5504,#5505,#5506,#5507,#5508,
#5509,#5510,#5511,#5512,#5513,#5514,#5515,#5516,#5517,#5518,#5519,#5520,
#5521,#5522,#5523,#5524,#5525,#5526,#5527,#5528,#5529,#5530,#5531,#5532,
#5533,#5534,#5535,#5536,#5537,#5538,#5539,#5540,#5541,#5542,#5543,#5544,
#5545,#5546,#5547,#5548,#5549,#5550,#5551,#5552,#5553,#5554,#5555,#5556,
#5557,#5558,#5559,#5560,#5561,#5562,#5563,#5564,#5565,#5566,#5567,#5568,
#5569,#5570,#5571,#5572,#5573,#5574,#5575,#5576,#5577,#5578,#5579,#5580,
#5581,#5582,#5583,#5584,#5585,#5586,#5587,#5588,#5589,#5590,#5591,#5592,
#5593,#5594,#5595,#5596,#5597,#5598,#5599,#5600,#5601,#5602,#5603,#5604,
#5605,#5606,#5607,#5608,#5609,#5610,#5611,#5612,#5613,#5614,#5615,#5616,
#5617,#5618,#5619,#5620,#5621,#5622,#5623,#5624,#5625,#5626,#5627,#5628,
#5629,#5630,#5631,#5632,#5633,#5634,#5635,#5636,#5637,#5638,#5639,#5640,
#5641,#5642,#5643,#5644,#5645,#5646,#5647,#5648,#5649,#5650,#5651,#5652,
#5653,#5654,#5655,#5656,#5657,#5658,#5659,#5660,#5661,#5662,#5663,#5664,
#5665,#5666,#5667,#5668,#5669,#5670,#5671,#5672,#5673,#5674,#5675,#5676,
#5677,#5678,#5679,#5680,#5681,#5682,#5683,#5684,#5685,#5686,#5687,#5688,
#5689,#5690,#5691,#5692,#5693,#5694,#5695,#5696,#5697,#5698,#5699,#5700,
#5701,#5702,#5703,#5704,#5705,#5706,#5707,#5708,#5709,#5710,#5711,#5712,
#5713,#5714,#5715,#5716,#5717,#5718,#5719,#5720,#5721,#5722,#5723,#5724,
#5725,#5726,#5727,#5728,#5729,#5730,#5731,#5732,#5733,#5734,#5735,#5736,
#5737,#5738,#5739,#5740,#5741,#5742,#5743,#5744,#5745,#5746,#5747,#5748,
#5749,#5750,#5751,#5752,#5753,#5754,#5755,#5756,#5757,#5758,#5759,#5760,
#5761,#5762,#5763,#5764,#5765,#5766,#5767,#5768,#5769,#5770,#5771,#5772,
#5773,#5774,#5775,#5776,#5777,#5778,#5779,#5780,#5781,#5782,#5783,#5784,
#5785,#5786,#5787,#5788,#5789,#5790,#5791,#5792,#5793,#5794,#5795,#5796,
#5797,#5798,#5799,#5800,#5801,#5802,#5803,#5804,#5805,#5806,#5807,#5808,
#5809,#5810,#5811,#5812,#5813,#5814,#5815,#5816,#5817,#5818,#5819,#5820,
#5821,#5822),#12604);
#11=ITEM_DEFINED_TRANSFORMATION($,$,#6243,#7077);
#12=ITEM_DEFINED_TRANSFORMATION($,$,#6383,#7078);
#13=ITEM_DEFINED_TRANSFORMATION($,$,#6520,#7079);
#14=ITEM_DEFINED_TRANSFORMATION($,$,#6663,#7080);
#15=ITEM_DEFINED_TRANSFORMATION($,$,#6800,#7081);
#16=ITEM_DEFINED_TRANSFORMATION($,$,#6937,#7082);
#17=(
REPRESENTATION_RELATIONSHIP($,$,#12630,#12629)
REPRESENTATION_RELATIONSHIP_WITH_TRANSFORMATION(#11)
SHAPE_REPRESENTATION_RELATIONSHIP()
);
#18=(
REPRESENTATION_RELATIONSHIP($,$,#12631,#12629)
REPRESENTATION_RELATIONSHIP_WITH_TRANSFORMATION(#12)
SHAPE_REPRESENTATION_RELATIONSHIP()
);
#19=(
REPRESENTATION_RELATIONSHIP($,$,#12632,#12629)
REPRESENTATION_RELATIONSHIP_WITH_TRANSFORMATION(#13)
SHAPE_REPRESENTATION_RELATIONSHIP()
);
#20=(
REPRESENTATION_RELATIONSHIP($,$,#12633,#12629)
REPRESENTATION_RELATIONSHIP_WITH_TRANSFORMATION(#14)
SHAPE_REPRESENTATION_RELATIONSHIP()
);
#21=(
REPRESENTATION_RELATIONSHIP($,$,#12634,#12629)
REPRESENTATION_RELATIONSHIP_WITH_TRANSFORMATION(#15)
SHAPE_REPRESENTATION_RELATIONSHIP()
);
#22=(
REPRESENTATION_RELATIONSHIP($,$,#12635,#12629)
REPRESENTATION_RELATIONSHIP_WITH_TRANSFORMATION(#16)
SHAPE_REPRESENTATION_RELATIONSHIP()
);
#23=CONTEXT_DEPENDENT_SHAPE_REPRESENTATION(#17,#12623);
#24=CONTEXT_DEPENDENT_SHAPE_REPRESENTATION(#18,#12624);
#25=CONTEXT_DEPENDENT_SHAPE_REPRESENTATION(#19,#12625);
#26=CONTEXT_DEPENDENT_SHAPE_REPRESENTATION(#20,#12626);
#27=CONTEXT_DEPENDENT_SHAPE_REPRESENTATION(#21,#12627);
#28=CONTEXT_DEPENDENT_SHAPE_REPRESENTATION(#22,#12628);
#29=NEXT_ASSEMBLY_USAGE_OCCURRENCE('\X\D84 UNI\X\C3O T (C00600400):1',
'\X\D84 UNI\X\C3O T (C00600400):1','\X\D84 UNI\X\C3O T (C00600400):1',#12637,
#12638,'\X\D84 UNI\X\C3O T (C00600400):1');
#30=NEXT_ASSEMBLY_USAGE_OCCURRENCE('\X\D86 UNI\X\C3O T (C00600600):1',
'\X\D86 UNI\X\C3O T (C00600600):1','\X\D86 UNI\X\C3O T (C00600600):1',#12637,
#12639,'\X\D86 UNI\X\C3O T (C00600600):1');
#31=NEXT_ASSEMBLY_USAGE_OCCURRENCE('\X\D88 UNI\X\C3O T (C00600800):1',
'\X\D88 UNI\X\C3O T (C00600800):1','\X\D88 UNI\X\C3O T (C00600800):1',#12637,
#12640,'\X\D88 UNI\X\C3O T (C00600800):1');
#32=NEXT_ASSEMBLY_USAGE_OCCURRENCE('\X\D810 UNI\X\C3O T (C00601000):1',
'\X\D810 UNI\X\C3O T (C00601000):1','\X\D810 UNI\X\C3O T (C00601000):1',
#12637,#12641,'\X\D810 UNI\X\C3O T (C00601000):1');
#33=NEXT_ASSEMBLY_USAGE_OCCURRENCE('\X\D812 UNI\X\C3O T (C00601200):1',
'\X\D812 UNI\X\C3O T (C00601200):1','\X\D812 UNI\X\C3O T (C00601200):1',
#12637,#12642,'\X\D812 UNI\X\C3O T (C00601200):1');
#34=NEXT_ASSEMBLY_USAGE_OCCURRENCE('\X\D816 UNI\X\C3O T (C00601600):1',
'\X\D816 UNI\X\C3O T (C00601600):1','\X\D816 UNI\X\C3O T (C00601600):1',
#12637,#12643,'\X\D816 UNI\X\C3O T (C00601600):1');
#35=SHAPE_REPRESENTATION_RELATIONSHIP('SRR','None',#12630,#41);
#36=SHAPE_REPRESENTATION_RELATIONSHIP('SRR','None',#12631,#42);
#37=SHAPE_REPRESENTATION_RELATIONSHIP('SRR','None',#12632,#43);
#38=SHAPE_REPRESENTATION_RELATIONSHIP('SRR','None',#12633,#44);
#39=SHAPE_REPRESENTATION_RELATIONSHIP('SRR','None',#12634,#45);
#40=SHAPE_REPRESENTATION_RELATIONSHIP('SRR','None',#12635,#46);
#41=ADVANCED_BREP_SHAPE_REPRESENTATION('',(#47),#12598);
#42=ADVANCED_BREP_SHAPE_REPRESENTATION('',(#48),#12599);
#43=ADVANCED_BREP_SHAPE_REPRESENTATION('',(#49),#12600);
#44=ADVANCED_BREP_SHAPE_REPRESENTATION('',(#50),#12601);
#45=ADVANCED_BREP_SHAPE_REPRESENTATION('',(#51),#12602);
#46=ADVANCED_BREP_SHAPE_REPRESENTATION('',(#52),#12603);
#47=MANIFOLD_SOLID_BREP('Body1',#6169);
#48=MANIFOLD_SOLID_BREP('Body1',#6170);
#49=MANIFOLD_SOLID_BREP('Body1',#6171);
#50=MANIFOLD_SOLID_BREP('Body1',#6172);
#51=MANIFOLD_SOLID_BREP('Body1',#6173);
#52=MANIFOLD_SOLID_BREP('Body1',#6174);
#53=CONICAL_SURFACE('',#6266,2.55,1.39860551227196);
#54=CONICAL_SURFACE('',#6277,4.,1.39626340159591);
#55=CONICAL_SURFACE('',#6284,5.05,0.0996686524911613);
#56=CONICAL_SURFACE('',#6289,5.25,0.785398163397446);
#57=CONICAL_SURFACE('',#6291,4.25,0.785398163397449);
#58=CONICAL_SURFACE('',#6297,5.25,0.0996686524911623);
#59=CONICAL_SURFACE('',#6304,5.,1.39626340159543);
#60=CONICAL_SURFACE('',#6315,4.85,1.39860551227196);
#61=CONICAL_SURFACE('',#6324,4.25,0.785398163397449);
#62=CONICAL_SURFACE('',#6334,4.25,0.785398163397446);
#63=CONICAL_SURFACE('',#6346,5.25,0.0996686524911614);
#64=CONICAL_SURFACE('',#6353,5.,1.39626340159591);
#65=CONICAL_SURFACE('',#6364,4.85,1.39860551227196);
#66=CONICAL_SURFACE('',#6406,3.65,1.39485670134237);
#67=CONICAL_SURFACE('',#6417,5.2,1.39626340159518);
#68=CONICAL_SURFACE('',#6424,6.05,0.0996686524911613);
#69=CONICAL_SURFACE('',#6429,6.25,0.785398163397447);
#70=CONICAL_SURFACE('',#6440,6.25,0.0996686524911623);
#71=CONICAL_SURFACE('',#6447,6.,1.39626340159543);
#72=CONICAL_SURFACE('',#6458,5.9,1.39485670134237);
#73=CONICAL_SURFACE('',#6467,5.,0.785398163397449);
#74=CONICAL_SURFACE('',#6476,5.,0.785398163397448);
#75=CONICAL_SURFACE('',#6480,6.25,0.0996686524911613);
#76=CONICAL_SURFACE('',#6487,6.,1.39626340159519);
#77=CONICAL_SURFACE('',#6498,5.9,1.39485670134237);
#78=CONICAL_SURFACE('',#6553,4.65,1.39485670134237);
#79=CONICAL_SURFACE('',#6564,6.25,1.39626340159591);
#80=CONICAL_SURFACE('',#6571,7.1,0.148889947609496);
#81=CONICAL_SURFACE('',#6576,7.4,0.785398163397448);
#82=CONICAL_SURFACE('',#6586,7.4,0.148889947609498);
#83=CONICAL_SURFACE('',#6593,7.,1.39626340159553);
#84=CONICAL_SURFACE('',#6604,6.9,1.39485670134237);
#85=CONICAL_SURFACE('',#6613,5.8,0.785398163397448);
#86=CONICAL_SURFACE('',#6619,5.8,0.785398163397448);
#87=CONICAL_SURFACE('',#6623,7.4,0.148889947609496);
#88=CONICAL_SURFACE('',#6630,7.,1.39626340159592);
#89=CONICAL_SURFACE('',#6641,6.9,1.39485670134237);
#90=CONICAL_SURFACE('',#6686,5.5,1.42889927219073);
#91=CONICAL_SURFACE('',#6697,7.3,1.39626340159559);
#92=CONICAL_SURFACE('',#6704,8.55,0.0798299857122368);
#93=CONICAL_SURFACE('',#6709,8.75,0.785398163397448);
#94=CONICAL_SURFACE('',#6720,8.75,0.0798299857122375);
#95=CONICAL_SURFACE('',#6727,8.5,1.39626340159543);
#96=CONICAL_SURFACE('',#6738,8.3,1.42889927219073);
#97=CONICAL_SURFACE('',#6747,6.75,0.785398163397448);
#98=CONICAL_SURFACE('',#6756,6.75,0.785398163397446);
#99=CONICAL_SURFACE('',#6760,8.75,0.0798299857122368);
#100=CONICAL_SURFACE('',#6767,8.5,1.39626340159559);
#101=CONICAL_SURFACE('',#6778,8.3,1.42889927219073);
#102=CONICAL_SURFACE('',#6823,6.75,1.3962278514664);
#103=CONICAL_SURFACE('',#6834,8.5,1.39626340159527);
#104=CONICAL_SURFACE('',#6841,10.05,0.0798299857122395);
#105=CONICAL_SURFACE('',#6846,10.25,0.78539816339745);
#106=CONICAL_SURFACE('',#6857,10.25,0.0798299857122368);
#107=CONICAL_SURFACE('',#6864,10.,1.39626340159546);
#108=CONICAL_SURFACE('',#6875,9.5,1.3962278514664);
#109=CONICAL_SURFACE('',#6884,7.75,0.785398163397449);
#110=CONICAL_SURFACE('',#6893,7.75,0.785398163397449);
#111=CONICAL_SURFACE('',#6897,10.25,0.0798299857122395);
#112=CONICAL_SURFACE('',#6904,10.,1.39626340159527);
#113=CONICAL_SURFACE('',#6915,9.5,1.3962278514664);
#114=CONICAL_SURFACE('',#6960,8.476,1.39630396150769);
#115=CONICAL_SURFACE('',#6967,9.5,0.785398163397448);
#116=CONICAL_SURFACE('',#6973,11.,1.39626340159527);
#117=CONICAL_SURFACE('',#6978,12.5,0.0872516701524708);
#118=CONICAL_SURFACE('',#6982,12.75,0.785398163397448);
#119=CONICAL_SURFACE('',#6993,12.75,0.087251670152471);
#120=CONICAL_SURFACE('',#6999,12.5,1.39626340159546);
#121=CONICAL_SURFACE('',#7006,9.,0.785398163397448);
#122=CONICAL_SURFACE('',#7013,12.6,1.39630396150769);
#123=CONICAL_SURFACE('',#7022,10.2,0.785398163397449);
#124=CONICAL_SURFACE('',#7031,10.2,0.785398163397449);
#125=CONICAL_SURFACE('',#7035,12.75,0.0872516701524709);
#126=CONICAL_SURFACE('',#7041,12.5,1.39626340159527);
#127=CONICAL_SURFACE('',#7048,9.,0.785398163397448);
#128=CONICAL_SURFACE('',#7055,12.6,1.39630396150769);
#129=B_SPLINE_CURVE_WITH_KNOTS('',3,(#9030,#9031,#9032,#9033,#9034,#9035,
#9036,#9037,#9038,#9039,#9040,#9041,#9042,#9043,#9044,#9045,#9046,#9047,
#9048,#9049,#9050,#9051,#9052,#9053,#9054,#9055,#9056,#9057,#9058,#9059,
#9060,#9061,#9062,#9063,#9064,#9065,#9066,#9067,#9068,#9069,#9070,#9071,
#9072,#9073,#9074,#9075,#9076,#9077,#9078,#9079,#9080,#9081,#9082,#9083,
#9084,#9085,#9086,#9087,#9088,#9089,#9090,#9091,#9092,#9093,#9094,#9095,
#9096,#9097,#9098,#9099,#9100,#9101,#9102,#9103,#9104,#9105,#9106,#9107,
#9108,#9109,#9110,#9111,#9112,#9113,#9114,#9115,#9116,#9117,#9118,#9119,
#9120,#9121,#9122,#9123,#9124,#9125,#9126),.UNSPECIFIED.,.F.,.F.,(4,3,3,
3,3,3,3,3,3,3,3,3,3,3,3,3,3,3,3,3,3,3,3,3,3,3,3,3,3,3,3,3,4),(0.,0.105589737737139,
0.210952399426611,0.316010684342513,0.392699081698724,0.499272841627926,
0.605913248114941,0.712683844383407,0.785398163397448,0.892101838286554,
0.998726505923701,1.10525544080703,1.17809724509617,1.28467541939676,1.39135082418042,
1.49820364292676,1.5707963267949,1.6776418149492,1.7843666332867,1.89092878768355,
1.96349540849362,2.07003563180762,2.17662997454209,2.28333648786855,2.35619449019234,
2.4629609980265,2.56963709402371,2.67619818874302,2.74889357189107,2.85397404695727,
2.95923727677266,3.06484211220746,3.14159265358979),.UNSPECIFIED.);
#130=B_SPLINE_CURVE_WITH_KNOTS('',3,(#9178,#9179,#9180,#9181,#9182,#9183,
#9184,#9185),.UNSPECIFIED.,.F.,.F.,(4,2,2,4),(3.0321087067656,3.12938399314697,
3.22665927952835,3.25442692367272),.UNSPECIFIED.);
#131=B_SPLINE_CURVE_WITH_KNOTS('',3,(#9187,#9188,#9189,#9190,#9191,#9192,
#9193,#9194,#9195,#9196,#9197,#9198),.UNSPECIFIED.,.F.,.F.,(4,2,2,2,2,4),
(2.526757255638,2.63071939220949,2.73468152878098,2.83755813400285,2.93483342038423,
3.0321087067656),.UNSPECIFIED.);
#132=B_SPLINE_CURVE_WITH_KNOTS('',3,(#9201,#9202,#9203,#9204,#9205,#9206,
#9207,#9208,#9209,#9210,#9211,#9212),.UNSPECIFIED.,.F.,.F.,(4,2,2,2,2,4),
(2.0214058045104,2.11868109089177,2.21595637727315,2.31883298249502,2.42279511906651,
2.526757255638),.UNSPECIFIED.);
#133=B_SPLINE_CURVE_WITH_KNOTS('',3,(#9213,#9214,#9215,#9216,#9217,#9218,
#9219,#9220),.UNSPECIFIED.,.F.,.F.,(4,2,2,4),(1.79908758760328,1.82685523174765,
1.92413051812903,2.0214058045104),.UNSPECIFIED.);
#134=B_SPLINE_CURVE_WITH_KNOTS('',3,(#9223,#9224,#9225,#9226,#9227,#9228),
 .UNSPECIFIED.,.F.,.F.,(4,2,4),(0.547736482893971,0.557168609644246,0.629737217860613),
 .UNSPECIFIED.);
#135=B_SPLINE_CURVE_WITH_KNOTS('',3,(#9230,#9231,#9232,#9233,#9234,#9235),
 .UNSPECIFIED.,.F.,.F.,(4,2,4),(0.996337798238418,1.06890640645478,1.07833853320506),
 .UNSPECIFIED.);
#136=B_SPLINE_CURVE_WITH_KNOTS('',3,(#9237,#9238,#9239,#9240),
 .UNSPECIFIED.,.F.,.F.,(4,4),(1.58640136508453,1.65242044620744),
 .UNSPECIFIED.);
#137=B_SPLINE_CURVE_WITH_KNOTS('',3,(#9242,#9243,#9244,#9245,#9246,#9247),
 .UNSPECIFIED.,.F.,.F.,(4,2,4),(-0.451792204267804,-0.404447611954534,-0.362240108449055),
 .UNSPECIFIED.);
#138=B_SPLINE_CURVE_WITH_KNOTS('',3,(#9251,#9252,#9253,#9254,#9255,#9256),
 .UNSPECIFIED.,.F.,.F.,(4,2,4),(-0.94419440674245,-0.901986903236971,-0.854642310923701),
 .UNSPECIFIED.);
#139=B_SPLINE_CURVE_WITH_KNOTS('',3,(#9257,#9258,#9259,#9260),
 .UNSPECIFIED.,.F.,.F.,(4,4),(2.94042973876416,3.00644881988707),
 .UNSPECIFIED.);
#140=B_SPLINE_CURVE_WITH_KNOTS('',3,(#9263,#9264,#9265,#9266,#9267,#9268),
 .UNSPECIFIED.,.F.,.F.,(4,2,4),(0.97993395589863,1.04225113848545,1.14689428667531),
 .UNSPECIFIED.);
#141=B_SPLINE_CURVE_WITH_KNOTS('',3,(#9272,#9273,#9274,#9275),
 .UNSPECIFIED.,.F.,.F.,(4,4),(1.58705658897283,1.6530772151287),
 .UNSPECIFIED.);
#142=B_SPLINE_CURVE_WITH_KNOTS('',3,(#9277,#9278,#9279,#9280,#9281,#9282),
 .UNSPECIFIED.,.F.,.F.,(4,2,4),(0.445526227659617,0.550169375849475,0.612486558436293),
 .UNSPECIFIED.);
#143=B_SPLINE_CURVE_WITH_KNOTS('',3,(#9289,#9290,#9291,#9292,#9293,#9294,
#9295,#9296,#9297,#9298,#9299,#9300,#9301,#9302,#9303,#9304),
 .UNSPECIFIED.,.F.,.F.,(4,2,2,2,2,2,2,4),(0.568899190676003,0.687268993828805,
0.805638796981606,0.920038048327402,1.0289182148397,1.13779838135201,1.24667854786431,
1.30829536355589),.UNSPECIFIED.);
#144=B_SPLINE_CURVE_WITH_KNOTS('',3,(#9306,#9307,#9308,#9309,#9310,#9311,
#9312,#9313,#9314,#9315,#9316,#9317,#9318,#9319,#9320,#9321,#9322,#9323,
#9324,#9325,#9326,#9327,#9328,#9329,#9330,#9331,#9332,#9333,#9334,#9335,
#9336),.UNSPECIFIED.,.F.,.F.,(4,2,3,2,2,2,2,2,2,2,2,2,2,2,4),(-0.170496982203887,
-0.108880166512302,0.,0.108880166512302,0.217760333024604,0.332159584370399,
0.450529387523201,0.568899190676003,0.687268993828805,0.805638796981607,
0.920038048327402,1.0289182148397,1.13779838135201,1.24667854786431,1.30829536355589),
 .UNSPECIFIED.);
#145=B_SPLINE_CURVE_WITH_KNOTS('',3,(#9339,#9340,#9341,#9342,#9343,#9344,
#9345,#9346,#9347,#9348,#9349,#9350,#9351,#9352,#9353,#9354,#9355),
 .UNSPECIFIED.,.F.,.F.,(4,2,3,2,2,2,2,4),(-0.170496982203887,-0.108880166512302,
0.,0.108880166512302,0.217760333024604,0.332159584370399,0.450529387523201,
0.568899190676003),.UNSPECIFIED.);
#146=B_SPLINE_CURVE_WITH_KNOTS('',3,(#9405,#9406,#9407,#9408,#9409,#9410),
 .UNSPECIFIED.,.F.,.F.,(4,2,4),(0.445526227659617,0.550169375849475,0.612486558436293),
 .UNSPECIFIED.);
#147=B_SPLINE_CURVE_WITH_KNOTS('',3,(#9412,#9413,#9414,#9415,#9416,#9417),
 .UNSPECIFIED.,.F.,.F.,(4,2,4),(0.979933955898618,1.04225113848545,1.14689428667531),
 .UNSPECIFIED.);
#148=B_SPLINE_CURVE_WITH_KNOTS('',3,(#9419,#9420,#9421,#9422),
 .UNSPECIFIED.,.F.,.F.,(4,4),(2.94110669037207,3.00712731652779),
 .UNSPECIFIED.);
#149=B_SPLINE_CURVE_WITH_KNOTS('',3,(#9426,#9427,#9428,#9429,#9430,#9431),
 .UNSPECIFIED.,.F.,.F.,(4,2,4),(-0.944194406742507,-0.901986903236971,-0.854642310923477),
 .UNSPECIFIED.);
#150=B_SPLINE_CURVE_WITH_KNOTS('',3,(#9442,#9443,#9444,#9445,#9446,#9447),
 .UNSPECIFIED.,.F.,.F.,(4,2,4),(-0.451792204267804,-0.404447611954534,-0.362240108448997),
 .UNSPECIFIED.);
#151=B_SPLINE_CURVE_WITH_KNOTS('',3,(#9450,#9451,#9452,#9453,#9454,#9455),
 .UNSPECIFIED.,.F.,.F.,(4,2,4),(0.547736482893971,0.557168609644246,0.629737217860625),
 .UNSPECIFIED.);
#152=B_SPLINE_CURVE_WITH_KNOTS('',3,(#9458,#9459,#9460,#9461,#9462,#9463),
 .UNSPECIFIED.,.F.,.F.,(4,2,4),(0.996337798238417,1.06890640645478,1.07833853320506),
 .UNSPECIFIED.);
#153=B_SPLINE_CURVE_WITH_KNOTS('',3,(#9470,#9471,#9472,#9473,#9474,#9475,
#9476,#9477,#9478,#9479,#9480,#9481),.UNSPECIFIED.,.F.,.F.,(4,2,2,2,2,4),
(-1.55730971469263,-1.48648135660553,-1.41565299851843,-1.32129136800426,
-1.22692973749009,-1.03820647646175),.UNSPECIFIED.);
#154=B_SPLINE_CURVE_WITH_KNOTS('',3,(#9483,#9484,#9485,#9486,#9487,#9488,
#9489,#9490,#9491,#9492,#9493,#9494),.UNSPECIFIED.,.F.,.F.,(4,2,2,2,2,4),
(-1.03820647646175,-0.849483215433413,-0.755121584919243,-0.660759954405074,
-0.589931596317975,-0.519103238230875),.UNSPECIFIED.);
#155=B_SPLINE_CURVE_WITH_KNOTS('',3,(#9498,#9499,#9500,#9501,#9502,#9503,
#9504,#9505),.UNSPECIFIED.,.F.,.F.,(4,2,2,4),(-0.519103238230875,-0.448274880143776,
-0.377446522056676,-0.294970877079972),.UNSPECIFIED.);
#156=B_SPLINE_CURVE_WITH_KNOTS('',3,(#9506,#9507,#9508,#9509,#9510,#9511,
#9512,#9513),.UNSPECIFIED.,.F.,.F.,(4,2,2,4),(-1.78144207584353,-1.69896643086683,
-1.62813807277973,-1.55730971469263),.UNSPECIFIED.);
#157=B_SPLINE_CURVE_WITH_KNOTS('',3,(#9627,#9628,#9629,#9630,#9631,#9632,
#9633,#9634,#9635,#9636,#9637,#9638,#9639,#9640,#9641,#9642,#9643,#9644,
#9645,#9646,#9647,#9648,#9649,#9650,#9651,#9652,#9653,#9654,#9655,#9656,
#9657,#9658,#9659,#9660,#9661,#9662,#9663,#9664,#9665,#9666,#9667,#9668,
#9669,#9670,#9671,#9672,#9673,#9674,#9675,#9676,#9677,#9678,#9679,#9680,
#9681,#9682,#9683,#9684,#9685,#9686,#9687,#9688,#9689,#9690,#9691,#9692,
#9693,#9694,#9695,#9696,#9697,#9698,#9699,#9700,#9701,#9702,#9703,#9704,
#9705,#9706,#9707,#9708,#9709,#9710,#9711,#9712,#9713,#9714,#9715,#9716,
#9717,#9718,#9719,#9720,#9721,#9722,#9723),.UNSPECIFIED.,.F.,.F.,(4,3,3,
3,3,3,3,3,3,3,3,3,3,3,3,3,3,3,3,3,3,3,3,3,3,3,3,3,3,3,3,3,4),(0.,0.098174770424681,
0.194838451737349,0.293768766718037,0.392699081698724,0.490873852123405,
0.588690470160886,0.687044316779167,0.785398163397448,0.883572933822129,
0.981385711147938,1.07974147812205,1.17809724509617,1.27627201552085,1.37411852765231,
1.4724574272236,1.5707963267949,1.66897109721958,1.76687896243728,1.86518718546545,
1.96349540849362,2.0616701789183,2.1594454426641,2.25781996642822,2.35619449019234,
2.45436926061703,2.55223011580448,2.65056184384777,2.74889357189107,2.84706834231575,
2.94361518884322,3.04260392121651,3.14159265358979),.UNSPECIFIED.);
#158=B_SPLINE_CURVE_WITH_KNOTS('',3,(#9775,#9776,#9777,#9778,#9779,#9780),
 .UNSPECIFIED.,.F.,.F.,(4,2,4),(3.09551939015203,3.18960040880709,3.21489428778173),
 .UNSPECIFIED.);
#159=B_SPLINE_CURVE_WITH_KNOTS('',3,(#9782,#9783,#9784,#9785,#9786,#9787,
#9788,#9789,#9790,#9791,#9792,#9793),.UNSPECIFIED.,.F.,.F.,(4,2,2,2,2,4),
(2.57959949179336,2.69044694913317,2.80129440647299,2.90735735284193,3.00143837149698,
3.09551939015203),.UNSPECIFIED.);
#160=B_SPLINE_CURVE_WITH_KNOTS('',3,(#9796,#9797,#9798,#9799,#9800,#9801,
#9802,#9803,#9804,#9805,#9806,#9807),.UNSPECIFIED.,.F.,.F.,(4,2,2,2,2,4),
(2.06367959343469,2.15776061208974,2.25184163074479,2.35790457711373,2.46875203445355,
2.57959949179336),.UNSPECIFIED.);
#161=B_SPLINE_CURVE_WITH_KNOTS('',3,(#9808,#9809,#9810,#9811,#9812,#9813),
 .UNSPECIFIED.,.F.,.F.,(4,2,4),(1.94430469580496,1.96959857477963,2.06367959343469),
 .UNSPECIFIED.);
#162=B_SPLINE_CURVE_WITH_KNOTS('',3,(#9816,#9817,#9818,#9819,#9820,#9821,
#9822,#9823),.UNSPECIFIED.,.F.,.F.,(4,2,2,4),(0.780919085205689,0.908647188488127,
1.03637529177057,1.12833156860949),.UNSPECIFIED.);
#163=B_SPLINE_CURVE_WITH_KNOTS('',3,(#9827,#9828,#9829,#9830,#9831,#9832,
#9833,#9834),.UNSPECIFIED.,.F.,.F.,(4,2,2,4),(0.433506601801882,0.525462878640812,
0.653190981923251,0.780919085205689),.UNSPECIFIED.);
#164=B_SPLINE_CURVE_WITH_KNOTS('',3,(#9844,#9845,#9846,#9847,#9848,#9849,
#9850,#9851,#9852,#9853,#9854,#9855,#9856,#9857,#9858,#9859),
 .UNSPECIFIED.,.F.,.F.,(4,2,2,2,2,2,2,4),(-1.67857721207947,-1.65657040393731,
-1.58937140771814,-1.52217241149897,-1.4549734152798,-1.35612529607954,
-1.25727717687928,-1.05958093847876),.UNSPECIFIED.);
#165=B_SPLINE_CURVE_WITH_KNOTS('',3,(#9861,#9862,#9863,#9864,#9865,#9866,
#9867,#9868,#9869,#9870,#9871,#9872,#9873,#9874,#9875,#9876),
 .UNSPECIFIED.,.F.,.F.,(4,2,2,2,2,2,2,4),(-1.05958093847876,-0.861884700078239,
-0.763036580877979,-0.664188461677719,-0.596989465458549,-0.52979046923938,
-0.46259147302021,-0.440584664878045),.UNSPECIFIED.);
#166=B_SPLINE_CURVE_WITH_KNOTS('',3,(#9877,#9878,#9879,#9880,#9881,#9882,
#9883,#9884,#9885,#9886,#9887),.UNSPECIFIED.,.F.,.F.,(4,2,3,2,4),(-0.383073257031474,
-0.203234790014096,0.,0.203234790014096,0.383073257031474),
 .UNSPECIFIED.);
#167=B_SPLINE_CURVE_WITH_KNOTS('',3,(#9898,#9899,#9900,#9901,#9902,#9903,
#9904,#9905,#9906,#9907,#9908,#9909,#9910,#9911,#9912,#9913,#9914,#9915,
#9916,#9917,#9918,#9919,#9920,#9921,#9922,#9923,#9924),.UNSPECIFIED.,.F.,
 .F.,(4,3,2,2,2,2,2,2,2,2,2,2,4),(-0.0912186510633416,0.,0.0940810186550529,
0.188162037310106,0.294224983679045,0.405072441018858,0.515919898358671,
0.626767355698484,0.737614813038297,0.843677759407236,0.937758778062289,
1.03183979671734,1.12305844778091),.UNSPECIFIED.);
#168=B_SPLINE_CURVE_WITH_KNOTS('',3,(#9976,#9977,#9978,#9979,#9980,#9981,
#9982,#9983),.UNSPECIFIED.,.F.,.F.,(4,2,2,4),(0.75028513122486,0.872836255518022,
0.995387379811184,1.11093481033012),.UNSPECIFIED.);
#169=B_SPLINE_CURVE_WITH_KNOTS('',3,(#9987,#9988,#9989,#9990,#9991,#9992,
#9993,#9994),.UNSPECIFIED.,.F.,.F.,(4,2,2,4),(0.389635452119602,0.505182882638535,
0.627734006931697,0.75028513122486),.UNSPECIFIED.);
#170=B_SPLINE_CURVE_WITH_KNOTS('',3,(#10015,#10016,#10017,#10018,#10019,
#10020,#10021,#10022),.UNSPECIFIED.,.F.,.F.,(4,2,2,4),(0.780919085205689,
0.908647188488127,1.03637529177056,1.12833156860949),.UNSPECIFIED.);
#171=B_SPLINE_CURVE_WITH_KNOTS('',3,(#10024,#10025,#10026,#10027,#10028,
#10029,#10030,#10031),.UNSPECIFIED.,.F.,.F.,(4,2,2,4),(0.433506601801883,
0.525462878640812,0.65319098192325,0.780919085205689),.UNSPECIFIED.);
#172=B_SPLINE_CURVE_WITH_KNOTS('',3,(#10038,#10039,#10040,#10041,#10042,
#10043,#10044,#10045,#10046,#10047,#10048,#10049),.UNSPECIFIED.,.F.,.F.,
(4,2,2,2,2,4),(1.03183979671734,1.1259208153724,1.22000183402745,1.32606478039639,
1.4369122377362,1.54775969507602),.UNSPECIFIED.);
#173=B_SPLINE_CURVE_WITH_KNOTS('',3,(#10050,#10051,#10052,#10053,#10054,
#10055),.UNSPECIFIED.,.F.,.F.,(4,2,4),(0.912464899087642,0.937758778062291,
1.03183979671734),.UNSPECIFIED.);
#174=B_SPLINE_CURVE_WITH_KNOTS('',3,(#10057,#10058,#10059,#10060,#10061,
#10062),.UNSPECIFIED.,.F.,.F.,(4,2,4),(2.06367959343469,2.15776061208974,
2.18305449106439),.UNSPECIFIED.);
#175=B_SPLINE_CURVE_WITH_KNOTS('',3,(#10063,#10064,#10065,#10066,#10067,
#10068,#10069,#10070,#10071,#10072,#10073,#10074),.UNSPECIFIED.,.F.,.F.,
(4,2,2,2,2,4),(1.54775969507602,1.65860715241583,1.76945460975564,1.87551755612458,
1.96959857477963,2.06367959343469),.UNSPECIFIED.);
#176=B_SPLINE_CURVE_WITH_KNOTS('',3,(#10201,#10202,#10203,#10204,#10205,
#10206,#10207,#10208,#10209,#10210,#10211,#10212,#10213,#10214,#10215,#10216,
#10217,#10218,#10219,#10220,#10221,#10222,#10223,#10224,#10225,#10226,#10227,
#10228,#10229,#10230,#10231,#10232,#10233,#10234,#10235,#10236,#10237,#10238,
#10239,#10240,#10241,#10242,#10243,#10244,#10245,#10246,#10247,#10248,#10249,
#10250,#10251,#10252,#10253,#10254,#10255,#10256,#10257,#10258,#10259,#10260,
#10261,#10262,#10263,#10264,#10265,#10266,#10267,#10268,#10269,#10270,#10271,
#10272,#10273,#10274,#10275,#10276,#10277,#10278,#10279,#10280,#10281,#10282,
#10283,#10284,#10285,#10286,#10287,#10288,#10289,#10290,#10291,#10292,#10293,
#10294,#10295,#10296,#10297,#10298,#10299,#10300,#10301,#10302,#10303,#10304,
#10305,#10306,#10307,#10308,#10309,#10310,#10311,#10312,#10313,#10314,#10315,
#10316,#10317,#10318,#10319,#10320,#10321),.UNSPECIFIED.,.F.,.F.,(4,3,3,
3,3,3,3,3,3,3,3,3,3,3,3,3,3,3,3,3,3,3,3,3,3,3,3,3,3,3,3,3,3,3,3,3,3,3,3,
3,4),(0.,0.0909474862815403,0.181627716966807,0.272148502208565,0.362464440296535,
0.392699081698724,0.484336896321557,0.576081907042263,0.667878439625819,
0.759759375933824,0.785398163397448,0.877224769849956,0.968973734761598,
1.06066666029877,1.15229140731772,1.17809724509617,1.26972280054209,1.36149422998614,
1.45333976372406,1.545301610605,1.5707963267949,1.66276708059966,1.75460723889867,
1.84636003650475,1.93799907000889,1.96349540849362,2.05511093949753,2.14681779887852,
2.2385672593314,2.33038922598465,2.35619449019234,2.44808120662872,2.53987581797725,
2.6316055774653,2.72325384335197,2.74889357189107,2.83918330659734,2.9297287392773,
3.02041814383119,3.11134112964002,3.14159265358979),.UNSPECIFIED.);
#177=B_SPLINE_CURVE_WITH_KNOTS('',3,(#10373,#10374,#10375,#10376,#10377,
#10378,#10379,#10380),.UNSPECIFIED.,.F.,.F.,(4,2,2,4),(3.2411465564635,
3.33953699963904,3.43792744281457,3.53599906422577),.UNSPECIFIED.);
#178=B_SPLINE_CURVE_WITH_KNOTS('',3,(#10382,#10383,#10384,#10385,#10386,
#10387,#10388,#10389,#10390,#10391,#10392,#10393),.UNSPECIFIED.,.F.,.F.,
(4,2,2,2,2,4),(2.70095546371958,2.81663190623127,2.93230834874296,3.04436567011243,
3.14275611328797,3.2411465564635),.UNSPECIFIED.);
#179=B_SPLINE_CURVE_WITH_KNOTS('',3,(#10396,#10397,#10398,#10399,#10400,
#10401,#10402,#10403,#10404,#10405,#10406,#10407),.UNSPECIFIED.,.F.,.F.,
(4,2,2,2,2,4),(2.16076437097567,2.2591548141512,2.35754525732674,2.46960257869621,
2.5852790212079,2.70095546371958),.UNSPECIFIED.);
#180=B_SPLINE_CURVE_WITH_KNOTS('',3,(#10408,#10409,#10410,#10411,#10412,
#10413,#10414,#10415),.UNSPECIFIED.,.F.,.F.,(4,2,2,4),(1.8659118632134,
1.9639834846246,2.06237392780013,2.16076437097567),.UNSPECIFIED.);
#181=B_SPLINE_CURVE_WITH_KNOTS('',3,(#10418,#10419,#10420,#10421,#10422,
#10423),.UNSPECIFIED.,.F.,.F.,(4,2,4),(1.00587849666435,1.17365534913052,
1.24085051449419),.UNSPECIFIED.);
#182=B_SPLINE_CURVE_WITH_KNOTS('',3,(#10425,#10426,#10427,#10428,#10429,
#10430),.UNSPECIFIED.,.F.,.F.,(4,2,4),(0.770906478834519,0.838101644198184,
1.00587849666435),.UNSPECIFIED.);
#183=B_SPLINE_CURVE_WITH_KNOTS('',3,(#10440,#10441,#10442,#10443,#10444,
#10445,#10446,#10447,#10448,#10449,#10450,#10451,#10452,#10453,#10454,#10455),
 .UNSPECIFIED.,.F.,.F.,(4,2,2,2,2,2,2,4),(-1.78939362825131,-1.73077044046471,
-1.66124179770693,-1.59171315494915,-1.52218451219137,-1.41851201709468,
-1.31483952199799,-1.10749453180462),.UNSPECIFIED.);
#184=B_SPLINE_CURVE_WITH_KNOTS('',3,(#10457,#10458,#10459,#10460,#10461,
#10462,#10463,#10464,#10465,#10466,#10467,#10468,#10469,#10470,#10471,#10472),
 .UNSPECIFIED.,.F.,.F.,(4,2,2,2,2,2,2,4),(-1.10749453180462,-0.900149541611246,
-0.796477046514559,-0.692804551417872,-0.623275908660091,-0.55374726590231,
-0.484218623144529,-0.425595435357879),.UNSPECIFIED.);
#185=B_SPLINE_CURVE_WITH_KNOTS('',3,(#10473,#10474,#10475,#10476,#10477,
#10478,#10479,#10480,#10481,#10482,#10483),.UNSPECIFIED.,.F.,.F.,(4,2,3,
2,4),(-0.382747473907355,-0.239554413252287,0.,0.239554413252288,0.382747473907352),
 .UNSPECIFIED.);
#186=B_SPLINE_CURVE_WITH_KNOTS('',3,(#10494,#10495,#10496,#10497,#10498,
#10499,#10500,#10501,#10502,#10503,#10504,#10505,#10506,#10507,#10508,#10509,
#10510,#10511,#10512,#10513,#10514,#10515,#10516,#10517,#10518,#10519,#10520,
#10521,#10522,#10523,#10524),.UNSPECIFIED.,.F.,.F.,(4,2,3,2,2,2,2,2,2,2,
2,2,2,2,4),(-0.130221217383035,-0.0983904431755342,0.,0.0983904431755342,
0.196780886351068,0.308838207720544,0.42451465023223,0.540191092743916,
0.655867535255602,0.771543977767289,0.883601299136764,0.981991742312298,
1.08038218548783,1.17877262866337,1.21060340287087),.UNSPECIFIED.);
#187=B_SPLINE_CURVE_WITH_KNOTS('',3,(#10576,#10577,#10578,#10579,#10580,
#10581,#10582,#10583),.UNSPECIFIED.,.F.,.F.,(4,2,2,4),(0.882147357637075,
1.02853045532838,1.17491355301969,1.24501965496674),.UNSPECIFIED.);
#188=B_SPLINE_CURVE_WITH_KNOTS('',3,(#10587,#10588,#10589,#10590,#10591,
#10592,#10593,#10594),.UNSPECIFIED.,.F.,.F.,(4,2,2,4),(0.519275060307414,
0.589381162254458,0.735764259945766,0.882147357637075),.UNSPECIFIED.);
#189=B_SPLINE_CURVE_WITH_KNOTS('',3,(#10605,#10606,#10607,#10608,#10609,
#10610),.UNSPECIFIED.,.F.,.F.,(4,2,4),(1.00587849666435,1.17365534913052,
1.24085051449419),.UNSPECIFIED.);
#190=B_SPLINE_CURVE_WITH_KNOTS('',3,(#10612,#10613,#10614,#10615,#10616,
#10617),.UNSPECIFIED.,.F.,.F.,(4,2,4),(0.770906478834519,0.838101644198185,
1.00587849666435),.UNSPECIFIED.);
#191=B_SPLINE_CURVE_WITH_KNOTS('',3,(#10624,#10625,#10626,#10627,#10628,
#10629,#10630,#10631,#10632,#10633,#10634,#10635),.UNSPECIFIED.,.F.,.F.,
(4,2,2,2,2,4),(1.08038218548783,1.17877262866337,1.2771630718389,1.38922039320838,
1.50489683572006,1.62057327823175),.UNSPECIFIED.);
#192=B_SPLINE_CURVE_WITH_KNOTS('',3,(#10636,#10637,#10638,#10639,#10640,
#10641,#10642,#10643),.UNSPECIFIED.,.F.,.F.,(4,2,2,4),(0.785529677725562,
0.883601299136765,0.981991742312299,1.08038218548783),.UNSPECIFIED.);
#193=B_SPLINE_CURVE_WITH_KNOTS('',3,(#10645,#10646,#10647,#10648,#10649,
#10650,#10651,#10652),.UNSPECIFIED.,.F.,.F.,(4,2,2,4),(2.16076437097567,
2.2591548141512,2.35754525732674,2.45561687873794),.UNSPECIFIED.);
#194=B_SPLINE_CURVE_WITH_KNOTS('',3,(#10653,#10654,#10655,#10656,#10657,
#10658,#10659,#10660,#10661,#10662,#10663,#10664),.UNSPECIFIED.,.F.,.F.,
(4,2,2,2,2,4),(1.62057327823175,1.73624972074344,1.85192616325512,1.9639834846246,
2.06237392780013,2.16076437097567),.UNSPECIFIED.);
#195=B_SPLINE_CURVE_WITH_KNOTS('',3,(#10771,#10772,#10773,#10774,#10775,
#10776,#10777,#10778,#10779,#10780,#10781,#10782,#10783,#10784,#10785,#10786,
#10787,#10788,#10789,#10790,#10791,#10792,#10793,#10794,#10795,#10796,#10797,
#10798,#10799,#10800,#10801,#10802,#10803,#10804,#10805,#10806,#10807,#10808,
#10809,#10810,#10811,#10812,#10813,#10814,#10815,#10816,#10817,#10818,#10819,
#10820,#10821,#10822,#10823,#10824,#10825,#10826,#10827,#10828,#10829,#10830,
#10831,#10832,#10833,#10834,#10835,#10836,#10837,#10838,#10839,#10840,#10841,
#10842,#10843,#10844,#10845,#10846,#10847,#10848,#10849,#10850,#10851,#10852,
#10853,#10854,#10855,#10856,#10857,#10858,#10859,#10860,#10861,#10862,#10863,
#10864,#10865,#10866,#10867,#10868,#10869,#10870,#10871,#10872,#10873,#10874,
#10875,#10876,#10877,#10878,#10879,#10880,#10881,#10882,#10883,#10884,#10885,
#10886,#10887,#10888,#10889,#10890,#10891),.UNSPECIFIED.,.F.,.F.,(4,3,3,
3,3,3,3,3,3,3,3,3,3,3,3,3,3,3,3,3,3,3,3,3,3,3,3,3,3,3,3,3,3,3,3,3,3,3,3,
3,4),(0.,0.0864309073077127,0.172615606062379,0.258655678257837,0.344501813834312,
0.392699081698724,0.479786036889948,0.566972493572989,0.654205325062376,
0.741519686631478,0.785398163397448,0.872664534599323,0.959859832877601,
1.04700433941437,1.13408533984405,1.17809724509617,1.26517255031626,1.35238304796391,
1.43966032152774,1.5270494484648,1.5707963267949,1.65819968701158,1.7454831175081,
1.83268750364156,1.91978509184782,1.96349540849362,2.05056118648412,2.13771181657962,
2.2249007382905,2.31215985158233,2.35619449019234,2.44351798641915,2.53075707073424,
2.61793743134199,2.70504166320527,2.74889357189107,2.83469939455344,2.92074166974035,
3.0069133421391,3.09330769598347,3.14159265358979),.UNSPECIFIED.);
#196=B_SPLINE_CURVE_WITH_KNOTS('',3,(#10943,#10944,#10945,#10946,#10947,
#10948,#10949,#10950,#10951,#10952,#10953,#10954),.UNSPECIFIED.,.F.,.F.,
(4,2,2,2,2,4),(3.55904909823457,3.61013133252373,3.66121356681289,3.76337803539121,
3.88676372863739,3.93471493523774),.UNSPECIFIED.);
#197=B_SPLINE_CURVE_WITH_KNOTS('',3,(#10956,#10957,#10958,#10959,#10960,
#10961,#10962,#10963,#10964,#10965,#10966,#10967,#10968,#10969),
 .UNSPECIFIED.,.F.,.F.,(4,2,2,2,2,2,4),(2.96587424852881,3.09860435818029,
3.23133446783176,3.35472016107794,3.45688462965626,3.50796686394542,3.55904909823457),
 .UNSPECIFIED.);
#198=B_SPLINE_CURVE_WITH_KNOTS('',3,(#10972,#10973,#10974,#10975,#10976,
#10977,#10978,#10979,#10980,#10981,#10982,#10983,#10984,#10985),
 .UNSPECIFIED.,.F.,.F.,(4,2,2,2,2,2,4),(2.37269939882305,2.42378163311221,
2.47486386740136,2.57702833597968,2.70041402922586,2.83314413887734,2.96587424852881),
 .UNSPECIFIED.);
#199=B_SPLINE_CURVE_WITH_KNOTS('',3,(#10986,#10987,#10988,#10989,#10990,
#10991,#10992,#10993,#10994,#10995,#10996,#10997),.UNSPECIFIED.,.F.,.F.,
(4,2,2,2,2,4),(1.99703356181988,2.04498476842024,2.16837046166642,2.27053493024474,
2.32161716453389,2.37269939882305),.UNSPECIFIED.);
#200=B_SPLINE_CURVE_WITH_KNOTS('',3,(#11000,#11001,#11002,#11003,#11004,
#11005),.UNSPECIFIED.,.F.,.F.,(4,2,4),(1.11599048500222,1.30949485650602,
1.33027018842369),.UNSPECIFIED.);
#201=B_SPLINE_CURVE_WITH_KNOTS('',3,(#11009,#11010,#11011,#11012,#11013,
#11014),.UNSPECIFIED.,.F.,.F.,(4,2,4),(-0.933331655107871,-0.820702420560876,
-0.711895408403035),.UNSPECIFIED.);
#202=B_SPLINE_CURVE_WITH_KNOTS('',3,(#11017,#11018,#11019,#11020,#11021,
#11022),.UNSPECIFIED.,.F.,.F.,(4,2,4),(-1.15476790181271,-1.04596088965486,
-0.933331655107871),.UNSPECIFIED.);
#203=B_SPLINE_CURVE_WITH_KNOTS('',3,(#11023,#11024,#11025,#11026,#11027,
#11028),.UNSPECIFIED.,.F.,.F.,(4,2,4),(0.901710781580744,0.92248611349841,
1.11599048500222),.UNSPECIFIED.);
#204=B_SPLINE_CURVE_WITH_KNOTS('',3,(#11038,#11039,#11040,#11041,#11042,
#11043,#11044,#11045,#11046,#11047,#11048,#11049,#11050,#11051,#11052,#11053),
 .UNSPECIFIED.,.F.,.F.,(4,2,2,2,2,2,2,4),(-1.96104099861198,-1.89715834573148,
-1.82579754807528,-1.75443675041908,-1.68307595276288,-1.56660655591804,
-1.4501371590732,-1.21719836538352),.UNSPECIFIED.);
#205=B_SPLINE_CURVE_WITH_KNOTS('',3,(#11055,#11056,#11057,#11058,#11059,
#11060,#11061,#11062,#11063,#11064,#11065,#11066,#11067,#11068,#11069,#11070),
 .UNSPECIFIED.,.F.,.F.,(4,2,2,2,2,2,2,4),(-1.21719836538352,-0.984259571693837,
-0.867790174848996,-0.751320778004156,-0.679959980347957,-0.608599182691759,
-0.537238385035561,-0.473355732155508),.UNSPECIFIED.);
#206=B_SPLINE_CURVE_WITH_KNOTS('',3,(#11071,#11072,#11073,#11074,#11075,
#11076,#11077,#11078,#11079,#11080,#11081),.UNSPECIFIED.,.F.,.F.,(4,2,3,
2,4),(-0.432812763949779,-0.263786242539749,0.,0.263786242539749,0.432812763949779),
 .UNSPECIFIED.);
#207=B_SPLINE_CURVE_WITH_KNOTS('',3,(#11092,#11093,#11094,#11095,#11096,
#11097,#11098,#11099,#11100,#11101,#11102,#11103,#11104,#11105,#11106,#11107,
#11108,#11109,#11110,#11111,#11112,#11113,#11114,#11115,#11116,#11117,#11118,
#11119,#11120,#11121,#11122,#11123,#11124,#11125,#11126,#11127,#11128,#11129,
#11130),.UNSPECIFIED.,.F.,.F.,(4,2,2,3,2,2,2,2,2,2,2,2,2,2,2,2,2,2,4),(-0.137580773504777,
-0.102164468578315,-0.0510822342891577,0.,0.0510822342891579,0.102164468578315,
0.204328937156631,0.327714630402812,0.460444740054287,0.593174849705762,
0.725904959357237,0.858635069008712,0.982020762254893,1.08418523083321,
1.13526746512237,1.18634969941152,1.23743193370068,1.28851416798984,1.3239304729163),
 .UNSPECIFIED.);
#208=B_SPLINE_CURVE_WITH_KNOTS('',3,(#11182,#11183,#11184,#11185,#11186,
#11187,#11188,#11189),.UNSPECIFIED.,.F.,.F.,(4,2,2,4),(0.961898725136739,
1.12792979155327,1.2939608579698,1.37189809429891),.UNSPECIFIED.);
#209=B_SPLINE_CURVE_WITH_KNOTS('',3,(#11193,#11194,#11195,#11196,#11197,
#11198,#11199,#11200),.UNSPECIFIED.,.F.,.F.,(4,2,2,4),(0.551899355974563,
0.629836592303675,0.795867658720207,0.961898725136739),.UNSPECIFIED.);
#210=B_SPLINE_CURVE_WITH_KNOTS('',3,(#11205,#11206,#11207,#11208,#11209,
#11210),.UNSPECIFIED.,.F.,.F.,(4,2,4),(-1.15476790181271,-1.04596088965486,
-0.93333165510787),.UNSPECIFIED.);
#211=B_SPLINE_CURVE_WITH_KNOTS('',3,(#11218,#11219,#11220,#11221,#11222,
#11223),.UNSPECIFIED.,.F.,.F.,(4,2,4),(-0.93333165510787,-0.820702420560876,
-0.711895408403036),.UNSPECIFIED.);
#212=B_SPLINE_CURVE_WITH_KNOTS('',3,(#11231,#11232,#11233,#11234,#11235,
#11236),.UNSPECIFIED.,.F.,.F.,(4,2,4),(1.11599048500221,1.30949485650602,
1.33027018842369),.UNSPECIFIED.);
#213=B_SPLINE_CURVE_WITH_KNOTS('',3,(#11238,#11239,#11240,#11241,#11242,
#11243),.UNSPECIFIED.,.F.,.F.,(4,2,4),(0.901710781580739,0.922486113498407,
1.11599048500221),.UNSPECIFIED.);
#214=B_SPLINE_CURVE_WITH_KNOTS('',3,(#11250,#11251,#11252,#11253,#11254,
#11255,#11256,#11257,#11258,#11259,#11260,#11261,#11262,#11263),
 .UNSPECIFIED.,.F.,.F.,(4,2,2,2,2,2,4),(1.18634969941152,1.23743193370068,
1.28851416798984,1.39067863656816,1.51406432981434,1.64679443946581,1.77952454911729),
 .UNSPECIFIED.);
#215=B_SPLINE_CURVE_WITH_KNOTS('',3,(#11264,#11265,#11266,#11267,#11268,
#11269,#11270,#11271,#11272,#11273,#11274,#11275),.UNSPECIFIED.,.F.,.F.,
(4,2,2,2,2,4),(0.810683862408362,0.858635069008712,0.982020762254894,1.08418523083321,
1.13526746512237,1.18634969941152),.UNSPECIFIED.);
#216=B_SPLINE_CURVE_WITH_KNOTS('',3,(#11277,#11278,#11279,#11280,#11281,
#11282,#11283,#11284,#11285,#11286,#11287,#11288),.UNSPECIFIED.,.F.,.F.,
(4,2,2,2,2,4),(2.37269939882305,2.42378163311221,2.47486386740137,2.57702833597968,
2.70041402922586,2.74836523582621),.UNSPECIFIED.);
#217=B_SPLINE_CURVE_WITH_KNOTS('',3,(#11289,#11290,#11291,#11292,#11293,
#11294,#11295,#11296,#11297,#11298,#11299,#11300,#11301,#11302),
 .UNSPECIFIED.,.F.,.F.,(4,2,2,2,2,2,4),(1.77952454911729,1.91225465876876,
2.04498476842024,2.16837046166642,2.27053493024473,2.32161716453389,2.37269939882305),
 .UNSPECIFIED.);
#218=B_SPLINE_CURVE_WITH_KNOTS('',3,(#11409,#11410,#11411,#11412,#11413,
#11414,#11415,#11416,#11417,#11418,#11419,#11420,#11421,#11422,#11423,#11424,
#11425,#11426,#11427,#11428,#11429,#11430,#11431,#11432,#11433,#11434,#11435,
#11436,#11437,#11438,#11439,#11440,#11441,#11442,#11443,#11444,#11445,#11446,
#11447,#11448,#11449,#11450,#11451,#11452,#11453,#11454,#11455,#11456,#11457,
#11458,#11459,#11460,#11461,#11462,#11463,#11464,#11465,#11466,#11467,#11468,
#11469,#11470,#11471,#11472,#11473,#11474,#11475,#11476,#11477,#11478,#11479,
#11480,#11481,#11482,#11483,#11484,#11485,#11486,#11487,#11488,#11489,#11490,
#11491,#11492,#11493,#11494,#11495,#11496,#11497,#11498,#11499,#11500,#11501,
#11502,#11503,#11504,#11505,#11506,#11507,#11508,#11509,#11510,#11511,#11512,
#11513,#11514,#11515,#11516,#11517,#11518,#11519,#11520,#11521,#11522,#11523,
#11524,#11525,#11526,#11527,#11528,#11529),.UNSPECIFIED.,.F.,.F.,(4,3,3,
3,3,3,3,3,3,3,3,3,3,3,3,3,3,3,3,3,3,3,3,3,3,3,3,3,3,3,3,3,3,3,3,3,3,3,3,
3,4),(0.,0.0828515640441104,0.165473037258877,0.247961160236961,0.330264082785605,
0.392699081698724,0.476179527415598,0.559753556479153,0.643370084475932,
0.727065888903379,0.785398163397449,0.869050594833816,0.952636961856628,
1.03617652587161,1.11965631517556,1.17809724509617,1.26156652375829,1.34516278838232,
1.4288203024268,1.51258615813441,1.5707963267949,1.65458007440644,1.73825203772363,
1.82185126261782,1.9053492348472,1.96349540849362,2.04695555376562,2.13049556731271,
2.21407063304385,2.29771408358998,2.35619449019234,2.43990168116342,2.52353032901574,
2.60710490490785,2.69060762861885,2.74889357189107,2.83114594016345,2.9136200099145,
2.99621252269337,3.07901917091294,3.14159265358979),.UNSPECIFIED.);
#219=B_SPLINE_CURVE_WITH_KNOTS('',3,(#11581,#11582,#11583,#11584,#11585,
#11586,#11587,#11588,#11589,#11590),.UNSPECIFIED.,.F.,.F.,(4,2,2,2,4),(3.76001677012893,
3.81121124632728,3.86240572252562,3.96479467492232,3.99252350129222),
 .UNSPECIFIED.);
#220=B_SPLINE_CURVE_WITH_KNOTS('',3,(#11592,#11593,#11594,#11595,#11596,
#11597,#11598,#11599,#11600,#11601,#11602,#11603,#11604,#11605),
 .UNSPECIFIED.,.F.,.F.,(4,2,2,2,2,2,4),(3.13334730844078,3.27886283319057,
3.42437835794035,3.55523886533555,3.65762781773224,3.70882229393059,3.76001677012893),
 .UNSPECIFIED.);
#221=B_SPLINE_CURVE_WITH_KNOTS('',3,(#11608,#11609,#11610,#11611,#11612,
#11613,#11614,#11615,#11616,#11617,#11618,#11619,#11620,#11621),
 .UNSPECIFIED.,.F.,.F.,(4,2,2,2,2,2,4),(2.50667784675262,2.55787232295097,
2.60906679914931,2.711455751546,2.8423162589412,2.98783178369099,3.13334730844078),
 .UNSPECIFIED.);
#222=B_SPLINE_CURVE_WITH_KNOTS('',3,(#11622,#11623,#11624,#11625,#11626,
#11627,#11628,#11629,#11630,#11631),.UNSPECIFIED.,.F.,.F.,(4,2,2,2,4),(2.27417111558933,
2.30189994195924,2.40428889435593,2.45548337055428,2.50667784675262),
 .UNSPECIFIED.);
#223=B_SPLINE_CURVE_WITH_KNOTS('',3,(#11634,#11635,#11636,#11637,#11638,
#11639),.UNSPECIFIED.,.F.,.F.,(4,2,4),(1.11021130963424,1.30902245873787,
1.48509422236116),.UNSPECIFIED.);
#224=B_SPLINE_CURVE_WITH_KNOTS('',3,(#11643,#11644,#11645,#11646,#11647,
#11648),.UNSPECIFIED.,.F.,.F.,(4,2,4),(0.735328396907313,0.911400160530603,
1.11021130963424),.UNSPECIFIED.);
#225=B_SPLINE_CURVE_WITH_KNOTS('',3,(#11658,#11659,#11660,#11661,#11662,
#11663,#11664,#11665,#11666,#11667,#11668,#11669,#11670,#11671),
 .UNSPECIFIED.,.F.,.F.,(4,2,2,2,2,2,4),(-1.99843783035914,-1.92934984439122,
-1.85881160528772,-1.78827336618422,-1.6627633320367,-1.53725329788918,
-1.28623322959415),.UNSPECIFIED.);
#226=B_SPLINE_CURVE_WITH_KNOTS('',3,(#11673,#11674,#11675,#11676,#11677,
#11678,#11679,#11680,#11681,#11682,#11683,#11684,#11685,#11686),
 .UNSPECIFIED.,.F.,.F.,(4,2,2,2,2,2,4),(-1.28623322959415,-1.03521316129911,
-0.909703127151593,-0.784193093004075,-0.713654853900574,-0.643116614797073,
-0.57402862882944),.UNSPECIFIED.);
#227=B_SPLINE_CURVE_WITH_KNOTS('',3,(#11687,#11688,#11689,#11690,#11691,
#11692,#11693,#11694,#11695,#11696,#11697,#11698,#11699,#11700,#11701),
 .UNSPECIFIED.,.F.,.F.,(4,2,2,3,2,2,4),(-0.484522081079111,-0.369740880578482,
-0.184870440289241,0.,0.184870440289241,0.369740880578482,0.484522081079111),
 .UNSPECIFIED.);
#228=B_SPLINE_CURVE_WITH_KNOTS('',3,(#11712,#11713,#11714,#11715,#11716,
#11717,#11718,#11719,#11720,#11721,#11722,#11723,#11724,#11725,#11726,#11727,
#11728,#11729,#11730,#11731,#11732,#11733,#11734,#11735,#11736,#11737,#11738,
#11739,#11740,#11741,#11742,#11743,#11744,#11745,#11746),.UNSPECIFIED.,
 .F.,.F.,(4,2,3,2,2,2,2,2,2,2,2,2,2,2,2,2,4),(-0.0709961041960009,-0.0511944761983459,
0.,0.0511944761983458,0.102388952396692,0.204777904793384,0.33563841218858,
0.481153936938368,0.626669461688156,0.772184986437944,0.917700511187731,
1.04856101858293,1.15094997097962,1.20214444717796,1.25333892337631,1.30453339957466,
1.32433502757231),.UNSPECIFIED.);
#229=B_SPLINE_CURVE_WITH_KNOTS('',3,(#11798,#11799,#11800,#11801,#11802,
#11803,#11804,#11805),.UNSPECIFIED.,.F.,.F.,(4,2,2,4),(0.942553270030579,
1.14191931439349,1.3412853587564,1.42239315849801),.UNSPECIFIED.);
#230=B_SPLINE_CURVE_WITH_KNOTS('',3,(#11809,#11810,#11811,#11812,#11813,
#11814,#11815,#11816),.UNSPECIFIED.,.F.,.F.,(4,2,2,4),(0.462713381563149,
0.543821181304758,0.743187225667668,0.942553270030579),.UNSPECIFIED.);
#231=B_SPLINE_CURVE_WITH_KNOTS('',3,(#11837,#11838,#11839,#11840,#11841,
#11842),.UNSPECIFIED.,.F.,.F.,(4,2,4),(1.11021130963424,1.30902245873787,
1.48509422236116),.UNSPECIFIED.);
#232=B_SPLINE_CURVE_WITH_KNOTS('',3,(#11844,#11845,#11846,#11847,#11848,
#11849),.UNSPECIFIED.,.F.,.F.,(4,2,4),(0.735328396907312,0.911400160530602,
1.11021130963424),.UNSPECIFIED.);
#233=B_SPLINE_CURVE_WITH_KNOTS('',3,(#11856,#11857,#11858,#11859,#11860,
#11861,#11862,#11863,#11864,#11865,#11866,#11867,#11868,#11869),
 .UNSPECIFIED.,.F.,.F.,(4,2,2,2,2,2,4),(1.25333892337631,1.30453339957466,
1.355727875773,1.45811682816969,1.58897733556489,1.73449286031468,1.88000838506447),
 .UNSPECIFIED.);
#234=B_SPLINE_CURVE_WITH_KNOTS('',3,(#11870,#11871,#11872,#11873,#11874,
#11875,#11876,#11877,#11878,#11879),.UNSPECIFIED.,.F.,.F.,(4,2,2,2,4),(1.02083219221302,
1.04856101858293,1.15094997097962,1.20214444717796,1.25333892337631),
 .UNSPECIFIED.);
#235=B_SPLINE_CURVE_WITH_KNOTS('',3,(#11881,#11882,#11883,#11884,#11885,
#11886,#11887,#11888,#11889,#11890),.UNSPECIFIED.,.F.,.F.,(4,2,2,2,4),(2.50667784675262,
2.55787232295097,2.60906679914931,2.711455751546,2.73918457791591),
 .UNSPECIFIED.);
#236=B_SPLINE_CURVE_WITH_KNOTS('',3,(#11891,#11892,#11893,#11894,#11895,
#11896,#11897,#11898,#11899,#11900,#11901,#11902,#11903,#11904),
 .UNSPECIFIED.,.F.,.F.,(4,2,2,2,2,2,4),(1.88000838506447,2.02552390981425,
2.17103943456404,2.30189994195924,2.40428889435593,2.45548337055428,2.50667784675262),
 .UNSPECIFIED.);
#237=B_SPLINE_CURVE_WITH_KNOTS('',3,(#12011,#12012,#12013,#12014,#12015,
#12016,#12017,#12018,#12019,#12020,#12021,#12022,#12023,#12024,#12025,#12026,
#12027,#12028,#12029,#12030,#12031,#12032,#12033,#12034,#12035,#12036,#12037,
#12038,#12039,#12040,#12041,#12042,#12043,#12044,#12045,#12046,#12047,#12048,
#12049,#12050,#12051,#12052,#12053,#12054,#12055,#12056,#12057,#12058,#12059,
#12060,#12061,#12062,#12063,#12064,#12065,#12066,#12067,#12068,#12069,#12070,
#12071,#12072,#12073,#12074,#12075,#12076,#12077,#12078,#12079,#12080,#12081,
#12082,#12083,#12084,#12085,#12086,#12087,#12088,#12089,#12090,#12091,#12092,
#12093,#12094,#12095,#12096,#12097,#12098,#12099,#12100,#12101,#12102,#12103,
#12104,#12105,#12106,#12107,#12108,#12109,#12110,#12111,#12112,#12113,#12114,
#12115,#12116,#12117,#12118,#12119,#12120,#12121,#12122,#12123,#12124,#12125,
#12126,#12127,#12128,#12129,#12130,#12131),.UNSPECIFIED.,.F.,.F.,(4,3,3,
3,3,3,3,3,3,3,3,3,3,3,3,3,3,3,3,3,3,3,3,3,3,3,3,3,3,3,3,3,3,3,3,3,3,3,3,
3,4),(0.,0.0773668265280488,0.156199890320718,0.233240998983843,0.312970040341283,
0.392699081698724,0.470653164256108,0.549339414041443,0.627415536112131,
0.70640684975479,0.785398163397449,0.863512845874578,0.942158945679976,
1.02017360940614,1.09913542725116,1.17809724509617,1.25604090094168,1.33472975740499,
1.41284196278428,1.49181914478959,1.5707963267949,1.64903363297846,1.72764907685725,
1.80572260039444,1.88460900444403,1.96349540849362,2.04143053389282,2.1201215229677,
2.19815979340026,2.2771771417963,2.35619449019235,2.43436030765742,2.51299362371584,
2.59104187978598,2.66996772583852,2.74889357189107,2.82570087481296,2.90467381950717,
2.98178643821733,3.06168954590356,3.14159265358979),.UNSPECIFIED.);
#238=B_SPLINE_CURVE_WITH_KNOTS('',3,(#12182,#12183,#12184,#12185,#12186,
#12187,#12188,#12189),.UNSPECIFIED.,.F.,.F.,(4,2,2,4),(3.59678637961018,
3.64522625398027,3.69366612835036,3.71306352438528),.UNSPECIFIED.);
#239=B_SPLINE_CURVE_WITH_KNOTS('',3,(#12191,#12192,#12193,#12194,#12195,
#12196,#12197,#12198,#12199,#12200,#12201,#12202,#12203,#12204),
 .UNSPECIFIED.,.F.,.F.,(4,2,2,2,2,2,4),(2.99732198300848,3.13670864522511,
3.27609530744174,3.40302688212982,3.49990663087,3.54834650524009,3.59678637961018),
 .UNSPECIFIED.);
#240=B_SPLINE_CURVE_WITH_KNOTS('',3,(#12207,#12208,#12209,#12210,#12211,
#12212,#12213,#12214,#12215,#12216,#12217,#12218,#12219,#12220),
 .UNSPECIFIED.,.F.,.F.,(4,2,2,2,2,2,4),(2.39785758640679,2.44629746077688,
2.49473733514697,2.59161708388715,2.71854865857523,2.85793532079186,2.99732198300848),
 .UNSPECIFIED.);
#241=B_SPLINE_CURVE_WITH_KNOTS('',3,(#12221,#12222,#12223,#12224,#12225,
#12226,#12227,#12228),.UNSPECIFIED.,.F.,.F.,(4,2,2,4),(2.28158044163169,
2.30097783766661,2.3494177120367,2.39785758640679),.UNSPECIFIED.);
#242=B_SPLINE_CURVE_WITH_KNOTS('',3,(#12231,#12232,#12233,#12234,#12235,
#12236),.UNSPECIFIED.,.F.,.F.,(4,2,4),(1.1121025388509,1.35562535824677,
1.54720787316925),.UNSPECIFIED.);
#243=B_SPLINE_CURVE_WITH_KNOTS('',3,(#12240,#12241,#12242,#12243,#12244,
#12245),.UNSPECIFIED.,.F.,.F.,(4,2,4),(0.676997204532548,0.868579719455023,
1.1121025388509),.UNSPECIFIED.);
#244=B_SPLINE_CURVE_WITH_KNOTS('',3,(#12255,#12256,#12257,#12258,#12259,
#12260,#12261,#12262,#12263,#12264,#12265,#12266,#12267,#12268,#12269,#12270),
 .UNSPECIFIED.,.F.,.F.,(4,2,2,2,2,2,2,4),(-1.95475195986384,-1.90691569259412,
-1.84129734085903,-1.77567898912394,-1.71006063738886,-1.58942836818481,
-1.46879609898077,-1.22753156057269),.UNSPECIFIED.);
#245=B_SPLINE_CURVE_WITH_KNOTS('',3,(#12272,#12273,#12274,#12275,#12276,
#12277,#12278,#12279,#12280,#12281,#12282,#12283,#12284,#12285,#12286,#12287),
 .UNSPECIFIED.,.F.,.F.,(4,2,2,2,2,2,2,4),(-1.22753156057269,-0.986267022164602,
-0.86563475296056,-0.745002483756518,-0.679384132021431,-0.613765780286343,
-0.548147428551256,-0.500311161281535),.UNSPECIFIED.);
#246=B_SPLINE_CURVE_WITH_KNOTS('',3,(#12288,#12289,#12290,#12291,#12292,
#12293,#12294,#12295,#12296,#12297,#12298,#12299,#12300,#12301,#12302),
 .UNSPECIFIED.,.F.,.F.,(4,2,2,3,2,2,4),(-0.443088161605575,-0.443035375402413,
-0.221517687701207,0.,0.221517687701207,0.443035375402413,0.443088161605575),
 .UNSPECIFIED.);
#247=B_SPLINE_CURVE_WITH_KNOTS('',3,(#12313,#12314,#12315,#12316,#12317,
#12318,#12319,#12320,#12321,#12322,#12323,#12324,#12325,#12326,#12327,#12328,
#12329,#12330,#12331,#12332,#12333,#12334,#12335,#12336,#12337,#12338,#12339,
#12340,#12341,#12342,#12343,#12344,#12345,#12346,#12347,#12348,#12349,#12350,
#12351),.UNSPECIFIED.,.F.,.F.,(4,2,2,3,2,2,2,2,2,2,2,2,2,2,2,2,2,2,4),(-0.1162771447751,
-0.0968797487401823,-0.0484398743700912,0.,0.0484398743700911,0.0968797487401822,
0.193759497480364,0.320691072168439,0.460077734385068,0.599464396601697,
0.738851058818327,0.878237721034956,1.00516929572303,1.10204904446321,1.1504889188333,
1.19892879320339,1.24736866757349,1.29580854194358,1.31520593797845),
 .UNSPECIFIED.);
#248=B_SPLINE_CURVE_WITH_KNOTS('',3,(#12408,#12409,#12410,#12411,#12412,
#12413),.UNSPECIFIED.,.F.,.F.,(4,2,4),(1.1121025388509,1.35562535824678,
1.54720787316932),.UNSPECIFIED.);
#249=B_SPLINE_CURVE_WITH_KNOTS('',3,(#12417,#12418,#12419,#12420,#12421,
#12422),.UNSPECIFIED.,.F.,.F.,(4,2,4),(0.676997204532552,0.868579719455025,
1.1121025388509),.UNSPECIFIED.);
#250=B_SPLINE_CURVE_WITH_KNOTS('',3,(#12443,#12444,#12445,#12446,#12447,
#12448),.UNSPECIFIED.,.F.,.F.,(4,2,4),(1.1121025388509,1.35562535824678,
1.54720787316925),.UNSPECIFIED.);
#251=B_SPLINE_CURVE_WITH_KNOTS('',3,(#12450,#12451,#12452,#12453,#12454,
#12455),.UNSPECIFIED.,.F.,.F.,(4,2,4),(0.676997204532551,0.868579719455025,
1.1121025388509),.UNSPECIFIED.);
#252=B_SPLINE_CURVE_WITH_KNOTS('',3,(#12462,#12463,#12464,#12465,#12466,
#12467,#12468,#12469,#12470,#12471,#12472,#12473,#12474,#12475),
 .UNSPECIFIED.,.F.,.F.,(4,2,2,2,2,2,4),(1.19892879320339,1.24736866757349,
1.29580854194358,1.39268829068376,1.51961986537183,1.65900652758846,1.79839318980509),
 .UNSPECIFIED.);
#253=B_SPLINE_CURVE_WITH_KNOTS('',3,(#12476,#12477,#12478,#12479,#12480,
#12481,#12482,#12483),.UNSPECIFIED.,.F.,.F.,(4,2,2,4),(1.0826516484283,
1.10204904446321,1.1504889188333,1.19892879320339),.UNSPECIFIED.);
#254=B_SPLINE_CURVE_WITH_KNOTS('',3,(#12485,#12486,#12487,#12488,#12489,
#12490,#12491,#12492),.UNSPECIFIED.,.F.,.F.,(4,2,2,4),(2.39785758640679,
2.44629746077688,2.49473733514697,2.51413473118189),.UNSPECIFIED.);
#255=B_SPLINE_CURVE_WITH_KNOTS('',3,(#12493,#12494,#12495,#12496,#12497,
#12498,#12499,#12500,#12501,#12502,#12503,#12504,#12505,#12506),
 .UNSPECIFIED.,.F.,.F.,(4,2,2,2,2,2,4),(1.79839318980509,1.93777985202172,
2.07716651423835,2.20409808892642,2.30097783766661,2.3494177120367,2.39785758640679),
 .UNSPECIFIED.);
#256=TOROIDAL_SURFACE('',#6260,2.42499999999987,0.299999999999873);
#257=TOROIDAL_SURFACE('',#6319,2.42499999999994,0.299999999999939);
#258=TOROIDAL_SURFACE('',#6368,2.42499999999987,0.299999999999873);
#259=TOROIDAL_SURFACE('',#6400,3.42499999999988,0.29999999999988);
#260=TOROIDAL_SURFACE('',#6462,3.42499999999994,0.299999999999939);
#261=TOROIDAL_SURFACE('',#6502,3.42499999999988,0.29999999999988);
#262=TOROIDAL_SURFACE('',#6547,4.42499999999988,0.299999999999873);
#263=TOROIDAL_SURFACE('',#6608,4.42499999999994,0.299999999999939);
#264=TOROIDAL_SURFACE('',#6645,4.42499999999988,0.299999999999873);
#265=TOROIDAL_SURFACE('',#6680,5.42499999999989,0.29999999999988);
#266=TOROIDAL_SURFACE('',#6742,5.42499999999994,0.29999999999994);
#267=TOROIDAL_SURFACE('',#6782,5.42499999999989,0.299999999999883);
#268=TOROIDAL_SURFACE('',#6817,6.42499999999988,0.299999999999873);
#269=TOROIDAL_SURFACE('',#6879,6.425,0.299999999999939);
#270=TOROIDAL_SURFACE('',#6919,6.42499999999988,0.299999999999883);
#271=TOROIDAL_SURFACE('',#6954,8.44999999999986,0.299999999999856);
#272=TOROIDAL_SURFACE('',#7017,8.45,0.299999999999936);
#273=TOROIDAL_SURFACE('',#7059,8.44999999999986,0.299999999999856);
#274=FACE_BOUND('',#854,.T.);
#275=FACE_BOUND('',#857,.T.);
#276=FACE_BOUND('',#861,.T.);
#277=FACE_BOUND('',#865,.T.);
#278=FACE_BOUND('',#868,.T.);
#279=FACE_BOUND('',#872,.T.);
#280=FACE_BOUND('',#880,.T.);
#281=FACE_BOUND('',#884,.T.);
#282=FACE_BOUND('',#887,.T.);
#283=FACE_BOUND('',#891,.T.);
#284=FACE_BOUND('',#901,.T.);
#285=FACE_BOUND('',#903,.T.);
#286=FACE_BOUND('',#908,.T.);
#287=FACE_BOUND('',#912,.T.);
#288=FACE_BOUND('',#915,.T.);
#289=FACE_BOUND('',#919,.T.);
#290=FACE_BOUND('',#923,.T.);
#291=FACE_BOUND('',#926,.T.);
#292=FACE_BOUND('',#929,.T.);
#293=FACE_BOUND('',#932,.T.);
#294=FACE_BOUND('',#935,.T.);
#295=FACE_BOUND('',#939,.T.);
#296=FACE_BOUND('',#943,.T.);
#297=FACE_BOUND('',#946,.T.);
#298=FACE_BOUND('',#950,.T.);
#299=FACE_BOUND('',#955,.T.);
#300=FACE_BOUND('',#957,.T.);
#301=FACE_BOUND('',#961,.T.);
#302=FACE_BOUND('',#965,.T.);
#303=FACE_BOUND('',#968,.T.);
#304=FACE_BOUND('',#972,.T.);
#305=FACE_BOUND('',#982,.T.);
#306=FACE_BOUND('',#986,.T.);
#307=FACE_BOUND('',#989,.T.);
#308=FACE_BOUND('',#993,.T.);
#309=FACE_BOUND('',#997,.T.);
#310=FACE_BOUND('',#999,.T.);
#311=FACE_BOUND('',#1001,.T.);
#312=FACE_BOUND('',#1003,.T.);
#313=FACE_BOUND('',#1006,.T.);
#314=FACE_BOUND('',#1012,.T.);
#315=FACE_BOUND('',#1015,.T.);
#316=FACE_BOUND('',#1019,.T.);
#317=FACE_BOUND('',#1023,.T.);
#318=FACE_BOUND('',#1026,.T.);
#319=FACE_BOUND('',#1030,.T.);
#320=FACE_BOUND('',#1035,.T.);
#321=FACE_BOUND('',#1037,.T.);
#322=FACE_BOUND('',#1041,.T.);
#323=FACE_BOUND('',#1045,.T.);
#324=FACE_BOUND('',#1048,.T.);
#325=FACE_BOUND('',#1052,.T.);
#326=FACE_BOUND('',#1062,.T.);
#327=FACE_BOUND('',#1066,.T.);
#328=FACE_BOUND('',#1069,.T.);
#329=FACE_BOUND('',#1073,.T.);
#330=FACE_BOUND('',#1077,.T.);
#331=FACE_BOUND('',#1079,.T.);
#332=FACE_BOUND('',#1081,.T.);
#333=FACE_BOUND('',#1083,.T.);
#334=FACE_BOUND('',#1086,.T.);
#335=FACE_BOUND('',#1090,.T.);
#336=FACE_BOUND('',#1093,.T.);
#337=FACE_BOUND('',#1097,.T.);
#338=FACE_BOUND('',#1101,.T.);
#339=FACE_BOUND('',#1104,.T.);
#340=FACE_BOUND('',#1108,.T.);
#341=FACE_BOUND('',#1113,.T.);
#342=FACE_BOUND('',#1115,.T.);
#343=FACE_BOUND('',#1119,.T.);
#344=FACE_BOUND('',#1123,.T.);
#345=FACE_BOUND('',#1126,.T.);
#346=FACE_BOUND('',#1130,.T.);
#347=FACE_BOUND('',#1140,.T.);
#348=FACE_BOUND('',#1144,.T.);
#349=FACE_BOUND('',#1147,.T.);
#350=FACE_BOUND('',#1151,.T.);
#351=FACE_BOUND('',#1155,.T.);
#352=FACE_BOUND('',#1157,.T.);
#353=FACE_BOUND('',#1159,.T.);
#354=FACE_BOUND('',#1161,.T.);
#355=FACE_BOUND('',#1164,.T.);
#356=FACE_BOUND('',#1168,.T.);
#357=FACE_BOUND('',#1171,.T.);
#358=FACE_BOUND('',#1175,.T.);
#359=FACE_BOUND('',#1179,.T.);
#360=FACE_BOUND('',#1182,.T.);
#361=FACE_BOUND('',#1186,.T.);
#362=FACE_BOUND('',#1191,.T.);
#363=FACE_BOUND('',#1193,.T.);
#364=FACE_BOUND('',#1197,.T.);
#365=FACE_BOUND('',#1201,.T.);
#366=FACE_BOUND('',#1204,.T.);
#367=FACE_BOUND('',#1208,.T.);
#368=FACE_BOUND('',#1218,.T.);
#369=FACE_BOUND('',#1222,.T.);
#370=FACE_BOUND('',#1225,.T.);
#371=FACE_BOUND('',#1229,.T.);
#372=FACE_BOUND('',#1233,.T.);
#373=FACE_BOUND('',#1235,.T.);
#374=FACE_BOUND('',#1237,.T.);
#375=FACE_BOUND('',#1239,.T.);
#376=FACE_BOUND('',#1242,.T.);
#377=FACE_BOUND('',#1246,.T.);
#378=FACE_BOUND('',#1249,.T.);
#379=FACE_BOUND('',#1253,.T.);
#380=FACE_BOUND('',#1257,.T.);
#381=FACE_BOUND('',#1261,.T.);
#382=FACE_BOUND('',#1268,.T.);
#383=FACE_BOUND('',#1270,.T.);
#384=FACE_BOUND('',#1276,.T.);
#385=FACE_BOUND('',#1280,.T.);
#386=FACE_BOUND('',#1284,.T.);
#387=FACE_BOUND('',#1296,.T.);
#388=FACE_BOUND('',#1300,.T.);
#389=FACE_BOUND('',#1304,.T.);
#390=FACE_BOUND('',#1308,.T.);
#391=FACE_BOUND('',#1310,.T.);
#392=FACE_BOUND('',#1312,.T.);
#393=FACE_BOUND('',#1314,.T.);
#394=FACE_BOUND('',#1317,.T.);
#395=PLANE('',#6250);
#396=PLANE('',#6255);
#397=PLANE('',#6264);
#398=PLANE('',#6271);
#399=PLANE('',#6275);
#400=PLANE('',#6282);
#401=PLANE('',#6299);
#402=PLANE('',#6306);
#403=PLANE('',#6310);
#404=PLANE('',#6317);
#405=PLANE('',#6339);
#406=PLANE('',#6341);
#407=PLANE('',#6348);
#408=PLANE('',#6355);
#409=PLANE('',#6359);
#410=PLANE('',#6366);
#411=PLANE('',#6374);
#412=PLANE('',#6378);
#413=PLANE('',#6382);
#414=PLANE('',#6390);
#415=PLANE('',#6395);
#416=PLANE('',#6404);
#417=PLANE('',#6411);
#418=PLANE('',#6415);
#419=PLANE('',#6422);
#420=PLANE('',#6434);
#421=PLANE('',#6442);
#422=PLANE('',#6449);
#423=PLANE('',#6453);
#424=PLANE('',#6460);
#425=PLANE('',#6482);
#426=PLANE('',#6489);
#427=PLANE('',#6493);
#428=PLANE('',#6500);
#429=PLANE('',#6508);
#430=PLANE('',#6512);
#431=PLANE('',#6514);
#432=PLANE('',#6517);
#433=PLANE('',#6537);
#434=PLANE('',#6542);
#435=PLANE('',#6551);
#436=PLANE('',#6558);
#437=PLANE('',#6562);
#438=PLANE('',#6569);
#439=PLANE('',#6580);
#440=PLANE('',#6588);
#441=PLANE('',#6595);
#442=PLANE('',#6599);
#443=PLANE('',#6606);
#444=PLANE('',#6625);
#445=PLANE('',#6632);
#446=PLANE('',#6636);
#447=PLANE('',#6643);
#448=PLANE('',#6651);
#449=PLANE('',#6655);
#450=PLANE('',#6657);
#451=PLANE('',#6660);
#452=PLANE('',#6670);
#453=PLANE('',#6675);
#454=PLANE('',#6684);
#455=PLANE('',#6691);
#456=PLANE('',#6695);
#457=PLANE('',#6702);
#458=PLANE('',#6714);
#459=PLANE('',#6722);
#460=PLANE('',#6729);
#461=PLANE('',#6733);
#462=PLANE('',#6740);
#463=PLANE('',#6762);
#464=PLANE('',#6769);
#465=PLANE('',#6773);
#466=PLANE('',#6780);
#467=PLANE('',#6788);
#468=PLANE('',#6792);
#469=PLANE('',#6794);
#470=PLANE('',#6797);
#471=PLANE('',#6807);
#472=PLANE('',#6812);
#473=PLANE('',#6821);
#474=PLANE('',#6828);
#475=PLANE('',#6832);
#476=PLANE('',#6839);
#477=PLANE('',#6851);
#478=PLANE('',#6859);
#479=PLANE('',#6866);
#480=PLANE('',#6870);
#481=PLANE('',#6877);
#482=PLANE('',#6899);
#483=PLANE('',#6906);
#484=PLANE('',#6910);
#485=PLANE('',#6917);
#486=PLANE('',#6925);
#487=PLANE('',#6929);
#488=PLANE('',#6931);
#489=PLANE('',#6934);
#490=PLANE('',#6944);
#491=PLANE('',#6949);
#492=PLANE('',#6958);
#493=PLANE('',#6965);
#494=PLANE('',#6971);
#495=PLANE('',#6987);
#496=PLANE('',#7001);
#497=PLANE('',#7008);
#498=PLANE('',#7015);
#499=PLANE('',#7043);
#500=PLANE('',#7050);
#501=PLANE('',#7057);
#502=PLANE('',#7065);
#503=PLANE('',#7069);
#504=PLANE('',#7071);
#505=PLANE('',#7074);
#506=FACE_OUTER_BOUND('',#852,.T.);
#507=FACE_OUTER_BOUND('',#853,.T.);
#508=FACE_OUTER_BOUND('',#855,.T.);
#509=FACE_OUTER_BOUND('',#856,.T.);
#510=FACE_OUTER_BOUND('',#858,.T.);
#511=FACE_OUTER_BOUND('',#859,.T.);
#512=FACE_OUTER_BOUND('',#860,.T.);
#513=FACE_OUTER_BOUND('',#862,.T.);
#514=FACE_OUTER_BOUND('',#863,.T.);
#515=FACE_OUTER_BOUND('',#864,.T.);
#516=FACE_OUTER_BOUND('',#866,.T.);
#517=FACE_OUTER_BOUND('',#867,.T.);
#518=FACE_OUTER_BOUND('',#869,.T.);
#519=FACE_OUTER_BOUND('',#870,.T.);
#520=FACE_OUTER_BOUND('',#871,.T.);
#521=FACE_OUTER_BOUND('',#873,.T.);
#522=FACE_OUTER_BOUND('',#874,.T.);
#523=FACE_OUTER_BOUND('',#875,.T.);
#524=FACE_OUTER_BOUND('',#876,.T.);
#525=FACE_OUTER_BOUND('',#877,.T.);
#526=FACE_OUTER_BOUND('',#878,.T.);
#527=FACE_OUTER_BOUND('',#879,.T.);
#528=FACE_OUTER_BOUND('',#881,.T.);
#529=FACE_OUTER_BOUND('',#882,.T.);
#530=FACE_OUTER_BOUND('',#883,.T.);
#531=FACE_OUTER_BOUND('',#885,.T.);
#532=FACE_OUTER_BOUND('',#886,.T.);
#533=FACE_OUTER_BOUND('',#888,.T.);
#534=FACE_OUTER_BOUND('',#889,.T.);
#535=FACE_OUTER_BOUND('',#890,.T.);
#536=FACE_OUTER_BOUND('',#892,.T.);
#537=FACE_OUTER_BOUND('',#893,.T.);
#538=FACE_OUTER_BOUND('',#894,.T.);
#539=FACE_OUTER_BOUND('',#895,.T.);
#540=FACE_OUTER_BOUND('',#896,.T.);
#541=FACE_OUTER_BOUND('',#897,.T.);
#542=FACE_OUTER_BOUND('',#898,.T.);
#543=FACE_OUTER_BOUND('',#899,.T.);
#544=FACE_OUTER_BOUND('',#900,.T.);
#545=FACE_OUTER_BOUND('',#902,.T.);
#546=FACE_OUTER_BOUND('',#904,.T.);
#547=FACE_OUTER_BOUND('',#905,.T.);
#548=FACE_OUTER_BOUND('',#906,.T.);
#549=FACE_OUTER_BOUND('',#907,.T.);
#550=FACE_OUTER_BOUND('',#909,.T.);
#551=FACE_OUTER_BOUND('',#910,.T.);
#552=FACE_OUTER_BOUND('',#911,.T.);
#553=FACE_OUTER_BOUND('',#913,.T.);
#554=FACE_OUTER_BOUND('',#914,.T.);
#555=FACE_OUTER_BOUND('',#916,.T.);
#556=FACE_OUTER_BOUND('',#917,.T.);
#557=FACE_OUTER_BOUND('',#918,.T.);
#558=FACE_OUTER_BOUND('',#920,.T.);
#559=FACE_OUTER_BOUND('',#921,.T.);
#560=FACE_OUTER_BOUND('',#922,.T.);
#561=FACE_OUTER_BOUND('',#924,.T.);
#562=FACE_OUTER_BOUND('',#925,.T.);
#563=FACE_OUTER_BOUND('',#927,.T.);
#564=FACE_OUTER_BOUND('',#928,.T.);
#565=FACE_OUTER_BOUND('',#930,.T.);
#566=FACE_OUTER_BOUND('',#931,.T.);
#567=FACE_OUTER_BOUND('',#933,.T.);
#568=FACE_OUTER_BOUND('',#934,.T.);
#569=FACE_OUTER_BOUND('',#936,.T.);
#570=FACE_OUTER_BOUND('',#937,.T.);
#571=FACE_OUTER_BOUND('',#938,.T.);
#572=FACE_OUTER_BOUND('',#940,.T.);
#573=FACE_OUTER_BOUND('',#941,.T.);
#574=FACE_OUTER_BOUND('',#942,.T.);
#575=FACE_OUTER_BOUND('',#944,.T.);
#576=FACE_OUTER_BOUND('',#945,.T.);
#577=FACE_OUTER_BOUND('',#947,.T.);
#578=FACE_OUTER_BOUND('',#948,.T.);
#579=FACE_OUTER_BOUND('',#949,.T.);
#580=FACE_OUTER_BOUND('',#951,.T.);
#581=FACE_OUTER_BOUND('',#952,.T.);
#582=FACE_OUTER_BOUND('',#953,.T.);
#583=FACE_OUTER_BOUND('',#954,.T.);
#584=FACE_OUTER_BOUND('',#956,.T.);
#585=FACE_OUTER_BOUND('',#958,.T.);
#586=FACE_OUTER_BOUND('',#959,.T.);
#587=FACE_OUTER_BOUND('',#960,.T.);
#588=FACE_OUTER_BOUND('',#962,.T.);
#589=FACE_OUTER_BOUND('',#963,.T.);
#590=FACE_OUTER_BOUND('',#964,.T.);
#591=FACE_OUTER_BOUND('',#966,.T.);
#592=FACE_OUTER_BOUND('',#967,.T.);
#593=FACE_OUTER_BOUND('',#969,.T.);
#594=FACE_OUTER_BOUND('',#970,.T.);
#595=FACE_OUTER_BOUND('',#971,.T.);
#596=FACE_OUTER_BOUND('',#973,.T.);
#597=FACE_OUTER_BOUND('',#974,.T.);
#598=FACE_OUTER_BOUND('',#975,.T.);
#599=FACE_OUTER_BOUND('',#976,.T.);
#600=FACE_OUTER_BOUND('',#977,.T.);
#601=FACE_OUTER_BOUND('',#978,.T.);
#602=FACE_OUTER_BOUND('',#979,.T.);
#603=FACE_OUTER_BOUND('',#980,.T.);
#604=FACE_OUTER_BOUND('',#981,.T.);
#605=FACE_OUTER_BOUND('',#983,.T.);
#606=FACE_OUTER_BOUND('',#984,.T.);
#607=FACE_OUTER_BOUND('',#985,.T.);
#608=FACE_OUTER_BOUND('',#987,.T.);
#609=FACE_OUTER_BOUND('',#988,.T.);
#610=FACE_OUTER_BOUND('',#990,.T.);
#611=FACE_OUTER_BOUND('',#991,.T.);
#612=FACE_OUTER_BOUND('',#992,.T.);
#613=FACE_OUTER_BOUND('',#994,.T.);
#614=FACE_OUTER_BOUND('',#995,.T.);
#615=FACE_OUTER_BOUND('',#996,.T.);
#616=FACE_OUTER_BOUND('',#998,.T.);
#617=FACE_OUTER_BOUND('',#1000,.T.);
#618=FACE_OUTER_BOUND('',#1002,.T.);
#619=FACE_OUTER_BOUND('',#1004,.T.);
#620=FACE_OUTER_BOUND('',#1005,.T.);
#621=FACE_OUTER_BOUND('',#1007,.T.);
#622=FACE_OUTER_BOUND('',#1008,.T.);
#623=FACE_OUTER_BOUND('',#1009,.T.);
#624=FACE_OUTER_BOUND('',#1010,.T.);
#625=FACE_OUTER_BOUND('',#1011,.T.);
#626=FACE_OUTER_BOUND('',#1013,.T.);
#627=FACE_OUTER_BOUND('',#1014,.T.);
#628=FACE_OUTER_BOUND('',#1016,.T.);
#629=FACE_OUTER_BOUND('',#1017,.T.);
#630=FACE_OUTER_BOUND('',#1018,.T.);
#631=FACE_OUTER_BOUND('',#1020,.T.);
#632=FACE_OUTER_BOUND('',#1021,.T.);
#633=FACE_OUTER_BOUND('',#1022,.T.);
#634=FACE_OUTER_BOUND('',#1024,.T.);
#635=FACE_OUTER_BOUND('',#1025,.T.);
#636=FACE_OUTER_BOUND('',#1027,.T.);
#637=FACE_OUTER_BOUND('',#1028,.T.);
#638=FACE_OUTER_BOUND('',#1029,.T.);
#639=FACE_OUTER_BOUND('',#1031,.T.);
#640=FACE_OUTER_BOUND('',#1032,.T.);
#641=FACE_OUTER_BOUND('',#1033,.T.);
#642=FACE_OUTER_BOUND('',#1034,.T.);
#643=FACE_OUTER_BOUND('',#1036,.T.);
#644=FACE_OUTER_BOUND('',#1038,.T.);
#645=FACE_OUTER_BOUND('',#1039,.T.);
#646=FACE_OUTER_BOUND('',#1040,.T.);
#647=FACE_OUTER_BOUND('',#1042,.T.);
#648=FACE_OUTER_BOUND('',#1043,.T.);
#649=FACE_OUTER_BOUND('',#1044,.T.);
#650=FACE_OUTER_BOUND('',#1046,.T.);
#651=FACE_OUTER_BOUND('',#1047,.T.);
#652=FACE_OUTER_BOUND('',#1049,.T.);
#653=FACE_OUTER_BOUND('',#1050,.T.);
#654=FACE_OUTER_BOUND('',#1051,.T.);
#655=FACE_OUTER_BOUND('',#1053,.T.);
#656=FACE_OUTER_BOUND('',#1054,.T.);
#657=FACE_OUTER_BOUND('',#1055,.T.);
#658=FACE_OUTER_BOUND('',#1056,.T.);
#659=FACE_OUTER_BOUND('',#1057,.T.);
#660=FACE_OUTER_BOUND('',#1058,.T.);
#661=FACE_OUTER_BOUND('',#1059,.T.);
#662=FACE_OUTER_BOUND('',#1060,.T.);
#663=FACE_OUTER_BOUND('',#1061,.T.);
#664=FACE_OUTER_BOUND('',#1063,.T.);
#665=FACE_OUTER_BOUND('',#1064,.T.);
#666=FACE_OUTER_BOUND('',#1065,.T.);
#667=FACE_OUTER_BOUND('',#1067,.T.);
#668=FACE_OUTER_BOUND('',#1068,.T.);
#669=FACE_OUTER_BOUND('',#1070,.T.);
#670=FACE_OUTER_BOUND('',#1071,.T.);
#671=FACE_OUTER_BOUND('',#1072,.T.);
#672=FACE_OUTER_BOUND('',#1074,.T.);
#673=FACE_OUTER_BOUND('',#1075,.T.);
#674=FACE_OUTER_BOUND('',#1076,.T.);
#675=FACE_OUTER_BOUND('',#1078,.T.);
#676=FACE_OUTER_BOUND('',#1080,.T.);
#677=FACE_OUTER_BOUND('',#1082,.T.);
#678=FACE_OUTER_BOUND('',#1084,.T.);
#679=FACE_OUTER_BOUND('',#1085,.T.);
#680=FACE_OUTER_BOUND('',#1087,.T.);
#681=FACE_OUTER_BOUND('',#1088,.T.);
#682=FACE_OUTER_BOUND('',#1089,.T.);
#683=FACE_OUTER_BOUND('',#1091,.T.);
#684=FACE_OUTER_BOUND('',#1092,.T.);
#685=FACE_OUTER_BOUND('',#1094,.T.);
#686=FACE_OUTER_BOUND('',#1095,.T.);
#687=FACE_OUTER_BOUND('',#1096,.T.);
#688=FACE_OUTER_BOUND('',#1098,.T.);
#689=FACE_OUTER_BOUND('',#1099,.T.);
#690=FACE_OUTER_BOUND('',#1100,.T.);
#691=FACE_OUTER_BOUND('',#1102,.T.);
#692=FACE_OUTER_BOUND('',#1103,.T.);
#693=FACE_OUTER_BOUND('',#1105,.T.);
#694=FACE_OUTER_BOUND('',#1106,.T.);
#695=FACE_OUTER_BOUND('',#1107,.T.);
#696=FACE_OUTER_BOUND('',#1109,.T.);
#697=FACE_OUTER_BOUND('',#1110,.T.);
#698=FACE_OUTER_BOUND('',#1111,.T.);
#699=FACE_OUTER_BOUND('',#1112,.T.);
#700=FACE_OUTER_BOUND('',#1114,.T.);
#701=FACE_OUTER_BOUND('',#1116,.T.);
#702=FACE_OUTER_BOUND('',#1117,.T.);
#703=FACE_OUTER_BOUND('',#1118,.T.);
#704=FACE_OUTER_BOUND('',#1120,.T.);
#705=FACE_OUTER_BOUND('',#1121,.T.);
#706=FACE_OUTER_BOUND('',#1122,.T.);
#707=FACE_OUTER_BOUND('',#1124,.T.);
#708=FACE_OUTER_BOUND('',#1125,.T.);
#709=FACE_OUTER_BOUND('',#1127,.T.);
#710=FACE_OUTER_BOUND('',#1128,.T.);
#711=FACE_OUTER_BOUND('',#1129,.T.);
#712=FACE_OUTER_BOUND('',#1131,.T.);
#713=FACE_OUTER_BOUND('',#1132,.T.);
#714=FACE_OUTER_BOUND('',#1133,.T.);
#715=FACE_OUTER_BOUND('',#1134,.T.);
#716=FACE_OUTER_BOUND('',#1135,.T.);
#717=FACE_OUTER_BOUND('',#1136,.T.);
#718=FACE_OUTER_BOUND('',#1137,.T.);
#719=FACE_OUTER_BOUND('',#1138,.T.);
#720=FACE_OUTER_BOUND('',#1139,.T.);
#721=FACE_OUTER_BOUND('',#1141,.T.);
#722=FACE_OUTER_BOUND('',#1142,.T.);
#723=FACE_OUTER_BOUND('',#1143,.T.);
#724=FACE_OUTER_BOUND('',#1145,.T.);
#725=FACE_OUTER_BOUND('',#1146,.T.);
#726=FACE_OUTER_BOUND('',#1148,.T.);
#727=FACE_OUTER_BOUND('',#1149,.T.);
#728=FACE_OUTER_BOUND('',#1150,.T.);
#729=FACE_OUTER_BOUND('',#1152,.T.);
#730=FACE_OUTER_BOUND('',#1153,.T.);
#731=FACE_OUTER_BOUND('',#1154,.T.);
#732=FACE_OUTER_BOUND('',#1156,.T.);
#733=FACE_OUTER_BOUND('',#1158,.T.);
#734=FACE_OUTER_BOUND('',#1160,.T.);
#735=FACE_OUTER_BOUND('',#1162,.T.);
#736=FACE_OUTER_BOUND('',#1163,.T.);
#737=FACE_OUTER_BOUND('',#1165,.T.);
#738=FACE_OUTER_BOUND('',#1166,.T.);
#739=FACE_OUTER_BOUND('',#1167,.T.);
#740=FACE_OUTER_BOUND('',#1169,.T.);
#741=FACE_OUTER_BOUND('',#1170,.T.);
#742=FACE_OUTER_BOUND('',#1172,.T.);
#743=FACE_OUTER_BOUND('',#1173,.T.);
#744=FACE_OUTER_BOUND('',#1174,.T.);
#745=FACE_OUTER_BOUND('',#1176,.T.);
#746=FACE_OUTER_BOUND('',#1177,.T.);
#747=FACE_OUTER_BOUND('',#1178,.T.);
#748=FACE_OUTER_BOUND('',#1180,.T.);
#749=FACE_OUTER_BOUND('',#1181,.T.);
#750=FACE_OUTER_BOUND('',#1183,.T.);
#751=FACE_OUTER_BOUND('',#1184,.T.);
#752=FACE_OUTER_BOUND('',#1185,.T.);
#753=FACE_OUTER_BOUND('',#1187,.T.);
#754=FACE_OUTER_BOUND('',#1188,.T.);
#755=FACE_OUTER_BOUND('',#1189,.T.);
#756=FACE_OUTER_BOUND('',#1190,.T.);
#757=FACE_OUTER_BOUND('',#1192,.T.);
#758=FACE_OUTER_BOUND('',#1194,.T.);
#759=FACE_OUTER_BOUND('',#1195,.T.);
#760=FACE_OUTER_BOUND('',#1196,.T.);
#761=FACE_OUTER_BOUND('',#1198,.T.);
#762=FACE_OUTER_BOUND('',#1199,.T.);
#763=FACE_OUTER_BOUND('',#1200,.T.);
#764=FACE_OUTER_BOUND('',#1202,.T.);
#765=FACE_OUTER_BOUND('',#1203,.T.);
#766=FACE_OUTER_BOUND('',#1205,.T.);
#767=FACE_OUTER_BOUND('',#1206,.T.);
#768=FACE_OUTER_BOUND('',#1207,.T.);
#769=FACE_OUTER_BOUND('',#1209,.T.);
#770=FACE_OUTER_BOUND('',#1210,.T.);
#771=FACE_OUTER_BOUND('',#1211,.T.);
#772=FACE_OUTER_BOUND('',#1212,.T.);
#773=FACE_OUTER_BOUND('',#1213,.T.);
#774=FACE_OUTER_BOUND('',#1214,.T.);
#775=FACE_OUTER_BOUND('',#1215,.T.);
#776=FACE_OUTER_BOUND('',#1216,.T.);
#777=FACE_OUTER_BOUND('',#1217,.T.);
#778=FACE_OUTER_BOUND('',#1219,.T.);
#779=FACE_OUTER_BOUND('',#1220,.T.);
#780=FACE_OUTER_BOUND('',#1221,.T.);
#781=FACE_OUTER_BOUND('',#1223,.T.);
#782=FACE_OUTER_BOUND('',#1224,.T.);
#783=FACE_OUTER_BOUND('',#1226,.T.);
#784=FACE_OUTER_BOUND('',#1227,.T.);
#785=FACE_OUTER_BOUND('',#1228,.T.);
#786=FACE_OUTER_BOUND('',#1230,.T.);
#787=FACE_OUTER_BOUND('',#1231,.T.);
#788=FACE_OUTER_BOUND('',#1232,.T.);
#789=FACE_OUTER_BOUND('',#1234,.T.);
#790=FACE_OUTER_BOUND('',#1236,.T.);
#791=FACE_OUTER_BOUND('',#1238,.T.);
#792=FACE_OUTER_BOUND('',#1240,.T.);
#793=FACE_OUTER_BOUND('',#1241,.T.);
#794=FACE_OUTER_BOUND('',#1243,.T.);
#795=FACE_OUTER_BOUND('',#1244,.T.);
#796=FACE_OUTER_BOUND('',#1245,.T.);
#797=FACE_OUTER_BOUND('',#1247,.T.);
#798=FACE_OUTER_BOUND('',#1248,.T.);
#799=FACE_OUTER_BOUND('',#1250,.T.);
#800=FACE_OUTER_BOUND('',#1251,.T.);
#801=FACE_OUTER_BOUND('',#1252,.T.);
#802=FACE_OUTER_BOUND('',#1254,.T.);
#803=FACE_OUTER_BOUND('',#1255,.T.);
#804=FACE_OUTER_BOUND('',#1256,.T.);
#805=FACE_OUTER_BOUND('',#1258,.T.);
#806=FACE_OUTER_BOUND('',#1259,.T.);
#807=FACE_OUTER_BOUND('',#1260,.T.);
#808=FACE_OUTER_BOUND('',#1262,.T.);
#809=FACE_OUTER_BOUND('',#1263,.T.);
#810=FACE_OUTER_BOUND('',#1264,.T.);
#811=FACE_OUTER_BOUND('',#1265,.T.);
#812=FACE_OUTER_BOUND('',#1266,.T.);
#813=FACE_OUTER_BOUND('',#1267,.T.);
#814=FACE_OUTER_BOUND('',#1269,.T.);
#815=FACE_OUTER_BOUND('',#1271,.T.);
#816=FACE_OUTER_BOUND('',#1272,.T.);
#817=FACE_OUTER_BOUND('',#1273,.T.);
#818=FACE_OUTER_BOUND('',#1274,.T.);
#819=FACE_OUTER_BOUND('',#1275,.T.);
#820=FACE_OUTER_BOUND('',#1277,.T.);
#821=FACE_OUTER_BOUND('',#1278,.T.);
#822=FACE_OUTER_BOUND('',#1279,.T.);
#823=FACE_OUTER_BOUND('',#1281,.T.);
#824=FACE_OUTER_BOUND('',#1282,.T.);
#825=FACE_OUTER_BOUND('',#1283,.T.);
#826=FACE_OUTER_BOUND('',#1285,.T.);
#827=FACE_OUTER_BOUND('',#1286,.T.);
#828=FACE_OUTER_BOUND('',#1287,.T.);
#829=FACE_OUTER_BOUND('',#1288,.T.);
#830=FACE_OUTER_BOUND('',#1289,.T.);
#831=FACE_OUTER_BOUND('',#1290,.T.);
#832=FACE_OUTER_BOUND('',#1291,.T.);
#833=FACE_OUTER_BOUND('',#1292,.T.);
#834=FACE_OUTER_BOUND('',#1293,.T.);
#835=FACE_OUTER_BOUND('',#1294,.T.);
#836=FACE_OUTER_BOUND('',#1295,.T.);
#837=FACE_OUTER_BOUND('',#1297,.T.);
#838=FACE_OUTER_BOUND('',#1298,.T.);
#839=FACE_OUTER_BOUND('',#1299,.T.);
#840=FACE_OUTER_BOUND('',#1301,.T.);
#841=FACE_OUTER_BOUND('',#1302,.T.);
#842=FACE_OUTER_BOUND('',#1303,.T.);
#843=FACE_OUTER_BOUND('',#1305,.T.);
#844=FACE_OUTER_BOUND('',#1306,.T.);
#845=FACE_OUTER_BOUND('',#1307,.T.);
#846=FACE_OUTER_BOUND('',#1309,.T.);
#847=FACE_OUTER_BOUND('',#1311,.T.);
#848=FACE_OUTER_BOUND('',#1313,.T.);
#849=FACE_OUTER_BOUND('',#1315,.T.);
#850=FACE_OUTER_BOUND('',#1316,.T.);
#851=FACE_OUTER_BOUND('',#1318,.T.);
#852=EDGE_LOOP('',(#3654,#3655,#3656,#3657,#3658,#3659,#3660));
#853=EDGE_LOOP('',(#3661));
#854=EDGE_LOOP('',(#3662));
#855=EDGE_LOOP('',(#3663,#3664,#3665,#3666,#3667,#3668,#3669,#3670,#3671,
#3672));
#856=EDGE_LOOP('',(#3673));
#857=EDGE_LOOP('',(#3674));
#858=EDGE_LOOP('',(#3675,#3676,#3677,#3678,#3679));
#859=EDGE_LOOP('',(#3680,#3681,#3682,#3683,#3684,#3685,#3686));
#860=EDGE_LOOP('',(#3687));
#861=EDGE_LOOP('',(#3688,#3689,#3690));
#862=EDGE_LOOP('',(#3691,#3692,#3693,#3694,#3695));
#863=EDGE_LOOP('',(#3696,#3697,#3698,#3699,#3700));
#864=EDGE_LOOP('',(#3701));
#865=EDGE_LOOP('',(#3702));
#866=EDGE_LOOP('',(#3703,#3704,#3705,#3706));
#867=EDGE_LOOP('',(#3707));
#868=EDGE_LOOP('',(#3708));
#869=EDGE_LOOP('',(#3709,#3710,#3711,#3712,#3713));
#870=EDGE_LOOP('',(#3714,#3715,#3716,#3717,#3718));
#871=EDGE_LOOP('',(#3719));
#872=EDGE_LOOP('',(#3720));
#873=EDGE_LOOP('',(#3721,#3722,#3723,#3724,#3725));
#874=EDGE_LOOP('',(#3726,#3727,#3728,#3729,#3730,#3731,#3732,#3733,#3734));
#875=EDGE_LOOP('',(#3735,#3736,#3737,#3738,#3739,#3740,#3741,#3742));
#876=EDGE_LOOP('',(#3743,#3744,#3745,#3746,#3747,#3748));
#877=EDGE_LOOP('',(#3749,#3750,#3751,#3752,#3753,#3754,#3755,#3756));
#878=EDGE_LOOP('',(#3757,#3758,#3759,#3760));
#879=EDGE_LOOP('',(#3761));
#880=EDGE_LOOP('',(#3762));
#881=EDGE_LOOP('',(#3763,#3764,#3765,#3766,#3767));
#882=EDGE_LOOP('',(#3768,#3769,#3770,#3771,#3772));
#883=EDGE_LOOP('',(#3773));
#884=EDGE_LOOP('',(#3774));
#885=EDGE_LOOP('',(#3775,#3776,#3777,#3778));
#886=EDGE_LOOP('',(#3779));
#887=EDGE_LOOP('',(#3780));
#888=EDGE_LOOP('',(#3781,#3782,#3783,#3784,#3785));
#889=EDGE_LOOP('',(#3786,#3787,#3788,#3789,#3790));
#890=EDGE_LOOP('',(#3791));
#891=EDGE_LOOP('',(#3792));
#892=EDGE_LOOP('',(#3793,#3794,#3795,#3796,#3797));
#893=EDGE_LOOP('',(#3798,#3799,#3800,#3801,#3802));
#894=EDGE_LOOP('',(#3803,#3804,#3805,#3806,#3807,#3808));
#895=EDGE_LOOP('',(#3809,#3810,#3811,#3812,#3813));
#896=EDGE_LOOP('',(#3814,#3815,#3816,#3817,#3818,#3819));
#897=EDGE_LOOP('',(#3820,#3821,#3822,#3823,#3824));
#898=EDGE_LOOP('',(#3825,#3826,#3827,#3828,#3829,#3830,#3831,#3832));
#899=EDGE_LOOP('',(#3833,#3834,#3835,#3836,#3837,#3838,#3839,#3840,#3841,
#3842,#3843,#3844,#3845,#3846,#3847));
#900=EDGE_LOOP('',(#3848));
#901=EDGE_LOOP('',(#3849));
#902=EDGE_LOOP('',(#3850));
#903=EDGE_LOOP('',(#3851));
#904=EDGE_LOOP('',(#3852,#3853,#3854,#3855));
#905=EDGE_LOOP('',(#3856,#3857,#3858,#3859,#3860,#3861,#3862,#3863));
#906=EDGE_LOOP('',(#3864,#3865,#3866,#3867));
#907=EDGE_LOOP('',(#3868));
#908=EDGE_LOOP('',(#3869));
#909=EDGE_LOOP('',(#3870,#3871,#3872,#3873,#3874));
#910=EDGE_LOOP('',(#3875,#3876,#3877,#3878,#3879));
#911=EDGE_LOOP('',(#3880));
#912=EDGE_LOOP('',(#3881));
#913=EDGE_LOOP('',(#3882,#3883,#3884,#3885));
#914=EDGE_LOOP('',(#3886));
#915=EDGE_LOOP('',(#3887));
#916=EDGE_LOOP('',(#3888,#3889,#3890,#3891,#3892));
#917=EDGE_LOOP('',(#3893,#3894,#3895,#3896,#3897));
#918=EDGE_LOOP('',(#3898));
#919=EDGE_LOOP('',(#3899));
#920=EDGE_LOOP('',(#3900,#3901,#3902,#3903,#3904));
#921=EDGE_LOOP('',(#3905,#3906,#3907,#3908,#3909));
#922=EDGE_LOOP('',(#3910));
#923=EDGE_LOOP('',(#3911));
#924=EDGE_LOOP('',(#3912,#3913,#3914,#3915,#3916,#3917,#3918,#3919,#3920,
#3921,#3922,#3923,#3924,#3925,#3926,#3927));
#925=EDGE_LOOP('',(#3928));
#926=EDGE_LOOP('',(#3929));
#927=EDGE_LOOP('',(#3930,#3931,#3932,#3933));
#928=EDGE_LOOP('',(#3934));
#929=EDGE_LOOP('',(#3935));
#930=EDGE_LOOP('',(#3936,#3937,#3938,#3939,#3940,#3941,#3942));
#931=EDGE_LOOP('',(#3943));
#932=EDGE_LOOP('',(#3944));
#933=EDGE_LOOP('',(#3945,#3946,#3947,#3948,#3949,#3950,#3951,#3952,#3953,
#3954));
#934=EDGE_LOOP('',(#3955));
#935=EDGE_LOOP('',(#3956));
#936=EDGE_LOOP('',(#3957,#3958,#3959,#3960,#3961));
#937=EDGE_LOOP('',(#3962,#3963,#3964,#3965,#3966,#3967,#3968));
#938=EDGE_LOOP('',(#3969));
#939=EDGE_LOOP('',(#3970,#3971,#3972));
#940=EDGE_LOOP('',(#3973,#3974,#3975,#3976,#3977));
#941=EDGE_LOOP('',(#3978,#3979,#3980,#3981,#3982));
#942=EDGE_LOOP('',(#3983));
#943=EDGE_LOOP('',(#3984));
#944=EDGE_LOOP('',(#3985,#3986,#3987,#3988));
#945=EDGE_LOOP('',(#3989));
#946=EDGE_LOOP('',(#3990));
#947=EDGE_LOOP('',(#3991,#3992,#3993,#3994,#3995));
#948=EDGE_LOOP('',(#3996,#3997,#3998,#3999,#4000));
#949=EDGE_LOOP('',(#4001));
#950=EDGE_LOOP('',(#4002));
#951=EDGE_LOOP('',(#4003,#4004,#4005,#4006,#4007));
#952=EDGE_LOOP('',(#4008,#4009,#4010,#4011,#4012,#4013,#4014,#4015,#4016));
#953=EDGE_LOOP('',(#4017,#4018,#4019,#4020,#4021,#4022));
#954=EDGE_LOOP('',(#4023,#4024,#4025,#4026,#4027,#4028,#4029,#4030,#4031,
#4032,#4033,#4034));
#955=EDGE_LOOP('',(#4035,#4036,#4037));
#956=EDGE_LOOP('',(#4038));
#957=EDGE_LOOP('',(#4039));
#958=EDGE_LOOP('',(#4040,#4041,#4042,#4043,#4044,#4045,#4046,#4047));
#959=EDGE_LOOP('',(#4048,#4049,#4050,#4051));
#960=EDGE_LOOP('',(#4052));
#961=EDGE_LOOP('',(#4053));
#962=EDGE_LOOP('',(#4054,#4055,#4056,#4057,#4058));
#963=EDGE_LOOP('',(#4059,#4060,#4061,#4062,#4063));
#964=EDGE_LOOP('',(#4064));
#965=EDGE_LOOP('',(#4065));
#966=EDGE_LOOP('',(#4066,#4067,#4068,#4069));
#967=EDGE_LOOP('',(#4070));
#968=EDGE_LOOP('',(#4071));
#969=EDGE_LOOP('',(#4072,#4073,#4074,#4075,#4076));
#970=EDGE_LOOP('',(#4077,#4078,#4079,#4080,#4081));
#971=EDGE_LOOP('',(#4082));
#972=EDGE_LOOP('',(#4083));
#973=EDGE_LOOP('',(#4084,#4085,#4086,#4087,#4088));
#974=EDGE_LOOP('',(#4089,#4090,#4091,#4092,#4093));
#975=EDGE_LOOP('',(#4094,#4095,#4096,#4097,#4098,#4099,#4100,#4101));
#976=EDGE_LOOP('',(#4102,#4103,#4104,#4105,#4106,#4107,#4108));
#977=EDGE_LOOP('',(#4109,#4110,#4111,#4112,#4113,#4114,#4115,#4116,#4117,
#4118));
#978=EDGE_LOOP('',(#4119,#4120,#4121,#4122,#4123,#4124));
#979=EDGE_LOOP('',(#4125,#4126,#4127,#4128,#4129,#4130,#4131,#4132));
#980=EDGE_LOOP('',(#4133,#4134,#4135,#4136));
#981=EDGE_LOOP('',(#4137));
#982=EDGE_LOOP('',(#4138));
#983=EDGE_LOOP('',(#4139,#4140,#4141,#4142,#4143));
#984=EDGE_LOOP('',(#4144,#4145,#4146,#4147,#4148));
#985=EDGE_LOOP('',(#4149));
#986=EDGE_LOOP('',(#4150));
#987=EDGE_LOOP('',(#4151,#4152,#4153,#4154));
#988=EDGE_LOOP('',(#4155));
#989=EDGE_LOOP('',(#4156));
#990=EDGE_LOOP('',(#4157,#4158,#4159,#4160,#4161));
#991=EDGE_LOOP('',(#4162,#4163,#4164,#4165,#4166));
#992=EDGE_LOOP('',(#4167));
#993=EDGE_LOOP('',(#4168));
#994=EDGE_LOOP('',(#4169,#4170,#4171,#4172,#4173));
#995=EDGE_LOOP('',(#4174,#4175,#4176,#4177,#4178));
#996=EDGE_LOOP('',(#4179));
#997=EDGE_LOOP('',(#4180));
#998=EDGE_LOOP('',(#4181,#4182,#4183,#4184,#4185,#4186,#4187,#4188,#4189,
#4190,#4191,#4192));
#999=EDGE_LOOP('',(#4193,#4194,#4195));
#1000=EDGE_LOOP('',(#4196));
#1001=EDGE_LOOP('',(#4197));
#1002=EDGE_LOOP('',(#4198));
#1003=EDGE_LOOP('',(#4199));
#1004=EDGE_LOOP('',(#4200,#4201,#4202,#4203));
#1005=EDGE_LOOP('',(#4204));
#1006=EDGE_LOOP('',(#4205));
#1007=EDGE_LOOP('',(#4206,#4207,#4208,#4209));
#1008=EDGE_LOOP('',(#4210,#4211,#4212));
#1009=EDGE_LOOP('',(#4213,#4214,#4215,#4216,#4217,#4218,#4219,#4220));
#1010=EDGE_LOOP('',(#4221,#4222,#4223,#4224,#4225,#4226,#4227));
#1011=EDGE_LOOP('',(#4228));
#1012=EDGE_LOOP('',(#4229));
#1013=EDGE_LOOP('',(#4230,#4231,#4232,#4233,#4234,#4235,#4236,#4237,#4238,
#4239));
#1014=EDGE_LOOP('',(#4240));
#1015=EDGE_LOOP('',(#4241));
#1016=EDGE_LOOP('',(#4242,#4243,#4244,#4245,#4246));
#1017=EDGE_LOOP('',(#4247,#4248,#4249,#4250,#4251,#4252,#4253));
#1018=EDGE_LOOP('',(#4254));
#1019=EDGE_LOOP('',(#4255,#4256,#4257));
#1020=EDGE_LOOP('',(#4258,#4259,#4260,#4261,#4262));
#1021=EDGE_LOOP('',(#4263,#4264,#4265,#4266,#4267));
#1022=EDGE_LOOP('',(#4268));
#1023=EDGE_LOOP('',(#4269));
#1024=EDGE_LOOP('',(#4270,#4271,#4272,#4273));
#1025=EDGE_LOOP('',(#4274));
#1026=EDGE_LOOP('',(#4275));
#1027=EDGE_LOOP('',(#4276,#4277,#4278,#4279,#4280));
#1028=EDGE_LOOP('',(#4281,#4282,#4283,#4284,#4285));
#1029=EDGE_LOOP('',(#4286));
#1030=EDGE_LOOP('',(#4287));
#1031=EDGE_LOOP('',(#4288,#4289,#4290,#4291,#4292));
#1032=EDGE_LOOP('',(#4293,#4294,#4295,#4296,#4297,#4298,#4299,#4300,#4301));
#1033=EDGE_LOOP('',(#4302,#4303,#4304,#4305,#4306,#4307,#4308));
#1034=EDGE_LOOP('',(#4309,#4310,#4311,#4312,#4313,#4314,#4315,#4316,#4317,
#4318,#4319,#4320));
#1035=EDGE_LOOP('',(#4321,#4322,#4323));
#1036=EDGE_LOOP('',(#4324));
#1037=EDGE_LOOP('',(#4325));
#1038=EDGE_LOOP('',(#4326,#4327,#4328,#4329,#4330,#4331,#4332,#4333));
#1039=EDGE_LOOP('',(#4334,#4335,#4336,#4337));
#1040=EDGE_LOOP('',(#4338));
#1041=EDGE_LOOP('',(#4339));
#1042=EDGE_LOOP('',(#4340,#4341,#4342,#4343,#4344));
#1043=EDGE_LOOP('',(#4345,#4346,#4347,#4348,#4349));
#1044=EDGE_LOOP('',(#4350));
#1045=EDGE_LOOP('',(#4351));
#1046=EDGE_LOOP('',(#4352,#4353,#4354,#4355));
#1047=EDGE_LOOP('',(#4356));
#1048=EDGE_LOOP('',(#4357));
#1049=EDGE_LOOP('',(#4358,#4359,#4360,#4361,#4362));
#1050=EDGE_LOOP('',(#4363,#4364,#4365,#4366,#4367));
#1051=EDGE_LOOP('',(#4368));
#1052=EDGE_LOOP('',(#4369));
#1053=EDGE_LOOP('',(#4370,#4371,#4372,#4373,#4374));
#1054=EDGE_LOOP('',(#4375,#4376,#4377,#4378,#4379));
#1055=EDGE_LOOP('',(#4380,#4381,#4382,#4383,#4384,#4385,#4386,#4387));
#1056=EDGE_LOOP('',(#4388,#4389,#4390,#4391,#4392,#4393,#4394,#4395,#4396));
#1057=EDGE_LOOP('',(#4397,#4398,#4399));
#1058=EDGE_LOOP('',(#4400,#4401,#4402,#4403,#4404,#4405,#4406));
#1059=EDGE_LOOP('',(#4407,#4408,#4409,#4410,#4411,#4412,#4413,#4414));
#1060=EDGE_LOOP('',(#4415,#4416,#4417,#4418));
#1061=EDGE_LOOP('',(#4419));
#1062=EDGE_LOOP('',(#4420));
#1063=EDGE_LOOP('',(#4421,#4422,#4423,#4424,#4425));
#1064=EDGE_LOOP('',(#4426,#4427,#4428,#4429,#4430));
#1065=EDGE_LOOP('',(#4431));
#1066=EDGE_LOOP('',(#4432));
#1067=EDGE_LOOP('',(#4433,#4434,#4435,#4436));
#1068=EDGE_LOOP('',(#4437));
#1069=EDGE_LOOP('',(#4438));
#1070=EDGE_LOOP('',(#4439,#4440,#4441,#4442,#4443));
#1071=EDGE_LOOP('',(#4444,#4445,#4446,#4447,#4448));
#1072=EDGE_LOOP('',(#4449));
#1073=EDGE_LOOP('',(#4450));
#1074=EDGE_LOOP('',(#4451,#4452,#4453,#4454,#4455));
#1075=EDGE_LOOP('',(#4456,#4457,#4458,#4459,#4460));
#1076=EDGE_LOOP('',(#4461));
#1077=EDGE_LOOP('',(#4462));
#1078=EDGE_LOOP('',(#4463,#4464,#4465,#4466,#4467,#4468,#4469,#4470,#4471,
#4472,#4473,#4474));
#1079=EDGE_LOOP('',(#4475,#4476,#4477));
#1080=EDGE_LOOP('',(#4478));
#1081=EDGE_LOOP('',(#4479));
#1082=EDGE_LOOP('',(#4480));
#1083=EDGE_LOOP('',(#4481));
#1084=EDGE_LOOP('',(#4482,#4483,#4484,#4485));
#1085=EDGE_LOOP('',(#4486));
#1086=EDGE_LOOP('',(#4487));
#1087=EDGE_LOOP('',(#4488,#4489,#4490,#4491));
#1088=EDGE_LOOP('',(#4492,#4493,#4494,#4495,#4496,#4497,#4498));
#1089=EDGE_LOOP('',(#4499));
#1090=EDGE_LOOP('',(#4500));
#1091=EDGE_LOOP('',(#4501,#4502,#4503,#4504,#4505,#4506,#4507,#4508,#4509,
#4510));
#1092=EDGE_LOOP('',(#4511));
#1093=EDGE_LOOP('',(#4512));
#1094=EDGE_LOOP('',(#4513,#4514,#4515,#4516,#4517));
#1095=EDGE_LOOP('',(#4518,#4519,#4520,#4521,#4522,#4523,#4524));
#1096=EDGE_LOOP('',(#4525));
#1097=EDGE_LOOP('',(#4526,#4527,#4528));
#1098=EDGE_LOOP('',(#4529,#4530,#4531,#4532,#4533));
#1099=EDGE_LOOP('',(#4534,#4535,#4536,#4537,#4538));
#1100=EDGE_LOOP('',(#4539));
#1101=EDGE_LOOP('',(#4540));
#1102=EDGE_LOOP('',(#4541,#4542,#4543,#4544));
#1103=EDGE_LOOP('',(#4545));
#1104=EDGE_LOOP('',(#4546));
#1105=EDGE_LOOP('',(#4547,#4548,#4549,#4550,#4551));
#1106=EDGE_LOOP('',(#4552,#4553,#4554,#4555,#4556));
#1107=EDGE_LOOP('',(#4557));
#1108=EDGE_LOOP('',(#4558));
#1109=EDGE_LOOP('',(#4559,#4560,#4561,#4562,#4563));
#1110=EDGE_LOOP('',(#4564,#4565,#4566,#4567,#4568,#4569,#4570,#4571,#4572));
#1111=EDGE_LOOP('',(#4573,#4574,#4575,#4576,#4577,#4578,#4579,#4580));
#1112=EDGE_LOOP('',(#4581,#4582,#4583,#4584,#4585,#4586,#4587,#4588,#4589,
#4590,#4591,#4592));
#1113=EDGE_LOOP('',(#4593,#4594,#4595));
#1114=EDGE_LOOP('',(#4596));
#1115=EDGE_LOOP('',(#4597));
#1116=EDGE_LOOP('',(#4598,#4599,#4600,#4601,#4602,#4603,#4604,#4605));
#1117=EDGE_LOOP('',(#4606,#4607,#4608,#4609));
#1118=EDGE_LOOP('',(#4610));
#1119=EDGE_LOOP('',(#4611));
#1120=EDGE_LOOP('',(#4612,#4613,#4614,#4615,#4616));
#1121=EDGE_LOOP('',(#4617,#4618,#4619,#4620,#4621));
#1122=EDGE_LOOP('',(#4622));
#1123=EDGE_LOOP('',(#4623));
#1124=EDGE_LOOP('',(#4624,#4625,#4626,#4627));
#1125=EDGE_LOOP('',(#4628));
#1126=EDGE_LOOP('',(#4629));
#1127=EDGE_LOOP('',(#4630,#4631,#4632,#4633,#4634));
#1128=EDGE_LOOP('',(#4635,#4636,#4637,#4638,#4639));
#1129=EDGE_LOOP('',(#4640));
#1130=EDGE_LOOP('',(#4641));
#1131=EDGE_LOOP('',(#4642,#4643,#4644,#4645,#4646));
#1132=EDGE_LOOP('',(#4647,#4648,#4649,#4650,#4651));
#1133=EDGE_LOOP('',(#4652,#4653,#4654,#4655,#4656,#4657,#4658,#4659));
#1134=EDGE_LOOP('',(#4660,#4661,#4662,#4663,#4664,#4665,#4666,#4667,#4668,
#4669,#4670));
#1135=EDGE_LOOP('',(#4671,#4672,#4673,#4674,#4675,#4676));
#1136=EDGE_LOOP('',(#4677,#4678,#4679,#4680,#4681,#4682,#4683,#4684));
#1137=EDGE_LOOP('',(#4685,#4686,#4687,#4688,#4689,#4690,#4691,#4692));
#1138=EDGE_LOOP('',(#4693,#4694,#4695,#4696));
#1139=EDGE_LOOP('',(#4697));
#1140=EDGE_LOOP('',(#4698));
#1141=EDGE_LOOP('',(#4699,#4700,#4701,#4702,#4703));
#1142=EDGE_LOOP('',(#4704,#4705,#4706,#4707,#4708));
#1143=EDGE_LOOP('',(#4709));
#1144=EDGE_LOOP('',(#4710));
#1145=EDGE_LOOP('',(#4711,#4712,#4713,#4714));
#1146=EDGE_LOOP('',(#4715));
#1147=EDGE_LOOP('',(#4716));
#1148=EDGE_LOOP('',(#4717,#4718,#4719,#4720,#4721));
#1149=EDGE_LOOP('',(#4722,#4723,#4724,#4725,#4726));
#1150=EDGE_LOOP('',(#4727));
#1151=EDGE_LOOP('',(#4728));
#1152=EDGE_LOOP('',(#4729,#4730,#4731,#4732,#4733));
#1153=EDGE_LOOP('',(#4734,#4735,#4736,#4737,#4738));
#1154=EDGE_LOOP('',(#4739));
#1155=EDGE_LOOP('',(#4740));
#1156=EDGE_LOOP('',(#4741,#4742,#4743,#4744,#4745,#4746,#4747,#4748,#4749,
#4750,#4751,#4752));
#1157=EDGE_LOOP('',(#4753,#4754,#4755));
#1158=EDGE_LOOP('',(#4756));
#1159=EDGE_LOOP('',(#4757));
#1160=EDGE_LOOP('',(#4758));
#1161=EDGE_LOOP('',(#4759));
#1162=EDGE_LOOP('',(#4760,#4761,#4762,#4763));
#1163=EDGE_LOOP('',(#4764));
#1164=EDGE_LOOP('',(#4765));
#1165=EDGE_LOOP('',(#4766,#4767,#4768,#4769));
#1166=EDGE_LOOP('',(#4770,#4771,#4772,#4773,#4774,#4775,#4776));
#1167=EDGE_LOOP('',(#4777));
#1168=EDGE_LOOP('',(#4778));
#1169=EDGE_LOOP('',(#4779,#4780,#4781,#4782,#4783,#4784,#4785,#4786,#4787,
#4788));
#1170=EDGE_LOOP('',(#4789));
#1171=EDGE_LOOP('',(#4790));
#1172=EDGE_LOOP('',(#4791,#4792,#4793,#4794,#4795));
#1173=EDGE_LOOP('',(#4796,#4797,#4798,#4799,#4800,#4801,#4802));
#1174=EDGE_LOOP('',(#4803));
#1175=EDGE_LOOP('',(#4804,#4805,#4806));
#1176=EDGE_LOOP('',(#4807,#4808,#4809,#4810,#4811));
#1177=EDGE_LOOP('',(#4812,#4813,#4814,#4815,#4816));
#1178=EDGE_LOOP('',(#4817));
#1179=EDGE_LOOP('',(#4818));
#1180=EDGE_LOOP('',(#4819,#4820,#4821,#4822));
#1181=EDGE_LOOP('',(#4823));
#1182=EDGE_LOOP('',(#4824));
#1183=EDGE_LOOP('',(#4825,#4826,#4827,#4828,#4829));
#1184=EDGE_LOOP('',(#4830,#4831,#4832,#4833,#4834));
#1185=EDGE_LOOP('',(#4835));
#1186=EDGE_LOOP('',(#4836));
#1187=EDGE_LOOP('',(#4837,#4838,#4839,#4840,#4841));
#1188=EDGE_LOOP('',(#4842,#4843,#4844,#4845,#4846,#4847,#4848,#4849,#4850));
#1189=EDGE_LOOP('',(#4851,#4852,#4853,#4854,#4855,#4856));
#1190=EDGE_LOOP('',(#4857,#4858,#4859,#4860,#4861,#4862,#4863,#4864,#4865,
#4866,#4867,#4868));
#1191=EDGE_LOOP('',(#4869,#4870,#4871));
#1192=EDGE_LOOP('',(#4872));
#1193=EDGE_LOOP('',(#4873));
#1194=EDGE_LOOP('',(#4874,#4875,#4876,#4877,#4878,#4879,#4880,#4881));
#1195=EDGE_LOOP('',(#4882,#4883,#4884,#4885));
#1196=EDGE_LOOP('',(#4886));
#1197=EDGE_LOOP('',(#4887));
#1198=EDGE_LOOP('',(#4888,#4889,#4890,#4891,#4892));
#1199=EDGE_LOOP('',(#4893,#4894,#4895,#4896,#4897));
#1200=EDGE_LOOP('',(#4898));
#1201=EDGE_LOOP('',(#4899));
#1202=EDGE_LOOP('',(#4900,#4901,#4902,#4903));
#1203=EDGE_LOOP('',(#4904));
#1204=EDGE_LOOP('',(#4905));
#1205=EDGE_LOOP('',(#4906,#4907,#4908,#4909,#4910));
#1206=EDGE_LOOP('',(#4911,#4912,#4913,#4914,#4915));
#1207=EDGE_LOOP('',(#4916));
#1208=EDGE_LOOP('',(#4917));
#1209=EDGE_LOOP('',(#4918,#4919,#4920,#4921,#4922));
#1210=EDGE_LOOP('',(#4923,#4924,#4925,#4926,#4927));
#1211=EDGE_LOOP('',(#4928,#4929,#4930,#4931,#4932,#4933,#4934,#4935));
#1212=EDGE_LOOP('',(#4936,#4937,#4938,#4939,#4940,#4941,#4942));
#1213=EDGE_LOOP('',(#4943,#4944,#4945,#4946,#4947,#4948,#4949,#4950,#4951,
#4952));
#1214=EDGE_LOOP('',(#4953,#4954,#4955,#4956,#4957,#4958));
#1215=EDGE_LOOP('',(#4959,#4960,#4961,#4962,#4963,#4964,#4965,#4966));
#1216=EDGE_LOOP('',(#4967,#4968,#4969,#4970));
#1217=EDGE_LOOP('',(#4971));
#1218=EDGE_LOOP('',(#4972));
#1219=EDGE_LOOP('',(#4973,#4974,#4975,#4976,#4977));
#1220=EDGE_LOOP('',(#4978,#4979,#4980,#4981,#4982));
#1221=EDGE_LOOP('',(#4983));
#1222=EDGE_LOOP('',(#4984));
#1223=EDGE_LOOP('',(#4985,#4986,#4987,#4988));
#1224=EDGE_LOOP('',(#4989));
#1225=EDGE_LOOP('',(#4990));
#1226=EDGE_LOOP('',(#4991,#4992,#4993,#4994,#4995));
#1227=EDGE_LOOP('',(#4996,#4997,#4998,#4999,#5000));
#1228=EDGE_LOOP('',(#5001));
#1229=EDGE_LOOP('',(#5002));
#1230=EDGE_LOOP('',(#5003,#5004,#5005,#5006,#5007));
#1231=EDGE_LOOP('',(#5008,#5009,#5010,#5011,#5012));
#1232=EDGE_LOOP('',(#5013));
#1233=EDGE_LOOP('',(#5014));
#1234=EDGE_LOOP('',(#5015,#5016,#5017,#5018,#5019,#5020,#5021,#5022,#5023,
#5024,#5025,#5026));
#1235=EDGE_LOOP('',(#5027,#5028,#5029));
#1236=EDGE_LOOP('',(#5030));
#1237=EDGE_LOOP('',(#5031));
#1238=EDGE_LOOP('',(#5032));
#1239=EDGE_LOOP('',(#5033));
#1240=EDGE_LOOP('',(#5034,#5035,#5036,#5037));
#1241=EDGE_LOOP('',(#5038));
#1242=EDGE_LOOP('',(#5039));
#1243=EDGE_LOOP('',(#5040,#5041,#5042,#5043));
#1244=EDGE_LOOP('',(#5044,#5045,#5046,#5047,#5048,#5049,#5050));
#1245=EDGE_LOOP('',(#5051));
#1246=EDGE_LOOP('',(#5052));
#1247=EDGE_LOOP('',(#5053,#5054,#5055,#5056,#5057,#5058,#5059,#5060,#5061,
#5062));
#1248=EDGE_LOOP('',(#5063));
#1249=EDGE_LOOP('',(#5064));
#1250=EDGE_LOOP('',(#5065,#5066,#5067,#5068,#5069));
#1251=EDGE_LOOP('',(#5070,#5071,#5072,#5073,#5074,#5075,#5076));
#1252=EDGE_LOOP('',(#5077));
#1253=EDGE_LOOP('',(#5078,#5079,#5080));
#1254=EDGE_LOOP('',(#5081,#5082,#5083,#5084,#5085));
#1255=EDGE_LOOP('',(#5086,#5087,#5088,#5089,#5090));
#1256=EDGE_LOOP('',(#5091));
#1257=EDGE_LOOP('',(#5092));
#1258=EDGE_LOOP('',(#5093,#5094,#5095,#5096));
#1259=EDGE_LOOP('',(#5097,#5098,#5099,#5100));
#1260=EDGE_LOOP('',(#5101));
#1261=EDGE_LOOP('',(#5102));
#1262=EDGE_LOOP('',(#5103,#5104,#5105,#5106,#5107));
#1263=EDGE_LOOP('',(#5108,#5109,#5110,#5111,#5112));
#1264=EDGE_LOOP('',(#5113,#5114,#5115,#5116));
#1265=EDGE_LOOP('',(#5117,#5118,#5119,#5120,#5121,#5122,#5123,#5124));
#1266=EDGE_LOOP('',(#5125,#5126,#5127,#5128,#5129,#5130));
#1267=EDGE_LOOP('',(#5131,#5132,#5133,#5134,#5135,#5136,#5137,#5138,#5139,
#5140,#5141,#5142));
#1268=EDGE_LOOP('',(#5143,#5144,#5145));
#1269=EDGE_LOOP('',(#5146));
#1270=EDGE_LOOP('',(#5147));
#1271=EDGE_LOOP('',(#5148,#5149,#5150,#5151,#5152,#5153,#5154,#5155));
#1272=EDGE_LOOP('',(#5156,#5157,#5158,#5159,#5160));
#1273=EDGE_LOOP('',(#5161,#5162,#5163,#5164,#5165,#5166));
#1274=EDGE_LOOP('',(#5167,#5168,#5169,#5170,#5171));
#1275=EDGE_LOOP('',(#5172));
#1276=EDGE_LOOP('',(#5173));
#1277=EDGE_LOOP('',(#5174,#5175,#5176,#5177,#5178));
#1278=EDGE_LOOP('',(#5179,#5180,#5181,#5182,#5183));
#1279=EDGE_LOOP('',(#5184));
#1280=EDGE_LOOP('',(#5185));
#1281=EDGE_LOOP('',(#5186,#5187,#5188,#5189,#5190));
#1282=EDGE_LOOP('',(#5191,#5192,#5193,#5194,#5195));
#1283=EDGE_LOOP('',(#5196));
#1284=EDGE_LOOP('',(#5197));
#1285=EDGE_LOOP('',(#5198,#5199,#5200,#5201,#5202));
#1286=EDGE_LOOP('',(#5203,#5204,#5205,#5206,#5207));
#1287=EDGE_LOOP('',(#5208,#5209,#5210,#5211,#5212,#5213,#5214,#5215));
#1288=EDGE_LOOP('',(#5216,#5217,#5218,#5219,#5220,#5221,#5222));
#1289=EDGE_LOOP('',(#5223,#5224,#5225,#5226,#5227,#5228,#5229,#5230,#5231,
#5232));
#1290=EDGE_LOOP('',(#5233,#5234,#5235,#5236,#5237,#5238));
#1291=EDGE_LOOP('',(#5239,#5240,#5241,#5242,#5243,#5244,#5245,#5246));
#1292=EDGE_LOOP('',(#5247,#5248,#5249,#5250,#5251));
#1293=EDGE_LOOP('',(#5252,#5253,#5254,#5255,#5256,#5257));
#1294=EDGE_LOOP('',(#5258,#5259,#5260,#5261,#5262));
#1295=EDGE_LOOP('',(#5263));
#1296=EDGE_LOOP('',(#5264));
#1297=EDGE_LOOP('',(#5265,#5266,#5267,#5268,#5269));
#1298=EDGE_LOOP('',(#5270,#5271,#5272,#5273,#5274));
#1299=EDGE_LOOP('',(#5275));
#1300=EDGE_LOOP('',(#5276));
#1301=EDGE_LOOP('',(#5277,#5278,#5279,#5280,#5281));
#1302=EDGE_LOOP('',(#5282,#5283,#5284,#5285,#5286));
#1303=EDGE_LOOP('',(#5287));
#1304=EDGE_LOOP('',(#5288));
#1305=EDGE_LOOP('',(#5289,#5290,#5291,#5292,#5293));
#1306=EDGE_LOOP('',(#5294,#5295,#5296,#5297,#5298));
#1307=EDGE_LOOP('',(#5299));
#1308=EDGE_LOOP('',(#5300));
#1309=EDGE_LOOP('',(#5301,#5302,#5303,#5304,#5305,#5306,#5307,#5308,#5309,
#5310,#5311,#5312));
#1310=EDGE_LOOP('',(#5313,#5314,#5315));
#1311=EDGE_LOOP('',(#5316));
#1312=EDGE_LOOP('',(#5317));
#1313=EDGE_LOOP('',(#5318));
#1314=EDGE_LOOP('',(#5319));
#1315=EDGE_LOOP('',(#5320,#5321,#5322,#5323));
#1316=EDGE_LOOP('',(#5324));
#1317=EDGE_LOOP('',(#5325));
#1318=EDGE_LOOP('',(#5326,#5327,#5328,#5329));
#1319=CIRCLE('',#6247,1.7);
#1320=CIRCLE('',#6251,2.125);
#1321=CIRCLE('',#6253,1.7);
#1322=CIRCLE('',#6254,1.7);
#1323=CIRCLE('',#6256,2.125);
#1324=CIRCLE('',#6258,2.125);
#1325=CIRCLE('',#6259,2.125);
#1326=CIRCLE('',#6261,2.425);
#1327=CIRCLE('',#6262,0.299999999999874);
#1328=CIRCLE('',#6263,2.425);
#1329=CIRCLE('',#6265,2.55);
#1330=CIRCLE('',#6267,4.85);
#1331=CIRCLE('',#6268,4.85);
#1332=CIRCLE('',#6270,4.85);
#1333=CIRCLE('',#6272,2.8);
#1334=CIRCLE('',#6274,2.8);
#1335=CIRCLE('',#6276,4.);
#1336=CIRCLE('',#6278,5.);
#1337=CIRCLE('',#6279,5.);
#1338=CIRCLE('',#6281,5.);
#1339=CIRCLE('',#6283,5.05);
#1340=CIRCLE('',#6285,5.25);
#1341=CIRCLE('',#6286,5.25);
#1342=CIRCLE('',#6288,5.25);
#1343=CIRCLE('',#6290,4.25);
#1344=CIRCLE('',#6292,4.25);
#1345=CIRCLE('',#6293,5.25);
#1346=CIRCLE('',#6295,5.25);
#1347=CIRCLE('',#6296,5.25);
#1348=CIRCLE('',#6298,5.05);
#1349=CIRCLE('',#6300,5.);
#1350=CIRCLE('',#6302,5.);
#1351=CIRCLE('',#6303,5.);
#1352=CIRCLE('',#6305,4.);
#1353=CIRCLE('',#6307,2.8);
#1354=CIRCLE('',#6309,2.8);
#1355=CIRCLE('',#6311,4.85);
#1356=CIRCLE('',#6313,4.85);
#1357=CIRCLE('',#6314,4.85);
#1358=CIRCLE('',#6316,2.55);
#1359=CIRCLE('',#6318,2.42499999999994);
#1360=CIRCLE('',#6320,2.125);
#1361=CIRCLE('',#6321,2.125);
#1362=CIRCLE('',#6322,0.299999999999939);
#1363=CIRCLE('',#6325,4.25);
#1364=CIRCLE('',#6330,4.25);
#1365=CIRCLE('',#6335,5.25);
#1366=CIRCLE('',#6337,3.);
#1367=CIRCLE('',#6338,3.);
#1368=CIRCLE('',#6340,1.65);
#1369=CIRCLE('',#6342,1.65);
#1370=CIRCLE('',#6345,5.25);
#1371=CIRCLE('',#6347,5.05);
#1372=CIRCLE('',#6349,5.);
#1373=CIRCLE('',#6351,5.);
#1374=CIRCLE('',#6352,5.);
#1375=CIRCLE('',#6354,4.);
#1376=CIRCLE('',#6356,2.8);
#1377=CIRCLE('',#6358,2.8);
#1378=CIRCLE('',#6360,4.85);
#1379=CIRCLE('',#6362,4.85);
#1380=CIRCLE('',#6363,4.85);
#1381=CIRCLE('',#6365,2.55);
#1382=CIRCLE('',#6367,2.42499999999987);
#1383=CIRCLE('',#6369,2.125);
#1384=CIRCLE('',#6370,2.125);
#1385=CIRCLE('',#6371,0.299999999999874);
#1386=CIRCLE('',#6373,2.125);
#1387=CIRCLE('',#6376,3.);
#1388=CIRCLE('',#6377,3.);
#1389=CIRCLE('',#6379,1.65);
#1390=CIRCLE('',#6381,1.65);
#1391=CIRCLE('',#6387,2.5);
#1392=CIRCLE('',#6391,3.125);
#1393=CIRCLE('',#6393,2.5);
#1394=CIRCLE('',#6394,2.5);
#1395=CIRCLE('',#6396,3.125);
#1396=CIRCLE('',#6398,3.125);
#1397=CIRCLE('',#6399,3.125);
#1398=CIRCLE('',#6401,3.425);
#1399=CIRCLE('',#6402,0.29999999999988);
#1400=CIRCLE('',#6403,3.425);
#1401=CIRCLE('',#6405,3.65);
#1402=CIRCLE('',#6407,5.9);
#1403=CIRCLE('',#6408,5.9);
#1404=CIRCLE('',#6410,5.9);
#1405=CIRCLE('',#6412,3.85);
#1406=CIRCLE('',#6414,3.85);
#1407=CIRCLE('',#6416,5.2);
#1408=CIRCLE('',#6418,6.);
#1409=CIRCLE('',#6419,6.);
#1410=CIRCLE('',#6421,6.);
#1411=CIRCLE('',#6423,6.05);
#1412=CIRCLE('',#6425,6.25);
#1413=CIRCLE('',#6426,6.25);
#1414=CIRCLE('',#6428,6.25);
#1415=CIRCLE('',#6430,5.);
#1416=CIRCLE('',#6432,3.);
#1417=CIRCLE('',#6433,3.);
#1418=CIRCLE('',#6435,1.65);
#1419=CIRCLE('',#6437,6.25);
#1420=CIRCLE('',#6438,6.25);
#1421=CIRCLE('',#6439,6.25);
#1422=CIRCLE('',#6441,6.05);
#1423=CIRCLE('',#6443,6.);
#1424=CIRCLE('',#6445,6.);
#1425=CIRCLE('',#6446,6.);
#1426=CIRCLE('',#6448,5.2);
#1427=CIRCLE('',#6450,3.85);
#1428=CIRCLE('',#6452,3.85);
#1429=CIRCLE('',#6454,5.9);
#1430=CIRCLE('',#6456,5.9);
#1431=CIRCLE('',#6457,5.9);
#1432=CIRCLE('',#6459,3.65);
#1433=CIRCLE('',#6461,3.42499999999994);
#1434=CIRCLE('',#6463,3.125);
#1435=CIRCLE('',#6464,3.125);
#1436=CIRCLE('',#6465,0.299999999999939);
#1437=CIRCLE('',#6468,5.);
#1438=CIRCLE('',#6475,5.);
#1439=CIRCLE('',#6477,6.25);
#1440=CIRCLE('',#6479,6.25);
#1441=CIRCLE('',#6481,6.05);
#1442=CIRCLE('',#6483,6.);
#1443=CIRCLE('',#6485,6.);
#1444=CIRCLE('',#6486,6.);
#1445=CIRCLE('',#6488,5.2);
#1446=CIRCLE('',#6490,3.85);
#1447=CIRCLE('',#6492,3.85);
#1448=CIRCLE('',#6494,5.9);
#1449=CIRCLE('',#6496,5.9);
#1450=CIRCLE('',#6497,5.9);
#1451=CIRCLE('',#6499,3.65);
#1452=CIRCLE('',#6501,3.42499999999989);
#1453=CIRCLE('',#6503,3.125);
#1454=CIRCLE('',#6504,3.125);
#1455=CIRCLE('',#6505,0.29999999999988);
#1456=CIRCLE('',#6507,3.125);
#1457=CIRCLE('',#6510,3.);
#1458=CIRCLE('',#6511,3.);
#1459=CIRCLE('',#6513,1.65);
#1460=CIRCLE('',#6515,1.65);
#1461=CIRCLE('',#6518,1.65);
#1462=CIRCLE('',#6522,5.8);
#1463=CIRCLE('',#6525,5.8);
#1464=CIRCLE('',#6528,5.8);
#1465=CIRCLE('',#6534,3.4);
#1466=CIRCLE('',#6538,4.125);
#1467=CIRCLE('',#6540,3.4);
#1468=CIRCLE('',#6541,3.4);
#1469=CIRCLE('',#6543,4.125);
#1470=CIRCLE('',#6545,4.125);
#1471=CIRCLE('',#6546,4.125);
#1472=CIRCLE('',#6548,4.425);
#1473=CIRCLE('',#6549,0.299999999999873);
#1474=CIRCLE('',#6550,4.425);
#1475=CIRCLE('',#6552,4.65);
#1476=CIRCLE('',#6554,6.9);
#1477=CIRCLE('',#6555,6.9);
#1478=CIRCLE('',#6557,6.9);
#1479=CIRCLE('',#6559,4.9);
#1480=CIRCLE('',#6561,4.9);
#1481=CIRCLE('',#6563,6.25);
#1482=CIRCLE('',#6565,7.);
#1483=CIRCLE('',#6566,7.);
#1484=CIRCLE('',#6568,7.);
#1485=CIRCLE('',#6570,7.1);
#1486=CIRCLE('',#6572,7.4);
#1487=CIRCLE('',#6573,7.4);
#1488=CIRCLE('',#6575,7.4);
#1489=CIRCLE('',#6578,3.5);
#1490=CIRCLE('',#6579,3.5);
#1491=CIRCLE('',#6581,2.25);
#1492=CIRCLE('',#6583,7.4);
#1493=CIRCLE('',#6584,7.4);
#1494=CIRCLE('',#6585,7.4);
#1495=CIRCLE('',#6587,7.1);
#1496=CIRCLE('',#6589,7.);
#1497=CIRCLE('',#6591,7.);
#1498=CIRCLE('',#6592,7.);
#1499=CIRCLE('',#6594,6.25);
#1500=CIRCLE('',#6596,4.9);
#1501=CIRCLE('',#6598,4.9);
#1502=CIRCLE('',#6600,6.9);
#1503=CIRCLE('',#6602,6.9);
#1504=CIRCLE('',#6603,6.9);
#1505=CIRCLE('',#6605,4.65);
#1506=CIRCLE('',#6607,4.42499999999994);
#1507=CIRCLE('',#6609,4.125);
#1508=CIRCLE('',#6610,4.125);
#1509=CIRCLE('',#6611,0.299999999999939);
#1510=CIRCLE('',#6614,5.8);
#1511=CIRCLE('',#6618,5.8);
#1512=CIRCLE('',#6620,7.4);
#1513=CIRCLE('',#6622,7.4);
#1514=CIRCLE('',#6624,7.1);
#1515=CIRCLE('',#6626,7.);
#1516=CIRCLE('',#6628,7.);
#1517=CIRCLE('',#6629,7.);
#1518=CIRCLE('',#6631,6.25);
#1519=CIRCLE('',#6633,4.9);
#1520=CIRCLE('',#6635,4.9);
#1521=CIRCLE('',#6637,6.9);
#1522=CIRCLE('',#6639,6.9);
#1523=CIRCLE('',#6640,6.9);
#1524=CIRCLE('',#6642,4.65);
#1525=CIRCLE('',#6644,4.42499999999988);
#1526=CIRCLE('',#6646,4.125);
#1527=CIRCLE('',#6647,4.125);
#1528=CIRCLE('',#6648,0.299999999999873);
#1529=CIRCLE('',#6650,4.125);
#1530=CIRCLE('',#6653,3.5);
#1531=CIRCLE('',#6654,3.5);
#1532=CIRCLE('',#6656,2.25);
#1533=CIRCLE('',#6658,2.25);
#1534=CIRCLE('',#6661,2.25);
#1535=CIRCLE('',#6667,4.);
#1536=CIRCLE('',#6671,5.125);
#1537=CIRCLE('',#6673,4.);
#1538=CIRCLE('',#6674,4.);
#1539=CIRCLE('',#6676,5.125);
#1540=CIRCLE('',#6678,5.125);
#1541=CIRCLE('',#6679,5.125);
#1542=CIRCLE('',#6681,5.425);
#1543=CIRCLE('',#6682,0.29999999999988);
#1544=CIRCLE('',#6683,5.425);
#1545=CIRCLE('',#6685,5.5);
#1546=CIRCLE('',#6687,8.3);
#1547=CIRCLE('',#6688,8.3);
#1548=CIRCLE('',#6690,8.3);
#1549=CIRCLE('',#6692,5.9);
#1550=CIRCLE('',#6694,5.9);
#1551=CIRCLE('',#6696,7.3);
#1552=CIRCLE('',#6698,8.5);
#1553=CIRCLE('',#6699,8.5);
#1554=CIRCLE('',#6701,8.5);
#1555=CIRCLE('',#6703,8.55);
#1556=CIRCLE('',#6705,8.75);
#1557=CIRCLE('',#6706,8.75);
#1558=CIRCLE('',#6708,8.75);
#1559=CIRCLE('',#6710,6.75);
#1560=CIRCLE('',#6712,3.5);
#1561=CIRCLE('',#6713,3.5);
#1562=CIRCLE('',#6715,2.15);
#1563=CIRCLE('',#6717,8.75);
#1564=CIRCLE('',#6718,8.75);
#1565=CIRCLE('',#6719,8.75);
#1566=CIRCLE('',#6721,8.55);
#1567=CIRCLE('',#6723,8.5);
#1568=CIRCLE('',#6725,8.5);
#1569=CIRCLE('',#6726,8.5);
#1570=CIRCLE('',#6728,7.3);
#1571=CIRCLE('',#6730,5.9);
#1572=CIRCLE('',#6732,5.9);
#1573=CIRCLE('',#6734,8.3);
#1574=CIRCLE('',#6736,8.3);
#1575=CIRCLE('',#6737,8.3);
#1576=CIRCLE('',#6739,5.5);
#1577=CIRCLE('',#6741,5.42499999999994);
#1578=CIRCLE('',#6743,5.125);
#1579=CIRCLE('',#6744,5.125);
#1580=CIRCLE('',#6745,0.29999999999994);
#1581=CIRCLE('',#6748,6.75);
#1582=CIRCLE('',#6755,6.75);
#1583=CIRCLE('',#6757,8.75);
#1584=CIRCLE('',#6759,8.75);
#1585=CIRCLE('',#6761,8.55);
#1586=CIRCLE('',#6763,8.5);
#1587=CIRCLE('',#6765,8.5);
#1588=CIRCLE('',#6766,8.5);
#1589=CIRCLE('',#6768,7.3);
#1590=CIRCLE('',#6770,5.9);
#1591=CIRCLE('',#6772,5.9);
#1592=CIRCLE('',#6774,8.3);
#1593=CIRCLE('',#6776,8.3);
#1594=CIRCLE('',#6777,8.3);
#1595=CIRCLE('',#6779,5.5);
#1596=CIRCLE('',#6781,5.42499999999989);
#1597=CIRCLE('',#6783,5.125);
#1598=CIRCLE('',#6784,5.125);
#1599=CIRCLE('',#6785,0.299999999999883);
#1600=CIRCLE('',#6787,5.125);
#1601=CIRCLE('',#6790,3.5);
#1602=CIRCLE('',#6791,3.5);
#1603=CIRCLE('',#6793,2.15);
#1604=CIRCLE('',#6795,2.15);
#1605=CIRCLE('',#6798,2.15);
#1606=CIRCLE('',#6804,5.);
#1607=CIRCLE('',#6808,6.125);
#1608=CIRCLE('',#6810,5.);
#1609=CIRCLE('',#6811,5.);
#1610=CIRCLE('',#6813,6.125);
#1611=CIRCLE('',#6815,6.125);
#1612=CIRCLE('',#6816,6.125);
#1613=CIRCLE('',#6818,6.425);
#1614=CIRCLE('',#6819,0.299999999999874);
#1615=CIRCLE('',#6820,6.425);
#1616=CIRCLE('',#6822,6.75);
#1617=CIRCLE('',#6824,9.5);
#1618=CIRCLE('',#6825,9.5);
#1619=CIRCLE('',#6827,9.5);
#1620=CIRCLE('',#6829,6.95);
#1621=CIRCLE('',#6831,6.95);
#1622=CIRCLE('',#6833,8.5);
#1623=CIRCLE('',#6835,10.);
#1624=CIRCLE('',#6836,10.);
#1625=CIRCLE('',#6838,10.);
#1626=CIRCLE('',#6840,10.05);
#1627=CIRCLE('',#6842,10.25);
#1628=CIRCLE('',#6843,10.25);
#1629=CIRCLE('',#6845,10.25);
#1630=CIRCLE('',#6847,7.75);
#1631=CIRCLE('',#6849,3.5);
#1632=CIRCLE('',#6850,3.5);
#1633=CIRCLE('',#6852,2.15);
#1634=CIRCLE('',#6854,10.25);
#1635=CIRCLE('',#6855,10.25);
#1636=CIRCLE('',#6856,10.25);
#1637=CIRCLE('',#6858,10.05);
#1638=CIRCLE('',#6860,10.);
#1639=CIRCLE('',#6862,10.);
#1640=CIRCLE('',#6863,10.);
#1641=CIRCLE('',#6865,8.5);
#1642=CIRCLE('',#6867,6.95);
#1643=CIRCLE('',#6869,6.95);
#1644=CIRCLE('',#6871,9.5);
#1645=CIRCLE('',#6873,9.5);
#1646=CIRCLE('',#6874,9.5);
#1647=CIRCLE('',#6876,6.75);
#1648=CIRCLE('',#6878,6.425);
#1649=CIRCLE('',#6880,6.125);
#1650=CIRCLE('',#6881,6.125);
#1651=CIRCLE('',#6882,0.299999999999939);
#1652=CIRCLE('',#6885,7.75);
#1653=CIRCLE('',#6892,7.75);
#1654=CIRCLE('',#6894,10.25);
#1655=CIRCLE('',#6896,10.25);
#1656=CIRCLE('',#6898,10.05);
#1657=CIRCLE('',#6900,10.);
#1658=CIRCLE('',#6902,10.);
#1659=CIRCLE('',#6903,10.);
#1660=CIRCLE('',#6905,8.5);
#1661=CIRCLE('',#6907,6.95);
#1662=CIRCLE('',#6909,6.95);
#1663=CIRCLE('',#6911,9.5);
#1664=CIRCLE('',#6913,9.5);
#1665=CIRCLE('',#6914,9.5);
#1666=CIRCLE('',#6916,6.75);
#1667=CIRCLE('',#6918,6.42499999999988);
#1668=CIRCLE('',#6920,6.125);
#1669=CIRCLE('',#6921,6.125);
#1670=CIRCLE('',#6922,0.299999999999883);
#1671=CIRCLE('',#6924,6.125);
#1672=CIRCLE('',#6927,3.5);
#1673=CIRCLE('',#6928,3.5);
#1674=CIRCLE('',#6930,2.15);
#1675=CIRCLE('',#6932,2.15);
#1676=CIRCLE('',#6935,2.15);
#1677=CIRCLE('',#6941,6.5);
#1678=CIRCLE('',#6945,8.15);
#1679=CIRCLE('',#6947,6.5);
#1680=CIRCLE('',#6948,6.5);
#1681=CIRCLE('',#6950,8.15);
#1682=CIRCLE('',#6952,8.15);
#1683=CIRCLE('',#6953,8.15);
#1684=CIRCLE('',#6955,8.45);
#1685=CIRCLE('',#6956,0.299999999999856);
#1686=CIRCLE('',#6957,8.45);
#1687=CIRCLE('',#6959,8.476);
#1688=CIRCLE('',#6961,12.6);
#1689=CIRCLE('',#6962,12.6);
#1690=CIRCLE('',#6964,12.6);
#1691=CIRCLE('',#6966,9.5);
#1692=CIRCLE('',#6968,9.);
#1693=CIRCLE('',#6970,9.);
#1694=CIRCLE('',#6972,11.);
#1695=CIRCLE('',#6974,12.5);
#1696=CIRCLE('',#6975,12.5);
#1697=CIRCLE('',#6977,12.5);
#1698=CIRCLE('',#6979,12.75);
#1699=CIRCLE('',#6981,12.75);
#1700=CIRCLE('',#6983,10.2);
#1701=CIRCLE('',#6985,4.15);
#1702=CIRCLE('',#6986,4.15);
#1703=CIRCLE('',#6988,2.65);
#1704=CIRCLE('',#6990,12.75);
#1705=CIRCLE('',#6991,12.75);
#1706=CIRCLE('',#6992,12.75);
#1707=CIRCLE('',#6994,12.5);
#1708=CIRCLE('',#6995,12.5);
#1709=CIRCLE('',#6997,12.5);
#1710=CIRCLE('',#6998,12.5);
#1711=CIRCLE('',#7000,11.);
#1712=CIRCLE('',#7002,9.);
#1713=CIRCLE('',#7004,9.);
#1714=CIRCLE('',#7005,9.);
#1715=CIRCLE('',#7007,9.5);
#1716=CIRCLE('',#7009,12.6);
#1717=CIRCLE('',#7011,12.6);
#1718=CIRCLE('',#7012,12.6);
#1719=CIRCLE('',#7014,8.476);
#1720=CIRCLE('',#7016,8.45);
#1721=CIRCLE('',#7018,8.15);
#1722=CIRCLE('',#7019,8.15);
#1723=CIRCLE('',#7020,0.299999999999936);
#1724=CIRCLE('',#7023,10.2);
#1725=CIRCLE('',#7030,10.2);
#1726=CIRCLE('',#7032,12.75);
#1727=CIRCLE('',#7034,12.75);
#1728=CIRCLE('',#7036,12.5);
#1729=CIRCLE('',#7037,12.5);
#1730=CIRCLE('',#7039,12.5);
#1731=CIRCLE('',#7040,12.5);
#1732=CIRCLE('',#7042,11.);
#1733=CIRCLE('',#7044,9.);
#1734=CIRCLE('',#7046,9.);
#1735=CIRCLE('',#7047,9.);
#1736=CIRCLE('',#7049,9.5);
#1737=CIRCLE('',#7051,12.6);
#1738=CIRCLE('',#7053,12.6);
#1739=CIRCLE('',#7054,12.6);
#1740=CIRCLE('',#7056,8.476);
#1741=CIRCLE('',#7058,8.44999999999986);
#1742=CIRCLE('',#7060,8.15);
#1743=CIRCLE('',#7061,8.15);
#1744=CIRCLE('',#7062,0.299999999999856);
#1745=CIRCLE('',#7064,8.15);
#1746=CIRCLE('',#7067,4.15);
#1747=CIRCLE('',#7068,4.15);
#1748=CIRCLE('',#7070,2.65);
#1749=CIRCLE('',#7072,2.65);
#1750=CIRCLE('',#7075,2.65);
#1751=LINE('',#9003,#1980);
#1752=LINE('',#9014,#1981);
#1753=LINE('',#9016,#1982);
#1754=LINE('',#9025,#1983);
#1755=LINE('',#9139,#1984);
#1756=LINE('',#9143,#1985);
#1757=LINE('',#9150,#1986);
#1758=LINE('',#9159,#1987);
#1759=LINE('',#9163,#1988);
#1760=LINE('',#9172,#1989);
#1761=LINE('',#9199,#1990);
#1762=LINE('',#9288,#1991);
#1763=LINE('',#9358,#1992);
#1764=LINE('',#9368,#1993);
#1765=LINE('',#9371,#1994);
#1766=LINE('',#9379,#1995);
#1767=LINE('',#9388,#1996);
#1768=LINE('',#9391,#1997);
#1769=LINE('',#9403,#1998);
#1770=LINE('',#9468,#1999);
#1771=LINE('',#9496,#2000);
#1772=LINE('',#9521,#2001);
#1773=LINE('',#9525,#2002);
#1774=LINE('',#9528,#2003);
#1775=LINE('',#9538,#2004);
#1776=LINE('',#9541,#2005);
#1777=LINE('',#9549,#2006);
#1778=LINE('',#9558,#2007);
#1779=LINE('',#9561,#2008);
#1780=LINE('',#9575,#2009);
#1781=LINE('',#9580,#2010);
#1782=LINE('',#9582,#2011);
#1783=LINE('',#9590,#2012);
#1784=LINE('',#9600,#2013);
#1785=LINE('',#9611,#2014);
#1786=LINE('',#9613,#2015);
#1787=LINE('',#9622,#2016);
#1788=LINE('',#9736,#2017);
#1789=LINE('',#9740,#2018);
#1790=LINE('',#9747,#2019);
#1791=LINE('',#9756,#2020);
#1792=LINE('',#9760,#2021);
#1793=LINE('',#9769,#2022);
#1794=LINE('',#9794,#2023);
#1795=LINE('',#9825,#2024);
#1796=LINE('',#9838,#2025);
#1797=LINE('',#9840,#2026);
#1798=LINE('',#9894,#2027);
#1799=LINE('',#9928,#2028);
#1800=LINE('',#9938,#2029);
#1801=LINE('',#9941,#2030);
#1802=LINE('',#9949,#2031);
#1803=LINE('',#9958,#2032);
#1804=LINE('',#9961,#2033);
#1805=LINE('',#9973,#2034);
#1806=LINE('',#9985,#2035);
#1807=LINE('',#9997,#2036);
#1808=LINE('',#10008,#2037);
#1809=LINE('',#10009,#2038);
#1810=LINE('',#10023,#2039);
#1811=LINE('',#10036,#2040);
#1812=LINE('',#10077,#2041);
#1813=LINE('',#10087,#2042);
#1814=LINE('',#10090,#2043);
#1815=LINE('',#10098,#2044);
#1816=LINE('',#10107,#2045);
#1817=LINE('',#10110,#2046);
#1818=LINE('',#10124,#2047);
#1819=LINE('',#10129,#2048);
#1820=LINE('',#10131,#2049);
#1821=LINE('',#10140,#2050);
#1822=LINE('',#10145,#2051);
#1823=LINE('',#10150,#2052);
#1824=LINE('',#10157,#2053);
#1825=LINE('',#10174,#2054);
#1826=LINE('',#10185,#2055);
#1827=LINE('',#10187,#2056);
#1828=LINE('',#10196,#2057);
#1829=LINE('',#10334,#2058);
#1830=LINE('',#10338,#2059);
#1831=LINE('',#10345,#2060);
#1832=LINE('',#10354,#2061);
#1833=LINE('',#10358,#2062);
#1834=LINE('',#10367,#2063);
#1835=LINE('',#10394,#2064);
#1836=LINE('',#10424,#2065);
#1837=LINE('',#10434,#2066);
#1838=LINE('',#10436,#2067);
#1839=LINE('',#10490,#2068);
#1840=LINE('',#10528,#2069);
#1841=LINE('',#10538,#2070);
#1842=LINE('',#10541,#2071);
#1843=LINE('',#10549,#2072);
#1844=LINE('',#10558,#2073);
#1845=LINE('',#10561,#2074);
#1846=LINE('',#10573,#2075);
#1847=LINE('',#10585,#2076);
#1848=LINE('',#10596,#2077);
#1849=LINE('',#10611,#2078);
#1850=LINE('',#10622,#2079);
#1851=LINE('',#10667,#2080);
#1852=LINE('',#10677,#2081);
#1853=LINE('',#10680,#2082);
#1854=LINE('',#10688,#2083);
#1855=LINE('',#10697,#2084);
#1856=LINE('',#10700,#2085);
#1857=LINE('',#10714,#2086);
#1858=LINE('',#10719,#2087);
#1859=LINE('',#10721,#2088);
#1860=LINE('',#10730,#2089);
#1861=LINE('',#10735,#2090);
#1862=LINE('',#10744,#2091);
#1863=LINE('',#10755,#2092);
#1864=LINE('',#10757,#2093);
#1865=LINE('',#10766,#2094);
#1866=LINE('',#10904,#2095);
#1867=LINE('',#10908,#2096);
#1868=LINE('',#10915,#2097);
#1869=LINE('',#10924,#2098);
#1870=LINE('',#10928,#2099);
#1871=LINE('',#10937,#2100);
#1872=LINE('',#10970,#2101);
#1873=LINE('',#11007,#2102);
#1874=LINE('',#11032,#2103);
#1875=LINE('',#11034,#2104);
#1876=LINE('',#11088,#2105);
#1877=LINE('',#11134,#2106);
#1878=LINE('',#11144,#2107);
#1879=LINE('',#11147,#2108);
#1880=LINE('',#11155,#2109);
#1881=LINE('',#11164,#2110);
#1882=LINE('',#11167,#2111);
#1883=LINE('',#11179,#2112);
#1884=LINE('',#11191,#2113);
#1885=LINE('',#11203,#2114);
#1886=LINE('',#11237,#2115);
#1887=LINE('',#11248,#2116);
#1888=LINE('',#11305,#2117);
#1889=LINE('',#11315,#2118);
#1890=LINE('',#11318,#2119);
#1891=LINE('',#11326,#2120);
#1892=LINE('',#11335,#2121);
#1893=LINE('',#11338,#2122);
#1894=LINE('',#11352,#2123);
#1895=LINE('',#11357,#2124);
#1896=LINE('',#11359,#2125);
#1897=LINE('',#11368,#2126);
#1898=LINE('',#11373,#2127);
#1899=LINE('',#11382,#2128);
#1900=LINE('',#11393,#2129);
#1901=LINE('',#11395,#2130);
#1902=LINE('',#11404,#2131);
#1903=LINE('',#11542,#2132);
#1904=LINE('',#11546,#2133);
#1905=LINE('',#11553,#2134);
#1906=LINE('',#11562,#2135);
#1907=LINE('',#11566,#2136);
#1908=LINE('',#11575,#2137);
#1909=LINE('',#11606,#2138);
#1910=LINE('',#11641,#2139);
#1911=LINE('',#11652,#2140);
#1912=LINE('',#11654,#2141);
#1913=LINE('',#11708,#2142);
#1914=LINE('',#11750,#2143);
#1915=LINE('',#11760,#2144);
#1916=LINE('',#11763,#2145);
#1917=LINE('',#11771,#2146);
#1918=LINE('',#11780,#2147);
#1919=LINE('',#11783,#2148);
#1920=LINE('',#11795,#2149);
#1921=LINE('',#11807,#2150);
#1922=LINE('',#11819,#2151);
#1923=LINE('',#11830,#2152);
#1924=LINE('',#11831,#2153);
#1925=LINE('',#11843,#2154);
#1926=LINE('',#11854,#2155);
#1927=LINE('',#11907,#2156);
#1928=LINE('',#11917,#2157);
#1929=LINE('',#11920,#2158);
#1930=LINE('',#11928,#2159);
#1931=LINE('',#11937,#2160);
#1932=LINE('',#11940,#2161);
#1933=LINE('',#11954,#2162);
#1934=LINE('',#11959,#2163);
#1935=LINE('',#11961,#2164);
#1936=LINE('',#11970,#2165);
#1937=LINE('',#11975,#2166);
#1938=LINE('',#11984,#2167);
#1939=LINE('',#11995,#2168);
#1940=LINE('',#11997,#2169);
#1941=LINE('',#12006,#2170);
#1942=LINE('',#12144,#2171);
#1943=LINE('',#12148,#2172);
#1944=LINE('',#12154,#2173);
#1945=LINE('',#12159,#2174);
#1946=LINE('',#12168,#2175);
#1947=LINE('',#12172,#2176);
#1948=LINE('',#12176,#2177);
#1949=LINE('',#12205,#2178);
#1950=LINE('',#12238,#2179);
#1951=LINE('',#12249,#2180);
#1952=LINE('',#12251,#2181);
#1953=LINE('',#12309,#2182);
#1954=LINE('',#12355,#2183);
#1955=LINE('',#12364,#2184);
#1956=LINE('',#12367,#2185);
#1957=LINE('',#12377,#2186);
#1958=LINE('',#12381,#2187);
#1959=LINE('',#12390,#2188);
#1960=LINE('',#12393,#2189);
#1961=LINE('',#12405,#2190);
#1962=LINE('',#12415,#2191);
#1963=LINE('',#12425,#2192);
#1964=LINE('',#12436,#2193);
#1965=LINE('',#12437,#2194);
#1966=LINE('',#12449,#2195);
#1967=LINE('',#12460,#2196);
#1968=LINE('',#12509,#2197);
#1969=LINE('',#12518,#2198);
#1970=LINE('',#12521,#2199);
#1971=LINE('',#12531,#2200);
#1972=LINE('',#12535,#2201);
#1973=LINE('',#12544,#2202);
#1974=LINE('',#12547,#2203);
#1975=LINE('',#12561,#2204);
#1976=LINE('',#12566,#2205);
#1977=LINE('',#12568,#2206);
#1978=LINE('',#12577,#2207);
#1979=LINE('',#12582,#2208);
#1980=VECTOR('',#7093,1.7);
#1981=VECTOR('',#7108,1.7);
#1982=VECTOR('',#7109,1.7);
#1983=VECTOR('',#7120,2.125);
#1984=VECTOR('',#7141,2.55);
#1985=VECTOR('',#7146,4.85);
#1986=VECTOR('',#7155,2.8);
#1987=VECTOR('',#7166,4.);
#1988=VECTOR('',#7171,5.);
#1989=VECTOR('',#7182,5.05);
#1990=VECTOR('',#7187,5.25);
#1991=VECTOR('',#7202,5.25);
#1992=VECTOR('',#7207,5.25);
#1993=VECTOR('',#7220,5.);
#1994=VECTOR('',#7223,5.);
#1995=VECTOR('',#7234,2.8);
#1996=VECTOR('',#7245,4.85);
#1997=VECTOR('',#7248,4.85);
#1998=VECTOR('',#7265,2.125);
#1999=VECTOR('',#7294,3.);
#2000=VECTOR('',#7295,3.);
#2001=VECTOR('',#7308,1.65);
#2002=VECTOR('',#7313,5.25);
#2003=VECTOR('',#7316,5.25);
#2004=VECTOR('',#7329,5.);
#2005=VECTOR('',#7332,5.);
#2006=VECTOR('',#7343,2.8);
#2007=VECTOR('',#7354,4.85);
#2008=VECTOR('',#7357,4.85);
#2009=VECTOR('',#7376,2.125);
#2010=VECTOR('',#7383,3.);
#2011=VECTOR('',#7384,3.);
#2012=VECTOR('',#7395,1.65);
#2013=VECTOR('',#7406,2.5);
#2014=VECTOR('',#7421,2.5);
#2015=VECTOR('',#7422,2.5);
#2016=VECTOR('',#7433,3.125);
#2017=VECTOR('',#7454,3.65);
#2018=VECTOR('',#7459,5.9);
#2019=VECTOR('',#7468,3.85);
#2020=VECTOR('',#7479,5.2);
#2021=VECTOR('',#7484,6.);
#2022=VECTOR('',#7495,6.05);
#2023=VECTOR('',#7500,6.25);
#2024=VECTOR('',#7503,6.25);
#2025=VECTOR('',#7510,3.);
#2026=VECTOR('',#7511,3.);
#2027=VECTOR('',#7522,6.25);
#2028=VECTOR('',#7529,6.25);
#2029=VECTOR('',#7542,6.);
#2030=VECTOR('',#7545,6.);
#2031=VECTOR('',#7556,3.85);
#2032=VECTOR('',#7567,5.9);
#2033=VECTOR('',#7570,5.9);
#2034=VECTOR('',#7587,3.125);
#2035=VECTOR('',#7590,5.);
#2036=VECTOR('',#7595,5.);
#2037=VECTOR('',#7608,5.);
#2038=VECTOR('',#7609,5.);
#2039=VECTOR('',#7614,5.);
#2040=VECTOR('',#7619,6.25);
#2041=VECTOR('',#7622,6.25);
#2042=VECTOR('',#7635,6.);
#2043=VECTOR('',#7638,6.);
#2044=VECTOR('',#7649,3.85);
#2045=VECTOR('',#7660,5.9);
#2046=VECTOR('',#7663,5.9);
#2047=VECTOR('',#7682,3.125);
#2048=VECTOR('',#7689,3.);
#2049=VECTOR('',#7690,3.);
#2050=VECTOR('',#7703,1.65);
#2051=VECTOR('',#7710,1.65);
#2052=VECTOR('',#7715,5.8);
#2053=VECTOR('',#7722,5.8);
#2054=VECTOR('',#7741,3.4);
#2055=VECTOR('',#7756,3.4);
#2056=VECTOR('',#7757,3.4);
#2057=VECTOR('',#7768,4.125);
#2058=VECTOR('',#7789,4.65);
#2059=VECTOR('',#7794,6.9);
#2060=VECTOR('',#7803,4.9);
#2061=VECTOR('',#7814,6.25);
#2062=VECTOR('',#7819,7.);
#2063=VECTOR('',#7830,7.1);
#2064=VECTOR('',#7835,7.4);
#2065=VECTOR('',#7838,7.4);
#2066=VECTOR('',#7843,3.5);
#2067=VECTOR('',#7844,3.5);
#2068=VECTOR('',#7855,7.4);
#2069=VECTOR('',#7862,7.4);
#2070=VECTOR('',#7875,7.);
#2071=VECTOR('',#7878,7.);
#2072=VECTOR('',#7889,4.9);
#2073=VECTOR('',#7900,6.9);
#2074=VECTOR('',#7903,6.9);
#2075=VECTOR('',#7920,4.125);
#2076=VECTOR('',#7923,5.8);
#2077=VECTOR('',#7928,5.8);
#2078=VECTOR('',#7939,5.8);
#2079=VECTOR('',#7944,7.4);
#2080=VECTOR('',#7947,7.4);
#2081=VECTOR('',#7960,7.);
#2082=VECTOR('',#7963,7.);
#2083=VECTOR('',#7974,4.9);
#2084=VECTOR('',#7985,6.9);
#2085=VECTOR('',#7988,6.9);
#2086=VECTOR('',#8007,4.125);
#2087=VECTOR('',#8014,3.5);
#2088=VECTOR('',#8015,3.5);
#2089=VECTOR('',#8028,2.25);
#2090=VECTOR('',#8035,2.25);
#2091=VECTOR('',#8044,4.);
#2092=VECTOR('',#8059,4.);
#2093=VECTOR('',#8060,4.);
#2094=VECTOR('',#8071,5.125);
#2095=VECTOR('',#8092,5.5);
#2096=VECTOR('',#8097,8.3);
#2097=VECTOR('',#8106,5.9);
#2098=VECTOR('',#8117,7.3);
#2099=VECTOR('',#8122,8.5);
#2100=VECTOR('',#8133,8.55);
#2101=VECTOR('',#8138,8.75);
#2102=VECTOR('',#8141,8.75);
#2103=VECTOR('',#8148,3.5);
#2104=VECTOR('',#8149,3.5);
#2105=VECTOR('',#8160,8.75);
#2106=VECTOR('',#8167,8.75);
#2107=VECTOR('',#8180,8.5);
#2108=VECTOR('',#8183,8.5);
#2109=VECTOR('',#8194,5.9);
#2110=VECTOR('',#8205,8.3);
#2111=VECTOR('',#8208,8.3);
#2112=VECTOR('',#8225,5.125);
#2113=VECTOR('',#8228,6.75);
#2114=VECTOR('',#8233,6.75);
#2115=VECTOR('',#8250,6.75);
#2116=VECTOR('',#8255,8.75);
#2117=VECTOR('',#8258,8.75);
#2118=VECTOR('',#8271,8.5);
#2119=VECTOR('',#8274,8.5);
#2120=VECTOR('',#8285,5.9);
#2121=VECTOR('',#8296,8.3);
#2122=VECTOR('',#8299,8.3);
#2123=VECTOR('',#8318,5.125);
#2124=VECTOR('',#8325,3.5);
#2125=VECTOR('',#8326,3.5);
#2126=VECTOR('',#8339,2.15);
#2127=VECTOR('',#8346,2.15);
#2128=VECTOR('',#8355,5.);
#2129=VECTOR('',#8370,5.);
#2130=VECTOR('',#8371,5.);
#2131=VECTOR('',#8382,6.125);
#2132=VECTOR('',#8403,6.75);
#2133=VECTOR('',#8408,9.5);
#2134=VECTOR('',#8417,6.95);
#2135=VECTOR('',#8428,8.5);
#2136=VECTOR('',#8433,10.);
#2137=VECTOR('',#8444,10.05);
#2138=VECTOR('',#8449,10.25);
#2139=VECTOR('',#8452,10.25);
#2140=VECTOR('',#8459,3.5);
#2141=VECTOR('',#8460,3.5);
#2142=VECTOR('',#8471,10.25);
#2143=VECTOR('',#8478,10.25);
#2144=VECTOR('',#8491,10.);
#2145=VECTOR('',#8494,10.);
#2146=VECTOR('',#8505,6.95);
#2147=VECTOR('',#8516,9.5);
#2148=VECTOR('',#8519,9.5);
#2149=VECTOR('',#8536,6.125);
#2150=VECTOR('',#8539,7.75);
#2151=VECTOR('',#8544,7.75);
#2152=VECTOR('',#8557,7.75);
#2153=VECTOR('',#8558,7.75);
#2154=VECTOR('',#8563,7.75);
#2155=VECTOR('',#8568,10.25);
#2156=VECTOR('',#8571,10.25);
#2157=VECTOR('',#8584,10.);
#2158=VECTOR('',#8587,10.);
#2159=VECTOR('',#8598,6.95);
#2160=VECTOR('',#8609,9.5);
#2161=VECTOR('',#8612,9.5);
#2162=VECTOR('',#8631,6.125);
#2163=VECTOR('',#8638,3.5);
#2164=VECTOR('',#8639,3.5);
#2165=VECTOR('',#8652,2.15);
#2166=VECTOR('',#8659,2.15);
#2167=VECTOR('',#8668,6.5);
#2168=VECTOR('',#8683,6.5);
#2169=VECTOR('',#8684,6.5);
#2170=VECTOR('',#8695,8.15);
#2171=VECTOR('',#8716,8.476);
#2172=VECTOR('',#8721,12.6);
#2173=VECTOR('',#8728,9.5);
#2174=VECTOR('',#8735,9.);
#2175=VECTOR('',#8746,11.);
#2176=VECTOR('',#8751,12.5);
#2177=VECTOR('',#8756,12.5);
#2178=VECTOR('',#8761,12.75);
#2179=VECTOR('',#8764,12.75);
#2180=VECTOR('',#8771,4.15);
#2181=VECTOR('',#8772,4.15);
#2182=VECTOR('',#8783,12.75);
#2183=VECTOR('',#8790,12.75);
#2184=VECTOR('',#8801,12.5);
#2185=VECTOR('',#8804,12.5);
#2186=VECTOR('',#8817,9.);
#2187=VECTOR('',#8822,9.);
#2188=VECTOR('',#8833,12.6);
#2189=VECTOR('',#8836,12.6);
#2190=VECTOR('',#8853,8.15);
#2191=VECTOR('',#8856,10.2);
#2192=VECTOR('',#8861,10.2);
#2193=VECTOR('',#8874,10.2);
#2194=VECTOR('',#8875,10.2);
#2195=VECTOR('',#8880,10.2);
#2196=VECTOR('',#8885,12.75);
#2197=VECTOR('',#8888,12.75);
#2198=VECTOR('',#8899,12.5);
#2199=VECTOR('',#8902,12.5);
#2200=VECTOR('',#8915,9.);
#2201=VECTOR('',#8920,9.);
#2202=VECTOR('',#8931,12.6);
#2203=VECTOR('',#8934,12.6);
#2204=VECTOR('',#8953,8.15);
#2205=VECTOR('',#8960,4.15);
#2206=VECTOR('',#8961,4.15);
#2207=VECTOR('',#8974,2.65);
#2208=VECTOR('',#8981,2.65);
#2209=ELLIPSE('',#6245,2.40416305603426,1.7);
#2210=ELLIPSE('',#6246,2.40416305603426,1.7);
#2211=ELLIPSE('',#6248,2.40416305603426,1.7);
#2212=ELLIPSE('',#6249,2.40416305603426,1.7);
#2213=ELLIPSE('',#6327,6.01040764008565,4.25);
#2214=ELLIPSE('',#6328,6.01040764008565,4.25);
#2215=ELLIPSE('',#6331,6.01040764008565,4.25);
#2216=ELLIPSE('',#6332,6.01040764008565,4.25);
#2217=ELLIPSE('',#6385,3.53553390593274,2.5);
#2218=ELLIPSE('',#6386,3.53553390593274,2.5);
#2219=ELLIPSE('',#6388,3.53553390593274,2.5);
#2220=ELLIPSE('',#6389,3.53553390593274,2.5);
#2221=ELLIPSE('',#6470,7.07106781186548,5.);
#2222=ELLIPSE('',#6471,7.07106781186548,5.);
#2223=ELLIPSE('',#6472,7.07106781186548,5.);
#2224=ELLIPSE('',#6473,7.07106781186548,5.);
#2225=ELLIPSE('',#6523,8.20243866176395,5.8);
#2226=ELLIPSE('',#6526,8.20243866176395,5.8);
#2227=ELLIPSE('',#6527,8.20243866176395,5.8);
#2228=ELLIPSE('',#6529,8.20243866176395,5.8);
#2229=ELLIPSE('',#6530,8.20243866176395,5.8);
#2230=ELLIPSE('',#6532,4.80832611206853,3.4);
#2231=ELLIPSE('',#6533,4.80832611206852,3.4);
#2232=ELLIPSE('',#6535,4.80832611206852,3.4);
#2233=ELLIPSE('',#6536,4.80832611206853,3.4);
#2234=ELLIPSE('',#6616,8.20243866176395,5.8);
#2235=ELLIPSE('',#6665,5.65685424949238,4.);
#2236=ELLIPSE('',#6666,5.65685424949238,4.);
#2237=ELLIPSE('',#6668,5.65685424949238,4.);
#2238=ELLIPSE('',#6669,5.65685424949238,4.);
#2239=ELLIPSE('',#6750,9.54594154601839,6.75);
#2240=ELLIPSE('',#6751,9.54594154601839,6.75);
#2241=ELLIPSE('',#6752,9.54594154601839,6.75);
#2242=ELLIPSE('',#6753,9.54594154601839,6.75);
#2243=ELLIPSE('',#6802,7.07106781186548,5.);
#2244=ELLIPSE('',#6803,7.07106781186547,5.);
#2245=ELLIPSE('',#6805,7.07106781186547,5.);
#2246=ELLIPSE('',#6806,7.07106781186548,5.);
#2247=ELLIPSE('',#6887,10.9601551083915,7.75);
#2248=ELLIPSE('',#6888,10.9601551083915,7.75);
#2249=ELLIPSE('',#6889,10.9601551083915,7.75);
#2250=ELLIPSE('',#6890,10.9601551083915,7.75);
#2251=ELLIPSE('',#6939,9.19238815542512,6.5);
#2252=ELLIPSE('',#6940,9.19238815542512,6.5);
#2253=ELLIPSE('',#6942,9.19238815542512,6.5);
#2254=ELLIPSE('',#6943,9.19238815542512,6.5);
#2255=ELLIPSE('',#7025,14.4249783362056,10.2);
#2256=ELLIPSE('',#7026,14.4249783362056,10.2);
#2257=ELLIPSE('',#7027,14.4249783362056,10.2);
#2258=ELLIPSE('',#7028,14.4249783362056,10.2);
#2259=VERTEX_POINT('',#8997);
#2260=VERTEX_POINT('',#8998);
#2261=VERTEX_POINT('',#9000);
#2262=VERTEX_POINT('',#9002);
#2263=VERTEX_POINT('',#9005);
#2264=VERTEX_POINT('',#9009);
#2265=VERTEX_POINT('',#9012);
#2266=VERTEX_POINT('',#9015);
#2267=VERTEX_POINT('',#9019);
#2268=VERTEX_POINT('',#9022);
#2269=VERTEX_POINT('',#9023);
#2270=VERTEX_POINT('',#9028);
#2271=VERTEX_POINT('',#9029);
#2272=VERTEX_POINT('',#9127);
#2273=VERTEX_POINT('',#9132);
#2274=VERTEX_POINT('',#9135);
#2275=VERTEX_POINT('',#9136);
#2276=VERTEX_POINT('',#9141);
#2277=VERTEX_POINT('',#9145);
#2278=VERTEX_POINT('',#9148);
#2279=VERTEX_POINT('',#9152);
#2280=VERTEX_POINT('',#9155);
#2281=VERTEX_POINT('',#9156);
#2282=VERTEX_POINT('',#9161);
#2283=VERTEX_POINT('',#9165);
#2284=VERTEX_POINT('',#9168);
#2285=VERTEX_POINT('',#9169);
#2286=VERTEX_POINT('',#9174);
#2287=VERTEX_POINT('',#9175);
#2288=VERTEX_POINT('',#9177);
#2289=VERTEX_POINT('',#9186);
#2290=VERTEX_POINT('',#9200);
#2291=VERTEX_POINT('',#9222);
#2292=VERTEX_POINT('',#9229);
#2293=VERTEX_POINT('',#9236);
#2294=VERTEX_POINT('',#9241);
#2295=VERTEX_POINT('',#9248);
#2296=VERTEX_POINT('',#9250);
#2297=VERTEX_POINT('',#9262);
#2298=VERTEX_POINT('',#9269);
#2299=VERTEX_POINT('',#9271);
#2300=VERTEX_POINT('',#9276);
#2301=VERTEX_POINT('',#9285);
#2302=VERTEX_POINT('',#9287);
#2303=VERTEX_POINT('',#9305);
#2304=VERTEX_POINT('',#9337);
#2305=VERTEX_POINT('',#9357);
#2306=VERTEX_POINT('',#9361);
#2307=VERTEX_POINT('',#9364);
#2308=VERTEX_POINT('',#9365);
#2309=VERTEX_POINT('',#9370);
#2310=VERTEX_POINT('',#9374);
#2311=VERTEX_POINT('',#9377);
#2312=VERTEX_POINT('',#9381);
#2313=VERTEX_POINT('',#9384);
#2314=VERTEX_POINT('',#9385);
#2315=VERTEX_POINT('',#9390);
#2316=VERTEX_POINT('',#9394);
#2317=VERTEX_POINT('',#9397);
#2318=VERTEX_POINT('',#9398);
#2319=VERTEX_POINT('',#9411);
#2320=VERTEX_POINT('',#9418);
#2321=VERTEX_POINT('',#9425);
#2322=VERTEX_POINT('',#9432);
#2323=VERTEX_POINT('',#9436);
#2324=VERTEX_POINT('',#9438);
#2325=VERTEX_POINT('',#9449);
#2326=VERTEX_POINT('',#9456);
#2327=VERTEX_POINT('',#9465);
#2328=VERTEX_POINT('',#9467);
#2329=VERTEX_POINT('',#9469);
#2330=VERTEX_POINT('',#9482);
#2331=VERTEX_POINT('',#9495);
#2332=VERTEX_POINT('',#9515);
#2333=VERTEX_POINT('',#9518);
#2334=VERTEX_POINT('',#9523);
#2335=VERTEX_POINT('',#9527);
#2336=VERTEX_POINT('',#9531);
#2337=VERTEX_POINT('',#9534);
#2338=VERTEX_POINT('',#9535);
#2339=VERTEX_POINT('',#9540);
#2340=VERTEX_POINT('',#9544);
#2341=VERTEX_POINT('',#9547);
#2342=VERTEX_POINT('',#9551);
#2343=VERTEX_POINT('',#9554);
#2344=VERTEX_POINT('',#9555);
#2345=VERTEX_POINT('',#9560);
#2346=VERTEX_POINT('',#9564);
#2347=VERTEX_POINT('',#9567);
#2348=VERTEX_POINT('',#9568);
#2349=VERTEX_POINT('',#9573);
#2350=VERTEX_POINT('',#9578);
#2351=VERTEX_POINT('',#9581);
#2352=VERTEX_POINT('',#9585);
#2353=VERTEX_POINT('',#9588);
#2354=VERTEX_POINT('',#9594);
#2355=VERTEX_POINT('',#9595);
#2356=VERTEX_POINT('',#9597);
#2357=VERTEX_POINT('',#9599);
#2358=VERTEX_POINT('',#9602);
#2359=VERTEX_POINT('',#9606);
#2360=VERTEX_POINT('',#9609);
#2361=VERTEX_POINT('',#9612);
#2362=VERTEX_POINT('',#9616);
#2363=VERTEX_POINT('',#9619);
#2364=VERTEX_POINT('',#9620);
#2365=VERTEX_POINT('',#9625);
#2366=VERTEX_POINT('',#9626);
#2367=VERTEX_POINT('',#9724);
#2368=VERTEX_POINT('',#9729);
#2369=VERTEX_POINT('',#9732);
#2370=VERTEX_POINT('',#9733);
#2371=VERTEX_POINT('',#9738);
#2372=VERTEX_POINT('',#9742);
#2373=VERTEX_POINT('',#9745);
#2374=VERTEX_POINT('',#9749);
#2375=VERTEX_POINT('',#9752);
#2376=VERTEX_POINT('',#9753);
#2377=VERTEX_POINT('',#9758);
#2378=VERTEX_POINT('',#9762);
#2379=VERTEX_POINT('',#9765);
#2380=VERTEX_POINT('',#9766);
#2381=VERTEX_POINT('',#9771);
#2382=VERTEX_POINT('',#9772);
#2383=VERTEX_POINT('',#9774);
#2384=VERTEX_POINT('',#9781);
#2385=VERTEX_POINT('',#9795);
#2386=VERTEX_POINT('',#9815);
#2387=VERTEX_POINT('',#9824);
#2388=VERTEX_POINT('',#9836);
#2389=VERTEX_POINT('',#9839);
#2390=VERTEX_POINT('',#9842);
#2391=VERTEX_POINT('',#9843);
#2392=VERTEX_POINT('',#9860);
#2393=VERTEX_POINT('',#9889);
#2394=VERTEX_POINT('',#9892);
#2395=VERTEX_POINT('',#9895);
#2396=VERTEX_POINT('',#9897);
#2397=VERTEX_POINT('',#9927);
#2398=VERTEX_POINT('',#9931);
#2399=VERTEX_POINT('',#9934);
#2400=VERTEX_POINT('',#9935);
#2401=VERTEX_POINT('',#9940);
#2402=VERTEX_POINT('',#9944);
#2403=VERTEX_POINT('',#9947);
#2404=VERTEX_POINT('',#9951);
#2405=VERTEX_POINT('',#9954);
#2406=VERTEX_POINT('',#9955);
#2407=VERTEX_POINT('',#9960);
#2408=VERTEX_POINT('',#9964);
#2409=VERTEX_POINT('',#9967);
#2410=VERTEX_POINT('',#9968);
#2411=VERTEX_POINT('',#9975);
#2412=VERTEX_POINT('',#9984);
#2413=VERTEX_POINT('',#9996);
#2414=VERTEX_POINT('',#9998);
#2415=VERTEX_POINT('',#10000);
#2416=VERTEX_POINT('',#10002);
#2417=VERTEX_POINT('',#10006);
#2418=VERTEX_POINT('',#10011);
#2419=VERTEX_POINT('',#10012);
#2420=VERTEX_POINT('',#10014);
#2421=VERTEX_POINT('',#10033);
#2422=VERTEX_POINT('',#10035);
#2423=VERTEX_POINT('',#10037);
#2424=VERTEX_POINT('',#10056);
#2425=VERTEX_POINT('',#10076);
#2426=VERTEX_POINT('',#10080);
#2427=VERTEX_POINT('',#10083);
#2428=VERTEX_POINT('',#10084);
#2429=VERTEX_POINT('',#10089);
#2430=VERTEX_POINT('',#10093);
#2431=VERTEX_POINT('',#10096);
#2432=VERTEX_POINT('',#10100);
#2433=VERTEX_POINT('',#10103);
#2434=VERTEX_POINT('',#10104);
#2435=VERTEX_POINT('',#10109);
#2436=VERTEX_POINT('',#10113);
#2437=VERTEX_POINT('',#10116);
#2438=VERTEX_POINT('',#10117);
#2439=VERTEX_POINT('',#10122);
#2440=VERTEX_POINT('',#10127);
#2441=VERTEX_POINT('',#10130);
#2442=VERTEX_POINT('',#10134);
#2443=VERTEX_POINT('',#10137);
#2444=VERTEX_POINT('',#10142);
#2445=VERTEX_POINT('',#10148);
#2446=VERTEX_POINT('',#10149);
#2447=VERTEX_POINT('',#10151);
#2448=VERTEX_POINT('',#10155);
#2449=VERTEX_POINT('',#10156);
#2450=VERTEX_POINT('',#10158);
#2451=VERTEX_POINT('',#10160);
#2452=VERTEX_POINT('',#10164);
#2453=VERTEX_POINT('',#10168);
#2454=VERTEX_POINT('',#10169);
#2455=VERTEX_POINT('',#10171);
#2456=VERTEX_POINT('',#10173);
#2457=VERTEX_POINT('',#10176);
#2458=VERTEX_POINT('',#10180);
#2459=VERTEX_POINT('',#10183);
#2460=VERTEX_POINT('',#10186);
#2461=VERTEX_POINT('',#10190);
#2462=VERTEX_POINT('',#10193);
#2463=VERTEX_POINT('',#10194);
#2464=VERTEX_POINT('',#10199);
#2465=VERTEX_POINT('',#10200);
#2466=VERTEX_POINT('',#10322);
#2467=VERTEX_POINT('',#10327);
#2468=VERTEX_POINT('',#10330);
#2469=VERTEX_POINT('',#10331);
#2470=VERTEX_POINT('',#10336);
#2471=VERTEX_POINT('',#10340);
#2472=VERTEX_POINT('',#10343);
#2473=VERTEX_POINT('',#10347);
#2474=VERTEX_POINT('',#10350);
#2475=VERTEX_POINT('',#10351);
#2476=VERTEX_POINT('',#10356);
#2477=VERTEX_POINT('',#10360);
#2478=VERTEX_POINT('',#10363);
#2479=VERTEX_POINT('',#10364);
#2480=VERTEX_POINT('',#10369);
#2481=VERTEX_POINT('',#10370);
#2482=VERTEX_POINT('',#10372);
#2483=VERTEX_POINT('',#10381);
#2484=VERTEX_POINT('',#10395);
#2485=VERTEX_POINT('',#10417);
#2486=VERTEX_POINT('',#10432);
#2487=VERTEX_POINT('',#10435);
#2488=VERTEX_POINT('',#10438);
#2489=VERTEX_POINT('',#10439);
#2490=VERTEX_POINT('',#10456);
#2491=VERTEX_POINT('',#10485);
#2492=VERTEX_POINT('',#10488);
#2493=VERTEX_POINT('',#10491);
#2494=VERTEX_POINT('',#10493);
#2495=VERTEX_POINT('',#10527);
#2496=VERTEX_POINT('',#10531);
#2497=VERTEX_POINT('',#10534);
#2498=VERTEX_POINT('',#10535);
#2499=VERTEX_POINT('',#10540);
#2500=VERTEX_POINT('',#10544);
#2501=VERTEX_POINT('',#10547);
#2502=VERTEX_POINT('',#10551);
#2503=VERTEX_POINT('',#10554);
#2504=VERTEX_POINT('',#10555);
#2505=VERTEX_POINT('',#10560);
#2506=VERTEX_POINT('',#10564);
#2507=VERTEX_POINT('',#10567);
#2508=VERTEX_POINT('',#10568);
#2509=VERTEX_POINT('',#10575);
#2510=VERTEX_POINT('',#10584);
#2511=VERTEX_POINT('',#10601);
#2512=VERTEX_POINT('',#10602);
#2513=VERTEX_POINT('',#10604);
#2514=VERTEX_POINT('',#10619);
#2515=VERTEX_POINT('',#10621);
#2516=VERTEX_POINT('',#10623);
#2517=VERTEX_POINT('',#10644);
#2518=VERTEX_POINT('',#10666);
#2519=VERTEX_POINT('',#10670);
#2520=VERTEX_POINT('',#10673);
#2521=VERTEX_POINT('',#10674);
#2522=VERTEX_POINT('',#10679);
#2523=VERTEX_POINT('',#10683);
#2524=VERTEX_POINT('',#10686);
#2525=VERTEX_POINT('',#10690);
#2526=VERTEX_POINT('',#10693);
#2527=VERTEX_POINT('',#10694);
#2528=VERTEX_POINT('',#10699);
#2529=VERTEX_POINT('',#10703);
#2530=VERTEX_POINT('',#10706);
#2531=VERTEX_POINT('',#10707);
#2532=VERTEX_POINT('',#10712);
#2533=VERTEX_POINT('',#10717);
#2534=VERTEX_POINT('',#10720);
#2535=VERTEX_POINT('',#10724);
#2536=VERTEX_POINT('',#10727);
#2537=VERTEX_POINT('',#10732);
#2538=VERTEX_POINT('',#10738);
#2539=VERTEX_POINT('',#10739);
#2540=VERTEX_POINT('',#10741);
#2541=VERTEX_POINT('',#10743);
#2542=VERTEX_POINT('',#10746);
#2543=VERTEX_POINT('',#10750);
#2544=VERTEX_POINT('',#10753);
#2545=VERTEX_POINT('',#10756);
#2546=VERTEX_POINT('',#10760);
#2547=VERTEX_POINT('',#10763);
#2548=VERTEX_POINT('',#10764);
#2549=VERTEX_POINT('',#10769);
#2550=VERTEX_POINT('',#10770);
#2551=VERTEX_POINT('',#10892);
#2552=VERTEX_POINT('',#10897);
#2553=VERTEX_POINT('',#10900);
#2554=VERTEX_POINT('',#10901);
#2555=VERTEX_POINT('',#10906);
#2556=VERTEX_POINT('',#10910);
#2557=VERTEX_POINT('',#10913);
#2558=VERTEX_POINT('',#10917);
#2559=VERTEX_POINT('',#10920);
#2560=VERTEX_POINT('',#10921);
#2561=VERTEX_POINT('',#10926);
#2562=VERTEX_POINT('',#10930);
#2563=VERTEX_POINT('',#10933);
#2564=VERTEX_POINT('',#10934);
#2565=VERTEX_POINT('',#10939);
#2566=VERTEX_POINT('',#10940);
#2567=VERTEX_POINT('',#10942);
#2568=VERTEX_POINT('',#10955);
#2569=VERTEX_POINT('',#10971);
#2570=VERTEX_POINT('',#10999);
#2571=VERTEX_POINT('',#11006);
#2572=VERTEX_POINT('',#11008);
#2573=VERTEX_POINT('',#11015);
#2574=VERTEX_POINT('',#11030);
#2575=VERTEX_POINT('',#11033);
#2576=VERTEX_POINT('',#11036);
#2577=VERTEX_POINT('',#11037);
#2578=VERTEX_POINT('',#11054);
#2579=VERTEX_POINT('',#11083);
#2580=VERTEX_POINT('',#11086);
#2581=VERTEX_POINT('',#11089);
#2582=VERTEX_POINT('',#11091);
#2583=VERTEX_POINT('',#11133);
#2584=VERTEX_POINT('',#11137);
#2585=VERTEX_POINT('',#11140);
#2586=VERTEX_POINT('',#11141);
#2587=VERTEX_POINT('',#11146);
#2588=VERTEX_POINT('',#11150);
#2589=VERTEX_POINT('',#11153);
#2590=VERTEX_POINT('',#11157);
#2591=VERTEX_POINT('',#11160);
#2592=VERTEX_POINT('',#11161);
#2593=VERTEX_POINT('',#11166);
#2594=VERTEX_POINT('',#11170);
#2595=VERTEX_POINT('',#11173);
#2596=VERTEX_POINT('',#11174);
#2597=VERTEX_POINT('',#11181);
#2598=VERTEX_POINT('',#11190);
#2599=VERTEX_POINT('',#11202);
#2600=VERTEX_POINT('',#11204);
#2601=VERTEX_POINT('',#11211);
#2602=VERTEX_POINT('',#11214);
#2603=VERTEX_POINT('',#11216);
#2604=VERTEX_POINT('',#11227);
#2605=VERTEX_POINT('',#11228);
#2606=VERTEX_POINT('',#11230);
#2607=VERTEX_POINT('',#11245);
#2608=VERTEX_POINT('',#11247);
#2609=VERTEX_POINT('',#11249);
#2610=VERTEX_POINT('',#11276);
#2611=VERTEX_POINT('',#11304);
#2612=VERTEX_POINT('',#11308);
#2613=VERTEX_POINT('',#11311);
#2614=VERTEX_POINT('',#11312);
#2615=VERTEX_POINT('',#11317);
#2616=VERTEX_POINT('',#11321);
#2617=VERTEX_POINT('',#11324);
#2618=VERTEX_POINT('',#11328);
#2619=VERTEX_POINT('',#11331);
#2620=VERTEX_POINT('',#11332);
#2621=VERTEX_POINT('',#11337);
#2622=VERTEX_POINT('',#11341);
#2623=VERTEX_POINT('',#11344);
#2624=VERTEX_POINT('',#11345);
#2625=VERTEX_POINT('',#11350);
#2626=VERTEX_POINT('',#11355);
#2627=VERTEX_POINT('',#11358);
#2628=VERTEX_POINT('',#11362);
#2629=VERTEX_POINT('',#11365);
#2630=VERTEX_POINT('',#11370);
#2631=VERTEX_POINT('',#11376);
#2632=VERTEX_POINT('',#11377);
#2633=VERTEX_POINT('',#11379);
#2634=VERTEX_POINT('',#11381);
#2635=VERTEX_POINT('',#11384);
#2636=VERTEX_POINT('',#11388);
#2637=VERTEX_POINT('',#11391);
#2638=VERTEX_POINT('',#11394);
#2639=VERTEX_POINT('',#11398);
#2640=VERTEX_POINT('',#11401);
#2641=VERTEX_POINT('',#11402);
#2642=VERTEX_POINT('',#11407);
#2643=VERTEX_POINT('',#11408);
#2644=VERTEX_POINT('',#11530);
#2645=VERTEX_POINT('',#11535);
#2646=VERTEX_POINT('',#11538);
#2647=VERTEX_POINT('',#11539);
#2648=VERTEX_POINT('',#11544);
#2649=VERTEX_POINT('',#11548);
#2650=VERTEX_POINT('',#11551);
#2651=VERTEX_POINT('',#11555);
#2652=VERTEX_POINT('',#11558);
#2653=VERTEX_POINT('',#11559);
#2654=VERTEX_POINT('',#11564);
#2655=VERTEX_POINT('',#11568);
#2656=VERTEX_POINT('',#11571);
#2657=VERTEX_POINT('',#11572);
#2658=VERTEX_POINT('',#11577);
#2659=VERTEX_POINT('',#11578);
#2660=VERTEX_POINT('',#11580);
#2661=VERTEX_POINT('',#11591);
#2662=VERTEX_POINT('',#11607);
#2663=VERTEX_POINT('',#11633);
#2664=VERTEX_POINT('',#11640);
#2665=VERTEX_POINT('',#11650);
#2666=VERTEX_POINT('',#11653);
#2667=VERTEX_POINT('',#11656);
#2668=VERTEX_POINT('',#11657);
#2669=VERTEX_POINT('',#11672);
#2670=VERTEX_POINT('',#11703);
#2671=VERTEX_POINT('',#11706);
#2672=VERTEX_POINT('',#11709);
#2673=VERTEX_POINT('',#11711);
#2674=VERTEX_POINT('',#11749);
#2675=VERTEX_POINT('',#11753);
#2676=VERTEX_POINT('',#11756);
#2677=VERTEX_POINT('',#11757);
#2678=VERTEX_POINT('',#11762);
#2679=VERTEX_POINT('',#11766);
#2680=VERTEX_POINT('',#11769);
#2681=VERTEX_POINT('',#11773);
#2682=VERTEX_POINT('',#11776);
#2683=VERTEX_POINT('',#11777);
#2684=VERTEX_POINT('',#11782);
#2685=VERTEX_POINT('',#11786);
#2686=VERTEX_POINT('',#11789);
#2687=VERTEX_POINT('',#11790);
#2688=VERTEX_POINT('',#11797);
#2689=VERTEX_POINT('',#11806);
#2690=VERTEX_POINT('',#11818);
#2691=VERTEX_POINT('',#11820);
#2692=VERTEX_POINT('',#11822);
#2693=VERTEX_POINT('',#11824);
#2694=VERTEX_POINT('',#11828);
#2695=VERTEX_POINT('',#11833);
#2696=VERTEX_POINT('',#11834);
#2697=VERTEX_POINT('',#11836);
#2698=VERTEX_POINT('',#11851);
#2699=VERTEX_POINT('',#11853);
#2700=VERTEX_POINT('',#11855);
#2701=VERTEX_POINT('',#11880);
#2702=VERTEX_POINT('',#11906);
#2703=VERTEX_POINT('',#11910);
#2704=VERTEX_POINT('',#11913);
#2705=VERTEX_POINT('',#11914);
#2706=VERTEX_POINT('',#11919);
#2707=VERTEX_POINT('',#11923);
#2708=VERTEX_POINT('',#11926);
#2709=VERTEX_POINT('',#11930);
#2710=VERTEX_POINT('',#11933);
#2711=VERTEX_POINT('',#11934);
#2712=VERTEX_POINT('',#11939);
#2713=VERTEX_POINT('',#11943);
#2714=VERTEX_POINT('',#11946);
#2715=VERTEX_POINT('',#11947);
#2716=VERTEX_POINT('',#11952);
#2717=VERTEX_POINT('',#11957);
#2718=VERTEX_POINT('',#11960);
#2719=VERTEX_POINT('',#11964);
#2720=VERTEX_POINT('',#11967);
#2721=VERTEX_POINT('',#11972);
#2722=VERTEX_POINT('',#11978);
#2723=VERTEX_POINT('',#11979);
#2724=VERTEX_POINT('',#11981);
#2725=VERTEX_POINT('',#11983);
#2726=VERTEX_POINT('',#11986);
#2727=VERTEX_POINT('',#11990);
#2728=VERTEX_POINT('',#11993);
#2729=VERTEX_POINT('',#11996);
#2730=VERTEX_POINT('',#12000);
#2731=VERTEX_POINT('',#12003);
#2732=VERTEX_POINT('',#12004);
#2733=VERTEX_POINT('',#12009);
#2734=VERTEX_POINT('',#12010);
#2735=VERTEX_POINT('',#12132);
#2736=VERTEX_POINT('',#12137);
#2737=VERTEX_POINT('',#12140);
#2738=VERTEX_POINT('',#12141);
#2739=VERTEX_POINT('',#12146);
#2740=VERTEX_POINT('',#12150);
#2741=VERTEX_POINT('',#12153);
#2742=VERTEX_POINT('',#12157);
#2743=VERTEX_POINT('',#12161);
#2744=VERTEX_POINT('',#12164);
#2745=VERTEX_POINT('',#12165);
#2746=VERTEX_POINT('',#12170);
#2747=VERTEX_POINT('',#12174);
#2748=VERTEX_POINT('',#12178);
#2749=VERTEX_POINT('',#12179);
#2750=VERTEX_POINT('',#12181);
#2751=VERTEX_POINT('',#12190);
#2752=VERTEX_POINT('',#12206);
#2753=VERTEX_POINT('',#12230);
#2754=VERTEX_POINT('',#12237);
#2755=VERTEX_POINT('',#12247);
#2756=VERTEX_POINT('',#12250);
#2757=VERTEX_POINT('',#12253);
#2758=VERTEX_POINT('',#12254);
#2759=VERTEX_POINT('',#12271);
#2760=VERTEX_POINT('',#12304);
#2761=VERTEX_POINT('',#12307);
#2762=VERTEX_POINT('',#12310);
#2763=VERTEX_POINT('',#12312);
#2764=VERTEX_POINT('',#12354);
#2765=VERTEX_POINT('',#12356);
#2766=VERTEX_POINT('',#12360);
#2767=VERTEX_POINT('',#12361);
#2768=VERTEX_POINT('',#12366);
#2769=VERTEX_POINT('',#12370);
#2770=VERTEX_POINT('',#12373);
#2771=VERTEX_POINT('',#12374);
#2772=VERTEX_POINT('',#12379);
#2773=VERTEX_POINT('',#12383);
#2774=VERTEX_POINT('',#12386);
#2775=VERTEX_POINT('',#12387);
#2776=VERTEX_POINT('',#12392);
#2777=VERTEX_POINT('',#12396);
#2778=VERTEX_POINT('',#12399);
#2779=VERTEX_POINT('',#12400);
#2780=VERTEX_POINT('',#12407);
#2781=VERTEX_POINT('',#12414);
#2782=VERTEX_POINT('',#12424);
#2783=VERTEX_POINT('',#12426);
#2784=VERTEX_POINT('',#12428);
#2785=VERTEX_POINT('',#12430);
#2786=VERTEX_POINT('',#12434);
#2787=VERTEX_POINT('',#12439);
#2788=VERTEX_POINT('',#12440);
#2789=VERTEX_POINT('',#12442);
#2790=VERTEX_POINT('',#12457);
#2791=VERTEX_POINT('',#12459);
#2792=VERTEX_POINT('',#12461);
#2793=VERTEX_POINT('',#12484);
#2794=VERTEX_POINT('',#12508);
#2795=VERTEX_POINT('',#12510);
#2796=VERTEX_POINT('',#12514);
#2797=VERTEX_POINT('',#12515);
#2798=VERTEX_POINT('',#12520);
#2799=VERTEX_POINT('',#12524);
#2800=VERTEX_POINT('',#12527);
#2801=VERTEX_POINT('',#12528);
#2802=VERTEX_POINT('',#12533);
#2803=VERTEX_POINT('',#12537);
#2804=VERTEX_POINT('',#12540);
#2805=VERTEX_POINT('',#12541);
#2806=VERTEX_POINT('',#12546);
#2807=VERTEX_POINT('',#12550);
#2808=VERTEX_POINT('',#12553);
#2809=VERTEX_POINT('',#12554);
#2810=VERTEX_POINT('',#12559);
#2811=VERTEX_POINT('',#12564);
#2812=VERTEX_POINT('',#12567);
#2813=VERTEX_POINT('',#12571);
#2814=VERTEX_POINT('',#12574);
#2815=VERTEX_POINT('',#12579);
#2816=EDGE_CURVE('',#2259,#2260,#2209,.T.);
#2817=EDGE_CURVE('',#2261,#2259,#2210,.T.);
#2818=EDGE_CURVE('',#2261,#2262,#1751,.T.);
#2819=EDGE_CURVE('',#2262,#2262,#1319,.T.);
#2820=EDGE_CURVE('',#2263,#2261,#2211,.T.);
#2821=EDGE_CURVE('',#2260,#2263,#2212,.T.);
#2822=EDGE_CURVE('',#2264,#2264,#1320,.T.);
#2823=EDGE_CURVE('',#2265,#2265,#1321,.T.);
#2824=EDGE_CURVE('',#2265,#2260,#1752,.T.);
#2825=EDGE_CURVE('',#2261,#2266,#1753,.T.);
#2826=EDGE_CURVE('',#2266,#2266,#1322,.T.);
#2827=EDGE_CURVE('',#2267,#2267,#1323,.T.);
#2828=EDGE_CURVE('',#2268,#2269,#1324,.T.);
#2829=EDGE_CURVE('',#2268,#2267,#1754,.T.);
#2830=EDGE_CURVE('',#2269,#2268,#1325,.T.);
#2831=EDGE_CURVE('',#2270,#2271,#129,.T.);
#2832=EDGE_CURVE('',#2272,#2270,#1326,.T.);
#2833=EDGE_CURVE('',#2272,#2269,#1327,.T.);
#2834=EDGE_CURVE('',#2271,#2272,#1328,.T.);
#2835=EDGE_CURVE('',#2273,#2273,#1329,.T.);
#2836=EDGE_CURVE('',#2274,#2275,#1330,.T.);
#2837=EDGE_CURVE('',#2275,#2274,#1331,.T.);
#2838=EDGE_CURVE('',#2275,#2273,#1755,.T.);
#2839=EDGE_CURVE('',#2276,#2276,#1332,.T.);
#2840=EDGE_CURVE('',#2276,#2274,#1756,.T.);
#2841=EDGE_CURVE('',#2277,#2277,#1333,.T.);
#2842=EDGE_CURVE('',#2278,#2278,#1334,.T.);
#2843=EDGE_CURVE('',#2278,#2277,#1757,.T.);
#2844=EDGE_CURVE('',#2279,#2279,#1335,.T.);
#2845=EDGE_CURVE('',#2280,#2281,#1336,.T.);
#2846=EDGE_CURVE('',#2281,#2280,#1337,.T.);
#2847=EDGE_CURVE('',#2281,#2279,#1758,.T.);
#2848=EDGE_CURVE('',#2282,#2282,#1338,.T.);
#2849=EDGE_CURVE('',#2282,#2280,#1759,.T.);
#2850=EDGE_CURVE('',#2283,#2283,#1339,.T.);
#2851=EDGE_CURVE('',#2284,#2285,#1340,.T.);
#2852=EDGE_CURVE('',#2285,#2284,#1341,.T.);
#2853=EDGE_CURVE('',#2285,#2283,#1760,.T.);
#2854=EDGE_CURVE('',#2286,#2287,#1342,.T.);
#2855=EDGE_CURVE('',#2288,#2286,#130,.T.);
#2856=EDGE_CURVE('',#2289,#2288,#131,.T.);
#2857=EDGE_CURVE('',#2289,#2284,#1761,.T.);
#2858=EDGE_CURVE('',#2290,#2289,#132,.T.);
#2859=EDGE_CURVE('',#2287,#2290,#133,.T.);
#2860=EDGE_CURVE('',#2286,#2291,#134,.T.);
#2861=EDGE_CURVE('',#2292,#2287,#135,.T.);
#2862=EDGE_CURVE('',#2292,#2293,#136,.T.);
#2863=EDGE_CURVE('',#2293,#2294,#137,.T.);
#2864=EDGE_CURVE('',#2295,#2294,#1343,.T.);
#2865=EDGE_CURVE('',#2295,#2296,#138,.T.);
#2866=EDGE_CURVE('',#2296,#2291,#139,.T.);
#2867=EDGE_CURVE('',#2291,#2297,#140,.T.);
#2868=EDGE_CURVE('',#2296,#2298,#1344,.T.);
#2869=EDGE_CURVE('',#2299,#2298,#141,.T.);
#2870=EDGE_CURVE('',#2300,#2299,#142,.T.);
#2871=EDGE_CURVE('',#2297,#2300,#1345,.T.);
#2872=EDGE_CURVE('',#2301,#2301,#1346,.T.);
#2873=EDGE_CURVE('',#2301,#2302,#1762,.T.);
#2874=EDGE_CURVE('',#2297,#2302,#143,.F.);
#2875=EDGE_CURVE('',#2303,#2300,#144,.F.);
#2876=EDGE_CURVE('',#2303,#2304,#1347,.T.);
#2877=EDGE_CURVE('',#2302,#2304,#145,.F.);
#2878=EDGE_CURVE('',#2301,#2305,#1763,.T.);
#2879=EDGE_CURVE('',#2305,#2305,#1348,.T.);
#2880=EDGE_CURVE('',#2306,#2306,#1349,.T.);
#2881=EDGE_CURVE('',#2307,#2308,#1350,.T.);
#2882=EDGE_CURVE('',#2308,#2307,#1351,.T.);
#2883=EDGE_CURVE('',#2308,#2306,#1764,.T.);
#2884=EDGE_CURVE('',#2307,#2309,#1765,.T.);
#2885=EDGE_CURVE('',#2309,#2309,#1352,.T.);
#2886=EDGE_CURVE('',#2310,#2310,#1353,.T.);
#2887=EDGE_CURVE('',#2311,#2311,#1354,.T.);
#2888=EDGE_CURVE('',#2311,#2310,#1766,.T.);
#2889=EDGE_CURVE('',#2312,#2312,#1355,.T.);
#2890=EDGE_CURVE('',#2313,#2314,#1356,.T.);
#2891=EDGE_CURVE('',#2314,#2313,#1357,.T.);
#2892=EDGE_CURVE('',#2314,#2312,#1767,.T.);
#2893=EDGE_CURVE('',#2313,#2315,#1768,.T.);
#2894=EDGE_CURVE('',#2315,#2315,#1358,.T.);
#2895=EDGE_CURVE('',#2316,#2316,#1359,.T.);
#2896=EDGE_CURVE('',#2317,#2318,#1360,.T.);
#2897=EDGE_CURVE('',#2318,#2317,#1361,.T.);
#2898=EDGE_CURVE('',#2318,#2316,#1362,.T.);
#2899=EDGE_CURVE('',#2264,#2317,#1769,.T.);
#2900=EDGE_CURVE('',#2304,#2292,#146,.T.);
#2901=EDGE_CURVE('',#2319,#2303,#147,.T.);
#2902=EDGE_CURVE('',#2320,#2319,#148,.T.);
#2903=EDGE_CURVE('',#2320,#2293,#1363,.T.);
#2904=EDGE_CURVE('',#2321,#2320,#149,.T.);
#2905=EDGE_CURVE('',#2322,#2321,#2213,.T.);
#2906=EDGE_CURVE('',#2294,#2322,#2214,.T.);
#2907=EDGE_CURVE('',#2323,#2321,#1364,.T.);
#2908=EDGE_CURVE('',#2323,#2324,#2215,.T.);
#2909=EDGE_CURVE('',#2324,#2295,#2216,.T.);
#2910=EDGE_CURVE('',#2298,#2323,#150,.T.);
#2911=EDGE_CURVE('',#2325,#2319,#151,.T.);
#2912=EDGE_CURVE('',#2326,#2325,#1365,.T.);
#2913=EDGE_CURVE('',#2299,#2326,#152,.T.);
#2914=EDGE_CURVE('',#2327,#2327,#1366,.T.);
#2915=EDGE_CURVE('',#2327,#2328,#1770,.T.);
#2916=EDGE_CURVE('',#2328,#2329,#153,.T.);
#2917=EDGE_CURVE('',#2329,#2330,#154,.T.);
#2918=EDGE_CURVE('',#2330,#2331,#1771,.T.);
#2919=EDGE_CURVE('',#2331,#2331,#1367,.T.);
#2920=EDGE_CURVE('',#2330,#2325,#155,.T.);
#2921=EDGE_CURVE('',#2326,#2328,#156,.T.);
#2922=EDGE_CURVE('',#2332,#2332,#1368,.T.);
#2923=EDGE_CURVE('',#2333,#2333,#1369,.T.);
#2924=EDGE_CURVE('',#2332,#2333,#1772,.T.);
#2925=EDGE_CURVE('',#2334,#2334,#1370,.T.);
#2926=EDGE_CURVE('',#2334,#2329,#1773,.T.);
#2927=EDGE_CURVE('',#2334,#2335,#1774,.T.);
#2928=EDGE_CURVE('',#2335,#2335,#1371,.T.);
#2929=EDGE_CURVE('',#2336,#2336,#1372,.T.);
#2930=EDGE_CURVE('',#2337,#2338,#1373,.T.);
#2931=EDGE_CURVE('',#2338,#2337,#1374,.T.);
#2932=EDGE_CURVE('',#2338,#2336,#1775,.T.);
#2933=EDGE_CURVE('',#2337,#2339,#1776,.T.);
#2934=EDGE_CURVE('',#2339,#2339,#1375,.T.);
#2935=EDGE_CURVE('',#2340,#2340,#1376,.T.);
#2936=EDGE_CURVE('',#2341,#2341,#1377,.T.);
#2937=EDGE_CURVE('',#2341,#2340,#1777,.T.);
#2938=EDGE_CURVE('',#2342,#2342,#1378,.T.);
#2939=EDGE_CURVE('',#2343,#2344,#1379,.T.);
#2940=EDGE_CURVE('',#2344,#2343,#1380,.T.);
#2941=EDGE_CURVE('',#2344,#2342,#1778,.T.);
#2942=EDGE_CURVE('',#2343,#2345,#1779,.T.);
#2943=EDGE_CURVE('',#2345,#2345,#1381,.T.);
#2944=EDGE_CURVE('',#2346,#2346,#1382,.T.);
#2945=EDGE_CURVE('',#2347,#2348,#1383,.T.);
#2946=EDGE_CURVE('',#2348,#2347,#1384,.T.);
#2947=EDGE_CURVE('',#2348,#2346,#1385,.T.);
#2948=EDGE_CURVE('',#2349,#2349,#1386,.T.);
#2949=EDGE_CURVE('',#2349,#2347,#1780,.T.);
#2950=EDGE_CURVE('',#2350,#2350,#1387,.T.);
#2951=EDGE_CURVE('',#2350,#2288,#1781,.T.);
#2952=EDGE_CURVE('',#2290,#2351,#1782,.T.);
#2953=EDGE_CURVE('',#2351,#2351,#1388,.T.);
#2954=EDGE_CURVE('',#2352,#2352,#1389,.T.);
#2955=EDGE_CURVE('',#2353,#2353,#1390,.T.);
#2956=EDGE_CURVE('',#2353,#2352,#1783,.T.);
#2957=EDGE_CURVE('',#2354,#2355,#2217,.T.);
#2958=EDGE_CURVE('',#2356,#2354,#2218,.T.);
#2959=EDGE_CURVE('',#2356,#2357,#1784,.T.);
#2960=EDGE_CURVE('',#2357,#2357,#1391,.T.);
#2961=EDGE_CURVE('',#2358,#2356,#2219,.T.);
#2962=EDGE_CURVE('',#2355,#2358,#2220,.T.);
#2963=EDGE_CURVE('',#2359,#2359,#1392,.T.);
#2964=EDGE_CURVE('',#2360,#2360,#1393,.T.);
#2965=EDGE_CURVE('',#2360,#2355,#1785,.T.);
#2966=EDGE_CURVE('',#2356,#2361,#1786,.T.);
#2967=EDGE_CURVE('',#2361,#2361,#1394,.T.);
#2968=EDGE_CURVE('',#2362,#2362,#1395,.T.);
#2969=EDGE_CURVE('',#2363,#2364,#1396,.T.);
#2970=EDGE_CURVE('',#2363,#2362,#1787,.T.);
#2971=EDGE_CURVE('',#2364,#2363,#1397,.T.);
#2972=EDGE_CURVE('',#2365,#2366,#157,.T.);
#2973=EDGE_CURVE('',#2367,#2365,#1398,.T.);
#2974=EDGE_CURVE('',#2367,#2364,#1399,.T.);
#2975=EDGE_CURVE('',#2366,#2367,#1400,.T.);
#2976=EDGE_CURVE('',#2368,#2368,#1401,.T.);
#2977=EDGE_CURVE('',#2369,#2370,#1402,.T.);
#2978=EDGE_CURVE('',#2370,#2369,#1403,.T.);
#2979=EDGE_CURVE('',#2370,#2368,#1788,.T.);
#2980=EDGE_CURVE('',#2371,#2371,#1404,.T.);
#2981=EDGE_CURVE('',#2371,#2369,#1789,.T.);
#2982=EDGE_CURVE('',#2372,#2372,#1405,.T.);
#2983=EDGE_CURVE('',#2373,#2373,#1406,.T.);
#2984=EDGE_CURVE('',#2373,#2372,#1790,.T.);
#2985=EDGE_CURVE('',#2374,#2374,#1407,.T.);
#2986=EDGE_CURVE('',#2375,#2376,#1408,.T.);
#2987=EDGE_CURVE('',#2376,#2375,#1409,.T.);
#2988=EDGE_CURVE('',#2376,#2374,#1791,.T.);
#2989=EDGE_CURVE('',#2377,#2377,#1410,.T.);
#2990=EDGE_CURVE('',#2377,#2375,#1792,.T.);
#2991=EDGE_CURVE('',#2378,#2378,#1411,.T.);
#2992=EDGE_CURVE('',#2379,#2380,#1412,.T.);
#2993=EDGE_CURVE('',#2380,#2379,#1413,.T.);
#2994=EDGE_CURVE('',#2380,#2378,#1793,.T.);
#2995=EDGE_CURVE('',#2381,#2382,#1414,.T.);
#2996=EDGE_CURVE('',#2383,#2381,#158,.T.);
#2997=EDGE_CURVE('',#2384,#2383,#159,.T.);
#2998=EDGE_CURVE('',#2384,#2379,#1794,.T.);
#2999=EDGE_CURVE('',#2385,#2384,#160,.T.);
#3000=EDGE_CURVE('',#2382,#2385,#161,.T.);
#3001=EDGE_CURVE('',#2386,#2382,#162,.T.);
#3002=EDGE_CURVE('',#2386,#2387,#1795,.T.);
#3003=EDGE_CURVE('',#2387,#2387,#1415,.T.);
#3004=EDGE_CURVE('',#2381,#2386,#163,.T.);
#3005=EDGE_CURVE('',#2388,#2388,#1416,.T.);
#3006=EDGE_CURVE('',#2388,#2383,#1796,.T.);
#3007=EDGE_CURVE('',#2385,#2389,#1797,.T.);
#3008=EDGE_CURVE('',#2389,#2389,#1417,.T.);
#3009=EDGE_CURVE('',#2390,#2391,#164,.T.);
#3010=EDGE_CURVE('',#2391,#2392,#165,.T.);
#3011=EDGE_CURVE('',#2392,#2390,#166,.T.);
#3012=EDGE_CURVE('',#2393,#2393,#1418,.T.);
#3013=EDGE_CURVE('',#2394,#2394,#1419,.T.);
#3014=EDGE_CURVE('',#2394,#2391,#1798,.T.);
#3015=EDGE_CURVE('',#2390,#2395,#1420,.T.);
#3016=EDGE_CURVE('',#2396,#2395,#167,.F.);
#3017=EDGE_CURVE('',#2396,#2392,#1421,.T.);
#3018=EDGE_CURVE('',#2394,#2397,#1799,.T.);
#3019=EDGE_CURVE('',#2397,#2397,#1422,.T.);
#3020=EDGE_CURVE('',#2398,#2398,#1423,.T.);
#3021=EDGE_CURVE('',#2399,#2400,#1424,.T.);
#3022=EDGE_CURVE('',#2400,#2399,#1425,.T.);
#3023=EDGE_CURVE('',#2400,#2398,#1800,.T.);
#3024=EDGE_CURVE('',#2399,#2401,#1801,.T.);
#3025=EDGE_CURVE('',#2401,#2401,#1426,.T.);
#3026=EDGE_CURVE('',#2402,#2402,#1427,.T.);
#3027=EDGE_CURVE('',#2403,#2403,#1428,.T.);
#3028=EDGE_CURVE('',#2403,#2402,#1802,.T.);
#3029=EDGE_CURVE('',#2404,#2404,#1429,.T.);
#3030=EDGE_CURVE('',#2405,#2406,#1430,.T.);
#3031=EDGE_CURVE('',#2406,#2405,#1431,.T.);
#3032=EDGE_CURVE('',#2406,#2404,#1803,.T.);
#3033=EDGE_CURVE('',#2405,#2407,#1804,.T.);
#3034=EDGE_CURVE('',#2407,#2407,#1432,.T.);
#3035=EDGE_CURVE('',#2408,#2408,#1433,.T.);
#3036=EDGE_CURVE('',#2409,#2410,#1434,.T.);
#3037=EDGE_CURVE('',#2410,#2409,#1435,.T.);
#3038=EDGE_CURVE('',#2410,#2408,#1436,.T.);
#3039=EDGE_CURVE('',#2359,#2409,#1805,.T.);
#3040=EDGE_CURVE('',#2411,#2396,#168,.T.);
#3041=EDGE_CURVE('',#2411,#2412,#1806,.T.);
#3042=EDGE_CURVE('',#2412,#2412,#1437,.T.);
#3043=EDGE_CURVE('',#2395,#2411,#169,.T.);
#3044=EDGE_CURVE('',#2412,#2413,#1807,.T.);
#3045=EDGE_CURVE('',#2414,#2413,#2221,.T.);
#3046=EDGE_CURVE('',#2415,#2414,#2222,.T.);
#3047=EDGE_CURVE('',#2416,#2415,#2223,.T.);
#3048=EDGE_CURVE('',#2413,#2416,#2224,.T.);
#3049=EDGE_CURVE('',#2417,#2417,#1438,.T.);
#3050=EDGE_CURVE('',#2417,#2413,#1808,.T.);
#3051=EDGE_CURVE('',#2415,#2387,#1809,.T.);
#3052=EDGE_CURVE('',#2418,#2419,#1439,.T.);
#3053=EDGE_CURVE('',#2420,#2418,#170,.T.);
#3054=EDGE_CURVE('',#2420,#2417,#1810,.T.);
#3055=EDGE_CURVE('',#2419,#2420,#171,.T.);
#3056=EDGE_CURVE('',#2421,#2421,#1440,.T.);
#3057=EDGE_CURVE('',#2421,#2422,#1811,.T.);
#3058=EDGE_CURVE('',#2423,#2422,#172,.T.);
#3059=EDGE_CURVE('',#2418,#2423,#173,.T.);
#3060=EDGE_CURVE('',#2424,#2419,#174,.T.);
#3061=EDGE_CURVE('',#2422,#2424,#175,.T.);
#3062=EDGE_CURVE('',#2421,#2425,#1812,.T.);
#3063=EDGE_CURVE('',#2425,#2425,#1441,.T.);
#3064=EDGE_CURVE('',#2426,#2426,#1442,.T.);
#3065=EDGE_CURVE('',#2427,#2428,#1443,.T.);
#3066=EDGE_CURVE('',#2428,#2427,#1444,.T.);
#3067=EDGE_CURVE('',#2428,#2426,#1813,.T.);
#3068=EDGE_CURVE('',#2427,#2429,#1814,.T.);
#3069=EDGE_CURVE('',#2429,#2429,#1445,.T.);
#3070=EDGE_CURVE('',#2430,#2430,#1446,.T.);
#3071=EDGE_CURVE('',#2431,#2431,#1447,.T.);
#3072=EDGE_CURVE('',#2431,#2430,#1815,.T.);
#3073=EDGE_CURVE('',#2432,#2432,#1448,.T.);
#3074=EDGE_CURVE('',#2433,#2434,#1449,.T.);
#3075=EDGE_CURVE('',#2434,#2433,#1450,.T.);
#3076=EDGE_CURVE('',#2434,#2432,#1816,.T.);
#3077=EDGE_CURVE('',#2433,#2435,#1817,.T.);
#3078=EDGE_CURVE('',#2435,#2435,#1451,.T.);
#3079=EDGE_CURVE('',#2436,#2436,#1452,.T.);
#3080=EDGE_CURVE('',#2437,#2438,#1453,.T.);
#3081=EDGE_CURVE('',#2438,#2437,#1454,.T.);
#3082=EDGE_CURVE('',#2438,#2436,#1455,.T.);
#3083=EDGE_CURVE('',#2439,#2439,#1456,.T.);
#3084=EDGE_CURVE('',#2439,#2437,#1818,.T.);
#3085=EDGE_CURVE('',#2440,#2440,#1457,.T.);
#3086=EDGE_CURVE('',#2440,#2423,#1819,.T.);
#3087=EDGE_CURVE('',#2424,#2441,#1820,.T.);
#3088=EDGE_CURVE('',#2441,#2441,#1458,.T.);
#3089=EDGE_CURVE('',#2442,#2442,#1459,.T.);
#3090=EDGE_CURVE('',#2443,#2443,#1460,.T.);
#3091=EDGE_CURVE('',#2442,#2443,#1821,.T.);
#3092=EDGE_CURVE('',#2444,#2444,#1461,.T.);
#3093=EDGE_CURVE('',#2393,#2444,#1822,.T.);
#3094=EDGE_CURVE('',#2445,#2446,#1823,.T.);
#3095=EDGE_CURVE('',#2446,#2447,#1462,.T.);
#3096=EDGE_CURVE('',#2447,#2445,#2225,.T.);
#3097=EDGE_CURVE('',#2448,#2449,#1824,.T.);
#3098=EDGE_CURVE('',#2450,#2448,#1463,.T.);
#3099=EDGE_CURVE('',#2450,#2451,#2226,.T.);
#3100=EDGE_CURVE('',#2451,#2447,#2227,.T.);
#3101=EDGE_CURVE('',#2447,#2446,#1464,.T.);
#3102=EDGE_CURVE('',#2445,#2452,#2228,.T.);
#3103=EDGE_CURVE('',#2452,#2449,#2229,.T.);
#3104=EDGE_CURVE('',#2453,#2454,#2230,.T.);
#3105=EDGE_CURVE('',#2455,#2453,#2231,.T.);
#3106=EDGE_CURVE('',#2455,#2456,#1825,.T.);
#3107=EDGE_CURVE('',#2456,#2456,#1465,.T.);
#3108=EDGE_CURVE('',#2457,#2455,#2232,.T.);
#3109=EDGE_CURVE('',#2454,#2457,#2233,.T.);
#3110=EDGE_CURVE('',#2458,#2458,#1466,.T.);
#3111=EDGE_CURVE('',#2459,#2459,#1467,.T.);
#3112=EDGE_CURVE('',#2459,#2454,#1826,.T.);
#3113=EDGE_CURVE('',#2455,#2460,#1827,.T.);
#3114=EDGE_CURVE('',#2460,#2460,#1468,.T.);
#3115=EDGE_CURVE('',#2461,#2461,#1469,.T.);
#3116=EDGE_CURVE('',#2462,#2463,#1470,.T.);
#3117=EDGE_CURVE('',#2462,#2461,#1828,.T.);
#3118=EDGE_CURVE('',#2463,#2462,#1471,.T.);
#3119=EDGE_CURVE('',#2464,#2465,#176,.T.);
#3120=EDGE_CURVE('',#2466,#2464,#1472,.T.);
#3121=EDGE_CURVE('',#2466,#2463,#1473,.T.);
#3122=EDGE_CURVE('',#2465,#2466,#1474,.T.);
#3123=EDGE_CURVE('',#2467,#2467,#1475,.T.);
#3124=EDGE_CURVE('',#2468,#2469,#1476,.T.);
#3125=EDGE_CURVE('',#2469,#2468,#1477,.T.);
#3126=EDGE_CURVE('',#2469,#2467,#1829,.T.);
#3127=EDGE_CURVE('',#2470,#2470,#1478,.T.);
#3128=EDGE_CURVE('',#2470,#2468,#1830,.T.);
#3129=EDGE_CURVE('',#2471,#2471,#1479,.T.);
#3130=EDGE_CURVE('',#2472,#2472,#1480,.T.);
#3131=EDGE_CURVE('',#2472,#2471,#1831,.T.);
#3132=EDGE_CURVE('',#2473,#2473,#1481,.T.);
#3133=EDGE_CURVE('',#2474,#2475,#1482,.T.);
#3134=EDGE_CURVE('',#2475,#2474,#1483,.T.);
#3135=EDGE_CURVE('',#2475,#2473,#1832,.T.);
#3136=EDGE_CURVE('',#2476,#2476,#1484,.T.);
#3137=EDGE_CURVE('',#2476,#2474,#1833,.T.);
#3138=EDGE_CURVE('',#2477,#2477,#1485,.T.);
#3139=EDGE_CURVE('',#2478,#2479,#1486,.T.);
#3140=EDGE_CURVE('',#2479,#2478,#1487,.T.);
#3141=EDGE_CURVE('',#2479,#2477,#1834,.T.);
#3142=EDGE_CURVE('',#2480,#2481,#1488,.T.);
#3143=EDGE_CURVE('',#2482,#2480,#177,.T.);
#3144=EDGE_CURVE('',#2483,#2482,#178,.T.);
#3145=EDGE_CURVE('',#2483,#2478,#1835,.T.);
#3146=EDGE_CURVE('',#2484,#2483,#179,.T.);
#3147=EDGE_CURVE('',#2481,#2484,#180,.T.);
#3148=EDGE_CURVE('',#2485,#2481,#181,.T.);
#3149=EDGE_CURVE('',#2485,#2447,#1836,.T.);
#3150=EDGE_CURVE('',#2480,#2485,#182,.T.);
#3151=EDGE_CURVE('',#2486,#2486,#1489,.T.);
#3152=EDGE_CURVE('',#2486,#2482,#1837,.T.);
#3153=EDGE_CURVE('',#2484,#2487,#1838,.T.);
#3154=EDGE_CURVE('',#2487,#2487,#1490,.T.);
#3155=EDGE_CURVE('',#2488,#2489,#183,.T.);
#3156=EDGE_CURVE('',#2489,#2490,#184,.T.);
#3157=EDGE_CURVE('',#2490,#2488,#185,.T.);
#3158=EDGE_CURVE('',#2491,#2491,#1491,.T.);
#3159=EDGE_CURVE('',#2492,#2492,#1492,.T.);
#3160=EDGE_CURVE('',#2492,#2489,#1839,.T.);
#3161=EDGE_CURVE('',#2488,#2493,#1493,.T.);
#3162=EDGE_CURVE('',#2494,#2493,#186,.F.);
#3163=EDGE_CURVE('',#2494,#2490,#1494,.T.);
#3164=EDGE_CURVE('',#2492,#2495,#1840,.T.);
#3165=EDGE_CURVE('',#2495,#2495,#1495,.T.);
#3166=EDGE_CURVE('',#2496,#2496,#1496,.T.);
#3167=EDGE_CURVE('',#2497,#2498,#1497,.T.);
#3168=EDGE_CURVE('',#2498,#2497,#1498,.T.);
#3169=EDGE_CURVE('',#2498,#2496,#1841,.T.);
#3170=EDGE_CURVE('',#2497,#2499,#1842,.T.);
#3171=EDGE_CURVE('',#2499,#2499,#1499,.T.);
#3172=EDGE_CURVE('',#2500,#2500,#1500,.T.);
#3173=EDGE_CURVE('',#2501,#2501,#1501,.T.);
#3174=EDGE_CURVE('',#2501,#2500,#1843,.T.);
#3175=EDGE_CURVE('',#2502,#2502,#1502,.T.);
#3176=EDGE_CURVE('',#2503,#2504,#1503,.T.);
#3177=EDGE_CURVE('',#2504,#2503,#1504,.T.);
#3178=EDGE_CURVE('',#2504,#2502,#1844,.T.);
#3179=EDGE_CURVE('',#2503,#2505,#1845,.T.);
#3180=EDGE_CURVE('',#2505,#2505,#1505,.T.);
#3181=EDGE_CURVE('',#2506,#2506,#1506,.T.);
#3182=EDGE_CURVE('',#2507,#2508,#1507,.T.);
#3183=EDGE_CURVE('',#2508,#2507,#1508,.T.);
#3184=EDGE_CURVE('',#2508,#2506,#1509,.T.);
#3185=EDGE_CURVE('',#2458,#2507,#1846,.T.);
#3186=EDGE_CURVE('',#2509,#2494,#187,.T.);
#3187=EDGE_CURVE('',#2509,#2510,#1847,.T.);
#3188=EDGE_CURVE('',#2510,#2510,#1510,.T.);
#3189=EDGE_CURVE('',#2493,#2509,#188,.T.);
#3190=EDGE_CURVE('',#2510,#2450,#1848,.T.);
#3191=EDGE_CURVE('',#2449,#2450,#2234,.T.);
#3192=EDGE_CURVE('',#2448,#2450,#1511,.T.);
#3193=EDGE_CURVE('',#2511,#2512,#1512,.T.);
#3194=EDGE_CURVE('',#2513,#2511,#189,.T.);
#3195=EDGE_CURVE('',#2513,#2450,#1849,.T.);
#3196=EDGE_CURVE('',#2512,#2513,#190,.T.);
#3197=EDGE_CURVE('',#2514,#2514,#1513,.T.);
#3198=EDGE_CURVE('',#2514,#2515,#1850,.T.);
#3199=EDGE_CURVE('',#2516,#2515,#191,.T.);
#3200=EDGE_CURVE('',#2511,#2516,#192,.T.);
#3201=EDGE_CURVE('',#2517,#2512,#193,.T.);
#3202=EDGE_CURVE('',#2515,#2517,#194,.T.);
#3203=EDGE_CURVE('',#2514,#2518,#1851,.T.);
#3204=EDGE_CURVE('',#2518,#2518,#1514,.T.);
#3205=EDGE_CURVE('',#2519,#2519,#1515,.T.);
#3206=EDGE_CURVE('',#2520,#2521,#1516,.T.);
#3207=EDGE_CURVE('',#2521,#2520,#1517,.T.);
#3208=EDGE_CURVE('',#2521,#2519,#1852,.T.);
#3209=EDGE_CURVE('',#2520,#2522,#1853,.T.);
#3210=EDGE_CURVE('',#2522,#2522,#1518,.T.);
#3211=EDGE_CURVE('',#2523,#2523,#1519,.T.);
#3212=EDGE_CURVE('',#2524,#2524,#1520,.T.);
#3213=EDGE_CURVE('',#2524,#2523,#1854,.T.);
#3214=EDGE_CURVE('',#2525,#2525,#1521,.T.);
#3215=EDGE_CURVE('',#2526,#2527,#1522,.T.);
#3216=EDGE_CURVE('',#2527,#2526,#1523,.T.);
#3217=EDGE_CURVE('',#2527,#2525,#1855,.T.);
#3218=EDGE_CURVE('',#2526,#2528,#1856,.T.);
#3219=EDGE_CURVE('',#2528,#2528,#1524,.T.);
#3220=EDGE_CURVE('',#2529,#2529,#1525,.T.);
#3221=EDGE_CURVE('',#2530,#2531,#1526,.T.);
#3222=EDGE_CURVE('',#2531,#2530,#1527,.T.);
#3223=EDGE_CURVE('',#2531,#2529,#1528,.T.);
#3224=EDGE_CURVE('',#2532,#2532,#1529,.T.);
#3225=EDGE_CURVE('',#2532,#2530,#1857,.T.);
#3226=EDGE_CURVE('',#2533,#2533,#1530,.T.);
#3227=EDGE_CURVE('',#2533,#2516,#1858,.T.);
#3228=EDGE_CURVE('',#2517,#2534,#1859,.T.);
#3229=EDGE_CURVE('',#2534,#2534,#1531,.T.);
#3230=EDGE_CURVE('',#2535,#2535,#1532,.T.);
#3231=EDGE_CURVE('',#2536,#2536,#1533,.T.);
#3232=EDGE_CURVE('',#2535,#2536,#1860,.T.);
#3233=EDGE_CURVE('',#2537,#2537,#1534,.T.);
#3234=EDGE_CURVE('',#2491,#2537,#1861,.T.);
#3235=EDGE_CURVE('',#2538,#2539,#2235,.T.);
#3236=EDGE_CURVE('',#2540,#2538,#2236,.T.);
#3237=EDGE_CURVE('',#2540,#2541,#1862,.T.);
#3238=EDGE_CURVE('',#2541,#2541,#1535,.T.);
#3239=EDGE_CURVE('',#2542,#2540,#2237,.T.);
#3240=EDGE_CURVE('',#2539,#2542,#2238,.T.);
#3241=EDGE_CURVE('',#2543,#2543,#1536,.T.);
#3242=EDGE_CURVE('',#2544,#2544,#1537,.T.);
#3243=EDGE_CURVE('',#2544,#2539,#1863,.T.);
#3244=EDGE_CURVE('',#2540,#2545,#1864,.T.);
#3245=EDGE_CURVE('',#2545,#2545,#1538,.T.);
#3246=EDGE_CURVE('',#2546,#2546,#1539,.T.);
#3247=EDGE_CURVE('',#2547,#2548,#1540,.T.);
#3248=EDGE_CURVE('',#2547,#2546,#1865,.T.);
#3249=EDGE_CURVE('',#2548,#2547,#1541,.T.);
#3250=EDGE_CURVE('',#2549,#2550,#195,.T.);
#3251=EDGE_CURVE('',#2551,#2549,#1542,.T.);
#3252=EDGE_CURVE('',#2551,#2548,#1543,.T.);
#3253=EDGE_CURVE('',#2550,#2551,#1544,.T.);
#3254=EDGE_CURVE('',#2552,#2552,#1545,.T.);
#3255=EDGE_CURVE('',#2553,#2554,#1546,.T.);
#3256=EDGE_CURVE('',#2554,#2553,#1547,.T.);
#3257=EDGE_CURVE('',#2554,#2552,#1866,.T.);
#3258=EDGE_CURVE('',#2555,#2555,#1548,.T.);
#3259=EDGE_CURVE('',#2555,#2553,#1867,.T.);
#3260=EDGE_CURVE('',#2556,#2556,#1549,.T.);
#3261=EDGE_CURVE('',#2557,#2557,#1550,.T.);
#3262=EDGE_CURVE('',#2557,#2556,#1868,.T.);
#3263=EDGE_CURVE('',#2558,#2558,#1551,.T.);
#3264=EDGE_CURVE('',#2559,#2560,#1552,.T.);
#3265=EDGE_CURVE('',#2560,#2559,#1553,.T.);
#3266=EDGE_CURVE('',#2560,#2558,#1869,.T.);
#3267=EDGE_CURVE('',#2561,#2561,#1554,.T.);
#3268=EDGE_CURVE('',#2561,#2559,#1870,.T.);
#3269=EDGE_CURVE('',#2562,#2562,#1555,.T.);
#3270=EDGE_CURVE('',#2563,#2564,#1556,.T.);
#3271=EDGE_CURVE('',#2564,#2563,#1557,.T.);
#3272=EDGE_CURVE('',#2564,#2562,#1871,.T.);
#3273=EDGE_CURVE('',#2565,#2566,#1558,.T.);
#3274=EDGE_CURVE('',#2567,#2565,#196,.T.);
#3275=EDGE_CURVE('',#2568,#2567,#197,.T.);
#3276=EDGE_CURVE('',#2568,#2563,#1872,.T.);
#3277=EDGE_CURVE('',#2569,#2568,#198,.T.);
#3278=EDGE_CURVE('',#2566,#2569,#199,.T.);
#3279=EDGE_CURVE('',#2570,#2566,#200,.T.);
#3280=EDGE_CURVE('',#2570,#2571,#1873,.T.);
#3281=EDGE_CURVE('',#2571,#2572,#201,.T.);
#3282=EDGE_CURVE('',#2573,#2572,#1559,.T.);
#3283=EDGE_CURVE('',#2573,#2571,#202,.T.);
#3284=EDGE_CURVE('',#2565,#2570,#203,.T.);
#3285=EDGE_CURVE('',#2574,#2574,#1560,.T.);
#3286=EDGE_CURVE('',#2574,#2567,#1874,.T.);
#3287=EDGE_CURVE('',#2569,#2575,#1875,.T.);
#3288=EDGE_CURVE('',#2575,#2575,#1561,.T.);
#3289=EDGE_CURVE('',#2576,#2577,#204,.T.);
#3290=EDGE_CURVE('',#2577,#2578,#205,.T.);
#3291=EDGE_CURVE('',#2578,#2576,#206,.T.);
#3292=EDGE_CURVE('',#2579,#2579,#1562,.T.);
#3293=EDGE_CURVE('',#2580,#2580,#1563,.T.);
#3294=EDGE_CURVE('',#2580,#2577,#1876,.T.);
#3295=EDGE_CURVE('',#2576,#2581,#1564,.T.);
#3296=EDGE_CURVE('',#2582,#2581,#207,.F.);
#3297=EDGE_CURVE('',#2582,#2578,#1565,.T.);
#3298=EDGE_CURVE('',#2580,#2583,#1877,.T.);
#3299=EDGE_CURVE('',#2583,#2583,#1566,.T.);
#3300=EDGE_CURVE('',#2584,#2584,#1567,.T.);
#3301=EDGE_CURVE('',#2585,#2586,#1568,.T.);
#3302=EDGE_CURVE('',#2586,#2585,#1569,.T.);
#3303=EDGE_CURVE('',#2586,#2584,#1878,.T.);
#3304=EDGE_CURVE('',#2585,#2587,#1879,.T.);
#3305=EDGE_CURVE('',#2587,#2587,#1570,.T.);
#3306=EDGE_CURVE('',#2588,#2588,#1571,.T.);
#3307=EDGE_CURVE('',#2589,#2589,#1572,.T.);
#3308=EDGE_CURVE('',#2589,#2588,#1880,.T.);
#3309=EDGE_CURVE('',#2590,#2590,#1573,.T.);
#3310=EDGE_CURVE('',#2591,#2592,#1574,.T.);
#3311=EDGE_CURVE('',#2592,#2591,#1575,.T.);
#3312=EDGE_CURVE('',#2592,#2590,#1881,.T.);
#3313=EDGE_CURVE('',#2591,#2593,#1882,.T.);
#3314=EDGE_CURVE('',#2593,#2593,#1576,.T.);
#3315=EDGE_CURVE('',#2594,#2594,#1577,.T.);
#3316=EDGE_CURVE('',#2595,#2596,#1578,.T.);
#3317=EDGE_CURVE('',#2596,#2595,#1579,.T.);
#3318=EDGE_CURVE('',#2596,#2594,#1580,.T.);
#3319=EDGE_CURVE('',#2543,#2595,#1883,.T.);
#3320=EDGE_CURVE('',#2597,#2582,#208,.T.);
#3321=EDGE_CURVE('',#2597,#2598,#1884,.T.);
#3322=EDGE_CURVE('',#2598,#2598,#1581,.T.);
#3323=EDGE_CURVE('',#2581,#2597,#209,.T.);
#3324=EDGE_CURVE('',#2598,#2599,#1885,.T.);
#3325=EDGE_CURVE('',#2600,#2599,#210,.T.);
#3326=EDGE_CURVE('',#2601,#2600,#2239,.T.);
#3327=EDGE_CURVE('',#2572,#2601,#2240,.T.);
#3328=EDGE_CURVE('',#2602,#2573,#2241,.T.);
#3329=EDGE_CURVE('',#2603,#2602,#2242,.T.);
#3330=EDGE_CURVE('',#2599,#2603,#211,.T.);
#3331=EDGE_CURVE('',#2603,#2600,#1582,.T.);
#3332=EDGE_CURVE('',#2604,#2605,#1583,.T.);
#3333=EDGE_CURVE('',#2606,#2604,#212,.T.);
#3334=EDGE_CURVE('',#2606,#2599,#1886,.T.);
#3335=EDGE_CURVE('',#2605,#2606,#213,.T.);
#3336=EDGE_CURVE('',#2607,#2607,#1584,.T.);
#3337=EDGE_CURVE('',#2607,#2608,#1887,.T.);
#3338=EDGE_CURVE('',#2609,#2608,#214,.T.);
#3339=EDGE_CURVE('',#2604,#2609,#215,.T.);
#3340=EDGE_CURVE('',#2610,#2605,#216,.T.);
#3341=EDGE_CURVE('',#2608,#2610,#217,.T.);
#3342=EDGE_CURVE('',#2607,#2611,#1888,.T.);
#3343=EDGE_CURVE('',#2611,#2611,#1585,.T.);
#3344=EDGE_CURVE('',#2612,#2612,#1586,.T.);
#3345=EDGE_CURVE('',#2613,#2614,#1587,.T.);
#3346=EDGE_CURVE('',#2614,#2613,#1588,.T.);
#3347=EDGE_CURVE('',#2614,#2612,#1889,.T.);
#3348=EDGE_CURVE('',#2613,#2615,#1890,.T.);
#3349=EDGE_CURVE('',#2615,#2615,#1589,.T.);
#3350=EDGE_CURVE('',#2616,#2616,#1590,.T.);
#3351=EDGE_CURVE('',#2617,#2617,#1591,.T.);
#3352=EDGE_CURVE('',#2617,#2616,#1891,.T.);
#3353=EDGE_CURVE('',#2618,#2618,#1592,.T.);
#3354=EDGE_CURVE('',#2619,#2620,#1593,.T.);
#3355=EDGE_CURVE('',#2620,#2619,#1594,.T.);
#3356=EDGE_CURVE('',#2620,#2618,#1892,.T.);
#3357=EDGE_CURVE('',#2619,#2621,#1893,.T.);
#3358=EDGE_CURVE('',#2621,#2621,#1595,.T.);
#3359=EDGE_CURVE('',#2622,#2622,#1596,.T.);
#3360=EDGE_CURVE('',#2623,#2624,#1597,.T.);
#3361=EDGE_CURVE('',#2624,#2623,#1598,.T.);
#3362=EDGE_CURVE('',#2624,#2622,#1599,.T.);
#3363=EDGE_CURVE('',#2625,#2625,#1600,.T.);
#3364=EDGE_CURVE('',#2625,#2623,#1894,.T.);
#3365=EDGE_CURVE('',#2626,#2626,#1601,.T.);
#3366=EDGE_CURVE('',#2626,#2609,#1895,.T.);
#3367=EDGE_CURVE('',#2610,#2627,#1896,.T.);
#3368=EDGE_CURVE('',#2627,#2627,#1602,.T.);
#3369=EDGE_CURVE('',#2628,#2628,#1603,.T.);
#3370=EDGE_CURVE('',#2629,#2629,#1604,.T.);
#3371=EDGE_CURVE('',#2628,#2629,#1897,.T.);
#3372=EDGE_CURVE('',#2630,#2630,#1605,.T.);
#3373=EDGE_CURVE('',#2579,#2630,#1898,.T.);
#3374=EDGE_CURVE('',#2631,#2632,#2243,.T.);
#3375=EDGE_CURVE('',#2633,#2631,#2244,.T.);
#3376=EDGE_CURVE('',#2633,#2634,#1899,.T.);
#3377=EDGE_CURVE('',#2634,#2634,#1606,.T.);
#3378=EDGE_CURVE('',#2635,#2633,#2245,.T.);
#3379=EDGE_CURVE('',#2632,#2635,#2246,.T.);
#3380=EDGE_CURVE('',#2636,#2636,#1607,.T.);
#3381=EDGE_CURVE('',#2637,#2637,#1608,.T.);
#3382=EDGE_CURVE('',#2637,#2632,#1900,.T.);
#3383=EDGE_CURVE('',#2633,#2638,#1901,.T.);
#3384=EDGE_CURVE('',#2638,#2638,#1609,.T.);
#3385=EDGE_CURVE('',#2639,#2639,#1610,.T.);
#3386=EDGE_CURVE('',#2640,#2641,#1611,.T.);
#3387=EDGE_CURVE('',#2640,#2639,#1902,.T.);
#3388=EDGE_CURVE('',#2641,#2640,#1612,.T.);
#3389=EDGE_CURVE('',#2642,#2643,#218,.T.);
#3390=EDGE_CURVE('',#2644,#2642,#1613,.T.);
#3391=EDGE_CURVE('',#2644,#2641,#1614,.T.);
#3392=EDGE_CURVE('',#2643,#2644,#1615,.T.);
#3393=EDGE_CURVE('',#2645,#2645,#1616,.T.);
#3394=EDGE_CURVE('',#2646,#2647,#1617,.T.);
#3395=EDGE_CURVE('',#2647,#2646,#1618,.T.);
#3396=EDGE_CURVE('',#2647,#2645,#1903,.T.);
#3397=EDGE_CURVE('',#2648,#2648,#1619,.T.);
#3398=EDGE_CURVE('',#2648,#2646,#1904,.T.);
#3399=EDGE_CURVE('',#2649,#2649,#1620,.T.);
#3400=EDGE_CURVE('',#2650,#2650,#1621,.T.);
#3401=EDGE_CURVE('',#2650,#2649,#1905,.T.);
#3402=EDGE_CURVE('',#2651,#2651,#1622,.T.);
#3403=EDGE_CURVE('',#2652,#2653,#1623,.T.);
#3404=EDGE_CURVE('',#2653,#2652,#1624,.T.);
#3405=EDGE_CURVE('',#2653,#2651,#1906,.T.);
#3406=EDGE_CURVE('',#2654,#2654,#1625,.T.);
#3407=EDGE_CURVE('',#2654,#2652,#1907,.T.);
#3408=EDGE_CURVE('',#2655,#2655,#1626,.T.);
#3409=EDGE_CURVE('',#2656,#2657,#1627,.T.);
#3410=EDGE_CURVE('',#2657,#2656,#1628,.T.);
#3411=EDGE_CURVE('',#2657,#2655,#1908,.T.);
#3412=EDGE_CURVE('',#2658,#2659,#1629,.T.);
#3413=EDGE_CURVE('',#2660,#2658,#219,.T.);
#3414=EDGE_CURVE('',#2661,#2660,#220,.T.);
#3415=EDGE_CURVE('',#2661,#2656,#1909,.T.);
#3416=EDGE_CURVE('',#2662,#2661,#221,.T.);
#3417=EDGE_CURVE('',#2659,#2662,#222,.T.);
#3418=EDGE_CURVE('',#2663,#2659,#223,.T.);
#3419=EDGE_CURVE('',#2663,#2664,#1910,.T.);
#3420=EDGE_CURVE('',#2664,#2664,#1630,.T.);
#3421=EDGE_CURVE('',#2658,#2663,#224,.T.);
#3422=EDGE_CURVE('',#2665,#2665,#1631,.T.);
#3423=EDGE_CURVE('',#2665,#2660,#1911,.T.);
#3424=EDGE_CURVE('',#2662,#2666,#1912,.T.);
#3425=EDGE_CURVE('',#2666,#2666,#1632,.T.);
#3426=EDGE_CURVE('',#2667,#2668,#225,.T.);
#3427=EDGE_CURVE('',#2668,#2669,#226,.T.);
#3428=EDGE_CURVE('',#2669,#2667,#227,.T.);
#3429=EDGE_CURVE('',#2670,#2670,#1633,.T.);
#3430=EDGE_CURVE('',#2671,#2671,#1634,.T.);
#3431=EDGE_CURVE('',#2671,#2668,#1913,.T.);
#3432=EDGE_CURVE('',#2667,#2672,#1635,.T.);
#3433=EDGE_CURVE('',#2673,#2672,#228,.F.);
#3434=EDGE_CURVE('',#2673,#2669,#1636,.T.);
#3435=EDGE_CURVE('',#2671,#2674,#1914,.T.);
#3436=EDGE_CURVE('',#2674,#2674,#1637,.T.);
#3437=EDGE_CURVE('',#2675,#2675,#1638,.T.);
#3438=EDGE_CURVE('',#2676,#2677,#1639,.T.);
#3439=EDGE_CURVE('',#2677,#2676,#1640,.T.);
#3440=EDGE_CURVE('',#2677,#2675,#1915,.T.);
#3441=EDGE_CURVE('',#2676,#2678,#1916,.T.);
#3442=EDGE_CURVE('',#2678,#2678,#1641,.T.);
#3443=EDGE_CURVE('',#2679,#2679,#1642,.T.);
#3444=EDGE_CURVE('',#2680,#2680,#1643,.T.);
#3445=EDGE_CURVE('',#2680,#2679,#1917,.T.);
#3446=EDGE_CURVE('',#2681,#2681,#1644,.T.);
#3447=EDGE_CURVE('',#2682,#2683,#1645,.T.);
#3448=EDGE_CURVE('',#2683,#2682,#1646,.T.);
#3449=EDGE_CURVE('',#2683,#2681,#1918,.T.);
#3450=EDGE_CURVE('',#2682,#2684,#1919,.T.);
#3451=EDGE_CURVE('',#2684,#2684,#1647,.T.);
#3452=EDGE_CURVE('',#2685,#2685,#1648,.T.);
#3453=EDGE_CURVE('',#2686,#2687,#1649,.T.);
#3454=EDGE_CURVE('',#2687,#2686,#1650,.T.);
#3455=EDGE_CURVE('',#2687,#2685,#1651,.T.);
#3456=EDGE_CURVE('',#2636,#2686,#1920,.T.);
#3457=EDGE_CURVE('',#2688,#2673,#229,.T.);
#3458=EDGE_CURVE('',#2688,#2689,#1921,.T.);
#3459=EDGE_CURVE('',#2689,#2689,#1652,.T.);
#3460=EDGE_CURVE('',#2672,#2688,#230,.T.);
#3461=EDGE_CURVE('',#2689,#2690,#1922,.T.);
#3462=EDGE_CURVE('',#2691,#2690,#2247,.T.);
#3463=EDGE_CURVE('',#2692,#2691,#2248,.T.);
#3464=EDGE_CURVE('',#2693,#2692,#2249,.T.);
#3465=EDGE_CURVE('',#2690,#2693,#2250,.T.);
#3466=EDGE_CURVE('',#2694,#2694,#1653,.T.);
#3467=EDGE_CURVE('',#2694,#2690,#1923,.T.);
#3468=EDGE_CURVE('',#2692,#2664,#1924,.T.);
#3469=EDGE_CURVE('',#2695,#2696,#1654,.T.);
#3470=EDGE_CURVE('',#2697,#2695,#231,.T.);
#3471=EDGE_CURVE('',#2697,#2694,#1925,.T.);
#3472=EDGE_CURVE('',#2696,#2697,#232,.T.);
#3473=EDGE_CURVE('',#2698,#2698,#1655,.T.);
#3474=EDGE_CURVE('',#2698,#2699,#1926,.T.);
#3475=EDGE_CURVE('',#2700,#2699,#233,.T.);
#3476=EDGE_CURVE('',#2695,#2700,#234,.T.);
#3477=EDGE_CURVE('',#2701,#2696,#235,.T.);
#3478=EDGE_CURVE('',#2699,#2701,#236,.T.);
#3479=EDGE_CURVE('',#2698,#2702,#1927,.T.);
#3480=EDGE_CURVE('',#2702,#2702,#1656,.T.);
#3481=EDGE_CURVE('',#2703,#2703,#1657,.T.);
#3482=EDGE_CURVE('',#2704,#2705,#1658,.T.);
#3483=EDGE_CURVE('',#2705,#2704,#1659,.T.);
#3484=EDGE_CURVE('',#2705,#2703,#1928,.T.);
#3485=EDGE_CURVE('',#2704,#2706,#1929,.T.);
#3486=EDGE_CURVE('',#2706,#2706,#1660,.T.);
#3487=EDGE_CURVE('',#2707,#2707,#1661,.T.);
#3488=EDGE_CURVE('',#2708,#2708,#1662,.T.);
#3489=EDGE_CURVE('',#2708,#2707,#1930,.T.);
#3490=EDGE_CURVE('',#2709,#2709,#1663,.T.);
#3491=EDGE_CURVE('',#2710,#2711,#1664,.T.);
#3492=EDGE_CURVE('',#2711,#2710,#1665,.T.);
#3493=EDGE_CURVE('',#2711,#2709,#1931,.T.);
#3494=EDGE_CURVE('',#2710,#2712,#1932,.T.);
#3495=EDGE_CURVE('',#2712,#2712,#1666,.T.);
#3496=EDGE_CURVE('',#2713,#2713,#1667,.T.);
#3497=EDGE_CURVE('',#2714,#2715,#1668,.T.);
#3498=EDGE_CURVE('',#2715,#2714,#1669,.T.);
#3499=EDGE_CURVE('',#2715,#2713,#1670,.T.);
#3500=EDGE_CURVE('',#2716,#2716,#1671,.T.);
#3501=EDGE_CURVE('',#2716,#2714,#1933,.T.);
#3502=EDGE_CURVE('',#2717,#2717,#1672,.T.);
#3503=EDGE_CURVE('',#2717,#2700,#1934,.T.);
#3504=EDGE_CURVE('',#2701,#2718,#1935,.T.);
#3505=EDGE_CURVE('',#2718,#2718,#1673,.T.);
#3506=EDGE_CURVE('',#2719,#2719,#1674,.T.);
#3507=EDGE_CURVE('',#2720,#2720,#1675,.T.);
#3508=EDGE_CURVE('',#2719,#2720,#1936,.T.);
#3509=EDGE_CURVE('',#2721,#2721,#1676,.T.);
#3510=EDGE_CURVE('',#2670,#2721,#1937,.T.);
#3511=EDGE_CURVE('',#2722,#2723,#2251,.T.);
#3512=EDGE_CURVE('',#2724,#2722,#2252,.T.);
#3513=EDGE_CURVE('',#2724,#2725,#1938,.T.);
#3514=EDGE_CURVE('',#2725,#2725,#1677,.T.);
#3515=EDGE_CURVE('',#2726,#2724,#2253,.T.);
#3516=EDGE_CURVE('',#2723,#2726,#2254,.T.);
#3517=EDGE_CURVE('',#2727,#2727,#1678,.T.);
#3518=EDGE_CURVE('',#2728,#2728,#1679,.T.);
#3519=EDGE_CURVE('',#2728,#2723,#1939,.T.);
#3520=EDGE_CURVE('',#2724,#2729,#1940,.T.);
#3521=EDGE_CURVE('',#2729,#2729,#1680,.T.);
#3522=EDGE_CURVE('',#2730,#2730,#1681,.T.);
#3523=EDGE_CURVE('',#2731,#2732,#1682,.T.);
#3524=EDGE_CURVE('',#2731,#2730,#1941,.T.);
#3525=EDGE_CURVE('',#2732,#2731,#1683,.T.);
#3526=EDGE_CURVE('',#2733,#2734,#237,.T.);
#3527=EDGE_CURVE('',#2735,#2733,#1684,.T.);
#3528=EDGE_CURVE('',#2735,#2732,#1685,.T.);
#3529=EDGE_CURVE('',#2734,#2735,#1686,.T.);
#3530=EDGE_CURVE('',#2736,#2736,#1687,.T.);
#3531=EDGE_CURVE('',#2737,#2738,#1688,.T.);
#3532=EDGE_CURVE('',#2738,#2737,#1689,.T.);
#3533=EDGE_CURVE('',#2738,#2736,#1942,.T.);
#3534=EDGE_CURVE('',#2739,#2739,#1690,.T.);
#3535=EDGE_CURVE('',#2739,#2737,#1943,.T.);
#3536=EDGE_CURVE('',#2740,#2740,#1691,.T.);
#3537=EDGE_CURVE('',#2740,#2741,#1944,.T.);
#3538=EDGE_CURVE('',#2741,#2741,#1692,.T.);
#3539=EDGE_CURVE('',#2742,#2742,#1693,.T.);
#3540=EDGE_CURVE('',#2742,#2741,#1945,.T.);
#3541=EDGE_CURVE('',#2743,#2743,#1694,.T.);
#3542=EDGE_CURVE('',#2744,#2745,#1695,.T.);
#3543=EDGE_CURVE('',#2745,#2744,#1696,.T.);
#3544=EDGE_CURVE('',#2745,#2743,#1946,.T.);
#3545=EDGE_CURVE('',#2746,#2746,#1697,.T.);
#3546=EDGE_CURVE('',#2746,#2744,#1947,.T.);
#3547=EDGE_CURVE('',#2747,#2747,#1698,.T.);
#3548=EDGE_CURVE('',#2747,#2746,#1948,.T.);
#3549=EDGE_CURVE('',#2748,#2749,#1699,.T.);
#3550=EDGE_CURVE('',#2750,#2748,#238,.T.);
#3551=EDGE_CURVE('',#2751,#2750,#239,.T.);
#3552=EDGE_CURVE('',#2751,#2747,#1949,.T.);
#3553=EDGE_CURVE('',#2752,#2751,#240,.T.);
#3554=EDGE_CURVE('',#2749,#2752,#241,.T.);
#3555=EDGE_CURVE('',#2753,#2749,#242,.T.);
#3556=EDGE_CURVE('',#2753,#2754,#1950,.T.);
#3557=EDGE_CURVE('',#2754,#2754,#1700,.T.);
#3558=EDGE_CURVE('',#2748,#2753,#243,.T.);
#3559=EDGE_CURVE('',#2755,#2755,#1701,.T.);
#3560=EDGE_CURVE('',#2755,#2750,#1951,.T.);
#3561=EDGE_CURVE('',#2752,#2756,#1952,.T.);
#3562=EDGE_CURVE('',#2756,#2756,#1702,.T.);
#3563=EDGE_CURVE('',#2757,#2758,#244,.T.);
#3564=EDGE_CURVE('',#2758,#2759,#245,.T.);
#3565=EDGE_CURVE('',#2759,#2757,#246,.T.);
#3566=EDGE_CURVE('',#2760,#2760,#1703,.T.);
#3567=EDGE_CURVE('',#2761,#2761,#1704,.T.);
#3568=EDGE_CURVE('',#2761,#2758,#1953,.T.);
#3569=EDGE_CURVE('',#2757,#2762,#1705,.T.);
#3570=EDGE_CURVE('',#2763,#2762,#247,.F.);
#3571=EDGE_CURVE('',#2763,#2759,#1706,.T.);
#3572=EDGE_CURVE('',#2761,#2764,#1954,.T.);
#3573=EDGE_CURVE('',#2765,#2764,#1707,.T.);
#3574=EDGE_CURVE('',#2764,#2765,#1708,.T.);
#3575=EDGE_CURVE('',#2766,#2767,#1709,.T.);
#3576=EDGE_CURVE('',#2767,#2766,#1710,.T.);
#3577=EDGE_CURVE('',#2767,#2765,#1955,.T.);
#3578=EDGE_CURVE('',#2766,#2768,#1956,.T.);
#3579=EDGE_CURVE('',#2768,#2768,#1711,.T.);
#3580=EDGE_CURVE('',#2769,#2769,#1712,.T.);
#3581=EDGE_CURVE('',#2770,#2771,#1713,.T.);
#3582=EDGE_CURVE('',#2771,#2770,#1714,.T.);
#3583=EDGE_CURVE('',#2771,#2769,#1957,.T.);
#3584=EDGE_CURVE('',#2772,#2772,#1715,.T.);
#3585=EDGE_CURVE('',#2772,#2770,#1958,.T.);
#3586=EDGE_CURVE('',#2773,#2773,#1716,.T.);
#3587=EDGE_CURVE('',#2774,#2775,#1717,.T.);
#3588=EDGE_CURVE('',#2775,#2774,#1718,.T.);
#3589=EDGE_CURVE('',#2775,#2773,#1959,.T.);
#3590=EDGE_CURVE('',#2774,#2776,#1960,.T.);
#3591=EDGE_CURVE('',#2776,#2776,#1719,.T.);
#3592=EDGE_CURVE('',#2777,#2777,#1720,.T.);
#3593=EDGE_CURVE('',#2778,#2779,#1721,.T.);
#3594=EDGE_CURVE('',#2779,#2778,#1722,.T.);
#3595=EDGE_CURVE('',#2779,#2777,#1723,.T.);
#3596=EDGE_CURVE('',#2727,#2778,#1961,.T.);
#3597=EDGE_CURVE('',#2780,#2763,#248,.T.);
#3598=EDGE_CURVE('',#2780,#2781,#1962,.T.);
#3599=EDGE_CURVE('',#2781,#2781,#1724,.T.);
#3600=EDGE_CURVE('',#2762,#2780,#249,.T.);
#3601=EDGE_CURVE('',#2781,#2782,#1963,.T.);
#3602=EDGE_CURVE('',#2783,#2782,#2255,.T.);
#3603=EDGE_CURVE('',#2784,#2783,#2256,.T.);
#3604=EDGE_CURVE('',#2785,#2784,#2257,.T.);
#3605=EDGE_CURVE('',#2782,#2785,#2258,.T.);
#3606=EDGE_CURVE('',#2786,#2786,#1725,.T.);
#3607=EDGE_CURVE('',#2786,#2782,#1964,.T.);
#3608=EDGE_CURVE('',#2784,#2754,#1965,.T.);
#3609=EDGE_CURVE('',#2787,#2788,#1726,.T.);
#3610=EDGE_CURVE('',#2789,#2787,#250,.T.);
#3611=EDGE_CURVE('',#2789,#2786,#1966,.T.);
#3612=EDGE_CURVE('',#2788,#2789,#251,.T.);
#3613=EDGE_CURVE('',#2790,#2790,#1727,.T.);
#3614=EDGE_CURVE('',#2790,#2791,#1967,.T.);
#3615=EDGE_CURVE('',#2792,#2791,#252,.T.);
#3616=EDGE_CURVE('',#2787,#2792,#253,.T.);
#3617=EDGE_CURVE('',#2793,#2788,#254,.T.);
#3618=EDGE_CURVE('',#2791,#2793,#255,.T.);
#3619=EDGE_CURVE('',#2790,#2794,#1968,.T.);
#3620=EDGE_CURVE('',#2795,#2794,#1728,.T.);
#3621=EDGE_CURVE('',#2794,#2795,#1729,.T.);
#3622=EDGE_CURVE('',#2796,#2797,#1730,.T.);
#3623=EDGE_CURVE('',#2797,#2796,#1731,.T.);
#3624=EDGE_CURVE('',#2797,#2795,#1969,.T.);
#3625=EDGE_CURVE('',#2796,#2798,#1970,.T.);
#3626=EDGE_CURVE('',#2798,#2798,#1732,.T.);
#3627=EDGE_CURVE('',#2799,#2799,#1733,.T.);
#3628=EDGE_CURVE('',#2800,#2801,#1734,.T.);
#3629=EDGE_CURVE('',#2801,#2800,#1735,.T.);
#3630=EDGE_CURVE('',#2801,#2799,#1971,.T.);
#3631=EDGE_CURVE('',#2802,#2802,#1736,.T.);
#3632=EDGE_CURVE('',#2802,#2800,#1972,.T.);
#3633=EDGE_CURVE('',#2803,#2803,#1737,.T.);
#3634=EDGE_CURVE('',#2804,#2805,#1738,.T.);
#3635=EDGE_CURVE('',#2805,#2804,#1739,.T.);
#3636=EDGE_CURVE('',#2805,#2803,#1973,.T.);
#3637=EDGE_CURVE('',#2804,#2806,#1974,.T.);
#3638=EDGE_CURVE('',#2806,#2806,#1740,.T.);
#3639=EDGE_CURVE('',#2807,#2807,#1741,.T.);
#3640=EDGE_CURVE('',#2808,#2809,#1742,.T.);
#3641=EDGE_CURVE('',#2809,#2808,#1743,.T.);
#3642=EDGE_CURVE('',#2809,#2807,#1744,.T.);
#3643=EDGE_CURVE('',#2810,#2810,#1745,.T.);
#3644=EDGE_CURVE('',#2810,#2808,#1975,.T.);
#3645=EDGE_CURVE('',#2811,#2811,#1746,.T.);
#3646=EDGE_CURVE('',#2811,#2792,#1976,.T.);
#3647=EDGE_CURVE('',#2793,#2812,#1977,.T.);
#3648=EDGE_CURVE('',#2812,#2812,#1747,.T.);
#3649=EDGE_CURVE('',#2813,#2813,#1748,.T.);
#3650=EDGE_CURVE('',#2814,#2814,#1749,.T.);
#3651=EDGE_CURVE('',#2813,#2814,#1978,.T.);
#3652=EDGE_CURVE('',#2815,#2815,#1750,.T.);
#3653=EDGE_CURVE('',#2760,#2815,#1979,.T.);
#3654=ORIENTED_EDGE('',*,*,#2816,.F.);
#3655=ORIENTED_EDGE('',*,*,#2817,.F.);
#3656=ORIENTED_EDGE('',*,*,#2818,.T.);
#3657=ORIENTED_EDGE('',*,*,#2819,.T.);
#3658=ORIENTED_EDGE('',*,*,#2818,.F.);
#3659=ORIENTED_EDGE('',*,*,#2820,.F.);
#3660=ORIENTED_EDGE('',*,*,#2821,.F.);
#3661=ORIENTED_EDGE('',*,*,#2822,.T.);
#3662=ORIENTED_EDGE('',*,*,#2819,.F.);
#3663=ORIENTED_EDGE('',*,*,#2823,.F.);
#3664=ORIENTED_EDGE('',*,*,#2824,.T.);
#3665=ORIENTED_EDGE('',*,*,#2821,.T.);
#3666=ORIENTED_EDGE('',*,*,#2820,.T.);
#3667=ORIENTED_EDGE('',*,*,#2825,.T.);
#3668=ORIENTED_EDGE('',*,*,#2826,.T.);
#3669=ORIENTED_EDGE('',*,*,#2825,.F.);
#3670=ORIENTED_EDGE('',*,*,#2817,.T.);
#3671=ORIENTED_EDGE('',*,*,#2816,.T.);
#3672=ORIENTED_EDGE('',*,*,#2824,.F.);
#3673=ORIENTED_EDGE('',*,*,#2827,.F.);
#3674=ORIENTED_EDGE('',*,*,#2823,.T.);
#3675=ORIENTED_EDGE('',*,*,#2828,.F.);
#3676=ORIENTED_EDGE('',*,*,#2829,.T.);
#3677=ORIENTED_EDGE('',*,*,#2827,.T.);
#3678=ORIENTED_EDGE('',*,*,#2829,.F.);
#3679=ORIENTED_EDGE('',*,*,#2830,.F.);
#3680=ORIENTED_EDGE('',*,*,#2831,.F.);
#3681=ORIENTED_EDGE('',*,*,#2832,.F.);
#3682=ORIENTED_EDGE('',*,*,#2833,.T.);
#3683=ORIENTED_EDGE('',*,*,#2830,.T.);
#3684=ORIENTED_EDGE('',*,*,#2828,.T.);
#3685=ORIENTED_EDGE('',*,*,#2833,.F.);
#3686=ORIENTED_EDGE('',*,*,#2834,.F.);
#3687=ORIENTED_EDGE('',*,*,#2835,.F.);
#3688=ORIENTED_EDGE('',*,*,#2834,.T.);
#3689=ORIENTED_EDGE('',*,*,#2832,.T.);
#3690=ORIENTED_EDGE('',*,*,#2831,.T.);
#3691=ORIENTED_EDGE('',*,*,#2836,.F.);
#3692=ORIENTED_EDGE('',*,*,#2837,.F.);
#3693=ORIENTED_EDGE('',*,*,#2838,.T.);
#3694=ORIENTED_EDGE('',*,*,#2835,.T.);
#3695=ORIENTED_EDGE('',*,*,#2838,.F.);
#3696=ORIENTED_EDGE('',*,*,#2839,.F.);
#3697=ORIENTED_EDGE('',*,*,#2840,.T.);
#3698=ORIENTED_EDGE('',*,*,#2836,.T.);
#3699=ORIENTED_EDGE('',*,*,#2837,.T.);
#3700=ORIENTED_EDGE('',*,*,#2840,.F.);
#3701=ORIENTED_EDGE('',*,*,#2839,.T.);
#3702=ORIENTED_EDGE('',*,*,#2841,.F.);
#3703=ORIENTED_EDGE('',*,*,#2842,.F.);
#3704=ORIENTED_EDGE('',*,*,#2843,.T.);
#3705=ORIENTED_EDGE('',*,*,#2841,.T.);
#3706=ORIENTED_EDGE('',*,*,#2843,.F.);
#3707=ORIENTED_EDGE('',*,*,#2844,.F.);
#3708=ORIENTED_EDGE('',*,*,#2842,.T.);
#3709=ORIENTED_EDGE('',*,*,#2845,.F.);
#3710=ORIENTED_EDGE('',*,*,#2846,.F.);
#3711=ORIENTED_EDGE('',*,*,#2847,.T.);
#3712=ORIENTED_EDGE('',*,*,#2844,.T.);
#3713=ORIENTED_EDGE('',*,*,#2847,.F.);
#3714=ORIENTED_EDGE('',*,*,#2848,.F.);
#3715=ORIENTED_EDGE('',*,*,#2849,.T.);
#3716=ORIENTED_EDGE('',*,*,#2845,.T.);
#3717=ORIENTED_EDGE('',*,*,#2846,.T.);
#3718=ORIENTED_EDGE('',*,*,#2849,.F.);
#3719=ORIENTED_EDGE('',*,*,#2850,.F.);
#3720=ORIENTED_EDGE('',*,*,#2848,.T.);
#3721=ORIENTED_EDGE('',*,*,#2851,.F.);
#3722=ORIENTED_EDGE('',*,*,#2852,.F.);
#3723=ORIENTED_EDGE('',*,*,#2853,.T.);
#3724=ORIENTED_EDGE('',*,*,#2850,.T.);
#3725=ORIENTED_EDGE('',*,*,#2853,.F.);
#3726=ORIENTED_EDGE('',*,*,#2854,.F.);
#3727=ORIENTED_EDGE('',*,*,#2855,.F.);
#3728=ORIENTED_EDGE('',*,*,#2856,.F.);
#3729=ORIENTED_EDGE('',*,*,#2857,.T.);
#3730=ORIENTED_EDGE('',*,*,#2851,.T.);
#3731=ORIENTED_EDGE('',*,*,#2852,.T.);
#3732=ORIENTED_EDGE('',*,*,#2857,.F.);
#3733=ORIENTED_EDGE('',*,*,#2858,.F.);
#3734=ORIENTED_EDGE('',*,*,#2859,.F.);
#3735=ORIENTED_EDGE('',*,*,#2860,.F.);
#3736=ORIENTED_EDGE('',*,*,#2854,.T.);
#3737=ORIENTED_EDGE('',*,*,#2861,.F.);
#3738=ORIENTED_EDGE('',*,*,#2862,.T.);
#3739=ORIENTED_EDGE('',*,*,#2863,.T.);
#3740=ORIENTED_EDGE('',*,*,#2864,.F.);
#3741=ORIENTED_EDGE('',*,*,#2865,.T.);
#3742=ORIENTED_EDGE('',*,*,#2866,.T.);
#3743=ORIENTED_EDGE('',*,*,#2867,.F.);
#3744=ORIENTED_EDGE('',*,*,#2866,.F.);
#3745=ORIENTED_EDGE('',*,*,#2868,.T.);
#3746=ORIENTED_EDGE('',*,*,#2869,.F.);
#3747=ORIENTED_EDGE('',*,*,#2870,.F.);
#3748=ORIENTED_EDGE('',*,*,#2871,.F.);
#3749=ORIENTED_EDGE('',*,*,#2872,.F.);
#3750=ORIENTED_EDGE('',*,*,#2873,.T.);
#3751=ORIENTED_EDGE('',*,*,#2874,.F.);
#3752=ORIENTED_EDGE('',*,*,#2871,.T.);
#3753=ORIENTED_EDGE('',*,*,#2875,.F.);
#3754=ORIENTED_EDGE('',*,*,#2876,.T.);
#3755=ORIENTED_EDGE('',*,*,#2877,.F.);
#3756=ORIENTED_EDGE('',*,*,#2873,.F.);
#3757=ORIENTED_EDGE('',*,*,#2872,.T.);
#3758=ORIENTED_EDGE('',*,*,#2878,.T.);
#3759=ORIENTED_EDGE('',*,*,#2879,.F.);
#3760=ORIENTED_EDGE('',*,*,#2878,.F.);
#3761=ORIENTED_EDGE('',*,*,#2879,.T.);
#3762=ORIENTED_EDGE('',*,*,#2880,.F.);
#3763=ORIENTED_EDGE('',*,*,#2881,.F.);
#3764=ORIENTED_EDGE('',*,*,#2882,.F.);
#3765=ORIENTED_EDGE('',*,*,#2883,.T.);
#3766=ORIENTED_EDGE('',*,*,#2880,.T.);
#3767=ORIENTED_EDGE('',*,*,#2883,.F.);
#3768=ORIENTED_EDGE('',*,*,#2881,.T.);
#3769=ORIENTED_EDGE('',*,*,#2882,.T.);
#3770=ORIENTED_EDGE('',*,*,#2884,.T.);
#3771=ORIENTED_EDGE('',*,*,#2885,.F.);
#3772=ORIENTED_EDGE('',*,*,#2884,.F.);
#3773=ORIENTED_EDGE('',*,*,#2885,.T.);
#3774=ORIENTED_EDGE('',*,*,#2886,.F.);
#3775=ORIENTED_EDGE('',*,*,#2887,.F.);
#3776=ORIENTED_EDGE('',*,*,#2888,.T.);
#3777=ORIENTED_EDGE('',*,*,#2886,.T.);
#3778=ORIENTED_EDGE('',*,*,#2888,.F.);
#3779=ORIENTED_EDGE('',*,*,#2889,.F.);
#3780=ORIENTED_EDGE('',*,*,#2887,.T.);
#3781=ORIENTED_EDGE('',*,*,#2890,.F.);
#3782=ORIENTED_EDGE('',*,*,#2891,.F.);
#3783=ORIENTED_EDGE('',*,*,#2892,.T.);
#3784=ORIENTED_EDGE('',*,*,#2889,.T.);
#3785=ORIENTED_EDGE('',*,*,#2892,.F.);
#3786=ORIENTED_EDGE('',*,*,#2890,.T.);
#3787=ORIENTED_EDGE('',*,*,#2891,.T.);
#3788=ORIENTED_EDGE('',*,*,#2893,.T.);
#3789=ORIENTED_EDGE('',*,*,#2894,.F.);
#3790=ORIENTED_EDGE('',*,*,#2893,.F.);
#3791=ORIENTED_EDGE('',*,*,#2894,.T.);
#3792=ORIENTED_EDGE('',*,*,#2895,.F.);
#3793=ORIENTED_EDGE('',*,*,#2896,.F.);
#3794=ORIENTED_EDGE('',*,*,#2897,.F.);
#3795=ORIENTED_EDGE('',*,*,#2898,.T.);
#3796=ORIENTED_EDGE('',*,*,#2895,.T.);
#3797=ORIENTED_EDGE('',*,*,#2898,.F.);
#3798=ORIENTED_EDGE('',*,*,#2822,.F.);
#3799=ORIENTED_EDGE('',*,*,#2899,.T.);
#3800=ORIENTED_EDGE('',*,*,#2896,.T.);
#3801=ORIENTED_EDGE('',*,*,#2897,.T.);
#3802=ORIENTED_EDGE('',*,*,#2899,.F.);
#3803=ORIENTED_EDGE('',*,*,#2900,.F.);
#3804=ORIENTED_EDGE('',*,*,#2876,.F.);
#3805=ORIENTED_EDGE('',*,*,#2901,.F.);
#3806=ORIENTED_EDGE('',*,*,#2902,.F.);
#3807=ORIENTED_EDGE('',*,*,#2903,.T.);
#3808=ORIENTED_EDGE('',*,*,#2862,.F.);
#3809=ORIENTED_EDGE('',*,*,#2863,.F.);
#3810=ORIENTED_EDGE('',*,*,#2903,.F.);
#3811=ORIENTED_EDGE('',*,*,#2904,.F.);
#3812=ORIENTED_EDGE('',*,*,#2905,.F.);
#3813=ORIENTED_EDGE('',*,*,#2906,.F.);
#3814=ORIENTED_EDGE('',*,*,#2864,.T.);
#3815=ORIENTED_EDGE('',*,*,#2906,.T.);
#3816=ORIENTED_EDGE('',*,*,#2905,.T.);
#3817=ORIENTED_EDGE('',*,*,#2907,.F.);
#3818=ORIENTED_EDGE('',*,*,#2908,.T.);
#3819=ORIENTED_EDGE('',*,*,#2909,.T.);
#3820=ORIENTED_EDGE('',*,*,#2865,.F.);
#3821=ORIENTED_EDGE('',*,*,#2909,.F.);
#3822=ORIENTED_EDGE('',*,*,#2908,.F.);
#3823=ORIENTED_EDGE('',*,*,#2910,.F.);
#3824=ORIENTED_EDGE('',*,*,#2868,.F.);
#3825=ORIENTED_EDGE('',*,*,#2911,.F.);
#3826=ORIENTED_EDGE('',*,*,#2912,.F.);
#3827=ORIENTED_EDGE('',*,*,#2913,.F.);
#3828=ORIENTED_EDGE('',*,*,#2869,.T.);
#3829=ORIENTED_EDGE('',*,*,#2910,.T.);
#3830=ORIENTED_EDGE('',*,*,#2907,.T.);
#3831=ORIENTED_EDGE('',*,*,#2904,.T.);
#3832=ORIENTED_EDGE('',*,*,#2902,.T.);
#3833=ORIENTED_EDGE('',*,*,#2914,.T.);
#3834=ORIENTED_EDGE('',*,*,#2915,.T.);
#3835=ORIENTED_EDGE('',*,*,#2916,.T.);
#3836=ORIENTED_EDGE('',*,*,#2917,.T.);
#3837=ORIENTED_EDGE('',*,*,#2918,.T.);
#3838=ORIENTED_EDGE('',*,*,#2919,.F.);
#3839=ORIENTED_EDGE('',*,*,#2918,.F.);
#3840=ORIENTED_EDGE('',*,*,#2920,.T.);
#3841=ORIENTED_EDGE('',*,*,#2911,.T.);
#3842=ORIENTED_EDGE('',*,*,#2901,.T.);
#3843=ORIENTED_EDGE('',*,*,#2875,.T.);
#3844=ORIENTED_EDGE('',*,*,#2870,.T.);
#3845=ORIENTED_EDGE('',*,*,#2913,.T.);
#3846=ORIENTED_EDGE('',*,*,#2921,.T.);
#3847=ORIENTED_EDGE('',*,*,#2915,.F.);
#3848=ORIENTED_EDGE('',*,*,#2919,.T.);
#3849=ORIENTED_EDGE('',*,*,#2922,.F.);
#3850=ORIENTED_EDGE('',*,*,#2914,.F.);
#3851=ORIENTED_EDGE('',*,*,#2923,.T.);
#3852=ORIENTED_EDGE('',*,*,#2922,.T.);
#3853=ORIENTED_EDGE('',*,*,#2924,.T.);
#3854=ORIENTED_EDGE('',*,*,#2923,.F.);
#3855=ORIENTED_EDGE('',*,*,#2924,.F.);
#3856=ORIENTED_EDGE('',*,*,#2925,.F.);
#3857=ORIENTED_EDGE('',*,*,#2926,.T.);
#3858=ORIENTED_EDGE('',*,*,#2916,.F.);
#3859=ORIENTED_EDGE('',*,*,#2921,.F.);
#3860=ORIENTED_EDGE('',*,*,#2912,.T.);
#3861=ORIENTED_EDGE('',*,*,#2920,.F.);
#3862=ORIENTED_EDGE('',*,*,#2917,.F.);
#3863=ORIENTED_EDGE('',*,*,#2926,.F.);
#3864=ORIENTED_EDGE('',*,*,#2925,.T.);
#3865=ORIENTED_EDGE('',*,*,#2927,.T.);
#3866=ORIENTED_EDGE('',*,*,#2928,.F.);
#3867=ORIENTED_EDGE('',*,*,#2927,.F.);
#3868=ORIENTED_EDGE('',*,*,#2928,.T.);
#3869=ORIENTED_EDGE('',*,*,#2929,.F.);
#3870=ORIENTED_EDGE('',*,*,#2930,.F.);
#3871=ORIENTED_EDGE('',*,*,#2931,.F.);
#3872=ORIENTED_EDGE('',*,*,#2932,.T.);
#3873=ORIENTED_EDGE('',*,*,#2929,.T.);
#3874=ORIENTED_EDGE('',*,*,#2932,.F.);
#3875=ORIENTED_EDGE('',*,*,#2930,.T.);
#3876=ORIENTED_EDGE('',*,*,#2931,.T.);
#3877=ORIENTED_EDGE('',*,*,#2933,.T.);
#3878=ORIENTED_EDGE('',*,*,#2934,.F.);
#3879=ORIENTED_EDGE('',*,*,#2933,.F.);
#3880=ORIENTED_EDGE('',*,*,#2934,.T.);
#3881=ORIENTED_EDGE('',*,*,#2935,.F.);
#3882=ORIENTED_EDGE('',*,*,#2936,.F.);
#3883=ORIENTED_EDGE('',*,*,#2937,.T.);
#3884=ORIENTED_EDGE('',*,*,#2935,.T.);
#3885=ORIENTED_EDGE('',*,*,#2937,.F.);
#3886=ORIENTED_EDGE('',*,*,#2938,.F.);
#3887=ORIENTED_EDGE('',*,*,#2936,.T.);
#3888=ORIENTED_EDGE('',*,*,#2939,.F.);
#3889=ORIENTED_EDGE('',*,*,#2940,.F.);
#3890=ORIENTED_EDGE('',*,*,#2941,.T.);
#3891=ORIENTED_EDGE('',*,*,#2938,.T.);
#3892=ORIENTED_EDGE('',*,*,#2941,.F.);
#3893=ORIENTED_EDGE('',*,*,#2939,.T.);
#3894=ORIENTED_EDGE('',*,*,#2940,.T.);
#3895=ORIENTED_EDGE('',*,*,#2942,.T.);
#3896=ORIENTED_EDGE('',*,*,#2943,.F.);
#3897=ORIENTED_EDGE('',*,*,#2942,.F.);
#3898=ORIENTED_EDGE('',*,*,#2943,.T.);
#3899=ORIENTED_EDGE('',*,*,#2944,.F.);
#3900=ORIENTED_EDGE('',*,*,#2945,.F.);
#3901=ORIENTED_EDGE('',*,*,#2946,.F.);
#3902=ORIENTED_EDGE('',*,*,#2947,.T.);
#3903=ORIENTED_EDGE('',*,*,#2944,.T.);
#3904=ORIENTED_EDGE('',*,*,#2947,.F.);
#3905=ORIENTED_EDGE('',*,*,#2948,.F.);
#3906=ORIENTED_EDGE('',*,*,#2949,.T.);
#3907=ORIENTED_EDGE('',*,*,#2945,.T.);
#3908=ORIENTED_EDGE('',*,*,#2946,.T.);
#3909=ORIENTED_EDGE('',*,*,#2949,.F.);
#3910=ORIENTED_EDGE('',*,*,#2948,.T.);
#3911=ORIENTED_EDGE('',*,*,#2826,.F.);
#3912=ORIENTED_EDGE('',*,*,#2950,.T.);
#3913=ORIENTED_EDGE('',*,*,#2951,.T.);
#3914=ORIENTED_EDGE('',*,*,#2855,.T.);
#3915=ORIENTED_EDGE('',*,*,#2860,.T.);
#3916=ORIENTED_EDGE('',*,*,#2867,.T.);
#3917=ORIENTED_EDGE('',*,*,#2874,.T.);
#3918=ORIENTED_EDGE('',*,*,#2877,.T.);
#3919=ORIENTED_EDGE('',*,*,#2900,.T.);
#3920=ORIENTED_EDGE('',*,*,#2861,.T.);
#3921=ORIENTED_EDGE('',*,*,#2859,.T.);
#3922=ORIENTED_EDGE('',*,*,#2952,.T.);
#3923=ORIENTED_EDGE('',*,*,#2953,.F.);
#3924=ORIENTED_EDGE('',*,*,#2952,.F.);
#3925=ORIENTED_EDGE('',*,*,#2858,.T.);
#3926=ORIENTED_EDGE('',*,*,#2856,.T.);
#3927=ORIENTED_EDGE('',*,*,#2951,.F.);
#3928=ORIENTED_EDGE('',*,*,#2950,.F.);
#3929=ORIENTED_EDGE('',*,*,#2954,.T.);
#3930=ORIENTED_EDGE('',*,*,#2955,.T.);
#3931=ORIENTED_EDGE('',*,*,#2956,.T.);
#3932=ORIENTED_EDGE('',*,*,#2954,.F.);
#3933=ORIENTED_EDGE('',*,*,#2956,.F.);
#3934=ORIENTED_EDGE('',*,*,#2953,.T.);
#3935=ORIENTED_EDGE('',*,*,#2955,.F.);
#3936=ORIENTED_EDGE('',*,*,#2957,.F.);
#3937=ORIENTED_EDGE('',*,*,#2958,.F.);
#3938=ORIENTED_EDGE('',*,*,#2959,.T.);
#3939=ORIENTED_EDGE('',*,*,#2960,.T.);
#3940=ORIENTED_EDGE('',*,*,#2959,.F.);
#3941=ORIENTED_EDGE('',*,*,#2961,.F.);
#3942=ORIENTED_EDGE('',*,*,#2962,.F.);
#3943=ORIENTED_EDGE('',*,*,#2963,.T.);
#3944=ORIENTED_EDGE('',*,*,#2960,.F.);
#3945=ORIENTED_EDGE('',*,*,#2964,.F.);
#3946=ORIENTED_EDGE('',*,*,#2965,.T.);
#3947=ORIENTED_EDGE('',*,*,#2962,.T.);
#3948=ORIENTED_EDGE('',*,*,#2961,.T.);
#3949=ORIENTED_EDGE('',*,*,#2966,.T.);
#3950=ORIENTED_EDGE('',*,*,#2967,.T.);
#3951=ORIENTED_EDGE('',*,*,#2966,.F.);
#3952=ORIENTED_EDGE('',*,*,#2958,.T.);
#3953=ORIENTED_EDGE('',*,*,#2957,.T.);
#3954=ORIENTED_EDGE('',*,*,#2965,.F.);
#3955=ORIENTED_EDGE('',*,*,#2968,.F.);
#3956=ORIENTED_EDGE('',*,*,#2964,.T.);
#3957=ORIENTED_EDGE('',*,*,#2969,.F.);
#3958=ORIENTED_EDGE('',*,*,#2970,.T.);
#3959=ORIENTED_EDGE('',*,*,#2968,.T.);
#3960=ORIENTED_EDGE('',*,*,#2970,.F.);
#3961=ORIENTED_EDGE('',*,*,#2971,.F.);
#3962=ORIENTED_EDGE('',*,*,#2972,.F.);
#3963=ORIENTED_EDGE('',*,*,#2973,.F.);
#3964=ORIENTED_EDGE('',*,*,#2974,.T.);
#3965=ORIENTED_EDGE('',*,*,#2971,.T.);
#3966=ORIENTED_EDGE('',*,*,#2969,.T.);
#3967=ORIENTED_EDGE('',*,*,#2974,.F.);
#3968=ORIENTED_EDGE('',*,*,#2975,.F.);
#3969=ORIENTED_EDGE('',*,*,#2976,.F.);
#3970=ORIENTED_EDGE('',*,*,#2975,.T.);
#3971=ORIENTED_EDGE('',*,*,#2973,.T.);
#3972=ORIENTED_EDGE('',*,*,#2972,.T.);
#3973=ORIENTED_EDGE('',*,*,#2977,.F.);
#3974=ORIENTED_EDGE('',*,*,#2978,.F.);
#3975=ORIENTED_EDGE('',*,*,#2979,.T.);
#3976=ORIENTED_EDGE('',*,*,#2976,.T.);
#3977=ORIENTED_EDGE('',*,*,#2979,.F.);
#3978=ORIENTED_EDGE('',*,*,#2980,.F.);
#3979=ORIENTED_EDGE('',*,*,#2981,.T.);
#3980=ORIENTED_EDGE('',*,*,#2977,.T.);
#3981=ORIENTED_EDGE('',*,*,#2978,.T.);
#3982=ORIENTED_EDGE('',*,*,#2981,.F.);
#3983=ORIENTED_EDGE('',*,*,#2980,.T.);
#3984=ORIENTED_EDGE('',*,*,#2982,.F.);
#3985=ORIENTED_EDGE('',*,*,#2983,.F.);
#3986=ORIENTED_EDGE('',*,*,#2984,.T.);
#3987=ORIENTED_EDGE('',*,*,#2982,.T.);
#3988=ORIENTED_EDGE('',*,*,#2984,.F.);
#3989=ORIENTED_EDGE('',*,*,#2985,.F.);
#3990=ORIENTED_EDGE('',*,*,#2983,.T.);
#3991=ORIENTED_EDGE('',*,*,#2986,.F.);
#3992=ORIENTED_EDGE('',*,*,#2987,.F.);
#3993=ORIENTED_EDGE('',*,*,#2988,.T.);
#3994=ORIENTED_EDGE('',*,*,#2985,.T.);
#3995=ORIENTED_EDGE('',*,*,#2988,.F.);
#3996=ORIENTED_EDGE('',*,*,#2989,.F.);
#3997=ORIENTED_EDGE('',*,*,#2990,.T.);
#3998=ORIENTED_EDGE('',*,*,#2986,.T.);
#3999=ORIENTED_EDGE('',*,*,#2987,.T.);
#4000=ORIENTED_EDGE('',*,*,#2990,.F.);
#4001=ORIENTED_EDGE('',*,*,#2991,.F.);
#4002=ORIENTED_EDGE('',*,*,#2989,.T.);
#4003=ORIENTED_EDGE('',*,*,#2992,.F.);
#4004=ORIENTED_EDGE('',*,*,#2993,.F.);
#4005=ORIENTED_EDGE('',*,*,#2994,.T.);
#4006=ORIENTED_EDGE('',*,*,#2991,.T.);
#4007=ORIENTED_EDGE('',*,*,#2994,.F.);
#4008=ORIENTED_EDGE('',*,*,#2995,.F.);
#4009=ORIENTED_EDGE('',*,*,#2996,.F.);
#4010=ORIENTED_EDGE('',*,*,#2997,.F.);
#4011=ORIENTED_EDGE('',*,*,#2998,.T.);
#4012=ORIENTED_EDGE('',*,*,#2992,.T.);
#4013=ORIENTED_EDGE('',*,*,#2993,.T.);
#4014=ORIENTED_EDGE('',*,*,#2998,.F.);
#4015=ORIENTED_EDGE('',*,*,#2999,.F.);
#4016=ORIENTED_EDGE('',*,*,#3000,.F.);
#4017=ORIENTED_EDGE('',*,*,#2995,.T.);
#4018=ORIENTED_EDGE('',*,*,#3001,.F.);
#4019=ORIENTED_EDGE('',*,*,#3002,.T.);
#4020=ORIENTED_EDGE('',*,*,#3003,.F.);
#4021=ORIENTED_EDGE('',*,*,#3002,.F.);
#4022=ORIENTED_EDGE('',*,*,#3004,.F.);
#4023=ORIENTED_EDGE('',*,*,#3005,.T.);
#4024=ORIENTED_EDGE('',*,*,#3006,.T.);
#4025=ORIENTED_EDGE('',*,*,#2996,.T.);
#4026=ORIENTED_EDGE('',*,*,#3004,.T.);
#4027=ORIENTED_EDGE('',*,*,#3001,.T.);
#4028=ORIENTED_EDGE('',*,*,#3000,.T.);
#4029=ORIENTED_EDGE('',*,*,#3007,.T.);
#4030=ORIENTED_EDGE('',*,*,#3008,.F.);
#4031=ORIENTED_EDGE('',*,*,#3007,.F.);
#4032=ORIENTED_EDGE('',*,*,#2999,.T.);
#4033=ORIENTED_EDGE('',*,*,#2997,.T.);
#4034=ORIENTED_EDGE('',*,*,#3006,.F.);
#4035=ORIENTED_EDGE('',*,*,#3009,.T.);
#4036=ORIENTED_EDGE('',*,*,#3010,.T.);
#4037=ORIENTED_EDGE('',*,*,#3011,.T.);
#4038=ORIENTED_EDGE('',*,*,#3008,.T.);
#4039=ORIENTED_EDGE('',*,*,#3012,.F.);
#4040=ORIENTED_EDGE('',*,*,#3013,.F.);
#4041=ORIENTED_EDGE('',*,*,#3014,.T.);
#4042=ORIENTED_EDGE('',*,*,#3009,.F.);
#4043=ORIENTED_EDGE('',*,*,#3015,.T.);
#4044=ORIENTED_EDGE('',*,*,#3016,.F.);
#4045=ORIENTED_EDGE('',*,*,#3017,.T.);
#4046=ORIENTED_EDGE('',*,*,#3010,.F.);
#4047=ORIENTED_EDGE('',*,*,#3014,.F.);
#4048=ORIENTED_EDGE('',*,*,#3013,.T.);
#4049=ORIENTED_EDGE('',*,*,#3018,.T.);
#4050=ORIENTED_EDGE('',*,*,#3019,.F.);
#4051=ORIENTED_EDGE('',*,*,#3018,.F.);
#4052=ORIENTED_EDGE('',*,*,#3019,.T.);
#4053=ORIENTED_EDGE('',*,*,#3020,.F.);
#4054=ORIENTED_EDGE('',*,*,#3021,.F.);
#4055=ORIENTED_EDGE('',*,*,#3022,.F.);
#4056=ORIENTED_EDGE('',*,*,#3023,.T.);
#4057=ORIENTED_EDGE('',*,*,#3020,.T.);
#4058=ORIENTED_EDGE('',*,*,#3023,.F.);
#4059=ORIENTED_EDGE('',*,*,#3021,.T.);
#4060=ORIENTED_EDGE('',*,*,#3022,.T.);
#4061=ORIENTED_EDGE('',*,*,#3024,.T.);
#4062=ORIENTED_EDGE('',*,*,#3025,.F.);
#4063=ORIENTED_EDGE('',*,*,#3024,.F.);
#4064=ORIENTED_EDGE('',*,*,#3025,.T.);
#4065=ORIENTED_EDGE('',*,*,#3026,.F.);
#4066=ORIENTED_EDGE('',*,*,#3027,.F.);
#4067=ORIENTED_EDGE('',*,*,#3028,.T.);
#4068=ORIENTED_EDGE('',*,*,#3026,.T.);
#4069=ORIENTED_EDGE('',*,*,#3028,.F.);
#4070=ORIENTED_EDGE('',*,*,#3029,.F.);
#4071=ORIENTED_EDGE('',*,*,#3027,.T.);
#4072=ORIENTED_EDGE('',*,*,#3030,.F.);
#4073=ORIENTED_EDGE('',*,*,#3031,.F.);
#4074=ORIENTED_EDGE('',*,*,#3032,.T.);
#4075=ORIENTED_EDGE('',*,*,#3029,.T.);
#4076=ORIENTED_EDGE('',*,*,#3032,.F.);
#4077=ORIENTED_EDGE('',*,*,#3030,.T.);
#4078=ORIENTED_EDGE('',*,*,#3031,.T.);
#4079=ORIENTED_EDGE('',*,*,#3033,.T.);
#4080=ORIENTED_EDGE('',*,*,#3034,.F.);
#4081=ORIENTED_EDGE('',*,*,#3033,.F.);
#4082=ORIENTED_EDGE('',*,*,#3034,.T.);
#4083=ORIENTED_EDGE('',*,*,#3035,.F.);
#4084=ORIENTED_EDGE('',*,*,#3036,.F.);
#4085=ORIENTED_EDGE('',*,*,#3037,.F.);
#4086=ORIENTED_EDGE('',*,*,#3038,.T.);
#4087=ORIENTED_EDGE('',*,*,#3035,.T.);
#4088=ORIENTED_EDGE('',*,*,#3038,.F.);
#4089=ORIENTED_EDGE('',*,*,#2963,.F.);
#4090=ORIENTED_EDGE('',*,*,#3039,.T.);
#4091=ORIENTED_EDGE('',*,*,#3036,.T.);
#4092=ORIENTED_EDGE('',*,*,#3037,.T.);
#4093=ORIENTED_EDGE('',*,*,#3039,.F.);
#4094=ORIENTED_EDGE('',*,*,#3015,.F.);
#4095=ORIENTED_EDGE('',*,*,#3011,.F.);
#4096=ORIENTED_EDGE('',*,*,#3017,.F.);
#4097=ORIENTED_EDGE('',*,*,#3040,.F.);
#4098=ORIENTED_EDGE('',*,*,#3041,.T.);
#4099=ORIENTED_EDGE('',*,*,#3042,.T.);
#4100=ORIENTED_EDGE('',*,*,#3041,.F.);
#4101=ORIENTED_EDGE('',*,*,#3043,.F.);
#4102=ORIENTED_EDGE('',*,*,#3042,.F.);
#4103=ORIENTED_EDGE('',*,*,#3044,.T.);
#4104=ORIENTED_EDGE('',*,*,#3045,.F.);
#4105=ORIENTED_EDGE('',*,*,#3046,.F.);
#4106=ORIENTED_EDGE('',*,*,#3047,.F.);
#4107=ORIENTED_EDGE('',*,*,#3048,.F.);
#4108=ORIENTED_EDGE('',*,*,#3044,.F.);
#4109=ORIENTED_EDGE('',*,*,#3049,.F.);
#4110=ORIENTED_EDGE('',*,*,#3050,.T.);
#4111=ORIENTED_EDGE('',*,*,#3048,.T.);
#4112=ORIENTED_EDGE('',*,*,#3047,.T.);
#4113=ORIENTED_EDGE('',*,*,#3051,.T.);
#4114=ORIENTED_EDGE('',*,*,#3003,.T.);
#4115=ORIENTED_EDGE('',*,*,#3051,.F.);
#4116=ORIENTED_EDGE('',*,*,#3046,.T.);
#4117=ORIENTED_EDGE('',*,*,#3045,.T.);
#4118=ORIENTED_EDGE('',*,*,#3050,.F.);
#4119=ORIENTED_EDGE('',*,*,#3052,.F.);
#4120=ORIENTED_EDGE('',*,*,#3053,.F.);
#4121=ORIENTED_EDGE('',*,*,#3054,.T.);
#4122=ORIENTED_EDGE('',*,*,#3049,.T.);
#4123=ORIENTED_EDGE('',*,*,#3054,.F.);
#4124=ORIENTED_EDGE('',*,*,#3055,.F.);
#4125=ORIENTED_EDGE('',*,*,#3056,.F.);
#4126=ORIENTED_EDGE('',*,*,#3057,.T.);
#4127=ORIENTED_EDGE('',*,*,#3058,.F.);
#4128=ORIENTED_EDGE('',*,*,#3059,.F.);
#4129=ORIENTED_EDGE('',*,*,#3052,.T.);
#4130=ORIENTED_EDGE('',*,*,#3060,.F.);
#4131=ORIENTED_EDGE('',*,*,#3061,.F.);
#4132=ORIENTED_EDGE('',*,*,#3057,.F.);
#4133=ORIENTED_EDGE('',*,*,#3056,.T.);
#4134=ORIENTED_EDGE('',*,*,#3062,.T.);
#4135=ORIENTED_EDGE('',*,*,#3063,.F.);
#4136=ORIENTED_EDGE('',*,*,#3062,.F.);
#4137=ORIENTED_EDGE('',*,*,#3063,.T.);
#4138=ORIENTED_EDGE('',*,*,#3064,.F.);
#4139=ORIENTED_EDGE('',*,*,#3065,.F.);
#4140=ORIENTED_EDGE('',*,*,#3066,.F.);
#4141=ORIENTED_EDGE('',*,*,#3067,.T.);
#4142=ORIENTED_EDGE('',*,*,#3064,.T.);
#4143=ORIENTED_EDGE('',*,*,#3067,.F.);
#4144=ORIENTED_EDGE('',*,*,#3065,.T.);
#4145=ORIENTED_EDGE('',*,*,#3066,.T.);
#4146=ORIENTED_EDGE('',*,*,#3068,.T.);
#4147=ORIENTED_EDGE('',*,*,#3069,.F.);
#4148=ORIENTED_EDGE('',*,*,#3068,.F.);
#4149=ORIENTED_EDGE('',*,*,#3069,.T.);
#4150=ORIENTED_EDGE('',*,*,#3070,.F.);
#4151=ORIENTED_EDGE('',*,*,#3071,.F.);
#4152=ORIENTED_EDGE('',*,*,#3072,.T.);
#4153=ORIENTED_EDGE('',*,*,#3070,.T.);
#4154=ORIENTED_EDGE('',*,*,#3072,.F.);
#4155=ORIENTED_EDGE('',*,*,#3073,.F.);
#4156=ORIENTED_EDGE('',*,*,#3071,.T.);
#4157=ORIENTED_EDGE('',*,*,#3074,.F.);
#4158=ORIENTED_EDGE('',*,*,#3075,.F.);
#4159=ORIENTED_EDGE('',*,*,#3076,.T.);
#4160=ORIENTED_EDGE('',*,*,#3073,.T.);
#4161=ORIENTED_EDGE('',*,*,#3076,.F.);
#4162=ORIENTED_EDGE('',*,*,#3074,.T.);
#4163=ORIENTED_EDGE('',*,*,#3075,.T.);
#4164=ORIENTED_EDGE('',*,*,#3077,.T.);
#4165=ORIENTED_EDGE('',*,*,#3078,.F.);
#4166=ORIENTED_EDGE('',*,*,#3077,.F.);
#4167=ORIENTED_EDGE('',*,*,#3078,.T.);
#4168=ORIENTED_EDGE('',*,*,#3079,.F.);
#4169=ORIENTED_EDGE('',*,*,#3080,.F.);
#4170=ORIENTED_EDGE('',*,*,#3081,.F.);
#4171=ORIENTED_EDGE('',*,*,#3082,.T.);
#4172=ORIENTED_EDGE('',*,*,#3079,.T.);
#4173=ORIENTED_EDGE('',*,*,#3082,.F.);
#4174=ORIENTED_EDGE('',*,*,#3083,.F.);
#4175=ORIENTED_EDGE('',*,*,#3084,.T.);
#4176=ORIENTED_EDGE('',*,*,#3080,.T.);
#4177=ORIENTED_EDGE('',*,*,#3081,.T.);
#4178=ORIENTED_EDGE('',*,*,#3084,.F.);
#4179=ORIENTED_EDGE('',*,*,#3083,.T.);
#4180=ORIENTED_EDGE('',*,*,#2967,.F.);
#4181=ORIENTED_EDGE('',*,*,#3085,.T.);
#4182=ORIENTED_EDGE('',*,*,#3086,.T.);
#4183=ORIENTED_EDGE('',*,*,#3058,.T.);
#4184=ORIENTED_EDGE('',*,*,#3061,.T.);
#4185=ORIENTED_EDGE('',*,*,#3087,.T.);
#4186=ORIENTED_EDGE('',*,*,#3088,.F.);
#4187=ORIENTED_EDGE('',*,*,#3087,.F.);
#4188=ORIENTED_EDGE('',*,*,#3060,.T.);
#4189=ORIENTED_EDGE('',*,*,#3055,.T.);
#4190=ORIENTED_EDGE('',*,*,#3053,.T.);
#4191=ORIENTED_EDGE('',*,*,#3059,.T.);
#4192=ORIENTED_EDGE('',*,*,#3086,.F.);
#4193=ORIENTED_EDGE('',*,*,#3016,.T.);
#4194=ORIENTED_EDGE('',*,*,#3043,.T.);
#4195=ORIENTED_EDGE('',*,*,#3040,.T.);
#4196=ORIENTED_EDGE('',*,*,#3088,.T.);
#4197=ORIENTED_EDGE('',*,*,#3089,.F.);
#4198=ORIENTED_EDGE('',*,*,#3085,.F.);
#4199=ORIENTED_EDGE('',*,*,#3090,.T.);
#4200=ORIENTED_EDGE('',*,*,#3089,.T.);
#4201=ORIENTED_EDGE('',*,*,#3091,.T.);
#4202=ORIENTED_EDGE('',*,*,#3090,.F.);
#4203=ORIENTED_EDGE('',*,*,#3091,.F.);
#4204=ORIENTED_EDGE('',*,*,#3005,.F.);
#4205=ORIENTED_EDGE('',*,*,#3092,.T.);
#4206=ORIENTED_EDGE('',*,*,#3012,.T.);
#4207=ORIENTED_EDGE('',*,*,#3093,.T.);
#4208=ORIENTED_EDGE('',*,*,#3092,.F.);
#4209=ORIENTED_EDGE('',*,*,#3093,.F.);
#4210=ORIENTED_EDGE('',*,*,#3094,.T.);
#4211=ORIENTED_EDGE('',*,*,#3095,.T.);
#4212=ORIENTED_EDGE('',*,*,#3096,.T.);
#4213=ORIENTED_EDGE('',*,*,#3097,.F.);
#4214=ORIENTED_EDGE('',*,*,#3098,.F.);
#4215=ORIENTED_EDGE('',*,*,#3099,.T.);
#4216=ORIENTED_EDGE('',*,*,#3100,.T.);
#4217=ORIENTED_EDGE('',*,*,#3101,.T.);
#4218=ORIENTED_EDGE('',*,*,#3094,.F.);
#4219=ORIENTED_EDGE('',*,*,#3102,.T.);
#4220=ORIENTED_EDGE('',*,*,#3103,.T.);
#4221=ORIENTED_EDGE('',*,*,#3104,.F.);
#4222=ORIENTED_EDGE('',*,*,#3105,.F.);
#4223=ORIENTED_EDGE('',*,*,#3106,.T.);
#4224=ORIENTED_EDGE('',*,*,#3107,.T.);
#4225=ORIENTED_EDGE('',*,*,#3106,.F.);
#4226=ORIENTED_EDGE('',*,*,#3108,.F.);
#4227=ORIENTED_EDGE('',*,*,#3109,.F.);
#4228=ORIENTED_EDGE('',*,*,#3110,.T.);
#4229=ORIENTED_EDGE('',*,*,#3107,.F.);
#4230=ORIENTED_EDGE('',*,*,#3111,.F.);
#4231=ORIENTED_EDGE('',*,*,#3112,.T.);
#4232=ORIENTED_EDGE('',*,*,#3109,.T.);
#4233=ORIENTED_EDGE('',*,*,#3108,.T.);
#4234=ORIENTED_EDGE('',*,*,#3113,.T.);
#4235=ORIENTED_EDGE('',*,*,#3114,.T.);
#4236=ORIENTED_EDGE('',*,*,#3113,.F.);
#4237=ORIENTED_EDGE('',*,*,#3105,.T.);
#4238=ORIENTED_EDGE('',*,*,#3104,.T.);
#4239=ORIENTED_EDGE('',*,*,#3112,.F.);
#4240=ORIENTED_EDGE('',*,*,#3115,.F.);
#4241=ORIENTED_EDGE('',*,*,#3111,.T.);
#4242=ORIENTED_EDGE('',*,*,#3116,.F.);
#4243=ORIENTED_EDGE('',*,*,#3117,.T.);
#4244=ORIENTED_EDGE('',*,*,#3115,.T.);
#4245=ORIENTED_EDGE('',*,*,#3117,.F.);
#4246=ORIENTED_EDGE('',*,*,#3118,.F.);
#4247=ORIENTED_EDGE('',*,*,#3119,.F.);
#4248=ORIENTED_EDGE('',*,*,#3120,.F.);
#4249=ORIENTED_EDGE('',*,*,#3121,.T.);
#4250=ORIENTED_EDGE('',*,*,#3118,.T.);
#4251=ORIENTED_EDGE('',*,*,#3116,.T.);
#4252=ORIENTED_EDGE('',*,*,#3121,.F.);
#4253=ORIENTED_EDGE('',*,*,#3122,.F.);
#4254=ORIENTED_EDGE('',*,*,#3123,.F.);
#4255=ORIENTED_EDGE('',*,*,#3122,.T.);
#4256=ORIENTED_EDGE('',*,*,#3120,.T.);
#4257=ORIENTED_EDGE('',*,*,#3119,.T.);
#4258=ORIENTED_EDGE('',*,*,#3124,.F.);
#4259=ORIENTED_EDGE('',*,*,#3125,.F.);
#4260=ORIENTED_EDGE('',*,*,#3126,.T.);
#4261=ORIENTED_EDGE('',*,*,#3123,.T.);
#4262=ORIENTED_EDGE('',*,*,#3126,.F.);
#4263=ORIENTED_EDGE('',*,*,#3127,.F.);
#4264=ORIENTED_EDGE('',*,*,#3128,.T.);
#4265=ORIENTED_EDGE('',*,*,#3124,.T.);
#4266=ORIENTED_EDGE('',*,*,#3125,.T.);
#4267=ORIENTED_EDGE('',*,*,#3128,.F.);
#4268=ORIENTED_EDGE('',*,*,#3127,.T.);
#4269=ORIENTED_EDGE('',*,*,#3129,.F.);
#4270=ORIENTED_EDGE('',*,*,#3130,.F.);
#4271=ORIENTED_EDGE('',*,*,#3131,.T.);
#4272=ORIENTED_EDGE('',*,*,#3129,.T.);
#4273=ORIENTED_EDGE('',*,*,#3131,.F.);
#4274=ORIENTED_EDGE('',*,*,#3132,.F.);
#4275=ORIENTED_EDGE('',*,*,#3130,.T.);
#4276=ORIENTED_EDGE('',*,*,#3133,.F.);
#4277=ORIENTED_EDGE('',*,*,#3134,.F.);
#4278=ORIENTED_EDGE('',*,*,#3135,.T.);
#4279=ORIENTED_EDGE('',*,*,#3132,.T.);
#4280=ORIENTED_EDGE('',*,*,#3135,.F.);
#4281=ORIENTED_EDGE('',*,*,#3136,.F.);
#4282=ORIENTED_EDGE('',*,*,#3137,.T.);
#4283=ORIENTED_EDGE('',*,*,#3133,.T.);
#4284=ORIENTED_EDGE('',*,*,#3134,.T.);
#4285=ORIENTED_EDGE('',*,*,#3137,.F.);
#4286=ORIENTED_EDGE('',*,*,#3138,.F.);
#4287=ORIENTED_EDGE('',*,*,#3136,.T.);
#4288=ORIENTED_EDGE('',*,*,#3139,.F.);
#4289=ORIENTED_EDGE('',*,*,#3140,.F.);
#4290=ORIENTED_EDGE('',*,*,#3141,.T.);
#4291=ORIENTED_EDGE('',*,*,#3138,.T.);
#4292=ORIENTED_EDGE('',*,*,#3141,.F.);
#4293=ORIENTED_EDGE('',*,*,#3142,.F.);
#4294=ORIENTED_EDGE('',*,*,#3143,.F.);
#4295=ORIENTED_EDGE('',*,*,#3144,.F.);
#4296=ORIENTED_EDGE('',*,*,#3145,.T.);
#4297=ORIENTED_EDGE('',*,*,#3139,.T.);
#4298=ORIENTED_EDGE('',*,*,#3140,.T.);
#4299=ORIENTED_EDGE('',*,*,#3145,.F.);
#4300=ORIENTED_EDGE('',*,*,#3146,.F.);
#4301=ORIENTED_EDGE('',*,*,#3147,.F.);
#4302=ORIENTED_EDGE('',*,*,#3142,.T.);
#4303=ORIENTED_EDGE('',*,*,#3148,.F.);
#4304=ORIENTED_EDGE('',*,*,#3149,.T.);
#4305=ORIENTED_EDGE('',*,*,#3095,.F.);
#4306=ORIENTED_EDGE('',*,*,#3101,.F.);
#4307=ORIENTED_EDGE('',*,*,#3149,.F.);
#4308=ORIENTED_EDGE('',*,*,#3150,.F.);
#4309=ORIENTED_EDGE('',*,*,#3151,.T.);
#4310=ORIENTED_EDGE('',*,*,#3152,.T.);
#4311=ORIENTED_EDGE('',*,*,#3143,.T.);
#4312=ORIENTED_EDGE('',*,*,#3150,.T.);
#4313=ORIENTED_EDGE('',*,*,#3148,.T.);
#4314=ORIENTED_EDGE('',*,*,#3147,.T.);
#4315=ORIENTED_EDGE('',*,*,#3153,.T.);
#4316=ORIENTED_EDGE('',*,*,#3154,.F.);
#4317=ORIENTED_EDGE('',*,*,#3153,.F.);
#4318=ORIENTED_EDGE('',*,*,#3146,.T.);
#4319=ORIENTED_EDGE('',*,*,#3144,.T.);
#4320=ORIENTED_EDGE('',*,*,#3152,.F.);
#4321=ORIENTED_EDGE('',*,*,#3155,.T.);
#4322=ORIENTED_EDGE('',*,*,#3156,.T.);
#4323=ORIENTED_EDGE('',*,*,#3157,.T.);
#4324=ORIENTED_EDGE('',*,*,#3154,.T.);
#4325=ORIENTED_EDGE('',*,*,#3158,.F.);
#4326=ORIENTED_EDGE('',*,*,#3159,.F.);
#4327=ORIENTED_EDGE('',*,*,#3160,.T.);
#4328=ORIENTED_EDGE('',*,*,#3155,.F.);
#4329=ORIENTED_EDGE('',*,*,#3161,.T.);
#4330=ORIENTED_EDGE('',*,*,#3162,.F.);
#4331=ORIENTED_EDGE('',*,*,#3163,.T.);
#4332=ORIENTED_EDGE('',*,*,#3156,.F.);
#4333=ORIENTED_EDGE('',*,*,#3160,.F.);
#4334=ORIENTED_EDGE('',*,*,#3159,.T.);
#4335=ORIENTED_EDGE('',*,*,#3164,.T.);
#4336=ORIENTED_EDGE('',*,*,#3165,.F.);
#4337=ORIENTED_EDGE('',*,*,#3164,.F.);
#4338=ORIENTED_EDGE('',*,*,#3165,.T.);
#4339=ORIENTED_EDGE('',*,*,#3166,.F.);
#4340=ORIENTED_EDGE('',*,*,#3167,.F.);
#4341=ORIENTED_EDGE('',*,*,#3168,.F.);
#4342=ORIENTED_EDGE('',*,*,#3169,.T.);
#4343=ORIENTED_EDGE('',*,*,#3166,.T.);
#4344=ORIENTED_EDGE('',*,*,#3169,.F.);
#4345=ORIENTED_EDGE('',*,*,#3167,.T.);
#4346=ORIENTED_EDGE('',*,*,#3168,.T.);
#4347=ORIENTED_EDGE('',*,*,#3170,.T.);
#4348=ORIENTED_EDGE('',*,*,#3171,.F.);
#4349=ORIENTED_EDGE('',*,*,#3170,.F.);
#4350=ORIENTED_EDGE('',*,*,#3171,.T.);
#4351=ORIENTED_EDGE('',*,*,#3172,.F.);
#4352=ORIENTED_EDGE('',*,*,#3173,.F.);
#4353=ORIENTED_EDGE('',*,*,#3174,.T.);
#4354=ORIENTED_EDGE('',*,*,#3172,.T.);
#4355=ORIENTED_EDGE('',*,*,#3174,.F.);
#4356=ORIENTED_EDGE('',*,*,#3175,.F.);
#4357=ORIENTED_EDGE('',*,*,#3173,.T.);
#4358=ORIENTED_EDGE('',*,*,#3176,.F.);
#4359=ORIENTED_EDGE('',*,*,#3177,.F.);
#4360=ORIENTED_EDGE('',*,*,#3178,.T.);
#4361=ORIENTED_EDGE('',*,*,#3175,.T.);
#4362=ORIENTED_EDGE('',*,*,#3178,.F.);
#4363=ORIENTED_EDGE('',*,*,#3176,.T.);
#4364=ORIENTED_EDGE('',*,*,#3177,.T.);
#4365=ORIENTED_EDGE('',*,*,#3179,.T.);
#4366=ORIENTED_EDGE('',*,*,#3180,.F.);
#4367=ORIENTED_EDGE('',*,*,#3179,.F.);
#4368=ORIENTED_EDGE('',*,*,#3180,.T.);
#4369=ORIENTED_EDGE('',*,*,#3181,.F.);
#4370=ORIENTED_EDGE('',*,*,#3182,.F.);
#4371=ORIENTED_EDGE('',*,*,#3183,.F.);
#4372=ORIENTED_EDGE('',*,*,#3184,.T.);
#4373=ORIENTED_EDGE('',*,*,#3181,.T.);
#4374=ORIENTED_EDGE('',*,*,#3184,.F.);
#4375=ORIENTED_EDGE('',*,*,#3110,.F.);
#4376=ORIENTED_EDGE('',*,*,#3185,.T.);
#4377=ORIENTED_EDGE('',*,*,#3182,.T.);
#4378=ORIENTED_EDGE('',*,*,#3183,.T.);
#4379=ORIENTED_EDGE('',*,*,#3185,.F.);
#4380=ORIENTED_EDGE('',*,*,#3161,.F.);
#4381=ORIENTED_EDGE('',*,*,#3157,.F.);
#4382=ORIENTED_EDGE('',*,*,#3163,.F.);
#4383=ORIENTED_EDGE('',*,*,#3186,.F.);
#4384=ORIENTED_EDGE('',*,*,#3187,.T.);
#4385=ORIENTED_EDGE('',*,*,#3188,.T.);
#4386=ORIENTED_EDGE('',*,*,#3187,.F.);
#4387=ORIENTED_EDGE('',*,*,#3189,.F.);
#4388=ORIENTED_EDGE('',*,*,#3188,.F.);
#4389=ORIENTED_EDGE('',*,*,#3190,.T.);
#4390=ORIENTED_EDGE('',*,*,#3191,.F.);
#4391=ORIENTED_EDGE('',*,*,#3103,.F.);
#4392=ORIENTED_EDGE('',*,*,#3102,.F.);
#4393=ORIENTED_EDGE('',*,*,#3096,.F.);
#4394=ORIENTED_EDGE('',*,*,#3100,.F.);
#4395=ORIENTED_EDGE('',*,*,#3099,.F.);
#4396=ORIENTED_EDGE('',*,*,#3190,.F.);
#4397=ORIENTED_EDGE('',*,*,#3097,.T.);
#4398=ORIENTED_EDGE('',*,*,#3191,.T.);
#4399=ORIENTED_EDGE('',*,*,#3192,.F.);
#4400=ORIENTED_EDGE('',*,*,#3193,.F.);
#4401=ORIENTED_EDGE('',*,*,#3194,.F.);
#4402=ORIENTED_EDGE('',*,*,#3195,.T.);
#4403=ORIENTED_EDGE('',*,*,#3098,.T.);
#4404=ORIENTED_EDGE('',*,*,#3192,.T.);
#4405=ORIENTED_EDGE('',*,*,#3195,.F.);
#4406=ORIENTED_EDGE('',*,*,#3196,.F.);
#4407=ORIENTED_EDGE('',*,*,#3197,.F.);
#4408=ORIENTED_EDGE('',*,*,#3198,.T.);
#4409=ORIENTED_EDGE('',*,*,#3199,.F.);
#4410=ORIENTED_EDGE('',*,*,#3200,.F.);
#4411=ORIENTED_EDGE('',*,*,#3193,.T.);
#4412=ORIENTED_EDGE('',*,*,#3201,.F.);
#4413=ORIENTED_EDGE('',*,*,#3202,.F.);
#4414=ORIENTED_EDGE('',*,*,#3198,.F.);
#4415=ORIENTED_EDGE('',*,*,#3197,.T.);
#4416=ORIENTED_EDGE('',*,*,#3203,.T.);
#4417=ORIENTED_EDGE('',*,*,#3204,.F.);
#4418=ORIENTED_EDGE('',*,*,#3203,.F.);
#4419=ORIENTED_EDGE('',*,*,#3204,.T.);
#4420=ORIENTED_EDGE('',*,*,#3205,.F.);
#4421=ORIENTED_EDGE('',*,*,#3206,.F.);
#4422=ORIENTED_EDGE('',*,*,#3207,.F.);
#4423=ORIENTED_EDGE('',*,*,#3208,.T.);
#4424=ORIENTED_EDGE('',*,*,#3205,.T.);
#4425=ORIENTED_EDGE('',*,*,#3208,.F.);
#4426=ORIENTED_EDGE('',*,*,#3206,.T.);
#4427=ORIENTED_EDGE('',*,*,#3207,.T.);
#4428=ORIENTED_EDGE('',*,*,#3209,.T.);
#4429=ORIENTED_EDGE('',*,*,#3210,.F.);
#4430=ORIENTED_EDGE('',*,*,#3209,.F.);
#4431=ORIENTED_EDGE('',*,*,#3210,.T.);
#4432=ORIENTED_EDGE('',*,*,#3211,.F.);
#4433=ORIENTED_EDGE('',*,*,#3212,.F.);
#4434=ORIENTED_EDGE('',*,*,#3213,.T.);
#4435=ORIENTED_EDGE('',*,*,#3211,.T.);
#4436=ORIENTED_EDGE('',*,*,#3213,.F.);
#4437=ORIENTED_EDGE('',*,*,#3214,.F.);
#4438=ORIENTED_EDGE('',*,*,#3212,.T.);
#4439=ORIENTED_EDGE('',*,*,#3215,.F.);
#4440=ORIENTED_EDGE('',*,*,#3216,.F.);
#4441=ORIENTED_EDGE('',*,*,#3217,.T.);
#4442=ORIENTED_EDGE('',*,*,#3214,.T.);
#4443=ORIENTED_EDGE('',*,*,#3217,.F.);
#4444=ORIENTED_EDGE('',*,*,#3215,.T.);
#4445=ORIENTED_EDGE('',*,*,#3216,.T.);
#4446=ORIENTED_EDGE('',*,*,#3218,.T.);
#4447=ORIENTED_EDGE('',*,*,#3219,.F.);
#4448=ORIENTED_EDGE('',*,*,#3218,.F.);
#4449=ORIENTED_EDGE('',*,*,#3219,.T.);
#4450=ORIENTED_EDGE('',*,*,#3220,.F.);
#4451=ORIENTED_EDGE('',*,*,#3221,.F.);
#4452=ORIENTED_EDGE('',*,*,#3222,.F.);
#4453=ORIENTED_EDGE('',*,*,#3223,.T.);
#4454=ORIENTED_EDGE('',*,*,#3220,.T.);
#4455=ORIENTED_EDGE('',*,*,#3223,.F.);
#4456=ORIENTED_EDGE('',*,*,#3224,.F.);
#4457=ORIENTED_EDGE('',*,*,#3225,.T.);
#4458=ORIENTED_EDGE('',*,*,#3221,.T.);
#4459=ORIENTED_EDGE('',*,*,#3222,.T.);
#4460=ORIENTED_EDGE('',*,*,#3225,.F.);
#4461=ORIENTED_EDGE('',*,*,#3224,.T.);
#4462=ORIENTED_EDGE('',*,*,#3114,.F.);
#4463=ORIENTED_EDGE('',*,*,#3226,.T.);
#4464=ORIENTED_EDGE('',*,*,#3227,.T.);
#4465=ORIENTED_EDGE('',*,*,#3199,.T.);
#4466=ORIENTED_EDGE('',*,*,#3202,.T.);
#4467=ORIENTED_EDGE('',*,*,#3228,.T.);
#4468=ORIENTED_EDGE('',*,*,#3229,.F.);
#4469=ORIENTED_EDGE('',*,*,#3228,.F.);
#4470=ORIENTED_EDGE('',*,*,#3201,.T.);
#4471=ORIENTED_EDGE('',*,*,#3196,.T.);
#4472=ORIENTED_EDGE('',*,*,#3194,.T.);
#4473=ORIENTED_EDGE('',*,*,#3200,.T.);
#4474=ORIENTED_EDGE('',*,*,#3227,.F.);
#4475=ORIENTED_EDGE('',*,*,#3162,.T.);
#4476=ORIENTED_EDGE('',*,*,#3189,.T.);
#4477=ORIENTED_EDGE('',*,*,#3186,.T.);
#4478=ORIENTED_EDGE('',*,*,#3229,.T.);
#4479=ORIENTED_EDGE('',*,*,#3230,.F.);
#4480=ORIENTED_EDGE('',*,*,#3226,.F.);
#4481=ORIENTED_EDGE('',*,*,#3231,.T.);
#4482=ORIENTED_EDGE('',*,*,#3230,.T.);
#4483=ORIENTED_EDGE('',*,*,#3232,.T.);
#4484=ORIENTED_EDGE('',*,*,#3231,.F.);
#4485=ORIENTED_EDGE('',*,*,#3232,.F.);
#4486=ORIENTED_EDGE('',*,*,#3151,.F.);
#4487=ORIENTED_EDGE('',*,*,#3233,.T.);
#4488=ORIENTED_EDGE('',*,*,#3158,.T.);
#4489=ORIENTED_EDGE('',*,*,#3234,.T.);
#4490=ORIENTED_EDGE('',*,*,#3233,.F.);
#4491=ORIENTED_EDGE('',*,*,#3234,.F.);
#4492=ORIENTED_EDGE('',*,*,#3235,.F.);
#4493=ORIENTED_EDGE('',*,*,#3236,.F.);
#4494=ORIENTED_EDGE('',*,*,#3237,.T.);
#4495=ORIENTED_EDGE('',*,*,#3238,.T.);
#4496=ORIENTED_EDGE('',*,*,#3237,.F.);
#4497=ORIENTED_EDGE('',*,*,#3239,.F.);
#4498=ORIENTED_EDGE('',*,*,#3240,.F.);
#4499=ORIENTED_EDGE('',*,*,#3241,.T.);
#4500=ORIENTED_EDGE('',*,*,#3238,.F.);
#4501=ORIENTED_EDGE('',*,*,#3242,.F.);
#4502=ORIENTED_EDGE('',*,*,#3243,.T.);
#4503=ORIENTED_EDGE('',*,*,#3240,.T.);
#4504=ORIENTED_EDGE('',*,*,#3239,.T.);
#4505=ORIENTED_EDGE('',*,*,#3244,.T.);
#4506=ORIENTED_EDGE('',*,*,#3245,.T.);
#4507=ORIENTED_EDGE('',*,*,#3244,.F.);
#4508=ORIENTED_EDGE('',*,*,#3236,.T.);
#4509=ORIENTED_EDGE('',*,*,#3235,.T.);
#4510=ORIENTED_EDGE('',*,*,#3243,.F.);
#4511=ORIENTED_EDGE('',*,*,#3246,.F.);
#4512=ORIENTED_EDGE('',*,*,#3242,.T.);
#4513=ORIENTED_EDGE('',*,*,#3247,.F.);
#4514=ORIENTED_EDGE('',*,*,#3248,.T.);
#4515=ORIENTED_EDGE('',*,*,#3246,.T.);
#4516=ORIENTED_EDGE('',*,*,#3248,.F.);
#4517=ORIENTED_EDGE('',*,*,#3249,.F.);
#4518=ORIENTED_EDGE('',*,*,#3250,.F.);
#4519=ORIENTED_EDGE('',*,*,#3251,.F.);
#4520=ORIENTED_EDGE('',*,*,#3252,.T.);
#4521=ORIENTED_EDGE('',*,*,#3249,.T.);
#4522=ORIENTED_EDGE('',*,*,#3247,.T.);
#4523=ORIENTED_EDGE('',*,*,#3252,.F.);
#4524=ORIENTED_EDGE('',*,*,#3253,.F.);
#4525=ORIENTED_EDGE('',*,*,#3254,.F.);
#4526=ORIENTED_EDGE('',*,*,#3253,.T.);
#4527=ORIENTED_EDGE('',*,*,#3251,.T.);
#4528=ORIENTED_EDGE('',*,*,#3250,.T.);
#4529=ORIENTED_EDGE('',*,*,#3255,.F.);
#4530=ORIENTED_EDGE('',*,*,#3256,.F.);
#4531=ORIENTED_EDGE('',*,*,#3257,.T.);
#4532=ORIENTED_EDGE('',*,*,#3254,.T.);
#4533=ORIENTED_EDGE('',*,*,#3257,.F.);
#4534=ORIENTED_EDGE('',*,*,#3258,.F.);
#4535=ORIENTED_EDGE('',*,*,#3259,.T.);
#4536=ORIENTED_EDGE('',*,*,#3255,.T.);
#4537=ORIENTED_EDGE('',*,*,#3256,.T.);
#4538=ORIENTED_EDGE('',*,*,#3259,.F.);
#4539=ORIENTED_EDGE('',*,*,#3258,.T.);
#4540=ORIENTED_EDGE('',*,*,#3260,.F.);
#4541=ORIENTED_EDGE('',*,*,#3261,.F.);
#4542=ORIENTED_EDGE('',*,*,#3262,.T.);
#4543=ORIENTED_EDGE('',*,*,#3260,.T.);
#4544=ORIENTED_EDGE('',*,*,#3262,.F.);
#4545=ORIENTED_EDGE('',*,*,#3263,.F.);
#4546=ORIENTED_EDGE('',*,*,#3261,.T.);
#4547=ORIENTED_EDGE('',*,*,#3264,.F.);
#4548=ORIENTED_EDGE('',*,*,#3265,.F.);
#4549=ORIENTED_EDGE('',*,*,#3266,.T.);
#4550=ORIENTED_EDGE('',*,*,#3263,.T.);
#4551=ORIENTED_EDGE('',*,*,#3266,.F.);
#4552=ORIENTED_EDGE('',*,*,#3267,.F.);
#4553=ORIENTED_EDGE('',*,*,#3268,.T.);
#4554=ORIENTED_EDGE('',*,*,#3264,.T.);
#4555=ORIENTED_EDGE('',*,*,#3265,.T.);
#4556=ORIENTED_EDGE('',*,*,#3268,.F.);
#4557=ORIENTED_EDGE('',*,*,#3269,.F.);
#4558=ORIENTED_EDGE('',*,*,#3267,.T.);
#4559=ORIENTED_EDGE('',*,*,#3270,.F.);
#4560=ORIENTED_EDGE('',*,*,#3271,.F.);
#4561=ORIENTED_EDGE('',*,*,#3272,.T.);
#4562=ORIENTED_EDGE('',*,*,#3269,.T.);
#4563=ORIENTED_EDGE('',*,*,#3272,.F.);
#4564=ORIENTED_EDGE('',*,*,#3273,.F.);
#4565=ORIENTED_EDGE('',*,*,#3274,.F.);
#4566=ORIENTED_EDGE('',*,*,#3275,.F.);
#4567=ORIENTED_EDGE('',*,*,#3276,.T.);
#4568=ORIENTED_EDGE('',*,*,#3270,.T.);
#4569=ORIENTED_EDGE('',*,*,#3271,.T.);
#4570=ORIENTED_EDGE('',*,*,#3276,.F.);
#4571=ORIENTED_EDGE('',*,*,#3277,.F.);
#4572=ORIENTED_EDGE('',*,*,#3278,.F.);
#4573=ORIENTED_EDGE('',*,*,#3273,.T.);
#4574=ORIENTED_EDGE('',*,*,#3279,.F.);
#4575=ORIENTED_EDGE('',*,*,#3280,.T.);
#4576=ORIENTED_EDGE('',*,*,#3281,.T.);
#4577=ORIENTED_EDGE('',*,*,#3282,.F.);
#4578=ORIENTED_EDGE('',*,*,#3283,.T.);
#4579=ORIENTED_EDGE('',*,*,#3280,.F.);
#4580=ORIENTED_EDGE('',*,*,#3284,.F.);
#4581=ORIENTED_EDGE('',*,*,#3285,.T.);
#4582=ORIENTED_EDGE('',*,*,#3286,.T.);
#4583=ORIENTED_EDGE('',*,*,#3274,.T.);
#4584=ORIENTED_EDGE('',*,*,#3284,.T.);
#4585=ORIENTED_EDGE('',*,*,#3279,.T.);
#4586=ORIENTED_EDGE('',*,*,#3278,.T.);
#4587=ORIENTED_EDGE('',*,*,#3287,.T.);
#4588=ORIENTED_EDGE('',*,*,#3288,.F.);
#4589=ORIENTED_EDGE('',*,*,#3287,.F.);
#4590=ORIENTED_EDGE('',*,*,#3277,.T.);
#4591=ORIENTED_EDGE('',*,*,#3275,.T.);
#4592=ORIENTED_EDGE('',*,*,#3286,.F.);
#4593=ORIENTED_EDGE('',*,*,#3289,.T.);
#4594=ORIENTED_EDGE('',*,*,#3290,.T.);
#4595=ORIENTED_EDGE('',*,*,#3291,.T.);
#4596=ORIENTED_EDGE('',*,*,#3288,.T.);
#4597=ORIENTED_EDGE('',*,*,#3292,.F.);
#4598=ORIENTED_EDGE('',*,*,#3293,.F.);
#4599=ORIENTED_EDGE('',*,*,#3294,.T.);
#4600=ORIENTED_EDGE('',*,*,#3289,.F.);
#4601=ORIENTED_EDGE('',*,*,#3295,.T.);
#4602=ORIENTED_EDGE('',*,*,#3296,.F.);
#4603=ORIENTED_EDGE('',*,*,#3297,.T.);
#4604=ORIENTED_EDGE('',*,*,#3290,.F.);
#4605=ORIENTED_EDGE('',*,*,#3294,.F.);
#4606=ORIENTED_EDGE('',*,*,#3293,.T.);
#4607=ORIENTED_EDGE('',*,*,#3298,.T.);
#4608=ORIENTED_EDGE('',*,*,#3299,.F.);
#4609=ORIENTED_EDGE('',*,*,#3298,.F.);
#4610=ORIENTED_EDGE('',*,*,#3299,.T.);
#4611=ORIENTED_EDGE('',*,*,#3300,.F.);
#4612=ORIENTED_EDGE('',*,*,#3301,.F.);
#4613=ORIENTED_EDGE('',*,*,#3302,.F.);
#4614=ORIENTED_EDGE('',*,*,#3303,.T.);
#4615=ORIENTED_EDGE('',*,*,#3300,.T.);
#4616=ORIENTED_EDGE('',*,*,#3303,.F.);
#4617=ORIENTED_EDGE('',*,*,#3301,.T.);
#4618=ORIENTED_EDGE('',*,*,#3302,.T.);
#4619=ORIENTED_EDGE('',*,*,#3304,.T.);
#4620=ORIENTED_EDGE('',*,*,#3305,.F.);
#4621=ORIENTED_EDGE('',*,*,#3304,.F.);
#4622=ORIENTED_EDGE('',*,*,#3305,.T.);
#4623=ORIENTED_EDGE('',*,*,#3306,.F.);
#4624=ORIENTED_EDGE('',*,*,#3307,.F.);
#4625=ORIENTED_EDGE('',*,*,#3308,.T.);
#4626=ORIENTED_EDGE('',*,*,#3306,.T.);
#4627=ORIENTED_EDGE('',*,*,#3308,.F.);
#4628=ORIENTED_EDGE('',*,*,#3309,.F.);
#4629=ORIENTED_EDGE('',*,*,#3307,.T.);
#4630=ORIENTED_EDGE('',*,*,#3310,.F.);
#4631=ORIENTED_EDGE('',*,*,#3311,.F.);
#4632=ORIENTED_EDGE('',*,*,#3312,.T.);
#4633=ORIENTED_EDGE('',*,*,#3309,.T.);
#4634=ORIENTED_EDGE('',*,*,#3312,.F.);
#4635=ORIENTED_EDGE('',*,*,#3310,.T.);
#4636=ORIENTED_EDGE('',*,*,#3311,.T.);
#4637=ORIENTED_EDGE('',*,*,#3313,.T.);
#4638=ORIENTED_EDGE('',*,*,#3314,.F.);
#4639=ORIENTED_EDGE('',*,*,#3313,.F.);
#4640=ORIENTED_EDGE('',*,*,#3314,.T.);
#4641=ORIENTED_EDGE('',*,*,#3315,.F.);
#4642=ORIENTED_EDGE('',*,*,#3316,.F.);
#4643=ORIENTED_EDGE('',*,*,#3317,.F.);
#4644=ORIENTED_EDGE('',*,*,#3318,.T.);
#4645=ORIENTED_EDGE('',*,*,#3315,.T.);
#4646=ORIENTED_EDGE('',*,*,#3318,.F.);
#4647=ORIENTED_EDGE('',*,*,#3241,.F.);
#4648=ORIENTED_EDGE('',*,*,#3319,.T.);
#4649=ORIENTED_EDGE('',*,*,#3316,.T.);
#4650=ORIENTED_EDGE('',*,*,#3317,.T.);
#4651=ORIENTED_EDGE('',*,*,#3319,.F.);
#4652=ORIENTED_EDGE('',*,*,#3295,.F.);
#4653=ORIENTED_EDGE('',*,*,#3291,.F.);
#4654=ORIENTED_EDGE('',*,*,#3297,.F.);
#4655=ORIENTED_EDGE('',*,*,#3320,.F.);
#4656=ORIENTED_EDGE('',*,*,#3321,.T.);
#4657=ORIENTED_EDGE('',*,*,#3322,.T.);
#4658=ORIENTED_EDGE('',*,*,#3321,.F.);
#4659=ORIENTED_EDGE('',*,*,#3323,.F.);
#4660=ORIENTED_EDGE('',*,*,#3322,.F.);
#4661=ORIENTED_EDGE('',*,*,#3324,.T.);
#4662=ORIENTED_EDGE('',*,*,#3325,.F.);
#4663=ORIENTED_EDGE('',*,*,#3326,.F.);
#4664=ORIENTED_EDGE('',*,*,#3327,.F.);
#4665=ORIENTED_EDGE('',*,*,#3281,.F.);
#4666=ORIENTED_EDGE('',*,*,#3283,.F.);
#4667=ORIENTED_EDGE('',*,*,#3328,.F.);
#4668=ORIENTED_EDGE('',*,*,#3329,.F.);
#4669=ORIENTED_EDGE('',*,*,#3330,.F.);
#4670=ORIENTED_EDGE('',*,*,#3324,.F.);
#4671=ORIENTED_EDGE('',*,*,#3282,.T.);
#4672=ORIENTED_EDGE('',*,*,#3327,.T.);
#4673=ORIENTED_EDGE('',*,*,#3326,.T.);
#4674=ORIENTED_EDGE('',*,*,#3331,.F.);
#4675=ORIENTED_EDGE('',*,*,#3329,.T.);
#4676=ORIENTED_EDGE('',*,*,#3328,.T.);
#4677=ORIENTED_EDGE('',*,*,#3332,.F.);
#4678=ORIENTED_EDGE('',*,*,#3333,.F.);
#4679=ORIENTED_EDGE('',*,*,#3334,.T.);
#4680=ORIENTED_EDGE('',*,*,#3330,.T.);
#4681=ORIENTED_EDGE('',*,*,#3331,.T.);
#4682=ORIENTED_EDGE('',*,*,#3325,.T.);
#4683=ORIENTED_EDGE('',*,*,#3334,.F.);
#4684=ORIENTED_EDGE('',*,*,#3335,.F.);
#4685=ORIENTED_EDGE('',*,*,#3336,.F.);
#4686=ORIENTED_EDGE('',*,*,#3337,.T.);
#4687=ORIENTED_EDGE('',*,*,#3338,.F.);
#4688=ORIENTED_EDGE('',*,*,#3339,.F.);
#4689=ORIENTED_EDGE('',*,*,#3332,.T.);
#4690=ORIENTED_EDGE('',*,*,#3340,.F.);
#4691=ORIENTED_EDGE('',*,*,#3341,.F.);
#4692=ORIENTED_EDGE('',*,*,#3337,.F.);
#4693=ORIENTED_EDGE('',*,*,#3336,.T.);
#4694=ORIENTED_EDGE('',*,*,#3342,.T.);
#4695=ORIENTED_EDGE('',*,*,#3343,.F.);
#4696=ORIENTED_EDGE('',*,*,#3342,.F.);
#4697=ORIENTED_EDGE('',*,*,#3343,.T.);
#4698=ORIENTED_EDGE('',*,*,#3344,.F.);
#4699=ORIENTED_EDGE('',*,*,#3345,.F.);
#4700=ORIENTED_EDGE('',*,*,#3346,.F.);
#4701=ORIENTED_EDGE('',*,*,#3347,.T.);
#4702=ORIENTED_EDGE('',*,*,#3344,.T.);
#4703=ORIENTED_EDGE('',*,*,#3347,.F.);
#4704=ORIENTED_EDGE('',*,*,#3345,.T.);
#4705=ORIENTED_EDGE('',*,*,#3346,.T.);
#4706=ORIENTED_EDGE('',*,*,#3348,.T.);
#4707=ORIENTED_EDGE('',*,*,#3349,.F.);
#4708=ORIENTED_EDGE('',*,*,#3348,.F.);
#4709=ORIENTED_EDGE('',*,*,#3349,.T.);
#4710=ORIENTED_EDGE('',*,*,#3350,.F.);
#4711=ORIENTED_EDGE('',*,*,#3351,.F.);
#4712=ORIENTED_EDGE('',*,*,#3352,.T.);
#4713=ORIENTED_EDGE('',*,*,#3350,.T.);
#4714=ORIENTED_EDGE('',*,*,#3352,.F.);
#4715=ORIENTED_EDGE('',*,*,#3353,.F.);
#4716=ORIENTED_EDGE('',*,*,#3351,.T.);
#4717=ORIENTED_EDGE('',*,*,#3354,.F.);
#4718=ORIENTED_EDGE('',*,*,#3355,.F.);
#4719=ORIENTED_EDGE('',*,*,#3356,.T.);
#4720=ORIENTED_EDGE('',*,*,#3353,.T.);
#4721=ORIENTED_EDGE('',*,*,#3356,.F.);
#4722=ORIENTED_EDGE('',*,*,#3354,.T.);
#4723=ORIENTED_EDGE('',*,*,#3355,.T.);
#4724=ORIENTED_EDGE('',*,*,#3357,.T.);
#4725=ORIENTED_EDGE('',*,*,#3358,.F.);
#4726=ORIENTED_EDGE('',*,*,#3357,.F.);
#4727=ORIENTED_EDGE('',*,*,#3358,.T.);
#4728=ORIENTED_EDGE('',*,*,#3359,.F.);
#4729=ORIENTED_EDGE('',*,*,#3360,.F.);
#4730=ORIENTED_EDGE('',*,*,#3361,.F.);
#4731=ORIENTED_EDGE('',*,*,#3362,.T.);
#4732=ORIENTED_EDGE('',*,*,#3359,.T.);
#4733=ORIENTED_EDGE('',*,*,#3362,.F.);
#4734=ORIENTED_EDGE('',*,*,#3363,.F.);
#4735=ORIENTED_EDGE('',*,*,#3364,.T.);
#4736=ORIENTED_EDGE('',*,*,#3360,.T.);
#4737=ORIENTED_EDGE('',*,*,#3361,.T.);
#4738=ORIENTED_EDGE('',*,*,#3364,.F.);
#4739=ORIENTED_EDGE('',*,*,#3363,.T.);
#4740=ORIENTED_EDGE('',*,*,#3245,.F.);
#4741=ORIENTED_EDGE('',*,*,#3365,.T.);
#4742=ORIENTED_EDGE('',*,*,#3366,.T.);
#4743=ORIENTED_EDGE('',*,*,#3338,.T.);
#4744=ORIENTED_EDGE('',*,*,#3341,.T.);
#4745=ORIENTED_EDGE('',*,*,#3367,.T.);
#4746=ORIENTED_EDGE('',*,*,#3368,.F.);
#4747=ORIENTED_EDGE('',*,*,#3367,.F.);
#4748=ORIENTED_EDGE('',*,*,#3340,.T.);
#4749=ORIENTED_EDGE('',*,*,#3335,.T.);
#4750=ORIENTED_EDGE('',*,*,#3333,.T.);
#4751=ORIENTED_EDGE('',*,*,#3339,.T.);
#4752=ORIENTED_EDGE('',*,*,#3366,.F.);
#4753=ORIENTED_EDGE('',*,*,#3296,.T.);
#4754=ORIENTED_EDGE('',*,*,#3323,.T.);
#4755=ORIENTED_EDGE('',*,*,#3320,.T.);
#4756=ORIENTED_EDGE('',*,*,#3368,.T.);
#4757=ORIENTED_EDGE('',*,*,#3369,.F.);
#4758=ORIENTED_EDGE('',*,*,#3365,.F.);
#4759=ORIENTED_EDGE('',*,*,#3370,.T.);
#4760=ORIENTED_EDGE('',*,*,#3369,.T.);
#4761=ORIENTED_EDGE('',*,*,#3371,.T.);
#4762=ORIENTED_EDGE('',*,*,#3370,.F.);
#4763=ORIENTED_EDGE('',*,*,#3371,.F.);
#4764=ORIENTED_EDGE('',*,*,#3285,.F.);
#4765=ORIENTED_EDGE('',*,*,#3372,.T.);
#4766=ORIENTED_EDGE('',*,*,#3292,.T.);
#4767=ORIENTED_EDGE('',*,*,#3373,.T.);
#4768=ORIENTED_EDGE('',*,*,#3372,.F.);
#4769=ORIENTED_EDGE('',*,*,#3373,.F.);
#4770=ORIENTED_EDGE('',*,*,#3374,.F.);
#4771=ORIENTED_EDGE('',*,*,#3375,.F.);
#4772=ORIENTED_EDGE('',*,*,#3376,.T.);
#4773=ORIENTED_EDGE('',*,*,#3377,.T.);
#4774=ORIENTED_EDGE('',*,*,#3376,.F.);
#4775=ORIENTED_EDGE('',*,*,#3378,.F.);
#4776=ORIENTED_EDGE('',*,*,#3379,.F.);
#4777=ORIENTED_EDGE('',*,*,#3380,.T.);
#4778=ORIENTED_EDGE('',*,*,#3377,.F.);
#4779=ORIENTED_EDGE('',*,*,#3381,.F.);
#4780=ORIENTED_EDGE('',*,*,#3382,.T.);
#4781=ORIENTED_EDGE('',*,*,#3379,.T.);
#4782=ORIENTED_EDGE('',*,*,#3378,.T.);
#4783=ORIENTED_EDGE('',*,*,#3383,.T.);
#4784=ORIENTED_EDGE('',*,*,#3384,.T.);
#4785=ORIENTED_EDGE('',*,*,#3383,.F.);
#4786=ORIENTED_EDGE('',*,*,#3375,.T.);
#4787=ORIENTED_EDGE('',*,*,#3374,.T.);
#4788=ORIENTED_EDGE('',*,*,#3382,.F.);
#4789=ORIENTED_EDGE('',*,*,#3385,.F.);
#4790=ORIENTED_EDGE('',*,*,#3381,.T.);
#4791=ORIENTED_EDGE('',*,*,#3386,.F.);
#4792=ORIENTED_EDGE('',*,*,#3387,.T.);
#4793=ORIENTED_EDGE('',*,*,#3385,.T.);
#4794=ORIENTED_EDGE('',*,*,#3387,.F.);
#4795=ORIENTED_EDGE('',*,*,#3388,.F.);
#4796=ORIENTED_EDGE('',*,*,#3389,.F.);
#4797=ORIENTED_EDGE('',*,*,#3390,.F.);
#4798=ORIENTED_EDGE('',*,*,#3391,.T.);
#4799=ORIENTED_EDGE('',*,*,#3388,.T.);
#4800=ORIENTED_EDGE('',*,*,#3386,.T.);
#4801=ORIENTED_EDGE('',*,*,#3391,.F.);
#4802=ORIENTED_EDGE('',*,*,#3392,.F.);
#4803=ORIENTED_EDGE('',*,*,#3393,.F.);
#4804=ORIENTED_EDGE('',*,*,#3392,.T.);
#4805=ORIENTED_EDGE('',*,*,#3390,.T.);
#4806=ORIENTED_EDGE('',*,*,#3389,.T.);
#4807=ORIENTED_EDGE('',*,*,#3394,.F.);
#4808=ORIENTED_EDGE('',*,*,#3395,.F.);
#4809=ORIENTED_EDGE('',*,*,#3396,.T.);
#4810=ORIENTED_EDGE('',*,*,#3393,.T.);
#4811=ORIENTED_EDGE('',*,*,#3396,.F.);
#4812=ORIENTED_EDGE('',*,*,#3397,.F.);
#4813=ORIENTED_EDGE('',*,*,#3398,.T.);
#4814=ORIENTED_EDGE('',*,*,#3394,.T.);
#4815=ORIENTED_EDGE('',*,*,#3395,.T.);
#4816=ORIENTED_EDGE('',*,*,#3398,.F.);
#4817=ORIENTED_EDGE('',*,*,#3397,.T.);
#4818=ORIENTED_EDGE('',*,*,#3399,.F.);
#4819=ORIENTED_EDGE('',*,*,#3400,.F.);
#4820=ORIENTED_EDGE('',*,*,#3401,.T.);
#4821=ORIENTED_EDGE('',*,*,#3399,.T.);
#4822=ORIENTED_EDGE('',*,*,#3401,.F.);
#4823=ORIENTED_EDGE('',*,*,#3402,.F.);
#4824=ORIENTED_EDGE('',*,*,#3400,.T.);
#4825=ORIENTED_EDGE('',*,*,#3403,.F.);
#4826=ORIENTED_EDGE('',*,*,#3404,.F.);
#4827=ORIENTED_EDGE('',*,*,#3405,.T.);
#4828=ORIENTED_EDGE('',*,*,#3402,.T.);
#4829=ORIENTED_EDGE('',*,*,#3405,.F.);
#4830=ORIENTED_EDGE('',*,*,#3406,.F.);
#4831=ORIENTED_EDGE('',*,*,#3407,.T.);
#4832=ORIENTED_EDGE('',*,*,#3403,.T.);
#4833=ORIENTED_EDGE('',*,*,#3404,.T.);
#4834=ORIENTED_EDGE('',*,*,#3407,.F.);
#4835=ORIENTED_EDGE('',*,*,#3408,.F.);
#4836=ORIENTED_EDGE('',*,*,#3406,.T.);
#4837=ORIENTED_EDGE('',*,*,#3409,.F.);
#4838=ORIENTED_EDGE('',*,*,#3410,.F.);
#4839=ORIENTED_EDGE('',*,*,#3411,.T.);
#4840=ORIENTED_EDGE('',*,*,#3408,.T.);
#4841=ORIENTED_EDGE('',*,*,#3411,.F.);
#4842=ORIENTED_EDGE('',*,*,#3412,.F.);
#4843=ORIENTED_EDGE('',*,*,#3413,.F.);
#4844=ORIENTED_EDGE('',*,*,#3414,.F.);
#4845=ORIENTED_EDGE('',*,*,#3415,.T.);
#4846=ORIENTED_EDGE('',*,*,#3409,.T.);
#4847=ORIENTED_EDGE('',*,*,#3410,.T.);
#4848=ORIENTED_EDGE('',*,*,#3415,.F.);
#4849=ORIENTED_EDGE('',*,*,#3416,.F.);
#4850=ORIENTED_EDGE('',*,*,#3417,.F.);
#4851=ORIENTED_EDGE('',*,*,#3412,.T.);
#4852=ORIENTED_EDGE('',*,*,#3418,.F.);
#4853=ORIENTED_EDGE('',*,*,#3419,.T.);
#4854=ORIENTED_EDGE('',*,*,#3420,.F.);
#4855=ORIENTED_EDGE('',*,*,#3419,.F.);
#4856=ORIENTED_EDGE('',*,*,#3421,.F.);
#4857=ORIENTED_EDGE('',*,*,#3422,.T.);
#4858=ORIENTED_EDGE('',*,*,#3423,.T.);
#4859=ORIENTED_EDGE('',*,*,#3413,.T.);
#4860=ORIENTED_EDGE('',*,*,#3421,.T.);
#4861=ORIENTED_EDGE('',*,*,#3418,.T.);
#4862=ORIENTED_EDGE('',*,*,#3417,.T.);
#4863=ORIENTED_EDGE('',*,*,#3424,.T.);
#4864=ORIENTED_EDGE('',*,*,#3425,.F.);
#4865=ORIENTED_EDGE('',*,*,#3424,.F.);
#4866=ORIENTED_EDGE('',*,*,#3416,.T.);
#4867=ORIENTED_EDGE('',*,*,#3414,.T.);
#4868=ORIENTED_EDGE('',*,*,#3423,.F.);
#4869=ORIENTED_EDGE('',*,*,#3426,.T.);
#4870=ORIENTED_EDGE('',*,*,#3427,.T.);
#4871=ORIENTED_EDGE('',*,*,#3428,.T.);
#4872=ORIENTED_EDGE('',*,*,#3425,.T.);
#4873=ORIENTED_EDGE('',*,*,#3429,.F.);
#4874=ORIENTED_EDGE('',*,*,#3430,.F.);
#4875=ORIENTED_EDGE('',*,*,#3431,.T.);
#4876=ORIENTED_EDGE('',*,*,#3426,.F.);
#4877=ORIENTED_EDGE('',*,*,#3432,.T.);
#4878=ORIENTED_EDGE('',*,*,#3433,.F.);
#4879=ORIENTED_EDGE('',*,*,#3434,.T.);
#4880=ORIENTED_EDGE('',*,*,#3427,.F.);
#4881=ORIENTED_EDGE('',*,*,#3431,.F.);
#4882=ORIENTED_EDGE('',*,*,#3430,.T.);
#4883=ORIENTED_EDGE('',*,*,#3435,.T.);
#4884=ORIENTED_EDGE('',*,*,#3436,.F.);
#4885=ORIENTED_EDGE('',*,*,#3435,.F.);
#4886=ORIENTED_EDGE('',*,*,#3436,.T.);
#4887=ORIENTED_EDGE('',*,*,#3437,.F.);
#4888=ORIENTED_EDGE('',*,*,#3438,.F.);
#4889=ORIENTED_EDGE('',*,*,#3439,.F.);
#4890=ORIENTED_EDGE('',*,*,#3440,.T.);
#4891=ORIENTED_EDGE('',*,*,#3437,.T.);
#4892=ORIENTED_EDGE('',*,*,#3440,.F.);
#4893=ORIENTED_EDGE('',*,*,#3438,.T.);
#4894=ORIENTED_EDGE('',*,*,#3439,.T.);
#4895=ORIENTED_EDGE('',*,*,#3441,.T.);
#4896=ORIENTED_EDGE('',*,*,#3442,.F.);
#4897=ORIENTED_EDGE('',*,*,#3441,.F.);
#4898=ORIENTED_EDGE('',*,*,#3442,.T.);
#4899=ORIENTED_EDGE('',*,*,#3443,.F.);
#4900=ORIENTED_EDGE('',*,*,#3444,.F.);
#4901=ORIENTED_EDGE('',*,*,#3445,.T.);
#4902=ORIENTED_EDGE('',*,*,#3443,.T.);
#4903=ORIENTED_EDGE('',*,*,#3445,.F.);
#4904=ORIENTED_EDGE('',*,*,#3446,.F.);
#4905=ORIENTED_EDGE('',*,*,#3444,.T.);
#4906=ORIENTED_EDGE('',*,*,#3447,.F.);
#4907=ORIENTED_EDGE('',*,*,#3448,.F.);
#4908=ORIENTED_EDGE('',*,*,#3449,.T.);
#4909=ORIENTED_EDGE('',*,*,#3446,.T.);
#4910=ORIENTED_EDGE('',*,*,#3449,.F.);
#4911=ORIENTED_EDGE('',*,*,#3447,.T.);
#4912=ORIENTED_EDGE('',*,*,#3448,.T.);
#4913=ORIENTED_EDGE('',*,*,#3450,.T.);
#4914=ORIENTED_EDGE('',*,*,#3451,.F.);
#4915=ORIENTED_EDGE('',*,*,#3450,.F.);
#4916=ORIENTED_EDGE('',*,*,#3451,.T.);
#4917=ORIENTED_EDGE('',*,*,#3452,.F.);
#4918=ORIENTED_EDGE('',*,*,#3453,.F.);
#4919=ORIENTED_EDGE('',*,*,#3454,.F.);
#4920=ORIENTED_EDGE('',*,*,#3455,.T.);
#4921=ORIENTED_EDGE('',*,*,#3452,.T.);
#4922=ORIENTED_EDGE('',*,*,#3455,.F.);
#4923=ORIENTED_EDGE('',*,*,#3380,.F.);
#4924=ORIENTED_EDGE('',*,*,#3456,.T.);
#4925=ORIENTED_EDGE('',*,*,#3453,.T.);
#4926=ORIENTED_EDGE('',*,*,#3454,.T.);
#4927=ORIENTED_EDGE('',*,*,#3456,.F.);
#4928=ORIENTED_EDGE('',*,*,#3432,.F.);
#4929=ORIENTED_EDGE('',*,*,#3428,.F.);
#4930=ORIENTED_EDGE('',*,*,#3434,.F.);
#4931=ORIENTED_EDGE('',*,*,#3457,.F.);
#4932=ORIENTED_EDGE('',*,*,#3458,.T.);
#4933=ORIENTED_EDGE('',*,*,#3459,.T.);
#4934=ORIENTED_EDGE('',*,*,#3458,.F.);
#4935=ORIENTED_EDGE('',*,*,#3460,.F.);
#4936=ORIENTED_EDGE('',*,*,#3459,.F.);
#4937=ORIENTED_EDGE('',*,*,#3461,.T.);
#4938=ORIENTED_EDGE('',*,*,#3462,.F.);
#4939=ORIENTED_EDGE('',*,*,#3463,.F.);
#4940=ORIENTED_EDGE('',*,*,#3464,.F.);
#4941=ORIENTED_EDGE('',*,*,#3465,.F.);
#4942=ORIENTED_EDGE('',*,*,#3461,.F.);
#4943=ORIENTED_EDGE('',*,*,#3466,.F.);
#4944=ORIENTED_EDGE('',*,*,#3467,.T.);
#4945=ORIENTED_EDGE('',*,*,#3465,.T.);
#4946=ORIENTED_EDGE('',*,*,#3464,.T.);
#4947=ORIENTED_EDGE('',*,*,#3468,.T.);
#4948=ORIENTED_EDGE('',*,*,#3420,.T.);
#4949=ORIENTED_EDGE('',*,*,#3468,.F.);
#4950=ORIENTED_EDGE('',*,*,#3463,.T.);
#4951=ORIENTED_EDGE('',*,*,#3462,.T.);
#4952=ORIENTED_EDGE('',*,*,#3467,.F.);
#4953=ORIENTED_EDGE('',*,*,#3469,.F.);
#4954=ORIENTED_EDGE('',*,*,#3470,.F.);
#4955=ORIENTED_EDGE('',*,*,#3471,.T.);
#4956=ORIENTED_EDGE('',*,*,#3466,.T.);
#4957=ORIENTED_EDGE('',*,*,#3471,.F.);
#4958=ORIENTED_EDGE('',*,*,#3472,.F.);
#4959=ORIENTED_EDGE('',*,*,#3473,.F.);
#4960=ORIENTED_EDGE('',*,*,#3474,.T.);
#4961=ORIENTED_EDGE('',*,*,#3475,.F.);
#4962=ORIENTED_EDGE('',*,*,#3476,.F.);
#4963=ORIENTED_EDGE('',*,*,#3469,.T.);
#4964=ORIENTED_EDGE('',*,*,#3477,.F.);
#4965=ORIENTED_EDGE('',*,*,#3478,.F.);
#4966=ORIENTED_EDGE('',*,*,#3474,.F.);
#4967=ORIENTED_EDGE('',*,*,#3473,.T.);
#4968=ORIENTED_EDGE('',*,*,#3479,.T.);
#4969=ORIENTED_EDGE('',*,*,#3480,.F.);
#4970=ORIENTED_EDGE('',*,*,#3479,.F.);
#4971=ORIENTED_EDGE('',*,*,#3480,.T.);
#4972=ORIENTED_EDGE('',*,*,#3481,.F.);
#4973=ORIENTED_EDGE('',*,*,#3482,.F.);
#4974=ORIENTED_EDGE('',*,*,#3483,.F.);
#4975=ORIENTED_EDGE('',*,*,#3484,.T.);
#4976=ORIENTED_EDGE('',*,*,#3481,.T.);
#4977=ORIENTED_EDGE('',*,*,#3484,.F.);
#4978=ORIENTED_EDGE('',*,*,#3482,.T.);
#4979=ORIENTED_EDGE('',*,*,#3483,.T.);
#4980=ORIENTED_EDGE('',*,*,#3485,.T.);
#4981=ORIENTED_EDGE('',*,*,#3486,.F.);
#4982=ORIENTED_EDGE('',*,*,#3485,.F.);
#4983=ORIENTED_EDGE('',*,*,#3486,.T.);
#4984=ORIENTED_EDGE('',*,*,#3487,.F.);
#4985=ORIENTED_EDGE('',*,*,#3488,.F.);
#4986=ORIENTED_EDGE('',*,*,#3489,.T.);
#4987=ORIENTED_EDGE('',*,*,#3487,.T.);
#4988=ORIENTED_EDGE('',*,*,#3489,.F.);
#4989=ORIENTED_EDGE('',*,*,#3490,.F.);
#4990=ORIENTED_EDGE('',*,*,#3488,.T.);
#4991=ORIENTED_EDGE('',*,*,#3491,.F.);
#4992=ORIENTED_EDGE('',*,*,#3492,.F.);
#4993=ORIENTED_EDGE('',*,*,#3493,.T.);
#4994=ORIENTED_EDGE('',*,*,#3490,.T.);
#4995=ORIENTED_EDGE('',*,*,#3493,.F.);
#4996=ORIENTED_EDGE('',*,*,#3491,.T.);
#4997=ORIENTED_EDGE('',*,*,#3492,.T.);
#4998=ORIENTED_EDGE('',*,*,#3494,.T.);
#4999=ORIENTED_EDGE('',*,*,#3495,.F.);
#5000=ORIENTED_EDGE('',*,*,#3494,.F.);
#5001=ORIENTED_EDGE('',*,*,#3495,.T.);
#5002=ORIENTED_EDGE('',*,*,#3496,.F.);
#5003=ORIENTED_EDGE('',*,*,#3497,.F.);
#5004=ORIENTED_EDGE('',*,*,#3498,.F.);
#5005=ORIENTED_EDGE('',*,*,#3499,.T.);
#5006=ORIENTED_EDGE('',*,*,#3496,.T.);
#5007=ORIENTED_EDGE('',*,*,#3499,.F.);
#5008=ORIENTED_EDGE('',*,*,#3500,.F.);
#5009=ORIENTED_EDGE('',*,*,#3501,.T.);
#5010=ORIENTED_EDGE('',*,*,#3497,.T.);
#5011=ORIENTED_EDGE('',*,*,#3498,.T.);
#5012=ORIENTED_EDGE('',*,*,#3501,.F.);
#5013=ORIENTED_EDGE('',*,*,#3500,.T.);
#5014=ORIENTED_EDGE('',*,*,#3384,.F.);
#5015=ORIENTED_EDGE('',*,*,#3502,.T.);
#5016=ORIENTED_EDGE('',*,*,#3503,.T.);
#5017=ORIENTED_EDGE('',*,*,#3475,.T.);
#5018=ORIENTED_EDGE('',*,*,#3478,.T.);
#5019=ORIENTED_EDGE('',*,*,#3504,.T.);
#5020=ORIENTED_EDGE('',*,*,#3505,.F.);
#5021=ORIENTED_EDGE('',*,*,#3504,.F.);
#5022=ORIENTED_EDGE('',*,*,#3477,.T.);
#5023=ORIENTED_EDGE('',*,*,#3472,.T.);
#5024=ORIENTED_EDGE('',*,*,#3470,.T.);
#5025=ORIENTED_EDGE('',*,*,#3476,.T.);
#5026=ORIENTED_EDGE('',*,*,#3503,.F.);
#5027=ORIENTED_EDGE('',*,*,#3433,.T.);
#5028=ORIENTED_EDGE('',*,*,#3460,.T.);
#5029=ORIENTED_EDGE('',*,*,#3457,.T.);
#5030=ORIENTED_EDGE('',*,*,#3505,.T.);
#5031=ORIENTED_EDGE('',*,*,#3506,.F.);
#5032=ORIENTED_EDGE('',*,*,#3502,.F.);
#5033=ORIENTED_EDGE('',*,*,#3507,.T.);
#5034=ORIENTED_EDGE('',*,*,#3506,.T.);
#5035=ORIENTED_EDGE('',*,*,#3508,.T.);
#5036=ORIENTED_EDGE('',*,*,#3507,.F.);
#5037=ORIENTED_EDGE('',*,*,#3508,.F.);
#5038=ORIENTED_EDGE('',*,*,#3422,.F.);
#5039=ORIENTED_EDGE('',*,*,#3509,.T.);
#5040=ORIENTED_EDGE('',*,*,#3429,.T.);
#5041=ORIENTED_EDGE('',*,*,#3510,.T.);
#5042=ORIENTED_EDGE('',*,*,#3509,.F.);
#5043=ORIENTED_EDGE('',*,*,#3510,.F.);
#5044=ORIENTED_EDGE('',*,*,#3511,.F.);
#5045=ORIENTED_EDGE('',*,*,#3512,.F.);
#5046=ORIENTED_EDGE('',*,*,#3513,.T.);
#5047=ORIENTED_EDGE('',*,*,#3514,.T.);
#5048=ORIENTED_EDGE('',*,*,#3513,.F.);
#5049=ORIENTED_EDGE('',*,*,#3515,.F.);
#5050=ORIENTED_EDGE('',*,*,#3516,.F.);
#5051=ORIENTED_EDGE('',*,*,#3517,.T.);
#5052=ORIENTED_EDGE('',*,*,#3514,.F.);
#5053=ORIENTED_EDGE('',*,*,#3518,.F.);
#5054=ORIENTED_EDGE('',*,*,#3519,.T.);
#5055=ORIENTED_EDGE('',*,*,#3516,.T.);
#5056=ORIENTED_EDGE('',*,*,#3515,.T.);
#5057=ORIENTED_EDGE('',*,*,#3520,.T.);
#5058=ORIENTED_EDGE('',*,*,#3521,.T.);
#5059=ORIENTED_EDGE('',*,*,#3520,.F.);
#5060=ORIENTED_EDGE('',*,*,#3512,.T.);
#5061=ORIENTED_EDGE('',*,*,#3511,.T.);
#5062=ORIENTED_EDGE('',*,*,#3519,.F.);
#5063=ORIENTED_EDGE('',*,*,#3522,.F.);
#5064=ORIENTED_EDGE('',*,*,#3518,.T.);
#5065=ORIENTED_EDGE('',*,*,#3523,.F.);
#5066=ORIENTED_EDGE('',*,*,#3524,.T.);
#5067=ORIENTED_EDGE('',*,*,#3522,.T.);
#5068=ORIENTED_EDGE('',*,*,#3524,.F.);
#5069=ORIENTED_EDGE('',*,*,#3525,.F.);
#5070=ORIENTED_EDGE('',*,*,#3526,.F.);
#5071=ORIENTED_EDGE('',*,*,#3527,.F.);
#5072=ORIENTED_EDGE('',*,*,#3528,.T.);
#5073=ORIENTED_EDGE('',*,*,#3525,.T.);
#5074=ORIENTED_EDGE('',*,*,#3523,.T.);
#5075=ORIENTED_EDGE('',*,*,#3528,.F.);
#5076=ORIENTED_EDGE('',*,*,#3529,.F.);
#5077=ORIENTED_EDGE('',*,*,#3530,.F.);
#5078=ORIENTED_EDGE('',*,*,#3529,.T.);
#5079=ORIENTED_EDGE('',*,*,#3527,.T.);
#5080=ORIENTED_EDGE('',*,*,#3526,.T.);
#5081=ORIENTED_EDGE('',*,*,#3531,.F.);
#5082=ORIENTED_EDGE('',*,*,#3532,.F.);
#5083=ORIENTED_EDGE('',*,*,#3533,.T.);
#5084=ORIENTED_EDGE('',*,*,#3530,.T.);
#5085=ORIENTED_EDGE('',*,*,#3533,.F.);
#5086=ORIENTED_EDGE('',*,*,#3534,.F.);
#5087=ORIENTED_EDGE('',*,*,#3535,.T.);
#5088=ORIENTED_EDGE('',*,*,#3531,.T.);
#5089=ORIENTED_EDGE('',*,*,#3532,.T.);
#5090=ORIENTED_EDGE('',*,*,#3535,.F.);
#5091=ORIENTED_EDGE('',*,*,#3534,.T.);
#5092=ORIENTED_EDGE('',*,*,#3536,.F.);
#5093=ORIENTED_EDGE('',*,*,#3536,.T.);
#5094=ORIENTED_EDGE('',*,*,#3537,.T.);
#5095=ORIENTED_EDGE('',*,*,#3538,.F.);
#5096=ORIENTED_EDGE('',*,*,#3537,.F.);
#5097=ORIENTED_EDGE('',*,*,#3539,.F.);
#5098=ORIENTED_EDGE('',*,*,#3540,.T.);
#5099=ORIENTED_EDGE('',*,*,#3538,.T.);
#5100=ORIENTED_EDGE('',*,*,#3540,.F.);
#5101=ORIENTED_EDGE('',*,*,#3541,.F.);
#5102=ORIENTED_EDGE('',*,*,#3539,.T.);
#5103=ORIENTED_EDGE('',*,*,#3542,.F.);
#5104=ORIENTED_EDGE('',*,*,#3543,.F.);
#5105=ORIENTED_EDGE('',*,*,#3544,.T.);
#5106=ORIENTED_EDGE('',*,*,#3541,.T.);
#5107=ORIENTED_EDGE('',*,*,#3544,.F.);
#5108=ORIENTED_EDGE('',*,*,#3545,.F.);
#5109=ORIENTED_EDGE('',*,*,#3546,.T.);
#5110=ORIENTED_EDGE('',*,*,#3542,.T.);
#5111=ORIENTED_EDGE('',*,*,#3543,.T.);
#5112=ORIENTED_EDGE('',*,*,#3546,.F.);
#5113=ORIENTED_EDGE('',*,*,#3547,.F.);
#5114=ORIENTED_EDGE('',*,*,#3548,.T.);
#5115=ORIENTED_EDGE('',*,*,#3545,.T.);
#5116=ORIENTED_EDGE('',*,*,#3548,.F.);
#5117=ORIENTED_EDGE('',*,*,#3549,.F.);
#5118=ORIENTED_EDGE('',*,*,#3550,.F.);
#5119=ORIENTED_EDGE('',*,*,#3551,.F.);
#5120=ORIENTED_EDGE('',*,*,#3552,.T.);
#5121=ORIENTED_EDGE('',*,*,#3547,.T.);
#5122=ORIENTED_EDGE('',*,*,#3552,.F.);
#5123=ORIENTED_EDGE('',*,*,#3553,.F.);
#5124=ORIENTED_EDGE('',*,*,#3554,.F.);
#5125=ORIENTED_EDGE('',*,*,#3549,.T.);
#5126=ORIENTED_EDGE('',*,*,#3555,.F.);
#5127=ORIENTED_EDGE('',*,*,#3556,.T.);
#5128=ORIENTED_EDGE('',*,*,#3557,.F.);
#5129=ORIENTED_EDGE('',*,*,#3556,.F.);
#5130=ORIENTED_EDGE('',*,*,#3558,.F.);
#5131=ORIENTED_EDGE('',*,*,#3559,.T.);
#5132=ORIENTED_EDGE('',*,*,#3560,.T.);
#5133=ORIENTED_EDGE('',*,*,#3550,.T.);
#5134=ORIENTED_EDGE('',*,*,#3558,.T.);
#5135=ORIENTED_EDGE('',*,*,#3555,.T.);
#5136=ORIENTED_EDGE('',*,*,#3554,.T.);
#5137=ORIENTED_EDGE('',*,*,#3561,.T.);
#5138=ORIENTED_EDGE('',*,*,#3562,.F.);
#5139=ORIENTED_EDGE('',*,*,#3561,.F.);
#5140=ORIENTED_EDGE('',*,*,#3553,.T.);
#5141=ORIENTED_EDGE('',*,*,#3551,.T.);
#5142=ORIENTED_EDGE('',*,*,#3560,.F.);
#5143=ORIENTED_EDGE('',*,*,#3563,.T.);
#5144=ORIENTED_EDGE('',*,*,#3564,.T.);
#5145=ORIENTED_EDGE('',*,*,#3565,.T.);
#5146=ORIENTED_EDGE('',*,*,#3562,.T.);
#5147=ORIENTED_EDGE('',*,*,#3566,.F.);
#5148=ORIENTED_EDGE('',*,*,#3567,.F.);
#5149=ORIENTED_EDGE('',*,*,#3568,.T.);
#5150=ORIENTED_EDGE('',*,*,#3563,.F.);
#5151=ORIENTED_EDGE('',*,*,#3569,.T.);
#5152=ORIENTED_EDGE('',*,*,#3570,.F.);
#5153=ORIENTED_EDGE('',*,*,#3571,.T.);
#5154=ORIENTED_EDGE('',*,*,#3564,.F.);
#5155=ORIENTED_EDGE('',*,*,#3568,.F.);
#5156=ORIENTED_EDGE('',*,*,#3567,.T.);
#5157=ORIENTED_EDGE('',*,*,#3572,.T.);
#5158=ORIENTED_EDGE('',*,*,#3573,.F.);
#5159=ORIENTED_EDGE('',*,*,#3574,.F.);
#5160=ORIENTED_EDGE('',*,*,#3572,.F.);
#5161=ORIENTED_EDGE('',*,*,#3575,.F.);
#5162=ORIENTED_EDGE('',*,*,#3576,.F.);
#5163=ORIENTED_EDGE('',*,*,#3577,.T.);
#5164=ORIENTED_EDGE('',*,*,#3573,.T.);
#5165=ORIENTED_EDGE('',*,*,#3574,.T.);
#5166=ORIENTED_EDGE('',*,*,#3577,.F.);
#5167=ORIENTED_EDGE('',*,*,#3575,.T.);
#5168=ORIENTED_EDGE('',*,*,#3576,.T.);
#5169=ORIENTED_EDGE('',*,*,#3578,.T.);
#5170=ORIENTED_EDGE('',*,*,#3579,.F.);
#5171=ORIENTED_EDGE('',*,*,#3578,.F.);
#5172=ORIENTED_EDGE('',*,*,#3579,.T.);
#5173=ORIENTED_EDGE('',*,*,#3580,.F.);
#5174=ORIENTED_EDGE('',*,*,#3581,.F.);
#5175=ORIENTED_EDGE('',*,*,#3582,.F.);
#5176=ORIENTED_EDGE('',*,*,#3583,.T.);
#5177=ORIENTED_EDGE('',*,*,#3580,.T.);
#5178=ORIENTED_EDGE('',*,*,#3583,.F.);
#5179=ORIENTED_EDGE('',*,*,#3584,.F.);
#5180=ORIENTED_EDGE('',*,*,#3585,.T.);
#5181=ORIENTED_EDGE('',*,*,#3581,.T.);
#5182=ORIENTED_EDGE('',*,*,#3582,.T.);
#5183=ORIENTED_EDGE('',*,*,#3585,.F.);
#5184=ORIENTED_EDGE('',*,*,#3586,.F.);
#5185=ORIENTED_EDGE('',*,*,#3584,.T.);
#5186=ORIENTED_EDGE('',*,*,#3587,.F.);
#5187=ORIENTED_EDGE('',*,*,#3588,.F.);
#5188=ORIENTED_EDGE('',*,*,#3589,.T.);
#5189=ORIENTED_EDGE('',*,*,#3586,.T.);
#5190=ORIENTED_EDGE('',*,*,#3589,.F.);
#5191=ORIENTED_EDGE('',*,*,#3587,.T.);
#5192=ORIENTED_EDGE('',*,*,#3588,.T.);
#5193=ORIENTED_EDGE('',*,*,#3590,.T.);
#5194=ORIENTED_EDGE('',*,*,#3591,.F.);
#5195=ORIENTED_EDGE('',*,*,#3590,.F.);
#5196=ORIENTED_EDGE('',*,*,#3591,.T.);
#5197=ORIENTED_EDGE('',*,*,#3592,.F.);
#5198=ORIENTED_EDGE('',*,*,#3593,.F.);
#5199=ORIENTED_EDGE('',*,*,#3594,.F.);
#5200=ORIENTED_EDGE('',*,*,#3595,.T.);
#5201=ORIENTED_EDGE('',*,*,#3592,.T.);
#5202=ORIENTED_EDGE('',*,*,#3595,.F.);
#5203=ORIENTED_EDGE('',*,*,#3517,.F.);
#5204=ORIENTED_EDGE('',*,*,#3596,.T.);
#5205=ORIENTED_EDGE('',*,*,#3593,.T.);
#5206=ORIENTED_EDGE('',*,*,#3594,.T.);
#5207=ORIENTED_EDGE('',*,*,#3596,.F.);
#5208=ORIENTED_EDGE('',*,*,#3569,.F.);
#5209=ORIENTED_EDGE('',*,*,#3565,.F.);
#5210=ORIENTED_EDGE('',*,*,#3571,.F.);
#5211=ORIENTED_EDGE('',*,*,#3597,.F.);
#5212=ORIENTED_EDGE('',*,*,#3598,.T.);
#5213=ORIENTED_EDGE('',*,*,#3599,.T.);
#5214=ORIENTED_EDGE('',*,*,#3598,.F.);
#5215=ORIENTED_EDGE('',*,*,#3600,.F.);
#5216=ORIENTED_EDGE('',*,*,#3599,.F.);
#5217=ORIENTED_EDGE('',*,*,#3601,.T.);
#5218=ORIENTED_EDGE('',*,*,#3602,.F.);
#5219=ORIENTED_EDGE('',*,*,#3603,.F.);
#5220=ORIENTED_EDGE('',*,*,#3604,.F.);
#5221=ORIENTED_EDGE('',*,*,#3605,.F.);
#5222=ORIENTED_EDGE('',*,*,#3601,.F.);
#5223=ORIENTED_EDGE('',*,*,#3606,.F.);
#5224=ORIENTED_EDGE('',*,*,#3607,.T.);
#5225=ORIENTED_EDGE('',*,*,#3605,.T.);
#5226=ORIENTED_EDGE('',*,*,#3604,.T.);
#5227=ORIENTED_EDGE('',*,*,#3608,.T.);
#5228=ORIENTED_EDGE('',*,*,#3557,.T.);
#5229=ORIENTED_EDGE('',*,*,#3608,.F.);
#5230=ORIENTED_EDGE('',*,*,#3603,.T.);
#5231=ORIENTED_EDGE('',*,*,#3602,.T.);
#5232=ORIENTED_EDGE('',*,*,#3607,.F.);
#5233=ORIENTED_EDGE('',*,*,#3609,.F.);
#5234=ORIENTED_EDGE('',*,*,#3610,.F.);
#5235=ORIENTED_EDGE('',*,*,#3611,.T.);
#5236=ORIENTED_EDGE('',*,*,#3606,.T.);
#5237=ORIENTED_EDGE('',*,*,#3611,.F.);
#5238=ORIENTED_EDGE('',*,*,#3612,.F.);
#5239=ORIENTED_EDGE('',*,*,#3613,.F.);
#5240=ORIENTED_EDGE('',*,*,#3614,.T.);
#5241=ORIENTED_EDGE('',*,*,#3615,.F.);
#5242=ORIENTED_EDGE('',*,*,#3616,.F.);
#5243=ORIENTED_EDGE('',*,*,#3609,.T.);
#5244=ORIENTED_EDGE('',*,*,#3617,.F.);
#5245=ORIENTED_EDGE('',*,*,#3618,.F.);
#5246=ORIENTED_EDGE('',*,*,#3614,.F.);
#5247=ORIENTED_EDGE('',*,*,#3613,.T.);
#5248=ORIENTED_EDGE('',*,*,#3619,.T.);
#5249=ORIENTED_EDGE('',*,*,#3620,.F.);
#5250=ORIENTED_EDGE('',*,*,#3621,.F.);
#5251=ORIENTED_EDGE('',*,*,#3619,.F.);
#5252=ORIENTED_EDGE('',*,*,#3622,.F.);
#5253=ORIENTED_EDGE('',*,*,#3623,.F.);
#5254=ORIENTED_EDGE('',*,*,#3624,.T.);
#5255=ORIENTED_EDGE('',*,*,#3620,.T.);
#5256=ORIENTED_EDGE('',*,*,#3621,.T.);
#5257=ORIENTED_EDGE('',*,*,#3624,.F.);
#5258=ORIENTED_EDGE('',*,*,#3622,.T.);
#5259=ORIENTED_EDGE('',*,*,#3623,.T.);
#5260=ORIENTED_EDGE('',*,*,#3625,.T.);
#5261=ORIENTED_EDGE('',*,*,#3626,.F.);
#5262=ORIENTED_EDGE('',*,*,#3625,.F.);
#5263=ORIENTED_EDGE('',*,*,#3626,.T.);
#5264=ORIENTED_EDGE('',*,*,#3627,.F.);
#5265=ORIENTED_EDGE('',*,*,#3628,.F.);
#5266=ORIENTED_EDGE('',*,*,#3629,.F.);
#5267=ORIENTED_EDGE('',*,*,#3630,.T.);
#5268=ORIENTED_EDGE('',*,*,#3627,.T.);
#5269=ORIENTED_EDGE('',*,*,#3630,.F.);
#5270=ORIENTED_EDGE('',*,*,#3631,.F.);
#5271=ORIENTED_EDGE('',*,*,#3632,.T.);
#5272=ORIENTED_EDGE('',*,*,#3628,.T.);
#5273=ORIENTED_EDGE('',*,*,#3629,.T.);
#5274=ORIENTED_EDGE('',*,*,#3632,.F.);
#5275=ORIENTED_EDGE('',*,*,#3633,.F.);
#5276=ORIENTED_EDGE('',*,*,#3631,.T.);
#5277=ORIENTED_EDGE('',*,*,#3634,.F.);
#5278=ORIENTED_EDGE('',*,*,#3635,.F.);
#5279=ORIENTED_EDGE('',*,*,#3636,.T.);
#5280=ORIENTED_EDGE('',*,*,#3633,.T.);
#5281=ORIENTED_EDGE('',*,*,#3636,.F.);
#5282=ORIENTED_EDGE('',*,*,#3634,.T.);
#5283=ORIENTED_EDGE('',*,*,#3635,.T.);
#5284=ORIENTED_EDGE('',*,*,#3637,.T.);
#5285=ORIENTED_EDGE('',*,*,#3638,.F.);
#5286=ORIENTED_EDGE('',*,*,#3637,.F.);
#5287=ORIENTED_EDGE('',*,*,#3638,.T.);
#5288=ORIENTED_EDGE('',*,*,#3639,.F.);
#5289=ORIENTED_EDGE('',*,*,#3640,.F.);
#5290=ORIENTED_EDGE('',*,*,#3641,.F.);
#5291=ORIENTED_EDGE('',*,*,#3642,.T.);
#5292=ORIENTED_EDGE('',*,*,#3639,.T.);
#5293=ORIENTED_EDGE('',*,*,#3642,.F.);
#5294=ORIENTED_EDGE('',*,*,#3643,.F.);
#5295=ORIENTED_EDGE('',*,*,#3644,.T.);
#5296=ORIENTED_EDGE('',*,*,#3640,.T.);
#5297=ORIENTED_EDGE('',*,*,#3641,.T.);
#5298=ORIENTED_EDGE('',*,*,#3644,.F.);
#5299=ORIENTED_EDGE('',*,*,#3643,.T.);
#5300=ORIENTED_EDGE('',*,*,#3521,.F.);
#5301=ORIENTED_EDGE('',*,*,#3645,.T.);
#5302=ORIENTED_EDGE('',*,*,#3646,.T.);
#5303=ORIENTED_EDGE('',*,*,#3615,.T.);
#5304=ORIENTED_EDGE('',*,*,#3618,.T.);
#5305=ORIENTED_EDGE('',*,*,#3647,.T.);
#5306=ORIENTED_EDGE('',*,*,#3648,.F.);
#5307=ORIENTED_EDGE('',*,*,#3647,.F.);
#5308=ORIENTED_EDGE('',*,*,#3617,.T.);
#5309=ORIENTED_EDGE('',*,*,#3612,.T.);
#5310=ORIENTED_EDGE('',*,*,#3610,.T.);
#5311=ORIENTED_EDGE('',*,*,#3616,.T.);
#5312=ORIENTED_EDGE('',*,*,#3646,.F.);
#5313=ORIENTED_EDGE('',*,*,#3570,.T.);
#5314=ORIENTED_EDGE('',*,*,#3600,.T.);
#5315=ORIENTED_EDGE('',*,*,#3597,.T.);
#5316=ORIENTED_EDGE('',*,*,#3648,.T.);
#5317=ORIENTED_EDGE('',*,*,#3649,.F.);
#5318=ORIENTED_EDGE('',*,*,#3645,.F.);
#5319=ORIENTED_EDGE('',*,*,#3650,.T.);
#5320=ORIENTED_EDGE('',*,*,#3649,.T.);
#5321=ORIENTED_EDGE('',*,*,#3651,.T.);
#5322=ORIENTED_EDGE('',*,*,#3650,.F.);
#5323=ORIENTED_EDGE('',*,*,#3651,.F.);
#5324=ORIENTED_EDGE('',*,*,#3559,.F.);
#5325=ORIENTED_EDGE('',*,*,#3652,.T.);
#5326=ORIENTED_EDGE('',*,*,#3566,.T.);
#5327=ORIENTED_EDGE('',*,*,#3653,.T.);
#5328=ORIENTED_EDGE('',*,*,#3652,.F.);
#5329=ORIENTED_EDGE('',*,*,#3653,.F.);
#5330=CYLINDRICAL_SURFACE('',#6244,1.7);
#5331=CYLINDRICAL_SURFACE('',#6252,1.7);
#5332=CYLINDRICAL_SURFACE('',#6257,2.125);
#5333=CYLINDRICAL_SURFACE('',#6269,4.85);
#5334=CYLINDRICAL_SURFACE('',#6273,2.8);
#5335=CYLINDRICAL_SURFACE('',#6280,5.);
#5336=CYLINDRICAL_SURFACE('',#6287,5.25);
#5337=CYLINDRICAL_SURFACE('',#6294,5.25);
#5338=CYLINDRICAL_SURFACE('',#6301,5.);
#5339=CYLINDRICAL_SURFACE('',#6308,2.8);
#5340=CYLINDRICAL_SURFACE('',#6312,4.85);
#5341=CYLINDRICAL_SURFACE('',#6323,2.125);
#5342=CYLINDRICAL_SURFACE('',#6326,4.25);
#5343=CYLINDRICAL_SURFACE('',#6329,4.25);
#5344=CYLINDRICAL_SURFACE('',#6333,4.25);
#5345=CYLINDRICAL_SURFACE('',#6336,3.);
#5346=CYLINDRICAL_SURFACE('',#6343,1.65);
#5347=CYLINDRICAL_SURFACE('',#6344,5.25);
#5348=CYLINDRICAL_SURFACE('',#6350,5.);
#5349=CYLINDRICAL_SURFACE('',#6357,2.8);
#5350=CYLINDRICAL_SURFACE('',#6361,4.85);
#5351=CYLINDRICAL_SURFACE('',#6372,2.125);
#5352=CYLINDRICAL_SURFACE('',#6375,3.);
#5353=CYLINDRICAL_SURFACE('',#6380,1.65);
#5354=CYLINDRICAL_SURFACE('',#6384,2.5);
#5355=CYLINDRICAL_SURFACE('',#6392,2.5);
#5356=CYLINDRICAL_SURFACE('',#6397,3.125);
#5357=CYLINDRICAL_SURFACE('',#6409,5.9);
#5358=CYLINDRICAL_SURFACE('',#6413,3.85);
#5359=CYLINDRICAL_SURFACE('',#6420,6.);
#5360=CYLINDRICAL_SURFACE('',#6427,6.25);
#5361=CYLINDRICAL_SURFACE('',#6431,3.);
#5362=CYLINDRICAL_SURFACE('',#6436,6.25);
#5363=CYLINDRICAL_SURFACE('',#6444,6.);
#5364=CYLINDRICAL_SURFACE('',#6451,3.85);
#5365=CYLINDRICAL_SURFACE('',#6455,5.9);
#5366=CYLINDRICAL_SURFACE('',#6466,3.125);
#5367=CYLINDRICAL_SURFACE('',#6469,5.);
#5368=CYLINDRICAL_SURFACE('',#6474,5.);
#5369=CYLINDRICAL_SURFACE('',#6478,6.25);
#5370=CYLINDRICAL_SURFACE('',#6484,6.);
#5371=CYLINDRICAL_SURFACE('',#6491,3.85);
#5372=CYLINDRICAL_SURFACE('',#6495,5.9);
#5373=CYLINDRICAL_SURFACE('',#6506,3.125);
#5374=CYLINDRICAL_SURFACE('',#6509,3.);
#5375=CYLINDRICAL_SURFACE('',#6516,1.65);
#5376=CYLINDRICAL_SURFACE('',#6519,1.65);
#5377=CYLINDRICAL_SURFACE('',#6521,5.8);
#5378=CYLINDRICAL_SURFACE('',#6524,5.8);
#5379=CYLINDRICAL_SURFACE('',#6531,3.4);
#5380=CYLINDRICAL_SURFACE('',#6539,3.4);
#5381=CYLINDRICAL_SURFACE('',#6544,4.125);
#5382=CYLINDRICAL_SURFACE('',#6556,6.9);
#5383=CYLINDRICAL_SURFACE('',#6560,4.9);
#5384=CYLINDRICAL_SURFACE('',#6567,7.);
#5385=CYLINDRICAL_SURFACE('',#6574,7.4);
#5386=CYLINDRICAL_SURFACE('',#6577,3.5);
#5387=CYLINDRICAL_SURFACE('',#6582,7.4);
#5388=CYLINDRICAL_SURFACE('',#6590,7.);
#5389=CYLINDRICAL_SURFACE('',#6597,4.9);
#5390=CYLINDRICAL_SURFACE('',#6601,6.9);
#5391=CYLINDRICAL_SURFACE('',#6612,4.125);
#5392=CYLINDRICAL_SURFACE('',#6615,5.8);
#5393=CYLINDRICAL_SURFACE('',#6617,5.8);
#5394=CYLINDRICAL_SURFACE('',#6621,7.4);
#5395=CYLINDRICAL_SURFACE('',#6627,7.);
#5396=CYLINDRICAL_SURFACE('',#6634,4.9);
#5397=CYLINDRICAL_SURFACE('',#6638,6.9);
#5398=CYLINDRICAL_SURFACE('',#6649,4.125);
#5399=CYLINDRICAL_SURFACE('',#6652,3.5);
#5400=CYLINDRICAL_SURFACE('',#6659,2.25);
#5401=CYLINDRICAL_SURFACE('',#6662,2.25);
#5402=CYLINDRICAL_SURFACE('',#6664,4.);
#5403=CYLINDRICAL_SURFACE('',#6672,4.);
#5404=CYLINDRICAL_SURFACE('',#6677,5.125);
#5405=CYLINDRICAL_SURFACE('',#6689,8.3);
#5406=CYLINDRICAL_SURFACE('',#6693,5.9);
#5407=CYLINDRICAL_SURFACE('',#6700,8.5);
#5408=CYLINDRICAL_SURFACE('',#6707,8.75);
#5409=CYLINDRICAL_SURFACE('',#6711,3.5);
#5410=CYLINDRICAL_SURFACE('',#6716,8.75);
#5411=CYLINDRICAL_SURFACE('',#6724,8.5);
#5412=CYLINDRICAL_SURFACE('',#6731,5.9);
#5413=CYLINDRICAL_SURFACE('',#6735,8.3);
#5414=CYLINDRICAL_SURFACE('',#6746,5.125);
#5415=CYLINDRICAL_SURFACE('',#6749,6.75);
#5416=CYLINDRICAL_SURFACE('',#6754,6.75);
#5417=CYLINDRICAL_SURFACE('',#6758,8.75);
#5418=CYLINDRICAL_SURFACE('',#6764,8.5);
#5419=CYLINDRICAL_SURFACE('',#6771,5.9);
#5420=CYLINDRICAL_SURFACE('',#6775,8.3);
#5421=CYLINDRICAL_SURFACE('',#6786,5.125);
#5422=CYLINDRICAL_SURFACE('',#6789,3.5);
#5423=CYLINDRICAL_SURFACE('',#6796,2.15);
#5424=CYLINDRICAL_SURFACE('',#6799,2.15);
#5425=CYLINDRICAL_SURFACE('',#6801,5.);
#5426=CYLINDRICAL_SURFACE('',#6809,5.);
#5427=CYLINDRICAL_SURFACE('',#6814,6.125);
#5428=CYLINDRICAL_SURFACE('',#6826,9.5);
#5429=CYLINDRICAL_SURFACE('',#6830,6.95);
#5430=CYLINDRICAL_SURFACE('',#6837,10.);
#5431=CYLINDRICAL_SURFACE('',#6844,10.25);
#5432=CYLINDRICAL_SURFACE('',#6848,3.5);
#5433=CYLINDRICAL_SURFACE('',#6853,10.25);
#5434=CYLINDRICAL_SURFACE('',#6861,10.);
#5435=CYLINDRICAL_SURFACE('',#6868,6.95);
#5436=CYLINDRICAL_SURFACE('',#6872,9.5);
#5437=CYLINDRICAL_SURFACE('',#6883,6.125);
#5438=CYLINDRICAL_SURFACE('',#6886,7.75);
#5439=CYLINDRICAL_SURFACE('',#6891,7.75);
#5440=CYLINDRICAL_SURFACE('',#6895,10.25);
#5441=CYLINDRICAL_SURFACE('',#6901,10.);
#5442=CYLINDRICAL_SURFACE('',#6908,6.95);
#5443=CYLINDRICAL_SURFACE('',#6912,9.5);
#5444=CYLINDRICAL_SURFACE('',#6923,6.125);
#5445=CYLINDRICAL_SURFACE('',#6926,3.5);
#5446=CYLINDRICAL_SURFACE('',#6933,2.15);
#5447=CYLINDRICAL_SURFACE('',#6936,2.15);
#5448=CYLINDRICAL_SURFACE('',#6938,6.5);
#5449=CYLINDRICAL_SURFACE('',#6946,6.5);
#5450=CYLINDRICAL_SURFACE('',#6951,8.15);
#5451=CYLINDRICAL_SURFACE('',#6963,12.6);
#5452=CYLINDRICAL_SURFACE('',#6969,9.);
#5453=CYLINDRICAL_SURFACE('',#6976,12.5);
#5454=CYLINDRICAL_SURFACE('',#6980,12.75);
#5455=CYLINDRICAL_SURFACE('',#6984,4.15);
#5456=CYLINDRICAL_SURFACE('',#6989,12.75);
#5457=CYLINDRICAL_SURFACE('',#6996,12.5);
#5458=CYLINDRICAL_SURFACE('',#7003,9.);
#5459=CYLINDRICAL_SURFACE('',#7010,12.6);
#5460=CYLINDRICAL_SURFACE('',#7021,8.15);
#5461=CYLINDRICAL_SURFACE('',#7024,10.2);
#5462=CYLINDRICAL_SURFACE('',#7029,10.2);
#5463=CYLINDRICAL_SURFACE('',#7033,12.75);
#5464=CYLINDRICAL_SURFACE('',#7038,12.5);
#5465=CYLINDRICAL_SURFACE('',#7045,9.);
#5466=CYLINDRICAL_SURFACE('',#7052,12.6);
#5467=CYLINDRICAL_SURFACE('',#7063,8.15);
#5468=CYLINDRICAL_SURFACE('',#7066,4.15);
#5469=CYLINDRICAL_SURFACE('',#7073,2.65);
#5470=CYLINDRICAL_SURFACE('',#7076,2.65);
#5471=STYLED_ITEM('',(#12670),#5823);
#5472=STYLED_ITEM('',(#12670),#5824);
#5473=STYLED_ITEM('',(#12670),#5825);
#5474=STYLED_ITEM('',(#12670),#5826);
#5475=STYLED_ITEM('',(#12671),#5827);
#5476=STYLED_ITEM('',(#12671),#5828);
#5477=STYLED_ITEM('',(#12671),#5829);
#5478=STYLED_ITEM('',(#12671),#5830);
#5479=STYLED_ITEM('',(#12671),#5831);
#5480=STYLED_ITEM('',(#12671),#5832);
#5481=STYLED_ITEM('',(#12671),#5833);
#5482=STYLED_ITEM('',(#12672),#5834);
#5483=STYLED_ITEM('',(#12672),#5835);
#5484=STYLED_ITEM('',(#12672),#5836);
#5485=STYLED_ITEM('',(#12670),#5837);
#5486=STYLED_ITEM('',(#12670),#5838);
#5487=STYLED_ITEM('',(#12670),#5839);
#5488=STYLED_ITEM('',(#12670),#5840);
#5489=STYLED_ITEM('',(#12670),#5841);
#5490=STYLED_ITEM('',(#12670),#5842);
#5491=STYLED_ITEM('',(#12670),#5843);
#5492=STYLED_ITEM('',(#12670),#5844);
#5493=STYLED_ITEM('',(#12672),#5845);
#5494=STYLED_ITEM('',(#12672),#5846);
#5495=STYLED_ITEM('',(#12672),#5847);
#5496=STYLED_ITEM('',(#12671),#5848);
#5497=STYLED_ITEM('',(#12671),#5849);
#5498=STYLED_ITEM('',(#12671),#5850);
#5499=STYLED_ITEM('',(#12671),#5851);
#5500=STYLED_ITEM('',(#12671),#5852);
#5501=STYLED_ITEM('',(#12671),#5853);
#5502=STYLED_ITEM('',(#12671),#5854);
#5503=STYLED_ITEM('',(#12670),#5855);
#5504=STYLED_ITEM('',(#12670),#5856);
#5505=STYLED_ITEM('',(#12670),#5857);
#5506=STYLED_ITEM('',(#12670),#5858);
#5507=STYLED_ITEM('',(#12670),#5859);
#5508=STYLED_ITEM('',(#12670),#5860);
#5509=STYLED_ITEM('',(#12670),#5861);
#5510=STYLED_ITEM('',(#12670),#5862);
#5511=STYLED_ITEM('',(#12670),#5863);
#5512=STYLED_ITEM('',(#12670),#5864);
#5513=STYLED_ITEM('',(#12670),#5865);
#5514=STYLED_ITEM('',(#12670),#5866);
#5515=STYLED_ITEM('',(#12672),#5867);
#5516=STYLED_ITEM('',(#12672),#5868);
#5517=STYLED_ITEM('',(#12672),#5869);
#5518=STYLED_ITEM('',(#12671),#5870);
#5519=STYLED_ITEM('',(#12671),#5871);
#5520=STYLED_ITEM('',(#12671),#5872);
#5521=STYLED_ITEM('',(#12671),#5873);
#5522=STYLED_ITEM('',(#12671),#5874);
#5523=STYLED_ITEM('',(#12671),#5875);
#5524=STYLED_ITEM('',(#12671),#5876);
#5525=STYLED_ITEM('',(#12670),#5877);
#5526=STYLED_ITEM('',(#12670),#5878);
#5527=STYLED_ITEM('',(#12670),#5879);
#5528=STYLED_ITEM('',(#12670),#5880);
#5529=STYLED_ITEM('',(#12670),#5881);
#5530=STYLED_ITEM('',(#12669),#47);
#5531=STYLED_ITEM('',(#12670),#5882);
#5532=STYLED_ITEM('',(#12670),#5883);
#5533=STYLED_ITEM('',(#12670),#5884);
#5534=STYLED_ITEM('',(#12670),#5885);
#5535=STYLED_ITEM('',(#12671),#5886);
#5536=STYLED_ITEM('',(#12671),#5887);
#5537=STYLED_ITEM('',(#12671),#5888);
#5538=STYLED_ITEM('',(#12671),#5889);
#5539=STYLED_ITEM('',(#12671),#5890);
#5540=STYLED_ITEM('',(#12671),#5891);
#5541=STYLED_ITEM('',(#12671),#5892);
#5542=STYLED_ITEM('',(#12672),#5893);
#5543=STYLED_ITEM('',(#12672),#5894);
#5544=STYLED_ITEM('',(#12672),#5895);
#5545=STYLED_ITEM('',(#12670),#5896);
#5546=STYLED_ITEM('',(#12670),#5897);
#5547=STYLED_ITEM('',(#12670),#5898);
#5548=STYLED_ITEM('',(#12670),#5899);
#5549=STYLED_ITEM('',(#12670),#5900);
#5550=STYLED_ITEM('',(#12670),#5901);
#5551=STYLED_ITEM('',(#12670),#5902);
#5552=STYLED_ITEM('',(#12670),#5903);
#5553=STYLED_ITEM('',(#12670),#5904);
#5554=STYLED_ITEM('',(#12672),#5905);
#5555=STYLED_ITEM('',(#12672),#5906);
#5556=STYLED_ITEM('',(#12672),#5907);
#5557=STYLED_ITEM('',(#12671),#5908);
#5558=STYLED_ITEM('',(#12671),#5909);
#5559=STYLED_ITEM('',(#12671),#5910);
#5560=STYLED_ITEM('',(#12671),#5911);
#5561=STYLED_ITEM('',(#12671),#5912);
#5562=STYLED_ITEM('',(#12671),#5913);
#5563=STYLED_ITEM('',(#12670),#5914);
#5564=STYLED_ITEM('',(#12670),#5915);
#5565=STYLED_ITEM('',(#12670),#5916);
#5566=STYLED_ITEM('',(#12670),#5917);
#5567=STYLED_ITEM('',(#12670),#5918);
#5568=STYLED_ITEM('',(#12670),#5919);
#5569=STYLED_ITEM('',(#12670),#5920);
#5570=STYLED_ITEM('',(#12670),#5921);
#5571=STYLED_ITEM('',(#12672),#5922);
#5572=STYLED_ITEM('',(#12672),#5923);
#5573=STYLED_ITEM('',(#12672),#5924);
#5574=STYLED_ITEM('',(#12671),#5925);
#5575=STYLED_ITEM('',(#12671),#5926);
#5576=STYLED_ITEM('',(#12671),#5927);
#5577=STYLED_ITEM('',(#12671),#5928);
#5578=STYLED_ITEM('',(#12671),#5929);
#5579=STYLED_ITEM('',(#12671),#5930);
#5580=STYLED_ITEM('',(#12671),#5931);
#5581=STYLED_ITEM('',(#12670),#5932);
#5582=STYLED_ITEM('',(#12670),#5933);
#5583=STYLED_ITEM('',(#12670),#5934);
#5584=STYLED_ITEM('',(#12670),#5935);
#5585=STYLED_ITEM('',(#12670),#5936);
#5586=STYLED_ITEM('',(#12670),#5937);
#5587=STYLED_ITEM('',(#12670),#5938);
#5588=STYLED_ITEM('',(#12669),#48);
#5589=STYLED_ITEM('',(#12670),#5939);
#5590=STYLED_ITEM('',(#12670),#5940);
#5591=STYLED_ITEM('',(#12670),#5941);
#5592=STYLED_ITEM('',(#12670),#5942);
#5593=STYLED_ITEM('',(#12670),#5943);
#5594=STYLED_ITEM('',(#12670),#5944);
#5595=STYLED_ITEM('',(#12671),#5945);
#5596=STYLED_ITEM('',(#12671),#5946);
#5597=STYLED_ITEM('',(#12671),#5947);
#5598=STYLED_ITEM('',(#12671),#5948);
#5599=STYLED_ITEM('',(#12671),#5949);
#5600=STYLED_ITEM('',(#12671),#5950);
#5601=STYLED_ITEM('',(#12671),#5951);
#5602=STYLED_ITEM('',(#12672),#5952);
#5603=STYLED_ITEM('',(#12672),#5953);
#5604=STYLED_ITEM('',(#12672),#5954);
#5605=STYLED_ITEM('',(#12670),#5955);
#5606=STYLED_ITEM('',(#12670),#5956);
#5607=STYLED_ITEM('',(#12670),#5957);
#5608=STYLED_ITEM('',(#12670),#5958);
#5609=STYLED_ITEM('',(#12670),#5959);
#5610=STYLED_ITEM('',(#12670),#5960);
#5611=STYLED_ITEM('',(#12670),#5961);
#5612=STYLED_ITEM('',(#12670),#5962);
#5613=STYLED_ITEM('',(#12670),#5963);
#5614=STYLED_ITEM('',(#12672),#5964);
#5615=STYLED_ITEM('',(#12672),#5965);
#5616=STYLED_ITEM('',(#12672),#5966);
#5617=STYLED_ITEM('',(#12671),#5967);
#5618=STYLED_ITEM('',(#12671),#5968);
#5619=STYLED_ITEM('',(#12671),#5969);
#5620=STYLED_ITEM('',(#12671),#5970);
#5621=STYLED_ITEM('',(#12671),#5971);
#5622=STYLED_ITEM('',(#12671),#5972);
#5623=STYLED_ITEM('',(#12671),#5973);
#5624=STYLED_ITEM('',(#12670),#5974);
#5625=STYLED_ITEM('',(#12670),#5975);
#5626=STYLED_ITEM('',(#12670),#5976);
#5627=STYLED_ITEM('',(#12670),#5977);
#5628=STYLED_ITEM('',(#12670),#5978);
#5629=STYLED_ITEM('',(#12670),#5979);
#5630=STYLED_ITEM('',(#12670),#5980);
#5631=STYLED_ITEM('',(#12672),#5981);
#5632=STYLED_ITEM('',(#12672),#5982);
#5633=STYLED_ITEM('',(#12672),#5983);
#5634=STYLED_ITEM('',(#12671),#5984);
#5635=STYLED_ITEM('',(#12671),#5985);
#5636=STYLED_ITEM('',(#12671),#5986);
#5637=STYLED_ITEM('',(#12671),#5987);
#5638=STYLED_ITEM('',(#12671),#5988);
#5639=STYLED_ITEM('',(#12671),#5989);
#5640=STYLED_ITEM('',(#12671),#5990);
#5641=STYLED_ITEM('',(#12670),#5991);
#5642=STYLED_ITEM('',(#12670),#5992);
#5643=STYLED_ITEM('',(#12670),#5993);
#5644=STYLED_ITEM('',(#12670),#5994);
#5645=STYLED_ITEM('',(#12670),#5995);
#5646=STYLED_ITEM('',(#12670),#5996);
#5647=STYLED_ITEM('',(#12670),#5997);
#5648=STYLED_ITEM('',(#12673),#49);
#5649=STYLED_ITEM('',(#12670),#5998);
#5650=STYLED_ITEM('',(#12670),#5999);
#5651=STYLED_ITEM('',(#12670),#6000);
#5652=STYLED_ITEM('',(#12670),#6001);
#5653=STYLED_ITEM('',(#12671),#6002);
#5654=STYLED_ITEM('',(#12671),#6003);
#5655=STYLED_ITEM('',(#12671),#6004);
#5656=STYLED_ITEM('',(#12671),#6005);
#5657=STYLED_ITEM('',(#12671),#6006);
#5658=STYLED_ITEM('',(#12671),#6007);
#5659=STYLED_ITEM('',(#12671),#6008);
#5660=STYLED_ITEM('',(#12672),#6009);
#5661=STYLED_ITEM('',(#12672),#6010);
#5662=STYLED_ITEM('',(#12672),#6011);
#5663=STYLED_ITEM('',(#12670),#6012);
#5664=STYLED_ITEM('',(#12670),#6013);
#5665=STYLED_ITEM('',(#12670),#6014);
#5666=STYLED_ITEM('',(#12670),#6015);
#5667=STYLED_ITEM('',(#12670),#6016);
#5668=STYLED_ITEM('',(#12670),#6017);
#5669=STYLED_ITEM('',(#12670),#6018);
#5670=STYLED_ITEM('',(#12670),#6019);
#5671=STYLED_ITEM('',(#12670),#6020);
#5672=STYLED_ITEM('',(#12672),#6021);
#5673=STYLED_ITEM('',(#12672),#6022);
#5674=STYLED_ITEM('',(#12672),#6023);
#5675=STYLED_ITEM('',(#12671),#6024);
#5676=STYLED_ITEM('',(#12671),#6025);
#5677=STYLED_ITEM('',(#12671),#6026);
#5678=STYLED_ITEM('',(#12671),#6027);
#5679=STYLED_ITEM('',(#12671),#6028);
#5680=STYLED_ITEM('',(#12671),#6029);
#5681=STYLED_ITEM('',(#12671),#6030);
#5682=STYLED_ITEM('',(#12670),#6031);
#5683=STYLED_ITEM('',(#12670),#6032);
#5684=STYLED_ITEM('',(#12670),#6033);
#5685=STYLED_ITEM('',(#12670),#6034);
#5686=STYLED_ITEM('',(#12670),#6035);
#5687=STYLED_ITEM('',(#12670),#6036);
#5688=STYLED_ITEM('',(#12670),#6037);
#5689=STYLED_ITEM('',(#12672),#6038);
#5690=STYLED_ITEM('',(#12672),#6039);
#5691=STYLED_ITEM('',(#12672),#6040);
#5692=STYLED_ITEM('',(#12671),#6041);
#5693=STYLED_ITEM('',(#12671),#6042);
#5694=STYLED_ITEM('',(#12671),#6043);
#5695=STYLED_ITEM('',(#12671),#6044);
#5696=STYLED_ITEM('',(#12671),#6045);
#5697=STYLED_ITEM('',(#12671),#6046);
#5698=STYLED_ITEM('',(#12671),#6047);
#5699=STYLED_ITEM('',(#12670),#6048);
#5700=STYLED_ITEM('',(#12670),#6049);
#5701=STYLED_ITEM('',(#12670),#6050);
#5702=STYLED_ITEM('',(#12670),#6051);
#5703=STYLED_ITEM('',(#12670),#6052);
#5704=STYLED_ITEM('',(#12670),#6053);
#5705=STYLED_ITEM('',(#12670),#6054);
#5706=STYLED_ITEM('',(#12673),#50);
#5707=STYLED_ITEM('',(#12670),#6055);
#5708=STYLED_ITEM('',(#12670),#6056);
#5709=STYLED_ITEM('',(#12670),#6057);
#5710=STYLED_ITEM('',(#12670),#6058);
#5711=STYLED_ITEM('',(#12671),#6059);
#5712=STYLED_ITEM('',(#12671),#6060);
#5713=STYLED_ITEM('',(#12671),#6061);
#5714=STYLED_ITEM('',(#12671),#6062);
#5715=STYLED_ITEM('',(#12671),#6063);
#5716=STYLED_ITEM('',(#12671),#6064);
#5717=STYLED_ITEM('',(#12671),#6065);
#5718=STYLED_ITEM('',(#12672),#6066);
#5719=STYLED_ITEM('',(#12672),#6067);
#5720=STYLED_ITEM('',(#12672),#6068);
#5721=STYLED_ITEM('',(#12670),#6069);
#5722=STYLED_ITEM('',(#12670),#6070);
#5723=STYLED_ITEM('',(#12670),#6071);
#5724=STYLED_ITEM('',(#12670),#6072);
#5725=STYLED_ITEM('',(#12670),#6073);
#5726=STYLED_ITEM('',(#12670),#6074);
#5727=STYLED_ITEM('',(#12670),#6075);
#5728=STYLED_ITEM('',(#12670),#6076);
#5729=STYLED_ITEM('',(#12670),#6077);
#5730=STYLED_ITEM('',(#12672),#6078);
#5731=STYLED_ITEM('',(#12672),#6079);
#5732=STYLED_ITEM('',(#12672),#6080);
#5733=STYLED_ITEM('',(#12671),#6081);
#5734=STYLED_ITEM('',(#12671),#6082);
#5735=STYLED_ITEM('',(#12671),#6083);
#5736=STYLED_ITEM('',(#12671),#6084);
#5737=STYLED_ITEM('',(#12671),#6085);
#5738=STYLED_ITEM('',(#12671),#6086);
#5739=STYLED_ITEM('',(#12671),#6087);
#5740=STYLED_ITEM('',(#12670),#6088);
#5741=STYLED_ITEM('',(#12670),#6089);
#5742=STYLED_ITEM('',(#12670),#6090);
#5743=STYLED_ITEM('',(#12670),#6091);
#5744=STYLED_ITEM('',(#12670),#6092);
#5745=STYLED_ITEM('',(#12670),#6093);
#5746=STYLED_ITEM('',(#12670),#6094);
#5747=STYLED_ITEM('',(#12672),#6095);
#5748=STYLED_ITEM('',(#12672),#6096);
#5749=STYLED_ITEM('',(#12672),#6097);
#5750=STYLED_ITEM('',(#12671),#6098);
#5751=STYLED_ITEM('',(#12671),#6099);
#5752=STYLED_ITEM('',(#12671),#6100);
#5753=STYLED_ITEM('',(#12671),#6101);
#5754=STYLED_ITEM('',(#12671),#6102);
#5755=STYLED_ITEM('',(#12671),#6103);
#5756=STYLED_ITEM('',(#12671),#6104);
#5757=STYLED_ITEM('',(#12670),#6105);
#5758=STYLED_ITEM('',(#12670),#6106);
#5759=STYLED_ITEM('',(#12670),#6107);
#5760=STYLED_ITEM('',(#12670),#6108);
#5761=STYLED_ITEM('',(#12670),#6109);
#5762=STYLED_ITEM('',(#12670),#6110);
#5763=STYLED_ITEM('',(#12670),#6111);
#5764=STYLED_ITEM('',(#12673),#51);
#5765=STYLED_ITEM('',(#12670),#6112);
#5766=STYLED_ITEM('',(#12670),#6113);
#5767=STYLED_ITEM('',(#12670),#6114);
#5768=STYLED_ITEM('',(#12670),#6115);
#5769=STYLED_ITEM('',(#12671),#6116);
#5770=STYLED_ITEM('',(#12671),#6117);
#5771=STYLED_ITEM('',(#12671),#6118);
#5772=STYLED_ITEM('',(#12671),#6119);
#5773=STYLED_ITEM('',(#12671),#6120);
#5774=STYLED_ITEM('',(#12671),#6121);
#5775=STYLED_ITEM('',(#12671),#6122);
#5776=STYLED_ITEM('',(#12671),#6123);
#5777=STYLED_ITEM('',(#12672),#6124);
#5778=STYLED_ITEM('',(#12672),#6125);
#5779=STYLED_ITEM('',(#12672),#6126);
#5780=STYLED_ITEM('',(#12670),#6127);
#5781=STYLED_ITEM('',(#12670),#6128);
#5782=STYLED_ITEM('',(#12670),#6129);
#5783=STYLED_ITEM('',(#12670),#6130);
#5784=STYLED_ITEM('',(#12670),#6131);
#5785=STYLED_ITEM('',(#12670),#6132);
#5786=STYLED_ITEM('',(#12670),#6133);
#5787=STYLED_ITEM('',(#12672),#6134);
#5788=STYLED_ITEM('',(#12672),#6135);
#5789=STYLED_ITEM('',(#12672),#6136);
#5790=STYLED_ITEM('',(#12671),#6137);
#5791=STYLED_ITEM('',(#12671),#6138);
#5792=STYLED_ITEM('',(#12671),#6139);
#5793=STYLED_ITEM('',(#12671),#6140);
#5794=STYLED_ITEM('',(#12671),#6141);
#5795=STYLED_ITEM('',(#12671),#6142);
#5796=STYLED_ITEM('',(#12671),#6143);
#5797=STYLED_ITEM('',(#12671),#6144);
#5798=STYLED_ITEM('',(#12670),#6145);
#5799=STYLED_ITEM('',(#12670),#6146);
#5800=STYLED_ITEM('',(#12670),#6147);
#5801=STYLED_ITEM('',(#12670),#6148);
#5802=STYLED_ITEM('',(#12670),#6149);
#5803=STYLED_ITEM('',(#12670),#6150);
#5804=STYLED_ITEM('',(#12672),#6151);
#5805=STYLED_ITEM('',(#12672),#6152);
#5806=STYLED_ITEM('',(#12672),#6153);
#5807=STYLED_ITEM('',(#12671),#6154);
#5808=STYLED_ITEM('',(#12671),#6155);
#5809=STYLED_ITEM('',(#12671),#6156);
#5810=STYLED_ITEM('',(#12671),#6157);
#5811=STYLED_ITEM('',(#12671),#6158);
#5812=STYLED_ITEM('',(#12671),#6159);
#5813=STYLED_ITEM('',(#12671),#6160);
#5814=STYLED_ITEM('',(#12671),#6161);
#5815=STYLED_ITEM('',(#12670),#6162);
#5816=STYLED_ITEM('',(#12670),#6163);
#5817=STYLED_ITEM('',(#12670),#6164);
#5818=STYLED_ITEM('',(#12670),#6165);
#5819=STYLED_ITEM('',(#12670),#6166);
#5820=STYLED_ITEM('',(#12670),#6167);
#5821=STYLED_ITEM('',(#12670),#6168);
#5822=STYLED_ITEM('',(#12673),#52);
#5823=ADVANCED_FACE('',(#506),#5330,.F.);
#5824=ADVANCED_FACE('',(#507,#274),#395,.T.);
#5825=ADVANCED_FACE('',(#508),#5331,.F.);
#5826=ADVANCED_FACE('',(#509,#275),#396,.T.);
#5827=ADVANCED_FACE('',(#510),#5332,.F.);
#5828=ADVANCED_FACE('',(#511),#256,.T.);
#5829=ADVANCED_FACE('',(#512,#276),#397,.F.);
#5830=ADVANCED_FACE('',(#513),#53,.T.);
#5831=ADVANCED_FACE('',(#514),#5333,.T.);
#5832=ADVANCED_FACE('',(#515,#277),#398,.F.);
#5833=ADVANCED_FACE('',(#516),#5334,.T.);
#5834=ADVANCED_FACE('',(#517,#278),#399,.F.);
#5835=ADVANCED_FACE('',(#518),#54,.T.);
#5836=ADVANCED_FACE('',(#519),#5335,.T.);
#5837=ADVANCED_FACE('',(#520,#279),#400,.F.);
#5838=ADVANCED_FACE('',(#521),#55,.T.);
#5839=ADVANCED_FACE('',(#522),#5336,.T.);
#5840=ADVANCED_FACE('',(#523),#56,.T.);
#5841=ADVANCED_FACE('',(#524),#57,.T.);
#5842=ADVANCED_FACE('',(#525),#5337,.T.);
#5843=ADVANCED_FACE('',(#526),#58,.T.);
#5844=ADVANCED_FACE('',(#527,#280),#401,.F.);
#5845=ADVANCED_FACE('',(#528),#5338,.T.);
#5846=ADVANCED_FACE('',(#529),#59,.T.);
#5847=ADVANCED_FACE('',(#530,#281),#402,.F.);
#5848=ADVANCED_FACE('',(#531),#5339,.T.);
#5849=ADVANCED_FACE('',(#532,#282),#403,.F.);
#5850=ADVANCED_FACE('',(#533),#5340,.T.);
#5851=ADVANCED_FACE('',(#534),#60,.T.);
#5852=ADVANCED_FACE('',(#535,#283),#404,.F.);
#5853=ADVANCED_FACE('',(#536),#257,.T.);
#5854=ADVANCED_FACE('',(#537),#5341,.F.);
#5855=ADVANCED_FACE('',(#538),#61,.T.);
#5856=ADVANCED_FACE('',(#539),#5342,.T.);
#5857=ADVANCED_FACE('',(#540),#5343,.T.);
#5858=ADVANCED_FACE('',(#541),#5344,.T.);
#5859=ADVANCED_FACE('',(#542),#62,.T.);
#5860=ADVANCED_FACE('',(#543),#5345,.T.);
#5861=ADVANCED_FACE('',(#544,#284),#405,.T.);
#5862=ADVANCED_FACE('',(#545,#285),#406,.F.);
#5863=ADVANCED_FACE('',(#546),#5346,.F.);
#5864=ADVANCED_FACE('',(#547),#5347,.T.);
#5865=ADVANCED_FACE('',(#548),#63,.T.);
#5866=ADVANCED_FACE('',(#549,#286),#407,.F.);
#5867=ADVANCED_FACE('',(#550),#5348,.T.);
#5868=ADVANCED_FACE('',(#551),#64,.T.);
#5869=ADVANCED_FACE('',(#552,#287),#408,.F.);
#5870=ADVANCED_FACE('',(#553),#5349,.T.);
#5871=ADVANCED_FACE('',(#554,#288),#409,.F.);
#5872=ADVANCED_FACE('',(#555),#5350,.T.);
#5873=ADVANCED_FACE('',(#556),#65,.T.);
#5874=ADVANCED_FACE('',(#557,#289),#410,.F.);
#5875=ADVANCED_FACE('',(#558),#258,.T.);
#5876=ADVANCED_FACE('',(#559),#5351,.F.);
#5877=ADVANCED_FACE('',(#560,#290),#411,.T.);
#5878=ADVANCED_FACE('',(#561),#5352,.T.);
#5879=ADVANCED_FACE('',(#562,#291),#412,.F.);
#5880=ADVANCED_FACE('',(#563),#5353,.F.);
#5881=ADVANCED_FACE('',(#564,#292),#413,.T.);
#5882=ADVANCED_FACE('',(#565),#5354,.F.);
#5883=ADVANCED_FACE('',(#566,#293),#414,.T.);
#5884=ADVANCED_FACE('',(#567),#5355,.F.);
#5885=ADVANCED_FACE('',(#568,#294),#415,.T.);
#5886=ADVANCED_FACE('',(#569),#5356,.F.);
#5887=ADVANCED_FACE('',(#570),#259,.T.);
#5888=ADVANCED_FACE('',(#571,#295),#416,.F.);
#5889=ADVANCED_FACE('',(#572),#66,.T.);
#5890=ADVANCED_FACE('',(#573),#5357,.T.);
#5891=ADVANCED_FACE('',(#574,#296),#417,.F.);
#5892=ADVANCED_FACE('',(#575),#5358,.T.);
#5893=ADVANCED_FACE('',(#576,#297),#418,.F.);
#5894=ADVANCED_FACE('',(#577),#67,.T.);
#5895=ADVANCED_FACE('',(#578),#5359,.T.);
#5896=ADVANCED_FACE('',(#579,#298),#419,.F.);
#5897=ADVANCED_FACE('',(#580),#68,.T.);
#5898=ADVANCED_FACE('',(#581),#5360,.T.);
#5899=ADVANCED_FACE('',(#582),#69,.T.);
#5900=ADVANCED_FACE('',(#583,#299),#5361,.T.);
#5901=ADVANCED_FACE('',(#584,#300),#420,.T.);
#5902=ADVANCED_FACE('',(#585),#5362,.T.);
#5903=ADVANCED_FACE('',(#586),#70,.T.);
#5904=ADVANCED_FACE('',(#587,#301),#421,.F.);
#5905=ADVANCED_FACE('',(#588),#5363,.T.);
#5906=ADVANCED_FACE('',(#589),#71,.T.);
#5907=ADVANCED_FACE('',(#590,#302),#422,.F.);
#5908=ADVANCED_FACE('',(#591),#5364,.T.);
#5909=ADVANCED_FACE('',(#592,#303),#423,.F.);
#5910=ADVANCED_FACE('',(#593),#5365,.T.);
#5911=ADVANCED_FACE('',(#594),#72,.T.);
#5912=ADVANCED_FACE('',(#595,#304),#424,.F.);
#5913=ADVANCED_FACE('',(#596),#260,.T.);
#5914=ADVANCED_FACE('',(#597),#5366,.F.);
#5915=ADVANCED_FACE('',(#598),#73,.T.);
#5916=ADVANCED_FACE('',(#599),#5367,.T.);
#5917=ADVANCED_FACE('',(#600),#5368,.T.);
#5918=ADVANCED_FACE('',(#601),#74,.T.);
#5919=ADVANCED_FACE('',(#602),#5369,.T.);
#5920=ADVANCED_FACE('',(#603),#75,.T.);
#5921=ADVANCED_FACE('',(#604,#305),#425,.F.);
#5922=ADVANCED_FACE('',(#605),#5370,.T.);
#5923=ADVANCED_FACE('',(#606),#76,.T.);
#5924=ADVANCED_FACE('',(#607,#306),#426,.F.);
#5925=ADVANCED_FACE('',(#608),#5371,.T.);
#5926=ADVANCED_FACE('',(#609,#307),#427,.F.);
#5927=ADVANCED_FACE('',(#610),#5372,.T.);
#5928=ADVANCED_FACE('',(#611),#77,.T.);
#5929=ADVANCED_FACE('',(#612,#308),#428,.F.);
#5930=ADVANCED_FACE('',(#613),#261,.T.);
#5931=ADVANCED_FACE('',(#614),#5373,.F.);
#5932=ADVANCED_FACE('',(#615,#309),#429,.T.);
#5933=ADVANCED_FACE('',(#616,#310),#5374,.T.);
#5934=ADVANCED_FACE('',(#617,#311),#430,.T.);
#5935=ADVANCED_FACE('',(#618,#312),#431,.F.);
#5936=ADVANCED_FACE('',(#619),#5375,.F.);
#5937=ADVANCED_FACE('',(#620,#313),#432,.F.);
#5938=ADVANCED_FACE('',(#621),#5376,.F.);
#5939=ADVANCED_FACE('',(#622),#5377,.T.);
#5940=ADVANCED_FACE('',(#623),#5378,.T.);
#5941=ADVANCED_FACE('',(#624),#5379,.F.);
#5942=ADVANCED_FACE('',(#625,#314),#433,.T.);
#5943=ADVANCED_FACE('',(#626),#5380,.F.);
#5944=ADVANCED_FACE('',(#627,#315),#434,.T.);
#5945=ADVANCED_FACE('',(#628),#5381,.F.);
#5946=ADVANCED_FACE('',(#629),#262,.T.);
#5947=ADVANCED_FACE('',(#630,#316),#435,.F.);
#5948=ADVANCED_FACE('',(#631),#78,.T.);
#5949=ADVANCED_FACE('',(#632),#5382,.T.);
#5950=ADVANCED_FACE('',(#633,#317),#436,.F.);
#5951=ADVANCED_FACE('',(#634),#5383,.T.);
#5952=ADVANCED_FACE('',(#635,#318),#437,.F.);
#5953=ADVANCED_FACE('',(#636),#79,.T.);
#5954=ADVANCED_FACE('',(#637),#5384,.T.);
#5955=ADVANCED_FACE('',(#638,#319),#438,.F.);
#5956=ADVANCED_FACE('',(#639),#80,.T.);
#5957=ADVANCED_FACE('',(#640),#5385,.T.);
#5958=ADVANCED_FACE('',(#641),#81,.T.);
#5959=ADVANCED_FACE('',(#642,#320),#5386,.T.);
#5960=ADVANCED_FACE('',(#643,#321),#439,.T.);
#5961=ADVANCED_FACE('',(#644),#5387,.T.);
#5962=ADVANCED_FACE('',(#645),#82,.T.);
#5963=ADVANCED_FACE('',(#646,#322),#440,.F.);
#5964=ADVANCED_FACE('',(#647),#5388,.T.);
#5965=ADVANCED_FACE('',(#648),#83,.T.);
#5966=ADVANCED_FACE('',(#649,#323),#441,.F.);
#5967=ADVANCED_FACE('',(#650),#5389,.T.);
#5968=ADVANCED_FACE('',(#651,#324),#442,.F.);
#5969=ADVANCED_FACE('',(#652),#5390,.T.);
#5970=ADVANCED_FACE('',(#653),#84,.T.);
#5971=ADVANCED_FACE('',(#654,#325),#443,.F.);
#5972=ADVANCED_FACE('',(#655),#263,.T.);
#5973=ADVANCED_FACE('',(#656),#5391,.F.);
#5974=ADVANCED_FACE('',(#657),#85,.T.);
#5975=ADVANCED_FACE('',(#658),#5392,.T.);
#5976=ADVANCED_FACE('',(#659),#5393,.T.);
#5977=ADVANCED_FACE('',(#660),#86,.T.);
#5978=ADVANCED_FACE('',(#661),#5394,.T.);
#5979=ADVANCED_FACE('',(#662),#87,.T.);
#5980=ADVANCED_FACE('',(#663,#326),#444,.F.);
#5981=ADVANCED_FACE('',(#664),#5395,.T.);
#5982=ADVANCED_FACE('',(#665),#88,.T.);
#5983=ADVANCED_FACE('',(#666,#327),#445,.F.);
#5984=ADVANCED_FACE('',(#667),#5396,.T.);
#5985=ADVANCED_FACE('',(#668,#328),#446,.F.);
#5986=ADVANCED_FACE('',(#669),#5397,.T.);
#5987=ADVANCED_FACE('',(#670),#89,.T.);
#5988=ADVANCED_FACE('',(#671,#329),#447,.F.);
#5989=ADVANCED_FACE('',(#672),#264,.T.);
#5990=ADVANCED_FACE('',(#673),#5398,.F.);
#5991=ADVANCED_FACE('',(#674,#330),#448,.T.);
#5992=ADVANCED_FACE('',(#675,#331),#5399,.T.);
#5993=ADVANCED_FACE('',(#676,#332),#449,.T.);
#5994=ADVANCED_FACE('',(#677,#333),#450,.F.);
#5995=ADVANCED_FACE('',(#678),#5400,.F.);
#5996=ADVANCED_FACE('',(#679,#334),#451,.F.);
#5997=ADVANCED_FACE('',(#680),#5401,.F.);
#5998=ADVANCED_FACE('',(#681),#5402,.F.);
#5999=ADVANCED_FACE('',(#682,#335),#452,.T.);
#6000=ADVANCED_FACE('',(#683),#5403,.F.);
#6001=ADVANCED_FACE('',(#684,#336),#453,.T.);
#6002=ADVANCED_FACE('',(#685),#5404,.F.);
#6003=ADVANCED_FACE('',(#686),#265,.T.);
#6004=ADVANCED_FACE('',(#687,#337),#454,.F.);
#6005=ADVANCED_FACE('',(#688),#90,.T.);
#6006=ADVANCED_FACE('',(#689),#5405,.T.);
#6007=ADVANCED_FACE('',(#690,#338),#455,.F.);
#6008=ADVANCED_FACE('',(#691),#5406,.T.);
#6009=ADVANCED_FACE('',(#692,#339),#456,.F.);
#6010=ADVANCED_FACE('',(#693),#91,.T.);
#6011=ADVANCED_FACE('',(#694),#5407,.T.);
#6012=ADVANCED_FACE('',(#695,#340),#457,.F.);
#6013=ADVANCED_FACE('',(#696),#92,.T.);
#6014=ADVANCED_FACE('',(#697),#5408,.T.);
#6015=ADVANCED_FACE('',(#698),#93,.T.);
#6016=ADVANCED_FACE('',(#699,#341),#5409,.T.);
#6017=ADVANCED_FACE('',(#700,#342),#458,.T.);
#6018=ADVANCED_FACE('',(#701),#5410,.T.);
#6019=ADVANCED_FACE('',(#702),#94,.T.);
#6020=ADVANCED_FACE('',(#703,#343),#459,.F.);
#6021=ADVANCED_FACE('',(#704),#5411,.T.);
#6022=ADVANCED_FACE('',(#705),#95,.T.);
#6023=ADVANCED_FACE('',(#706,#344),#460,.F.);
#6024=ADVANCED_FACE('',(#707),#5412,.T.);
#6025=ADVANCED_FACE('',(#708,#345),#461,.F.);
#6026=ADVANCED_FACE('',(#709),#5413,.T.);
#6027=ADVANCED_FACE('',(#710),#96,.T.);
#6028=ADVANCED_FACE('',(#711,#346),#462,.F.);
#6029=ADVANCED_FACE('',(#712),#266,.T.);
#6030=ADVANCED_FACE('',(#713),#5414,.F.);
#6031=ADVANCED_FACE('',(#714),#97,.T.);
#6032=ADVANCED_FACE('',(#715),#5415,.T.);
#6033=ADVANCED_FACE('',(#716),#5416,.T.);
#6034=ADVANCED_FACE('',(#717),#98,.T.);
#6035=ADVANCED_FACE('',(#718),#5417,.T.);
#6036=ADVANCED_FACE('',(#719),#99,.T.);
#6037=ADVANCED_FACE('',(#720,#347),#463,.F.);
#6038=ADVANCED_FACE('',(#721),#5418,.T.);
#6039=ADVANCED_FACE('',(#722),#100,.T.);
#6040=ADVANCED_FACE('',(#723,#348),#464,.F.);
#6041=ADVANCED_FACE('',(#724),#5419,.T.);
#6042=ADVANCED_FACE('',(#725,#349),#465,.F.);
#6043=ADVANCED_FACE('',(#726),#5420,.T.);
#6044=ADVANCED_FACE('',(#727),#101,.T.);
#6045=ADVANCED_FACE('',(#728,#350),#466,.F.);
#6046=ADVANCED_FACE('',(#729),#267,.T.);
#6047=ADVANCED_FACE('',(#730),#5421,.F.);
#6048=ADVANCED_FACE('',(#731,#351),#467,.T.);
#6049=ADVANCED_FACE('',(#732,#352),#5422,.T.);
#6050=ADVANCED_FACE('',(#733,#353),#468,.T.);
#6051=ADVANCED_FACE('',(#734,#354),#469,.F.);
#6052=ADVANCED_FACE('',(#735),#5423,.F.);
#6053=ADVANCED_FACE('',(#736,#355),#470,.F.);
#6054=ADVANCED_FACE('',(#737),#5424,.F.);
#6055=ADVANCED_FACE('',(#738),#5425,.F.);
#6056=ADVANCED_FACE('',(#739,#356),#471,.T.);
#6057=ADVANCED_FACE('',(#740),#5426,.F.);
#6058=ADVANCED_FACE('',(#741,#357),#472,.T.);
#6059=ADVANCED_FACE('',(#742),#5427,.F.);
#6060=ADVANCED_FACE('',(#743),#268,.T.);
#6061=ADVANCED_FACE('',(#744,#358),#473,.F.);
#6062=ADVANCED_FACE('',(#745),#102,.T.);
#6063=ADVANCED_FACE('',(#746),#5428,.T.);
#6064=ADVANCED_FACE('',(#747,#359),#474,.F.);
#6065=ADVANCED_FACE('',(#748),#5429,.T.);
#6066=ADVANCED_FACE('',(#749,#360),#475,.F.);
#6067=ADVANCED_FACE('',(#750),#103,.T.);
#6068=ADVANCED_FACE('',(#751),#5430,.T.);
#6069=ADVANCED_FACE('',(#752,#361),#476,.F.);
#6070=ADVANCED_FACE('',(#753),#104,.T.);
#6071=ADVANCED_FACE('',(#754),#5431,.T.);
#6072=ADVANCED_FACE('',(#755),#105,.T.);
#6073=ADVANCED_FACE('',(#756,#362),#5432,.T.);
#6074=ADVANCED_FACE('',(#757,#363),#477,.T.);
#6075=ADVANCED_FACE('',(#758),#5433,.T.);
#6076=ADVANCED_FACE('',(#759),#106,.T.);
#6077=ADVANCED_FACE('',(#760,#364),#478,.F.);
#6078=ADVANCED_FACE('',(#761),#5434,.T.);
#6079=ADVANCED_FACE('',(#762),#107,.T.);
#6080=ADVANCED_FACE('',(#763,#365),#479,.F.);
#6081=ADVANCED_FACE('',(#764),#5435,.T.);
#6082=ADVANCED_FACE('',(#765,#366),#480,.F.);
#6083=ADVANCED_FACE('',(#766),#5436,.T.);
#6084=ADVANCED_FACE('',(#767),#108,.T.);
#6085=ADVANCED_FACE('',(#768,#367),#481,.F.);
#6086=ADVANCED_FACE('',(#769),#269,.T.);
#6087=ADVANCED_FACE('',(#770),#5437,.F.);
#6088=ADVANCED_FACE('',(#771),#109,.T.);
#6089=ADVANCED_FACE('',(#772),#5438,.T.);
#6090=ADVANCED_FACE('',(#773),#5439,.T.);
#6091=ADVANCED_FACE('',(#774),#110,.T.);
#6092=ADVANCED_FACE('',(#775),#5440,.T.);
#6093=ADVANCED_FACE('',(#776),#111,.T.);
#6094=ADVANCED_FACE('',(#777,#368),#482,.F.);
#6095=ADVANCED_FACE('',(#778),#5441,.T.);
#6096=ADVANCED_FACE('',(#779),#112,.T.);
#6097=ADVANCED_FACE('',(#780,#369),#483,.F.);
#6098=ADVANCED_FACE('',(#781),#5442,.T.);
#6099=ADVANCED_FACE('',(#782,#370),#484,.F.);
#6100=ADVANCED_FACE('',(#783),#5443,.T.);
#6101=ADVANCED_FACE('',(#784),#113,.T.);
#6102=ADVANCED_FACE('',(#785,#371),#485,.F.);
#6103=ADVANCED_FACE('',(#786),#270,.T.);
#6104=ADVANCED_FACE('',(#787),#5444,.F.);
#6105=ADVANCED_FACE('',(#788,#372),#486,.T.);
#6106=ADVANCED_FACE('',(#789,#373),#5445,.T.);
#6107=ADVANCED_FACE('',(#790,#374),#487,.T.);
#6108=ADVANCED_FACE('',(#791,#375),#488,.F.);
#6109=ADVANCED_FACE('',(#792),#5446,.F.);
#6110=ADVANCED_FACE('',(#793,#376),#489,.F.);
#6111=ADVANCED_FACE('',(#794),#5447,.F.);
#6112=ADVANCED_FACE('',(#795),#5448,.F.);
#6113=ADVANCED_FACE('',(#796,#377),#490,.T.);
#6114=ADVANCED_FACE('',(#797),#5449,.F.);
#6115=ADVANCED_FACE('',(#798,#378),#491,.T.);
#6116=ADVANCED_FACE('',(#799),#5450,.F.);
#6117=ADVANCED_FACE('',(#800),#271,.T.);
#6118=ADVANCED_FACE('',(#801,#379),#492,.F.);
#6119=ADVANCED_FACE('',(#802),#114,.T.);
#6120=ADVANCED_FACE('',(#803),#5451,.T.);
#6121=ADVANCED_FACE('',(#804,#380),#493,.F.);
#6122=ADVANCED_FACE('',(#805),#115,.T.);
#6123=ADVANCED_FACE('',(#806),#5452,.T.);
#6124=ADVANCED_FACE('',(#807,#381),#494,.F.);
#6125=ADVANCED_FACE('',(#808),#116,.T.);
#6126=ADVANCED_FACE('',(#809),#5453,.T.);
#6127=ADVANCED_FACE('',(#810),#117,.T.);
#6128=ADVANCED_FACE('',(#811),#5454,.T.);
#6129=ADVANCED_FACE('',(#812),#118,.T.);
#6130=ADVANCED_FACE('',(#813,#382),#5455,.T.);
#6131=ADVANCED_FACE('',(#814,#383),#495,.T.);
#6132=ADVANCED_FACE('',(#815),#5456,.T.);
#6133=ADVANCED_FACE('',(#816),#119,.T.);
#6134=ADVANCED_FACE('',(#817),#5457,.T.);
#6135=ADVANCED_FACE('',(#818),#120,.T.);
#6136=ADVANCED_FACE('',(#819,#384),#496,.F.);
#6137=ADVANCED_FACE('',(#820),#5458,.T.);
#6138=ADVANCED_FACE('',(#821),#121,.T.);
#6139=ADVANCED_FACE('',(#822,#385),#497,.F.);
#6140=ADVANCED_FACE('',(#823),#5459,.T.);
#6141=ADVANCED_FACE('',(#824),#122,.T.);
#6142=ADVANCED_FACE('',(#825,#386),#498,.F.);
#6143=ADVANCED_FACE('',(#826),#272,.T.);
#6144=ADVANCED_FACE('',(#827),#5460,.F.);
#6145=ADVANCED_FACE('',(#828),#123,.T.);
#6146=ADVANCED_FACE('',(#829),#5461,.T.);
#6147=ADVANCED_FACE('',(#830),#5462,.T.);
#6148=ADVANCED_FACE('',(#831),#124,.T.);
#6149=ADVANCED_FACE('',(#832),#5463,.T.);
#6150=ADVANCED_FACE('',(#833),#125,.T.);
#6151=ADVANCED_FACE('',(#834),#5464,.T.);
#6152=ADVANCED_FACE('',(#835),#126,.T.);
#6153=ADVANCED_FACE('',(#836,#387),#499,.F.);
#6154=ADVANCED_FACE('',(#837),#5465,.T.);
#6155=ADVANCED_FACE('',(#838),#127,.T.);
#6156=ADVANCED_FACE('',(#839,#388),#500,.F.);
#6157=ADVANCED_FACE('',(#840),#5466,.T.);
#6158=ADVANCED_FACE('',(#841),#128,.T.);
#6159=ADVANCED_FACE('',(#842,#389),#501,.F.);
#6160=ADVANCED_FACE('',(#843),#273,.T.);
#6161=ADVANCED_FACE('',(#844),#5467,.F.);
#6162=ADVANCED_FACE('',(#845,#390),#502,.T.);
#6163=ADVANCED_FACE('',(#846,#391),#5468,.T.);
#6164=ADVANCED_FACE('',(#847,#392),#503,.T.);
#6165=ADVANCED_FACE('',(#848,#393),#504,.F.);
#6166=ADVANCED_FACE('',(#849),#5469,.F.);
#6167=ADVANCED_FACE('',(#850,#394),#505,.F.);
#6168=ADVANCED_FACE('',(#851),#5470,.F.);
#6169=CLOSED_SHELL('',(#5823,#5824,#5825,#5826,#5827,#5828,#5829,#5830,
#5831,#5832,#5833,#5834,#5835,#5836,#5837,#5838,#5839,#5840,#5841,#5842,
#5843,#5844,#5845,#5846,#5847,#5848,#5849,#5850,#5851,#5852,#5853,#5854,
#5855,#5856,#5857,#5858,#5859,#5860,#5861,#5862,#5863,#5864,#5865,#5866,
#5867,#5868,#5869,#5870,#5871,#5872,#5873,#5874,#5875,#5876,#5877,#5878,
#5879,#5880,#5881));
#6170=CLOSED_SHELL('',(#5882,#5883,#5884,#5885,#5886,#5887,#5888,#5889,
#5890,#5891,#5892,#5893,#5894,#5895,#5896,#5897,#5898,#5899,#5900,#5901,
#5902,#5903,#5904,#5905,#5906,#5907,#5908,#5909,#5910,#5911,#5912,#5913,
#5914,#5915,#5916,#5917,#5918,#5919,#5920,#5921,#5922,#5923,#5924,#5925,
#5926,#5927,#5928,#5929,#5930,#5931,#5932,#5933,#5934,#5935,#5936,#5937,
#5938));
#6171=CLOSED_SHELL('',(#5939,#5940,#5941,#5942,#5943,#5944,#5945,#5946,
#5947,#5948,#5949,#5950,#5951,#5952,#5953,#5954,#5955,#5956,#5957,#5958,
#5959,#5960,#5961,#5962,#5963,#5964,#5965,#5966,#5967,#5968,#5969,#5970,
#5971,#5972,#5973,#5974,#5975,#5976,#5977,#5978,#5979,#5980,#5981,#5982,
#5983,#5984,#5985,#5986,#5987,#5988,#5989,#5990,#5991,#5992,#5993,#5994,
#5995,#5996,#5997));
#6172=CLOSED_SHELL('',(#5998,#5999,#6000,#6001,#6002,#6003,#6004,#6005,
#6006,#6007,#6008,#6009,#6010,#6011,#6012,#6013,#6014,#6015,#6016,#6017,
#6018,#6019,#6020,#6021,#6022,#6023,#6024,#6025,#6026,#6027,#6028,#6029,
#6030,#6031,#6032,#6033,#6034,#6035,#6036,#6037,#6038,#6039,#6040,#6041,
#6042,#6043,#6044,#6045,#6046,#6047,#6048,#6049,#6050,#6051,#6052,#6053,
#6054));
#6173=CLOSED_SHELL('',(#6055,#6056,#6057,#6058,#6059,#6060,#6061,#6062,
#6063,#6064,#6065,#6066,#6067,#6068,#6069,#6070,#6071,#6072,#6073,#6074,
#6075,#6076,#6077,#6078,#6079,#6080,#6081,#6082,#6083,#6084,#6085,#6086,
#6087,#6088,#6089,#6090,#6091,#6092,#6093,#6094,#6095,#6096,#6097,#6098,
#6099,#6100,#6101,#6102,#6103,#6104,#6105,#6106,#6107,#6108,#6109,#6110,
#6111));
#6174=CLOSED_SHELL('',(#6112,#6113,#6114,#6115,#6116,#6117,#6118,#6119,
#6120,#6121,#6122,#6123,#6124,#6125,#6126,#6127,#6128,#6129,#6130,#6131,
#6132,#6133,#6134,#6135,#6136,#6137,#6138,#6139,#6140,#6141,#6142,#6143,
#6144,#6145,#6146,#6147,#6148,#6149,#6150,#6151,#6152,#6153,#6154,#6155,
#6156,#6157,#6158,#6159,#6160,#6161,#6162,#6163,#6164,#6165,#6166,#6167,
#6168));
#6175=DERIVED_UNIT_ELEMENT(#6187,1.);
#6176=DERIVED_UNIT_ELEMENT(#12606,-3.);
#6177=DERIVED_UNIT_ELEMENT(#6187,1.);
#6178=DERIVED_UNIT_ELEMENT(#12606,-3.);
#6179=DERIVED_UNIT_ELEMENT(#6187,1.);
#6180=DERIVED_UNIT_ELEMENT(#12606,-3.);
#6181=DERIVED_UNIT_ELEMENT(#6187,1.);
#6182=DERIVED_UNIT_ELEMENT(#12606,-3.);
#6183=DERIVED_UNIT_ELEMENT(#6187,1.);
#6184=DERIVED_UNIT_ELEMENT(#12606,-3.);
#6185=DERIVED_UNIT_ELEMENT(#6187,1.);
#6186=DERIVED_UNIT_ELEMENT(#12606,-3.);
#6187=(
MASS_UNIT()
NAMED_UNIT(*)
SI_UNIT(.KILO.,.GRAM.)
);
#6188=DERIVED_UNIT((#6175,#6176));
#6189=DERIVED_UNIT((#6177,#6178));
#6190=DERIVED_UNIT((#6179,#6180));
#6191=DERIVED_UNIT((#6181,#6182));
#6192=DERIVED_UNIT((#6183,#6184));
#6193=DERIVED_UNIT((#6185,#6186));
#6194=MEASURE_REPRESENTATION_ITEM('density measure',
POSITIVE_RATIO_MEASURE(7850.),#6188);
#6195=MEASURE_REPRESENTATION_ITEM('density measure',
POSITIVE_RATIO_MEASURE(7850.),#6189);
#6196=MEASURE_REPRESENTATION_ITEM('density measure',
POSITIVE_RATIO_MEASURE(7850.),#6190);
#6197=MEASURE_REPRESENTATION_ITEM('density measure',
POSITIVE_RATIO_MEASURE(7850.),#6191);
#6198=MEASURE_REPRESENTATION_ITEM('density measure',
POSITIVE_RATIO_MEASURE(7850.),#6192);
#6199=MEASURE_REPRESENTATION_ITEM('density measure',
POSITIVE_RATIO_MEASURE(7850.),#6193);
#6200=PROPERTY_DEFINITION_REPRESENTATION(#6230,#6212);
#6201=PROPERTY_DEFINITION_REPRESENTATION(#6231,#6213);
#6202=PROPERTY_DEFINITION_REPRESENTATION(#6232,#6214);
#6203=PROPERTY_DEFINITION_REPRESENTATION(#6233,#6215);
#6204=PROPERTY_DEFINITION_REPRESENTATION(#6234,#6216);
#6205=PROPERTY_DEFINITION_REPRESENTATION(#6235,#6217);
#6206=PROPERTY_DEFINITION_REPRESENTATION(#6236,#6218);
#6207=PROPERTY_DEFINITION_REPRESENTATION(#6237,#6219);
#6208=PROPERTY_DEFINITION_REPRESENTATION(#6238,#6220);
#6209=PROPERTY_DEFINITION_REPRESENTATION(#6239,#6221);
#6210=PROPERTY_DEFINITION_REPRESENTATION(#6240,#6222);
#6211=PROPERTY_DEFINITION_REPRESENTATION(#6241,#6223);
#6212=REPRESENTATION('material name',(#6224),#12598);
#6213=REPRESENTATION('density',(#6194),#12598);
#6214=REPRESENTATION('material name',(#6225),#12599);
#6215=REPRESENTATION('density',(#6195),#12599);
#6216=REPRESENTATION('material name',(#6226),#12600);
#6217=REPRESENTATION('density',(#6196),#12600);
#6218=REPRESENTATION('material name',(#6227),#12601);
#6219=REPRESENTATION('density',(#6197),#12601);
#6220=REPRESENTATION('material name',(#6228),#12602);
#6221=REPRESENTATION('density',(#6198),#12602);
#6222=REPRESENTATION('material name',(#6229),#12603);
#6223=REPRESENTATION('density',(#6199),#12603);
#6224=DESCRIPTIVE_REPRESENTATION_ITEM('Steel','Steel');
#6225=DESCRIPTIVE_REPRESENTATION_ITEM('Steel','Steel');
#6226=DESCRIPTIVE_REPRESENTATION_ITEM('Steel','Steel');
#6227=DESCRIPTIVE_REPRESENTATION_ITEM('Steel','Steel');
#6228=DESCRIPTIVE_REPRESENTATION_ITEM('Steel','Steel');
#6229=DESCRIPTIVE_REPRESENTATION_ITEM('Steel','Steel');
#6230=PROPERTY_DEFINITION('material property','material name',#12638);
#6231=PROPERTY_DEFINITION('material property','density of part',#12638);
#6232=PROPERTY_DEFINITION('material property','material name',#12639);
#6233=PROPERTY_DEFINITION('material property','density of part',#12639);
#6234=PROPERTY_DEFINITION('material property','material name',#12640);
#6235=PROPERTY_DEFINITION('material property','density of part',#12640);
#6236=PROPERTY_DEFINITION('material property','material name',#12641);
#6237=PROPERTY_DEFINITION('material property','density of part',#12641);
#6238=PROPERTY_DEFINITION('material property','material name',#12642);
#6239=PROPERTY_DEFINITION('material property','density of part',#12642);
#6240=PROPERTY_DEFINITION('material property','material name',#12643);
#6241=PROPERTY_DEFINITION('material property','density of part',#12643);
#6242=AXIS2_PLACEMENT_3D('',#8994,#7083,#7084);
#6243=AXIS2_PLACEMENT_3D('',#8995,#7085,#7086);
#6244=AXIS2_PLACEMENT_3D('',#8996,#7087,#7088);
#6245=AXIS2_PLACEMENT_3D('',#8999,#7089,#7090);
#6246=AXIS2_PLACEMENT_3D('',#9001,#7091,#7092);
#6247=AXIS2_PLACEMENT_3D('',#9004,#7094,#7095);
#6248=AXIS2_PLACEMENT_3D('',#9006,#7096,#7097);
#6249=AXIS2_PLACEMENT_3D('',#9007,#7098,#7099);
#6250=AXIS2_PLACEMENT_3D('',#9008,#7100,#7101);
#6251=AXIS2_PLACEMENT_3D('',#9010,#7102,#7103);
#6252=AXIS2_PLACEMENT_3D('',#9011,#7104,#7105);
#6253=AXIS2_PLACEMENT_3D('',#9013,#7106,#7107);
#6254=AXIS2_PLACEMENT_3D('',#9017,#7110,#7111);
#6255=AXIS2_PLACEMENT_3D('',#9018,#7112,#7113);
#6256=AXIS2_PLACEMENT_3D('',#9020,#7114,#7115);
#6257=AXIS2_PLACEMENT_3D('',#9021,#7116,#7117);
#6258=AXIS2_PLACEMENT_3D('',#9024,#7118,#7119);
#6259=AXIS2_PLACEMENT_3D('',#9026,#7121,#7122);
#6260=AXIS2_PLACEMENT_3D('',#9027,#7123,#7124);
#6261=AXIS2_PLACEMENT_3D('',#9128,#7125,#7126);
#6262=AXIS2_PLACEMENT_3D('',#9129,#7127,#7128);
#6263=AXIS2_PLACEMENT_3D('',#9130,#7129,#7130);
#6264=AXIS2_PLACEMENT_3D('',#9131,#7131,#7132);
#6265=AXIS2_PLACEMENT_3D('',#9133,#7133,#7134);
#6266=AXIS2_PLACEMENT_3D('',#9134,#7135,#7136);
#6267=AXIS2_PLACEMENT_3D('',#9137,#7137,#7138);
#6268=AXIS2_PLACEMENT_3D('',#9138,#7139,#7140);
#6269=AXIS2_PLACEMENT_3D('',#9140,#7142,#7143);
#6270=AXIS2_PLACEMENT_3D('',#9142,#7144,#7145);
#6271=AXIS2_PLACEMENT_3D('',#9144,#7147,#7148);
#6272=AXIS2_PLACEMENT_3D('',#9146,#7149,#7150);
#6273=AXIS2_PLACEMENT_3D('',#9147,#7151,#7152);
#6274=AXIS2_PLACEMENT_3D('',#9149,#7153,#7154);
#6275=AXIS2_PLACEMENT_3D('',#9151,#7156,#7157);
#6276=AXIS2_PLACEMENT_3D('',#9153,#7158,#7159);
#6277=AXIS2_PLACEMENT_3D('',#9154,#7160,#7161);
#6278=AXIS2_PLACEMENT_3D('',#9157,#7162,#7163);
#6279=AXIS2_PLACEMENT_3D('',#9158,#7164,#7165);
#6280=AXIS2_PLACEMENT_3D('',#9160,#7167,#7168);
#6281=AXIS2_PLACEMENT_3D('',#9162,#7169,#7170);
#6282=AXIS2_PLACEMENT_3D('',#9164,#7172,#7173);
#6283=AXIS2_PLACEMENT_3D('',#9166,#7174,#7175);
#6284=AXIS2_PLACEMENT_3D('',#9167,#7176,#7177);
#6285=AXIS2_PLACEMENT_3D('',#9170,#7178,#7179);
#6286=AXIS2_PLACEMENT_3D('',#9171,#7180,#7181);
#6287=AXIS2_PLACEMENT_3D('',#9173,#7183,#7184);
#6288=AXIS2_PLACEMENT_3D('',#9176,#7185,#7186);
#6289=AXIS2_PLACEMENT_3D('',#9221,#7188,#7189);
#6290=AXIS2_PLACEMENT_3D('',#9249,#7190,#7191);
#6291=AXIS2_PLACEMENT_3D('',#9261,#7192,#7193);
#6292=AXIS2_PLACEMENT_3D('',#9270,#7194,#7195);
#6293=AXIS2_PLACEMENT_3D('',#9283,#7196,#7197);
#6294=AXIS2_PLACEMENT_3D('',#9284,#7198,#7199);
#6295=AXIS2_PLACEMENT_3D('',#9286,#7200,#7201);
#6296=AXIS2_PLACEMENT_3D('',#9338,#7203,#7204);
#6297=AXIS2_PLACEMENT_3D('',#9356,#7205,#7206);
#6298=AXIS2_PLACEMENT_3D('',#9359,#7208,#7209);
#6299=AXIS2_PLACEMENT_3D('',#9360,#7210,#7211);
#6300=AXIS2_PLACEMENT_3D('',#9362,#7212,#7213);
#6301=AXIS2_PLACEMENT_3D('',#9363,#7214,#7215);
#6302=AXIS2_PLACEMENT_3D('',#9366,#7216,#7217);
#6303=AXIS2_PLACEMENT_3D('',#9367,#7218,#7219);
#6304=AXIS2_PLACEMENT_3D('',#9369,#7221,#7222);
#6305=AXIS2_PLACEMENT_3D('',#9372,#7224,#7225);
#6306=AXIS2_PLACEMENT_3D('',#9373,#7226,#7227);
#6307=AXIS2_PLACEMENT_3D('',#9375,#7228,#7229);
#6308=AXIS2_PLACEMENT_3D('',#9376,#7230,#7231);
#6309=AXIS2_PLACEMENT_3D('',#9378,#7232,#7233);
#6310=AXIS2_PLACEMENT_3D('',#9380,#7235,#7236);
#6311=AXIS2_PLACEMENT_3D('',#9382,#7237,#7238);
#6312=AXIS2_PLACEMENT_3D('',#9383,#7239,#7240);
#6313=AXIS2_PLACEMENT_3D('',#9386,#7241,#7242);
#6314=AXIS2_PLACEMENT_3D('',#9387,#7243,#7244);
#6315=AXIS2_PLACEMENT_3D('',#9389,#7246,#7247);
#6316=AXIS2_PLACEMENT_3D('',#9392,#7249,#7250);
#6317=AXIS2_PLACEMENT_3D('',#9393,#7251,#7252);
#6318=AXIS2_PLACEMENT_3D('',#9395,#7253,#7254);
#6319=AXIS2_PLACEMENT_3D('',#9396,#7255,#7256);
#6320=AXIS2_PLACEMENT_3D('',#9399,#7257,#7258);
#6321=AXIS2_PLACEMENT_3D('',#9400,#7259,#7260);
#6322=AXIS2_PLACEMENT_3D('',#9401,#7261,#7262);
#6323=AXIS2_PLACEMENT_3D('',#9402,#7263,#7264);
#6324=AXIS2_PLACEMENT_3D('',#9404,#7266,#7267);
#6325=AXIS2_PLACEMENT_3D('',#9423,#7268,#7269);
#6326=AXIS2_PLACEMENT_3D('',#9424,#7270,#7271);
#6327=AXIS2_PLACEMENT_3D('',#9433,#7272,#7273);
#6328=AXIS2_PLACEMENT_3D('',#9434,#7274,#7275);
#6329=AXIS2_PLACEMENT_3D('',#9435,#7276,#7277);
#6330=AXIS2_PLACEMENT_3D('',#9437,#7278,#7279);
#6331=AXIS2_PLACEMENT_3D('',#9439,#7280,#7281);
#6332=AXIS2_PLACEMENT_3D('',#9440,#7282,#7283);
#6333=AXIS2_PLACEMENT_3D('',#9441,#7284,#7285);
#6334=AXIS2_PLACEMENT_3D('',#9448,#7286,#7287);
#6335=AXIS2_PLACEMENT_3D('',#9457,#7288,#7289);
#6336=AXIS2_PLACEMENT_3D('',#9464,#7290,#7291);
#6337=AXIS2_PLACEMENT_3D('',#9466,#7292,#7293);
#6338=AXIS2_PLACEMENT_3D('',#9497,#7296,#7297);
#6339=AXIS2_PLACEMENT_3D('',#9514,#7298,#7299);
#6340=AXIS2_PLACEMENT_3D('',#9516,#7300,#7301);
#6341=AXIS2_PLACEMENT_3D('',#9517,#7302,#7303);
#6342=AXIS2_PLACEMENT_3D('',#9519,#7304,#7305);
#6343=AXIS2_PLACEMENT_3D('',#9520,#7306,#7307);
#6344=AXIS2_PLACEMENT_3D('',#9522,#7309,#7310);
#6345=AXIS2_PLACEMENT_3D('',#9524,#7311,#7312);
#6346=AXIS2_PLACEMENT_3D('',#9526,#7314,#7315);
#6347=AXIS2_PLACEMENT_3D('',#9529,#7317,#7318);
#6348=AXIS2_PLACEMENT_3D('',#9530,#7319,#7320);
#6349=AXIS2_PLACEMENT_3D('',#9532,#7321,#7322);
#6350=AXIS2_PLACEMENT_3D('',#9533,#7323,#7324);
#6351=AXIS2_PLACEMENT_3D('',#9536,#7325,#7326);
#6352=AXIS2_PLACEMENT_3D('',#9537,#7327,#7328);
#6353=AXIS2_PLACEMENT_3D('',#9539,#7330,#7331);
#6354=AXIS2_PLACEMENT_3D('',#9542,#7333,#7334);
#6355=AXIS2_PLACEMENT_3D('',#9543,#7335,#7336);
#6356=AXIS2_PLACEMENT_3D('',#9545,#7337,#7338);
#6357=AXIS2_PLACEMENT_3D('',#9546,#7339,#7340);
#6358=AXIS2_PLACEMENT_3D('',#9548,#7341,#7342);
#6359=AXIS2_PLACEMENT_3D('',#9550,#7344,#7345);
#6360=AXIS2_PLACEMENT_3D('',#9552,#7346,#7347);
#6361=AXIS2_PLACEMENT_3D('',#9553,#7348,#7349);
#6362=AXIS2_PLACEMENT_3D('',#9556,#7350,#7351);
#6363=AXIS2_PLACEMENT_3D('',#9557,#7352,#7353);
#6364=AXIS2_PLACEMENT_3D('',#9559,#7355,#7356);
#6365=AXIS2_PLACEMENT_3D('',#9562,#7358,#7359);
#6366=AXIS2_PLACEMENT_3D('',#9563,#7360,#7361);
#6367=AXIS2_PLACEMENT_3D('',#9565,#7362,#7363);
#6368=AXIS2_PLACEMENT_3D('',#9566,#7364,#7365);
#6369=AXIS2_PLACEMENT_3D('',#9569,#7366,#7367);
#6370=AXIS2_PLACEMENT_3D('',#9570,#7368,#7369);
#6371=AXIS2_PLACEMENT_3D('',#9571,#7370,#7371);
#6372=AXIS2_PLACEMENT_3D('',#9572,#7372,#7373);
#6373=AXIS2_PLACEMENT_3D('',#9574,#7374,#7375);
#6374=AXIS2_PLACEMENT_3D('',#9576,#7377,#7378);
#6375=AXIS2_PLACEMENT_3D('',#9577,#7379,#7380);
#6376=AXIS2_PLACEMENT_3D('',#9579,#7381,#7382);
#6377=AXIS2_PLACEMENT_3D('',#9583,#7385,#7386);
#6378=AXIS2_PLACEMENT_3D('',#9584,#7387,#7388);
#6379=AXIS2_PLACEMENT_3D('',#9586,#7389,#7390);
#6380=AXIS2_PLACEMENT_3D('',#9587,#7391,#7392);
#6381=AXIS2_PLACEMENT_3D('',#9589,#7393,#7394);
#6382=AXIS2_PLACEMENT_3D('',#9591,#7396,#7397);
#6383=AXIS2_PLACEMENT_3D('',#9592,#7398,#7399);
#6384=AXIS2_PLACEMENT_3D('',#9593,#7400,#7401);
#6385=AXIS2_PLACEMENT_3D('',#9596,#7402,#7403);
#6386=AXIS2_PLACEMENT_3D('',#9598,#7404,#7405);
#6387=AXIS2_PLACEMENT_3D('',#9601,#7407,#7408);
#6388=AXIS2_PLACEMENT_3D('',#9603,#7409,#7410);
#6389=AXIS2_PLACEMENT_3D('',#9604,#7411,#7412);
#6390=AXIS2_PLACEMENT_3D('',#9605,#7413,#7414);
#6391=AXIS2_PLACEMENT_3D('',#9607,#7415,#7416);
#6392=AXIS2_PLACEMENT_3D('',#9608,#7417,#7418);
#6393=AXIS2_PLACEMENT_3D('',#9610,#7419,#7420);
#6394=AXIS2_PLACEMENT_3D('',#9614,#7423,#7424);
#6395=AXIS2_PLACEMENT_3D('',#9615,#7425,#7426);
#6396=AXIS2_PLACEMENT_3D('',#9617,#7427,#7428);
#6397=AXIS2_PLACEMENT_3D('',#9618,#7429,#7430);
#6398=AXIS2_PLACEMENT_3D('',#9621,#7431,#7432);
#6399=AXIS2_PLACEMENT_3D('',#9623,#7434,#7435);
#6400=AXIS2_PLACEMENT_3D('',#9624,#7436,#7437);
#6401=AXIS2_PLACEMENT_3D('',#9725,#7438,#7439);
#6402=AXIS2_PLACEMENT_3D('',#9726,#7440,#7441);
#6403=AXIS2_PLACEMENT_3D('',#9727,#7442,#7443);
#6404=AXIS2_PLACEMENT_3D('',#9728,#7444,#7445);
#6405=AXIS2_PLACEMENT_3D('',#9730,#7446,#7447);
#6406=AXIS2_PLACEMENT_3D('',#9731,#7448,#7449);
#6407=AXIS2_PLACEMENT_3D('',#9734,#7450,#7451);
#6408=AXIS2_PLACEMENT_3D('',#9735,#7452,#7453);
#6409=AXIS2_PLACEMENT_3D('',#9737,#7455,#7456);
#6410=AXIS2_PLACEMENT_3D('',#9739,#7457,#7458);
#6411=AXIS2_PLACEMENT_3D('',#9741,#7460,#7461);
#6412=AXIS2_PLACEMENT_3D('',#9743,#7462,#7463);
#6413=AXIS2_PLACEMENT_3D('',#9744,#7464,#7465);
#6414=AXIS2_PLACEMENT_3D('',#9746,#7466,#7467);
#6415=AXIS2_PLACEMENT_3D('',#9748,#7469,#7470);
#6416=AXIS2_PLACEMENT_3D('',#9750,#7471,#7472);
#6417=AXIS2_PLACEMENT_3D('',#9751,#7473,#7474);
#6418=AXIS2_PLACEMENT_3D('',#9754,#7475,#7476);
#6419=AXIS2_PLACEMENT_3D('',#9755,#7477,#7478);
#6420=AXIS2_PLACEMENT_3D('',#9757,#7480,#7481);
#6421=AXIS2_PLACEMENT_3D('',#9759,#7482,#7483);
#6422=AXIS2_PLACEMENT_3D('',#9761,#7485,#7486);
#6423=AXIS2_PLACEMENT_3D('',#9763,#7487,#7488);
#6424=AXIS2_PLACEMENT_3D('',#9764,#7489,#7490);
#6425=AXIS2_PLACEMENT_3D('',#9767,#7491,#7492);
#6426=AXIS2_PLACEMENT_3D('',#9768,#7493,#7494);
#6427=AXIS2_PLACEMENT_3D('',#9770,#7496,#7497);
#6428=AXIS2_PLACEMENT_3D('',#9773,#7498,#7499);
#6429=AXIS2_PLACEMENT_3D('',#9814,#7501,#7502);
#6430=AXIS2_PLACEMENT_3D('',#9826,#7504,#7505);
#6431=AXIS2_PLACEMENT_3D('',#9835,#7506,#7507);
#6432=AXIS2_PLACEMENT_3D('',#9837,#7508,#7509);
#6433=AXIS2_PLACEMENT_3D('',#9841,#7512,#7513);
#6434=AXIS2_PLACEMENT_3D('',#9888,#7514,#7515);
#6435=AXIS2_PLACEMENT_3D('',#9890,#7516,#7517);
#6436=AXIS2_PLACEMENT_3D('',#9891,#7518,#7519);
#6437=AXIS2_PLACEMENT_3D('',#9893,#7520,#7521);
#6438=AXIS2_PLACEMENT_3D('',#9896,#7523,#7524);
#6439=AXIS2_PLACEMENT_3D('',#9925,#7525,#7526);
#6440=AXIS2_PLACEMENT_3D('',#9926,#7527,#7528);
#6441=AXIS2_PLACEMENT_3D('',#9929,#7530,#7531);
#6442=AXIS2_PLACEMENT_3D('',#9930,#7532,#7533);
#6443=AXIS2_PLACEMENT_3D('',#9932,#7534,#7535);
#6444=AXIS2_PLACEMENT_3D('',#9933,#7536,#7537);
#6445=AXIS2_PLACEMENT_3D('',#9936,#7538,#7539);
#6446=AXIS2_PLACEMENT_3D('',#9937,#7540,#7541);
#6447=AXIS2_PLACEMENT_3D('',#9939,#7543,#7544);
#6448=AXIS2_PLACEMENT_3D('',#9942,#7546,#7547);
#6449=AXIS2_PLACEMENT_3D('',#9943,#7548,#7549);
#6450=AXIS2_PLACEMENT_3D('',#9945,#7550,#7551);
#6451=AXIS2_PLACEMENT_3D('',#9946,#7552,#7553);
#6452=AXIS2_PLACEMENT_3D('',#9948,#7554,#7555);
#6453=AXIS2_PLACEMENT_3D('',#9950,#7557,#7558);
#6454=AXIS2_PLACEMENT_3D('',#9952,#7559,#7560);
#6455=AXIS2_PLACEMENT_3D('',#9953,#7561,#7562);
#6456=AXIS2_PLACEMENT_3D('',#9956,#7563,#7564);
#6457=AXIS2_PLACEMENT_3D('',#9957,#7565,#7566);
#6458=AXIS2_PLACEMENT_3D('',#9959,#7568,#7569);
#6459=AXIS2_PLACEMENT_3D('',#9962,#7571,#7572);
#6460=AXIS2_PLACEMENT_3D('',#9963,#7573,#7574);
#6461=AXIS2_PLACEMENT_3D('',#9965,#7575,#7576);
#6462=AXIS2_PLACEMENT_3D('',#9966,#7577,#7578);
#6463=AXIS2_PLACEMENT_3D('',#9969,#7579,#7580);
#6464=AXIS2_PLACEMENT_3D('',#9970,#7581,#7582);
#6465=AXIS2_PLACEMENT_3D('',#9971,#7583,#7584);
#6466=AXIS2_PLACEMENT_3D('',#9972,#7585,#7586);
#6467=AXIS2_PLACEMENT_3D('',#9974,#7588,#7589);
#6468=AXIS2_PLACEMENT_3D('',#9986,#7591,#7592);
#6469=AXIS2_PLACEMENT_3D('',#9995,#7593,#7594);
#6470=AXIS2_PLACEMENT_3D('',#9999,#7596,#7597);
#6471=AXIS2_PLACEMENT_3D('',#10001,#7598,#7599);
#6472=AXIS2_PLACEMENT_3D('',#10003,#7600,#7601);
#6473=AXIS2_PLACEMENT_3D('',#10004,#7602,#7603);
#6474=AXIS2_PLACEMENT_3D('',#10005,#7604,#7605);
#6475=AXIS2_PLACEMENT_3D('',#10007,#7606,#7607);
#6476=AXIS2_PLACEMENT_3D('',#10010,#7610,#7611);
#6477=AXIS2_PLACEMENT_3D('',#10013,#7612,#7613);
#6478=AXIS2_PLACEMENT_3D('',#10032,#7615,#7616);
#6479=AXIS2_PLACEMENT_3D('',#10034,#7617,#7618);
#6480=AXIS2_PLACEMENT_3D('',#10075,#7620,#7621);
#6481=AXIS2_PLACEMENT_3D('',#10078,#7623,#7624);
#6482=AXIS2_PLACEMENT_3D('',#10079,#7625,#7626);
#6483=AXIS2_PLACEMENT_3D('',#10081,#7627,#7628);
#6484=AXIS2_PLACEMENT_3D('',#10082,#7629,#7630);
#6485=AXIS2_PLACEMENT_3D('',#10085,#7631,#7632);
#6486=AXIS2_PLACEMENT_3D('',#10086,#7633,#7634);
#6487=AXIS2_PLACEMENT_3D('',#10088,#7636,#7637);
#6488=AXIS2_PLACEMENT_3D('',#10091,#7639,#7640);
#6489=AXIS2_PLACEMENT_3D('',#10092,#7641,#7642);
#6490=AXIS2_PLACEMENT_3D('',#10094,#7643,#7644);
#6491=AXIS2_PLACEMENT_3D('',#10095,#7645,#7646);
#6492=AXIS2_PLACEMENT_3D('',#10097,#7647,#7648);
#6493=AXIS2_PLACEMENT_3D('',#10099,#7650,#7651);
#6494=AXIS2_PLACEMENT_3D('',#10101,#7652,#7653);
#6495=AXIS2_PLACEMENT_3D('',#10102,#7654,#7655);
#6496=AXIS2_PLACEMENT_3D('',#10105,#7656,#7657);
#6497=AXIS2_PLACEMENT_3D('',#10106,#7658,#7659);
#6498=AXIS2_PLACEMENT_3D('',#10108,#7661,#7662);
#6499=AXIS2_PLACEMENT_3D('',#10111,#7664,#7665);
#6500=AXIS2_PLACEMENT_3D('',#10112,#7666,#7667);
#6501=AXIS2_PLACEMENT_3D('',#10114,#7668,#7669);
#6502=AXIS2_PLACEMENT_3D('',#10115,#7670,#7671);
#6503=AXIS2_PLACEMENT_3D('',#10118,#7672,#7673);
#6504=AXIS2_PLACEMENT_3D('',#10119,#7674,#7675);
#6505=AXIS2_PLACEMENT_3D('',#10120,#7676,#7677);
#6506=AXIS2_PLACEMENT_3D('',#10121,#7678,#7679);
#6507=AXIS2_PLACEMENT_3D('',#10123,#7680,#7681);
#6508=AXIS2_PLACEMENT_3D('',#10125,#7683,#7684);
#6509=AXIS2_PLACEMENT_3D('',#10126,#7685,#7686);
#6510=AXIS2_PLACEMENT_3D('',#10128,#7687,#7688);
#6511=AXIS2_PLACEMENT_3D('',#10132,#7691,#7692);
#6512=AXIS2_PLACEMENT_3D('',#10133,#7693,#7694);
#6513=AXIS2_PLACEMENT_3D('',#10135,#7695,#7696);
#6514=AXIS2_PLACEMENT_3D('',#10136,#7697,#7698);
#6515=AXIS2_PLACEMENT_3D('',#10138,#7699,#7700);
#6516=AXIS2_PLACEMENT_3D('',#10139,#7701,#7702);
#6517=AXIS2_PLACEMENT_3D('',#10141,#7704,#7705);
#6518=AXIS2_PLACEMENT_3D('',#10143,#7706,#7707);
#6519=AXIS2_PLACEMENT_3D('',#10144,#7708,#7709);
#6520=AXIS2_PLACEMENT_3D('',#10146,#7711,#7712);
#6521=AXIS2_PLACEMENT_3D('',#10147,#7713,#7714);
#6522=AXIS2_PLACEMENT_3D('',#10152,#7716,#7717);
#6523=AXIS2_PLACEMENT_3D('',#10153,#7718,#7719);
#6524=AXIS2_PLACEMENT_3D('',#10154,#7720,#7721);
#6525=AXIS2_PLACEMENT_3D('',#10159,#7723,#7724);
#6526=AXIS2_PLACEMENT_3D('',#10161,#7725,#7726);
#6527=AXIS2_PLACEMENT_3D('',#10162,#7727,#7728);
#6528=AXIS2_PLACEMENT_3D('',#10163,#7729,#7730);
#6529=AXIS2_PLACEMENT_3D('',#10165,#7731,#7732);
#6530=AXIS2_PLACEMENT_3D('',#10166,#7733,#7734);
#6531=AXIS2_PLACEMENT_3D('',#10167,#7735,#7736);
#6532=AXIS2_PLACEMENT_3D('',#10170,#7737,#7738);
#6533=AXIS2_PLACEMENT_3D('',#10172,#7739,#7740);
#6534=AXIS2_PLACEMENT_3D('',#10175,#7742,#7743);
#6535=AXIS2_PLACEMENT_3D('',#10177,#7744,#7745);
#6536=AXIS2_PLACEMENT_3D('',#10178,#7746,#7747);
#6537=AXIS2_PLACEMENT_3D('',#10179,#7748,#7749);
#6538=AXIS2_PLACEMENT_3D('',#10181,#7750,#7751);
#6539=AXIS2_PLACEMENT_3D('',#10182,#7752,#7753);
#6540=AXIS2_PLACEMENT_3D('',#10184,#7754,#7755);
#6541=AXIS2_PLACEMENT_3D('',#10188,#7758,#7759);
#6542=AXIS2_PLACEMENT_3D('',#10189,#7760,#7761);
#6543=AXIS2_PLACEMENT_3D('',#10191,#7762,#7763);
#6544=AXIS2_PLACEMENT_3D('',#10192,#7764,#7765);
#6545=AXIS2_PLACEMENT_3D('',#10195,#7766,#7767);
#6546=AXIS2_PLACEMENT_3D('',#10197,#7769,#7770);
#6547=AXIS2_PLACEMENT_3D('',#10198,#7771,#7772);
#6548=AXIS2_PLACEMENT_3D('',#10323,#7773,#7774);
#6549=AXIS2_PLACEMENT_3D('',#10324,#7775,#7776);
#6550=AXIS2_PLACEMENT_3D('',#10325,#7777,#7778);
#6551=AXIS2_PLACEMENT_3D('',#10326,#7779,#7780);
#6552=AXIS2_PLACEMENT_3D('',#10328,#7781,#7782);
#6553=AXIS2_PLACEMENT_3D('',#10329,#7783,#7784);
#6554=AXIS2_PLACEMENT_3D('',#10332,#7785,#7786);
#6555=AXIS2_PLACEMENT_3D('',#10333,#7787,#7788);
#6556=AXIS2_PLACEMENT_3D('',#10335,#7790,#7791);
#6557=AXIS2_PLACEMENT_3D('',#10337,#7792,#7793);
#6558=AXIS2_PLACEMENT_3D('',#10339,#7795,#7796);
#6559=AXIS2_PLACEMENT_3D('',#10341,#7797,#7798);
#6560=AXIS2_PLACEMENT_3D('',#10342,#7799,#7800);
#6561=AXIS2_PLACEMENT_3D('',#10344,#7801,#7802);
#6562=AXIS2_PLACEMENT_3D('',#10346,#7804,#7805);
#6563=AXIS2_PLACEMENT_3D('',#10348,#7806,#7807);
#6564=AXIS2_PLACEMENT_3D('',#10349,#7808,#7809);
#6565=AXIS2_PLACEMENT_3D('',#10352,#7810,#7811);
#6566=AXIS2_PLACEMENT_3D('',#10353,#7812,#7813);
#6567=AXIS2_PLACEMENT_3D('',#10355,#7815,#7816);
#6568=AXIS2_PLACEMENT_3D('',#10357,#7817,#7818);
#6569=AXIS2_PLACEMENT_3D('',#10359,#7820,#7821);
#6570=AXIS2_PLACEMENT_3D('',#10361,#7822,#7823);
#6571=AXIS2_PLACEMENT_3D('',#10362,#7824,#7825);
#6572=AXIS2_PLACEMENT_3D('',#10365,#7826,#7827);
#6573=AXIS2_PLACEMENT_3D('',#10366,#7828,#7829);
#6574=AXIS2_PLACEMENT_3D('',#10368,#7831,#7832);
#6575=AXIS2_PLACEMENT_3D('',#10371,#7833,#7834);
#6576=AXIS2_PLACEMENT_3D('',#10416,#7836,#7837);
#6577=AXIS2_PLACEMENT_3D('',#10431,#7839,#7840);
#6578=AXIS2_PLACEMENT_3D('',#10433,#7841,#7842);
#6579=AXIS2_PLACEMENT_3D('',#10437,#7845,#7846);
#6580=AXIS2_PLACEMENT_3D('',#10484,#7847,#7848);
#6581=AXIS2_PLACEMENT_3D('',#10486,#7849,#7850);
#6582=AXIS2_PLACEMENT_3D('',#10487,#7851,#7852);
#6583=AXIS2_PLACEMENT_3D('',#10489,#7853,#7854);
#6584=AXIS2_PLACEMENT_3D('',#10492,#7856,#7857);
#6585=AXIS2_PLACEMENT_3D('',#10525,#7858,#7859);
#6586=AXIS2_PLACEMENT_3D('',#10526,#7860,#7861);
#6587=AXIS2_PLACEMENT_3D('',#10529,#7863,#7864);
#6588=AXIS2_PLACEMENT_3D('',#10530,#7865,#7866);
#6589=AXIS2_PLACEMENT_3D('',#10532,#7867,#7868);
#6590=AXIS2_PLACEMENT_3D('',#10533,#7869,#7870);
#6591=AXIS2_PLACEMENT_3D('',#10536,#7871,#7872);
#6592=AXIS2_PLACEMENT_3D('',#10537,#7873,#7874);
#6593=AXIS2_PLACEMENT_3D('',#10539,#7876,#7877);
#6594=AXIS2_PLACEMENT_3D('',#10542,#7879,#7880);
#6595=AXIS2_PLACEMENT_3D('',#10543,#7881,#7882);
#6596=AXIS2_PLACEMENT_3D('',#10545,#7883,#7884);
#6597=AXIS2_PLACEMENT_3D('',#10546,#7885,#7886);
#6598=AXIS2_PLACEMENT_3D('',#10548,#7887,#7888);
#6599=AXIS2_PLACEMENT_3D('',#10550,#7890,#7891);
#6600=AXIS2_PLACEMENT_3D('',#10552,#7892,#7893);
#6601=AXIS2_PLACEMENT_3D('',#10553,#7894,#7895);
#6602=AXIS2_PLACEMENT_3D('',#10556,#7896,#7897);
#6603=AXIS2_PLACEMENT_3D('',#10557,#7898,#7899);
#6604=AXIS2_PLACEMENT_3D('',#10559,#7901,#7902);
#6605=AXIS2_PLACEMENT_3D('',#10562,#7904,#7905);
#6606=AXIS2_PLACEMENT_3D('',#10563,#7906,#7907);
#6607=AXIS2_PLACEMENT_3D('',#10565,#7908,#7909);
#6608=AXIS2_PLACEMENT_3D('',#10566,#7910,#7911);
#6609=AXIS2_PLACEMENT_3D('',#10569,#7912,#7913);
#6610=AXIS2_PLACEMENT_3D('',#10570,#7914,#7915);
#6611=AXIS2_PLACEMENT_3D('',#10571,#7916,#7917);
#6612=AXIS2_PLACEMENT_3D('',#10572,#7918,#7919);
#6613=AXIS2_PLACEMENT_3D('',#10574,#7921,#7922);
#6614=AXIS2_PLACEMENT_3D('',#10586,#7924,#7925);
#6615=AXIS2_PLACEMENT_3D('',#10595,#7926,#7927);
#6616=AXIS2_PLACEMENT_3D('',#10597,#7929,#7930);
#6617=AXIS2_PLACEMENT_3D('',#10598,#7931,#7932);
#6618=AXIS2_PLACEMENT_3D('',#10599,#7933,#7934);
#6619=AXIS2_PLACEMENT_3D('',#10600,#7935,#7936);
#6620=AXIS2_PLACEMENT_3D('',#10603,#7937,#7938);
#6621=AXIS2_PLACEMENT_3D('',#10618,#7940,#7941);
#6622=AXIS2_PLACEMENT_3D('',#10620,#7942,#7943);
#6623=AXIS2_PLACEMENT_3D('',#10665,#7945,#7946);
#6624=AXIS2_PLACEMENT_3D('',#10668,#7948,#7949);
#6625=AXIS2_PLACEMENT_3D('',#10669,#7950,#7951);
#6626=AXIS2_PLACEMENT_3D('',#10671,#7952,#7953);
#6627=AXIS2_PLACEMENT_3D('',#10672,#7954,#7955);
#6628=AXIS2_PLACEMENT_3D('',#10675,#7956,#7957);
#6629=AXIS2_PLACEMENT_3D('',#10676,#7958,#7959);
#6630=AXIS2_PLACEMENT_3D('',#10678,#7961,#7962);
#6631=AXIS2_PLACEMENT_3D('',#10681,#7964,#7965);
#6632=AXIS2_PLACEMENT_3D('',#10682,#7966,#7967);
#6633=AXIS2_PLACEMENT_3D('',#10684,#7968,#7969);
#6634=AXIS2_PLACEMENT_3D('',#10685,#7970,#7971);
#6635=AXIS2_PLACEMENT_3D('',#10687,#7972,#7973);
#6636=AXIS2_PLACEMENT_3D('',#10689,#7975,#7976);
#6637=AXIS2_PLACEMENT_3D('',#10691,#7977,#7978);
#6638=AXIS2_PLACEMENT_3D('',#10692,#7979,#7980);
#6639=AXIS2_PLACEMENT_3D('',#10695,#7981,#7982);
#6640=AXIS2_PLACEMENT_3D('',#10696,#7983,#7984);
#6641=AXIS2_PLACEMENT_3D('',#10698,#7986,#7987);
#6642=AXIS2_PLACEMENT_3D('',#10701,#7989,#7990);
#6643=AXIS2_PLACEMENT_3D('',#10702,#7991,#7992);
#6644=AXIS2_PLACEMENT_3D('',#10704,#7993,#7994);
#6645=AXIS2_PLACEMENT_3D('',#10705,#7995,#7996);
#6646=AXIS2_PLACEMENT_3D('',#10708,#7997,#7998);
#6647=AXIS2_PLACEMENT_3D('',#10709,#7999,#8000);
#6648=AXIS2_PLACEMENT_3D('',#10710,#8001,#8002);
#6649=AXIS2_PLACEMENT_3D('',#10711,#8003,#8004);
#6650=AXIS2_PLACEMENT_3D('',#10713,#8005,#8006);
#6651=AXIS2_PLACEMENT_3D('',#10715,#8008,#8009);
#6652=AXIS2_PLACEMENT_3D('',#10716,#8010,#8011);
#6653=AXIS2_PLACEMENT_3D('',#10718,#8012,#8013);
#6654=AXIS2_PLACEMENT_3D('',#10722,#8016,#8017);
#6655=AXIS2_PLACEMENT_3D('',#10723,#8018,#8019);
#6656=AXIS2_PLACEMENT_3D('',#10725,#8020,#8021);
#6657=AXIS2_PLACEMENT_3D('',#10726,#8022,#8023);
#6658=AXIS2_PLACEMENT_3D('',#10728,#8024,#8025);
#6659=AXIS2_PLACEMENT_3D('',#10729,#8026,#8027);
#6660=AXIS2_PLACEMENT_3D('',#10731,#8029,#8030);
#6661=AXIS2_PLACEMENT_3D('',#10733,#8031,#8032);
#6662=AXIS2_PLACEMENT_3D('',#10734,#8033,#8034);
#6663=AXIS2_PLACEMENT_3D('',#10736,#8036,#8037);
#6664=AXIS2_PLACEMENT_3D('',#10737,#8038,#8039);
#6665=AXIS2_PLACEMENT_3D('',#10740,#8040,#8041);
#6666=AXIS2_PLACEMENT_3D('',#10742,#8042,#8043);
#6667=AXIS2_PLACEMENT_3D('',#10745,#8045,#8046);
#6668=AXIS2_PLACEMENT_3D('',#10747,#8047,#8048);
#6669=AXIS2_PLACEMENT_3D('',#10748,#8049,#8050);
#6670=AXIS2_PLACEMENT_3D('',#10749,#8051,#8052);
#6671=AXIS2_PLACEMENT_3D('',#10751,#8053,#8054);
#6672=AXIS2_PLACEMENT_3D('',#10752,#8055,#8056);
#6673=AXIS2_PLACEMENT_3D('',#10754,#8057,#8058);
#6674=AXIS2_PLACEMENT_3D('',#10758,#8061,#8062);
#6675=AXIS2_PLACEMENT_3D('',#10759,#8063,#8064);
#6676=AXIS2_PLACEMENT_3D('',#10761,#8065,#8066);
#6677=AXIS2_PLACEMENT_3D('',#10762,#8067,#8068);
#6678=AXIS2_PLACEMENT_3D('',#10765,#8069,#8070);
#6679=AXIS2_PLACEMENT_3D('',#10767,#8072,#8073);
#6680=AXIS2_PLACEMENT_3D('',#10768,#8074,#8075);
#6681=AXIS2_PLACEMENT_3D('',#10893,#8076,#8077);
#6682=AXIS2_PLACEMENT_3D('',#10894,#8078,#8079);
#6683=AXIS2_PLACEMENT_3D('',#10895,#8080,#8081);
#6684=AXIS2_PLACEMENT_3D('',#10896,#8082,#8083);
#6685=AXIS2_PLACEMENT_3D('',#10898,#8084,#8085);
#6686=AXIS2_PLACEMENT_3D('',#10899,#8086,#8087);
#6687=AXIS2_PLACEMENT_3D('',#10902,#8088,#8089);
#6688=AXIS2_PLACEMENT_3D('',#10903,#8090,#8091);
#6689=AXIS2_PLACEMENT_3D('',#10905,#8093,#8094);
#6690=AXIS2_PLACEMENT_3D('',#10907,#8095,#8096);
#6691=AXIS2_PLACEMENT_3D('',#10909,#8098,#8099);
#6692=AXIS2_PLACEMENT_3D('',#10911,#8100,#8101);
#6693=AXIS2_PLACEMENT_3D('',#10912,#8102,#8103);
#6694=AXIS2_PLACEMENT_3D('',#10914,#8104,#8105);
#6695=AXIS2_PLACEMENT_3D('',#10916,#8107,#8108);
#6696=AXIS2_PLACEMENT_3D('',#10918,#8109,#8110);
#6697=AXIS2_PLACEMENT_3D('',#10919,#8111,#8112);
#6698=AXIS2_PLACEMENT_3D('',#10922,#8113,#8114);
#6699=AXIS2_PLACEMENT_3D('',#10923,#8115,#8116);
#6700=AXIS2_PLACEMENT_3D('',#10925,#8118,#8119);
#6701=AXIS2_PLACEMENT_3D('',#10927,#8120,#8121);
#6702=AXIS2_PLACEMENT_3D('',#10929,#8123,#8124);
#6703=AXIS2_PLACEMENT_3D('',#10931,#8125,#8126);
#6704=AXIS2_PLACEMENT_3D('',#10932,#8127,#8128);
#6705=AXIS2_PLACEMENT_3D('',#10935,#8129,#8130);
#6706=AXIS2_PLACEMENT_3D('',#10936,#8131,#8132);
#6707=AXIS2_PLACEMENT_3D('',#10938,#8134,#8135);
#6708=AXIS2_PLACEMENT_3D('',#10941,#8136,#8137);
#6709=AXIS2_PLACEMENT_3D('',#10998,#8139,#8140);
#6710=AXIS2_PLACEMENT_3D('',#11016,#8142,#8143);
#6711=AXIS2_PLACEMENT_3D('',#11029,#8144,#8145);
#6712=AXIS2_PLACEMENT_3D('',#11031,#8146,#8147);
#6713=AXIS2_PLACEMENT_3D('',#11035,#8150,#8151);
#6714=AXIS2_PLACEMENT_3D('',#11082,#8152,#8153);
#6715=AXIS2_PLACEMENT_3D('',#11084,#8154,#8155);
#6716=AXIS2_PLACEMENT_3D('',#11085,#8156,#8157);
#6717=AXIS2_PLACEMENT_3D('',#11087,#8158,#8159);
#6718=AXIS2_PLACEMENT_3D('',#11090,#8161,#8162);
#6719=AXIS2_PLACEMENT_3D('',#11131,#8163,#8164);
#6720=AXIS2_PLACEMENT_3D('',#11132,#8165,#8166);
#6721=AXIS2_PLACEMENT_3D('',#11135,#8168,#8169);
#6722=AXIS2_PLACEMENT_3D('',#11136,#8170,#8171);
#6723=AXIS2_PLACEMENT_3D('',#11138,#8172,#8173);
#6724=AXIS2_PLACEMENT_3D('',#11139,#8174,#8175);
#6725=AXIS2_PLACEMENT_3D('',#11142,#8176,#8177);
#6726=AXIS2_PLACEMENT_3D('',#11143,#8178,#8179);
#6727=AXIS2_PLACEMENT_3D('',#11145,#8181,#8182);
#6728=AXIS2_PLACEMENT_3D('',#11148,#8184,#8185);
#6729=AXIS2_PLACEMENT_3D('',#11149,#8186,#8187);
#6730=AXIS2_PLACEMENT_3D('',#11151,#8188,#8189);
#6731=AXIS2_PLACEMENT_3D('',#11152,#8190,#8191);
#6732=AXIS2_PLACEMENT_3D('',#11154,#8192,#8193);
#6733=AXIS2_PLACEMENT_3D('',#11156,#8195,#8196);
#6734=AXIS2_PLACEMENT_3D('',#11158,#8197,#8198);
#6735=AXIS2_PLACEMENT_3D('',#11159,#8199,#8200);
#6736=AXIS2_PLACEMENT_3D('',#11162,#8201,#8202);
#6737=AXIS2_PLACEMENT_3D('',#11163,#8203,#8204);
#6738=AXIS2_PLACEMENT_3D('',#11165,#8206,#8207);
#6739=AXIS2_PLACEMENT_3D('',#11168,#8209,#8210);
#6740=AXIS2_PLACEMENT_3D('',#11169,#8211,#8212);
#6741=AXIS2_PLACEMENT_3D('',#11171,#8213,#8214);
#6742=AXIS2_PLACEMENT_3D('',#11172,#8215,#8216);
#6743=AXIS2_PLACEMENT_3D('',#11175,#8217,#8218);
#6744=AXIS2_PLACEMENT_3D('',#11176,#8219,#8220);
#6745=AXIS2_PLACEMENT_3D('',#11177,#8221,#8222);
#6746=AXIS2_PLACEMENT_3D('',#11178,#8223,#8224);
#6747=AXIS2_PLACEMENT_3D('',#11180,#8226,#8227);
#6748=AXIS2_PLACEMENT_3D('',#11192,#8229,#8230);
#6749=AXIS2_PLACEMENT_3D('',#11201,#8231,#8232);
#6750=AXIS2_PLACEMENT_3D('',#11212,#8234,#8235);
#6751=AXIS2_PLACEMENT_3D('',#11213,#8236,#8237);
#6752=AXIS2_PLACEMENT_3D('',#11215,#8238,#8239);
#6753=AXIS2_PLACEMENT_3D('',#11217,#8240,#8241);
#6754=AXIS2_PLACEMENT_3D('',#11224,#8242,#8243);
#6755=AXIS2_PLACEMENT_3D('',#11225,#8244,#8245);
#6756=AXIS2_PLACEMENT_3D('',#11226,#8246,#8247);
#6757=AXIS2_PLACEMENT_3D('',#11229,#8248,#8249);
#6758=AXIS2_PLACEMENT_3D('',#11244,#8251,#8252);
#6759=AXIS2_PLACEMENT_3D('',#11246,#8253,#8254);
#6760=AXIS2_PLACEMENT_3D('',#11303,#8256,#8257);
#6761=AXIS2_PLACEMENT_3D('',#11306,#8259,#8260);
#6762=AXIS2_PLACEMENT_3D('',#11307,#8261,#8262);
#6763=AXIS2_PLACEMENT_3D('',#11309,#8263,#8264);
#6764=AXIS2_PLACEMENT_3D('',#11310,#8265,#8266);
#6765=AXIS2_PLACEMENT_3D('',#11313,#8267,#8268);
#6766=AXIS2_PLACEMENT_3D('',#11314,#8269,#8270);
#6767=AXIS2_PLACEMENT_3D('',#11316,#8272,#8273);
#6768=AXIS2_PLACEMENT_3D('',#11319,#8275,#8276);
#6769=AXIS2_PLACEMENT_3D('',#11320,#8277,#8278);
#6770=AXIS2_PLACEMENT_3D('',#11322,#8279,#8280);
#6771=AXIS2_PLACEMENT_3D('',#11323,#8281,#8282);
#6772=AXIS2_PLACEMENT_3D('',#11325,#8283,#8284);
#6773=AXIS2_PLACEMENT_3D('',#11327,#8286,#8287);
#6774=AXIS2_PLACEMENT_3D('',#11329,#8288,#8289);
#6775=AXIS2_PLACEMENT_3D('',#11330,#8290,#8291);
#6776=AXIS2_PLACEMENT_3D('',#11333,#8292,#8293);
#6777=AXIS2_PLACEMENT_3D('',#11334,#8294,#8295);
#6778=AXIS2_PLACEMENT_3D('',#11336,#8297,#8298);
#6779=AXIS2_PLACEMENT_3D('',#11339,#8300,#8301);
#6780=AXIS2_PLACEMENT_3D('',#11340,#8302,#8303);
#6781=AXIS2_PLACEMENT_3D('',#11342,#8304,#8305);
#6782=AXIS2_PLACEMENT_3D('',#11343,#8306,#8307);
#6783=AXIS2_PLACEMENT_3D('',#11346,#8308,#8309);
#6784=AXIS2_PLACEMENT_3D('',#11347,#8310,#8311);
#6785=AXIS2_PLACEMENT_3D('',#11348,#8312,#8313);
#6786=AXIS2_PLACEMENT_3D('',#11349,#8314,#8315);
#6787=AXIS2_PLACEMENT_3D('',#11351,#8316,#8317);
#6788=AXIS2_PLACEMENT_3D('',#11353,#8319,#8320);
#6789=AXIS2_PLACEMENT_3D('',#11354,#8321,#8322);
#6790=AXIS2_PLACEMENT_3D('',#11356,#8323,#8324);
#6791=AXIS2_PLACEMENT_3D('',#11360,#8327,#8328);
#6792=AXIS2_PLACEMENT_3D('',#11361,#8329,#8330);
#6793=AXIS2_PLACEMENT_3D('',#11363,#8331,#8332);
#6794=AXIS2_PLACEMENT_3D('',#11364,#8333,#8334);
#6795=AXIS2_PLACEMENT_3D('',#11366,#8335,#8336);
#6796=AXIS2_PLACEMENT_3D('',#11367,#8337,#8338);
#6797=AXIS2_PLACEMENT_3D('',#11369,#8340,#8341);
#6798=AXIS2_PLACEMENT_3D('',#11371,#8342,#8343);
#6799=AXIS2_PLACEMENT_3D('',#11372,#8344,#8345);
#6800=AXIS2_PLACEMENT_3D('',#11374,#8347,#8348);
#6801=AXIS2_PLACEMENT_3D('',#11375,#8349,#8350);
#6802=AXIS2_PLACEMENT_3D('',#11378,#8351,#8352);
#6803=AXIS2_PLACEMENT_3D('',#11380,#8353,#8354);
#6804=AXIS2_PLACEMENT_3D('',#11383,#8356,#8357);
#6805=AXIS2_PLACEMENT_3D('',#11385,#8358,#8359);
#6806=AXIS2_PLACEMENT_3D('',#11386,#8360,#8361);
#6807=AXIS2_PLACEMENT_3D('',#11387,#8362,#8363);
#6808=AXIS2_PLACEMENT_3D('',#11389,#8364,#8365);
#6809=AXIS2_PLACEMENT_3D('',#11390,#8366,#8367);
#6810=AXIS2_PLACEMENT_3D('',#11392,#8368,#8369);
#6811=AXIS2_PLACEMENT_3D('',#11396,#8372,#8373);
#6812=AXIS2_PLACEMENT_3D('',#11397,#8374,#8375);
#6813=AXIS2_PLACEMENT_3D('',#11399,#8376,#8377);
#6814=AXIS2_PLACEMENT_3D('',#11400,#8378,#8379);
#6815=AXIS2_PLACEMENT_3D('',#11403,#8380,#8381);
#6816=AXIS2_PLACEMENT_3D('',#11405,#8383,#8384);
#6817=AXIS2_PLACEMENT_3D('',#11406,#8385,#8386);
#6818=AXIS2_PLACEMENT_3D('',#11531,#8387,#8388);
#6819=AXIS2_PLACEMENT_3D('',#11532,#8389,#8390);
#6820=AXIS2_PLACEMENT_3D('',#11533,#8391,#8392);
#6821=AXIS2_PLACEMENT_3D('',#11534,#8393,#8394);
#6822=AXIS2_PLACEMENT_3D('',#11536,#8395,#8396);
#6823=AXIS2_PLACEMENT_3D('',#11537,#8397,#8398);
#6824=AXIS2_PLACEMENT_3D('',#11540,#8399,#8400);
#6825=AXIS2_PLACEMENT_3D('',#11541,#8401,#8402);
#6826=AXIS2_PLACEMENT_3D('',#11543,#8404,#8405);
#6827=AXIS2_PLACEMENT_3D('',#11545,#8406,#8407);
#6828=AXIS2_PLACEMENT_3D('',#11547,#8409,#8410);
#6829=AXIS2_PLACEMENT_3D('',#11549,#8411,#8412);
#6830=AXIS2_PLACEMENT_3D('',#11550,#8413,#8414);
#6831=AXIS2_PLACEMENT_3D('',#11552,#8415,#8416);
#6832=AXIS2_PLACEMENT_3D('',#11554,#8418,#8419);
#6833=AXIS2_PLACEMENT_3D('',#11556,#8420,#8421);
#6834=AXIS2_PLACEMENT_3D('',#11557,#8422,#8423);
#6835=AXIS2_PLACEMENT_3D('',#11560,#8424,#8425);
#6836=AXIS2_PLACEMENT_3D('',#11561,#8426,#8427);
#6837=AXIS2_PLACEMENT_3D('',#11563,#8429,#8430);
#6838=AXIS2_PLACEMENT_3D('',#11565,#8431,#8432);
#6839=AXIS2_PLACEMENT_3D('',#11567,#8434,#8435);
#6840=AXIS2_PLACEMENT_3D('',#11569,#8436,#8437);
#6841=AXIS2_PLACEMENT_3D('',#11570,#8438,#8439);
#6842=AXIS2_PLACEMENT_3D('',#11573,#8440,#8441);
#6843=AXIS2_PLACEMENT_3D('',#11574,#8442,#8443);
#6844=AXIS2_PLACEMENT_3D('',#11576,#8445,#8446);
#6845=AXIS2_PLACEMENT_3D('',#11579,#8447,#8448);
#6846=AXIS2_PLACEMENT_3D('',#11632,#8450,#8451);
#6847=AXIS2_PLACEMENT_3D('',#11642,#8453,#8454);
#6848=AXIS2_PLACEMENT_3D('',#11649,#8455,#8456);
#6849=AXIS2_PLACEMENT_3D('',#11651,#8457,#8458);
#6850=AXIS2_PLACEMENT_3D('',#11655,#8461,#8462);
#6851=AXIS2_PLACEMENT_3D('',#11702,#8463,#8464);
#6852=AXIS2_PLACEMENT_3D('',#11704,#8465,#8466);
#6853=AXIS2_PLACEMENT_3D('',#11705,#8467,#8468);
#6854=AXIS2_PLACEMENT_3D('',#11707,#8469,#8470);
#6855=AXIS2_PLACEMENT_3D('',#11710,#8472,#8473);
#6856=AXIS2_PLACEMENT_3D('',#11747,#8474,#8475);
#6857=AXIS2_PLACEMENT_3D('',#11748,#8476,#8477);
#6858=AXIS2_PLACEMENT_3D('',#11751,#8479,#8480);
#6859=AXIS2_PLACEMENT_3D('',#11752,#8481,#8482);
#6860=AXIS2_PLACEMENT_3D('',#11754,#8483,#8484);
#6861=AXIS2_PLACEMENT_3D('',#11755,#8485,#8486);
#6862=AXIS2_PLACEMENT_3D('',#11758,#8487,#8488);
#6863=AXIS2_PLACEMENT_3D('',#11759,#8489,#8490);
#6864=AXIS2_PLACEMENT_3D('',#11761,#8492,#8493);
#6865=AXIS2_PLACEMENT_3D('',#11764,#8495,#8496);
#6866=AXIS2_PLACEMENT_3D('',#11765,#8497,#8498);
#6867=AXIS2_PLACEMENT_3D('',#11767,#8499,#8500);
#6868=AXIS2_PLACEMENT_3D('',#11768,#8501,#8502);
#6869=AXIS2_PLACEMENT_3D('',#11770,#8503,#8504);
#6870=AXIS2_PLACEMENT_3D('',#11772,#8506,#8507);
#6871=AXIS2_PLACEMENT_3D('',#11774,#8508,#8509);
#6872=AXIS2_PLACEMENT_3D('',#11775,#8510,#8511);
#6873=AXIS2_PLACEMENT_3D('',#11778,#8512,#8513);
#6874=AXIS2_PLACEMENT_3D('',#11779,#8514,#8515);
#6875=AXIS2_PLACEMENT_3D('',#11781,#8517,#8518);
#6876=AXIS2_PLACEMENT_3D('',#11784,#8520,#8521);
#6877=AXIS2_PLACEMENT_3D('',#11785,#8522,#8523);
#6878=AXIS2_PLACEMENT_3D('',#11787,#8524,#8525);
#6879=AXIS2_PLACEMENT_3D('',#11788,#8526,#8527);
#6880=AXIS2_PLACEMENT_3D('',#11791,#8528,#8529);
#6881=AXIS2_PLACEMENT_3D('',#11792,#8530,#8531);
#6882=AXIS2_PLACEMENT_3D('',#11793,#8532,#8533);
#6883=AXIS2_PLACEMENT_3D('',#11794,#8534,#8535);
#6884=AXIS2_PLACEMENT_3D('',#11796,#8537,#8538);
#6885=AXIS2_PLACEMENT_3D('',#11808,#8540,#8541);
#6886=AXIS2_PLACEMENT_3D('',#11817,#8542,#8543);
#6887=AXIS2_PLACEMENT_3D('',#11821,#8545,#8546);
#6888=AXIS2_PLACEMENT_3D('',#11823,#8547,#8548);
#6889=AXIS2_PLACEMENT_3D('',#11825,#8549,#8550);
#6890=AXIS2_PLACEMENT_3D('',#11826,#8551,#8552);
#6891=AXIS2_PLACEMENT_3D('',#11827,#8553,#8554);
#6892=AXIS2_PLACEMENT_3D('',#11829,#8555,#8556);
#6893=AXIS2_PLACEMENT_3D('',#11832,#8559,#8560);
#6894=AXIS2_PLACEMENT_3D('',#11835,#8561,#8562);
#6895=AXIS2_PLACEMENT_3D('',#11850,#8564,#8565);
#6896=AXIS2_PLACEMENT_3D('',#11852,#8566,#8567);
#6897=AXIS2_PLACEMENT_3D('',#11905,#8569,#8570);
#6898=AXIS2_PLACEMENT_3D('',#11908,#8572,#8573);
#6899=AXIS2_PLACEMENT_3D('',#11909,#8574,#8575);
#6900=AXIS2_PLACEMENT_3D('',#11911,#8576,#8577);
#6901=AXIS2_PLACEMENT_3D('',#11912,#8578,#8579);
#6902=AXIS2_PLACEMENT_3D('',#11915,#8580,#8581);
#6903=AXIS2_PLACEMENT_3D('',#11916,#8582,#8583);
#6904=AXIS2_PLACEMENT_3D('',#11918,#8585,#8586);
#6905=AXIS2_PLACEMENT_3D('',#11921,#8588,#8589);
#6906=AXIS2_PLACEMENT_3D('',#11922,#8590,#8591);
#6907=AXIS2_PLACEMENT_3D('',#11924,#8592,#8593);
#6908=AXIS2_PLACEMENT_3D('',#11925,#8594,#8595);
#6909=AXIS2_PLACEMENT_3D('',#11927,#8596,#8597);
#6910=AXIS2_PLACEMENT_3D('',#11929,#8599,#8600);
#6911=AXIS2_PLACEMENT_3D('',#11931,#8601,#8602);
#6912=AXIS2_PLACEMENT_3D('',#11932,#8603,#8604);
#6913=AXIS2_PLACEMENT_3D('',#11935,#8605,#8606);
#6914=AXIS2_PLACEMENT_3D('',#11936,#8607,#8608);
#6915=AXIS2_PLACEMENT_3D('',#11938,#8610,#8611);
#6916=AXIS2_PLACEMENT_3D('',#11941,#8613,#8614);
#6917=AXIS2_PLACEMENT_3D('',#11942,#8615,#8616);
#6918=AXIS2_PLACEMENT_3D('',#11944,#8617,#8618);
#6919=AXIS2_PLACEMENT_3D('',#11945,#8619,#8620);
#6920=AXIS2_PLACEMENT_3D('',#11948,#8621,#8622);
#6921=AXIS2_PLACEMENT_3D('',#11949,#8623,#8624);
#6922=AXIS2_PLACEMENT_3D('',#11950,#8625,#8626);
#6923=AXIS2_PLACEMENT_3D('',#11951,#8627,#8628);
#6924=AXIS2_PLACEMENT_3D('',#11953,#8629,#8630);
#6925=AXIS2_PLACEMENT_3D('',#11955,#8632,#8633);
#6926=AXIS2_PLACEMENT_3D('',#11956,#8634,#8635);
#6927=AXIS2_PLACEMENT_3D('',#11958,#8636,#8637);
#6928=AXIS2_PLACEMENT_3D('',#11962,#8640,#8641);
#6929=AXIS2_PLACEMENT_3D('',#11963,#8642,#8643);
#6930=AXIS2_PLACEMENT_3D('',#11965,#8644,#8645);
#6931=AXIS2_PLACEMENT_3D('',#11966,#8646,#8647);
#6932=AXIS2_PLACEMENT_3D('',#11968,#8648,#8649);
#6933=AXIS2_PLACEMENT_3D('',#11969,#8650,#8651);
#6934=AXIS2_PLACEMENT_3D('',#11971,#8653,#8654);
#6935=AXIS2_PLACEMENT_3D('',#11973,#8655,#8656);
#6936=AXIS2_PLACEMENT_3D('',#11974,#8657,#8658);
#6937=AXIS2_PLACEMENT_3D('',#11976,#8660,#8661);
#6938=AXIS2_PLACEMENT_3D('',#11977,#8662,#8663);
#6939=AXIS2_PLACEMENT_3D('',#11980,#8664,#8665);
#6940=AXIS2_PLACEMENT_3D('',#11982,#8666,#8667);
#6941=AXIS2_PLACEMENT_3D('',#11985,#8669,#8670);
#6942=AXIS2_PLACEMENT_3D('',#11987,#8671,#8672);
#6943=AXIS2_PLACEMENT_3D('',#11988,#8673,#8674);
#6944=AXIS2_PLACEMENT_3D('',#11989,#8675,#8676);
#6945=AXIS2_PLACEMENT_3D('',#11991,#8677,#8678);
#6946=AXIS2_PLACEMENT_3D('',#11992,#8679,#8680);
#6947=AXIS2_PLACEMENT_3D('',#11994,#8681,#8682);
#6948=AXIS2_PLACEMENT_3D('',#11998,#8685,#8686);
#6949=AXIS2_PLACEMENT_3D('',#11999,#8687,#8688);
#6950=AXIS2_PLACEMENT_3D('',#12001,#8689,#8690);
#6951=AXIS2_PLACEMENT_3D('',#12002,#8691,#8692);
#6952=AXIS2_PLACEMENT_3D('',#12005,#8693,#8694);
#6953=AXIS2_PLACEMENT_3D('',#12007,#8696,#8697);
#6954=AXIS2_PLACEMENT_3D('',#12008,#8698,#8699);
#6955=AXIS2_PLACEMENT_3D('',#12133,#8700,#8701);
#6956=AXIS2_PLACEMENT_3D('',#12134,#8702,#8703);
#6957=AXIS2_PLACEMENT_3D('',#12135,#8704,#8705);
#6958=AXIS2_PLACEMENT_3D('',#12136,#8706,#8707);
#6959=AXIS2_PLACEMENT_3D('',#12138,#8708,#8709);
#6960=AXIS2_PLACEMENT_3D('',#12139,#8710,#8711);
#6961=AXIS2_PLACEMENT_3D('',#12142,#8712,#8713);
#6962=AXIS2_PLACEMENT_3D('',#12143,#8714,#8715);
#6963=AXIS2_PLACEMENT_3D('',#12145,#8717,#8718);
#6964=AXIS2_PLACEMENT_3D('',#12147,#8719,#8720);
#6965=AXIS2_PLACEMENT_3D('',#12149,#8722,#8723);
#6966=AXIS2_PLACEMENT_3D('',#12151,#8724,#8725);
#6967=AXIS2_PLACEMENT_3D('',#12152,#8726,#8727);
#6968=AXIS2_PLACEMENT_3D('',#12155,#8729,#8730);
#6969=AXIS2_PLACEMENT_3D('',#12156,#8731,#8732);
#6970=AXIS2_PLACEMENT_3D('',#12158,#8733,#8734);
#6971=AXIS2_PLACEMENT_3D('',#12160,#8736,#8737);
#6972=AXIS2_PLACEMENT_3D('',#12162,#8738,#8739);
#6973=AXIS2_PLACEMENT_3D('',#12163,#8740,#8741);
#6974=AXIS2_PLACEMENT_3D('',#12166,#8742,#8743);
#6975=AXIS2_PLACEMENT_3D('',#12167,#8744,#8745);
#6976=AXIS2_PLACEMENT_3D('',#12169,#8747,#8748);
#6977=AXIS2_PLACEMENT_3D('',#12171,#8749,#8750);
#6978=AXIS2_PLACEMENT_3D('',#12173,#8752,#8753);
#6979=AXIS2_PLACEMENT_3D('',#12175,#8754,#8755);
#6980=AXIS2_PLACEMENT_3D('',#12177,#8757,#8758);
#6981=AXIS2_PLACEMENT_3D('',#12180,#8759,#8760);
#6982=AXIS2_PLACEMENT_3D('',#12229,#8762,#8763);
#6983=AXIS2_PLACEMENT_3D('',#12239,#8765,#8766);
#6984=AXIS2_PLACEMENT_3D('',#12246,#8767,#8768);
#6985=AXIS2_PLACEMENT_3D('',#12248,#8769,#8770);
#6986=AXIS2_PLACEMENT_3D('',#12252,#8773,#8774);
#6987=AXIS2_PLACEMENT_3D('',#12303,#8775,#8776);
#6988=AXIS2_PLACEMENT_3D('',#12305,#8777,#8778);
#6989=AXIS2_PLACEMENT_3D('',#12306,#8779,#8780);
#6990=AXIS2_PLACEMENT_3D('',#12308,#8781,#8782);
#6991=AXIS2_PLACEMENT_3D('',#12311,#8784,#8785);
#6992=AXIS2_PLACEMENT_3D('',#12352,#8786,#8787);
#6993=AXIS2_PLACEMENT_3D('',#12353,#8788,#8789);
#6994=AXIS2_PLACEMENT_3D('',#12357,#8791,#8792);
#6995=AXIS2_PLACEMENT_3D('',#12358,#8793,#8794);
#6996=AXIS2_PLACEMENT_3D('',#12359,#8795,#8796);
#6997=AXIS2_PLACEMENT_3D('',#12362,#8797,#8798);
#6998=AXIS2_PLACEMENT_3D('',#12363,#8799,#8800);
#6999=AXIS2_PLACEMENT_3D('',#12365,#8802,#8803);
#7000=AXIS2_PLACEMENT_3D('',#12368,#8805,#8806);
#7001=AXIS2_PLACEMENT_3D('',#12369,#8807,#8808);
#7002=AXIS2_PLACEMENT_3D('',#12371,#8809,#8810);
#7003=AXIS2_PLACEMENT_3D('',#12372,#8811,#8812);
#7004=AXIS2_PLACEMENT_3D('',#12375,#8813,#8814);
#7005=AXIS2_PLACEMENT_3D('',#12376,#8815,#8816);
#7006=AXIS2_PLACEMENT_3D('',#12378,#8818,#8819);
#7007=AXIS2_PLACEMENT_3D('',#12380,#8820,#8821);
#7008=AXIS2_PLACEMENT_3D('',#12382,#8823,#8824);
#7009=AXIS2_PLACEMENT_3D('',#12384,#8825,#8826);
#7010=AXIS2_PLACEMENT_3D('',#12385,#8827,#8828);
#7011=AXIS2_PLACEMENT_3D('',#12388,#8829,#8830);
#7012=AXIS2_PLACEMENT_3D('',#12389,#8831,#8832);
#7013=AXIS2_PLACEMENT_3D('',#12391,#8834,#8835);
#7014=AXIS2_PLACEMENT_3D('',#12394,#8837,#8838);
#7015=AXIS2_PLACEMENT_3D('',#12395,#8839,#8840);
#7016=AXIS2_PLACEMENT_3D('',#12397,#8841,#8842);
#7017=AXIS2_PLACEMENT_3D('',#12398,#8843,#8844);
#7018=AXIS2_PLACEMENT_3D('',#12401,#8845,#8846);
#7019=AXIS2_PLACEMENT_3D('',#12402,#8847,#8848);
#7020=AXIS2_PLACEMENT_3D('',#12403,#8849,#8850);
#7021=AXIS2_PLACEMENT_3D('',#12404,#8851,#8852);
#7022=AXIS2_PLACEMENT_3D('',#12406,#8854,#8855);
#7023=AXIS2_PLACEMENT_3D('',#12416,#8857,#8858);
#7024=AXIS2_PLACEMENT_3D('',#12423,#8859,#8860);
#7025=AXIS2_PLACEMENT_3D('',#12427,#8862,#8863);
#7026=AXIS2_PLACEMENT_3D('',#12429,#8864,#8865);
#7027=AXIS2_PLACEMENT_3D('',#12431,#8866,#8867);
#7028=AXIS2_PLACEMENT_3D('',#12432,#8868,#8869);
#7029=AXIS2_PLACEMENT_3D('',#12433,#8870,#8871);
#7030=AXIS2_PLACEMENT_3D('',#12435,#8872,#8873);
#7031=AXIS2_PLACEMENT_3D('',#12438,#8876,#8877);
#7032=AXIS2_PLACEMENT_3D('',#12441,#8878,#8879);
#7033=AXIS2_PLACEMENT_3D('',#12456,#8881,#8882);
#7034=AXIS2_PLACEMENT_3D('',#12458,#8883,#8884);
#7035=AXIS2_PLACEMENT_3D('',#12507,#8886,#8887);
#7036=AXIS2_PLACEMENT_3D('',#12511,#8889,#8890);
#7037=AXIS2_PLACEMENT_3D('',#12512,#8891,#8892);
#7038=AXIS2_PLACEMENT_3D('',#12513,#8893,#8894);
#7039=AXIS2_PLACEMENT_3D('',#12516,#8895,#8896);
#7040=AXIS2_PLACEMENT_3D('',#12517,#8897,#8898);
#7041=AXIS2_PLACEMENT_3D('',#12519,#8900,#8901);
#7042=AXIS2_PLACEMENT_3D('',#12522,#8903,#8904);
#7043=AXIS2_PLACEMENT_3D('',#12523,#8905,#8906);
#7044=AXIS2_PLACEMENT_3D('',#12525,#8907,#8908);
#7045=AXIS2_PLACEMENT_3D('',#12526,#8909,#8910);
#7046=AXIS2_PLACEMENT_3D('',#12529,#8911,#8912);
#7047=AXIS2_PLACEMENT_3D('',#12530,#8913,#8914);
#7048=AXIS2_PLACEMENT_3D('',#12532,#8916,#8917);
#7049=AXIS2_PLACEMENT_3D('',#12534,#8918,#8919);
#7050=AXIS2_PLACEMENT_3D('',#12536,#8921,#8922);
#7051=AXIS2_PLACEMENT_3D('',#12538,#8923,#8924);
#7052=AXIS2_PLACEMENT_3D('',#12539,#8925,#8926);
#7053=AXIS2_PLACEMENT_3D('',#12542,#8927,#8928);
#7054=AXIS2_PLACEMENT_3D('',#12543,#8929,#8930);
#7055=AXIS2_PLACEMENT_3D('',#12545,#8932,#8933);
#7056=AXIS2_PLACEMENT_3D('',#12548,#8935,#8936);
#7057=AXIS2_PLACEMENT_3D('',#12549,#8937,#8938);
#7058=AXIS2_PLACEMENT_3D('',#12551,#8939,#8940);
#7059=AXIS2_PLACEMENT_3D('',#12552,#8941,#8942);
#7060=AXIS2_PLACEMENT_3D('',#12555,#8943,#8944);
#7061=AXIS2_PLACEMENT_3D('',#12556,#8945,#8946);
#7062=AXIS2_PLACEMENT_3D('',#12557,#8947,#8948);
#7063=AXIS2_PLACEMENT_3D('',#12558,#8949,#8950);
#7064=AXIS2_PLACEMENT_3D('',#12560,#8951,#8952);
#7065=AXIS2_PLACEMENT_3D('',#12562,#8954,#8955);
#7066=AXIS2_PLACEMENT_3D('',#12563,#8956,#8957);
#7067=AXIS2_PLACEMENT_3D('',#12565,#8958,#8959);
#7068=AXIS2_PLACEMENT_3D('',#12569,#8962,#8963);
#7069=AXIS2_PLACEMENT_3D('',#12570,#8964,#8965);
#7070=AXIS2_PLACEMENT_3D('',#12572,#8966,#8967);
#7071=AXIS2_PLACEMENT_3D('',#12573,#8968,#8969);
#7072=AXIS2_PLACEMENT_3D('',#12575,#8970,#8971);
#7073=AXIS2_PLACEMENT_3D('',#12576,#8972,#8973);
#7074=AXIS2_PLACEMENT_3D('',#12578,#8975,#8976);
#7075=AXIS2_PLACEMENT_3D('',#12580,#8977,#8978);
#7076=AXIS2_PLACEMENT_3D('',#12581,#8979,#8980);
#7077=AXIS2_PLACEMENT_3D('',#12583,#8982,#8983);
#7078=AXIS2_PLACEMENT_3D('',#12584,#8984,#8985);
#7079=AXIS2_PLACEMENT_3D('',#12585,#8986,#8987);
#7080=AXIS2_PLACEMENT_3D('',#12586,#8988,#8989);
#7081=AXIS2_PLACEMENT_3D('',#12587,#8990,#8991);
#7082=AXIS2_PLACEMENT_3D('',#12588,#8992,#8993);
#7083=DIRECTION('axis',(0.,0.,1.));
#7084=DIRECTION('refdir',(1.,0.,0.));
#7085=DIRECTION('axis',(0.,0.,1.));
#7086=DIRECTION('refdir',(1.,0.,0.));
#7087=DIRECTION('center_axis',(0.,-1.,0.));
#7088=DIRECTION('ref_axis',(-1.,0.,1.71512449944288E-15));
#7089=DIRECTION('center_axis',(0.707106781186548,-0.707106781186547,0.));
#7090=DIRECTION('ref_axis',(-0.707106781186547,-0.707106781186548,1.21277616413524E-15));
#7091=DIRECTION('center_axis',(-0.707106781186548,-0.707106781186547,0.));
#7092=DIRECTION('ref_axis',(-0.707106781186547,0.707106781186548,-4.32978028117747E-17));
#7093=DIRECTION('',(0.,-1.,0.));
#7094=DIRECTION('center_axis',(0.,-1.,0.));
#7095=DIRECTION('ref_axis',(0.,0.,-1.));
#7096=DIRECTION('center_axis',(-0.707106781186548,-0.707106781186547,0.));
#7097=DIRECTION('ref_axis',(-0.707106781186547,0.707106781186548,-4.32978028117747E-17));
#7098=DIRECTION('center_axis',(0.707106781186548,-0.707106781186547,0.));
#7099=DIRECTION('ref_axis',(-0.707106781186547,-0.707106781186548,1.21277616413524E-15));
#7100=DIRECTION('center_axis',(0.,-1.,0.));
#7101=DIRECTION('ref_axis',(0.,0.,-1.));
#7102=DIRECTION('center_axis',(0.,-1.,0.));
#7103=DIRECTION('ref_axis',(0.,0.,-1.));
#7104=DIRECTION('center_axis',(1.,0.,0.));
#7105=DIRECTION('ref_axis',(0.,1.,-6.12323399573676E-17));
#7106=DIRECTION('center_axis',(1.,0.,0.));
#7107=DIRECTION('ref_axis',(0.,0.,-1.));
#7108=DIRECTION('',(1.,0.,0.));
#7109=DIRECTION('',(1.,0.,0.));
#7110=DIRECTION('center_axis',(1.,0.,0.));
#7111=DIRECTION('ref_axis',(0.,0.,-1.));
#7112=DIRECTION('center_axis',(-1.,0.,0.));
#7113=DIRECTION('ref_axis',(0.,0.,1.));
#7114=DIRECTION('center_axis',(1.,0.,0.));
#7115=DIRECTION('ref_axis',(0.,0.,-1.));
#7116=DIRECTION('center_axis',(1.,0.,0.));
#7117=DIRECTION('ref_axis',(0.,-1.,-6.12323399573676E-17));
#7118=DIRECTION('center_axis',(1.,0.,0.));
#7119=DIRECTION('ref_axis',(0.,0.,-1.));
#7120=DIRECTION('',(1.,0.,0.));
#7121=DIRECTION('center_axis',(1.,0.,0.));
#7122=DIRECTION('ref_axis',(0.,0.,-1.));
#7123=DIRECTION('center_axis',(1.,0.,0.));
#7124=DIRECTION('ref_axis',(0.,0.309016994374947,-0.951056516295154));
#7125=DIRECTION('center_axis',(1.,0.,0.));
#7126=DIRECTION('ref_axis',(0.,0.,-1.));
#7127=DIRECTION('center_axis',(0.,-0.951056516295154,-0.309016994374947));
#7128=DIRECTION('ref_axis',(0.,-0.309016994374947,0.951056516295154));
#7129=DIRECTION('center_axis',(1.,0.,0.));
#7130=DIRECTION('ref_axis',(0.,0.,-1.));
#7131=DIRECTION('center_axis',(1.,0.,0.));
#7132=DIRECTION('ref_axis',(0.,0.,-1.));
#7133=DIRECTION('center_axis',(1.,0.,0.));
#7134=DIRECTION('ref_axis',(0.,0.,-1.));
#7135=DIRECTION('center_axis',(1.,0.,0.));
#7136=DIRECTION('ref_axis',(0.,-1.,-6.12323399573677E-17));
#7137=DIRECTION('center_axis',(1.,0.,0.));
#7138=DIRECTION('ref_axis',(0.,0.,-1.));
#7139=DIRECTION('center_axis',(1.,0.,0.));
#7140=DIRECTION('ref_axis',(0.,0.,-1.));
#7141=DIRECTION('',(-0.171341174751247,-0.985211754819675,-1.80980463303339E-16));
#7142=DIRECTION('center_axis',(1.,0.,0.));
#7143=DIRECTION('ref_axis',(0.,1.,-2.38000569422679E-10));
#7144=DIRECTION('center_axis',(1.,0.,0.));
#7145=DIRECTION('ref_axis',(0.,0.,-1.));
#7146=DIRECTION('',(-1.,0.,0.));
#7147=DIRECTION('center_axis',(-1.,0.,0.));
#7148=DIRECTION('ref_axis',(0.,0.,1.));
#7149=DIRECTION('center_axis',(1.,0.,0.));
#7150=DIRECTION('ref_axis',(0.,0.,-1.));
#7151=DIRECTION('center_axis',(1.,0.,0.));
#7152=DIRECTION('ref_axis',(0.,-1.,-6.12323399573676E-17));
#7153=DIRECTION('center_axis',(1.,0.,0.));
#7154=DIRECTION('ref_axis',(0.,0.,-1.));
#7155=DIRECTION('',(-1.,0.,0.));
#7156=DIRECTION('center_axis',(1.,0.,0.));
#7157=DIRECTION('ref_axis',(0.,0.,-1.));
#7158=DIRECTION('center_axis',(1.,0.,0.));
#7159=DIRECTION('ref_axis',(0.,0.,-1.));
#7160=DIRECTION('center_axis',(1.,0.,0.));
#7161=DIRECTION('ref_axis',(0.,-1.,-6.12323399573677E-17));
#7162=DIRECTION('center_axis',(1.,0.,0.));
#7163=DIRECTION('ref_axis',(0.,0.,-1.));
#7164=DIRECTION('center_axis',(1.,0.,0.));
#7165=DIRECTION('ref_axis',(0.,0.,-1.));
#7166=DIRECTION('',(-0.173648177666492,-0.984807753012286,-1.80906249375299E-16));
#7167=DIRECTION('center_axis',(1.,0.,0.));
#7168=DIRECTION('ref_axis',(0.,1.,-6.12323399573676E-17));
#7169=DIRECTION('center_axis',(1.,0.,0.));
#7170=DIRECTION('ref_axis',(0.,0.,-1.));
#7171=DIRECTION('',(-1.,0.,0.));
#7172=DIRECTION('center_axis',(1.,0.,0.));
#7173=DIRECTION('ref_axis',(0.,0.,-1.));
#7174=DIRECTION('center_axis',(1.,0.,0.));
#7175=DIRECTION('ref_axis',(0.,0.,-1.));
#7176=DIRECTION('center_axis',(1.,0.,0.));
#7177=DIRECTION('ref_axis',(0.,-1.,-6.12323399573677E-17));
#7178=DIRECTION('center_axis',(1.,0.,0.));
#7179=DIRECTION('ref_axis',(0.,0.,-1.));
#7180=DIRECTION('center_axis',(1.,0.,0.));
#7181=DIRECTION('ref_axis',(0.,0.,-1.));
#7182=DIRECTION('',(-0.995037190209989,-0.0995037190209982,-1.82785366503485E-17));
#7183=DIRECTION('center_axis',(1.,0.,0.));
#7184=DIRECTION('ref_axis',(0.,1.,-6.12323399573676E-17));
#7185=DIRECTION('center_axis',(1.,0.,0.));
#7186=DIRECTION('ref_axis',(0.,0.,-1.));
#7187=DIRECTION('',(-1.,0.,0.));
#7188=DIRECTION('center_axis',(-1.,0.,0.));
#7189=DIRECTION('ref_axis',(0.,1.,-6.27786229722166E-16));
#7190=DIRECTION('center_axis',(1.,0.,0.));
#7191=DIRECTION('ref_axis',(0.,0.,-1.));
#7192=DIRECTION('center_axis',(0.,-1.,0.));
#7193=DIRECTION('ref_axis',(4.44089209850063E-16,0.,-1.));
#7194=DIRECTION('center_axis',(0.,-1.,0.));
#7195=DIRECTION('ref_axis',(0.,0.,-1.));
#7196=DIRECTION('center_axis',(0.,-1.,0.));
#7197=DIRECTION('ref_axis',(0.,0.,-1.));
#7198=DIRECTION('center_axis',(0.,-1.,0.));
#7199=DIRECTION('ref_axis',(1.,0.,-6.12323399573677E-17));
#7200=DIRECTION('center_axis',(0.,-1.,0.));
#7201=DIRECTION('ref_axis',(0.,0.,-1.));
#7202=DIRECTION('',(0.,1.,0.));
#7203=DIRECTION('center_axis',(0.,-1.,0.));
#7204=DIRECTION('ref_axis',(0.,0.,-1.));
#7205=DIRECTION('center_axis',(0.,1.,0.));
#7206=DIRECTION('ref_axis',(1.,0.,6.12323399573677E-17));
#7207=DIRECTION('',(0.0995037190209992,-0.995037190209989,-6.09284555011622E-18));
#7208=DIRECTION('center_axis',(0.,-1.,0.));
#7209=DIRECTION('ref_axis',(0.,0.,-1.));
#7210=DIRECTION('center_axis',(0.,1.,0.));
#7211=DIRECTION('ref_axis',(0.,0.,1.));
#7212=DIRECTION('center_axis',(0.,-1.,0.));
#7213=DIRECTION('ref_axis',(0.,0.,-1.));
#7214=DIRECTION('center_axis',(0.,-1.,0.));
#7215=DIRECTION('ref_axis',(-1.,0.,-1.17145536458252E-15));
#7216=DIRECTION('center_axis',(0.,-1.,0.));
#7217=DIRECTION('ref_axis',(0.,0.,-1.));
#7218=DIRECTION('center_axis',(0.,-1.,0.));
#7219=DIRECTION('ref_axis',(0.,0.,-1.));
#7220=DIRECTION('',(0.,1.,0.));
#7221=DIRECTION('center_axis',(0.,1.,0.));
#7222=DIRECTION('ref_axis',(1.,0.,6.12323399573677E-17));
#7223=DIRECTION('',(0.984807753012202,-0.173648177666964,-6.03020831250945E-17));
#7224=DIRECTION('center_axis',(0.,-1.,0.));
#7225=DIRECTION('ref_axis',(0.,0.,-1.));
#7226=DIRECTION('center_axis',(0.,1.,0.));
#7227=DIRECTION('ref_axis',(0.,0.,1.));
#7228=DIRECTION('center_axis',(0.,-1.,0.));
#7229=DIRECTION('ref_axis',(0.,0.,-1.));
#7230=DIRECTION('center_axis',(0.,-1.,0.));
#7231=DIRECTION('ref_axis',(-1.,0.,-6.12323399573677E-17));
#7232=DIRECTION('center_axis',(0.,-1.,0.));
#7233=DIRECTION('ref_axis',(0.,0.,-1.));
#7234=DIRECTION('',(0.,1.,0.));
#7235=DIRECTION('center_axis',(0.,-1.,0.));
#7236=DIRECTION('ref_axis',(0.,0.,-1.));
#7237=DIRECTION('center_axis',(0.,-1.,0.));
#7238=DIRECTION('ref_axis',(0.,0.,-1.));
#7239=DIRECTION('center_axis',(0.,-1.,0.));
#7240=DIRECTION('ref_axis',(-1.,0.,-6.12323399573676E-17));
#7241=DIRECTION('center_axis',(0.,-1.,0.));
#7242=DIRECTION('ref_axis',(0.,0.,-1.));
#7243=DIRECTION('center_axis',(0.,-1.,0.));
#7244=DIRECTION('ref_axis',(0.,0.,-1.));
#7245=DIRECTION('',(0.,1.,0.));
#7246=DIRECTION('center_axis',(0.,1.,0.));
#7247=DIRECTION('ref_axis',(1.,0.,6.12323399573676E-17));
#7248=DIRECTION('',(0.985211754819674,-0.171341174751247,-6.03268211011131E-17));
#7249=DIRECTION('center_axis',(0.,-1.,0.));
#7250=DIRECTION('ref_axis',(0.,0.,-1.));
#7251=DIRECTION('center_axis',(0.,1.,0.));
#7252=DIRECTION('ref_axis',(0.,0.,1.));
#7253=DIRECTION('center_axis',(0.,-1.,0.));
#7254=DIRECTION('ref_axis',(-0.951056516295154,0.,-0.309016994374947));
#7255=DIRECTION('center_axis',(0.,-1.,0.));
#7256=DIRECTION('ref_axis',(-0.309016994374947,0.,0.951056516295154));
#7257=DIRECTION('center_axis',(0.,-1.,0.));
#7258=DIRECTION('ref_axis',(0.,0.,-1.));
#7259=DIRECTION('center_axis',(0.,-1.,0.));
#7260=DIRECTION('ref_axis',(0.,0.,-1.));
#7261=DIRECTION('center_axis',(0.951056516295154,0.,0.309016994374947));
#7262=DIRECTION('ref_axis',(0.309016994374947,0.,-0.951056516295154));
#7263=DIRECTION('center_axis',(0.,-1.,0.));
#7264=DIRECTION('ref_axis',(1.,0.,-6.12323399573677E-17));
#7265=DIRECTION('',(0.,-1.,0.));
#7266=DIRECTION('center_axis',(0.,-1.,0.));
#7267=DIRECTION('ref_axis',(1.2312033195887E-14,0.,1.));
#7268=DIRECTION('center_axis',(0.,-1.,0.));
#7269=DIRECTION('ref_axis',(0.,0.,-1.));
#7270=DIRECTION('center_axis',(0.,-1.,0.));
#7271=DIRECTION('ref_axis',(3.67583401075937E-13,0.,1.));
#7272=DIRECTION('center_axis',(0.707106781186548,0.707106781186548,0.));
#7273=DIRECTION('ref_axis',(0.707106781186548,-0.707106781186548,0.));
#7274=DIRECTION('center_axis',(-0.707106781186548,0.707106781186548,0.));
#7275=DIRECTION('ref_axis',(0.707106781186548,0.707106781186548,0.));
#7276=DIRECTION('center_axis',(1.,0.,0.));
#7277=DIRECTION('ref_axis',(0.,1.,-2.83276944882399E-16));
#7278=DIRECTION('center_axis',(1.,0.,0.));
#7279=DIRECTION('ref_axis',(0.,0.,-1.));
#7280=DIRECTION('center_axis',(0.707106781186548,0.707106781186548,0.));
#7281=DIRECTION('ref_axis',(0.707106781186548,-0.707106781186548,1.13711443056603E-16));
#7282=DIRECTION('center_axis',(-0.707106781186548,0.707106781186548,0.));
#7283=DIRECTION('ref_axis',(-0.707106781186548,-0.707106781186548,1.13711443056603E-16));
#7284=DIRECTION('center_axis',(0.,-1.,0.));
#7285=DIRECTION('ref_axis',(-2.90022391625372E-32,0.,-1.));
#7286=DIRECTION('center_axis',(1.,0.,0.));
#7287=DIRECTION('ref_axis',(0.,1.,1.21741056858238E-14));
#7288=DIRECTION('center_axis',(1.,0.,0.));
#7289=DIRECTION('ref_axis',(0.,0.,-1.));
#7290=DIRECTION('center_axis',(0.,0.,-1.));
#7291=DIRECTION('ref_axis',(0.,-1.,0.));
#7292=DIRECTION('center_axis',(0.,0.,1.));
#7293=DIRECTION('ref_axis',(1.,0.,0.));
#7294=DIRECTION('',(0.,0.,1.));
#7295=DIRECTION('',(0.,0.,1.));
#7296=DIRECTION('center_axis',(0.,0.,1.));
#7297=DIRECTION('ref_axis',(1.,0.,0.));
#7298=DIRECTION('center_axis',(0.,0.,1.));
#7299=DIRECTION('ref_axis',(1.,0.,0.));
#7300=DIRECTION('center_axis',(0.,0.,1.));
#7301=DIRECTION('ref_axis',(1.,0.,0.));
#7302=DIRECTION('center_axis',(0.,0.,1.));
#7303=DIRECTION('ref_axis',(1.,0.,0.));
#7304=DIRECTION('center_axis',(0.,0.,1.));
#7305=DIRECTION('ref_axis',(1.,0.,0.));
#7306=DIRECTION('center_axis',(0.,0.,-1.));
#7307=DIRECTION('ref_axis',(0.,1.,0.));
#7308=DIRECTION('',(0.,0.,-1.));
#7309=DIRECTION('center_axis',(1.,0.,0.));
#7310=DIRECTION('ref_axis',(0.,1.,-6.12323399573676E-17));
#7311=DIRECTION('center_axis',(1.,0.,0.));
#7312=DIRECTION('ref_axis',(0.,0.,-1.));
#7313=DIRECTION('',(-1.,0.,0.));
#7314=DIRECTION('center_axis',(-1.,0.,0.));
#7315=DIRECTION('ref_axis',(0.,1.,6.12323399573676E-17));
#7316=DIRECTION('',(0.995037190209989,0.0995037190209983,-6.09284555011616E-18));
#7317=DIRECTION('center_axis',(1.,0.,0.));
#7318=DIRECTION('ref_axis',(0.,0.,-1.));
#7319=DIRECTION('center_axis',(-1.,0.,0.));
#7320=DIRECTION('ref_axis',(0.,0.,1.));
#7321=DIRECTION('center_axis',(1.,0.,0.));
#7322=DIRECTION('ref_axis',(0.,0.,-1.));
#7323=DIRECTION('center_axis',(1.,0.,0.));
#7324=DIRECTION('ref_axis',(0.,-1.,-1.17145536458252E-15));
#7325=DIRECTION('center_axis',(1.,0.,0.));
#7326=DIRECTION('ref_axis',(0.,0.,-1.));
#7327=DIRECTION('center_axis',(1.,0.,0.));
#7328=DIRECTION('ref_axis',(0.,0.,-1.));
#7329=DIRECTION('',(-1.,0.,0.));
#7330=DIRECTION('center_axis',(-1.,0.,0.));
#7331=DIRECTION('ref_axis',(0.,1.,6.12323399573676E-17));
#7332=DIRECTION('',(0.173648177666487,0.984807753012286,-6.03020831250997E-17));
#7333=DIRECTION('center_axis',(1.,0.,0.));
#7334=DIRECTION('ref_axis',(0.,0.,-1.));
#7335=DIRECTION('center_axis',(-1.,0.,0.));
#7336=DIRECTION('ref_axis',(0.,0.,1.));
#7337=DIRECTION('center_axis',(1.,0.,0.));
#7338=DIRECTION('ref_axis',(0.,0.,-1.));
#7339=DIRECTION('center_axis',(1.,0.,0.));
#7340=DIRECTION('ref_axis',(0.,-1.,-6.12323399573676E-17));
#7341=DIRECTION('center_axis',(1.,0.,0.));
#7342=DIRECTION('ref_axis',(0.,0.,-1.));
#7343=DIRECTION('',(-1.,0.,0.));
#7344=DIRECTION('center_axis',(1.,0.,0.));
#7345=DIRECTION('ref_axis',(0.,0.,-1.));
#7346=DIRECTION('center_axis',(1.,0.,0.));
#7347=DIRECTION('ref_axis',(0.,0.,-1.));
#7348=DIRECTION('center_axis',(1.,0.,0.));
#7349=DIRECTION('ref_axis',(0.,-1.,-6.12323399573676E-17));
#7350=DIRECTION('center_axis',(1.,0.,0.));
#7351=DIRECTION('ref_axis',(0.,0.,-1.));
#7352=DIRECTION('center_axis',(1.,0.,0.));
#7353=DIRECTION('ref_axis',(0.,0.,-1.));
#7354=DIRECTION('',(-1.,0.,0.));
#7355=DIRECTION('center_axis',(-1.,0.,0.));
#7356=DIRECTION('ref_axis',(0.,1.,6.12323399573676E-17));
#7357=DIRECTION('',(0.171341174751248,0.985211754819674,-6.03268211011131E-17));
#7358=DIRECTION('center_axis',(1.,0.,0.));
#7359=DIRECTION('ref_axis',(0.,0.,-1.));
#7360=DIRECTION('center_axis',(-1.,0.,0.));
#7361=DIRECTION('ref_axis',(0.,0.,1.));
#7362=DIRECTION('center_axis',(1.,0.,0.));
#7363=DIRECTION('ref_axis',(0.,-0.951056516295154,-0.309016994374947));
#7364=DIRECTION('center_axis',(1.,0.,0.));
#7365=DIRECTION('ref_axis',(0.,-0.309016994374947,0.951056516295154));
#7366=DIRECTION('center_axis',(1.,0.,0.));
#7367=DIRECTION('ref_axis',(0.,0.,-1.));
#7368=DIRECTION('center_axis',(1.,0.,0.));
#7369=DIRECTION('ref_axis',(0.,0.,-1.));
#7370=DIRECTION('center_axis',(0.,0.951056516295154,0.309016994374947));
#7371=DIRECTION('ref_axis',(0.,0.309016994374947,-0.951056516295154));
#7372=DIRECTION('center_axis',(1.,0.,0.));
#7373=DIRECTION('ref_axis',(0.,1.,-6.12323399573676E-17));
#7374=DIRECTION('center_axis',(1.,0.,0.));
#7375=DIRECTION('ref_axis',(0.,0.,-1.));
#7376=DIRECTION('',(1.,0.,0.));
#7377=DIRECTION('center_axis',(1.,0.,0.));
#7378=DIRECTION('ref_axis',(0.,0.,-1.));
#7379=DIRECTION('center_axis',(0.,0.,-1.));
#7380=DIRECTION('ref_axis',(0.,-1.,0.));
#7381=DIRECTION('center_axis',(0.,0.,1.));
#7382=DIRECTION('ref_axis',(1.,0.,0.));
#7383=DIRECTION('',(0.,0.,1.));
#7384=DIRECTION('',(0.,0.,1.));
#7385=DIRECTION('center_axis',(0.,0.,1.));
#7386=DIRECTION('ref_axis',(1.,0.,0.));
#7387=DIRECTION('center_axis',(0.,0.,1.));
#7388=DIRECTION('ref_axis',(1.,0.,0.));
#7389=DIRECTION('center_axis',(0.,0.,1.));
#7390=DIRECTION('ref_axis',(1.,0.,0.));
#7391=DIRECTION('center_axis',(0.,0.,-1.));
#7392=DIRECTION('ref_axis',(0.,1.,0.));
#7393=DIRECTION('center_axis',(0.,0.,1.));
#7394=DIRECTION('ref_axis',(1.,0.,0.));
#7395=DIRECTION('',(0.,0.,-1.));
#7396=DIRECTION('center_axis',(0.,0.,1.));
#7397=DIRECTION('ref_axis',(1.,0.,0.));
#7398=DIRECTION('axis',(0.,0.,1.));
#7399=DIRECTION('refdir',(1.,0.,0.));
#7400=DIRECTION('center_axis',(0.,-1.,0.));
#7401=DIRECTION('ref_axis',(-1.,0.,1.93716910436791E-15));
#7402=DIRECTION('center_axis',(0.707106781186548,-0.707106781186548,0.));
#7403=DIRECTION('ref_axis',(-0.707106781186547,-0.707106781186547,1.36978541000362E-15));
#7404=DIRECTION('center_axis',(-0.707106781186548,-0.707106781186548,0.));
#7405=DIRECTION('ref_axis',(-0.707106781186547,0.707106781186547,-9.8535327802204E-16));
#7406=DIRECTION('',(0.,-1.,0.));
#7407=DIRECTION('center_axis',(0.,-1.,0.));
#7408=DIRECTION('ref_axis',(0.,0.,-1.));
#7409=DIRECTION('center_axis',(-0.707106781186548,-0.707106781186548,0.));
#7410=DIRECTION('ref_axis',(-0.707106781186547,0.707106781186547,-9.8535327802204E-16));
#7411=DIRECTION('center_axis',(0.707106781186548,-0.707106781186548,0.));
#7412=DIRECTION('ref_axis',(-0.707106781186547,-0.707106781186547,1.36978541000362E-15));
#7413=DIRECTION('center_axis',(0.,-1.,0.));
#7414=DIRECTION('ref_axis',(0.,0.,-1.));
#7415=DIRECTION('center_axis',(0.,-1.,0.));
#7416=DIRECTION('ref_axis',(0.,0.,-1.));
#7417=DIRECTION('center_axis',(1.,0.,0.));
#7418=DIRECTION('ref_axis',(0.,1.,-1.39349996950756E-15));
#7419=DIRECTION('center_axis',(1.,0.,0.));
#7420=DIRECTION('ref_axis',(0.,0.,-1.));
#7421=DIRECTION('',(1.,0.,0.));
#7422=DIRECTION('',(1.,0.,0.));
#7423=DIRECTION('center_axis',(1.,0.,0.));
#7424=DIRECTION('ref_axis',(0.,0.,-1.));
#7425=DIRECTION('center_axis',(-1.,0.,0.));
#7426=DIRECTION('ref_axis',(0.,0.,1.));
#7427=DIRECTION('center_axis',(1.,0.,0.));
#7428=DIRECTION('ref_axis',(0.,0.,-1.));
#7429=DIRECTION('center_axis',(1.,0.,0.));
#7430=DIRECTION('ref_axis',(0.,-1.,-6.12323399573677E-17));
#7431=DIRECTION('center_axis',(1.,0.,0.));
#7432=DIRECTION('ref_axis',(0.,0.,-1.));
#7433=DIRECTION('',(1.,0.,0.));
#7434=DIRECTION('center_axis',(1.,0.,0.));
#7435=DIRECTION('ref_axis',(0.,0.,-1.));
#7436=DIRECTION('center_axis',(1.,0.,0.));
#7437=DIRECTION('ref_axis',(0.,0.309016994374948,-0.951056516295154));
#7438=DIRECTION('center_axis',(1.,0.,0.));
#7439=DIRECTION('ref_axis',(0.,0.,-1.));
#7440=DIRECTION('center_axis',(0.,-0.951056516295154,-0.309016994374948));
#7441=DIRECTION('ref_axis',(0.,-0.309016994374948,0.951056516295154));
#7442=DIRECTION('center_axis',(1.,0.,0.));
#7443=DIRECTION('ref_axis',(0.,0.,-1.));
#7444=DIRECTION('center_axis',(1.,0.,0.));
#7445=DIRECTION('ref_axis',(0.,0.,-1.));
#7446=DIRECTION('center_axis',(1.,0.,0.));
#7447=DIRECTION('ref_axis',(0.,0.,-1.));
#7448=DIRECTION('center_axis',(1.,0.,0.));
#7449=DIRECTION('ref_axis',(0.,-1.,-6.12323399573677E-17));
#7450=DIRECTION('center_axis',(1.,0.,0.));
#7451=DIRECTION('ref_axis',(0.,0.,-1.));
#7452=DIRECTION('center_axis',(1.,0.,0.));
#7453=DIRECTION('ref_axis',(0.,0.,-1.));
#7454=DIRECTION('',(-0.175033334717493,-0.984562507785907,-1.80861198558075E-16));
#7455=DIRECTION('center_axis',(1.,0.,0.));
#7456=DIRECTION('ref_axis',(0.,1.,-6.12323399573677E-17));
#7457=DIRECTION('center_axis',(1.,0.,0.));
#7458=DIRECTION('ref_axis',(0.,0.,-1.));
#7459=DIRECTION('',(-1.,0.,0.));
#7460=DIRECTION('center_axis',(-1.,0.,0.));
#7461=DIRECTION('ref_axis',(0.,0.,1.));
#7462=DIRECTION('center_axis',(1.,0.,0.));
#7463=DIRECTION('ref_axis',(0.,0.,-1.));
#7464=DIRECTION('center_axis',(1.,0.,0.));
#7465=DIRECTION('ref_axis',(0.,-1.,-6.12323399573677E-17));
#7466=DIRECTION('center_axis',(1.,0.,0.));
#7467=DIRECTION('ref_axis',(0.,0.,-1.));
#7468=DIRECTION('',(-1.,0.,0.));
#7469=DIRECTION('center_axis',(1.,0.,0.));
#7470=DIRECTION('ref_axis',(0.,0.,-1.));
#7471=DIRECTION('center_axis',(1.,0.,0.));
#7472=DIRECTION('ref_axis',(0.,0.,-1.));
#7473=DIRECTION('center_axis',(1.,0.,0.));
#7474=DIRECTION('ref_axis',(0.,-1.,-6.12323399573677E-17));
#7475=DIRECTION('center_axis',(1.,0.,0.));
#7476=DIRECTION('ref_axis',(0.,0.,-1.));
#7477=DIRECTION('center_axis',(1.,0.,0.));
#7478=DIRECTION('ref_axis',(0.,0.,-1.));
#7479=DIRECTION('',(-0.173648177667207,-0.984807753012159,-1.80906249375276E-16));
#7480=DIRECTION('center_axis',(1.,0.,0.));
#7481=DIRECTION('ref_axis',(0.,1.,-6.12323399573677E-17));
#7482=DIRECTION('center_axis',(1.,0.,0.));
#7483=DIRECTION('ref_axis',(0.,0.,-1.));
#7484=DIRECTION('',(-1.,0.,0.));
#7485=DIRECTION('center_axis',(1.,0.,0.));
#7486=DIRECTION('ref_axis',(0.,0.,-1.));
#7487=DIRECTION('center_axis',(1.,0.,0.));
#7488=DIRECTION('ref_axis',(0.,0.,-1.));
#7489=DIRECTION('center_axis',(1.,0.,0.));
#7490=DIRECTION('ref_axis',(0.,-1.,-6.12323399573677E-17));
#7491=DIRECTION('center_axis',(1.,0.,0.));
#7492=DIRECTION('ref_axis',(0.,0.,-1.));
#7493=DIRECTION('center_axis',(1.,0.,0.));
#7494=DIRECTION('ref_axis',(0.,0.,-1.));
#7495=DIRECTION('',(-0.995037190209989,-0.0995037190209982,-1.82785366503485E-17));
#7496=DIRECTION('center_axis',(1.,0.,0.));
#7497=DIRECTION('ref_axis',(0.,1.,-1.03089929025172E-13));
#7498=DIRECTION('center_axis',(1.,0.,0.));
#7499=DIRECTION('ref_axis',(0.,0.,-1.));
#7500=DIRECTION('',(-1.,0.,0.));
#7501=DIRECTION('center_axis',(-1.,0.,0.));
#7502=DIRECTION('ref_axis',(0.,1.,6.12323399573676E-17));
#7503=DIRECTION('',(0.707106781186548,0.707106781186547,-4.32978028117746E-17));
#7504=DIRECTION('center_axis',(1.,0.,0.));
#7505=DIRECTION('ref_axis',(0.,0.,-1.));
#7506=DIRECTION('center_axis',(0.,0.,-1.));
#7507=DIRECTION('ref_axis',(0.,-1.,0.));
#7508=DIRECTION('center_axis',(0.,0.,1.));
#7509=DIRECTION('ref_axis',(1.,0.,0.));
#7510=DIRECTION('',(0.,0.,1.));
#7511=DIRECTION('',(0.,0.,1.));
#7512=DIRECTION('center_axis',(0.,0.,1.));
#7513=DIRECTION('ref_axis',(1.,0.,0.));
#7514=DIRECTION('center_axis',(0.,0.,1.));
#7515=DIRECTION('ref_axis',(1.,0.,0.));
#7516=DIRECTION('center_axis',(0.,0.,1.));
#7517=DIRECTION('ref_axis',(1.,0.,0.));
#7518=DIRECTION('center_axis',(0.,-1.,0.));
#7519=DIRECTION('ref_axis',(1.,0.,-1.39349996950756E-15));
#7520=DIRECTION('center_axis',(0.,-1.,0.));
#7521=DIRECTION('ref_axis',(0.,0.,-1.));
#7522=DIRECTION('',(0.,1.,0.));
#7523=DIRECTION('center_axis',(0.,-1.,0.));
#7524=DIRECTION('ref_axis',(0.,0.,-1.));
#7525=DIRECTION('center_axis',(0.,-1.,0.));
#7526=DIRECTION('ref_axis',(0.,0.,-1.));
#7527=DIRECTION('center_axis',(0.,1.,0.));
#7528=DIRECTION('ref_axis',(1.,0.,6.12323399573677E-17));
#7529=DIRECTION('',(0.0995037190209992,-0.995037190209989,-6.09284555011622E-18));
#7530=DIRECTION('center_axis',(0.,-1.,0.));
#7531=DIRECTION('ref_axis',(0.,0.,-1.));
#7532=DIRECTION('center_axis',(0.,1.,0.));
#7533=DIRECTION('ref_axis',(0.,0.,1.));
#7534=DIRECTION('center_axis',(0.,-1.,0.));
#7535=DIRECTION('ref_axis',(0.,0.,-1.));
#7536=DIRECTION('center_axis',(0.,-1.,0.));
#7537=DIRECTION('ref_axis',(-1.,0.,-1.83758917935762E-15));
#7538=DIRECTION('center_axis',(0.,-1.,0.));
#7539=DIRECTION('ref_axis',(0.,0.,-1.));
#7540=DIRECTION('center_axis',(0.,-1.,0.));
#7541=DIRECTION('ref_axis',(0.,0.,-1.));
#7542=DIRECTION('',(0.,1.,0.));
#7543=DIRECTION('center_axis',(0.,1.,0.));
#7544=DIRECTION('ref_axis',(1.,0.,6.12323399573676E-17));
#7545=DIRECTION('',(0.984807753012202,-0.173648177666964,-6.03020831250945E-17));
#7546=DIRECTION('center_axis',(0.,-1.,0.));
#7547=DIRECTION('ref_axis',(0.,0.,-1.));
#7548=DIRECTION('center_axis',(0.,1.,0.));
#7549=DIRECTION('ref_axis',(0.,0.,1.));
#7550=DIRECTION('center_axis',(0.,-1.,0.));
#7551=DIRECTION('ref_axis',(0.,0.,-1.));
#7552=DIRECTION('center_axis',(0.,-1.,0.));
#7553=DIRECTION('ref_axis',(-1.,0.,-6.12323399573677E-17));
#7554=DIRECTION('center_axis',(0.,-1.,0.));
#7555=DIRECTION('ref_axis',(0.,0.,-1.));
#7556=DIRECTION('',(0.,1.,0.));
#7557=DIRECTION('center_axis',(0.,-1.,0.));
#7558=DIRECTION('ref_axis',(0.,0.,-1.));
#7559=DIRECTION('center_axis',(0.,-1.,0.));
#7560=DIRECTION('ref_axis',(0.,0.,-1.));
#7561=DIRECTION('center_axis',(0.,-1.,0.));
#7562=DIRECTION('ref_axis',(-1.,0.,-6.12323399573677E-17));
#7563=DIRECTION('center_axis',(0.,-1.,0.));
#7564=DIRECTION('ref_axis',(0.,0.,-1.));
#7565=DIRECTION('center_axis',(0.,-1.,0.));
#7566=DIRECTION('ref_axis',(0.,0.,-1.));
#7567=DIRECTION('',(0.,1.,0.));
#7568=DIRECTION('center_axis',(0.,1.,0.));
#7569=DIRECTION('ref_axis',(1.,0.,6.12323399573677E-17));
#7570=DIRECTION('',(0.984562507785907,-0.175033334717494,-6.02870661860251E-17));
#7571=DIRECTION('center_axis',(0.,-1.,0.));
#7572=DIRECTION('ref_axis',(0.,0.,-1.));
#7573=DIRECTION('center_axis',(0.,1.,0.));
#7574=DIRECTION('ref_axis',(0.,0.,1.));
#7575=DIRECTION('center_axis',(0.,-1.,0.));
#7576=DIRECTION('ref_axis',(-0.951056516295154,0.,-0.309016994374947));
#7577=DIRECTION('center_axis',(0.,-1.,0.));
#7578=DIRECTION('ref_axis',(-0.309016994374947,0.,0.951056516295154));
#7579=DIRECTION('center_axis',(0.,-1.,0.));
#7580=DIRECTION('ref_axis',(0.,0.,-1.));
#7581=DIRECTION('center_axis',(0.,-1.,0.));
#7582=DIRECTION('ref_axis',(0.,0.,-1.));
#7583=DIRECTION('center_axis',(0.951056516295154,0.,0.309016994374947));
#7584=DIRECTION('ref_axis',(0.309016994374947,0.,-0.951056516295154));
#7585=DIRECTION('center_axis',(0.,-1.,0.));
#7586=DIRECTION('ref_axis',(1.,0.,-6.12323399573677E-17));
#7587=DIRECTION('',(0.,-1.,0.));
#7588=DIRECTION('center_axis',(0.,-1.,0.));
#7589=DIRECTION('ref_axis',(-1.,0.,-6.12323399573677E-17));
#7590=DIRECTION('',(-0.707106781186548,0.707106781186547,-1.29893408435324E-16));
#7591=DIRECTION('center_axis',(0.,-1.,0.));
#7592=DIRECTION('ref_axis',(0.,0.,-1.));
#7593=DIRECTION('center_axis',(0.,-1.,0.));
#7594=DIRECTION('ref_axis',(-1.,0.,-1.17145536458252E-15));
#7595=DIRECTION('',(0.,1.,0.));
#7596=DIRECTION('center_axis',(0.707106781186548,0.707106781186548,0.));
#7597=DIRECTION('ref_axis',(-0.707106781186547,0.707106781186547,-8.28344032153662E-16));
#7598=DIRECTION('center_axis',(-0.707106781186548,0.707106781186548,0.));
#7599=DIRECTION('ref_axis',(0.707106781186548,0.707106781186548,-3.5731629454853E-16));
#7600=DIRECTION('center_axis',(-0.707106781186548,0.707106781186548,0.));
#7601=DIRECTION('ref_axis',(0.707106781186548,0.707106781186548,-3.5731629454853E-16));
#7602=DIRECTION('center_axis',(0.707106781186548,0.707106781186548,0.));
#7603=DIRECTION('ref_axis',(-0.707106781186547,0.707106781186547,-8.28344032153662E-16));
#7604=DIRECTION('center_axis',(1.,0.,0.));
#7605=DIRECTION('ref_axis',(0.,1.,-5.0532154980743E-16));
#7606=DIRECTION('center_axis',(1.,0.,0.));
#7607=DIRECTION('ref_axis',(0.,0.,-1.));
#7608=DIRECTION('',(-1.,0.,0.));
#7609=DIRECTION('',(-1.,0.,0.));
#7610=DIRECTION('center_axis',(1.,0.,0.));
#7611=DIRECTION('ref_axis',(0.,1.,-6.12323399573676E-17));
#7612=DIRECTION('center_axis',(1.,0.,0.));
#7613=DIRECTION('ref_axis',(0.,0.,-1.));
#7614=DIRECTION('',(-0.707106781186548,0.707106781186547,4.32978028117747E-17));
#7615=DIRECTION('center_axis',(1.,0.,0.));
#7616=DIRECTION('ref_axis',(0.,1.,3.14031561511476E-12));
#7617=DIRECTION('center_axis',(1.,0.,0.));
#7618=DIRECTION('ref_axis',(0.,0.,-1.));
#7619=DIRECTION('',(-1.,0.,0.));
#7620=DIRECTION('center_axis',(-1.,0.,0.));
#7621=DIRECTION('ref_axis',(0.,1.,6.12323399573676E-17));
#7622=DIRECTION('',(0.995037190209989,0.0995037190209982,-6.09284555011616E-18));
#7623=DIRECTION('center_axis',(1.,0.,0.));
#7624=DIRECTION('ref_axis',(0.,0.,-1.));
#7625=DIRECTION('center_axis',(-1.,0.,0.));
#7626=DIRECTION('ref_axis',(0.,0.,1.));
#7627=DIRECTION('center_axis',(1.,0.,0.));
#7628=DIRECTION('ref_axis',(0.,0.,-1.));
#7629=DIRECTION('center_axis',(1.,0.,0.));
#7630=DIRECTION('ref_axis',(0.,-1.,-1.83758917935762E-15));
#7631=DIRECTION('center_axis',(1.,0.,0.));
#7632=DIRECTION('ref_axis',(0.,0.,-1.));
#7633=DIRECTION('center_axis',(1.,0.,0.));
#7634=DIRECTION('ref_axis',(0.,0.,-1.));
#7635=DIRECTION('',(-1.,0.,0.));
#7636=DIRECTION('center_axis',(-1.,0.,0.));
#7637=DIRECTION('ref_axis',(0.,1.,6.12323399573677E-17));
#7638=DIRECTION('',(0.173648177667204,0.98480775301216,-6.03020831250919E-17));
#7639=DIRECTION('center_axis',(1.,0.,0.));
#7640=DIRECTION('ref_axis',(0.,0.,-1.));
#7641=DIRECTION('center_axis',(-1.,0.,0.));
#7642=DIRECTION('ref_axis',(0.,0.,1.));
#7643=DIRECTION('center_axis',(1.,0.,0.));
#7644=DIRECTION('ref_axis',(0.,0.,-1.));
#7645=DIRECTION('center_axis',(1.,0.,0.));
#7646=DIRECTION('ref_axis',(0.,-1.,-6.12323399573677E-17));
#7647=DIRECTION('center_axis',(1.,0.,0.));
#7648=DIRECTION('ref_axis',(0.,0.,-1.));
#7649=DIRECTION('',(-1.,0.,0.));
#7650=DIRECTION('center_axis',(1.,0.,0.));
#7651=DIRECTION('ref_axis',(0.,0.,-1.));
#7652=DIRECTION('center_axis',(1.,0.,0.));
#7653=DIRECTION('ref_axis',(0.,0.,-1.));
#7654=DIRECTION('center_axis',(1.,0.,0.));
#7655=DIRECTION('ref_axis',(0.,-1.,-6.12323399573677E-17));
#7656=DIRECTION('center_axis',(1.,0.,0.));
#7657=DIRECTION('ref_axis',(0.,0.,-1.));
#7658=DIRECTION('center_axis',(1.,0.,0.));
#7659=DIRECTION('ref_axis',(0.,0.,-1.));
#7660=DIRECTION('',(-1.,0.,0.));
#7661=DIRECTION('center_axis',(-1.,0.,0.));
#7662=DIRECTION('ref_axis',(0.,1.,6.12323399573677E-17));
#7663=DIRECTION('',(0.175033334717493,0.984562507785907,-6.02870661860251E-17));
#7664=DIRECTION('center_axis',(1.,0.,0.));
#7665=DIRECTION('ref_axis',(0.,0.,-1.));
#7666=DIRECTION('center_axis',(-1.,0.,0.));
#7667=DIRECTION('ref_axis',(0.,0.,1.));
#7668=DIRECTION('center_axis',(1.,0.,0.));
#7669=DIRECTION('ref_axis',(0.,-0.951056516295154,-0.309016994374947));
#7670=DIRECTION('center_axis',(1.,0.,0.));
#7671=DIRECTION('ref_axis',(0.,-0.309016994374948,0.951056516295154));
#7672=DIRECTION('center_axis',(1.,0.,0.));
#7673=DIRECTION('ref_axis',(0.,0.,-1.));
#7674=DIRECTION('center_axis',(1.,0.,0.));
#7675=DIRECTION('ref_axis',(0.,0.,-1.));
#7676=DIRECTION('center_axis',(0.,0.951056516295154,0.309016994374947));
#7677=DIRECTION('ref_axis',(0.,0.309016994374947,-0.951056516295154));
#7678=DIRECTION('center_axis',(1.,0.,0.));
#7679=DIRECTION('ref_axis',(0.,1.,-6.12323399573677E-17));
#7680=DIRECTION('center_axis',(1.,0.,0.));
#7681=DIRECTION('ref_axis',(0.,0.,-1.));
#7682=DIRECTION('',(1.,0.,0.));
#7683=DIRECTION('center_axis',(1.,0.,0.));
#7684=DIRECTION('ref_axis',(0.,0.,-1.));
#7685=DIRECTION('center_axis',(0.,0.,-1.));
#7686=DIRECTION('ref_axis',(0.,-1.,0.));
#7687=DIRECTION('center_axis',(0.,0.,1.));
#7688=DIRECTION('ref_axis',(1.,0.,0.));
#7689=DIRECTION('',(0.,0.,1.));
#7690=DIRECTION('',(0.,0.,1.));
#7691=DIRECTION('center_axis',(0.,0.,1.));
#7692=DIRECTION('ref_axis',(1.,0.,0.));
#7693=DIRECTION('center_axis',(0.,0.,1.));
#7694=DIRECTION('ref_axis',(1.,0.,0.));
#7695=DIRECTION('center_axis',(0.,0.,1.));
#7696=DIRECTION('ref_axis',(1.,0.,0.));
#7697=DIRECTION('center_axis',(0.,0.,1.));
#7698=DIRECTION('ref_axis',(1.,0.,0.));
#7699=DIRECTION('center_axis',(0.,0.,1.));
#7700=DIRECTION('ref_axis',(1.,0.,0.));
#7701=DIRECTION('center_axis',(0.,0.,-1.));
#7702=DIRECTION('ref_axis',(0.,1.,0.));
#7703=DIRECTION('',(0.,0.,-1.));
#7704=DIRECTION('center_axis',(0.,0.,1.));
#7705=DIRECTION('ref_axis',(1.,0.,0.));
#7706=DIRECTION('center_axis',(0.,0.,1.));
#7707=DIRECTION('ref_axis',(1.,0.,0.));
#7708=DIRECTION('center_axis',(0.,0.,-1.));
#7709=DIRECTION('ref_axis',(0.,1.,0.));
#7710=DIRECTION('',(0.,0.,-1.));
#7711=DIRECTION('axis',(0.,0.,1.));
#7712=DIRECTION('refdir',(1.,0.,0.));
#7713=DIRECTION('center_axis',(1.,0.,0.));
#7714=DIRECTION('ref_axis',(0.,0.707106781186405,-0.70710678118669));
#7715=DIRECTION('',(-1.,0.,0.));
#7716=DIRECTION('center_axis',(1.,0.,0.));
#7717=DIRECTION('ref_axis',(0.,0.,-1.));
#7718=DIRECTION('center_axis',(-0.707106781186548,0.707106781186547,0.));
#7719=DIRECTION('ref_axis',(0.707106781186547,0.707106781186548,0.));
#7720=DIRECTION('center_axis',(1.,0.,0.));
#7721=DIRECTION('ref_axis',(0.,0.707106781186405,-0.70710678118669));
#7722=DIRECTION('',(-1.,0.,0.));
#7723=DIRECTION('center_axis',(1.,0.,0.));
#7724=DIRECTION('ref_axis',(0.,0.,-1.));
#7725=DIRECTION('center_axis',(0.707106781186548,0.707106781186548,0.));
#7726=DIRECTION('ref_axis',(-0.707106781186548,0.707106781186548,-4.32978028117747E-17));
#7727=DIRECTION('center_axis',(-0.707106781186548,0.707106781186548,0.));
#7728=DIRECTION('ref_axis',(-0.707106781186548,-0.707106781186548,-4.32978028117747E-17));
#7729=DIRECTION('center_axis',(1.,0.,0.));
#7730=DIRECTION('ref_axis',(0.,0.,-1.));
#7731=DIRECTION('center_axis',(-0.707106781186548,0.707106781186547,0.));
#7732=DIRECTION('ref_axis',(0.707106781186547,0.707106781186548,0.));
#7733=DIRECTION('center_axis',(0.707106781186548,0.707106781186548,0.));
#7734=DIRECTION('ref_axis',(-0.707106781186548,0.707106781186548,-4.32978028117747E-17));
#7735=DIRECTION('center_axis',(0.,-1.,0.));
#7736=DIRECTION('ref_axis',(-1.,0.,1.49307989451785E-15));
#7737=DIRECTION('center_axis',(0.707106781186548,-0.707106781186547,0.));
#7738=DIRECTION('ref_axis',(-0.707106781186547,-0.707106781186548,1.05576691826687E-15));
#7739=DIRECTION('center_axis',(-0.707106781186548,-0.707106781186547,0.));
#7740=DIRECTION('ref_axis',(-0.707106781186547,0.707106781186548,-9.8535327802204E-16));
#7741=DIRECTION('',(0.,-1.,0.));
#7742=DIRECTION('center_axis',(0.,-1.,0.));
#7743=DIRECTION('ref_axis',(0.,0.,-1.));
#7744=DIRECTION('center_axis',(-0.707106781186548,-0.707106781186547,0.));
#7745=DIRECTION('ref_axis',(-0.707106781186547,0.707106781186548,-9.8535327802204E-16));
#7746=DIRECTION('center_axis',(0.707106781186548,-0.707106781186547,0.));
#7747=DIRECTION('ref_axis',(-0.707106781186547,-0.707106781186548,1.05576691826687E-15));
#7748=DIRECTION('center_axis',(0.,-1.,0.));
#7749=DIRECTION('ref_axis',(0.,0.,-1.));
#7750=DIRECTION('center_axis',(0.,-1.,0.));
#7751=DIRECTION('ref_axis',(0.,0.,-1.));
#7752=DIRECTION('center_axis',(1.,0.,0.));
#7753=DIRECTION('ref_axis',(0.,1.,-1.39349996950755E-15));
#7754=DIRECTION('center_axis',(1.,0.,0.));
#7755=DIRECTION('ref_axis',(0.,0.,-1.));
#7756=DIRECTION('',(1.,0.,0.));
#7757=DIRECTION('',(1.,0.,0.));
#7758=DIRECTION('center_axis',(1.,0.,0.));
#7759=DIRECTION('ref_axis',(0.,0.,-1.));
#7760=DIRECTION('center_axis',(-1.,0.,0.));
#7761=DIRECTION('ref_axis',(0.,0.,1.));
#7762=DIRECTION('center_axis',(1.,0.,0.));
#7763=DIRECTION('ref_axis',(0.,0.,-1.));
#7764=DIRECTION('center_axis',(1.,0.,0.));
#7765=DIRECTION('ref_axis',(0.,-1.,-6.12323399573677E-17));
#7766=DIRECTION('center_axis',(1.,0.,0.));
#7767=DIRECTION('ref_axis',(0.,0.,-1.));
#7768=DIRECTION('',(1.,0.,0.));
#7769=DIRECTION('center_axis',(1.,0.,0.));
#7770=DIRECTION('ref_axis',(0.,0.,-1.));
#7771=DIRECTION('center_axis',(1.,0.,0.));
#7772=DIRECTION('ref_axis',(0.,0.309016994374947,-0.951056516295154));
#7773=DIRECTION('center_axis',(1.,0.,0.));
#7774=DIRECTION('ref_axis',(0.,0.,-1.));
#7775=DIRECTION('center_axis',(0.,-0.951056516295154,-0.309016994374948));
#7776=DIRECTION('ref_axis',(0.,-0.309016994374948,0.951056516295154));
#7777=DIRECTION('center_axis',(1.,0.,0.));
#7778=DIRECTION('ref_axis',(0.,0.,-1.));
#7779=DIRECTION('center_axis',(1.,0.,0.));
#7780=DIRECTION('ref_axis',(0.,0.,-1.));
#7781=DIRECTION('center_axis',(1.,0.,0.));
#7782=DIRECTION('ref_axis',(0.,0.,-1.));
#7783=DIRECTION('center_axis',(1.,0.,0.));
#7784=DIRECTION('ref_axis',(0.,-1.,-6.12323399573677E-17));
#7785=DIRECTION('center_axis',(1.,0.,0.));
#7786=DIRECTION('ref_axis',(0.,0.,-1.));
#7787=DIRECTION('center_axis',(1.,0.,0.));
#7788=DIRECTION('ref_axis',(0.,0.,-1.));
#7789=DIRECTION('',(-0.175033334717494,-0.984562507785907,-1.80861198558075E-16));
#7790=DIRECTION('center_axis',(1.,0.,0.));
#7791=DIRECTION('ref_axis',(0.,1.,-2.83276944882399E-16));
#7792=DIRECTION('center_axis',(1.,0.,0.));
#7793=DIRECTION('ref_axis',(0.,0.,-1.));
#7794=DIRECTION('',(-1.,0.,0.));
#7795=DIRECTION('center_axis',(-1.,0.,0.));
#7796=DIRECTION('ref_axis',(0.,0.,1.));
#7797=DIRECTION('center_axis',(1.,0.,0.));
#7798=DIRECTION('ref_axis',(0.,0.,-1.));
#7799=DIRECTION('center_axis',(1.,0.,0.));
#7800=DIRECTION('ref_axis',(0.,-1.,-2.83276944882399E-16));
#7801=DIRECTION('center_axis',(1.,0.,0.));
#7802=DIRECTION('ref_axis',(0.,0.,-1.));
#7803=DIRECTION('',(-1.,0.,0.));
#7804=DIRECTION('center_axis',(1.,0.,0.));
#7805=DIRECTION('ref_axis',(0.,0.,-1.));
#7806=DIRECTION('center_axis',(1.,0.,0.));
#7807=DIRECTION('ref_axis',(0.,0.,-1.));
#7808=DIRECTION('center_axis',(1.,0.,0.));
#7809=DIRECTION('ref_axis',(0.,-1.,-6.12323399573676E-17));
#7810=DIRECTION('center_axis',(1.,0.,0.));
#7811=DIRECTION('ref_axis',(0.,0.,-1.));
#7812=DIRECTION('center_axis',(1.,0.,0.));
#7813=DIRECTION('ref_axis',(0.,0.,-1.));
#7814=DIRECTION('',(-0.173648177666487,-0.984807753012286,-1.80906249375299E-16));
#7815=DIRECTION('center_axis',(1.,0.,0.));
#7816=DIRECTION('ref_axis',(0.,1.,-2.83276944882399E-16));
#7817=DIRECTION('center_axis',(1.,0.,0.));
#7818=DIRECTION('ref_axis',(0.,0.,-1.));
#7819=DIRECTION('',(-1.,0.,0.));
#7820=DIRECTION('center_axis',(1.,0.,0.));
#7821=DIRECTION('ref_axis',(0.,0.,-1.));
#7822=DIRECTION('center_axis',(1.,0.,0.));
#7823=DIRECTION('ref_axis',(0.,0.,-1.));
#7824=DIRECTION('center_axis',(1.,0.,0.));
#7825=DIRECTION('ref_axis',(0.,-1.,-6.12323399573677E-17));
#7826=DIRECTION('center_axis',(1.,0.,0.));
#7827=DIRECTION('ref_axis',(0.,0.,-1.));
#7828=DIRECTION('center_axis',(1.,0.,0.));
#7829=DIRECTION('ref_axis',(0.,0.,-1.));
#7830=DIRECTION('',(-0.988936352868298,-0.148340452930244,-2.72496991297637E-17));
#7831=DIRECTION('center_axis',(1.,0.,0.));
#7832=DIRECTION('ref_axis',(0.,1.,-1.64596284589406E-13));
#7833=DIRECTION('center_axis',(1.,0.,0.));
#7834=DIRECTION('ref_axis',(0.,0.,-1.));
#7835=DIRECTION('',(-1.,0.,0.));
#7836=DIRECTION('center_axis',(-1.,0.,0.));
#7837=DIRECTION('ref_axis',(0.,1.,9.49410759657493E-16));
#7838=DIRECTION('',(0.707106781186547,0.707106781186547,5.84739180661735E-16));
#7839=DIRECTION('center_axis',(0.,0.,-1.));
#7840=DIRECTION('ref_axis',(0.,-1.,0.));
#7841=DIRECTION('center_axis',(0.,0.,1.));
#7842=DIRECTION('ref_axis',(1.,0.,0.));
#7843=DIRECTION('',(0.,0.,1.));
#7844=DIRECTION('',(0.,0.,1.));
#7845=DIRECTION('center_axis',(0.,0.,1.));
#7846=DIRECTION('ref_axis',(1.,0.,0.));
#7847=DIRECTION('center_axis',(0.,0.,1.));
#7848=DIRECTION('ref_axis',(1.,0.,0.));
#7849=DIRECTION('center_axis',(0.,0.,1.));
#7850=DIRECTION('ref_axis',(1.,0.,0.));
#7851=DIRECTION('center_axis',(0.,-1.,0.));
#7852=DIRECTION('ref_axis',(1.,0.,-2.45251098909146E-11));
#7853=DIRECTION('center_axis',(0.,-1.,0.));
#7854=DIRECTION('ref_axis',(0.,0.,-1.));
#7855=DIRECTION('',(0.,1.,0.));
#7856=DIRECTION('center_axis',(0.,-1.,0.));
#7857=DIRECTION('ref_axis',(0.,0.,-1.));
#7858=DIRECTION('center_axis',(0.,-1.,0.));
#7859=DIRECTION('ref_axis',(0.,0.,-1.));
#7860=DIRECTION('center_axis',(0.,1.,0.));
#7861=DIRECTION('ref_axis',(1.,0.,6.12323399573677E-17));
#7862=DIRECTION('',(0.148340452930245,-0.988936352868298,-9.08323304325465E-18));
#7863=DIRECTION('center_axis',(0.,-1.,0.));
#7864=DIRECTION('ref_axis',(0.,0.,-1.));
#7865=DIRECTION('center_axis',(0.,1.,0.));
#7866=DIRECTION('ref_axis',(0.,0.,1.));
#7867=DIRECTION('center_axis',(0.,-1.,0.));
#7868=DIRECTION('ref_axis',(0.,0.,-1.));
#7869=DIRECTION('center_axis',(0.,-1.,0.));
#7870=DIRECTION('ref_axis',(-1.,0.,-1.39349996950756E-15));
#7871=DIRECTION('center_axis',(0.,-1.,0.));
#7872=DIRECTION('ref_axis',(0.,0.,-1.));
#7873=DIRECTION('center_axis',(0.,-1.,0.));
#7874=DIRECTION('ref_axis',(0.,0.,-1.));
#7875=DIRECTION('',(0.,1.,0.));
#7876=DIRECTION('center_axis',(0.,1.,0.));
#7877=DIRECTION('ref_axis',(1.,0.,6.12323399573677E-17));
#7878=DIRECTION('',(0.984807753012219,-0.173648177666868,-6.03020831250956E-17));
#7879=DIRECTION('center_axis',(0.,-1.,0.));
#7880=DIRECTION('ref_axis',(0.,0.,-1.));
#7881=DIRECTION('center_axis',(0.,1.,0.));
#7882=DIRECTION('ref_axis',(0.,0.,1.));
#7883=DIRECTION('center_axis',(0.,-1.,0.));
#7884=DIRECTION('ref_axis',(0.,0.,-1.));
#7885=DIRECTION('center_axis',(0.,-1.,0.));
#7886=DIRECTION('ref_axis',(-1.,0.,-2.83276944882399E-16));
#7887=DIRECTION('center_axis',(0.,-1.,0.));
#7888=DIRECTION('ref_axis',(0.,0.,-1.));
#7889=DIRECTION('',(0.,1.,0.));
#7890=DIRECTION('center_axis',(0.,-1.,0.));
#7891=DIRECTION('ref_axis',(0.,0.,-1.));
#7892=DIRECTION('center_axis',(0.,-1.,0.));
#7893=DIRECTION('ref_axis',(0.,0.,-1.));
#7894=DIRECTION('center_axis',(0.,-1.,0.));
#7895=DIRECTION('ref_axis',(-1.,0.,-6.12323399573677E-17));
#7896=DIRECTION('center_axis',(0.,-1.,0.));
#7897=DIRECTION('ref_axis',(0.,0.,-1.));
#7898=DIRECTION('center_axis',(0.,-1.,0.));
#7899=DIRECTION('ref_axis',(0.,0.,-1.));
#7900=DIRECTION('',(0.,1.,0.));
#7901=DIRECTION('center_axis',(0.,1.,0.));
#7902=DIRECTION('ref_axis',(1.,0.,6.12323399573677E-17));
#7903=DIRECTION('',(0.984562507785907,-0.175033334717494,-6.02870661860251E-17));
#7904=DIRECTION('center_axis',(0.,-1.,0.));
#7905=DIRECTION('ref_axis',(0.,0.,-1.));
#7906=DIRECTION('center_axis',(0.,1.,0.));
#7907=DIRECTION('ref_axis',(0.,0.,1.));
#7908=DIRECTION('center_axis',(0.,-1.,0.));
#7909=DIRECTION('ref_axis',(-0.951056516295154,0.,-0.309016994374947));
#7910=DIRECTION('center_axis',(0.,-1.,0.));
#7911=DIRECTION('ref_axis',(-0.309016994374947,0.,0.951056516295154));
#7912=DIRECTION('center_axis',(0.,-1.,0.));
#7913=DIRECTION('ref_axis',(0.,0.,-1.));
#7914=DIRECTION('center_axis',(0.,-1.,0.));
#7915=DIRECTION('ref_axis',(0.,0.,-1.));
#7916=DIRECTION('center_axis',(0.951056516295154,0.,0.309016994374947));
#7917=DIRECTION('ref_axis',(0.309016994374947,0.,-0.951056516295154));
#7918=DIRECTION('center_axis',(0.,-1.,0.));
#7919=DIRECTION('ref_axis',(1.,0.,-2.83276944882399E-16));
#7920=DIRECTION('',(0.,-1.,0.));
#7921=DIRECTION('center_axis',(0.,-1.,0.));
#7922=DIRECTION('ref_axis',(-1.,0.,-6.12323399573676E-17));
#7923=DIRECTION('',(-0.707106781186547,0.707106781186548,-1.29893408435324E-16));
#7924=DIRECTION('center_axis',(0.,-1.,0.));
#7925=DIRECTION('ref_axis',(0.,0.,-1.));
#7926=DIRECTION('center_axis',(0.,-1.,0.));
#7927=DIRECTION('ref_axis',(-1.,0.,-6.12323399573676E-17));
#7928=DIRECTION('',(0.,1.,0.));
#7929=DIRECTION('center_axis',(0.707106781186548,0.707106781186548,0.));
#7930=DIRECTION('ref_axis',(-0.707106781186548,0.707106781186548,-4.32978028117747E-17));
#7931=DIRECTION('center_axis',(1.,0.,0.));
#7932=DIRECTION('ref_axis',(0.,0.707106781186405,-0.70710678118669));
#7933=DIRECTION('center_axis',(1.,0.,0.));
#7934=DIRECTION('ref_axis',(0.,0.,-1.));
#7935=DIRECTION('center_axis',(1.,0.,0.));
#7936=DIRECTION('ref_axis',(0.,1.,-6.12323399573676E-17));
#7937=DIRECTION('center_axis',(1.,0.,0.));
#7938=DIRECTION('ref_axis',(0.,0.,-1.));
#7939=DIRECTION('',(-0.707106781186548,0.707106781186548,4.32978028117747E-17));
#7940=DIRECTION('center_axis',(1.,0.,0.));
#7941=DIRECTION('ref_axis',(0.,1.,-2.45266642031491E-11));
#7942=DIRECTION('center_axis',(1.,0.,0.));
#7943=DIRECTION('ref_axis',(0.,0.,-1.));
#7944=DIRECTION('',(-1.,0.,0.));
#7945=DIRECTION('center_axis',(-1.,0.,0.));
#7946=DIRECTION('ref_axis',(0.,1.,6.12323399573677E-17));
#7947=DIRECTION('',(0.988936352868298,0.148340452930244,-9.08323304325457E-18));
#7948=DIRECTION('center_axis',(1.,0.,0.));
#7949=DIRECTION('ref_axis',(0.,0.,-1.));
#7950=DIRECTION('center_axis',(-1.,0.,0.));
#7951=DIRECTION('ref_axis',(0.,0.,1.));
#7952=DIRECTION('center_axis',(1.,0.,0.));
#7953=DIRECTION('ref_axis',(0.,0.,-1.));
#7954=DIRECTION('center_axis',(1.,0.,0.));
#7955=DIRECTION('ref_axis',(0.,-1.,-1.39349996950756E-15));
#7956=DIRECTION('center_axis',(1.,0.,0.));
#7957=DIRECTION('ref_axis',(0.,0.,-1.));
#7958=DIRECTION('center_axis',(1.,0.,0.));
#7959=DIRECTION('ref_axis',(0.,0.,-1.));
#7960=DIRECTION('',(-1.,0.,0.));
#7961=DIRECTION('center_axis',(-1.,0.,0.));
#7962=DIRECTION('ref_axis',(0.,1.,6.12323399573677E-17));
#7963=DIRECTION('',(0.173648177666483,0.984807753012287,-6.03020831250997E-17));
#7964=DIRECTION('center_axis',(1.,0.,0.));
#7965=DIRECTION('ref_axis',(0.,0.,-1.));
#7966=DIRECTION('center_axis',(-1.,0.,0.));
#7967=DIRECTION('ref_axis',(0.,0.,1.));
#7968=DIRECTION('center_axis',(1.,0.,0.));
#7969=DIRECTION('ref_axis',(0.,0.,-1.));
#7970=DIRECTION('center_axis',(1.,0.,0.));
#7971=DIRECTION('ref_axis',(0.,-1.,-2.83276944882399E-16));
#7972=DIRECTION('center_axis',(1.,0.,0.));
#7973=DIRECTION('ref_axis',(0.,0.,-1.));
#7974=DIRECTION('',(-1.,0.,0.));
#7975=DIRECTION('center_axis',(1.,0.,0.));
#7976=DIRECTION('ref_axis',(0.,0.,-1.));
#7977=DIRECTION('center_axis',(1.,0.,0.));
#7978=DIRECTION('ref_axis',(0.,0.,-1.));
#7979=DIRECTION('center_axis',(1.,0.,0.));
#7980=DIRECTION('ref_axis',(0.,-1.,-6.12323399573677E-17));
#7981=DIRECTION('center_axis',(1.,0.,0.));
#7982=DIRECTION('ref_axis',(0.,0.,-1.));
#7983=DIRECTION('center_axis',(1.,0.,0.));
#7984=DIRECTION('ref_axis',(0.,0.,-1.));
#7985=DIRECTION('',(-1.,0.,0.));
#7986=DIRECTION('center_axis',(-1.,0.,0.));
#7987=DIRECTION('ref_axis',(0.,1.,6.12323399573677E-17));
#7988=DIRECTION('',(0.175033334717495,0.984562507785907,-6.02870661860251E-17));
#7989=DIRECTION('center_axis',(1.,0.,0.));
#7990=DIRECTION('ref_axis',(0.,0.,-1.));
#7991=DIRECTION('center_axis',(-1.,0.,0.));
#7992=DIRECTION('ref_axis',(0.,0.,1.));
#7993=DIRECTION('center_axis',(1.,0.,0.));
#7994=DIRECTION('ref_axis',(0.,-0.951056516295154,-0.309016994374947));
#7995=DIRECTION('center_axis',(1.,0.,0.));
#7996=DIRECTION('ref_axis',(0.,-0.309016994374947,0.951056516295154));
#7997=DIRECTION('center_axis',(1.,0.,0.));
#7998=DIRECTION('ref_axis',(0.,0.,-1.));
#7999=DIRECTION('center_axis',(1.,0.,0.));
#8000=DIRECTION('ref_axis',(0.,0.,-1.));
#8001=DIRECTION('center_axis',(0.,0.951056516295154,0.309016994374948));
#8002=DIRECTION('ref_axis',(0.,0.309016994374948,-0.951056516295154));
#8003=DIRECTION('center_axis',(1.,0.,0.));
#8004=DIRECTION('ref_axis',(0.,1.,-2.83276944882399E-16));
#8005=DIRECTION('center_axis',(1.,0.,0.));
#8006=DIRECTION('ref_axis',(0.,0.,-1.));
#8007=DIRECTION('',(1.,0.,0.));
#8008=DIRECTION('center_axis',(1.,0.,0.));
#8009=DIRECTION('ref_axis',(0.,0.,-1.));
#8010=DIRECTION('center_axis',(0.,0.,-1.));
#8011=DIRECTION('ref_axis',(0.,-1.,0.));
#8012=DIRECTION('center_axis',(0.,0.,1.));
#8013=DIRECTION('ref_axis',(1.,0.,0.));
#8014=DIRECTION('',(0.,0.,1.));
#8015=DIRECTION('',(0.,0.,1.));
#8016=DIRECTION('center_axis',(0.,0.,1.));
#8017=DIRECTION('ref_axis',(1.,0.,0.));
#8018=DIRECTION('center_axis',(0.,0.,1.));
#8019=DIRECTION('ref_axis',(1.,0.,0.));
#8020=DIRECTION('center_axis',(0.,0.,1.));
#8021=DIRECTION('ref_axis',(1.,0.,0.));
#8022=DIRECTION('center_axis',(0.,0.,1.));
#8023=DIRECTION('ref_axis',(1.,0.,0.));
#8024=DIRECTION('center_axis',(0.,0.,1.));
#8025=DIRECTION('ref_axis',(1.,0.,0.));
#8026=DIRECTION('center_axis',(0.,0.,-1.));
#8027=DIRECTION('ref_axis',(0.,1.,0.));
#8028=DIRECTION('',(0.,0.,-1.));
#8029=DIRECTION('center_axis',(0.,0.,1.));
#8030=DIRECTION('ref_axis',(1.,0.,0.));
#8031=DIRECTION('center_axis',(0.,0.,1.));
#8032=DIRECTION('ref_axis',(1.,0.,0.));
#8033=DIRECTION('center_axis',(0.,0.,-1.));
#8034=DIRECTION('ref_axis',(0.,1.,0.));
#8035=DIRECTION('',(0.,0.,-1.));
#8036=DIRECTION('axis',(0.,0.,1.));
#8037=DIRECTION('refdir',(1.,0.,0.));
#8038=DIRECTION('center_axis',(0.,-1.,0.));
#8039=DIRECTION('ref_axis',(-1.,0.,-9.49410759657493E-16));
#8040=DIRECTION('center_axis',(0.707106781186548,-0.707106781186548,0.));
#8041=DIRECTION('ref_axis',(-0.707106781186547,-0.707106781186547,-6.71334786285285E-16));
#8042=DIRECTION('center_axis',(-0.707106781186547,-0.707106781186548,0.));
#8043=DIRECTION('ref_axis',(-0.707106781186548,0.707106781186547,-9.85353278022039E-16));
#8044=DIRECTION('',(0.,-1.,0.));
#8045=DIRECTION('center_axis',(0.,-1.,0.));
#8046=DIRECTION('ref_axis',(0.,0.,-1.));
#8047=DIRECTION('center_axis',(-0.707106781186547,-0.707106781186548,0.));
#8048=DIRECTION('ref_axis',(-0.707106781186548,0.707106781186547,-9.85353278022039E-16));
#8049=DIRECTION('center_axis',(0.707106781186548,-0.707106781186548,0.));
#8050=DIRECTION('ref_axis',(-0.707106781186547,-0.707106781186547,-6.71334786285285E-16));
#8051=DIRECTION('center_axis',(0.,-1.,0.));
#8052=DIRECTION('ref_axis',(0.,0.,-1.));
#8053=DIRECTION('center_axis',(0.,-1.,0.));
#8054=DIRECTION('ref_axis',(0.,0.,-1.));
#8055=DIRECTION('center_axis',(1.,0.,0.));
#8056=DIRECTION('ref_axis',(0.,1.,-1.39349996950756E-15));
#8057=DIRECTION('center_axis',(1.,0.,0.));
#8058=DIRECTION('ref_axis',(0.,0.,-1.));
#8059=DIRECTION('',(1.,0.,0.));
#8060=DIRECTION('',(1.,0.,0.));
#8061=DIRECTION('center_axis',(1.,0.,0.));
#8062=DIRECTION('ref_axis',(0.,0.,-1.));
#8063=DIRECTION('center_axis',(-1.,0.,0.));
#8064=DIRECTION('ref_axis',(0.,0.,1.));
#8065=DIRECTION('center_axis',(1.,0.,0.));
#8066=DIRECTION('ref_axis',(0.,0.,-1.));
#8067=DIRECTION('center_axis',(1.,0.,0.));
#8068=DIRECTION('ref_axis',(0.,-1.,-2.83276944882399E-16));
#8069=DIRECTION('center_axis',(1.,0.,0.));
#8070=DIRECTION('ref_axis',(0.,0.,-1.));
#8071=DIRECTION('',(1.,0.,0.));
#8072=DIRECTION('center_axis',(1.,0.,0.));
#8073=DIRECTION('ref_axis',(0.,0.,-1.));
#8074=DIRECTION('center_axis',(1.,0.,0.));
#8075=DIRECTION('ref_axis',(0.,0.309016994374947,-0.951056516295154));
#8076=DIRECTION('center_axis',(1.,0.,0.));
#8077=DIRECTION('ref_axis',(0.,0.,-1.));
#8078=DIRECTION('center_axis',(0.,-0.951056516295154,-0.309016994374948));
#8079=DIRECTION('ref_axis',(0.,-0.309016994374948,0.951056516295154));
#8080=DIRECTION('center_axis',(1.,0.,0.));
#8081=DIRECTION('ref_axis',(0.,0.,-1.));
#8082=DIRECTION('center_axis',(1.,0.,0.));
#8083=DIRECTION('ref_axis',(0.,0.,-1.));
#8084=DIRECTION('center_axis',(1.,0.,0.));
#8085=DIRECTION('ref_axis',(0.,0.,-1.));
#8086=DIRECTION('center_axis',(1.,0.,0.));
#8087=DIRECTION('ref_axis',(0.,-1.,-6.12323399573677E-17));
#8088=DIRECTION('center_axis',(1.,0.,0.));
#8089=DIRECTION('ref_axis',(0.,0.,-1.));
#8090=DIRECTION('center_axis',(1.,0.,0.));
#8091=DIRECTION('ref_axis',(0.,0.,-1.));
#8092=DIRECTION('',(-0.141421356237309,-0.989949493661167,-1.81850771809454E-16));
#8093=DIRECTION('center_axis',(1.,0.,0.));
#8094=DIRECTION('ref_axis',(0.,1.,-6.12323399573676E-17));
#8095=DIRECTION('center_axis',(1.,0.,0.));
#8096=DIRECTION('ref_axis',(0.,0.,-1.));
#8097=DIRECTION('',(-1.,0.,0.));
#8098=DIRECTION('center_axis',(-1.,0.,0.));
#8099=DIRECTION('ref_axis',(0.,0.,1.));
#8100=DIRECTION('center_axis',(1.,0.,0.));
#8101=DIRECTION('ref_axis',(0.,0.,-1.));
#8102=DIRECTION('center_axis',(1.,0.,0.));
#8103=DIRECTION('ref_axis',(0.,-1.,-6.12323399573677E-17));
#8104=DIRECTION('center_axis',(1.,0.,0.));
#8105=DIRECTION('ref_axis',(0.,0.,-1.));
#8106=DIRECTION('',(-1.,0.,0.));
#8107=DIRECTION('center_axis',(1.,0.,0.));
#8108=DIRECTION('ref_axis',(0.,0.,-1.));
#8109=DIRECTION('center_axis',(1.,0.,0.));
#8110=DIRECTION('ref_axis',(0.,0.,-1.));
#8111=DIRECTION('center_axis',(1.,0.,0.));
#8112=DIRECTION('ref_axis',(0.,-1.,-6.12323399573677E-17));
#8113=DIRECTION('center_axis',(1.,0.,0.));
#8114=DIRECTION('ref_axis',(0.,0.,-1.));
#8115=DIRECTION('center_axis',(1.,0.,0.));
#8116=DIRECTION('ref_axis',(0.,0.,-1.));
#8117=DIRECTION('',(-0.17364817766681,-0.984807753012229,-1.80906249375289E-16));
#8118=DIRECTION('center_axis',(1.,0.,0.));
#8119=DIRECTION('ref_axis',(0.,1.,-6.12323399573677E-17));
#8120=DIRECTION('center_axis',(1.,0.,0.));
#8121=DIRECTION('ref_axis',(0.,0.,-1.));
#8122=DIRECTION('',(-1.,0.,0.));
#8123=DIRECTION('center_axis',(1.,0.,0.));
#8124=DIRECTION('ref_axis',(0.,0.,-1.));
#8125=DIRECTION('center_axis',(1.,0.,0.));
#8126=DIRECTION('ref_axis',(0.,0.,-1.));
#8127=DIRECTION('center_axis',(1.,0.,0.));
#8128=DIRECTION('ref_axis',(0.,-1.,-6.12323399573676E-17));
#8129=DIRECTION('center_axis',(1.,0.,0.));
#8130=DIRECTION('ref_axis',(0.,0.,-1.));
#8131=DIRECTION('center_axis',(1.,0.,0.));
#8132=DIRECTION('ref_axis',(0.,0.,-1.));
#8133=DIRECTION('',(-0.996815278536125,-0.0797452222828895,-1.46489596824052E-17));
#8134=DIRECTION('center_axis',(1.,0.,0.));
#8135=DIRECTION('ref_axis',(0.,1.,-9.93266750169622E-13));
#8136=DIRECTION('center_axis',(1.,0.,0.));
#8137=DIRECTION('ref_axis',(0.,0.,-1.));
#8138=DIRECTION('',(-1.,0.,0.));
#8139=DIRECTION('center_axis',(-1.,0.,0.));
#8140=DIRECTION('ref_axis',(0.,1.,9.05383385100477E-10));
#8141=DIRECTION('',(0.707106781186548,0.707106781186547,6.40202644582572E-10));
#8142=DIRECTION('center_axis',(1.,0.,0.));
#8143=DIRECTION('ref_axis',(0.,0.,-1.));
#8144=DIRECTION('center_axis',(0.,0.,-1.));
#8145=DIRECTION('ref_axis',(0.,-1.,0.));
#8146=DIRECTION('center_axis',(0.,0.,1.));
#8147=DIRECTION('ref_axis',(1.,0.,0.));
#8148=DIRECTION('',(0.,0.,1.));
#8149=DIRECTION('',(0.,0.,1.));
#8150=DIRECTION('center_axis',(0.,0.,1.));
#8151=DIRECTION('ref_axis',(1.,0.,0.));
#8152=DIRECTION('center_axis',(0.,0.,1.));
#8153=DIRECTION('ref_axis',(1.,0.,0.));
#8154=DIRECTION('center_axis',(0.,0.,1.));
#8155=DIRECTION('ref_axis',(1.,0.,0.));
#8156=DIRECTION('center_axis',(0.,-1.,0.));
#8157=DIRECTION('ref_axis',(1.,0.,-9.49410759657493E-16));
#8158=DIRECTION('center_axis',(0.,-1.,0.));
#8159=DIRECTION('ref_axis',(0.,0.,-1.));
#8160=DIRECTION('',(0.,1.,0.));
#8161=DIRECTION('center_axis',(0.,-1.,0.));
#8162=DIRECTION('ref_axis',(0.,0.,-1.));
#8163=DIRECTION('center_axis',(0.,-1.,0.));
#8164=DIRECTION('ref_axis',(0.,0.,-1.));
#8165=DIRECTION('center_axis',(0.,1.,0.));
#8166=DIRECTION('ref_axis',(1.,0.,6.12323399573677E-17));
#8167=DIRECTION('',(0.0797452222828902,-0.996815278536125,-4.88298656080178E-18));
#8168=DIRECTION('center_axis',(0.,-1.,0.));
#8169=DIRECTION('ref_axis',(0.,0.,-1.));
#8170=DIRECTION('center_axis',(0.,1.,0.));
#8171=DIRECTION('ref_axis',(0.,0.,1.));
#8172=DIRECTION('center_axis',(0.,-1.,0.));
#8173=DIRECTION('ref_axis',(0.,0.,-1.));
#8174=DIRECTION('center_axis',(0.,-1.,0.));
#8175=DIRECTION('ref_axis',(-1.,0.,-1.39349996950756E-15));
#8176=DIRECTION('center_axis',(0.,-1.,0.));
#8177=DIRECTION('ref_axis',(0.,0.,-1.));
#8178=DIRECTION('center_axis',(0.,-1.,0.));
#8179=DIRECTION('ref_axis',(0.,0.,-1.));
#8180=DIRECTION('',(0.,1.,0.));
#8181=DIRECTION('center_axis',(0.,1.,0.));
#8182=DIRECTION('ref_axis',(1.,0.,6.12323399573677E-17));
#8183=DIRECTION('',(0.984807753012202,-0.173648177666963,-6.03020831250945E-17));
#8184=DIRECTION('center_axis',(0.,-1.,0.));
#8185=DIRECTION('ref_axis',(0.,0.,-1.));
#8186=DIRECTION('center_axis',(0.,1.,0.));
#8187=DIRECTION('ref_axis',(0.,0.,1.));
#8188=DIRECTION('center_axis',(0.,-1.,0.));
#8189=DIRECTION('ref_axis',(0.,0.,-1.));
#8190=DIRECTION('center_axis',(0.,-1.,0.));
#8191=DIRECTION('ref_axis',(-1.,0.,-6.12323399573677E-17));
#8192=DIRECTION('center_axis',(0.,-1.,0.));
#8193=DIRECTION('ref_axis',(0.,0.,-1.));
#8194=DIRECTION('',(0.,1.,0.));
#8195=DIRECTION('center_axis',(0.,-1.,0.));
#8196=DIRECTION('ref_axis',(0.,0.,-1.));
#8197=DIRECTION('center_axis',(0.,-1.,0.));
#8198=DIRECTION('ref_axis',(0.,0.,-1.));
#8199=DIRECTION('center_axis',(0.,-1.,0.));
#8200=DIRECTION('ref_axis',(-1.,0.,-6.12323399573677E-17));
#8201=DIRECTION('center_axis',(0.,-1.,0.));
#8202=DIRECTION('ref_axis',(0.,0.,-1.));
#8203=DIRECTION('center_axis',(0.,-1.,0.));
#8204=DIRECTION('ref_axis',(0.,0.,-1.));
#8205=DIRECTION('',(0.,1.,0.));
#8206=DIRECTION('center_axis',(0.,1.,0.));
#8207=DIRECTION('ref_axis',(1.,0.,6.12323399573677E-17));
#8208=DIRECTION('',(0.989949493661167,-0.141421356237309,-6.06169239364845E-17));
#8209=DIRECTION('center_axis',(0.,-1.,0.));
#8210=DIRECTION('ref_axis',(0.,0.,-1.));
#8211=DIRECTION('center_axis',(0.,1.,0.));
#8212=DIRECTION('ref_axis',(0.,0.,1.));
#8213=DIRECTION('center_axis',(0.,-1.,0.));
#8214=DIRECTION('ref_axis',(-0.951056516295154,0.,-0.309016994374947));
#8215=DIRECTION('center_axis',(0.,-1.,0.));
#8216=DIRECTION('ref_axis',(-0.309016994374947,0.,0.951056516295154));
#8217=DIRECTION('center_axis',(0.,-1.,0.));
#8218=DIRECTION('ref_axis',(0.,0.,-1.));
#8219=DIRECTION('center_axis',(0.,-1.,0.));
#8220=DIRECTION('ref_axis',(0.,0.,-1.));
#8221=DIRECTION('center_axis',(0.951056516295154,0.,0.309016994374947));
#8222=DIRECTION('ref_axis',(0.309016994374947,0.,-0.951056516295154));
#8223=DIRECTION('center_axis',(0.,-1.,0.));
#8224=DIRECTION('ref_axis',(1.,0.,-2.83276944882399E-16));
#8225=DIRECTION('',(0.,-1.,0.));
#8226=DIRECTION('center_axis',(0.,-1.,0.));
#8227=DIRECTION('ref_axis',(-1.,0.,-6.12323399573677E-17));
#8228=DIRECTION('',(-0.707106781186547,0.707106781186548,-1.29893408435324E-16));
#8229=DIRECTION('center_axis',(0.,-1.,0.));
#8230=DIRECTION('ref_axis',(0.,0.,-1.));
#8231=DIRECTION('center_axis',(0.,-1.,0.));
#8232=DIRECTION('ref_axis',(-1.,0.,-1.17145536458252E-15));
#8233=DIRECTION('',(0.,1.,0.));
#8234=DIRECTION('center_axis',(0.707106781186547,0.707106781186548,0.));
#8235=DIRECTION('ref_axis',(-0.707106781186548,0.707106781186547,-8.28344032153662E-16));
#8236=DIRECTION('center_axis',(-0.707106781186548,0.707106781186548,0.));
#8237=DIRECTION('ref_axis',(-0.707106781186547,-0.707106781186547,1.13711443056603E-16));
#8238=DIRECTION('center_axis',(-0.707106781186548,0.707106781186548,0.));
#8239=DIRECTION('ref_axis',(-0.707106781186547,-0.707106781186547,1.13711443056603E-16));
#8240=DIRECTION('center_axis',(0.707106781186547,0.707106781186548,0.));
#8241=DIRECTION('ref_axis',(-0.707106781186548,0.707106781186547,-8.28344032153662E-16));
#8242=DIRECTION('center_axis',(1.,0.,0.));
#8243=DIRECTION('ref_axis',(0.,1.,-2.83276944882399E-16));
#8244=DIRECTION('center_axis',(1.,0.,0.));
#8245=DIRECTION('ref_axis',(0.,0.,-1.));
#8246=DIRECTION('center_axis',(1.,0.,0.));
#8247=DIRECTION('ref_axis',(0.,1.,-6.12323399573677E-17));
#8248=DIRECTION('center_axis',(1.,0.,0.));
#8249=DIRECTION('ref_axis',(0.,0.,-1.));
#8250=DIRECTION('',(-0.707106781186549,0.707106781186546,4.32978028117746E-17));
#8251=DIRECTION('center_axis',(1.,0.,0.));
#8252=DIRECTION('ref_axis',(0.,1.,-1.1871009900842E-11));
#8253=DIRECTION('center_axis',(1.,0.,0.));
#8254=DIRECTION('ref_axis',(0.,0.,-1.));
#8255=DIRECTION('',(-1.,0.,0.));
#8256=DIRECTION('center_axis',(-1.,0.,0.));
#8257=DIRECTION('ref_axis',(0.,1.,6.12323399573677E-17));
#8258=DIRECTION('',(0.996815278536125,0.0797452222828895,-4.88298656080174E-18));
#8259=DIRECTION('center_axis',(1.,0.,0.));
#8260=DIRECTION('ref_axis',(0.,0.,-1.));
#8261=DIRECTION('center_axis',(-1.,0.,0.));
#8262=DIRECTION('ref_axis',(0.,0.,1.));
#8263=DIRECTION('center_axis',(1.,0.,0.));
#8264=DIRECTION('ref_axis',(0.,0.,-1.));
#8265=DIRECTION('center_axis',(1.,0.,0.));
#8266=DIRECTION('ref_axis',(0.,-1.,-1.39349996950756E-15));
#8267=DIRECTION('center_axis',(1.,0.,0.));
#8268=DIRECTION('ref_axis',(0.,0.,-1.));
#8269=DIRECTION('center_axis',(1.,0.,0.));
#8270=DIRECTION('ref_axis',(0.,0.,-1.));
#8271=DIRECTION('',(-1.,0.,0.));
#8272=DIRECTION('center_axis',(-1.,0.,0.));
#8273=DIRECTION('ref_axis',(0.,1.,6.12323399573677E-17));
#8274=DIRECTION('',(0.173648177666806,0.98480775301223,-6.03020831250962E-17));
#8275=DIRECTION('center_axis',(1.,0.,0.));
#8276=DIRECTION('ref_axis',(0.,0.,-1.));
#8277=DIRECTION('center_axis',(-1.,0.,0.));
#8278=DIRECTION('ref_axis',(0.,0.,1.));
#8279=DIRECTION('center_axis',(1.,0.,0.));
#8280=DIRECTION('ref_axis',(0.,0.,-1.));
#8281=DIRECTION('center_axis',(1.,0.,0.));
#8282=DIRECTION('ref_axis',(0.,-1.,-6.12323399573677E-17));
#8283=DIRECTION('center_axis',(1.,0.,0.));
#8284=DIRECTION('ref_axis',(0.,0.,-1.));
#8285=DIRECTION('',(-1.,0.,0.));
#8286=DIRECTION('center_axis',(1.,0.,0.));
#8287=DIRECTION('ref_axis',(0.,0.,-1.));
#8288=DIRECTION('center_axis',(1.,0.,0.));
#8289=DIRECTION('ref_axis',(0.,0.,-1.));
#8290=DIRECTION('center_axis',(1.,0.,0.));
#8291=DIRECTION('ref_axis',(0.,-1.,-6.12323399573676E-17));
#8292=DIRECTION('center_axis',(1.,0.,0.));
#8293=DIRECTION('ref_axis',(0.,0.,-1.));
#8294=DIRECTION('center_axis',(1.,0.,0.));
#8295=DIRECTION('ref_axis',(0.,0.,-1.));
#8296=DIRECTION('',(-1.,0.,0.));
#8297=DIRECTION('center_axis',(-1.,0.,0.));
#8298=DIRECTION('ref_axis',(0.,1.,6.12323399573676E-17));
#8299=DIRECTION('',(0.141421356237309,0.989949493661167,-6.06169239364845E-17));
#8300=DIRECTION('center_axis',(1.,0.,0.));
#8301=DIRECTION('ref_axis',(0.,0.,-1.));
#8302=DIRECTION('center_axis',(-1.,0.,0.));
#8303=DIRECTION('ref_axis',(0.,0.,1.));
#8304=DIRECTION('center_axis',(1.,0.,0.));
#8305=DIRECTION('ref_axis',(0.,-0.951056516295154,-0.309016994374947));
#8306=DIRECTION('center_axis',(1.,0.,0.));
#8307=DIRECTION('ref_axis',(0.,-0.309016994374947,0.951056516295154));
#8308=DIRECTION('center_axis',(1.,0.,0.));
#8309=DIRECTION('ref_axis',(0.,0.,-1.));
#8310=DIRECTION('center_axis',(1.,0.,0.));
#8311=DIRECTION('ref_axis',(0.,0.,-1.));
#8312=DIRECTION('center_axis',(0.,0.951056516295154,0.309016994374948));
#8313=DIRECTION('ref_axis',(0.,0.309016994374948,-0.951056516295154));
#8314=DIRECTION('center_axis',(1.,0.,0.));
#8315=DIRECTION('ref_axis',(0.,1.,-2.83276944882399E-16));
#8316=DIRECTION('center_axis',(1.,0.,0.));
#8317=DIRECTION('ref_axis',(0.,0.,-1.));
#8318=DIRECTION('',(1.,0.,0.));
#8319=DIRECTION('center_axis',(1.,0.,0.));
#8320=DIRECTION('ref_axis',(0.,0.,-1.));
#8321=DIRECTION('center_axis',(0.,0.,-1.));
#8322=DIRECTION('ref_axis',(0.,-1.,0.));
#8323=DIRECTION('center_axis',(0.,0.,1.));
#8324=DIRECTION('ref_axis',(1.,0.,0.));
#8325=DIRECTION('',(0.,0.,1.));
#8326=DIRECTION('',(0.,0.,1.));
#8327=DIRECTION('center_axis',(0.,0.,1.));
#8328=DIRECTION('ref_axis',(1.,0.,0.));
#8329=DIRECTION('center_axis',(0.,0.,1.));
#8330=DIRECTION('ref_axis',(1.,0.,0.));
#8331=DIRECTION('center_axis',(0.,0.,1.));
#8332=DIRECTION('ref_axis',(1.,0.,0.));
#8333=DIRECTION('center_axis',(0.,0.,1.));
#8334=DIRECTION('ref_axis',(1.,0.,0.));
#8335=DIRECTION('center_axis',(0.,0.,1.));
#8336=DIRECTION('ref_axis',(1.,0.,0.));
#8337=DIRECTION('center_axis',(0.,0.,-1.));
#8338=DIRECTION('ref_axis',(0.,1.,0.));
#8339=DIRECTION('',(0.,0.,-1.));
#8340=DIRECTION('center_axis',(0.,0.,1.));
#8341=DIRECTION('ref_axis',(1.,0.,0.));
#8342=DIRECTION('center_axis',(0.,0.,1.));
#8343=DIRECTION('ref_axis',(1.,0.,0.));
#8344=DIRECTION('center_axis',(0.,0.,-1.));
#8345=DIRECTION('ref_axis',(0.,1.,0.));
#8346=DIRECTION('',(0.,0.,-1.));
#8347=DIRECTION('axis',(0.,0.,1.));
#8348=DIRECTION('refdir',(1.,0.,0.));
#8349=DIRECTION('center_axis',(0.,-1.,0.));
#8350=DIRECTION('ref_axis',(-1.,0.,1.93716910436791E-15));
#8351=DIRECTION('center_axis',(0.707106781186548,-0.707106781186548,0.));
#8352=DIRECTION('ref_axis',(-0.707106781186547,-0.707106781186547,1.36978541000362E-15));
#8353=DIRECTION('center_axis',(-0.707106781186548,-0.707106781186548,0.));
#8354=DIRECTION('ref_axis',(-0.707106781186547,0.707106781186547,-4.32978028117747E-17));
#8355=DIRECTION('',(0.,-1.,0.));
#8356=DIRECTION('center_axis',(0.,-1.,0.));
#8357=DIRECTION('ref_axis',(0.,0.,-1.));
#8358=DIRECTION('center_axis',(-0.707106781186548,-0.707106781186548,0.));
#8359=DIRECTION('ref_axis',(-0.707106781186547,0.707106781186547,-4.32978028117747E-17));
#8360=DIRECTION('center_axis',(0.707106781186548,-0.707106781186548,0.));
#8361=DIRECTION('ref_axis',(-0.707106781186547,-0.707106781186547,1.36978541000362E-15));
#8362=DIRECTION('center_axis',(0.,-1.,0.));
#8363=DIRECTION('ref_axis',(0.,0.,-1.));
#8364=DIRECTION('center_axis',(0.,-1.,0.));
#8365=DIRECTION('ref_axis',(0.,0.,-1.));
#8366=DIRECTION('center_axis',(1.,0.,0.));
#8367=DIRECTION('ref_axis',(0.,1.,-6.12323399573677E-17));
#8368=DIRECTION('center_axis',(1.,0.,0.));
#8369=DIRECTION('ref_axis',(0.,0.,-1.));
#8370=DIRECTION('',(1.,0.,0.));
#8371=DIRECTION('',(1.,0.,0.));
#8372=DIRECTION('center_axis',(1.,0.,0.));
#8373=DIRECTION('ref_axis',(0.,0.,-1.));
#8374=DIRECTION('center_axis',(-1.,0.,0.));
#8375=DIRECTION('ref_axis',(0.,0.,1.));
#8376=DIRECTION('center_axis',(1.,0.,0.));
#8377=DIRECTION('ref_axis',(0.,0.,-1.));
#8378=DIRECTION('center_axis',(1.,0.,0.));
#8379=DIRECTION('ref_axis',(0.,-1.,-6.12323399573677E-17));
#8380=DIRECTION('center_axis',(1.,0.,0.));
#8381=DIRECTION('ref_axis',(0.,0.,-1.));
#8382=DIRECTION('',(1.,0.,0.));
#8383=DIRECTION('center_axis',(1.,0.,0.));
#8384=DIRECTION('ref_axis',(0.,0.,-1.));
#8385=DIRECTION('center_axis',(1.,0.,0.));
#8386=DIRECTION('ref_axis',(0.,0.309016994374948,-0.951056516295154));
#8387=DIRECTION('center_axis',(1.,0.,0.));
#8388=DIRECTION('ref_axis',(0.,0.,-1.));
#8389=DIRECTION('center_axis',(0.,-0.951056516295154,-0.309016994374948));
#8390=DIRECTION('ref_axis',(0.,-0.309016994374948,0.951056516295153));
#8391=DIRECTION('center_axis',(1.,0.,0.));
#8392=DIRECTION('ref_axis',(0.,0.,-1.));
#8393=DIRECTION('center_axis',(1.,0.,0.));
#8394=DIRECTION('ref_axis',(0.,0.,-1.));
#8395=DIRECTION('center_axis',(1.,0.,0.));
#8396=DIRECTION('ref_axis',(0.,0.,-1.));
#8397=DIRECTION('center_axis',(1.,0.,0.));
#8398=DIRECTION('ref_axis',(0.,-1.,-6.12323399573677E-17));
#8399=DIRECTION('center_axis',(1.,0.,0.));
#8400=DIRECTION('ref_axis',(0.,0.,-1.));
#8401=DIRECTION('center_axis',(1.,0.,0.));
#8402=DIRECTION('ref_axis',(0.,0.,-1.));
#8403=DIRECTION('',(-0.173683187599914,-0.984801579174776,-1.80905115259747E-16));
#8404=DIRECTION('center_axis',(1.,0.,0.));
#8405=DIRECTION('ref_axis',(0.,1.,-6.12323399573676E-17));
#8406=DIRECTION('center_axis',(1.,0.,0.));
#8407=DIRECTION('ref_axis',(0.,0.,-1.));
#8408=DIRECTION('',(-1.,0.,0.));
#8409=DIRECTION('center_axis',(-1.,0.,0.));
#8410=DIRECTION('ref_axis',(0.,0.,1.));
#8411=DIRECTION('center_axis',(1.,0.,0.));
#8412=DIRECTION('ref_axis',(0.,0.,-1.));
#8413=DIRECTION('center_axis',(1.,0.,0.));
#8414=DIRECTION('ref_axis',(0.,-1.,-6.12323399573677E-17));
#8415=DIRECTION('center_axis',(1.,0.,0.));
#8416=DIRECTION('ref_axis',(0.,0.,-1.));
#8417=DIRECTION('',(-1.,0.,0.));
#8418=DIRECTION('center_axis',(1.,0.,0.));
#8419=DIRECTION('ref_axis',(0.,0.,-1.));
#8420=DIRECTION('center_axis',(1.,0.,0.));
#8421=DIRECTION('ref_axis',(0.,0.,-1.));
#8422=DIRECTION('center_axis',(1.,0.,0.));
#8423=DIRECTION('ref_axis',(0.,-1.,-6.12323399573677E-17));
#8424=DIRECTION('center_axis',(1.,0.,0.));
#8425=DIRECTION('ref_axis',(0.,0.,-1.));
#8426=DIRECTION('center_axis',(1.,0.,0.));
#8427=DIRECTION('ref_axis',(0.,0.,-1.));
#8428=DIRECTION('',(-0.173648177667123,-0.984807753012174,-1.80906249375278E-16));
#8429=DIRECTION('center_axis',(1.,0.,0.));
#8430=DIRECTION('ref_axis',(0.,1.,-7.04575859121612E-12));
#8431=DIRECTION('center_axis',(1.,0.,0.));
#8432=DIRECTION('ref_axis',(0.,0.,-1.));
#8433=DIRECTION('',(-1.,0.,0.));
#8434=DIRECTION('center_axis',(1.,0.,0.));
#8435=DIRECTION('ref_axis',(0.,0.,-1.));
#8436=DIRECTION('center_axis',(1.,0.,0.));
#8437=DIRECTION('ref_axis',(0.,0.,-1.));
#8438=DIRECTION('center_axis',(1.,0.,0.));
#8439=DIRECTION('ref_axis',(0.,-1.,-6.12323399573676E-17));
#8440=DIRECTION('center_axis',(1.,0.,0.));
#8441=DIRECTION('ref_axis',(0.,0.,-1.));
#8442=DIRECTION('center_axis',(1.,0.,0.));
#8443=DIRECTION('ref_axis',(0.,0.,-1.));
#8444=DIRECTION('',(-0.996815278536125,-0.0797452222828922,-1.46489596824057E-17));
#8445=DIRECTION('center_axis',(1.,0.,0.));
#8446=DIRECTION('ref_axis',(0.,1.,-2.83276944882399E-16));
#8447=DIRECTION('center_axis',(1.,0.,0.));
#8448=DIRECTION('ref_axis',(0.,0.,-1.));
#8449=DIRECTION('',(-1.,0.,0.));
#8450=DIRECTION('center_axis',(-1.,0.,0.));
#8451=DIRECTION('ref_axis',(0.,1.,1.02414138451122E-10));
#8452=DIRECTION('',(0.707106781186546,0.707106781186548,7.24176451925608E-11));
#8453=DIRECTION('center_axis',(1.,0.,0.));
#8454=DIRECTION('ref_axis',(0.,0.,-1.));
#8455=DIRECTION('center_axis',(0.,0.,-1.));
#8456=DIRECTION('ref_axis',(0.,-1.,0.));
#8457=DIRECTION('center_axis',(0.,0.,1.));
#8458=DIRECTION('ref_axis',(1.,0.,0.));
#8459=DIRECTION('',(0.,0.,1.));
#8460=DIRECTION('',(0.,0.,1.));
#8461=DIRECTION('center_axis',(0.,0.,1.));
#8462=DIRECTION('ref_axis',(1.,0.,0.));
#8463=DIRECTION('center_axis',(0.,0.,1.));
#8464=DIRECTION('ref_axis',(1.,0.,0.));
#8465=DIRECTION('center_axis',(0.,0.,1.));
#8466=DIRECTION('ref_axis',(1.,0.,0.));
#8467=DIRECTION('center_axis',(0.,-1.,0.));
#8468=DIRECTION('ref_axis',(1.,0.,-7.04598063582105E-12));
#8469=DIRECTION('center_axis',(0.,-1.,0.));
#8470=DIRECTION('ref_axis',(0.,0.,-1.));
#8471=DIRECTION('',(0.,1.,0.));
#8472=DIRECTION('center_axis',(0.,-1.,0.));
#8473=DIRECTION('ref_axis',(0.,0.,-1.));
#8474=DIRECTION('center_axis',(0.,-1.,0.));
#8475=DIRECTION('ref_axis',(0.,0.,-1.));
#8476=DIRECTION('center_axis',(0.,1.,0.));
#8477=DIRECTION('ref_axis',(1.,0.,6.12323399573677E-17));
#8478=DIRECTION('',(0.0797452222828895,-0.996815278536125,-4.88298656080174E-18));
#8479=DIRECTION('center_axis',(0.,-1.,0.));
#8480=DIRECTION('ref_axis',(0.,0.,-1.));
#8481=DIRECTION('center_axis',(0.,1.,0.));
#8482=DIRECTION('ref_axis',(0.,0.,1.));
#8483=DIRECTION('center_axis',(0.,-1.,0.));
#8484=DIRECTION('ref_axis',(0.,0.,-1.));
#8485=DIRECTION('center_axis',(0.,-1.,0.));
#8486=DIRECTION('ref_axis',(-1.,0.,-7.04620268042598E-12));
#8487=DIRECTION('center_axis',(0.,-1.,0.));
#8488=DIRECTION('ref_axis',(0.,0.,-1.));
#8489=DIRECTION('center_axis',(0.,-1.,0.));
#8490=DIRECTION('ref_axis',(0.,0.,-1.));
#8491=DIRECTION('',(0.,1.,0.));
#8492=DIRECTION('center_axis',(0.,1.,0.));
#8493=DIRECTION('ref_axis',(1.,0.,6.12323399573677E-17));
#8494=DIRECTION('',(0.984807753012208,-0.173648177666932,-6.03020831250949E-17));
#8495=DIRECTION('center_axis',(0.,-1.,0.));
#8496=DIRECTION('ref_axis',(0.,0.,-1.));
#8497=DIRECTION('center_axis',(0.,1.,0.));
#8498=DIRECTION('ref_axis',(0.,0.,1.));
#8499=DIRECTION('center_axis',(0.,-1.,0.));
#8500=DIRECTION('ref_axis',(0.,0.,-1.));
#8501=DIRECTION('center_axis',(0.,-1.,0.));
#8502=DIRECTION('ref_axis',(-1.,0.,-6.12323399573677E-17));
#8503=DIRECTION('center_axis',(0.,-1.,0.));
#8504=DIRECTION('ref_axis',(0.,0.,-1.));
#8505=DIRECTION('',(0.,1.,0.));
#8506=DIRECTION('center_axis',(0.,-1.,0.));
#8507=DIRECTION('ref_axis',(0.,0.,-1.));
#8508=DIRECTION('center_axis',(0.,-1.,0.));
#8509=DIRECTION('ref_axis',(0.,0.,-1.));
#8510=DIRECTION('center_axis',(0.,-1.,0.));
#8511=DIRECTION('ref_axis',(-1.,0.,-6.12323399573677E-17));
#8512=DIRECTION('center_axis',(0.,-1.,0.));
#8513=DIRECTION('ref_axis',(0.,0.,-1.));
#8514=DIRECTION('center_axis',(0.,-1.,0.));
#8515=DIRECTION('ref_axis',(0.,0.,-1.));
#8516=DIRECTION('',(0.,1.,0.));
#8517=DIRECTION('center_axis',(0.,1.,0.));
#8518=DIRECTION('ref_axis',(1.,0.,6.12323399573677E-17));
#8519=DIRECTION('',(0.984801579174776,-0.173683187599915,-6.03017050865824E-17));
#8520=DIRECTION('center_axis',(0.,-1.,0.));
#8521=DIRECTION('ref_axis',(0.,0.,-1.));
#8522=DIRECTION('center_axis',(0.,1.,0.));
#8523=DIRECTION('ref_axis',(0.,0.,1.));
#8524=DIRECTION('center_axis',(0.,-1.,0.));
#8525=DIRECTION('ref_axis',(-0.951056516295154,0.,-0.309016994374947));
#8526=DIRECTION('center_axis',(0.,-1.,0.));
#8527=DIRECTION('ref_axis',(-0.309016994374947,0.,0.951056516295154));
#8528=DIRECTION('center_axis',(0.,-1.,0.));
#8529=DIRECTION('ref_axis',(0.,0.,-1.));
#8530=DIRECTION('center_axis',(0.,-1.,0.));
#8531=DIRECTION('ref_axis',(0.,0.,-1.));
#8532=DIRECTION('center_axis',(0.951056516295154,0.,0.309016994374947));
#8533=DIRECTION('ref_axis',(0.309016994374947,0.,-0.951056516295154));
#8534=DIRECTION('center_axis',(0.,-1.,0.));
#8535=DIRECTION('ref_axis',(1.,0.,-6.12323399573677E-17));
#8536=DIRECTION('',(0.,-1.,0.));
#8537=DIRECTION('center_axis',(0.,-1.,0.));
#8538=DIRECTION('ref_axis',(-1.,0.,-6.12323399573677E-17));
#8539=DIRECTION('',(-0.707106781186548,0.707106781186547,-1.29893408435324E-16));
#8540=DIRECTION('center_axis',(0.,-1.,0.));
#8541=DIRECTION('ref_axis',(0.,0.,-1.));
#8542=DIRECTION('center_axis',(0.,-1.,0.));
#8543=DIRECTION('ref_axis',(-1.,0.,-2.45266642031491E-11));
#8544=DIRECTION('',(0.,1.,0.));
#8545=DIRECTION('center_axis',(0.707106781186547,0.707106781186548,0.));
#8546=DIRECTION('ref_axis',(0.707106781186548,-0.707106781186547,8.16905545621108E-16));
#8547=DIRECTION('center_axis',(-0.707106781186547,0.707106781186548,0.));
#8548=DIRECTION('ref_axis',(0.707106781186548,0.707106781186547,8.16905545621108E-16));
#8549=DIRECTION('center_axis',(-0.707106781186547,0.707106781186548,0.));
#8550=DIRECTION('ref_axis',(0.707106781186548,0.707106781186547,8.16905545621108E-16));
#8551=DIRECTION('center_axis',(0.707106781186547,0.707106781186548,0.));
#8552=DIRECTION('ref_axis',(0.707106781186548,-0.707106781186547,8.16905545621108E-16));
#8553=DIRECTION('center_axis',(1.,0.,0.));
#8554=DIRECTION('ref_axis',(0.,1.,-6.12323399573677E-17));
#8555=DIRECTION('center_axis',(1.,0.,0.));
#8556=DIRECTION('ref_axis',(0.,0.,-1.));
#8557=DIRECTION('',(-1.,0.,0.));
#8558=DIRECTION('',(-1.,0.,0.));
#8559=DIRECTION('center_axis',(1.,0.,0.));
#8560=DIRECTION('ref_axis',(0.,1.,-6.12323399573677E-17));
#8561=DIRECTION('center_axis',(1.,0.,0.));
#8562=DIRECTION('ref_axis',(0.,0.,-1.));
#8563=DIRECTION('',(-0.707106781186547,0.707106781186548,4.32978028117747E-17));
#8564=DIRECTION('center_axis',(1.,0.,0.));
#8565=DIRECTION('ref_axis',(0.,1.,-6.92407814771721E-12));
#8566=DIRECTION('center_axis',(1.,0.,0.));
#8567=DIRECTION('ref_axis',(0.,0.,-1.));
#8568=DIRECTION('',(-1.,0.,0.));
#8569=DIRECTION('center_axis',(-1.,0.,0.));
#8570=DIRECTION('ref_axis',(0.,1.,6.12323399573677E-17));
#8571=DIRECTION('',(0.996815278536125,0.0797452222828922,-4.8829865608019E-18));
#8572=DIRECTION('center_axis',(1.,0.,0.));
#8573=DIRECTION('ref_axis',(0.,0.,-1.));
#8574=DIRECTION('center_axis',(-1.,0.,0.));
#8575=DIRECTION('ref_axis',(0.,0.,1.));
#8576=DIRECTION('center_axis',(1.,0.,0.));
#8577=DIRECTION('ref_axis',(0.,0.,-1.));
#8578=DIRECTION('center_axis',(1.,0.,0.));
#8579=DIRECTION('ref_axis',(0.,-1.,-7.04620268042597E-12));
#8580=DIRECTION('center_axis',(1.,0.,0.));
#8581=DIRECTION('ref_axis',(0.,0.,-1.));
#8582=DIRECTION('center_axis',(1.,0.,0.));
#8583=DIRECTION('ref_axis',(0.,0.,-1.));
#8584=DIRECTION('',(-1.,0.,0.));
#8585=DIRECTION('center_axis',(-1.,0.,0.));
#8586=DIRECTION('ref_axis',(0.,1.,6.12323399573676E-17));
#8587=DIRECTION('',(0.173648177667125,0.984807753012174,-6.03020831250928E-17));
#8588=DIRECTION('center_axis',(1.,0.,0.));
#8589=DIRECTION('ref_axis',(0.,0.,-1.));
#8590=DIRECTION('center_axis',(-1.,0.,0.));
#8591=DIRECTION('ref_axis',(0.,0.,1.));
#8592=DIRECTION('center_axis',(1.,0.,0.));
#8593=DIRECTION('ref_axis',(0.,0.,-1.));
#8594=DIRECTION('center_axis',(1.,0.,0.));
#8595=DIRECTION('ref_axis',(0.,-1.,-6.12323399573677E-17));
#8596=DIRECTION('center_axis',(1.,0.,0.));
#8597=DIRECTION('ref_axis',(0.,0.,-1.));
#8598=DIRECTION('',(-1.,0.,0.));
#8599=DIRECTION('center_axis',(1.,0.,0.));
#8600=DIRECTION('ref_axis',(0.,0.,-1.));
#8601=DIRECTION('center_axis',(1.,0.,0.));
#8602=DIRECTION('ref_axis',(0.,0.,-1.));
#8603=DIRECTION('center_axis',(1.,0.,0.));
#8604=DIRECTION('ref_axis',(0.,-1.,-6.12323399573676E-17));
#8605=DIRECTION('center_axis',(1.,0.,0.));
#8606=DIRECTION('ref_axis',(0.,0.,-1.));
#8607=DIRECTION('center_axis',(1.,0.,0.));
#8608=DIRECTION('ref_axis',(0.,0.,-1.));
#8609=DIRECTION('',(-1.,0.,0.));
#8610=DIRECTION('center_axis',(-1.,0.,0.));
#8611=DIRECTION('ref_axis',(0.,1.,6.12323399573676E-17));
#8612=DIRECTION('',(0.173683187599914,0.984801579174776,-6.03017050865824E-17));
#8613=DIRECTION('center_axis',(1.,0.,0.));
#8614=DIRECTION('ref_axis',(0.,0.,-1.));
#8615=DIRECTION('center_axis',(-1.,0.,0.));
#8616=DIRECTION('ref_axis',(0.,0.,1.));
#8617=DIRECTION('center_axis',(1.,0.,0.));
#8618=DIRECTION('ref_axis',(0.,-0.951056516295154,-0.309016994374947));
#8619=DIRECTION('center_axis',(1.,0.,0.));
#8620=DIRECTION('ref_axis',(0.,-0.309016994374947,0.951056516295154));
#8621=DIRECTION('center_axis',(1.,0.,0.));
#8622=DIRECTION('ref_axis',(0.,0.,-1.));
#8623=DIRECTION('center_axis',(1.,0.,0.));
#8624=DIRECTION('ref_axis',(0.,0.,-1.));
#8625=DIRECTION('center_axis',(0.,0.951056516295154,0.309016994374947));
#8626=DIRECTION('ref_axis',(0.,0.309016994374947,-0.951056516295154));
#8627=DIRECTION('center_axis',(1.,0.,0.));
#8628=DIRECTION('ref_axis',(0.,1.,-6.12323399573677E-17));
#8629=DIRECTION('center_axis',(1.,0.,0.));
#8630=DIRECTION('ref_axis',(0.,0.,-1.));
#8631=DIRECTION('',(1.,0.,0.));
#8632=DIRECTION('center_axis',(1.,0.,0.));
#8633=DIRECTION('ref_axis',(0.,0.,-1.));
#8634=DIRECTION('center_axis',(0.,0.,-1.));
#8635=DIRECTION('ref_axis',(0.,-1.,0.));
#8636=DIRECTION('center_axis',(0.,0.,1.));
#8637=DIRECTION('ref_axis',(1.,0.,0.));
#8638=DIRECTION('',(0.,0.,1.));
#8639=DIRECTION('',(0.,0.,1.));
#8640=DIRECTION('center_axis',(0.,0.,1.));
#8641=DIRECTION('ref_axis',(1.,0.,0.));
#8642=DIRECTION('center_axis',(0.,0.,1.));
#8643=DIRECTION('ref_axis',(1.,0.,0.));
#8644=DIRECTION('center_axis',(0.,0.,1.));
#8645=DIRECTION('ref_axis',(1.,0.,0.));
#8646=DIRECTION('center_axis',(0.,0.,1.));
#8647=DIRECTION('ref_axis',(1.,0.,0.));
#8648=DIRECTION('center_axis',(0.,0.,1.));
#8649=DIRECTION('ref_axis',(1.,0.,0.));
#8650=DIRECTION('center_axis',(0.,0.,-1.));
#8651=DIRECTION('ref_axis',(0.,1.,0.));
#8652=DIRECTION('',(0.,0.,-1.));
#8653=DIRECTION('center_axis',(0.,0.,1.));
#8654=DIRECTION('ref_axis',(1.,0.,0.));
#8655=DIRECTION('center_axis',(0.,0.,1.));
#8656=DIRECTION('ref_axis',(1.,0.,0.));
#8657=DIRECTION('center_axis',(0.,0.,-1.));
#8658=DIRECTION('ref_axis',(0.,1.,0.));
#8659=DIRECTION('',(0.,0.,-1.));
#8660=DIRECTION('axis',(0.,0.,1.));
#8661=DIRECTION('refdir',(1.,0.,0.));
#8662=DIRECTION('center_axis',(0.,-1.,0.));
#8663=DIRECTION('ref_axis',(-1.,0.,1.71512449944288E-15));
#8664=DIRECTION('center_axis',(0.707106781186548,-0.707106781186548,0.));
#8665=DIRECTION('ref_axis',(-0.707106781186548,-0.707106781186548,1.21277616413525E-15));
#8666=DIRECTION('center_axis',(-0.707106781186547,-0.707106781186548,0.));
#8667=DIRECTION('ref_axis',(-0.707106781186548,0.707106781186547,-9.85353278022039E-16));
#8668=DIRECTION('',(0.,-1.,0.));
#8669=DIRECTION('center_axis',(0.,-1.,0.));
#8670=DIRECTION('ref_axis',(0.,0.,-1.));
#8671=DIRECTION('center_axis',(-0.707106781186547,-0.707106781186548,0.));
#8672=DIRECTION('ref_axis',(-0.707106781186548,0.707106781186547,-9.85353278022039E-16));
#8673=DIRECTION('center_axis',(0.707106781186548,-0.707106781186548,0.));
#8674=DIRECTION('ref_axis',(-0.707106781186548,-0.707106781186548,1.21277616413525E-15));
#8675=DIRECTION('center_axis',(0.,-1.,0.));
#8676=DIRECTION('ref_axis',(0.,0.,-1.));
#8677=DIRECTION('center_axis',(0.,-1.,0.));
#8678=DIRECTION('ref_axis',(0.,0.,-1.));
#8679=DIRECTION('center_axis',(1.,0.,0.));
#8680=DIRECTION('ref_axis',(0.,1.,-1.39349996950756E-15));
#8681=DIRECTION('center_axis',(1.,0.,0.));
#8682=DIRECTION('ref_axis',(0.,0.,-1.));
#8683=DIRECTION('',(1.,0.,0.));
#8684=DIRECTION('',(1.,0.,0.));
#8685=DIRECTION('center_axis',(1.,0.,0.));
#8686=DIRECTION('ref_axis',(0.,0.,-1.));
#8687=DIRECTION('center_axis',(-1.,0.,0.));
#8688=DIRECTION('ref_axis',(0.,0.,1.));
#8689=DIRECTION('center_axis',(1.,0.,0.));
#8690=DIRECTION('ref_axis',(0.,0.,-1.));
#8691=DIRECTION('center_axis',(1.,0.,0.));
#8692=DIRECTION('ref_axis',(0.,-1.,-6.12323399573677E-17));
#8693=DIRECTION('center_axis',(1.,0.,0.));
#8694=DIRECTION('ref_axis',(0.,0.,-1.));
#8695=DIRECTION('',(1.,0.,0.));
#8696=DIRECTION('center_axis',(1.,0.,0.));
#8697=DIRECTION('ref_axis',(0.,0.,-1.));
#8698=DIRECTION('center_axis',(1.,0.,0.));
#8699=DIRECTION('ref_axis',(0.,0.309016994374948,-0.951056516295154));
#8700=DIRECTION('center_axis',(1.,0.,0.));
#8701=DIRECTION('ref_axis',(0.,0.,-1.));
#8702=DIRECTION('center_axis',(0.,-0.951056516295154,-0.309016994374948));
#8703=DIRECTION('ref_axis',(0.,-0.309016994374947,0.951056516295154));
#8704=DIRECTION('center_axis',(1.,0.,0.));
#8705=DIRECTION('ref_axis',(0.,0.,-1.));
#8706=DIRECTION('center_axis',(1.,0.,0.));
#8707=DIRECTION('ref_axis',(0.,0.,-1.));
#8708=DIRECTION('center_axis',(1.,0.,0.));
#8709=DIRECTION('ref_axis',(0.,0.,-1.));
#8710=DIRECTION('center_axis',(1.,0.,0.));
#8711=DIRECTION('ref_axis',(0.,-1.,-6.12323399573677E-17));
#8712=DIRECTION('center_axis',(1.,0.,0.));
#8713=DIRECTION('ref_axis',(0.,0.,-1.));
#8714=DIRECTION('center_axis',(1.,0.,0.));
#8715=DIRECTION('ref_axis',(0.,0.,-1.));
#8716=DIRECTION('',(-0.173608233808084,-0.984814795356994,-1.80907543033035E-16));
#8717=DIRECTION('center_axis',(1.,0.,0.));
#8718=DIRECTION('ref_axis',(0.,1.,-2.35728675822409E-12));
#8719=DIRECTION('center_axis',(1.,0.,0.));
#8720=DIRECTION('ref_axis',(0.,0.,-1.));
#8721=DIRECTION('',(-1.,0.,0.));
#8722=DIRECTION('center_axis',(-1.,0.,0.));
#8723=DIRECTION('ref_axis',(0.,0.,1.));
#8724=DIRECTION('center_axis',(1.,0.,0.));
#8725=DIRECTION('ref_axis',(0.,0.,-1.));
#8726=DIRECTION('center_axis',(-1.,0.,0.));
#8727=DIRECTION('ref_axis',(0.,-1.,6.12323399573676E-17));
#8728=DIRECTION('',(0.707106781186547,-0.707106781186547,1.29893408435324E-16));
#8729=DIRECTION('center_axis',(1.,0.,0.));
#8730=DIRECTION('ref_axis',(0.,0.,-1.));
#8731=DIRECTION('center_axis',(1.,0.,0.));
#8732=DIRECTION('ref_axis',(0.,-1.,-6.12323399573676E-17));
#8733=DIRECTION('center_axis',(1.,0.,0.));
#8734=DIRECTION('ref_axis',(0.,0.,-1.));
#8735=DIRECTION('',(-1.,0.,0.));
#8736=DIRECTION('center_axis',(1.,0.,0.));
#8737=DIRECTION('ref_axis',(0.,0.,-1.));
#8738=DIRECTION('center_axis',(1.,0.,0.));
#8739=DIRECTION('ref_axis',(0.,-4.03717463500057E-16,-1.));
#8740=DIRECTION('center_axis',(1.,0.,0.));
#8741=DIRECTION('ref_axis',(0.,-1.,-6.12323399573677E-17));
#8742=DIRECTION('center_axis',(1.,0.,0.));
#8743=DIRECTION('ref_axis',(0.,0.,-1.));
#8744=DIRECTION('center_axis',(1.,0.,0.));
#8745=DIRECTION('ref_axis',(0.,0.,-1.));
#8746=DIRECTION('',(-0.173648177667123,-0.984807753012174,-1.80906249375278E-16));
#8747=DIRECTION('center_axis',(1.,0.,0.));
#8748=DIRECTION('ref_axis',(0.,1.,-6.12323399573677E-17));
#8749=DIRECTION('center_axis',(1.,0.,0.));
#8750=DIRECTION('ref_axis',(0.,0.,-1.));
#8751=DIRECTION('',(-1.,0.,0.));
#8752=DIRECTION('center_axis',(1.,0.,0.));
#8753=DIRECTION('ref_axis',(0.,1.,-1.78248007339599E-14));
#8754=DIRECTION('center_axis',(1.,0.,0.));
#8755=DIRECTION('ref_axis',(0.,0.,-1.));
#8756=DIRECTION('',(-0.99619598722948,0.0871410065806052,-1.54259938257763E-15));
#8757=DIRECTION('center_axis',(1.,0.,0.));
#8758=DIRECTION('ref_axis',(0.,1.,-1.17145536458252E-15));
#8759=DIRECTION('center_axis',(1.,0.,0.));
#8760=DIRECTION('ref_axis',(0.,0.,-1.));
#8761=DIRECTION('',(-1.,0.,0.));
#8762=DIRECTION('center_axis',(-1.,0.,0.));
#8763=DIRECTION('ref_axis',(0.,1.,2.6126218427923E-10));
#8764=DIRECTION('',(0.707106781186548,0.707106781186548,1.84740175575848E-10));
#8765=DIRECTION('center_axis',(1.,0.,0.));
#8766=DIRECTION('ref_axis',(0.,0.,-1.));
#8767=DIRECTION('center_axis',(0.,0.,-1.));
#8768=DIRECTION('ref_axis',(0.,-1.,0.));
#8769=DIRECTION('center_axis',(0.,0.,1.));
#8770=DIRECTION('ref_axis',(1.,0.,0.));
#8771=DIRECTION('',(0.,0.,1.));
#8772=DIRECTION('',(0.,0.,1.));
#8773=DIRECTION('center_axis',(0.,0.,1.));
#8774=DIRECTION('ref_axis',(1.,0.,0.));
#8775=DIRECTION('center_axis',(0.,0.,1.));
#8776=DIRECTION('ref_axis',(1.,0.,0.));
#8777=DIRECTION('center_axis',(0.,0.,1.));
#8778=DIRECTION('ref_axis',(1.,0.,0.));
#8779=DIRECTION('center_axis',(0.,-1.,0.));
#8780=DIRECTION('ref_axis',(1.,0.,-7.27366154732461E-16));
#8781=DIRECTION('center_axis',(0.,-1.,0.));
#8782=DIRECTION('ref_axis',(0.,0.,-1.));
#8783=DIRECTION('',(0.,1.,0.));
#8784=DIRECTION('center_axis',(0.,-1.,0.));
#8785=DIRECTION('ref_axis',(0.,0.,-1.));
#8786=DIRECTION('center_axis',(0.,-1.,0.));
#8787=DIRECTION('ref_axis',(0.,0.,-1.));
#8788=DIRECTION('center_axis',(0.,1.,0.));
#8789=DIRECTION('ref_axis',(1.,0.,6.12323399573676E-17));
#8790=DIRECTION('',(0.0871410065806054,-0.99619598722948,-5.33584773917084E-18));
#8791=DIRECTION('center_axis',(0.,-1.,0.));
#8792=DIRECTION('ref_axis',(0.,0.,-1.));
#8793=DIRECTION('center_axis',(0.,-1.,0.));
#8794=DIRECTION('ref_axis',(0.,0.,-1.));
#8795=DIRECTION('center_axis',(0.,-1.,0.));
#8796=DIRECTION('ref_axis',(-1.,0.,-2.35728675822409E-12));
#8797=DIRECTION('center_axis',(0.,-1.,0.));
#8798=DIRECTION('ref_axis',(0.,0.,-1.));
#8799=DIRECTION('center_axis',(0.,-1.,0.));
#8800=DIRECTION('ref_axis',(0.,0.,-1.));
#8801=DIRECTION('',(0.,1.,0.));
#8802=DIRECTION('center_axis',(0.,1.,0.));
#8803=DIRECTION('ref_axis',(1.,0.,6.12323399573677E-17));
#8804=DIRECTION('',(0.984807753012208,-0.173648177666932,-6.03020831250949E-17));
#8805=DIRECTION('center_axis',(-2.52323414687536E-17,-1.,-2.52323414687536E-17));
#8806=DIRECTION('ref_axis',(1.22275597997204E-16,0.,-1.));
#8807=DIRECTION('center_axis',(0.,1.,0.));
#8808=DIRECTION('ref_axis',(0.,0.,1.));
#8809=DIRECTION('center_axis',(0.,-1.,0.));
#8810=DIRECTION('ref_axis',(0.,0.,-1.));
#8811=DIRECTION('center_axis',(0.,-1.,0.));
#8812=DIRECTION('ref_axis',(-1.,0.,-6.12323399573676E-17));
#8813=DIRECTION('center_axis',(0.,-1.,0.));
#8814=DIRECTION('ref_axis',(0.,0.,-1.));
#8815=DIRECTION('center_axis',(0.,-1.,0.));
#8816=DIRECTION('ref_axis',(0.,0.,-1.));
#8817=DIRECTION('',(0.,1.,0.));
#8818=DIRECTION('center_axis',(0.,-1.,0.));
#8819=DIRECTION('ref_axis',(1.,0.,-5.39030285815812E-15));
#8820=DIRECTION('center_axis',(0.,-1.,0.));
#8821=DIRECTION('ref_axis',(0.,0.,-1.));
#8822=DIRECTION('',(0.707106781186547,0.707106781186548,-3.72492409802928E-15));
#8823=DIRECTION('center_axis',(0.,-1.,0.));
#8824=DIRECTION('ref_axis',(0.,0.,-1.));
#8825=DIRECTION('center_axis',(0.,-1.,0.));
#8826=DIRECTION('ref_axis',(0.,0.,-1.));
#8827=DIRECTION('center_axis',(0.,-1.,0.));
#8828=DIRECTION('ref_axis',(-1.,0.,-6.12323399573677E-17));
#8829=DIRECTION('center_axis',(0.,-1.,0.));
#8830=DIRECTION('ref_axis',(0.,0.,-1.));
#8831=DIRECTION('center_axis',(0.,-1.,0.));
#8832=DIRECTION('ref_axis',(0.,0.,-1.));
#8833=DIRECTION('',(0.,1.,0.));
#8834=DIRECTION('center_axis',(0.,1.,0.));
#8835=DIRECTION('ref_axis',(1.,0.,6.12323399573677E-17));
#8836=DIRECTION('',(0.984814795356994,-0.173608233808083,-6.03025143443449E-17));
#8837=DIRECTION('center_axis',(0.,-1.,0.));
#8838=DIRECTION('ref_axis',(0.,0.,-1.));
#8839=DIRECTION('center_axis',(0.,1.,0.));
#8840=DIRECTION('ref_axis',(0.,0.,1.));
#8841=DIRECTION('center_axis',(0.,-1.,0.));
#8842=DIRECTION('ref_axis',(-0.951056516295154,0.,-0.309016994374947));
#8843=DIRECTION('center_axis',(0.,-1.,0.));
#8844=DIRECTION('ref_axis',(-0.309016994374947,0.,0.951056516295154));
#8845=DIRECTION('center_axis',(0.,-1.,0.));
#8846=DIRECTION('ref_axis',(0.,0.,-1.));
#8847=DIRECTION('center_axis',(0.,-1.,0.));
#8848=DIRECTION('ref_axis',(0.,0.,-1.));
#8849=DIRECTION('center_axis',(0.951056516295154,0.,0.309016994374947));
#8850=DIRECTION('ref_axis',(0.309016994374947,0.,-0.951056516295154));
#8851=DIRECTION('center_axis',(0.,-1.,0.));
#8852=DIRECTION('ref_axis',(1.,0.,-6.12323399573677E-17));
#8853=DIRECTION('',(0.,-1.,0.));
#8854=DIRECTION('center_axis',(0.,-1.,0.));
#8855=DIRECTION('ref_axis',(-1.,0.,-6.12323399573677E-17));
#8856=DIRECTION('',(-0.707106781186548,0.707106781186547,-1.29893408435324E-16));
#8857=DIRECTION('center_axis',(0.,-1.,0.));
#8858=DIRECTION('ref_axis',(0.,0.,-1.));
#8859=DIRECTION('center_axis',(0.,-1.,0.));
#8860=DIRECTION('ref_axis',(-1.,0.,-6.12323399573677E-17));
#8861=DIRECTION('',(0.,1.,0.));
#8862=DIRECTION('center_axis',(0.707106781186548,0.707106781186548,0.));
#8863=DIRECTION('ref_axis',(0.707106781186548,-0.707106781186548,-1.44100368093615E-16));
#8864=DIRECTION('center_axis',(-0.707106781186548,0.707106781186548,0.));
#8865=DIRECTION('ref_axis',(0.707106781186548,0.707106781186548,-1.44100368093615E-16));
#8866=DIRECTION('center_axis',(-0.707106781186548,0.707106781186548,0.));
#8867=DIRECTION('ref_axis',(0.707106781186548,0.707106781186548,-1.44100368093615E-16));
#8868=DIRECTION('center_axis',(0.707106781186548,0.707106781186548,0.));
#8869=DIRECTION('ref_axis',(0.707106781186548,-0.707106781186548,-1.44100368093615E-16));
#8870=DIRECTION('center_axis',(1.,0.,0.));
#8871=DIRECTION('ref_axis',(0.,1.,-7.04598063582105E-12));
#8872=DIRECTION('center_axis',(1.,0.,0.));
#8873=DIRECTION('ref_axis',(0.,0.,-1.));
#8874=DIRECTION('',(-1.,0.,0.));
#8875=DIRECTION('',(-1.,0.,0.));
#8876=DIRECTION('center_axis',(1.,0.,0.));
#8877=DIRECTION('ref_axis',(0.,1.,-6.12323399573677E-17));
#8878=DIRECTION('center_axis',(1.,0.,0.));
#8879=DIRECTION('ref_axis',(0.,0.,-1.));
#8880=DIRECTION('',(-0.707106781186547,0.707106781186548,4.32978028117747E-17));
#8881=DIRECTION('center_axis',(1.,0.,0.));
#8882=DIRECTION('ref_axis',(0.,1.,1.2561601404761E-13));
#8883=DIRECTION('center_axis',(1.,0.,0.));
#8884=DIRECTION('ref_axis',(0.,0.,-1.));
#8885=DIRECTION('',(-1.,0.,0.));
#8886=DIRECTION('center_axis',(-1.,0.,0.));
#8887=DIRECTION('ref_axis',(0.,1.,6.12323399573676E-17));
#8888=DIRECTION('',(0.99619598722948,0.0871410065806053,-5.33584773917084E-18));
#8889=DIRECTION('center_axis',(1.,0.,0.));
#8890=DIRECTION('ref_axis',(0.,0.,-1.));
#8891=DIRECTION('center_axis',(1.,0.,0.));
#8892=DIRECTION('ref_axis',(0.,0.,-1.));
#8893=DIRECTION('center_axis',(1.,0.,0.));
#8894=DIRECTION('ref_axis',(0.,-1.,-2.35728675822409E-12));
#8895=DIRECTION('center_axis',(1.,0.,0.));
#8896=DIRECTION('ref_axis',(0.,0.,-1.));
#8897=DIRECTION('center_axis',(1.,0.,0.));
#8898=DIRECTION('ref_axis',(0.,0.,-1.));
#8899=DIRECTION('',(-1.,0.,0.));
#8900=DIRECTION('center_axis',(-1.,0.,0.));
#8901=DIRECTION('ref_axis',(0.,1.,6.12323399573677E-17));
#8902=DIRECTION('',(0.173648177667123,0.984807753012174,-6.03020831250928E-17));
#8903=DIRECTION('center_axis',(1.,0.,0.));
#8904=DIRECTION('ref_axis',(0.,-8.07434927000114E-16,-1.));
#8905=DIRECTION('center_axis',(-1.,0.,0.));
#8906=DIRECTION('ref_axis',(0.,0.,1.));
#8907=DIRECTION('center_axis',(1.,0.,0.));
#8908=DIRECTION('ref_axis',(0.,0.,-1.));
#8909=DIRECTION('center_axis',(1.,0.,0.));
#8910=DIRECTION('ref_axis',(0.,-1.,-6.12323399573676E-17));
#8911=DIRECTION('center_axis',(1.,0.,0.));
#8912=DIRECTION('ref_axis',(0.,0.,-1.));
#8913=DIRECTION('center_axis',(1.,0.,0.));
#8914=DIRECTION('ref_axis',(0.,0.,-1.));
#8915=DIRECTION('',(-1.,0.,0.));
#8916=DIRECTION('center_axis',(1.,0.,0.));
#8917=DIRECTION('ref_axis',(0.,1.,-5.39030285815812E-15));
#8918=DIRECTION('center_axis',(1.,0.,0.));
#8919=DIRECTION('ref_axis',(0.,0.,-1.));
#8920=DIRECTION('',(-0.707106781186548,0.707106781186548,-3.72492409802929E-15));
#8921=DIRECTION('center_axis',(1.,0.,0.));
#8922=DIRECTION('ref_axis',(0.,0.,-1.));
#8923=DIRECTION('center_axis',(1.,0.,0.));
#8924=DIRECTION('ref_axis',(0.,0.,-1.));
#8925=DIRECTION('center_axis',(1.,0.,0.));
#8926=DIRECTION('ref_axis',(0.,-1.,-6.12323399573677E-17));
#8927=DIRECTION('center_axis',(1.,0.,0.));
#8928=DIRECTION('ref_axis',(0.,0.,-1.));
#8929=DIRECTION('center_axis',(1.,0.,0.));
#8930=DIRECTION('ref_axis',(0.,0.,-1.));
#8931=DIRECTION('',(-1.,0.,0.));
#8932=DIRECTION('center_axis',(-1.,0.,0.));
#8933=DIRECTION('ref_axis',(0.,1.,6.12323399573677E-17));
#8934=DIRECTION('',(0.173608233808083,0.984814795356994,-6.03025143443449E-17));
#8935=DIRECTION('center_axis',(1.,0.,0.));
#8936=DIRECTION('ref_axis',(0.,0.,-1.));
#8937=DIRECTION('center_axis',(-1.,0.,0.));
#8938=DIRECTION('ref_axis',(0.,0.,1.));
#8939=DIRECTION('center_axis',(1.,0.,0.));
#8940=DIRECTION('ref_axis',(0.,-0.951056516295154,-0.309016994374947));
#8941=DIRECTION('center_axis',(1.,0.,0.));
#8942=DIRECTION('ref_axis',(0.,-0.309016994374947,0.951056516295154));
#8943=DIRECTION('center_axis',(1.,0.,0.));
#8944=DIRECTION('ref_axis',(0.,0.,-1.));
#8945=DIRECTION('center_axis',(1.,0.,0.));
#8946=DIRECTION('ref_axis',(0.,0.,-1.));
#8947=DIRECTION('center_axis',(0.,0.951056516295154,0.309016994374948));
#8948=DIRECTION('ref_axis',(0.,0.309016994374947,-0.951056516295154));
#8949=DIRECTION('center_axis',(1.,0.,0.));
#8950=DIRECTION('ref_axis',(0.,1.,-6.12323399573677E-17));
#8951=DIRECTION('center_axis',(1.,0.,0.));
#8952=DIRECTION('ref_axis',(0.,0.,-1.));
#8953=DIRECTION('',(1.,0.,0.));
#8954=DIRECTION('center_axis',(1.,0.,0.));
#8955=DIRECTION('ref_axis',(0.,0.,-1.));
#8956=DIRECTION('center_axis',(0.,0.,-1.));
#8957=DIRECTION('ref_axis',(0.,-1.,0.));
#8958=DIRECTION('center_axis',(0.,0.,1.));
#8959=DIRECTION('ref_axis',(1.,0.,0.));
#8960=DIRECTION('',(0.,0.,1.));
#8961=DIRECTION('',(0.,0.,1.));
#8962=DIRECTION('center_axis',(0.,0.,1.));
#8963=DIRECTION('ref_axis',(1.,0.,0.));
#8964=DIRECTION('center_axis',(0.,0.,1.));
#8965=DIRECTION('ref_axis',(1.,0.,0.));
#8966=DIRECTION('center_axis',(0.,0.,1.));
#8967=DIRECTION('ref_axis',(1.,0.,0.));
#8968=DIRECTION('center_axis',(0.,0.,1.));
#8969=DIRECTION('ref_axis',(1.,0.,0.));
#8970=DIRECTION('center_axis',(0.,0.,1.));
#8971=DIRECTION('ref_axis',(1.,0.,0.));
#8972=DIRECTION('center_axis',(0.,0.,-1.));
#8973=DIRECTION('ref_axis',(0.,1.,0.));
#8974=DIRECTION('',(0.,0.,-1.));
#8975=DIRECTION('center_axis',(0.,0.,1.));
#8976=DIRECTION('ref_axis',(1.,0.,0.));
#8977=DIRECTION('center_axis',(0.,0.,1.));
#8978=DIRECTION('ref_axis',(1.,0.,0.));
#8979=DIRECTION('center_axis',(0.,0.,-1.));
#8980=DIRECTION('ref_axis',(0.,1.,0.));
#8981=DIRECTION('',(0.,0.,-1.));
#8982=DIRECTION('',(0.,1.,0.));
#8983=DIRECTION('',(1.,0.,0.));
#8984=DIRECTION('',(0.,1.,0.));
#8985=DIRECTION('',(1.,0.,0.));
#8986=DIRECTION('',(0.,1.,0.));
#8987=DIRECTION('',(1.,0.,0.));
#8988=DIRECTION('',(0.,1.,0.));
#8989=DIRECTION('',(1.,0.,0.));
#8990=DIRECTION('',(0.,1.,0.));
#8991=DIRECTION('',(1.,0.,0.));
#8992=DIRECTION('',(0.,1.,0.));
#8993=DIRECTION('',(1.,0.,0.));
#8994=CARTESIAN_POINT('',(0.,0.,0.));
#8995=CARTESIAN_POINT('',(0.,0.,0.));
#8996=CARTESIAN_POINT('Origin',(0.,0.,0.));
#8997=CARTESIAN_POINT('',(0.,18.65,1.7));
#8998=CARTESIAN_POINT('',(-1.7,16.95,-1.04094977927526E-16));
#8999=CARTESIAN_POINT('Origin',(0.,18.65,0.));
#9000=CARTESIAN_POINT('',(1.7,16.95,-2.70752169319785E-15));
#9001=CARTESIAN_POINT('Origin',(0.,18.65,0.));
#9002=CARTESIAN_POINT('',(1.7,14.8,-2.70752169319785E-15));
#9003=CARTESIAN_POINT('',(1.7,0.,-2.70752169319785E-15));
#9004=CARTESIAN_POINT('Origin',(0.,14.8,0.));
#9005=CARTESIAN_POINT('',(0.,18.65,-1.7));
#9006=CARTESIAN_POINT('Origin',(0.,18.65,0.));
#9007=CARTESIAN_POINT('Origin',(0.,18.65,0.));
#9008=CARTESIAN_POINT('Origin',(1.7,14.8,0.));
#9009=CARTESIAN_POINT('',(-2.125,14.8,-1.30118722409406E-16));
#9010=CARTESIAN_POINT('Origin',(0.,14.8,0.));
#9011=CARTESIAN_POINT('Origin',(17.95,18.65,0.));
#9012=CARTESIAN_POINT('',(-3.15,16.95,-1.04094977927525E-16));
#9013=CARTESIAN_POINT('Origin',(-3.15,18.65,0.));
#9014=CARTESIAN_POINT('',(17.95,16.95,-1.04094977927525E-16));
#9015=CARTESIAN_POINT('',(3.15,16.95,-1.04094977927525E-16));
#9016=CARTESIAN_POINT('',(17.95,16.95,-1.04094977927525E-16));
#9017=CARTESIAN_POINT('Origin',(3.15,18.65,0.));
#9018=CARTESIAN_POINT('Origin',(-3.15,20.775,0.));
#9019=CARTESIAN_POINT('',(-3.15,20.775,3.90356167228219E-16));
#9020=CARTESIAN_POINT('Origin',(-3.15,18.65,0.));
#9021=CARTESIAN_POINT('Origin',(17.95,18.65,0.));
#9022=CARTESIAN_POINT('',(-17.65,20.775,3.90356167228219E-16));
#9023=CARTESIAN_POINT('',(-17.65,17.9933388869532,2.0209950971272));
#9024=CARTESIAN_POINT('Origin',(-17.65,18.65,0.));
#9025=CARTESIAN_POINT('',(17.95,20.775,3.90356167228219E-16));
#9026=CARTESIAN_POINT('Origin',(-17.65,18.65,0.));
#9027=CARTESIAN_POINT('Origin',(-17.65,18.65,0.));
#9028=CARTESIAN_POINT('',(-17.9499999999999,16.3436879479844,-0.749366211359207));
#9029=CARTESIAN_POINT('',(-17.9499999999999,20.9563120520156,0.749366211359207));
#9030=CARTESIAN_POINT('Ctrl Pts',(-17.9499999999999,16.3436879479844,-0.749366211359206));
#9031=CARTESIAN_POINT('Ctrl Pts',(-17.9499999999999,16.3700877970012,-0.830504409403137));
#9032=CARTESIAN_POINT('Ctrl Pts',(-17.9499999959914,16.4007589996559,-0.910266914975733));
#9033=CARTESIAN_POINT('Ctrl Pts',(-17.9499999955417,16.4355416520184,-0.988204628457984));
#9034=CARTESIAN_POINT('Ctrl Pts',(-17.9499999950929,16.4702495025356,-1.06597473296306));
#9035=CARTESIAN_POINT('Ctrl Pts',(-17.9499999968699,16.5090510254097,-1.14192751035805));
#9036=CARTESIAN_POINT('Ctrl Pts',(-17.949999998239,16.5517385346958,-1.21563406388079));
#9037=CARTESIAN_POINT('Ctrl Pts',(-17.9499999996041,16.5943027262321,-1.28912769033246));
#9038=CARTESIAN_POINT('Ctrl Pts',(-17.9500000001842,16.6407303219647,-1.36038769502025));
#9039=CARTESIAN_POINT('Ctrl Pts',(-17.9499999999102,16.6907689171379,-1.42901159443964));
#9040=CARTESIAN_POINT('Ctrl Pts',(-17.9499999997102,16.7272951146945,-1.47910432982952));
#9041=CARTESIAN_POINT('Ctrl Pts',(-17.9499999992562,16.765744425415,-1.52779288831878));
#9042=CARTESIAN_POINT('Ctrl Pts',(-17.9499999992684,16.806003790491,-1.57493002524296));
#9043=CARTESIAN_POINT('Ctrl Pts',(-17.9499999992854,16.8619521745547,-1.64043643934852));
#9044=CARTESIAN_POINT('Ctrl Pts',(-17.949999999764,16.9213984143339,-1.70295454988651));
#9045=CARTESIAN_POINT('Ctrl Pts',(-17.949999999939,16.9840026116783,-1.76213138118727));
#9046=CARTESIAN_POINT('Ctrl Pts',(-17.9500000001142,17.0466459589435,-1.82134521908432));
#9047=CARTESIAN_POINT('Ctrl Pts',(-17.949999999876,17.1124509336639,-1.87721335580146));
#9048=CARTESIAN_POINT('Ctrl Pts',(-17.9499999989413,17.1810420656851,-1.9294209902835));
#9049=CARTESIAN_POINT('Ctrl Pts',(-17.9499999980054,17.2497169358012,-1.98169236139922));
#9050=CARTESIAN_POINT('Ctrl Pts',(-17.949999996383,17.3211844685832,-2.03029407273704));
#9051=CARTESIAN_POINT('Ctrl Pts',(-17.9499999950105,17.3950371822776,-2.07495252172247));
#9052=CARTESIAN_POINT('Ctrl Pts',(-17.9499999940759,17.4453333309488,-2.10536640737722));
#9053=CARTESIAN_POINT('Ctrl Pts',(-17.9499999932976,17.4967351055471,-2.13395226731144));
#9054=CARTESIAN_POINT('Ctrl Pts',(-17.9499999930636,17.5491067968426,-2.16063561895205));
#9055=CARTESIAN_POINT('Ctrl Pts',(-17.9499999927202,17.6259589491721,-2.19979175376865));
#9056=CARTESIAN_POINT('Ctrl Pts',(-17.9499999938957,17.704897849299,-2.23484884189812));
#9057=CARTESIAN_POINT('Ctrl Pts',(-17.9499999954367,17.7854771805587,-2.26560621525887));
#9058=CARTESIAN_POINT('Ctrl Pts',(-17.9499999969767,17.8659968479733,-2.29634081475031));
#9059=CARTESIAN_POINT('Ctrl Pts',(-17.9499999987441,17.9481541774401,-2.32278192086454));
#9060=CARTESIAN_POINT('Ctrl Pts',(-17.9499999995269,18.0314843209174,-2.34477752672069));
#9061=CARTESIAN_POINT('Ctrl Pts',(-17.9500000003089,18.1147396465849,-2.36675338386422));
#9062=CARTESIAN_POINT('Ctrl Pts',(-17.9500000000648,18.1991653262499,-2.38429161468748));
#9063=CARTESIAN_POINT('Ctrl Pts',(-17.949999998876,18.284283485125,-2.39729063218712));
#9064=CARTESIAN_POINT('Ctrl Pts',(-17.9499999980631,18.3424851396991,-2.4061790331619));
#9065=CARTESIAN_POINT('Ctrl Pts',(-17.9499999968473,18.4010102649417,-2.41294617615532));
#9066=CARTESIAN_POINT('Ctrl Pts',(-17.9499999956127,18.4597035523651,-2.41757339057116));
#9067=CARTESIAN_POINT('Ctrl Pts',(-17.9499999938063,18.5455803847463,-2.4243436795467));
#9068=CARTESIAN_POINT('Ctrl Pts',(-17.9499999934297,18.6318214608896,-2.42652453316256));
#9069=CARTESIAN_POINT('Ctrl Pts',(-17.9499999942293,18.7179363063951,-2.42410706096168));
#9070=CARTESIAN_POINT('Ctrl Pts',(-17.9499999950297,18.8041297138395,-2.42168738331873));
#9071=CARTESIAN_POINT('Ctrl Pts',(-17.949999996708,18.8901962915724,-2.41466101929253));
#9072=CARTESIAN_POINT('Ctrl Pts',(-17.9499999978891,18.9756473577856,-2.40307124299627));
#9073=CARTESIAN_POINT('Ctrl Pts',(-17.9499999990721,19.0612405393466,-2.39146219151523));
#9074=CARTESIAN_POINT('Ctrl Pts',(-17.9499999997124,19.1462157969706,-2.37527460163659));
#9075=CARTESIAN_POINT('Ctrl Pts',(-17.9499999998968,19.2300906561081,-2.35460356947809));
#9076=CARTESIAN_POINT('Ctrl Pts',(-17.9500000000221,19.287072785408,-2.34056027403379));
#9077=CARTESIAN_POINT('Ctrl Pts',(-17.9499999999999,19.343547215308,-2.32444874325674));
#9078=CARTESIAN_POINT('Ctrl Pts',(-17.9499999999999,19.3993662113592,-2.30631205201575));
#9079=CARTESIAN_POINT('Ctrl Pts',(-17.9499999999999,19.4815233594847,-2.27961757640348));
#9080=CARTESIAN_POINT('Ctrl Pts',(-17.9500000000587,19.5622497257182,-2.24853699743287));
#9081=CARTESIAN_POINT('Ctrl Pts',(-17.9499999995933,19.6410862547885,-2.21324395115502));
#9082=CARTESIAN_POINT('Ctrl Pts',(-17.9499999991284,19.719833746973,-2.17799076435558));
#9083=CARTESIAN_POINT('Ctrl Pts',(-17.9499999980078,19.7966953262004,-2.13853475087936));
#9084=CARTESIAN_POINT('Ctrl Pts',(-17.9499999966591,19.8712332606063,-2.09509700649592));
#9085=CARTESIAN_POINT('Ctrl Pts',(-17.9499999953124,19.9456575885022,-2.05172546746926));
#9086=CARTESIAN_POINT('Ctrl Pts',(-17.9499999938638,20.017765023812,-2.0043844954592));
#9087=CARTESIAN_POINT('Ctrl Pts',(-17.9499999937909,20.0871445538654,-1.95333984712514));
#9088=CARTESIAN_POINT('Ctrl Pts',(-17.9499999937413,20.1343905773515,-1.91857949847221));
#9089=CARTESIAN_POINT('Ctrl Pts',(-17.9499999943828,20.1803720975418,-1.88210258291195));
#9090=CARTESIAN_POINT('Ctrl Pts',(-17.9499999956127,20.2249670454183,-1.84400451263728));
#9091=CARTESIAN_POINT('Ctrl Pts',(-17.9499999974184,20.2904400638998,-1.78807002279078));
#9092=CARTESIAN_POINT('Ctrl Pts',(-17.9499999991325,20.3529295959031,-1.7286417506383));
#9093=CARTESIAN_POINT('Ctrl Pts',(-17.9499999997356,20.4120826493149,-1.66605846442712));
#9094=CARTESIAN_POINT('Ctrl Pts',(-17.950000000339,20.471265750805,-1.6034433876764));
#9095=CARTESIAN_POINT('Ctrl Pts',(-17.9499999998096,20.5271087383409,-1.53767037085801));
#9096=CARTESIAN_POINT('Ctrl Pts',(-17.9499999985362,20.5792967359234,-1.46911380727347));
#9097=CARTESIAN_POINT('Ctrl Pts',(-17.9499999972615,20.631539651604,-1.40048510073908));
#9098=CARTESIAN_POINT('Ctrl Pts',(-17.9499999953143,20.6801196638297,-1.32906728758003));
#9099=CARTESIAN_POINT('Ctrl Pts',(-17.9499999941046,20.7247631031485,-1.2552667521551));
#9100=CARTESIAN_POINT('Ctrl Pts',(-17.9499999932785,20.7552451393826,-1.20487657995411));
#9101=CARTESIAN_POINT('Ctrl Pts',(-17.9499999928291,20.7838928245423,-1.15337622210268));
#9102=CARTESIAN_POINT('Ctrl Pts',(-17.9499999930636,20.810631062744,-1.10090214521913));
#9103=CARTESIAN_POINT('Ctrl Pts',(-17.9499999934072,20.8498134205823,-1.02400635118159));
#9104=CARTESIAN_POINT('Ctrl Pts',(-17.9499999949308,20.88489109852,-0.945020363300343));
#9105=CARTESIAN_POINT('Ctrl Pts',(-17.9499999963808,20.915662646866,-0.864390982109611));
#9106=CARTESIAN_POINT('Ctrl Pts',(-17.9499999978296,20.9464081373004,-0.783829879357627));
#9107=CARTESIAN_POINT('Ctrl Pts',(-17.9499999991103,20.9728546429,-0.701628503532091));
#9108=CARTESIAN_POINT('Ctrl Pts',(-17.9499999996455,20.9948493492274,-0.618252223298953));
#9109=CARTESIAN_POINT('Ctrl Pts',(-17.9500000001801,21.0168203443445,-0.534965826171148));
#9110=CARTESIAN_POINT('Ctrl Pts',(-17.9499999999978,21.0343490266502,-0.450507409136855));
#9111=CARTESIAN_POINT('Ctrl Pts',(-17.9499999997002,21.0473330021336,-0.365355326264666));
#9112=CARTESIAN_POINT('Ctrl Pts',(-17.9499999994971,21.0561905976289,-0.307265051323765));
#9113=CARTESIAN_POINT('Ctrl Pts',(-17.94999999928,21.0629341754252,-0.248852252021018));
#9114=CARTESIAN_POINT('Ctrl Pts',(-17.9499999992684,21.0675449132862,-0.190271378140315));
#9115=CARTESIAN_POINT('Ctrl Pts',(-17.9499999992517,21.0742096903856,-0.105593290060896));
#9116=CARTESIAN_POINT('Ctrl Pts',(-17.9500000001048,21.0764109372563,-0.0205562896744553));
#9117=CARTESIAN_POINT('Ctrl Pts',(-17.9499999999882,21.0741430737063,0.0643624591686782));
#9118=CARTESIAN_POINT('Ctrl Pts',(-17.9499999998715,21.0718712659141,0.149428897719498));
#9119=CARTESIAN_POINT('Ctrl Pts',(-17.9499999984936,21.0651148442142,0.234376278703373));
#9120=CARTESIAN_POINT('Ctrl Pts',(-17.949999997079,21.0539204079786,0.318729723338415));
#9121=CARTESIAN_POINT('Ctrl Pts',(-17.9499999956597,21.0426896429858,0.403356916088114));
#9122=CARTESIAN_POINT('Ctrl Pts',(-17.9499999948432,21.0269921008104,0.48738592409761));
#9123=CARTESIAN_POINT('Ctrl Pts',(-17.9499999963553,21.0069262712861,0.570347925145824));
#9124=CARTESIAN_POINT('Ctrl Pts',(-17.9499999974543,20.9923430064863,0.630642309095152));
#9125=CARTESIAN_POINT('Ctrl Pts',(-17.9499999999999,20.9754535128226,0.690373309784929));
#9126=CARTESIAN_POINT('Ctrl Pts',(-17.9499999999999,20.9563120520156,0.749366211359207));
#9127=CARTESIAN_POINT('',(-17.95,17.9006337886408,2.30631205201575));
#9128=CARTESIAN_POINT('Origin',(-17.95,18.65,0.));
#9129=CARTESIAN_POINT('Origin',(-17.65,17.9006337886408,2.30631205201562));
#9130=CARTESIAN_POINT('Origin',(-17.95,18.65,0.));
#9131=CARTESIAN_POINT('Origin',(-17.95,18.65,0.));
#9132=CARTESIAN_POINT('',(-17.95,21.2,4.68427400673863E-16));
#9133=CARTESIAN_POINT('Origin',(-17.95,18.65,0.));
#9134=CARTESIAN_POINT('Origin',(-17.95,18.65,0.));
#9135=CARTESIAN_POINT('',(-17.55,13.8,1.1543021677463E-9));
#9136=CARTESIAN_POINT('',(-17.55,23.5,8.909305463797E-16));
#9137=CARTESIAN_POINT('Origin',(-17.55,18.65,0.));
#9138=CARTESIAN_POINT('Origin',(-17.55,18.65,0.));
#9139=CARTESIAN_POINT('',(-17.95,21.2,4.68427400673863E-16));
#9140=CARTESIAN_POINT('Origin',(17.95,18.65,0.));
#9141=CARTESIAN_POINT('',(-16.25,13.8,1.1543021677463E-9));
#9142=CARTESIAN_POINT('Origin',(-16.25,18.65,0.));
#9143=CARTESIAN_POINT('',(17.95,13.8,1.1543021677463E-9));
#9144=CARTESIAN_POINT('Origin',(-16.25,23.5,0.));
#9145=CARTESIAN_POINT('',(-16.25,21.45,5.14351655641888E-16));
#9146=CARTESIAN_POINT('Origin',(-16.25,18.65,0.));
#9147=CARTESIAN_POINT('Origin',(17.95,18.65,0.));
#9148=CARTESIAN_POINT('',(-15.15,21.45,5.14351655641888E-16));
#9149=CARTESIAN_POINT('Origin',(-15.15,18.65,0.));
#9150=CARTESIAN_POINT('',(17.95,21.45,5.14351655641888E-16));
#9151=CARTESIAN_POINT('Origin',(-15.15,21.45,0.));
#9152=CARTESIAN_POINT('',(-15.15,22.65,7.34788079488411E-16));
#9153=CARTESIAN_POINT('Origin',(-15.15,18.65,-1.66533453693773E-15));
#9154=CARTESIAN_POINT('Origin',(-15.15,18.65,0.));
#9155=CARTESIAN_POINT('',(-14.973673019292,13.65,-3.06161699786838E-16));
#9156=CARTESIAN_POINT('',(-14.973673019292,23.65,9.18485099360515E-16));
#9157=CARTESIAN_POINT('Origin',(-14.973673019292,18.65,0.));
#9158=CARTESIAN_POINT('Origin',(-14.973673019292,18.65,0.));
#9159=CARTESIAN_POINT('',(-15.15,22.65,7.34788079488412E-16));
#9160=CARTESIAN_POINT('Origin',(17.95,18.65,0.));
#9161=CARTESIAN_POINT('',(-14.3,13.65,-3.06161699786838E-16));
#9162=CARTESIAN_POINT('Origin',(-14.3,18.65,0.));
#9163=CARTESIAN_POINT('',(17.95,13.65,-3.06161699786838E-16));
#9164=CARTESIAN_POINT('Origin',(-14.3,23.65,0.));
#9165=CARTESIAN_POINT('',(-14.3,23.7,9.2766995035412E-16));
#9166=CARTESIAN_POINT('Origin',(-14.3,18.65,0.));
#9167=CARTESIAN_POINT('Origin',(-14.3,18.65,0.));
#9168=CARTESIAN_POINT('',(-12.3,13.4,-3.2146978477618E-16));
#9169=CARTESIAN_POINT('',(-12.3,23.9,9.6440935432854E-16));
#9170=CARTESIAN_POINT('Origin',(-12.3,18.65,0.));
#9171=CARTESIAN_POINT('Origin',(-12.3,18.65,0.));
#9172=CARTESIAN_POINT('',(-14.3,23.7,9.2766995035412E-16));
#9173=CARTESIAN_POINT('Origin',(17.95,18.65,0.));
#9174=CARTESIAN_POINT('',(-4.5,14.1716373532488,-2.73984817173934));
#9175=CARTESIAN_POINT('',(-4.5,14.1716373532488,2.73984817173934));
#9176=CARTESIAN_POINT('Origin',(-4.5,18.65,0.));
#9177=CARTESIAN_POINT('',(-6.4,14.85,-3.62249913733599));
#9178=CARTESIAN_POINT('Ctrl Pts',(-6.4,14.85,-3.62249913733599));
#9179=CARTESIAN_POINT('Ctrl Pts',(-6.07574904539542,14.85,-3.62249913733599));
#9180=CARTESIAN_POINT('Ctrl Pts',(-5.73648798475263,14.793038470471,-3.5652176242065));
#9181=CARTESIAN_POINT('Ctrl Pts',(-5.13255798042056,14.5877551814477,-3.32943035938514));
#9182=CARTESIAN_POINT('Ctrl Pts',(-4.86822262107173,14.4412089178697,-3.14853390836086));
#9183=CARTESIAN_POINT('Ctrl Pts',(-4.60968796479671,14.2582627263616,-2.87757098549671));
#9184=CARTESIAN_POINT('Ctrl Pts',(-4.55329602745753,14.2152541791185,-2.81114116007338));
#9185=CARTESIAN_POINT('Ctrl Pts',(-4.5,14.1716373532488,-2.73984817173934));
#9186=CARTESIAN_POINT('',(-8.96855990780826,13.4,-1.30565238653278E-15));
#9187=CARTESIAN_POINT('Ctrl Pts',(-8.96855990780826,13.4,-5.55111512312578E-16));
#9188=CARTESIAN_POINT('Ctrl Pts',(-8.96855990780826,13.4,-0.346540455238306));
#9189=CARTESIAN_POINT('Ctrl Pts',(-8.94764092179788,13.4368419053703,-0.723518957470737));
#9190=CARTESIAN_POINT('Ctrl Pts',(-8.84512558128211,13.5906620609446,-1.45037736892882));
#9191=CARTESIAN_POINT('Ctrl Pts',(-8.76226842166029,13.7074504773221,-1.80011906307987));
#9192=CARTESIAN_POINT('Ctrl Pts',(-8.53225394369236,13.9673793335648,-2.39584452904771));
#9193=CARTESIAN_POINT('Ctrl Pts',(-8.34560485626642,14.1483732802371,-2.71481293479142));
#9194=CARTESIAN_POINT('Ctrl Pts',(-7.93177737892828,14.4412089178697,-3.14853390836086));
#9195=CARTESIAN_POINT('Ctrl Pts',(-7.66744201957944,14.5877551814477,-3.32943035938514));
#9196=CARTESIAN_POINT('Ctrl Pts',(-7.06351201524738,14.793038470471,-3.5652176242065));
#9197=CARTESIAN_POINT('Ctrl Pts',(-6.72425095460458,14.85,-3.62249913733599));
#9198=CARTESIAN_POINT('Ctrl Pts',(-6.4,14.85,-3.62249913733599));
#9199=CARTESIAN_POINT('',(17.95,13.4,-3.2146978477618E-16));
#9200=CARTESIAN_POINT('',(-6.4,14.85,3.62249913733599));
#9201=CARTESIAN_POINT('Ctrl Pts',(-6.4,14.85,3.62249913733599));
#9202=CARTESIAN_POINT('Ctrl Pts',(-6.72425095460458,14.85,3.62249913733599));
#9203=CARTESIAN_POINT('Ctrl Pts',(-7.06351201524738,14.793038470471,3.5652176242065));
#9204=CARTESIAN_POINT('Ctrl Pts',(-7.66744201957944,14.5877551814477,3.32943035938514));
#9205=CARTESIAN_POINT('Ctrl Pts',(-7.93177737892828,14.4412089178697,3.14853390836086));
#9206=CARTESIAN_POINT('Ctrl Pts',(-8.34560485626642,14.1483732802371,2.71481293479142));
#9207=CARTESIAN_POINT('Ctrl Pts',(-8.53225394369236,13.9673793335648,2.39584452904771));
#9208=CARTESIAN_POINT('Ctrl Pts',(-8.76226842166029,13.7074504773221,1.80011906307988));
#9209=CARTESIAN_POINT('Ctrl Pts',(-8.8451255812821,13.5906620609446,1.45037736892882));
#9210=CARTESIAN_POINT('Ctrl Pts',(-8.94764092179788,13.4368419053703,0.723518957470738));
#9211=CARTESIAN_POINT('Ctrl Pts',(-8.96855990780826,13.4,0.346540455238307));
#9212=CARTESIAN_POINT('Ctrl Pts',(-8.96855990780826,13.4,-4.16333634234434E-16));
#9213=CARTESIAN_POINT('Ctrl Pts',(-4.5,14.1716373532488,2.73984817173934));
#9214=CARTESIAN_POINT('Ctrl Pts',(-4.55329602745754,14.2152541791185,2.81114116007338));
#9215=CARTESIAN_POINT('Ctrl Pts',(-4.60968796479671,14.2582627263616,2.87757098549671));
#9216=CARTESIAN_POINT('Ctrl Pts',(-4.86822262107173,14.4412089178697,3.14853390836086));
#9217=CARTESIAN_POINT('Ctrl Pts',(-5.13255798042056,14.5877551814477,3.32943035938514));
#9218=CARTESIAN_POINT('Ctrl Pts',(-5.73648798475263,14.793038470471,3.5652176242065));
#9219=CARTESIAN_POINT('Ctrl Pts',(-6.07574904539542,14.85,3.62249913733599));
#9220=CARTESIAN_POINT('Ctrl Pts',(-6.4,14.85,3.62249913733599));
#9221=CARTESIAN_POINT('Origin',(-4.5,18.65,0.));
#9222=CARTESIAN_POINT('',(-4.29627137408587,13.9887673712934,-1.93333007062938));
#9223=CARTESIAN_POINT('Ctrl Pts',(-4.5,14.1716373532488,-2.73984817173933));
#9224=CARTESIAN_POINT('Ctrl Pts',(-4.49084563333737,14.1641455300169,-2.71006129262022));
#9225=CARTESIAN_POINT('Ctrl Pts',(-4.48194363438109,14.1567698468549,-2.68047679375255));
#9226=CARTESIAN_POINT('Ctrl Pts',(-4.40674314967761,14.0937614356926,-2.42535471001063));
#9227=CARTESIAN_POINT('Ctrl Pts',(-4.34653001691347,14.0382026427657,-2.18370017470552));
#9228=CARTESIAN_POINT('Ctrl Pts',(-4.29627137408587,13.9887673712934,-1.93333007062938));
#9229=CARTESIAN_POINT('',(-4.29627137408587,13.9887673712934,1.93333007062938));
#9230=CARTESIAN_POINT('Ctrl Pts',(-4.29627137408587,13.9887673712934,1.93333007062938));
#9231=CARTESIAN_POINT('Ctrl Pts',(-4.34653001691347,14.0382026427657,2.18370017470552));
#9232=CARTESIAN_POINT('Ctrl Pts',(-4.40674314967761,14.0937614356926,2.42535471001063));
#9233=CARTESIAN_POINT('Ctrl Pts',(-4.48194363438109,14.1567698468549,2.68047679375256));
#9234=CARTESIAN_POINT('Ctrl Pts',(-4.49084563333737,14.1641455300169,2.71006129262022));
#9235=CARTESIAN_POINT('Ctrl Pts',(-4.5,14.1716373532488,2.73984817173934));
#9236=CARTESIAN_POINT('',(-3.83339933941636,14.45,1.83508841873144));
#9237=CARTESIAN_POINT('Ctrl Pts',(-4.29627137408586,13.9887673712934,1.93333007062937));
#9238=CARTESIAN_POINT('Ctrl Pts',(-4.1414025919625,14.1431417197286,1.90129459311415));
#9239=CARTESIAN_POINT('Ctrl Pts',(-3.98710623738366,14.2968970395575,1.86858416755825));
#9240=CARTESIAN_POINT('Ctrl Pts',(-3.83339933941635,14.45,1.83508841873145));
#9241=CARTESIAN_POINT('',(-3.5,15.15,2.41091269024824));
#9242=CARTESIAN_POINT('Ctrl Pts',(-3.83339933941635,14.45,1.83508841873144));
#9243=CARTESIAN_POINT('Ctrl Pts',(-3.77868236075603,14.5596528080233,1.94938919449261));
#9244=CARTESIAN_POINT('Ctrl Pts',(-3.72025572635268,14.6789115394386,2.05814994524842));
#9245=CARTESIAN_POINT('Ctrl Pts',(-3.60743019912734,14.9156929128669,2.24942260609502));
#9246=CARTESIAN_POINT('Ctrl Pts',(-3.55327915216052,15.0320247345017,2.33356562027093));
#9247=CARTESIAN_POINT('Ctrl Pts',(-3.5,15.15,2.41091269024824));
#9248=CARTESIAN_POINT('',(-3.5,15.15,-2.41091269024824));
#9249=CARTESIAN_POINT('Origin',(-3.5,18.65,0.));
#9250=CARTESIAN_POINT('',(-3.83339933941636,14.45,-1.83508841873144));
#9251=CARTESIAN_POINT('Ctrl Pts',(-3.5,15.15,-2.41091269024824));
#9252=CARTESIAN_POINT('Ctrl Pts',(-3.55327915216052,15.0320247345017,-2.33356562027093));
#9253=CARTESIAN_POINT('Ctrl Pts',(-3.60743019912734,14.9156929128669,-2.24942260609503));
#9254=CARTESIAN_POINT('Ctrl Pts',(-3.72025572635268,14.6789115394386,-2.05814994524842));
#9255=CARTESIAN_POINT('Ctrl Pts',(-3.77868236075603,14.5596528080233,-1.94938919449261));
#9256=CARTESIAN_POINT('Ctrl Pts',(-3.83339933941635,14.45,-1.83508841873144));
#9257=CARTESIAN_POINT('Ctrl Pts',(-3.83339933941635,14.45,-1.83508841873145));
#9258=CARTESIAN_POINT('Ctrl Pts',(-3.98710644771562,14.296896830052,-1.86858421339371));
#9259=CARTESIAN_POINT('Ctrl Pts',(-4.14140246965574,14.1431418416449,-1.90129456781431));
#9260=CARTESIAN_POINT('Ctrl Pts',(-4.29627137408586,13.9887673712934,-1.93333007062936));
#9261=CARTESIAN_POINT('Origin',(0.,14.45,0.));
#9262=CARTESIAN_POINT('',(-3.8622844919101,13.45,-3.556017224867));
#9263=CARTESIAN_POINT('Ctrl Pts',(-4.29627137408587,13.9887673712934,-1.93333007062937));
#9264=CARTESIAN_POINT('Ctrl Pts',(-4.25023104693999,13.9434813081791,-2.14599676628901));
#9265=CARTESIAN_POINT('Ctrl Pts',(-4.19968668599567,13.8907152350218,-2.35124648991241));
#9266=CARTESIAN_POINT('Ctrl Pts',(-4.06368147182583,13.7363309918664,-2.86835253856323));
#9267=CARTESIAN_POINT('Ctrl Pts',(-3.9597408883133,13.6045728803218,-3.22196036432981));
#9268=CARTESIAN_POINT('Ctrl Pts',(-3.8622844919101,13.45,-3.556017224867));
#9269=CARTESIAN_POINT('',(3.83339933941636,14.45,-1.83508841873144));
#9270=CARTESIAN_POINT('Origin',(0.,14.45,0.));
#9271=CARTESIAN_POINT('',(4.29627137408587,13.9887673712934,-1.93333007062938));
#9272=CARTESIAN_POINT('Ctrl Pts',(4.29627137408587,13.9887673712934,-1.93333007062936));
#9273=CARTESIAN_POINT('Ctrl Pts',(4.14140271164246,14.1431416004308,-1.90129461787061));
#9274=CARTESIAN_POINT('Ctrl Pts',(3.98710636103189,14.2968969163952,-1.86858419450362));
#9275=CARTESIAN_POINT('Ctrl Pts',(3.83339933941635,14.45,-1.83508841873144));
#9276=CARTESIAN_POINT('',(3.8622844919101,13.45,-3.556017224867));
#9277=CARTESIAN_POINT('Ctrl Pts',(3.8622844919101,13.45,-3.556017224867));
#9278=CARTESIAN_POINT('Ctrl Pts',(3.9597408883133,13.6045728803218,-3.22196036432981));
#9279=CARTESIAN_POINT('Ctrl Pts',(4.06368147182583,13.7363309918664,-2.86835253856323));
#9280=CARTESIAN_POINT('Ctrl Pts',(4.19968668599567,13.8907152350218,-2.35124648991241));
#9281=CARTESIAN_POINT('Ctrl Pts',(4.25023104693999,13.9434813081791,-2.14599676628901));
#9282=CARTESIAN_POINT('Ctrl Pts',(4.29627137408586,13.9887673712934,-1.93333007062937));
#9283=CARTESIAN_POINT('Origin',(0.,13.45,0.));
#9284=CARTESIAN_POINT('Origin',(0.,0.,0.));
#9285=CARTESIAN_POINT('',(-5.25,5.65,-3.2146978477618E-16));
#9286=CARTESIAN_POINT('Origin',(0.,5.65,0.));
#9287=CARTESIAN_POINT('',(-5.25,9.07916979950052,-2.19570143099456E-17));
#9288=CARTESIAN_POINT('',(-5.25,0.,-3.2146978477618E-16));
#9289=CARTESIAN_POINT('Ctrl Pts',(-5.25,9.07916979950052,0.));
#9290=CARTESIAN_POINT('Ctrl Pts',(-5.25,9.07916979950052,-0.394566010509339));
#9291=CARTESIAN_POINT('Ctrl Pts',(-5.20232516395204,9.09722422751049,-0.823185396095833));
#9292=CARTESIAN_POINT('Ctrl Pts',(-5.00313352404253,9.19275216991375,-1.64635159849363));
#9293=CARTESIAN_POINT('Ctrl Pts',(-4.8517492667315,9.27200259493744,-2.04072330624195));
#9294=CARTESIAN_POINT('Ctrl Pts',(-4.51692475876607,9.50600079707331,-2.70038481755607));
#9295=CARTESIAN_POINT('Ctrl Pts',(-4.28717728843438,9.69948333302464,-3.04560304924971));
#9296=CARTESIAN_POINT('Ctrl Pts',(-3.9147263381892,10.1459458365658,-3.51023355325192));
#9297=CARTESIAN_POINT('Ctrl Pts',(-3.72934312907181,10.4369288290838,-3.69945581704394));
#9298=CARTESIAN_POINT('Ctrl Pts',(-3.47112250529133,11.1077951124054,-3.94274901203235));
#9299=CARTESIAN_POINT('Ctrl Pts',(-3.4,11.4870661116257,-4.00031248779392));
#9300=CARTESIAN_POINT('Ctrl Pts',(-3.4,12.2129338883743,-4.00031248779392));
#9301=CARTESIAN_POINT('Ctrl Pts',(-3.47112250529133,12.5922048875946,-3.94274901203235));
#9302=CARTESIAN_POINT('Ctrl Pts',(-3.67329815631958,13.1174643560201,-3.7522608962212));
#9303=CARTESIAN_POINT('Ctrl Pts',(-3.7639525184337,13.2940383912299,-3.66281818566127));
#9304=CARTESIAN_POINT('Ctrl Pts',(-3.8622844919101,13.45,-3.556017224867));
#9305=CARTESIAN_POINT('',(3.8622844919101,13.45,3.556017224867));
#9306=CARTESIAN_POINT('Ctrl Pts',(3.8622844919101,13.45,-3.556017224867));
#9307=CARTESIAN_POINT('Ctrl Pts',(3.7639525184337,13.2940383912299,-3.66281818566127));
#9308=CARTESIAN_POINT('Ctrl Pts',(3.67329815631958,13.1174643560202,-3.7522608962212));
#9309=CARTESIAN_POINT('Ctrl Pts',(3.47112250529133,12.5922048875946,-3.94274901203235));
#9310=CARTESIAN_POINT('Ctrl Pts',(3.4,12.2129338883743,-4.00031248779392));
#9311=CARTESIAN_POINT('Ctrl Pts',(3.4,11.85,-4.00031248779392));
#9312=CARTESIAN_POINT('Ctrl Pts',(3.4,11.4870661116257,-4.00031248779392));
#9313=CARTESIAN_POINT('Ctrl Pts',(3.47112250529133,11.1077951124054,-3.94274901203235));
#9314=CARTESIAN_POINT('Ctrl Pts',(3.72934312907181,10.4369288290838,-3.69945581704394));
#9315=CARTESIAN_POINT('Ctrl Pts',(3.91472633818919,10.1459458365658,-3.51023355325192));
#9316=CARTESIAN_POINT('Ctrl Pts',(4.28717728843438,9.69948333302464,-3.04560304924972));
#9317=CARTESIAN_POINT('Ctrl Pts',(4.51692475876607,9.50600079707331,-2.70038481755608));
#9318=CARTESIAN_POINT('Ctrl Pts',(4.85174926673149,9.27200259493744,-2.04072330624195));
#9319=CARTESIAN_POINT('Ctrl Pts',(5.00313352404253,9.19275216991375,-1.64635159849364));
#9320=CARTESIAN_POINT('Ctrl Pts',(5.20232516395204,9.09722422751049,-0.823185396095834));
#9321=CARTESIAN_POINT('Ctrl Pts',(5.25,9.07916979950052,-0.39456601050934));
#9322=CARTESIAN_POINT('Ctrl Pts',(5.25,9.07916979950052,0.39456601050934));
#9323=CARTESIAN_POINT('Ctrl Pts',(5.20232516395204,9.09722422751049,0.823185396095835));
#9324=CARTESIAN_POINT('Ctrl Pts',(5.00313352404253,9.19275216991375,1.64635159849364));
#9325=CARTESIAN_POINT('Ctrl Pts',(4.85174926673149,9.27200259493744,2.04072330624195));
#9326=CARTESIAN_POINT('Ctrl Pts',(4.51692475876607,9.50600079707331,2.70038481755608));
#9327=CARTESIAN_POINT('Ctrl Pts',(4.28717728843437,9.69948333302464,3.04560304924972));
#9328=CARTESIAN_POINT('Ctrl Pts',(3.91472633818919,10.1459458365658,3.51023355325192));
#9329=CARTESIAN_POINT('Ctrl Pts',(3.72934312907181,10.4369288290838,3.69945581704394));
#9330=CARTESIAN_POINT('Ctrl Pts',(3.47112250529133,11.1077951124054,3.94274901203235));
#9331=CARTESIAN_POINT('Ctrl Pts',(3.4,11.4870661116257,4.00031248779392));
#9332=CARTESIAN_POINT('Ctrl Pts',(3.4,12.2129338883743,4.00031248779392));
#9333=CARTESIAN_POINT('Ctrl Pts',(3.47112250529133,12.5922048875946,3.94274901203235));
#9334=CARTESIAN_POINT('Ctrl Pts',(3.67329815631958,13.1174643560201,3.7522608962212));
#9335=CARTESIAN_POINT('Ctrl Pts',(3.7639525184337,13.2940383912299,3.66281818566127));
#9336=CARTESIAN_POINT('Ctrl Pts',(3.8622844919101,13.45,3.556017224867));
#9337=CARTESIAN_POINT('',(-3.8622844919101,13.45,3.556017224867));
#9338=CARTESIAN_POINT('Origin',(0.,13.45,0.));
#9339=CARTESIAN_POINT('Ctrl Pts',(-3.8622844919101,13.45,3.55601722486699));
#9340=CARTESIAN_POINT('Ctrl Pts',(-3.76395251843371,13.2940383912299,3.66281818566127));
#9341=CARTESIAN_POINT('Ctrl Pts',(-3.67329815631958,13.1174643560202,3.7522608962212));
#9342=CARTESIAN_POINT('Ctrl Pts',(-3.47112250529133,12.5922048875946,3.94274901203235));
#9343=CARTESIAN_POINT('Ctrl Pts',(-3.4,12.2129338883743,4.00031248779392));
#9344=CARTESIAN_POINT('Ctrl Pts',(-3.4,11.85,4.00031248779392));
#9345=CARTESIAN_POINT('Ctrl Pts',(-3.4,11.4870661116257,4.00031248779392));
#9346=CARTESIAN_POINT('Ctrl Pts',(-3.47112250529133,11.1077951124054,3.94274901203235));
#9347=CARTESIAN_POINT('Ctrl Pts',(-3.72934312907181,10.4369288290838,3.69945581704394));
#9348=CARTESIAN_POINT('Ctrl Pts',(-3.91472633818919,10.1459458365658,3.51023355325192));
#9349=CARTESIAN_POINT('Ctrl Pts',(-4.28717728843438,9.69948333302464,3.04560304924972));
#9350=CARTESIAN_POINT('Ctrl Pts',(-4.51692475876607,9.50600079707331,2.70038481755608));
#9351=CARTESIAN_POINT('Ctrl Pts',(-4.85174926673149,9.27200259493744,2.04072330624195));
#9352=CARTESIAN_POINT('Ctrl Pts',(-5.00313352404253,9.19275216991375,1.64635159849364));
#9353=CARTESIAN_POINT('Ctrl Pts',(-5.20232516395204,9.09722422751049,0.823185396095835));
#9354=CARTESIAN_POINT('Ctrl Pts',(-5.25,9.07916979950052,0.39456601050934));
#9355=CARTESIAN_POINT('Ctrl Pts',(-5.25,9.07916979950052,2.77555756156289E-16));
#9356=CARTESIAN_POINT('Origin',(0.,5.65,0.));
#9357=CARTESIAN_POINT('',(-5.05,3.65,3.09223316784707E-16));
#9358=CARTESIAN_POINT('',(-5.25,5.65,3.2146978477618E-16));
#9359=CARTESIAN_POINT('Origin',(0.,3.65,0.));
#9360=CARTESIAN_POINT('Origin',(5.05,3.65,0.));
#9361=CARTESIAN_POINT('',(5.,3.65,6.4696002224863E-15));
#9362=CARTESIAN_POINT('Origin',(0.,3.65,0.));
#9363=CARTESIAN_POINT('Origin',(0.,0.,0.));
#9364=CARTESIAN_POINT('',(-5.,2.9763269807085,3.06161699786838E-16));
#9365=CARTESIAN_POINT('',(5.,2.9763269807085,6.4696002224863E-15));
#9366=CARTESIAN_POINT('Origin',(0.,2.9763269807085,0.));
#9367=CARTESIAN_POINT('Origin',(0.,2.9763269807085,0.));
#9368=CARTESIAN_POINT('',(5.,0.,6.4696002224863E-15));
#9369=CARTESIAN_POINT('Origin',(0.,2.9763269807085,0.));
#9370=CARTESIAN_POINT('',(-4.,2.8,2.44929359829471E-16));
#9371=CARTESIAN_POINT('',(-5.,2.9763269807085,3.06161699786838E-16));
#9372=CARTESIAN_POINT('Origin',(0.,2.8,0.));
#9373=CARTESIAN_POINT('Origin',(4.,2.8,0.));
#9374=CARTESIAN_POINT('',(2.8,2.8,5.14351655641888E-16));
#9375=CARTESIAN_POINT('Origin',(0.,2.8,0.));
#9376=CARTESIAN_POINT('Origin',(0.,0.,0.));
#9377=CARTESIAN_POINT('',(2.8,1.7,5.14351655641888E-16));
#9378=CARTESIAN_POINT('Origin',(0.,1.7,0.));
#9379=CARTESIAN_POINT('',(2.8,0.,5.14351655641888E-16));
#9380=CARTESIAN_POINT('Origin',(2.8,1.7,0.));
#9381=CARTESIAN_POINT('',(4.85,1.7,8.909305463797E-16));
#9382=CARTESIAN_POINT('Origin',(0.,1.7,0.));
#9383=CARTESIAN_POINT('Origin',(0.,0.,0.));
#9384=CARTESIAN_POINT('',(-4.85,0.4,2.96976848793233E-16));
#9385=CARTESIAN_POINT('',(4.85,0.4,8.909305463797E-16));
#9386=CARTESIAN_POINT('Origin',(0.,0.4,0.));
#9387=CARTESIAN_POINT('Origin',(0.,0.4,0.));
#9388=CARTESIAN_POINT('',(4.85,0.,8.909305463797E-16));
#9389=CARTESIAN_POINT('Origin',(0.,0.4,0.));
#9390=CARTESIAN_POINT('',(-2.55,5.55111512312578E-16,1.56142466891288E-16));
#9391=CARTESIAN_POINT('',(-4.85,0.4,2.96976848793233E-16));
#9392=CARTESIAN_POINT('Origin',(0.,0.,0.));
#9393=CARTESIAN_POINT('Origin',(2.55,0.,0.));
#9394=CARTESIAN_POINT('',(0.749366211359229,0.,-2.30631205201569));
#9395=CARTESIAN_POINT('Origin',(8.32667268468867E-16,0.,1.38777878078145E-16));
#9396=CARTESIAN_POINT('Origin',(0.,0.299999999999939,0.));
#9397=CARTESIAN_POINT('',(-2.125,0.3,-1.30118722409406E-16));
#9398=CARTESIAN_POINT('',(0.656661113046763,0.3,-2.0209950971272));
#9399=CARTESIAN_POINT('Origin',(0.,0.3,0.));
#9400=CARTESIAN_POINT('Origin',(0.,0.3,0.));
#9401=CARTESIAN_POINT('Origin',(0.749366211359229,0.299999999999939,-2.30631205201569));
#9402=CARTESIAN_POINT('Origin',(0.,0.,0.));
#9403=CARTESIAN_POINT('',(-2.125,0.,-1.30118722409406E-16));
#9404=CARTESIAN_POINT('Origin',(0.,14.45,0.));
#9405=CARTESIAN_POINT('Ctrl Pts',(-3.8622844919101,13.45,3.556017224867));
#9406=CARTESIAN_POINT('Ctrl Pts',(-3.9597408883133,13.6045728803218,3.22196036432981));
#9407=CARTESIAN_POINT('Ctrl Pts',(-4.06368147182583,13.7363309918664,2.86835253856322));
#9408=CARTESIAN_POINT('Ctrl Pts',(-4.19968668599567,13.8907152350218,2.35124648991241));
#9409=CARTESIAN_POINT('Ctrl Pts',(-4.25023104693999,13.9434813081791,2.14599676628901));
#9410=CARTESIAN_POINT('Ctrl Pts',(-4.29627137408586,13.9887673712934,1.93333007062937));
#9411=CARTESIAN_POINT('',(4.29627137408517,13.9887673712941,1.93333007062923));
#9412=CARTESIAN_POINT('Ctrl Pts',(4.29627137408589,13.9887673712935,1.93333007062924));
#9413=CARTESIAN_POINT('Ctrl Pts',(4.25023104694001,13.9434813081791,2.14599676628892));
#9414=CARTESIAN_POINT('Ctrl Pts',(4.19968668599568,13.8907152350218,2.35124648991237));
#9415=CARTESIAN_POINT('Ctrl Pts',(4.06368147182583,13.7363309918664,2.86835253856323));
#9416=CARTESIAN_POINT('Ctrl Pts',(3.9597408883133,13.6045728803218,3.22196036432981));
#9417=CARTESIAN_POINT('Ctrl Pts',(3.8622844919101,13.45,3.556017224867));
#9418=CARTESIAN_POINT('',(3.8333993394177,14.45,1.83508841872863));
#9419=CARTESIAN_POINT('Ctrl Pts',(3.83339933941671,14.4499999999996,1.83508841873152));
#9420=CARTESIAN_POINT('Ctrl Pts',(3.98710656974455,14.2968967085026,1.8685842399862));
#9421=CARTESIAN_POINT('Ctrl Pts',(4.1414025901603,14.1431417215251,1.90129459274134));
#9422=CARTESIAN_POINT('Ctrl Pts',(4.29627137408518,13.9887673712941,1.93333007062922));
#9423=CARTESIAN_POINT('Origin',(0.,14.45,0.));
#9424=CARTESIAN_POINT('Origin',(0.,0.,0.));
#9425=CARTESIAN_POINT('',(3.49999999999977,15.1500000000004,2.41091269024877));
#9426=CARTESIAN_POINT('Ctrl Pts',(3.49999999999978,15.1500000000005,2.41091269024856));
#9427=CARTESIAN_POINT('Ctrl Pts',(3.55327915216037,15.032024734502,2.33356562027116));
#9428=CARTESIAN_POINT('Ctrl Pts',(3.60743019912727,14.915692912867,2.24942260609515));
#9429=CARTESIAN_POINT('Ctrl Pts',(3.72025572635296,14.678911539438,2.05814994524795));
#9430=CARTESIAN_POINT('Ctrl Pts',(3.77868236075658,14.5596528080222,1.94938919449159));
#9431=CARTESIAN_POINT('Ctrl Pts',(3.83339933941712,14.4499999999985,1.83508841872983));
#9432=CARTESIAN_POINT('',(0.,18.65,4.25));
#9433=CARTESIAN_POINT('Origin',(0.,18.65,0.));
#9434=CARTESIAN_POINT('Origin',(0.,18.65,0.));
#9435=CARTESIAN_POINT('Origin',(17.95,18.65,0.));
#9436=CARTESIAN_POINT('',(3.49999999999977,15.1500000000004,-2.41091269024877));
#9437=CARTESIAN_POINT('Origin',(3.5,18.65,0.));
#9438=CARTESIAN_POINT('',(0.,18.65,-4.25));
#9439=CARTESIAN_POINT('Origin',(0.,18.65,0.));
#9440=CARTESIAN_POINT('Origin',(0.,18.65,0.));
#9441=CARTESIAN_POINT('Origin',(0.,0.,0.));
#9442=CARTESIAN_POINT('Ctrl Pts',(3.83339933941635,14.45,-1.83508841873144));
#9443=CARTESIAN_POINT('Ctrl Pts',(3.77868236075603,14.5596528080233,-1.94938919449261));
#9444=CARTESIAN_POINT('Ctrl Pts',(3.72025572635268,14.6789115394386,-2.05814994524842));
#9445=CARTESIAN_POINT('Ctrl Pts',(3.60743019912727,14.915692912867,-2.24942260609515));
#9446=CARTESIAN_POINT('Ctrl Pts',(3.55327915216037,15.032024734502,-2.33356562027116));
#9447=CARTESIAN_POINT('Ctrl Pts',(3.49999999999978,15.1500000000005,-2.41091269024856));
#9448=CARTESIAN_POINT('Origin',(3.5,18.65,0.));
#9449=CARTESIAN_POINT('',(4.5,14.1716373532488,2.73984817173934));
#9450=CARTESIAN_POINT('Ctrl Pts',(4.5,14.1716373532488,2.73984817173933));
#9451=CARTESIAN_POINT('Ctrl Pts',(4.49084563333738,14.1641455300169,2.71006129262022));
#9452=CARTESIAN_POINT('Ctrl Pts',(4.48194363438109,14.1567698468549,2.68047679375255));
#9453=CARTESIAN_POINT('Ctrl Pts',(4.4067431496776,14.0937614356926,2.42535471001059));
#9454=CARTESIAN_POINT('Ctrl Pts',(4.34653001691345,14.0382026427657,2.18370017470543));
#9455=CARTESIAN_POINT('Ctrl Pts',(4.29627137408584,13.9887673712934,1.93333007062924));
#9456=CARTESIAN_POINT('',(4.5,14.1716373532488,-2.73984817173934));
#9457=CARTESIAN_POINT('Origin',(4.5,18.65,0.));
#9458=CARTESIAN_POINT('Ctrl Pts',(4.29627137408587,13.9887673712934,-1.93333007062937));
#9459=CARTESIAN_POINT('Ctrl Pts',(4.34653001691347,14.0382026427658,-2.18370017470552));
#9460=CARTESIAN_POINT('Ctrl Pts',(4.40674314967761,14.0937614356926,-2.42535471001063));
#9461=CARTESIAN_POINT('Ctrl Pts',(4.48194363438109,14.1567698468549,-2.68047679375255));
#9462=CARTESIAN_POINT('Ctrl Pts',(4.49084563333738,14.1641455300169,-2.71006129262022));
#9463=CARTESIAN_POINT('Ctrl Pts',(4.5,14.1716373532488,-2.73984817173933));
#9464=CARTESIAN_POINT('Origin',(6.4,11.85,5.25));
#9465=CARTESIAN_POINT('',(6.4,14.85,-5.25));
#9466=CARTESIAN_POINT('Origin',(6.4,11.85,-5.25));
#9467=CARTESIAN_POINT('',(6.4,14.85,-3.62249913733599));
#9468=CARTESIAN_POINT('',(6.4,14.85,5.25));
#9469=CARTESIAN_POINT('',(8.96855990780827,13.4,-1.6073489238809E-16));
#9470=CARTESIAN_POINT('Ctrl Pts',(6.4,14.85,-3.62249913733599));
#9471=CARTESIAN_POINT('Ctrl Pts',(6.636094526957,14.85,-3.62249913733599));
#9472=CARTESIAN_POINT('Ctrl Pts',(6.88924324387243,14.8198876319629,-3.59172308185416));
#9473=CARTESIAN_POINT('Ctrl Pts',(7.36295072336137,14.7017214824956,-3.46140638185535));
#9474=CARTESIAN_POINT('Ctrl Pts',(7.58348210817468,14.6142538750537,-3.36123611902605));
#9475=CARTESIAN_POINT('Ctrl Pts',(8.00770686469247,14.3974191987329,-3.08516890794044));
#9476=CARTESIAN_POINT('Ctrl Pts',(8.20379779962751,14.2561797036142,-2.88607654757477));
#9477=CARTESIAN_POINT('Ctrl Pts',(8.51901834280558,13.9838107713391,-2.42110984505014));
#9478=CARTESIAN_POINT('Ctrl Pts',(8.63799005704452,13.8528263080613,-2.15504358136586));
#9479=CARTESIAN_POINT('Ctrl Pts',(8.90506654061899,13.5245751636868,-1.29266267933491));
#9480=CARTESIAN_POINT('Ctrl Pts',(8.96855990780827,13.4,-0.629077536761128));
#9481=CARTESIAN_POINT('Ctrl Pts',(8.96855990780827,13.4,2.08166817117217E-16));
#9482=CARTESIAN_POINT('',(6.4,14.85,3.62249913733599));
#9483=CARTESIAN_POINT('Ctrl Pts',(8.96855990780827,13.4,4.16333634234434E-16));
#9484=CARTESIAN_POINT('Ctrl Pts',(8.96855990780827,13.4,0.629077536761129));
#9485=CARTESIAN_POINT('Ctrl Pts',(8.90506654061899,13.5245751636868,1.29266267933491));
#9486=CARTESIAN_POINT('Ctrl Pts',(8.63799005704452,13.8528263080613,2.15504358136586));
#9487=CARTESIAN_POINT('Ctrl Pts',(8.51901834280558,13.9838107713391,2.42110984505014));
#9488=CARTESIAN_POINT('Ctrl Pts',(8.20379779962751,14.2561797036142,2.88607654757477));
#9489=CARTESIAN_POINT('Ctrl Pts',(8.00770686469247,14.3974191987329,3.08516890794044));
#9490=CARTESIAN_POINT('Ctrl Pts',(7.58348210817468,14.6142538750537,3.36123611902605));
#9491=CARTESIAN_POINT('Ctrl Pts',(7.36295072336137,14.7017214824956,3.46140638185535));
#9492=CARTESIAN_POINT('Ctrl Pts',(6.88924324387243,14.8198876319629,3.59172308185416));
#9493=CARTESIAN_POINT('Ctrl Pts',(6.636094526957,14.85,3.62249913733599));
#9494=CARTESIAN_POINT('Ctrl Pts',(6.4,14.85,3.62249913733599));
#9495=CARTESIAN_POINT('',(6.4,14.85,5.25));
#9496=CARTESIAN_POINT('',(6.4,14.85,5.25));
#9497=CARTESIAN_POINT('Origin',(6.4,11.85,5.25));
#9498=CARTESIAN_POINT('Ctrl Pts',(6.4,14.85,3.62249913733599));
#9499=CARTESIAN_POINT('Ctrl Pts',(6.163905473043,14.85,3.62249913733599));
#9500=CARTESIAN_POINT('Ctrl Pts',(5.91075675612756,14.8198876319629,3.59172308185416));
#9501=CARTESIAN_POINT('Ctrl Pts',(5.43704927663863,14.7017214824956,3.46140638185535));
#9502=CARTESIAN_POINT('Ctrl Pts',(5.21651789182532,14.6142538750537,3.36123611902604));
#9503=CARTESIAN_POINT('Ctrl Pts',(4.82281755971908,14.4130211964605,3.1050328894451));
#9504=CARTESIAN_POINT('Ctrl Pts',(4.64634811165289,14.2914068821769,2.93561499929683));
#9505=CARTESIAN_POINT('Ctrl Pts',(4.5,14.1716373532488,2.73984817173934));
#9506=CARTESIAN_POINT('Ctrl Pts',(4.5,14.1716373532488,-2.73984817173934));
#9507=CARTESIAN_POINT('Ctrl Pts',(4.64634811165289,14.2914068821769,-2.93561499929683));
#9508=CARTESIAN_POINT('Ctrl Pts',(4.82281755971908,14.4130211964605,-3.1050328894451));
#9509=CARTESIAN_POINT('Ctrl Pts',(5.21651789182532,14.6142538750537,-3.36123611902604));
#9510=CARTESIAN_POINT('Ctrl Pts',(5.43704927663863,14.7017214824956,-3.46140638185535));
#9511=CARTESIAN_POINT('Ctrl Pts',(5.91075675612756,14.8198876319629,-3.59172308185416));
#9512=CARTESIAN_POINT('Ctrl Pts',(6.163905473043,14.85,-3.62249913733599));
#9513=CARTESIAN_POINT('Ctrl Pts',(6.4,14.85,-3.62249913733599));
#9514=CARTESIAN_POINT('Origin',(6.4,11.85,5.25));
#9515=CARTESIAN_POINT('',(6.4,10.2,5.25));
#9516=CARTESIAN_POINT('Origin',(6.4,11.85,5.25));
#9517=CARTESIAN_POINT('Origin',(6.4,11.85,-5.25));
#9518=CARTESIAN_POINT('',(6.4,10.2,-5.25));
#9519=CARTESIAN_POINT('Origin',(6.4,11.85,-5.25));
#9520=CARTESIAN_POINT('Origin',(6.4,11.85,5.25));
#9521=CARTESIAN_POINT('',(6.4,10.2,5.25));
#9522=CARTESIAN_POINT('Origin',(17.95,18.65,0.));
#9523=CARTESIAN_POINT('',(12.3,13.4,-3.2146978477618E-16));
#9524=CARTESIAN_POINT('Origin',(12.3,18.65,0.));
#9525=CARTESIAN_POINT('',(17.95,13.4,-3.2146978477618E-16));
#9526=CARTESIAN_POINT('Origin',(12.3,18.65,0.));
#9527=CARTESIAN_POINT('',(14.3,13.6,3.09223316784707E-16));
#9528=CARTESIAN_POINT('',(12.3,13.4,3.2146978477618E-16));
#9529=CARTESIAN_POINT('Origin',(14.3,18.65,0.));
#9530=CARTESIAN_POINT('Origin',(14.3,23.7,0.));
#9531=CARTESIAN_POINT('',(14.3,23.65,6.4696002224863E-15));
#9532=CARTESIAN_POINT('Origin',(14.3,18.65,0.));
#9533=CARTESIAN_POINT('Origin',(17.95,18.65,0.));
#9534=CARTESIAN_POINT('',(14.973673019292,13.65,3.06161699786838E-16));
#9535=CARTESIAN_POINT('',(14.973673019292,23.65,6.4696002224863E-15));
#9536=CARTESIAN_POINT('Origin',(14.973673019292,18.65,0.));
#9537=CARTESIAN_POINT('Origin',(14.973673019292,18.65,0.));
#9538=CARTESIAN_POINT('',(17.95,23.65,6.4696002224863E-15));
#9539=CARTESIAN_POINT('Origin',(14.973673019292,18.65,0.));
#9540=CARTESIAN_POINT('',(15.15,14.65,2.44929359829471E-16));
#9541=CARTESIAN_POINT('',(14.973673019292,13.65,3.06161699786838E-16));
#9542=CARTESIAN_POINT('Origin',(15.15,18.65,0.));
#9543=CARTESIAN_POINT('Origin',(15.15,22.65,0.));
#9544=CARTESIAN_POINT('',(15.15,21.45,5.14351655641888E-16));
#9545=CARTESIAN_POINT('Origin',(15.15,18.65,0.));
#9546=CARTESIAN_POINT('Origin',(17.95,18.65,0.));
#9547=CARTESIAN_POINT('',(16.25,21.45,5.14351655641888E-16));
#9548=CARTESIAN_POINT('Origin',(16.25,18.65,0.));
#9549=CARTESIAN_POINT('',(17.95,21.45,5.14351655641888E-16));
#9550=CARTESIAN_POINT('Origin',(16.25,21.45,0.));
#9551=CARTESIAN_POINT('',(16.25,23.5,8.909305463797E-16));
#9552=CARTESIAN_POINT('Origin',(16.25,18.65,0.));
#9553=CARTESIAN_POINT('Origin',(17.95,18.65,0.));
#9554=CARTESIAN_POINT('',(17.55,13.8,2.96976848793233E-16));
#9555=CARTESIAN_POINT('',(17.55,23.5,8.909305463797E-16));
#9556=CARTESIAN_POINT('Origin',(17.55,18.65,0.));
#9557=CARTESIAN_POINT('Origin',(17.55,18.65,0.));
#9558=CARTESIAN_POINT('',(17.95,23.5,8.909305463797E-16));
#9559=CARTESIAN_POINT('Origin',(17.55,18.65,0.));
#9560=CARTESIAN_POINT('',(17.95,16.1,1.56142466891288E-16));
#9561=CARTESIAN_POINT('',(17.55,13.8,2.96976848793233E-16));
#9562=CARTESIAN_POINT('Origin',(17.95,18.65,0.));
#9563=CARTESIAN_POINT('Origin',(17.95,21.2,0.));
#9564=CARTESIAN_POINT('',(17.9499999999999,19.3993662113592,-2.30631205201562));
#9565=CARTESIAN_POINT('Origin',(17.9499999999999,18.65,-1.38777878078145E-16));
#9566=CARTESIAN_POINT('Origin',(17.65,18.65,0.));
#9567=CARTESIAN_POINT('',(17.65,16.525,-1.30118722409407E-16));
#9568=CARTESIAN_POINT('',(17.65,19.3066611130468,-2.0209950971272));
#9569=CARTESIAN_POINT('Origin',(17.65,18.65,0.));
#9570=CARTESIAN_POINT('Origin',(17.65,18.65,0.));
#9571=CARTESIAN_POINT('Origin',(17.65,19.3993662113592,-2.30631205201562));
#9572=CARTESIAN_POINT('Origin',(17.95,18.65,0.));
#9573=CARTESIAN_POINT('',(3.15,16.525,-1.30118722409407E-16));
#9574=CARTESIAN_POINT('Origin',(3.15,18.65,0.));
#9575=CARTESIAN_POINT('',(17.95,16.525,-1.30118722409407E-16));
#9576=CARTESIAN_POINT('Origin',(3.15,20.35,0.));
#9577=CARTESIAN_POINT('Origin',(-6.4,11.85,5.25));
#9578=CARTESIAN_POINT('',(-6.4,14.85,-5.25));
#9579=CARTESIAN_POINT('Origin',(-6.4,11.85,-5.25));
#9580=CARTESIAN_POINT('',(-6.4,14.85,5.25));
#9581=CARTESIAN_POINT('',(-6.4,14.85,5.25));
#9582=CARTESIAN_POINT('',(-6.4,14.85,5.25));
#9583=CARTESIAN_POINT('Origin',(-6.4,11.85,5.25));
#9584=CARTESIAN_POINT('Origin',(-6.4,11.85,-5.25));
#9585=CARTESIAN_POINT('',(-6.4,10.2,-5.25));
#9586=CARTESIAN_POINT('Origin',(-6.4,11.85,-5.25));
#9587=CARTESIAN_POINT('Origin',(-6.4,11.85,5.25));
#9588=CARTESIAN_POINT('',(-6.4,10.2,5.25));
#9589=CARTESIAN_POINT('Origin',(-6.4,11.85,5.25));
#9590=CARTESIAN_POINT('',(-6.4,10.2,5.25));
#9591=CARTESIAN_POINT('Origin',(-6.4,11.85,5.25));
#9592=CARTESIAN_POINT('',(0.,0.,0.));
#9593=CARTESIAN_POINT('Origin',(0.,0.,0.));
#9594=CARTESIAN_POINT('',(0.,21.,2.5));
#9595=CARTESIAN_POINT('',(-2.5,18.5,3.17758822398205E-15));
#9596=CARTESIAN_POINT('Origin',(0.,21.,0.));
#9597=CARTESIAN_POINT('',(2.5,18.5,-4.53676106113295E-15));
#9598=CARTESIAN_POINT('Origin',(0.,21.,0.));
#9599=CARTESIAN_POINT('',(2.5,16.4,-4.53676106113295E-15));
#9600=CARTESIAN_POINT('',(2.5,0.,-4.53676106113295E-15));
#9601=CARTESIAN_POINT('Origin',(0.,16.4,0.));
#9602=CARTESIAN_POINT('',(0.,21.,-2.5));
#9603=CARTESIAN_POINT('Origin',(0.,21.,0.));
#9604=CARTESIAN_POINT('Origin',(0.,21.,0.));
#9605=CARTESIAN_POINT('Origin',(2.5,16.4,0.));
#9606=CARTESIAN_POINT('',(-3.125,16.4,-1.91351062366774E-16));
#9607=CARTESIAN_POINT('Origin',(0.,16.4,0.));
#9608=CARTESIAN_POINT('Origin',(20.75,21.,0.));
#9609=CARTESIAN_POINT('',(-4.35,18.5,3.17758822398205E-15));
#9610=CARTESIAN_POINT('Origin',(-4.35,21.,0.));
#9611=CARTESIAN_POINT('',(20.75,18.5,3.17758822398205E-15));
#9612=CARTESIAN_POINT('',(4.35,18.5,3.17758822398205E-15));
#9613=CARTESIAN_POINT('',(20.75,18.5,3.17758822398205E-15));
#9614=CARTESIAN_POINT('Origin',(4.35,21.,0.));
#9615=CARTESIAN_POINT('Origin',(-4.35,24.125,0.));
#9616=CARTESIAN_POINT('',(-4.35,24.125,5.74053187100322E-16));
#9617=CARTESIAN_POINT('Origin',(-4.35,21.,0.));
#9618=CARTESIAN_POINT('Origin',(20.75,21.,0.));
#9619=CARTESIAN_POINT('',(-20.45,24.125,5.74053187100322E-16));
#9620=CARTESIAN_POINT('',(-20.45,20.0343218925783,2.97205161342235));
#9621=CARTESIAN_POINT('Origin',(-20.45,21.,0.));
#9622=CARTESIAN_POINT('',(20.75,24.125,5.74053187100322E-16));
#9623=CARTESIAN_POINT('Origin',(-20.45,21.,0.));
#9624=CARTESIAN_POINT('Origin',(-20.45,21.,0.));
#9625=CARTESIAN_POINT('',(-20.7499999999999,17.7426314316892,-1.05838320573416));
#9626=CARTESIAN_POINT('',(-20.7499999999999,24.2573685683108,1.05838320573416));
#9627=CARTESIAN_POINT('Ctrl Pts',(-20.7499999999999,17.7426314316892,-1.05838320573416));
#9628=CARTESIAN_POINT('Ctrl Pts',(-20.7499999999999,17.7772994054501,-1.16493294088594));
#9629=CARTESIAN_POINT('Ctrl Pts',(-20.7499999927146,17.81718189028,-1.26980320307144));
#9630=CARTESIAN_POINT('Ctrl Pts',(-20.7499999913552,17.8620993419257,-1.37248356295222));
#9631=CARTESIAN_POINT('Ctrl Pts',(-20.7499999900166,17.9063254319127,-1.47358348446617));
#9632=CARTESIAN_POINT('Ctrl Pts',(-20.7499999925504,17.9554324726936,-1.57256008475182));
#9633=CARTESIAN_POINT('Ctrl Pts',(-20.7499999951915,18.0091998035688,-1.66894315620853));
#9634=CARTESIAN_POINT('Ctrl Pts',(-20.7499999978946,18.0642279062328,-1.76758628140854));
#9635=CARTESIAN_POINT('Ctrl Pts',(-20.7499999999709,18.1241374782666,-1.86351235862732));
#9636=CARTESIAN_POINT('Ctrl Pts',(-20.7499999999995,18.1886406443749,-1.95624133247504));
#9637=CARTESIAN_POINT('Ctrl Pts',(-20.750000000028,18.2531438104832,-2.04897030632275));
#9638=CARTESIAN_POINT('Ctrl Pts',(-20.7499999985093,18.3222403871623,-2.13850180467774));
#9639=CARTESIAN_POINT('Ctrl Pts',(-20.7499999985408,18.3955929824461,-2.22438570575547));
#9640=CARTESIAN_POINT('Ctrl Pts',(-20.749999998572,18.4683853737718,-2.3096136995522));
#9641=CARTESIAN_POINT('Ctrl Pts',(-20.7499999993785,18.5453694875832,-2.39126069193936));
#9642=CARTESIAN_POINT('Ctrl Pts',(-20.7499999997847,18.6261716460546,-2.46893535263187));
#9643=CARTESIAN_POINT('Ctrl Pts',(-20.7500000001895,18.7066790293426,-2.54632664759781));
#9644=CARTESIAN_POINT('Ctrl Pts',(-20.750000000042,18.7909763682011,-2.61977434290886));
#9645=CARTESIAN_POINT('Ctrl Pts',(-20.7499999986964,18.8786587130339,-2.68893000589504));
#9646=CARTESIAN_POINT('Ctrl Pts',(-20.7499999973433,18.9668226269764,-2.75846548572039));
#9647=CARTESIAN_POINT('Ctrl Pts',(-20.7499999947672,19.058408576657,-2.82366142305683));
#9648=CARTESIAN_POINT('Ctrl Pts',(-20.7499999920954,19.1529730645036,-2.88420608919032));
#9649=CARTESIAN_POINT('Ctrl Pts',(-20.7499999894237,19.2475375523503,-2.94475075532381));
#9650=CARTESIAN_POINT('Ctrl Pts',(-20.7499999867949,19.3450802763159,-3.00064398184801));
#9651=CARTESIAN_POINT('Ctrl Pts',(-20.7499999861635,19.4451302182201,-3.05161937934651));
#9652=CARTESIAN_POINT('Ctrl Pts',(-20.7499999855332,19.5449979957923,-3.10250196420508));
#9653=CARTESIAN_POINT('Ctrl Pts',(-20.7499999874463,19.6473603797317,-3.14848440842914));
#9654=CARTESIAN_POINT('Ctrl Pts',(-20.7499999901728,19.7517273564747,-3.18934388575341));
#9655=CARTESIAN_POINT('Ctrl Pts',(-20.7499999928892,19.8557095080211,-3.23005270472878));
#9656=CARTESIAN_POINT('Ctrl Pts',(-20.7499999962239,19.9616811740386,-3.26567615550975));
#9657=CARTESIAN_POINT('Ctrl Pts',(-20.7499999981578,20.0691377737092,-3.29604198830378));
#9658=CARTESIAN_POINT('Ctrl Pts',(-20.7500000001025,20.1771908989345,-3.32657639143515));
#9659=CARTESIAN_POINT('Ctrl Pts',(-20.7500000005517,20.2867451755269,-3.35179448294817));
#9660=CARTESIAN_POINT('Ctrl Pts',(-20.7499999991603,20.397272096319,-3.37157201054951));
#9661=CARTESIAN_POINT('Ctrl Pts',(-20.7499999977688,20.5077990171112,-3.39134953815086));
#9662=CARTESIAN_POINT('Ctrl Pts',(-20.7499999945737,20.6192982392031,-3.4056864223338));
#9663=CARTESIAN_POINT('Ctrl Pts',(-20.7499999912484,20.7312307904539,-3.41451087121801));
#9664=CARTESIAN_POINT('Ctrl Pts',(-20.7499999879291,20.8429573608438,-3.42331908114798));
#9665=CARTESIAN_POINT('Ctrl Pts',(-20.7499999869619,20.9551204632218,-3.42662797228182));
#9666=CARTESIAN_POINT('Ctrl Pts',(-20.7499999881473,21.0671786112224,-3.42442545572061));
#9667=CARTESIAN_POINT('Ctrl Pts',(-20.7499999893287,21.1788620803086,-3.42223030351915));
#9668=CARTESIAN_POINT('Ctrl Pts',(-20.7499999922283,21.2904409568457,-3.41456060247153));
#9669=CARTESIAN_POINT('Ctrl Pts',(-20.7499999945907,21.4013818678604,-3.40145672327573));
#9670=CARTESIAN_POINT('Ctrl Pts',(-20.7499999969649,21.512881060514,-3.38828690217368));
#9671=CARTESIAN_POINT('Ctrl Pts',(-20.7499999986833,21.6237355074641,-3.36962809781184));
#9672=CARTESIAN_POINT('Ctrl Pts',(-20.7499999993914,21.733411611952,-3.34557368710772));
#9673=CARTESIAN_POINT('Ctrl Pts',(-20.7500000000994,21.8430877164399,-3.3215192764036));
#9674=CARTESIAN_POINT('Ctrl Pts',(-20.7499999999999,21.9515851503768,-3.29206936001591));
#9675=CARTESIAN_POINT('Ctrl Pts',(-20.7499999999999,22.0583832057342,-3.2573685683109));
#9676=CARTESIAN_POINT('Ctrl Pts',(-20.7499999999999,22.165003013483,-3.22272569276475));
#9677=CARTESIAN_POINT('Ctrl Pts',(-20.7500000000991,22.2699169737004,-3.18285341370589));
#9678=CARTESIAN_POINT('Ctrl Pts',(-20.7499999993949,22.372621329117,-3.13793980091393));
#9679=CARTESIAN_POINT('Ctrl Pts',(-20.7499999986927,22.4750464648612,-3.09314829359843));
#9680=CARTESIAN_POINT('Ctrl Pts',(-20.7499999969921,22.5752736837997,-3.04334295805577));
#9681=CARTESIAN_POINT('Ctrl Pts',(-20.7499999946337,22.6728226964067,-2.98875859082698));
#9682=CARTESIAN_POINT('Ctrl Pts',(-20.7499999922658,22.7707705994299,-2.9339510211241));
#9683=CARTESIAN_POINT('Ctrl Pts',(-20.7499999893439,22.8660180191463,-2.87432536619185));
#9684=CARTESIAN_POINT('Ctrl Pts',(-20.7499999881521,22.9581031453785,-2.81016629785595));
#9685=CARTESIAN_POINT('Ctrl Pts',(-20.7499999869604,23.0501882716107,-2.74600722952005));
#9686=CARTESIAN_POINT('Ctrl Pts',(-20.7499999879246,23.1391108027521,-2.677314922501));
#9687=CARTESIAN_POINT('Ctrl Pts',(-20.7499999912484,23.2244379919818,-2.60441874465186));
#9688=CARTESIAN_POINT('Ctrl Pts',(-20.7499999945676,23.3096493502546,-2.53162152276406));
#9689=CARTESIAN_POINT('Ctrl Pts',(-20.7499999977576,23.391283224486,-2.45463482494146));
#9690=CARTESIAN_POINT('Ctrl Pts',(-20.7499999991526,23.4689479108397,-2.37383143146593));
#9691=CARTESIAN_POINT('Ctrl Pts',(-20.7500000005419,23.5462965530532,-2.29335685460215));
#9692=CARTESIAN_POINT('Ctrl Pts',(-20.7500000001155,23.6197080463948,-2.20909686559155));
#9693=CARTESIAN_POINT('Ctrl Pts',(-20.7499999982028,23.6888338999222,-2.12145523781323));
#9694=CARTESIAN_POINT('Ctrl Pts',(-20.7499999962783,23.7583834225727,-2.03327645859745));
#9695=CARTESIAN_POINT('Ctrl Pts',(-20.7499999929242,23.8235943675756,-1.94167471261306));
#9696=CARTESIAN_POINT('Ctrl Pts',(-20.7499999901894,23.884154232684,-1.84709334416265));
#9697=CARTESIAN_POINT('Ctrl Pts',(-20.7499999874546,23.9447140977924,-1.75251197571225));
#9698=CARTESIAN_POINT('Ctrl Pts',(-20.7499999855319,24.0006227103464,-1.65495128778362));
#9699=CARTESIAN_POINT('Ctrl Pts',(-20.7499999861635,24.0516129442898,-1.55488241128982));
#9700=CARTESIAN_POINT('Ctrl Pts',(-20.7499999867938,24.1024996405578,-1.45501672858532));
#9701=CARTESIAN_POINT('Ctrl Pts',(-20.7499999894141,24.148485238146,-1.3526552643279));
#9702=CARTESIAN_POINT('Ctrl Pts',(-20.7499999920808,24.1893464355637,-1.24828768482183));
#9703=CARTESIAN_POINT('Ctrl Pts',(-20.749999994739,24.2300769787164,-1.1442538221489));
#9704=CARTESIAN_POINT('Ctrl Pts',(-20.7499999973076,24.2657157231257,-1.03822697107618));
#9705=CARTESIAN_POINT('Ctrl Pts',(-20.7499999986685,24.2960895146723,-0.930712256973595));
#9706=CARTESIAN_POINT('Ctrl Pts',(-20.7500000000359,24.3266094544815,-0.822680218958626));
#9707=CARTESIAN_POINT('Ctrl Pts',(-20.7500000001922,24.3518134988226,-0.713146278475034));
#9708=CARTESIAN_POINT('Ctrl Pts',(-20.7499999997867,24.3715766725231,-0.602638546860047));
#9709=CARTESIAN_POINT('Ctrl Pts',(-20.7499999993812,24.3913398462237,-0.492130815245061));
#9710=CARTESIAN_POINT('Ctrl Pts',(-20.749999998572,24.4056620666082,-0.380649632227456));
#9711=CARTESIAN_POINT('Ctrl Pts',(-20.7499999985408,24.4144706507237,-0.268733802115699));
#9712=CARTESIAN_POINT('Ctrl Pts',(-20.7499999985096,24.4232651745312,-0.156996612637328));
#9713=CARTESIAN_POINT('Ctrl Pts',(-20.750000000006,24.4265575900612,-0.0448169141127935));
#9714=CARTESIAN_POINT('Ctrl Pts',(-20.7499999999999,24.424339490334,0.067255603074294));
#9715=CARTESIAN_POINT('Ctrl Pts',(-20.7499999999939,24.4221581709072,0.177469745363636));
#9716=CARTESIAN_POINT('Ctrl Pts',(-20.7499999980768,24.41464778214,0.287579872382549));
#9717=CARTESIAN_POINT('Ctrl Pts',(-20.7499999954484,24.4018530784434,0.397067588816935));
#9718=CARTESIAN_POINT('Ctrl Pts',(-20.7499999927536,24.3887347680525,0.509324494662136));
#9719=CARTESIAN_POINT('Ctrl Pts',(-20.7499999900096,24.3700613382445,0.620926683484863));
#9720=CARTESIAN_POINT('Ctrl Pts',(-20.7499999913221,24.34593677358,0.731326079325404));
#9721=CARTESIAN_POINT('Ctrl Pts',(-20.7499999926346,24.3218122089155,0.841725475165945));
#9722=CARTESIAN_POINT('Ctrl Pts',(-20.7499999999999,24.2922366637953,0.95092170393218));
#9723=CARTESIAN_POINT('Ctrl Pts',(-20.7499999999999,24.2573685683108,1.05838320573416));
#9724=CARTESIAN_POINT('',(-20.75,19.9416167942658,3.2573685683109));
#9725=CARTESIAN_POINT('Origin',(-20.75,21.,0.));
#9726=CARTESIAN_POINT('Origin',(-20.45,19.9416167942658,3.25736856831079));
#9727=CARTESIAN_POINT('Origin',(-20.75,21.,0.));
#9728=CARTESIAN_POINT('Origin',(-20.75,21.,0.));
#9729=CARTESIAN_POINT('',(-20.75,24.65,6.70494122533175E-16));
#9730=CARTESIAN_POINT('Origin',(-20.75,21.,0.));
#9731=CARTESIAN_POINT('Origin',(-20.75,21.,0.));
#9732=CARTESIAN_POINT('',(-20.35,15.1,-3.61270805748469E-16));
#9733=CARTESIAN_POINT('',(-20.35,26.9,1.08381241724541E-15));
#9734=CARTESIAN_POINT('Origin',(-20.35,21.,0.));
#9735=CARTESIAN_POINT('Origin',(-20.35,21.,0.));
#9736=CARTESIAN_POINT('',(-20.75,24.65,6.70494122533176E-16));
#9737=CARTESIAN_POINT('Origin',(20.75,21.,0.));
#9738=CARTESIAN_POINT('',(-18.95,15.1,-3.61270805748469E-16));
#9739=CARTESIAN_POINT('Origin',(-18.95,21.,0.));
#9740=CARTESIAN_POINT('',(20.75,15.1,-3.61270805748469E-16));
#9741=CARTESIAN_POINT('Origin',(-18.95,26.9,0.));
#9742=CARTESIAN_POINT('',(-18.95,24.85,7.07233526507596E-16));
#9743=CARTESIAN_POINT('Origin',(-18.95,21.,0.));
#9744=CARTESIAN_POINT('Origin',(20.75,21.,0.));
#9745=CARTESIAN_POINT('',(-17.8,24.85,7.07233526507596E-16));
#9746=CARTESIAN_POINT('Origin',(-17.8,21.,0.));
#9747=CARTESIAN_POINT('',(20.75,24.85,7.07233526507596E-16));
#9748=CARTESIAN_POINT('Origin',(-17.8,24.85,0.));
#9749=CARTESIAN_POINT('',(-17.8,26.2,9.55224503334935E-16));
#9750=CARTESIAN_POINT('Origin',(-17.8,21.,-1.11022302462516E-15));
#9751=CARTESIAN_POINT('Origin',(-17.8,21.,0.));
#9752=CARTESIAN_POINT('',(-17.658938415433,15.,-3.67394039744206E-16));
#9753=CARTESIAN_POINT('',(-17.658938415433,27.,1.10218211923262E-15));
#9754=CARTESIAN_POINT('Origin',(-17.658938415433,21.,0.));
#9755=CARTESIAN_POINT('Origin',(-17.658938415433,21.,0.));
#9756=CARTESIAN_POINT('',(-17.8,26.2,9.55224503334936E-16));
#9757=CARTESIAN_POINT('Origin',(20.75,21.,0.));
#9758=CARTESIAN_POINT('',(-16.75,15.,-3.67394039744206E-16));
#9759=CARTESIAN_POINT('Origin',(-16.75,21.,0.));
#9760=CARTESIAN_POINT('',(20.75,15.,-3.67394039744206E-16));
#9761=CARTESIAN_POINT('Origin',(-16.75,27.,0.));
#9762=CARTESIAN_POINT('',(-16.75,27.05,1.11136697022622E-15));
#9763=CARTESIAN_POINT('Origin',(-16.75,21.,0.));
#9764=CARTESIAN_POINT('Origin',(-16.75,21.,0.));
#9765=CARTESIAN_POINT('',(-14.75,14.75,6.43546652157857E-13));
#9766=CARTESIAN_POINT('',(-14.75,27.25,1.14810637420064E-15));
#9767=CARTESIAN_POINT('Origin',(-14.75,21.,0.));
#9768=CARTESIAN_POINT('Origin',(-14.75,21.,0.));
#9769=CARTESIAN_POINT('',(-16.75,27.05,1.11136697022622E-15));
#9770=CARTESIAN_POINT('Origin',(20.75,21.,0.));
#9771=CARTESIAN_POINT('',(-6.75,15.8708302004995,-3.57129068655742));
#9772=CARTESIAN_POINT('',(-6.74999999999959,15.8708302004993,3.5712906865576));
#9773=CARTESIAN_POINT('Origin',(-6.75,21.,0.));
#9774=CARTESIAN_POINT('',(-7.9,16.1,-3.87975514691328));
#9775=CARTESIAN_POINT('Ctrl Pts',(-7.9,16.1,-3.87975514691328));
#9776=CARTESIAN_POINT('Ctrl Pts',(-7.58639660448316,16.1,-3.87975514691328));
#9777=CARTESIAN_POINT('Ctrl Pts',(-7.26120381303303,16.0467511517028,-3.81482121793788));
#9778=CARTESIAN_POINT('Ctrl Pts',(-6.89634978826993,15.9283018135586,-3.65269611609621));
#9779=CARTESIAN_POINT('Ctrl Pts',(-6.82157157217262,15.9005351271975,-3.61395358529301));
#9780=CARTESIAN_POINT('Ctrl Pts',(-6.75,15.8708302004995,-3.57129068655743));
#9781=CARTESIAN_POINT('',(-10.4054939632735,14.75,3.21322297975175E-13));
#9782=CARTESIAN_POINT('Ctrl Pts',(-10.4054939632735,14.75,2.77555756156289E-16));
#9783=CARTESIAN_POINT('Ctrl Pts',(-10.4054939632735,14.75,-0.369491524466044));
#9784=CARTESIAN_POINT('Ctrl Pts',(-10.383641001143,14.7851820348498,-0.772165105504253));
#9785=CARTESIAN_POINT('Ctrl Pts',(-10.2767260823622,14.9328901380456,-1.55253892937866));
#9786=CARTESIAN_POINT('Ctrl Pts',(-10.1905098490759,15.0452373761118,-1.93011443752772));
#9787=CARTESIAN_POINT('Ctrl Pts',(-9.95500276779662,15.2919810980639,-2.5676354939826));
#9788=CARTESIAN_POINT('Ctrl Pts',(-9.76844120324761,15.4611470539038,-2.9090549420185));
#9789=CARTESIAN_POINT('Ctrl Pts',(-9.36371769941245,15.7285984782696,-3.36704308633202));
#9790=CARTESIAN_POINT('Ctrl Pts',(-9.11388925915684,15.8600480070234,-3.55927511848684));
#9791=CARTESIAN_POINT('Ctrl Pts',(-8.53879618696697,16.0467511517028,-3.81482121793788));
#9792=CARTESIAN_POINT('Ctrl Pts',(-8.21360339551684,16.1,-3.87975514691328));
#9793=CARTESIAN_POINT('Ctrl Pts',(-7.9,16.1,-3.87975514691328));
#9794=CARTESIAN_POINT('',(20.75,14.75,6.43546652157857E-13));
#9795=CARTESIAN_POINT('',(-7.9,16.1,3.87975514691328));
#9796=CARTESIAN_POINT('Ctrl Pts',(-7.9,16.1,3.87975514691328));
#9797=CARTESIAN_POINT('Ctrl Pts',(-8.21360339551685,16.1,3.87975514691328));
#9798=CARTESIAN_POINT('Ctrl Pts',(-8.53879618696697,16.0467511517028,3.81482121793788));
#9799=CARTESIAN_POINT('Ctrl Pts',(-9.11388925915684,15.8600480070234,3.55927511848684));
#9800=CARTESIAN_POINT('Ctrl Pts',(-9.36371769941245,15.7285984782696,3.36704308633202));
#9801=CARTESIAN_POINT('Ctrl Pts',(-9.76844120324761,15.4611470539038,2.9090549420185));
#9802=CARTESIAN_POINT('Ctrl Pts',(-9.95500276779661,15.2919810980639,2.5676354939826));
#9803=CARTESIAN_POINT('Ctrl Pts',(-10.1905098490759,15.0452373761118,1.93011443752772));
#9804=CARTESIAN_POINT('Ctrl Pts',(-10.2767260823622,14.9328901380456,1.55253892937866));
#9805=CARTESIAN_POINT('Ctrl Pts',(-10.383641001143,14.7851820348498,0.772165105504254));
#9806=CARTESIAN_POINT('Ctrl Pts',(-10.4054939632735,14.75,0.369491524466044));
#9807=CARTESIAN_POINT('Ctrl Pts',(-10.4054939632735,14.75,0.));
#9808=CARTESIAN_POINT('Ctrl Pts',(-6.74999999999976,15.8708302004994,3.57129068655729));
#9809=CARTESIAN_POINT('Ctrl Pts',(-6.82157157217246,15.9005351271975,3.61395358529292));
#9810=CARTESIAN_POINT('Ctrl Pts',(-6.89634978826985,15.9283018135586,3.65269611609617));
#9811=CARTESIAN_POINT('Ctrl Pts',(-7.26120381303303,16.0467511517028,3.81482121793788));
#9812=CARTESIAN_POINT('Ctrl Pts',(-7.58639660448316,16.1,3.87975514691328));
#9813=CARTESIAN_POINT('Ctrl Pts',(-7.9,16.1,3.87975514691328));
#9814=CARTESIAN_POINT('Origin',(-6.75,21.,0.));
#9815=CARTESIAN_POINT('',(-6.04346255670591,15.4565374432941,3.09417138284329E-17));
#9816=CARTESIAN_POINT('Ctrl Pts',(-6.04346255670591,15.4565374432941,-1.38777878078145E-16));
#9817=CARTESIAN_POINT('Ctrl Pts',(-6.04346255670591,15.4565374432941,0.425760344274794));
#9818=CARTESIAN_POINT('Ctrl Pts',(-6.07244296430012,15.4804135831894,0.891380700764061));
#9819=CARTESIAN_POINT('Ctrl Pts',(-6.20122128827723,15.5739613710613,1.8083967044531));
#9820=CARTESIAN_POINT('Ctrl Pts',(-6.30154334500748,15.6424460629547,2.25983937128019));
#9821=CARTESIAN_POINT('Ctrl Pts',(-6.50836141016585,15.7595562623975,2.95247733097779));
#9822=CARTESIAN_POINT('Ctrl Pts',(-6.61988537521882,15.8168276786303,3.26602163823985));
#9823=CARTESIAN_POINT('Ctrl Pts',(-6.74999999999999,15.8708302004995,3.57129068655741));
#9824=CARTESIAN_POINT('',(-5.5,16.,3.06161699786838E-16));
#9825=CARTESIAN_POINT('',(-6.75,14.75,3.82702124733548E-16));
#9826=CARTESIAN_POINT('Origin',(-5.5,21.,0.));
#9827=CARTESIAN_POINT('Ctrl Pts',(-6.75,15.8708302004995,-3.57129068655743));
#9828=CARTESIAN_POINT('Ctrl Pts',(-6.61988537521882,15.8168276786303,-3.26602163823986));
#9829=CARTESIAN_POINT('Ctrl Pts',(-6.50836141016586,15.7595562623975,-2.9524773309778));
#9830=CARTESIAN_POINT('Ctrl Pts',(-6.30154334500748,15.6424460629547,-2.25983937128019));
#9831=CARTESIAN_POINT('Ctrl Pts',(-6.20122128827723,15.5739613710613,-1.8083967044531));
#9832=CARTESIAN_POINT('Ctrl Pts',(-6.07244296430011,15.4804135831894,-0.891380700764061));
#9833=CARTESIAN_POINT('Ctrl Pts',(-6.04346255670591,15.4565374432941,-0.425760344274794));
#9834=CARTESIAN_POINT('Ctrl Pts',(-6.04346255670591,15.4565374432941,0.));
#9835=CARTESIAN_POINT('Origin',(-7.9,13.1,6.25));
#9836=CARTESIAN_POINT('',(-7.9,16.1,-6.25));
#9837=CARTESIAN_POINT('Origin',(-7.9,13.1,-6.25));
#9838=CARTESIAN_POINT('',(-7.9,16.1,6.25));
#9839=CARTESIAN_POINT('',(-7.9,16.1,6.25));
#9840=CARTESIAN_POINT('',(-7.9,16.1,6.25));
#9841=CARTESIAN_POINT('Origin',(-7.9,13.1,6.25));
#9842=CARTESIAN_POINT('',(-5.03818239574916,14.,-3.69854270587258));
#9843=CARTESIAN_POINT('',(-6.25,10.5945060367265,3.83320740189942E-15));
#9844=CARTESIAN_POINT('Ctrl Pts',(-5.0381823957493,14.0000000000004,-3.69854270587239));
#9845=CARTESIAN_POINT('Ctrl Pts',(-5.01649929193482,13.9310521242104,-3.72807959123804));
#9846=CARTESIAN_POINT('Ctrl Pts',(-4.99678693859434,13.8595976594141,-3.75438791650356));
#9847=CARTESIAN_POINT('Ctrl Pts',(-4.92715342633522,13.5633854892015,-3.84619191725214));
#9848=CARTESIAN_POINT('Ctrl Pts',(-4.9,13.3239966540639,-3.87975514691327));
#9849=CARTESIAN_POINT('Ctrl Pts',(-4.9,12.8760033459361,-3.87975514691327));
#9850=CARTESIAN_POINT('Ctrl Pts',(-4.92715342633522,12.6366145107985,-3.84619191725214));
#9851=CARTESIAN_POINT('Ctrl Pts',(-5.03206368773647,12.1903395032763,-3.70787946677033));
#9852=CARTESIAN_POINT('Ctrl Pts',(-5.10915478465978,11.9834000767534,-3.60279811617359));
#9853=CARTESIAN_POINT('Ctrl Pts',(-5.30920900195957,11.5621901663643,-3.30461674934999));
#9854=CARTESIAN_POINT('Ctrl Pts',(-5.44444106096138,11.3644400894089,-3.08257277949229));
#9855=CARTESIAN_POINT('Ctrl Pts',(-5.70306781002613,11.0468495370656,-2.57278273287428));
#9856=CARTESIAN_POINT('Ctrl Pts',(-5.82652440666807,10.9276042672429,-2.28469749161983));
#9857=CARTESIAN_POINT('Ctrl Pts',(-6.13498095817945,10.6588789972477,-1.35922179048325));
#9858=CARTESIAN_POINT('Ctrl Pts',(-6.25,10.5945060367265,-0.658987461335067));
#9859=CARTESIAN_POINT('Ctrl Pts',(-6.25,10.5945060367265,-5.55111512312578E-16));
#9860=CARTESIAN_POINT('',(-5.03818239574916,14.,3.69854270587258));
#9861=CARTESIAN_POINT('Ctrl Pts',(-6.25,10.5945060367265,-4.16333634234434E-16));
#9862=CARTESIAN_POINT('Ctrl Pts',(-6.25,10.5945060367265,0.658987461335067));
#9863=CARTESIAN_POINT('Ctrl Pts',(-6.13498095817945,10.6588789972477,1.35922179048326));
#9864=CARTESIAN_POINT('Ctrl Pts',(-5.82652440666807,10.9276042672429,2.28469749161983));
#9865=CARTESIAN_POINT('Ctrl Pts',(-5.70306781002613,11.0468495370656,2.57278273287428));
#9866=CARTESIAN_POINT('Ctrl Pts',(-5.44444106096138,11.3644400894089,3.08257277949228));
#9867=CARTESIAN_POINT('Ctrl Pts',(-5.30920900195957,11.5621901663643,3.30461674934999));
#9868=CARTESIAN_POINT('Ctrl Pts',(-5.10915478465978,11.9834000767534,3.60279811617359));
#9869=CARTESIAN_POINT('Ctrl Pts',(-5.03206368773647,12.1903395032763,3.70787946677033));
#9870=CARTESIAN_POINT('Ctrl Pts',(-4.92715342633522,12.6366145107985,3.84619191725214));
#9871=CARTESIAN_POINT('Ctrl Pts',(-4.9,12.8760033459361,3.87975514691327));
#9872=CARTESIAN_POINT('Ctrl Pts',(-4.9,13.3239966540639,3.87975514691327));
#9873=CARTESIAN_POINT('Ctrl Pts',(-4.92715342633522,13.5633854892015,3.84619191725214));
#9874=CARTESIAN_POINT('Ctrl Pts',(-4.99678693859435,13.8595976594141,3.75438791650356));
#9875=CARTESIAN_POINT('Ctrl Pts',(-5.01649929193482,13.9310521242104,3.72807959123804));
#9876=CARTESIAN_POINT('Ctrl Pts',(-5.0381823957493,14.0000000000004,3.69854270587239));
#9877=CARTESIAN_POINT('Ctrl Pts',(-5.03818239574916,14.,3.69854270587258));
#9878=CARTESIAN_POINT('Ctrl Pts',(-5.11730855588907,14.2516051533835,3.16558029541366));
#9879=CARTESIAN_POINT('Ctrl Pts',(-5.21615295839455,14.4495486075865,2.60081939657368));
#9880=CARTESIAN_POINT('Ctrl Pts',(-5.38057451415291,14.7381539120722,1.35935502700753));
#9881=CARTESIAN_POINT('Ctrl Pts',(-5.43708836393874,14.8129116360613,0.677449300046987));
#9882=CARTESIAN_POINT('Ctrl Pts',(-5.43708836393874,14.8129116360613,0.));
#9883=CARTESIAN_POINT('Ctrl Pts',(-5.43708836393874,14.8129116360613,-0.677449300046987));
#9884=CARTESIAN_POINT('Ctrl Pts',(-5.38057451415291,14.7381539120722,-1.35935502700752));
#9885=CARTESIAN_POINT('Ctrl Pts',(-5.21615295839455,14.4495486075865,-2.60081939657368));
#9886=CARTESIAN_POINT('Ctrl Pts',(-5.11730855588907,14.2516051533835,-3.16558029541366));
#9887=CARTESIAN_POINT('Ctrl Pts',(-5.03818239574916,14.,-3.69854270587258));
#9888=CARTESIAN_POINT('Origin',(-7.9,13.1,6.25));
#9889=CARTESIAN_POINT('',(-7.9,11.45,6.25));
#9890=CARTESIAN_POINT('Origin',(-7.9,13.1,6.25));
#9891=CARTESIAN_POINT('Origin',(0.,0.,0.));
#9892=CARTESIAN_POINT('',(-6.25,6.,7.94397055995513E-15));
#9893=CARTESIAN_POINT('Origin',(0.,6.,0.));
#9894=CARTESIAN_POINT('',(-6.25,0.,7.94397055995513E-15));
#9895=CARTESIAN_POINT('',(5.03818239574916,14.,-3.69854270587258));
#9896=CARTESIAN_POINT('Origin',(0.,14.,0.));
#9897=CARTESIAN_POINT('',(5.03818239574916,14.,3.69854270587258));
#9898=CARTESIAN_POINT('Ctrl Pts',(5.03818239574851,13.9999999999979,-3.69854270587346));
#9899=CARTESIAN_POINT('Ctrl Pts',(4.94985763022363,13.7191451456968,-3.81885935871875));
#9900=CARTESIAN_POINT('Ctrl Pts',(4.9,13.4040621702111,-3.87975514691327));
#9901=CARTESIAN_POINT('Ctrl Pts',(4.9,13.1,-3.87975514691327));
#9902=CARTESIAN_POINT('Ctrl Pts',(4.9,12.7863966044832,-3.87975514691327));
#9903=CARTESIAN_POINT('Ctrl Pts',(4.95324884829715,12.461203813033,-3.81482121793787));
#9904=CARTESIAN_POINT('Ctrl Pts',(5.13995199297656,11.8861107408432,-3.55927511848683));
#9905=CARTESIAN_POINT('Ctrl Pts',(5.27140152173042,11.6362823005876,-3.36704308633202));
#9906=CARTESIAN_POINT('Ctrl Pts',(5.53885294609616,11.2315587967524,-2.9090549420185));
#9907=CARTESIAN_POINT('Ctrl Pts',(5.70801890193614,11.0449972322034,-2.5676354939826));
#9908=CARTESIAN_POINT('Ctrl Pts',(5.95476262388822,10.8094901509241,-1.93011443752772));
#9909=CARTESIAN_POINT('Ctrl Pts',(6.06710986195443,10.7232739176378,-1.55253892937866));
#9910=CARTESIAN_POINT('Ctrl Pts',(6.21481796515016,10.616358998857,-0.772165105504253));
#9911=CARTESIAN_POINT('Ctrl Pts',(6.25,10.5945060367265,-0.369491524466044));
#9912=CARTESIAN_POINT('Ctrl Pts',(6.25,10.5945060367265,0.369491524466043));
#9913=CARTESIAN_POINT('Ctrl Pts',(6.21481796515016,10.616358998857,0.772165105504253));
#9914=CARTESIAN_POINT('Ctrl Pts',(6.06710986195443,10.7232739176378,1.55253892937866));
#9915=CARTESIAN_POINT('Ctrl Pts',(5.95476262388822,10.8094901509241,1.93011443752772));
#9916=CARTESIAN_POINT('Ctrl Pts',(5.70801890193614,11.0449972322034,2.5676354939826));
#9917=CARTESIAN_POINT('Ctrl Pts',(5.53885294609616,11.2315587967524,2.9090549420185));
#9918=CARTESIAN_POINT('Ctrl Pts',(5.27140152173042,11.6362823005876,3.36704308633202));
#9919=CARTESIAN_POINT('Ctrl Pts',(5.13995199297656,11.8861107408432,3.55927511848683));
#9920=CARTESIAN_POINT('Ctrl Pts',(4.95324884829715,12.461203813033,3.81482121793787));
#9921=CARTESIAN_POINT('Ctrl Pts',(4.9,12.7863966044832,3.87975514691327));
#9922=CARTESIAN_POINT('Ctrl Pts',(4.9,13.4040621702119,3.87975514691327));
#9923=CARTESIAN_POINT('Ctrl Pts',(4.9498576302239,13.7191451456983,3.81885935871844));
#9924=CARTESIAN_POINT('Ctrl Pts',(5.03818239574916,14.,3.69854270587258));
#9925=CARTESIAN_POINT('Origin',(0.,14.,0.));
#9926=CARTESIAN_POINT('Origin',(0.,6.,0.));
#9927=CARTESIAN_POINT('',(-6.05,4.,3.70455656742074E-16));
#9928=CARTESIAN_POINT('',(-6.25,6.,3.82702124733548E-16));
#9929=CARTESIAN_POINT('Origin',(0.,4.,0.));
#9930=CARTESIAN_POINT('Origin',(6.05,4.,0.));
#9931=CARTESIAN_POINT('',(6.,4.,1.17603231556341E-14));
#9932=CARTESIAN_POINT('Origin',(0.,4.,0.));
#9933=CARTESIAN_POINT('Origin',(0.,0.,0.));
#9934=CARTESIAN_POINT('',(-6.,3.0910615845668,3.67394039744206E-16));
#9935=CARTESIAN_POINT('',(6.,3.0910615845668,1.17603231556341E-14));
#9936=CARTESIAN_POINT('Origin',(0.,3.0910615845668,0.));
#9937=CARTESIAN_POINT('Origin',(0.,3.0910615845668,0.));
#9938=CARTESIAN_POINT('',(6.,0.,1.17603231556341E-14));
#9939=CARTESIAN_POINT('Origin',(0.,3.0910615845668,0.));
#9940=CARTESIAN_POINT('',(-5.2,2.95,3.18408167778312E-16));
#9941=CARTESIAN_POINT('',(-6.,3.0910615845668,3.67394039744206E-16));
#9942=CARTESIAN_POINT('Origin',(0.,2.95,0.));
#9943=CARTESIAN_POINT('Origin',(5.2,2.95,0.));
#9944=CARTESIAN_POINT('',(3.85,2.95,7.07233526507596E-16));
#9945=CARTESIAN_POINT('Origin',(0.,2.95,0.));
#9946=CARTESIAN_POINT('Origin',(0.,0.,0.));
#9947=CARTESIAN_POINT('',(3.85,1.8,7.07233526507596E-16));
#9948=CARTESIAN_POINT('Origin',(0.,1.8,0.));
#9949=CARTESIAN_POINT('',(3.85,0.,7.07233526507596E-16));
#9950=CARTESIAN_POINT('Origin',(3.85,1.8,0.));
#9951=CARTESIAN_POINT('',(5.9,1.8,1.08381241724541E-15));
#9952=CARTESIAN_POINT('Origin',(0.,1.8,0.));
#9953=CARTESIAN_POINT('Origin',(0.,0.,0.));
#9954=CARTESIAN_POINT('',(-5.9,0.4,3.61270805748469E-16));
#9955=CARTESIAN_POINT('',(5.9,0.4,1.08381241724541E-15));
#9956=CARTESIAN_POINT('Origin',(0.,0.4,0.));
#9957=CARTESIAN_POINT('Origin',(0.,0.4,0.));
#9958=CARTESIAN_POINT('',(5.9,0.,1.08381241724541E-15));
#9959=CARTESIAN_POINT('Origin',(0.,0.4,0.));
#9960=CARTESIAN_POINT('',(-3.65,4.85722573273506E-16,2.23498040844392E-16));
#9961=CARTESIAN_POINT('',(-5.9,0.4,3.61270805748469E-16));
#9962=CARTESIAN_POINT('Origin',(0.,0.,0.));
#9963=CARTESIAN_POINT('Origin',(3.65,0.,0.));
#9964=CARTESIAN_POINT('',(1.05838320573418,0.,-3.25736856831085));
#9965=CARTESIAN_POINT('Origin',(0.,0.,1.38777878078145E-16));
#9966=CARTESIAN_POINT('Origin',(0.,0.299999999999939,0.));
#9967=CARTESIAN_POINT('',(-3.125,0.3,-1.91351062366774E-16));
#9968=CARTESIAN_POINT('',(0.965678107421711,0.3,-2.97205161342236));
#9969=CARTESIAN_POINT('Origin',(0.,0.3,0.));
#9970=CARTESIAN_POINT('Origin',(0.,0.3,0.));
#9971=CARTESIAN_POINT('Origin',(1.05838320573418,0.299999999999939,-3.25736856831084));
#9972=CARTESIAN_POINT('Origin',(0.,0.,0.));
#9973=CARTESIAN_POINT('',(-3.125,0.,-1.91351062366774E-16));
#9974=CARTESIAN_POINT('Origin',(0.,15.25,0.));
#9975=CARTESIAN_POINT('',(5.43708836393874,14.8129116360613,4.29999525579345E-16));
#9976=CARTESIAN_POINT('Ctrl Pts',(5.43708836393874,14.8129116360613,0.));
#9977=CARTESIAN_POINT('Ctrl Pts',(5.43708836393874,14.8129116360613,0.408503747643875));
#9978=CARTESIAN_POINT('Ctrl Pts',(5.41619427756819,14.784162093757,0.855325454116852));
#9979=CARTESIAN_POINT('Ctrl Pts',(5.3346719264814,14.6571721856105,1.73561325286342));
#9980=CARTESIAN_POINT('Ctrl Pts',(5.27513107269141,14.5585305146976,2.16912177475396));
#9981=CARTESIAN_POINT('Ctrl Pts',(5.16107075643041,14.3302843757311,2.92064893690615));
#9982=CARTESIAN_POINT('Ctrl Pts',(5.09382006826146,14.1769165229503,3.32378942576844));
#9983=CARTESIAN_POINT('Ctrl Pts',(5.03818239574916,14.,3.69854270587258));
#9984=CARTESIAN_POINT('',(5.,15.25,9.18485099360515E-16));
#9985=CARTESIAN_POINT('',(5.,15.25,9.18485099360515E-16));
#9986=CARTESIAN_POINT('Origin',(0.,15.25,0.));
#9987=CARTESIAN_POINT('Ctrl Pts',(5.03818239574916,14.,-3.69854270587258));
#9988=CARTESIAN_POINT('Ctrl Pts',(5.09382006826146,14.1769165229503,-3.32378942576843));
#9989=CARTESIAN_POINT('Ctrl Pts',(5.16107075643041,14.3302843757311,-2.92064893690615));
#9990=CARTESIAN_POINT('Ctrl Pts',(5.27513107269141,14.5585305146976,-2.16912177475396));
#9991=CARTESIAN_POINT('Ctrl Pts',(5.3346719264814,14.6571721856105,-1.73561325286342));
#9992=CARTESIAN_POINT('Ctrl Pts',(5.41619427756819,14.784162093757,-0.855325454116853));
#9993=CARTESIAN_POINT('Ctrl Pts',(5.43708836393874,14.8129116360613,-0.408503747643874));
#9994=CARTESIAN_POINT('Ctrl Pts',(5.43708836393874,14.8129116360613,2.77555756156289E-16));
#9995=CARTESIAN_POINT('Origin',(0.,0.,0.));
#9996=CARTESIAN_POINT('',(5.,16.,6.4696002224863E-15));
#9997=CARTESIAN_POINT('',(5.,0.,6.4696002224863E-15));
#9998=CARTESIAN_POINT('',(0.,21.,5.));
#9999=CARTESIAN_POINT('Origin',(0.,21.,0.));
#10000=CARTESIAN_POINT('',(-5.,16.,1.91428434946347E-15));
#10001=CARTESIAN_POINT('Origin',(0.,21.,0.));
#10002=CARTESIAN_POINT('',(0.,21.,-5.));
#10003=CARTESIAN_POINT('Origin',(0.,21.,0.));
#10004=CARTESIAN_POINT('Origin',(0.,21.,0.));
#10005=CARTESIAN_POINT('Origin',(20.75,21.,0.));
#10006=CARTESIAN_POINT('',(5.5,16.,1.91428434946347E-15));
#10007=CARTESIAN_POINT('Origin',(5.5,21.,0.));
#10008=CARTESIAN_POINT('',(20.75,16.,1.91428434946347E-15));
#10009=CARTESIAN_POINT('',(20.75,16.,1.91428434946347E-15));
#10010=CARTESIAN_POINT('Origin',(5.5,21.,0.));
#10011=CARTESIAN_POINT('',(6.75,15.8708302004995,-3.57129068655742));
#10012=CARTESIAN_POINT('',(6.75,15.8708302004995,3.57129068655742));
#10013=CARTESIAN_POINT('Origin',(6.75,21.,0.));
#10014=CARTESIAN_POINT('',(6.04346255670591,15.4565374432941,-1.69719591906577E-16));
#10015=CARTESIAN_POINT('Ctrl Pts',(6.04346255670591,15.4565374432941,0.));
#10016=CARTESIAN_POINT('Ctrl Pts',(6.04346255670591,15.4565374432941,-0.425760344274794));
#10017=CARTESIAN_POINT('Ctrl Pts',(6.07244296430012,15.4804135831894,-0.89138070076406));
#10018=CARTESIAN_POINT('Ctrl Pts',(6.20122128827724,15.5739613710613,-1.80839670445309));
#10019=CARTESIAN_POINT('Ctrl Pts',(6.30154334500749,15.6424460629547,-2.25983937128019));
#10020=CARTESIAN_POINT('Ctrl Pts',(6.50836141016586,15.7595562623975,-2.95247733097779));
#10021=CARTESIAN_POINT('Ctrl Pts',(6.61988537521882,15.8168276786303,-3.26602163823986));
#10022=CARTESIAN_POINT('Ctrl Pts',(6.75,15.8708302004995,-3.57129068655742));
#10023=CARTESIAN_POINT('',(5.5,16.,-3.06161699786838E-16));
#10024=CARTESIAN_POINT('Ctrl Pts',(6.75,15.8708302004995,3.57129068655742));
#10025=CARTESIAN_POINT('Ctrl Pts',(6.61988537521882,15.8168276786303,3.26602163823986));
#10026=CARTESIAN_POINT('Ctrl Pts',(6.50836141016586,15.7595562623975,2.9524773309778));
#10027=CARTESIAN_POINT('Ctrl Pts',(6.30154334500749,15.6424460629547,2.25983937128019));
#10028=CARTESIAN_POINT('Ctrl Pts',(6.20122128827724,15.5739613710613,1.8083967044531));
#10029=CARTESIAN_POINT('Ctrl Pts',(6.07244296430012,15.4804135831894,0.891380700764062));
#10030=CARTESIAN_POINT('Ctrl Pts',(6.04346255670591,15.4565374432941,0.425760344274794));
#10031=CARTESIAN_POINT('Ctrl Pts',(6.04346255670591,15.4565374432941,-1.38777878078145E-16));
#10032=CARTESIAN_POINT('Origin',(20.75,21.,0.));
#10033=CARTESIAN_POINT('',(14.75,14.75,-1.96277379987167E-11));
#10034=CARTESIAN_POINT('Origin',(14.75,21.,0.));
#10035=CARTESIAN_POINT('',(10.4054939632735,14.75,-9.81386899935834E-12));
#10036=CARTESIAN_POINT('',(20.75,14.75,-1.96277379987167E-11));
#10037=CARTESIAN_POINT('',(7.9,16.1,-3.87975514691328));
#10038=CARTESIAN_POINT('Ctrl Pts',(7.9,16.1,-3.87975514691328));
#10039=CARTESIAN_POINT('Ctrl Pts',(8.21360339551685,16.1,-3.87975514691328));
#10040=CARTESIAN_POINT('Ctrl Pts',(8.53879618696697,16.0467511517029,-3.81482121793788));
#10041=CARTESIAN_POINT('Ctrl Pts',(9.11388925915685,15.8600480070234,-3.55927511848684));
#10042=CARTESIAN_POINT('Ctrl Pts',(9.36371769941246,15.7285984782696,-3.36704308633202));
#10043=CARTESIAN_POINT('Ctrl Pts',(9.76844120324761,15.4611470539038,-2.9090549420185));
#10044=CARTESIAN_POINT('Ctrl Pts',(9.95500276779662,15.2919810980639,-2.5676354939826));
#10045=CARTESIAN_POINT('Ctrl Pts',(10.1905098490759,15.0452373761118,-1.93011443752772));
#10046=CARTESIAN_POINT('Ctrl Pts',(10.2767260823622,14.9328901380456,-1.55253892937866));
#10047=CARTESIAN_POINT('Ctrl Pts',(10.383641001143,14.7851820348498,-0.772165105504253));
#10048=CARTESIAN_POINT('Ctrl Pts',(10.4054939632728,14.7500000000011,-0.369491524466044));
#10049=CARTESIAN_POINT('Ctrl Pts',(10.4054939632735,14.75,-6.93889390390723E-17));
#10050=CARTESIAN_POINT('Ctrl Pts',(6.75,15.8708302004995,-3.57129068655743));
#10051=CARTESIAN_POINT('Ctrl Pts',(6.82157157217262,15.9005351271975,-3.61395358529301));
#10052=CARTESIAN_POINT('Ctrl Pts',(6.89634978826993,15.9283018135586,-3.65269611609621));
#10053=CARTESIAN_POINT('Ctrl Pts',(7.26120381303303,16.0467511517029,-3.81482121793788));
#10054=CARTESIAN_POINT('Ctrl Pts',(7.58639660448315,16.1,-3.87975514691328));
#10055=CARTESIAN_POINT('Ctrl Pts',(7.9,16.1,-3.87975514691328));
#10056=CARTESIAN_POINT('',(7.9,16.1,3.87975514691328));
#10057=CARTESIAN_POINT('Ctrl Pts',(7.9,16.1,3.87975514691328));
#10058=CARTESIAN_POINT('Ctrl Pts',(7.58639660448316,16.1,3.87975514691328));
#10059=CARTESIAN_POINT('Ctrl Pts',(7.26120381303303,16.0467511517028,3.81482121793788));
#10060=CARTESIAN_POINT('Ctrl Pts',(6.89634978826993,15.9283018135586,3.6526961160962));
#10061=CARTESIAN_POINT('Ctrl Pts',(6.82157157217262,15.9005351271975,3.61395358529301));
#10062=CARTESIAN_POINT('Ctrl Pts',(6.75,15.8708302004995,3.57129068655743));
#10063=CARTESIAN_POINT('Ctrl Pts',(10.4054939632735,14.75,6.93889390390723E-17));
#10064=CARTESIAN_POINT('Ctrl Pts',(10.4054939632743,14.7499999999989,0.369491524466044));
#10065=CARTESIAN_POINT('Ctrl Pts',(10.383641001143,14.7851820348498,0.772165105504254));
#10066=CARTESIAN_POINT('Ctrl Pts',(10.2767260823622,14.9328901380456,1.55253892937866));
#10067=CARTESIAN_POINT('Ctrl Pts',(10.1905098490759,15.0452373761118,1.93011443752772));
#10068=CARTESIAN_POINT('Ctrl Pts',(9.95500276779662,15.2919810980639,2.5676354939826));
#10069=CARTESIAN_POINT('Ctrl Pts',(9.7684412032476,15.4611470539038,2.9090549420185));
#10070=CARTESIAN_POINT('Ctrl Pts',(9.36371769941245,15.7285984782696,3.36704308633202));
#10071=CARTESIAN_POINT('Ctrl Pts',(9.11388925915684,15.8600480070234,3.55927511848684));
#10072=CARTESIAN_POINT('Ctrl Pts',(8.53879618696697,16.0467511517029,3.81482121793788));
#10073=CARTESIAN_POINT('Ctrl Pts',(8.21360339551684,16.1,3.87975514691328));
#10074=CARTESIAN_POINT('Ctrl Pts',(7.9,16.1,3.87975514691328));
#10075=CARTESIAN_POINT('Origin',(14.75,21.,0.));
#10076=CARTESIAN_POINT('',(16.75,14.95,3.70455656742075E-16));
#10077=CARTESIAN_POINT('',(14.75,14.75,3.82702124733548E-16));
#10078=CARTESIAN_POINT('Origin',(16.75,21.,0.));
#10079=CARTESIAN_POINT('Origin',(16.75,27.05,0.));
#10080=CARTESIAN_POINT('',(16.75,27.,1.17603231556341E-14));
#10081=CARTESIAN_POINT('Origin',(16.75,21.,0.));
#10082=CARTESIAN_POINT('Origin',(20.75,21.,0.));
#10083=CARTESIAN_POINT('',(17.658938415433,15.,3.67394039744206E-16));
#10084=CARTESIAN_POINT('',(17.658938415433,27.,1.17603231556341E-14));
#10085=CARTESIAN_POINT('Origin',(17.658938415433,21.,0.));
#10086=CARTESIAN_POINT('Origin',(17.658938415433,21.,0.));
#10087=CARTESIAN_POINT('',(20.75,27.,1.17603231556341E-14));
#10088=CARTESIAN_POINT('Origin',(17.658938415433,21.,0.));
#10089=CARTESIAN_POINT('',(17.8,15.8,3.18408167778312E-16));
#10090=CARTESIAN_POINT('',(17.658938415433,15.,3.67394039744206E-16));
#10091=CARTESIAN_POINT('Origin',(17.8,21.,0.));
#10092=CARTESIAN_POINT('Origin',(17.8,26.2,0.));
#10093=CARTESIAN_POINT('',(17.8,24.85,7.07233526507596E-16));
#10094=CARTESIAN_POINT('Origin',(17.8,21.,0.));
#10095=CARTESIAN_POINT('Origin',(20.75,21.,0.));
#10096=CARTESIAN_POINT('',(18.95,24.85,7.07233526507596E-16));
#10097=CARTESIAN_POINT('Origin',(18.95,21.,0.));
#10098=CARTESIAN_POINT('',(20.75,24.85,7.07233526507596E-16));
#10099=CARTESIAN_POINT('Origin',(18.95,24.85,0.));
#10100=CARTESIAN_POINT('',(18.95,26.9,1.08381241724541E-15));
#10101=CARTESIAN_POINT('Origin',(18.95,21.,0.));
#10102=CARTESIAN_POINT('Origin',(20.75,21.,0.));
#10103=CARTESIAN_POINT('',(20.35,15.1,3.61270805748469E-16));
#10104=CARTESIAN_POINT('',(20.35,26.9,1.08381241724541E-15));
#10105=CARTESIAN_POINT('Origin',(20.35,21.,0.));
#10106=CARTESIAN_POINT('Origin',(20.35,21.,0.));
#10107=CARTESIAN_POINT('',(20.75,26.9,1.08381241724541E-15));
#10108=CARTESIAN_POINT('Origin',(20.35,21.,0.));
#10109=CARTESIAN_POINT('',(20.75,17.35,2.23498040844392E-16));
#10110=CARTESIAN_POINT('',(20.35,15.1,3.61270805748469E-16));
#10111=CARTESIAN_POINT('Origin',(20.75,21.,0.));
#10112=CARTESIAN_POINT('Origin',(20.75,24.65,0.));
#10113=CARTESIAN_POINT('',(20.7499999999999,22.0583832057342,-3.25736856831079));
#10114=CARTESIAN_POINT('Origin',(20.7499999999999,21.,0.));
#10115=CARTESIAN_POINT('Origin',(20.45,21.,0.));
#10116=CARTESIAN_POINT('',(20.45,17.875,-1.91351062366774E-16));
#10117=CARTESIAN_POINT('',(20.45,21.9656781074217,-2.97205161342236));
#10118=CARTESIAN_POINT('Origin',(20.45,21.,0.));
#10119=CARTESIAN_POINT('Origin',(20.45,21.,0.));
#10120=CARTESIAN_POINT('Origin',(20.45,22.0583832057342,-3.25736856831079));
#10121=CARTESIAN_POINT('Origin',(20.75,21.,0.));
#10122=CARTESIAN_POINT('',(4.35,17.875,-1.91351062366774E-16));
#10123=CARTESIAN_POINT('Origin',(4.35,21.,0.));
#10124=CARTESIAN_POINT('',(20.75,17.875,-1.91351062366774E-16));
#10125=CARTESIAN_POINT('Origin',(4.35,23.5,0.));
#10126=CARTESIAN_POINT('Origin',(7.9,13.1,6.25));
#10127=CARTESIAN_POINT('',(7.9,16.1,-6.25));
#10128=CARTESIAN_POINT('Origin',(7.9,13.1,-6.25));
#10129=CARTESIAN_POINT('',(7.9,16.1,6.25));
#10130=CARTESIAN_POINT('',(7.9,16.1,6.25));
#10131=CARTESIAN_POINT('',(7.9,16.1,6.25));
#10132=CARTESIAN_POINT('Origin',(7.9,13.1,6.25));
#10133=CARTESIAN_POINT('Origin',(7.9,13.1,6.25));
#10134=CARTESIAN_POINT('',(7.9,11.45,6.25));
#10135=CARTESIAN_POINT('Origin',(7.9,13.1,6.25));
#10136=CARTESIAN_POINT('Origin',(7.9,13.1,-6.25));
#10137=CARTESIAN_POINT('',(7.9,11.45,-6.25));
#10138=CARTESIAN_POINT('Origin',(7.9,13.1,-6.25));
#10139=CARTESIAN_POINT('Origin',(7.9,13.1,6.25));
#10140=CARTESIAN_POINT('',(7.9,11.45,6.25));
#10141=CARTESIAN_POINT('Origin',(-7.9,13.1,-6.25));
#10142=CARTESIAN_POINT('',(-7.9,11.45,-6.25));
#10143=CARTESIAN_POINT('Origin',(-7.9,13.1,-6.25));
#10144=CARTESIAN_POINT('Origin',(-7.9,13.1,6.25));
#10145=CARTESIAN_POINT('',(-7.9,11.45,6.25));
#10146=CARTESIAN_POINT('',(0.,0.,0.));
#10147=CARTESIAN_POINT('Origin',(22.6,23.6,0.));
#10148=CARTESIAN_POINT('',(-4.10121933088115,19.4987806691189,4.1012193308828));
#10149=CARTESIAN_POINT('',(-5.8,19.4987806691189,4.1012193308828));
#10150=CARTESIAN_POINT('',(22.6,19.4987806691189,4.1012193308828));
#10151=CARTESIAN_POINT('',(-5.8,17.8,0.));
#10152=CARTESIAN_POINT('Origin',(-5.8,23.6,0.));
#10153=CARTESIAN_POINT('Origin',(0.,23.6,0.));
#10154=CARTESIAN_POINT('Origin',(22.6,23.6,0.));
#10155=CARTESIAN_POINT('',(5.8,19.4987806691189,4.1012193308828));
#10156=CARTESIAN_POINT('',(4.10121933088115,19.4987806691189,4.1012193308828));
#10157=CARTESIAN_POINT('',(22.6,19.4987806691189,4.1012193308828));
#10158=CARTESIAN_POINT('',(5.8,17.8,0.));
#10159=CARTESIAN_POINT('Origin',(5.8,23.6,0.));
#10160=CARTESIAN_POINT('',(0.,23.6,-5.8));
#10161=CARTESIAN_POINT('Origin',(0.,23.6,0.));
#10162=CARTESIAN_POINT('Origin',(0.,23.6,0.));
#10163=CARTESIAN_POINT('Origin',(-5.8,23.6,0.));
#10164=CARTESIAN_POINT('',(0.,23.6,5.8));
#10165=CARTESIAN_POINT('Origin',(0.,23.6,0.));
#10166=CARTESIAN_POINT('Origin',(0.,23.6,0.));
#10167=CARTESIAN_POINT('Origin',(0.,0.,0.));
#10168=CARTESIAN_POINT('',(0.,23.6,3.4));
#10169=CARTESIAN_POINT('',(-3.4,20.2,4.32151998461559E-15));
#10170=CARTESIAN_POINT('Origin',(0.,23.6,0.));
#10171=CARTESIAN_POINT('',(3.4,20.2,-4.66009172965059E-15));
#10172=CARTESIAN_POINT('Origin',(0.,23.6,0.));
#10173=CARTESIAN_POINT('',(3.4,18.3,-4.6600917296506E-15));
#10174=CARTESIAN_POINT('',(3.4,0.,-4.6600917296506E-15));
#10175=CARTESIAN_POINT('Origin',(0.,18.3,0.));
#10176=CARTESIAN_POINT('',(0.,23.6,-3.4));
#10177=CARTESIAN_POINT('Origin',(0.,23.6,0.));
#10178=CARTESIAN_POINT('Origin',(0.,23.6,0.));
#10179=CARTESIAN_POINT('Origin',(3.4,18.3,0.));
#10180=CARTESIAN_POINT('',(-4.125,18.3,6.63350592991613E-16));
#10181=CARTESIAN_POINT('Origin',(0.,18.3,0.));
#10182=CARTESIAN_POINT('Origin',(22.6,23.6,0.));
#10183=CARTESIAN_POINT('',(-4.3,20.2,4.32151998461559E-15));
#10184=CARTESIAN_POINT('Origin',(-4.3,23.6,0.));
#10185=CARTESIAN_POINT('',(22.6,20.2,4.32151998461559E-15));
#10186=CARTESIAN_POINT('',(4.3,20.2,4.32151998461559E-15));
#10187=CARTESIAN_POINT('',(22.6,20.2,4.32151998461559E-15));
#10188=CARTESIAN_POINT('Origin',(4.3,23.6,0.));
#10189=CARTESIAN_POINT('Origin',(-4.3,27.725,0.));
#10190=CARTESIAN_POINT('',(-4.3,27.725,7.57750206972425E-16));
#10191=CARTESIAN_POINT('Origin',(-4.3,23.6,0.));
#10192=CARTESIAN_POINT('Origin',(22.6,23.6,0.));
#10193=CARTESIAN_POINT('',(-22.3,27.725,7.57750206972425E-16));
#10194=CARTESIAN_POINT('',(-22.3,22.3253048982033,3.92310812971751));
#10195=CARTESIAN_POINT('Origin',(-22.3,23.6,0.));
#10196=CARTESIAN_POINT('',(22.6,27.725,7.57750206972425E-16));
#10197=CARTESIAN_POINT('Origin',(-22.3,23.6,0.));
#10198=CARTESIAN_POINT('Origin',(-22.3,23.6,0.));
#10199=CARTESIAN_POINT('',(-22.5999999999999,19.3915749153941,-1.3674002001091));
#10200=CARTESIAN_POINT('',(-22.5999999999999,27.8084250846059,1.3674002001091));
#10201=CARTESIAN_POINT('Ctrl Pts',(-22.5999999999999,19.3915749153941,-1.3674002001091));
#10202=CARTESIAN_POINT('Ctrl Pts',(-22.5999999999999,19.4330676409986,-1.49492536077695));
#10203=CARTESIAN_POINT('Ctrl Pts',(-22.5999999890544,19.4803412759638,-1.62058860725151));
#10204=CARTESIAN_POINT('Ctrl Pts',(-22.5999999861654,19.5332133925947,-1.74386507300551));
#10205=CARTESIAN_POINT('Ctrl Pts',(-22.599999983285,19.5859301407857,-1.86677928217928));
#10206=CARTESIAN_POINT('Ctrl Pts',(-22.5999999861304,19.6442124154272,-1.98732039591076));
#10207=CARTESIAN_POINT('Ctrl Pts',(-22.5999999901766,19.7078303011577,-2.10498470522463));
#10208=CARTESIAN_POINT('Ctrl Pts',(-22.5999999942158,19.7713363258803,-2.22244212227718));
#10209=CARTESIAN_POINT('Ctrl Pts',(-22.5999999984491,19.8401590906906,-2.33703252797086));
#10210=CARTESIAN_POINT('Ctrl Pts',(-22.5999999995871,19.9140225659805,-2.44827614371994));
#10211=CARTESIAN_POINT('Ctrl Pts',(-22.6000000007225,19.9877188893545,-2.55926801686645));
#10212=CARTESIAN_POINT('Ctrl Pts',(-22.5999999990161,20.0664329750759,-2.66692793148128));
#10213=CARTESIAN_POINT('Ctrl Pts',(-22.5999999980684,20.1498456417944,-2.77080515053428));
#10214=CARTESIAN_POINT('Ctrl Pts',(-22.5999999977511,20.1777693075396,-2.80557963812101));
#10215=CARTESIAN_POINT('Ctrl Pts',(-22.5999999975483,20.2062191697763,-2.83993044127003));
#10216=CARTESIAN_POINT('Ctrl Pts',(-22.5999999975643,20.2351821744013,-2.87384138626794));
#10217=CARTESIAN_POINT('Ctrl Pts',(-22.599999997613,20.3229658002574,-2.97662166568538));
#10218=CARTESIAN_POINT('Ctrl Pts',(-22.5999999987805,20.4154673752287,-3.07537145559508));
#10219=CARTESIAN_POINT('Ctrl Pts',(-22.5999999994961,20.5122955874482,-3.16967826795658));
#10220=CARTESIAN_POINT('Ctrl Pts',(-22.6000000002126,20.6092370673898,-3.26409539855656));
#10221=CARTESIAN_POINT('Ctrl Pts',(-22.600000000278,20.7105150780244,-3.35405893543296));
#10222=CARTESIAN_POINT('Ctrl Pts',(-22.5999999986037,20.8157014205187,-3.43919325888632));
#10223=CARTESIAN_POINT('Ctrl Pts',(-22.5999999969284,20.9209468332149,-3.5243753917944));
#10224=CARTESIAN_POINT('Ctrl Pts',(-22.5999999934765,21.0301047123292,-3.60472269724045));
#10225=CARTESIAN_POINT('Ctrl Pts',(-22.5999999893976,21.1427143012866,-3.67990028966212));
#10226=CARTESIAN_POINT('Ctrl Pts',(-22.599999985315,21.2554274308512,-3.75514700526979));
#10227=CARTESIAN_POINT('Ctrl Pts',(-22.5999999807338,21.3715983502848,-3.82521432996011));
#10228=CARTESIAN_POINT('Ctrl Pts',(-22.5999999783421,21.4907370986282,-3.88981055819008));
#10229=CARTESIAN_POINT('Ctrl Pts',(-22.5999999776747,21.5239820041569,-3.90783572241988));
#10230=CARTESIAN_POINT('Ctrl Pts',(-22.5999999771791,21.5574578473086,-3.92543514970491));
#10231=CARTESIAN_POINT('Ctrl Pts',(-22.5999999769043,21.5911536395966,-3.94260313974289));
#10232=CARTESIAN_POINT('Ctrl Pts',(-22.5999999759203,21.7118368139441,-4.00409115929276));
#10233=CARTESIAN_POINT('Ctrl Pts',(-22.5999999786264,21.835339355972,-4.06004116153922));
#10234=CARTESIAN_POINT('Ctrl Pts',(-22.5999999827292,21.9611439801063,-4.11021593870375));
#10235=CARTESIAN_POINT('Ctrl Pts',(-22.5999999868286,22.086842233492,-4.16034829192209));
#10236=CARTESIAN_POINT('Ctrl Pts',(-22.5999999920858,22.2148383857197,-4.20471505587872));
#10237=CARTESIAN_POINT('Ctrl Pts',(-22.5999999955959,22.3445962214653,-4.24312755295781));
#10238=CARTESIAN_POINT('Ctrl Pts',(-22.5999999991039,22.4742748023883,-4.28151658805769));
#10239=CARTESIAN_POINT('Ctrl Pts',(-22.600000000758,22.6057126132952,-4.31395852669714));
#10240=CARTESIAN_POINT('Ctrl Pts',(-22.5999999996295,22.7383586495652,-4.34031463382277));
#10241=CARTESIAN_POINT('Ctrl Pts',(-22.5999999985018,22.8709060565228,-4.36665114379498));
#10242=CARTESIAN_POINT('Ctrl Pts',(-22.5999999946133,23.0046595819515,-4.3869107974265));
#10243=CARTESIAN_POINT('Ctrl Pts',(-22.5999999896897,23.1390582930085,-4.40100600066086));
#10244=CARTESIAN_POINT('Ctrl Pts',(-22.599999988303,23.1769112906758,-4.40497587277462));
#10245=CARTESIAN_POINT('Ctrl Pts',(-22.5999999868483,23.2148154156162,-4.40845706251559));
#10246=CARTESIAN_POINT('Ctrl Pts',(-22.599999985392,23.2527580285427,-4.41144835186378));
#10247=CARTESIAN_POINT('Ctrl Pts',(-22.5999999802211,23.3874761111062,-4.42206914822701));
#10248=CARTESIAN_POINT('Ctrl Pts',(-22.5999999783929,23.5226854501166,-4.42650194998714));
#10249=CARTESIAN_POINT('Ctrl Pts',(-22.5999999798599,23.657817316437,-4.42473219820792));
#10250=CARTESIAN_POINT('Ctrl Pts',(-22.5999999813292,23.7931643217055,-4.42295962886577));
#10251=CARTESIAN_POINT('Ctrl Pts',(-22.5999999855772,23.9284332895841,-4.41496475742317));
#10252=CARTESIAN_POINT('Ctrl Pts',(-22.5999999894132,24.0630551312753,-4.40078519037805));
#10253=CARTESIAN_POINT('Ctrl Pts',(-22.5999999932523,24.1977856784381,-4.38659417350797));
#10254=CARTESIAN_POINT('Ctrl Pts',(-22.5999999964966,24.3318677407379,-4.36620852127512));
#10255=CARTESIAN_POINT('Ctrl Pts',(-22.5999999981323,24.4647379535131,-4.33971767797697));
#10256=CARTESIAN_POINT('Ctrl Pts',(-22.59999999977,24.5977764330666,-4.31319328668666));
#10257=CARTESIAN_POINT('Ctrl Pts',(-22.5999999999631,24.7295996845027,-4.28054830785609));
#10258=CARTESIAN_POINT('Ctrl Pts',(-22.5999999999934,24.8596539820757,-4.24192341980591));
#10259=CARTESIAN_POINT('Ctrl Pts',(-22.6000000000018,24.8957091236193,-4.23121538607122));
#10260=CARTESIAN_POINT('Ctrl Pts',(-22.5999999999999,24.9316283928863,-4.2200480493426));
#10261=CARTESIAN_POINT('Ctrl Pts',(-22.5999999999999,24.9674002001091,-4.20842508460606));
#10262=CARTESIAN_POINT('Ctrl Pts',(-22.5999999999999,25.0964449814174,-4.16649589346292));
#10263=CARTESIAN_POINT('Ctrl Pts',(-22.6000000001421,25.2235558045226,-4.11863795805317));
#10264=CARTESIAN_POINT('Ctrl Pts',(-22.5999999991969,25.3481969950331,-4.06504938656102));
#10265=CARTESIAN_POINT('Ctrl Pts',(-22.5999999982531,25.4726611990707,-4.01153690911296));
#10266=CARTESIAN_POINT('Ctrl Pts',(-22.5999999959599,25.5946624845791,-3.95231017065683));
#10267=CARTESIAN_POINT('Ctrl Pts',(-22.5999999924822,25.7136865191256,-3.887614780103));
#10268=CARTESIAN_POINT('Ctrl Pts',(-22.5999999890078,25.832597334985,-3.82298092944908));
#10269=CARTESIAN_POINT('Ctrl Pts',(-22.5999999844361,25.9485362755148,-3.75288896054196));
#10270=CARTESIAN_POINT('Ctrl Pts',(-22.5999999816626,26.0610138659306,-3.67763022320136));
#10271=CARTESIAN_POINT('Ctrl Pts',(-22.5999999788925,26.1733519956172,-3.60246479901185));
#10272=CARTESIAN_POINT('Ctrl Pts',(-22.5999999783458,26.2822370817383,-3.52214557383726));
#10273=CARTESIAN_POINT('Ctrl Pts',(-22.5999999817709,26.3872089869256,-3.43700692827083));
#10274=CARTESIAN_POINT('Ctrl Pts',(-22.5999999827238,26.4164148735843,-3.41331916507116));
#10275=CARTESIAN_POINT('Ctrl Pts',(-22.5999999839531,26.4453180199499,-3.38925858713676));
#10276=CARTESIAN_POINT('Ctrl Pts',(-22.599999985392,26.4739089385447,-3.36483297666561));
#10277=CARTESIAN_POINT('Ctrl Pts',(-22.5999999905622,26.5766441681745,-3.27706487322791));
#10278=CARTESIAN_POINT('Ctrl Pts',(-22.5999999955712,26.67535482532,-3.18458364676415));
#10279=CARTESIAN_POINT('Ctrl Pts',(-22.5999999980823,26.7696283313579,-3.08777936894786));
#10280=CARTESIAN_POINT('Ctrl Pts',(-22.6000000005959,26.863995815417,-2.99087859027097));
#10281=CARTESIAN_POINT('Ctrl Pts',(-22.6000000005534,26.95391707972,-2.88964637140533));
#10282=CARTESIAN_POINT('Ctrl Pts',(-22.5999999981229,27.0390164407536,-2.7845096381798));
#10283=CARTESIAN_POINT('Ctrl Pts',(-22.5999999956912,27.1241553334429,-2.67932406523212));
#10284=CARTESIAN_POINT('Ctrl Pts',(-22.5999999909427,27.2044676506548,-2.57023060542947));
#10285=CARTESIAN_POINT('Ctrl Pts',(-22.5999999864068,27.2796183985105,-2.45768879397989));
#10286=CARTESIAN_POINT('Ctrl Pts',(-22.5999999818672,27.3548285352188,-2.34505804490505));
#10287=CARTESIAN_POINT('Ctrl Pts',(-22.5999999777416,27.4248687722363,-2.22897376232986));
#10288=CARTESIAN_POINT('Ctrl Pts',(-22.5999999768701,27.489447299917,-2.10992467799613));
#10289=CARTESIAN_POINT('Ctrl Pts',(-22.5999999766252,27.5075961811671,-2.07646761769903));
#10290=CARTESIAN_POINT('Ctrl Pts',(-22.5999999766278,27.5253139650833,-2.04277655040707));
#10291=CARTESIAN_POINT('Ctrl Pts',(-22.5999999769043,27.5425948258375,-2.00886267736149));
#10292=CARTESIAN_POINT('Ctrl Pts',(-22.599999977889,27.6041280672379,-1.88810303658753));
#10293=CARTESIAN_POINT('Ctrl Pts',(-22.5999999817815,27.6601149467053,-1.76451900472911));
#10294=CARTESIAN_POINT('Ctrl Pts',(-22.5999999859278,27.7103173093823,-1.63862851923561));
#10295=CARTESIAN_POINT('Ctrl Pts',(-22.5999999900699,27.7604693503892,-1.51286422340996));
#10296=CARTESIAN_POINT('Ctrl Pts',(-22.5999999942898,27.8048483383079,-1.38479838546847));
#10297=CARTESIAN_POINT('Ctrl Pts',(-22.5999999968333,27.8432646698249,-1.25496780329905));
#10298=CARTESIAN_POINT('Ctrl Pts',(-22.599999999375,27.8816538606358,-1.1252289449757));
#10299=CARTESIAN_POINT('Ctrl Pts',(-22.6000000002318,27.9140887144715,-0.99372813513849));
#10300=CARTESIAN_POINT('Ctrl Pts',(-22.5999999999379,27.9404295476896,-0.861017011054387));
#10301=CARTESIAN_POINT('Ctrl Pts',(-22.5999999996443,27.966746979458,-0.728423788810478));
#10302=CARTESIAN_POINT('Ctrl Pts',(-22.5999999983542,27.9869811403138,-0.594622710851326));
#10303=CARTESIAN_POINT('Ctrl Pts',(-22.5999999978197,28.0010434844864,-0.460175332880812));
#10304=CARTESIAN_POINT('Ctrl Pts',(-22.5999999976701,28.0049775980643,-0.422562026828514));
#10305=CARTESIAN_POINT('Ctrl Pts',(-22.5999999975779,28.0084289713242,-0.384898189793461));
#10306=CARTESIAN_POINT('Ctrl Pts',(-22.5999999975643,28.0113963881612,-0.347196226091074));
#10307=CARTESIAN_POINT('Ctrl Pts',(-22.5999999975164,28.0218460806593,-0.214429598105808));
#10308=CARTESIAN_POINT('Ctrl Pts',(-22.5999999996337,28.0262840126193,-0.0811793778222487));
#10309=CARTESIAN_POINT('Ctrl Pts',(-22.5999999999577,28.0246994618529,0.0520019051486956));
#10310=CARTESIAN_POINT('Ctrl Pts',(-22.6000000002826,28.0231104236835,0.185560353744286));
#10311=CARTESIAN_POINT('Ctrl Pts',(-22.5999999981506,28.0154647737159,0.319049133330568));
#10312=CARTESIAN_POINT('Ctrl Pts',(-22.5999999942546,28.0018039793342,0.451914952838873));
#10313=CARTESIAN_POINT('Ctrl Pts',(-22.5999999903524,27.98812146359,0.584992035802979));
#10314=CARTESIAN_POINT('Ctrl Pts',(-22.5999999852693,27.9684047349742,0.717443843159324));
#10315=CARTESIAN_POINT('Ctrl Pts',(-22.5999999849201,27.9427470202663,0.848723460490806));
#10316=CARTESIAN_POINT('Ctrl Pts',(-22.59999998457,27.9170232210888,0.980341203956377));
#10317=CARTESIAN_POINT('Ctrl Pts',(-22.5999999908458,27.8853278938057,1.11078038638721));
#10318=CARTESIAN_POINT('Ctrl Pts',(-22.5999999965277,27.8478054590327,1.23950386968132));
#10319=CARTESIAN_POINT('Ctrl Pts',(-22.5999999984182,27.8353211480074,1.28233222054474));
#10320=CARTESIAN_POINT('Ctrl Pts',(-22.5999999999999,27.8221921831331,1.32497077967126));
#10321=CARTESIAN_POINT('Ctrl Pts',(-22.5999999999999,27.8084250846059,1.3674002001091));
#10322=CARTESIAN_POINT('',(-22.6,22.2325997998909,4.20842508460606));
#10323=CARTESIAN_POINT('Origin',(-22.6,23.6,0.));
#10324=CARTESIAN_POINT('Origin',(-22.3,22.2325997998909,4.20842508460594));
#10325=CARTESIAN_POINT('Origin',(-22.6,23.6,0.));
#10326=CARTESIAN_POINT('Origin',(-22.6,23.6,0.));
#10327=CARTESIAN_POINT('',(-22.6,28.25,8.54191142405278E-16));
#10328=CARTESIAN_POINT('Origin',(-22.6,23.6,-5.55111512312578E-16));
#10329=CARTESIAN_POINT('Origin',(-22.6,23.6,0.));
#10330=CARTESIAN_POINT('',(-22.2,16.7,1.10960462827688E-15));
#10331=CARTESIAN_POINT('',(-22.2,30.5,1.26750943711751E-15));
#10332=CARTESIAN_POINT('Origin',(-22.2,23.6,0.));
#10333=CARTESIAN_POINT('Origin',(-22.2,23.6,0.));
#10334=CARTESIAN_POINT('',(-22.6,28.25,8.54191142405279E-16));
#10335=CARTESIAN_POINT('Origin',(22.6,23.6,0.));
#10336=CARTESIAN_POINT('',(-20.6,16.7,1.10960462827688E-15));
#10337=CARTESIAN_POINT('Origin',(-20.6,23.6,0.));
#10338=CARTESIAN_POINT('',(22.6,16.7,1.10960462827688E-15));
#10339=CARTESIAN_POINT('Origin',(-20.6,30.5,0.));
#10340=CARTESIAN_POINT('',(-20.6,28.5,1.98813396150596E-15));
#10341=CARTESIAN_POINT('Origin',(-20.6,23.6,0.));
#10342=CARTESIAN_POINT('Origin',(22.6,23.6,0.));
#10343=CARTESIAN_POINT('',(-19.45,28.5,1.98813396150596E-15));
#10344=CARTESIAN_POINT('Origin',(-19.45,23.6,0.));
#10345=CARTESIAN_POINT('',(22.6,28.5,1.98813396150596E-15));
#10346=CARTESIAN_POINT('Origin',(-19.45,28.5,0.));
#10347=CARTESIAN_POINT('',(-19.45,29.85,1.14810637420064E-15));
#10348=CARTESIAN_POINT('Origin',(-19.45,23.6,0.));
#10349=CARTESIAN_POINT('Origin',(-19.45,23.6,0.));
#10350=CARTESIAN_POINT('',(-19.317754764469,16.6,1.12568585477365E-15));
#10351=CARTESIAN_POINT('',(-19.317754764469,30.6,1.28587913910472E-15));
#10352=CARTESIAN_POINT('Origin',(-19.317754764469,23.6,0.));
#10353=CARTESIAN_POINT('Origin',(-19.317754764469,23.6,0.));
#10354=CARTESIAN_POINT('',(-19.45,29.85,1.14810637420064E-15));
#10355=CARTESIAN_POINT('Origin',(22.6,23.6,0.));
#10356=CARTESIAN_POINT('',(-18.2,16.6,1.12568585477365E-15));
#10357=CARTESIAN_POINT('Origin',(-18.2,23.6,0.));
#10358=CARTESIAN_POINT('',(22.6,16.6,1.12568585477365E-15));
#10359=CARTESIAN_POINT('Origin',(-18.2,30.6,0.));
#10360=CARTESIAN_POINT('',(-18.2,30.7,1.30424884109193E-15));
#10361=CARTESIAN_POINT('Origin',(-18.2,23.6,0.));
#10362=CARTESIAN_POINT('Origin',(-18.2,23.6,0.));
#10363=CARTESIAN_POINT('',(-16.2,16.2,1.21710626733023E-12));
#10364=CARTESIAN_POINT('',(-16.2,31.,1.35935794705356E-15));
#10365=CARTESIAN_POINT('Origin',(-16.2,23.6,0.));
#10366=CARTESIAN_POINT('Origin',(-16.2,23.6,0.));
#10367=CARTESIAN_POINT('',(-18.2,30.7,1.30424884109193E-15));
#10368=CARTESIAN_POINT('Origin',(22.6,23.6,0.));
#10369=CARTESIAN_POINT('',(-7.4,16.6309513236909,-2.48844540772635));
#10370=CARTESIAN_POINT('',(-7.4,16.6309513236909,2.48844540772635));
#10371=CARTESIAN_POINT('Origin',(-7.4,23.6,0.));
#10372=CARTESIAN_POINT('',(-9.65,17.45,-4.11551940828859));
#10373=CARTESIAN_POINT('Ctrl Pts',(-9.65,17.45,-4.11551940828859));
#10374=CARTESIAN_POINT('Ctrl Pts',(-9.32203185608155,17.45,-4.11551940828859));
#10375=CARTESIAN_POINT('Ctrl Pts',(-8.98206205288174,17.3999882590463,-4.04314675794866));
#10376=CARTESIAN_POINT('Ctrl Pts',(-8.37876887939726,17.2260524282497,-3.76297565998873));
#10377=CARTESIAN_POINT('Ctrl Pts',(-8.11533368834274,17.104245357884,-3.55410873721891));
#10378=CARTESIAN_POINT('Ctrl Pts',(-7.71079483554762,16.8729429343568,-3.09399258869224));
#10379=CARTESIAN_POINT('Ctrl Pts',(-7.52657100353751,16.7371765861352,-2.78593597044049));
#10380=CARTESIAN_POINT('Ctrl Pts',(-7.39999999999999,16.6309513236909,-2.48844540772635));
#10381=CARTESIAN_POINT('',(-12.3309513236909,16.2,6.08553133665116E-13));
#10382=CARTESIAN_POINT('Ctrl Pts',(-12.3309513236909,16.2,-3.46944695195361E-16));
#10383=CARTESIAN_POINT('Ctrl Pts',(-12.3309513236909,16.2,-0.385588141705621));
#10384=CARTESIAN_POINT('Ctrl Pts',(-12.3050110538049,16.2323950365422,-0.806127714617462));
#10385=CARTESIAN_POINT('Ctrl Pts',(-12.1818308215299,16.3683146290734,-1.6230124073921));
#10386=CARTESIAN_POINT('Ctrl Pts',(-12.0835867098769,16.4716210457261,-2.01924207737808));
#10387=CARTESIAN_POINT('Ctrl Pts',(-11.8227553459642,16.6992084077552,-2.69483281898828));
#10388=CARTESIAN_POINT('Ctrl Pts',(-11.6180033908609,16.8564770262851,-3.06123793749387));
#10389=CARTESIAN_POINT('Ctrl Pts',(-11.1846663116573,17.104245357884,-3.55410873721891));
#10390=CARTESIAN_POINT('Ctrl Pts',(-10.9212311206027,17.2260524282497,-3.76297565998873));
#10391=CARTESIAN_POINT('Ctrl Pts',(-10.3179379471183,17.3999882590463,-4.04314675794866));
#10392=CARTESIAN_POINT('Ctrl Pts',(-9.97796814391845,17.45,-4.11551940828859));
#10393=CARTESIAN_POINT('Ctrl Pts',(-9.65,17.45,-4.11551940828859));
#10394=CARTESIAN_POINT('',(22.6,16.2,1.21710626733023E-12));
#10395=CARTESIAN_POINT('',(-9.65,17.45,4.11551940828859));
#10396=CARTESIAN_POINT('Ctrl Pts',(-9.65,17.45,4.11551940828859));
#10397=CARTESIAN_POINT('Ctrl Pts',(-9.97796814391845,17.45,4.11551940828859));
#10398=CARTESIAN_POINT('Ctrl Pts',(-10.3179379471183,17.3999882590463,4.04314675794866));
#10399=CARTESIAN_POINT('Ctrl Pts',(-10.9212311206027,17.2260524282497,3.76297565998873));
#10400=CARTESIAN_POINT('Ctrl Pts',(-11.1846663116573,17.104245357884,3.55410873721892));
#10401=CARTESIAN_POINT('Ctrl Pts',(-11.6180033908609,16.8564770262851,3.06123793749388));
#10402=CARTESIAN_POINT('Ctrl Pts',(-11.8227553459642,16.6992084077552,2.69483281898828));
#10403=CARTESIAN_POINT('Ctrl Pts',(-12.0835867098769,16.4716210457261,2.01924207737808));
#10404=CARTESIAN_POINT('Ctrl Pts',(-12.1818308215299,16.3683146290734,1.6230124073921));
#10405=CARTESIAN_POINT('Ctrl Pts',(-12.3050110538049,16.2323950365422,0.806127714617464));
#10406=CARTESIAN_POINT('Ctrl Pts',(-12.3309513236909,16.2,0.385588141705622));
#10407=CARTESIAN_POINT('Ctrl Pts',(-12.3309513236909,16.2,-6.93889390390723E-17));
#10408=CARTESIAN_POINT('Ctrl Pts',(-7.39999999999999,16.6309513236909,2.48844540772635));
#10409=CARTESIAN_POINT('Ctrl Pts',(-7.52657100353751,16.7371765861352,2.78593597044049));
#10410=CARTESIAN_POINT('Ctrl Pts',(-7.71079483554762,16.8729429343568,3.09399258869224));
#10411=CARTESIAN_POINT('Ctrl Pts',(-8.11533368834275,17.104245357884,3.55410873721892));
#10412=CARTESIAN_POINT('Ctrl Pts',(-8.37876887939726,17.2260524282497,3.76297565998873));
#10413=CARTESIAN_POINT('Ctrl Pts',(-8.98206205288174,17.3999882590463,4.04314675794866));
#10414=CARTESIAN_POINT('Ctrl Pts',(-9.32203185608155,17.45,4.11551940828859));
#10415=CARTESIAN_POINT('Ctrl Pts',(-9.65,17.45,4.11551940828859));
#10416=CARTESIAN_POINT('Origin',(-7.4,23.6,0.));
#10417=CARTESIAN_POINT('',(-7.17512626584708,16.4248737341529,-2.82794339052262E-15));
#10418=CARTESIAN_POINT('Ctrl Pts',(-7.17512626584708,16.4248737341529,1.38777878078145E-16));
#10419=CARTESIAN_POINT('Ctrl Pts',(-7.17512626584708,16.4248737341529,0.559256174887226));
#10420=CARTESIAN_POINT('Ctrl Pts',(-7.20942638319249,16.4609094837558,1.17079843730503));
#10421=CARTESIAN_POINT('Ctrl Pts',(-7.3181084641375,16.560374864747,2.01404614081314));
#10422=CARTESIAN_POINT('Ctrl Pts',(-7.35592579194432,16.5939618538527,2.25378864024732));
#10423=CARTESIAN_POINT('Ctrl Pts',(-7.4,16.6309513236909,2.48844540772635));
#10424=CARTESIAN_POINT('',(-7.4,16.2,-6.11940099009641E-15));
#10425=CARTESIAN_POINT('Ctrl Pts',(-7.4,16.6309513236909,-2.48844540772635));
#10426=CARTESIAN_POINT('Ctrl Pts',(-7.35592579194432,16.5939618538527,-2.25378864024732));
#10427=CARTESIAN_POINT('Ctrl Pts',(-7.3181084641375,16.560374864747,-2.01404614081315));
#10428=CARTESIAN_POINT('Ctrl Pts',(-7.20942638319249,16.4609094837558,-1.17079843730503));
#10429=CARTESIAN_POINT('Ctrl Pts',(-7.17512626584708,16.4248737341529,-0.559256174887226));
#10430=CARTESIAN_POINT('Ctrl Pts',(-7.17512626584708,16.4248737341529,0.));
#10431=CARTESIAN_POINT('Origin',(-9.65,13.95,7.4));
#10432=CARTESIAN_POINT('',(-9.65,17.45,-7.4));
#10433=CARTESIAN_POINT('Origin',(-9.65,13.95,-7.4));
#10434=CARTESIAN_POINT('',(-9.65,17.45,7.4));
#10435=CARTESIAN_POINT('',(-9.65,17.45,7.4));
#10436=CARTESIAN_POINT('',(-9.65,17.45,7.4));
#10437=CARTESIAN_POINT('Origin',(-9.65,13.95,7.4));
#10438=CARTESIAN_POINT('',(-6.3808257923445,15.2,-3.7476742398121));
#10439=CARTESIAN_POINT('',(-7.4,11.2690486763091,9.0742835116233E-11));
#10440=CARTESIAN_POINT('Ctrl Pts',(-6.3808257923445,15.2,-3.74767423981211));
#10441=CARTESIAN_POINT('Ctrl Pts',(-6.3198155854976,15.0404376042979,-3.85155079805438));
#10442=CARTESIAN_POINT('Ctrl Pts',(-6.26351920853425,14.8563702628768,-3.94131116361097));
#10443=CARTESIAN_POINT('Ctrl Pts',(-6.17495433800054,14.4295702086911,-4.07894877518513));
#10444=CARTESIAN_POINT('Ctrl Pts',(-6.15,14.1817621425259,-4.11551940828858));
#10445=CARTESIAN_POINT('Ctrl Pts',(-6.15,13.7182378574741,-4.11551940828858));
#10446=CARTESIAN_POINT('Ctrl Pts',(-6.17495433800054,13.4704297913089,-4.07894877518513));
#10447=CARTESIAN_POINT('Ctrl Pts',(-6.27105589531844,13.007309937766,-3.92959848834924));
#10448=CARTESIAN_POINT('Ctrl Pts',(-6.3415146695861,12.7918994028519,-3.81668289145847));
#10449=CARTESIAN_POINT('Ctrl Pts',(-6.52516430026587,12.3474179061248,-3.49726597035695));
#10450=CARTESIAN_POINT('Ctrl Pts',(-6.65048507402414,12.1340931214585,-3.25876498561284));
#10451=CARTESIAN_POINT('Ctrl Pts',(-6.89061497376745,11.7865763644406,-2.71439242866135));
#10452=CARTESIAN_POINT('Ctrl Pts',(-7.00548456819445,11.6530299165508,-2.40813570090527));
#10453=CARTESIAN_POINT('Ctrl Pts',(-7.29279890980909,11.3477511120478,-1.42788322749356));
#10454=CARTESIAN_POINT('Ctrl Pts',(-7.4,11.2690486763091,-0.691149967311245));
#10455=CARTESIAN_POINT('Ctrl Pts',(-7.4,11.2690486763091,7.63278329429795E-16));
#10456=CARTESIAN_POINT('',(-6.38082579234476,15.2000000000008,3.74767423981245));
#10457=CARTESIAN_POINT('Ctrl Pts',(-7.4,11.2690486763091,6.93889390390723E-17));
#10458=CARTESIAN_POINT('Ctrl Pts',(-7.4,11.2690486763091,0.691149967311246));
#10459=CARTESIAN_POINT('Ctrl Pts',(-7.2927989098091,11.3477511120478,1.42788322749356));
#10460=CARTESIAN_POINT('Ctrl Pts',(-7.00548456819445,11.6530299165508,2.40813570090527));
#10461=CARTESIAN_POINT('Ctrl Pts',(-6.89061497376745,11.7865763644406,2.71439242866136));
#10462=CARTESIAN_POINT('Ctrl Pts',(-6.65048507402414,12.1340931214585,3.25876498561284));
#10463=CARTESIAN_POINT('Ctrl Pts',(-6.52516430026587,12.3474179061248,3.49726597035695));
#10464=CARTESIAN_POINT('Ctrl Pts',(-6.3415146695861,12.7918994028519,3.81668289145847));
#10465=CARTESIAN_POINT('Ctrl Pts',(-6.27105589531844,13.007309937766,3.92959848834924));
#10466=CARTESIAN_POINT('Ctrl Pts',(-6.17495433800054,13.4704297913089,4.07894877518513));
#10467=CARTESIAN_POINT('Ctrl Pts',(-6.15,13.7182378574741,4.11551940828858));
#10468=CARTESIAN_POINT('Ctrl Pts',(-6.15,14.1817621425259,4.11551940828858));
#10469=CARTESIAN_POINT('Ctrl Pts',(-6.17495433800054,14.4295702086911,4.07894877518513));
#10470=CARTESIAN_POINT('Ctrl Pts',(-6.26351920853428,14.856370262877,3.94131116361092));
#10471=CARTESIAN_POINT('Ctrl Pts',(-6.3198155854977,15.0404376042982,3.85155079805423));
#10472=CARTESIAN_POINT('Ctrl Pts',(-6.38082579234465,15.2000000000004,3.74767423981185));
#10473=CARTESIAN_POINT('Ctrl Pts',(-6.38082579234449,15.2,3.74767423981212));
#10474=CARTESIAN_POINT('Ctrl Pts',(-6.44514666607383,15.3682209131278,3.30599896568069));
#10475=CARTESIAN_POINT('Ctrl Pts',(-6.51263466089068,15.5060486033434,2.84935946548227));
#10476=CARTESIAN_POINT('Ctrl Pts',(-6.66462270759595,15.7878457999913,1.60421952474269));
#10477=CARTESIAN_POINT('Ctrl Pts',(-6.72616007129183,15.8738399287082,0.798514710840958));
#10478=CARTESIAN_POINT('Ctrl Pts',(-6.72616007129183,15.8738399287082,0.));
#10479=CARTESIAN_POINT('Ctrl Pts',(-6.72616007129183,15.8738399287082,-0.798514710840959));
#10480=CARTESIAN_POINT('Ctrl Pts',(-6.66462270759595,15.7878457999913,-1.60421952474269));
#10481=CARTESIAN_POINT('Ctrl Pts',(-6.51263466089068,15.5060486033434,-2.84935946548226));
#10482=CARTESIAN_POINT('Ctrl Pts',(-6.44514666607383,15.3682209131278,-3.30599896568068));
#10483=CARTESIAN_POINT('Ctrl Pts',(-6.3808257923445,15.2,-3.7476742398121));
#10484=CARTESIAN_POINT('Origin',(-9.65,13.95,7.4));
#10485=CARTESIAN_POINT('',(-9.65,11.7,7.4));
#10486=CARTESIAN_POINT('Origin',(-9.65,13.95,7.4));
#10487=CARTESIAN_POINT('Origin',(0.,0.,0.));
#10488=CARTESIAN_POINT('',(-7.4,6.4,1.81484906954137E-10));
#10489=CARTESIAN_POINT('Origin',(0.,6.4,0.));
#10490=CARTESIAN_POINT('',(-7.4,0.,1.81484906954137E-10));
#10491=CARTESIAN_POINT('',(6.3808257923445,15.2,-3.7476742398121));
#10492=CARTESIAN_POINT('Origin',(0.,15.2,0.));
#10493=CARTESIAN_POINT('',(6.3808257923445,15.2,3.7476742398121));
#10494=CARTESIAN_POINT('Ctrl Pts',(6.38082579234451,15.2,-3.74767423981209));
#10495=CARTESIAN_POINT('Ctrl Pts',(6.34680906668481,15.1110347182756,-3.80559144034));
#10496=CARTESIAN_POINT('Ctrl Pts',(6.31511507264854,15.0171716986619,-3.85774144685155));
#10497=CARTESIAN_POINT('Ctrl Pts',(6.20001174095373,14.6179379471183,-4.04314675794866));
#10498=CARTESIAN_POINT('Ctrl Pts',(6.15,14.2779681439185,-4.11551940828858));
#10499=CARTESIAN_POINT('Ctrl Pts',(6.15,13.95,-4.11551940828858));
#10500=CARTESIAN_POINT('Ctrl Pts',(6.15,13.6220318560816,-4.11551940828858));
#10501=CARTESIAN_POINT('Ctrl Pts',(6.20001174095373,13.2820620528817,-4.04314675794866));
#10502=CARTESIAN_POINT('Ctrl Pts',(6.37394757175034,12.6787688793973,-3.76297565998873));
#10503=CARTESIAN_POINT('Ctrl Pts',(6.49575464211596,12.4153336883428,-3.55410873721891));
#10504=CARTESIAN_POINT('Ctrl Pts',(6.7435229737149,11.9819966091391,-3.06123793749387));
#10505=CARTESIAN_POINT('Ctrl Pts',(6.90079159224483,11.7772446540358,-2.69483281898828));
#10506=CARTESIAN_POINT('Ctrl Pts',(7.12837895427391,11.5164132901231,-2.01924207737808));
#10507=CARTESIAN_POINT('Ctrl Pts',(7.23168537092663,11.4181691784702,-1.6230124073921));
#10508=CARTESIAN_POINT('Ctrl Pts',(7.3676049634578,11.2949889461951,-0.806127714617463));
#10509=CARTESIAN_POINT('Ctrl Pts',(7.4,11.2690486763091,-0.385588141705621));
#10510=CARTESIAN_POINT('Ctrl Pts',(7.4,11.2690486763091,0.385588141705621));
#10511=CARTESIAN_POINT('Ctrl Pts',(7.3676049634578,11.2949889461951,0.806127714617463));
#10512=CARTESIAN_POINT('Ctrl Pts',(7.23168537092663,11.4181691784702,1.6230124073921));
#10513=CARTESIAN_POINT('Ctrl Pts',(7.12837895427391,11.5164132901231,2.01924207737808));
#10514=CARTESIAN_POINT('Ctrl Pts',(6.90079159224483,11.7772446540358,2.69483281898828));
#10515=CARTESIAN_POINT('Ctrl Pts',(6.7435229737149,11.9819966091391,3.06123793749387));
#10516=CARTESIAN_POINT('Ctrl Pts',(6.49575464211596,12.4153336883428,3.55410873721891));
#10517=CARTESIAN_POINT('Ctrl Pts',(6.37394757175034,12.6787688793973,3.76297565998873));
#10518=CARTESIAN_POINT('Ctrl Pts',(6.20001174095373,13.2820620528817,4.04314675794866));
#10519=CARTESIAN_POINT('Ctrl Pts',(6.15,13.6220318560816,4.11551940828858));
#10520=CARTESIAN_POINT('Ctrl Pts',(6.15,14.2779681439185,4.11551940828858));
#10521=CARTESIAN_POINT('Ctrl Pts',(6.20001174095373,14.6179379471183,4.04314675794866));
#10522=CARTESIAN_POINT('Ctrl Pts',(6.31511507264853,15.0171716986619,3.85774144685155));
#10523=CARTESIAN_POINT('Ctrl Pts',(6.34680906668481,15.1110347182756,3.80559144034));
#10524=CARTESIAN_POINT('Ctrl Pts',(6.38082579234451,15.2,3.74767423981209));
#10525=CARTESIAN_POINT('Origin',(0.,15.2,0.));
#10526=CARTESIAN_POINT('Origin',(0.,6.4,0.));
#10527=CARTESIAN_POINT('',(-7.1,4.4,4.3474961369731E-16));
#10528=CARTESIAN_POINT('',(-7.4,6.4,4.53119315684521E-16));
#10529=CARTESIAN_POINT('Origin',(0.,4.4,0.));
#10530=CARTESIAN_POINT('Origin',(7.1,4.4,0.));
#10531=CARTESIAN_POINT('',(7.,4.4,1.0611752545956E-14));
#10532=CARTESIAN_POINT('Origin',(0.,4.4,0.));
#10533=CARTESIAN_POINT('Origin',(0.,0.,0.));
#10534=CARTESIAN_POINT('',(-7.,3.2822452355313,4.28626379701574E-16));
#10535=CARTESIAN_POINT('',(7.,3.2822452355313,1.0611752545956E-14));
#10536=CARTESIAN_POINT('Origin',(0.,3.2822452355313,0.));
#10537=CARTESIAN_POINT('Origin',(0.,3.2822452355313,0.));
#10538=CARTESIAN_POINT('',(7.,0.,1.0611752545956E-14));
#10539=CARTESIAN_POINT('Origin',(0.,3.2822452355313,0.));
#10540=CARTESIAN_POINT('',(-6.25,3.15,3.82702124733548E-16));
#10541=CARTESIAN_POINT('',(-7.,3.2822452355313,4.28626379701574E-16));
#10542=CARTESIAN_POINT('Origin',(0.,3.15,0.));
#10543=CARTESIAN_POINT('Origin',(6.25,3.15,0.));
#10544=CARTESIAN_POINT('',(4.9,3.15,1.98813396150596E-15));
#10545=CARTESIAN_POINT('Origin',(0.,3.15,0.));
#10546=CARTESIAN_POINT('Origin',(0.,0.,0.));
#10547=CARTESIAN_POINT('',(4.9,2.,1.98813396150596E-15));
#10548=CARTESIAN_POINT('Origin',(0.,2.,0.));
#10549=CARTESIAN_POINT('',(4.9,0.,1.98813396150596E-15));
#10550=CARTESIAN_POINT('Origin',(4.9,2.,0.));
#10551=CARTESIAN_POINT('',(6.9,2.,1.26750943711751E-15));
#10552=CARTESIAN_POINT('Origin',(0.,2.,0.));
#10553=CARTESIAN_POINT('Origin',(0.,0.,0.));
#10554=CARTESIAN_POINT('',(-6.9,0.4,4.22503145705837E-16));
#10555=CARTESIAN_POINT('',(6.9,0.4,1.26750943711751E-15));
#10556=CARTESIAN_POINT('Origin',(0.,0.4,0.));
#10557=CARTESIAN_POINT('Origin',(0.,0.4,0.));
#10558=CARTESIAN_POINT('',(6.9,0.,1.26750943711751E-15));
#10559=CARTESIAN_POINT('Origin',(0.,0.4,0.));
#10560=CARTESIAN_POINT('',(-4.65,4.16333634234434E-16,2.8473038080176E-16));
#10561=CARTESIAN_POINT('',(-6.9,0.4,4.22503145705837E-16));
#10562=CARTESIAN_POINT('Origin',(0.,0.,0.));
#10563=CARTESIAN_POINT('Origin',(4.65,0.,0.));
#10564=CARTESIAN_POINT('',(1.36740020010912,0.,-4.208425084606));
#10565=CARTESIAN_POINT('Origin',(0.,0.,2.77555756156289E-16));
#10566=CARTESIAN_POINT('Origin',(0.,0.299999999999939,0.));
#10567=CARTESIAN_POINT('',(-4.125,0.3,6.63350592991613E-16));
#10568=CARTESIAN_POINT('',(1.27469510179666,0.3,-3.92310812971751));
#10569=CARTESIAN_POINT('Origin',(0.,0.3,0.));
#10570=CARTESIAN_POINT('Origin',(0.,0.3,0.));
#10571=CARTESIAN_POINT('Origin',(1.36740020010912,0.299999999999939,-4.208425084606));
#10572=CARTESIAN_POINT('Origin',(0.,0.,0.));
#10573=CARTESIAN_POINT('',(-4.125,0.,6.63350592991613E-16));
#10574=CARTESIAN_POINT('Origin',(0.,16.8,0.));
#10575=CARTESIAN_POINT('',(6.72616007129184,15.8738399287082,6.17787780139521E-16));
#10576=CARTESIAN_POINT('Ctrl Pts',(6.72616007129184,15.8738399287082,0.));
#10577=CARTESIAN_POINT('Ctrl Pts',(6.72616007129184,15.8738399287082,0.487943658971027));
#10578=CARTESIAN_POINT('Ctrl Pts',(6.7028238817048,15.8399298275367,1.02184176610683));
#10579=CARTESIAN_POINT('Ctrl Pts',(6.6119206594133,15.6900449784288,2.07447323891442));
#10580=CARTESIAN_POINT('Ctrl Pts',(6.54558842785409,15.5736138057499,2.59324783702235));
#10581=CARTESIAN_POINT('Ctrl Pts',(6.44942297478227,15.3683424163659,3.27835124503445));
#10582=CARTESIAN_POINT('Ctrl Pts',(6.41508385853286,15.2895964691097,3.51243270937781));
#10583=CARTESIAN_POINT('Ctrl Pts',(6.38082579234449,15.2,3.7476742398121));
#10584=CARTESIAN_POINT('',(5.8,16.8,1.0654427152582E-15));
#10585=CARTESIAN_POINT('',(5.8,16.8,1.0654427152582E-15));
#10586=CARTESIAN_POINT('Origin',(0.,16.8,0.));
#10587=CARTESIAN_POINT('Ctrl Pts',(6.38082579234449,15.2,-3.7476742398121));
#10588=CARTESIAN_POINT('Ctrl Pts',(6.41508385853286,15.2895964691097,-3.51243270937781));
#10589=CARTESIAN_POINT('Ctrl Pts',(6.44942297478227,15.3683424163659,-3.27835124503445));
#10590=CARTESIAN_POINT('Ctrl Pts',(6.54558842785409,15.5736138057499,-2.59324783702235));
#10591=CARTESIAN_POINT('Ctrl Pts',(6.6119206594133,15.6900449784288,-2.07447323891443));
#10592=CARTESIAN_POINT('Ctrl Pts',(6.7028238817048,15.8399298275367,-1.02184176610683));
#10593=CARTESIAN_POINT('Ctrl Pts',(6.72616007129183,15.8738399287082,-0.487943658971028));
#10594=CARTESIAN_POINT('Ctrl Pts',(6.72616007129183,15.8738399287082,5.55111512312578E-16));
#10595=CARTESIAN_POINT('Origin',(0.,0.,0.));
#10596=CARTESIAN_POINT('',(5.8,0.,1.0654427152582E-15));
#10597=CARTESIAN_POINT('Origin',(0.,23.6,0.));
#10598=CARTESIAN_POINT('Origin',(22.6,23.6,0.));
#10599=CARTESIAN_POINT('Origin',(5.8,23.6,0.));
#10600=CARTESIAN_POINT('Origin',(5.8,23.6,0.));
#10601=CARTESIAN_POINT('',(7.4,16.6309513236909,-2.48844540772635));
#10602=CARTESIAN_POINT('',(7.4,16.6309513236909,2.48844540772635));
#10603=CARTESIAN_POINT('Origin',(7.4,23.6,0.));
#10604=CARTESIAN_POINT('',(7.17512626584708,16.4248737341529,-2.89063824412765E-16));
#10605=CARTESIAN_POINT('Ctrl Pts',(7.17512626584708,16.4248737341529,1.38777878078145E-16));
#10606=CARTESIAN_POINT('Ctrl Pts',(7.17512626584708,16.4248737341529,-0.559256174887226));
#10607=CARTESIAN_POINT('Ctrl Pts',(7.20942638319249,16.4609094837558,-1.17079843730503));
#10608=CARTESIAN_POINT('Ctrl Pts',(7.3181084641375,16.560374864747,-2.01404614081314));
#10609=CARTESIAN_POINT('Ctrl Pts',(7.35592579194432,16.5939618538527,-2.25378864024732));
#10610=CARTESIAN_POINT('Ctrl Pts',(7.4,16.6309513236909,-2.48844540772635));
#10611=CARTESIAN_POINT('',(5.8,17.8,-3.55147571752732E-16));
#10612=CARTESIAN_POINT('Ctrl Pts',(7.4,16.6309513236909,2.48844540772635));
#10613=CARTESIAN_POINT('Ctrl Pts',(7.35592579194432,16.5939618538527,2.25378864024732));
#10614=CARTESIAN_POINT('Ctrl Pts',(7.3181084641375,16.560374864747,2.01404614081314));
#10615=CARTESIAN_POINT('Ctrl Pts',(7.20942638319249,16.4609094837558,1.17079843730503));
#10616=CARTESIAN_POINT('Ctrl Pts',(7.17512626584708,16.4248737341529,0.559256174887226));
#10617=CARTESIAN_POINT('Ctrl Pts',(7.17512626584708,16.4248737341529,1.38777878078145E-16));
#10618=CARTESIAN_POINT('Origin',(22.6,23.6,0.));
#10619=CARTESIAN_POINT('',(16.2,16.2,1.81496408864672E-10));
#10620=CARTESIAN_POINT('Origin',(16.2,23.6,0.));
#10621=CARTESIAN_POINT('',(12.3309513236909,16.2,9.07483085157444E-11));
#10622=CARTESIAN_POINT('',(22.6,16.2,1.81496408864672E-10));
#10623=CARTESIAN_POINT('',(9.65,17.45,-4.11551940828859));
#10624=CARTESIAN_POINT('Ctrl Pts',(9.65,17.45,-4.11551940828859));
#10625=CARTESIAN_POINT('Ctrl Pts',(9.97796814391845,17.45,-4.11551940828859));
#10626=CARTESIAN_POINT('Ctrl Pts',(10.3179379471183,17.3999882590463,-4.04314675794866));
#10627=CARTESIAN_POINT('Ctrl Pts',(10.9212311206027,17.2260524282497,-3.76297565998873));
#10628=CARTESIAN_POINT('Ctrl Pts',(11.1846663116573,17.104245357884,-3.55410873721892));
#10629=CARTESIAN_POINT('Ctrl Pts',(11.6180033908609,16.8564770262851,-3.06123793749388));
#10630=CARTESIAN_POINT('Ctrl Pts',(11.8227553459642,16.6992084077552,-2.69483281898828));
#10631=CARTESIAN_POINT('Ctrl Pts',(12.0835867098769,16.4716210457261,-2.01924207737808));
#10632=CARTESIAN_POINT('Ctrl Pts',(12.1818308215299,16.3683146290734,-1.6230124073921));
#10633=CARTESIAN_POINT('Ctrl Pts',(12.3050110538049,16.2323950365422,-0.806127714617465));
#10634=CARTESIAN_POINT('Ctrl Pts',(12.3309513236909,16.2,-0.385588141705622));
#10635=CARTESIAN_POINT('Ctrl Pts',(12.3309513236909,16.2,1.38777878078145E-16));
#10636=CARTESIAN_POINT('Ctrl Pts',(7.39999999999999,16.6309513236909,-2.48844540772635));
#10637=CARTESIAN_POINT('Ctrl Pts',(7.52657100353751,16.7371765861352,-2.78593597044049));
#10638=CARTESIAN_POINT('Ctrl Pts',(7.71079483554761,16.8729429343568,-3.09399258869224));
#10639=CARTESIAN_POINT('Ctrl Pts',(8.11533368834274,17.104245357884,-3.55410873721892));
#10640=CARTESIAN_POINT('Ctrl Pts',(8.37876887939726,17.2260524282497,-3.76297565998874));
#10641=CARTESIAN_POINT('Ctrl Pts',(8.98206205288174,17.3999882590463,-4.04314675794866));
#10642=CARTESIAN_POINT('Ctrl Pts',(9.32203185608155,17.45,-4.11551940828859));
#10643=CARTESIAN_POINT('Ctrl Pts',(9.65,17.45,-4.11551940828859));
#10644=CARTESIAN_POINT('',(9.65,17.45,4.11551940828859));
#10645=CARTESIAN_POINT('Ctrl Pts',(9.65,17.45,4.11551940828859));
#10646=CARTESIAN_POINT('Ctrl Pts',(9.32203185608155,17.45,4.11551940828859));
#10647=CARTESIAN_POINT('Ctrl Pts',(8.98206205288174,17.3999882590463,4.04314675794866));
#10648=CARTESIAN_POINT('Ctrl Pts',(8.37876887939727,17.2260524282497,3.76297565998874));
#10649=CARTESIAN_POINT('Ctrl Pts',(8.11533368834275,17.104245357884,3.55410873721892));
#10650=CARTESIAN_POINT('Ctrl Pts',(7.71079483554762,16.8729429343569,3.09399258869225));
#10651=CARTESIAN_POINT('Ctrl Pts',(7.52657100353751,16.7371765861352,2.78593597044049));
#10652=CARTESIAN_POINT('Ctrl Pts',(7.39999999999999,16.6309513236909,2.48844540772635));
#10653=CARTESIAN_POINT('Ctrl Pts',(12.3309513236909,16.2,2.08166817117217E-16));
#10654=CARTESIAN_POINT('Ctrl Pts',(12.3309513236909,16.2,0.385588141705622));
#10655=CARTESIAN_POINT('Ctrl Pts',(12.3050110538049,16.2323950365422,0.806127714617465));
#10656=CARTESIAN_POINT('Ctrl Pts',(12.1818308215298,16.3683146290734,1.62301240739211));
#10657=CARTESIAN_POINT('Ctrl Pts',(12.0835867098769,16.4716210457261,2.01924207737809));
#10658=CARTESIAN_POINT('Ctrl Pts',(11.8227553459642,16.6992084077552,2.69483281898829));
#10659=CARTESIAN_POINT('Ctrl Pts',(11.6180033908609,16.8564770262851,3.06123793749388));
#10660=CARTESIAN_POINT('Ctrl Pts',(11.1846663116572,17.104245357884,3.55410873721892));
#10661=CARTESIAN_POINT('Ctrl Pts',(10.9212311206027,17.2260524282497,3.76297565998873));
#10662=CARTESIAN_POINT('Ctrl Pts',(10.3179379471183,17.3999882590463,4.04314675794866));
#10663=CARTESIAN_POINT('Ctrl Pts',(9.97796814391845,17.45,4.11551940828859));
#10664=CARTESIAN_POINT('Ctrl Pts',(9.65,17.45,4.11551940828859));
#10665=CARTESIAN_POINT('Origin',(16.2,23.6,0.));
#10666=CARTESIAN_POINT('',(18.2,16.5,4.34749613697311E-16));
#10667=CARTESIAN_POINT('',(16.2,16.2,4.53119315684521E-16));
#10668=CARTESIAN_POINT('Origin',(18.2,23.6,0.));
#10669=CARTESIAN_POINT('Origin',(18.2,30.7,0.));
#10670=CARTESIAN_POINT('',(18.2,30.6,1.0611752545956E-14));
#10671=CARTESIAN_POINT('Origin',(18.2,23.6,0.));
#10672=CARTESIAN_POINT('Origin',(22.6,23.6,0.));
#10673=CARTESIAN_POINT('',(19.317754764469,16.6,4.28626379701574E-16));
#10674=CARTESIAN_POINT('',(19.317754764469,30.6,1.0611752545956E-14));
#10675=CARTESIAN_POINT('Origin',(19.317754764469,23.6,0.));
#10676=CARTESIAN_POINT('Origin',(19.317754764469,23.6,0.));
#10677=CARTESIAN_POINT('',(22.6,30.6,1.0611752545956E-14));
#10678=CARTESIAN_POINT('Origin',(19.317754764469,23.6,0.));
#10679=CARTESIAN_POINT('',(19.45,17.35,3.82702124733548E-16));
#10680=CARTESIAN_POINT('',(19.317754764469,16.6,4.28626379701574E-16));
#10681=CARTESIAN_POINT('Origin',(19.45,23.6,0.));
#10682=CARTESIAN_POINT('Origin',(19.45,29.85,0.));
#10683=CARTESIAN_POINT('',(19.45,28.5,1.98813396150596E-15));
#10684=CARTESIAN_POINT('Origin',(19.45,23.6,0.));
#10685=CARTESIAN_POINT('Origin',(22.6,23.6,0.));
#10686=CARTESIAN_POINT('',(20.6,28.5,1.98813396150596E-15));
#10687=CARTESIAN_POINT('Origin',(20.6,23.6,0.));
#10688=CARTESIAN_POINT('',(22.6,28.5,1.98813396150596E-15));
#10689=CARTESIAN_POINT('Origin',(20.6,28.5,0.));
#10690=CARTESIAN_POINT('',(20.6,30.5,1.26750943711751E-15));
#10691=CARTESIAN_POINT('Origin',(20.6,23.6,0.));
#10692=CARTESIAN_POINT('Origin',(22.6,23.6,0.));
#10693=CARTESIAN_POINT('',(22.2,16.7,4.22503145705837E-16));
#10694=CARTESIAN_POINT('',(22.2,30.5,1.26750943711751E-15));
#10695=CARTESIAN_POINT('Origin',(22.2,23.6,0.));
#10696=CARTESIAN_POINT('Origin',(22.2,23.6,0.));
#10697=CARTESIAN_POINT('',(22.6,30.5,1.26750943711751E-15));
#10698=CARTESIAN_POINT('Origin',(22.2,23.6,0.));
#10699=CARTESIAN_POINT('',(22.6,18.95,2.8473038080176E-16));
#10700=CARTESIAN_POINT('',(22.2,16.7,4.22503145705837E-16));
#10701=CARTESIAN_POINT('Origin',(22.6,23.6,0.));
#10702=CARTESIAN_POINT('Origin',(22.6,28.25,0.));
#10703=CARTESIAN_POINT('',(22.5999999999999,24.9674002001091,-4.20842508460594));
#10704=CARTESIAN_POINT('Origin',(22.5999999999999,23.6,-8.32667268468867E-16));
#10705=CARTESIAN_POINT('Origin',(22.3,23.6,0.));
#10706=CARTESIAN_POINT('',(22.3,19.475,6.63350592991613E-16));
#10707=CARTESIAN_POINT('',(22.3,24.8746951017967,-3.92310812971751));
#10708=CARTESIAN_POINT('Origin',(22.3,23.6,0.));
#10709=CARTESIAN_POINT('Origin',(22.3,23.6,0.));
#10710=CARTESIAN_POINT('Origin',(22.3,24.9674002001091,-4.20842508460594));
#10711=CARTESIAN_POINT('Origin',(22.6,23.6,0.));
#10712=CARTESIAN_POINT('',(4.3,19.475,6.63350592991613E-16));
#10713=CARTESIAN_POINT('Origin',(4.3,23.6,0.));
#10714=CARTESIAN_POINT('',(22.6,19.475,6.63350592991613E-16));
#10715=CARTESIAN_POINT('Origin',(4.3,27.,0.));
#10716=CARTESIAN_POINT('Origin',(9.65,13.95,7.4));
#10717=CARTESIAN_POINT('',(9.65,17.45,-7.4));
#10718=CARTESIAN_POINT('Origin',(9.65,13.95,-7.4));
#10719=CARTESIAN_POINT('',(9.65,17.45,7.4));
#10720=CARTESIAN_POINT('',(9.65,17.45,7.4));
#10721=CARTESIAN_POINT('',(9.65,17.45,7.4));
#10722=CARTESIAN_POINT('Origin',(9.65,13.95,7.4));
#10723=CARTESIAN_POINT('Origin',(9.65,13.95,7.4));
#10724=CARTESIAN_POINT('',(9.65,11.7,7.4));
#10725=CARTESIAN_POINT('Origin',(9.65,13.95,7.4));
#10726=CARTESIAN_POINT('Origin',(9.65,13.95,-7.4));
#10727=CARTESIAN_POINT('',(9.65,11.7,-7.4));
#10728=CARTESIAN_POINT('Origin',(9.65,13.95,-7.4));
#10729=CARTESIAN_POINT('Origin',(9.65,13.95,7.4));
#10730=CARTESIAN_POINT('',(9.65,11.7,7.4));
#10731=CARTESIAN_POINT('Origin',(-9.65,13.95,-7.4));
#10732=CARTESIAN_POINT('',(-9.65,11.7,-7.4));
#10733=CARTESIAN_POINT('Origin',(-9.65,13.95,-7.4));
#10734=CARTESIAN_POINT('Origin',(-9.65,13.95,7.4));
#10735=CARTESIAN_POINT('',(-9.65,11.7,7.4));
#10736=CARTESIAN_POINT('',(0.,0.,0.));
#10737=CARTESIAN_POINT('Origin',(0.,0.,0.));
#10738=CARTESIAN_POINT('',(0.,25.45,4.));
#10739=CARTESIAN_POINT('',(-4.,21.45,5.08414115837128E-15));
#10740=CARTESIAN_POINT('Origin',(0.,25.45,0.));
#10741=CARTESIAN_POINT('',(4.,21.45,4.28750175828891E-15));
#10742=CARTESIAN_POINT('Origin',(0.,25.45,0.));
#10743=CARTESIAN_POINT('',(4.,19.7,4.28750175828891E-15));
#10744=CARTESIAN_POINT('',(4.,0.,4.28750175828891E-15));
#10745=CARTESIAN_POINT('Origin',(0.,19.7,0.));
#10746=CARTESIAN_POINT('',(0.,25.45,-4.));
#10747=CARTESIAN_POINT('Origin',(0.,25.45,0.));
#10748=CARTESIAN_POINT('Origin',(0.,25.45,0.));
#10749=CARTESIAN_POINT('Origin',(4.,19.7,0.));
#10750=CARTESIAN_POINT('',(-5.125,19.7,8.24162857959277E-16));
#10751=CARTESIAN_POINT('Origin',(0.,19.7,0.));
#10752=CARTESIAN_POINT('Origin',(24.25,25.45,0.));
#10753=CARTESIAN_POINT('',(-4.55,21.45,5.08414115837128E-15));
#10754=CARTESIAN_POINT('Origin',(-4.55,25.45,0.));
#10755=CARTESIAN_POINT('',(24.25,21.45,5.08414115837128E-15));
#10756=CARTESIAN_POINT('',(4.55,21.45,5.08414115837128E-15));
#10757=CARTESIAN_POINT('',(24.25,21.45,5.08414115837128E-15));
#10758=CARTESIAN_POINT('Origin',(4.55,25.45,0.));
#10759=CARTESIAN_POINT('Origin',(-4.55,30.575,0.));
#10760=CARTESIAN_POINT('',(-4.55,30.575,2.07942582708531E-15));
#10761=CARTESIAN_POINT('Origin',(-4.55,25.45,0.));
#10762=CARTESIAN_POINT('Origin',(24.25,25.45,0.));
#10763=CARTESIAN_POINT('',(-23.95,30.575,2.07942582708531E-15));
#10764=CARTESIAN_POINT('',(-23.95,23.8662879038284,4.87416464601266));
#10765=CARTESIAN_POINT('Origin',(-23.95,25.45,0.));
#10766=CARTESIAN_POINT('',(24.25,30.575,2.07942582708531E-15));
#10767=CARTESIAN_POINT('Origin',(-23.95,25.45,0.));
#10768=CARTESIAN_POINT('Origin',(-23.95,25.45,0.));
#10769=CARTESIAN_POINT('',(-24.2499999999999,20.2905183990989,-1.67641719448405));
#10770=CARTESIAN_POINT('',(-24.2499999999999,30.6094816009011,1.67641719448406));
#10771=CARTESIAN_POINT('Ctrl Pts',(-24.2499999999999,20.2905183990989,-1.67641719448405));
#10772=CARTESIAN_POINT('Ctrl Pts',(-24.2499999999999,20.3388617559508,-1.82499731931193));
#10773=CARTESIAN_POINT('Ctrl Pts',(-24.249999984719,20.3936055408087,-1.97151598229592));
#10774=CARTESIAN_POINT('Ctrl Pts',(-24.249999979907,20.454559100898,-2.11542050661995));
#10775=CARTESIAN_POINT('Ctrl Pts',(-24.2499999751086,20.515339027639,-2.25891510206768));
#10776=CARTESIAN_POINT('Ctrl Pts',(-24.2499999779843,20.5822933070887,-2.39981012518561));
#10777=CARTESIAN_POINT('Ctrl Pts',(-24.2499999834643,20.6551837448863,-2.53757391306997));
#10778=CARTESIAN_POINT('Ctrl Pts',(-24.2499999889351,20.7279518652264,-2.67510651951594));
#10779=CARTESIAN_POINT('Ctrl Pts',(-24.2499999956881,20.8066361229178,-2.80951809082428));
#10780=CARTESIAN_POINT('Ctrl Pts',(-24.2499999983671,20.8909520004768,-2.94030044944024));
#10781=CARTESIAN_POINT('Ctrl Pts',(-24.25000000104,20.9750778277976,-3.07078802112953));
#10782=CARTESIAN_POINT('Ctrl Pts',(-24.2499999997233,21.0648097677884,-3.19766243671092));
#10783=CARTESIAN_POINT('Ctrl Pts',(-24.2499999980669,21.1598198518568,-3.32044406627995));
#10784=CARTESIAN_POINT('Ctrl Pts',(-24.249999997137,21.2131621070546,-3.38937831765222));
#10785=CARTESIAN_POINT('Ctrl Pts',(-24.2499999963007,21.2681672937498,-3.45702294854989));
#10786=CARTESIAN_POINT('Ctrl Pts',(-24.2499999963391,21.3247713663565,-3.52329706678034));
#10787=CARTESIAN_POINT('Ctrl Pts',(-24.2499999964086,21.4270484570126,-3.64304682481455));
#10788=CARTESIAN_POINT('Ctrl Pts',(-24.2499999979878,21.5345491379056,-3.75833417796899));
#10789=CARTESIAN_POINT('Ctrl Pts',(-24.249999999077,21.6468626115892,-3.86872412000577));
#10790=CARTESIAN_POINT('Ctrl Pts',(-24.2500000001676,21.7593044094076,-3.97924018843989));
#10791=CARTESIAN_POINT('Ctrl Pts',(-24.2500000005268,21.876569781871,-4.08484744222209));
#10792=CARTESIAN_POINT('Ctrl Pts',(-24.249999998581,21.998210831542,-4.18514754312547));
#10793=CARTESIAN_POINT('Ctrl Pts',(-24.2499999966341,22.1199165825477,-4.2855009940322));
#10794=CARTESIAN_POINT('Ctrl Pts',(-24.2499999923199,22.2460024248144,-4.38054146331072));
#10795=CARTESIAN_POINT('Ctrl Pts',(-24.2499999867489,22.3759875301496,-4.46991106080428));
#10796=CARTESIAN_POINT('Ctrl Pts',(-24.2499999811727,22.5060941229548,-4.5593641854548));
#10797=CARTESIAN_POINT('Ctrl Pts',(-24.2499999744598,22.6401070163163,-4.64313567056036));
#10798=CARTESIAN_POINT('Ctrl Pts',(-24.2499999699472,22.7775154926871,-4.72091035920447));
#10799=CARTESIAN_POINT('Ctrl Pts',(-24.2499999676795,22.8465679890868,-4.75999482145471));
#10800=CARTESIAN_POINT('Ctrl Pts',(-24.2499999659929,22.9164775840966,-4.7975655505228));
#10801=CARTESIAN_POINT('Ctrl Pts',(-24.2499999652862,22.9871770609718,-4.83358690014175));
#10802=CARTESIAN_POINT('Ctrl Pts',(-24.2499999638806,23.1277855607992,-4.90522686348426));
#10803=CARTESIAN_POINT('Ctrl Pts',(-24.2499999674604,23.2715155903593,-4.97073531392241));
#10804=CARTESIAN_POINT('Ctrl Pts',(-24.2499999731366,23.4178234098906,-5.02986141408481));
#10805=CARTESIAN_POINT('Ctrl Pts',(-24.2499999788082,23.5640120709839,-5.0889393597893));
#10806=CARTESIAN_POINT('Ctrl Pts',(-24.2499999862898,23.7127740479232,-5.14164522589861));
#10807=CARTESIAN_POINT('Ctrl Pts',(-24.2499999917385,23.8635464690625,-5.18777662462321));
#10808=CARTESIAN_POINT('Ctrl Pts',(-24.249999997184,24.014231064436,-5.23388115155397));
#10809=CARTESIAN_POINT('Ctrl Pts',(-24.2500000004574,24.1669234762916,-5.27341876964648));
#10810=CARTESIAN_POINT('Ctrl Pts',(-24.2499999999436,24.3210455932215,-5.30623689536182));
#10811=CARTESIAN_POINT('Ctrl Pts',(-24.2499999994302,24.4750553944583,-5.33903110503829));
#10812=CARTESIAN_POINT('Ctrl Pts',(-24.2499999951338,24.6304925233976,-5.3651155403469));
#10813=CARTESIAN_POINT('Ctrl Pts',(-24.2499999887319,24.7867682809726,-5.38438862118651));
#10814=CARTESIAN_POINT('Ctrl Pts',(-24.2499999854963,24.8657521442912,-5.39412949466803));
#10815=CARTESIAN_POINT('Ctrl Pts',(-24.2499999817767,24.9449500687463,-5.4021312676788));
#10816=CARTESIAN_POINT('Ctrl Pts',(-24.2499999780435,25.0242852666317,-5.40838583250816));
#10817=CARTESIAN_POINT('Ctrl Pts',(-24.2499999706574,25.1812459010553,-5.42076016937032));
#10818=CARTESIAN_POINT('Ctrl Pts',(-24.2499999677366,25.3387504795064,-5.4262833536701));
#10819=CARTESIAN_POINT('Ctrl Pts',(-24.2499999694312,25.4962005431305,-5.42493870389179));
#10820=CARTESIAN_POINT('Ctrl Pts',(-24.2499999711283,25.6538950624733,-5.42359196642092));
#10821=CARTESIAN_POINT('Ctrl Pts',(-24.2499999768214,25.8115345953693,-5.41535606679904));
#10822=CARTESIAN_POINT('Ctrl Pts',(-24.2499999823592,25.9685200158764,-5.40026649873625));
#10823=CARTESIAN_POINT('Ctrl Pts',(-24.2499999879013,26.1256256380284,-5.38516537679223));
#10824=CARTESIAN_POINT('Ctrl Pts',(-24.2499999930356,26.2820758475271,-5.36320013401206));
#10825=CARTESIAN_POINT('Ctrl Pts',(-24.2499999959574,26.437276778157,-5.33445816562363));
#10826=CARTESIAN_POINT('Ctrl Pts',(-24.2499999988829,26.5926766122003,-5.30567936191729));
#10827=CARTESIAN_POINT('Ctrl Pts',(-24.2499999997248,26.746823669829,-5.27010651973846));
#10828=CARTESIAN_POINT('Ctrl Pts',(-24.249999999922,26.8991328959349,-5.22787844372691));
#10829=CARTESIAN_POINT('Ctrl Pts',(-24.2500000000207,26.9753786877919,-5.20673912619234));
#10830=CARTESIAN_POINT('Ctrl Pts',(-24.2499999999999,27.0511641221066,-5.18393280631871));
#10831=CARTESIAN_POINT('Ctrl Pts',(-24.2499999999999,27.1264171944841,-5.15948160090121));
#10832=CARTESIAN_POINT('Ctrl Pts',(-24.2499999999999,27.2767678399129,-5.11062971486007));
#10833=CARTESIAN_POINT('Ctrl Pts',(-24.2500000001879,27.4249772767132,-5.05521370350078));
#10834=CARTESIAN_POINT('Ctrl Pts',(-24.2499999989925,27.5704813863754,-4.99344074203116));
#10835=CARTESIAN_POINT('Ctrl Pts',(-24.2499999977987,27.7157858439063,-4.93175254176484));
#10836=CARTESIAN_POINT('Ctrl Pts',(-24.2499999948961,27.8583921131099,-4.86372493001183));
#10837=CARTESIAN_POINT('Ctrl Pts',(-24.2499999902146,27.9977572388003,-4.78961265891823));
#10838=CARTESIAN_POINT('Ctrl Pts',(-24.2499999855374,28.136996154653,-4.71556750431203));
#10839=CARTESIAN_POINT('Ctrl Pts',(-24.2499999791433,28.2729995221288,-4.63544883173438));
#10840=CARTESIAN_POINT('Ctrl Pts',(-24.2499999744759,28.4052488282187,-4.54955735004534));
#10841=CARTESIAN_POINT('Ctrl Pts',(-24.2499999698141,28.5373361705313,-4.46377105838876));
#10842=CARTESIAN_POINT('Ctrl Pts',(-24.2499999673159,28.6656783811214,-4.37222624020954));
#10843=CARTESIAN_POINT('Ctrl Pts',(-24.2499999701675,28.7897857597848,-4.27526697476586));
#10844=CARTESIAN_POINT('Ctrl Pts',(-24.2499999715985,28.8520696063433,-4.22660753101353));
#10845=CARTESIAN_POINT('Ctrl Pts',(-24.2499999743358,28.9132873241094,-4.17658510054206));
#10846=CARTESIAN_POINT('Ctrl Pts',(-24.2499999780435,28.9733798851066,-4.12524720867829));
#10847=CARTESIAN_POINT('Ctrl Pts',(-24.2499999854287,29.0930771551368,-4.02298820351639));
#10848=CARTESIAN_POINT('Ctrl Pts',(-24.2499999926181,29.20831857024,-3.91551095346721));
#10849=CARTESIAN_POINT('Ctrl Pts',(-24.2499999965298,29.3186690337079,-3.80322494609865));
#10850=CARTESIAN_POINT('Ctrl Pts',(-24.2500000004453,29.4291270419463,-3.69082950762746));
#10851=CARTESIAN_POINT('Ctrl Pts',(-24.2500000010076,29.5346843525398,-3.57361615603443));
#10852=CARTESIAN_POINT('Ctrl Pts',(-24.2499999981687,29.6349425669449,-3.45203144149436));
#10853=CARTESIAN_POINT('Ctrl Pts',(-24.2499999953286,29.7352448320813,-3.33039330593922));
#10854=CARTESIAN_POINT('Ctrl Pts',(-24.2499999891553,29.8302431594102,-3.20438020690166));
#10855=CARTESIAN_POINT('Ctrl Pts',(-24.2499999826333,29.9195795516153,-3.0744716770492));
#10856=CARTESIAN_POINT('Ctrl Pts',(-24.2499999761059,30.008987864226,-2.94445856412688));
#10857=CARTESIAN_POINT('Ctrl Pts',(-24.2499999694413,30.0927249570362,-2.81054400056066));
#10858=CARTESIAN_POINT('Ctrl Pts',(-24.2499999665447,30.1704755737437,-2.67323739200503));
#10859=CARTESIAN_POINT('Ctrl Pts',(-24.2499999650829,30.2097118228788,-2.60394667085947));
#10860=CARTESIAN_POINT('Ctrl Pts',(-24.2499999645769,30.2474242381923,-2.53379254878248));
#10861=CARTESIAN_POINT('Ctrl Pts',(-24.2499999652862,30.2835767073877,-2.46284294343442));
#10862=CARTESIAN_POINT('Ctrl Pts',(-24.2499999666927,30.3552693590597,-2.32214535193664));
#10863=CARTESIAN_POINT('Ctrl Pts',(-24.2499999720433,30.4208212575523,-2.17832067009695));
#10864=CARTESIAN_POINT('Ctrl Pts',(-24.2499999779235,30.4799805709993,-2.03191331912823));
#10865=CARTESIAN_POINT('Ctrl Pts',(-24.249999983798,30.5390826976528,-1.88564749392197));
#10866=CARTESIAN_POINT('Ctrl Pts',(-24.2499999899872,30.5918044703416,-1.73680426531901));
#10867=CARTESIAN_POINT('Ctrl Pts',(-24.2499999940354,30.6379425303482,-1.5859471106365));
#10868=CARTESIAN_POINT('Ctrl Pts',(-24.249999998081,30.6840495331978,-1.43519150323034));
#10869=CARTESIAN_POINT('Ctrl Pts',(-24.249999999957,30.7235815836979,-1.28242496431371));
#10870=CARTESIAN_POINT('Ctrl Pts',(-24.2499999999991,30.7563851033861,-1.12822625906704));
#10871=CARTESIAN_POINT('Ctrl Pts',(-24.250000000041,30.7891599779672,-0.974162205177018));
#10872=CARTESIAN_POINT('Ctrl Pts',(-24.2499999984014,30.815217994219,-0.81866877768734));
#10873=CARTESIAN_POINT('Ctrl Pts',(-24.2499999973127,30.8344565753798,-0.662335304267741));
#10874=CARTESIAN_POINT('Ctrl Pts',(-24.2499999967646,30.8441420807366,-0.583630503659536));
#10875=CARTESIAN_POINT('Ctrl Pts',(-24.2499999963741,30.8520999809611,-0.504712953577873));
#10876=CARTESIAN_POINT('Ctrl Pts',(-24.2499999963391,30.8583221255985,-0.425658650066446));
#10877=CARTESIAN_POINT('Ctrl Pts',(-24.2499999962707,30.8704971085203,-0.270971664913727));
#10878=CARTESIAN_POINT('Ctrl Pts',(-24.2499999991405,30.8760160727178,-0.115749209040758));
#10879=CARTESIAN_POINT('Ctrl Pts',(-24.2499999998447,30.8748663748117,0.0394272674034548));
#10880=CARTESIAN_POINT('Ctrl Pts',(-24.2500000005508,30.8737135087178,0.195031358996205));
#10881=CARTESIAN_POINT('Ctrl Pts',(-24.2499999982471,30.8658552031448,0.350588893321022));
#10882=CARTESIAN_POINT('Ctrl Pts',(-24.2499999930532,30.8513310204694,0.505517293303322));
#10883=CARTESIAN_POINT('Ctrl Pts',(-24.2499999878514,30.8367849951737,0.66067868692683));
#10884=CARTESIAN_POINT('Ctrl Pts',(-24.2499999802916,30.8155530969995,0.815208735238011));
#10885=CARTESIAN_POINT('Ctrl Pts',(-24.2499999780008,30.7877267306034,0.968530751903038));
#10886=CARTESIAN_POINT('Ctrl Pts',(-24.249999975704,30.7598284564059,1.1222489772915));
#10887=CARTESIAN_POINT('Ctrl Pts',(-24.2499999806564,30.7253016776777,1.27475260846507));
#10888=CARTESIAN_POINT('Ctrl Pts',(-24.2499999893849,30.6842892210627,1.42547376790082));
#10889=CARTESIAN_POINT('Ctrl Pts',(-24.2499999942632,30.6613677610267,1.5097103466805));
#10890=CARTESIAN_POINT('Ctrl Pts',(-24.2499999999999,30.6364213461716,1.59339042044605));
#10891=CARTESIAN_POINT('Ctrl Pts',(-24.2499999999999,30.6094816009011,1.67641719448406));
#10892=CARTESIAN_POINT('',(-24.25,23.7735828055159,5.15948160090121));
#10893=CARTESIAN_POINT('Origin',(-24.25,25.45,0.));
#10894=CARTESIAN_POINT('Origin',(-23.95,23.7735828055159,5.1594816009011));
#10895=CARTESIAN_POINT('Origin',(-24.25,25.45,0.));
#10896=CARTESIAN_POINT('Origin',(-24.25,25.45,0.));
#10897=CARTESIAN_POINT('',(-24.25,30.95,1.01033360929657E-15));
#10898=CARTESIAN_POINT('Origin',(-24.25,25.45,-1.11022302462516E-15));
#10899=CARTESIAN_POINT('Origin',(-24.25,25.45,0.));
#10900=CARTESIAN_POINT('',(-23.85,17.15,-5.08228421646152E-16));
#10901=CARTESIAN_POINT('',(-23.85,33.75,1.52468526493846E-15));
#10902=CARTESIAN_POINT('Origin',(-23.85,25.45,0.));
#10903=CARTESIAN_POINT('Origin',(-23.85,25.45,0.));
#10904=CARTESIAN_POINT('',(-24.25,30.95,1.01033360929657E-15));
#10905=CARTESIAN_POINT('Origin',(24.25,25.45,0.));
#10906=CARTESIAN_POINT('',(-22.05,17.15,-5.08228421646152E-16));
#10907=CARTESIAN_POINT('Origin',(-22.05,25.45,0.));
#10908=CARTESIAN_POINT('',(24.25,17.15,-5.08228421646152E-16));
#10909=CARTESIAN_POINT('Origin',(-22.05,33.75,0.));
#10910=CARTESIAN_POINT('',(-22.05,31.35,1.08381241724541E-15));
#10911=CARTESIAN_POINT('Origin',(-22.05,25.45,0.));
#10912=CARTESIAN_POINT('Origin',(24.25,25.45,0.));
#10913=CARTESIAN_POINT('',(-20.8,31.35,1.08381241724541E-15));
#10914=CARTESIAN_POINT('Origin',(-20.8,25.45,0.));
#10915=CARTESIAN_POINT('',(24.25,31.35,1.08381241724541E-15));
#10916=CARTESIAN_POINT('Origin',(-20.8,31.35,0.));
#10917=CARTESIAN_POINT('',(-20.8,32.75,1.34098824506635E-15));
#10918=CARTESIAN_POINT('Origin',(-20.8,25.45,-1.11022302462516E-15));
#10919=CARTESIAN_POINT('Origin',(-20.8,25.45,0.));
#10920=CARTESIAN_POINT('',(-20.58840762315,16.95,-5.20474889637625E-16));
#10921=CARTESIAN_POINT('',(-20.58840762315,33.95,1.56142466891288E-15));
#10922=CARTESIAN_POINT('Origin',(-20.58840762315,25.45,0.));
#10923=CARTESIAN_POINT('Origin',(-20.58840762315,25.45,0.));
#10924=CARTESIAN_POINT('',(-20.8,32.75,1.34098824506635E-15));
#10925=CARTESIAN_POINT('Origin',(24.25,25.45,0.));
#10926=CARTESIAN_POINT('',(-19.4,16.95,-5.20474889637625E-16));
#10927=CARTESIAN_POINT('Origin',(-19.4,25.45,0.));
#10928=CARTESIAN_POINT('',(24.25,16.95,-5.20474889637625E-16));
#10929=CARTESIAN_POINT('Origin',(-19.4,33.95,0.));
#10930=CARTESIAN_POINT('',(-19.4,34.,1.57060951990648E-15));
#10931=CARTESIAN_POINT('Origin',(-19.4,25.45,0.));
#10932=CARTESIAN_POINT('Origin',(-19.4,25.45,0.));
#10933=CARTESIAN_POINT('',(-16.9,16.7,8.69001249803494E-12));
#10934=CARTESIAN_POINT('',(-16.9,34.2,1.6073489238809E-15));
#10935=CARTESIAN_POINT('Origin',(-16.9,25.45,0.));
#10936=CARTESIAN_POINT('Origin',(-16.9,25.45,0.));
#10937=CARTESIAN_POINT('',(-19.4,34.,1.57060951990648E-15));
#10938=CARTESIAN_POINT('Origin',(24.25,25.45,0.));
#10939=CARTESIAN_POINT('',(-8.4,16.9994897427832,-2.2696643788616));
#10940=CARTESIAN_POINT('',(-8.4,16.9994897427832,2.2696643788616));
#10941=CARTESIAN_POINT('Origin',(-8.4,25.45,0.));
#10942=CARTESIAN_POINT('',(-10.9,18.05,-4.66931472488202));
#10943=CARTESIAN_POINT('Ctrl Pts',(-10.9,18.05,-4.66931472488202));
#10944=CARTESIAN_POINT('Ctrl Pts',(-10.7297258857028,18.05,-4.66931472488202));
#10945=CARTESIAN_POINT('Ctrl Pts',(-10.5570526936566,18.0373036446764,-4.64937132796348));
#10946=CARTESIAN_POINT('Ctrl Pts',(-10.220700286416,17.9876520252358,-4.56925417576124));
#10947=CARTESIAN_POINT('Ctrl Pts',(-10.0570204365558,17.9507351573104,-4.50905929539399));
#10948=CARTESIAN_POINT('Ctrl Pts',(-9.59678449583697,17.8140567468901,-4.2763590145916));
#10949=CARTESIAN_POINT('Ctrl Pts',(-9.33185047408738,17.6878539001685,-4.04802134142537));
#10950=CARTESIAN_POINT('Ctrl Pts',(-8.88436299018243,17.4253695775632,-3.50386042373043));
#10951=CARTESIAN_POINT('Ctrl Pts',(-8.67207097623606,17.2552877352257,-3.09204889343151));
#10952=CARTESIAN_POINT('Ctrl Pts',(-8.48795108351221,17.0871028223675,-2.57824428004727));
#10953=CARTESIAN_POINT('Ctrl Pts',(-8.44134562005532,17.0416879395476,-2.42677848697145));
#10954=CARTESIAN_POINT('Ctrl Pts',(-8.4,16.9994897427832,-2.26966437886162));
#10955=CARTESIAN_POINT('',(-13.6617928959283,16.7,4.34424297068804E-12));
#10956=CARTESIAN_POINT('Ctrl Pts',(-13.6617928959283,16.7,-6.93889390390723E-16));
#10957=CARTESIAN_POINT('Ctrl Pts',(-13.6617928959283,16.7,-0.44243369883825));
#10958=CARTESIAN_POINT('Ctrl Pts',(-13.6351709887158,16.73603816033,-0.925444658050986));
#10959=CARTESIAN_POINT('Ctrl Pts',(-13.5064003228973,16.8880767722401,-1.86629228101737));
#10960=CARTESIAN_POINT('Ctrl Pts',(-13.4031529492385,17.0038835483254,-2.32400954401353));
#10961=CARTESIAN_POINT('Ctrl Pts',(-13.1279290237639,17.2552877352257,-3.09204889343151));
#10962=CARTESIAN_POINT('Ctrl Pts',(-12.9156370098176,17.4253695775632,-3.50386042373043));
#10963=CARTESIAN_POINT('Ctrl Pts',(-12.4681495259126,17.6878539001685,-4.04802134142537));
#10964=CARTESIAN_POINT('Ctrl Pts',(-12.203215504163,17.8140567468901,-4.2763590145916));
#10965=CARTESIAN_POINT('Ctrl Pts',(-11.7429795634442,17.9507351573104,-4.50905929539399));
#10966=CARTESIAN_POINT('Ctrl Pts',(-11.579299713584,17.9876520252358,-4.56925417576124));
#10967=CARTESIAN_POINT('Ctrl Pts',(-11.2429473063434,18.0373036446764,-4.64937132796348));
#10968=CARTESIAN_POINT('Ctrl Pts',(-11.0702741142972,18.05,-4.66931472488202));
#10969=CARTESIAN_POINT('Ctrl Pts',(-10.9,18.05,-4.66931472488202));
#10970=CARTESIAN_POINT('',(24.25,16.7,8.69001249803494E-12));
#10971=CARTESIAN_POINT('',(-10.9,18.05,4.66931472488202));
#10972=CARTESIAN_POINT('Ctrl Pts',(-10.9,18.05,4.66931472488202));
#10973=CARTESIAN_POINT('Ctrl Pts',(-11.0702741142972,18.05,4.66931472488202));
#10974=CARTESIAN_POINT('Ctrl Pts',(-11.2429473063434,18.0373036446764,4.64937132796348));
#10975=CARTESIAN_POINT('Ctrl Pts',(-11.579299713584,17.9876520252358,4.56925417576124));
#10976=CARTESIAN_POINT('Ctrl Pts',(-11.7429795634442,17.9507351573104,4.50905929539399));
#10977=CARTESIAN_POINT('Ctrl Pts',(-12.203215504163,17.8140567468901,4.2763590145916));
#10978=CARTESIAN_POINT('Ctrl Pts',(-12.4681495259126,17.6878539001685,4.04802134142538));
#10979=CARTESIAN_POINT('Ctrl Pts',(-12.9156370098176,17.4253695775632,3.50386042373044));
#10980=CARTESIAN_POINT('Ctrl Pts',(-13.1279290237639,17.2552877352257,3.09204889343151));
#10981=CARTESIAN_POINT('Ctrl Pts',(-13.4031529492385,17.0038835483254,2.32400954401353));
#10982=CARTESIAN_POINT('Ctrl Pts',(-13.5064003228973,16.8880767722401,1.86629228101738));
#10983=CARTESIAN_POINT('Ctrl Pts',(-13.6351709887158,16.73603816033,0.925444658050989));
#10984=CARTESIAN_POINT('Ctrl Pts',(-13.6617928959283,16.7,0.442433698838251));
#10985=CARTESIAN_POINT('Ctrl Pts',(-13.6617928959283,16.7,-1.38777878078145E-16));
#10986=CARTESIAN_POINT('Ctrl Pts',(-8.4,16.9994897427832,2.26966437886161));
#10987=CARTESIAN_POINT('Ctrl Pts',(-8.44134562005532,17.0416879395476,2.42677848697145));
#10988=CARTESIAN_POINT('Ctrl Pts',(-8.48795108351222,17.0871028223676,2.57824428004727));
#10989=CARTESIAN_POINT('Ctrl Pts',(-8.67207097623606,17.2552877352257,3.09204889343151));
#10990=CARTESIAN_POINT('Ctrl Pts',(-8.88436299018244,17.4253695775632,3.50386042373044));
#10991=CARTESIAN_POINT('Ctrl Pts',(-9.33185047408739,17.6878539001685,4.04802134142538));
#10992=CARTESIAN_POINT('Ctrl Pts',(-9.59678449583698,17.8140567468901,4.2763590145916));
#10993=CARTESIAN_POINT('Ctrl Pts',(-10.0570204365558,17.9507351573104,4.50905929539399));
#10994=CARTESIAN_POINT('Ctrl Pts',(-10.220700286416,17.9876520252358,4.56925417576124));
#10995=CARTESIAN_POINT('Ctrl Pts',(-10.5570526936566,18.0373036446764,4.64937132796348));
#10996=CARTESIAN_POINT('Ctrl Pts',(-10.7297258857028,18.05,4.66931472488201));
#10997=CARTESIAN_POINT('Ctrl Pts',(-10.9,18.05,4.66931472488201));
#10998=CARTESIAN_POINT('Origin',(-8.4,25.45,0.));
#10999=CARTESIAN_POINT('',(-8.25632120355847,16.8436787964415,-3.89600951589576E-9));
#11000=CARTESIAN_POINT('Ctrl Pts',(-8.25632120355847,16.8436787964415,1.38777878078145E-16));
#11001=CARTESIAN_POINT('Ctrl Pts',(-8.25632120355847,16.8436787964415,0.645014571679358));
#11002=CARTESIAN_POINT('Ctrl Pts',(-8.29142356178569,16.8864567177644,1.35062095098663));
#11003=CARTESIAN_POINT('Ctrl Pts',(-8.38108156993595,16.9800633440021,2.12074039914445));
#11004=CARTESIAN_POINT('Ctrl Pts',(-8.39028553243255,16.9895749558402,2.19529805336141));
#11005=CARTESIAN_POINT('Ctrl Pts',(-8.4,16.9994897427832,2.26966437886161));
#11006=CARTESIAN_POINT('',(-6.75,18.35,-3.2141104435792E-9));
#11007=CARTESIAN_POINT('',(-8.4,16.7,-7.92210354806322E-9));
#11008=CARTESIAN_POINT('',(-6.4,19.05,2.14534379529251));
#11009=CARTESIAN_POINT('Ctrl Pts',(-6.75,18.35,6.24500451351651E-16));
#11010=CARTESIAN_POINT('Ctrl Pts',(-6.75,18.35,0.375430781823315));
#11011=CARTESIAN_POINT('Ctrl Pts',(-6.7160945236606,18.4157122853164,0.77594878191446));
#11012=CARTESIAN_POINT('Ctrl Pts',(-6.58811357808935,18.6687237710223,1.51494938291784));
#11013=CARTESIAN_POINT('Ctrl Pts',(-6.4970784100483,18.8505342043539,1.85573901228643));
#11014=CARTESIAN_POINT('Ctrl Pts',(-6.4,19.05,2.1453437952925));
#11015=CARTESIAN_POINT('',(-6.4,19.05,-2.14534379529251));
#11016=CARTESIAN_POINT('Origin',(-6.4,25.45,0.));
#11017=CARTESIAN_POINT('Ctrl Pts',(-6.4,19.05,-2.1453437952925));
#11018=CARTESIAN_POINT('Ctrl Pts',(-6.4970784100483,18.8505342043539,-1.85573901228642));
#11019=CARTESIAN_POINT('Ctrl Pts',(-6.58811357808935,18.6687237710223,-1.51494938291783));
#11020=CARTESIAN_POINT('Ctrl Pts',(-6.7160945236606,18.4157122853164,-0.775948781914456));
#11021=CARTESIAN_POINT('Ctrl Pts',(-6.75,18.35,-0.375430781823313));
#11022=CARTESIAN_POINT('Ctrl Pts',(-6.75,18.35,2.77555756156289E-16));
#11023=CARTESIAN_POINT('Ctrl Pts',(-8.4,16.9994897427832,-2.26966437886161));
#11024=CARTESIAN_POINT('Ctrl Pts',(-8.39028553243255,16.9895749558402,-2.19529805336141));
#11025=CARTESIAN_POINT('Ctrl Pts',(-8.38108156993596,16.9800633440021,-2.12074039914445));
#11026=CARTESIAN_POINT('Ctrl Pts',(-8.29142356178569,16.8864567177644,-1.35062095098663));
#11027=CARTESIAN_POINT('Ctrl Pts',(-8.25632120355847,16.8436787964415,-0.645014571679358));
#11028=CARTESIAN_POINT('Ctrl Pts',(-8.25632120355847,16.8436787964415,6.93889390390723E-16));
#11029=CARTESIAN_POINT('Origin',(-10.9,14.55,8.75));
#11030=CARTESIAN_POINT('',(-10.9,18.05,-8.75));
#11031=CARTESIAN_POINT('Origin',(-10.9,14.55,-8.75));
#11032=CARTESIAN_POINT('',(-10.9,18.05,8.75));
#11033=CARTESIAN_POINT('',(-10.9,18.05,8.75));
#11034=CARTESIAN_POINT('',(-10.9,18.05,8.75));
#11035=CARTESIAN_POINT('Origin',(-10.9,14.55,8.75));
#11036=CARTESIAN_POINT('',(-7.65038463814562,15.85,-4.2466592621054));
#11037=CARTESIAN_POINT('',(-8.75,11.7882071040717,3.20155546464013E-15));
#11038=CARTESIAN_POINT('Ctrl Pts',(-7.65038463814704,15.8500000000036,-4.24665926210283));
#11039=CARTESIAN_POINT('Ctrl Pts',(-7.58359262213197,15.6830397220873,-4.36698551898729));
#11040=CARTESIAN_POINT('Ctrl Pts',(-7.52080021242898,15.486643234433,-4.47296843889459));
#11041=CARTESIAN_POINT('Ctrl Pts',(-7.42629400503422,15.0410531434592,-4.62837626102535));
#11042=CARTESIAN_POINT('Ctrl Pts',(-7.4,14.7878693255207,-4.66931472488201));
#11043=CARTESIAN_POINT('Ctrl Pts',(-7.4,14.3121306744793,-4.66931472488201));
#11044=CARTESIAN_POINT('Ctrl Pts',(-7.42629400503422,14.0589468565408,-4.62837626102536));
#11045=CARTESIAN_POINT('Ctrl Pts',(-7.52602583406385,13.5887183287504,-4.46437532633678));
#11046=CARTESIAN_POINT('Ctrl Pts',(-7.59866590298457,13.3714911049749,-4.34135205952638));
#11047=CARTESIAN_POINT('Ctrl Pts',(-7.79685301030178,12.9004915612727,-3.9795740582973));
#11048=CARTESIAN_POINT('Ctrl Pts',(-7.93582740939959,12.6754270913424,-3.70149419831679));
#11049=CARTESIAN_POINT('Ctrl Pts',(-8.19945051327795,12.3122835478884,-3.07366678559755));
#11050=CARTESIAN_POINT('Ctrl Pts',(-8.32440140025421,12.1755973555476,-2.72324144962446));
#11051=CARTESIAN_POINT('Ctrl Pts',(-8.63578226791956,11.8649892168113,-1.60704514830128));
#11052=CARTESIAN_POINT('Ctrl Pts',(-8.75,11.7882071040717,-0.776462645632272));
#11053=CARTESIAN_POINT('Ctrl Pts',(-8.75,11.7882071040717,-8.32667268468867E-16));
#11054=CARTESIAN_POINT('',(-7.65038463814562,15.85,4.24665926210541));
#11055=CARTESIAN_POINT('Ctrl Pts',(-8.75,11.7882071040717,1.2490009027033E-15));
#11056=CARTESIAN_POINT('Ctrl Pts',(-8.75,11.7882071040717,0.776462645632272));
#11057=CARTESIAN_POINT('Ctrl Pts',(-8.63578226791956,11.8649892168113,1.60704514830128));
#11058=CARTESIAN_POINT('Ctrl Pts',(-8.32440140025421,12.1755973555476,2.72324144962446));
#11059=CARTESIAN_POINT('Ctrl Pts',(-8.19945051327795,12.3122835478884,3.07366678559755));
#11060=CARTESIAN_POINT('Ctrl Pts',(-7.93582740939959,12.6754270913424,3.7014941983168));
#11061=CARTESIAN_POINT('Ctrl Pts',(-7.79685301030178,12.9004915612727,3.9795740582973));
#11062=CARTESIAN_POINT('Ctrl Pts',(-7.59866590298457,13.3714911049749,4.34135205952638));
#11063=CARTESIAN_POINT('Ctrl Pts',(-7.52602583406385,13.5887183287504,4.46437532633678));
#11064=CARTESIAN_POINT('Ctrl Pts',(-7.42629400503422,14.0589468565408,4.62837626102536));
#11065=CARTESIAN_POINT('Ctrl Pts',(-7.4,14.3121306744793,4.66931472488201));
#11066=CARTESIAN_POINT('Ctrl Pts',(-7.4,14.7878693255207,4.66931472488201));
#11067=CARTESIAN_POINT('Ctrl Pts',(-7.42629400503422,15.0410531434592,4.62837626102535));
#11068=CARTESIAN_POINT('Ctrl Pts',(-7.52080021242866,15.4866432344315,4.47296843889511));
#11069=CARTESIAN_POINT('Ctrl Pts',(-7.58359262213108,15.6830397220846,4.36698551898881));
#11070=CARTESIAN_POINT('Ctrl Pts',(-7.65038463814562,15.85,4.2466592621054));
#11071=CARTESIAN_POINT('Ctrl Pts',(-7.65038463814562,15.85,4.2466592621054));
#11072=CARTESIAN_POINT('Ctrl Pts',(-7.72542924698164,16.0375893182291,3.72494877855196));
#11073=CARTESIAN_POINT('Ctrl Pts',(-7.80455309272994,16.188684403284,3.18368068448519));
#11074=CARTESIAN_POINT('Ctrl Pts',(-7.97203858028333,16.4783758164107,1.7691459515646));
#11075=CARTESIAN_POINT('Ctrl Pts',(-8.03689110169378,16.5631088983062,0.879287475132496));
#11076=CARTESIAN_POINT('Ctrl Pts',(-8.03689110169378,16.5631088983062,0.));
#11077=CARTESIAN_POINT('Ctrl Pts',(-8.03689110169378,16.5631088983062,-0.879287475132495));
#11078=CARTESIAN_POINT('Ctrl Pts',(-7.97203858028333,16.4783758164107,-1.7691459515646));
#11079=CARTESIAN_POINT('Ctrl Pts',(-7.80455309272994,16.188684403284,-3.18368068448518));
#11080=CARTESIAN_POINT('Ctrl Pts',(-7.72542924698164,16.0375893182291,-3.72494877855195));
#11081=CARTESIAN_POINT('Ctrl Pts',(-7.65038463814562,15.85,-4.2466592621054));
#11082=CARTESIAN_POINT('Origin',(-10.9,14.55,8.75));
#11083=CARTESIAN_POINT('',(-10.9,12.4,8.75));
#11084=CARTESIAN_POINT('Origin',(-10.9,14.55,8.75));
#11085=CARTESIAN_POINT('Origin',(0.,0.,0.));
#11086=CARTESIAN_POINT('',(-8.75,7.35,7.23577819774913E-15));
#11087=CARTESIAN_POINT('Origin',(0.,7.35,0.));
#11088=CARTESIAN_POINT('',(-8.75,0.,7.23577819774913E-15));
#11089=CARTESIAN_POINT('',(7.65038463814562,15.85,-4.2466592621054));
#11090=CARTESIAN_POINT('Origin',(0.,15.85,0.));
#11091=CARTESIAN_POINT('',(7.65038463814562,15.85,4.2466592621054));
#11092=CARTESIAN_POINT('Ctrl Pts',(7.65038463814563,15.85,-4.24665926210537));
#11093=CARTESIAN_POINT('Ctrl Pts',(7.61214436198822,15.7544106239672,-4.31554937153413));
#11094=CARTESIAN_POINT('Ctrl Pts',(7.57641157813285,15.6527550484746,-4.37771399407368));
#11095=CARTESIAN_POINT('Ctrl Pts',(7.49926484268963,15.3929795634442,-4.50905929539398));
#11096=CARTESIAN_POINT('Ctrl Pts',(7.4623479747642,15.229299713584,-4.56925417576124));
#11097=CARTESIAN_POINT('Ctrl Pts',(7.41269635532357,14.8929473063434,-4.64937132796347));
#11098=CARTESIAN_POINT('Ctrl Pts',(7.4,14.7202741142972,-4.66931472488201));
#11099=CARTESIAN_POINT('Ctrl Pts',(7.4,14.55,-4.66931472488201));
#11100=CARTESIAN_POINT('Ctrl Pts',(7.4,14.3797258857028,-4.66931472488201));
#11101=CARTESIAN_POINT('Ctrl Pts',(7.41269635532357,14.2070526936566,-4.64937132796347));
#11102=CARTESIAN_POINT('Ctrl Pts',(7.4623479747642,13.870700286416,-4.56925417576124));
#11103=CARTESIAN_POINT('Ctrl Pts',(7.49926484268963,13.7070204365558,-4.50905929539398));
#11104=CARTESIAN_POINT('Ctrl Pts',(7.63594325310986,13.246784495837,-4.27635901459159));
#11105=CARTESIAN_POINT('Ctrl Pts',(7.76214609983154,12.9818504740874,-4.04802134142537));
#11106=CARTESIAN_POINT('Ctrl Pts',(8.02463042243682,12.5343629901824,-3.50386042373043));
#11107=CARTESIAN_POINT('Ctrl Pts',(8.19471226477428,12.3220709762361,-3.09204889343151));
#11108=CARTESIAN_POINT('Ctrl Pts',(8.44611645167462,12.0468470507615,-2.32400954401353));
#11109=CARTESIAN_POINT('Ctrl Pts',(8.56192322775989,11.9435996771027,-1.86629228101737));
#11110=CARTESIAN_POINT('Ctrl Pts',(8.71396183967003,11.8148290112842,-0.925444658050985));
#11111=CARTESIAN_POINT('Ctrl Pts',(8.75,11.7882071040717,-0.44243369883825));
#11112=CARTESIAN_POINT('Ctrl Pts',(8.75,11.7882071040717,0.44243369883825));
#11113=CARTESIAN_POINT('Ctrl Pts',(8.71396183967003,11.8148290112842,0.925444658050987));
#11114=CARTESIAN_POINT('Ctrl Pts',(8.56192322775989,11.9435996771027,1.86629228101737));
#11115=CARTESIAN_POINT('Ctrl Pts',(8.44611645167462,12.0468470507615,2.32400954401353));
#11116=CARTESIAN_POINT('Ctrl Pts',(8.19471226477428,12.3220709762361,3.09204889343151));
#11117=CARTESIAN_POINT('Ctrl Pts',(8.02463042243682,12.5343629901824,3.50386042373043));
#11118=CARTESIAN_POINT('Ctrl Pts',(7.76214609983154,12.9818504740874,4.04802134142537));
#11119=CARTESIAN_POINT('Ctrl Pts',(7.63594325310986,13.246784495837,4.27635901459159));
#11120=CARTESIAN_POINT('Ctrl Pts',(7.49926484268963,13.7070204365558,4.50905929539398));
#11121=CARTESIAN_POINT('Ctrl Pts',(7.4623479747642,13.870700286416,4.56925417576124));
#11122=CARTESIAN_POINT('Ctrl Pts',(7.41269635532357,14.2070526936566,4.64937132796347));
#11123=CARTESIAN_POINT('Ctrl Pts',(7.4,14.3797258857028,4.66931472488201));
#11124=CARTESIAN_POINT('Ctrl Pts',(7.4,14.7202741142972,4.66931472488201));
#11125=CARTESIAN_POINT('Ctrl Pts',(7.41269635532357,14.8929473063434,4.64937132796347));
#11126=CARTESIAN_POINT('Ctrl Pts',(7.4623479747642,15.229299713584,4.56925417576124));
#11127=CARTESIAN_POINT('Ctrl Pts',(7.49926484268963,15.3929795634442,4.50905929539398));
#11128=CARTESIAN_POINT('Ctrl Pts',(7.57641157813285,15.6527550484746,4.37771399407368));
#11129=CARTESIAN_POINT('Ctrl Pts',(7.61214436198822,15.7544106239672,4.31554937153412));
#11130=CARTESIAN_POINT('Ctrl Pts',(7.65038463814563,15.85,4.24665926210537));
#11131=CARTESIAN_POINT('Origin',(0.,15.85,0.));
#11132=CARTESIAN_POINT('Origin',(0.,7.35,0.));
#11133=CARTESIAN_POINT('',(-8.55,4.85,5.23536506635493E-16));
#11134=CARTESIAN_POINT('',(-8.75,7.35,5.35782974626967E-16));
#11135=CARTESIAN_POINT('Origin',(0.,4.85,0.));
#11136=CARTESIAN_POINT('Origin',(8.55,4.85,0.));
#11137=CARTESIAN_POINT('',(8.5,4.85,1.28856995200895E-14));
#11138=CARTESIAN_POINT('Origin',(0.,4.85,0.));
#11139=CARTESIAN_POINT('Origin',(0.,0.,0.));
#11140=CARTESIAN_POINT('',(-8.5,3.6615923768502,5.20474889637625E-16));
#11141=CARTESIAN_POINT('',(8.5,3.6615923768502,1.28856995200895E-14));
#11142=CARTESIAN_POINT('Origin',(0.,3.6615923768502,0.));
#11143=CARTESIAN_POINT('Origin',(0.,3.6615923768502,0.));
#11144=CARTESIAN_POINT('',(8.5,0.,1.28856995200895E-14));
#11145=CARTESIAN_POINT('Origin',(0.,3.6615923768502,0.));
#11146=CARTESIAN_POINT('',(-7.3,3.45,4.46996081688784E-16));
#11147=CARTESIAN_POINT('',(-8.5,3.6615923768502,5.20474889637625E-16));
#11148=CARTESIAN_POINT('Origin',(0.,3.45,0.));
#11149=CARTESIAN_POINT('Origin',(7.3,3.45,0.));
#11150=CARTESIAN_POINT('',(5.9,3.45,1.08381241724541E-15));
#11151=CARTESIAN_POINT('Origin',(0.,3.45,0.));
#11152=CARTESIAN_POINT('Origin',(0.,0.,0.));
#11153=CARTESIAN_POINT('',(5.9,2.2,1.08381241724541E-15));
#11154=CARTESIAN_POINT('Origin',(0.,2.2,0.));
#11155=CARTESIAN_POINT('',(5.9,0.,1.08381241724541E-15));
#11156=CARTESIAN_POINT('Origin',(5.9,2.2,0.));
#11157=CARTESIAN_POINT('',(8.3,2.2,1.52468526493846E-15));
#11158=CARTESIAN_POINT('Origin',(0.,2.2,0.));
#11159=CARTESIAN_POINT('Origin',(0.,0.,0.));
#11160=CARTESIAN_POINT('',(-8.3,0.4,5.08228421646152E-16));
#11161=CARTESIAN_POINT('',(8.3,0.4,1.52468526493846E-15));
#11162=CARTESIAN_POINT('Origin',(0.,0.4,0.));
#11163=CARTESIAN_POINT('Origin',(0.,0.4,0.));
#11164=CARTESIAN_POINT('',(8.3,0.,1.52468526493846E-15));
#11165=CARTESIAN_POINT('Origin',(0.,0.4,0.));
#11166=CARTESIAN_POINT('',(-5.5,7.63278329429795E-16,3.36777869765522E-16));
#11167=CARTESIAN_POINT('',(-8.3,0.4,5.08228421646152E-16));
#11168=CARTESIAN_POINT('Origin',(0.,-5.42101086242752E-17,0.));
#11169=CARTESIAN_POINT('Origin',(5.5,-2.71050543121376E-17,0.));
#11170=CARTESIAN_POINT('',(1.67641719448407,0.,-5.15948160090115));
#11171=CARTESIAN_POINT('Origin',(-1.11022302462516E-15,0.,-5.55111512312578E-16));
#11172=CARTESIAN_POINT('Origin',(0.,0.29999999999994,0.));
#11173=CARTESIAN_POINT('',(-5.125,0.3,8.24162857959277E-16));
#11174=CARTESIAN_POINT('',(1.5837120961716,0.3,-4.87416464601266));
#11175=CARTESIAN_POINT('Origin',(0.,0.3,0.));
#11176=CARTESIAN_POINT('Origin',(0.,0.3,0.));
#11177=CARTESIAN_POINT('Origin',(1.67641719448407,0.29999999999994,-5.15948160090115));
#11178=CARTESIAN_POINT('Origin',(0.,0.,0.));
#11179=CARTESIAN_POINT('',(-5.125,0.,8.24162857959277E-16));
#11180=CARTESIAN_POINT('Origin',(0.,17.85,0.));
#11181=CARTESIAN_POINT('',(8.03689110169377,16.5631088983062,7.38176472208884E-16));
#11182=CARTESIAN_POINT('Ctrl Pts',(8.03689110169377,16.5631088983062,-1.38777878078145E-16));
#11183=CARTESIAN_POINT('Ctrl Pts',(8.03689110169377,16.5631088983062,0.553436888055106));
#11184=CARTESIAN_POINT('Ctrl Pts',(8.01076871893377,16.5276769615587,1.15935795780572));
#11185=CARTESIAN_POINT('Ctrl Pts',(7.90862617756792,16.3694908799687,2.35563884398268));
#11186=CARTESIAN_POINT('Ctrl Pts',(7.83393513943636,16.2461023872282,2.94602781098983));
#11187=CARTESIAN_POINT('Ctrl Pts',(7.72617595481944,16.0274654935753,3.7218661443958));
#11188=CARTESIAN_POINT('Ctrl Pts',(7.68824776623138,15.9446466174426,3.98343461254217));
#11189=CARTESIAN_POINT('Ctrl Pts',(7.65038463814562,15.85,4.2466592621054));
#11190=CARTESIAN_POINT('',(6.75,17.85,1.2399548841367E-15));
#11191=CARTESIAN_POINT('',(6.75,17.85,1.2399548841367E-15));
#11192=CARTESIAN_POINT('Origin',(0.,17.85,0.));
#11193=CARTESIAN_POINT('Ctrl Pts',(7.65038463814562,15.85,-4.2466592621054));
#11194=CARTESIAN_POINT('Ctrl Pts',(7.68824776623138,15.9446466174426,-3.98343461254218));
#11195=CARTESIAN_POINT('Ctrl Pts',(7.72617595481944,16.0274654935752,-3.7218661443958));
#11196=CARTESIAN_POINT('Ctrl Pts',(7.83393513943636,16.2461023872282,-2.94602781098983));
#11197=CARTESIAN_POINT('Ctrl Pts',(7.90862617756792,16.3694908799687,-2.35563884398268));
#11198=CARTESIAN_POINT('Ctrl Pts',(8.01076871893377,16.5276769615587,-1.15935795780572));
#11199=CARTESIAN_POINT('Ctrl Pts',(8.03689110169377,16.5631088983062,-0.553436888055105));
#11200=CARTESIAN_POINT('Ctrl Pts',(8.03689110169377,16.5631088983062,4.16333634234434E-16));
#11201=CARTESIAN_POINT('Origin',(0.,0.,0.));
#11202=CARTESIAN_POINT('',(6.75,18.35,4.15881333306103E-15));
#11203=CARTESIAN_POINT('',(6.75,0.,8.7339603003565E-15));
#11204=CARTESIAN_POINT('',(6.4,19.05,2.14534379529251));
#11205=CARTESIAN_POINT('Ctrl Pts',(6.4,19.05,2.14534379529251));
#11206=CARTESIAN_POINT('Ctrl Pts',(6.4970784100483,18.8505342043539,1.85573901228643));
#11207=CARTESIAN_POINT('Ctrl Pts',(6.58811357808935,18.6687237710223,1.51494938291784));
#11208=CARTESIAN_POINT('Ctrl Pts',(6.7160945236606,18.4157122853164,0.775948781914458));
#11209=CARTESIAN_POINT('Ctrl Pts',(6.75,18.35,0.375430781823313));
#11210=CARTESIAN_POINT('Ctrl Pts',(6.75,18.35,-2.77555756156289E-16));
#11211=CARTESIAN_POINT('',(0.,25.45,6.75));
#11212=CARTESIAN_POINT('Origin',(0.,25.45,0.));
#11213=CARTESIAN_POINT('Origin',(0.,25.45,0.));
#11214=CARTESIAN_POINT('',(0.,25.45,-6.75));
#11215=CARTESIAN_POINT('Origin',(0.,25.45,0.));
#11216=CARTESIAN_POINT('',(6.4,19.05,-2.14534379529249));
#11217=CARTESIAN_POINT('Origin',(0.,25.45,0.));
#11218=CARTESIAN_POINT('Ctrl Pts',(6.75,18.35,-6.24500451351651E-16));
#11219=CARTESIAN_POINT('Ctrl Pts',(6.75,18.35,-0.375430781823314));
#11220=CARTESIAN_POINT('Ctrl Pts',(6.7160945236606,18.4157122853164,-0.775948781914457));
#11221=CARTESIAN_POINT('Ctrl Pts',(6.58811357808935,18.6687237710223,-1.51494938291783));
#11222=CARTESIAN_POINT('Ctrl Pts',(6.4970784100483,18.8505342043539,-1.85573901228642));
#11223=CARTESIAN_POINT('Ctrl Pts',(6.4,19.05,-2.14534379529249));
#11224=CARTESIAN_POINT('Origin',(24.25,25.45,0.));
#11225=CARTESIAN_POINT('Origin',(6.4,25.45,0.));
#11226=CARTESIAN_POINT('Origin',(6.4,25.45,0.));
#11227=CARTESIAN_POINT('',(8.4,16.9994897427832,-2.26966437886163));
#11228=CARTESIAN_POINT('',(8.4,16.9994897427832,2.26966437886163));
#11229=CARTESIAN_POINT('Origin',(8.4,25.45,0.));
#11230=CARTESIAN_POINT('',(8.25632120355847,16.8436787964415,-2.63492592859297E-16));
#11231=CARTESIAN_POINT('Ctrl Pts',(8.25632120355847,16.8436787964415,0.));
#11232=CARTESIAN_POINT('Ctrl Pts',(8.25632120355847,16.8436787964415,-0.645014571679357));
#11233=CARTESIAN_POINT('Ctrl Pts',(8.2914235617857,16.8864567177644,-1.35062095098663));
#11234=CARTESIAN_POINT('Ctrl Pts',(8.38108156993596,16.9800633440021,-2.12074039914446));
#11235=CARTESIAN_POINT('Ctrl Pts',(8.39028553243256,16.9895749558402,-2.19529805336143));
#11236=CARTESIAN_POINT('Ctrl Pts',(8.40000000000001,16.9994897427832,-2.26966437886164));
#11237=CARTESIAN_POINT('',(6.4,18.7,-4.13318294712232E-16));
#11238=CARTESIAN_POINT('Ctrl Pts',(8.40000000000001,16.9994897427832,2.26966437886163));
#11239=CARTESIAN_POINT('Ctrl Pts',(8.39028553243256,16.9895749558402,2.19529805336143));
#11240=CARTESIAN_POINT('Ctrl Pts',(8.38108156993596,16.9800633440021,2.12074039914446));
#11241=CARTESIAN_POINT('Ctrl Pts',(8.2914235617857,16.8864567177644,1.35062095098663));
#11242=CARTESIAN_POINT('Ctrl Pts',(8.25632120355847,16.8436787964415,0.645014571679358));
#11243=CARTESIAN_POINT('Ctrl Pts',(8.25632120355847,16.8436787964415,-2.77555756156289E-16));
#11244=CARTESIAN_POINT('Origin',(24.25,25.45,0.));
#11245=CARTESIAN_POINT('',(16.9,16.7,1.03870265066418E-10));
#11246=CARTESIAN_POINT('Origin',(16.9,25.45,0.));
#11247=CARTESIAN_POINT('',(13.6617928959283,16.7,5.1935132533209E-11));
#11248=CARTESIAN_POINT('',(24.25,16.7,1.03870265066418E-10));
#11249=CARTESIAN_POINT('',(10.9,18.05,-4.66931472488202));
#11250=CARTESIAN_POINT('Ctrl Pts',(10.9,18.05,-4.66931472488202));
#11251=CARTESIAN_POINT('Ctrl Pts',(11.0702741142972,18.05,-4.66931472488202));
#11252=CARTESIAN_POINT('Ctrl Pts',(11.2429473063434,18.0373036446764,-4.64937132796348));
#11253=CARTESIAN_POINT('Ctrl Pts',(11.579299713584,17.9876520252358,-4.56925417576124));
#11254=CARTESIAN_POINT('Ctrl Pts',(11.7429795634442,17.9507351573104,-4.50905929539399));
#11255=CARTESIAN_POINT('Ctrl Pts',(12.203215504163,17.8140567468901,-4.2763590145916));
#11256=CARTESIAN_POINT('Ctrl Pts',(12.4681495259126,17.6878539001685,-4.04802134142537));
#11257=CARTESIAN_POINT('Ctrl Pts',(12.9156370098176,17.4253695775632,-3.50386042373043));
#11258=CARTESIAN_POINT('Ctrl Pts',(13.1279290237639,17.2552877352257,-3.09204889343151));
#11259=CARTESIAN_POINT('Ctrl Pts',(13.4031529492385,17.0038835483254,-2.32400954401353));
#11260=CARTESIAN_POINT('Ctrl Pts',(13.5064003228973,16.8880767722401,-1.86629228101737));
#11261=CARTESIAN_POINT('Ctrl Pts',(13.6351709887158,16.73603816033,-0.925444658050985));
#11262=CARTESIAN_POINT('Ctrl Pts',(13.6617928959283,16.7,-0.442433698838249));
#11263=CARTESIAN_POINT('Ctrl Pts',(13.6617928959283,16.7,-2.77555756156289E-16));
#11264=CARTESIAN_POINT('Ctrl Pts',(8.40000000000001,16.9994897427832,-2.26966437886164));
#11265=CARTESIAN_POINT('Ctrl Pts',(8.44134562005533,17.0416879395476,-2.42677848697146));
#11266=CARTESIAN_POINT('Ctrl Pts',(8.48795108351222,17.0871028223675,-2.57824428004727));
#11267=CARTESIAN_POINT('Ctrl Pts',(8.67207097623606,17.2552877352257,-3.09204889343151));
#11268=CARTESIAN_POINT('Ctrl Pts',(8.88436299018243,17.4253695775632,-3.50386042373043));
#11269=CARTESIAN_POINT('Ctrl Pts',(9.33185047408738,17.6878539001685,-4.04802134142537));
#11270=CARTESIAN_POINT('Ctrl Pts',(9.59678449583697,17.8140567468901,-4.27635901459159));
#11271=CARTESIAN_POINT('Ctrl Pts',(10.0570204365558,17.9507351573104,-4.50905929539399));
#11272=CARTESIAN_POINT('Ctrl Pts',(10.220700286416,17.9876520252358,-4.56925417576124));
#11273=CARTESIAN_POINT('Ctrl Pts',(10.5570526936567,18.0373036446764,-4.64937132796348));
#11274=CARTESIAN_POINT('Ctrl Pts',(10.7297258857028,18.05,-4.66931472488201));
#11275=CARTESIAN_POINT('Ctrl Pts',(10.9,18.05,-4.66931472488201));
#11276=CARTESIAN_POINT('',(10.9,18.05,4.66931472488201));
#11277=CARTESIAN_POINT('Ctrl Pts',(10.9,18.05,4.66931472488201));
#11278=CARTESIAN_POINT('Ctrl Pts',(10.7297258857028,18.05,4.66931472488201));
#11279=CARTESIAN_POINT('Ctrl Pts',(10.5570526936567,18.0373036446764,4.64937132796348));
#11280=CARTESIAN_POINT('Ctrl Pts',(10.220700286416,17.9876520252358,4.56925417576124));
#11281=CARTESIAN_POINT('Ctrl Pts',(10.0570204365558,17.9507351573104,4.50905929539399));
#11282=CARTESIAN_POINT('Ctrl Pts',(9.59678449583698,17.8140567468901,4.2763590145916));
#11283=CARTESIAN_POINT('Ctrl Pts',(9.33185047408739,17.6878539001685,4.04802134142537));
#11284=CARTESIAN_POINT('Ctrl Pts',(8.88436299018244,17.4253695775632,3.50386042373043));
#11285=CARTESIAN_POINT('Ctrl Pts',(8.67207097623606,17.2552877352257,3.09204889343151));
#11286=CARTESIAN_POINT('Ctrl Pts',(8.48795108351222,17.0871028223675,2.57824428004727));
#11287=CARTESIAN_POINT('Ctrl Pts',(8.44134562005533,17.0416879395476,2.42677848697146));
#11288=CARTESIAN_POINT('Ctrl Pts',(8.40000000000001,16.9994897427832,2.26966437886163));
#11289=CARTESIAN_POINT('Ctrl Pts',(13.6617928959283,16.7,-1.38777878078145E-16));
#11290=CARTESIAN_POINT('Ctrl Pts',(13.6617928959283,16.7,0.442433698838251));
#11291=CARTESIAN_POINT('Ctrl Pts',(13.6351709887158,16.73603816033,0.925444658050988));
#11292=CARTESIAN_POINT('Ctrl Pts',(13.5064003228973,16.8880767722401,1.86629228101738));
#11293=CARTESIAN_POINT('Ctrl Pts',(13.4031529492385,17.0038835483254,2.32400954401353));
#11294=CARTESIAN_POINT('Ctrl Pts',(13.1279290237639,17.2552877352257,3.09204889343151));
#11295=CARTESIAN_POINT('Ctrl Pts',(12.9156370098176,17.4253695775632,3.50386042373043));
#11296=CARTESIAN_POINT('Ctrl Pts',(12.4681495259126,17.6878539001685,4.04802134142537));
#11297=CARTESIAN_POINT('Ctrl Pts',(12.203215504163,17.8140567468901,4.2763590145916));
#11298=CARTESIAN_POINT('Ctrl Pts',(11.7429795634442,17.9507351573104,4.50905929539399));
#11299=CARTESIAN_POINT('Ctrl Pts',(11.579299713584,17.9876520252358,4.56925417576124));
#11300=CARTESIAN_POINT('Ctrl Pts',(11.2429473063434,18.0373036446764,4.64937132796348));
#11301=CARTESIAN_POINT('Ctrl Pts',(11.0702741142972,18.05,4.66931472488202));
#11302=CARTESIAN_POINT('Ctrl Pts',(10.9,18.05,4.66931472488202));
#11303=CARTESIAN_POINT('Origin',(16.9,25.45,0.));
#11304=CARTESIAN_POINT('',(19.4,16.9,5.23536506635493E-16));
#11305=CARTESIAN_POINT('',(16.9,16.7,5.35782974626967E-16));
#11306=CARTESIAN_POINT('Origin',(19.4,25.45,0.));
#11307=CARTESIAN_POINT('Origin',(19.4,34.,0.));
#11308=CARTESIAN_POINT('',(19.4,33.95,1.28856995200895E-14));
#11309=CARTESIAN_POINT('Origin',(19.4,25.45,0.));
#11310=CARTESIAN_POINT('Origin',(24.25,25.45,0.));
#11311=CARTESIAN_POINT('',(20.58840762315,16.95,5.20474889637625E-16));
#11312=CARTESIAN_POINT('',(20.58840762315,33.95,1.28856995200895E-14));
#11313=CARTESIAN_POINT('Origin',(20.58840762315,25.45,0.));
#11314=CARTESIAN_POINT('Origin',(20.58840762315,25.45,0.));
#11315=CARTESIAN_POINT('',(24.25,33.95,1.28856995200895E-14));
#11316=CARTESIAN_POINT('Origin',(20.58840762315,25.45,0.));
#11317=CARTESIAN_POINT('',(20.8,18.15,4.46996081688784E-16));
#11318=CARTESIAN_POINT('',(20.58840762315,16.95,5.20474889637625E-16));
#11319=CARTESIAN_POINT('Origin',(20.8,25.45,0.));
#11320=CARTESIAN_POINT('Origin',(20.8,32.75,0.));
#11321=CARTESIAN_POINT('',(20.8,31.35,1.08381241724541E-15));
#11322=CARTESIAN_POINT('Origin',(20.8,25.45,0.));
#11323=CARTESIAN_POINT('Origin',(24.25,25.45,0.));
#11324=CARTESIAN_POINT('',(22.05,31.35,1.08381241724541E-15));
#11325=CARTESIAN_POINT('Origin',(22.05,25.45,0.));
#11326=CARTESIAN_POINT('',(24.25,31.35,1.08381241724541E-15));
#11327=CARTESIAN_POINT('Origin',(22.05,31.35,0.));
#11328=CARTESIAN_POINT('',(22.05,33.75,1.52468526493846E-15));
#11329=CARTESIAN_POINT('Origin',(22.05,25.45,0.));
#11330=CARTESIAN_POINT('Origin',(24.25,25.45,0.));
#11331=CARTESIAN_POINT('',(23.85,17.15,5.08228421646152E-16));
#11332=CARTESIAN_POINT('',(23.85,33.75,1.52468526493846E-15));
#11333=CARTESIAN_POINT('Origin',(23.85,25.45,0.));
#11334=CARTESIAN_POINT('Origin',(23.85,25.45,0.));
#11335=CARTESIAN_POINT('',(24.25,33.75,1.52468526493846E-15));
#11336=CARTESIAN_POINT('Origin',(23.85,25.45,0.));
#11337=CARTESIAN_POINT('',(24.25,19.95,3.36777869765522E-16));
#11338=CARTESIAN_POINT('',(23.85,17.15,5.08228421646152E-16));
#11339=CARTESIAN_POINT('Origin',(24.25,25.45,0.));
#11340=CARTESIAN_POINT('Origin',(24.25,30.95,0.));
#11341=CARTESIAN_POINT('',(24.2499999999999,27.1264171944841,-5.1594816009011));
#11342=CARTESIAN_POINT('Origin',(24.2499999999999,25.45,-2.77555756156289E-16));
#11343=CARTESIAN_POINT('Origin',(23.95,25.45,0.));
#11344=CARTESIAN_POINT('',(23.95,20.325,8.24162857959277E-16));
#11345=CARTESIAN_POINT('',(23.95,27.0337120961716,-4.87416464601266));
#11346=CARTESIAN_POINT('Origin',(23.95,25.45,0.));
#11347=CARTESIAN_POINT('Origin',(23.95,25.45,0.));
#11348=CARTESIAN_POINT('Origin',(23.95,27.1264171944841,-5.1594816009011));
#11349=CARTESIAN_POINT('Origin',(24.25,25.45,0.));
#11350=CARTESIAN_POINT('',(4.55,20.325,8.24162857959277E-16));
#11351=CARTESIAN_POINT('Origin',(4.55,25.45,0.));
#11352=CARTESIAN_POINT('',(24.25,20.325,8.24162857959277E-16));
#11353=CARTESIAN_POINT('Origin',(4.55,29.45,0.));
#11354=CARTESIAN_POINT('Origin',(10.9,14.55,8.75));
#11355=CARTESIAN_POINT('',(10.9,18.05,-8.75));
#11356=CARTESIAN_POINT('Origin',(10.9,14.55,-8.75));
#11357=CARTESIAN_POINT('',(10.9,18.05,8.75));
#11358=CARTESIAN_POINT('',(10.9,18.05,8.75));
#11359=CARTESIAN_POINT('',(10.9,18.05,8.75));
#11360=CARTESIAN_POINT('Origin',(10.9,14.55,8.75));
#11361=CARTESIAN_POINT('Origin',(10.9,14.55,8.75));
#11362=CARTESIAN_POINT('',(10.9,12.4,8.75));
#11363=CARTESIAN_POINT('Origin',(10.9,14.55,8.75));
#11364=CARTESIAN_POINT('Origin',(10.9,14.55,-8.75));
#11365=CARTESIAN_POINT('',(10.9,12.4,-8.75));
#11366=CARTESIAN_POINT('Origin',(10.9,14.55,-8.75));
#11367=CARTESIAN_POINT('Origin',(10.9,14.55,8.75));
#11368=CARTESIAN_POINT('',(10.9,12.4,8.75));
#11369=CARTESIAN_POINT('Origin',(-10.9,14.55,-8.75));
#11370=CARTESIAN_POINT('',(-10.9,12.4,-8.75));
#11371=CARTESIAN_POINT('Origin',(-10.9,14.55,-8.75));
#11372=CARTESIAN_POINT('Origin',(-10.9,14.55,8.75));
#11373=CARTESIAN_POINT('',(-10.9,12.4,8.75));
#11374=CARTESIAN_POINT('',(0.,0.,0.));
#11375=CARTESIAN_POINT('Origin',(0.,0.,0.));
#11376=CARTESIAN_POINT('',(0.,29.85,5.));
#11377=CARTESIAN_POINT('',(-5.,24.85,-3.06161699786843E-16));
#11378=CARTESIAN_POINT('Origin',(0.,29.85,0.));
#11379=CARTESIAN_POINT('',(4.99999999999999,24.85,-9.07352212226589E-15));
#11380=CARTESIAN_POINT('Origin',(-4.44089209850063E-15,29.85,0.));
#11381=CARTESIAN_POINT('',(5.,22.9,-9.0735221222659E-15));
#11382=CARTESIAN_POINT('',(5.,0.,-9.0735221222659E-15));
#11383=CARTESIAN_POINT('Origin',(0.,22.9,0.));
#11384=CARTESIAN_POINT('',(0.,29.85,-5.));
#11385=CARTESIAN_POINT('Origin',(-4.44089209850063E-15,29.85,0.));
#11386=CARTESIAN_POINT('Origin',(0.,29.85,0.));
#11387=CARTESIAN_POINT('Origin',(5.,22.9,0.));
#11388=CARTESIAN_POINT('',(-6.125,22.9,-3.75048082238877E-16));
#11389=CARTESIAN_POINT('Origin',(0.,22.9,0.));
#11390=CARTESIAN_POINT('Origin',(28.65,29.85,0.));
#11391=CARTESIAN_POINT('',(-5.75,24.85,-3.06161699786838E-16));
#11392=CARTESIAN_POINT('Origin',(-5.75,29.85,0.));
#11393=CARTESIAN_POINT('',(28.65,24.85,-3.06161699786838E-16));
#11394=CARTESIAN_POINT('',(5.75,24.85,-3.06161699786838E-16));
#11395=CARTESIAN_POINT('',(28.65,24.85,-3.06161699786838E-16));
#11396=CARTESIAN_POINT('Origin',(5.75,29.85,0.));
#11397=CARTESIAN_POINT('Origin',(-5.75,35.975,0.));
#11398=CARTESIAN_POINT('',(-5.75,35.975,1.12514424671663E-15));
#11399=CARTESIAN_POINT('Origin',(-5.75,29.85,0.));
#11400=CARTESIAN_POINT('Origin',(28.65,29.85,0.));
#11401=CARTESIAN_POINT('',(-28.35,35.975,1.12514424671663E-15));
#11402=CARTESIAN_POINT('',(-28.35,27.9572709094534,5.82522116230782));
#11403=CARTESIAN_POINT('Origin',(-28.35,29.85,0.));
#11404=CARTESIAN_POINT('',(28.65,35.975,1.12514424671663E-15));
#11405=CARTESIAN_POINT('Origin',(-28.35,29.85,0.));
#11406=CARTESIAN_POINT('Origin',(-28.35,29.85,0.));
#11407=CARTESIAN_POINT('',(-28.6499999999999,23.7394618828038,-1.985434188859));
#11408=CARTESIAN_POINT('',(-28.6499999999999,35.9605381171963,1.985434188859));
#11409=CARTESIAN_POINT('Ctrl Pts',(-28.6499999999999,23.7394618828038,-1.985434188859));
#11410=CARTESIAN_POINT('Ctrl Pts',(-28.6499999999999,23.7943453869892,-2.15411502597673));
#11411=CARTESIAN_POINT('Ctrl Pts',(-28.6499999798808,23.856193916722,-2.32055254270169));
#11412=CARTESIAN_POINT('Ctrl Pts',(-28.6499999727015,23.9248096645588,-2.4841698721613));
#11413=CARTESIAN_POINT('Ctrl Pts',(-28.649999965542,23.9932348564959,-2.64733281252803));
#11414=CARTESIAN_POINT('Ctrl Pts',(-28.6499999680775,24.0683896420003,-2.80769091470687));
#11415=CARTESIAN_POINT('Ctrl Pts',(-28.6499999749556,24.1500286323264,-2.96468821861022));
#11416=CARTESIAN_POINT('Ctrl Pts',(-28.6499999818226,24.2315358581334,-3.1214321304253));
#11417=CARTESIAN_POINT('Ctrl Pts',(-28.649999991396,24.3195062670845,-3.27482579535218));
#11418=CARTESIAN_POINT('Ctrl Pts',(-28.6499999960936,24.413647985075,-3.42433638470172));
#11419=CARTESIAN_POINT('Ctrl Pts',(-28.6500000007808,24.5075783382536,-3.57351129632757));
#11420=CARTESIAN_POINT('Ctrl Pts',(-28.650000000497,24.6076521809927,-3.71882027420553));
#11421=CARTESIAN_POINT('Ctrl Pts',(-28.6499999984232,24.71353396053,-3.85975865332193));
#11422=CARTESIAN_POINT('Ctrl Pts',(-28.6499999968499,24.7938558808899,-3.96667451091798));
#11423=CARTESIAN_POINT('Ctrl Pts',(-28.6499999947953,24.8775191701488,-4.07107567422408));
#11424=CARTESIAN_POINT('Ctrl Pts',(-28.6499999948652,24.9643605583119,-4.17275274729267));
#11425=CARTESIAN_POINT('Ctrl Pts',(-28.6499999949586,25.0804742432117,-4.30870289587463));
#11426=CARTESIAN_POINT('Ctrl Pts',(-28.6499999969877,25.2022723333441,-4.43979701316461));
#11427=CARTESIAN_POINT('Ctrl Pts',(-28.6499999985117,25.3293270822269,-4.56558050556572));
#11428=CARTESIAN_POINT('Ctrl Pts',(-28.6500000000373,25.4565242621726,-4.69150500392427));
#11429=CARTESIAN_POINT('Ctrl Pts',(-28.6500000007754,25.5889896809823,-4.81210676560931));
#11430=CARTESIAN_POINT('Ctrl Pts',(-28.6499999986268,25.7262583210326,-4.92696770229363));
#11431=CARTESIAN_POINT('Ctrl Pts',(-28.6499999964771,25.8635967647148,-5.04188704788));
#11432=CARTESIAN_POINT('Ctrl Pts',(-28.649999991353,26.0057430850769,-5.15105955270264));
#11433=CARTESIAN_POINT('Ctrl Pts',(-28.6499999842527,26.1521990399077,-5.25410734727441));
#11434=CARTESIAN_POINT('Ctrl Pts',(-28.6499999771456,26.2987938489295,-5.35725284096784));
#11435=CARTESIAN_POINT('Ctrl Pts',(-28.6499999681717,26.4497062259174,-5.45426184642466));
#11436=CARTESIAN_POINT('Ctrl Pts',(-28.6499999612284,26.6044074918769,-5.5447988593662));
#11437=CARTESIAN_POINT('Ctrl Pts',(-28.6499999563893,26.7122274330588,-5.60789915366299));
#11438=CARTESIAN_POINT('Ctrl Pts',(-28.6499999526268,26.8218872080145,-5.66785660056542));
#11439=CARTESIAN_POINT('Ctrl Pts',(-28.649999951309,26.9332004823455,-5.72457066054363));
#11440=CARTESIAN_POINT('Ctrl Pts',(-28.6499999494191,27.0928312550128,-5.80590246279125));
#11441=CARTESIAN_POINT('Ctrl Pts',(-28.6499999539304,27.2558589317441,-5.88056186991758));
#11442=CARTESIAN_POINT('Ctrl Pts',(-28.6499999613451,27.4217167619899,-5.94828618901459));
#11443=CARTESIAN_POINT('Ctrl Pts',(-28.649999968754,27.5874436062011,-6.01595702290684));
#11444=CARTESIAN_POINT('Ctrl Pts',(-28.6499999787336,27.7559958704081,-6.07670360141304));
#11445=CARTESIAN_POINT('Ctrl Pts',(-28.6499999864598,27.9267875135961,-6.13031161721259));
#11446=CARTESIAN_POINT('Ctrl Pts',(-28.6499999941816,28.0974835244113,-6.18388961595946));
#11447=CARTESIAN_POINT('Ctrl Pts',(-28.6499999994784,28.2704161334622,-6.23033694761011));
#11448=CARTESIAN_POINT('Ctrl Pts',(-28.6499999999612,28.4449837039771,-6.26948899653414));
#11449=CARTESIAN_POINT('Ctrl Pts',(-28.6500000004435,28.6194263668964,-6.30861303115814));
#11450=CARTESIAN_POINT('Ctrl Pts',(-28.6499999960974,28.7955013710457,-6.34045214731028));
#11451=CARTESIAN_POINT('Ctrl Pts',(-28.6499999884252,28.9725959711339,-6.36489261793117));
#11452=CARTESIAN_POINT('Ctrl Pts',(-28.6499999830542,29.0965729624435,-6.38200243388413));
#11453=CARTESIAN_POINT('Ctrl Pts',(-28.649999976156,29.221049378817,-6.39548733769516));
#11454=CARTESIAN_POINT('Ctrl Pts',(-28.6499999692029,29.3458125047208,-6.40532331315083));
#11455=CARTESIAN_POINT('Ctrl Pts',(-28.649999959272,29.5240076179226,-6.41937171685245));
#11456=CARTESIAN_POINT('Ctrl Pts',(-28.649999955023,29.7027946910079,-6.42596459947281));
#11457=CARTESIAN_POINT('Ctrl Pts',(-28.6499999568563,29.8815494051322,-6.42508343282922));
#11458=CARTESIAN_POINT('Ctrl Pts',(-28.6499999586925,30.060576067687,-6.42420092562302));
#11459=CARTESIAN_POINT('Ctrl Pts',(-28.6499999658921,30.2395699829269,-6.41582162302171));
#11460=CARTESIAN_POINT('Ctrl Pts',(-28.649999973327,30.4179059155902,-6.39997917858286));
#11461=CARTESIAN_POINT('Ctrl Pts',(-28.6499999807673,30.5963725116577,-6.38412512668112));
#11462=CARTESIAN_POINT('Ctrl Pts',(-28.6499999881207,30.7741798743448,-6.36079703590207));
#11463=CARTESIAN_POINT('Ctrl Pts',(-28.6499999926799,30.9507076594896,-6.33008050880427));
#11464=CARTESIAN_POINT('Ctrl Pts',(-28.649999997245,31.1274640590518,-6.29932420190105));
#11465=CARTESIAN_POINT('Ctrl Pts',(-28.6499999991068,31.302937282436,-6.26116037114702));
#11466=CARTESIAN_POINT('Ctrl Pts',(-28.6499999996795,31.4765151248395,-6.21572616081587));
#11467=CARTESIAN_POINT('Ctrl Pts',(-28.6500000000775,31.5971370106507,-6.18415323621561));
#11468=CARTESIAN_POINT('Ctrl Pts',(-28.6499999999999,31.7168438214624,-6.14907046334703));
#11469=CARTESIAN_POINT('Ctrl Pts',(-28.6499999999999,31.835434188859,-6.11053811719636));
#11470=CARTESIAN_POINT('Ctrl Pts',(-28.6499999999999,32.0061250774059,-6.05507728554));
#11471=CARTESIAN_POINT('Ctrl Pts',(-28.6500000002355,32.1744858788967,-5.9924732747465));
#11472=CARTESIAN_POINT('Ctrl Pts',(-28.6499999987849,32.3399277330905,-5.92294114690153));
#11473=CARTESIAN_POINT('Ctrl Pts',(-28.6499999973362,32.5051488547263,-5.85350178883671));
#11474=CARTESIAN_POINT('Ctrl Pts',(-28.6499999938136,32.6674585438626,-5.77715288852412));
#11475=CARTESIAN_POINT('Ctrl Pts',(-28.6499999878628,32.8262889646871,-5.69415714364809));
#11476=CARTESIAN_POINT('Ctrl Pts',(-28.649999981917,32.984981309699,-5.61123354933908));
#11477=CARTESIAN_POINT('Ctrl Pts',(-28.6499999735776,33.1402001709349,-5.52167478067562));
#11478=CARTESIAN_POINT('Ctrl Pts',(-28.649999966752,33.2914018242222,-5.42578966029203));
#11479=CARTESIAN_POINT('Ctrl Pts',(-28.6499999599347,33.4424203469801,-5.33002067285069));
#11480=CARTESIAN_POINT('Ctrl Pts',(-28.6499999550747,33.5894311366238,-5.22794079169375));
#11481=CARTESIAN_POINT('Ctrl Pts',(-28.6499999567339,33.7319188667008,-5.11990247253547));
#11482=CARTESIAN_POINT('Ctrl Pts',(-28.6499999578893,33.831144226004,-5.04466693449164));
#11483=CARTESIAN_POINT('Ctrl Pts',(-28.6499999622848,33.9281767086718,-4.96654283112952));
#11484=CARTESIAN_POINT('Ctrl Pts',(-28.6499999692029,34.0228508316674,-4.88566144068968));
#11485=CARTESIAN_POINT('Ctrl Pts',(-28.6499999791328,34.1587413909803,-4.76956828833614));
#11486=CARTESIAN_POINT('Ctrl Pts',(-28.6499999888322,34.2897830457742,-4.64779654933556));
#11487=CARTESIAN_POINT('Ctrl Pts',(-28.649999994429,34.4155211121107,-4.52077259968216));
#11488=CARTESIAN_POINT('Ctrl Pts',(-28.6500000000311,34.5413795051306,-4.39362709280258));
#11489=CARTESIAN_POINT('Ctrl Pts',(-28.6500000014376,34.6619239536681,-4.26121952985705));
#11490=CARTESIAN_POINT('Ctrl Pts',(-28.6499999983293,34.7767363122641,-4.12401351662908));
#11491=CARTESIAN_POINT('Ctrl Pts',(-28.6499999952198,34.8915968444688,-3.9867499337381));
#11492=CARTESIAN_POINT('Ctrl Pts',(-28.649999987659,35.0007202973944,-3.84468410339946));
#11493=CARTESIAN_POINT('Ctrl Pts',(-28.6499999790281,35.1037286957186,-3.69831290776251));
#11494=CARTESIAN_POINT('Ctrl Pts',(-28.64999997039,35.20682138007,-3.55182194473986));
#11495=CARTESIAN_POINT('Ctrl Pts',(-28.6499999609008,35.303788837575,-3.40101881020657));
#11496=CARTESIAN_POINT('Ctrl Pts',(-28.6499999554942,35.3942954693927,-3.24643079924524));
#11497=CARTESIAN_POINT('Ctrl Pts',(-28.6499999517141,35.457574358467,-3.13834858028078));
#11498=CARTESIAN_POINT('Ctrl Pts',(-28.6499999499878,35.5176959119956,-3.02841681786046));
#11499=CARTESIAN_POINT('Ctrl Pts',(-28.649999951309,35.5745585889409,-2.9168232095089));
#11500=CARTESIAN_POINT('Ctrl Pts',(-28.6499999532001,35.6559502076851,-2.75709129196342));
#11501=CARTESIAN_POINT('Ctrl Pts',(-28.6499999601705,35.730659374769,-2.59395642014923));
#11502=CARTESIAN_POINT('Ctrl Pts',(-28.6499999680138,35.7984223615569,-2.42798605181974));
#11503=CARTESIAN_POINT('Ctrl Pts',(-28.6499999758498,35.8661217657988,-2.26217141479838));
#11504=CARTESIAN_POINT('Ctrl Pts',(-28.6499999843055,35.926887901319,-2.09352686314039));
#11505=CARTESIAN_POINT('Ctrl Pts',(-28.6499999901679,35.9805054505914,-1.92263906374585));
#11506=CARTESIAN_POINT('Ctrl Pts',(-28.6499999960266,36.0340883322461,-1.75186175565453));
#11507=CARTESIAN_POINT('Ctrl Pts',(-28.6499999992423,36.080531770896,-1.57884437141191));
#11508=CARTESIAN_POINT('Ctrl Pts',(-28.6499999998681,36.1196701158696,-1.40418922018884));
#11509=CARTESIAN_POINT('Ctrl Pts',(-28.6500000004933,36.1587748121477,-1.22968422651578));
#11510=CARTESIAN_POINT('Ctrl Pts',(-28.6499999986769,36.1905868969736,-1.053544560408));
#11511=CARTESIAN_POINT('Ctrl Pts',(-28.6499999970415,36.2149916081487,-0.876383601249105));
#11512=CARTESIAN_POINT('Ctrl Pts',(-28.6499999958999,36.232026401122,-0.752723040770538));
#11513=CARTESIAN_POINT('Ctrl Pts',(-28.6499999949304,36.2454532153277,-0.628565152059591));
#11514=CARTESIAN_POINT('Ctrl Pts',(-28.6499999948652,36.2552478630358,-0.504121074041806));
#11515=CARTESIAN_POINT('Ctrl Pts',(-28.6499999947732,36.2690699430288,-0.32850720284427));
#11516=CARTESIAN_POINT('Ctrl Pts',(-28.6499999984626,36.2756488601762,-0.15231058256333));
#11517=CARTESIAN_POINT('Ctrl Pts',(-28.6499999996441,36.2749702994374,0.0238621807817018));
#11518=CARTESIAN_POINT('Ctrl Pts',(-28.6500000008288,36.2742899097188,0.200509796862979));
#11519=CARTESIAN_POINT('Ctrl Pts',(-28.6499999984834,36.266312889762,0.377133116335934));
#11520=CARTESIAN_POINT('Ctrl Pts',(-28.649999992002,36.2510771415218,0.553124107401309));
#11521=CARTESIAN_POINT('Ctrl Pts',(-28.6499999855114,36.235819512851,0.729367843431408));
#11522=CARTESIAN_POINT('Ctrl Pts',(-28.6499999753567,36.2132823554787,0.904977128747721));
#11523=CARTESIAN_POINT('Ctrl Pts',(-28.6499999706631,36.1835554759012,1.07934943633203));
#11524=CARTESIAN_POINT('Ctrl Pts',(-28.6499999659573,36.1537515242229,1.25417383442277));
#11525=CARTESIAN_POINT('Ctrl Pts',(-28.6499999687581,36.1167206026291,1.42775453259948));
#11526=CARTESIAN_POINT('Ctrl Pts',(-28.6499999792916,36.0726041123288,1.59949702097916));
#11527=CARTESIAN_POINT('Ctrl Pts',(-28.6499999872514,36.0392671460234,1.72927555751661));
#11528=CARTESIAN_POINT('Ctrl Pts',(-28.6499999999999,36.0018852450797,1.85800467497774));
#11529=CARTESIAN_POINT('Ctrl Pts',(-28.6499999999999,35.9605381171963,1.985434188859));
#11530=CARTESIAN_POINT('',(-28.65,27.864565811141,6.11053811719636));
#11531=CARTESIAN_POINT('Origin',(-28.65,29.85,0.));
#11532=CARTESIAN_POINT('Origin',(-28.35,27.864565811141,6.11053811719625));
#11533=CARTESIAN_POINT('Origin',(-28.65,29.85,0.));
#11534=CARTESIAN_POINT('Origin',(-28.65,29.85,0.));
#11535=CARTESIAN_POINT('',(-28.65,36.6,1.23995488413669E-15));
#11536=CARTESIAN_POINT('Origin',(-28.65,29.85,0.));
#11537=CARTESIAN_POINT('Origin',(-28.65,29.85,0.));
#11538=CARTESIAN_POINT('',(-28.165,20.35,-5.81707229594993E-16));
#11539=CARTESIAN_POINT('',(-28.165,39.35,1.74512168878498E-15));
#11540=CARTESIAN_POINT('Origin',(-28.165,29.85,0.));
#11541=CARTESIAN_POINT('Origin',(-28.165,29.85,0.));
#11542=CARTESIAN_POINT('',(-28.65,36.6,1.2399548841367E-15));
#11543=CARTESIAN_POINT('Origin',(28.65,29.85,0.));
#11544=CARTESIAN_POINT('',(-26.25,20.35,-5.81707229594993E-16));
#11545=CARTESIAN_POINT('Origin',(-26.25,29.85,0.));
#11546=CARTESIAN_POINT('',(28.65,20.35,-5.81707229594993E-16));
#11547=CARTESIAN_POINT('Origin',(-26.25,39.35,0.));
#11548=CARTESIAN_POINT('',(-26.25,36.8,1.27669428811112E-15));
#11549=CARTESIAN_POINT('Origin',(-26.25,29.85,0.));
#11550=CARTESIAN_POINT('Origin',(28.65,29.85,0.));
#11551=CARTESIAN_POINT('',(-25.05,36.8,1.27669428811112E-15));
#11552=CARTESIAN_POINT('Origin',(-25.05,29.85,0.));
#11553=CARTESIAN_POINT('',(28.65,36.8,1.27669428811112E-15));
#11554=CARTESIAN_POINT('Origin',(-25.05,36.8,0.));
#11555=CARTESIAN_POINT('',(-25.05,38.35,1.56142466891288E-15));
#11556=CARTESIAN_POINT('Origin',(-25.05,29.85,0.));
#11557=CARTESIAN_POINT('Origin',(-25.05,29.85,0.));
#11558=CARTESIAN_POINT('',(-24.785509528937,19.85,7.04563612653621E-11));
#11559=CARTESIAN_POINT('',(-24.785509528937,39.85,1.83697019872103E-15));
#11560=CARTESIAN_POINT('Origin',(-24.785509528937,29.85,0.));
#11561=CARTESIAN_POINT('Origin',(-24.785509528937,29.85,0.));
#11562=CARTESIAN_POINT('',(-25.05,38.35,1.56142466891288E-15));
#11563=CARTESIAN_POINT('Origin',(28.65,29.85,0.));
#11564=CARTESIAN_POINT('',(-23.6,19.85,7.04563612653621E-11));
#11565=CARTESIAN_POINT('Origin',(-23.6,29.85,0.));
#11566=CARTESIAN_POINT('',(28.65,19.85,7.04563612653621E-11));
#11567=CARTESIAN_POINT('Origin',(-23.6,39.85,0.));
#11568=CARTESIAN_POINT('',(-23.6,39.9,1.84615504971464E-15));
#11569=CARTESIAN_POINT('Origin',(-23.6,29.85,0.));
#11570=CARTESIAN_POINT('Origin',(-23.6,29.85,0.));
#11571=CARTESIAN_POINT('',(-21.1,19.6,1.64832571591855E-15));
#11572=CARTESIAN_POINT('',(-21.1,40.1,1.88289445368906E-15));
#11573=CARTESIAN_POINT('Origin',(-21.1,29.85,0.));
#11574=CARTESIAN_POINT('Origin',(-21.1,29.85,0.));
#11575=CARTESIAN_POINT('',(-23.6,39.9,1.84615504971464E-15));
#11576=CARTESIAN_POINT('Origin',(28.65,29.85,0.));
#11577=CARTESIAN_POINT('',(-10.5,20.3893876913398,-3.94452972421649));
#11578=CARTESIAN_POINT('',(-10.5,20.3893876913398,3.94452972421649));
#11579=CARTESIAN_POINT('Origin',(-10.5,29.85,0.));
#11580=CARTESIAN_POINT('',(-12.4,20.95,-5.08453537700349));
#11581=CARTESIAN_POINT('Ctrl Pts',(-12.4,20.95,-5.08453537700349));
#11582=CARTESIAN_POINT('Ctrl Pts',(-12.2293517460055,20.95,-5.08453537700349));
#11583=CARTESIAN_POINT('Ctrl Pts',(-12.0573895343586,20.9372619150407,-5.06242095273494));
#11584=CARTESIAN_POINT('Ctrl Pts',(-11.7240622560934,20.8882387560174,-4.97512225960822));
#11585=CARTESIAN_POINT('Ctrl Pts',(-11.5626952449987,20.8519979973491,-4.90992053612931));
#11586=CARTESIAN_POINT('Ctrl Pts',(-11.1106900825193,20.7189966901154,-4.66076575634697));
#11587=CARTESIAN_POINT('Ctrl Pts',(-10.8528325384522,20.597684026572,-4.41982074357043));
#11588=CARTESIAN_POINT('Ctrl Pts',(-10.6024553911566,20.4537677895436,-4.09621978171893));
#11589=CARTESIAN_POINT('Ctrl Pts',(-10.5501560423721,20.421808212385,-4.02228753107744));
#11590=CARTESIAN_POINT('Ctrl Pts',(-10.5,20.3893876913398,-3.94452972421648));
#11591=CARTESIAN_POINT('',(-15.1617928959283,19.6,6.1599604084206E-16));
#11592=CARTESIAN_POINT('Ctrl Pts',(-15.1617928959283,19.6,1.38777878078145E-16));
#11593=CARTESIAN_POINT('Ctrl Pts',(-15.1617928959283,19.6,-0.48505174916596));
#11594=CARTESIAN_POINT('Ctrl Pts',(-15.1345503036837,19.6369576460031,-1.01509797348616));
#11595=CARTESIAN_POINT('Ctrl Pts',(-15.0015927830031,19.7935585451785,-2.05052204929152));
#11596=CARTESIAN_POINT('Ctrl Pts',(-14.8948006878207,19.9130292461929,-2.55578739008674));
#11597=CARTESIAN_POINT('Ctrl Pts',(-14.610933196062,20.1692945410138,-3.39391342320782));
#11598=CARTESIAN_POINT('Ctrl Pts',(-14.3959941699693,20.33969941555,-3.83973283970765));
#11599=CARTESIAN_POINT('Ctrl Pts',(-13.9471674615478,20.597684026572,-4.41982074357043));
#11600=CARTESIAN_POINT('Ctrl Pts',(-13.6893099174807,20.7189966901154,-4.66076575634697));
#11601=CARTESIAN_POINT('Ctrl Pts',(-13.2373047550013,20.8519979973491,-4.90992053612931));
#11602=CARTESIAN_POINT('Ctrl Pts',(-13.0759377439066,20.8882387560174,-4.97512225960822));
#11603=CARTESIAN_POINT('Ctrl Pts',(-12.7426104656414,20.9372619150407,-5.06242095273494));
#11604=CARTESIAN_POINT('Ctrl Pts',(-12.5706482539945,20.95,-5.08453537700349));
#11605=CARTESIAN_POINT('Ctrl Pts',(-12.4,20.95,-5.08453537700349));
#11606=CARTESIAN_POINT('',(28.65,19.6,1.64832571591855E-15));
#11607=CARTESIAN_POINT('',(-12.4,20.95,5.08453537700349));
#11608=CARTESIAN_POINT('Ctrl Pts',(-12.4,20.95,5.08453537700349));
#11609=CARTESIAN_POINT('Ctrl Pts',(-12.5706482539945,20.95,5.08453537700349));
#11610=CARTESIAN_POINT('Ctrl Pts',(-12.7426104656414,20.9372619150407,5.06242095273494));
#11611=CARTESIAN_POINT('Ctrl Pts',(-13.0759377439066,20.8882387560174,4.97512225960823));
#11612=CARTESIAN_POINT('Ctrl Pts',(-13.2373047550013,20.8519979973491,4.90992053612931));
#11613=CARTESIAN_POINT('Ctrl Pts',(-13.6893099174807,20.7189966901154,4.66076575634697));
#11614=CARTESIAN_POINT('Ctrl Pts',(-13.9471674615478,20.597684026572,4.41982074357043));
#11615=CARTESIAN_POINT('Ctrl Pts',(-14.3959941699693,20.33969941555,3.83973283970766));
#11616=CARTESIAN_POINT('Ctrl Pts',(-14.610933196062,20.1692945410138,3.39391342320782));
#11617=CARTESIAN_POINT('Ctrl Pts',(-14.8948006878207,19.9130292461929,2.55578739008674));
#11618=CARTESIAN_POINT('Ctrl Pts',(-15.0015927830031,19.7935585451785,2.05052204929153));
#11619=CARTESIAN_POINT('Ctrl Pts',(-15.1345503036837,19.6369576460031,1.01509797348616));
#11620=CARTESIAN_POINT('Ctrl Pts',(-15.1617928959283,19.6,0.485051749165961));
#11621=CARTESIAN_POINT('Ctrl Pts',(-15.1617928959283,19.6,1.38777878078145E-16));
#11622=CARTESIAN_POINT('Ctrl Pts',(-10.5,20.3893876913398,3.94452972421648));
#11623=CARTESIAN_POINT('Ctrl Pts',(-10.5501560423721,20.421808212385,4.02228753107744));
#11624=CARTESIAN_POINT('Ctrl Pts',(-10.6024553911566,20.4537677895436,4.09621978171894));
#11625=CARTESIAN_POINT('Ctrl Pts',(-10.8528325384522,20.597684026572,4.41982074357043));
#11626=CARTESIAN_POINT('Ctrl Pts',(-11.1106900825193,20.7189966901155,4.66076575634698));
#11627=CARTESIAN_POINT('Ctrl Pts',(-11.5626952449987,20.8519979973491,4.90992053612932));
#11628=CARTESIAN_POINT('Ctrl Pts',(-11.7240622560934,20.8882387560174,4.97512225960823));
#11629=CARTESIAN_POINT('Ctrl Pts',(-12.0573895343586,20.9372619150407,5.06242095273494));
#11630=CARTESIAN_POINT('Ctrl Pts',(-12.2293517460055,20.95,5.08453537700349));
#11631=CARTESIAN_POINT('Ctrl Pts',(-12.4,20.95,5.08453537700349));
#11632=CARTESIAN_POINT('Origin',(-10.5,29.85,0.));
#11633=CARTESIAN_POINT('',(-10.0532850083394,20.0467149916607,-5.01996963170796E-10));
#11634=CARTESIAN_POINT('Ctrl Pts',(-10.0532850083394,20.0467149916607,-1.38777878078145E-16));
#11635=CARTESIAN_POINT('Ctrl Pts',(-10.0532850083394,20.0467149916607,0.662703830345446));
#11636=CARTESIAN_POINT('Ctrl Pts',(-10.0902759941559,20.0819375744343,1.38845521025695));
#11637=CARTESIAN_POINT('Ctrl Pts',(-10.249174357575,20.2128425617087,2.74045853826092));
#11638=CARTESIAN_POINT('Ctrl Pts',(-10.3612246692189,20.2996842713857,3.36877124900193));
#11639=CARTESIAN_POINT('Ctrl Pts',(-10.5,20.3893876913398,3.94452972421648));
#11640=CARTESIAN_POINT('',(-8.,22.1,-7.93708623894926E-10));
#11641=CARTESIAN_POINT('',(-10.5,19.6,-1.04974366386103E-9));
#11642=CARTESIAN_POINT('Origin',(-8.,29.85,0.));
#11643=CARTESIAN_POINT('Ctrl Pts',(-10.5,20.3893876913398,-3.94452972421648));
#11644=CARTESIAN_POINT('Ctrl Pts',(-10.3612246692189,20.2996842713857,-3.36877124900193));
#11645=CARTESIAN_POINT('Ctrl Pts',(-10.249174357575,20.2128425617087,-2.74045853826092));
#11646=CARTESIAN_POINT('Ctrl Pts',(-10.0902759941559,20.0819375744343,-1.38845521025695));
#11647=CARTESIAN_POINT('Ctrl Pts',(-10.0532850083394,20.0467149916607,-0.662703830345446));
#11648=CARTESIAN_POINT('Ctrl Pts',(-10.0532850083394,20.0467149916607,-1.38777878078145E-16));
#11649=CARTESIAN_POINT('Origin',(-12.4,17.45,10.25));
#11650=CARTESIAN_POINT('',(-12.4,20.95,-10.25));
#11651=CARTESIAN_POINT('Origin',(-12.4,17.45,-10.25));
#11652=CARTESIAN_POINT('',(-12.4,20.95,10.25));
#11653=CARTESIAN_POINT('',(-12.4,20.95,10.25));
#11654=CARTESIAN_POINT('',(-12.4,20.95,10.25));
#11655=CARTESIAN_POINT('Origin',(-12.4,17.45,10.25));
#11656=CARTESIAN_POINT('',(-8.97071436010355,18.15,-4.95870788305098));
#11657=CARTESIAN_POINT('',(-10.25,14.6882071040717,3.61097455713422E-11));
#11658=CARTESIAN_POINT('Ctrl Pts',(-8.97071436010413,18.1500000000028,-4.95870788304994));
#11659=CARTESIAN_POINT('Ctrl Pts',(-8.92458224353197,17.923999707291,-5.04216471300568));
#11660=CARTESIAN_POINT('Ctrl Pts',(-8.9,17.6802932865597,-5.08453537700349));
#11661=CARTESIAN_POINT('Ctrl Pts',(-8.9,17.2148725363217,-5.08453537700349));
#11662=CARTESIAN_POINT('Ctrl Pts',(-8.92569754402885,16.9658155771753,-5.04026450927806));
#11663=CARTESIAN_POINT('Ctrl Pts',(-9.02159382910964,16.5057641501575,-4.8665378188114));
#11664=CARTESIAN_POINT('Ctrl Pts',(-9.09093283031524,16.2944832786892,-4.73736715749303));
#11665=CARTESIAN_POINT('Ctrl Pts',(-9.28876906346857,15.8124687838877,-4.34293392002899));
#11666=CARTESIAN_POINT('Ctrl Pts',(-9.43097483205917,15.5826708483918,-4.03207115413572));
#11667=CARTESIAN_POINT('Ctrl Pts',(-9.69844831347815,15.2131169083588,-3.33781148529509));
#11668=CARTESIAN_POINT('Ctrl Pts',(-9.82425560512741,15.0757197724545,-2.95336934060325));
#11669=CARTESIAN_POINT('Ctrl Pts',(-10.1369131419498,14.7639072712998,-1.73466146268732));
#11670=CARTESIAN_POINT('Ctrl Pts',(-10.25,14.6882071040717,-0.836733560983452));
#11671=CARTESIAN_POINT('Ctrl Pts',(-10.25,14.6882071040717,-5.55111512312578E-16));
#11672=CARTESIAN_POINT('',(-8.97071436010355,18.15,4.95870788305099));
#11673=CARTESIAN_POINT('Ctrl Pts',(-10.25,14.6882071040717,1.11022302462516E-15));
#11674=CARTESIAN_POINT('Ctrl Pts',(-10.25,14.6882071040717,0.836733560983452));
#11675=CARTESIAN_POINT('Ctrl Pts',(-10.1369131419498,14.7639072712998,1.73466146268732));
#11676=CARTESIAN_POINT('Ctrl Pts',(-9.82425560512741,15.0757197724545,2.95336934060325));
#11677=CARTESIAN_POINT('Ctrl Pts',(-9.69844831347815,15.2131169083588,3.33781148529509));
#11678=CARTESIAN_POINT('Ctrl Pts',(-9.43097483205916,15.5826708483918,4.03207115413572));
#11679=CARTESIAN_POINT('Ctrl Pts',(-9.28876906346857,15.8124687838877,4.34293392002899));
#11680=CARTESIAN_POINT('Ctrl Pts',(-9.09093283031524,16.2944832786892,4.73736715749303));
#11681=CARTESIAN_POINT('Ctrl Pts',(-9.02159382910964,16.5057641501575,4.8665378188114));
#11682=CARTESIAN_POINT('Ctrl Pts',(-8.92569754402885,16.9658155771753,5.04026450927806));
#11683=CARTESIAN_POINT('Ctrl Pts',(-8.9,17.2148725363217,5.08453537700349));
#11684=CARTESIAN_POINT('Ctrl Pts',(-8.9,17.6802932865588,5.08453537700349));
#11685=CARTESIAN_POINT('Ctrl Pts',(-8.92458224353175,17.923999707289,5.04216471300605));
#11686=CARTESIAN_POINT('Ctrl Pts',(-8.97071436010355,18.15,4.95870788305098));
#11687=CARTESIAN_POINT('Ctrl Pts',(-8.97071436010355,18.15,4.95870788305099));
#11688=CARTESIAN_POINT('Ctrl Pts',(-9.00192684922949,18.3029093439214,4.58616746664017));
#11689=CARTESIAN_POINT('Ctrl Pts',(-9.04002879348275,18.4376353358327,4.20313946774284));
#11690=CARTESIAN_POINT('Ctrl Pts',(-9.14017128494674,18.7391491200606,3.18625423853315));
#11691=CARTESIAN_POINT('Ctrl Pts',(-9.20176434725425,18.875063818182,2.54141720256178));
#11692=CARTESIAN_POINT('Ctrl Pts',(-9.28611467087263,19.0510109842969,1.25639555911121));
#11693=CARTESIAN_POINT('Ctrl Pts',(-9.30870014579724,19.0912998542028,0.616234800964137));
#11694=CARTESIAN_POINT('Ctrl Pts',(-9.30870014579724,19.0912998542028,0.));
#11695=CARTESIAN_POINT('Ctrl Pts',(-9.30870014579724,19.0912998542028,-0.616234800964135));
#11696=CARTESIAN_POINT('Ctrl Pts',(-9.28611467087263,19.0510109842969,-1.25639555911121));
#11697=CARTESIAN_POINT('Ctrl Pts',(-9.20176434725425,18.8750638181821,-2.54141720256177));
#11698=CARTESIAN_POINT('Ctrl Pts',(-9.14017128494674,18.7391491200606,-3.18625423853315));
#11699=CARTESIAN_POINT('Ctrl Pts',(-9.04002879348275,18.4376353358327,-4.20313946774283));
#11700=CARTESIAN_POINT('Ctrl Pts',(-9.00192684922949,18.3029093439214,-4.58616746664016));
#11701=CARTESIAN_POINT('Ctrl Pts',(-8.97071436010356,18.15,-4.95870788305098));
#11702=CARTESIAN_POINT('Origin',(-12.4,17.45,10.25));
#11703=CARTESIAN_POINT('',(-12.4,15.3,10.25));
#11704=CARTESIAN_POINT('Origin',(-12.4,17.45,10.25));
#11705=CARTESIAN_POINT('Origin',(0.,0.,0.));
#11706=CARTESIAN_POINT('',(-10.25,7.55,7.22200462541966E-11));
#11707=CARTESIAN_POINT('Origin',(0.,7.55,0.));
#11708=CARTESIAN_POINT('',(-10.25,0.,7.22200462541966E-11));
#11709=CARTESIAN_POINT('',(8.97071436010355,18.15,-4.95870788305098));
#11710=CARTESIAN_POINT('Origin',(0.,18.15,0.));
#11711=CARTESIAN_POINT('',(8.97071436010355,18.15,4.95870788305098));
#11712=CARTESIAN_POINT('Ctrl Pts',(8.97071436010355,18.15,-4.95870788305098));
#11713=CARTESIAN_POINT('Ctrl Pts',(8.95794181418879,18.0874275595851,-4.98181447931656));
#11714=CARTESIAN_POINT('Ctrl Pts',(8.94673055411309,18.0237383131791,-5.00188837604262));
#11715=CARTESIAN_POINT('Ctrl Pts',(8.91273808495932,17.7926104656414,-5.06242095273494));
#11716=CARTESIAN_POINT('Ctrl Pts',(8.9,17.6206482539945,-5.08453537700349));
#11717=CARTESIAN_POINT('Ctrl Pts',(8.9,17.45,-5.08453537700349));
#11718=CARTESIAN_POINT('Ctrl Pts',(8.9,17.2793517460055,-5.08453537700349));
#11719=CARTESIAN_POINT('Ctrl Pts',(8.91273808495932,17.1073895343586,-5.06242095273494));
#11720=CARTESIAN_POINT('Ctrl Pts',(8.96176124398257,16.7740622560934,-4.97512225960823));
#11721=CARTESIAN_POINT('Ctrl Pts',(8.99800200265089,16.6126952449987,-4.90992053612931));
#11722=CARTESIAN_POINT('Ctrl Pts',(9.13100330988455,16.1606900825193,-4.66076575634697));
#11723=CARTESIAN_POINT('Ctrl Pts',(9.25231597342801,15.9028325384522,-4.41982074357043));
#11724=CARTESIAN_POINT('Ctrl Pts',(9.51030058445005,15.4540058300307,-3.83973283970765));
#11725=CARTESIAN_POINT('Ctrl Pts',(9.68070545898623,15.239066803938,-3.39391342320782));
#11726=CARTESIAN_POINT('Ctrl Pts',(9.93697075380713,14.9551993121793,-2.55578739008674));
#11727=CARTESIAN_POINT('Ctrl Pts',(10.0564414548215,14.8484072169969,-2.05052204929152));
#11728=CARTESIAN_POINT('Ctrl Pts',(10.2130423539969,14.7154496963163,-1.01509797348616));
#11729=CARTESIAN_POINT('Ctrl Pts',(10.25,14.6882071040717,-0.48505174916596));
#11730=CARTESIAN_POINT('Ctrl Pts',(10.25,14.6882071040717,0.48505174916596));
#11731=CARTESIAN_POINT('Ctrl Pts',(10.2130423539969,14.7154496963163,1.01509797348616));
#11732=CARTESIAN_POINT('Ctrl Pts',(10.0564414548215,14.8484072169969,2.05052204929152));
#11733=CARTESIAN_POINT('Ctrl Pts',(9.93697075380713,14.9551993121793,2.55578739008674));
#11734=CARTESIAN_POINT('Ctrl Pts',(9.68070545898623,15.239066803938,3.39391342320782));
#11735=CARTESIAN_POINT('Ctrl Pts',(9.51030058445005,15.4540058300307,3.83973283970765));
#11736=CARTESIAN_POINT('Ctrl Pts',(9.25231597342801,15.9028325384522,4.41982074357043));
#11737=CARTESIAN_POINT('Ctrl Pts',(9.13100330988456,16.1606900825193,4.66076575634697));
#11738=CARTESIAN_POINT('Ctrl Pts',(8.99800200265089,16.6126952449987,4.90992053612931));
#11739=CARTESIAN_POINT('Ctrl Pts',(8.96176124398257,16.7740622560934,4.97512225960823));
#11740=CARTESIAN_POINT('Ctrl Pts',(8.91273808495932,17.1073895343586,5.06242095273494));
#11741=CARTESIAN_POINT('Ctrl Pts',(8.9,17.2793517460055,5.08453537700349));
#11742=CARTESIAN_POINT('Ctrl Pts',(8.9,17.6206482539945,5.08453537700349));
#11743=CARTESIAN_POINT('Ctrl Pts',(8.91273808495932,17.7926104656414,5.06242095273494));
#11744=CARTESIAN_POINT('Ctrl Pts',(8.94673055411309,18.0237383131791,5.00188837604262));
#11745=CARTESIAN_POINT('Ctrl Pts',(8.95794181418879,18.0874275595851,4.98181447931656));
#11746=CARTESIAN_POINT('Ctrl Pts',(8.97071436010355,18.15,4.95870788305098));
#11747=CARTESIAN_POINT('Origin',(0.,18.15,0.));
#11748=CARTESIAN_POINT('Origin',(0.,7.55,0.));
#11749=CARTESIAN_POINT('',(-10.05,5.05,6.15385016571545E-16));
#11750=CARTESIAN_POINT('',(-10.25,7.55,6.27631484563018E-16));
#11751=CARTESIAN_POINT('Origin',(0.,5.05,0.));
#11752=CARTESIAN_POINT('Origin',(10.05,5.05,0.));
#11753=CARTESIAN_POINT('',(10.,5.05,7.04632514510589E-11));
#11754=CARTESIAN_POINT('Origin',(0.,5.05,0.));
#11755=CARTESIAN_POINT('Origin',(0.,0.,0.));
#11756=CARTESIAN_POINT('',(-10.,3.8644904710627,6.12323399573677E-16));
#11757=CARTESIAN_POINT('',(10.,3.8644904710627,7.04632514510589E-11));
#11758=CARTESIAN_POINT('Origin',(0.,3.8644904710627,0.));
#11759=CARTESIAN_POINT('Origin',(0.,3.8644904710627,0.));
#11760=CARTESIAN_POINT('',(10.,0.,7.04632514510589E-11));
#11761=CARTESIAN_POINT('Origin',(0.,3.8644904710627,0.));
#11762=CARTESIAN_POINT('',(-8.5,3.6,5.20474889637625E-16));
#11763=CARTESIAN_POINT('',(-10.,3.8644904710627,6.12323399573677E-16));
#11764=CARTESIAN_POINT('Origin',(0.,3.6,0.));
#11765=CARTESIAN_POINT('Origin',(8.5,3.6,0.));
#11766=CARTESIAN_POINT('',(6.95,3.6,1.27669428811112E-15));
#11767=CARTESIAN_POINT('Origin',(0.,3.6,0.));
#11768=CARTESIAN_POINT('Origin',(0.,0.,0.));
#11769=CARTESIAN_POINT('',(6.95,2.4,1.27669428811112E-15));
#11770=CARTESIAN_POINT('Origin',(0.,2.4,0.));
#11771=CARTESIAN_POINT('',(6.95,0.,1.27669428811112E-15));
#11772=CARTESIAN_POINT('Origin',(6.95,2.4,0.));
#11773=CARTESIAN_POINT('',(9.5,2.4,1.74512168878498E-15));
#11774=CARTESIAN_POINT('Origin',(0.,2.4,0.));
#11775=CARTESIAN_POINT('Origin',(0.,0.,0.));
#11776=CARTESIAN_POINT('',(-9.5,0.485,5.81707229594993E-16));
#11777=CARTESIAN_POINT('',(9.5,0.485,1.74512168878498E-15));
#11778=CARTESIAN_POINT('Origin',(0.,0.485,0.));
#11779=CARTESIAN_POINT('Origin',(0.,0.485,0.));
#11780=CARTESIAN_POINT('',(9.5,0.,1.74512168878498E-15));
#11781=CARTESIAN_POINT('Origin',(0.,0.485,0.));
#11782=CARTESIAN_POINT('',(-6.75,-3.46944695195361E-16,4.13318294712232E-16));
#11783=CARTESIAN_POINT('',(-9.5,0.485,5.81707229594993E-16));
#11784=CARTESIAN_POINT('Origin',(0.,0.,0.));
#11785=CARTESIAN_POINT('Origin',(6.75,0.,0.));
#11786=CARTESIAN_POINT('',(1.98543418885904,0.,-6.11053811719636));
#11787=CARTESIAN_POINT('Origin',(0.,0.,2.77555756156289E-16));
#11788=CARTESIAN_POINT('Origin',(0.,0.299999999999939,0.));
#11789=CARTESIAN_POINT('',(-6.125,0.300000000000005,-3.75048082238877E-16));
#11790=CARTESIAN_POINT('',(1.89272909054655,0.300000000000005,-5.82522116230782));
#11791=CARTESIAN_POINT('Origin',(0.,0.300000000000005,0.));
#11792=CARTESIAN_POINT('Origin',(0.,0.300000000000005,0.));
#11793=CARTESIAN_POINT('Origin',(1.98543418885904,0.299999999999939,-6.11053811719636));
#11794=CARTESIAN_POINT('Origin',(0.,0.,0.));
#11795=CARTESIAN_POINT('',(-6.125,0.,-3.75048082238877E-16));
#11796=CARTESIAN_POINT('Origin',(0.,20.65,0.));
#11797=CARTESIAN_POINT('',(9.30870014579724,19.0912998542028,7.8560129879391E-16));
#11798=CARTESIAN_POINT('Ctrl Pts',(9.30870014579724,19.0912998542028,2.77555756156289E-16));
#11799=CARTESIAN_POINT('Ctrl Pts',(9.30870014579724,19.0912998542028,0.664553481209701));
#11800=CARTESIAN_POINT('Ctrl Pts',(9.28082566450888,19.0422837490859,1.3916432858552));
#11801=CARTESIAN_POINT('Ctrl Pts',(9.17838460827126,18.8232491937994,2.82399413241496));
#11802=CARTESIAN_POINT('Ctrl Pts',(9.10591905274859,18.6523146862899,3.52926443815928));
#11803=CARTESIAN_POINT('Ctrl Pts',(9.01960379221187,18.3613849989264,4.41355599754188));
#11804=CARTESIAN_POINT('Ctrl Pts',(8.99354890261632,18.2618659553323,4.68616345566067));
#11805=CARTESIAN_POINT('Ctrl Pts',(8.97071436010355,18.15,4.95870788305098));
#11806=CARTESIAN_POINT('',(7.75,20.65,1.4236519040088E-15));
#11807=CARTESIAN_POINT('',(7.75,20.65,1.4236519040088E-15));
#11808=CARTESIAN_POINT('Origin',(0.,20.65,0.));
#11809=CARTESIAN_POINT('Ctrl Pts',(8.97071436010355,18.15,-4.95870788305098));
#11810=CARTESIAN_POINT('Ctrl Pts',(8.99354890261632,18.2618659553323,-4.68616345566067));
#11811=CARTESIAN_POINT('Ctrl Pts',(9.01960379221187,18.3613849989264,-4.41355599754188));
#11812=CARTESIAN_POINT('Ctrl Pts',(9.10591905274859,18.6523146862899,-3.52926443815928));
#11813=CARTESIAN_POINT('Ctrl Pts',(9.17838460827126,18.8232491937994,-2.82399413241496));
#11814=CARTESIAN_POINT('Ctrl Pts',(9.28082566450888,19.0422837490859,-1.39164328585519));
#11815=CARTESIAN_POINT('Ctrl Pts',(9.30870014579724,19.0912998542028,-0.6645534812097));
#11816=CARTESIAN_POINT('Ctrl Pts',(9.30870014579724,19.0912998542028,0.));
#11817=CARTESIAN_POINT('Origin',(0.,0.,0.));
#11818=CARTESIAN_POINT('',(7.75000000000001,22.1,1.90082596675675E-10));
#11819=CARTESIAN_POINT('',(7.75,0.,1.90082596675675E-10));
#11820=CARTESIAN_POINT('',(0.,29.85,7.75));
#11821=CARTESIAN_POINT('Origin',(-2.86509167645202E-15,29.85,-2.22044604925031E-15));
#11822=CARTESIAN_POINT('',(-7.75000000000001,22.1,-4.74550634669598E-16));
#11823=CARTESIAN_POINT('Origin',(2.86509167645202E-15,29.85,2.22044604925031E-15));
#11824=CARTESIAN_POINT('',(0.,29.85,-7.75));
#11825=CARTESIAN_POINT('Origin',(2.86509167645202E-15,29.85,2.22044604925031E-15));
#11826=CARTESIAN_POINT('Origin',(-2.86509167645202E-15,29.85,-2.22044604925031E-15));
#11827=CARTESIAN_POINT('Origin',(28.65,29.85,0.));
#11828=CARTESIAN_POINT('',(8.,22.1,-4.74550634669599E-16));
#11829=CARTESIAN_POINT('Origin',(8.,29.85,0.));
#11830=CARTESIAN_POINT('',(28.65,22.1,-4.74550634669599E-16));
#11831=CARTESIAN_POINT('',(28.65,22.1,-4.74550634669599E-16));
#11832=CARTESIAN_POINT('Origin',(8.,29.85,0.));
#11833=CARTESIAN_POINT('',(10.5,20.3893876913398,-3.94452972421649));
#11834=CARTESIAN_POINT('',(10.5,20.3893876913398,3.94452972421649));
#11835=CARTESIAN_POINT('Origin',(10.5,29.85,0.));
#11836=CARTESIAN_POINT('',(10.0532850083394,20.0467149916606,-1.61361162086656E-16));
#11837=CARTESIAN_POINT('Ctrl Pts',(10.0532850083394,20.0467149916606,0.));
#11838=CARTESIAN_POINT('Ctrl Pts',(10.0532850083394,20.0467149916606,-0.662703830345447));
#11839=CARTESIAN_POINT('Ctrl Pts',(10.0902759941559,20.0819375744343,-1.38845521025694));
#11840=CARTESIAN_POINT('Ctrl Pts',(10.249174357575,20.2128425617087,-2.74045853826092));
#11841=CARTESIAN_POINT('Ctrl Pts',(10.3612246692189,20.2996842713857,-3.36877124900193));
#11842=CARTESIAN_POINT('Ctrl Pts',(10.5,20.3893876913398,-3.94452972421648));
#11843=CARTESIAN_POINT('',(8.,22.1,-4.74550634669599E-16));
#11844=CARTESIAN_POINT('Ctrl Pts',(10.5,20.3893876913398,3.94452972421648));
#11845=CARTESIAN_POINT('Ctrl Pts',(10.3612246692189,20.2996842713857,3.36877124900193));
#11846=CARTESIAN_POINT('Ctrl Pts',(10.249174357575,20.2128425617087,2.74045853826092));
#11847=CARTESIAN_POINT('Ctrl Pts',(10.0902759941559,20.0819375744343,1.38845521025695));
#11848=CARTESIAN_POINT('Ctrl Pts',(10.0532850083394,20.0467149916607,0.662703830345446));
#11849=CARTESIAN_POINT('Ctrl Pts',(10.0532850083394,20.0467149916607,1.38777878078145E-16));
#11850=CARTESIAN_POINT('Origin',(28.65,29.85,0.));
#11851=CARTESIAN_POINT('',(21.1,19.6,7.09705457511323E-11));
#11852=CARTESIAN_POINT('Origin',(21.1,29.85,0.));
#11853=CARTESIAN_POINT('',(15.1617928959283,19.6,3.54852728755661E-11));
#11854=CARTESIAN_POINT('',(28.65,19.6,7.09705457511323E-11));
#11855=CARTESIAN_POINT('',(12.4,20.95,-5.08453537700349));
#11856=CARTESIAN_POINT('Ctrl Pts',(12.4,20.95,-5.08453537700349));
#11857=CARTESIAN_POINT('Ctrl Pts',(12.5706482539945,20.95,-5.08453537700349));
#11858=CARTESIAN_POINT('Ctrl Pts',(12.7426104656414,20.9372619150407,-5.06242095273494));
#11859=CARTESIAN_POINT('Ctrl Pts',(13.0759377439066,20.8882387560174,-4.97512225960823));
#11860=CARTESIAN_POINT('Ctrl Pts',(13.2373047550013,20.8519979973491,-4.90992053612931));
#11861=CARTESIAN_POINT('Ctrl Pts',(13.6893099174807,20.7189966901154,-4.66076575634697));
#11862=CARTESIAN_POINT('Ctrl Pts',(13.9471674615478,20.597684026572,-4.41982074357043));
#11863=CARTESIAN_POINT('Ctrl Pts',(14.3959941699693,20.33969941555,-3.83973283970765));
#11864=CARTESIAN_POINT('Ctrl Pts',(14.610933196062,20.1692945410138,-3.39391342320782));
#11865=CARTESIAN_POINT('Ctrl Pts',(14.8948006878207,19.9130292461929,-2.55578739008674));
#11866=CARTESIAN_POINT('Ctrl Pts',(15.0015927830031,19.7935585451785,-2.05052204929152));
#11867=CARTESIAN_POINT('Ctrl Pts',(15.1345503036837,19.6369576460031,-1.01509797348616));
#11868=CARTESIAN_POINT('Ctrl Pts',(15.1617928959283,19.6,-0.48505174916596));
#11869=CARTESIAN_POINT('Ctrl Pts',(15.1617928959283,19.6,-2.77555756156289E-16));
#11870=CARTESIAN_POINT('Ctrl Pts',(10.5,20.3893876913398,-3.94452972421648));
#11871=CARTESIAN_POINT('Ctrl Pts',(10.5501560423721,20.421808212385,-4.02228753107744));
#11872=CARTESIAN_POINT('Ctrl Pts',(10.6024553911566,20.4537677895436,-4.09621978171893));
#11873=CARTESIAN_POINT('Ctrl Pts',(10.8528325384522,20.597684026572,-4.41982074357043));
#11874=CARTESIAN_POINT('Ctrl Pts',(11.1106900825193,20.7189966901154,-4.66076575634697));
#11875=CARTESIAN_POINT('Ctrl Pts',(11.5626952449987,20.8519979973491,-4.90992053612931));
#11876=CARTESIAN_POINT('Ctrl Pts',(11.7240622560934,20.8882387560174,-4.97512225960823));
#11877=CARTESIAN_POINT('Ctrl Pts',(12.0573895343586,20.9372619150407,-5.06242095273494));
#11878=CARTESIAN_POINT('Ctrl Pts',(12.2293517460055,20.95,-5.08453537700349));
#11879=CARTESIAN_POINT('Ctrl Pts',(12.4,20.95,-5.08453537700349));
#11880=CARTESIAN_POINT('',(12.4,20.95,5.08453537700349));
#11881=CARTESIAN_POINT('Ctrl Pts',(12.4,20.95,5.08453537700349));
#11882=CARTESIAN_POINT('Ctrl Pts',(12.2293517460055,20.95,5.08453537700349));
#11883=CARTESIAN_POINT('Ctrl Pts',(12.0573895343586,20.9372619150407,5.06242095273494));
#11884=CARTESIAN_POINT('Ctrl Pts',(11.7240622560934,20.8882387560174,4.97512225960823));
#11885=CARTESIAN_POINT('Ctrl Pts',(11.5626952449987,20.8519979973491,4.90992053612931));
#11886=CARTESIAN_POINT('Ctrl Pts',(11.1106900825193,20.7189966901154,4.66076575634697));
#11887=CARTESIAN_POINT('Ctrl Pts',(10.8528325384522,20.597684026572,4.41982074357043));
#11888=CARTESIAN_POINT('Ctrl Pts',(10.6024553911566,20.4537677895436,4.09621978171893));
#11889=CARTESIAN_POINT('Ctrl Pts',(10.5501560423721,20.421808212385,4.02228753107744));
#11890=CARTESIAN_POINT('Ctrl Pts',(10.5,20.3893876913398,3.94452972421648));
#11891=CARTESIAN_POINT('Ctrl Pts',(15.1617928959283,19.6,1.38777878078145E-16));
#11892=CARTESIAN_POINT('Ctrl Pts',(15.1617928959283,19.6,0.485051749165962));
#11893=CARTESIAN_POINT('Ctrl Pts',(15.1345503036837,19.6369576460031,1.01509797348617));
#11894=CARTESIAN_POINT('Ctrl Pts',(15.0015927830031,19.7935585451785,2.05052204929153));
#11895=CARTESIAN_POINT('Ctrl Pts',(14.8948006878207,19.9130292461929,2.55578739008674));
#11896=CARTESIAN_POINT('Ctrl Pts',(14.610933196062,20.1692945410138,3.39391342320782));
#11897=CARTESIAN_POINT('Ctrl Pts',(14.3959941699693,20.33969941555,3.83973283970765));
#11898=CARTESIAN_POINT('Ctrl Pts',(13.9471674615478,20.597684026572,4.41982074357043));
#11899=CARTESIAN_POINT('Ctrl Pts',(13.6893099174807,20.7189966901154,4.66076575634697));
#11900=CARTESIAN_POINT('Ctrl Pts',(13.2373047550013,20.8519979973491,4.90992053612931));
#11901=CARTESIAN_POINT('Ctrl Pts',(13.0759377439066,20.8882387560174,4.97512225960823));
#11902=CARTESIAN_POINT('Ctrl Pts',(12.7426104656414,20.9372619150407,5.06242095273494));
#11903=CARTESIAN_POINT('Ctrl Pts',(12.5706482539945,20.95,5.08453537700349));
#11904=CARTESIAN_POINT('Ctrl Pts',(12.4,20.95,5.08453537700349));
#11905=CARTESIAN_POINT('Origin',(21.1,29.85,0.));
#11906=CARTESIAN_POINT('',(23.6,19.8,6.15385016571545E-16));
#11907=CARTESIAN_POINT('',(21.1,19.6,6.27631484563018E-16));
#11908=CARTESIAN_POINT('Origin',(23.6,29.85,0.));
#11909=CARTESIAN_POINT('Origin',(23.6,39.9,0.));
#11910=CARTESIAN_POINT('',(23.6,39.85,7.04632514510589E-11));
#11911=CARTESIAN_POINT('Origin',(23.6,29.85,0.));
#11912=CARTESIAN_POINT('Origin',(28.65,29.85,0.));
#11913=CARTESIAN_POINT('',(24.785509528937,19.85,6.12323399573677E-16));
#11914=CARTESIAN_POINT('',(24.785509528937,39.85,7.04632514510589E-11));
#11915=CARTESIAN_POINT('Origin',(24.785509528937,29.85,0.));
#11916=CARTESIAN_POINT('Origin',(24.785509528937,29.85,0.));
#11917=CARTESIAN_POINT('',(28.65,39.85,7.04632514510589E-11));
#11918=CARTESIAN_POINT('Origin',(24.785509528937,29.85,0.));
#11919=CARTESIAN_POINT('',(25.05,21.35,5.20474889637625E-16));
#11920=CARTESIAN_POINT('',(24.785509528937,19.85,6.12323399573677E-16));
#11921=CARTESIAN_POINT('Origin',(25.05,29.85,0.));
#11922=CARTESIAN_POINT('Origin',(25.05,38.35,0.));
#11923=CARTESIAN_POINT('',(25.05,36.8,1.27669428811112E-15));
#11924=CARTESIAN_POINT('Origin',(25.05,29.85,0.));
#11925=CARTESIAN_POINT('Origin',(28.65,29.85,0.));
#11926=CARTESIAN_POINT('',(26.25,36.8,1.27669428811112E-15));
#11927=CARTESIAN_POINT('Origin',(26.25,29.85,0.));
#11928=CARTESIAN_POINT('',(28.65,36.8,1.27669428811112E-15));
#11929=CARTESIAN_POINT('Origin',(26.25,36.8,0.));
#11930=CARTESIAN_POINT('',(26.25,39.35,1.74512168878498E-15));
#11931=CARTESIAN_POINT('Origin',(26.25,29.85,0.));
#11932=CARTESIAN_POINT('Origin',(28.65,29.85,0.));
#11933=CARTESIAN_POINT('',(28.165,20.35,5.81707229594993E-16));
#11934=CARTESIAN_POINT('',(28.165,39.35,1.74512168878498E-15));
#11935=CARTESIAN_POINT('Origin',(28.165,29.85,0.));
#11936=CARTESIAN_POINT('Origin',(28.165,29.85,0.));
#11937=CARTESIAN_POINT('',(28.65,39.35,1.74512168878498E-15));
#11938=CARTESIAN_POINT('Origin',(28.165,29.85,0.));
#11939=CARTESIAN_POINT('',(28.65,23.1,4.13318294712232E-16));
#11940=CARTESIAN_POINT('',(28.165,20.35,5.81707229594993E-16));
#11941=CARTESIAN_POINT('Origin',(28.65,29.85,0.));
#11942=CARTESIAN_POINT('Origin',(28.65,36.6,0.));
#11943=CARTESIAN_POINT('',(28.6499999999999,31.835434188859,-6.11053811719625));
#11944=CARTESIAN_POINT('Origin',(28.6499999999999,29.85,-5.55111512312578E-16));
#11945=CARTESIAN_POINT('Origin',(28.35,29.85,0.));
#11946=CARTESIAN_POINT('',(28.35,23.725,-3.75048082238877E-16));
#11947=CARTESIAN_POINT('',(28.35,31.7427290905466,-5.82522116230782));
#11948=CARTESIAN_POINT('Origin',(28.35,29.85,0.));
#11949=CARTESIAN_POINT('Origin',(28.35,29.85,0.));
#11950=CARTESIAN_POINT('Origin',(28.35,31.835434188859,-6.11053811719625));
#11951=CARTESIAN_POINT('Origin',(28.65,29.85,0.));
#11952=CARTESIAN_POINT('',(5.75,23.725,-3.75048082238877E-16));
#11953=CARTESIAN_POINT('Origin',(5.75,29.85,0.));
#11954=CARTESIAN_POINT('',(28.65,23.725,-3.75048082238877E-16));
#11955=CARTESIAN_POINT('Origin',(5.75,34.85,0.));
#11956=CARTESIAN_POINT('Origin',(12.4,17.45,10.25));
#11957=CARTESIAN_POINT('',(12.4,20.95,-10.25));
#11958=CARTESIAN_POINT('Origin',(12.4,17.45,-10.25));
#11959=CARTESIAN_POINT('',(12.4,20.95,10.25));
#11960=CARTESIAN_POINT('',(12.4,20.95,10.25));
#11961=CARTESIAN_POINT('',(12.4,20.95,10.25));
#11962=CARTESIAN_POINT('Origin',(12.4,17.45,10.25));
#11963=CARTESIAN_POINT('Origin',(12.4,17.45,10.25));
#11964=CARTESIAN_POINT('',(12.4,15.3,10.25));
#11965=CARTESIAN_POINT('Origin',(12.4,17.45,10.25));
#11966=CARTESIAN_POINT('Origin',(12.4,17.45,-10.25));
#11967=CARTESIAN_POINT('',(12.4,15.3,-10.25));
#11968=CARTESIAN_POINT('Origin',(12.4,17.45,-10.25));
#11969=CARTESIAN_POINT('Origin',(12.4,17.45,10.25));
#11970=CARTESIAN_POINT('',(12.4,15.3,10.25));
#11971=CARTESIAN_POINT('Origin',(-12.4,17.45,-10.25));
#11972=CARTESIAN_POINT('',(-12.4,15.3,-10.25));
#11973=CARTESIAN_POINT('Origin',(-12.4,17.45,-10.25));
#11974=CARTESIAN_POINT('Origin',(-12.4,17.45,10.25));
#11975=CARTESIAN_POINT('',(-12.4,15.3,10.25));
#11976=CARTESIAN_POINT('',(0.,0.,0.));
#11977=CARTESIAN_POINT('Origin',(0.,0.,0.));
#11978=CARTESIAN_POINT('',(0.,34.3,6.5));
#11979=CARTESIAN_POINT('',(-6.5,27.8,8.26172938235333E-15));
#11980=CARTESIAN_POINT('Origin',(0.,34.3,0.));
#11981=CARTESIAN_POINT('',(6.5,27.8,-1.0352288826933E-14));
#11982=CARTESIAN_POINT('Origin',(0.,34.3,0.));
#11983=CARTESIAN_POINT('',(6.5,24.4,-1.0352288826933E-14));
#11984=CARTESIAN_POINT('',(6.5,0.,-1.0352288826933E-14));
#11985=CARTESIAN_POINT('Origin',(0.,24.4,0.));
#11986=CARTESIAN_POINT('',(0.,34.3,-6.5));
#11987=CARTESIAN_POINT('Origin',(0.,34.3,0.));
#11988=CARTESIAN_POINT('Origin',(0.,34.3,0.));
#11989=CARTESIAN_POINT('Origin',(6.5,24.4,0.));
#11990=CARTESIAN_POINT('',(-8.15,24.4,-4.99043570652546E-16));
#11991=CARTESIAN_POINT('Origin',(0.,24.4,0.));
#11992=CARTESIAN_POINT('Origin',(34.3,34.3,0.));
#11993=CARTESIAN_POINT('',(-9.9,27.8,8.26172938235333E-15));
#11994=CARTESIAN_POINT('Origin',(-9.9,34.3,0.));
#11995=CARTESIAN_POINT('',(34.3,27.8,8.26172938235333E-15));
#11996=CARTESIAN_POINT('',(9.9,27.8,8.26172938235333E-15));
#11997=CARTESIAN_POINT('',(34.3,27.8,8.26172938235333E-15));
#11998=CARTESIAN_POINT('Origin',(9.9,34.3,0.));
#11999=CARTESIAN_POINT('Origin',(-9.9,42.45,0.));
#12000=CARTESIAN_POINT('',(-9.9,42.45,1.49713071195764E-15));
#12001=CARTESIAN_POINT('Origin',(-9.9,34.3,0.));
#12002=CARTESIAN_POINT('Origin',(34.3,34.3,0.));
#12003=CARTESIAN_POINT('',(-34.,42.45,1.49713071195764E-15));
#12004=CARTESIAN_POINT('',(-34.,31.7815114958442,7.7511106078055));
#12005=CARTESIAN_POINT('Origin',(-34.,34.3,0.));
#12006=CARTESIAN_POINT('',(34.3,42.45,1.49713071195764E-15));
#12007=CARTESIAN_POINT('Origin',(-34.,34.3,0.));
#12008=CARTESIAN_POINT('Origin',(-34.,34.3,0.));
#12009=CARTESIAN_POINT('',(-34.2999999999999,26.2635724373061,-2.61119360246826));
#12010=CARTESIAN_POINT('',(-34.2999999999999,42.3364275626939,2.61119360246826));
#12011=CARTESIAN_POINT('Ctrl Pts',(-34.2999999999999,26.2635724373061,-2.61119360246826));
#12012=CARTESIAN_POINT('Ctrl Pts',(-34.2999999999999,26.3309754767777,-2.81835240712344));
#12013=CARTESIAN_POINT('Ctrl Pts',(-34.2999999686987,26.4063654686947,-3.02293872375202));
#12014=CARTESIAN_POINT('Ctrl Pts',(-34.2999999554284,26.4895323588945,-3.22433428102061));
#12015=CARTESIAN_POINT('Ctrl Pts',(-34.2999999419066,26.5742754077538,-3.42954663786918));
#12016=CARTESIAN_POINT('Ctrl Pts',(-34.2999999429865,26.6670930191243,-3.63144579229734));
#12017=CARTESIAN_POINT('Ctrl Pts',(-34.2999999529143,26.7677098165405,-3.82939473609336));
#12018=CARTESIAN_POINT('Ctrl Pts',(-34.2999999626164,26.8660394925692,-4.02284410054846));
#12019=CARTESIAN_POINT('Ctrl Pts',(-34.2999999784569,26.971817541879,-4.21252059161823));
#12020=CARTESIAN_POINT('Ctrl Pts',(-34.2999999882455,27.0847385515957,-4.39784981282414));
#12021=CARTESIAN_POINT('Ctrl Pts',(-34.2999999983755,27.2015993290438,-4.58964509457275));
#12022=CARTESIAN_POINT('Ctrl Pts',(-34.3000000014228,27.3261103606868,-4.77678400972466));
#12023=CARTESIAN_POINT('Ctrl Pts',(-34.299999999184,27.4578808803078,-4.95865706364752));
#12024=CARTESIAN_POINT('Ctrl Pts',(-34.2999999969451,27.5896513999289,-5.14053011757037));
#12025=CARTESIAN_POINT('Ctrl Pts',(-34.2999999909642,27.7286812463795,-5.31713700071765));
#12026=CARTESIAN_POINT('Ctrl Pts',(-34.2999999911184,27.8745286720217,-5.48790050032985));
#12027=CARTESIAN_POINT('Ctrl Pts',(-34.2999999912693,28.0171291857835,-5.65486239677205));
#12028=CARTESIAN_POINT('Ctrl Pts',(-34.2999999943151,28.1662481837242,-5.81625579259309));
#12029=CARTESIAN_POINT('Ctrl Pts',(-34.2999999968895,28.3214289088131,-5.9715925669474));
#12030=CARTESIAN_POINT('Ctrl Pts',(-34.2999999994881,28.4780671360313,-6.12838830909079));
#12031=CARTESIAN_POINT('Ctrl Pts',(-34.300000001235,28.6408813402211,-6.27901287888423));
#12032=CARTESIAN_POINT('Ctrl Pts',(-34.2999999988011,28.8093646776014,-6.42300323270427));
#12033=CARTESIAN_POINT('Ctrl Pts',(-34.2999999963862,28.976541606888,-6.56587709532353));
#12034=CARTESIAN_POINT('Ctrl Pts',(-34.2999999897238,29.149299831762,-6.70221911339299));
#12035=CARTESIAN_POINT('Ctrl Pts',(-34.2999999794429,29.3271111190654,-6.83161761852876));
#12036=CARTESIAN_POINT('Ctrl Pts',(-34.2999999690414,29.5070066721755,-6.96253290521291));
#12037=CARTESIAN_POINT('Ctrl Pts',(-34.299999955025,29.6920742662313,-7.08634070679623));
#12038=CARTESIAN_POINT('Ctrl Pts',(-34.299999942396,29.8817360350175,-7.20265934921438));
#12039=CARTESIAN_POINT('Ctrl Pts',(-34.299999929767,30.0713978038038,-7.31897799163253));
#12040=CARTESIAN_POINT('Ctrl Pts',(-34.2999999188667,30.2656534959509,-7.42780734100629));
#12041=CARTESIAN_POINT('Ctrl Pts',(-34.2999999157799,30.4638979106213,-7.52881277536904));
#12042=CARTESIAN_POINT('Ctrl Pts',(-34.2999999127274,30.6599422450008,-7.62869726987693));
#12043=CARTESIAN_POINT('Ctrl Pts',(-34.2999999192732,30.8598819124485,-7.72093036573636));
#12044=CARTESIAN_POINT('Ctrl Pts',(-34.2999999306543,31.0631107758443,-7.80522907738375));
#12045=CARTESIAN_POINT('Ctrl Pts',(-34.2999999421127,31.2677222133758,-7.89010127655872));
#12046=CARTESIAN_POINT('Ctrl Pts',(-34.2999999580491,31.4756675254377,-7.96693059381204));
#12047=CARTESIAN_POINT('Ctrl Pts',(-34.2999999713931,31.6863066736858,-8.03547715547819));
#12048=CARTESIAN_POINT('Ctrl Pts',(-34.2999999846299,31.8952546362522,-8.10347336852884));
#12049=CARTESIAN_POINT('Ctrl Pts',(-34.2999999950788,32.1068530729253,-8.16331926213531));
#12050=CARTESIAN_POINT('Ctrl Pts',(-34.2999999986032,32.3204600693113,-8.21483003147702));
#12051=CARTESIAN_POINT('Ctrl Pts',(-34.3000000021704,32.5366604082405,-8.26696617860051));
#12052=CARTESIAN_POINT('Ctrl Pts',(-34.2999999985689,32.7549181292621,-8.31056339846385));
#12053=CARTESIAN_POINT('Ctrl Pts',(-34.2999999887411,32.9745538587878,-8.34548270311626));
#12054=CARTESIAN_POINT('Ctrl Pts',(-34.2999999789133,33.1941895883135,-8.38040200776868));
#12055=CARTESIAN_POINT('Ctrl Pts',(-34.2999999629806,33.4152030426585,-8.40664333723627));
#12056=CARTESIAN_POINT('Ctrl Pts',(-34.2999999467308,33.6369051618518,-8.42412171144572));
#12057=CARTESIAN_POINT('Ctrl Pts',(-34.2999999306905,33.8557485744051,-8.44137471322937));
#12058=CARTESIAN_POINT('Ctrl Pts',(-34.299999923053,34.0752708543442,-8.45007828025063));
#12059=CARTESIAN_POINT('Ctrl Pts',(-34.2999999248664,34.2948034193471,-8.45021072279849));
#12060=CARTESIAN_POINT('Ctrl Pts',(-34.2999999266971,34.5164348826027,-8.45034443159783));
#12061=CARTESIAN_POINT('Ctrl Pts',(-34.2999999372069,34.7380765477149,-8.4417422778435));
#12062=CARTESIAN_POINT('Ctrl Pts',(-34.2999999490862,34.959042179185,-8.42443572156554));
#12063=CARTESIAN_POINT('Ctrl Pts',(-34.2999999608784,35.17838852075,-8.40725599194242));
#12064=CARTESIAN_POINT('Ctrl Pts',(-34.2999999735563,35.3970684372344,-8.38149907644072));
#12065=CARTESIAN_POINT('Ctrl Pts',(-34.2999999823698,35.6144164128276,-8.34724790946945));
#12066=CARTESIAN_POINT('Ctrl Pts',(-34.2999999912809,35.8341711943443,-8.31261746170974));
#12067=CARTESIAN_POINT('Ctrl Pts',(-34.2999999962556,36.0525640828877,-8.26930356764987));
#12068=CARTESIAN_POINT('Ctrl Pts',(-34.2999999983006,36.2689173031515,-8.21744511851154));
#12069=CARTESIAN_POINT('Ctrl Pts',(-34.3000000003457,36.4852705234153,-8.16558666937321));
#12070=CARTESIAN_POINT('Ctrl Pts',(-34.2999999999999,36.6995838070113,-8.10518375315383));
#12071=CARTESIAN_POINT('Ctrl Pts',(-34.2999999999999,36.9111936024683,-8.03642756269405));
#12072=CARTESIAN_POINT('Ctrl Pts',(-34.2999999999999,37.120820990256,-7.96831549553197));
#12073=CARTESIAN_POINT('Ctrl Pts',(-34.3000000003365,37.3277764172895,-7.89201215591016));
#12074=CARTESIAN_POINT('Ctrl Pts',(-34.2999999983574,37.531428673927,-7.80774610566532));
#12075=CARTESIAN_POINT('Ctrl Pts',(-34.2999999963688,37.7360652256368,-7.72307277951108));
#12076=CARTESIAN_POINT('Ctrl Pts',(-34.2999999915141,37.937366323948,-7.63035962977707));
#12077=CARTESIAN_POINT('Ctrl Pts',(-34.2999999827407,38.1347103707233,-7.52988819054978));
#12078=CARTESIAN_POINT('Ctrl Pts',(-34.2999999740277,38.33069406452,-7.43010933173649));
#12079=CARTESIAN_POINT('Ctrl Pts',(-34.2999999614261,38.5227748476811,-7.3226789325982));
#12080=CARTESIAN_POINT('Ctrl Pts',(-34.2999999496034,38.7103660860224,-7.20791993333099));
#12081=CARTESIAN_POINT('Ctrl Pts',(-34.2999999376576,38.8999104738443,-7.09196609425252));
#12082=CARTESIAN_POINT('Ctrl Pts',(-34.2999999269732,39.0848710459176,-6.96853029900635));
#12083=CARTESIAN_POINT('Ctrl Pts',(-34.2999999249358,39.2646694228867,-6.83799269722904));
#12084=CARTESIAN_POINT('Ctrl Pts',(-34.2999999228985,39.4444677998558,-6.70745509545174));
#12085=CARTESIAN_POINT('Ctrl Pts',(-34.2999999304965,39.6191037365145,-6.56981583559083));
#12086=CARTESIAN_POINT('Ctrl Pts',(-34.2999999467308,39.7880294984489,-6.42550026050776));
#12087=CARTESIAN_POINT('Ctrl Pts',(-34.2999999627693,39.9549182113788,-6.28292496408423));
#12088=CARTESIAN_POINT('Ctrl Pts',(-34.2999999785074,40.1162465945289,-6.13383785866227));
#12089=CARTESIAN_POINT('Ctrl Pts',(-34.2999999883549,40.2715264369917,-5.97869422705162));
#12090=CARTESIAN_POINT('Ctrl Pts',(-34.2999999982979,40.4283122806558,-5.82204591529775));
#12091=CARTESIAN_POINT('Ctrl Pts',(-34.3000000021085,40.5789314390782,-5.65922317634696));
#12092=CARTESIAN_POINT('Ctrl Pts',(-34.2999999987736,40.7229201832398,-5.49073200218901));
#12093=CARTESIAN_POINT('Ctrl Pts',(-34.2999999954664,40.865714583059,-5.32363841283374));
#12094=CARTESIAN_POINT('Ctrl Pts',(-34.2999999851989,41.0019879953795,-5.15097029911582));
#12095=CARTESIAN_POINT('Ctrl Pts',(-34.2999999720396,41.1313286676054,-4.97325443900506));
#12096=CARTESIAN_POINT('Ctrl Pts',(-34.2999999587151,41.2622920641851,-4.79330893334434));
#12097=CARTESIAN_POINT('Ctrl Pts',(-34.299999942666,41.3861474245444,-4.60818840052297));
#12098=CARTESIAN_POINT('Ctrl Pts',(-34.2999999310506,41.5025119454141,-4.41847081471827));
#12099=CARTESIAN_POINT('Ctrl Pts',(-34.2999999194352,41.6188764662838,-4.22875322891356));
#12100=CARTESIAN_POINT('Ctrl Pts',(-34.2999999126921,41.7277500102302,-4.0344388425538));
#12101=CARTESIAN_POINT('Ctrl Pts',(-34.2999999157799,41.8287968990977,-3.83613324831562));
#12102=CARTESIAN_POINT('Ctrl Pts',(-34.2999999188344,41.9287548555587,-3.63996469550828));
#12103=CARTESIAN_POINT('Ctrl Pts',(-34.2999999295381,42.0210498793326,-3.43989387321933));
#12104=CARTESIAN_POINT('Ctrl Pts',(-34.2999999420006,42.1053978785718,-3.23652766990277));
#12105=CARTESIAN_POINT('Ctrl Pts',(-34.2999999545376,42.1902503511508,-3.03194516236187));
#12106=CARTESIAN_POINT('Ctrl Pts',(-34.2999999685208,42.26706028567,-2.82402796413028));
#12107=CARTESIAN_POINT('Ctrl Pts',(-34.2999999789731,42.3355871760543,-2.61341548956745));
#12108=CARTESIAN_POINT('Ctrl Pts',(-34.2999999893477,42.403604201871,-2.40437004712374));
#12109=CARTESIAN_POINT('Ctrl Pts',(-34.2999999961515,42.4634609440651,-2.19266956196516));
#12110=CARTESIAN_POINT('Ctrl Pts',(-34.2999999986859,42.5149714602533,-1.97895664395315));
#12111=CARTESIAN_POINT('Ctrl Pts',(-34.3000000012489,42.5670611708435,-1.76284069574673));
#12112=CARTESIAN_POINT('Ctrl Pts',(-34.2999999995749,42.6106157272074,-1.54466704716814));
#12113=CARTESIAN_POINT('Ctrl Pts',(-34.2999999969855,42.6454952538861,-1.32511421938075));
#12114=CARTESIAN_POINT('Ctrl Pts',(-34.299999994396,42.6803747805648,-1.10556139159335));
#12115=CARTESIAN_POINT('Ctrl Pts',(-34.2999999912711,42.7065792149394,-0.884629665467948));
#12116=CARTESIAN_POINT('Ctrl Pts',(-34.2999999911184,42.7240224813457,-0.663007482591871));
#12117=CARTESIAN_POINT('Ctrl Pts',(-34.2999999909698,42.7409975321539,-0.447334126071372));
#12118=CARTESIAN_POINT('Ctrl Pts',(-34.2999999965005,42.7496666830313,-0.230992447964327));
#12119=CARTESIAN_POINT('Ctrl Pts',(-34.2999999989225,42.750012756651,-0.0146321120580931));
#12120=CARTESIAN_POINT('Ctrl Pts',(-34.3000000014127,42.7503685880862,0.207828672158228));
#12121=CARTESIAN_POINT('Ctrl Pts',(-34.2999999991183,42.7419251590975,0.430308849128999));
#12122=CARTESIAN_POINT('Ctrl Pts',(-34.2999999896109,42.724720992894,0.652105752752188));
#12123=CARTESIAN_POINT('Ctrl Pts',(-34.2999999803274,42.7079220965907,0.868677898142193));
#12124=CARTESIAN_POINT('Ctrl Pts',(-34.2999999646202,42.6827706276942,1.08459831826941));
#12125=CARTESIAN_POINT('Ctrl Pts',(-34.2999999543189,42.6493549530956,1.29922053867042));
#12126=CARTESIAN_POINT('Ctrl Pts',(-34.2999999436448,42.6147300591351,1.52160933411535));
#12127=CARTESIAN_POINT('Ctrl Pts',(-34.2999999412404,42.5712317908368,1.74260388466715));
#12128=CARTESIAN_POINT('Ctrl Pts',(-34.2999999541605,42.5190158349037,1.96149840706303));
#12129=CARTESIAN_POINT('Ctrl Pts',(-34.2999999670806,42.4667998789705,2.18039292945891));
#12130=CARTESIAN_POINT('Ctrl Pts',(-34.2999999999999,42.4058663723894,2.3971871111606));
#12131=CARTESIAN_POINT('Ctrl Pts',(-34.2999999999999,42.3364275626939,2.61119360246826));
#12132=CARTESIAN_POINT('',(-34.3,31.6888063975317,8.03642756269405));
#12133=CARTESIAN_POINT('Origin',(-34.3,34.3,0.));
#12134=CARTESIAN_POINT('Origin',(-34.,31.6888063975317,8.03642756269392));
#12135=CARTESIAN_POINT('Origin',(-34.3,34.3,0.));
#12136=CARTESIAN_POINT('Origin',(-34.3,34.3,0.));
#12137=CARTESIAN_POINT('',(-34.3,42.776,1.55701594043594E-15));
#12138=CARTESIAN_POINT('Origin',(-34.3,34.3,-1.11022302462516E-15));
#12139=CARTESIAN_POINT('Origin',(-34.3,34.3,0.));
#12140=CARTESIAN_POINT('',(-33.573,21.7,2.97002700986566E-11));
#12141=CARTESIAN_POINT('',(-33.573,46.9,2.3145824503885E-15));
#12142=CARTESIAN_POINT('Origin',(-33.573,34.3,0.));
#12143=CARTESIAN_POINT('Origin',(-33.573,34.3,0.));
#12144=CARTESIAN_POINT('',(-34.3,42.776,1.55701594043594E-15));
#12145=CARTESIAN_POINT('Origin',(34.3,34.3,0.));
#12146=CARTESIAN_POINT('',(-31.5,21.7,2.97002700986566E-11));
#12147=CARTESIAN_POINT('Origin',(-31.5,34.3,0.));
#12148=CARTESIAN_POINT('',(34.3,21.7,2.97002700986566E-11));
#12149=CARTESIAN_POINT('Origin',(-31.5,46.9,0.));
#12150=CARTESIAN_POINT('',(-31.5,43.8,-1.74512168878498E-15));
#12151=CARTESIAN_POINT('Origin',(-31.5,34.3,0.));
#12152=CARTESIAN_POINT('Origin',(-31.5,34.3,0.));
#12153=CARTESIAN_POINT('',(-31.,43.3,-1.65327317884893E-15));
#12154=CARTESIAN_POINT('',(-31.5,43.8,-1.74512168878498E-15));
#12155=CARTESIAN_POINT('Origin',(-31.,34.3,0.));
#12156=CARTESIAN_POINT('Origin',(34.3,34.3,0.));
#12157=CARTESIAN_POINT('',(-29.9,43.3,1.65327317884893E-15));
#12158=CARTESIAN_POINT('Origin',(-29.9,34.3,0.));
#12159=CARTESIAN_POINT('',(34.3,43.3,1.65327317884893E-15));
#12160=CARTESIAN_POINT('Origin',(-29.9,43.3,0.));
#12161=CARTESIAN_POINT('',(-29.9,45.3,2.02066721859313E-15));
#12162=CARTESIAN_POINT('Origin',(-29.9,34.3,-2.22044604925031E-15));
#12163=CARTESIAN_POINT('Origin',(-29.9,34.3,0.));
#12164=CARTESIAN_POINT('',(-29.635509528937,21.8,-7.65404249467096E-16));
#12165=CARTESIAN_POINT('',(-29.635509528937,46.8,2.29621274840129E-15));
#12166=CARTESIAN_POINT('Origin',(-29.635509528937,34.3,0.));
#12167=CARTESIAN_POINT('Origin',(-29.635509528937,34.3,0.));
#12168=CARTESIAN_POINT('',(-29.9,45.3,2.02066721859313E-15));
#12169=CARTESIAN_POINT('Origin',(34.3,34.3,0.));
#12170=CARTESIAN_POINT('',(-28.3,21.8,-7.65404249467096E-16));
#12171=CARTESIAN_POINT('Origin',(-28.3,34.3,0.));
#12172=CARTESIAN_POINT('',(34.3,21.8,-7.65404249467096E-16));
#12173=CARTESIAN_POINT('Origin',(-28.3,34.3,0.));
#12174=CARTESIAN_POINT('',(-25.442,21.55,2.25704784689076E-13));
#12175=CARTESIAN_POINT('Origin',(-25.442,34.3,0.));
#12176=CARTESIAN_POINT('',(-28.3,21.8,2.21279200675564E-13));
#12177=CARTESIAN_POINT('Origin',(34.3,34.3,0.));
#12178=CARTESIAN_POINT('',(-14.8,22.4015621949433,-4.58144931208448));
#12179=CARTESIAN_POINT('',(-14.8,22.4015621949433,4.58144931208448));
#12180=CARTESIAN_POINT('Origin',(-14.8,34.3,0.));
#12181=CARTESIAN_POINT('',(-15.9,22.55,-4.94974746830584));
#12182=CARTESIAN_POINT('Ctrl Pts',(-15.9,22.55,-4.94974746830584));
#12183=CARTESIAN_POINT('Ctrl Pts',(-15.7385337520997,22.55,-4.94974746830584));
#12184=CARTESIAN_POINT('Ctrl Pts',(-15.5761457803654,22.5403766199357,-4.92707409295831));
#12185=CARTESIAN_POINT('Ctrl Pts',(-15.261422962228,22.5036349081231,-4.83844725051202));
#12186=CARTESIAN_POINT('Ctrl Pts',(-15.1090799410036,22.4765612000617,-4.77250431966149));
#12187=CARTESIAN_POINT('Ctrl Pts',(-14.9094490344666,22.4304763633167,-4.65598469946214));
#12188=CARTESIAN_POINT('Ctrl Pts',(-14.8538668289339,22.4163697898127,-4.61990597385108));
#12189=CARTESIAN_POINT('Ctrl Pts',(-14.8,22.4015621949434,-4.58144931208446));
#12190=CARTESIAN_POINT('',(-18.6018512172213,21.55,6.68731561475715E-15));
#12191=CARTESIAN_POINT('Ctrl Pts',(-18.6018512172213,21.55,2.77555756156289E-16));
#12192=CARTESIAN_POINT('Ctrl Pts',(-18.6018512172213,21.55,-0.464622207388763));
#12193=CARTESIAN_POINT('Ctrl Pts',(-18.5712951852911,21.5772938144022,-0.972810700247141));
#12194=CARTESIAN_POINT('Ctrl Pts',(-18.4274283765041,21.6928895932121,-1.96834407230499));
#12195=CARTESIAN_POINT('Ctrl Pts',(-18.3133860729428,21.7810123834704,-2.45560389734477));
#12196=CARTESIAN_POINT('Ctrl Pts',(-18.0215365756939,21.9705875385122,-3.27227100718961));
#12197=CARTESIAN_POINT('Ctrl Pts',(-17.803398187899,22.0977518164052,-3.71276037669008));
#12198=CARTESIAN_POINT('Ctrl Pts',(-17.3641143511796,22.2886831606211,-4.28472825096341));
#12199=CARTESIAN_POINT('Ctrl Pts',(-17.1185653331342,22.3778391986177,-4.52289835539982));
#12200=CARTESIAN_POINT('Ctrl Pts',(-16.6909200589964,22.4765612000617,-4.77250431966149));
#12201=CARTESIAN_POINT('Ctrl Pts',(-16.538577037772,22.5036349081231,-4.83844725051202));
#12202=CARTESIAN_POINT('Ctrl Pts',(-16.2238542196346,22.5403766199357,-4.92707409295831));
#12203=CARTESIAN_POINT('Ctrl Pts',(-16.0614662479003,22.55,-4.94974746830584));
#12204=CARTESIAN_POINT('Ctrl Pts',(-15.9,22.55,-4.94974746830584));
#12205=CARTESIAN_POINT('',(34.3,21.55,1.33746312295143E-14));
#12206=CARTESIAN_POINT('',(-15.9,22.55,4.94974746830584));
#12207=CARTESIAN_POINT('Ctrl Pts',(-15.9,22.55,4.94974746830584));
#12208=CARTESIAN_POINT('Ctrl Pts',(-16.0614662479003,22.55,4.94974746830584));
#12209=CARTESIAN_POINT('Ctrl Pts',(-16.2238542196346,22.5403766199357,4.92707409295831));
#12210=CARTESIAN_POINT('Ctrl Pts',(-16.538577037772,22.5036349081231,4.83844725051202));
#12211=CARTESIAN_POINT('Ctrl Pts',(-16.6909200589964,22.4765612000617,4.77250431966149));
#12212=CARTESIAN_POINT('Ctrl Pts',(-17.1185653331342,22.3778391986177,4.52289835539982));
#12213=CARTESIAN_POINT('Ctrl Pts',(-17.3641143511796,22.2886831606211,4.28472825096342));
#12214=CARTESIAN_POINT('Ctrl Pts',(-17.803398187899,22.0977518164052,3.71276037669008));
#12215=CARTESIAN_POINT('Ctrl Pts',(-18.0215365756939,21.9705875385122,3.27227100718961));
#12216=CARTESIAN_POINT('Ctrl Pts',(-18.3133860729428,21.7810123834704,2.45560389734477));
#12217=CARTESIAN_POINT('Ctrl Pts',(-18.4274283765041,21.6928895932121,1.96834407230499));
#12218=CARTESIAN_POINT('Ctrl Pts',(-18.5712951852911,21.5772938144022,0.972810700247141));
#12219=CARTESIAN_POINT('Ctrl Pts',(-18.6018512172213,21.55,0.464622207388763));
#12220=CARTESIAN_POINT('Ctrl Pts',(-18.6018512172213,21.55,-1.38777878078145E-16));
#12221=CARTESIAN_POINT('Ctrl Pts',(-14.8,22.4015621949434,4.58144931208446));
#12222=CARTESIAN_POINT('Ctrl Pts',(-14.8538668289339,22.4163697898127,4.61990597385107));
#12223=CARTESIAN_POINT('Ctrl Pts',(-14.9094490344666,22.4304763633167,4.65598469946214));
#12224=CARTESIAN_POINT('Ctrl Pts',(-15.1090799410036,22.4765612000617,4.77250431966149));
#12225=CARTESIAN_POINT('Ctrl Pts',(-15.261422962228,22.5036349081231,4.83844725051202));
#12226=CARTESIAN_POINT('Ctrl Pts',(-15.5761457803654,22.5403766199357,4.92707409295831));
#12227=CARTESIAN_POINT('Ctrl Pts',(-15.7385337520997,22.55,4.94974746830584));
#12228=CARTESIAN_POINT('Ctrl Pts',(-15.9,22.55,4.94974746830584));
#12229=CARTESIAN_POINT('Origin',(-14.8,34.3,0.));
#12230=CARTESIAN_POINT('',(-14.1753409302243,22.1746590697757,-1.5839456470395E-9));
#12231=CARTESIAN_POINT('Ctrl Pts',(-14.1753409302243,22.1746590697757,0.));
#12232=CARTESIAN_POINT('Ctrl Pts',(-14.1753409302243,22.1746590697757,0.811742731319586));
#12233=CARTESIAN_POINT('Ctrl Pts',(-14.2343463654946,22.2037163139231,1.70030712380618));
#12234=CARTESIAN_POINT('Ctrl Pts',(-14.4700867339564,22.2974772144991,3.26556692298777));
#12235=CARTESIAN_POINT('Ctrl Pts',(-14.6186565766478,22.3517122223653,3.94731254702602));
#12236=CARTESIAN_POINT('Ctrl Pts',(-14.8,22.4015621949434,4.58144931208448));
#12237=CARTESIAN_POINT('',(-12.25,24.1,-2.66487303050841E-9));
#12238=CARTESIAN_POINT('',(-14.8,21.55,-3.33109128813552E-9));
#12239=CARTESIAN_POINT('Origin',(-12.25,34.3,0.));
#12240=CARTESIAN_POINT('Ctrl Pts',(-14.8,22.4015621949434,-4.58144931208448));
#12241=CARTESIAN_POINT('Ctrl Pts',(-14.6186565766478,22.3517122223653,-3.94731254702602));
#12242=CARTESIAN_POINT('Ctrl Pts',(-14.4700867339564,22.2974772144991,-3.26556692298777));
#12243=CARTESIAN_POINT('Ctrl Pts',(-14.2343463654946,22.2037163139231,-1.70030712380618));
#12244=CARTESIAN_POINT('Ctrl Pts',(-14.1753409302243,22.1746590697757,-0.811742731319587));
#12245=CARTESIAN_POINT('Ctrl Pts',(-14.1753409302243,22.1746590697757,0.));
#12246=CARTESIAN_POINT('Origin',(-15.9,18.4,12.75));
#12247=CARTESIAN_POINT('',(-15.9,22.55,-12.75));
#12248=CARTESIAN_POINT('Origin',(-15.9,18.4,-12.75));
#12249=CARTESIAN_POINT('',(-15.9,22.55,12.75));
#12250=CARTESIAN_POINT('',(-15.9,22.55,12.75));
#12251=CARTESIAN_POINT('',(-15.9,22.55,12.75));
#12252=CARTESIAN_POINT('Origin',(-15.9,18.4,12.75));
#12253=CARTESIAN_POINT('',(-11.8984378050566,19.5,-4.58144931208446));
#12254=CARTESIAN_POINT('',(-12.75,15.6981487827787,3.3705243286895E-15));
#12255=CARTESIAN_POINT('Ctrl Pts',(-11.8984378050566,19.5,-4.58144931208446));
#12256=CARTESIAN_POINT('Ctrl Pts',(-11.8623094130691,19.368572720417,-4.6752780103364));
#12257=CARTESIAN_POINT('Ctrl Pts',(-11.8289282500107,19.2209372445595,-4.75851393773843));
#12258=CARTESIAN_POINT('Ctrl Pts',(-11.768790628422,18.8503016802992,-4.90576485521185));
#12259=CARTESIAN_POINT('Ctrl Pts',(-11.75,18.618727839117,-4.94974746830584));
#12260=CARTESIAN_POINT('Ctrl Pts',(-11.75,18.181272160883,-4.94974746830584));
#12261=CARTESIAN_POINT('Ctrl Pts',(-11.768790628422,17.9496983197008,-4.90576485521186));
#12262=CARTESIAN_POINT('Ctrl Pts',(-11.8383538007376,17.5209719261084,-4.73543485752925));
#12263=CARTESIAN_POINT('Ctrl Pts',(-11.888414847166,17.3234627774142,-4.60969593371045));
#12264=CARTESIAN_POINT('Ctrl Pts',(-12.0334270273859,16.8602071792074,-4.22265289204953));
#12265=CARTESIAN_POINT('Ctrl Pts',(-12.1393241367062,16.6323510096146,-3.91480231296775));
#12266=CARTESIAN_POINT('Ctrl Pts',(-12.3385940364274,16.2590536262301,-3.23233151181743));
#12267=CARTESIAN_POINT('Ctrl Pts',(-12.4324200166025,16.1160192652783,-2.85652982346625));
#12268=CARTESIAN_POINT('Ctrl Pts',(-12.6657457374032,15.7856558345946,-1.6705459570492));
#12269=CARTESIAN_POINT('Ctrl Pts',(-12.75,15.6981487827787,-0.804215128026949));
#12270=CARTESIAN_POINT('Ctrl Pts',(-12.75,15.6981487827787,-9.71445146547012E-16));
#12271=CARTESIAN_POINT('',(-11.8984378050566,19.5,4.58144931208446));
#12272=CARTESIAN_POINT('Ctrl Pts',(-12.75,15.6981487827787,8.32667268468867E-16));
#12273=CARTESIAN_POINT('Ctrl Pts',(-12.75,15.6981487827787,0.804215128026948));
#12274=CARTESIAN_POINT('Ctrl Pts',(-12.6657457374032,15.7856558345946,1.6705459570492));
#12275=CARTESIAN_POINT('Ctrl Pts',(-12.4324200166025,16.1160192652783,2.85652982346625));
#12276=CARTESIAN_POINT('Ctrl Pts',(-12.3385940364274,16.2590536262301,3.23233151181743));
#12277=CARTESIAN_POINT('Ctrl Pts',(-12.1393241367062,16.6323510096146,3.91480231296775));
#12278=CARTESIAN_POINT('Ctrl Pts',(-12.0334270273859,16.8602071792074,4.22265289204953));
#12279=CARTESIAN_POINT('Ctrl Pts',(-11.888414847166,17.3234627774142,4.60969593371045));
#12280=CARTESIAN_POINT('Ctrl Pts',(-11.8383538007376,17.5209719261084,4.73543485752924));
#12281=CARTESIAN_POINT('Ctrl Pts',(-11.768790628422,17.9496983197008,4.90576485521185));
#12282=CARTESIAN_POINT('Ctrl Pts',(-11.75,18.181272160883,4.94974746830584));
#12283=CARTESIAN_POINT('Ctrl Pts',(-11.75,18.618727839117,4.94974746830584));
#12284=CARTESIAN_POINT('Ctrl Pts',(-11.768790628422,18.8503016802992,4.90576485521185));
#12285=CARTESIAN_POINT('Ctrl Pts',(-11.8289282500107,19.2209372445595,4.75851393773843));
#12286=CARTESIAN_POINT('Ctrl Pts',(-11.8623094130691,19.368572720417,4.6752780103364));
#12287=CARTESIAN_POINT('Ctrl Pts',(-11.8984378050566,19.5,4.58144931208446));
#12288=CARTESIAN_POINT('Ctrl Pts',(-11.8984378050566,19.5,4.58144931208446));
#12289=CARTESIAN_POINT('Ctrl Pts',(-11.8984519545606,19.5000514728365,4.58126931758869));
#12290=CARTESIAN_POINT('Ctrl Pts',(-11.8984661025681,19.5001029431511,4.58108932206347));
#12291=CARTESIAN_POINT('Ctrl Pts',(-11.9578645807106,19.7161328259295,3.82555204075638));
#12292=CARTESIAN_POINT('Ctrl Pts',(-12.0189451493805,19.8738008623819,3.04996162073971));
#12293=CARTESIAN_POINT('Ctrl Pts',(-12.102746447105,20.0779573866785,1.50637106977068));
#12294=CARTESIAN_POINT('Ctrl Pts',(-12.1253409302243,20.1246590697757,0.738392292337356));
#12295=CARTESIAN_POINT('Ctrl Pts',(-12.1253409302243,20.1246590697757,0.));
#12296=CARTESIAN_POINT('Ctrl Pts',(-12.1253409302243,20.1246590697757,-0.738392292337356));
#12297=CARTESIAN_POINT('Ctrl Pts',(-12.102746447105,20.0779573866785,-1.50637106977068));
#12298=CARTESIAN_POINT('Ctrl Pts',(-12.0189451493805,19.8738008623819,-3.04996162073971));
#12299=CARTESIAN_POINT('Ctrl Pts',(-11.9578645807106,19.7161328259295,-3.82555204075638));
#12300=CARTESIAN_POINT('Ctrl Pts',(-11.8984661025681,19.5001029431511,-4.58108932206347));
#12301=CARTESIAN_POINT('Ctrl Pts',(-11.8984519545606,19.5000514728365,-4.58126931758869));
#12302=CARTESIAN_POINT('Ctrl Pts',(-11.8984378050566,19.5,-4.58144931208446));
#12303=CARTESIAN_POINT('Origin',(-15.9,18.4,12.75));
#12304=CARTESIAN_POINT('',(-15.9,15.75,12.75));
#12305=CARTESIAN_POINT('Origin',(-15.9,18.4,12.75));
#12306=CARTESIAN_POINT('Origin',(0.,0.,0.));
#12307=CARTESIAN_POINT('',(-12.75,8.858,7.71249380392601E-15));
#12308=CARTESIAN_POINT('Origin',(0.,8.858,0.));
#12309=CARTESIAN_POINT('',(-12.75,0.,7.71249380392601E-15));
#12310=CARTESIAN_POINT('',(11.8984378050566,19.5,-4.58144931208446));
#12311=CARTESIAN_POINT('Origin',(0.,19.5,0.));
#12312=CARTESIAN_POINT('',(11.8984378050564,19.5,4.58144931208517));
#12313=CARTESIAN_POINT('Ctrl Pts',(11.8984378050566,19.5,-4.58144931208446));
#12314=CARTESIAN_POINT('Ctrl Pts',(11.8836302101873,19.4461331710661,-4.61990597385107));
#12315=CARTESIAN_POINT('Ctrl Pts',(11.8695236366833,19.3905509655334,-4.65598469946214));
#12316=CARTESIAN_POINT('Ctrl Pts',(11.8234387999383,19.1909200589964,-4.77250431966149));
#12317=CARTESIAN_POINT('Ctrl Pts',(11.7963650918769,19.038577037772,-4.83844725051202));
#12318=CARTESIAN_POINT('Ctrl Pts',(11.7596233800643,18.7238542196346,-4.92707409295831));
#12319=CARTESIAN_POINT('Ctrl Pts',(11.75,18.5614662479003,-4.94974746830584));
#12320=CARTESIAN_POINT('Ctrl Pts',(11.75,18.4,-4.94974746830584));
#12321=CARTESIAN_POINT('Ctrl Pts',(11.75,18.2385337520997,-4.94974746830584));
#12322=CARTESIAN_POINT('Ctrl Pts',(11.7596233800643,18.0761457803654,-4.92707409295831));
#12323=CARTESIAN_POINT('Ctrl Pts',(11.7963650918769,17.761422962228,-4.83844725051202));
#12324=CARTESIAN_POINT('Ctrl Pts',(11.8234387999383,17.6090799410036,-4.77250431966149));
#12325=CARTESIAN_POINT('Ctrl Pts',(11.9221608013823,17.1814346668658,-4.52289835539982));
#12326=CARTESIAN_POINT('Ctrl Pts',(12.0113168393789,16.9358856488204,-4.28472825096342));
#12327=CARTESIAN_POINT('Ctrl Pts',(12.2022481835948,16.496601812101,-3.71276037669008));
#12328=CARTESIAN_POINT('Ctrl Pts',(12.3294124614878,16.2784634243061,-3.27227100718962));
#12329=CARTESIAN_POINT('Ctrl Pts',(12.5189876165296,15.9866139270572,-2.45560389734478));
#12330=CARTESIAN_POINT('Ctrl Pts',(12.6071104067879,15.8725716234959,-1.96834407230499));
#12331=CARTESIAN_POINT('Ctrl Pts',(12.7227061855978,15.7287048147089,-0.972810700247143));
#12332=CARTESIAN_POINT('Ctrl Pts',(12.75,15.6981487827787,-0.464622207388765));
#12333=CARTESIAN_POINT('Ctrl Pts',(12.75,15.6981487827787,0.464622207388764));
#12334=CARTESIAN_POINT('Ctrl Pts',(12.7227061855978,15.7287048147089,0.972810700247142));
#12335=CARTESIAN_POINT('Ctrl Pts',(12.6071104067879,15.8725716234959,1.96834407230499));
#12336=CARTESIAN_POINT('Ctrl Pts',(12.5189876165296,15.9866139270572,2.45560389734478));
#12337=CARTESIAN_POINT('Ctrl Pts',(12.3294124614878,16.2784634243061,3.27227100718962));
#12338=CARTESIAN_POINT('Ctrl Pts',(12.2022481835948,16.496601812101,3.71276037669008));
#12339=CARTESIAN_POINT('Ctrl Pts',(12.0113168393789,16.9358856488204,4.28472825096342));
#12340=CARTESIAN_POINT('Ctrl Pts',(11.9221608013823,17.1814346668658,4.52289835539983));
#12341=CARTESIAN_POINT('Ctrl Pts',(11.8234387999383,17.6090799410036,4.77250431966149));
#12342=CARTESIAN_POINT('Ctrl Pts',(11.7963650918769,17.761422962228,4.83844725051203));
#12343=CARTESIAN_POINT('Ctrl Pts',(11.7596233800643,18.0761457803654,4.92707409295831));
#12344=CARTESIAN_POINT('Ctrl Pts',(11.75,18.2385337520997,4.94974746830584));
#12345=CARTESIAN_POINT('Ctrl Pts',(11.75,18.5614662479003,4.94974746830584));
#12346=CARTESIAN_POINT('Ctrl Pts',(11.7596233800643,18.7238542196346,4.92707409295831));
#12347=CARTESIAN_POINT('Ctrl Pts',(11.7963650918769,19.038577037772,4.83844725051202));
#12348=CARTESIAN_POINT('Ctrl Pts',(11.8234387999383,19.1909200589964,4.77250431966149));
#12349=CARTESIAN_POINT('Ctrl Pts',(11.8695236366833,19.3905509655332,4.65598469946222));
#12350=CARTESIAN_POINT('Ctrl Pts',(11.8836302101872,19.4461331710658,4.61990597385124));
#12351=CARTESIAN_POINT('Ctrl Pts',(11.8984378050565,19.4999999999996,4.58144931208472));
#12352=CARTESIAN_POINT('Origin',(0.,19.5,0.));
#12353=CARTESIAN_POINT('Origin',(0.,8.858,0.));
#12354=CARTESIAN_POINT('',(-12.5,6.,7.65404249467096E-16));
#12355=CARTESIAN_POINT('',(-12.75,8.858,7.80712334456438E-16));
#12356=CARTESIAN_POINT('',(12.5,6.,2.94676152863001E-11));
#12357=CARTESIAN_POINT('Origin',(0.,6.,0.));
#12358=CARTESIAN_POINT('Origin',(0.,6.,0.));
#12359=CARTESIAN_POINT('Origin',(0.,0.,0.));
#12360=CARTESIAN_POINT('',(-12.5,4.6644904710627,7.65404249467096E-16));
#12361=CARTESIAN_POINT('',(12.5,4.6644904710627,2.94676152863001E-11));
#12362=CARTESIAN_POINT('Origin',(0.,4.6644904710627,0.));
#12363=CARTESIAN_POINT('Origin',(0.,4.6644904710627,0.));
#12364=CARTESIAN_POINT('',(12.5,0.,2.94676152863001E-11));
#12365=CARTESIAN_POINT('Origin',(0.,4.6644904710627,0.));
#12366=CARTESIAN_POINT('',(-11.,4.4,6.73555739531044E-16));
#12367=CARTESIAN_POINT('',(-12.5,4.6644904710627,7.65404249467096E-16));
#12368=CARTESIAN_POINT('Origin',(-2.69214305703133E-15,4.4,-2.22044604925031E-15));
#12369=CARTESIAN_POINT('Origin',(11.,4.4,0.));
#12370=CARTESIAN_POINT('',(9.,4.4,1.65327317884893E-15));
#12371=CARTESIAN_POINT('Origin',(0.,4.4,0.));
#12372=CARTESIAN_POINT('Origin',(0.,0.,0.));
#12373=CARTESIAN_POINT('',(-9.,3.3,4.74105436041905E-14));
#12374=CARTESIAN_POINT('',(9.,3.3,1.65327317884893E-15));
#12375=CARTESIAN_POINT('Origin',(0.,3.3,0.));
#12376=CARTESIAN_POINT('Origin',(0.,3.3,0.));
#12377=CARTESIAN_POINT('',(9.,0.,1.65327317884893E-15));
#12378=CARTESIAN_POINT('Origin',(0.,3.3,0.));
#12379=CARTESIAN_POINT('',(-9.5,2.8,5.00444626933121E-14));
#12380=CARTESIAN_POINT('Origin',(0.,2.8,0.));
#12381=CARTESIAN_POINT('',(-9.,3.3,4.74105436041905E-14));
#12382=CARTESIAN_POINT('Origin',(9.5,2.8,0.));
#12383=CARTESIAN_POINT('',(12.6,2.8,2.3145824503885E-15));
#12384=CARTESIAN_POINT('Origin',(0.,2.8,0.));
#12385=CARTESIAN_POINT('Origin',(0.,0.,0.));
#12386=CARTESIAN_POINT('',(-12.6,0.727,7.71527483462833E-16));
#12387=CARTESIAN_POINT('',(12.6,0.727,2.3145824503885E-15));
#12388=CARTESIAN_POINT('Origin',(0.,0.727,0.));
#12389=CARTESIAN_POINT('Origin',(0.,0.727,0.));
#12390=CARTESIAN_POINT('',(12.6,0.,2.3145824503885E-15));
#12391=CARTESIAN_POINT('Origin',(0.,0.727,0.));
#12392=CARTESIAN_POINT('',(-8.476,1.38777878078145E-16,5.19005313478648E-16));
#12393=CARTESIAN_POINT('',(-12.6,0.727,7.71527483462833E-16));
#12394=CARTESIAN_POINT('Origin',(0.,-1.0842021724855E-16,0.));
#12395=CARTESIAN_POINT('Origin',(8.476,-5.42101086242752E-17,0.));
#12396=CARTESIAN_POINT('',(2.61119360246831,0.,-8.03642756269405));
#12397=CARTESIAN_POINT('Origin',(0.,0.,-1.11022302462516E-15));
#12398=CARTESIAN_POINT('Origin',(0.,0.299999999999936,0.));
#12399=CARTESIAN_POINT('',(-8.15,0.3,-4.99043570652546E-16));
#12400=CARTESIAN_POINT('',(2.51848850415582,0.3,-7.7511106078055));
#12401=CARTESIAN_POINT('Origin',(0.,0.3,0.));
#12402=CARTESIAN_POINT('Origin',(0.,0.3,0.));
#12403=CARTESIAN_POINT('Origin',(2.6111936024683,0.299999999999936,-8.03642756269405));
#12404=CARTESIAN_POINT('Origin',(0.,0.,0.));
#12405=CARTESIAN_POINT('',(-8.15,0.,-4.99043570652546E-16));
#12406=CARTESIAN_POINT('Origin',(0.,22.05,0.));
#12407=CARTESIAN_POINT('',(12.1253409302243,20.1246590697757,1.25247237498586E-15));
#12408=CARTESIAN_POINT('Ctrl Pts',(12.1253409302243,20.1246590697757,2.77555756156289E-16));
#12409=CARTESIAN_POINT('Ctrl Pts',(12.1253409302243,20.1246590697757,0.811742731319588));
#12410=CARTESIAN_POINT('Ctrl Pts',(12.0962836860769,20.0656536345054,1.70030712380618));
#12411=CARTESIAN_POINT('Ctrl Pts',(12.0025227855009,19.8299132660435,3.26556692298801));
#12412=CARTESIAN_POINT('Ctrl Pts',(11.9482877776347,19.6813434233521,3.94731254702649));
#12413=CARTESIAN_POINT('Ctrl Pts',(11.8984378050566,19.4999999999998,4.58144931208513));
#12414=CARTESIAN_POINT('',(10.2,22.05,1.87370960269545E-15));
#12415=CARTESIAN_POINT('',(10.2,22.05,1.87370960269545E-15));
#12416=CARTESIAN_POINT('Origin',(0.,22.05,0.));
#12417=CARTESIAN_POINT('Ctrl Pts',(11.8984378050566,19.5,-4.58144931208446));
#12418=CARTESIAN_POINT('Ctrl Pts',(11.9482877776347,19.6813434233522,-3.94731254702601));
#12419=CARTESIAN_POINT('Ctrl Pts',(12.0025227855009,19.8299132660436,-3.26556692298777));
#12420=CARTESIAN_POINT('Ctrl Pts',(12.0962836860769,20.0656536345054,-1.70030712380618));
#12421=CARTESIAN_POINT('Ctrl Pts',(12.1253409302243,20.1246590697757,-0.811742731319589));
#12422=CARTESIAN_POINT('Ctrl Pts',(12.1253409302243,20.1246590697757,-2.77555756156289E-16));
#12423=CARTESIAN_POINT('Origin',(0.,0.,0.));
#12424=CARTESIAN_POINT('',(10.2,24.1,1.87370960269545E-15));
#12425=CARTESIAN_POINT('',(10.2,0.,1.87370960269545E-15));
#12426=CARTESIAN_POINT('',(0.,34.3,10.2));
#12427=CARTESIAN_POINT('Origin',(-7.63429503588923E-15,34.3,0.));
#12428=CARTESIAN_POINT('',(-10.2,24.1,7.18677533456396E-11));
#12429=CARTESIAN_POINT('Origin',(7.63429503588923E-15,34.3,0.));
#12430=CARTESIAN_POINT('',(0.,34.3,-10.2));
#12431=CARTESIAN_POINT('Origin',(7.63429503588923E-15,34.3,0.));
#12432=CARTESIAN_POINT('Origin',(-7.63429503588923E-15,34.3,0.));
#12433=CARTESIAN_POINT('Origin',(34.3,34.3,0.));
#12434=CARTESIAN_POINT('',(12.25,24.1,7.18677533456396E-11));
#12435=CARTESIAN_POINT('Origin',(12.25,34.3,0.));
#12436=CARTESIAN_POINT('',(34.3,24.1,7.18677533456396E-11));
#12437=CARTESIAN_POINT('',(34.3,24.1,7.18677533456396E-11));
#12438=CARTESIAN_POINT('Origin',(12.25,34.3,0.));
#12439=CARTESIAN_POINT('',(14.8,22.4015621949433,-4.58144931208448));
#12440=CARTESIAN_POINT('',(14.8,22.4015621949433,4.58144931208448));
#12441=CARTESIAN_POINT('Origin',(14.8,34.3,0.));
#12442=CARTESIAN_POINT('',(14.1753409302243,22.1746590697757,-5.10009377047383E-16));
#12443=CARTESIAN_POINT('Ctrl Pts',(14.1753409302243,22.1746590697757,-5.55111512312578E-16));
#12444=CARTESIAN_POINT('Ctrl Pts',(14.1753409302243,22.1746590697757,-0.81174273131959));
#12445=CARTESIAN_POINT('Ctrl Pts',(14.2343463654946,22.2037163139231,-1.70030712380618));
#12446=CARTESIAN_POINT('Ctrl Pts',(14.4700867339564,22.2974772144991,-3.26556692298777));
#12447=CARTESIAN_POINT('Ctrl Pts',(14.6186565766478,22.3517122223653,-3.94731254702602));
#12448=CARTESIAN_POINT('Ctrl Pts',(14.8,22.4015621949434,-4.58144931208448));
#12449=CARTESIAN_POINT('',(12.25,24.1,-6.2456986756515E-16));
#12450=CARTESIAN_POINT('Ctrl Pts',(14.8,22.4015621949434,4.58144931208448));
#12451=CARTESIAN_POINT('Ctrl Pts',(14.6186565766478,22.3517122223653,3.94731254702603));
#12452=CARTESIAN_POINT('Ctrl Pts',(14.4700867339564,22.2974772144991,3.26556692298777));
#12453=CARTESIAN_POINT('Ctrl Pts',(14.2343463654946,22.2037163139231,1.70030712380618));
#12454=CARTESIAN_POINT('Ctrl Pts',(14.1753409302243,22.1746590697757,0.81174273131959));
#12455=CARTESIAN_POINT('Ctrl Pts',(14.1753409302243,22.1746590697757,5.55111512312578E-16));
#12456=CARTESIAN_POINT('Origin',(34.3,34.3,0.));
#12457=CARTESIAN_POINT('',(25.442,21.55,-1.60316560377595E-12));
#12458=CARTESIAN_POINT('Origin',(25.442,34.3,0.));
#12459=CARTESIAN_POINT('',(18.6018512172213,21.55,-8.01409329540375E-13));
#12460=CARTESIAN_POINT('',(34.3,21.55,-1.60316560377595E-12));
#12461=CARTESIAN_POINT('',(15.9,22.55,-4.94974746830584));
#12462=CARTESIAN_POINT('Ctrl Pts',(15.9,22.55,-4.94974746830584));
#12463=CARTESIAN_POINT('Ctrl Pts',(16.0614662479003,22.55,-4.94974746830584));
#12464=CARTESIAN_POINT('Ctrl Pts',(16.2238542196346,22.5403766199357,-4.92707409295831));
#12465=CARTESIAN_POINT('Ctrl Pts',(16.538577037772,22.5036349081231,-4.83844725051202));
#12466=CARTESIAN_POINT('Ctrl Pts',(16.6909200589964,22.4765612000617,-4.77250431966149));
#12467=CARTESIAN_POINT('Ctrl Pts',(17.1185653331342,22.3778391986177,-4.52289835539982));
#12468=CARTESIAN_POINT('Ctrl Pts',(17.3641143511796,22.2886831606211,-4.28472825096342));
#12469=CARTESIAN_POINT('Ctrl Pts',(17.803398187899,22.0977518164052,-3.71276037669008));
#12470=CARTESIAN_POINT('Ctrl Pts',(18.0215365756939,21.9705875385122,-3.27227100718961));
#12471=CARTESIAN_POINT('Ctrl Pts',(18.3133860729428,21.7810123834704,-2.45560389734477));
#12472=CARTESIAN_POINT('Ctrl Pts',(18.4274283765041,21.6928895932121,-1.96834407230499));
#12473=CARTESIAN_POINT('Ctrl Pts',(18.5712951852911,21.5772938144022,-0.972810700247141));
#12474=CARTESIAN_POINT('Ctrl Pts',(18.6018512172212,21.5500000000001,-0.464622207388763));
#12475=CARTESIAN_POINT('Ctrl Pts',(18.6018512172213,21.55,1.38777878078145E-16));
#12476=CARTESIAN_POINT('Ctrl Pts',(14.8,22.4015621949434,-4.58144931208446));
#12477=CARTESIAN_POINT('Ctrl Pts',(14.8538668289339,22.4163697898127,-4.61990597385108));
#12478=CARTESIAN_POINT('Ctrl Pts',(14.9094490344666,22.4304763633167,-4.65598469946214));
#12479=CARTESIAN_POINT('Ctrl Pts',(15.1090799410036,22.4765612000617,-4.77250431966149));
#12480=CARTESIAN_POINT('Ctrl Pts',(15.261422962228,22.5036349081231,-4.83844725051202));
#12481=CARTESIAN_POINT('Ctrl Pts',(15.5761457803654,22.5403766199357,-4.92707409295831));
#12482=CARTESIAN_POINT('Ctrl Pts',(15.7385337520997,22.55,-4.94974746830584));
#12483=CARTESIAN_POINT('Ctrl Pts',(15.9,22.55,-4.94974746830584));
#12484=CARTESIAN_POINT('',(15.9,22.55,4.94974746830584));
#12485=CARTESIAN_POINT('Ctrl Pts',(15.9,22.55,4.94974746830584));
#12486=CARTESIAN_POINT('Ctrl Pts',(15.7385337520997,22.55,4.94974746830584));
#12487=CARTESIAN_POINT('Ctrl Pts',(15.5761457803654,22.5403766199357,4.92707409295831));
#12488=CARTESIAN_POINT('Ctrl Pts',(15.261422962228,22.5036349081231,4.83844725051202));
#12489=CARTESIAN_POINT('Ctrl Pts',(15.1090799410036,22.4765612000617,4.77250431966149));
#12490=CARTESIAN_POINT('Ctrl Pts',(14.9094490344666,22.4304763633167,4.65598469946214));
#12491=CARTESIAN_POINT('Ctrl Pts',(14.8538668289339,22.4163697898127,4.61990597385108));
#12492=CARTESIAN_POINT('Ctrl Pts',(14.8,22.4015621949434,4.58144931208446));
#12493=CARTESIAN_POINT('Ctrl Pts',(18.6018512172213,21.55,3.46944695195361E-16));
#12494=CARTESIAN_POINT('Ctrl Pts',(18.6018512172213,21.5499999999999,0.464622207388765));
#12495=CARTESIAN_POINT('Ctrl Pts',(18.5712951852911,21.5772938144022,0.972810700247141));
#12496=CARTESIAN_POINT('Ctrl Pts',(18.4274283765041,21.6928895932121,1.96834407230499));
#12497=CARTESIAN_POINT('Ctrl Pts',(18.3133860729428,21.7810123834704,2.45560389734478));
#12498=CARTESIAN_POINT('Ctrl Pts',(18.0215365756939,21.9705875385122,3.27227100718961));
#12499=CARTESIAN_POINT('Ctrl Pts',(17.803398187899,22.0977518164052,3.71276037669008));
#12500=CARTESIAN_POINT('Ctrl Pts',(17.3641143511796,22.2886831606211,4.28472825096341));
#12501=CARTESIAN_POINT('Ctrl Pts',(17.1185653331342,22.3778391986177,4.52289835539982));
#12502=CARTESIAN_POINT('Ctrl Pts',(16.6909200589964,22.4765612000617,4.77250431966149));
#12503=CARTESIAN_POINT('Ctrl Pts',(16.538577037772,22.5036349081231,4.83844725051202));
#12504=CARTESIAN_POINT('Ctrl Pts',(16.2238542196346,22.5403766199357,4.92707409295831));
#12505=CARTESIAN_POINT('Ctrl Pts',(16.0614662479003,22.55,4.94974746830584));
#12506=CARTESIAN_POINT('Ctrl Pts',(15.9,22.55,4.94974746830584));
#12507=CARTESIAN_POINT('Origin',(25.442,34.3,0.));
#12508=CARTESIAN_POINT('',(28.3,21.8,7.65404249467096E-16));
#12509=CARTESIAN_POINT('',(25.442,21.55,7.80712334456438E-16));
#12510=CARTESIAN_POINT('',(28.3,46.8,2.94676152863001E-11));
#12511=CARTESIAN_POINT('Origin',(28.3,34.3,0.));
#12512=CARTESIAN_POINT('Origin',(28.3,34.3,0.));
#12513=CARTESIAN_POINT('Origin',(34.3,34.3,0.));
#12514=CARTESIAN_POINT('',(29.635509528937,21.8,7.65404249467096E-16));
#12515=CARTESIAN_POINT('',(29.635509528937,46.8,2.94676152863001E-11));
#12516=CARTESIAN_POINT('Origin',(29.635509528937,34.3,0.));
#12517=CARTESIAN_POINT('Origin',(29.635509528937,34.3,0.));
#12518=CARTESIAN_POINT('',(34.3,46.8,2.94676152863001E-11));
#12519=CARTESIAN_POINT('Origin',(29.635509528937,34.3,0.));
#12520=CARTESIAN_POINT('',(29.9,23.3,6.73555739531043E-16));
#12521=CARTESIAN_POINT('',(29.635509528937,21.8,7.65404249467096E-16));
#12522=CARTESIAN_POINT('Origin',(29.9,34.3,0.));
#12523=CARTESIAN_POINT('Origin',(29.9,45.3,0.));
#12524=CARTESIAN_POINT('',(29.9,43.3,1.65327317884893E-15));
#12525=CARTESIAN_POINT('Origin',(29.9,34.3,0.));
#12526=CARTESIAN_POINT('Origin',(34.3,34.3,0.));
#12527=CARTESIAN_POINT('',(31.,25.3,4.74105436041904E-14));
#12528=CARTESIAN_POINT('',(31.,43.3,1.65327317884893E-15));
#12529=CARTESIAN_POINT('Origin',(31.,34.3,0.));
#12530=CARTESIAN_POINT('Origin',(31.,34.3,0.));
#12531=CARTESIAN_POINT('',(34.3,43.3,1.65327317884893E-15));
#12532=CARTESIAN_POINT('Origin',(31.,34.3,0.));
#12533=CARTESIAN_POINT('',(31.5,24.8,5.00444626933122E-14));
#12534=CARTESIAN_POINT('Origin',(31.5,34.3,0.));
#12535=CARTESIAN_POINT('',(31.,25.3,4.74105436041905E-14));
#12536=CARTESIAN_POINT('Origin',(31.5,43.8,0.));
#12537=CARTESIAN_POINT('',(31.5,46.9,2.3145824503885E-15));
#12538=CARTESIAN_POINT('Origin',(31.5,34.3,0.));
#12539=CARTESIAN_POINT('Origin',(34.3,34.3,0.));
#12540=CARTESIAN_POINT('',(33.573,21.7,7.71527483462833E-16));
#12541=CARTESIAN_POINT('',(33.573,46.9,2.3145824503885E-15));
#12542=CARTESIAN_POINT('Origin',(33.573,34.3,0.));
#12543=CARTESIAN_POINT('Origin',(33.573,34.3,0.));
#12544=CARTESIAN_POINT('',(34.3,46.9,2.3145824503885E-15));
#12545=CARTESIAN_POINT('Origin',(33.573,34.3,0.));
#12546=CARTESIAN_POINT('',(34.3,25.824,5.19005313478648E-16));
#12547=CARTESIAN_POINT('',(33.573,21.7,7.71527483462833E-16));
#12548=CARTESIAN_POINT('Origin',(34.3,34.3,0.));
#12549=CARTESIAN_POINT('Origin',(34.3,42.776,0.));
#12550=CARTESIAN_POINT('',(34.2999999999999,36.9111936024683,-8.03642756269392));
#12551=CARTESIAN_POINT('Origin',(34.2999999999999,34.3,-2.22044604925031E-15));
#12552=CARTESIAN_POINT('Origin',(34.,34.3,0.));
#12553=CARTESIAN_POINT('',(34.,26.15,-4.99043570652546E-16));
#12554=CARTESIAN_POINT('',(34.,36.8184885041558,-7.7511106078055));
#12555=CARTESIAN_POINT('Origin',(34.,34.3,0.));
#12556=CARTESIAN_POINT('Origin',(34.,34.3,0.));
#12557=CARTESIAN_POINT('Origin',(34.,36.9111936024683,-8.03642756269392));
#12558=CARTESIAN_POINT('Origin',(34.3,34.3,0.));
#12559=CARTESIAN_POINT('',(9.9,26.15,-4.99043570652546E-16));
#12560=CARTESIAN_POINT('Origin',(9.9,34.3,0.));
#12561=CARTESIAN_POINT('',(34.3,26.15,-4.99043570652546E-16));
#12562=CARTESIAN_POINT('Origin',(9.9,40.8,0.));
#12563=CARTESIAN_POINT('Origin',(15.9,18.4,12.75));
#12564=CARTESIAN_POINT('',(15.9,22.55,-12.75));
#12565=CARTESIAN_POINT('Origin',(15.9,18.4,-12.75));
#12566=CARTESIAN_POINT('',(15.9,22.55,12.75));
#12567=CARTESIAN_POINT('',(15.9,22.55,12.75));
#12568=CARTESIAN_POINT('',(15.9,22.55,12.75));
#12569=CARTESIAN_POINT('Origin',(15.9,18.4,12.75));
#12570=CARTESIAN_POINT('Origin',(15.9,18.4,12.75));
#12571=CARTESIAN_POINT('',(15.9,15.75,12.75));
#12572=CARTESIAN_POINT('Origin',(15.9,18.4,12.75));
#12573=CARTESIAN_POINT('Origin',(15.9,18.4,-12.75));
#12574=CARTESIAN_POINT('',(15.9,15.75,-12.75));
#12575=CARTESIAN_POINT('Origin',(15.9,18.4,-12.75));
#12576=CARTESIAN_POINT('Origin',(15.9,18.4,12.75));
#12577=CARTESIAN_POINT('',(15.9,15.75,12.75));
#12578=CARTESIAN_POINT('Origin',(-15.9,18.4,-12.75));
#12579=CARTESIAN_POINT('',(-15.9,15.75,-12.75));
#12580=CARTESIAN_POINT('Origin',(-15.9,18.4,-12.75));
#12581=CARTESIAN_POINT('Origin',(-15.9,18.4,12.75));
#12582=CARTESIAN_POINT('',(-15.9,15.75,12.75));
#12583=CARTESIAN_POINT('',(-144.026223803468,5.25,11.85));
#12584=CARTESIAN_POINT('',(-82.7029956222414,6.25,13.1));
#12585=CARTESIAN_POINT('',(-10.9529956222414,7.4,13.95));
#12586=CARTESIAN_POINT('',(60.2970043777586,8.75,14.55));
#12587=CARTESIAN_POINT('',(142.804533079697,10.25,16.4115538960436));
#12588=CARTESIAN_POINT('',(237.488833600408,12.75,17.3615538960435));
#12589=UNCERTAINTY_MEASURE_WITH_UNIT(LENGTH_MEASURE(0.01),#12605,
'DISTANCE_ACCURACY_VALUE',
'Maximum model space distance between geometric entities at asserted c
onnectivities');
#12590=UNCERTAINTY_MEASURE_WITH_UNIT(LENGTH_MEASURE(0.01),#12605,
'DISTANCE_ACCURACY_VALUE',
'Maximum model space distance between geometric entities at asserted c
onnectivities');
#12591=UNCERTAINTY_MEASURE_WITH_UNIT(LENGTH_MEASURE(0.01),#12605,
'DISTANCE_ACCURACY_VALUE',
'Maximum model space distance between geometric entities at asserted c
onnectivities');
#12592=UNCERTAINTY_MEASURE_WITH_UNIT(LENGTH_MEASURE(0.01),#12605,
'DISTANCE_ACCURACY_VALUE',
'Maximum model space distance between geometric entities at asserted c
onnectivities');
#12593=UNCERTAINTY_MEASURE_WITH_UNIT(LENGTH_MEASURE(0.01),#12605,
'DISTANCE_ACCURACY_VALUE',
'Maximum model space distance between geometric entities at asserted c
onnectivities');
#12594=UNCERTAINTY_MEASURE_WITH_UNIT(LENGTH_MEASURE(0.01),#12605,
'DISTANCE_ACCURACY_VALUE',
'Maximum model space distance between geometric entities at asserted c
onnectivities');
#12595=UNCERTAINTY_MEASURE_WITH_UNIT(LENGTH_MEASURE(0.01),#12605,
'DISTANCE_ACCURACY_VALUE',
'Maximum model space distance between geometric entities at asserted c
onnectivities');
#12596=UNCERTAINTY_MEASURE_WITH_UNIT(LENGTH_MEASURE(0.01),#12605,
'DISTANCE_ACCURACY_VALUE',
'Maximum model space distance between geometric entities at asserted c
onnectivities');
#12597=(
GEOMETRIC_REPRESENTATION_CONTEXT(3)
GLOBAL_UNCERTAINTY_ASSIGNED_CONTEXT((#12589))
GLOBAL_UNIT_ASSIGNED_CONTEXT((#12605,#12607,#12608))
REPRESENTATION_CONTEXT('','3D')
);
#12598=(
GEOMETRIC_REPRESENTATION_CONTEXT(3)
GLOBAL_UNCERTAINTY_ASSIGNED_CONTEXT((#12590))
GLOBAL_UNIT_ASSIGNED_CONTEXT((#12605,#12607,#12608))
REPRESENTATION_CONTEXT('','3D')
);
#12599=(
GEOMETRIC_REPRESENTATION_CONTEXT(3)
GLOBAL_UNCERTAINTY_ASSIGNED_CONTEXT((#12591))
GLOBAL_UNIT_ASSIGNED_CONTEXT((#12605,#12607,#12608))
REPRESENTATION_CONTEXT('','3D')
);
#12600=(
GEOMETRIC_REPRESENTATION_CONTEXT(3)
GLOBAL_UNCERTAINTY_ASSIGNED_CONTEXT((#12592))
GLOBAL_UNIT_ASSIGNED_CONTEXT((#12605,#12607,#12608))
REPRESENTATION_CONTEXT('','3D')
);
#12601=(
GEOMETRIC_REPRESENTATION_CONTEXT(3)
GLOBAL_UNCERTAINTY_ASSIGNED_CONTEXT((#12593))
GLOBAL_UNIT_ASSIGNED_CONTEXT((#12605,#12607,#12608))
REPRESENTATION_CONTEXT('','3D')
);
#12602=(
GEOMETRIC_REPRESENTATION_CONTEXT(3)
GLOBAL_UNCERTAINTY_ASSIGNED_CONTEXT((#12594))
GLOBAL_UNIT_ASSIGNED_CONTEXT((#12605,#12607,#12608))
REPRESENTATION_CONTEXT('','3D')
);
#12603=(
GEOMETRIC_REPRESENTATION_CONTEXT(3)
GLOBAL_UNCERTAINTY_ASSIGNED_CONTEXT((#12595))
GLOBAL_UNIT_ASSIGNED_CONTEXT((#12605,#12607,#12608))
REPRESENTATION_CONTEXT('','3D')
);
#12604=(
GEOMETRIC_REPRESENTATION_CONTEXT(3)
GLOBAL_UNCERTAINTY_ASSIGNED_CONTEXT((#12596))
GLOBAL_UNIT_ASSIGNED_CONTEXT((#12605,#12607,#12608))
REPRESENTATION_CONTEXT('','3D')
);
#12605=(
LENGTH_UNIT()
NAMED_UNIT(*)
SI_UNIT(.MILLI.,.METRE.)
);
#12606=(
LENGTH_UNIT()
NAMED_UNIT(*)
SI_UNIT($,.METRE.)
);
#12607=(
NAMED_UNIT(*)
PLANE_ANGLE_UNIT()
SI_UNIT($,.RADIAN.)
);
#12608=(
NAMED_UNIT(*)
SI_UNIT($,.STERADIAN.)
SOLID_ANGLE_UNIT()
);
#12609=SHAPE_DEFINITION_REPRESENTATION(#12616,#12629);
#12610=SHAPE_DEFINITION_REPRESENTATION(#12617,#12630);
#12611=SHAPE_DEFINITION_REPRESENTATION(#12618,#12631);
#12612=SHAPE_DEFINITION_REPRESENTATION(#12619,#12632);
#12613=SHAPE_DEFINITION_REPRESENTATION(#12620,#12633);
#12614=SHAPE_DEFINITION_REPRESENTATION(#12621,#12634);
#12615=SHAPE_DEFINITION_REPRESENTATION(#12622,#12635);
#12616=PRODUCT_DEFINITION_SHAPE('',$,#12637);
#12617=PRODUCT_DEFINITION_SHAPE('',$,#12638);
#12618=PRODUCT_DEFINITION_SHAPE('',$,#12639);
#12619=PRODUCT_DEFINITION_SHAPE('',$,#12640);
#12620=PRODUCT_DEFINITION_SHAPE('',$,#12641);
#12621=PRODUCT_DEFINITION_SHAPE('',$,#12642);
#12622=PRODUCT_DEFINITION_SHAPE('',$,#12643);
#12623=PRODUCT_DEFINITION_SHAPE($,$,#29);
#12624=PRODUCT_DEFINITION_SHAPE($,$,#30);
#12625=PRODUCT_DEFINITION_SHAPE($,$,#31);
#12626=PRODUCT_DEFINITION_SHAPE($,$,#32);
#12627=PRODUCT_DEFINITION_SHAPE($,$,#33);
#12628=PRODUCT_DEFINITION_SHAPE($,$,#34);
#12629=SHAPE_REPRESENTATION('',(#6242,#7077,#7078,#7079,#7080,#7081,#7082),
#12597);
#12630=SHAPE_REPRESENTATION('',(#6243),#12598);
#12631=SHAPE_REPRESENTATION('',(#6383),#12599);
#12632=SHAPE_REPRESENTATION('',(#6520),#12600);
#12633=SHAPE_REPRESENTATION('',(#6663),#12601);
#12634=SHAPE_REPRESENTATION('',(#6800),#12602);
#12635=SHAPE_REPRESENTATION('',(#6937),#12603);
#12636=PRODUCT_DEFINITION_CONTEXT('part definition',#12659,'design');
#12637=PRODUCT_DEFINITION('quick tee','quick tee v1',#12644,#12636);
#12638=PRODUCT_DEFINITION('\X\D84 UNI\X\C3O T (C00600400)',
'\X\D84 UNI\X\C3O T (C00600400)',#12645,#12636);
#12639=PRODUCT_DEFINITION('\X\D86 UNI\X\C3O T (C00600600)',
'\X\D86 UNI\X\C3O T (C00600600)',#12646,#12636);
#12640=PRODUCT_DEFINITION('\X\D88 UNI\X\C3O T (C00600800)',
'\X\D88 UNI\X\C3O T (C00600800)',#12647,#12636);
#12641=PRODUCT_DEFINITION('\X\D810 UNI\X\C3O T (C00601000)',
'\X\D810 UNI\X\C3O T (C00601000)',#12648,#12636);
#12642=PRODUCT_DEFINITION('\X\D812 UNI\X\C3O T (C00601200)',
'\X\D812 UNI\X\C3O T (C00601200)',#12649,#12636);
#12643=PRODUCT_DEFINITION('\X\D816 UNI\X\C3O T (C00601600)',
'\X\D816 UNI\X\C3O T (C00601600)',#12650,#12636);
#12644=PRODUCT_DEFINITION_FORMATION('',$,#12661);
#12645=PRODUCT_DEFINITION_FORMATION('',$,#12662);
#12646=PRODUCT_DEFINITION_FORMATION('',$,#12663);
#12647=PRODUCT_DEFINITION_FORMATION('',$,#12664);
#12648=PRODUCT_DEFINITION_FORMATION('',$,#12665);
#12649=PRODUCT_DEFINITION_FORMATION('',$,#12666);
#12650=PRODUCT_DEFINITION_FORMATION('',$,#12667);
#12651=PRODUCT_RELATED_PRODUCT_CATEGORY('quick tee v1','quick tee v1',(#12661));
#12652=PRODUCT_RELATED_PRODUCT_CATEGORY('\X\D84 UNI\X\C3O T (C00600400
)','\X\D84 UNI\X\C3O T (C00600400)',(#12662));
#12653=PRODUCT_RELATED_PRODUCT_CATEGORY('\X\D86 UNI\X\C3O T (C00600600
)','\X\D86 UNI\X\C3O T (C00600600)',(#12663));
#12654=PRODUCT_RELATED_PRODUCT_CATEGORY('\X\D88 UNI\X\C3O T (C00600800
)','\X\D88 UNI\X\C3O T (C00600800)',(#12664));
#12655=PRODUCT_RELATED_PRODUCT_CATEGORY('\X\D810 UNI\X\C3O T (C0060100
0)','\X\D810 UNI\X\C3O T (C00601000)',(#12665));
#12656=PRODUCT_RELATED_PRODUCT_CATEGORY('\X\D812 UNI\X\C3O T (C0060120
0)','\X\D812 UNI\X\C3O T (C00601200)',(#12666));
#12657=PRODUCT_RELATED_PRODUCT_CATEGORY('\X\D816 UNI\X\C3O T (C0060160
0)','\X\D816 UNI\X\C3O T (C00601600)',(#12667));
#12658=APPLICATION_PROTOCOL_DEFINITION('international standard',
'automotive_design',2009,#12659);
#12659=APPLICATION_CONTEXT(
'Core Data for Automotive Mechanical Design Process');
#12660=PRODUCT_CONTEXT('part definition',#12659,'mechanical');
#12661=PRODUCT('quick tee','quick tee v1',$,(#12660));
#12662=PRODUCT('\X\D84 UNI\X\C3O T (C00600400)',
'\X\D84 UNI\X\C3O T (C00600400)',$,(#12660));
#12663=PRODUCT('\X\D86 UNI\X\C3O T (C00600600)',
'\X\D86 UNI\X\C3O T (C00600600)',$,(#12660));
#12664=PRODUCT('\X\D88 UNI\X\C3O T (C00600800)',
'\X\D88 UNI\X\C3O T (C00600800)',$,(#12660));
#12665=PRODUCT('\X\D810 UNI\X\C3O T (C00601000)',
'\X\D810 UNI\X\C3O T (C00601000)',$,(#12660));
#12666=PRODUCT('\X\D812 UNI\X\C3O T (C00601200)',
'\X\D812 UNI\X\C3O T (C00601200)',$,(#12660));
#12667=PRODUCT('\X\D816 UNI\X\C3O T (C00601600)',
'\X\D816 UNI\X\C3O T (C00601600)',$,(#12660));
#12668=PRESENTATION_STYLE_ASSIGNMENT((#12674));
#12669=PRESENTATION_STYLE_ASSIGNMENT((#12675));
#12670=PRESENTATION_STYLE_ASSIGNMENT((#12676));
#12671=PRESENTATION_STYLE_ASSIGNMENT((#12677));
#12672=PRESENTATION_STYLE_ASSIGNMENT((#12678));
#12673=PRESENTATION_STYLE_ASSIGNMENT((#12679));
#12674=SURFACE_STYLE_USAGE(.BOTH.,#12680);
#12675=SURFACE_STYLE_USAGE(.BOTH.,#12681);
#12676=SURFACE_STYLE_USAGE(.BOTH.,#12682);
#12677=SURFACE_STYLE_USAGE(.BOTH.,#12683);
#12678=SURFACE_STYLE_USAGE(.BOTH.,#12684);
#12679=SURFACE_STYLE_USAGE(.BOTH.,#12685);
#12680=SURFACE_SIDE_STYLE('',(#12686));
#12681=SURFACE_SIDE_STYLE('',(#12687));
#12682=SURFACE_SIDE_STYLE('',(#12688));
#12683=SURFACE_SIDE_STYLE('',(#12689));
#12684=SURFACE_SIDE_STYLE('',(#12690));
#12685=SURFACE_SIDE_STYLE('',(#12691));
#12686=SURFACE_STYLE_FILL_AREA(#12692);
#12687=SURFACE_STYLE_FILL_AREA(#12693);
#12688=SURFACE_STYLE_FILL_AREA(#12694);
#12689=SURFACE_STYLE_FILL_AREA(#12695);
#12690=SURFACE_STYLE_FILL_AREA(#12696);
#12691=SURFACE_STYLE_FILL_AREA(#12697);
#12692=FILL_AREA_STYLE('Steel - Satin',(#12698));
#12693=FILL_AREA_STYLE('Opaque(198,198,209)',(#12699));
#12694=FILL_AREA_STYLE('Opaque(28,28,28)',(#12700));
#12695=FILL_AREA_STYLE('Opaque(35,75,191)',(#12701));
#12696=FILL_AREA_STYLE('Opaque(217,217,217)',(#12702));
#12697=FILL_AREA_STYLE('Opaque(202,209,238)',(#12703));
#12698=FILL_AREA_STYLE_COLOUR('Steel - Satin',#12704);
#12699=FILL_AREA_STYLE_COLOUR('Opaque(198,198,209)',#12705);
#12700=FILL_AREA_STYLE_COLOUR('Opaque(28,28,28)',#12706);
#12701=FILL_AREA_STYLE_COLOUR('Opaque(35,75,191)',#12707);
#12702=FILL_AREA_STYLE_COLOUR('Opaque(217,217,217)',#12708);
#12703=FILL_AREA_STYLE_COLOUR('Opaque(202,209,238)',#12709);
#12704=COLOUR_RGB('Steel - Satin',0.627450980392157,0.627450980392157,0.627450980392157);
#12705=COLOUR_RGB('Opaque(198,198,209)',0.776470588235294,0.776470588235294,
0.819607843137255);
#12706=COLOUR_RGB('Opaque(28,28,28)',0.109803921568627,0.109803921568627,
0.109803921568627);
#12707=COLOUR_RGB('Opaque(35,75,191)',0.137254901960784,0.294117647058824,
0.749019607843137);
#12708=COLOUR_RGB('Opaque(217,217,217)',0.850980392156863,0.850980392156863,
0.850980392156863);
#12709=COLOUR_RGB('Opaque(202,209,238)',0.792156862745098,0.819607843137255,
0.933333333333333);
ENDSEC;
END-ISO-10303-21;
